NET_GetBindAddresses found 192.168.31.140: 'Realtek PCIe GbE Family Controller'
NET_GetBindAddresses found 26.133.72.161: 'Famatech Radmin VPN Ethernet Adapter'
NET_GetBindAddresses found 172.24.90.163: 'ZeroTier Virtual Port #2'
NET_GetBindAddresses found 10.147.17.76: 'ZeroTier Virtual Port #3'
NET_GetBindAddresses found 172.16.0.2: 'WireGuard Tunnel'
Opened Steam Socket NS_SERVER ( virtual port 27015 ) : listen socket handle( 33 )
Opened Steam Socket NS_CLIENT ( virtual port 27005 ) : listen socket handle( 65570 )
Network: IP 10.147.17.76, mode MP, dedicated No, ports 27015 SV / 27005 CL
Parent cvar in client.dll not allowed (rr_debugresponseconcept)
Parent cvar in client.dll not allowed (rr_dumpresponses)
Parent cvar in client.dll not allowed (rr_debugrule)
Parent cvar in client.dll not allowed (rr_debugresponses)
WARNING: unable to link rr_debugresponseconcept_exclude and rr_debugresponseconcept_exclude because one or more is a ConCommand.
Parent cvar in client.dll not allowed (movement_anim_playback_minrate)
WARNING: unable to link creditsdone and creditsdone because one or more is a ConCommand.
WARNING: unable to link rr_reloadresponsesystems and rr_reloadresponsesystems because one or more is a ConCommand.
Particles: Missing 'particles/glados.pcf'
Particles: Missing 'particles/neurotoxins.pcf'
Particles: Missing 'particles/finale_fx.pcf'
CResponseSystem:  scripts\talker\response_rules.txt (2 rules, 2 criteria, and 2 responses)
maxplayers set to 1
Missing cfg\cpu_level_2_pc.ekv
Missing cfg\gpu_level_3_pc.ekv
Missing cfg\mem_level_2_pc.ekv
Missing cfg\gpu_mem_level_2_pc.ekv
Running -nogameui mode, using client module instead of gameui
Steam config directory: C:\SourceCode\Portalretract-sandbox\game\platform\config
Particles: Missing 'particles/glados.pcf'
Particles: Missing 'particles/neurotoxins.pcf'
Particles: Missing 'particles/finale_fx.pcf'
No split screen config file 'splitscreen_config.txt', using defaults
Missing cfg\cpu_level_2_pc.ekv
Missing cfg\gpu_level_3_pc.ekv
Missing cfg\mem_level_2_pc.ekv
Missing cfg\gpu_mem_level_2_pc.ekv
CGameEventManager::AddListener: event 'replay_status' unknown.
CGameEventManager::AddListener: event 'spec_target_updated' unknown.
KV Conditional: Unknown symbol OSX
KV Conditional: Unknown symbol OSX
Hud element 'CHUDPaintAmmo' doesn't have an entry 'PaintAmmo' in scripts/HudLayout.res
CResponseSystem:  scripts\talker\response_rules.txt (2 rules, 2 criteria, and 2 responses)
cc_lang = 
Sound Initialization: Start
DS:stereo speaker configuration detected
Set primary sound buffer format: yes
Using secondary sound buffer
   2 channel(s)
   16 bits/sample
   44100 samples/sec
DirectSound initialized
Stopping All Sounds...
Trying cache :  'c:/sourcecode/portalretract-sandbox/game/valve/maps/soundcache/_master.cache'
Successfully loaded audio cache file
Sound Initialization: Finish, Sampling Rate: 44100
cc_lang = 
Legacy Surround disabled.
Stopping All Sounds...
Sound Initialization: Start
DS:stereo speaker configuration detected
Set primary sound buffer format: yes
Using secondary sound buffer
   2 channel(s)
   16 bits/sample
   44100 samples/sec
DirectSound initialized
Stopping All Sounds...
Trying cache :  'c:/sourcecode/portalretract-sandbox/game/valve/maps/soundcache/_master.cache'
Successfully loaded audio cache file
Sound Initialization: Finish, Sampling Rate: 44100
Datacenter::RequestStart, time 4.41
Datacenter::RequestStop, time 4.43, state 1
Datacenter::RequestUpdate failed
Host_WriteConfiguration: Wrote cfg/config.cfg
Stopping All Sounds...
Datacenter::EnableUpdate( 0 ), current state = 0
Datacenter::RequestStop, time 6.45, state 0
Unable to remove c:\sourcecode\portalretract-sandbox\game\valve\textwindow_temp.html!
Stopping All Sounds...
CreateEvent: event 'server_pre_shutdown' not registered.
CreateEvent: event 'server_shutdown' not registered.
Shutdown function ShutdownMixerControls() not in list!!!
NET_GetBindAddresses found 192.168.31.140: 'Realtek PCIe GbE Family Controller'
NET_GetBindAddresses found 26.133.72.161: 'Famatech Radmin VPN Ethernet Adapter'
NET_GetBindAddresses found 172.24.90.163: 'ZeroTier Virtual Port #2'
NET_GetBindAddresses found 10.147.17.76: 'ZeroTier Virtual Port #3'
NET_GetBindAddresses found 172.16.0.2: 'WireGuard Tunnel'
Opened Steam Socket NS_SERVER ( virtual port 27015 ) : listen socket handle( 37 )
Opened Steam Socket NS_CLIENT ( virtual port 27005 ) : listen socket handle( 65574 )
Network: IP 10.147.17.76, mode MP, dedicated No, ports 27015 SV / 27005 CL
Parent cvar in client.dll not allowed (rr_debugresponseconcept)
Parent cvar in client.dll not allowed (rr_dumpresponses)
Parent cvar in client.dll not allowed (rr_debugrule)
Parent cvar in client.dll not allowed (rr_debugresponses)
WARNING: unable to link rr_debugresponseconcept_exclude and rr_debugresponseconcept_exclude because one or more is a ConCommand.
Parent cvar in client.dll not allowed (movement_anim_playback_minrate)
WARNING: unable to link creditsdone and creditsdone because one or more is a ConCommand.
WARNING: unable to link rr_reloadresponsesystems and rr_reloadresponsesystems because one or more is a ConCommand.
Particles: Missing 'particles/glados.pcf'
Particles: Missing 'particles/neurotoxins.pcf'
Particles: Missing 'particles/finale_fx.pcf'
CResponseSystem:  scripts\talker\response_rules.txt (2 rules, 2 criteria, and 2 responses)
maxplayers set to 1
Missing cfg\cpu_level_2_pc.ekv
Missing cfg\gpu_level_3_pc.ekv
Missing cfg\mem_level_2_pc.ekv
Missing cfg\gpu_mem_level_2_pc.ekv
Running -nogameui mode, using client module instead of gameui
Steam config directory: C:\SourceCode\Portalretract-sandbox\game\platform\config
Particles: Missing 'particles/glados.pcf'
Particles: Missing 'particles/neurotoxins.pcf'
Particles: Missing 'particles/finale_fx.pcf'
No split screen config file 'splitscreen_config.txt', using defaults
Missing cfg\cpu_level_2_pc.ekv
Missing cfg\gpu_level_3_pc.ekv
Missing cfg\mem_level_2_pc.ekv
Missing cfg\gpu_mem_level_2_pc.ekv
CGameEventManager::AddListener: event 'replay_status' unknown.
CGameEventManager::AddListener: event 'spec_target_updated' unknown.
KV Conditional: Unknown symbol OSX
KV Conditional: Unknown symbol OSX
Hud element 'CHUDPaintAmmo' doesn't have an entry 'PaintAmmo' in scripts/HudLayout.res
CResponseSystem:  scripts\talker\response_rules.txt (2 rules, 2 criteria, and 2 responses)
cc_lang = 
Sound Initialization: Start
DS:stereo speaker configuration detected
Set primary sound buffer format: yes
Using secondary sound buffer
   2 channel(s)
   16 bits/sample
   44100 samples/sec
DirectSound initialized
Stopping All Sounds...
Trying cache :  'c:/sourcecode/portalretract-sandbox/game/valve/maps/soundcache/_master.cache'
Successfully loaded audio cache file
Sound Initialization: Finish, Sampling Rate: 44100
cc_lang = 
Legacy Surround disabled.
Stopping All Sounds...
Sound Initialization: Start
DS:stereo speaker configuration detected
Set primary sound buffer format: yes
Using secondary sound buffer
   2 channel(s)
   16 bits/sample
   44100 samples/sec
DirectSound initialized
Stopping All Sounds...
Trying cache :  'c:/sourcecode/portalretract-sandbox/game/valve/maps/soundcache/_master.cache'
Successfully loaded audio cache file
Sound Initialization: Finish, Sampling Rate: 44100
Datacenter::RequestStart, time 4.92
Datacenter::RequestStop, time 4.93, state 1
Datacenter::RequestUpdate failed
Stopping All Sounds...
Stopping All Sounds...
---- Host_NewGame ----
Network: IP 10.147.17.76, mode SP, dedicated No, ports 0 SV / 0 CL
Network: IP 10.147.17.76, mode MP, dedicated No, ports 27015 SV / 27005 CL
Failed to load $include VMT file (materials/NATURE/ICE_00.vmt)
Error: Material "maps/gm_construct2_d/nature/ice_00_-2928_96_-55" uses unknown shader "patch"
Failed to load $include VMT file (materials/NATURE/ICE_00.vmt)
Error: Material "maps/gm_construct2_d/nature/ice_00_872_544_-103" uses unknown shader "patch"
Failed to load $include VMT file (materials/NATURE/ICE_00.vmt)
Error: Material "maps/gm_construct2_d/nature/ice_00_-724_978_-103" uses unknown shader "patch"
Failed to load $include VMT file (materials/NATURE/ICE_00.vmt)
Error: Material "maps/gm_construct2_d/nature/ice_00_-624_2008_-103" uses unknown shader "patch"
#######################################
Map gm_construct2_d missing stringtable dictionary, don't ship this way!!!
#######################################
Host_NewGame on map gm_construct2_d
Set Gravity 600.0 (0.250 tolerance)
PrecacheScriptSound 'default.null' failed, no such sound script entry
weapons/v_portalgun.mdl : material "models/weapons/v_models/v_portalgun/v_hands" not found.
CreateEvent: event 'picked_up_paint' not registered.
PrecacheScriptSound 'Paintgun.FireLoop' failed, no such sound script entry
PrecacheScriptSound 'NPC_CScanner.DiveBombFlyby' failed, no such sound script entry
material "sprites/physbeam1" not found.
Unable to load sprite material materials/sprites/physbeam1.vmt!
material "sprites/physglow" not found.
Unable to load sprite material materials/sprites/physglow.vmt!
Error reading weapon data file for: weapon_hopwire
Warning:  Can't add NULL string to table EffectDispatch
Warning:  Can't add NULL string to table EffectDispatch
Warning:  Can't add NULL string to table EffectDispatch
Warning:  Can't add NULL string to table EffectDispatch
Warning:  Can't add NULL string to table EffectDispatch
Warning:  Can't add NULL string to table EffectDispatch
Warning:  Can't add NULL string to table EffectDispatch
Warning:  Can't add NULL string to table EffectDispatch
Warning:  Can't add NULL string to table EffectDispatch
Warning:  Can't add NULL string to table EffectDispatch
Warning:  Can't add NULL string to table EffectDispatch
Warning:  Can't add NULL string to table EffectDispatch
Warning:  Can't add NULL string to table EffectDispatch
Script not found (scripts/vscripts/mapspawn.nut) 
Failed to CRC cfg/cpu_level_0_pc.ekv
Failed to CRC cfg/cpu_level_0_pc_ss.ekv
Failed to CRC cfg/cpu_level_1_pc.ekv
Failed to CRC cfg/cpu_level_1_pc_ss.ekv
Failed to CRC cfg/cpu_level_2_pc.ekv
Failed to CRC cfg/cpu_level_2_pc_ss.ekv
Failed to CRC cfg/gpu_level_0_pc.ekv
Failed to CRC cfg/gpu_level_1_pc.ekv
Failed to CRC cfg/gpu_level_2_pc.ekv
Failed to CRC cfg/gpu_level_3_pc.ekv
Failed to CRC cfg/mem_level_0_pc.ekv
Failed to CRC cfg/mem_level_1_pc.ekv
Failed to CRC cfg/mem_level_2_pc.ekv
Failed to CRC cfg/gpu_mem_level_0_pc.ekv
Failed to CRC cfg/gpu_mem_level_1_pc.ekv
Failed to CRC cfg/gpu_mem_level_2_pc.ekv
Failed to CRC scripts/asw_weapon_ammo_bag.txt
Failed to CRC scripts/asw_weapon_ammo_satchel.txt
Failed to CRC scripts/asw_weapon_autogun.txt
Failed to CRC scripts/asw_weapon_blink.txt
Failed to CRC scripts/asw_weapon_buff_grenade.txt
Failed to CRC scripts/asw_weapon_chainsaw.txt
Failed to CRC scripts/asw_weapon_electrified_armor.txt
Failed to CRC scripts/asw_weapon_fire_extinguisher.txt
Failed to CRC scripts/asw_weapon_fist.txt
Failed to CRC scripts/asw_weapon_flamer.txt
Failed to CRC scripts/asw_weapon_flares.txt
Failed to CRC scripts/asw_weapon_flashlight.txt
Failed to CRC scripts/asw_weapon_freeze_grenades.txt
Failed to CRC scripts/asw_weapon_grenades.txt
Failed to CRC scripts/asw_weapon_grenade_launcher.txt
Failed to CRC scripts/asw_weapon_heal_grenade.txt
Failed to CRC scripts/asw_weapon_heal_gun.txt
Failed to CRC scripts/asw_weapon_hornet_barrage.txt
Failed to CRC scripts/asw_weapon_jump_jet.txt
Failed to CRC scripts/asw_weapon_laser_mines.txt
Failed to CRC scripts/asw_weapon_medical_satchel.txt
Failed to CRC scripts/asw_weapon_medkit.txt
Failed to CRC scripts/asw_weapon_mines.txt
Failed to CRC scripts/asw_weapon_minigun.txt
Failed to CRC scripts/asw_weapon_mining_laser.txt
Failed to CRC scripts/asw_weapon_night_vision.txt
Failed to CRC scripts/asw_weapon_normal_armor.txt
Failed to CRC scripts/asw_weapon_pdw.txt
Failed to CRC scripts/asw_weapon_pistol.txt
Failed to CRC scripts/asw_weapon_prifle.txt
Failed to CRC scripts/asw_weapon_railgun.txt
Failed to CRC scripts/asw_weapon_rifle.txt
Failed to CRC scripts/asw_weapon_sentry.txt
Failed to CRC scripts/asw_weapon_sentry_cannon.txt
Failed to CRC scripts/asw_weapon_sentry_flamer.txt
Failed to CRC scripts/asw_weapon_sentry_freeze.txt
Failed to CRC scripts/asw_weapon_shotgun.txt
Failed to CRC scripts/asw_weapon_smart_bomb.txt
Failed to CRC scripts/asw_weapon_sniper_rifle.txt
Failed to CRC scripts/asw_weapon_stim.txt
Failed to CRC scripts/asw_weapon_tesla_gun.txt
Failed to CRC scripts/asw_weapon_tesla_trap.txt
Failed to CRC scripts/asw_weapon_vindicator.txt
Failed to CRC scripts/asw_weapon_welder.txt
Attempted to create unknown entity type prop_testchamber_door!
Can't init prop_testchamber_door
Attempted to create unknown entity type prop_button!
Can't init prop_button
Can't find soundscape: Nothing
Invalid file size for motd.txt
Invalid file size for host.txt
Created class baseline: 7 classes, 942 bytes.
Heartbeat is disabled (usually developer or cheats is on).
m_eServerMode pre = 0
m_eServerMode post = 2
Stopping All Sounds...
0.455:  Sending UDP connect to public IP 127.0.0.1:27015
Server using '<none>' lobbies, requiring pw no, lobby id 0
RememberIPAddressForLobby: lobby 0 from address loopback

Portal
Map: gm_construct2_d
Players: 1 (0 bots) / 1 humans
Build: 6653
Server Number: 1

material "particle/particle_glow_05_add_15ob" not found.
material "overlays/coop_ping_decal" not found.
material "effects/huntertracer" not found.
Attempted to precache unknown particle system "rain_storm"!
Attempted to precache unknown particle system "rain_storm"!
Attempted to precache unknown particle system "rain_storm_screen"!
Attempted to precache unknown particle system "rain_storm_screen"!
Attempted to precache unknown particle system "rain_storm_outer"!
Attempted to precache unknown particle system "rain_storm_outer"!
Attempted to precache unknown particle system "rain"!
Attempted to precache unknown particle system "rain"!
Attempted to precache unknown particle system "rain_outer"!
Attempted to precache unknown particle system "rain_outer"!
Attempted to precache unknown particle system "ash"!
Attempted to precache unknown particle system "ash"!
Attempted to precache unknown particle system "ash_outer"!
Attempted to precache unknown particle system "ash_outer"!
Attempted to precache unknown particle system "snow"!
Attempted to precache unknown particle system "snow"!
Attempted to precache unknown particle system "snow_outer"!
Attempted to precache unknown particle system "snow_outer"!
Attempted to precache unknown particle system "rtube_muzzle"!
Attempted to precache unknown particle system "rtube_muzzle"!
Attempted to precache unknown particle system "paint_hose"!
Attempted to precache unknown particle system "paint_hose"!
Script not found (scripts/vscripts/mapspawn.nut) 
Sending full update to Client gustavo (gustavo can't find frame from tick -1)
Receiving uncompressed update from server
Set Gravity 600.0 (0.250 tolerance)
Queued Material System: ENABLED!
Node Graph out of Date. Rebuilding...
CreateEvent: event 'portal_player_touchedground' not registered.
DEBUG HISTORY IS ENABLED. Disable before release (in env_debughistory.h).
Attempting to create unknown particle system 'snow_outer' 
Attempting to create unknown particle system 'snow' 
Attempting to create unknown particle system 'snow' 
NET_GetBindAddresses found 192.168.31.140: 'Realtek PCIe GbE Family Controller'
NET_GetBindAddresses found 26.133.72.161: 'Famatech Radmin VPN Ethernet Adapter'
NET_GetBindAddresses found 172.24.90.163: 'ZeroTier Virtual Port #2'
NET_GetBindAddresses found 10.147.17.76: 'ZeroTier Virtual Port #3'
NET_GetBindAddresses found 172.16.0.2: 'WireGuard Tunnel'
Opened Steam Socket NS_SERVER ( virtual port 27015 ) : listen socket handle( 65575 )
Opened Steam Socket NS_CLIENT ( virtual port 27005 ) : listen socket handle( 40 )
Network: IP 10.147.17.76, mode MP, dedicated No, ports 27015 SV / 27005 CL
Parent cvar in client.dll not allowed (rr_debugresponseconcept)
Parent cvar in client.dll not allowed (rr_dumpresponses)
Parent cvar in client.dll not allowed (rr_debugrule)
Parent cvar in client.dll not allowed (rr_debugresponses)
WARNING: unable to link rr_debugresponseconcept_exclude and rr_debugresponseconcept_exclude because one or more is a ConCommand.
Parent cvar in client.dll not allowed (movement_anim_playback_minrate)
WARNING: unable to link creditsdone and creditsdone because one or more is a ConCommand.
WARNING: unable to link rr_reloadresponsesystems and rr_reloadresponsesystems because one or more is a ConCommand.
Particles: Missing 'particles/glados.pcf'
Particles: Missing 'particles/neurotoxins.pcf'
Particles: Missing 'particles/finale_fx.pcf'
CResponseSystem:  scripts\talker\response_rules.txt (2 rules, 2 criteria, and 2 responses)
maxplayers set to 1
Missing cfg\cpu_level_2_pc.ekv
Missing cfg\gpu_level_3_pc.ekv
Missing cfg\mem_level_2_pc.ekv
Missing cfg\gpu_mem_level_2_pc.ekv
Running -nogameui mode, using client module instead of gameui
Steam config directory: C:\SourceCode\Portalretract-sandbox\game\platform\config
Particles: Missing 'particles/glados.pcf'
Particles: Missing 'particles/neurotoxins.pcf'
Particles: Missing 'particles/finale_fx.pcf'
No split screen config file 'splitscreen_config.txt', using defaults
Missing cfg\cpu_level_2_pc.ekv
Missing cfg\gpu_level_3_pc.ekv
Missing cfg\mem_level_2_pc.ekv
Missing cfg\gpu_mem_level_2_pc.ekv
CGameEventManager::AddListener: event 'replay_status' unknown.
CGameEventManager::AddListener: event 'spec_target_updated' unknown.
KV Conditional: Unknown symbol OSX
KV Conditional: Unknown symbol OSX
Hud element 'CHUDPaintAmmo' doesn't have an entry 'PaintAmmo' in scripts/HudLayout.res
CResponseSystem:  scripts\talker\response_rules.txt (2 rules, 2 criteria, and 2 responses)
cc_lang = 
Sound Initialization: Start
DS:stereo speaker configuration detected
Set primary sound buffer format: yes
Using secondary sound buffer
   2 channel(s)
   16 bits/sample
   44100 samples/sec
DirectSound initialized
Stopping All Sounds...
Trying cache :  'c:/sourcecode/portalretract-sandbox/game/valve/maps/soundcache/_master.cache'
Successfully loaded audio cache file
Sound Initialization: Finish, Sampling Rate: 44100
cc_lang = 
Legacy Surround disabled.
Stopping All Sounds...
Sound Initialization: Start
DS:stereo speaker configuration detected
Set primary sound buffer format: yes
Using secondary sound buffer
   2 channel(s)
   16 bits/sample
   44100 samples/sec
DirectSound initialized
Stopping All Sounds...
Trying cache :  'c:/sourcecode/portalretract-sandbox/game/valve/maps/soundcache/_master.cache'
Successfully loaded audio cache file
Sound Initialization: Finish, Sampling Rate: 44100
Datacenter::RequestStart, time 1.63
Datacenter::RequestStop, time 1.63, state 1
Datacenter::RequestUpdate failed
Stopping All Sounds...
Stopping All Sounds...
---- Host_NewGame ----
Network: IP 10.147.17.76, mode SP, dedicated No, ports 0 SV / 0 CL
Network: IP 10.147.17.76, mode MP, dedicated No, ports 27015 SV / 27005 CL
#######################################
Map pr2_03 missing stringtable dictionary, don't ship this way!!!
#######################################
Host_NewGame on map pr2_03
Set Gravity 600.0 (0.250 tolerance)
PrecacheScriptSound 'default.null' failed, no such sound script entry
weapons/v_portalgun.mdl : material "models/weapons/v_models/v_portalgun/v_hands" not found.
CreateEvent: event 'picked_up_paint' not registered.
PrecacheScriptSound 'Paintgun.FireLoop' failed, no such sound script entry
PrecacheScriptSound 'NPC_CScanner.DiveBombFlyby' failed, no such sound script entry
material "sprites/physbeam1" not found.
Unable to load sprite material materials/sprites/physbeam1.vmt!
material "sprites/physglow" not found.
Unable to load sprite material materials/sprites/physglow.vmt!
Error reading weapon data file for: weapon_hopwire
Warning:  Can't add NULL string to table EffectDispatch
Warning:  Can't add NULL string to table EffectDispatch
Warning:  Can't add NULL string to table EffectDispatch
Warning:  Can't add NULL string to table EffectDispatch
Warning:  Can't add NULL string to table EffectDispatch
Warning:  Can't add NULL string to table EffectDispatch
Warning:  Can't add NULL string to table EffectDispatch
Warning:  Can't add NULL string to table EffectDispatch
Warning:  Can't add NULL string to table EffectDispatch
Warning:  Can't add NULL string to table EffectDispatch
Warning:  Can't add NULL string to table EffectDispatch
Warning:  Can't add NULL string to table EffectDispatch
Warning:  Can't add NULL string to table EffectDispatch
Script not found (scripts/vscripts/mapspawn.nut) 
Failed to CRC cfg/cpu_level_0_pc.ekv
Failed to CRC cfg/cpu_level_0_pc_ss.ekv
Failed to CRC cfg/cpu_level_1_pc.ekv
Failed to CRC cfg/cpu_level_1_pc_ss.ekv
Failed to CRC cfg/cpu_level_2_pc.ekv
Failed to CRC cfg/cpu_level_2_pc_ss.ekv
Failed to CRC cfg/gpu_level_0_pc.ekv
Failed to CRC cfg/gpu_level_1_pc.ekv
Failed to CRC cfg/gpu_level_2_pc.ekv
Failed to CRC cfg/gpu_level_3_pc.ekv
Failed to CRC cfg/mem_level_0_pc.ekv
Failed to CRC cfg/mem_level_1_pc.ekv
Failed to CRC cfg/mem_level_2_pc.ekv
Failed to CRC cfg/gpu_mem_level_0_pc.ekv
Failed to CRC cfg/gpu_mem_level_1_pc.ekv
Failed to CRC cfg/gpu_mem_level_2_pc.ekv
Failed to CRC scripts/asw_weapon_ammo_bag.txt
Failed to CRC scripts/asw_weapon_ammo_satchel.txt
Failed to CRC scripts/asw_weapon_autogun.txt
Failed to CRC scripts/asw_weapon_blink.txt
Failed to CRC scripts/asw_weapon_buff_grenade.txt
Failed to CRC scripts/asw_weapon_chainsaw.txt
Failed to CRC scripts/asw_weapon_electrified_armor.txt
Failed to CRC scripts/asw_weapon_fire_extinguisher.txt
Failed to CRC scripts/asw_weapon_fist.txt
Failed to CRC scripts/asw_weapon_flamer.txt
Failed to CRC scripts/asw_weapon_flares.txt
Failed to CRC scripts/asw_weapon_flashlight.txt
Failed to CRC scripts/asw_weapon_freeze_grenades.txt
Failed to CRC scripts/asw_weapon_grenades.txt
Failed to CRC scripts/asw_weapon_grenade_launcher.txt
Failed to CRC scripts/asw_weapon_heal_grenade.txt
Failed to CRC scripts/asw_weapon_heal_gun.txt
Failed to CRC scripts/asw_weapon_hornet_barrage.txt
Failed to CRC scripts/asw_weapon_jump_jet.txt
Failed to CRC scripts/asw_weapon_laser_mines.txt
Failed to CRC scripts/asw_weapon_medical_satchel.txt
Failed to CRC scripts/asw_weapon_medkit.txt
Failed to CRC scripts/asw_weapon_mines.txt
Failed to CRC scripts/asw_weapon_minigun.txt
Failed to CRC scripts/asw_weapon_mining_laser.txt
Failed to CRC scripts/asw_weapon_night_vision.txt
Failed to CRC scripts/asw_weapon_normal_armor.txt
Failed to CRC scripts/asw_weapon_pdw.txt
Failed to CRC scripts/asw_weapon_pistol.txt
Failed to CRC scripts/asw_weapon_prifle.txt
Failed to CRC scripts/asw_weapon_railgun.txt
Failed to CRC scripts/asw_weapon_rifle.txt
Failed to CRC scripts/asw_weapon_sentry.txt
Failed to CRC scripts/asw_weapon_sentry_cannon.txt
Failed to CRC scripts/asw_weapon_sentry_flamer.txt
Failed to CRC scripts/asw_weapon_sentry_freeze.txt
Failed to CRC scripts/asw_weapon_shotgun.txt
Failed to CRC scripts/asw_weapon_smart_bomb.txt
Failed to CRC scripts/asw_weapon_sniper_rifle.txt
Failed to CRC scripts/asw_weapon_stim.txt
Failed to CRC scripts/asw_weapon_tesla_gun.txt
Failed to CRC scripts/asw_weapon_tesla_trap.txt
Failed to CRC scripts/asw_weapon_vindicator.txt
Failed to CRC scripts/asw_weapon_welder.txt
PrecacheScriptSound 'PaintBlob.Inception' failed, no such sound script entry
prop_paint_bomb at (2048.000, -1088.000, 736.000) has no model name!
PrecacheScriptSound 'Paintblob.Inception' failed, no such sound script entry
PrecacheScriptSound 'Paint.MediumFlow' failed, no such sound script entry
PrecacheScriptSound 'Paint.HeavyFlow' failed, no such sound script entry
prop_paint_bomb at (2048.000, -1088.000, 736.000) has no model name!
Invalid file size for motd.txt
Invalid file size for host.txt
Created class baseline: 27 classes, 3866 bytes.
Heartbeat is disabled (usually developer or cheats is on).
m_eServerMode pre = 0
m_eServerMode post = 2
Stopping All Sounds...
1.000:  Sending UDP connect to public IP 127.0.0.1:27015
Server using '<none>' lobbies, requiring pw no, lobby id 0
RememberIPAddressForLobby: lobby 0 from address loopback

Portal
Map: pr2_03
Players: 1 (0 bots) / 1 humans
Build: 6653
Server Number: 1

material "particle/particle_glow_05_add_15ob" not found.
material "overlays/coop_ping_decal" not found.
"materials/models/blob/blob_fresnel_warp.vtf": can't be found on disk
material "effects/huntertracer" not found.
Attempted to precache unknown particle system "rain_storm"!
Attempted to precache unknown particle system "rain_storm"!
Attempted to precache unknown particle system "rain_storm_screen"!
Attempted to precache unknown particle system "rain_storm_screen"!
Attempted to precache unknown particle system "rain_storm_outer"!
Attempted to precache unknown particle system "rain_storm_outer"!
Attempted to precache unknown particle system "rain"!
Attempted to precache unknown particle system "rain"!
Attempted to precache unknown particle system "rain_outer"!
Attempted to precache unknown particle system "rain_outer"!
Attempted to precache unknown particle system "ash"!
Attempted to precache unknown particle system "ash"!
Attempted to precache unknown particle system "ash_outer"!
Attempted to precache unknown particle system "ash_outer"!
Attempted to precache unknown particle system "snow"!
Attempted to precache unknown particle system "snow"!
Attempted to precache unknown particle system "snow_outer"!
Attempted to precache unknown particle system "snow_outer"!
Attempted to precache unknown particle system "rtube_muzzle"!
Attempted to precache unknown particle system "rtube_muzzle"!
Attempted to precache unknown particle system "paint_hose"!
Attempted to precache unknown particle system "paint_hose"!
Script not found (scripts/vscripts/mapspawn.nut) 
Sending full update to Client gustavo (gustavo can't find frame from tick -1)
Receiving uncompressed update from server
Set Gravity 600.0 (0.250 tolerance)
Queued Material System: ENABLED!
Node Graph out of Date. Rebuilding...
DEBUG HISTORY IS ENABLED. Disable before release (in env_debughistory.h).
CreateEvent: event 'portal_player_touchedground' not registered.
Soundscape: portal_testchmb.explore_space
Redownloading all lightmaps
R_RedownloadAllLightmaps took 17.796 msec!
Allocated 1 todo lists
Allocated 2 todo lists
Allocated 3 todo lists
Allocated 1 slice corner arrays
Allocated 1 slice corner info arrays
Allocated 2 slice corner arrays
Allocated 2 slice corner info arrays
Allocated 4 todo lists
Allocated 3 slice corner arrays
Allocated 3 slice corner info arrays
Connection to Steam servers successful.
   VAC secure mode disabled.
"gustavo<2><STEAM_1:0:594052514><>" STEAM USERID validated
CSoundEmitterSystemBase::GetParametersForSound:  No such sound default.null
S_StartSound: Failed to load sound 'null.wav', file probably missing from disk/repository
UTIL_TranslateSoundName directly referenced wave ambient/water/water_spray1.wav (should use game_sounds.txt system instead)
prop_paint_bomb at (2048.000, -1088.000, 736.000) has no model name!
Soundscape: portal_testchmb.explore_space
prop_paint_bomb at (2048.000, -1088.000, 736.000) has no model name!
CreateEvent: event 'paint_cleanser_not_visible' not registered.
CreateEvent: event 'portal_player_touchedground' not registered.
prop_paint_bomb at (2048.000, -1088.000, 736.000) has no model name!
Soundscape: portal_testchmb.explore_space
gustavo unpaused the game
gustavo unpaused the game
prop_paint_bomb at (2048.000, -1088.000, 736.000) has no model name!
material "" not found.
gustavo unpaused the game
prop_paint_bomb at (2048.000, -1088.000, 736.000) has no model name!
Soundscape: portal_testchmb.explore_space
S_StartSound: Failed to load sound 'weapons\physgun_loop2.wav', file probably missing from disk/repository
prop_paint_bomb at (2048.000, -1088.000, 736.000) has no model name!
CreateEvent: event 'portal_player_touchedground' not registered.
CreateEvent: event 'paint_cleanser_not_visible' not registered.
prop_paint_bomb at (2048.000, -1088.000, 736.000) has no model name!
prop_paint_bomb at (2048.000, -1088.000, 736.000) has no model name!
CreateEvent: event 'paint_cleanser_not_visible' not registered.
CreateEvent: event 'portal_player_touchedground' not registered.
prop_paint_bomb at (2048.000, -1088.000, 736.000) has no model name!
prop_paint_bomb at (2048.000, -1088.000, 736.000) has no model name!
CreateEvent: event 'portal_player_touchedground' not registered.
CreateEvent: event 'portal_player_touchedground' not registered.
prop_paint_bomb at (2048.000, -1088.000, 736.000) has no model name!
CreateEvent: event 'portal_player_touchedground' not registered.
prop_paint_bomb at (2048.000, -1088.000, 736.000) has no model name!
CreateEvent: event 'portal_player_touchedground' not registered.
CreateEvent: event 'portal_player_touchedground' not registered.
prop_paint_bomb at (2048.000, -1088.000, 736.000) has no model name!
CreateEvent: event 'portal_player_touchedground' not registered.
prop_paint_bomb at (2048.000, -1088.000, 736.000) has no model name!
prop_paint_bomb at (2048.000, -1088.000, 736.000) has no model name!
prop_paint_bomb at (2048.000, -1088.000, 736.000) has no model name!
CreateEvent: event 'paint_cleanser_not_visible' not registered.
S_StartSound: Failed to load sound 'weapons\physgun_loop1.wav', file probably missing from disk/repository
S_StartSound: Failed to load sound 'weapons\physgun_loop3.wav', file probably missing from disk/repository
S_StartSound: Failed to load sound 'weapons\physgun_loop4.wav', file probably missing from disk/repository
CreateEvent: event 'portal_player_touchedground' not registered.
prop_paint_bomb at (2048.000, -1088.000, 736.000) has no model name!
gustavo unpaused the game
prop_paint_bomb at (2048.000, -1088.000, 736.000) has no model name!
prop_paint_bomb at (2048.000, -1088.000, 736.000) has no model name!
CreateEvent: event 'paint_cleanser_not_visible' not registered.
CreateEvent: event 'paint_cleanser_not_visible' not registered.
prop_paint_bomb at (2048.000, -1088.000, 736.000) has no model name!
prop_paint_bomb at (2048.000, -1088.000, 736.000) has no model name!
CreateEvent: event 'paint_cleanser_not_visible' not registered.
prop_paint_bomb at (2048.000, -1088.000, 736.000) has no model name!
CreateEvent: event 'paint_cleanser_not_visible' not registered.
CreateEvent: event 'paint_cleanser_not_visible' not registered.
prop_paint_bomb at (2048.000, -1088.000, 736.000) has no model name!
prop_paint_bomb at (2048.000, -1088.000, 736.000) has no model name!
CreateEvent: event 'paint_cleanser_not_visible' not registered.
CreateEvent: event 'portal_player_touchedground' not registered.
CreateEvent: event 'player_touch_paint_cleanser' not registered.
CreateEvent: event 'player_touch_paint_cleanser' not registered.
CreateEvent: event 'player_touch_paint_cleanser' not registered.
CreateEvent: event 'player_touch_paint_cleanser' not registered.
CreateEvent: event 'player_touch_paint_cleanser' not registered.
CreateEvent: event 'player_touch_paint_cleanser' not registered.
CreateEvent: event 'player_touch_paint_cleanser' not registered.
CreateEvent: event 'player_touch_paint_cleanser' not registered.
CreateEvent: event 'player_touch_paint_cleanser' not registered.
CreateEvent: event 'player_touch_paint_cleanser' not registered.
CreateEvent: event 'player_touch_paint_cleanser' not registered.
CreateEvent: event 'player_touch_paint_cleanser' not registered.
CreateEvent: event 'player_touch_paint_cleanser' not registered.
CreateEvent: event 'player_touch_paint_cleanser' not registered.
CreateEvent: event 'player_touch_paint_cleanser' not registered.
CreateEvent: event 'player_touch_paint_cleanser' not registered.
CreateEvent: event 'player_touch_paint_cleanser' not registered.
CreateEvent: event 'player_touch_paint_cleanser' not registered.
CreateEvent: event 'player_touch_paint_cleanser' not registered.
CreateEvent: event 'player_touch_paint_cleanser' not registered.
CreateEvent: event 'player_touch_paint_cleanser' not registered.
CreateEvent: event 'player_touch_paint_cleanser' not registered.
CreateEvent: event 'player_touch_paint_cleanser' not registered.
CreateEvent: event 'player_touch_paint_cleanser' not registered.
CreateEvent: event 'player_touch_paint_cleanser' not registered.
prop_paint_bomb at (2048.000, -1088.000, 736.000) has no model name!
CreateEvent: event 'player_touch_paint_cleanser' not registered.
CreateEvent: event 'player_touch_paint_cleanser' not registered.
CreateEvent: event 'player_touch_paint_cleanser' not registered.
CreateEvent: event 'player_touch_paint_cleanser' not registered.
CreateEvent: event 'player_touch_paint_cleanser' not registered.
CreateEvent: event 'player_touch_paint_cleanser' not registered.
CreateEvent: event 'player_touch_paint_cleanser' not registered.
CreateEvent: event 'player_touch_paint_cleanser' not registered.
CreateEvent: event 'player_touch_paint_cleanser' not registered.
CreateEvent: event 'player_touch_paint_cleanser' not registered.
CreateEvent: event 'player_touch_paint_cleanser' not registered.
CreateEvent: event 'player_touch_paint_cleanser' not registered.
CreateEvent: event 'player_touch_paint_cleanser' not registered.
CreateEvent: event 'player_touch_paint_cleanser' not registered.
CreateEvent: event 'player_touch_paint_cleanser' not registered.
CreateEvent: event 'player_touch_paint_cleanser' not registered.
CreateEvent: event 'player_touch_paint_cleanser' not registered.
CreateEvent: event 'player_touch_paint_cleanser' not registered.
CreateEvent: event 'player_touch_paint_cleanser' not registered.
CreateEvent: event 'player_touch_paint_cleanser' not registered.
CreateEvent: event 'player_touch_paint_cleanser' not registered.
CreateEvent: event 'player_touch_paint_cleanser' not registered.
CreateEvent: event 'player_touch_paint_cleanser' not registered.
CreateEvent: event 'player_touch_paint_cleanser' not registered.
CreateEvent: event 'player_touch_paint_cleanser' not registered.
CreateEvent: event 'player_touch_paint_cleanser' not registered.
CreateEvent: event 'player_touch_paint_cleanser' not registered.
CreateEvent: event 'player_touch_paint_cleanser' not registered.
CreateEvent: event 'player_touch_paint_cleanser' not registered.
CreateEvent: event 'player_touch_paint_cleanser' not registered.
CreateEvent: event 'player_touch_paint_cleanser' not registered.
CreateEvent: event 'player_touch_paint_cleanser' not registered.
CreateEvent: event 'player_touch_paint_cleanser' not registered.
CreateEvent: event 'player_touch_paint_cleanser' not registered.
CreateEvent: event 'player_touch_paint_cleanser' not registered.
CreateEvent: event 'player_touch_paint_cleanser' not registered.
CreateEvent: event 'player_touch_paint_cleanser' not registered.
CreateEvent: event 'player_touch_paint_cleanser' not registered.
CreateEvent: event 'player_touch_paint_cleanser' not registered.
CreateEvent: event 'player_touch_paint_cleanser' not registered.
CreateEvent: event 'player_touch_paint_cleanser' not registered.
CreateEvent: event 'player_touch_paint_cleanser' not registered.
CreateEvent: event 'player_touch_paint_cleanser' not registered.
CreateEvent: event 'player_touch_paint_cleanser' not registered.
CreateEvent: event 'player_touch_paint_cleanser' not registered.
CreateEvent: event 'player_touch_paint_cleanser' not registered.
CreateEvent: event 'player_touch_paint_cleanser' not registered.
CreateEvent: event 'player_touch_paint_cleanser' not registered.
CreateEvent: event 'player_touch_paint_cleanser' not registered.
CreateEvent: event 'player_touch_paint_cleanser' not registered.
CreateEvent: event 'player_touch_paint_cleanser' not registered.
CreateEvent: event 'player_touch_paint_cleanser' not registered.
CreateEvent: event 'player_touch_paint_cleanser' not registered.
CreateEvent: event 'player_touch_paint_cleanser' not registered.
CreateEvent: event 'player_touch_paint_cleanser' not registered.
CreateEvent: event 'player_touch_paint_cleanser' not registered.
CreateEvent: event 'player_touch_paint_cleanser' not registered.
CreateEvent: event 'player_touch_paint_cleanser' not registered.
CreateEvent: event 'paint_cleanser_not_visible' not registered.
CreateEvent: event 'player_touch_paint_cleanser' not registered.
CreateEvent: event 'player_touch_paint_cleanser' not registered.
CreateEvent: event 'player_touch_paint_cleanser' not registered.
CreateEvent: event 'player_touch_paint_cleanser' not registered.
CreateEvent: event 'player_touch_paint_cleanser' not registered.
CreateEvent: event 'player_touch_paint_cleanser' not registered.
CreateEvent: event 'player_touch_paint_cleanser' not registered.
CreateEvent: event 'player_touch_paint_cleanser' not registered.
CreateEvent: event 'player_touch_paint_cleanser' not registered.
CreateEvent: event 'player_touch_paint_cleanser' not registered.
CreateEvent: event 'player_touch_paint_cleanser' not registered.
CreateEvent: event 'player_touch_paint_cleanser' not registered.
CreateEvent: event 'player_touch_paint_cleanser' not registered.
CreateEvent: event 'player_touch_paint_cleanser' not registered.
CreateEvent: event 'player_touch_paint_cleanser' not registered.
CreateEvent: event 'player_touch_paint_cleanser' not registered.
CreateEvent: event 'player_touch_paint_cleanser' not registered.
CreateEvent: event 'player_touch_paint_cleanser' not registered.
CreateEvent: event 'player_touch_paint_cleanser' not registered.
CreateEvent: event 'player_touch_paint_cleanser' not registered.
CreateEvent: event 'player_touch_paint_cleanser' not registered.
CreateEvent: event 'player_touch_paint_cleanser' not registered.
CreateEvent: event 'player_touch_paint_cleanser' not registered.
CreateEvent: event 'player_touch_paint_cleanser' not registered.
CreateEvent: event 'player_touch_paint_cleanser' not registered.
CreateEvent: event 'player_touch_paint_cleanser' not registered.
CreateEvent: event 'player_touch_paint_cleanser' not registered.
CreateEvent: event 'player_touch_paint_cleanser' not registered.
CreateEvent: event 'player_touch_paint_cleanser' not registered.
CreateEvent: event 'player_touch_paint_cleanser' not registered.
CreateEvent: event 'player_touch_paint_cleanser' not registered.
CreateEvent: event 'player_touch_paint_cleanser' not registered.
CreateEvent: event 'player_touch_paint_cleanser' not registered.
CreateEvent: event 'player_touch_paint_cleanser' not registered.
CreateEvent: event 'player_touch_paint_cleanser' not registered.
CreateEvent: event 'player_touch_paint_cleanser' not registered.
CreateEvent: event 'paint_cleanser_not_visible' not registered.
prop_paint_bomb at (2048.000, -1088.000, 736.000) has no model name!
Dropped gustavo from server (Server shutting down)
Host_WriteConfiguration: Wrote cfg/config.cfg
Stopping All Sounds...
Stopping: Channel:64 player\fling_whoosh.wav
Stopping: Channel:65 weapons\physcannon\hold_loop.wav
Stopping: Channel:67 ambient\atmosphere\ambience_base.wav
Queued Material System: DISABLED!
Datacenter::EnableUpdate( 0 ), current state = 0
Datacenter::RequestStop, time 101.66, state 0
Unable to remove c:\sourcecode\portalretract-sandbox\game\valve\textwindow_temp.html!
Stopping All Sounds...
CreateEvent: event 'server_pre_shutdown' not registered.
CreateEvent: event 'server_shutdown' not registered.
Shutdown function ShutdownMixerControls() not in list!!!
NET_GetBindAddresses found 192.168.31.140: 'Realtek PCIe GbE Family Controller'
NET_GetBindAddresses found 26.133.72.161: 'Famatech Radmin VPN Ethernet Adapter'
NET_GetBindAddresses found 172.24.90.163: 'ZeroTier Virtual Port #2'
NET_GetBindAddresses found 10.147.17.76: 'ZeroTier Virtual Port #3'
NET_GetBindAddresses found 172.16.0.2: 'WireGuard Tunnel'
Network: IP 10.147.17.76, mode MP, dedicated No, ports 27015 SV / 27005 CL
Parent cvar in client.dll not allowed (rr_debugresponseconcept)
Parent cvar in client.dll not allowed (rr_dumpresponses)
Parent cvar in client.dll not allowed (rr_debugrule)
Parent cvar in client.dll not allowed (rr_debugresponses)
WARNING: unable to link rr_debugresponseconcept_exclude and rr_debugresponseconcept_exclude because one or more is a ConCommand.
Parent cvar in client.dll not allowed (movement_anim_playback_minrate)
WARNING: unable to link creditsdone and creditsdone because one or more is a ConCommand.
WARNING: unable to link rr_reloadresponsesystems and rr_reloadresponsesystems because one or more is a ConCommand.
Particles: Missing 'particles/glados.pcf'
Particles: Missing 'particles/neurotoxins.pcf'
Particles: Missing 'particles/finale_fx.pcf'
CResponseSystem:  scripts\talker\response_rules.txt (2 rules, 2 criteria, and 2 responses)
maxplayers set to 1
Missing cfg\cpu_level_2_pc.ekv
Missing cfg\gpu_level_3_pc.ekv
Missing cfg\mem_level_2_pc.ekv
Missing cfg\gpu_mem_level_2_pc.ekv
Running -nogameui mode, using client module instead of gameui
Steam config directory: C:\SourceCode\Portalretract-sandbox\game\platform\config
Particles: Missing 'particles/glados.pcf'
Particles: Missing 'particles/neurotoxins.pcf'
Particles: Missing 'particles/finale_fx.pcf'
No split screen config file 'splitscreen_config.txt', using defaults
Missing cfg\cpu_level_2_pc.ekv
Missing cfg\gpu_level_3_pc.ekv
Missing cfg\mem_level_2_pc.ekv
Missing cfg\gpu_mem_level_2_pc.ekv
CGameEventManager::AddListener: event 'replay_status' unknown.
CGameEventManager::AddListener: event 'spec_target_updated' unknown.
KV Conditional: Unknown symbol OSX
KV Conditional: Unknown symbol OSX
Hud element 'CHUDPaintAmmo' doesn't have an entry 'PaintAmmo' in scripts/HudLayout.res
CResponseSystem:  scripts\talker\response_rules.txt (2 rules, 2 criteria, and 2 responses)
cc_lang = 
Sound Initialization: Start
DS:stereo speaker configuration detected
Set primary sound buffer format: yes
Using secondary sound buffer
   2 channel(s)
   16 bits/sample
   44100 samples/sec
DirectSound initialized
Stopping All Sounds...
Trying cache :  'c:/sourcecode/portalretract-sandbox/game/valve/maps/soundcache/_master.cache'
Successfully loaded audio cache file
Sound Initialization: Finish, Sampling Rate: 44100
cc_lang = 
Legacy Surround disabled.
Stopping All Sounds...
Sound Initialization: Start
DS:stereo speaker configuration detected
Set primary sound buffer format: yes
Using secondary sound buffer
   2 channel(s)
   16 bits/sample
   44100 samples/sec
DirectSound initialized
Stopping All Sounds...
Trying cache :  'c:/sourcecode/portalretract-sandbox/game/valve/maps/soundcache/_master.cache'
Successfully loaded audio cache file
Sound Initialization: Finish, Sampling Rate: 44100
Datacenter::RequestStart, time 3.40
Datacenter::RequestStop, time 3.40, state 1
Datacenter::RequestUpdate failed
Datacenter::RequestStart, time 123.41
Datacenter::RequestStop, time 123.43, state 1
Datacenter::RequestUpdate failed
Datacenter::RequestStart, time 243.44
Datacenter::RequestStop, time 243.46, state 1
Datacenter::RequestUpdate failed
Datacenter::RequestStart, time 363.48
Datacenter::RequestStop, time 363.48, state 1
Datacenter::RequestUpdate failed
Stopping All Sounds...
Stopping All Sounds...
---- Host_NewGame ----
Network: IP 10.147.17.76, mode SP, dedicated No, ports 0 SV / 0 CL
Network: IP 10.147.17.76, mode MP, dedicated No, ports 27015 SV / 27005 CL
#######################################
Map pr2_03 missing stringtable dictionary, don't ship this way!!!
#######################################
Host_NewGame on map pr2_03
Set Gravity 600.0 (0.250 tolerance)
PrecacheScriptSound 'default.null' failed, no such sound script entry
weapons/v_portalgun.mdl : material "models/weapons/v_models/v_portalgun/v_hands" not found.
CreateEvent: event 'picked_up_paint' not registered.
PrecacheScriptSound 'Paintgun.FireLoop' failed, no such sound script entry
PrecacheScriptSound 'NPC_CScanner.DiveBombFlyby' failed, no such sound script entry
Error reading weapon data file for: weapon_hopwire
Warning:  Can't add NULL string to table EffectDispatch
Warning:  Can't add NULL string to table EffectDispatch
Warning:  Can't add NULL string to table EffectDispatch
Warning:  Can't add NULL string to table EffectDispatch
Warning:  Can't add NULL string to table EffectDispatch
Warning:  Can't add NULL string to table EffectDispatch
Warning:  Can't add NULL string to table EffectDispatch
Warning:  Can't add NULL string to table EffectDispatch
Warning:  Can't add NULL string to table EffectDispatch
Warning:  Can't add NULL string to table EffectDispatch
Warning:  Can't add NULL string to table EffectDispatch
Warning:  Can't add NULL string to table EffectDispatch
Warning:  Can't add NULL string to table EffectDispatch
Script not found (scripts/vscripts/mapspawn.nut) 
Failed to CRC cfg/cpu_level_0_pc.ekv
Failed to CRC cfg/cpu_level_0_pc_ss.ekv
Failed to CRC cfg/cpu_level_1_pc.ekv
Failed to CRC cfg/cpu_level_1_pc_ss.ekv
Failed to CRC cfg/cpu_level_2_pc.ekv
Failed to CRC cfg/cpu_level_2_pc_ss.ekv
Failed to CRC cfg/gpu_level_0_pc.ekv
Failed to CRC cfg/gpu_level_1_pc.ekv
Failed to CRC cfg/gpu_level_2_pc.ekv
Failed to CRC cfg/gpu_level_3_pc.ekv
Failed to CRC cfg/mem_level_0_pc.ekv
Failed to CRC cfg/mem_level_1_pc.ekv
Failed to CRC cfg/mem_level_2_pc.ekv
Failed to CRC cfg/gpu_mem_level_0_pc.ekv
Failed to CRC cfg/gpu_mem_level_1_pc.ekv
Failed to CRC cfg/gpu_mem_level_2_pc.ekv
Failed to CRC scripts/asw_weapon_ammo_bag.txt
Failed to CRC scripts/asw_weapon_ammo_satchel.txt
Failed to CRC scripts/asw_weapon_autogun.txt
Failed to CRC scripts/asw_weapon_blink.txt
Failed to CRC scripts/asw_weapon_buff_grenade.txt
Failed to CRC scripts/asw_weapon_chainsaw.txt
Failed to CRC scripts/asw_weapon_electrified_armor.txt
Failed to CRC scripts/asw_weapon_fire_extinguisher.txt
Failed to CRC scripts/asw_weapon_fist.txt
Failed to CRC scripts/asw_weapon_flamer.txt
Failed to CRC scripts/asw_weapon_flares.txt
Failed to CRC scripts/asw_weapon_flashlight.txt
Failed to CRC scripts/asw_weapon_freeze_grenades.txt
Failed to CRC scripts/asw_weapon_grenades.txt
Failed to CRC scripts/asw_weapon_grenade_launcher.txt
Failed to CRC scripts/asw_weapon_heal_grenade.txt
Failed to CRC scripts/asw_weapon_heal_gun.txt
Failed to CRC scripts/asw_weapon_hornet_barrage.txt
Failed to CRC scripts/asw_weapon_jump_jet.txt
Failed to CRC scripts/asw_weapon_laser_mines.txt
Failed to CRC scripts/asw_weapon_medical_satchel.txt
Failed to CRC scripts/asw_weapon_medkit.txt
Failed to CRC scripts/asw_weapon_mines.txt
Failed to CRC scripts/asw_weapon_minigun.txt
Failed to CRC scripts/asw_weapon_mining_laser.txt
Failed to CRC scripts/asw_weapon_night_vision.txt
Failed to CRC scripts/asw_weapon_normal_armor.txt
Failed to CRC scripts/asw_weapon_pdw.txt
Failed to CRC scripts/asw_weapon_pistol.txt
Failed to CRC scripts/asw_weapon_prifle.txt
Failed to CRC scripts/asw_weapon_railgun.txt
Failed to CRC scripts/asw_weapon_rifle.txt
Failed to CRC scripts/asw_weapon_sentry.txt
Failed to CRC scripts/asw_weapon_sentry_cannon.txt
Failed to CRC scripts/asw_weapon_sentry_flamer.txt
Failed to CRC scripts/asw_weapon_sentry_freeze.txt
Failed to CRC scripts/asw_weapon_shotgun.txt
Failed to CRC scripts/asw_weapon_smart_bomb.txt
Failed to CRC scripts/asw_weapon_sniper_rifle.txt
Failed to CRC scripts/asw_weapon_stim.txt
Failed to CRC scripts/asw_weapon_tesla_gun.txt
Failed to CRC scripts/asw_weapon_tesla_trap.txt
Failed to CRC scripts/asw_weapon_vindicator.txt
Failed to CRC scripts/asw_weapon_welder.txt
PrecacheScriptSound 'PaintBlob.Inception' failed, no such sound script entry
prop_paint_bomb at (2048.000, -1088.000, 736.000) has no model name!
PrecacheScriptSound 'Paintblob.Inception' failed, no such sound script entry
PrecacheScriptSound 'Paint.MediumFlow' failed, no such sound script entry
PrecacheScriptSound 'Paint.HeavyFlow' failed, no such sound script entry
prop_paint_bomb at (2048.000, -1088.000, 736.000) has no model name!
Invalid file size for motd.txt
Invalid file size for host.txt
Created class baseline: 27 classes, 3866 bytes.
Heartbeat is disabled (usually developer or cheats is on).
m_eServerMode pre = 0
m_eServerMode post = 2
************************************************
*  Unable to load Steam support library.       *
*  This server will operate in LAN mode only.  *
************************************************
Heartbeat is disabled (usually developer or cheats is on).
Stopping All Sounds...
1.000:  Sending UDP connect to public IP 127.0.0.1:27015
Server using '<none>' lobbies, requiring pw no, lobby id 0
RememberIPAddressForLobby: lobby 0 from address loopback

Portal
Map: pr2_03
Players: 1 (0 bots) / 1 humans
Build: 6653
Server Number: 1

material "particle/particle_glow_05_add_15ob" not found.
material "overlays/coop_ping_decal" not found.
"materials/models/blob/blob_fresnel_warp.vtf": can't be found on disk
material "effects/huntertracer" not found.
Attempted to precache unknown particle system "rain_storm"!
Attempted to precache unknown particle system "rain_storm"!
Attempted to precache unknown particle system "rain_storm_screen"!
Attempted to precache unknown particle system "rain_storm_screen"!
Attempted to precache unknown particle system "rain_storm_outer"!
Attempted to precache unknown particle system "rain_storm_outer"!
Attempted to precache unknown particle system "rain"!
Attempted to precache unknown particle system "rain"!
Attempted to precache unknown particle system "rain_outer"!
Attempted to precache unknown particle system "rain_outer"!
Attempted to precache unknown particle system "ash"!
Attempted to precache unknown particle system "ash"!
Attempted to precache unknown particle system "ash_outer"!
Attempted to precache unknown particle system "ash_outer"!
Attempted to precache unknown particle system "snow"!
Attempted to precache unknown particle system "snow"!
Attempted to precache unknown particle system "snow_outer"!
Attempted to precache unknown particle system "snow_outer"!
Attempted to precache unknown particle system "rtube_muzzle"!
Attempted to precache unknown particle system "rtube_muzzle"!
Attempted to precache unknown particle system "paint_hose"!
Attempted to precache unknown particle system "paint_hose"!
Script not found (scripts/vscripts/mapspawn.nut) 
Sending full update to Client gustavo (gustavo can't find frame from tick -1)
Receiving uncompressed update from server
Set Gravity 600.0 (0.250 tolerance)
Queued Material System: ENABLED!
DEBUG HISTORY IS ENABLED. Disable before release (in env_debughistory.h).
CreateEvent: event 'portal_player_touchedground' not registered.
Soundscape: portal_testchmb.explore_space
Redownloading all lightmaps
R_RedownloadAllLightmaps took 18.272 msec!
Warning:  Can't add NULL string to table EffectDispatch
Warning:  Can't add NULL string to table EffectDispatch
Warning:  Can't add NULL string to table EffectDispatch
Warning:  Can't add NULL string to table EffectDispatch
Warning:  Can't add NULL string to table EffectDispatch
Warning:  Can't add NULL string to table EffectDispatch
Warning:  Can't add NULL string to table EffectDispatch
Warning:  Can't add NULL string to table EffectDispatch
gustavo unpaused the game
gustavo unpaused the game
Attempted to precache unknown particle system "weapon_tracers"!
Attempted to precache unknown particle system "weapon_tracers"!
Attempted to precache unknown particle system "weapon_tracers"!
Attempted to precache unknown particle system "weapon_tracers"!
Attempted to precache unknown particle system "weapon_tracers"!
Attempted to precache unknown particle system "weapon_tracers"!
Attempted to precache unknown particle system "weapon_tracers"!
Attempted to precache unknown particle system "weapon_tracers"!
Attempted to precache unknown particle system "weapon_tracers"!
Attempted to precache unknown particle system "weapon_tracers"!
Attempted to precache unknown particle system "weapon_tracers"!
Allocated 1 todo lists
Allocated 2 todo lists
Allocated 3 todo lists
Allocated 1 slice corner arrays
Allocated 1 slice corner info arrays
Allocated 2 slice corner arrays
Allocated 2 slice corner info arrays
Allocated 4 todo lists
Allocated 3 slice corner arrays
Allocated 3 slice corner info arrays
CSoundEmitterSystemBase::GetParametersForSound:  No such sound default.null
S_StartSound: Failed to load sound 'null.wav', file probably missing from disk/repository
UTIL_TranslateSoundName directly referenced wave ambient/water/water_spray1.wav (should use game_sounds.txt system instead)
CreateEvent: event 'picked_up_paint' not registered.
gustavo unpaused the game
prop_paint_bomb at (2048.000, -1088.000, 736.000) has no model name!
material "paintblobs/blob_surface_stick" not found.
Attempted to precache unknown particle system "rtube_muzzle"!
Attempted to precache unknown particle system "paint_hose"!
CreateEvent: event 'portal_player_touchedground' not registered.
CreateEvent: event 'paint_cleanser_visible' not registered.
Soundscape: portal_testchmb.explore_space
CreateEvent: event 'paint_cleanser_visible' not registered.
CreateEvent: event 'deployed_paintgun' not registered.
prop_paint_bomb at (2048.000, -1088.000, 736.000) has no model name!
CreateEvent: event 'paint_cleanser_not_visible' not registered.
CreateEvent: event 'player_erased' not registered.
SV_StartSound: weapons/weaponizer/water_high_pressure.wav not precached (0)
SV_StartSound: weapons/weaponizer/water_high_pressure.wav not precached (0)
SV_StartSound: weapons/weaponizer/water_high_pressure.wav not precached (0)
SV_StartSound: weapons/weaponizer/water_high_pressure.wav not precached (0)
SV_StartSound: weapons/weaponizer/water_high_pressure.wav not precached (0)
SV_StartSound: weapons/weaponizer/water_high_pressure.wav not precached (0)
SV_StartSound: weapons/weaponizer/water_high_pressure.wav not precached (0)
CreateEvent: event 'portal_player_touchedground' not registered.
SV_StartSound: weapons/weaponizer/water_high_pressure.wav not precached (0)
SV_StartSound: weapons/weaponizer/water_high_pressure.wav not precached (0)
SV_StartSound: weapons/weaponizer/water_high_pressure.wav not precached (0)
SV_StartSound: weapons/weaponizer/water_high_pressure.wav not precached (0)
SV_StartSound: weapons/weaponizer/water_high_pressure.wav not precached (0)
SV_StartSound: weapons/weaponizer/water_high_pressure.wav not precached (0)
SV_StartSound: weapons/weaponizer/water_high_pressure.wav not precached (0)
SV_StartSound: weapons/weaponizer/water_high_pressure.wav not precached (0)
SV_StartSound: weapons/weaponizer/water_high_pressure.wav not precached (0)
SV_StartSound: weapons/weaponizer/water_high_pressure.wav not precached (0)
SV_StartSound: weapons/weaponizer/water_high_pressure.wav not precached (0)
SV_StartSound: weapons/weaponizer/water_high_pressure.wav not precached (0)
SV_StartSound: weapons/weaponizer/water_high_pressure.wav not precached (0)
SV_StartSound: weapons/weaponizer/water_high_pressure.wav not precached (0)
SV_StartSound: weapons/weaponizer/water_high_pressure.wav not precached (0)
SV_StartSound: weapons/weaponizer/water_high_pressure.wav not precached (0)
SV_StartSound: weapons/weaponizer/water_high_pressure.wav not precached (0)
SV_StartSound: weapons/weaponizer/water_high_pressure.wav not precached (0)
SV_StartSound: weapons/weaponizer/water_high_pressure.wav not precached (0)
SV_StartSound: weapons/weaponizer/water_high_pressure.wav not precached (0)
SV_StartSound: weapons/weaponizer/water_high_pressure.wav not precached (0)
SV_StartSound: weapons/weaponizer/water_high_pressure.wav not precached (0)
SV_StartSound: weapons/weaponizer/water_high_pressure.wav not precached (0)
SV_StartSound: weapons/weaponizer/water_high_pressure.wav not precached (0)
SV_StartSound: weapons/weaponizer/water_high_pressure.wav not precached (0)
SV_StartSound: weapons/weaponizer/water_high_pressure.wav not precached (0)
SV_StartSound: weapons/weaponizer/water_high_pressure.wav not precached (0)
SV_StartSound: weapons/weaponizer/water_high_pressure.wav not precached (0)
SV_StartSound: weapons/weaponizer/water_high_pressure.wav not precached (0)
SV_StartSound: weapons/weaponizer/water_high_pressure.wav not precached (0)
SV_StartSound: weapons/weaponizer/water_high_pressure.wav not precached (0)
SV_StartSound: weapons/weaponizer/water_high_pressure.wav not precached (0)
SV_StartSound: weapons/weaponizer/water_high_pressure.wav not precached (0)
SV_StartSound: weapons/weaponizer/water_high_pressure.wav not precached (0)
SV_StartSound: weapons/weaponizer/water_high_pressure.wav not precached (0)
SV_StartSound: weapons/weaponizer/water_high_pressure.wav not precached (0)
SV_StartSound: weapons/weaponizer/water_high_pressure.wav not precached (0)
SV_StartSound: weapons/weaponizer/water_high_pressure.wav not precached (0)
SV_StartSound: weapons/weaponizer/water_high_pressure.wav not precached (0)
SV_StartSound: weapons/weaponizer/water_high_pressure.wav not precached (0)
SV_StartSound: weapons/weaponizer/water_high_pressure.wav not precached (0)
SV_StartSound: weapons/weaponizer/water_high_pressure.wav not precached (0)
SV_StartSound: weapons/weaponizer/water_high_pressure.wav not precached (0)
SV_StartSound: weapons/weaponizer/water_high_pressure.wav not precached (0)
Dropped gustavo from server (Server shutting down)
Host_WriteConfiguration: Wrote cfg/config.cfg
Stopping All Sounds...
Stopping: Channel:64 player\fling_whoosh.wav
Stopping: Channel:65 weapons\physcannon\hold_loop.wav
Stopping: Channel:67 ambient\atmosphere\ambience_base.wav
Queued Material System: DISABLED!
Datacenter::EnableUpdate( 0 ), current state = 0
Datacenter::RequestStop, time 445.92, state 0
Unable to remove c:\sourcecode\portalretract-sandbox\game\valve\textwindow_temp.html!
Stopping All Sounds...
CreateEvent: event 'server_pre_shutdown' not registered.
CreateEvent: event 'server_shutdown' not registered.
Shutdown function ShutdownMixerControls() not in list!!!
NET_GetBindAddresses found 192.168.31.140: 'Realtek PCIe GbE Family Controller'
NET_GetBindAddresses found 26.133.72.161: 'Famatech Radmin VPN Ethernet Adapter'
NET_GetBindAddresses found 172.24.90.163: 'ZeroTier Virtual Port #2'
NET_GetBindAddresses found 10.147.17.76: 'ZeroTier Virtual Port #3'
NET_GetBindAddresses found 172.16.0.2: 'WireGuard Tunnel'
Opened Steam Socket NS_SERVER ( virtual port 27015 ) : listen socket handle( 145 )
Opened Steam Socket NS_CLIENT ( virtual port 27005 ) : listen socket handle( 65682 )
Network: IP 10.147.17.76, mode MP, dedicated No, ports 27015 SV / 27005 CL
Parent cvar in client.dll not allowed (rr_debugresponseconcept)
Parent cvar in client.dll not allowed (rr_dumpresponses)
Parent cvar in client.dll not allowed (rr_debugrule)
Parent cvar in client.dll not allowed (rr_debugresponses)
WARNING: unable to link rr_debugresponseconcept_exclude and rr_debugresponseconcept_exclude because one or more is a ConCommand.
Parent cvar in client.dll not allowed (movement_anim_playback_minrate)
WARNING: unable to link creditsdone and creditsdone because one or more is a ConCommand.
WARNING: unable to link rr_reloadresponsesystems and rr_reloadresponsesystems because one or more is a ConCommand.
KeyValues Error: RecursiveLoadFromBuffer:  got NULL key in file particles/particles_manifest.txt
particles_manifest, 
CParticleMgr::Init:  Manifest 'particles/particles_manifest.txt' with bogus file type 'file		', expecting 'file'
CParticleMgr::Init:  Manifest 'particles/particles_manifest.txt' with bogus file type '
}', expecting 'file'
CResponseSystem:  scripts\talker\response_rules.txt (2 rules, 2 criteria, and 2 responses)
maxplayers set to 1
Missing cfg\cpu_level_2_pc.ekv
Missing cfg\gpu_level_3_pc.ekv
Missing cfg\mem_level_2_pc.ekv
Missing cfg\gpu_mem_level_2_pc.ekv
Running -nogameui mode, using client module instead of gameui
Steam config directory: C:\SourceCode\aperture-camera\game\platform\config
KeyValues Error: RecursiveLoadFromBuffer:  got NULL key in file particles/particles_manifest.txt
particles_manifest, 
CParticleMgr::Init:  Manifest 'particles/particles_manifest.txt' with bogus file type 'file		', expecting 'file'
CParticleMgr::Init:  Manifest 'particles/particles_manifest.txt' with bogus file type '
}', expecting 'file'
No split screen config file 'splitscreen_config.txt', using defaults
Missing cfg\cpu_level_2_pc.ekv
Missing cfg\gpu_level_3_pc.ekv
Missing cfg\mem_level_2_pc.ekv
Missing cfg\gpu_mem_level_2_pc.ekv
CGameEventManager::AddListener: event 'replay_status' unknown.
CGameEventManager::AddListener: event 'spec_target_updated' unknown.
KV Conditional: Unknown symbol OSX
KV Conditional: Unknown symbol OSX
"materials/_rt_largephoto1.vtf": can't be found on disk
"materials/_rt_largephoto2.vtf": can't be found on disk
"materials/_rt_largephoto3.vtf": can't be found on disk
Hud element 'CHudControlHelper' doesn't have an entry 'HudControlHelper' in scripts/HudLayout.res
Hud element 'CHudIndicator' doesn't have an entry 'HudIndicator' in scripts/HudLayout.res
Hud element 'CHudViewfinder' doesn't have an entry 'HudViewfinder' in scripts/HudLayout.res
Hud element 'CHudPhotoInventory' doesn't have an entry 'HudPhotoInventory' in scripts/HudLayout.res
Hud element 'CHudPhotoFlash' doesn't have an entry 'HudPhotoInventory' in scripts/HudLayout.res
CResponseSystem:  scripts\talker\response_rules.txt (2 rules, 2 criteria, and 2 responses)
cc_lang = 
Missing cfg\cpu_level_2_pc.ekv
Missing cfg\gpu_level_3_pc.ekv
Missing cfg\mem_level_2_pc.ekv
Missing cfg\gpu_mem_level_2_pc.ekv
Sound Initialization: Start
DS:stereo speaker configuration detected
Set primary sound buffer format: yes
Using secondary sound buffer
   2 channel(s)
   16 bits/sample
   44100 samples/sec
DirectSound initialized
Stopping All Sounds...
Trying cache :  'c:/sourcecode/aperture-camera/game/valve/maps/soundcache/_master.cache'
Successfully loaded audio cache file
Sound Initialization: Finish, Sampling Rate: 44100
cc_lang = 
Legacy Surround disabled.
Stopping All Sounds...
Sound Initialization: Start
DS:stereo speaker configuration detected
Set primary sound buffer format: yes
Using secondary sound buffer
   2 channel(s)
   16 bits/sample
   44100 samples/sec
DirectSound initialized
Stopping All Sounds...
Trying cache :  'c:/sourcecode/aperture-camera/game/valve/maps/soundcache/_master.cache'
Successfully loaded audio cache file
Sound Initialization: Finish, Sampling Rate: 44100
Datacenter::RequestStart, time 8.95
Datacenter::RequestStop, time 8.96, state 1
Datacenter::RequestUpdate failed
Stopping All Sounds...
Stopping All Sounds...
---- Host_NewGame ----
Network: IP 10.147.17.76, mode SP, dedicated No, ports 0 SV / 0 CL
Network: IP 10.147.17.76, mode MP, dedicated No, ports 27015 SV / 27005 CL
material "skybox/cloud001a" not found.
material "skybox/cloud001c" not found.
material "skybox/cloud001d" not found.
material "skybox/cloud001b" not found.
#######################################
Map testroom_aperture missing stringtable dictionary, don't ship this way!!!
#######################################
Host_NewGame on map testroom_aperture
Set Gravity 600.0 (0.250 tolerance)
PrecacheScriptSound 'default.null' failed, no such sound script entry
weapons/v_portalgun.mdl : material "models/weapons/v_models/v_portalgun/v_hands" not found.
CreateEvent: event 'picked_up_paint' not registered.
PrecacheScriptSound 'Paintgun.FireLoop' failed, no such sound script entry
Direct precache of vehicles/airboat/pontoon_fast_water_loop2.wav
Error: Material "models/photo_capture01" : proxy "PlacementPhoto" not found!
Error Index File for 'weapons\w_cam.mdl' checksum 1322159438 should be 2037782653
Warning:  Can't add NULL string to table EffectDispatch
Failed to load models/weapons/v_cam.mdl!
Warning:  Can't add NULL string to table EffectDispatch
Error: Material "models/items/photo_capture01" : proxy "PhotoMaterial" not found!
"materials/null.vtf": can't be found on disk
Error reading weapon data file for: weapon_hopwire
Warning:  Can't add NULL string to table EffectDispatch
Warning:  Can't add NULL string to table EffectDispatch
Warning:  Can't add NULL string to table EffectDispatch
Warning:  Can't add NULL string to table EffectDispatch
Warning:  Can't add NULL string to table EffectDispatch
Warning:  Can't add NULL string to table EffectDispatch
Warning:  Can't add NULL string to table EffectDispatch
Warning:  Can't add NULL string to table EffectDispatch
Warning:  Can't add NULL string to table EffectDispatch
Warning:  Can't add NULL string to table EffectDispatch
Warning:  Can't add NULL string to table EffectDispatch
Warning:  Can't add NULL string to table EffectDispatch
Warning:  Can't add NULL string to table EffectDispatch
Script not found (scripts/vscripts/mapspawn.nut) 
Failed to CRC cfg/cpu_level_0_pc.ekv
Failed to CRC cfg/cpu_level_0_pc_ss.ekv
Failed to CRC cfg/cpu_level_1_pc.ekv
Failed to CRC cfg/cpu_level_1_pc_ss.ekv
Failed to CRC cfg/cpu_level_2_pc.ekv
Failed to CRC cfg/cpu_level_2_pc_ss.ekv
Failed to CRC cfg/gpu_level_0_pc.ekv
Failed to CRC cfg/gpu_level_1_pc.ekv
Failed to CRC cfg/gpu_level_2_pc.ekv
Failed to CRC cfg/gpu_level_3_pc.ekv
Failed to CRC cfg/mem_level_0_pc.ekv
Failed to CRC cfg/mem_level_1_pc.ekv
Failed to CRC cfg/mem_level_2_pc.ekv
Failed to CRC cfg/gpu_mem_level_0_pc.ekv
Failed to CRC cfg/gpu_mem_level_1_pc.ekv
Failed to CRC cfg/gpu_mem_level_2_pc.ekv
Failed to CRC scripts/asw_weapon_ammo_bag.txt
Failed to CRC scripts/asw_weapon_ammo_satchel.txt
Failed to CRC scripts/asw_weapon_autogun.txt
Failed to CRC scripts/asw_weapon_blink.txt
Failed to CRC scripts/asw_weapon_buff_grenade.txt
Failed to CRC scripts/asw_weapon_chainsaw.txt
Failed to CRC scripts/asw_weapon_electrified_armor.txt
Failed to CRC scripts/asw_weapon_fire_extinguisher.txt
Failed to CRC scripts/asw_weapon_fist.txt
Failed to CRC scripts/asw_weapon_flamer.txt
Failed to CRC scripts/asw_weapon_flares.txt
Failed to CRC scripts/asw_weapon_flashlight.txt
Failed to CRC scripts/asw_weapon_freeze_grenades.txt
Failed to CRC scripts/asw_weapon_grenades.txt
Failed to CRC scripts/asw_weapon_grenade_launcher.txt
Failed to CRC scripts/asw_weapon_heal_grenade.txt
Failed to CRC scripts/asw_weapon_heal_gun.txt
Failed to CRC scripts/asw_weapon_hornet_barrage.txt
Failed to CRC scripts/asw_weapon_jump_jet.txt
Failed to CRC scripts/asw_weapon_laser_mines.txt
Failed to CRC scripts/asw_weapon_medical_satchel.txt
Failed to CRC scripts/asw_weapon_medkit.txt
Failed to CRC scripts/asw_weapon_mines.txt
Failed to CRC scripts/asw_weapon_minigun.txt
Failed to CRC scripts/asw_weapon_mining_laser.txt
Failed to CRC scripts/asw_weapon_night_vision.txt
Failed to CRC scripts/asw_weapon_normal_armor.txt
Failed to CRC scripts/asw_weapon_pdw.txt
Failed to CRC scripts/asw_weapon_pistol.txt
Failed to CRC scripts/asw_weapon_prifle.txt
Failed to CRC scripts/asw_weapon_railgun.txt
Failed to CRC scripts/asw_weapon_rifle.txt
Failed to CRC scripts/asw_weapon_sentry.txt
Failed to CRC scripts/asw_weapon_sentry_cannon.txt
Failed to CRC scripts/asw_weapon_sentry_flamer.txt
Failed to CRC scripts/asw_weapon_sentry_freeze.txt
Failed to CRC scripts/asw_weapon_shotgun.txt
Failed to CRC scripts/asw_weapon_smart_bomb.txt
Failed to CRC scripts/asw_weapon_sniper_rifle.txt
Failed to CRC scripts/asw_weapon_stim.txt
Failed to CRC scripts/asw_weapon_tesla_gun.txt
Failed to CRC scripts/asw_weapon_tesla_trap.txt
Failed to CRC scripts/asw_weapon_vindicator.txt
Failed to CRC scripts/asw_weapon_welder.txt
PrecacheScriptSound 'Mousetrap.Snap' failed, no such sound script entry
Attempted to create unknown entity type trigger_callback!
Attempted to create unknown entity type trigger_callback!
PrecacheScriptSound 'NPC_Android.Pain' failed, no such sound script entry
Attempted to create unknown entity type _squashed_zombie!
NULL Ent in UTIL_PrecacheOther
PrecacheScriptSound 'AndroidDispenser.Blocked' failed, no such sound script entry
PrecacheScriptSound 'AndroidDispenser.Dispense' failed, no such sound script entry
prop_dynamic at -872 0 128 uses model models/props_c17/furnituretable002a.mdl, which has propdata which means that it be used on a prop_physics. DELETED.
props\portaldoor.mdl : material "models/props/door_01_off" not found.
props\portaldoor.mdl : material "door_01_off" not found.
Failed to load models/props_farm/magnet.mdl!
NET_GetBindAddresses found 192.168.31.140: 'Realtek PCIe GbE Family Controller'
NET_GetBindAddresses found 26.133.72.161: 'Famatech Radmin VPN Ethernet Adapter'
NET_GetBindAddresses found 172.24.90.163: 'ZeroTier Virtual Port #2'
NET_GetBindAddresses found 10.147.17.76: 'ZeroTier Virtual Port #3'
NET_GetBindAddresses found 172.16.0.2: 'WireGuard Tunnel'
Opened Steam Socket NS_SERVER ( virtual port 27015 ) : listen socket handle( 65787 )
Opened Steam Socket NS_CLIENT ( virtual port 27005 ) : listen socket handle( 252 )
Network: IP 10.147.17.76, mode MP, dedicated No, ports 27015 SV / 27005 CL
Parent cvar in client.dll not allowed (rr_debugresponseconcept)
Parent cvar in client.dll not allowed (rr_dumpresponses)
Parent cvar in client.dll not allowed (rr_debugrule)
Parent cvar in client.dll not allowed (rr_debugresponses)
WARNING: unable to link rr_debugresponseconcept_exclude and rr_debugresponseconcept_exclude because one or more is a ConCommand.
Parent cvar in client.dll not allowed (movement_anim_playback_minrate)
WARNING: unable to link creditsdone and creditsdone because one or more is a ConCommand.
WARNING: unable to link rr_reloadresponsesystems and rr_reloadresponsesystems because one or more is a ConCommand.
KeyValues Error: RecursiveLoadFromBuffer:  got NULL key in file particles/particles_manifest.txt
particles_manifest, 
CParticleMgr::Init:  Manifest 'particles/particles_manifest.txt' with bogus file type 'file		', expecting 'file'
CParticleMgr::Init:  Manifest 'particles/particles_manifest.txt' with bogus file type '
}', expecting 'file'
CResponseSystem:  scripts\talker\response_rules.txt (2 rules, 2 criteria, and 2 responses)
maxplayers set to 1
We're happy and aperture_render_targets!Missing cfg\cpu_level_2_pc.ekv
Missing cfg\gpu_level_3_pc.ekv
Missing cfg\mem_level_2_pc.ekv
Missing cfg\gpu_mem_level_2_pc.ekv
Running -nogameui mode, using client module instead of gameui
Steam config directory: C:\SourceCode\aperture-camera\game\platform\config
KeyValues Error: RecursiveLoadFromBuffer:  got NULL key in file particles/particles_manifest.txt
particles_manifest, 
CParticleMgr::Init:  Manifest 'particles/particles_manifest.txt' with bogus file type 'file		', expecting 'file'
CParticleMgr::Init:  Manifest 'particles/particles_manifest.txt' with bogus file type '
}', expecting 'file'
No split screen config file 'splitscreen_config.txt', using defaults
Missing cfg\cpu_level_2_pc.ekv
Missing cfg\gpu_level_3_pc.ekv
Missing cfg\mem_level_2_pc.ekv
Missing cfg\gpu_mem_level_2_pc.ekv
CGameEventManager::AddListener: event 'replay_status' unknown.
CGameEventManager::AddListener: event 'spec_target_updated' unknown.
KV Conditional: Unknown symbol OSX
KV Conditional: Unknown symbol OSX
Hud element 'CHudControlHelper' doesn't have an entry 'HudControlHelper' in scripts/HudLayout.res
Hud element 'CHudIndicator' doesn't have an entry 'HudIndicator' in scripts/HudLayout.res
Hud element 'CHudViewfinder' doesn't have an entry 'HudViewfinder' in scripts/HudLayout.res
Hud element 'CHudPhotoInventory' doesn't have an entry 'HudPhotoInventory' in scripts/HudLayout.res
Hud element 'CHudPhotoFlash' doesn't have an entry 'HudPhotoInventory' in scripts/HudLayout.res
CResponseSystem:  scripts\talker\response_rules.txt (2 rules, 2 criteria, and 2 responses)
cc_lang = 
Missing cfg\cpu_level_2_pc.ekv
Missing cfg\gpu_level_3_pc.ekv
Missing cfg\mem_level_2_pc.ekv
Missing cfg\gpu_mem_level_2_pc.ekv
Sound Initialization: Start
DS:stereo speaker configuration detected
Set primary sound buffer format: yes
Using secondary sound buffer
   2 channel(s)
   16 bits/sample
   44100 samples/sec
DirectSound initialized
Stopping All Sounds...
Trying cache :  'c:/sourcecode/aperture-camera/game/valve/maps/soundcache/_master.cache'
Successfully loaded audio cache file
Sound Initialization: Finish, Sampling Rate: 44100
cc_lang = 
Legacy Surround disabled.
Stopping All Sounds...
Sound Initialization: Start
DS:stereo speaker configuration detected
Set primary sound buffer format: yes
Using secondary sound buffer
   2 channel(s)
   16 bits/sample
   44100 samples/sec
DirectSound initialized
Stopping All Sounds...
Trying cache :  'c:/sourcecode/aperture-camera/game/valve/maps/soundcache/_master.cache'
Successfully loaded audio cache file
Sound Initialization: Finish, Sampling Rate: 44100
Datacenter::RequestStart, time 5.63
Datacenter::RequestStop, time 5.64, state 1
Datacenter::RequestUpdate failed
Stopping All Sounds...
Stopping All Sounds...
---- Host_NewGame ----
Network: IP 10.147.17.76, mode SP, dedicated No, ports 0 SV / 0 CL
Network: IP 10.147.17.76, mode MP, dedicated No, ports 27015 SV / 27005 CL
#######################################
Map testroom_aperture missing stringtable dictionary, don't ship this way!!!
#######################################
Host_NewGame on map testroom_aperture
Set Gravity 600.0 (0.250 tolerance)
PrecacheScriptSound 'default.null' failed, no such sound script entry
weapons/v_portalgun.mdl : material "models/weapons/v_models/v_portalgun/v_hands" not found.
CreateEvent: event 'picked_up_paint' not registered.
PrecacheScriptSound 'Paintgun.FireLoop' failed, no such sound script entry
Direct precache of vehicles/airboat/pontoon_fast_water_loop2.wav
Shader 'shaders\fxc\vertexlit_and_unlit_generic_ps20b.vcs' - Couldn't load combo 503345184 of shader (dyn=8)
Shader 'shaders\fxc\vertexlit_and_unlit_generic_ps20b.vcs' - Couldn't load combo 503346208 of shader (dyn=8)
Error Index File for 'weapons\w_cam.mdl' checksum 1322159438 should be 2037782653
Warning:  Can't add NULL string to table EffectDispatch
Failed to load models/weapons/v_cam.mdl!
Warning:  Can't add NULL string to table EffectDispatch
Error: Material "models/items/photo_capture01" : proxy "PhotoMaterial" not found!
"materials/null.vtf": can't be found on disk
Error reading weapon data file for: weapon_hopwire
Warning:  Can't add NULL string to table EffectDispatch
Warning:  Can't add NULL string to table EffectDispatch
Warning:  Can't add NULL string to table EffectDispatch
Warning:  Can't add NULL string to table EffectDispatch
Warning:  Can't add NULL string to table EffectDispatch
Warning:  Can't add NULL string to table EffectDispatch
Warning:  Can't add NULL string to table EffectDispatch
Warning:  Can't add NULL string to table EffectDispatch
Warning:  Can't add NULL string to table EffectDispatch
Warning:  Can't add NULL string to table EffectDispatch
Warning:  Can't add NULL string to table EffectDispatch
Warning:  Can't add NULL string to table EffectDispatch
Warning:  Can't add NULL string to table EffectDispatch
Script not found (scripts/vscripts/mapspawn.nut) 
Failed to CRC cfg/cpu_level_0_pc.ekv
Failed to CRC cfg/cpu_level_0_pc_ss.ekv
Failed to CRC cfg/cpu_level_1_pc.ekv
Failed to CRC cfg/cpu_level_1_pc_ss.ekv
Failed to CRC cfg/cpu_level_2_pc.ekv
Failed to CRC cfg/cpu_level_2_pc_ss.ekv
Failed to CRC cfg/gpu_level_0_pc.ekv
Failed to CRC cfg/gpu_level_1_pc.ekv
Failed to CRC cfg/gpu_level_2_pc.ekv
Failed to CRC cfg/gpu_level_3_pc.ekv
Failed to CRC cfg/mem_level_0_pc.ekv
Failed to CRC cfg/mem_level_1_pc.ekv
Failed to CRC cfg/mem_level_2_pc.ekv
Failed to CRC cfg/gpu_mem_level_0_pc.ekv
Failed to CRC cfg/gpu_mem_level_1_pc.ekv
Failed to CRC cfg/gpu_mem_level_2_pc.ekv
Failed to CRC scripts/asw_weapon_ammo_bag.txt
Failed to CRC scripts/asw_weapon_ammo_satchel.txt
Failed to CRC scripts/asw_weapon_autogun.txt
Failed to CRC scripts/asw_weapon_blink.txt
Failed to CRC scripts/asw_weapon_buff_grenade.txt
Failed to CRC scripts/asw_weapon_chainsaw.txt
Failed to CRC scripts/asw_weapon_electrified_armor.txt
Failed to CRC scripts/asw_weapon_fire_extinguisher.txt
Failed to CRC scripts/asw_weapon_fist.txt
Failed to CRC scripts/asw_weapon_flamer.txt
Failed to CRC scripts/asw_weapon_flares.txt
Failed to CRC scripts/asw_weapon_flashlight.txt
Failed to CRC scripts/asw_weapon_freeze_grenades.txt
Failed to CRC scripts/asw_weapon_grenades.txt
Failed to CRC scripts/asw_weapon_grenade_launcher.txt
Failed to CRC scripts/asw_weapon_heal_grenade.txt
Failed to CRC scripts/asw_weapon_heal_gun.txt
Failed to CRC scripts/asw_weapon_hornet_barrage.txt
Failed to CRC scripts/asw_weapon_jump_jet.txt
Failed to CRC scripts/asw_weapon_laser_mines.txt
Failed to CRC scripts/asw_weapon_medical_satchel.txt
Failed to CRC scripts/asw_weapon_medkit.txt
Failed to CRC scripts/asw_weapon_mines.txt
Failed to CRC scripts/asw_weapon_minigun.txt
Failed to CRC scripts/asw_weapon_mining_laser.txt
Failed to CRC scripts/asw_weapon_night_vision.txt
Failed to CRC scripts/asw_weapon_normal_armor.txt
Failed to CRC scripts/asw_weapon_pdw.txt
Failed to CRC scripts/asw_weapon_pistol.txt
Failed to CRC scripts/asw_weapon_prifle.txt
Failed to CRC scripts/asw_weapon_railgun.txt
Failed to CRC scripts/asw_weapon_rifle.txt
Failed to CRC scripts/asw_weapon_sentry.txt
Failed to CRC scripts/asw_weapon_sentry_cannon.txt
Failed to CRC scripts/asw_weapon_sentry_flamer.txt
Failed to CRC scripts/asw_weapon_sentry_freeze.txt
Failed to CRC scripts/asw_weapon_shotgun.txt
Failed to CRC scripts/asw_weapon_smart_bomb.txt
Failed to CRC scripts/asw_weapon_sniper_rifle.txt
Failed to CRC scripts/asw_weapon_stim.txt
Failed to CRC scripts/asw_weapon_tesla_gun.txt
Failed to CRC scripts/asw_weapon_tesla_trap.txt
Failed to CRC scripts/asw_weapon_vindicator.txt
Failed to CRC scripts/asw_weapon_welder.txt
Attempted to create unknown entity type prop_portal_linked_door!
Can't init prop_portal_linked_door
Attempted to create unknown entity type prop_portal_linked_door!
Can't init prop_portal_linked_door
PrecacheScriptSound 'Mousetrap.Snap' failed, no such sound script entry
Attempted to create unknown entity type trigger_callback!
Attempted to create unknown entity type trigger_callback!
PrecacheScriptSound 'NPC_Android.Pain' failed, no such sound script entry
Attempted to create unknown entity type _squashed_zombie!
NULL Ent in UTIL_PrecacheOther
PrecacheScriptSound 'AndroidDispenser.Blocked' failed, no such sound script entry
PrecacheScriptSound 'AndroidDispenser.Dispense' failed, no such sound script entry
prop_dynamic at -872 0 128 uses model models/props_c17/furnituretable002a.mdl, which has propdata which means that it be used on a prop_physics. DELETED.
"materials/models/bot_fem/bot_male_exponent.vtf": can't be found on disk
npcs/hover_turret.mdl : material "models/props_bts/glados_ball_01" not found.
npcs/hover_turret.mdl : material "models/props_bts/glados_ball_02" not found.
npcs/hover_turret.mdl : material "models/props_bts/glados_ball_03" not found.
npcs/hover_turret.mdl : material "models/props_bts/glados_ball_04" not found.
Invalid file size for motd.txt
Invalid file size for host.txt
Created class baseline: 21 classes, 3088 bytes.
Heartbeat is disabled (usually developer or cheats is on).
m_eServerMode pre = 0
m_eServerMode post = 2
Stopping All Sounds...
1.000:  Sending UDP connect to public IP 127.0.0.1:27015
Server using '<none>' lobbies, requiring pw no, lobby id 0
RememberIPAddressForLobby: lobby 0 from address loopback

Portal
Map: testroom_aperture
Players: 1 (0 bots) / 1 humans
Build: 6653
Server Number: 1

material "particle/particle_glow_05_add_15ob" not found.
Attempted to precache unknown particle system "portal_dematerialize"!
Attempted to precache unknown particle system "portal_rematerialize"!
Attempted to precache unknown particle system "zombie_stomp_heavy"!
Attempted to precache unknown particle system "GrubBlood"!
Attempted to precache unknown particle system "fizzler_field"!
Attempted to precache unknown particle system "fizzler_field_scalable"!
material "overlays/coop_ping_decal" not found.
material "effects/huntertracer" not found.
Attempted to precache unknown particle system "rain_storm"!
Attempted to precache unknown particle system "rain_storm"!
Attempted to precache unknown particle system "rain_storm_screen"!
Attempted to precache unknown particle system "rain_storm_screen"!
Attempted to precache unknown particle system "rain_storm_outer"!
Attempted to precache unknown particle system "rain_storm_outer"!
Attempted to precache unknown particle system "rain"!
Attempted to precache unknown particle system "rain"!
Attempted to precache unknown particle system "rain_outer"!
Attempted to precache unknown particle system "rain_outer"!
Attempted to precache unknown particle system "ash"!
Attempted to precache unknown particle system "ash"!
Attempted to precache unknown particle system "ash_outer"!
Attempted to precache unknown particle system "ash_outer"!
Attempted to precache unknown particle system "snow"!
Attempted to precache unknown particle system "snow"!
Attempted to precache unknown particle system "snow_outer"!
Attempted to precache unknown particle system "snow_outer"!
Attempted to precache unknown particle system "rtube_muzzle"!
Attempted to precache unknown particle system "rtube_muzzle"!
Attempted to precache unknown particle system "paint_hose"!
Attempted to precache unknown particle system "paint_hose"!
material "photos/photo_background" not found.
material "photos/photo_foreground" not found.
Script not found (scripts/vscripts/mapspawn.nut) 
Sending full update to Client gustavo (gustavo can't find frame from tick -1)
Receiving uncompressed update from server
Set Gravity 600.0 (0.250 tolerance)
Queued Material System: ENABLED!
DEBUG HISTORY IS ENABLED. Disable before release (in env_debughistory.h).
CreateEvent: event 'portal_player_touchedground' not registered.
material "" not found.
Attempting to create unknown particle system 'fizzler_field_scalable' 
Attempting to create unknown particle system 'fizzler_field' 
Attempting to create unknown particle system 'fizzler_field' 
Attempting to create unknown particle system 'fizzler_field_scalable' 
Redownloading all lightmaps
R_RedownloadAllLightmaps took 4.914 msec!
Connection to Steam servers successful.
   VAC secure mode disabled.
"gustavo<2><STEAM_1:0:594052514><>" STEAM USERID validated
gustavo unpaused the game
CModelRenderSystem::SetupFlashlightsAndDecals sorted model list count incorrect! A model was probably unable to load!CModelRenderSystem::SetupFlashlightsAndDecals sorted model list count incorrect! A model was probably unable to load!CModelRenderSystem::SetupFlashlightsAndDecals sorted model list count incorrect! A model was probably unable to load!CModelRenderSystem::SetupFlashlightsAndDecals sorted model list count incorrect! A model was probably unable to load!CModelRenderSystem::SetupFlashlightsAndDecals sorted model list count incorrect! A model was probably unable to load!CModelRenderSystem::SetupFlashlightsAndDecals sorted model list count incorrect! A model was probably unable to load!CModelRenderSystem::SetupFlashlightsAndDecals sorted model list count incorrect! A model was probably unable to load!CModelRenderSystem::SetupFlashlightsAndDecals sorted model list count incorrect! A model was probably unable to load!CModelRenderSystem::SetupFlashlightsAndDecals sorted model list count incorrect! A model was probably unable to load!CModelRenderSystem::SetupFlashlightsAndDecals sorted model list count incorrect! A model was probably unable to load!CModelRenderSystem::SetupFlashlightsAndDecals sorted model list count incorrect! A model was probably unable to load!CModelRenderSystem::SetupFlashlightsAndDecals sorted model list count incorrect! A model was probably unable to load!CModelRenderSystem::SetupFlashlightsAndDecals sorted model list count incorrect! A model was probably unable to load!CModelRenderSystem::SetupFlashlightsAndDecals sorted model list count incorrect! A model was probably unable to load!CModelRenderSystem::SetupFlashlightsAndDecals sorted model list count incorrect! A model was probably unable to load!CModelRenderSystem::SetupFlashlightsAndDecals sorted model list count incorrect! A model was probably unable to load!CModelRenderSystem::SetupFlashlightsAndDecals sorted model list count incorrect! A model was probably unable to load!CModelRenderSystem::SetupFlashlightsAndDecals sorted model list count incorrect! A model was probably unable to load!CModelRenderSystem::SetupFlashlightsAndDecals sorted model list count incorrect! A model was probably unable to load!CModelRenderSystem::SetupFlashlightsAndDecals sorted model list count incorrect! A model was probably unable to load!CModelRenderSystem::SetupFlashlightsAndDecals sorted model list count incorrect! A model was probably unable to load!CModelRenderSystem::SetupFlashlightsAndDecals sorted model list count incorrect! A model was probably unable to load!CModelRenderSystem::SetupFlashlightsAndDecals sorted model list count incorrect! A model was probably unable to load!CModelRenderSystem::SetupFlashlightsAndDecals sorted model list count incorrect! A model was probably unable to load!CModelRenderSystem::SetupFlashlightsAndDecals sorted model list count incorrect! A model was probably unable to load!CModelRenderSystem::SetupFlashlightsAndDecals sorted model list count incorrect! A model was probably unable to load!CModelRenderSystem::SetupFlashlightsAndDecals sorted model list count incorrect! A model was probably unable to load!CModelRenderSystem::SetupFlashlightsAndDecals sorted model list count incorrect! A model was probably unable to load!CModelRenderSystem::SetupFlashlightsAndDecals sorted model list count incorrect! A model was probably unable to load!CModelRenderSystem::SetupFlashlightsAndDecals sorted model list count incorrect! A model was probably unable to load!CModelRenderSystem::SetupFlashlightsAndDecals sorted model list count incorrect! A model was probably unable to load!CModelRenderSystem::SetupFlashlightsAndDecals sorted model list count incorrect! A model was probably unable to load!CModelRenderSystem::SetupFlashlightsAndDecals sorted model list count incorrect! A model was probably unable to load!CModelRenderSystem::SetupFlashlightsAndDecals sorted model list count incorrect! A model was probably unable to load!CModelRenderSystem::SetupFlashlightsAndDecals sorted model list count incorrect! A model was probably unable to load!CModelRenderSystem::SetupFlashlightsAndDecals sorted model list count incorrect! A model was probably unable to load!CModelRenderSystem::SetupFlashlightsAndDecals sorted model list count incorrect! A model was probably unable to load!CModelRenderSystem::SetupFlashlightsAndDecals sorted model list count incorrect! A model was probably unable to load!CModelRenderSystem::SetupFlashlightsAndDecals sorted model list count incorrect! A model was probably unable to load!CModelRenderSystem::SetupFlashlightsAndDecals sorted model list count incorrect! A model was probably unable to load!CModelRenderSystem::SetupFlashlightsAndDecals sorted model list count incorrect! A model was probably unable to load!CModelRenderSystem::SetupFlashlightsAndDecals sorted model list count incorrect! A model was probably unable to load!CModelRenderSystem::SetupFlashlightsAndDecals sorted model list count incorrect! A model was probably unable to load!CModelRenderSystem::SetupFlashlightsAndDecals sorted model list count incorrect! A model was probably unable to load!CModelRenderSystem::SetupFlashlightsAndDecals sorted model list count incorrect! A model was probably unable to load!CModelRenderSystem::SetupFlashlightsAndDecals sorted model list count incorrect! A model was probably unable to load!CModelRenderSystem::SetupFlashlightsAndDecals sorted model list count incorrect! A model was probably unable to load!CModelRenderSystem::SetupFlashlightsAndDecals sorted model list count incorrect! A model was probably unable to load!CModelRenderSystem::SetupFlashlightsAndDecals sorted model list count incorrect! A model was probably unable to load!CModelRenderSystem::SetupFlashlightsAndDecals sorted model list count incorrect! A model was probably unable to load!CModelRenderSystem::SetupFlashlightsAndDecals sorted model list count incorrect! A model was probably unable to load!CModelRenderSystem::SetupFlashlightsAndDecals sorted model list count incorrect! A model was probably unable to load!CModelRenderSystem::SetupFlashlightsAndDecals sorted model list count incorrect! A model was probably unable to load!CModelRenderSystem::SetupFlashlightsAndDecals sorted model list count incorrect! A model was probably unable to load!CModelRenderSystem::SetupFlashlightsAndDecals sorted model list count incorrect! A model was probably unable to load!CModelRenderSystem::SetupFlashlightsAndDecals sorted model list count incorrect! A model was probably unable to load!CModelRenderSystem::SetupFlashlightsAndDecals sorted model list count incorrect! A model was probably unable to load!CModelRenderSystem::SetupFlashlightsAndDecals sorted model list count incorrect! A model was probably unable to load!CModelRenderSystem::SetupFlashlightsAndDecals sorted model list count incorrect! A model was probably unable to load!CModelRenderSystem::SetupFlashlightsAndDecals sorted model list count incorrect! A model was probably unable to load!CModelRenderSystem::SetupFlashlightsAndDecals sorted model list count incorrect! A model was probably unable to load!CModelRenderSystem::SetupFlashlightsAndDecals sorted model list count incorrect! A model was probably unable to load!CModelRenderSystem::SetupFlashlightsAndDecals sorted model list count incorrect! A model was probably unable to load!CModelRenderSystem::SetupFlashlightsAndDecals sorted model list count incorrect! A model was probably unable to load!CModelRenderSystem::SetupFlashlightsAndDecals sorted model list count incorrect! A model was probably unable to load!CModelRenderSystem::SetupFlashlightsAndDecals sorted model list count incorrect! A model was probably unable to load!CModelRenderSystem::SetupFlashlightsAndDecals sorted model list count incorrect! A model was probably unable to load!CModelRenderSystem::SetupFlashlightsAndDecals sorted model list count incorrect! A model was probably unable to load!CModelRenderSystem::SetupFlashlightsAndDecals sorted model list count incorrect! A model was probably unable to load!CModelRenderSystem::SetupFlashlightsAndDecals sorted model list count incorrect! A model was probably unable to load!CModelRenderSystem::SetupFlashlightsAndDecals sorted model list count incorrect! A model was probably unable to load!CModelRenderSystem::SetupFlashlightsAndDecals sorted model list count incorrect! A model was probably unable to load!CModelRenderSystem::SetupFlashlightsAndDecals sorted model list count incorrect! A model was probably unable to load!CModelRenderSystem::SetupFlashlightsAndDecals sorted model list count incorrect! A model was probably unable to load!CModelRenderSystem::SetupFlashlightsAndDecals sorted model list count incorrect! A model was probably unable to load!CModelRenderSystem::SetupFlashlightsAndDecals sorted model list count incorrect! A model was probably unable to load!CModelRenderSystem::SetupFlashlightsAndDecals sorted model list count incorrect! A model was probably unable to load!CModelRenderSystem::SetupFlashlightsAndDecals sorted model list count incorrect! A model was probably unable to load!CModelRenderSystem::SetupFlashlightsAndDecals sorted model list count incorrect! A model was probably unable to load!CModelRenderSystem::SetupFlashlightsAndDecals sorted model list count incorrect! A model was probably unable to load!CModelRenderSystem::SetupFlashlightsAndDecals sorted model list count incorrect! A model was probably unable to load!CModelRenderSystem::SetupFlashlightsAndDecals sorted model list count incorrect! A model was probably unable to load!CModelRenderSystem::SetupFlashlightsAndDecals sorted model list count incorrect! A model was probably unable to load!CModelRenderSystem::SetupFlashlightsAndDecals sorted model list count incorrect! A model was probably unable to load!CModelRenderSystem::SetupFlashlightsAndDecals sorted model list count incorrect! A model was probably unable to load!CModelRenderSystem::SetupFlashlightsAndDecals sorted model list count incorrect! A model was probably unable to load!CModelRenderSystem::SetupFlashlightsAndDecals sorted model list count incorrect! A model was probably unable to load!CModelRenderSystem::SetupFlashlightsAndDecals sorted model list count incorrect! A model was probably unable to load!CModelRenderSystem::SetupFlashlightsAndDecals sorted model list count incorrect! A model was probably unable to load!CModelRenderSystem::SetupFlashlightsAndDecals sorted model list count incorrect! A model was probably unable to load!CModelRenderSystem::SetupFlashlightsAndDecals sorted model list count incorrect! A model was probably unable to load!CModelRenderSystem::SetupFlashlightsAndDecals sorted model list count incorrect! A model was probably unable to load!CModelRenderSystem::SetupFlashlightsAndDecals sorted model list count incorrect! A model was probably unable to load!CModelRenderSystem::SetupFlashlightsAndDecals sorted model list count incorrect! A model was probably unable to load!CModelRenderSystem::SetupFlashlightsAndDecals sorted model list count incorrect! A model was probably unable to load!CModelRenderSystem::SetupFlashlightsAndDecals sorted model list count incorrect! A model was probably unable to load!CModelRenderSystem::SetupFlashlightsAndDecals sorted model list count incorrect! A model was probably unable to load!CModelRenderSystem::SetupFlashlightsAndDecals sorted model list count incorrect! A model was probably unable to load!CModelRenderSystem::SetupFlashlightsAndDecals sorted model list count incorrect! A model was probably unable to load!CModelRenderSystem::SetupFlashlightsAndDecals sorted model list count incorrect! A model was probably unable to load!CModelRenderSystem::SetupFlashlightsAndDecals sorted model list count incorrect! A model was probably unable to load!CModelRenderSystem::SetupFlashlightsAndDecals sorted model list count incorrect! A model was probably unable to load!CModelRenderSystem::SetupFlashlightsAndDecals sorted model list count incorrect! A model was probably unable to load!CModelRenderSystem::SetupFlashlightsAndDecals sorted model list count incorrect! A model was probably unable to load!CModelRenderSystem::SetupFlashlightsAndDecals sorted model list count incorrect! A model was probably unable to load!CModelRenderSystem::SetupFlashlightsAndDecals sorted model list count incorrect! A model was probably unable to load!CModelRenderSystem::SetupFlashlightsAndDecals sorted model list count incorrect! A model was probably unable to load!CModelRenderSystem::SetupFlashlightsAndDecals sorted model list count incorrect! A model was probably unable to load!CModelRenderSystem::SetupFlashlightsAndDecals sorted model list count incorrect! A model was probably unable to load!CModelRenderSystem::SetupFlashlightsAndDecals sorted model list count incorrect! A model was probably unable to load!CModelRenderSystem::SetupFlashlightsAndDecals sorted model list count incorrect! A model was probably unable to load!CModelRenderSystem::SetupFlashlightsAndDecals sorted model list count incorrect! A model was probably unable to load!CModelRenderSystem::SetupFlashlightsAndDecals sorted model list count incorrect! A model was probably unable to load!CModelRenderSystem::SetupFlashlightsAndDecals sorted model list count incorrect! A model was probably unable to load!CModelRenderSystem::SetupFlashlightsAndDecals sorted model list count incorrect! A model was probably unable to load!CModelRenderSystem::SetupFlashlightsAndDecals sorted model list count incorrect! A model was probably unable to load!CModelRenderSystem::SetupFlashlightsAndDecals sorted model list count incorrect! A model was probably unable to load!CModelRenderSystem::SetupFlashlightsAndDecals sorted model list count incorrect! A model was probably unable to load!CModelRenderSystem::SetupFlashlightsAndDecals sorted model list count incorrect! A model was probably unable to load!CModelRenderSystem::SetupFlashlightsAndDecals sorted model list count incorrect! A model was probably unable to load!CModelRenderSystem::SetupFlashlightsAndDecals sorted model list count incorrect! A model was probably unable to load!CModelRenderSystem::SetupFlashlightsAndDecals sorted model list count incorrect! A model was probably unable to load!CModelRenderSystem::SetupFlashlightsAndDecals sorted model list count incorrect! A model was probably unable to load!CModelRenderSystem::SetupFlashlightsAndDecals sorted model list count incorrect! A model was probably unable to load!CModelRenderSystem::SetupFlashlightsAndDecals sorted model list count incorrect! A model was probably unable to load!CModelRenderSystem::SetupFlashlightsAndDecals sorted model list count incorrect! A model was probably unable to load!CModelRenderSystem::SetupFlashlightsAndDecals sorted model list count incorrect! A model was probably unable to load!CModelRenderSystem::SetupFlashlightsAndDecals sorted model list count incorrect! A model was probably unable to load!CModelRenderSystem::SetupFlashlightsAndDecals sorted model list count incorrect! A model was probably unable to load!CModelRenderSystem::SetupFlashlightsAndDecals sorted model list count incorrect! A model was probably unable to load!CModelRenderSystem::SetupFlashlightsAndDecals sorted model list count incorrect! A model was probably unable to load!CModelRenderSystem::SetupFlashlightsAndDecals sorted model list count incorrect! A model was probably unable to load!CModelRenderSystem::SetupFlashlightsAndDecals sorted model list count incorrect! A model was probably unable to load!CModelRenderSystem::SetupFlashlightsAndDecals sorted model list count incorrect! A model was probably unable to load!CModelRenderSystem::SetupFlashlightsAndDecals sorted model list count incorrect! A model was probably unable to load!CModelRenderSystem::SetupFlashlightsAndDecals sorted model list count incorrect! A model was probably unable to load!CModelRenderSystem::SetupFlashlightsAndDecals sorted model list count incorrect! A model was probably unable to load!CModelRenderSystem::SetupFlashlightsAndDecals sorted model list count incorrect! A model was probably unable to load!CModelRenderSystem::SetupFlashlightsAndDecals sorted model list count incorrect! A model was probably unable to load!CModelRenderSystem::SetupFlashlightsAndDecals sorted model list count incorrect! A model was probably unable to load!CModelRenderSystem::SetupFlashlightsAndDecals sorted model list count incorrect! A model was probably unable to load!CModelRenderSystem::SetupFlashlightsAndDecals sorted model list count incorrect! A model was probably unable to load!CModelRenderSystem::SetupFlashlightsAndDecals sorted model list count incorrect! A model was probably unable to load!CModelRenderSystem::SetupFlashlightsAndDecals sorted model list count incorrect! A model was probably unable to load!CModelRenderSystem::SetupFlashlightsAndDecals sorted model list count incorrect! A model was probably unable to load!CModelRenderSystem::SetupFlashlightsAndDecals sorted model list count incorrect! A model was probably unable to load!CModelRenderSystem::SetupFlashlightsAndDecals sorted model list count incorrect! A model was probably unable to load!CModelRenderSystem::SetupFlashlightsAndDecals sorted model list count incorrect! A model was probably unable to load!CModelRenderSystem::SetupFlashlightsAndDecals sorted model list count incorrect! A model was probably unable to load!CModelRenderSystem::SetupFlashlightsAndDecals sorted model list count incorrect! A model was probably unable to load!CModelRenderSystem::SetupFlashlightsAndDecals sorted model list count incorrect! A model was probably unable to load!CModelRenderSystem::SetupFlashlightsAndDecals sorted model list count incorrect! A model was probably unable to load!CModelRenderSystem::SetupFlashlightsAndDecals sorted model list count incorrect! A model was probably unable to load!CModelRenderSystem::SetupFlashlightsAndDecals sorted model list count incorrect! A model was probably unable to load!CModelRenderSystem::SetupFlashlightsAndDecals sorted model list count incorrect! A model was probably unable to load!CModelRenderSystem::SetupFlashlightsAndDecals sorted model list count incorrect! A model was probably unable to load!CModelRenderSystem::SetupFlashlightsAndDecals sorted model list count incorrect! A model was probably unable to load!CModelRenderSystem::SetupFlashlightsAndDecals sorted model list count incorrect! A model was probably unable to load!CModelRenderSystem::SetupFlashlightsAndDecals sorted model list count incorrect! A model was probably unable to load!CModelRenderSystem::SetupFlashlightsAndDecals sorted model list count incorrect! A model was probably unable to load!CModelRenderSystem::SetupFlashlightsAndDecals sorted model list count incorrect! A model was probably unable to load!CModelRenderSystem::SetupFlashlightsAndDecals sorted model list count incorrect! A model was probably unable to load!CModelRenderSystem::SetupFlashlightsAndDecals sorted model list count incorrect! A model was probably unable to load!CModelRenderSystem::SetupFlashlightsAndDecals sorted model list count incorrect! A model was probably unable to load!CModelRenderSystem::SetupFlashlightsAndDecals sorted model list count incorrect! A model was probably unable to load!CModelRenderSystem::SetupFlashlightsAndDecals sorted model list count incorrect! A model was probably unable to load!CModelRenderSystem::SetupFlashlightsAndDecals sorted model list count incorrect! A model was probably unable to load!CModelRenderSystem::SetupFlashlightsAndDecals sorted model list count incorrect! A model was probably unable to load!CModelRenderSystem::SetupFlashlightsAndDecals sorted model list count incorrect! A model was probably unable to load!CModelRenderSystem::SetupFlashlightsAndDecals sorted model list count incorrect! A model was probably unable to load!CModelRenderSystem::SetupFlashlightsAndDecals sorted model list count incorrect! A model was probably unable to load!CModelRenderSystem::SetupFlashlightsAndDecals sorted model list count incorrect! A model was probably unable to load!CModelRenderSystem::SetupFlashlightsAndDecals sorted model list count incorrect! A model was probably unable to load!CModelRenderSystem::SetupFlashlightsAndDecals sorted model list count incorrect! A model was probably unable to load!CModelRenderSystem::SetupFlashlightsAndDecals sorted model list count incorrect! A model was probably unable to load!CModelRenderSystem::SetupFlashlightsAndDecals sorted model list count incorrect! A model was probably unable to load!CModelRenderSystem::SetupFlashlightsAndDecals sorted model list count incorrect! A model was probably unable to load!CModelRenderSystem::SetupFlashlightsAndDecals sorted model list count incorrect! A model was probably unable to load!CModelRenderSystem::SetupFlashlightsAndDecals sorted model list count incorrect! A model was probably unable to load!CModelRenderSystem::SetupFlashlightsAndDecals sorted model list count incorrect! A model was probably unable to load!CModelRenderSystem::SetupFlashlightsAndDecals sorted model list count incorrect! A model was probably unable to load!CModelRenderSystem::SetupFlashlightsAndDecals sorted model list count incorrect! A model was probably unable to load!CModelRenderSystem::SetupFlashlightsAndDecals sorted model list count incorrect! A model was probably unable to load!CModelRenderSystem::SetupFlashlightsAndDecals sorted model list count incorrect! A model was probably unable to load!CModelRenderSystem::SetupFlashlightsAndDecals sorted model list count incorrect! A model was probably unable to load!CModelRenderSystem::SetupFlashlightsAndDecals sorted model list count incorrect! A model was probably unable to load!CModelRenderSystem::SetupFlashlightsAndDecals sorted model list count incorrect! A model was probably unable to load!CModelRenderSystem::SetupFlashlightsAndDecals sorted model list count incorrect! A model was probably unable to load!CModelRenderSystem::SetupFlashlightsAndDecals sorted model list count incorrect! A model was probably unable to load!CModelRenderSystem::SetupFlashlightsAndDecals sorted model list count incorrect! A model was probably unable to load!CModelRenderSystem::SetupFlashlightsAndDecals sorted model list count incorrect! A model was probably unable to load!CModelRenderSystem::SetupFlashlightsAndDecals sorted model list count incorrect! A model was probably unable to load!CModelRenderSystem::SetupFlashlightsAndDecals sorted model list count incorrect! A model was probably unable to load!CModelRenderSystem::SetupFlashlightsAndDecals sorted model list count incorrect! A model was probably unable to load!CModelRenderSystem::SetupFlashlightsAndDecals sorted model list count incorrect! A model was probably unable to load!CModelRenderSystem::SetupFlashlightsAndDecals sorted model list count incorrect! A model was probably unable to load!CModelRenderSystem::SetupFlashlightsAndDecals sorted model list count incorrect! A model was probably unable to load!CModelRenderSystem::SetupFlashlightsAndDecals sorted model list count incorrect! A model was probably unable to load!CModelRenderSystem::SetupFlashlightsAndDecals sorted model list count incorrect! A model was probably unable to load!CModelRenderSystem::SetupFlashlightsAndDecals sorted model list count incorrect! A model was probably unable to load!CModelRenderSystem::SetupFlashlightsAndDecals sorted model list count incorrect! A model was probably unable to load!CModelRenderSystem::SetupFlashlightsAndDecals sorted model list count incorrect! A model was probably unable to load!CModelRenderSystem::SetupFlashlightsAndDecals sorted model list count incorrect! A model was probably unable to load!CModelRenderSystem::SetupFlashlightsAndDecals sorted model list count incorrect! A model was probably unable to load!CModelRenderSystem::SetupFlashlightsAndDecals sorted model list count incorrect! A model was probably unable to load!CModelRenderSystem::SetupFlashlightsAndDecals sorted model list count incorrect! A model was probably unable to load!CModelRenderSystem::SetupFlashlightsAndDecals sorted model list count incorrect! A model was probably unable to load!CModelRenderSystem::SetupFlashlightsAndDecals sorted model list count incorrect! A model was probably unable to load!CModelRenderSystem::SetupFlashlightsAndDecals sorted model list count incorrect! A model was probably unable to load!CModelRenderSystem::SetupFlashlightsAndDecals sorted model list count incorrect! A model was probably unable to load!CModelRenderSystem::SetupFlashlightsAndDecals sorted model list count incorrect! A model was probably unable to load!CModelRenderSystem::SetupFlashlightsAndDecals sorted model list count incorrect! A model was probably unable to load!CModelRenderSystem::SetupFlashlightsAndDecals sorted model list count incorrect! A model was probably unable to load!CModelRenderSystem::SetupFlashlightsAndDecals sorted model list count incorrect! A model was probably unable to load!CModelRenderSystem::SetupFlashlightsAndDecals sorted model list count incorrect! A model was probably unable to load!CModelRenderSystem::SetupFlashlightsAndDecals sorted model list count incorrect! A model was probably unable to load!CModelRenderSystem::SetupFlashlightsAndDecals sorted model list count incorrect! A model was probably unable to load!CModelRenderSystem::SetupFlashlightsAndDecals sorted model list count incorrect! A model was probably unable to load!CModelRenderSystem::SetupFlashlightsAndDecals sorted model list count incorrect! A model was probably unable to load!CModelRenderSystem::SetupFlashlightsAndDecals sorted model list count incorrect! A model was probably unable to load!CModelRenderSystem::SetupFlashlightsAndDecals sorted model list count incorrect! A model was probably unable to load!CModelRenderSystem::SetupFlashlightsAndDecals sorted model list count incorrect! A model was probably unable to load!CModelRenderSystem::SetupFlashlightsAndDecals sorted model list count incorrect! A model was probably unable to load!CModelRenderSystem::SetupFlashlightsAndDecals sorted model list count incorrect! A model was probably unable to load!CModelRenderSystem::SetupFlashlightsAndDecals sorted model list count incorrect! A model was probably unable to load!CModelRenderSystem::SetupFlashlightsAndDecals sorted model list count incorrect! A model was probably unable to load!CModelRenderSystem::SetupFlashlightsAndDecals sorted model list count incorrect! A model was probably unable to load!CModelRenderSystem::SetupFlashlightsAndDecals sorted model list count incorrect! A model was probably unable to load!CModelRenderSystem::SetupFlashlightsAndDecals sorted model list count incorrect! A model was probably unable to load!CModelRenderSystem::SetupFlashlightsAndDecals sorted model list count incorrect! A model was probably unable to load!CModelRenderSystem::SetupFlashlightsAndDecals sorted model list count incorrect! A model was probably unable to load!CModelRenderSystem::SetupFlashlightsAndDecals sorted model list count incorrect! A model was probably unable to load!CModelRenderSystem::SetupFlashlightsAndDecals sorted model list count incorrect! A model was probably unable to load!CModelRenderSystem::SetupFlashlightsAndDecals sorted model list count incorrect! A model was probably unable to load!CModelRenderSystem::SetupFlashlightsAndDecals sorted model list count incorrect! A model was probably unable to load!CModelRenderSystem::SetupFlashlightsAndDecals sorted model list count incorrect! A model was probably unable to load!CModelRenderSystem::SetupFlashlightsAndDecals sorted model list count incorrect! A model was probably unable to load!CModelRenderSystem::SetupFlashlightsAndDecals sorted model list count incorrect! A model was probably unable to load!CModelRenderSystem::SetupFlashlightsAndDecals sorted model list count incorrect! A model was probably unable to load!CModelRenderSystem::SetupFlashlightsAndDecals sorted model list count incorrect! A model was probably unable to load!CModelRenderSystem::SetupFlashlightsAndDecals sorted model list count incorrect! A model was probably unable to load!CModelRenderSystem::SetupFlashlightsAndDecals sorted model list count incorrect! A model was probably unable to load!CModelRenderSystem::SetupFlashlightsAndDecals sorted model list count incorrect! A model was probably unable to load!CModelRenderSystem::SetupFlashlightsAndDecals sorted model list count incorrect! A model was probably unable to load!CModelRenderSystem::SetupFlashlightsAndDecals sorted model list count incorrect! A model was probably unable to load!CModelRenderSystem::SetupFlashlightsAndDecals sorted model list count incorrect! A model was probably unable to load!CModelRenderSystem::SetupFlashlightsAndDecals sorted model list count incorrect! A model was probably unable to load!CModelRenderSystem::SetupFlashlightsAndDecals sorted model list count incorrect! A model was probably unable to load!CModelRenderSystem::SetupFlashlightsAndDecals sorted model list count incorrect! A model was probably unable to load!CModelRenderSystem::SetupFlashlightsAndDecals sorted model list count incorrect! A model was probably unable to load!CModelRenderSystem::SetupFlashlightsAndDecals sorted model list count incorrect! A model was probably unable to load!CModelRenderSystem::SetupFlashlightsAndDecals sorted model list count incorrect! A model was probably unable to load!CModelRenderSystem::SetupFlashlightsAndDecals sorted model list count incorrect! A model was probably unable to load!CModelRenderSystem::SetupFlashlightsAndDecals sorted model list count incorrect! A model was probably unable to load!CModelRenderSystem::SetupFlashlightsAndDecals sorted model list count incorrect! A model was probably unable to load!CModelRenderSystem::SetupFlashlightsAndDecals sorted model list count incorrect! A model was probably unable to load!CModelRenderSystem::SetupFlashlightsAndDecals sorted model list count incorrect! A model was probably unable to load!CModelRenderSystem::SetupFlashlightsAndDecals sorted model list count incorrect! A model was probably unable to load!CModelRenderSystem::SetupFlashlightsAndDecals sorted model list count incorrect! A model was probably unable to load!CModelRenderSystem::SetupFlashlightsAndDecals sorted model list count incorrect! A model was probably unable to load!CModelRenderSystem::SetupFlashlightsAndDecals sorted model list count incorrect! A model was probably unable to load!CModelRenderSystem::SetupFlashlightsAndDecals sorted model list count incorrect! A model was probably unable to load!CModelRenderSystem::SetupFlashlightsAndDecals sorted model list count incorrect! A model was probably unable to load!CModelRenderSystem::SetupFlashlightsAndDecals sorted model list count incorrect! A model was probably unable to load!CModelRenderSystem::SetupFlashlightsAndDecals sorted model list count incorrect! A model was probably unable to load!CModelRenderSystem::SetupFlashlightsAndDecals sorted model list count incorrect! A model was probably unable to load!CModelRenderSystem::SetupFlashlightsAndDecals sorted model list count incorrect! A model was probably unable to load!CModelRenderSystem::SetupFlashlightsAndDecals sorted model list count incorrect! A model was probably unable to load!CModelRenderSystem::SetupFlashlightsAndDecals sorted model list count incorrect! A model was probably unable to load!CModelRenderSystem::SetupFlashlightsAndDecals sorted model list count incorrect! A model was probably unable to load!CModelRenderSystem::SetupFlashlightsAndDecals sorted model list count incorrect! A model was probably unable to load!CModelRenderSystem::SetupFlashlightsAndDecals sorted model list count incorrect! A model was probably unable to load!CModelRenderSystem::SetupFlashlightsAndDecals sorted model list count incorrect! A model was probably unable to load!CModelRenderSystem::SetupFlashlightsAndDecals sorted model list count incorrect! A model was probably unable to load!CModelRenderSystem::SetupFlashlightsAndDecals sorted model list count incorrect! A model was probably unable to load!CModelRenderSystem::SetupFlashlightsAndDecals sorted model list count incorrect! A model was probably unable to load!CModelRenderSystem::SetupFlashlightsAndDecals sorted model list count incorrect! A model was probably unable to load!CModelRenderSystem::SetupFlashlightsAndDecals sorted model list count incorrect! A model was probably unable to load!CModelRenderSystem::SetupFlashlightsAndDecals sorted model list count incorrect! A model was probably unable to load!CModelRenderSystem::SetupFlashlightsAndDecals sorted model list count incorrect! A model was probably unable to load!CModelRenderSystem::SetupFlashlightsAndDecals sorted model list count incorrect! A model was probably unable to load!CModelRenderSystem::SetupFlashlightsAndDecals sorted model list count incorrect! A model was probably unable to load!CModelRenderSystem::SetupFlashlightsAndDecals sorted model list count incorrect! A model was probably unable to load!CModelRenderSystem::SetupFlashlightsAndDecals sorted model list count incorrect! A model was probably unable to load!CModelRenderSystem::SetupFlashlightsAndDecals sorted model list count incorrect! A model was probably unable to load!CModelRenderSystem::SetupFlashlightsAndDecals sorted model list count incorrect! A model was probably unable to load!CModelRenderSystem::SetupFlashlightsAndDecals sorted model list count incorrect! A model was probably unable to load!CModelRenderSystem::SetupFlashlightsAndDecals sorted model list count incorrect! A model was probably unable to load!CModelRenderSystem::SetupFlashlightsAndDecals sorted model list count incorrect! A model was probably unable to load!CModelRenderSystem::SetupFlashlightsAndDecals sorted model list count incorrect! A model was probably unable to load!CModelRenderSystem::SetupFlashlightsAndDecals sorted model list count incorrect! A model was probably unable to load!CModelRenderSystem::SetupFlashlightsAndDecals sorted model list count incorrect! A model was probably unable to load!CModelRenderSystem::SetupFlashlightsAndDecals sorted model list count incorrect! A model was probably unable to load!CModelRenderSystem::SetupFlashlightsAndDecals sorted model list count incorrect! A model was probably unable to load!CModelRenderSystem::SetupFlashlightsAndDecals sorted model list count incorrect! A model was probably unable to load!CModelRenderSystem::SetupFlashlightsAndDecals sorted model list count incorrect! A model was probably unable to load!CModelRenderSystem::SetupFlashlightsAndDecals sorted model list count incorrect! A model was probably unable to load!CModelRenderSystem::SetupFlashlightsAndDecals sorted model list count incorrect! A model was probably unable to load!CModelRenderSystem::SetupFlashlightsAndDecals sorted model list count incorrect! A model was probably unable to load!CModelRenderSystem::SetupFlashlightsAndDecals sorted model list count incorrect! A model was probably unable to load!CModelRenderSystem::SetupFlashlightsAndDecals sorted model list count incorrect! A model was probably unable to load!CModelRenderSystem::SetupFlashlightsAndDecals sorted model list count incorrect! A model was probably unable to load!CModelRenderSystem::SetupFlashlightsAndDecals sorted model list count incorrect! A model was probably unable to load!CModelRenderSystem::SetupFlashlightsAndDecals sorted model list count incorrect! A model was probably unable to load!CModelRenderSystem::SetupFlashlightsAndDecals sorted model list count incorrect! A model was probably unable to load!CModelRenderSystem::SetupFlashlightsAndDecals sorted model list count incorrect! A model was probably unable to load!CModelRenderSystem::SetupFlashlightsAndDecals sorted model list count incorrect! A model was probably unable to load!CModelRenderSystem::SetupFlashlightsAndDecals sorted model list count incorrect! A model was probably unable to load!CModelRenderSystem::SetupFlashlightsAndDecals sorted model list count incorrect! A model was probably unable to load!CModelRenderSystem::SetupFlashlightsAndDecals sorted model list count incorrect! A model was probably unable to load!CModelRenderSystem::SetupFlashlightsAndDecals sorted model list count incorrect! A model was probably unable to load!CModelRenderSystem::SetupFlashlightsAndDecals sorted model list count incorrect! A model was probably unable to load!CModelRenderSystem::SetupFlashlightsAndDecals sorted model list count incorrect! A model was probably unable to load!CModelRenderSystem::SetupFlashlightsAndDecals sorted model list count incorrect! A model was probably unable to load!Warning:  Can't add NULL string to table EffectDispatch
Warning:  Can't add NULL string to table EffectDispatch
Attempted to precache unknown particle system "weapon_tracers"!
Attempted to precache unknown particle system "weapon_tracers"!
Error reading weapon data file for: basehlcombatweapon
Attempted to precache unknown particle system "weapon_tracers"!
NET_GetBindAddresses found 192.168.31.140: 'Realtek PCIe GbE Family Controller'
NET_GetBindAddresses found 26.133.72.161: 'Famatech Radmin VPN Ethernet Adapter'
NET_GetBindAddresses found 172.24.90.163: 'ZeroTier Virtual Port #2'
NET_GetBindAddresses found 10.147.17.76: 'ZeroTier Virtual Port #3'
NET_GetBindAddresses found 172.16.0.2: 'WireGuard Tunnel'
Network: IP 10.147.17.76, mode MP, dedicated No, ports 27015 SV / 27005 CL
Parent cvar in client.dll not allowed (rr_debugresponseconcept)
Parent cvar in client.dll not allowed (rr_dumpresponses)
Parent cvar in client.dll not allowed (rr_debugrule)
Parent cvar in client.dll not allowed (rr_debugresponses)
WARNING: unable to link rr_debugresponseconcept_exclude and rr_debugresponseconcept_exclude because one or more is a ConCommand.
Parent cvar in client.dll not allowed (movement_anim_playback_minrate)
WARNING: unable to link creditsdone and creditsdone because one or more is a ConCommand.
WARNING: unable to link rr_reloadresponsesystems and rr_reloadresponsesystems because one or more is a ConCommand.
KeyValues Error: RecursiveLoadFromBuffer:  got NULL key in file particles/particles_manifest.txt
particles_manifest, 
CParticleMgr::Init:  Manifest 'particles/particles_manifest.txt' with bogus file type 'file		', expecting 'file'
CParticleMgr::Init:  Manifest 'particles/particles_manifest.txt' with bogus file type '
}', expecting 'file'
CResponseSystem:  scripts\talker\response_rules.txt (2 rules, 2 criteria, and 2 responses)
maxplayers set to 1
We're happy and aperture_render_targets!Created Photo RT: _rt_LargePhoto1
Created Photo RT: _rt_LargePhoto2
Created Photo RT: _rt_LargePhoto3
Missing cfg\cpu_level_2_pc.ekv
Missing cfg\gpu_level_3_pc.ekv
Missing cfg\mem_level_2_pc.ekv
Missing cfg\gpu_mem_level_2_pc.ekv
Running -nogameui mode, using client module instead of gameui
Steam config directory: C:\SourceCode\aperture-camera\game\platform\config
KeyValues Error: RecursiveLoadFromBuffer:  got NULL key in file particles/particles_manifest.txt
particles_manifest, 
CParticleMgr::Init:  Manifest 'particles/particles_manifest.txt' with bogus file type 'file		', expecting 'file'
CParticleMgr::Init:  Manifest 'particles/particles_manifest.txt' with bogus file type '
}', expecting 'file'
No split screen config file 'splitscreen_config.txt', using defaults
Missing cfg\cpu_level_2_pc.ekv
Missing cfg\gpu_level_3_pc.ekv
Missing cfg\mem_level_2_pc.ekv
Missing cfg\gpu_mem_level_2_pc.ekv
CGameEventManager::AddListener: event 'replay_status' unknown.
CGameEventManager::AddListener: event 'spec_target_updated' unknown.
KV Conditional: Unknown symbol OSX
KV Conditional: Unknown symbol OSX
Hud element 'CHudControlHelper' doesn't have an entry 'HudControlHelper' in scripts/HudLayout.res
Hud element 'CHudIndicator' doesn't have an entry 'HudIndicator' in scripts/HudLayout.res
Hud element 'CHudViewfinder' doesn't have an entry 'HudViewfinder' in scripts/HudLayout.res
Hud element 'CHudPhotoInventory' doesn't have an entry 'HudPhotoInventory' in scripts/HudLayout.res
Hud element 'CHudPhotoFlash' doesn't have an entry 'HudPhotoInventory' in scripts/HudLayout.res
CResponseSystem:  scripts\talker\response_rules.txt (2 rules, 2 criteria, and 2 responses)
cc_lang = 
Missing cfg\cpu_level_2_pc.ekv
Missing cfg\gpu_level_3_pc.ekv
Missing cfg\mem_level_2_pc.ekv
Missing cfg\gpu_mem_level_2_pc.ekv
Sound Initialization: Start
DS:stereo speaker configuration detected
Set primary sound buffer format: yes
Using secondary sound buffer
   2 channel(s)
   16 bits/sample
   44100 samples/sec
DirectSound initialized
Stopping All Sounds...
Trying cache :  'c:/sourcecode/aperture-camera/game/valve/maps/soundcache/_master.cache'
Successfully loaded audio cache file
Sound Initialization: Finish, Sampling Rate: 44100
cc_lang = 
Legacy Surround disabled.
Stopping All Sounds...
Sound Initialization: Start
DS:stereo speaker configuration detected
Set primary sound buffer format: yes
Using secondary sound buffer
   2 channel(s)
   16 bits/sample
   44100 samples/sec
DirectSound initialized
Stopping All Sounds...
Trying cache :  'c:/sourcecode/aperture-camera/game/valve/maps/soundcache/_master.cache'
Successfully loaded audio cache file
Sound Initialization: Finish, Sampling Rate: 44100
Datacenter::RequestStart, time 1.96
Datacenter::RequestStop, time 1.96, state 1
Datacenter::RequestUpdate failed
Stopping All Sounds...
Stopping All Sounds...
---- Host_NewGame ----
Network: IP 10.147.17.76, mode SP, dedicated No, ports 0 SV / 0 CL
Network: IP 10.147.17.76, mode MP, dedicated No, ports 27015 SV / 27005 CL
#######################################
Map testroom_aperture missing stringtable dictionary, don't ship this way!!!
#######################################
Host_NewGame on map testroom_aperture
Set Gravity 600.0 (0.250 tolerance)
PrecacheScriptSound 'default.null' failed, no such sound script entry
weapons/v_portalgun.mdl : material "models/weapons/v_models/v_portalgun/v_hands" not found.
CreateEvent: event 'picked_up_paint' not registered.
PrecacheScriptSound 'Paintgun.FireLoop' failed, no such sound script entry
Direct precache of vehicles/airboat/pontoon_fast_water_loop2.wav
Error Index File for 'weapons\w_cam.mdl' checksum 1322159438 should be 2037782653
Warning:  Can't add NULL string to table EffectDispatch
Failed to load models/weapons/v_cam.mdl!
Warning:  Can't add NULL string to table EffectDispatch
Error: Material "models/items/photo_capture01" : proxy "PhotoMaterial" not found!
"materials/null.vtf": can't be found on disk
Error reading weapon data file for: weapon_hopwire
Warning:  Can't add NULL string to table EffectDispatch
Warning:  Can't add NULL string to table EffectDispatch
Warning:  Can't add NULL string to table EffectDispatch
Warning:  Can't add NULL string to table EffectDispatch
Warning:  Can't add NULL string to table EffectDispatch
Warning:  Can't add NULL string to table EffectDispatch
Warning:  Can't add NULL string to table EffectDispatch
Warning:  Can't add NULL string to table EffectDispatch
Warning:  Can't add NULL string to table EffectDispatch
Warning:  Can't add NULL string to table EffectDispatch
Warning:  Can't add NULL string to table EffectDispatch
Warning:  Can't add NULL string to table EffectDispatch
Warning:  Can't add NULL string to table EffectDispatch
Script not found (scripts/vscripts/mapspawn.nut) 
Failed to CRC cfg/cpu_level_0_pc.ekv
Failed to CRC cfg/cpu_level_0_pc_ss.ekv
Failed to CRC cfg/cpu_level_1_pc.ekv
Failed to CRC cfg/cpu_level_1_pc_ss.ekv
Failed to CRC cfg/cpu_level_2_pc.ekv
Failed to CRC cfg/cpu_level_2_pc_ss.ekv
Failed to CRC cfg/gpu_level_0_pc.ekv
Failed to CRC cfg/gpu_level_1_pc.ekv
Failed to CRC cfg/gpu_level_2_pc.ekv
Failed to CRC cfg/gpu_level_3_pc.ekv
Failed to CRC cfg/mem_level_0_pc.ekv
Failed to CRC cfg/mem_level_1_pc.ekv
Failed to CRC cfg/mem_level_2_pc.ekv
Failed to CRC cfg/gpu_mem_level_0_pc.ekv
Failed to CRC cfg/gpu_mem_level_1_pc.ekv
Failed to CRC cfg/gpu_mem_level_2_pc.ekv
Failed to CRC scripts/asw_weapon_ammo_bag.txt
Failed to CRC scripts/asw_weapon_ammo_satchel.txt
Failed to CRC scripts/asw_weapon_autogun.txt
Failed to CRC scripts/asw_weapon_blink.txt
Failed to CRC scripts/asw_weapon_buff_grenade.txt
Failed to CRC scripts/asw_weapon_chainsaw.txt
Failed to CRC scripts/asw_weapon_electrified_armor.txt
Failed to CRC scripts/asw_weapon_fire_extinguisher.txt
Failed to CRC scripts/asw_weapon_fist.txt
Failed to CRC scripts/asw_weapon_flamer.txt
Failed to CRC scripts/asw_weapon_flares.txt
Failed to CRC scripts/asw_weapon_flashlight.txt
Failed to CRC scripts/asw_weapon_freeze_grenades.txt
Failed to CRC scripts/asw_weapon_grenades.txt
Failed to CRC scripts/asw_weapon_grenade_launcher.txt
Failed to CRC scripts/asw_weapon_heal_grenade.txt
Failed to CRC scripts/asw_weapon_heal_gun.txt
Failed to CRC scripts/asw_weapon_hornet_barrage.txt
Failed to CRC scripts/asw_weapon_jump_jet.txt
Failed to CRC scripts/asw_weapon_laser_mines.txt
Failed to CRC scripts/asw_weapon_medical_satchel.txt
Failed to CRC scripts/asw_weapon_medkit.txt
Failed to CRC scripts/asw_weapon_mines.txt
Failed to CRC scripts/asw_weapon_minigun.txt
Failed to CRC scripts/asw_weapon_mining_laser.txt
Failed to CRC scripts/asw_weapon_night_vision.txt
Failed to CRC scripts/asw_weapon_normal_armor.txt
Failed to CRC scripts/asw_weapon_pdw.txt
Failed to CRC scripts/asw_weapon_pistol.txt
Failed to CRC scripts/asw_weapon_prifle.txt
Failed to CRC scripts/asw_weapon_railgun.txt
Failed to CRC scripts/asw_weapon_rifle.txt
Failed to CRC scripts/asw_weapon_sentry.txt
Failed to CRC scripts/asw_weapon_sentry_cannon.txt
Failed to CRC scripts/asw_weapon_sentry_flamer.txt
Failed to CRC scripts/asw_weapon_sentry_freeze.txt
Failed to CRC scripts/asw_weapon_shotgun.txt
Failed to CRC scripts/asw_weapon_smart_bomb.txt
Failed to CRC scripts/asw_weapon_sniper_rifle.txt
Failed to CRC scripts/asw_weapon_stim.txt
Failed to CRC scripts/asw_weapon_tesla_gun.txt
Failed to CRC scripts/asw_weapon_tesla_trap.txt
Failed to CRC scripts/asw_weapon_vindicator.txt
Failed to CRC scripts/asw_weapon_welder.txt
Attempted to create unknown entity type prop_portal_linked_door!
Can't init prop_portal_linked_door
Attempted to create unknown entity type prop_portal_linked_door!
Can't init prop_portal_linked_door
props_farm\mousetrap.mdl : material "models/props_farm/mousetrap001" not found.
PrecacheScriptSound 'NPC_Android.Pain' failed, no such sound script entry
Attempted to create unknown entity type _squashed_zombie!
NULL Ent in UTIL_PrecacheOther
PrecacheScriptSound 'AndroidDispenser.Blocked' failed, no such sound script entry
PrecacheScriptSound 'AndroidDispenser.Dispense' failed, no such sound script entry
prop_dynamic at -872 0 128 uses model models/props_c17/furnituretable002a.mdl, which has propdata which means that it be used on a prop_physics. DELETED.
"materials/models/bot_fem/bot_male_exponent.vtf": can't be found on disk
npcs/hover_turret.mdl : material "models/props_bts/glados_ball_01" not found.
npcs/hover_turret.mdl : material "models/props_bts/glados_ball_02" not found.
npcs/hover_turret.mdl : material "models/props_bts/glados_ball_03" not found.
npcs/hover_turret.mdl : material "models/props_bts/glados_ball_04" not found.
Invalid file size for motd.txt
Invalid file size for host.txt
Created class baseline: 21 classes, 3088 bytes.
Heartbeat is disabled (usually developer or cheats is on).
m_eServerMode pre = 0
m_eServerMode post = 2
Stopping All Sounds...
0.604:  Sending UDP connect to public IP 127.0.0.1:27015
Server using '<none>' lobbies, requiring pw no, lobby id 0
RememberIPAddressForLobby: lobby 0 from address loopback

Portal
Map: testroom_aperture
Players: 1 (0 bots) / 1 humans
Build: 6653
Server Number: 1

material "particle/particle_glow_05_add_15ob" not found.
Attempted to precache unknown particle system "portal_dematerialize"!
Attempted to precache unknown particle system "portal_rematerialize"!
Attempted to precache unknown particle system "zombie_stomp_heavy"!
Attempted to precache unknown particle system "GrubBlood"!
Attempted to precache unknown particle system "fizzler_field"!
Attempted to precache unknown particle system "fizzler_field_scalable"!
material "overlays/coop_ping_decal" not found.
material "effects/huntertracer" not found.
Attempted to precache unknown particle system "rain_storm"!
Attempted to precache unknown particle system "rain_storm"!
Attempted to precache unknown particle system "rain_storm_screen"!
Attempted to precache unknown particle system "rain_storm_screen"!
Attempted to precache unknown particle system "rain_storm_outer"!
Attempted to precache unknown particle system "rain_storm_outer"!
Attempted to precache unknown particle system "rain"!
Attempted to precache unknown particle system "rain"!
Attempted to precache unknown particle system "rain_outer"!
Attempted to precache unknown particle system "rain_outer"!
Attempted to precache unknown particle system "ash"!
Attempted to precache unknown particle system "ash"!
Attempted to precache unknown particle system "ash_outer"!
Attempted to precache unknown particle system "ash_outer"!
Attempted to precache unknown particle system "snow"!
Attempted to precache unknown particle system "snow"!
Attempted to precache unknown particle system "snow_outer"!
Attempted to precache unknown particle system "snow_outer"!
Attempted to precache unknown particle system "rtube_muzzle"!
Attempted to precache unknown particle system "rtube_muzzle"!
Attempted to precache unknown particle system "paint_hose"!
Attempted to precache unknown particle system "paint_hose"!
material "photos/photo_background" not found.
material "photos/photo_foreground" not found.
Script not found (scripts/vscripts/mapspawn.nut) 
Sending full update to Client gustavo (gustavo can't find frame from tick -1)
Receiving uncompressed update from server
Set Gravity 600.0 (0.250 tolerance)
Queued Material System: ENABLED!
DEBUG HISTORY IS ENABLED. Disable before release (in env_debughistory.h).
CreateEvent: event 'portal_player_touchedground' not registered.
material "" not found.
Attempting to create unknown particle system 'fizzler_field_scalable' 
Attempting to create unknown particle system 'fizzler_field' 
Attempting to create unknown particle system 'fizzler_field' 
Attempting to create unknown particle system 'fizzler_field_scalable' 
Redownloading all lightmaps
R_RedownloadAllLightmaps took 5.347 msec!
Connection to Steam servers successful.
   VAC secure mode disabled.
CModelRenderSystem::SetupFlashlightsAndDecals sorted model list count incorrect! A model was probably unable to load!CModelRenderSystem::SetupFlashlightsAndDecals sorted model list count incorrect! A model was probably unable to load!CModelRenderSystem::SetupFlashlightsAndDecals sorted model list count incorrect! A model was probably unable to load!CModelRenderSystem::SetupFlashlightsAndDecals sorted model list count incorrect! A model was probably unable to load!CModelRenderSystem::SetupFlashlightsAndDecals sorted model list count incorrect! A model was probably unable to load!CModelRenderSystem::SetupFlashlightsAndDecals sorted model list count incorrect! A model was probably unable to load!CModelRenderSystem::SetupFlashlightsAndDecals sorted model list count incorrect! A model was probably unable to load!CModelRenderSystem::SetupFlashlightsAndDecals sorted model list count incorrect! A model was probably unable to load!CModelRenderSystem::SetupFlashlightsAndDecals sorted model list count incorrect! A model was probably unable to load!CModelRenderSystem::SetupFlashlightsAndDecals sorted model list count incorrect! A model was probably unable to load!CModelRenderSystem::SetupFlashlightsAndDecals sorted model list count incorrect! A model was probably unable to load!CModelRenderSystem::SetupFlashlightsAndDecals sorted model list count incorrect! A model was probably unable to load!CModelRenderSystem::SetupFlashlightsAndDecals sorted model list count incorrect! A model was probably unable to load!CModelRenderSystem::SetupFlashlightsAndDecals sorted model list count incorrect! A model was probably unable to load!CModelRenderSystem::SetupFlashlightsAndDecals sorted model list count incorrect! A model was probably unable to load!CModelRenderSystem::SetupFlashlightsAndDecals sorted model list count incorrect! A model was probably unable to load!CModelRenderSystem::SetupFlashlightsAndDecals sorted model list count incorrect! A model was probably unable to load!CModelRenderSystem::SetupFlashlightsAndDecals sorted model list count incorrect! A model was probably unable to load!CModelRenderSystem::SetupFlashlightsAndDecals sorted model list count incorrect! A model was probably unable to load!CModelRenderSystem::SetupFlashlightsAndDecals sorted model list count incorrect! A model was probably unable to load!CModelRenderSystem::SetupFlashlightsAndDecals sorted model list count incorrect! A model was probably unable to load!CModelRenderSystem::SetupFlashlightsAndDecals sorted model list count incorrect! A model was probably unable to load!CModelRenderSystem::SetupFlashlightsAndDecals sorted model list count incorrect! A model was probably unable to load!CModelRenderSystem::SetupFlashlightsAndDecals sorted model list count incorrect! A model was probably unable to load!CModelRenderSystem::SetupFlashlightsAndDecals sorted model list count incorrect! A model was probably unable to load!CModelRenderSystem::SetupFlashlightsAndDecals sorted model list count incorrect! A model was probably unable to load!CModelRenderSystem::SetupFlashlightsAndDecals sorted model list count incorrect! A model was probably unable to load!CModelRenderSystem::SetupFlashlightsAndDecals sorted model list count incorrect! A model was probably unable to load!CModelRenderSystem::SetupFlashlightsAndDecals sorted model list count incorrect! A model was probably unable to load!CModelRenderSystem::SetupFlashlightsAndDecals sorted model list count incorrect! A model was probably unable to load!CModelRenderSystem::SetupFlashlightsAndDecals sorted model list count incorrect! A model was probably unable to load!CModelRenderSystem::SetupFlashlightsAndDecals sorted model list count incorrect! A model was probably unable to load!CModelRenderSystem::SetupFlashlightsAndDecals sorted model list count incorrect! A model was probably unable to load!CModelRenderSystem::SetupFlashlightsAndDecals sorted model list count incorrect! A model was probably unable to load!CModelRenderSystem::SetupFlashlightsAndDecals sorted model list count incorrect! A model was probably unable to load!CModelRenderSystem::SetupFlashlightsAndDecals sorted model list count incorrect! A model was probably unable to load!CModelRenderSystem::SetupFlashlightsAndDecals sorted model list count incorrect! A model was probably unable to load!CModelRenderSystem::SetupFlashlightsAndDecals sorted model list count incorrect! A model was probably unable to load!CModelRenderSystem::SetupFlashlightsAndDecals sorted model list count incorrect! A model was probably unable to load!CModelRenderSystem::SetupFlashlightsAndDecals sorted model list count incorrect! A model was probably unable to load!CModelRenderSystem::SetupFlashlightsAndDecals sorted model list count incorrect! A model was probably unable to load!CModelRenderSystem::SetupFlashlightsAndDecals sorted model list count incorrect! A model was probably unable to load!CModelRenderSystem::SetupFlashlightsAndDecals sorted model list count incorrect! A model was probably unable to load!CModelRenderSystem::SetupFlashlightsAndDecals sorted model list count incorrect! A model was probably unable to load!CModelRenderSystem::SetupFlashlightsAndDecals sorted model list count incorrect! A model was probably unable to load!CModelRenderSystem::SetupFlashlightsAndDecals sorted model list count incorrect! A model was probably unable to load!CModelRenderSystem::SetupFlashlightsAndDecals sorted model list count incorrect! A model was probably unable to load!CModelRenderSystem::SetupFlashlightsAndDecals sorted model list count incorrect! A model was probably unable to load!CModelRenderSystem::SetupFlashlightsAndDecals sorted model list count incorrect! A model was probably unable to load!CModelRenderSystem::SetupFlashlightsAndDecals sorted model list count incorrect! A model was probably unable to load!CModelRenderSystem::SetupFlashlightsAndDecals sorted model list count incorrect! A model was probably unable to load!CModelRenderSystem::SetupFlashlightsAndDecals sorted model list count incorrect! A model was probably unable to load!CModelRenderSystem::SetupFlashlightsAndDecals sorted model list count incorrect! A model was probably unable to load!CModelRenderSystem::SetupFlashlightsAndDecals sorted model list count incorrect! A model was probably unable to load!CModelRenderSystem::SetupFlashlightsAndDecals sorted model list count incorrect! A model was probably unable to load!CModelRenderSystem::SetupFlashlightsAndDecals sorted model list count incorrect! A model was probably unable to load!CModelRenderSystem::SetupFlashlightsAndDecals sorted model list count incorrect! A model was probably unable to load!CModelRenderSystem::SetupFlashlightsAndDecals sorted model list count incorrect! A model was probably unable to load!CModelRenderSystem::SetupFlashlightsAndDecals sorted model list count incorrect! A model was probably unable to load!CModelRenderSystem::SetupFlashlightsAndDecals sorted model list count incorrect! A model was probably unable to load!CModelRenderSystem::SetupFlashlightsAndDecals sorted model list count incorrect! A model was probably unable to load!CModelRenderSystem::SetupFlashlightsAndDecals sorted model list count incorrect! A model was probably unable to load!CModelRenderSystem::SetupFlashlightsAndDecals sorted model list count incorrect! A model was probably unable to load!CModelRenderSystem::SetupFlashlightsAndDecals sorted model list count incorrect! A model was probably unable to load!CModelRenderSystem::SetupFlashlightsAndDecals sorted model list count incorrect! A model was probably unable to load!CModelRenderSystem::SetupFlashlightsAndDecals sorted model list count incorrect! A model was probably unable to load!CModelRenderSystem::SetupFlashlightsAndDecals sorted model list count incorrect! A model was probably unable to load!CModelRenderSystem::SetupFlashlightsAndDecals sorted model list count incorrect! A model was probably unable to load!CModelRenderSystem::SetupFlashlightsAndDecals sorted model list count incorrect! A model was probably unable to load!CModelRenderSystem::SetupFlashlightsAndDecals sorted model list count incorrect! A model was probably unable to load!CModelRenderSystem::SetupFlashlightsAndDecals sorted model list count incorrect! A model was probably unable to load!CModelRenderSystem::SetupFlashlightsAndDecals sorted model list count incorrect! A model was probably unable to load!CModelRenderSystem::SetupFlashlightsAndDecals sorted model list count incorrect! A model was probably unable to load!CModelRenderSystem::SetupFlashlightsAndDecals sorted model list count incorrect! A model was probably unable to load!CModelRenderSystem::SetupFlashlightsAndDecals sorted model list count incorrect! A model was probably unable to load!CModelRenderSystem::SetupFlashlightsAndDecals sorted model list count incorrect! A model was probably unable to load!CModelRenderSystem::SetupFlashlightsAndDecals sorted model list count incorrect! A model was probably unable to load!CModelRenderSystem::SetupFlashlightsAndDecals sorted model list count incorrect! A model was probably unable to load!CModelRenderSystem::SetupFlashlightsAndDecals sorted model list count incorrect! A model was probably unable to load!CModelRenderSystem::SetupFlashlightsAndDecals sorted model list count incorrect! A model was probably unable to load!CModelRenderSystem::SetupFlashlightsAndDecals sorted model list count incorrect! A model was probably unable to load!CModelRenderSystem::SetupFlashlightsAndDecals sorted model list count incorrect! A model was probably unable to load!CModelRenderSystem::SetupFlashlightsAndDecals sorted model list count incorrect! A model was probably unable to load!CModelRenderSystem::SetupFlashlightsAndDecals sorted model list count incorrect! A model was probably unable to load!CModelRenderSystem::SetupFlashlightsAndDecals sorted model list count incorrect! A model was probably unable to load!CModelRenderSystem::SetupFlashlightsAndDecals sorted model list count incorrect! A model was probably unable to load!CModelRenderSystem::SetupFlashlightsAndDecals sorted model list count incorrect! A model was probably unable to load!CModelRenderSystem::SetupFlashlightsAndDecals sorted model list count incorrect! A model was probably unable to load!CModelRenderSystem::SetupFlashlightsAndDecals sorted model list count incorrect! A model was probably unable to load!CModelRenderSystem::SetupFlashlightsAndDecals sorted model list count incorrect! A model was probably unable to load!CModelRenderSystem::SetupFlashlightsAndDecals sorted model list count incorrect! A model was probably unable to load!CModelRenderSystem::SetupFlashlightsAndDecals sorted model list count incorrect! A model was probably unable to load!CModelRenderSystem::SetupFlashlightsAndDecals sorted model list count incorrect! A model was probably unable to load!CModelRenderSystem::SetupFlashlightsAndDecals sorted model list count incorrect! A model was probably unable to load!CModelRenderSystem::SetupFlashlightsAndDecals sorted model list count incorrect! A model was probably unable to load!CModelRenderSystem::SetupFlashlightsAndDecals sorted model list count incorrect! A model was probably unable to load!CModelRenderSystem::SetupFlashlightsAndDecals sorted model list count incorrect! A model was probably unable to load!CModelRenderSystem::SetupFlashlightsAndDecals sorted model list count incorrect! A model was probably unable to load!CModelRenderSystem::SetupFlashlightsAndDecals sorted model list count incorrect! A model was probably unable to load!CModelRenderSystem::SetupFlashlightsAndDecals sorted model list count incorrect! A model was probably unable to load!CModelRenderSystem::SetupFlashlightsAndDecals sorted model list count incorrect! A model was probably unable to load!CModelRenderSystem::SetupFlashlightsAndDecals sorted model list count incorrect! A model was probably unable to load!CModelRenderSystem::SetupFlashlightsAndDecals sorted model list count incorrect! A model was probably unable to load!CModelRenderSystem::SetupFlashlightsAndDecals sorted model list count incorrect! A model was probably unable to load!CModelRenderSystem::SetupFlashlightsAndDecals sorted model list count incorrect! A model was probably unable to load!CModelRenderSystem::SetupFlashlightsAndDecals sorted model list count incorrect! A model was probably unable to load!CModelRenderSystem::SetupFlashlightsAndDecals sorted model list count incorrect! A model was probably unable to load!CModelRenderSystem::SetupFlashlightsAndDecals sorted model list count incorrect! A model was probably unable to load!CModelRenderSystem::SetupFlashlightsAndDecals sorted model list count incorrect! A model was probably unable to load!CModelRenderSystem::SetupFlashlightsAndDecals sorted model list count incorrect! A model was probably unable to load!CModelRenderSystem::SetupFlashlightsAndDecals sorted model list count incorrect! A model was probably unable to load!CModelRenderSystem::SetupFlashlightsAndDecals sorted model list count incorrect! A model was probably unable to load!CModelRenderSystem::SetupFlashlightsAndDecals sorted model list count incorrect! A model was probably unable to load!CModelRenderSystem::SetupFlashlightsAndDecals sorted model list count incorrect! A model was probably unable to load!CModelRenderSystem::SetupFlashlightsAndDecals sorted model list count incorrect! A model was probably unable to load!CModelRenderSystem::SetupFlashlightsAndDecals sorted model list count incorrect! A model was probably unable to load!CModelRenderSystem::SetupFlashlightsAndDecals sorted model list count incorrect! A model was probably unable to load!CModelRenderSystem::SetupFlashlightsAndDecals sorted model list count incorrect! A model was probably unable to load!CModelRenderSystem::SetupFlashlightsAndDecals sorted model list count incorrect! A model was probably unable to load!CModelRenderSystem::SetupFlashlightsAndDecals sorted model list count incorrect! A model was probably unable to load!CModelRenderSystem::SetupFlashlightsAndDecals sorted model list count incorrect! A model was probably unable to load!CModelRenderSystem::SetupFlashlightsAndDecals sorted model list count incorrect! A model was probably unable to load!CModelRenderSystem::SetupFlashlightsAndDecals sorted model list count incorrect! A model was probably unable to load!CModelRenderSystem::SetupFlashlightsAndDecals sorted model list count incorrect! A model was probably unable to load!CModelRenderSystem::SetupFlashlightsAndDecals sorted model list count incorrect! A model was probably unable to load!CModelRenderSystem::SetupFlashlightsAndDecals sorted model list count incorrect! A model was probably unable to load!CModelRenderSystem::SetupFlashlightsAndDecals sorted model list count incorrect! A model was probably unable to load!CModelRenderSystem::SetupFlashlightsAndDecals sorted model list count incorrect! A model was probably unable to load!CModelRenderSystem::SetupFlashlightsAndDecals sorted model list count incorrect! A model was probably unable to load!CModelRenderSystem::SetupFlashlightsAndDecals sorted model list count incorrect! A model was probably unable to load!CModelRenderSystem::SetupFlashlightsAndDecals sorted model list count incorrect! A model was probably unable to load!CModelRenderSystem::SetupFlashlightsAndDecals sorted model list count incorrect! A model was probably unable to load!CModelRenderSystem::SetupFlashlightsAndDecals sorted model list count incorrect! A model was probably unable to load!CModelRenderSystem::SetupFlashlightsAndDecals sorted model list count incorrect! A model was probably unable to load!CModelRenderSystem::SetupFlashlightsAndDecals sorted model list count incorrect! A model was probably unable to load!CModelRenderSystem::SetupFlashlightsAndDecals sorted model list count incorrect! A model was probably unable to load!CModelRenderSystem::SetupFlashlightsAndDecals sorted model list count incorrect! A model was probably unable to load!CModelRenderSystem::SetupFlashlightsAndDecals sorted model list count incorrect! A model was probably unable to load!CModelRenderSystem::SetupFlashlightsAndDecals sorted model list count incorrect! A model was probably unable to load!CModelRenderSystem::SetupFlashlightsAndDecals sorted model list count incorrect! A model was probably unable to load!CModelRenderSystem::SetupFlashlightsAndDecals sorted model list count incorrect! A model was probably unable to load!CModelRenderSystem::SetupFlashlightsAndDecals sorted model list count incorrect! A model was probably unable to load!CModelRenderSystem::SetupFlashlightsAndDecals sorted model list count incorrect! A model was probably unable to load!CModelRenderSystem::SetupFlashlightsAndDecals sorted model list count incorrect! A model was probably unable to load!CModelRenderSystem::SetupFlashlightsAndDecals sorted model list count incorrect! A model was probably unable to load!CModelRenderSystem::SetupFlashlightsAndDecals sorted model list count incorrect! A model was probably unable to load!CModelRenderSystem::SetupFlashlightsAndDecals sorted model list count incorrect! A model was probably unable to load!CModelRenderSystem::SetupFlashlightsAndDecals sorted model list count incorrect! A model was probably unable to load!CModelRenderSystem::SetupFlashlightsAndDecals sorted model list count incorrect! A model was probably unable to load!CModelRenderSystem::SetupFlashlightsAndDecals sorted model list count incorrect! A model was probably unable to load!CModelRenderSystem::SetupFlashlightsAndDecals sorted model list count incorrect! A model was probably unable to load!CModelRenderSystem::SetupFlashlightsAndDecals sorted model list count incorrect! A model was probably unable to load!CModelRenderSystem::SetupFlashlightsAndDecals sorted model list count incorrect! A model was probably unable to load!CModelRenderSystem::SetupFlashlightsAndDecals sorted model list count incorrect! A model was probably unable to load!CModelRenderSystem::SetupFlashlightsAndDecals sorted model list count incorrect! A model was probably unable to load!CModelRenderSystem::SetupFlashlightsAndDecals sorted model list count incorrect! A model was probably unable to load!CModelRenderSystem::SetupFlashlightsAndDecals sorted model list count incorrect! A model was probably unable to load!CModelRenderSystem::SetupFlashlightsAndDecals sorted model list count incorrect! A model was probably unable to load!CModelRenderSystem::SetupFlashlightsAndDecals sorted model list count incorrect! A model was probably unable to load!CModelRenderSystem::SetupFlashlightsAndDecals sorted model list count incorrect! A model was probably unable to load!CModelRenderSystem::SetupFlashlightsAndDecals sorted model list count incorrect! A model was probably unable to load!CModelRenderSystem::SetupFlashlightsAndDecals sorted model list count incorrect! A model was probably unable to load!CModelRenderSystem::SetupFlashlightsAndDecals sorted model list count incorrect! A model was probably unable to load!CModelRenderSystem::SetupFlashlightsAndDecals sorted model list count incorrect! A model was probably unable to load!CModelRenderSystem::SetupFlashlightsAndDecals sorted model list count incorrect! A model was probably unable to load!CModelRenderSystem::SetupFlashlightsAndDecals sorted model list count incorrect! A model was probably unable to load!CModelRenderSystem::SetupFlashlightsAndDecals sorted model list count incorrect! A model was probably unable to load!CModelRenderSystem::SetupFlashlightsAndDecals sorted model list count incorrect! A model was probably unable to load!CModelRenderSystem::SetupFlashlightsAndDecals sorted model list count incorrect! A model was probably unable to load!CModelRenderSystem::SetupFlashlightsAndDecals sorted model list count incorrect! A model was probably unable to load!CModelRenderSystem::SetupFlashlightsAndDecals sorted model list count incorrect! A model was probably unable to load!CModelRenderSystem::SetupFlashlightsAndDecals sorted model list count incorrect! A model was probably unable to load!CModelRenderSystem::SetupFlashlightsAndDecals sorted model list count incorrect! A model was probably unable to load!CModelRenderSystem::SetupFlashlightsAndDecals sorted model list count incorrect! A model was probably unable to load!CModelRenderSystem::SetupFlashlightsAndDecals sorted model list count incorrect! A model was probably unable to load!CModelRenderSystem::SetupFlashlightsAndDecals sorted model list count incorrect! A model was probably unable to load!CModelRenderSystem::SetupFlashlightsAndDecals sorted model list count incorrect! A model was probably unable to load!CModelRenderSystem::SetupFlashlightsAndDecals sorted model list count incorrect! A model was probably unable to load!CModelRenderSystem::SetupFlashlightsAndDecals sorted model list count incorrect! A model was probably unable to load!CModelRenderSystem::SetupFlashlightsAndDecals sorted model list count incorrect! A model was probably unable to load!CModelRenderSystem::SetupFlashlightsAndDecals sorted model list count incorrect! A model was probably unable to load!CModelRenderSystem::SetupFlashlightsAndDecals sorted model list count incorrect! A model was probably unable to load!CModelRenderSystem::SetupFlashlightsAndDecals sorted model list count incorrect! A model was probably unable to load!CModelRenderSystem::SetupFlashlightsAndDecals sorted model list count incorrect! A model was probably unable to load!CModelRenderSystem::SetupFlashlightsAndDecals sorted model list count incorrect! A model was probably unable to load!CModelRenderSystem::SetupFlashlightsAndDecals sorted model list count incorrect! A model was probably unable to load!CModelRenderSystem::SetupFlashlightsAndDecals sorted model list count incorrect! A model was probably unable to load!CModelRenderSystem::SetupFlashlightsAndDecals sorted model list count incorrect! A model was probably unable to load!CModelRenderSystem::SetupFlashlightsAndDecals sorted model list count incorrect! A model was probably unable to load!CModelRenderSystem::SetupFlashlightsAndDecals sorted model list count incorrect! A model was probably unable to load!CModelRenderSystem::SetupFlashlightsAndDecals sorted model list count incorrect! A model was probably unable to load!CModelRenderSystem::SetupFlashlightsAndDecals sorted model list count incorrect! A model was probably unable to load!CModelRenderSystem::SetupFlashlightsAndDecals sorted model list count incorrect! A model was probably unable to load!CModelRenderSystem::SetupFlashlightsAndDecals sorted model list count incorrect! A model was probably unable to load!CModelRenderSystem::SetupFlashlightsAndDecals sorted model list count incorrect! A model was probably unable to load!CModelRenderSystem::SetupFlashlightsAndDecals sorted model list count incorrect! A model was probably unable to load!CModelRenderSystem::SetupFlashlightsAndDecals sorted model list count incorrect! A model was probably unable to load!CModelRenderSystem::SetupFlashlightsAndDecals sorted model list count incorrect! A model was probably unable to load!CModelRenderSystem::SetupFlashlightsAndDecals sorted model list count incorrect! A model was probably unable to load!CModelRenderSystem::SetupFlashlightsAndDecals sorted model list count incorrect! A model was probably unable to load!CModelRenderSystem::SetupFlashlightsAndDecals sorted model list count incorrect! A model was probably unable to load!CModelRenderSystem::SetupFlashlightsAndDecals sorted model list count incorrect! A model was probably unable to load!CModelRenderSystem::SetupFlashlightsAndDecals sorted model list count incorrect! A model was probably unable to load!CModelRenderSystem::SetupFlashlightsAndDecals sorted model list count incorrect! A model was probably unable to load!CModelRenderSystem::SetupFlashlightsAndDecals sorted model list count incorrect! A model was probably unable to load!CModelRenderSystem::SetupFlashlightsAndDecals sorted model list count incorrect! A model was probably unable to load!CModelRenderSystem::SetupFlashlightsAndDecals sorted model list count incorrect! A model was probably unable to load!CModelRenderSystem::SetupFlashlightsAndDecals sorted model list count incorrect! A model was probably unable to load!CModelRenderSystem::SetupFlashlightsAndDecals sorted model list count incorrect! A model was probably unable to load!CModelRenderSystem::SetupFlashlightsAndDecals sorted model list count incorrect! A model was probably unable to load!CModelRenderSystem::SetupFlashlightsAndDecals sorted model list count incorrect! A model was probably unable to load!CModelRenderSystem::SetupFlashlightsAndDecals sorted model list count incorrect! A model was probably unable to load!CModelRenderSystem::SetupFlashlightsAndDecals sorted model list count incorrect! A model was probably unable to load!CModelRenderSystem::SetupFlashlightsAndDecals sorted model list count incorrect! A model was probably unable to load!CModelRenderSystem::SetupFlashlightsAndDecals sorted model list count incorrect! A model was probably unable to load!CModelRenderSystem::SetupFlashlightsAndDecals sorted model list count incorrect! A model was probably unable to load!CModelRenderSystem::SetupFlashlightsAndDecals sorted model list count incorrect! A model was probably unable to load!CModelRenderSystem::SetupFlashlightsAndDecals sorted model list count incorrect! A model was probably unable to load!CModelRenderSystem::SetupFlashlightsAndDecals sorted model list count incorrect! A model was probably unable to load!CModelRenderSystem::SetupFlashlightsAndDecals sorted model list count incorrect! A model was probably unable to load!CModelRenderSystem::SetupFlashlightsAndDecals sorted model list count incorrect! A model was probably unable to load!CModelRenderSystem::SetupFlashlightsAndDecals sorted model list count incorrect! A model was probably unable to load!CModelRenderSystem::SetupFlashlightsAndDecals sorted model list count incorrect! A model was probably unable to load!CModelRenderSystem::SetupFlashlightsAndDecals sorted model list count incorrect! A model was probably unable to load!CModelRenderSystem::SetupFlashlightsAndDecals sorted model list count incorrect! A model was probably unable to load!CModelRenderSystem::SetupFlashlightsAndDecals sorted model list count incorrect! A model was probably unable to load!CModelRenderSystem::SetupFlashlightsAndDecals sorted model list count incorrect! A model was probably unable to load!CModelRenderSystem::SetupFlashlightsAndDecals sorted model list count incorrect! A model was probably unable to load!CModelRenderSystem::SetupFlashlightsAndDecals sorted model list count incorrect! A model was probably unable to load!CModelRenderSystem::SetupFlashlightsAndDecals sorted model list count incorrect! A model was probably unable to load!CModelRenderSystem::SetupFlashlightsAndDecals sorted model list count incorrect! A model was probably unable to load!CModelRenderSystem::SetupFlashlightsAndDecals sorted model list count incorrect! A model was probably unable to load!CModelRenderSystem::SetupFlashlightsAndDecals sorted model list count incorrect! A model was probably unable to load!CModelRenderSystem::SetupFlashlightsAndDecals sorted model list count incorrect! A model was probably unable to load!CModelRenderSystem::SetupFlashlightsAndDecals sorted model list count incorrect! A model was probably unable to load!CModelRenderSystem::SetupFlashlightsAndDecals sorted model list count incorrect! A model was probably unable to load!CModelRenderSystem::SetupFlashlightsAndDecals sorted model list count incorrect! A model was probably unable to load!CModelRenderSystem::SetupFlashlightsAndDecals sorted model list count incorrect! A model was probably unable to load!CModelRenderSystem::SetupFlashlightsAndDecals sorted model list count incorrect! A model was probably unable to load!CModelRenderSystem::SetupFlashlightsAndDecals sorted model list count incorrect! A model was probably unable to load!CModelRenderSystem::SetupFlashlightsAndDecals sorted model list count incorrect! A model was probably unable to load!CModelRenderSystem::SetupFlashlightsAndDecals sorted model list count incorrect! A model was probably unable to load!CModelRenderSystem::SetupFlashlightsAndDecals sorted model list count incorrect! A model was probably unable to load!CModelRenderSystem::SetupFlashlightsAndDecals sorted model list count incorrect! A model was probably unable to load!CModelRenderSystem::SetupFlashlightsAndDecals sorted model list count incorrect! A model was probably unable to load!CModelRenderSystem::SetupFlashlightsAndDecals sorted model list count incorrect! A model was probably unable to load!CModelRenderSystem::SetupFlashlightsAndDecals sorted model list count incorrect! A model was probably unable to load!CModelRenderSystem::SetupFlashlightsAndDecals sorted model list count incorrect! A model was probably unable to load!CModelRenderSystem::SetupFlashlightsAndDecals sorted model list count incorrect! A model was probably unable to load!CModelRenderSystem::SetupFlashlightsAndDecals sorted model list count incorrect! A model was probably unable to load!CModelRenderSystem::SetupFlashlightsAndDecals sorted model list count incorrect! A model was probably unable to load!CModelRenderSystem::SetupFlashlightsAndDecals sorted model list count incorrect! A model was probably unable to load!CModelRenderSystem::SetupFlashlightsAndDecals sorted model list count incorrect! A model was probably unable to load!CModelRenderSystem::SetupFlashlightsAndDecals sorted model list count incorrect! A model was probably unable to load!CModelRenderSystem::SetupFlashlightsAndDecals sorted model list count incorrect! A model was probably unable to load!CModelRenderSystem::SetupFlashlightsAndDecals sorted model list count incorrect! A model was probably unable to load!CModelRenderSystem::SetupFlashlightsAndDecals sorted model list count incorrect! A model was probably unable to load!CModelRenderSystem::SetupFlashlightsAndDecals sorted model list count incorrect! A model was probably unable to load!CModelRenderSystem::SetupFlashlightsAndDecals sorted model list count incorrect! A model was probably unable to load!CModelRenderSystem::SetupFlashlightsAndDecals sorted model list count incorrect! A model was probably unable to load!CModelRenderSystem::SetupFlashlightsAndDecals sorted model list count incorrect! A model was probably unable to load!CModelRenderSystem::SetupFlashlightsAndDecals sorted model list count incorrect! A model was probably unable to load!CModelRenderSystem::SetupFlashlightsAndDecals sorted model list count incorrect! A model was probably unable to load!CModelRenderSystem::SetupFlashlightsAndDecals sorted model list count incorrect! A model was probably unable to load!CModelRenderSystem::SetupFlashlightsAndDecals sorted model list count incorrect! A model was probably unable to load!CModelRenderSystem::SetupFlashlightsAndDecals sorted model list count incorrect! A model was probably unable to load!CModelRenderSystem::SetupFlashlightsAndDecals sorted model list count incorrect! A model was probably unable to load!Warning:  Can't add NULL string to table EffectDispatch
Warning:  Can't add NULL string to table EffectDispatch
Warning:  Can't add NULL string to table EffectDispatch
Warning:  Can't add NULL string to table EffectDispatch
Warning:  Can't add NULL string to table EffectDispatch
Warning:  Can't add NULL string to table EffectDispatch
Warning:  Can't add NULL string to table EffectDispatch
Warning:  Can't add NULL string to table EffectDispatch
Warning:  Can't add NULL string to table EffectDispatch
Warning:  Can't add NULL string to table EffectDispatch
CModelRenderSystem::SetupFlashlightsAndDecals sorted model list count incorrect! A model was probably unable to load!CModelRenderSystem::SetupFlashlightsAndDecals sorted model list count incorrect! A model was probably unable to load!CModelRenderSystem::SetupFlashlightsAndDecals sorted model list count incorrect! A model was probably unable to load!CModelRenderSystem::SetupFlashlightsAndDecals sorted model list count incorrect! A model was probably unable to load!CModelRenderSystem::SetupFlashlightsAndDecals sorted model list count incorrect! A model was probably unable to load!CModelRenderSystem::SetupFlashlightsAndDecals sorted model list count incorrect! A model was probably unable to load!CModelRenderSystem::SetupFlashlightsAndDecals sorted model list count incorrect! A model was probably unable to load!CModelRenderSystem::SetupFlashlightsAndDecals sorted model list count incorrect! A model was probably unable to load!CModelRenderSystem::SetupFlashlightsAndDecals sorted model list count incorrect! A model was probably unable to load!CModelRenderSystem::SetupFlashlightsAndDecals sorted model list count incorrect! A model was probably unable to load!CModelRenderSystem::SetupFlashlightsAndDecals sorted model list count incorrect! A model was probably unable to load!CModelRenderSystem::SetupFlashlightsAndDecals sorted model list count incorrect! A model was probably unable to load!CModelRenderSystem::SetupFlashlightsAndDecals sorted model list count incorrect! A model was probably unable to load!gustavo unpaused the game
gustavo unpaused the game
CModelRenderSystem::SetupFlashlightsAndDecals sorted model list count incorrect! A model was probably unable to load!CModelRenderSystem::SetupFlashlightsAndDecals sorted model list count incorrect! A model was probably unable to load!Attempted to precache unknown particle system "weapon_tracers"!
Attempted to precache unknown particle system "weapon_tracers"!
Attempted to precache unknown particle system "weapon_tracers"!
Attempted to precache unknown particle system "weapon_tracers"!
Attempted to precache unknown particle system "weapon_tracers"!
Attempted to precache unknown particle system "weapon_tracers"!
Attempted to precache unknown particle system "weapon_tracers"!
Attempted to precache unknown particle system "weapon_tracers"!
Attempted to precache unknown particle system "weapon_tracers"!
Attempted to precache unknown particle system "weapon_tracers"!
Attempted to precache unknown particle system "weapon_tracers"!
Attempted to precache unknown particle system "weapon_tracers"!
Error reading weapon data file for: basehlcombatweapon
Attempted to precache unknown particle system "weapon_tracers"!
CModelRenderSystem::SetupFlashlightsAndDecals sorted model list count incorrect! A model was probably unable to load!CModelRenderSystem::SetupFlashlightsAndDecals sorted model list count incorrect! A model was probably unable to load!CModelRenderSystem::SetupFlashlightsAndDecals sorted model list count incorrect! A model was probably unable to load!CModelRenderSystem::SetupFlashlightsAndDecals sorted model list count incorrect! A model was probably unable to load!CModelRenderSystem::SetupFlashlightsAndDecals sorted model list count incorrect! A model was probably unable to load!CModelRenderSystem::SetupFlashlightsAndDecals sorted model list count incorrect! A model was probably unable to load!CModelRenderSystem::SetupFlashlightsAndDecals sorted model list count incorrect! A model was probably unable to load!CModelRenderSystem::SetupFlashlightsAndDecals sorted model list count incorrect! A model was probably unable to load!CModelRenderSystem::SetupFlashlightsAndDecals sorted model list count incorrect! A model was probably unable to load!CModelRenderSystem::SetupFlashlightsAndDecals sorted model list count incorrect! A model was probably unable to load!CModelRenderSystem::SetupFlashlightsAndDecals sorted model list count incorrect! A model was probably unable to load!CModelRenderSystem::SetupFlashlightsAndDecals sorted model list count incorrect! A model was probably unable to load!CModelRenderSystem::SetupFlashlightsAndDecals sorted model list count incorrect! A model was probably unable to load!CModelRenderSystem::SetupFlashlightsAndDecals sorted model list count incorrect! A model was probably unable to load!CModelRenderSystem::SetupFlashlightsAndDecals sorted model list count incorrect! A model was probably unable to load!CModelRenderSystem::SetupFlashlightsAndDecals sorted model list count incorrect! A model was probably unable to load!CModelRenderSystem::SetupFlashlightsAndDecals sorted model list count incorrect! A model was probably unable to load!CModelRenderSystem::SetupFlashlightsAndDecals sorted model list count incorrect! A model was probably unable to load!CModelRenderSystem::SetupFlashlightsAndDecals sorted model list count incorrect! A model was probably unable to load!CModelRenderSystem::SetupFlashlightsAndDecals sorted model list count incorrect! A model was probably unable to load!CModelRenderSystem::SetupFlashlightsAndDecals sorted model list count incorrect! A model was probably unable to load!CModelRenderSystem::SetupFlashlightsAndDecals sorted model list count incorrect! A model was probably unable to load!CreateEvent: event 'portal_player_touchedground' not registered.
CreateEvent: event 'portal_player_touchedground' not registered.
CreateEvent: event 'portal_player_touchedground' not registered.
CreateEvent: event 'portal_player_touchedground' not registered.
CreateEvent: event 'portal_player_touchedground' not registered.
Dropped gustavo from server (Server shutting down)
Host_WriteConfiguration: Wrote cfg/config.cfg
Stopping All Sounds...
Stopping: Channel:64 player\fling_whoosh.wav
Stopping: Channel:69 weapons\portalgun\portal_ambient_loop1.wav
Stopping: Channel:65 vehicles\airboat\fan_blade_idle_loop1.wav
Stopping: Channel:66 vehicles\airboat\fan_blade_idle_loop1.wav
Stopping: Channel:68 weapons\portalgun\portal_ambient_loop1.wav
Stopping: Channel:70 ambient\gas\cannister_loop.wav
Stopping: Channel: 0 physics\metal\metal_box_scrape_rough_loop1.wav
Stopping: Channel:67 ambient\gas\cannister_loop.wav
Queued Material System: DISABLED!
Datacenter::EnableUpdate( 0 ), current state = 0
Datacenter::RequestStop, time 43.03, state 0
Unable to remove c:\sourcecode\aperture-camera\game\valve\textwindow_temp.html!
Stopping All Sounds...
CreateEvent: event 'server_pre_shutdown' not registered.
CreateEvent: event 'server_shutdown' not registered.
Shutdown function ShutdownMixerControls() not in list!!!
NET_GetBindAddresses found 192.168.31.140: 'Realtek PCIe GbE Family Controller'
NET_GetBindAddresses found 26.133.72.161: 'Famatech Radmin VPN Ethernet Adapter'
NET_GetBindAddresses found 172.24.90.163: 'ZeroTier Virtual Port #2'
NET_GetBindAddresses found 10.147.17.76: 'ZeroTier Virtual Port #3'
NET_GetBindAddresses found 172.16.0.2: 'WireGuard Tunnel'
Network: IP 10.147.17.76, mode MP, dedicated No, ports 27015 SV / 27005 CL
Parent cvar in client.dll not allowed (rr_debugresponseconcept)
Parent cvar in client.dll not allowed (rr_dumpresponses)
Parent cvar in client.dll not allowed (rr_debugrule)
Parent cvar in client.dll not allowed (rr_debugresponses)
WARNING: unable to link rr_debugresponseconcept_exclude and rr_debugresponseconcept_exclude because one or more is a ConCommand.
Parent cvar in client.dll not allowed (movement_anim_playback_minrate)
WARNING: unable to link creditsdone and creditsdone because one or more is a ConCommand.
WARNING: unable to link rr_reloadresponsesystems and rr_reloadresponsesystems because one or more is a ConCommand.
KeyValues Error: RecursiveLoadFromBuffer:  got NULL key in file particles/particles_manifest.txt
particles_manifest, 
CParticleMgr::Init:  Manifest 'particles/particles_manifest.txt' with bogus file type 'file		', expecting 'file'
CParticleMgr::Init:  Manifest 'particles/particles_manifest.txt' with bogus file type '
}', expecting 'file'
CResponseSystem:  scripts\talker\response_rules.txt (2 rules, 2 criteria, and 2 responses)
maxplayers set to 1
We're happy and aperture_render_targets!Created Photo RT: _rt_LargePhoto
Created Photo RT: _rt_LargePhoto
Created Photo RT: _rt_LargePhoto
Missing cfg\cpu_level_2_pc.ekv
Missing cfg\gpu_level_3_pc.ekv
Missing cfg\mem_level_2_pc.ekv
Missing cfg\gpu_mem_level_2_pc.ekv
Running -nogameui mode, using client module instead of gameui
Steam config directory: C:\SourceCode\aperture-camera\game\platform\config
KeyValues Error: RecursiveLoadFromBuffer:  got NULL key in file particles/particles_manifest.txt
particles_manifest, 
CParticleMgr::Init:  Manifest 'particles/particles_manifest.txt' with bogus file type 'file		', expecting 'file'
CParticleMgr::Init:  Manifest 'particles/particles_manifest.txt' with bogus file type '
}', expecting 'file'
No split screen config file 'splitscreen_config.txt', using defaults
Missing cfg\cpu_level_2_pc.ekv
Missing cfg\gpu_level_3_pc.ekv
Missing cfg\mem_level_2_pc.ekv
Missing cfg\gpu_mem_level_2_pc.ekv
CGameEventManager::AddListener: event 'replay_status' unknown.
CGameEventManager::AddListener: event 'spec_target_updated' unknown.
KV Conditional: Unknown symbol OSX
KV Conditional: Unknown symbol OSX
"materials/_rt_largephoto1.vtf": can't be found on disk
"materials/_rt_largephoto2.vtf": can't be found on disk
"materials/_rt_largephoto3.vtf": can't be found on disk
Hud element 'CHudControlHelper' doesn't have an entry 'HudControlHelper' in scripts/HudLayout.res
Hud element 'CHudIndicator' doesn't have an entry 'HudIndicator' in scripts/HudLayout.res
Hud element 'CHudViewfinder' doesn't have an entry 'HudViewfinder' in scripts/HudLayout.res
Hud element 'CHudPhotoInventory' doesn't have an entry 'HudPhotoInventory' in scripts/HudLayout.res
Hud element 'CHudPhotoFlash' doesn't have an entry 'HudPhotoInventory' in scripts/HudLayout.res
CResponseSystem:  scripts\talker\response_rules.txt (2 rules, 2 criteria, and 2 responses)
cc_lang = 
Missing cfg\cpu_level_2_pc.ekv
Missing cfg\gpu_level_3_pc.ekv
Missing cfg\mem_level_2_pc.ekv
Missing cfg\gpu_mem_level_2_pc.ekv
Sound Initialization: Start
DS:stereo speaker configuration detected
Set primary sound buffer format: yes
Using secondary sound buffer
   2 channel(s)
   16 bits/sample
   44100 samples/sec
DirectSound initialized
Stopping All Sounds...
Trying cache :  'c:/sourcecode/aperture-camera/game/valve/maps/soundcache/_master.cache'
Successfully loaded audio cache file
Sound Initialization: Finish, Sampling Rate: 44100
cc_lang = 
Legacy Surround disabled.
Stopping All Sounds...
Sound Initialization: Start
DS:stereo speaker configuration detected
Set primary sound buffer format: yes
Using secondary sound buffer
   2 channel(s)
   16 bits/sample
   44100 samples/sec
DirectSound initialized
Stopping All Sounds...
Trying cache :  'c:/sourcecode/aperture-camera/game/valve/maps/soundcache/_master.cache'
Successfully loaded audio cache file
Sound Initialization: Finish, Sampling Rate: 44100
Datacenter::RequestStart, time 1.84
Datacenter::RequestStop, time 1.85, state 1
Datacenter::RequestUpdate failed
Stopping All Sounds...
Stopping All Sounds...
---- Host_NewGame ----
Network: IP 10.147.17.76, mode SP, dedicated No, ports 0 SV / 0 CL
Network: IP 10.147.17.76, mode MP, dedicated No, ports 27015 SV / 27005 CL
#######################################
Map testroom_aperture missing stringtable dictionary, don't ship this way!!!
#######################################
Host_NewGame on map testroom_aperture
Set Gravity 600.0 (0.250 tolerance)
PrecacheScriptSound 'default.null' failed, no such sound script entry
weapons/v_portalgun.mdl : material "models/weapons/v_models/v_portalgun/v_hands" not found.
CreateEvent: event 'picked_up_paint' not registered.
PrecacheScriptSound 'Paintgun.FireLoop' failed, no such sound script entry
Direct precache of vehicles/airboat/pontoon_fast_water_loop2.wav
Error Index File for 'weapons\w_cam.mdl' checksum 1322159438 should be 2037782653
Warning:  Can't add NULL string to table EffectDispatch
Failed to load models/weapons/v_cam.mdl!
Warning:  Can't add NULL string to table EffectDispatch
Error: Material "models/items/photo_capture01" : proxy "PhotoMaterial" not found!
"materials/null.vtf": can't be found on disk
Error reading weapon data file for: weapon_hopwire
Warning:  Can't add NULL string to table EffectDispatch
Warning:  Can't add NULL string to table EffectDispatch
Warning:  Can't add NULL string to table EffectDispatch
Warning:  Can't add NULL string to table EffectDispatch
Warning:  Can't add NULL string to table EffectDispatch
Warning:  Can't add NULL string to table EffectDispatch
Warning:  Can't add NULL string to table EffectDispatch
Warning:  Can't add NULL string to table EffectDispatch
Warning:  Can't add NULL string to table EffectDispatch
Warning:  Can't add NULL string to table EffectDispatch
Warning:  Can't add NULL string to table EffectDispatch
Warning:  Can't add NULL string to table EffectDispatch
Warning:  Can't add NULL string to table EffectDispatch
Script not found (scripts/vscripts/mapspawn.nut) 
Failed to CRC cfg/cpu_level_0_pc.ekv
Failed to CRC cfg/cpu_level_0_pc_ss.ekv
Failed to CRC cfg/cpu_level_1_pc.ekv
Failed to CRC cfg/cpu_level_1_pc_ss.ekv
Failed to CRC cfg/cpu_level_2_pc.ekv
Failed to CRC cfg/cpu_level_2_pc_ss.ekv
Failed to CRC cfg/gpu_level_0_pc.ekv
Failed to CRC cfg/gpu_level_1_pc.ekv
Failed to CRC cfg/gpu_level_2_pc.ekv
Failed to CRC cfg/gpu_level_3_pc.ekv
Failed to CRC cfg/mem_level_0_pc.ekv
Failed to CRC cfg/mem_level_1_pc.ekv
Failed to CRC cfg/mem_level_2_pc.ekv
Failed to CRC cfg/gpu_mem_level_0_pc.ekv
Failed to CRC cfg/gpu_mem_level_1_pc.ekv
Failed to CRC cfg/gpu_mem_level_2_pc.ekv
Failed to CRC scripts/asw_weapon_ammo_bag.txt
Failed to CRC scripts/asw_weapon_ammo_satchel.txt
Failed to CRC scripts/asw_weapon_autogun.txt
Failed to CRC scripts/asw_weapon_blink.txt
Failed to CRC scripts/asw_weapon_buff_grenade.txt
Failed to CRC scripts/asw_weapon_chainsaw.txt
Failed to CRC scripts/asw_weapon_electrified_armor.txt
Failed to CRC scripts/asw_weapon_fire_extinguisher.txt
Failed to CRC scripts/asw_weapon_fist.txt
Failed to CRC scripts/asw_weapon_flamer.txt
Failed to CRC scripts/asw_weapon_flares.txt
Failed to CRC scripts/asw_weapon_flashlight.txt
Failed to CRC scripts/asw_weapon_freeze_grenades.txt
Failed to CRC scripts/asw_weapon_grenades.txt
Failed to CRC scripts/asw_weapon_grenade_launcher.txt
Failed to CRC scripts/asw_weapon_heal_grenade.txt
Failed to CRC scripts/asw_weapon_heal_gun.txt
Failed to CRC scripts/asw_weapon_hornet_barrage.txt
Failed to CRC scripts/asw_weapon_jump_jet.txt
Failed to CRC scripts/asw_weapon_laser_mines.txt
Failed to CRC scripts/asw_weapon_medical_satchel.txt
Failed to CRC scripts/asw_weapon_medkit.txt
Failed to CRC scripts/asw_weapon_mines.txt
Failed to CRC scripts/asw_weapon_minigun.txt
Failed to CRC scripts/asw_weapon_mining_laser.txt
Failed to CRC scripts/asw_weapon_night_vision.txt
Failed to CRC scripts/asw_weapon_normal_armor.txt
Failed to CRC scripts/asw_weapon_pdw.txt
Failed to CRC scripts/asw_weapon_pistol.txt
Failed to CRC scripts/asw_weapon_prifle.txt
Failed to CRC scripts/asw_weapon_railgun.txt
Failed to CRC scripts/asw_weapon_rifle.txt
Failed to CRC scripts/asw_weapon_sentry.txt
Failed to CRC scripts/asw_weapon_sentry_cannon.txt
Failed to CRC scripts/asw_weapon_sentry_flamer.txt
Failed to CRC scripts/asw_weapon_sentry_freeze.txt
Failed to CRC scripts/asw_weapon_shotgun.txt
Failed to CRC scripts/asw_weapon_smart_bomb.txt
Failed to CRC scripts/asw_weapon_sniper_rifle.txt
Failed to CRC scripts/asw_weapon_stim.txt
Failed to CRC scripts/asw_weapon_tesla_gun.txt
Failed to CRC scripts/asw_weapon_tesla_trap.txt
Failed to CRC scripts/asw_weapon_vindicator.txt
Failed to CRC scripts/asw_weapon_welder.txt
Attempted to create unknown entity type prop_portal_linked_door!
Can't init prop_portal_linked_door
Attempted to create unknown entity type prop_portal_linked_door!
Can't init prop_portal_linked_door
props_farm\mousetrap.mdl : material "models/props_farm/mousetrap001" not found.
PrecacheScriptSound 'NPC_Android.Pain' failed, no such sound script entry
Attempted to create unknown entity type _squashed_zombie!
NULL Ent in UTIL_PrecacheOther
PrecacheScriptSound 'AndroidDispenser.Blocked' failed, no such sound script entry
PrecacheScriptSound 'AndroidDispenser.Dispense' failed, no such sound script entry
prop_dynamic at -872 0 128 uses model models/props_c17/furnituretable002a.mdl, which has propdata which means that it be used on a prop_physics. DELETED.
"materials/models/bot_fem/bot_male_exponent.vtf": can't be found on disk
npcs/hover_turret.mdl : material "models/props_bts/glados_ball_01" not found.
npcs/hover_turret.mdl : material "models/props_bts/glados_ball_02" not found.
npcs/hover_turret.mdl : material "models/props_bts/glados_ball_03" not found.
npcs/hover_turret.mdl : material "models/props_bts/glados_ball_04" not found.
Invalid file size for motd.txt
Invalid file size for host.txt
Created class baseline: 21 classes, 3088 bytes.
Heartbeat is disabled (usually developer or cheats is on).
m_eServerMode pre = 0
m_eServerMode post = 2
Stopping All Sounds...
1.000:  Sending UDP connect to public IP 127.0.0.1:27015
Server using '<none>' lobbies, requiring pw no, lobby id 0
RememberIPAddressForLobby: lobby 0 from address loopback

Portal
Map: testroom_aperture
Players: 1 (0 bots) / 1 humans
Build: 6653
Server Number: 1

material "particle/particle_glow_05_add_15ob" not found.
Attempted to precache unknown particle system "portal_dematerialize"!
Attempted to precache unknown particle system "portal_rematerialize"!
Attempted to precache unknown particle system "zombie_stomp_heavy"!
Attempted to precache unknown particle system "GrubBlood"!
Attempted to precache unknown particle system "fizzler_field"!
Attempted to precache unknown particle system "fizzler_field_scalable"!
material "overlays/coop_ping_decal" not found.
material "effects/huntertracer" not found.
Attempted to precache unknown particle system "rain_storm"!
Attempted to precache unknown particle system "rain_storm"!
Attempted to precache unknown particle system "rain_storm_screen"!
Attempted to precache unknown particle system "rain_storm_screen"!
Attempted to precache unknown particle system "rain_storm_outer"!
Attempted to precache unknown particle system "rain_storm_outer"!
Attempted to precache unknown particle system "rain"!
Attempted to precache unknown particle system "rain"!
Attempted to precache unknown particle system "rain_outer"!
Attempted to precache unknown particle system "rain_outer"!
Attempted to precache unknown particle system "ash"!
Attempted to precache unknown particle system "ash"!
Attempted to precache unknown particle system "ash_outer"!
Attempted to precache unknown particle system "ash_outer"!
Attempted to precache unknown particle system "snow"!
Attempted to precache unknown particle system "snow"!
Attempted to precache unknown particle system "snow_outer"!
Attempted to precache unknown particle system "snow_outer"!
Attempted to precache unknown particle system "rtube_muzzle"!
Attempted to precache unknown particle system "rtube_muzzle"!
Attempted to precache unknown particle system "paint_hose"!
Attempted to precache unknown particle system "paint_hose"!
material "photos/photo_background" not found.
material "photos/photo_foreground" not found.
Script not found (scripts/vscripts/mapspawn.nut) 
Sending full update to Client gustavo (gustavo can't find frame from tick -1)
Receiving uncompressed update from server
Set Gravity 600.0 (0.250 tolerance)
Queued Material System: ENABLED!
DEBUG HISTORY IS ENABLED. Disable before release (in env_debughistory.h).
CreateEvent: event 'portal_player_touchedground' not registered.
material "" not found.
Attempting to create unknown particle system 'fizzler_field_scalable' 
Attempting to create unknown particle system 'fizzler_field' 
Attempting to create unknown particle system 'fizzler_field' 
Attempting to create unknown particle system 'fizzler_field_scalable' 
Redownloading all lightmaps
R_RedownloadAllLightmaps took 3.670 msec!
Connection to Steam servers successful.
   VAC secure mode disabled.
gustavo unpaused the game
gustavo unpaused the game
Warning:  Can't add NULL string to table EffectDispatch
Warning:  Can't add NULL string to table EffectDispatch
Warning:  Can't add NULL string to table EffectDispatch
Warning:  Can't add NULL string to table EffectDispatch
Warning:  Can't add NULL string to table EffectDispatch
Warning:  Can't add NULL string to table EffectDispatch
Warning:  Can't add NULL string to table EffectDispatch
Warning:  Can't add NULL string to table EffectDispatch
Warning:  Can't add NULL string to table EffectDispatch
Warning:  Can't add NULL string to table EffectDispatch
Attempted to precache unknown particle system "weapon_tracers"!
Attempted to precache unknown particle system "weapon_tracers"!
Attempted to precache unknown particle system "weapon_tracers"!
Attempted to precache unknown particle system "weapon_tracers"!
Attempted to precache unknown particle system "weapon_tracers"!
Attempted to precache unknown particle system "weapon_tracers"!
Attempted to precache unknown particle system "weapon_tracers"!
Attempted to precache unknown particle system "weapon_tracers"!
Attempted to precache unknown particle system "weapon_tracers"!
Attempted to precache unknown particle system "weapon_tracers"!
Attempted to precache unknown particle system "weapon_tracers"!
Attempted to precache unknown particle system "weapon_tracers"!
Error reading weapon data file for: basehlcombatweapon
Attempted to precache unknown particle system "weapon_tracers"!
CModelRenderSystem::SetupFlashlightsAndDecals sorted model list count incorrect! A model was probably unable to load!CModelRenderSystem::SetupFlashlightsAndDecals sorted model list count incorrect! A model was probably unable to load!CModelRenderSystem::SetupFlashlightsAndDecals sorted model list count incorrect! A model was probably unable to load!CModelRenderSystem::SetupFlashlightsAndDecals sorted model list count incorrect! A model was probably unable to load!CModelRenderSystem::SetupFlashlightsAndDecals sorted model list count incorrect! A model was probably unable to load!CModelRenderSystem::SetupFlashlightsAndDecals sorted model list count incorrect! A model was probably unable to load!CModelRenderSystem::SetupFlashlightsAndDecals sorted model list count incorrect! A model was probably unable to load!CModelRenderSystem::SetupFlashlightsAndDecals sorted model list count incorrect! A model was probably unable to load!CModelRenderSystem::SetupFlashlightsAndDecals sorted model list count incorrect! A model was probably unable to load!CModelRenderSystem::SetupFlashlightsAndDecals sorted model list count incorrect! A model was probably unable to load!CModelRenderSystem::SetupFlashlightsAndDecals sorted model list count incorrect! A model was probably unable to load!CModelRenderSystem::SetupFlashlightsAndDecals sorted model list count incorrect! A model was probably unable to load!CModelRenderSystem::SetupFlashlightsAndDecals sorted model list count incorrect! A model was probably unable to load!CModelRenderSystem::SetupFlashlightsAndDecals sorted model list count incorrect! A model was probably unable to load!CModelRenderSystem::SetupFlashlightsAndDecals sorted model list count incorrect! A model was probably unable to load!CModelRenderSystem::SetupFlashlightsAndDecals sorted model list count incorrect! A model was probably unable to load!CModelRenderSystem::SetupFlashlightsAndDecals sorted model list count incorrect! A model was probably unable to load!CModelRenderSystem::SetupFlashlightsAndDecals sorted model list count incorrect! A model was probably unable to load!CModelRenderSystem::SetupFlashlightsAndDecals sorted model list count incorrect! A model was probably unable to load!CModelRenderSystem::SetupFlashlightsAndDecals sorted model list count incorrect! A model was probably unable to load!CModelRenderSystem::SetupFlashlightsAndDecals sorted model list count incorrect! A model was probably unable to load!CModelRenderSystem::SetupFlashlightsAndDecals sorted model list count incorrect! A model was probably unable to load!CModelRenderSystem::SetupFlashlightsAndDecals sorted model list count incorrect! A model was probably unable to load!CModelRenderSystem::SetupFlashlightsAndDecals sorted model list count incorrect! A model was probably unable to load!CModelRenderSystem::SetupFlashlightsAndDecals sorted model list count incorrect! A model was probably unable to load!CModelRenderSystem::SetupFlashlightsAndDecals sorted model list count incorrect! A model was probably unable to load!CModelRenderSystem::SetupFlashlightsAndDecals sorted model list count incorrect! A model was probably unable to load!CModelRenderSystem::SetupFlashlightsAndDecals sorted model list count incorrect! A model was probably unable to load!CModelRenderSystem::SetupFlashlightsAndDecals sorted model list count incorrect! A model was probably unable to load!CModelRenderSystem::SetupFlashlightsAndDecals sorted model list count incorrect! A model was probably unable to load!CModelRenderSystem::SetupFlashlightsAndDecals sorted model list count incorrect! A model was probably unable to load!CModelRenderSystem::SetupFlashlightsAndDecals sorted model list count incorrect! A model was probably unable to load!CModelRenderSystem::SetupFlashlightsAndDecals sorted model list count incorrect! A model was probably unable to load!CModelRenderSystem::SetupFlashlightsAndDecals sorted model list count incorrect! A model was probably unable to load!CModelRenderSystem::SetupFlashlightsAndDecals sorted model list count incorrect! A model was probably unable to load!CModelRenderSystem::SetupFlashlightsAndDecals sorted model list count incorrect! A model was probably unable to load!CModelRenderSystem::SetupFlashlightsAndDecals sorted model list count incorrect! A model was probably unable to load!CModelRenderSystem::SetupFlashlightsAndDecals sorted model list count incorrect! A model was probably unable to load!CModelRenderSystem::SetupFlashlightsAndDecals sorted model list count incorrect! A model was probably unable to load!CModelRenderSystem::SetupFlashlightsAndDecals sorted model list count incorrect! A model was probably unable to load!CModelRenderSystem::SetupFlashlightsAndDecals sorted model list count incorrect! A model was probably unable to load!CModelRenderSystem::SetupFlashlightsAndDecals sorted model list count incorrect! A model was probably unable to load!CModelRenderSystem::SetupFlashlightsAndDecals sorted model list count incorrect! A model was probably unable to load!CModelRenderSystem::SetupFlashlightsAndDecals sorted model list count incorrect! A model was probably unable to load!CModelRenderSystem::SetupFlashlightsAndDecals sorted model list count incorrect! A model was probably unable to load!CModelRenderSystem::SetupFlashlightsAndDecals sorted model list count incorrect! A model was probably unable to load!CModelRenderSystem::SetupFlashlightsAndDecals sorted model list count incorrect! A model was probably unable to load!CModelRenderSystem::SetupFlashlightsAndDecals sorted model list count incorrect! A model was probably unable to load!CModelRenderSystem::SetupFlashlightsAndDecals sorted model list count incorrect! A model was probably unable to load!CModelRenderSystem::SetupFlashlightsAndDecals sorted model list count incorrect! A model was probably unable to load!CModelRenderSystem::SetupFlashlightsAndDecals sorted model list count incorrect! A model was probably unable to load!CModelRenderSystem::SetupFlashlightsAndDecals sorted model list count incorrect! A model was probably unable to load!CModelRenderSystem::SetupFlashlightsAndDecals sorted model list count incorrect! A model was probably unable to load!CModelRenderSystem::SetupFlashlightsAndDecals sorted model list count incorrect! A model was probably unable to load!CModelRenderSystem::SetupFlashlightsAndDecals sorted model list count incorrect! A model was probably unable to load!CModelRenderSystem::SetupFlashlightsAndDecals sorted model list count incorrect! A model was probably unable to load!CModelRenderSystem::SetupFlashlightsAndDecals sorted model list count incorrect! A model was probably unable to load!CModelRenderSystem::SetupFlashlightsAndDecals sorted model list count incorrect! A model was probably unable to load!CModelRenderSystem::SetupFlashlightsAndDecals sorted model list count incorrect! A model was probably unable to load!CModelRenderSystem::SetupFlashlightsAndDecals sorted model list count incorrect! A model was probably unable to load!CModelRenderSystem::SetupFlashlightsAndDecals sorted model list count incorrect! A model was probably unable to load!CModelRenderSystem::SetupFlashlightsAndDecals sorted model list count incorrect! A model was probably unable to load!CModelRenderSystem::SetupFlashlightsAndDecals sorted model list count incorrect! A model was probably unable to load!CModelRenderSystem::SetupFlashlightsAndDecals sorted model list count incorrect! A model was probably unable to load!CModelRenderSystem::SetupFlashlightsAndDecals sorted model list count incorrect! A model was probably unable to load!CModelRenderSystem::SetupFlashlightsAndDecals sorted model list count incorrect! A model was probably unable to load!CModelRenderSystem::SetupFlashlightsAndDecals sorted model list count incorrect! A model was probably unable to load!CModelRenderSystem::SetupFlashlightsAndDecals sorted model list count incorrect! A model was probably unable to load!CModelRenderSystem::SetupFlashlightsAndDecals sorted model list count incorrect! A model was probably unable to load!CModelRenderSystem::SetupFlashlightsAndDecals sorted model list count incorrect! A model was probably unable to load!CModelRenderSystem::SetupFlashlightsAndDecals sorted model list count incorrect! A model was probably unable to load!CModelRenderSystem::SetupFlashlightsAndDecals sorted model list count incorrect! A model was probably unable to load!CModelRenderSystem::SetupFlashlightsAndDecals sorted model list count incorrect! A model was probably unable to load!CModelRenderSystem::SetupFlashlightsAndDecals sorted model list count incorrect! A model was probably unable to load!CModelRenderSystem::SetupFlashlightsAndDecals sorted model list count incorrect! A model was probably unable to load!CModelRenderSystem::SetupFlashlightsAndDecals sorted model list count incorrect! A model was probably unable to load!CModelRenderSystem::SetupFlashlightsAndDecals sorted model list count incorrect! A model was probably unable to load!CModelRenderSystem::SetupFlashlightsAndDecals sorted model list count incorrect! A model was probably unable to load!CModelRenderSystem::SetupFlashlightsAndDecals sorted model list count incorrect! A model was probably unable to load!CModelRenderSystem::SetupFlashlightsAndDecals sorted model list count incorrect! A model was probably unable to load!CModelRenderSystem::SetupFlashlightsAndDecals sorted model list count incorrect! A model was probably unable to load!CModelRenderSystem::SetupFlashlightsAndDecals sorted model list count incorrect! A model was probably unable to load!CModelRenderSystem::SetupFlashlightsAndDecals sorted model list count incorrect! A model was probably unable to load!CModelRenderSystem::SetupFlashlightsAndDecals sorted model list count incorrect! A model was probably unable to load!CModelRenderSystem::SetupFlashlightsAndDecals sorted model list count incorrect! A model was probably unable to load!CModelRenderSystem::SetupFlashlightsAndDecals sorted model list count incorrect! A model was probably unable to load!CModelRenderSystem::SetupFlashlightsAndDecals sorted model list count incorrect! A model was probably unable to load!CModelRenderSystem::SetupFlashlightsAndDecals sorted model list count incorrect! A model was probably unable to load!CModelRenderSystem::SetupFlashlightsAndDecals sorted model list count incorrect! A model was probably unable to load!CModelRenderSystem::SetupFlashlightsAndDecals sorted model list count incorrect! A model was probably unable to load!CModelRenderSystem::SetupFlashlightsAndDecals sorted model list count incorrect! A model was probably unable to load!CModelRenderSystem::SetupFlashlightsAndDecals sorted model list count incorrect! A model was probably unable to load!CModelRenderSystem::SetupFlashlightsAndDecals sorted model list count incorrect! A model was probably unable to load!CModelRenderSystem::SetupFlashlightsAndDecals sorted model list count incorrect! A model was probably unable to load!CModelRenderSystem::SetupFlashlightsAndDecals sorted model list count incorrect! A model was probably unable to load!CModelRenderSystem::SetupFlashlightsAndDecals sorted model list count incorrect! A model was probably unable to load!CModelRenderSystem::SetupFlashlightsAndDecals sorted model list count incorrect! A model was probably unable to load!CModelRenderSystem::SetupFlashlightsAndDecals sorted model list count incorrect! A model was probably unable to load!CModelRenderSystem::SetupFlashlightsAndDecals sorted model list count incorrect! A model was probably unable to load!CModelRenderSystem::SetupFlashlightsAndDecals sorted model list count incorrect! A model was probably unable to load!CModelRenderSystem::SetupFlashlightsAndDecals sorted model list count incorrect! A model was probably unable to load!CModelRenderSystem::SetupFlashlightsAndDecals sorted model list count incorrect! A model was probably unable to load!CModelRenderSystem::SetupFlashlightsAndDecals sorted model list count incorrect! A model was probably unable to load!CModelRenderSystem::SetupFlashlightsAndDecals sorted model list count incorrect! A model was probably unable to load!CModelRenderSystem::SetupFlashlightsAndDecals sorted model list count incorrect! A model was probably unable to load!CModelRenderSystem::SetupFlashlightsAndDecals sorted model list count incorrect! A model was probably unable to load!CModelRenderSystem::SetupFlashlightsAndDecals sorted model list count incorrect! A model was probably unable to load!CModelRenderSystem::SetupFlashlightsAndDecals sorted model list count incorrect! A model was probably unable to load!CModelRenderSystem::SetupFlashlightsAndDecals sorted model list count incorrect! A model was probably unable to load!CModelRenderSystem::SetupFlashlightsAndDecals sorted model list count incorrect! A model was probably unable to load!CModelRenderSystem::SetupFlashlightsAndDecals sorted model list count incorrect! A model was probably unable to load!CModelRenderSystem::SetupFlashlightsAndDecals sorted model list count incorrect! A model was probably unable to load!CModelRenderSystem::SetupFlashlightsAndDecals sorted model list count incorrect! A model was probably unable to load!CModelRenderSystem::SetupFlashlightsAndDecals sorted model list count incorrect! A model was probably unable to load!CModelRenderSystem::SetupFlashlightsAndDecals sorted model list count incorrect! A model was probably unable to load!CModelRenderSystem::SetupFlashlightsAndDecals sorted model list count incorrect! A model was probably unable to load!CModelRenderSystem::SetupFlashlightsAndDecals sorted model list count incorrect! A model was probably unable to load!CModelRenderSystem::SetupFlashlightsAndDecals sorted model list count incorrect! A model was probably unable to load!CModelRenderSystem::SetupFlashlightsAndDecals sorted model list count incorrect! A model was probably unable to load!gustavo unpaused the game
CreateEvent: event 'portal_player_touchedground' not registered.
CreateEvent: event 'portal_player_touchedground' not registered.
CreateEvent: event 'portal_player_touchedground' not registered.
CreateEvent: event 'portal_player_touchedground' not registered.
CreateEvent: event 'portal_player_touchedground' not registered.
CreateEvent: event 'portal_player_touchedground' not registered.
CreateEvent: event 'portal_player_touchedground' not registered.
CModelRenderSystem::SetupFlashlightsAndDecals sorted model list count incorrect! A model was probably unable to load!CModelRenderSystem::SetupFlashlightsAndDecals sorted model list count incorrect! A model was probably unable to load!CModelRenderSystem::SetupFlashlightsAndDecals sorted model list count incorrect! A model was probably unable to load!CModelRenderSystem::SetupFlashlightsAndDecals sorted model list count incorrect! A model was probably unable to load!CModelRenderSystem::SetupFlashlightsAndDecals sorted model list count incorrect! A model was probably unable to load!CModelRenderSystem::SetupFlashlightsAndDecals sorted model list count incorrect! A model was probably unable to load!CModelRenderSystem::SetupFlashlightsAndDecals sorted model list count incorrect! A model was probably unable to load!CModelRenderSystem::SetupFlashlightsAndDecals sorted model list count incorrect! A model was probably unable to load!CModelRenderSystem::SetupFlashlightsAndDecals sorted model list count incorrect! A model was probably unable to load!CModelRenderSystem::SetupFlashlightsAndDecals sorted model list count incorrect! A model was probably unable to load!CModelRenderSystem::SetupFlashlightsAndDecals sorted model list count incorrect! A model was probably unable to load!CModelRenderSystem::SetupFlashlightsAndDecals sorted model list count incorrect! A model was probably unable to load!CModelRenderSystem::SetupFlashlightsAndDecals sorted model list count incorrect! A model was probably unable to load!CModelRenderSystem::SetupFlashlightsAndDecals sorted model list count incorrect! A model was probably unable to load!CModelRenderSystem::SetupFlashlightsAndDecals sorted model list count incorrect! A model was probably unable to load!CModelRenderSystem::SetupFlashlightsAndDecals sorted model list count incorrect! A model was probably unable to load!CModelRenderSystem::SetupFlashlightsAndDecals sorted model list count incorrect! A model was probably unable to load!CModelRenderSystem::SetupFlashlightsAndDecals sorted model list count incorrect! A model was probably unable to load!CModelRenderSystem::SetupFlashlightsAndDecals sorted model list count incorrect! A model was probably unable to load!CModelRenderSystem::SetupFlashlightsAndDecals sorted model list count incorrect! A model was probably unable to load!CModelRenderSystem::SetupFlashlightsAndDecals sorted model list count incorrect! A model was probably unable to load!CModelRenderSystem::SetupFlashlightsAndDecals sorted model list count incorrect! A model was probably unable to load!CModelRenderSystem::SetupFlashlightsAndDecals sorted model list count incorrect! A model was probably unable to load!CModelRenderSystem::SetupFlashlightsAndDecals sorted model list count incorrect! A model was probably unable to load!CModelRenderSystem::SetupFlashlightsAndDecals sorted model list count incorrect! A model was probably unable to load!CModelRenderSystem::SetupFlashlightsAndDecals sorted model list count incorrect! A model was probably unable to load!CModelRenderSystem::SetupFlashlightsAndDecals sorted model list count incorrect! A model was probably unable to load!CModelRenderSystem::SetupFlashlightsAndDecals sorted model list count incorrect! A model was probably unable to load!CModelRenderSystem::SetupFlashlightsAndDecals sorted model list count incorrect! A model was probably unable to load!CModelRenderSystem::SetupFlashlightsAndDecals sorted model list count incorrect! A model was probably unable to load!CreateEvent: event 'portal_player_touchedground' not registered.
CModelRenderSystem::SetupFlashlightsAndDecals sorted model list count incorrect! A model was probably unable to load!CModelRenderSystem::SetupFlashlightsAndDecals sorted model list count incorrect! A model was probably unable to load!CModelRenderSystem::SetupFlashlightsAndDecals sorted model list count incorrect! A model was probably unable to load!CModelRenderSystem::SetupFlashlightsAndDecals sorted model list count incorrect! A model was probably unable to load!CModelRenderSystem::SetupFlashlightsAndDecals sorted model list count incorrect! A model was probably unable to load!CModelRenderSystem::SetupFlashlightsAndDecals sorted model list count incorrect! A model was probably unable to load!CModelRenderSystem::SetupFlashlightsAndDecals sorted model list count incorrect! A model was probably unable to load!CModelRenderSystem::SetupFlashlightsAndDecals sorted model list count incorrect! A model was probably unable to load!CModelRenderSystem::SetupFlashlightsAndDecals sorted model list count incorrect! A model was probably unable to load!CModelRenderSystem::SetupFlashlightsAndDecals sorted model list count incorrect! A model was probably unable to load!CModelRenderSystem::SetupFlashlightsAndDecals sorted model list count incorrect! A model was probably unable to load!CModelRenderSystem::SetupFlashlightsAndDecals sorted model list count incorrect! A model was probably unable to load!CModelRenderSystem::SetupFlashlightsAndDecals sorted model list count incorrect! A model was probably unable to load!CModelRenderSystem::SetupFlashlightsAndDecals sorted model list count incorrect! A model was probably unable to load!CModelRenderSystem::SetupFlashlightsAndDecals sorted model list count incorrect! A model was probably unable to load!CModelRenderSystem::SetupFlashlightsAndDecals sorted model list count incorrect! A model was probably unable to load!CModelRenderSystem::SetupFlashlightsAndDecals sorted model list count incorrect! A model was probably unable to load!CModelRenderSystem::SetupFlashlightsAndDecals sorted model list count incorrect! A model was probably unable to load!CModelRenderSystem::SetupFlashlightsAndDecals sorted model list count incorrect! A model was probably unable to load!CModelRenderSystem::SetupFlashlightsAndDecals sorted model list count incorrect! A model was probably unable to load!CModelRenderSystem::SetupFlashlightsAndDecals sorted model list count incorrect! A model was probably unable to load!CModelRenderSystem::SetupFlashlightsAndDecals sorted model list count incorrect! A model was probably unable to load!CModelRenderSystem::SetupFlashlightsAndDecals sorted model list count incorrect! A model was probably unable to load!CModelRenderSystem::SetupFlashlightsAndDecals sorted model list count incorrect! A model was probably unable to load!CModelRenderSystem::SetupFlashlightsAndDecals sorted model list count incorrect! A model was probably unable to load!CModelRenderSystem::SetupFlashlightsAndDecals sorted model list count incorrect! A model was probably unable to load!CModelRenderSystem::SetupFlashlightsAndDecals sorted model list count incorrect! A model was probably unable to load!CModelRenderSystem::SetupFlashlightsAndDecals sorted model list count incorrect! A model was probably unable to load!CModelRenderSystem::SetupFlashlightsAndDecals sorted model list count incorrect! A model was probably unable to load!CModelRenderSystem::SetupFlashlightsAndDecals sorted model list count incorrect! A model was probably unable to load!CModelRenderSystem::SetupFlashlightsAndDecals sorted model list count incorrect! A model was probably unable to load!CModelRenderSystem::SetupFlashlightsAndDecals sorted model list count incorrect! A model was probably unable to load!CModelRenderSystem::SetupFlashlightsAndDecals sorted model list count incorrect! A model was probably unable to load!CModelRenderSystem::SetupFlashlightsAndDecals sorted model list count incorrect! A model was probably unable to load!CModelRenderSystem::SetupFlashlightsAndDecals sorted model list count incorrect! A model was probably unable to load!CModelRenderSystem::SetupFlashlightsAndDecals sorted model list count incorrect! A model was probably unable to load!CModelRenderSystem::SetupFlashlightsAndDecals sorted model list count incorrect! A model was probably unable to load!CModelRenderSystem::SetupFlashlightsAndDecals sorted model list count incorrect! A model was probably unable to load!CModelRenderSystem::SetupFlashlightsAndDecals sorted model list count incorrect! A model was probably unable to load!CModelRenderSystem::SetupFlashlightsAndDecals sorted model list count incorrect! A model was probably unable to load!CModelRenderSystem::SetupFlashlightsAndDecals sorted model list count incorrect! A model was probably unable to load!CModelRenderSystem::SetupFlashlightsAndDecals sorted model list count incorrect! A model was probably unable to load!CModelRenderSystem::SetupFlashlightsAndDecals sorted model list count incorrect! A model was probably unable to load!CModelRenderSystem::SetupFlashlightsAndDecals sorted model list count incorrect! A model was probably unable to load!CModelRenderSystem::SetupFlashlightsAndDecals sorted model list count incorrect! A model was probably unable to load!CModelRenderSystem::SetupFlashlightsAndDecals sorted model list count incorrect! A model was probably unable to load!CModelRenderSystem::SetupFlashlightsAndDecals sorted model list count incorrect! A model was probably unable to load!CModelRenderSystem::SetupFlashlightsAndDecals sorted model list count incorrect! A model was probably unable to load!CModelRenderSystem::SetupFlashlightsAndDecals sorted model list count incorrect! A model was probably unable to load!CModelRenderSystem::SetupFlashlightsAndDecals sorted model list count incorrect! A model was probably unable to load!CModelRenderSystem::SetupFlashlightsAndDecals sorted model list count incorrect! A model was probably unable to load!CModelRenderSystem::SetupFlashlightsAndDecals sorted model list count incorrect! A model was probably unable to load!CModelRenderSystem::SetupFlashlightsAndDecals sorted model list count incorrect! A model was probably unable to load!CModelRenderSystem::SetupFlashlightsAndDecals sorted model list count incorrect! A model was probably unable to load!CModelRenderSystem::SetupFlashlightsAndDecals sorted model list count incorrect! A model was probably unable to load!CModelRenderSystem::SetupFlashlightsAndDecals sorted model list count incorrect! A model was probably unable to load!CModelRenderSystem::SetupFlashlightsAndDecals sorted model list count incorrect! A model was probably unable to load!CModelRenderSystem::SetupFlashlightsAndDecals sorted model list count incorrect! A model was probably unable to load!CModelRenderSystem::SetupFlashlightsAndDecals sorted model list count incorrect! A model was probably unable to load!CModelRenderSystem::SetupFlashlightsAndDecals sorted model list count incorrect! A model was probably unable to load!CModelRenderSystem::SetupFlashlightsAndDecals sorted model list count incorrect! A model was probably unable to load!CModelRenderSystem::SetupFlashlightsAndDecals sorted model list count incorrect! A model was probably unable to load!CModelRenderSystem::SetupFlashlightsAndDecals sorted model list count incorrect! A model was probably unable to load!CModelRenderSystem::SetupFlashlightsAndDecals sorted model list count incorrect! A model was probably unable to load!CModelRenderSystem::SetupFlashlightsAndDecals sorted model list count incorrect! A model was probably unable to load!CModelRenderSystem::SetupFlashlightsAndDecals sorted model list count incorrect! A model was probably unable to load!CModelRenderSystem::SetupFlashlightsAndDecals sorted model list count incorrect! A model was probably unable to load!CModelRenderSystem::SetupFlashlightsAndDecals sorted model list count incorrect! A model was probably unable to load!CModelRenderSystem::SetupFlashlightsAndDecals sorted model list count incorrect! A model was probably unable to load!CModelRenderSystem::SetupFlashlightsAndDecals sorted model list count incorrect! A model was probably unable to load!CModelRenderSystem::SetupFlashlightsAndDecals sorted model list count incorrect! A model was probably unable to load!CModelRenderSystem::SetupFlashlightsAndDecals sorted model list count incorrect! A model was probably unable to load!CModelRenderSystem::SetupFlashlightsAndDecals sorted model list count incorrect! A model was probably unable to load!CModelRenderSystem::SetupFlashlightsAndDecals sorted model list count incorrect! A model was probably unable to load!CModelRenderSystem::SetupFlashlightsAndDecals sorted model list count incorrect! A model was probably unable to load!CModelRenderSystem::SetupFlashlightsAndDecals sorted model list count incorrect! A model was probably unable to load!CModelRenderSystem::SetupFlashlightsAndDecals sorted model list count incorrect! A model was probably unable to load!CModelRenderSystem::SetupFlashlightsAndDecals sorted model list count incorrect! A model was probably unable to load!CModelRenderSystem::SetupFlashlightsAndDecals sorted model list count incorrect! A model was probably unable to load!CModelRenderSystem::SetupFlashlightsAndDecals sorted model list count incorrect! A model was probably unable to load!CModelRenderSystem::SetupFlashlightsAndDecals sorted model list count incorrect! A model was probably unable to load!CModelRenderSystem::SetupFlashlightsAndDecals sorted model list count incorrect! A model was probably unable to load!CModelRenderSystem::SetupFlashlightsAndDecals sorted model list count incorrect! A model was probably unable to load!CModelRenderSystem::SetupFlashlightsAndDecals sorted model list count incorrect! A model was probably unable to load!CModelRenderSystem::SetupFlashlightsAndDecals sorted model list count incorrect! A model was probably unable to load!CModelRenderSystem::SetupFlashlightsAndDecals sorted model list count incorrect! A model was probably unable to load!CModelRenderSystem::SetupFlashlightsAndDecals sorted model list count incorrect! A model was probably unable to load!CModelRenderSystem::SetupFlashlightsAndDecals sorted model list count incorrect! A model was probably unable to load!CModelRenderSystem::SetupFlashlightsAndDecals sorted model list count incorrect! A model was probably unable to load!CModelRenderSystem::SetupFlashlightsAndDecals sorted model list count incorrect! A model was probably unable to load!CModelRenderSystem::SetupFlashlightsAndDecals sorted model list count incorrect! A model was probably unable to load!CModelRenderSystem::SetupFlashlightsAndDecals sorted model list count incorrect! A model was probably unable to load!CModelRenderSystem::SetupFlashlightsAndDecals sorted model list count incorrect! A model was probably unable to load!CModelRenderSystem::SetupFlashlightsAndDecals sorted model list count incorrect! A model was probably unable to load!CModelRenderSystem::SetupFlashlightsAndDecals sorted model list count incorrect! A model was probably unable to load!CModelRenderSystem::SetupFlashlightsAndDecals sorted model list count incorrect! A model was probably unable to load!CModelRenderSystem::SetupFlashlightsAndDecals sorted model list count incorrect! A model was probably unable to load!CModelRenderSystem::SetupFlashlightsAndDecals sorted model list count incorrect! A model was probably unable to load!CModelRenderSystem::SetupFlashlightsAndDecals sorted model list count incorrect! A model was probably unable to load!CModelRenderSystem::SetupFlashlightsAndDecals sorted model list count incorrect! A model was probably unable to load!CModelRenderSystem::SetupFlashlightsAndDecals sorted model list count incorrect! A model was probably unable to load!CModelRenderSystem::SetupFlashlightsAndDecals sorted model list count incorrect! A model was probably unable to load!CModelRenderSystem::SetupFlashlightsAndDecals sorted model list count incorrect! A model was probably unable to load!CModelRenderSystem::SetupFlashlightsAndDecals sorted model list count incorrect! A model was probably unable to load!CModelRenderSystem::SetupFlashlightsAndDecals sorted model list count incorrect! A model was probably unable to load!CModelRenderSystem::SetupFlashlightsAndDecals sorted model list count incorrect! A model was probably unable to load!CModelRenderSystem::SetupFlashlightsAndDecals sorted model list count incorrect! A model was probably unable to load!CModelRenderSystem::SetupFlashlightsAndDecals sorted model list count incorrect! A model was probably unable to load!CModelRenderSystem::SetupFlashlightsAndDecals sorted model list count incorrect! A model was probably unable to load!CModelRenderSystem::SetupFlashlightsAndDecals sorted model list count incorrect! A model was probably unable to load!CModelRenderSystem::SetupFlashlightsAndDecals sorted model list count incorrect! A model was probably unable to load!CModelRenderSystem::SetupFlashlightsAndDecals sorted model list count incorrect! A model was probably unable to load!CModelRenderSystem::SetupFlashlightsAndDecals sorted model list count incorrect! A model was probably unable to load!CModelRenderSystem::SetupFlashlightsAndDecals sorted model list count incorrect! A model was probably unable to load!CModelRenderSystem::SetupFlashlightsAndDecals sorted model list count incorrect! A model was probably unable to load!CModelRenderSystem::SetupFlashlightsAndDecals sorted model list count incorrect! A model was probably unable to load!CModelRenderSystem::SetupFlashlightsAndDecals sorted model list count incorrect! A model was probably unable to load!CModelRenderSystem::SetupFlashlightsAndDecals sorted model list count incorrect! A model was probably unable to load!CModelRenderSystem::SetupFlashlightsAndDecals sorted model list count incorrect! A model was probably unable to load!CModelRenderSystem::SetupFlashlightsAndDecals sorted model list count incorrect! A model was probably unable to load!CModelRenderSystem::SetupFlashlightsAndDecals sorted model list count incorrect! A model was probably unable to load!CModelRenderSystem::SetupFlashlightsAndDecals sorted model list count incorrect! A model was probably unable to load!CModelRenderSystem::SetupFlashlightsAndDecals sorted model list count incorrect! A model was probably unable to load!CModelRenderSystem::SetupFlashlightsAndDecals sorted model list count incorrect! A model was probably unable to load!CModelRenderSystem::SetupFlashlightsAndDecals sorted model list count incorrect! A model was probably unable to load!CModelRenderSystem::SetupFlashlightsAndDecals sorted model list count incorrect! A model was probably unable to load!CModelRenderSystem::SetupFlashlightsAndDecals sorted model list count incorrect! A model was probably unable to load!CModelRenderSystem::SetupFlashlightsAndDecals sorted model list count incorrect! A model was probably unable to load!CModelRenderSystem::SetupFlashlightsAndDecals sorted model list count incorrect! A model was probably unable to load!CModelRenderSystem::SetupFlashlightsAndDecals sorted model list count incorrect! A model was probably unable to load!CModelRenderSystem::SetupFlashlightsAndDecals sorted model list count incorrect! A model was probably unable to load!CModelRenderSystem::SetupFlashlightsAndDecals sorted model list count incorrect! A model was probably unable to load!CModelRenderSystem::SetupFlashlightsAndDecals sorted model list count incorrect! A model was probably unable to load!CModelRenderSystem::SetupFlashlightsAndDecals sorted model list count incorrect! A model was probably unable to load!CModelRenderSystem::SetupFlashlightsAndDecals sorted model list count incorrect! A model was probably unable to load!CModelRenderSystem::SetupFlashlightsAndDecals sorted model list count incorrect! A model was probably unable to load!CModelRenderSystem::SetupFlashlightsAndDecals sorted model list count incorrect! A model was probably unable to load!CModelRenderSystem::SetupFlashlightsAndDecals sorted model list count incorrect! A model was probably unable to load!CModelRenderSystem::SetupFlashlightsAndDecals sorted model list count incorrect! A model was probably unable to load!CModelRenderSystem::SetupFlashlightsAndDecals sorted model list count incorrect! A model was probably unable to load!CModelRenderSystem::SetupFlashlightsAndDecals sorted model list count incorrect! A model was probably unable to load!CModelRenderSystem::SetupFlashlightsAndDecals sorted model list count incorrect! A model was probably unable to load!CModelRenderSystem::SetupFlashlightsAndDecals sorted model list count incorrect! A model was probably unable to load!CModelRenderSystem::SetupFlashlightsAndDecals sorted model list count incorrect! A model was probably unable to load!CModelRenderSystem::SetupFlashlightsAndDecals sorted model list count incorrect! A model was probably unable to load!CModelRenderSystem::SetupFlashlightsAndDecals sorted model list count incorrect! A model was probably unable to load!CModelRenderSystem::SetupFlashlightsAndDecals sorted model list count incorrect! A model was probably unable to load!CModelRenderSystem::SetupFlashlightsAndDecals sorted model list count incorrect! A model was probably unable to load!CModelRenderSystem::SetupFlashlightsAndDecals sorted model list count incorrect! A model was probably unable to load!CModelRenderSystem::SetupFlashlightsAndDecals sorted model list count incorrect! A model was probably unable to load!CModelRenderSystem::SetupFlashlightsAndDecals sorted model list count incorrect! A model was probably unable to load!CModelRenderSystem::SetupFlashlightsAndDecals sorted model list count incorrect! A model was probably unable to load!CModelRenderSystem::SetupFlashlightsAndDecals sorted model list count incorrect! A model was probably unable to load!CModelRenderSystem::SetupFlashlightsAndDecals sorted model list count incorrect! A model was probably unable to load!CModelRenderSystem::SetupFlashlightsAndDecals sorted model list count incorrect! A model was probably unable to load!CModelRenderSystem::SetupFlashlightsAndDecals sorted model list count incorrect! A model was probably unable to load!CModelRenderSystem::SetupFlashlightsAndDecals sorted model list count incorrect! A model was probably unable to load!CModelRenderSystem::SetupFlashlightsAndDecals sorted model list count incorrect! A model was probably unable to load!CModelRenderSystem::SetupFlashlightsAndDecals sorted model list count incorrect! A model was probably unable to load!CModelRenderSystem::SetupFlashlightsAndDecals sorted model list count incorrect! A model was probably unable to load!CModelRenderSystem::SetupFlashlightsAndDecals sorted model list count incorrect! A model was probably unable to load!CModelRenderSystem::SetupFlashlightsAndDecals sorted model list count incorrect! A model was probably unable to load!CModelRenderSystem::SetupFlashlightsAndDecals sorted model list count incorrect! A model was probably unable to load!CModelRenderSystem::SetupFlashlightsAndDecals sorted model list count incorrect! A model was probably unable to load!CModelRenderSystem::SetupFlashlightsAndDecals sorted model list count incorrect! A model was probably unable to load!CModelRenderSystem::SetupFlashlightsAndDecals sorted model list count incorrect! A model was probably unable to load!CModelRenderSystem::SetupFlashlightsAndDecals sorted model list count incorrect! A model was probably unable to load!CModelRenderSystem::SetupFlashlightsAndDecals sorted model list count incorrect! A model was probably unable to load!CModelRenderSystem::SetupFlashlightsAndDecals sorted model list count incorrect! A model was probably unable to load!CModelRenderSystem::SetupFlashlightsAndDecals sorted model list count incorrect! A model was probably unable to load!CModelRenderSystem::SetupFlashlightsAndDecals sorted model list count incorrect! A model was probably unable to load!CModelRenderSystem::SetupFlashlightsAndDecals sorted model list count incorrect! A model was probably unable to load!CModelRenderSystem::SetupFlashlightsAndDecals sorted model list count incorrect! A model was probably unable to load!CModelRenderSystem::SetupFlashlightsAndDecals sorted model list count incorrect! A model was probably unable to load!CModelRenderSystem::SetupFlashlightsAndDecals sorted model list count incorrect! A model was probably unable to load!CModelRenderSystem::SetupFlashlightsAndDecals sorted model list count incorrect! A model was probably unable to load!CModelRenderSystem::SetupFlashlightsAndDecals sorted model list count incorrect! A model was probably unable to load!CModelRenderSystem::SetupFlashlightsAndDecals sorted model list count incorrect! A model was probably unable to load!CModelRenderSystem::SetupFlashlightsAndDecals sorted model list count incorrect! A model was probably unable to load!CModelRenderSystem::SetupFlashlightsAndDecals sorted model list count incorrect! A model was probably unable to load!CModelRenderSystem::SetupFlashlightsAndDecals sorted model list count incorrect! A model was probably unable to load!CModelRenderSystem::SetupFlashlightsAndDecals sorted model list count incorrect! A model was probably unable to load!CModelRenderSystem::SetupFlashlightsAndDecals sorted model list count incorrect! A model was probably unable to load!CModelRenderSystem::SetupFlashlightsAndDecals sorted model list count incorrect! A model was probably unable to load!CModelRenderSystem::SetupFlashlightsAndDecals sorted model list count incorrect! A model was probably unable to load!CModelRenderSystem::SetupFlashlightsAndDecals sorted model list count incorrect! A model was probably unable to load!CModelRenderSystem::SetupFlashlightsAndDecals sorted model list count incorrect! A model was probably unable to load!CModelRenderSystem::SetupFlashlightsAndDecals sorted model list count incorrect! A model was probably unable to load!CModelRenderSystem::SetupFlashlightsAndDecals sorted model list count incorrect! A model was probably unable to load!CModelRenderSystem::SetupFlashlightsAndDecals sorted model list count incorrect! A model was probably unable to load!CModelRenderSystem::SetupFlashlightsAndDecals sorted model list count incorrect! A model was probably unable to load!CModelRenderSystem::SetupFlashlightsAndDecals sorted model list count incorrect! A model was probably unable to load!CModelRenderSystem::SetupFlashlightsAndDecals sorted model list count incorrect! A model was probably unable to load!CModelRenderSystem::SetupFlashlightsAndDecals sorted model list count incorrect! A model was probably unable to load!CModelRenderSystem::SetupFlashlightsAndDecals sorted model list count incorrect! A model was probably unable to load!CModelRenderSystem::SetupFlashlightsAndDecals sorted model list count incorrect! A model was probably unable to load!CModelRenderSystem::SetupFlashlightsAndDecals sorted model list count incorrect! A model was probably unable to load!CModelRenderSystem::SetupFlashlightsAndDecals sorted model list count incorrect! A model was probably unable to load!CModelRenderSystem::SetupFlashlightsAndDecals sorted model list count incorrect! A model was probably unable to load!CModelRenderSystem::SetupFlashlightsAndDecals sorted model list count incorrect! A model was probably unable to load!CModelRenderSystem::SetupFlashlightsAndDecals sorted model list count incorrect! A model was probably unable to load!CModelRenderSystem::SetupFlashlightsAndDecals sorted model list count incorrect! A model was probably unable to load!CModelRenderSystem::SetupFlashlightsAndDecals sorted model list count incorrect! A model was probably unable to load!CModelRenderSystem::SetupFlashlightsAndDecals sorted model list count incorrect! A model was probably unable to load!CModelRenderSystem::SetupFlashlightsAndDecals sorted model list count incorrect! A model was probably unable to load!CModelRenderSystem::SetupFlashlightsAndDecals sorted model list count incorrect! A model was probably unable to load!CModelRenderSystem::SetupFlashlightsAndDecals sorted model list count incorrect! A model was probably unable to load!CModelRenderSystem::SetupFlashlightsAndDecals sorted model list count incorrect! A model was probably unable to load!CModelRenderSystem::SetupFlashlightsAndDecals sorted model list count incorrect! A model was probably unable to load!CModelRenderSystem::SetupFlashlightsAndDecals sorted model list count incorrect! A model was probably unable to load!CModelRenderSystem::SetupFlashlightsAndDecals sorted model list count incorrect! A model was probably unable to load!CModelRenderSystem::SetupFlashlightsAndDecals sorted model list count incorrect! A model was probably unable to load!CModelRenderSystem::SetupFlashlightsAndDecals sorted model list count incorrect! A model was probably unable to load!CModelRenderSystem::SetupFlashlightsAndDecals sorted model list count incorrect! A model was probably unable to load!CModelRenderSystem::SetupFlashlightsAndDecals sorted model list count incorrect! A model was probably unable to load!CModelRenderSystem::SetupFlashlightsAndDecals sorted model list count incorrect! A model was probably unable to load!CModelRenderSystem::SetupFlashlightsAndDecals sorted model list count incorrect! A model was probably unable to load!CModelRenderSystem::SetupFlashlightsAndDecals sorted model list count incorrect! A model was probably unable to load!CModelRenderSystem::SetupFlashlightsAndDecals sorted model list count incorrect! A model was probably unable to load!CModelRenderSystem::SetupFlashlightsAndDecals sorted model list count incorrect! A model was probably unable to load!CModelRenderSystem::SetupFlashlightsAndDecals sorted model list count incorrect! A model was probably unable to load!CModelRenderSystem::SetupFlashlightsAndDecals sorted model list count incorrect! A model was probably unable to load!CModelRenderSystem::SetupFlashlightsAndDecals sorted model list count incorrect! A model was probably unable to load!CModelRenderSystem::SetupFlashlightsAndDecals sorted model list count incorrect! A model was probably unable to load!CModelRenderSystem::SetupFlashlightsAndDecals sorted model list count incorrect! A model was probably unable to load!CModelRenderSystem::SetupFlashlightsAndDecals sorted model list count incorrect! A model was probably unable to load!CModelRenderSystem::SetupFlashlightsAndDecals sorted model list count incorrect! A model was probably unable to load!CModelRenderSystem::SetupFlashlightsAndDecals sorted model list count incorrect! A model was probably unable to load!CModelRenderSystem::SetupFlashlightsAndDecals sorted model list count incorrect! A model was probably unable to load!CModelRenderSystem::SetupFlashlightsAndDecals sorted model list count incorrect! A model was probably unable to load!CModelRenderSystem::SetupFlashlightsAndDecals sorted model list count incorrect! A model was probably unable to load!CModelRenderSystem::SetupFlashlightsAndDecals sorted model list count incorrect! A model was probably unable to load!CModelRenderSystem::SetupFlashlightsAndDecals sorted model list count incorrect! A model was probably unable to load!CModelRenderSystem::SetupFlashlightsAndDecals sorted model list count incorrect! A model was probably unable to load!CreateEvent: event 'portal_player_portaled' not registered.
CreateEvent: event 'portal_player_touchedground' not registered.
CreateEvent: event 'portal_player_portaled' not registered.
CreateEvent: event 'portal_player_touchedground' not registered.
Queued Material System: DISABLED!
R_RedownloadAllLightmaps took 3.618 msec!
Queued Material System: ENABLED!
"materials/_rt_largephoto1.vtf": can't be found on disk
"materials/_rt_largephoto2.vtf": can't be found on disk
"materials/_rt_largephoto3.vtf": can't be found on disk
"materials/models/bot_fem/bot_male_exponent.vtf": can't be found on disk
"materials/null.vtf": can't be found on disk
Dropped gustavo from server (Server shutting down)
Host_WriteConfiguration: Wrote cfg/config.cfg
Stopping All Sounds...
Stopping: Channel:64 player\fling_whoosh.wav
Stopping: Channel:68 weapons\portalgun\portal_ambient_loop1.wav
Stopping: Channel:69 weapons\portalgun\portal_ambient_loop1.wav
Stopping: Channel:66 vehicles\airboat\fan_blade_idle_loop1.wav
Stopping: Channel:67 vehicles\airboat\fan_blade_idle_loop1.wav
Queued Material System: DISABLED!
Datacenter::EnableUpdate( 0 ), current state = 0
Datacenter::RequestStop, time 61.49, state 0
Unable to remove c:\sourcecode\aperture-camera\game\valve\textwindow_temp.html!
Stopping All Sounds...
CreateEvent: event 'server_pre_shutdown' not registered.
CreateEvent: event 'server_shutdown' not registered.
Shutdown function ShutdownMixerControls() not in list!!!
NET_GetBindAddresses found 192.168.31.140: 'Realtek PCIe GbE Family Controller'
NET_GetBindAddresses found 26.133.72.161: 'Famatech Radmin VPN Ethernet Adapter'
NET_GetBindAddresses found 172.24.90.163: 'ZeroTier Virtual Port #2'
NET_GetBindAddresses found 10.147.17.76: 'ZeroTier Virtual Port #3'
NET_GetBindAddresses found 172.16.0.2: 'WireGuard Tunnel'
Network: IP 10.147.17.76, mode MP, dedicated No, ports 27015 SV / 27005 CL
Parent cvar in client.dll not allowed (rr_debugresponseconcept)
Parent cvar in client.dll not allowed (rr_dumpresponses)
Parent cvar in client.dll not allowed (rr_debugrule)
Parent cvar in client.dll not allowed (rr_debugresponses)
WARNING: unable to link rr_debugresponseconcept_exclude and rr_debugresponseconcept_exclude because one or more is a ConCommand.
Parent cvar in client.dll not allowed (movement_anim_playback_minrate)
WARNING: unable to link creditsdone and creditsdone because one or more is a ConCommand.
WARNING: unable to link rr_reloadresponsesystems and rr_reloadresponsesystems because one or more is a ConCommand.
KeyValues Error: RecursiveLoadFromBuffer:  got NULL key in file particles/particles_manifest.txt
particles_manifest, 
CParticleMgr::Init:  Manifest 'particles/particles_manifest.txt' with bogus file type 'file		', expecting 'file'
CParticleMgr::Init:  Manifest 'particles/particles_manifest.txt' with bogus file type '
}', expecting 'file'
CResponseSystem:  scripts\talker\response_rules.txt (2 rules, 2 criteria, and 2 responses)
maxplayers set to 1
We're happy and aperture_render_targets!Created Photo RT: _rt_LargePhoto
Created Photo RT: _rt_LargePhoto
Created Photo RT: _rt_LargePhoto
Missing cfg\cpu_level_2_pc.ekv
Missing cfg\gpu_level_3_pc.ekv
Missing cfg\mem_level_2_pc.ekv
Missing cfg\gpu_mem_level_2_pc.ekv
Running -nogameui mode, using client module instead of gameui
Steam config directory: C:\SourceCode\aperture-camera\game\platform\config
KeyValues Error: RecursiveLoadFromBuffer:  got NULL key in file particles/particles_manifest.txt
particles_manifest, 
CParticleMgr::Init:  Manifest 'particles/particles_manifest.txt' with bogus file type 'file		', expecting 'file'
CParticleMgr::Init:  Manifest 'particles/particles_manifest.txt' with bogus file type '
}', expecting 'file'
No split screen config file 'splitscreen_config.txt', using defaults
Missing cfg\cpu_level_2_pc.ekv
Missing cfg\gpu_level_3_pc.ekv
Missing cfg\mem_level_2_pc.ekv
Missing cfg\gpu_mem_level_2_pc.ekv
CGameEventManager::AddListener: event 'replay_status' unknown.
CGameEventManager::AddListener: event 'spec_target_updated' unknown.
KV Conditional: Unknown symbol OSX
KV Conditional: Unknown symbol OSX
"materials/_rt_largephoto1.vtf": can't be found on disk
"materials/_rt_largephoto2.vtf": can't be found on disk
"materials/_rt_largephoto3.vtf": can't be found on disk
Hud element 'CHudControlHelper' doesn't have an entry 'HudControlHelper' in scripts/HudLayout.res
Hud element 'CHudIndicator' doesn't have an entry 'HudIndicator' in scripts/HudLayout.res
Hud element 'CHudViewfinder' doesn't have an entry 'HudViewfinder' in scripts/HudLayout.res
Hud element 'CHudPhotoInventory' doesn't have an entry 'HudPhotoInventory' in scripts/HudLayout.res
Hud element 'CHudPhotoFlash' doesn't have an entry 'HudPhotoInventory' in scripts/HudLayout.res
CResponseSystem:  scripts\talker\response_rules.txt (2 rules, 2 criteria, and 2 responses)
cc_lang = 
Missing cfg\cpu_level_2_pc.ekv
Missing cfg\gpu_level_3_pc.ekv
Missing cfg\mem_level_2_pc.ekv
Missing cfg\gpu_mem_level_2_pc.ekv
Sound Initialization: Start
DS:stereo speaker configuration detected
Set primary sound buffer format: yes
Using secondary sound buffer
   2 channel(s)
   16 bits/sample
   44100 samples/sec
DirectSound initialized
Stopping All Sounds...
Trying cache :  'c:/sourcecode/aperture-camera/game/valve/maps/soundcache/_master.cache'
Successfully loaded audio cache file
Sound Initialization: Finish, Sampling Rate: 44100
cc_lang = 
Legacy Surround disabled.
Stopping All Sounds...
Sound Initialization: Start
DS:stereo speaker configuration detected
Set primary sound buffer format: yes
Using secondary sound buffer
   2 channel(s)
   16 bits/sample
   44100 samples/sec
DirectSound initialized
Stopping All Sounds...
Trying cache :  'c:/sourcecode/aperture-camera/game/valve/maps/soundcache/_master.cache'
Successfully loaded audio cache file
Sound Initialization: Finish, Sampling Rate: 44100
Datacenter::RequestStart, time 1.80
Datacenter::RequestStop, time 1.80, state 1
Datacenter::RequestUpdate failed
Stopping All Sounds...
Stopping All Sounds...
---- Host_NewGame ----
Network: IP 10.147.17.76, mode SP, dedicated No, ports 0 SV / 0 CL
Network: IP 10.147.17.76, mode MP, dedicated No, ports 27015 SV / 27005 CL
#######################################
Map testroom_aperture missing stringtable dictionary, don't ship this way!!!
#######################################
Host_NewGame on map testroom_aperture
Set Gravity 600.0 (0.250 tolerance)
PrecacheScriptSound 'default.null' failed, no such sound script entry
weapons/v_portalgun.mdl : material "models/weapons/v_models/v_portalgun/v_hands" not found.
CreateEvent: event 'picked_up_paint' not registered.
PrecacheScriptSound 'Paintgun.FireLoop' failed, no such sound script entry
Direct precache of vehicles/airboat/pontoon_fast_water_loop2.wav
Error Index File for 'weapons\w_cam.mdl' checksum 1322159438 should be 2037782653
Warning:  Can't add NULL string to table EffectDispatch
Failed to load models/weapons/v_cam.mdl!
Warning:  Can't add NULL string to table EffectDispatch
Error: Material "models/items/photo_capture01" : proxy "PhotoMaterial" not found!
"materials/null.vtf": can't be found on disk
Error reading weapon data file for: weapon_hopwire
Warning:  Can't add NULL string to table EffectDispatch
Warning:  Can't add NULL string to table EffectDispatch
Warning:  Can't add NULL string to table EffectDispatch
Warning:  Can't add NULL string to table EffectDispatch
Warning:  Can't add NULL string to table EffectDispatch
Warning:  Can't add NULL string to table EffectDispatch
Warning:  Can't add NULL string to table EffectDispatch
Warning:  Can't add NULL string to table EffectDispatch
Warning:  Can't add NULL string to table EffectDispatch
Warning:  Can't add NULL string to table EffectDispatch
Warning:  Can't add NULL string to table EffectDispatch
Warning:  Can't add NULL string to table EffectDispatch
Warning:  Can't add NULL string to table EffectDispatch
Script not found (scripts/vscripts/mapspawn.nut) 
Failed to CRC cfg/cpu_level_0_pc.ekv
Failed to CRC cfg/cpu_level_0_pc_ss.ekv
Failed to CRC cfg/cpu_level_1_pc.ekv
Failed to CRC cfg/cpu_level_1_pc_ss.ekv
Failed to CRC cfg/cpu_level_2_pc.ekv
Failed to CRC cfg/cpu_level_2_pc_ss.ekv
Failed to CRC cfg/gpu_level_0_pc.ekv
Failed to CRC cfg/gpu_level_1_pc.ekv
Failed to CRC cfg/gpu_level_2_pc.ekv
Failed to CRC cfg/gpu_level_3_pc.ekv
Failed to CRC cfg/mem_level_0_pc.ekv
Failed to CRC cfg/mem_level_1_pc.ekv
Failed to CRC cfg/mem_level_2_pc.ekv
Failed to CRC cfg/gpu_mem_level_0_pc.ekv
Failed to CRC cfg/gpu_mem_level_1_pc.ekv
Failed to CRC cfg/gpu_mem_level_2_pc.ekv
Failed to CRC scripts/asw_weapon_ammo_bag.txt
Failed to CRC scripts/asw_weapon_ammo_satchel.txt
Failed to CRC scripts/asw_weapon_autogun.txt
Failed to CRC scripts/asw_weapon_blink.txt
Failed to CRC scripts/asw_weapon_buff_grenade.txt
Failed to CRC scripts/asw_weapon_chainsaw.txt
Failed to CRC scripts/asw_weapon_electrified_armor.txt
Failed to CRC scripts/asw_weapon_fire_extinguisher.txt
Failed to CRC scripts/asw_weapon_fist.txt
Failed to CRC scripts/asw_weapon_flamer.txt
Failed to CRC scripts/asw_weapon_flares.txt
Failed to CRC scripts/asw_weapon_flashlight.txt
Failed to CRC scripts/asw_weapon_freeze_grenades.txt
Failed to CRC scripts/asw_weapon_grenades.txt
Failed to CRC scripts/asw_weapon_grenade_launcher.txt
Failed to CRC scripts/asw_weapon_heal_grenade.txt
Failed to CRC scripts/asw_weapon_heal_gun.txt
Failed to CRC scripts/asw_weapon_hornet_barrage.txt
Failed to CRC scripts/asw_weapon_jump_jet.txt
Failed to CRC scripts/asw_weapon_laser_mines.txt
Failed to CRC scripts/asw_weapon_medical_satchel.txt
Failed to CRC scripts/asw_weapon_medkit.txt
Failed to CRC scripts/asw_weapon_mines.txt
Failed to CRC scripts/asw_weapon_minigun.txt
Failed to CRC scripts/asw_weapon_mining_laser.txt
Failed to CRC scripts/asw_weapon_night_vision.txt
Failed to CRC scripts/asw_weapon_normal_armor.txt
Failed to CRC scripts/asw_weapon_pdw.txt
Failed to CRC scripts/asw_weapon_pistol.txt
Failed to CRC scripts/asw_weapon_prifle.txt
Failed to CRC scripts/asw_weapon_railgun.txt
Failed to CRC scripts/asw_weapon_rifle.txt
Failed to CRC scripts/asw_weapon_sentry.txt
Failed to CRC scripts/asw_weapon_sentry_cannon.txt
Failed to CRC scripts/asw_weapon_sentry_flamer.txt
Failed to CRC scripts/asw_weapon_sentry_freeze.txt
Failed to CRC scripts/asw_weapon_shotgun.txt
Failed to CRC scripts/asw_weapon_smart_bomb.txt
Failed to CRC scripts/asw_weapon_sniper_rifle.txt
Failed to CRC scripts/asw_weapon_stim.txt
Failed to CRC scripts/asw_weapon_tesla_gun.txt
Failed to CRC scripts/asw_weapon_tesla_trap.txt
Failed to CRC scripts/asw_weapon_vindicator.txt
Failed to CRC scripts/asw_weapon_welder.txt
Attempted to create unknown entity type prop_portal_linked_door!
Can't init prop_portal_linked_door
Attempted to create unknown entity type prop_portal_linked_door!
Can't init prop_portal_linked_door
props_farm\mousetrap.mdl : material "models/props_farm/mousetrap001" not found.
PrecacheScriptSound 'NPC_Android.Pain' failed, no such sound script entry
Attempted to create unknown entity type _squashed_zombie!
NULL Ent in UTIL_PrecacheOther
PrecacheScriptSound 'AndroidDispenser.Blocked' failed, no such sound script entry
PrecacheScriptSound 'AndroidDispenser.Dispense' failed, no such sound script entry
prop_dynamic at -872 0 128 uses model models/props_c17/furnituretable002a.mdl, which has propdata which means that it be used on a prop_physics. DELETED.
"materials/models/bot_fem/bot_male_exponent.vtf": can't be found on disk
npcs/hover_turret.mdl : material "models/props_bts/glados_ball_01" not found.
npcs/hover_turret.mdl : material "models/props_bts/glados_ball_02" not found.
npcs/hover_turret.mdl : material "models/props_bts/glados_ball_03" not found.
npcs/hover_turret.mdl : material "models/props_bts/glados_ball_04" not found.
Invalid file size for motd.txt
Invalid file size for host.txt
Created class baseline: 21 classes, 3088 bytes.
Heartbeat is disabled (usually developer or cheats is on).
m_eServerMode pre = 0
m_eServerMode post = 2
Stopping All Sounds...
0.717:  Sending UDP connect to public IP 127.0.0.1:27015
Server using '<none>' lobbies, requiring pw no, lobby id 0
RememberIPAddressForLobby: lobby 0 from address loopback

Portal
Map: testroom_aperture
Players: 1 (0 bots) / 1 humans
Build: 6653
Server Number: 1

material "particle/particle_glow_05_add_15ob" not found.
Attempted to precache unknown particle system "portal_dematerialize"!
Attempted to precache unknown particle system "portal_rematerialize"!
Attempted to precache unknown particle system "zombie_stomp_heavy"!
Attempted to precache unknown particle system "GrubBlood"!
Attempted to precache unknown particle system "fizzler_field"!
Attempted to precache unknown particle system "fizzler_field_scalable"!
material "overlays/coop_ping_decal" not found.
material "effects/huntertracer" not found.
Attempted to precache unknown particle system "rain_storm"!
Attempted to precache unknown particle system "rain_storm"!
Attempted to precache unknown particle system "rain_storm_screen"!
Attempted to precache unknown particle system "rain_storm_screen"!
Attempted to precache unknown particle system "rain_storm_outer"!
Attempted to precache unknown particle system "rain_storm_outer"!
Attempted to precache unknown particle system "rain"!
Attempted to precache unknown particle system "rain"!
Attempted to precache unknown particle system "rain_outer"!
Attempted to precache unknown particle system "rain_outer"!
Attempted to precache unknown particle system "ash"!
Attempted to precache unknown particle system "ash"!
Attempted to precache unknown particle system "ash_outer"!
Attempted to precache unknown particle system "ash_outer"!
Attempted to precache unknown particle system "snow"!
Attempted to precache unknown particle system "snow"!
Attempted to precache unknown particle system "snow_outer"!
Attempted to precache unknown particle system "snow_outer"!
Attempted to precache unknown particle system "rtube_muzzle"!
Attempted to precache unknown particle system "rtube_muzzle"!
Attempted to precache unknown particle system "paint_hose"!
Attempted to precache unknown particle system "paint_hose"!
material "photos/photo_background" not found.
material "photos/photo_foreground" not found.
Script not found (scripts/vscripts/mapspawn.nut) 
Sending full update to Client gustavo (gustavo can't find frame from tick -1)
Receiving uncompressed update from server
Set Gravity 600.0 (0.250 tolerance)
Queued Material System: ENABLED!
DEBUG HISTORY IS ENABLED. Disable before release (in env_debughistory.h).
CreateEvent: event 'portal_player_touchedground' not registered.
material "" not found.
Attempting to create unknown particle system 'fizzler_field_scalable' 
Attempting to create unknown particle system 'fizzler_field' 
Attempting to create unknown particle system 'fizzler_field' 
Attempting to create unknown particle system 'fizzler_field_scalable' 
Redownloading all lightmaps
R_RedownloadAllLightmaps took 3.658 msec!
Connection to Steam servers successful.
   VAC secure mode disabled.
Warning:  Can't add NULL string to table EffectDispatch
Warning:  Can't add NULL string to table EffectDispatch
Warning:  Can't add NULL string to table EffectDispatch
Warning:  Can't add NULL string to table EffectDispatch
Warning:  Can't add NULL string to table EffectDispatch
Warning:  Can't add NULL string to table EffectDispatch
Warning:  Can't add NULL string to table EffectDispatch
Warning:  Can't add NULL string to table EffectDispatch
Warning:  Can't add NULL string to table EffectDispatch
Warning:  Can't add NULL string to table EffectDispatch
Attempted to precache unknown particle system "weapon_tracers"!
Attempted to precache unknown particle system "weapon_tracers"!
Attempted to precache unknown particle system "weapon_tracers"!
Attempted to precache unknown particle system "weapon_tracers"!
Attempted to precache unknown particle system "weapon_tracers"!
Attempted to precache unknown particle system "weapon_tracers"!
Attempted to precache unknown particle system "weapon_tracers"!
Attempted to precache unknown particle system "weapon_tracers"!
Attempted to precache unknown particle system "weapon_tracers"!
Attempted to precache unknown particle system "weapon_tracers"!
Attempted to precache unknown particle system "weapon_tracers"!
Attempted to precache unknown particle system "weapon_tracers"!
Error reading weapon data file for: basehlcombatweapon
Attempted to precache unknown particle system "weapon_tracers"!
CModelRenderSystem::SetupFlashlightsAndDecals sorted model list count incorrect! A model was probably unable to load!CModelRenderSystem::SetupFlashlightsAndDecals sorted model list count incorrect! A model was probably unable to load!CModelRenderSystem::SetupFlashlightsAndDecals sorted model list count incorrect! A model was probably unable to load!CModelRenderSystem::SetupFlashlightsAndDecals sorted model list count incorrect! A model was probably unable to load!CModelRenderSystem::SetupFlashlightsAndDecals sorted model list count incorrect! A model was probably unable to load!CModelRenderSystem::SetupFlashlightsAndDecals sorted model list count incorrect! A model was probably unable to load!CModelRenderSystem::SetupFlashlightsAndDecals sorted model list count incorrect! A model was probably unable to load!CModelRenderSystem::SetupFlashlightsAndDecals sorted model list count incorrect! A model was probably unable to load!CModelRenderSystem::SetupFlashlightsAndDecals sorted model list count incorrect! A model was probably unable to load!CModelRenderSystem::SetupFlashlightsAndDecals sorted model list count incorrect! A model was probably unable to load!CModelRenderSystem::SetupFlashlightsAndDecals sorted model list count incorrect! A model was probably unable to load!CModelRenderSystem::SetupFlashlightsAndDecals sorted model list count incorrect! A model was probably unable to load!CModelRenderSystem::SetupFlashlightsAndDecals sorted model list count incorrect! A model was probably unable to load!CModelRenderSystem::SetupFlashlightsAndDecals sorted model list count incorrect! A model was probably unable to load!CModelRenderSystem::SetupFlashlightsAndDecals sorted model list count incorrect! A model was probably unable to load!CModelRenderSystem::SetupFlashlightsAndDecals sorted model list count incorrect! A model was probably unable to load!CModelRenderSystem::SetupFlashlightsAndDecals sorted model list count incorrect! A model was probably unable to load!CModelRenderSystem::SetupFlashlightsAndDecals sorted model list count incorrect! A model was probably unable to load!CModelRenderSystem::SetupFlashlightsAndDecals sorted model list count incorrect! A model was probably unable to load!CModelRenderSystem::SetupFlashlightsAndDecals sorted model list count incorrect! A model was probably unable to load!CModelRenderSystem::SetupFlashlightsAndDecals sorted model list count incorrect! A model was probably unable to load!CModelRenderSystem::SetupFlashlightsAndDecals sorted model list count incorrect! A model was probably unable to load!CModelRenderSystem::SetupFlashlightsAndDecals sorted model list count incorrect! A model was probably unable to load!CModelRenderSystem::SetupFlashlightsAndDecals sorted model list count incorrect! A model was probably unable to load!CModelRenderSystem::SetupFlashlightsAndDecals sorted model list count incorrect! A model was probably unable to load!CModelRenderSystem::SetupFlashlightsAndDecals sorted model list count incorrect! A model was probably unable to load!CModelRenderSystem::SetupFlashlightsAndDecals sorted model list count incorrect! A model was probably unable to load!CModelRenderSystem::SetupFlashlightsAndDecals sorted model list count incorrect! A model was probably unable to load!CModelRenderSystem::SetupFlashlightsAndDecals sorted model list count incorrect! A model was probably unable to load!CModelRenderSystem::SetupFlashlightsAndDecals sorted model list count incorrect! A model was probably unable to load!CModelRenderSystem::SetupFlashlightsAndDecals sorted model list count incorrect! A model was probably unable to load!CModelRenderSystem::SetupFlashlightsAndDecals sorted model list count incorrect! A model was probably unable to load!CModelRenderSystem::SetupFlashlightsAndDecals sorted model list count incorrect! A model was probably unable to load!CModelRenderSystem::SetupFlashlightsAndDecals sorted model list count incorrect! A model was probably unable to load!CModelRenderSystem::SetupFlashlightsAndDecals sorted model list count incorrect! A model was probably unable to load!CModelRenderSystem::SetupFlashlightsAndDecals sorted model list count incorrect! A model was probably unable to load!CModelRenderSystem::SetupFlashlightsAndDecals sorted model list count incorrect! A model was probably unable to load!CModelRenderSystem::SetupFlashlightsAndDecals sorted model list count incorrect! A model was probably unable to load!CModelRenderSystem::SetupFlashlightsAndDecals sorted model list count incorrect! A model was probably unable to load!CModelRenderSystem::SetupFlashlightsAndDecals sorted model list count incorrect! A model was probably unable to load!CModelRenderSystem::SetupFlashlightsAndDecals sorted model list count incorrect! A model was probably unable to load!CModelRenderSystem::SetupFlashlightsAndDecals sorted model list count incorrect! A model was probably unable to load!CModelRenderSystem::SetupFlashlightsAndDecals sorted model list count incorrect! A model was probably unable to load!CModelRenderSystem::SetupFlashlightsAndDecals sorted model list count incorrect! A model was probably unable to load!CModelRenderSystem::SetupFlashlightsAndDecals sorted model list count incorrect! A model was probably unable to load!CModelRenderSystem::SetupFlashlightsAndDecals sorted model list count incorrect! A model was probably unable to load!CModelRenderSystem::SetupFlashlightsAndDecals sorted model list count incorrect! A model was probably unable to load!CModelRenderSystem::SetupFlashlightsAndDecals sorted model list count incorrect! A model was probably unable to load!CModelRenderSystem::SetupFlashlightsAndDecals sorted model list count incorrect! A model was probably unable to load!CModelRenderSystem::SetupFlashlightsAndDecals sorted model list count incorrect! A model was probably unable to load!CModelRenderSystem::SetupFlashlightsAndDecals sorted model list count incorrect! A model was probably unable to load!CModelRenderSystem::SetupFlashlightsAndDecals sorted model list count incorrect! A model was probably unable to load!CModelRenderSystem::SetupFlashlightsAndDecals sorted model list count incorrect! A model was probably unable to load!CModelRenderSystem::SetupFlashlightsAndDecals sorted model list count incorrect! A model was probably unable to load!CModelRenderSystem::SetupFlashlightsAndDecals sorted model list count incorrect! A model was probably unable to load!CModelRenderSystem::SetupFlashlightsAndDecals sorted model list count incorrect! A model was probably unable to load!CModelRenderSystem::SetupFlashlightsAndDecals sorted model list count incorrect! A model was probably unable to load!CModelRenderSystem::SetupFlashlightsAndDecals sorted model list count incorrect! A model was probably unable to load!CModelRenderSystem::SetupFlashlightsAndDecals sorted model list count incorrect! A model was probably unable to load!CModelRenderSystem::SetupFlashlightsAndDecals sorted model list count incorrect! A model was probably unable to load!CModelRenderSystem::SetupFlashlightsAndDecals sorted model list count incorrect! A model was probably unable to load!CModelRenderSystem::SetupFlashlightsAndDecals sorted model list count incorrect! A model was probably unable to load!CModelRenderSystem::SetupFlashlightsAndDecals sorted model list count incorrect! A model was probably unable to load!CModelRenderSystem::SetupFlashlightsAndDecals sorted model list count incorrect! A model was probably unable to load!CModelRenderSystem::SetupFlashlightsAndDecals sorted model list count incorrect! A model was probably unable to load!CModelRenderSystem::SetupFlashlightsAndDecals sorted model list count incorrect! A model was probably unable to load!CModelRenderSystem::SetupFlashlightsAndDecals sorted model list count incorrect! A model was probably unable to load!CModelRenderSystem::SetupFlashlightsAndDecals sorted model list count incorrect! A model was probably unable to load!CModelRenderSystem::SetupFlashlightsAndDecals sorted model list count incorrect! A model was probably unable to load!CModelRenderSystem::SetupFlashlightsAndDecals sorted model list count incorrect! A model was probably unable to load!CModelRenderSystem::SetupFlashlightsAndDecals sorted model list count incorrect! A model was probably unable to load!CModelRenderSystem::SetupFlashlightsAndDecals sorted model list count incorrect! A model was probably unable to load!CModelRenderSystem::SetupFlashlightsAndDecals sorted model list count incorrect! A model was probably unable to load!CModelRenderSystem::SetupFlashlightsAndDecals sorted model list count incorrect! A model was probably unable to load!CModelRenderSystem::SetupFlashlightsAndDecals sorted model list count incorrect! A model was probably unable to load!CModelRenderSystem::SetupFlashlightsAndDecals sorted model list count incorrect! A model was probably unable to load!CModelRenderSystem::SetupFlashlightsAndDecals sorted model list count incorrect! A model was probably unable to load!CModelRenderSystem::SetupFlashlightsAndDecals sorted model list count incorrect! A model was probably unable to load!CModelRenderSystem::SetupFlashlightsAndDecals sorted model list count incorrect! A model was probably unable to load!CModelRenderSystem::SetupFlashlightsAndDecals sorted model list count incorrect! A model was probably unable to load!CModelRenderSystem::SetupFlashlightsAndDecals sorted model list count incorrect! A model was probably unable to load!CModelRenderSystem::SetupFlashlightsAndDecals sorted model list count incorrect! A model was probably unable to load!CModelRenderSystem::SetupFlashlightsAndDecals sorted model list count incorrect! A model was probably unable to load!CModelRenderSystem::SetupFlashlightsAndDecals sorted model list count incorrect! A model was probably unable to load!CModelRenderSystem::SetupFlashlightsAndDecals sorted model list count incorrect! A model was probably unable to load!CModelRenderSystem::SetupFlashlightsAndDecals sorted model list count incorrect! A model was probably unable to load!CModelRenderSystem::SetupFlashlightsAndDecals sorted model list count incorrect! A model was probably unable to load!CModelRenderSystem::SetupFlashlightsAndDecals sorted model list count incorrect! A model was probably unable to load!CModelRenderSystem::SetupFlashlightsAndDecals sorted model list count incorrect! A model was probably unable to load!CModelRenderSystem::SetupFlashlightsAndDecals sorted model list count incorrect! A model was probably unable to load!CModelRenderSystem::SetupFlashlightsAndDecals sorted model list count incorrect! A model was probably unable to load!CModelRenderSystem::SetupFlashlightsAndDecals sorted model list count incorrect! A model was probably unable to load!CModelRenderSystem::SetupFlashlightsAndDecals sorted model list count incorrect! A model was probably unable to load!CModelRenderSystem::SetupFlashlightsAndDecals sorted model list count incorrect! A model was probably unable to load!CModelRenderSystem::SetupFlashlightsAndDecals sorted model list count incorrect! A model was probably unable to load!CModelRenderSystem::SetupFlashlightsAndDecals sorted model list count incorrect! A model was probably unable to load!CModelRenderSystem::SetupFlashlightsAndDecals sorted model list count incorrect! A model was probably unable to load!CModelRenderSystem::SetupFlashlightsAndDecals sorted model list count incorrect! A model was probably unable to load!CModelRenderSystem::SetupFlashlightsAndDecals sorted model list count incorrect! A model was probably unable to load!CModelRenderSystem::SetupFlashlightsAndDecals sorted model list count incorrect! A model was probably unable to load!CModelRenderSystem::SetupFlashlightsAndDecals sorted model list count incorrect! A model was probably unable to load!CModelRenderSystem::SetupFlashlightsAndDecals sorted model list count incorrect! A model was probably unable to load!CModelRenderSystem::SetupFlashlightsAndDecals sorted model list count incorrect! A model was probably unable to load!CModelRenderSystem::SetupFlashlightsAndDecals sorted model list count incorrect! A model was probably unable to load!CModelRenderSystem::SetupFlashlightsAndDecals sorted model list count incorrect! A model was probably unable to load!CModelRenderSystem::SetupFlashlightsAndDecals sorted model list count incorrect! A model was probably unable to load!CModelRenderSystem::SetupFlashlightsAndDecals sorted model list count incorrect! A model was probably unable to load!CModelRenderSystem::SetupFlashlightsAndDecals sorted model list count incorrect! A model was probably unable to load!CModelRenderSystem::SetupFlashlightsAndDecals sorted model list count incorrect! A model was probably unable to load!CModelRenderSystem::SetupFlashlightsAndDecals sorted model list count incorrect! A model was probably unable to load!CModelRenderSystem::SetupFlashlightsAndDecals sorted model list count incorrect! A model was probably unable to load!CModelRenderSystem::SetupFlashlightsAndDecals sorted model list count incorrect! A model was probably unable to load!CModelRenderSystem::SetupFlashlightsAndDecals sorted model list count incorrect! A model was probably unable to load!CModelRenderSystem::SetupFlashlightsAndDecals sorted model list count incorrect! A model was probably unable to load!CModelRenderSystem::SetupFlashlightsAndDecals sorted model list count incorrect! A model was probably unable to load!CModelRenderSystem::SetupFlashlightsAndDecals sorted model list count incorrect! A model was probably unable to load!CModelRenderSystem::SetupFlashlightsAndDecals sorted model list count incorrect! A model was probably unable to load!CModelRenderSystem::SetupFlashlightsAndDecals sorted model list count incorrect! A model was probably unable to load!CModelRenderSystem::SetupFlashlightsAndDecals sorted model list count incorrect! A model was probably unable to load!CModelRenderSystem::SetupFlashlightsAndDecals sorted model list count incorrect! A model was probably unable to load!CModelRenderSystem::SetupFlashlightsAndDecals sorted model list count incorrect! A model was probably unable to load!CModelRenderSystem::SetupFlashlightsAndDecals sorted model list count incorrect! A model was probably unable to load!CModelRenderSystem::SetupFlashlightsAndDecals sorted model list count incorrect! A model was probably unable to load!CModelRenderSystem::SetupFlashlightsAndDecals sorted model list count incorrect! A model was probably unable to load!CModelRenderSystem::SetupFlashlightsAndDecals sorted model list count incorrect! A model was probably unable to load!CModelRenderSystem::SetupFlashlightsAndDecals sorted model list count incorrect! A model was probably unable to load!CModelRenderSystem::SetupFlashlightsAndDecals sorted model list count incorrect! A model was probably unable to load!CModelRenderSystem::SetupFlashlightsAndDecals sorted model list count incorrect! A model was probably unable to load!CModelRenderSystem::SetupFlashlightsAndDecals sorted model list count incorrect! A model was probably unable to load!CModelRenderSystem::SetupFlashlightsAndDecals sorted model list count incorrect! A model was probably unable to load!CModelRenderSystem::SetupFlashlightsAndDecals sorted model list count incorrect! A model was probably unable to load!CModelRenderSystem::SetupFlashlightsAndDecals sorted model list count incorrect! A model was probably unable to load!CModelRenderSystem::SetupFlashlightsAndDecals sorted model list count incorrect! A model was probably unable to load!CModelRenderSystem::SetupFlashlightsAndDecals sorted model list count incorrect! A model was probably unable to load!CModelRenderSystem::SetupFlashlightsAndDecals sorted model list count incorrect! A model was probably unable to load!CModelRenderSystem::SetupFlashlightsAndDecals sorted model list count incorrect! A model was probably unable to load!CModelRenderSystem::SetupFlashlightsAndDecals sorted model list count incorrect! A model was probably unable to load!CModelRenderSystem::SetupFlashlightsAndDecals sorted model list count incorrect! A model was probably unable to load!CModelRenderSystem::SetupFlashlightsAndDecals sorted model list count incorrect! A model was probably unable to load!CModelRenderSystem::SetupFlashlightsAndDecals sorted model list count incorrect! A model was probably unable to load!CModelRenderSystem::SetupFlashlightsAndDecals sorted model list count incorrect! A model was probably unable to load!CModelRenderSystem::SetupFlashlightsAndDecals sorted model list count incorrect! A model was probably unable to load!CModelRenderSystem::SetupFlashlightsAndDecals sorted model list count incorrect! A model was probably unable to load!CModelRenderSystem::SetupFlashlightsAndDecals sorted model list count incorrect! A model was probably unable to load!CModelRenderSystem::SetupFlashlightsAndDecals sorted model list count incorrect! A model was probably unable to load!CModelRenderSystem::SetupFlashlightsAndDecals sorted model list count incorrect! A model was probably unable to load!CModelRenderSystem::SetupFlashlightsAndDecals sorted model list count incorrect! A model was probably unable to load!CModelRenderSystem::SetupFlashlightsAndDecals sorted model list count incorrect! A model was probably unable to load!CModelRenderSystem::SetupFlashlightsAndDecals sorted model list count incorrect! A model was probably unable to load!CModelRenderSystem::SetupFlashlightsAndDecals sorted model list count incorrect! A model was probably unable to load!CModelRenderSystem::SetupFlashlightsAndDecals sorted model list count incorrect! A model was probably unable to load!CModelRenderSystem::SetupFlashlightsAndDecals sorted model list count incorrect! A model was probably unable to load!CModelRenderSystem::SetupFlashlightsAndDecals sorted model list count incorrect! A model was probably unable to load!CModelRenderSystem::SetupFlashlightsAndDecals sorted model list count incorrect! A model was probably unable to load!CModelRenderSystem::SetupFlashlightsAndDecals sorted model list count incorrect! A model was probably unable to load!Dropped gustavo from server (Server shutting down)
Host_WriteConfiguration: Wrote cfg/config.cfg
Stopping All Sounds...
Stopping: Channel:64 player\fling_whoosh.wav
Stopping: Channel:69 weapons\portalgun\portal_ambient_loop1.wav
Stopping: Channel:68 weapons\portalgun\portal_ambient_loop1.wav
Stopping: Channel:66 vehicles\airboat\fan_blade_idle_loop1.wav
Stopping: Channel:67 vehicles\airboat\fan_blade_idle_loop1.wav
Stopping: Channel:70 ambient\gas\steam_loop1.wav
Stopping: Channel:65 ambient\gas\steam_loop1.wav
Queued Material System: DISABLED!
Datacenter::EnableUpdate( 0 ), current state = 0
Datacenter::RequestStop, time 21.55, state 0
Unable to remove c:\sourcecode\aperture-camera\game\valve\textwindow_temp.html!
Stopping All Sounds...
CreateEvent: event 'server_pre_shutdown' not registered.
CreateEvent: event 'server_shutdown' not registered.
Shutdown function ShutdownMixerControls() not in list!!!
NET_GetBindAddresses found 192.168.31.140: 'Realtek PCIe GbE Family Controller'
NET_GetBindAddresses found 26.133.72.161: 'Famatech Radmin VPN Ethernet Adapter'
NET_GetBindAddresses found 172.24.90.163: 'ZeroTier Virtual Port #2'
NET_GetBindAddresses found 10.147.17.76: 'ZeroTier Virtual Port #3'
NET_GetBindAddresses found 172.16.0.2: 'WireGuard Tunnel'
Network: IP 10.147.17.76, mode MP, dedicated No, ports 27015 SV / 27005 CL
Parent cvar in client.dll not allowed (rr_debugresponseconcept)
Parent cvar in client.dll not allowed (rr_dumpresponses)
Parent cvar in client.dll not allowed (rr_debugrule)
Parent cvar in client.dll not allowed (rr_debugresponses)
WARNING: unable to link rr_debugresponseconcept_exclude and rr_debugresponseconcept_exclude because one or more is a ConCommand.
Parent cvar in client.dll not allowed (movement_anim_playback_minrate)
WARNING: unable to link creditsdone and creditsdone because one or more is a ConCommand.
WARNING: unable to link rr_reloadresponsesystems and rr_reloadresponsesystems because one or more is a ConCommand.
KeyValues Error: RecursiveLoadFromBuffer:  got NULL key in file particles/particles_manifest.txt
particles_manifest, 
CParticleMgr::Init:  Manifest 'particles/particles_manifest.txt' with bogus file type 'file		', expecting 'file'
CParticleMgr::Init:  Manifest 'particles/particles_manifest.txt' with bogus file type '
}', expecting 'file'
CResponseSystem:  scripts\talker\response_rules.txt (2 rules, 2 criteria, and 2 responses)
maxplayers set to 1
We're happy and aperture_render_targets!Created Photo RT: _rt_LargePhoto
Created Photo RT: _rt_LargePhoto
Created Photo RT: _rt_LargePhoto
Missing cfg\cpu_level_2_pc.ekv
Missing cfg\gpu_level_3_pc.ekv
Missing cfg\mem_level_2_pc.ekv
Missing cfg\gpu_mem_level_2_pc.ekv
Running -nogameui mode, using client module instead of gameui
Steam config directory: C:\SourceCode\aperture-camera\game\platform\config
KeyValues Error: RecursiveLoadFromBuffer:  got NULL key in file particles/particles_manifest.txt
particles_manifest, 
CParticleMgr::Init:  Manifest 'particles/particles_manifest.txt' with bogus file type 'file		', expecting 'file'
CParticleMgr::Init:  Manifest 'particles/particles_manifest.txt' with bogus file type '
}', expecting 'file'
No split screen config file 'splitscreen_config.txt', using defaults
Missing cfg\cpu_level_2_pc.ekv
Missing cfg\gpu_level_3_pc.ekv
Missing cfg\mem_level_2_pc.ekv
Missing cfg\gpu_mem_level_2_pc.ekv
CGameEventManager::AddListener: event 'replay_status' unknown.
CGameEventManager::AddListener: event 'spec_target_updated' unknown.
KV Conditional: Unknown symbol OSX
KV Conditional: Unknown symbol OSX
"materials/_rt_largephoto1.vtf": can't be found on disk
"materials/_rt_largephoto2.vtf": can't be found on disk
"materials/_rt_largephoto3.vtf": can't be found on disk
Hud element 'CHudControlHelper' doesn't have an entry 'HudControlHelper' in scripts/HudLayout.res
Hud element 'CHudIndicator' doesn't have an entry 'HudIndicator' in scripts/HudLayout.res
Hud element 'CHudViewfinder' doesn't have an entry 'HudViewfinder' in scripts/HudLayout.res
Hud element 'CHudPhotoInventory' doesn't have an entry 'HudPhotoInventory' in scripts/HudLayout.res
Hud element 'CHudPhotoFlash' doesn't have an entry 'HudPhotoInventory' in scripts/HudLayout.res
CResponseSystem:  scripts\talker\response_rules.txt (2 rules, 2 criteria, and 2 responses)
cc_lang = 
Missing cfg\cpu_level_2_pc.ekv
Missing cfg\gpu_level_3_pc.ekv
Missing cfg\mem_level_2_pc.ekv
Missing cfg\gpu_mem_level_2_pc.ekv
Sound Initialization: Start
DS:stereo speaker configuration detected
Set primary sound buffer format: yes
Using secondary sound buffer
   2 channel(s)
   16 bits/sample
   44100 samples/sec
DirectSound initialized
Stopping All Sounds...
Trying cache :  'c:/sourcecode/aperture-camera/game/valve/maps/soundcache/_master.cache'
Successfully loaded audio cache file
Sound Initialization: Finish, Sampling Rate: 44100
cc_lang = 
Legacy Surround disabled.
Stopping All Sounds...
Sound Initialization: Start
DS:stereo speaker configuration detected
Set primary sound buffer format: yes
Using secondary sound buffer
   2 channel(s)
   16 bits/sample
   44100 samples/sec
DirectSound initialized
Stopping All Sounds...
Trying cache :  'c:/sourcecode/aperture-camera/game/valve/maps/soundcache/_master.cache'
Successfully loaded audio cache file
Sound Initialization: Finish, Sampling Rate: 44100
Datacenter::RequestStart, time 2.48
Datacenter::RequestStop, time 2.49, state 1
Datacenter::RequestUpdate failed
Stopping All Sounds...
Stopping All Sounds...
---- Host_NewGame ----
Network: IP 10.147.17.76, mode SP, dedicated No, ports 0 SV / 0 CL
Network: IP 10.147.17.76, mode MP, dedicated No, ports 27015 SV / 27005 CL
#######################################
Map testroom_aperture missing stringtable dictionary, don't ship this way!!!
#######################################
Host_NewGame on map testroom_aperture
Set Gravity 600.0 (0.250 tolerance)
PrecacheScriptSound 'default.null' failed, no such sound script entry
weapons/v_portalgun.mdl : material "models/weapons/v_models/v_portalgun/v_hands" not found.
CreateEvent: event 'picked_up_paint' not registered.
PrecacheScriptSound 'Paintgun.FireLoop' failed, no such sound script entry
Direct precache of vehicles/airboat/pontoon_fast_water_loop2.wav
Error Index File for 'weapons\w_cam.mdl' checksum 1322159438 should be 2037782653
Warning:  Can't add NULL string to table EffectDispatch
Failed to load models/weapons/v_cam.mdl!
Warning:  Can't add NULL string to table EffectDispatch
Error: Material "models/items/photo_capture01" : proxy "PhotoMaterial" not found!
"materials/null.vtf": can't be found on disk
Error reading weapon data file for: weapon_hopwire
Warning:  Can't add NULL string to table EffectDispatch
Warning:  Can't add NULL string to table EffectDispatch
Warning:  Can't add NULL string to table EffectDispatch
Warning:  Can't add NULL string to table EffectDispatch
Warning:  Can't add NULL string to table EffectDispatch
Warning:  Can't add NULL string to table EffectDispatch
Warning:  Can't add NULL string to table EffectDispatch
Warning:  Can't add NULL string to table EffectDispatch
Warning:  Can't add NULL string to table EffectDispatch
Warning:  Can't add NULL string to table EffectDispatch
Warning:  Can't add NULL string to table EffectDispatch
Warning:  Can't add NULL string to table EffectDispatch
Warning:  Can't add NULL string to table EffectDispatch
Script not found (scripts/vscripts/mapspawn.nut) 
Failed to CRC cfg/cpu_level_0_pc.ekv
Failed to CRC cfg/cpu_level_0_pc_ss.ekv
Failed to CRC cfg/cpu_level_1_pc.ekv
Failed to CRC cfg/cpu_level_1_pc_ss.ekv
Failed to CRC cfg/cpu_level_2_pc.ekv
Failed to CRC cfg/cpu_level_2_pc_ss.ekv
Failed to CRC cfg/gpu_level_0_pc.ekv
Failed to CRC cfg/gpu_level_1_pc.ekv
Failed to CRC cfg/gpu_level_2_pc.ekv
Failed to CRC cfg/gpu_level_3_pc.ekv
Failed to CRC cfg/mem_level_0_pc.ekv
Failed to CRC cfg/mem_level_1_pc.ekv
Failed to CRC cfg/mem_level_2_pc.ekv
Failed to CRC cfg/gpu_mem_level_0_pc.ekv
Failed to CRC cfg/gpu_mem_level_1_pc.ekv
Failed to CRC cfg/gpu_mem_level_2_pc.ekv
Failed to CRC scripts/asw_weapon_ammo_bag.txt
Failed to CRC scripts/asw_weapon_ammo_satchel.txt
Failed to CRC scripts/asw_weapon_autogun.txt
Failed to CRC scripts/asw_weapon_blink.txt
Failed to CRC scripts/asw_weapon_buff_grenade.txt
Failed to CRC scripts/asw_weapon_chainsaw.txt
Failed to CRC scripts/asw_weapon_electrified_armor.txt
Failed to CRC scripts/asw_weapon_fire_extinguisher.txt
Failed to CRC scripts/asw_weapon_fist.txt
Failed to CRC scripts/asw_weapon_flamer.txt
Failed to CRC scripts/asw_weapon_flares.txt
Failed to CRC scripts/asw_weapon_flashlight.txt
Failed to CRC scripts/asw_weapon_freeze_grenades.txt
Failed to CRC scripts/asw_weapon_grenades.txt
Failed to CRC scripts/asw_weapon_grenade_launcher.txt
Failed to CRC scripts/asw_weapon_heal_grenade.txt
Failed to CRC scripts/asw_weapon_heal_gun.txt
Failed to CRC scripts/asw_weapon_hornet_barrage.txt
Failed to CRC scripts/asw_weapon_jump_jet.txt
Failed to CRC scripts/asw_weapon_laser_mines.txt
Failed to CRC scripts/asw_weapon_medical_satchel.txt
Failed to CRC scripts/asw_weapon_medkit.txt
Failed to CRC scripts/asw_weapon_mines.txt
Failed to CRC scripts/asw_weapon_minigun.txt
Failed to CRC scripts/asw_weapon_mining_laser.txt
Failed to CRC scripts/asw_weapon_night_vision.txt
Failed to CRC scripts/asw_weapon_normal_armor.txt
Failed to CRC scripts/asw_weapon_pdw.txt
Failed to CRC scripts/asw_weapon_pistol.txt
Failed to CRC scripts/asw_weapon_prifle.txt
Failed to CRC scripts/asw_weapon_railgun.txt
Failed to CRC scripts/asw_weapon_rifle.txt
Failed to CRC scripts/asw_weapon_sentry.txt
Failed to CRC scripts/asw_weapon_sentry_cannon.txt
Failed to CRC scripts/asw_weapon_sentry_flamer.txt
Failed to CRC scripts/asw_weapon_sentry_freeze.txt
Failed to CRC scripts/asw_weapon_shotgun.txt
Failed to CRC scripts/asw_weapon_smart_bomb.txt
Failed to CRC scripts/asw_weapon_sniper_rifle.txt
Failed to CRC scripts/asw_weapon_stim.txt
Failed to CRC scripts/asw_weapon_tesla_gun.txt
Failed to CRC scripts/asw_weapon_tesla_trap.txt
Failed to CRC scripts/asw_weapon_vindicator.txt
Failed to CRC scripts/asw_weapon_welder.txt
Attempted to create unknown entity type prop_portal_linked_door!
Can't init prop_portal_linked_door
Attempted to create unknown entity type prop_portal_linked_door!
Can't init prop_portal_linked_door
props_farm\mousetrap.mdl : material "models/props_farm/mousetrap001" not found.
PrecacheScriptSound 'NPC_Android.Pain' failed, no such sound script entry
Attempted to create unknown entity type _squashed_zombie!
NULL Ent in UTIL_PrecacheOther
PrecacheScriptSound 'AndroidDispenser.Blocked' failed, no such sound script entry
PrecacheScriptSound 'AndroidDispenser.Dispense' failed, no such sound script entry
prop_dynamic at -872 0 128 uses model models/props_c17/furnituretable002a.mdl, which has propdata which means that it be used on a prop_physics. DELETED.
"materials/models/bot_fem/bot_male_exponent.vtf": can't be found on disk
npcs/hover_turret.mdl : material "models/props_bts/glados_ball_01" not found.
npcs/hover_turret.mdl : material "models/props_bts/glados_ball_02" not found.
npcs/hover_turret.mdl : material "models/props_bts/glados_ball_03" not found.
npcs/hover_turret.mdl : material "models/props_bts/glados_ball_04" not found.
Invalid file size for motd.txt
Invalid file size for host.txt
Created class baseline: 21 classes, 3088 bytes.
Heartbeat is disabled (usually developer or cheats is on).
m_eServerMode pre = 0
m_eServerMode post = 2
Stopping All Sounds...
1.000:  Sending UDP connect to public IP 127.0.0.1:27015
Server using '<none>' lobbies, requiring pw no, lobby id 0
RememberIPAddressForLobby: lobby 0 from address loopback

Portal
Map: testroom_aperture
Players: 1 (0 bots) / 1 humans
Build: 6653
Server Number: 1

material "particle/particle_glow_05_add_15ob" not found.
Attempted to precache unknown particle system "portal_dematerialize"!
Attempted to precache unknown particle system "portal_rematerialize"!
Attempted to precache unknown particle system "zombie_stomp_heavy"!
Attempted to precache unknown particle system "GrubBlood"!
Attempted to precache unknown particle system "fizzler_field"!
Attempted to precache unknown particle system "fizzler_field_scalable"!
material "overlays/coop_ping_decal" not found.
material "effects/huntertracer" not found.
Attempted to precache unknown particle system "rain_storm"!
Attempted to precache unknown particle system "rain_storm"!
Attempted to precache unknown particle system "rain_storm_screen"!
Attempted to precache unknown particle system "rain_storm_screen"!
Attempted to precache unknown particle system "rain_storm_outer"!
Attempted to precache unknown particle system "rain_storm_outer"!
Attempted to precache unknown particle system "rain"!
Attempted to precache unknown particle system "rain"!
Attempted to precache unknown particle system "rain_outer"!
Attempted to precache unknown particle system "rain_outer"!
Attempted to precache unknown particle system "ash"!
Attempted to precache unknown particle system "ash"!
Attempted to precache unknown particle system "ash_outer"!
Attempted to precache unknown particle system "ash_outer"!
Attempted to precache unknown particle system "snow"!
Attempted to precache unknown particle system "snow"!
Attempted to precache unknown particle system "snow_outer"!
Attempted to precache unknown particle system "snow_outer"!
Attempted to precache unknown particle system "rtube_muzzle"!
Attempted to precache unknown particle system "rtube_muzzle"!
Attempted to precache unknown particle system "paint_hose"!
Attempted to precache unknown particle system "paint_hose"!
material "photos/photo_background" not found.
material "photos/photo_foreground" not found.
Script not found (scripts/vscripts/mapspawn.nut) 
Sending full update to Client gustavo (gustavo can't find frame from tick -1)
Receiving uncompressed update from server
Set Gravity 600.0 (0.250 tolerance)
Queued Material System: ENABLED!
DEBUG HISTORY IS ENABLED. Disable before release (in env_debughistory.h).
CreateEvent: event 'portal_player_touchedground' not registered.
material "" not found.
Attempting to create unknown particle system 'fizzler_field_scalable' 
Attempting to create unknown particle system 'fizzler_field' 
Attempting to create unknown particle system 'fizzler_field' 
Attempting to create unknown particle system 'fizzler_field_scalable' 
Redownloading all lightmaps
R_RedownloadAllLightmaps took 3.620 msec!
Connection to Steam servers successful.
   VAC secure mode disabled.
CModelRenderSystem::SetupFlashlightsAndDecals sorted model list count incorrect! A model was probably unable to load!CModelRenderSystem::SetupFlashlightsAndDecals sorted model list count incorrect! A model was probably unable to load!CModelRenderSystem::SetupFlashlightsAndDecals sorted model list count incorrect! A model was probably unable to load!CModelRenderSystem::SetupFlashlightsAndDecals sorted model list count incorrect! A model was probably unable to load!CModelRenderSystem::SetupFlashlightsAndDecals sorted model list count incorrect! A model was probably unable to load!CModelRenderSystem::SetupFlashlightsAndDecals sorted model list count incorrect! A model was probably unable to load!CModelRenderSystem::SetupFlashlightsAndDecals sorted model list count incorrect! A model was probably unable to load!CModelRenderSystem::SetupFlashlightsAndDecals sorted model list count incorrect! A model was probably unable to load!CModelRenderSystem::SetupFlashlightsAndDecals sorted model list count incorrect! A model was probably unable to load!CModelRenderSystem::SetupFlashlightsAndDecals sorted model list count incorrect! A model was probably unable to load!CModelRenderSystem::SetupFlashlightsAndDecals sorted model list count incorrect! A model was probably unable to load!CModelRenderSystem::SetupFlashlightsAndDecals sorted model list count incorrect! A model was probably unable to load!CModelRenderSystem::SetupFlashlightsAndDecals sorted model list count incorrect! A model was probably unable to load!CModelRenderSystem::SetupFlashlightsAndDecals sorted model list count incorrect! A model was probably unable to load!CModelRenderSystem::SetupFlashlightsAndDecals sorted model list count incorrect! A model was probably unable to load!CModelRenderSystem::SetupFlashlightsAndDecals sorted model list count incorrect! A model was probably unable to load!CModelRenderSystem::SetupFlashlightsAndDecals sorted model list count incorrect! A model was probably unable to load!CModelRenderSystem::SetupFlashlightsAndDecals sorted model list count incorrect! A model was probably unable to load!CModelRenderSystem::SetupFlashlightsAndDecals sorted model list count incorrect! A model was probably unable to load!CModelRenderSystem::SetupFlashlightsAndDecals sorted model list count incorrect! A model was probably unable to load!CModelRenderSystem::SetupFlashlightsAndDecals sorted model list count incorrect! A model was probably unable to load!CModelRenderSystem::SetupFlashlightsAndDecals sorted model list count incorrect! A model was probably unable to load!CModelRenderSystem::SetupFlashlightsAndDecals sorted model list count incorrect! A model was probably unable to load!CModelRenderSystem::SetupFlashlightsAndDecals sorted model list count incorrect! A model was probably unable to load!CModelRenderSystem::SetupFlashlightsAndDecals sorted model list count incorrect! A model was probably unable to load!CModelRenderSystem::SetupFlashlightsAndDecals sorted model list count incorrect! A model was probably unable to load!CModelRenderSystem::SetupFlashlightsAndDecals sorted model list count incorrect! A model was probably unable to load!CModelRenderSystem::SetupFlashlightsAndDecals sorted model list count incorrect! A model was probably unable to load!CModelRenderSystem::SetupFlashlightsAndDecals sorted model list count incorrect! A model was probably unable to load!CModelRenderSystem::SetupFlashlightsAndDecals sorted model list count incorrect! A model was probably unable to load!CModelRenderSystem::SetupFlashlightsAndDecals sorted model list count incorrect! A model was probably unable to load!CModelRenderSystem::SetupFlashlightsAndDecals sorted model list count incorrect! A model was probably unable to load!CModelRenderSystem::SetupFlashlightsAndDecals sorted model list count incorrect! A model was probably unable to load!CModelRenderSystem::SetupFlashlightsAndDecals sorted model list count incorrect! A model was probably unable to load!CModelRenderSystem::SetupFlashlightsAndDecals sorted model list count incorrect! A model was probably unable to load!CModelRenderSystem::SetupFlashlightsAndDecals sorted model list count incorrect! A model was probably unable to load!CModelRenderSystem::SetupFlashlightsAndDecals sorted model list count incorrect! A model was probably unable to load!CModelRenderSystem::SetupFlashlightsAndDecals sorted model list count incorrect! A model was probably unable to load!CModelRenderSystem::SetupFlashlightsAndDecals sorted model list count incorrect! A model was probably unable to load!CModelRenderSystem::SetupFlashlightsAndDecals sorted model list count incorrect! A model was probably unable to load!CModelRenderSystem::SetupFlashlightsAndDecals sorted model list count incorrect! A model was probably unable to load!CModelRenderSystem::SetupFlashlightsAndDecals sorted model list count incorrect! A model was probably unable to load!CModelRenderSystem::SetupFlashlightsAndDecals sorted model list count incorrect! A model was probably unable to load!CModelRenderSystem::SetupFlashlightsAndDecals sorted model list count incorrect! A model was probably unable to load!CModelRenderSystem::SetupFlashlightsAndDecals sorted model list count incorrect! A model was probably unable to load!CModelRenderSystem::SetupFlashlightsAndDecals sorted model list count incorrect! A model was probably unable to load!CModelRenderSystem::SetupFlashlightsAndDecals sorted model list count incorrect! A model was probably unable to load!CModelRenderSystem::SetupFlashlightsAndDecals sorted model list count incorrect! A model was probably unable to load!Warning:  Can't add NULL string to table EffectDispatch
Warning:  Can't add NULL string to table EffectDispatch
Warning:  Can't add NULL string to table EffectDispatch
Warning:  Can't add NULL string to table EffectDispatch
Warning:  Can't add NULL string to table EffectDispatch
Warning:  Can't add NULL string to table EffectDispatch
Warning:  Can't add NULL string to table EffectDispatch
Warning:  Can't add NULL string to table EffectDispatch
Warning:  Can't add NULL string to table EffectDispatch
Warning:  Can't add NULL string to table EffectDispatch
Attempted to precache unknown particle system "weapon_tracers"!
Attempted to precache unknown particle system "weapon_tracers"!
Attempted to precache unknown particle system "weapon_tracers"!
Attempted to precache unknown particle system "weapon_tracers"!
Attempted to precache unknown particle system "weapon_tracers"!
Attempted to precache unknown particle system "weapon_tracers"!
Attempted to precache unknown particle system "weapon_tracers"!
Attempted to precache unknown particle system "weapon_tracers"!
Attempted to precache unknown particle system "weapon_tracers"!
Attempted to precache unknown particle system "weapon_tracers"!
Attempted to precache unknown particle system "weapon_tracers"!
Attempted to precache unknown particle system "weapon_tracers"!
Error reading weapon data file for: basehlcombatweapon
Attempted to precache unknown particle system "weapon_tracers"!
CModelRenderSystem::SetupFlashlightsAndDecals sorted model list count incorrect! A model was probably unable to load!CModelRenderSystem::SetupFlashlightsAndDecals sorted model list count incorrect! A model was probably unable to load!CModelRenderSystem::SetupFlashlightsAndDecals sorted model list count incorrect! A model was probably unable to load!CModelRenderSystem::SetupFlashlightsAndDecals sorted model list count incorrect! A model was probably unable to load!CModelRenderSystem::SetupFlashlightsAndDecals sorted model list count incorrect! A model was probably unable to load!CModelRenderSystem::SetupFlashlightsAndDecals sorted model list count incorrect! A model was probably unable to load!CModelRenderSystem::SetupFlashlightsAndDecals sorted model list count incorrect! A model was probably unable to load!CModelRenderSystem::SetupFlashlightsAndDecals sorted model list count incorrect! A model was probably unable to load!CModelRenderSystem::SetupFlashlightsAndDecals sorted model list count incorrect! A model was probably unable to load!CModelRenderSystem::SetupFlashlightsAndDecals sorted model list count incorrect! A model was probably unable to load!CModelRenderSystem::SetupFlashlightsAndDecals sorted model list count incorrect! A model was probably unable to load!CModelRenderSystem::SetupFlashlightsAndDecals sorted model list count incorrect! A model was probably unable to load!CModelRenderSystem::SetupFlashlightsAndDecals sorted model list count incorrect! A model was probably unable to load!CModelRenderSystem::SetupFlashlightsAndDecals sorted model list count incorrect! A model was probably unable to load!CModelRenderSystem::SetupFlashlightsAndDecals sorted model list count incorrect! A model was probably unable to load!CModelRenderSystem::SetupFlashlightsAndDecals sorted model list count incorrect! A model was probably unable to load!CModelRenderSystem::SetupFlashlightsAndDecals sorted model list count incorrect! A model was probably unable to load!CModelRenderSystem::SetupFlashlightsAndDecals sorted model list count incorrect! A model was probably unable to load!CModelRenderSystem::SetupFlashlightsAndDecals sorted model list count incorrect! A model was probably unable to load!CModelRenderSystem::SetupFlashlightsAndDecals sorted model list count incorrect! A model was probably unable to load!CModelRenderSystem::SetupFlashlightsAndDecals sorted model list count incorrect! A model was probably unable to load!CModelRenderSystem::SetupFlashlightsAndDecals sorted model list count incorrect! A model was probably unable to load!CModelRenderSystem::SetupFlashlightsAndDecals sorted model list count incorrect! A model was probably unable to load!CModelRenderSystem::SetupFlashlightsAndDecals sorted model list count incorrect! A model was probably unable to load!CModelRenderSystem::SetupFlashlightsAndDecals sorted model list count incorrect! A model was probably unable to load!CModelRenderSystem::SetupFlashlightsAndDecals sorted model list count incorrect! A model was probably unable to load!CModelRenderSystem::SetupFlashlightsAndDecals sorted model list count incorrect! A model was probably unable to load!CModelRenderSystem::SetupFlashlightsAndDecals sorted model list count incorrect! A model was probably unable to load!CModelRenderSystem::SetupFlashlightsAndDecals sorted model list count incorrect! A model was probably unable to load!CModelRenderSystem::SetupFlashlightsAndDecals sorted model list count incorrect! A model was probably unable to load!CModelRenderSystem::SetupFlashlightsAndDecals sorted model list count incorrect! A model was probably unable to load!CModelRenderSystem::SetupFlashlightsAndDecals sorted model list count incorrect! A model was probably unable to load!CModelRenderSystem::SetupFlashlightsAndDecals sorted model list count incorrect! A model was probably unable to load!CModelRenderSystem::SetupFlashlightsAndDecals sorted model list count incorrect! A model was probably unable to load!CModelRenderSystem::SetupFlashlightsAndDecals sorted model list count incorrect! A model was probably unable to load!CModelRenderSystem::SetupFlashlightsAndDecals sorted model list count incorrect! A model was probably unable to load!CModelRenderSystem::SetupFlashlightsAndDecals sorted model list count incorrect! A model was probably unable to load!CModelRenderSystem::SetupFlashlightsAndDecals sorted model list count incorrect! A model was probably unable to load!CModelRenderSystem::SetupFlashlightsAndDecals sorted model list count incorrect! A model was probably unable to load!CModelRenderSystem::SetupFlashlightsAndDecals sorted model list count incorrect! A model was probably unable to load!CModelRenderSystem::SetupFlashlightsAndDecals sorted model list count incorrect! A model was probably unable to load!CModelRenderSystem::SetupFlashlightsAndDecals sorted model list count incorrect! A model was probably unable to load!CModelRenderSystem::SetupFlashlightsAndDecals sorted model list count incorrect! A model was probably unable to load!CModelRenderSystem::SetupFlashlightsAndDecals sorted model list count incorrect! A model was probably unable to load!CModelRenderSystem::SetupFlashlightsAndDecals sorted model list count incorrect! A model was probably unable to load!CModelRenderSystem::SetupFlashlightsAndDecals sorted model list count incorrect! A model was probably unable to load!CModelRenderSystem::SetupFlashlightsAndDecals sorted model list count incorrect! A model was probably unable to load!CModelRenderSystem::SetupFlashlightsAndDecals sorted model list count incorrect! A model was probably unable to load!CModelRenderSystem::SetupFlashlightsAndDecals sorted model list count incorrect! A model was probably unable to load!CModelRenderSystem::SetupFlashlightsAndDecals sorted model list count incorrect! A model was probably unable to load!CModelRenderSystem::SetupFlashlightsAndDecals sorted model list count incorrect! A model was probably unable to load!CModelRenderSystem::SetupFlashlightsAndDecals sorted model list count incorrect! A model was probably unable to load!CModelRenderSystem::SetupFlashlightsAndDecals sorted model list count incorrect! A model was probably unable to load!CModelRenderSystem::SetupFlashlightsAndDecals sorted model list count incorrect! A model was probably unable to load!CModelRenderSystem::SetupFlashlightsAndDecals sorted model list count incorrect! A model was probably unable to load!CModelRenderSystem::SetupFlashlightsAndDecals sorted model list count incorrect! A model was probably unable to load!CModelRenderSystem::SetupFlashlightsAndDecals sorted model list count incorrect! A model was probably unable to load!CModelRenderSystem::SetupFlashlightsAndDecals sorted model list count incorrect! A model was probably unable to load!CModelRenderSystem::SetupFlashlightsAndDecals sorted model list count incorrect! A model was probably unable to load!CModelRenderSystem::SetupFlashlightsAndDecals sorted model list count incorrect! A model was probably unable to load!CModelRenderSystem::SetupFlashlightsAndDecals sorted model list count incorrect! A model was probably unable to load!CModelRenderSystem::SetupFlashlightsAndDecals sorted model list count incorrect! A model was probably unable to load!CModelRenderSystem::SetupFlashlightsAndDecals sorted model list count incorrect! A model was probably unable to load!CModelRenderSystem::SetupFlashlightsAndDecals sorted model list count incorrect! A model was probably unable to load!CModelRenderSystem::SetupFlashlightsAndDecals sorted model list count incorrect! A model was probably unable to load!CModelRenderSystem::SetupFlashlightsAndDecals sorted model list count incorrect! A model was probably unable to load!CModelRenderSystem::SetupFlashlightsAndDecals sorted model list count incorrect! A model was probably unable to load!CModelRenderSystem::SetupFlashlightsAndDecals sorted model list count incorrect! A model was probably unable to load!CModelRenderSystem::SetupFlashlightsAndDecals sorted model list count incorrect! A model was probably unable to load!CModelRenderSystem::SetupFlashlightsAndDecals sorted model list count incorrect! A model was probably unable to load!CModelRenderSystem::SetupFlashlightsAndDecals sorted model list count incorrect! A model was probably unable to load!CModelRenderSystem::SetupFlashlightsAndDecals sorted model list count incorrect! A model was probably unable to load!CModelRenderSystem::SetupFlashlightsAndDecals sorted model list count incorrect! A model was probably unable to load!CModelRenderSystem::SetupFlashlightsAndDecals sorted model list count incorrect! A model was probably unable to load!CModelRenderSystem::SetupFlashlightsAndDecals sorted model list count incorrect! A model was probably unable to load!CModelRenderSystem::SetupFlashlightsAndDecals sorted model list count incorrect! A model was probably unable to load!CModelRenderSystem::SetupFlashlightsAndDecals sorted model list count incorrect! A model was probably unable to load!CModelRenderSystem::SetupFlashlightsAndDecals sorted model list count incorrect! A model was probably unable to load!CModelRenderSystem::SetupFlashlightsAndDecals sorted model list count incorrect! A model was probably unable to load!CModelRenderSystem::SetupFlashlightsAndDecals sorted model list count incorrect! A model was probably unable to load!CModelRenderSystem::SetupFlashlightsAndDecals sorted model list count incorrect! A model was probably unable to load!CModelRenderSystem::SetupFlashlightsAndDecals sorted model list count incorrect! A model was probably unable to load!CModelRenderSystem::SetupFlashlightsAndDecals sorted model list count incorrect! A model was probably unable to load!CModelRenderSystem::SetupFlashlightsAndDecals sorted model list count incorrect! A model was probably unable to load!CModelRenderSystem::SetupFlashlightsAndDecals sorted model list count incorrect! A model was probably unable to load!CModelRenderSystem::SetupFlashlightsAndDecals sorted model list count incorrect! A model was probably unable to load!CModelRenderSystem::SetupFlashlightsAndDecals sorted model list count incorrect! A model was probably unable to load!CModelRenderSystem::SetupFlashlightsAndDecals sorted model list count incorrect! A model was probably unable to load!CModelRenderSystem::SetupFlashlightsAndDecals sorted model list count incorrect! A model was probably unable to load!CModelRenderSystem::SetupFlashlightsAndDecals sorted model list count incorrect! A model was probably unable to load!CModelRenderSystem::SetupFlashlightsAndDecals sorted model list count incorrect! A model was probably unable to load!CModelRenderSystem::SetupFlashlightsAndDecals sorted model list count incorrect! A model was probably unable to load!CModelRenderSystem::SetupFlashlightsAndDecals sorted model list count incorrect! A model was probably unable to load!CModelRenderSystem::SetupFlashlightsAndDecals sorted model list count incorrect! A model was probably unable to load!CModelRenderSystem::SetupFlashlightsAndDecals sorted model list count incorrect! A model was probably unable to load!CModelRenderSystem::SetupFlashlightsAndDecals sorted model list count incorrect! A model was probably unable to load!CModelRenderSystem::SetupFlashlightsAndDecals sorted model list count incorrect! A model was probably unable to load!CModelRenderSystem::SetupFlashlightsAndDecals sorted model list count incorrect! A model was probably unable to load!CModelRenderSystem::SetupFlashlightsAndDecals sorted model list count incorrect! A model was probably unable to load!CModelRenderSystem::SetupFlashlightsAndDecals sorted model list count incorrect! A model was probably unable to load!CModelRenderSystem::SetupFlashlightsAndDecals sorted model list count incorrect! A model was probably unable to load!CreateEvent: event 'portal_player_touchedground' not registered.
Dropped gustavo from server (Server shutting down)
Host_WriteConfiguration: Wrote cfg/config.cfg
Stopping All Sounds...
Stopping: Channel:64 player\fling_whoosh.wav
Stopping: Channel:69 weapons\portalgun\portal_ambient_loop1.wav
Stopping: Channel:65 vehicles\airboat\fan_blade_idle_loop1.wav
Stopping: Channel:66 vehicles\airboat\fan_blade_idle_loop1.wav
Stopping: Channel:72 ambient\gas\cannister_loop.wav
Stopping: Channel:68 weapons\portalgun\portal_ambient_loop1.wav
Stopping: Channel:71 ambient\gas\cannister_loop.wav
Queued Material System: DISABLED!
Datacenter::EnableUpdate( 0 ), current state = 0
Datacenter::RequestStop, time 18.80, state 0
Unable to remove c:\sourcecode\aperture-camera\game\valve\textwindow_temp.html!
Stopping All Sounds...
CreateEvent: event 'server_pre_shutdown' not registered.
CreateEvent: event 'server_shutdown' not registered.
Shutdown function ShutdownMixerControls() not in list!!!
NET_GetBindAddresses found 192.168.31.140: 'Realtek PCIe GbE Family Controller'
NET_GetBindAddresses found 26.133.72.161: 'Famatech Radmin VPN Ethernet Adapter'
NET_GetBindAddresses found 172.24.90.163: 'ZeroTier Virtual Port #2'
NET_GetBindAddresses found 10.147.17.76: 'ZeroTier Virtual Port #3'
NET_GetBindAddresses found 172.16.0.2: 'WireGuard Tunnel'
Network: IP 10.147.17.76, mode MP, dedicated No, ports 27015 SV / 27005 CL
Parent cvar in client.dll not allowed (rr_debugresponseconcept)
Parent cvar in client.dll not allowed (rr_dumpresponses)
Parent cvar in client.dll not allowed (rr_debugrule)
Parent cvar in client.dll not allowed (rr_debugresponses)
WARNING: unable to link rr_debugresponseconcept_exclude and rr_debugresponseconcept_exclude because one or more is a ConCommand.
Parent cvar in client.dll not allowed (movement_anim_playback_minrate)
WARNING: unable to link creditsdone and creditsdone because one or more is a ConCommand.
WARNING: unable to link rr_reloadresponsesystems and rr_reloadresponsesystems because one or more is a ConCommand.
KeyValues Error: RecursiveLoadFromBuffer:  got NULL key in file particles/particles_manifest.txt
particles_manifest, 
CParticleMgr::Init:  Manifest 'particles/particles_manifest.txt' with bogus file type 'file		', expecting 'file'
CParticleMgr::Init:  Manifest 'particles/particles_manifest.txt' with bogus file type '
}', expecting 'file'
CResponseSystem:  scripts\talker\response_rules.txt (2 rules, 2 criteria, and 2 responses)
maxplayers set to 1
We're happy and aperture_render_targets!Created Photo RT: _rt_LargePhoto
Created Photo RT: _rt_LargePhoto
Created Photo RT: _rt_LargePhoto
Missing cfg\cpu_level_2_pc.ekv
Missing cfg\gpu_level_3_pc.ekv
Missing cfg\mem_level_2_pc.ekv
Missing cfg\gpu_mem_level_2_pc.ekv
Running -nogameui mode, using client module instead of gameui
Steam config directory: C:\SourceCode\aperture-camera\game\platform\config
KeyValues Error: RecursiveLoadFromBuffer:  got NULL key in file particles/particles_manifest.txt
particles_manifest, 
CParticleMgr::Init:  Manifest 'particles/particles_manifest.txt' with bogus file type 'file		', expecting 'file'
CParticleMgr::Init:  Manifest 'particles/particles_manifest.txt' with bogus file type '
}', expecting 'file'
No split screen config file 'splitscreen_config.txt', using defaults
Missing cfg\cpu_level_2_pc.ekv
Missing cfg\gpu_level_3_pc.ekv
Missing cfg\mem_level_2_pc.ekv
Missing cfg\gpu_mem_level_2_pc.ekv
CGameEventManager::AddListener: event 'replay_status' unknown.
CGameEventManager::AddListener: event 'spec_target_updated' unknown.
KV Conditional: Unknown symbol OSX
KV Conditional: Unknown symbol OSX
"materials/_rt_largephoto1.vtf": can't be found on disk
"materials/_rt_largephoto2.vtf": can't be found on disk
"materials/_rt_largephoto3.vtf": can't be found on disk
Hud element 'CHudControlHelper' doesn't have an entry 'HudControlHelper' in scripts/HudLayout.res
Hud element 'CHudIndicator' doesn't have an entry 'HudIndicator' in scripts/HudLayout.res
Hud element 'CHudViewfinder' doesn't have an entry 'HudViewfinder' in scripts/HudLayout.res
Hud element 'CHudPhotoInventory' doesn't have an entry 'HudPhotoInventory' in scripts/HudLayout.res
Hud element 'CHudPhotoFlash' doesn't have an entry 'HudPhotoInventory' in scripts/HudLayout.res
CResponseSystem:  scripts\talker\response_rules.txt (2 rules, 2 criteria, and 2 responses)
cc_lang = 
Missing cfg\cpu_level_2_pc.ekv
Missing cfg\gpu_level_3_pc.ekv
Missing cfg\mem_level_2_pc.ekv
Missing cfg\gpu_mem_level_2_pc.ekv
Sound Initialization: Start
DS:stereo speaker configuration detected
Set primary sound buffer format: yes
Using secondary sound buffer
   2 channel(s)
   16 bits/sample
   44100 samples/sec
DirectSound initialized
Stopping All Sounds...
Trying cache :  'c:/sourcecode/aperture-camera/game/valve/maps/soundcache/_master.cache'
Successfully loaded audio cache file
Sound Initialization: Finish, Sampling Rate: 44100
cc_lang = 
Legacy Surround disabled.
Stopping All Sounds...
Sound Initialization: Start
DS:stereo speaker configuration detected
Set primary sound buffer format: yes
Using secondary sound buffer
   2 channel(s)
   16 bits/sample
   44100 samples/sec
DirectSound initialized
Stopping All Sounds...
Trying cache :  'c:/sourcecode/aperture-camera/game/valve/maps/soundcache/_master.cache'
Successfully loaded audio cache file
Sound Initialization: Finish, Sampling Rate: 44100
Datacenter::RequestStart, time 1.68
Datacenter::RequestStop, time 1.69, state 1
Datacenter::RequestUpdate failed
Stopping All Sounds...
Stopping All Sounds...
---- Host_NewGame ----
Network: IP 10.147.17.76, mode SP, dedicated No, ports 0 SV / 0 CL
Network: IP 10.147.17.76, mode MP, dedicated No, ports 27015 SV / 27005 CL
#######################################
Map testroom_aperture missing stringtable dictionary, don't ship this way!!!
#######################################
Host_NewGame on map testroom_aperture
Set Gravity 600.0 (0.250 tolerance)
PrecacheScriptSound 'default.null' failed, no such sound script entry
weapons/v_portalgun.mdl : material "models/weapons/v_models/v_portalgun/v_hands" not found.
CreateEvent: event 'picked_up_paint' not registered.
PrecacheScriptSound 'Paintgun.FireLoop' failed, no such sound script entry
Direct precache of vehicles/airboat/pontoon_fast_water_loop2.wav
Error Index File for 'weapons\w_cam.mdl' checksum 1322159438 should be 2037782653
Warning:  Can't add NULL string to table EffectDispatch
Failed to load models/weapons/v_cam.mdl!
Warning:  Can't add NULL string to table EffectDispatch
Error: Material "models/items/photo_capture01" : proxy "PhotoMaterial" not found!
"materials/null.vtf": can't be found on disk
Error reading weapon data file for: weapon_hopwire
Warning:  Can't add NULL string to table EffectDispatch
Warning:  Can't add NULL string to table EffectDispatch
Warning:  Can't add NULL string to table EffectDispatch
Warning:  Can't add NULL string to table EffectDispatch
Warning:  Can't add NULL string to table EffectDispatch
Warning:  Can't add NULL string to table EffectDispatch
Warning:  Can't add NULL string to table EffectDispatch
Warning:  Can't add NULL string to table EffectDispatch
Warning:  Can't add NULL string to table EffectDispatch
Warning:  Can't add NULL string to table EffectDispatch
Warning:  Can't add NULL string to table EffectDispatch
Warning:  Can't add NULL string to table EffectDispatch
Warning:  Can't add NULL string to table EffectDispatch
Script not found (scripts/vscripts/mapspawn.nut) 
Failed to CRC cfg/cpu_level_0_pc.ekv
Failed to CRC cfg/cpu_level_0_pc_ss.ekv
Failed to CRC cfg/cpu_level_1_pc.ekv
Failed to CRC cfg/cpu_level_1_pc_ss.ekv
Failed to CRC cfg/cpu_level_2_pc.ekv
Failed to CRC cfg/cpu_level_2_pc_ss.ekv
Failed to CRC cfg/gpu_level_0_pc.ekv
Failed to CRC cfg/gpu_level_1_pc.ekv
Failed to CRC cfg/gpu_level_2_pc.ekv
Failed to CRC cfg/gpu_level_3_pc.ekv
Failed to CRC cfg/mem_level_0_pc.ekv
Failed to CRC cfg/mem_level_1_pc.ekv
Failed to CRC cfg/mem_level_2_pc.ekv
Failed to CRC cfg/gpu_mem_level_0_pc.ekv
Failed to CRC cfg/gpu_mem_level_1_pc.ekv
Failed to CRC cfg/gpu_mem_level_2_pc.ekv
Failed to CRC scripts/asw_weapon_ammo_bag.txt
Failed to CRC scripts/asw_weapon_ammo_satchel.txt
Failed to CRC scripts/asw_weapon_autogun.txt
Failed to CRC scripts/asw_weapon_blink.txt
Failed to CRC scripts/asw_weapon_buff_grenade.txt
Failed to CRC scripts/asw_weapon_chainsaw.txt
Failed to CRC scripts/asw_weapon_electrified_armor.txt
Failed to CRC scripts/asw_weapon_fire_extinguisher.txt
Failed to CRC scripts/asw_weapon_fist.txt
Failed to CRC scripts/asw_weapon_flamer.txt
Failed to CRC scripts/asw_weapon_flares.txt
Failed to CRC scripts/asw_weapon_flashlight.txt
Failed to CRC scripts/asw_weapon_freeze_grenades.txt
Failed to CRC scripts/asw_weapon_grenades.txt
Failed to CRC scripts/asw_weapon_grenade_launcher.txt
Failed to CRC scripts/asw_weapon_heal_grenade.txt
Failed to CRC scripts/asw_weapon_heal_gun.txt
Failed to CRC scripts/asw_weapon_hornet_barrage.txt
Failed to CRC scripts/asw_weapon_jump_jet.txt
Failed to CRC scripts/asw_weapon_laser_mines.txt
Failed to CRC scripts/asw_weapon_medical_satchel.txt
Failed to CRC scripts/asw_weapon_medkit.txt
Failed to CRC scripts/asw_weapon_mines.txt
Failed to CRC scripts/asw_weapon_minigun.txt
Failed to CRC scripts/asw_weapon_mining_laser.txt
Failed to CRC scripts/asw_weapon_night_vision.txt
Failed to CRC scripts/asw_weapon_normal_armor.txt
Failed to CRC scripts/asw_weapon_pdw.txt
Failed to CRC scripts/asw_weapon_pistol.txt
Failed to CRC scripts/asw_weapon_prifle.txt
Failed to CRC scripts/asw_weapon_railgun.txt
Failed to CRC scripts/asw_weapon_rifle.txt
Failed to CRC scripts/asw_weapon_sentry.txt
Failed to CRC scripts/asw_weapon_sentry_cannon.txt
Failed to CRC scripts/asw_weapon_sentry_flamer.txt
Failed to CRC scripts/asw_weapon_sentry_freeze.txt
Failed to CRC scripts/asw_weapon_shotgun.txt
Failed to CRC scripts/asw_weapon_smart_bomb.txt
Failed to CRC scripts/asw_weapon_sniper_rifle.txt
Failed to CRC scripts/asw_weapon_stim.txt
Failed to CRC scripts/asw_weapon_tesla_gun.txt
Failed to CRC scripts/asw_weapon_tesla_trap.txt
Failed to CRC scripts/asw_weapon_vindicator.txt
Failed to CRC scripts/asw_weapon_welder.txt
Attempted to create unknown entity type prop_portal_linked_door!
Can't init prop_portal_linked_door
Attempted to create unknown entity type prop_portal_linked_door!
Can't init prop_portal_linked_door
props_farm\mousetrap.mdl : material "models/props_farm/mousetrap001" not found.
PrecacheScriptSound 'NPC_Android.Pain' failed, no such sound script entry
Attempted to create unknown entity type _squashed_zombie!
NULL Ent in UTIL_PrecacheOther
PrecacheScriptSound 'AndroidDispenser.Blocked' failed, no such sound script entry
PrecacheScriptSound 'AndroidDispenser.Dispense' failed, no such sound script entry
prop_dynamic at -872 0 128 uses model models/props_c17/furnituretable002a.mdl, which has propdata which means that it be used on a prop_physics. DELETED.
"materials/models/bot_fem/bot_male_exponent.vtf": can't be found on disk
npcs/hover_turret.mdl : material "models/props_bts/glados_ball_01" not found.
npcs/hover_turret.mdl : material "models/props_bts/glados_ball_02" not found.
npcs/hover_turret.mdl : material "models/props_bts/glados_ball_03" not found.
npcs/hover_turret.mdl : material "models/props_bts/glados_ball_04" not found.
Invalid file size for motd.txt
Invalid file size for host.txt
Created class baseline: 21 classes, 3088 bytes.
Heartbeat is disabled (usually developer or cheats is on).
m_eServerMode pre = 0
m_eServerMode post = 2
************************************************
*  Unable to load Steam support library.       *
*  This server will operate in LAN mode only.  *
************************************************
Heartbeat is disabled (usually developer or cheats is on).
Stopping All Sounds...
1.000:  Sending UDP connect to public IP 127.0.0.1:27015
Server using '<none>' lobbies, requiring pw no, lobby id 0
RememberIPAddressForLobby: lobby 0 from address loopback

Portal
Map: testroom_aperture
Players: 1 (0 bots) / 1 humans
Build: 6653
Server Number: 1

material "particle/particle_glow_05_add_15ob" not found.
Attempted to precache unknown particle system "portal_dematerialize"!
Attempted to precache unknown particle system "portal_rematerialize"!
Attempted to precache unknown particle system "zombie_stomp_heavy"!
Attempted to precache unknown particle system "GrubBlood"!
Attempted to precache unknown particle system "fizzler_field"!
Attempted to precache unknown particle system "fizzler_field_scalable"!
material "overlays/coop_ping_decal" not found.
material "effects/huntertracer" not found.
Attempted to precache unknown particle system "rain_storm"!
Attempted to precache unknown particle system "rain_storm"!
Attempted to precache unknown particle system "rain_storm_screen"!
Attempted to precache unknown particle system "rain_storm_screen"!
Attempted to precache unknown particle system "rain_storm_outer"!
Attempted to precache unknown particle system "rain_storm_outer"!
Attempted to precache unknown particle system "rain"!
Attempted to precache unknown particle system "rain"!
Attempted to precache unknown particle system "rain_outer"!
Attempted to precache unknown particle system "rain_outer"!
Attempted to precache unknown particle system "ash"!
Attempted to precache unknown particle system "ash"!
Attempted to precache unknown particle system "ash_outer"!
Attempted to precache unknown particle system "ash_outer"!
Attempted to precache unknown particle system "snow"!
Attempted to precache unknown particle system "snow"!
Attempted to precache unknown particle system "snow_outer"!
Attempted to precache unknown particle system "snow_outer"!
Attempted to precache unknown particle system "rtube_muzzle"!
Attempted to precache unknown particle system "rtube_muzzle"!
Attempted to precache unknown particle system "paint_hose"!
Attempted to precache unknown particle system "paint_hose"!
material "photos/photo_background" not found.
material "photos/photo_foreground" not found.
Script not found (scripts/vscripts/mapspawn.nut) 
Sending full update to Client gustavo (gustavo can't find frame from tick -1)
Receiving uncompressed update from server
Set Gravity 600.0 (0.250 tolerance)
Queued Material System: ENABLED!
DEBUG HISTORY IS ENABLED. Disable before release (in env_debughistory.h).
CreateEvent: event 'portal_player_touchedground' not registered.
material "" not found.
Attempting to create unknown particle system 'fizzler_field_scalable' 
Attempting to create unknown particle system 'fizzler_field' 
Attempting to create unknown particle system 'fizzler_field' 
Attempting to create unknown particle system 'fizzler_field_scalable' 
Redownloading all lightmaps
R_RedownloadAllLightmaps took 3.605 msec!
CModelRenderSystem::SetupFlashlightsAndDecals sorted model list count incorrect! A model was probably unable to load!CModelRenderSystem::SetupFlashlightsAndDecals sorted model list count incorrect! A model was probably unable to load!CModelRenderSystem::SetupFlashlightsAndDecals sorted model list count incorrect! A model was probably unable to load!CModelRenderSystem::SetupFlashlightsAndDecals sorted model list count incorrect! A model was probably unable to load!CModelRenderSystem::SetupFlashlightsAndDecals sorted model list count incorrect! A model was probably unable to load!CModelRenderSystem::SetupFlashlightsAndDecals sorted model list count incorrect! A model was probably unable to load!CModelRenderSystem::SetupFlashlightsAndDecals sorted model list count incorrect! A model was probably unable to load!CModelRenderSystem::SetupFlashlightsAndDecals sorted model list count incorrect! A model was probably unable to load!CModelRenderSystem::SetupFlashlightsAndDecals sorted model list count incorrect! A model was probably unable to load!CModelRenderSystem::SetupFlashlightsAndDecals sorted model list count incorrect! A model was probably unable to load!CModelRenderSystem::SetupFlashlightsAndDecals sorted model list count incorrect! A model was probably unable to load!CModelRenderSystem::SetupFlashlightsAndDecals sorted model list count incorrect! A model was probably unable to load!CModelRenderSystem::SetupFlashlightsAndDecals sorted model list count incorrect! A model was probably unable to load!CModelRenderSystem::SetupFlashlightsAndDecals sorted model list count incorrect! A model was probably unable to load!CModelRenderSystem::SetupFlashlightsAndDecals sorted model list count incorrect! A model was probably unable to load!CModelRenderSystem::SetupFlashlightsAndDecals sorted model list count incorrect! A model was probably unable to load!CModelRenderSystem::SetupFlashlightsAndDecals sorted model list count incorrect! A model was probably unable to load!CModelRenderSystem::SetupFlashlightsAndDecals sorted model list count incorrect! A model was probably unable to load!CModelRenderSystem::SetupFlashlightsAndDecals sorted model list count incorrect! A model was probably unable to load!CModelRenderSystem::SetupFlashlightsAndDecals sorted model list count incorrect! A model was probably unable to load!CModelRenderSystem::SetupFlashlightsAndDecals sorted model list count incorrect! A model was probably unable to load!CModelRenderSystem::SetupFlashlightsAndDecals sorted model list count incorrect! A model was probably unable to load!CModelRenderSystem::SetupFlashlightsAndDecals sorted model list count incorrect! A model was probably unable to load!CModelRenderSystem::SetupFlashlightsAndDecals sorted model list count incorrect! A model was probably unable to load!CModelRenderSystem::SetupFlashlightsAndDecals sorted model list count incorrect! A model was probably unable to load!CModelRenderSystem::SetupFlashlightsAndDecals sorted model list count incorrect! A model was probably unable to load!CModelRenderSystem::SetupFlashlightsAndDecals sorted model list count incorrect! A model was probably unable to load!CModelRenderSystem::SetupFlashlightsAndDecals sorted model list count incorrect! A model was probably unable to load!CModelRenderSystem::SetupFlashlightsAndDecals sorted model list count incorrect! A model was probably unable to load!CModelRenderSystem::SetupFlashlightsAndDecals sorted model list count incorrect! A model was probably unable to load!CModelRenderSystem::SetupFlashlightsAndDecals sorted model list count incorrect! A model was probably unable to load!CModelRenderSystem::SetupFlashlightsAndDecals sorted model list count incorrect! A model was probably unable to load!CModelRenderSystem::SetupFlashlightsAndDecals sorted model list count incorrect! A model was probably unable to load!CModelRenderSystem::SetupFlashlightsAndDecals sorted model list count incorrect! A model was probably unable to load!CModelRenderSystem::SetupFlashlightsAndDecals sorted model list count incorrect! A model was probably unable to load!CModelRenderSystem::SetupFlashlightsAndDecals sorted model list count incorrect! A model was probably unable to load!CModelRenderSystem::SetupFlashlightsAndDecals sorted model list count incorrect! A model was probably unable to load!CModelRenderSystem::SetupFlashlightsAndDecals sorted model list count incorrect! A model was probably unable to load!CModelRenderSystem::SetupFlashlightsAndDecals sorted model list count incorrect! A model was probably unable to load!CModelRenderSystem::SetupFlashlightsAndDecals sorted model list count incorrect! A model was probably unable to load!CModelRenderSystem::SetupFlashlightsAndDecals sorted model list count incorrect! A model was probably unable to load!CModelRenderSystem::SetupFlashlightsAndDecals sorted model list count incorrect! A model was probably unable to load!CModelRenderSystem::SetupFlashlightsAndDecals sorted model list count incorrect! A model was probably unable to load!CModelRenderSystem::SetupFlashlightsAndDecals sorted model list count incorrect! A model was probably unable to load!CModelRenderSystem::SetupFlashlightsAndDecals sorted model list count incorrect! A model was probably unable to load!CModelRenderSystem::SetupFlashlightsAndDecals sorted model list count incorrect! A model was probably unable to load!CModelRenderSystem::SetupFlashlightsAndDecals sorted model list count incorrect! A model was probably unable to load!CModelRenderSystem::SetupFlashlightsAndDecals sorted model list count incorrect! A model was probably unable to load!CModelRenderSystem::SetupFlashlightsAndDecals sorted model list count incorrect! A model was probably unable to load!CModelRenderSystem::SetupFlashlightsAndDecals sorted model list count incorrect! A model was probably unable to load!CModelRenderSystem::SetupFlashlightsAndDecals sorted model list count incorrect! A model was probably unable to load!CModelRenderSystem::SetupFlashlightsAndDecals sorted model list count incorrect! A model was probably unable to load!CModelRenderSystem::SetupFlashlightsAndDecals sorted model list count incorrect! A model was probably unable to load!CModelRenderSystem::SetupFlashlightsAndDecals sorted model list count incorrect! A model was probably unable to load!CModelRenderSystem::SetupFlashlightsAndDecals sorted model list count incorrect! A model was probably unable to load!CModelRenderSystem::SetupFlashlightsAndDecals sorted model list count incorrect! A model was probably unable to load!CModelRenderSystem::SetupFlashlightsAndDecals sorted model list count incorrect! A model was probably unable to load!CModelRenderSystem::SetupFlashlightsAndDecals sorted model list count incorrect! A model was probably unable to load!CModelRenderSystem::SetupFlashlightsAndDecals sorted model list count incorrect! A model was probably unable to load!CModelRenderSystem::SetupFlashlightsAndDecals sorted model list count incorrect! A model was probably unable to load!CModelRenderSystem::SetupFlashlightsAndDecals sorted model list count incorrect! A model was probably unable to load!CModelRenderSystem::SetupFlashlightsAndDecals sorted model list count incorrect! A model was probably unable to load!CModelRenderSystem::SetupFlashlightsAndDecals sorted model list count incorrect! A model was probably unable to load!CModelRenderSystem::SetupFlashlightsAndDecals sorted model list count incorrect! A model was probably unable to load!CModelRenderSystem::SetupFlashlightsAndDecals sorted model list count incorrect! A model was probably unable to load!CModelRenderSystem::SetupFlashlightsAndDecals sorted model list count incorrect! A model was probably unable to load!CModelRenderSystem::SetupFlashlightsAndDecals sorted model list count incorrect! A model was probably unable to load!CModelRenderSystem::SetupFlashlightsAndDecals sorted model list count incorrect! A model was probably unable to load!CModelRenderSystem::SetupFlashlightsAndDecals sorted model list count incorrect! A model was probably unable to load!CModelRenderSystem::SetupFlashlightsAndDecals sorted model list count incorrect! A model was probably unable to load!CModelRenderSystem::SetupFlashlightsAndDecals sorted model list count incorrect! A model was probably unable to load!CModelRenderSystem::SetupFlashlightsAndDecals sorted model list count incorrect! A model was probably unable to load!CModelRenderSystem::SetupFlashlightsAndDecals sorted model list count incorrect! A model was probably unable to load!CModelRenderSystem::SetupFlashlightsAndDecals sorted model list count incorrect! A model was probably unable to load!CModelRenderSystem::SetupFlashlightsAndDecals sorted model list count incorrect! A model was probably unable to load!CModelRenderSystem::SetupFlashlightsAndDecals sorted model list count incorrect! A model was probably unable to load!CModelRenderSystem::SetupFlashlightsAndDecals sorted model list count incorrect! A model was probably unable to load!CModelRenderSystem::SetupFlashlightsAndDecals sorted model list count incorrect! A model was probably unable to load!CModelRenderSystem::SetupFlashlightsAndDecals sorted model list count incorrect! A model was probably unable to load!CModelRenderSystem::SetupFlashlightsAndDecals sorted model list count incorrect! A model was probably unable to load!CModelRenderSystem::SetupFlashlightsAndDecals sorted model list count incorrect! A model was probably unable to load!CModelRenderSystem::SetupFlashlightsAndDecals sorted model list count incorrect! A model was probably unable to load!CModelRenderSystem::SetupFlashlightsAndDecals sorted model list count incorrect! A model was probably unable to load!CModelRenderSystem::SetupFlashlightsAndDecals sorted model list count incorrect! A model was probably unable to load!CModelRenderSystem::SetupFlashlightsAndDecals sorted model list count incorrect! A model was probably unable to load!CModelRenderSystem::SetupFlashlightsAndDecals sorted model list count incorrect! A model was probably unable to load!CModelRenderSystem::SetupFlashlightsAndDecals sorted model list count incorrect! A model was probably unable to load!CModelRenderSystem::SetupFlashlightsAndDecals sorted model list count incorrect! A model was probably unable to load!CModelRenderSystem::SetupFlashlightsAndDecals sorted model list count incorrect! A model was probably unable to load!CModelRenderSystem::SetupFlashlightsAndDecals sorted model list count incorrect! A model was probably unable to load!CModelRenderSystem::SetupFlashlightsAndDecals sorted model list count incorrect! A model was probably unable to load!CModelRenderSystem::SetupFlashlightsAndDecals sorted model list count incorrect! A model was probably unable to load!CModelRenderSystem::SetupFlashlightsAndDecals sorted model list count incorrect! A model was probably unable to load!CModelRenderSystem::SetupFlashlightsAndDecals sorted model list count incorrect! A model was probably unable to load!CModelRenderSystem::SetupFlashlightsAndDecals sorted model list count incorrect! A model was probably unable to load!CModelRenderSystem::SetupFlashlightsAndDecals sorted model list count incorrect! A model was probably unable to load!CModelRenderSystem::SetupFlashlightsAndDecals sorted model list count incorrect! A model was probably unable to load!CModelRenderSystem::SetupFlashlightsAndDecals sorted model list count incorrect! A model was probably unable to load!CModelRenderSystem::SetupFlashlightsAndDecals sorted model list count incorrect! A model was probably unable to load!CModelRenderSystem::SetupFlashlightsAndDecals sorted model list count incorrect! A model was probably unable to load!CModelRenderSystem::SetupFlashlightsAndDecals sorted model list count incorrect! A model was probably unable to load!CModelRenderSystem::SetupFlashlightsAndDecals sorted model list count incorrect! A model was probably unable to load!CModelRenderSystem::SetupFlashlightsAndDecals sorted model list count incorrect! A model was probably unable to load!CModelRenderSystem::SetupFlashlightsAndDecals sorted model list count incorrect! A model was probably unable to load!CModelRenderSystem::SetupFlashlightsAndDecals sorted model list count incorrect! A model was probably unable to load!CModelRenderSystem::SetupFlashlightsAndDecals sorted model list count incorrect! A model was probably unable to load!CModelRenderSystem::SetupFlashlightsAndDecals sorted model list count incorrect! A model was probably unable to load!CModelRenderSystem::SetupFlashlightsAndDecals sorted model list count incorrect! A model was probably unable to load!CModelRenderSystem::SetupFlashlightsAndDecals sorted model list count incorrect! A model was probably unable to load!CModelRenderSystem::SetupFlashlightsAndDecals sorted model list count incorrect! A model was probably unable to load!CModelRenderSystem::SetupFlashlightsAndDecals sorted model list count incorrect! A model was probably unable to load!CModelRenderSystem::SetupFlashlightsAndDecals sorted model list count incorrect! A model was probably unable to load!CModelRenderSystem::SetupFlashlightsAndDecals sorted model list count incorrect! A model was probably unable to load!CModelRenderSystem::SetupFlashlightsAndDecals sorted model list count incorrect! A model was probably unable to load!CModelRenderSystem::SetupFlashlightsAndDecals sorted model list count incorrect! A model was probably unable to load!CModelRenderSystem::SetupFlashlightsAndDecals sorted model list count incorrect! A model was probably unable to load!CModelRenderSystem::SetupFlashlightsAndDecals sorted model list count incorrect! A model was probably unable to load!CModelRenderSystem::SetupFlashlightsAndDecals sorted model list count incorrect! A model was probably unable to load!CModelRenderSystem::SetupFlashlightsAndDecals sorted model list count incorrect! A model was probably unable to load!CModelRenderSystem::SetupFlashlightsAndDecals sorted model list count incorrect! A model was probably unable to load!CModelRenderSystem::SetupFlashlightsAndDecals sorted model list count incorrect! A model was probably unable to load!CModelRenderSystem::SetupFlashlightsAndDecals sorted model list count incorrect! A model was probably unable to load!CModelRenderSystem::SetupFlashlightsAndDecals sorted model list count incorrect! A model was probably unable to load!CModelRenderSystem::SetupFlashlightsAndDecals sorted model list count incorrect! A model was probably unable to load!CModelRenderSystem::SetupFlashlightsAndDecals sorted model list count incorrect! A model was probably unable to load!CModelRenderSystem::SetupFlashlightsAndDecals sorted model list count incorrect! A model was probably unable to load!CModelRenderSystem::SetupFlashlightsAndDecals sorted model list count incorrect! A model was probably unable to load!CModelRenderSystem::SetupFlashlightsAndDecals sorted model list count incorrect! A model was probably unable to load!CModelRenderSystem::SetupFlashlightsAndDecals sorted model list count incorrect! A model was probably unable to load!CModelRenderSystem::SetupFlashlightsAndDecals sorted model list count incorrect! A model was probably unable to load!CModelRenderSystem::SetupFlashlightsAndDecals sorted model list count incorrect! A model was probably unable to load!CModelRenderSystem::SetupFlashlightsAndDecals sorted model list count incorrect! A model was probably unable to load!CModelRenderSystem::SetupFlashlightsAndDecals sorted model list count incorrect! A model was probably unable to load!CModelRenderSystem::SetupFlashlightsAndDecals sorted model list count incorrect! A model was probably unable to load!CModelRenderSystem::SetupFlashlightsAndDecals sorted model list count incorrect! A model was probably unable to load!CModelRenderSystem::SetupFlashlightsAndDecals sorted model list count incorrect! A model was probably unable to load!CModelRenderSystem::SetupFlashlightsAndDecals sorted model list count incorrect! A model was probably unable to load!CModelRenderSystem::SetupFlashlightsAndDecals sorted model list count incorrect! A model was probably unable to load!CModelRenderSystem::SetupFlashlightsAndDecals sorted model list count incorrect! A model was probably unable to load!CModelRenderSystem::SetupFlashlightsAndDecals sorted model list count incorrect! A model was probably unable to load!CModelRenderSystem::SetupFlashlightsAndDecals sorted model list count incorrect! A model was probably unable to load!CModelRenderSystem::SetupFlashlightsAndDecals sorted model list count incorrect! A model was probably unable to load!CModelRenderSystem::SetupFlashlightsAndDecals sorted model list count incorrect! A model was probably unable to load!CModelRenderSystem::SetupFlashlightsAndDecals sorted model list count incorrect! A model was probably unable to load!CModelRenderSystem::SetupFlashlightsAndDecals sorted model list count incorrect! A model was probably unable to load!CModelRenderSystem::SetupFlashlightsAndDecals sorted model list count incorrect! A model was probably unable to load!CModelRenderSystem::SetupFlashlightsAndDecals sorted model list count incorrect! A model was probably unable to load!CModelRenderSystem::SetupFlashlightsAndDecals sorted model list count incorrect! A model was probably unable to load!CModelRenderSystem::SetupFlashlightsAndDecals sorted model list count incorrect! A model was probably unable to load!CModelRenderSystem::SetupFlashlightsAndDecals sorted model list count incorrect! A model was probably unable to load!CModelRenderSystem::SetupFlashlightsAndDecals sorted model list count incorrect! A model was probably unable to load!CModelRenderSystem::SetupFlashlightsAndDecals sorted model list count incorrect! A model was probably unable to load!CModelRenderSystem::SetupFlashlightsAndDecals sorted model list count incorrect! A model was probably unable to load!CModelRenderSystem::SetupFlashlightsAndDecals sorted model list count incorrect! A model was probably unable to load!CModelRenderSystem::SetupFlashlightsAndDecals sorted model list count incorrect! A model was probably unable to load!CModelRenderSystem::SetupFlashlightsAndDecals sorted model list count incorrect! A model was probably unable to load!CModelRenderSystem::SetupFlashlightsAndDecals sorted model list count incorrect! A model was probably unable to load!CModelRenderSystem::SetupFlashlightsAndDecals sorted model list count incorrect! A model was probably unable to load!CModelRenderSystem::SetupFlashlightsAndDecals sorted model list count incorrect! A model was probably unable to load!CModelRenderSystem::SetupFlashlightsAndDecals sorted model list count incorrect! A model was probably unable to load!CModelRenderSystem::SetupFlashlightsAndDecals sorted model list count incorrect! A model was probably unable to load!CModelRenderSystem::SetupFlashlightsAndDecals sorted model list count incorrect! A model was probably unable to load!CModelRenderSystem::SetupFlashlightsAndDecals sorted model list count incorrect! A model was probably unable to load!CModelRenderSystem::SetupFlashlightsAndDecals sorted model list count incorrect! A model was probably unable to load!CModelRenderSystem::SetupFlashlightsAndDecals sorted model list count incorrect! A model was probably unable to load!CModelRenderSystem::SetupFlashlightsAndDecals sorted model list count incorrect! A model was probably unable to load!CModelRenderSystem::SetupFlashlightsAndDecals sorted model list count incorrect! A model was probably unable to load!CModelRenderSystem::SetupFlashlightsAndDecals sorted model list count incorrect! A model was probably unable to load!CModelRenderSystem::SetupFlashlightsAndDecals sorted model list count incorrect! A model was probably unable to load!CModelRenderSystem::SetupFlashlightsAndDecals sorted model list count incorrect! A model was probably unable to load!CModelRenderSystem::SetupFlashlightsAndDecals sorted model list count incorrect! A model was probably unable to load!CModelRenderSystem::SetupFlashlightsAndDecals sorted model list count incorrect! A model was probably unable to load!CModelRenderSystem::SetupFlashlightsAndDecals sorted model list count incorrect! A model was probably unable to load!CModelRenderSystem::SetupFlashlightsAndDecals sorted model list count incorrect! A model was probably unable to load!CModelRenderSystem::SetupFlashlightsAndDecals sorted model list count incorrect! A model was probably unable to load!CModelRenderSystem::SetupFlashlightsAndDecals sorted model list count incorrect! A model was probably unable to load!CModelRenderSystem::SetupFlashlightsAndDecals sorted model list count incorrect! A model was probably unable to load!CModelRenderSystem::SetupFlashlightsAndDecals sorted model list count incorrect! A model was probably unable to load!CModelRenderSystem::SetupFlashlightsAndDecals sorted model list count incorrect! A model was probably unable to load!CModelRenderSystem::SetupFlashlightsAndDecals sorted model list count incorrect! A model was probably unable to load!CModelRenderSystem::SetupFlashlightsAndDecals sorted model list count incorrect! A model was probably unable to load!CModelRenderSystem::SetupFlashlightsAndDecals sorted model list count incorrect! A model was probably unable to load!CModelRenderSystem::SetupFlashlightsAndDecals sorted model list count incorrect! A model was probably unable to load!CModelRenderSystem::SetupFlashlightsAndDecals sorted model list count incorrect! A model was probably unable to load!CModelRenderSystem::SetupFlashlightsAndDecals sorted model list count incorrect! A model was probably unable to load!CModelRenderSystem::SetupFlashlightsAndDecals sorted model list count incorrect! A model was probably unable to load!CModelRenderSystem::SetupFlashlightsAndDecals sorted model list count incorrect! A model was probably unable to load!CModelRenderSystem::SetupFlashlightsAndDecals sorted model list count incorrect! A model was probably unable to load!CModelRenderSystem::SetupFlashlightsAndDecals sorted model list count incorrect! A model was probably unable to load!CModelRenderSystem::SetupFlashlightsAndDecals sorted model list count incorrect! A model was probably unable to load!CModelRenderSystem::SetupFlashlightsAndDecals sorted model list count incorrect! A model was probably unable to load!CModelRenderSystem::SetupFlashlightsAndDecals sorted model list count incorrect! A model was probably unable to load!CModelRenderSystem::SetupFlashlightsAndDecals sorted model list count incorrect! A model was probably unable to load!CModelRenderSystem::SetupFlashlightsAndDecals sorted model list count incorrect! A model was probably unable to load!CModelRenderSystem::SetupFlashlightsAndDecals sorted model list count incorrect! A model was probably unable to load!CModelRenderSystem::SetupFlashlightsAndDecals sorted model list count incorrect! A model was probably unable to load!CModelRenderSystem::SetupFlashlightsAndDecals sorted model list count incorrect! A model was probably unable to load!CModelRenderSystem::SetupFlashlightsAndDecals sorted model list count incorrect! A model was probably unable to load!CModelRenderSystem::SetupFlashlightsAndDecals sorted model list count incorrect! A model was probably unable to load!CModelRenderSystem::SetupFlashlightsAndDecals sorted model list count incorrect! A model was probably unable to load!CModelRenderSystem::SetupFlashlightsAndDecals sorted model list count incorrect! A model was probably unable to load!CModelRenderSystem::SetupFlashlightsAndDecals sorted model list count incorrect! A model was probably unable to load!CModelRenderSystem::SetupFlashlightsAndDecals sorted model list count incorrect! A model was probably unable to load!CModelRenderSystem::SetupFlashlightsAndDecals sorted model list count incorrect! A model was probably unable to load!CModelRenderSystem::SetupFlashlightsAndDecals sorted model list count incorrect! A model was probably unable to load!CModelRenderSystem::SetupFlashlightsAndDecals sorted model list count incorrect! A model was probably unable to load!CModelRenderSystem::SetupFlashlightsAndDecals sorted model list count incorrect! A model was probably unable to load!CModelRenderSystem::SetupFlashlightsAndDecals sorted model list count incorrect! A model was probably unable to load!CModelRenderSystem::SetupFlashlightsAndDecals sorted model list count incorrect! A model was probably unable to load!CModelRenderSystem::SetupFlashlightsAndDecals sorted model list count incorrect! A model was probably unable to load!CModelRenderSystem::SetupFlashlightsAndDecals sorted model list count incorrect! A model was probably unable to load!CModelRenderSystem::SetupFlashlightsAndDecals sorted model list count incorrect! A model was probably unable to load!CModelRenderSystem::SetupFlashlightsAndDecals sorted model list count incorrect! A model was probably unable to load!CModelRenderSystem::SetupFlashlightsAndDecals sorted model list count incorrect! A model was probably unable to load!CModelRenderSystem::SetupFlashlightsAndDecals sorted model list count incorrect! A model was probably unable to load!CModelRenderSystem::SetupFlashlightsAndDecals sorted model list count incorrect! A model was probably unable to load!CModelRenderSystem::SetupFlashlightsAndDecals sorted model list count incorrect! A model was probably unable to load!CModelRenderSystem::SetupFlashlightsAndDecals sorted model list count incorrect! A model was probably unable to load!CModelRenderSystem::SetupFlashlightsAndDecals sorted model list count incorrect! A model was probably unable to load!CModelRenderSystem::SetupFlashlightsAndDecals sorted model list count incorrect! A model was probably unable to load!CModelRenderSystem::SetupFlashlightsAndDecals sorted model list count incorrect! A model was probably unable to load!CModelRenderSystem::SetupFlashlightsAndDecals sorted model list count incorrect! A model was probably unable to load!CModelRenderSystem::SetupFlashlightsAndDecals sorted model list count incorrect! A model was probably unable to load!CModelRenderSystem::SetupFlashlightsAndDecals sorted model list count incorrect! A model was probably unable to load!CModelRenderSystem::SetupFlashlightsAndDecals sorted model list count incorrect! A model was probably unable to load!CModelRenderSystem::SetupFlashlightsAndDecals sorted model list count incorrect! A model was probably unable to load!CModelRenderSystem::SetupFlashlightsAndDecals sorted model list count incorrect! A model was probably unable to load!CModelRenderSystem::SetupFlashlightsAndDecals sorted model list count incorrect! A model was probably unable to load!CModelRenderSystem::SetupFlashlightsAndDecals sorted model list count incorrect! A model was probably unable to load!CModelRenderSystem::SetupFlashlightsAndDecals sorted model list count incorrect! A model was probably unable to load!CModelRenderSystem::SetupFlashlightsAndDecals sorted model list count incorrect! A model was probably unable to load!CModelRenderSystem::SetupFlashlightsAndDecals sorted model list count incorrect! A model was probably unable to load!CModelRenderSystem::SetupFlashlightsAndDecals sorted model list count incorrect! A model was probably unable to load!CModelRenderSystem::SetupFlashlightsAndDecals sorted model list count incorrect! A model was probably unable to load!CModelRenderSystem::SetupFlashlightsAndDecals sorted model list count incorrect! A model was probably unable to load!CModelRenderSystem::SetupFlashlightsAndDecals sorted model list count incorrect! A model was probably unable to load!CModelRenderSystem::SetupFlashlightsAndDecals sorted model list count incorrect! A model was probably unable to load!CModelRenderSystem::SetupFlashlightsAndDecals sorted model list count incorrect! A model was probably unable to load!CModelRenderSystem::SetupFlashlightsAndDecals sorted model list count incorrect! A model was probably unable to load!CModelRenderSystem::SetupFlashlightsAndDecals sorted model list count incorrect! A model was probably unable to load!CModelRenderSystem::SetupFlashlightsAndDecals sorted model list count incorrect! A model was probably unable to load!CModelRenderSystem::SetupFlashlightsAndDecals sorted model list count incorrect! A model was probably unable to load!CModelRenderSystem::SetupFlashlightsAndDecals sorted model list count incorrect! A model was probably unable to load!CModelRenderSystem::SetupFlashlightsAndDecals sorted model list count incorrect! A model was probably unable to load!CModelRenderSystem::SetupFlashlightsAndDecals sorted model list count incorrect! A model was probably unable to load!CModelRenderSystem::SetupFlashlightsAndDecals sorted model list count incorrect! A model was probably unable to load!CModelRenderSystem::SetupFlashlightsAndDecals sorted model list count incorrect! A model was probably unable to load!CModelRenderSystem::SetupFlashlightsAndDecals sorted model list count incorrect! A model was probably unable to load!CModelRenderSystem::SetupFlashlightsAndDecals sorted model list count incorrect! A model was probably unable to load!CModelRenderSystem::SetupFlashlightsAndDecals sorted model list count incorrect! A model was probably unable to load!CModelRenderSystem::SetupFlashlightsAndDecals sorted model list count incorrect! A model was probably unable to load!CModelRenderSystem::SetupFlashlightsAndDecals sorted model list count incorrect! A model was probably unable to load!CModelRenderSystem::SetupFlashlightsAndDecals sorted model list count incorrect! A model was probably unable to load!CModelRenderSystem::SetupFlashlightsAndDecals sorted model list count incorrect! A model was probably unable to load!CModelRenderSystem::SetupFlashlightsAndDecals sorted model list count incorrect! A model was probably unable to load!CModelRenderSystem::SetupFlashlightsAndDecals sorted model list count incorrect! A model was probably unable to load!CModelRenderSystem::SetupFlashlightsAndDecals sorted model list count incorrect! A model was probably unable to load!CModelRenderSystem::SetupFlashlightsAndDecals sorted model list count incorrect! A model was probably unable to load!CModelRenderSystem::SetupFlashlightsAndDecals sorted model list count incorrect! A model was probably unable to load!CModelRenderSystem::SetupFlashlightsAndDecals sorted model list count incorrect! A model was probably unable to load!CModelRenderSystem::SetupFlashlightsAndDecals sorted model list count incorrect! A model was probably unable to load!CModelRenderSystem::SetupFlashlightsAndDecals sorted model list count incorrect! A model was probably unable to load!CModelRenderSystem::SetupFlashlightsAndDecals sorted model list count incorrect! A model was probably unable to load!CModelRenderSystem::SetupFlashlightsAndDecals sorted model list count incorrect! A model was probably unable to load!CModelRenderSystem::SetupFlashlightsAndDecals sorted model list count incorrect! A model was probably unable to load!CModelRenderSystem::SetupFlashlightsAndDecals sorted model list count incorrect! A model was probably unable to load!CModelRenderSystem::SetupFlashlightsAndDecals sorted model list count incorrect! A model was probably unable to load!CModelRenderSystem::SetupFlashlightsAndDecals sorted model list count incorrect! A model was probably unable to load!CModelRenderSystem::SetupFlashlightsAndDecals sorted model list count incorrect! A model was probably unable to load!CModelRenderSystem::SetupFlashlightsAndDecals sorted model list count incorrect! A model was probably unable to load!CModelRenderSystem::SetupFlashlightsAndDecals sorted model list count incorrect! A model was probably unable to load!CModelRenderSystem::SetupFlashlightsAndDecals sorted model list count incorrect! A model was probably unable to load!CModelRenderSystem::SetupFlashlightsAndDecals sorted model list count incorrect! A model was probably unable to load!CModelRenderSystem::SetupFlashlightsAndDecals sorted model list count incorrect! A model was probably unable to load!CModelRenderSystem::SetupFlashlightsAndDecals sorted model list count incorrect! A model was probably unable to load!CModelRenderSystem::SetupFlashlightsAndDecals sorted model list count incorrect! A model was probably unable to load!CModelRenderSystem::SetupFlashlightsAndDecals sorted model list count incorrect! A model was probably unable to load!CModelRenderSystem::SetupFlashlightsAndDecals sorted model list count incorrect! A model was probably unable to load!CModelRenderSystem::SetupFlashlightsAndDecals sorted model list count incorrect! A model was probably unable to load!CModelRenderSystem::SetupFlashlightsAndDecals sorted model list count incorrect! A model was probably unable to load!CModelRenderSystem::SetupFlashlightsAndDecals sorted model list count incorrect! A model was probably unable to load!CModelRenderSystem::SetupFlashlightsAndDecals sorted model list count incorrect! A model was probably unable to load!CModelRenderSystem::SetupFlashlightsAndDecals sorted model list count incorrect! A model was probably unable to load!CModelRenderSystem::SetupFlashlightsAndDecals sorted model list count incorrect! A model was probably unable to load!CModelRenderSystem::SetupFlashlightsAndDecals sorted model list count incorrect! A model was probably unable to load!CModelRenderSystem::SetupFlashlightsAndDecals sorted model list count incorrect! A model was probably unable to load!CModelRenderSystem::SetupFlashlightsAndDecals sorted model list count incorrect! A model was probably unable to load!CModelRenderSystem::SetupFlashlightsAndDecals sorted model list count incorrect! A model was probably unable to load!CModelRenderSystem::SetupFlashlightsAndDecals sorted model list count incorrect! A model was probably unable to load!CModelRenderSystem::SetupFlashlightsAndDecals sorted model list count incorrect! A model was probably unable to load!CModelRenderSystem::SetupFlashlightsAndDecals sorted model list count incorrect! A model was probably unable to load!CModelRenderSystem::SetupFlashlightsAndDecals sorted model list count incorrect! A model was probably unable to load!CModelRenderSystem::SetupFlashlightsAndDecals sorted model list count incorrect! A model was probably unable to load!CModelRenderSystem::SetupFlashlightsAndDecals sorted model list count incorrect! A model was probably unable to load!CModelRenderSystem::SetupFlashlightsAndDecals sorted model list count incorrect! A model was probably unable to load!CModelRenderSystem::SetupFlashlightsAndDecals sorted model list count incorrect! A model was probably unable to load!CModelRenderSystem::SetupFlashlightsAndDecals sorted model list count incorrect! A model was probably unable to load!CModelRenderSystem::SetupFlashlightsAndDecals sorted model list count incorrect! A model was probably unable to load!CModelRenderSystem::SetupFlashlightsAndDecals sorted model list count incorrect! A model was probably unable to load!CModelRenderSystem::SetupFlashlightsAndDecals sorted model list count incorrect! A model was probably unable to load!CModelRenderSystem::SetupFlashlightsAndDecals sorted model list count incorrect! A model was probably unable to load!CModelRenderSystem::SetupFlashlightsAndDecals sorted model list count incorrect! A model was probably unable to load!CModelRenderSystem::SetupFlashlightsAndDecals sorted model list count incorrect! A model was probably unable to load!CModelRenderSystem::SetupFlashlightsAndDecals sorted model list count incorrect! A model was probably unable to load!CModelRenderSystem::SetupFlashlightsAndDecals sorted model list count incorrect! A model was probably unable to load!CModelRenderSystem::SetupFlashlightsAndDecals sorted model list count incorrect! A model was probably unable to load!CModelRenderSystem::SetupFlashlightsAndDecals sorted model list count incorrect! A model was probably unable to load!CModelRenderSystem::SetupFlashlightsAndDecals sorted model list count incorrect! A model was probably unable to load!CModelRenderSystem::SetupFlashlightsAndDecals sorted model list count incorrect! A model was probably unable to load!CModelRenderSystem::SetupFlashlightsAndDecals sorted model list count incorrect! A model was probably unable to load!CModelRenderSystem::SetupFlashlightsAndDecals sorted model list count incorrect! A model was probably unable to load!CModelRenderSystem::SetupFlashlightsAndDecals sorted model list count incorrect! A model was probably unable to load!CModelRenderSystem::SetupFlashlightsAndDecals sorted model list count incorrect! A model was probably unable to load!CModelRenderSystem::SetupFlashlightsAndDecals sorted model list count incorrect! A model was probably unable to load!CModelRenderSystem::SetupFlashlightsAndDecals sorted model list count incorrect! A model was probably unable to load!CModelRenderSystem::SetupFlashlightsAndDecals sorted model list count incorrect! A model was probably unable to load!CModelRenderSystem::SetupFlashlightsAndDecals sorted model list count incorrect! A model was probably unable to load!CModelRenderSystem::SetupFlashlightsAndDecals sorted model list count incorrect! A model was probably unable to load!CModelRenderSystem::SetupFlashlightsAndDecals sorted model list count incorrect! A model was probably unable to load!CModelRenderSystem::SetupFlashlightsAndDecals sorted model list count incorrect! A model was probably unable to load!CModelRenderSystem::SetupFlashlightsAndDecals sorted model list count incorrect! A model was probably unable to load!CModelRenderSystem::SetupFlashlightsAndDecals sorted model list count incorrect! A model was probably unable to load!CModelRenderSystem::SetupFlashlightsAndDecals sorted model list count incorrect! A model was probably unable to load!CModelRenderSystem::SetupFlashlightsAndDecals sorted model list count incorrect! A model was probably unable to load!CModelRenderSystem::SetupFlashlightsAndDecals sorted model list count incorrect! A model was probably unable to load!CModelRenderSystem::SetupFlashlightsAndDecals sorted model list count incorrect! A model was probably unable to load!CModelRenderSystem::SetupFlashlightsAndDecals sorted model list count incorrect! A model was probably unable to load!CModelRenderSystem::SetupFlashlightsAndDecals sorted model list count incorrect! A model was probably unable to load!CModelRenderSystem::SetupFlashlightsAndDecals sorted model list count incorrect! A model was probably unable to load!CModelRenderSystem::SetupFlashlightsAndDecals sorted model list count incorrect! A model was probably unable to load!CModelRenderSystem::SetupFlashlightsAndDecals sorted model list count incorrect! A model was probably unable to load!CModelRenderSystem::SetupFlashlightsAndDecals sorted model list count incorrect! A model was probably unable to load!CModelRenderSystem::SetupFlashlightsAndDecals sorted model list count incorrect! A model was probably unable to load!CModelRenderSystem::SetupFlashlightsAndDecals sorted model list count incorrect! A model was probably unable to load!CModelRenderSystem::SetupFlashlightsAndDecals sorted model list count incorrect! A model was probably unable to load!CModelRenderSystem::SetupFlashlightsAndDecals sorted model list count incorrect! A model was probably unable to load!CModelRenderSystem::SetupFlashlightsAndDecals sorted model list count incorrect! A model was probably unable to load!CModelRenderSystem::SetupFlashlightsAndDecals sorted model list count incorrect! A model was probably unable to load!CModelRenderSystem::SetupFlashlightsAndDecals sorted model list count incorrect! A model was probably unable to load!CModelRenderSystem::SetupFlashlightsAndDecals sorted model list count incorrect! A model was probably unable to load!CModelRenderSystem::SetupFlashlightsAndDecals sorted model list count incorrect! A model was probably unable to load!CModelRenderSystem::SetupFlashlightsAndDecals sorted model list count incorrect! A model was probably unable to load!CModelRenderSystem::SetupFlashlightsAndDecals sorted model list count incorrect! A model was probably unable to load!CModelRenderSystem::SetupFlashlightsAndDecals sorted model list count incorrect! A model was probably unable to load!CModelRenderSystem::SetupFlashlightsAndDecals sorted model list count incorrect! A model was probably unable to load!CModelRenderSystem::SetupFlashlightsAndDecals sorted model list count incorrect! A model was probably unable to load!CModelRenderSystem::SetupFlashlightsAndDecals sorted model list count incorrect! A model was probably unable to load!CModelRenderSystem::SetupFlashlightsAndDecals sorted model list count incorrect! A model was probably unable to load!CModelRenderSystem::SetupFlashlightsAndDecals sorted model list count incorrect! A model was probably unable to load!CModelRenderSystem::SetupFlashlightsAndDecals sorted model list count incorrect! A model was probably unable to load!CModelRenderSystem::SetupFlashlightsAndDecals sorted model list count incorrect! A model was probably unable to load!CModelRenderSystem::SetupFlashlightsAndDecals sorted model list count incorrect! A model was probably unable to load!CModelRenderSystem::SetupFlashlightsAndDecals sorted model list count incorrect! A model was probably unable to load!CModelRenderSystem::SetupFlashlightsAndDecals sorted model list count incorrect! A model was probably unable to load!Warning:  Can't add NULL string to table EffectDispatch
Warning:  Can't add NULL string to table EffectDispatch
Attempted to precache unknown particle system "weapon_tracers"!
Attempted to precache unknown particle system "weapon_tracers"!
Error reading weapon data file for: basehlcombatweapon
Attempted to precache unknown particle system "weapon_tracers"!
User Msg 'InventoryFlash': 8 bytes written, expected 5
User Msg 'InventoryFlash': 8 bytes written, expected 5
User Msg 'InventoryFlash': 8 bytes written, expected 5
CreateEvent: event 'portal_player_touchedground' not registered.
User Msg 'InventoryFlash': 8 bytes written, expected 5
CreateEvent: event 'portal_player_touchedground' not registered.
gustavo unpaused the game
Dropped gustavo from server (Server shutting down)
Host_WriteConfiguration: Wrote cfg/config.cfg
Stopping All Sounds...
Stopping: Channel:64 player\fling_whoosh.wav
Stopping: Channel:69 weapons\portalgun\portal_ambient_loop1.wav
Stopping: Channel:65 vehicles\airboat\fan_blade_idle_loop1.wav
Stopping: Channel:66 vehicles\airboat\fan_blade_idle_loop1.wav
Stopping: Channel:67 weapons\portalgun\portal_ambient_loop1.wav
Stopping: Channel:68 ambient\gas\cannister_loop.wav
Stopping: Channel:70 ambient\gas\cannister_loop.wav
Queued Material System: DISABLED!
Datacenter::EnableUpdate( 0 ), current state = 0
Datacenter::RequestStop, time 79.57, state 0
Unable to remove c:\sourcecode\aperture-camera\game\valve\textwindow_temp.html!
Stopping All Sounds...
CreateEvent: event 'server_pre_shutdown' not registered.
CreateEvent: event 'server_shutdown' not registered.
Shutdown function ShutdownMixerControls() not in list!!!
NET_GetBindAddresses found 192.168.31.140: 'Realtek PCIe GbE Family Controller'
NET_GetBindAddresses found 26.133.72.161: 'Famatech Radmin VPN Ethernet Adapter'
NET_GetBindAddresses found 172.24.90.163: 'ZeroTier Virtual Port #2'
NET_GetBindAddresses found 10.147.17.76: 'ZeroTier Virtual Port #3'
NET_GetBindAddresses found 172.16.0.2: 'WireGuard Tunnel'
Network: IP 10.147.17.76, mode MP, dedicated No, ports 27015 SV / 27005 CL
Parent cvar in client.dll not allowed (rr_debugresponseconcept)
Parent cvar in client.dll not allowed (rr_dumpresponses)
Parent cvar in client.dll not allowed (rr_debugrule)
Parent cvar in client.dll not allowed (rr_debugresponses)
WARNING: unable to link rr_debugresponseconcept_exclude and rr_debugresponseconcept_exclude because one or more is a ConCommand.
Parent cvar in client.dll not allowed (movement_anim_playback_minrate)
WARNING: unable to link creditsdone and creditsdone because one or more is a ConCommand.
WARNING: unable to link rr_reloadresponsesystems and rr_reloadresponsesystems because one or more is a ConCommand.
KeyValues Error: RecursiveLoadFromBuffer:  got NULL key in file particles/particles_manifest.txt
particles_manifest, 
CParticleMgr::Init:  Manifest 'particles/particles_manifest.txt' with bogus file type 'file		', expecting 'file'
CParticleMgr::Init:  Manifest 'particles/particles_manifest.txt' with bogus file type '
}', expecting 'file'
CResponseSystem:  scripts\talker\response_rules.txt (2 rules, 2 criteria, and 2 responses)
maxplayers set to 1
We're happy and aperture_render_targets!Created Photo RT: _rt_LargePhoto
Created Photo RT: _rt_LargePhoto
Created Photo RT: _rt_LargePhoto
Missing cfg\cpu_level_2_pc.ekv
Missing cfg\gpu_level_3_pc.ekv
Missing cfg\mem_level_2_pc.ekv
Missing cfg\gpu_mem_level_2_pc.ekv
Running -nogameui mode, using client module instead of gameui
Steam config directory: C:\SourceCode\aperture-camera\game\platform\config
KeyValues Error: RecursiveLoadFromBuffer:  got NULL key in file particles/particles_manifest.txt
particles_manifest, 
CParticleMgr::Init:  Manifest 'particles/particles_manifest.txt' with bogus file type 'file		', expecting 'file'
CParticleMgr::Init:  Manifest 'particles/particles_manifest.txt' with bogus file type '
}', expecting 'file'
No split screen config file 'splitscreen_config.txt', using defaults
Missing cfg\cpu_level_2_pc.ekv
Missing cfg\gpu_level_3_pc.ekv
Missing cfg\mem_level_2_pc.ekv
Missing cfg\gpu_mem_level_2_pc.ekv
CGameEventManager::AddListener: event 'replay_status' unknown.
CGameEventManager::AddListener: event 'spec_target_updated' unknown.
KV Conditional: Unknown symbol OSX
KV Conditional: Unknown symbol OSX
"materials/_rt_largephoto1.vtf": can't be found on disk
"materials/_rt_largephoto2.vtf": can't be found on disk
"materials/_rt_largephoto3.vtf": can't be found on disk
Hud element 'CHudControlHelper' doesn't have an entry 'HudControlHelper' in scripts/HudLayout.res
Hud element 'CHudIndicator' doesn't have an entry 'HudIndicator' in scripts/HudLayout.res
Hud element 'CHudViewfinder' doesn't have an entry 'HudViewfinder' in scripts/HudLayout.res
Hud element 'CHudPhotoInventory' doesn't have an entry 'HudPhotoInventory' in scripts/HudLayout.res
Hud element 'CHudPhotoFlash' doesn't have an entry 'HudPhotoInventory' in scripts/HudLayout.res
CResponseSystem:  scripts\talker\response_rules.txt (2 rules, 2 criteria, and 2 responses)
cc_lang = 
Missing cfg\cpu_level_2_pc.ekv
Missing cfg\gpu_level_3_pc.ekv
Missing cfg\mem_level_2_pc.ekv
Missing cfg\gpu_mem_level_2_pc.ekv
Sound Initialization: Start
DS:stereo speaker configuration detected
Set primary sound buffer format: yes
Using secondary sound buffer
   2 channel(s)
   16 bits/sample
   44100 samples/sec
DirectSound initialized
Stopping All Sounds...
Trying cache :  'c:/sourcecode/aperture-camera/game/valve/maps/soundcache/_master.cache'
Successfully loaded audio cache file
Sound Initialization: Finish, Sampling Rate: 44100
cc_lang = 
Legacy Surround disabled.
Stopping All Sounds...
Sound Initialization: Start
DS:stereo speaker configuration detected
Set primary sound buffer format: yes
Using secondary sound buffer
   2 channel(s)
   16 bits/sample
   44100 samples/sec
DirectSound initialized
Stopping All Sounds...
Trying cache :  'c:/sourcecode/aperture-camera/game/valve/maps/soundcache/_master.cache'
Successfully loaded audio cache file
Sound Initialization: Finish, Sampling Rate: 44100
Datacenter::RequestStart, time 4.02
Datacenter::RequestStop, time 4.04, state 1
Datacenter::RequestUpdate failed
Stopping All Sounds...
Stopping All Sounds...
---- Host_NewGame ----
Network: IP 10.147.17.76, mode SP, dedicated No, ports 0 SV / 0 CL
Network: IP 10.147.17.76, mode MP, dedicated No, ports 27015 SV / 27005 CL
#######################################
Map testroom_aperture missing stringtable dictionary, don't ship this way!!!
#######################################
Host_NewGame on map testroom_aperture
Set Gravity 600.0 (0.250 tolerance)
PrecacheScriptSound 'default.null' failed, no such sound script entry
weapons/v_portalgun.mdl : material "models/weapons/v_models/v_portalgun/v_hands" not found.
CreateEvent: event 'picked_up_paint' not registered.
PrecacheScriptSound 'Paintgun.FireLoop' failed, no such sound script entry
Direct precache of vehicles/airboat/pontoon_fast_water_loop2.wav
Error Index File for 'weapons\w_cam.mdl' checksum 1322159438 should be 2037782653
Warning:  Can't add NULL string to table EffectDispatch
Failed to load models/weapons/v_cam.mdl!
Warning:  Can't add NULL string to table EffectDispatch
Error: Material "models/items/photo_capture01" : proxy "PhotoMaterial" not found!
"materials/null.vtf": can't be found on disk
Error reading weapon data file for: weapon_hopwire
Warning:  Can't add NULL string to table EffectDispatch
Warning:  Can't add NULL string to table EffectDispatch
Warning:  Can't add NULL string to table EffectDispatch
Warning:  Can't add NULL string to table EffectDispatch
Warning:  Can't add NULL string to table EffectDispatch
Warning:  Can't add NULL string to table EffectDispatch
Warning:  Can't add NULL string to table EffectDispatch
Warning:  Can't add NULL string to table EffectDispatch
Warning:  Can't add NULL string to table EffectDispatch
Warning:  Can't add NULL string to table EffectDispatch
Warning:  Can't add NULL string to table EffectDispatch
Warning:  Can't add NULL string to table EffectDispatch
Warning:  Can't add NULL string to table EffectDispatch
Script not found (scripts/vscripts/mapspawn.nut) 
Failed to CRC cfg/cpu_level_0_pc.ekv
Failed to CRC cfg/cpu_level_0_pc_ss.ekv
Failed to CRC cfg/cpu_level_1_pc.ekv
Failed to CRC cfg/cpu_level_1_pc_ss.ekv
Failed to CRC cfg/cpu_level_2_pc.ekv
Failed to CRC cfg/cpu_level_2_pc_ss.ekv
Failed to CRC cfg/gpu_level_0_pc.ekv
Failed to CRC cfg/gpu_level_1_pc.ekv
Failed to CRC cfg/gpu_level_2_pc.ekv
Failed to CRC cfg/gpu_level_3_pc.ekv
Failed to CRC cfg/mem_level_0_pc.ekv
Failed to CRC cfg/mem_level_1_pc.ekv
Failed to CRC cfg/mem_level_2_pc.ekv
Failed to CRC cfg/gpu_mem_level_0_pc.ekv
Failed to CRC cfg/gpu_mem_level_1_pc.ekv
Failed to CRC cfg/gpu_mem_level_2_pc.ekv
Failed to CRC scripts/asw_weapon_ammo_bag.txt
Failed to CRC scripts/asw_weapon_ammo_satchel.txt
Failed to CRC scripts/asw_weapon_autogun.txt
Failed to CRC scripts/asw_weapon_blink.txt
Failed to CRC scripts/asw_weapon_buff_grenade.txt
Failed to CRC scripts/asw_weapon_chainsaw.txt
Failed to CRC scripts/asw_weapon_electrified_armor.txt
Failed to CRC scripts/asw_weapon_fire_extinguisher.txt
Failed to CRC scripts/asw_weapon_fist.txt
Failed to CRC scripts/asw_weapon_flamer.txt
Failed to CRC scripts/asw_weapon_flares.txt
Failed to CRC scripts/asw_weapon_flashlight.txt
Failed to CRC scripts/asw_weapon_freeze_grenades.txt
Failed to CRC scripts/asw_weapon_grenades.txt
Failed to CRC scripts/asw_weapon_grenade_launcher.txt
Failed to CRC scripts/asw_weapon_heal_grenade.txt
Failed to CRC scripts/asw_weapon_heal_gun.txt
Failed to CRC scripts/asw_weapon_hornet_barrage.txt
Failed to CRC scripts/asw_weapon_jump_jet.txt
Failed to CRC scripts/asw_weapon_laser_mines.txt
Failed to CRC scripts/asw_weapon_medical_satchel.txt
Failed to CRC scripts/asw_weapon_medkit.txt
Failed to CRC scripts/asw_weapon_mines.txt
Failed to CRC scripts/asw_weapon_minigun.txt
Failed to CRC scripts/asw_weapon_mining_laser.txt
Failed to CRC scripts/asw_weapon_night_vision.txt
Failed to CRC scripts/asw_weapon_normal_armor.txt
Failed to CRC scripts/asw_weapon_pdw.txt
Failed to CRC scripts/asw_weapon_pistol.txt
Failed to CRC scripts/asw_weapon_prifle.txt
Failed to CRC scripts/asw_weapon_railgun.txt
Failed to CRC scripts/asw_weapon_rifle.txt
Failed to CRC scripts/asw_weapon_sentry.txt
Failed to CRC scripts/asw_weapon_sentry_cannon.txt
Failed to CRC scripts/asw_weapon_sentry_flamer.txt
Failed to CRC scripts/asw_weapon_sentry_freeze.txt
Failed to CRC scripts/asw_weapon_shotgun.txt
Failed to CRC scripts/asw_weapon_smart_bomb.txt
Failed to CRC scripts/asw_weapon_sniper_rifle.txt
Failed to CRC scripts/asw_weapon_stim.txt
Failed to CRC scripts/asw_weapon_tesla_gun.txt
Failed to CRC scripts/asw_weapon_tesla_trap.txt
Failed to CRC scripts/asw_weapon_vindicator.txt
Failed to CRC scripts/asw_weapon_welder.txt
Attempted to create unknown entity type prop_portal_linked_door!
Can't init prop_portal_linked_door
Attempted to create unknown entity type prop_portal_linked_door!
Can't init prop_portal_linked_door
props_farm\mousetrap.mdl : material "models/props_farm/mousetrap001" not found.
PrecacheScriptSound 'NPC_Android.Pain' failed, no such sound script entry
Attempted to create unknown entity type _squashed_zombie!
NULL Ent in UTIL_PrecacheOther
PrecacheScriptSound 'AndroidDispenser.Blocked' failed, no such sound script entry
PrecacheScriptSound 'AndroidDispenser.Dispense' failed, no such sound script entry
prop_dynamic at -872 0 128 uses model models/props_c17/furnituretable002a.mdl, which has propdata which means that it be used on a prop_physics. DELETED.
"materials/models/bot_fem/bot_male_exponent.vtf": can't be found on disk
npcs/hover_turret.mdl : material "models/props_bts/glados_ball_01" not found.
npcs/hover_turret.mdl : material "models/props_bts/glados_ball_02" not found.
npcs/hover_turret.mdl : material "models/props_bts/glados_ball_03" not found.
npcs/hover_turret.mdl : material "models/props_bts/glados_ball_04" not found.
Invalid file size for motd.txt
Invalid file size for host.txt
Created class baseline: 21 classes, 3088 bytes.
Heartbeat is disabled (usually developer or cheats is on).
m_eServerMode pre = 0
m_eServerMode post = 2
************************************************
*  Unable to load Steam support library.       *
*  This server will operate in LAN mode only.  *
************************************************
Heartbeat is disabled (usually developer or cheats is on).
Stopping All Sounds...
1.000:  Sending UDP connect to public IP 127.0.0.1:27015
Server using '<none>' lobbies, requiring pw no, lobby id 0
RememberIPAddressForLobby: lobby 0 from address loopback

Portal
Map: testroom_aperture
Players: 1 (0 bots) / 1 humans
Build: 6653
Server Number: 1

material "particle/particle_glow_05_add_15ob" not found.
Attempted to precache unknown particle system "portal_dematerialize"!
Attempted to precache unknown particle system "portal_rematerialize"!
Attempted to precache unknown particle system "zombie_stomp_heavy"!
Attempted to precache unknown particle system "GrubBlood"!
Attempted to precache unknown particle system "fizzler_field"!
Attempted to precache unknown particle system "fizzler_field_scalable"!
material "overlays/coop_ping_decal" not found.
material "effects/huntertracer" not found.
Attempted to precache unknown particle system "rain_storm"!
Attempted to precache unknown particle system "rain_storm"!
Attempted to precache unknown particle system "rain_storm_screen"!
Attempted to precache unknown particle system "rain_storm_screen"!
Attempted to precache unknown particle system "rain_storm_outer"!
Attempted to precache unknown particle system "rain_storm_outer"!
Attempted to precache unknown particle system "rain"!
Attempted to precache unknown particle system "rain"!
Attempted to precache unknown particle system "rain_outer"!
Attempted to precache unknown particle system "rain_outer"!
Attempted to precache unknown particle system "ash"!
Attempted to precache unknown particle system "ash"!
Attempted to precache unknown particle system "ash_outer"!
Attempted to precache unknown particle system "ash_outer"!
Attempted to precache unknown particle system "snow"!
Attempted to precache unknown particle system "snow"!
Attempted to precache unknown particle system "snow_outer"!
Attempted to precache unknown particle system "snow_outer"!
Attempted to precache unknown particle system "rtube_muzzle"!
Attempted to precache unknown particle system "rtube_muzzle"!
Attempted to precache unknown particle system "paint_hose"!
Attempted to precache unknown particle system "paint_hose"!
material "photos/photo_background" not found.
material "photos/photo_foreground" not found.
Script not found (scripts/vscripts/mapspawn.nut) 
Sending full update to Client gustavo (gustavo can't find frame from tick -1)
Receiving uncompressed update from server
Set Gravity 600.0 (0.250 tolerance)
Queued Material System: ENABLED!
DEBUG HISTORY IS ENABLED. Disable before release (in env_debughistory.h).
CreateEvent: event 'portal_player_touchedground' not registered.
material "" not found.
Attempting to create unknown particle system 'fizzler_field_scalable' 
Attempting to create unknown particle system 'fizzler_field' 
Attempting to create unknown particle system 'fizzler_field' 
Attempting to create unknown particle system 'fizzler_field_scalable' 
Redownloading all lightmaps
R_RedownloadAllLightmaps took 3.629 msec!
CModelRenderSystem::SetupFlashlightsAndDecals sorted model list count incorrect! A model was probably unable to load!CModelRenderSystem::SetupFlashlightsAndDecals sorted model list count incorrect! A model was probably unable to load!CModelRenderSystem::SetupFlashlightsAndDecals sorted model list count incorrect! A model was probably unable to load!CModelRenderSystem::SetupFlashlightsAndDecals sorted model list count incorrect! A model was probably unable to load!CModelRenderSystem::SetupFlashlightsAndDecals sorted model list count incorrect! A model was probably unable to load!CModelRenderSystem::SetupFlashlightsAndDecals sorted model list count incorrect! A model was probably unable to load!CModelRenderSystem::SetupFlashlightsAndDecals sorted model list count incorrect! A model was probably unable to load!CModelRenderSystem::SetupFlashlightsAndDecals sorted model list count incorrect! A model was probably unable to load!CModelRenderSystem::SetupFlashlightsAndDecals sorted model list count incorrect! A model was probably unable to load!CModelRenderSystem::SetupFlashlightsAndDecals sorted model list count incorrect! A model was probably unable to load!CModelRenderSystem::SetupFlashlightsAndDecals sorted model list count incorrect! A model was probably unable to load!CModelRenderSystem::SetupFlashlightsAndDecals sorted model list count incorrect! A model was probably unable to load!CModelRenderSystem::SetupFlashlightsAndDecals sorted model list count incorrect! A model was probably unable to load!CModelRenderSystem::SetupFlashlightsAndDecals sorted model list count incorrect! A model was probably unable to load!CModelRenderSystem::SetupFlashlightsAndDecals sorted model list count incorrect! A model was probably unable to load!CModelRenderSystem::SetupFlashlightsAndDecals sorted model list count incorrect! A model was probably unable to load!CModelRenderSystem::SetupFlashlightsAndDecals sorted model list count incorrect! A model was probably unable to load!CModelRenderSystem::SetupFlashlightsAndDecals sorted model list count incorrect! A model was probably unable to load!CModelRenderSystem::SetupFlashlightsAndDecals sorted model list count incorrect! A model was probably unable to load!CModelRenderSystem::SetupFlashlightsAndDecals sorted model list count incorrect! A model was probably unable to load!CModelRenderSystem::SetupFlashlightsAndDecals sorted model list count incorrect! A model was probably unable to load!CModelRenderSystem::SetupFlashlightsAndDecals sorted model list count incorrect! A model was probably unable to load!CModelRenderSystem::SetupFlashlightsAndDecals sorted model list count incorrect! A model was probably unable to load!CModelRenderSystem::SetupFlashlightsAndDecals sorted model list count incorrect! A model was probably unable to load!CModelRenderSystem::SetupFlashlightsAndDecals sorted model list count incorrect! A model was probably unable to load!CModelRenderSystem::SetupFlashlightsAndDecals sorted model list count incorrect! A model was probably unable to load!CModelRenderSystem::SetupFlashlightsAndDecals sorted model list count incorrect! A model was probably unable to load!CModelRenderSystem::SetupFlashlightsAndDecals sorted model list count incorrect! A model was probably unable to load!CModelRenderSystem::SetupFlashlightsAndDecals sorted model list count incorrect! A model was probably unable to load!CModelRenderSystem::SetupFlashlightsAndDecals sorted model list count incorrect! A model was probably unable to load!CModelRenderSystem::SetupFlashlightsAndDecals sorted model list count incorrect! A model was probably unable to load!CModelRenderSystem::SetupFlashlightsAndDecals sorted model list count incorrect! A model was probably unable to load!CModelRenderSystem::SetupFlashlightsAndDecals sorted model list count incorrect! A model was probably unable to load!CModelRenderSystem::SetupFlashlightsAndDecals sorted model list count incorrect! A model was probably unable to load!CModelRenderSystem::SetupFlashlightsAndDecals sorted model list count incorrect! A model was probably unable to load!CModelRenderSystem::SetupFlashlightsAndDecals sorted model list count incorrect! A model was probably unable to load!CModelRenderSystem::SetupFlashlightsAndDecals sorted model list count incorrect! A model was probably unable to load!CModelRenderSystem::SetupFlashlightsAndDecals sorted model list count incorrect! A model was probably unable to load!CModelRenderSystem::SetupFlashlightsAndDecals sorted model list count incorrect! A model was probably unable to load!CModelRenderSystem::SetupFlashlightsAndDecals sorted model list count incorrect! A model was probably unable to load!CModelRenderSystem::SetupFlashlightsAndDecals sorted model list count incorrect! A model was probably unable to load!CModelRenderSystem::SetupFlashlightsAndDecals sorted model list count incorrect! A model was probably unable to load!CModelRenderSystem::SetupFlashlightsAndDecals sorted model list count incorrect! A model was probably unable to load!CModelRenderSystem::SetupFlashlightsAndDecals sorted model list count incorrect! A model was probably unable to load!CModelRenderSystem::SetupFlashlightsAndDecals sorted model list count incorrect! A model was probably unable to load!CModelRenderSystem::SetupFlashlightsAndDecals sorted model list count incorrect! A model was probably unable to load!CModelRenderSystem::SetupFlashlightsAndDecals sorted model list count incorrect! A model was probably unable to load!CModelRenderSystem::SetupFlashlightsAndDecals sorted model list count incorrect! A model was probably unable to load!CModelRenderSystem::SetupFlashlightsAndDecals sorted model list count incorrect! A model was probably unable to load!CModelRenderSystem::SetupFlashlightsAndDecals sorted model list count incorrect! A model was probably unable to load!CModelRenderSystem::SetupFlashlightsAndDecals sorted model list count incorrect! A model was probably unable to load!CModelRenderSystem::SetupFlashlightsAndDecals sorted model list count incorrect! A model was probably unable to load!CModelRenderSystem::SetupFlashlightsAndDecals sorted model list count incorrect! A model was probably unable to load!CModelRenderSystem::SetupFlashlightsAndDecals sorted model list count incorrect! A model was probably unable to load!CModelRenderSystem::SetupFlashlightsAndDecals sorted model list count incorrect! A model was probably unable to load!CModelRenderSystem::SetupFlashlightsAndDecals sorted model list count incorrect! A model was probably unable to load!CModelRenderSystem::SetupFlashlightsAndDecals sorted model list count incorrect! A model was probably unable to load!CModelRenderSystem::SetupFlashlightsAndDecals sorted model list count incorrect! A model was probably unable to load!CModelRenderSystem::SetupFlashlightsAndDecals sorted model list count incorrect! A model was probably unable to load!CModelRenderSystem::SetupFlashlightsAndDecals sorted model list count incorrect! A model was probably unable to load!CModelRenderSystem::SetupFlashlightsAndDecals sorted model list count incorrect! A model was probably unable to load!CModelRenderSystem::SetupFlashlightsAndDecals sorted model list count incorrect! A model was probably unable to load!CModelRenderSystem::SetupFlashlightsAndDecals sorted model list count incorrect! A model was probably unable to load!CModelRenderSystem::SetupFlashlightsAndDecals sorted model list count incorrect! A model was probably unable to load!CModelRenderSystem::SetupFlashlightsAndDecals sorted model list count incorrect! A model was probably unable to load!CModelRenderSystem::SetupFlashlightsAndDecals sorted model list count incorrect! A model was probably unable to load!CModelRenderSystem::SetupFlashlightsAndDecals sorted model list count incorrect! A model was probably unable to load!CModelRenderSystem::SetupFlashlightsAndDecals sorted model list count incorrect! A model was probably unable to load!CModelRenderSystem::SetupFlashlightsAndDecals sorted model list count incorrect! A model was probably unable to load!CModelRenderSystem::SetupFlashlightsAndDecals sorted model list count incorrect! A model was probably unable to load!CModelRenderSystem::SetupFlashlightsAndDecals sorted model list count incorrect! A model was probably unable to load!CModelRenderSystem::SetupFlashlightsAndDecals sorted model list count incorrect! A model was probably unable to load!CModelRenderSystem::SetupFlashlightsAndDecals sorted model list count incorrect! A model was probably unable to load!CModelRenderSystem::SetupFlashlightsAndDecals sorted model list count incorrect! A model was probably unable to load!CModelRenderSystem::SetupFlashlightsAndDecals sorted model list count incorrect! A model was probably unable to load!CreateEvent: event 'portal_player_touchedground' not registered.
CModelRenderSystem::SetupFlashlightsAndDecals sorted model list count incorrect! A model was probably unable to load!CModelRenderSystem::SetupFlashlightsAndDecals sorted model list count incorrect! A model was probably unable to load!CModelRenderSystem::SetupFlashlightsAndDecals sorted model list count incorrect! A model was probably unable to load!CModelRenderSystem::SetupFlashlightsAndDecals sorted model list count incorrect! A model was probably unable to load!CModelRenderSystem::SetupFlashlightsAndDecals sorted model list count incorrect! A model was probably unable to load!CModelRenderSystem::SetupFlashlightsAndDecals sorted model list count incorrect! A model was probably unable to load!CModelRenderSystem::SetupFlashlightsAndDecals sorted model list count incorrect! A model was probably unable to load!CModelRenderSystem::SetupFlashlightsAndDecals sorted model list count incorrect! A model was probably unable to load!CModelRenderSystem::SetupFlashlightsAndDecals sorted model list count incorrect! A model was probably unable to load!CModelRenderSystem::SetupFlashlightsAndDecals sorted model list count incorrect! A model was probably unable to load!CModelRenderSystem::SetupFlashlightsAndDecals sorted model list count incorrect! A model was probably unable to load!CModelRenderSystem::SetupFlashlightsAndDecals sorted model list count incorrect! A model was probably unable to load!CModelRenderSystem::SetupFlashlightsAndDecals sorted model list count incorrect! A model was probably unable to load!CModelRenderSystem::SetupFlashlightsAndDecals sorted model list count incorrect! A model was probably unable to load!CModelRenderSystem::SetupFlashlightsAndDecals sorted model list count incorrect! A model was probably unable to load!CModelRenderSystem::SetupFlashlightsAndDecals sorted model list count incorrect! A model was probably unable to load!CModelRenderSystem::SetupFlashlightsAndDecals sorted model list count incorrect! A model was probably unable to load!CModelRenderSystem::SetupFlashlightsAndDecals sorted model list count incorrect! A model was probably unable to load!CModelRenderSystem::SetupFlashlightsAndDecals sorted model list count incorrect! A model was probably unable to load!CModelRenderSystem::SetupFlashlightsAndDecals sorted model list count incorrect! A model was probably unable to load!CModelRenderSystem::SetupFlashlightsAndDecals sorted model list count incorrect! A model was probably unable to load!CModelRenderSystem::SetupFlashlightsAndDecals sorted model list count incorrect! A model was probably unable to load!CModelRenderSystem::SetupFlashlightsAndDecals sorted model list count incorrect! A model was probably unable to load!CModelRenderSystem::SetupFlashlightsAndDecals sorted model list count incorrect! A model was probably unable to load!CModelRenderSystem::SetupFlashlightsAndDecals sorted model list count incorrect! A model was probably unable to load!CModelRenderSystem::SetupFlashlightsAndDecals sorted model list count incorrect! A model was probably unable to load!CModelRenderSystem::SetupFlashlightsAndDecals sorted model list count incorrect! A model was probably unable to load!CModelRenderSystem::SetupFlashlightsAndDecals sorted model list count incorrect! A model was probably unable to load!CModelRenderSystem::SetupFlashlightsAndDecals sorted model list count incorrect! A model was probably unable to load!CModelRenderSystem::SetupFlashlightsAndDecals sorted model list count incorrect! A model was probably unable to load!CModelRenderSystem::SetupFlashlightsAndDecals sorted model list count incorrect! A model was probably unable to load!CModelRenderSystem::SetupFlashlightsAndDecals sorted model list count incorrect! A model was probably unable to load!CModelRenderSystem::SetupFlashlightsAndDecals sorted model list count incorrect! A model was probably unable to load!CModelRenderSystem::SetupFlashlightsAndDecals sorted model list count incorrect! A model was probably unable to load!CModelRenderSystem::SetupFlashlightsAndDecals sorted model list count incorrect! A model was probably unable to load!CModelRenderSystem::SetupFlashlightsAndDecals sorted model list count incorrect! A model was probably unable to load!CModelRenderSystem::SetupFlashlightsAndDecals sorted model list count incorrect! A model was probably unable to load!CModelRenderSystem::SetupFlashlightsAndDecals sorted model list count incorrect! A model was probably unable to load!CModelRenderSystem::SetupFlashlightsAndDecals sorted model list count incorrect! A model was probably unable to load!CModelRenderSystem::SetupFlashlightsAndDecals sorted model list count incorrect! A model was probably unable to load!CModelRenderSystem::SetupFlashlightsAndDecals sorted model list count incorrect! A model was probably unable to load!CModelRenderSystem::SetupFlashlightsAndDecals sorted model list count incorrect! A model was probably unable to load!CModelRenderSystem::SetupFlashlightsAndDecals sorted model list count incorrect! A model was probably unable to load!CModelRenderSystem::SetupFlashlightsAndDecals sorted model list count incorrect! A model was probably unable to load!CModelRenderSystem::SetupFlashlightsAndDecals sorted model list count incorrect! A model was probably unable to load!CModelRenderSystem::SetupFlashlightsAndDecals sorted model list count incorrect! A model was probably unable to load!CModelRenderSystem::SetupFlashlightsAndDecals sorted model list count incorrect! A model was probably unable to load!CModelRenderSystem::SetupFlashlightsAndDecals sorted model list count incorrect! A model was probably unable to load!CModelRenderSystem::SetupFlashlightsAndDecals sorted model list count incorrect! A model was probably unable to load!CModelRenderSystem::SetupFlashlightsAndDecals sorted model list count incorrect! A model was probably unable to load!CModelRenderSystem::SetupFlashlightsAndDecals sorted model list count incorrect! A model was probably unable to load!CModelRenderSystem::SetupFlashlightsAndDecals sorted model list count incorrect! A model was probably unable to load!CModelRenderSystem::SetupFlashlightsAndDecals sorted model list count incorrect! A model was probably unable to load!CModelRenderSystem::SetupFlashlightsAndDecals sorted model list count incorrect! A model was probably unable to load!CModelRenderSystem::SetupFlashlightsAndDecals sorted model list count incorrect! A model was probably unable to load!CModelRenderSystem::SetupFlashlightsAndDecals sorted model list count incorrect! A model was probably unable to load!CModelRenderSystem::SetupFlashlightsAndDecals sorted model list count incorrect! A model was probably unable to load!CModelRenderSystem::SetupFlashlightsAndDecals sorted model list count incorrect! A model was probably unable to load!CModelRenderSystem::SetupFlashlightsAndDecals sorted model list count incorrect! A model was probably unable to load!CModelRenderSystem::SetupFlashlightsAndDecals sorted model list count incorrect! A model was probably unable to load!CModelRenderSystem::SetupFlashlightsAndDecals sorted model list count incorrect! A model was probably unable to load!CModelRenderSystem::SetupFlashlightsAndDecals sorted model list count incorrect! A model was probably unable to load!CModelRenderSystem::SetupFlashlightsAndDecals sorted model list count incorrect! A model was probably unable to load!CModelRenderSystem::SetupFlashlightsAndDecals sorted model list count incorrect! A model was probably unable to load!CModelRenderSystem::SetupFlashlightsAndDecals sorted model list count incorrect! A model was probably unable to load!CModelRenderSystem::SetupFlashlightsAndDecals sorted model list count incorrect! A model was probably unable to load!CModelRenderSystem::SetupFlashlightsAndDecals sorted model list count incorrect! A model was probably unable to load!CModelRenderSystem::SetupFlashlightsAndDecals sorted model list count incorrect! A model was probably unable to load!CModelRenderSystem::SetupFlashlightsAndDecals sorted model list count incorrect! A model was probably unable to load!CModelRenderSystem::SetupFlashlightsAndDecals sorted model list count incorrect! A model was probably unable to load!CModelRenderSystem::SetupFlashlightsAndDecals sorted model list count incorrect! A model was probably unable to load!CModelRenderSystem::SetupFlashlightsAndDecals sorted model list count incorrect! A model was probably unable to load!CModelRenderSystem::SetupFlashlightsAndDecals sorted model list count incorrect! A model was probably unable to load!CModelRenderSystem::SetupFlashlightsAndDecals sorted model list count incorrect! A model was probably unable to load!CModelRenderSystem::SetupFlashlightsAndDecals sorted model list count incorrect! A model was probably unable to load!CModelRenderSystem::SetupFlashlightsAndDecals sorted model list count incorrect! A model was probably unable to load!CModelRenderSystem::SetupFlashlightsAndDecals sorted model list count incorrect! A model was probably unable to load!CModelRenderSystem::SetupFlashlightsAndDecals sorted model list count incorrect! A model was probably unable to load!CModelRenderSystem::SetupFlashlightsAndDecals sorted model list count incorrect! A model was probably unable to load!CModelRenderSystem::SetupFlashlightsAndDecals sorted model list count incorrect! A model was probably unable to load!CModelRenderSystem::SetupFlashlightsAndDecals sorted model list count incorrect! A model was probably unable to load!CModelRenderSystem::SetupFlashlightsAndDecals sorted model list count incorrect! A model was probably unable to load!CModelRenderSystem::SetupFlashlightsAndDecals sorted model list count incorrect! A model was probably unable to load!CModelRenderSystem::SetupFlashlightsAndDecals sorted model list count incorrect! A model was probably unable to load!CModelRenderSystem::SetupFlashlightsAndDecals sorted model list count incorrect! A model was probably unable to load!CModelRenderSystem::SetupFlashlightsAndDecals sorted model list count incorrect! A model was probably unable to load!CModelRenderSystem::SetupFlashlightsAndDecals sorted model list count incorrect! A model was probably unable to load!CModelRenderSystem::SetupFlashlightsAndDecals sorted model list count incorrect! A model was probably unable to load!CModelRenderSystem::SetupFlashlightsAndDecals sorted model list count incorrect! A model was probably unable to load!CModelRenderSystem::SetupFlashlightsAndDecals sorted model list count incorrect! A model was probably unable to load!CModelRenderSystem::SetupFlashlightsAndDecals sorted model list count incorrect! A model was probably unable to load!CModelRenderSystem::SetupFlashlightsAndDecals sorted model list count incorrect! A model was probably unable to load!CModelRenderSystem::SetupFlashlightsAndDecals sorted model list count incorrect! A model was probably unable to load!CModelRenderSystem::SetupFlashlightsAndDecals sorted model list count incorrect! A model was probably unable to load!CModelRenderSystem::SetupFlashlightsAndDecals sorted model list count incorrect! A model was probably unable to load!CModelRenderSystem::SetupFlashlightsAndDecals sorted model list count incorrect! A model was probably unable to load!CModelRenderSystem::SetupFlashlightsAndDecals sorted model list count incorrect! A model was probably unable to load!CModelRenderSystem::SetupFlashlightsAndDecals sorted model list count incorrect! A model was probably unable to load!CModelRenderSystem::SetupFlashlightsAndDecals sorted model list count incorrect! A model was probably unable to load!CModelRenderSystem::SetupFlashlightsAndDecals sorted model list count incorrect! A model was probably unable to load!CModelRenderSystem::SetupFlashlightsAndDecals sorted model list count incorrect! A model was probably unable to load!CModelRenderSystem::SetupFlashlightsAndDecals sorted model list count incorrect! A model was probably unable to load!CModelRenderSystem::SetupFlashlightsAndDecals sorted model list count incorrect! A model was probably unable to load!CModelRenderSystem::SetupFlashlightsAndDecals sorted model list count incorrect! A model was probably unable to load!CModelRenderSystem::SetupFlashlightsAndDecals sorted model list count incorrect! A model was probably unable to load!CModelRenderSystem::SetupFlashlightsAndDecals sorted model list count incorrect! A model was probably unable to load!CModelRenderSystem::SetupFlashlightsAndDecals sorted model list count incorrect! A model was probably unable to load!CModelRenderSystem::SetupFlashlightsAndDecals sorted model list count incorrect! A model was probably unable to load!CModelRenderSystem::SetupFlashlightsAndDecals sorted model list count incorrect! A model was probably unable to load!CModelRenderSystem::SetupFlashlightsAndDecals sorted model list count incorrect! A model was probably unable to load!CModelRenderSystem::SetupFlashlightsAndDecals sorted model list count incorrect! A model was probably unable to load!CModelRenderSystem::SetupFlashlightsAndDecals sorted model list count incorrect! A model was probably unable to load!CModelRenderSystem::SetupFlashlightsAndDecals sorted model list count incorrect! A model was probably unable to load!CModelRenderSystem::SetupFlashlightsAndDecals sorted model list count incorrect! A model was probably unable to load!CModelRenderSystem::SetupFlashlightsAndDecals sorted model list count incorrect! A model was probably unable to load!CModelRenderSystem::SetupFlashlightsAndDecals sorted model list count incorrect! A model was probably unable to load!CModelRenderSystem::SetupFlashlightsAndDecals sorted model list count incorrect! A model was probably unable to load!CModelRenderSystem::SetupFlashlightsAndDecals sorted model list count incorrect! A model was probably unable to load!CModelRenderSystem::SetupFlashlightsAndDecals sorted model list count incorrect! A model was probably unable to load!CModelRenderSystem::SetupFlashlightsAndDecals sorted model list count incorrect! A model was probably unable to load!CModelRenderSystem::SetupFlashlightsAndDecals sorted model list count incorrect! A model was probably unable to load!CModelRenderSystem::SetupFlashlightsAndDecals sorted model list count incorrect! A model was probably unable to load!CModelRenderSystem::SetupFlashlightsAndDecals sorted model list count incorrect! A model was probably unable to load!CModelRenderSystem::SetupFlashlightsAndDecals sorted model list count incorrect! A model was probably unable to load!CModelRenderSystem::SetupFlashlightsAndDecals sorted model list count incorrect! A model was probably unable to load!CModelRenderSystem::SetupFlashlightsAndDecals sorted model list count incorrect! A model was probably unable to load!CModelRenderSystem::SetupFlashlightsAndDecals sorted model list count incorrect! A model was probably unable to load!CModelRenderSystem::SetupFlashlightsAndDecals sorted model list count incorrect! A model was probably unable to load!CModelRenderSystem::SetupFlashlightsAndDecals sorted model list count incorrect! A model was probably unable to load!CModelRenderSystem::SetupFlashlightsAndDecals sorted model list count incorrect! A model was probably unable to load!CModelRenderSystem::SetupFlashlightsAndDecals sorted model list count incorrect! A model was probably unable to load!CModelRenderSystem::SetupFlashlightsAndDecals sorted model list count incorrect! A model was probably unable to load!CModelRenderSystem::SetupFlashlightsAndDecals sorted model list count incorrect! A model was probably unable to load!CModelRenderSystem::SetupFlashlightsAndDecals sorted model list count incorrect! A model was probably unable to load!CModelRenderSystem::SetupFlashlightsAndDecals sorted model list count incorrect! A model was probably unable to load!CModelRenderSystem::SetupFlashlightsAndDecals sorted model list count incorrect! A model was probably unable to load!CModelRenderSystem::SetupFlashlightsAndDecals sorted model list count incorrect! A model was probably unable to load!CModelRenderSystem::SetupFlashlightsAndDecals sorted model list count incorrect! A model was probably unable to load!CModelRenderSystem::SetupFlashlightsAndDecals sorted model list count incorrect! A model was probably unable to load!CModelRenderSystem::SetupFlashlightsAndDecals sorted model list count incorrect! A model was probably unable to load!CModelRenderSystem::SetupFlashlightsAndDecals sorted model list count incorrect! A model was probably unable to load!CModelRenderSystem::SetupFlashlightsAndDecals sorted model list count incorrect! A model was probably unable to load!CModelRenderSystem::SetupFlashlightsAndDecals sorted model list count incorrect! A model was probably unable to load!CModelRenderSystem::SetupFlashlightsAndDecals sorted model list count incorrect! A model was probably unable to load!CModelRenderSystem::SetupFlashlightsAndDecals sorted model list count incorrect! A model was probably unable to load!CModelRenderSystem::SetupFlashlightsAndDecals sorted model list count incorrect! A model was probably unable to load!CModelRenderSystem::SetupFlashlightsAndDecals sorted model list count incorrect! A model was probably unable to load!CModelRenderSystem::SetupFlashlightsAndDecals sorted model list count incorrect! A model was probably unable to load!CModelRenderSystem::SetupFlashlightsAndDecals sorted model list count incorrect! A model was probably unable to load!CModelRenderSystem::SetupFlashlightsAndDecals sorted model list count incorrect! A model was probably unable to load!CModelRenderSystem::SetupFlashlightsAndDecals sorted model list count incorrect! A model was probably unable to load!CModelRenderSystem::SetupFlashlightsAndDecals sorted model list count incorrect! A model was probably unable to load!CModelRenderSystem::SetupFlashlightsAndDecals sorted model list count incorrect! A model was probably unable to load!CModelRenderSystem::SetupFlashlightsAndDecals sorted model list count incorrect! A model was probably unable to load!CModelRenderSystem::SetupFlashlightsAndDecals sorted model list count incorrect! A model was probably unable to load!CModelRenderSystem::SetupFlashlightsAndDecals sorted model list count incorrect! A model was probably unable to load!CModelRenderSystem::SetupFlashlightsAndDecals sorted model list count incorrect! A model was probably unable to load!CModelRenderSystem::SetupFlashlightsAndDecals sorted model list count incorrect! A model was probably unable to load!CModelRenderSystem::SetupFlashlightsAndDecals sorted model list count incorrect! A model was probably unable to load!CModelRenderSystem::SetupFlashlightsAndDecals sorted model list count incorrect! A model was probably unable to load!CModelRenderSystem::SetupFlashlightsAndDecals sorted model list count incorrect! A model was probably unable to load!CModelRenderSystem::SetupFlashlightsAndDecals sorted model list count incorrect! A model was probably unable to load!CModelRenderSystem::SetupFlashlightsAndDecals sorted model list count incorrect! A model was probably unable to load!CModelRenderSystem::SetupFlashlightsAndDecals sorted model list count incorrect! A model was probably unable to load!CModelRenderSystem::SetupFlashlightsAndDecals sorted model list count incorrect! A model was probably unable to load!CModelRenderSystem::SetupFlashlightsAndDecals sorted model list count incorrect! A model was probably unable to load!CModelRenderSystem::SetupFlashlightsAndDecals sorted model list count incorrect! A model was probably unable to load!CModelRenderSystem::SetupFlashlightsAndDecals sorted model list count incorrect! A model was probably unable to load!CModelRenderSystem::SetupFlashlightsAndDecals sorted model list count incorrect! A model was probably unable to load!CModelRenderSystem::SetupFlashlightsAndDecals sorted model list count incorrect! A model was probably unable to load!CModelRenderSystem::SetupFlashlightsAndDecals sorted model list count incorrect! A model was probably unable to load!CModelRenderSystem::SetupFlashlightsAndDecals sorted model list count incorrect! A model was probably unable to load!CModelRenderSystem::SetupFlashlightsAndDecals sorted model list count incorrect! A model was probably unable to load!CModelRenderSystem::SetupFlashlightsAndDecals sorted model list count incorrect! A model was probably unable to load!CModelRenderSystem::SetupFlashlightsAndDecals sorted model list count incorrect! A model was probably unable to load!CModelRenderSystem::SetupFlashlightsAndDecals sorted model list count incorrect! A model was probably unable to load!CModelRenderSystem::SetupFlashlightsAndDecals sorted model list count incorrect! A model was probably unable to load!CModelRenderSystem::SetupFlashlightsAndDecals sorted model list count incorrect! A model was probably unable to load!CModelRenderSystem::SetupFlashlightsAndDecals sorted model list count incorrect! A model was probably unable to load!CModelRenderSystem::SetupFlashlightsAndDecals sorted model list count incorrect! A model was probably unable to load!CModelRenderSystem::SetupFlashlightsAndDecals sorted model list count incorrect! A model was probably unable to load!CModelRenderSystem::SetupFlashlightsAndDecals sorted model list count incorrect! A model was probably unable to load!CModelRenderSystem::SetupFlashlightsAndDecals sorted model list count incorrect! A model was probably unable to load!CModelRenderSystem::SetupFlashlightsAndDecals sorted model list count incorrect! A model was probably unable to load!CModelRenderSystem::SetupFlashlightsAndDecals sorted model list count incorrect! A model was probably unable to load!CModelRenderSystem::SetupFlashlightsAndDecals sorted model list count incorrect! A model was probably unable to load!CModelRenderSystem::SetupFlashlightsAndDecals sorted model list count incorrect! A model was probably unable to load!CModelRenderSystem::SetupFlashlightsAndDecals sorted model list count incorrect! A model was probably unable to load!CModelRenderSystem::SetupFlashlightsAndDecals sorted model list count incorrect! A model was probably unable to load!CModelRenderSystem::SetupFlashlightsAndDecals sorted model list count incorrect! A model was probably unable to load!CModelRenderSystem::SetupFlashlightsAndDecals sorted model list count incorrect! A model was probably unable to load!CModelRenderSystem::SetupFlashlightsAndDecals sorted model list count incorrect! A model was probably unable to load!CModelRenderSystem::SetupFlashlightsAndDecals sorted model list count incorrect! A model was probably unable to load!CModelRenderSystem::SetupFlashlightsAndDecals sorted model list count incorrect! A model was probably unable to load!CModelRenderSystem::SetupFlashlightsAndDecals sorted model list count incorrect! A model was probably unable to load!CModelRenderSystem::SetupFlashlightsAndDecals sorted model list count incorrect! A model was probably unable to load!CModelRenderSystem::SetupFlashlightsAndDecals sorted model list count incorrect! A model was probably unable to load!CModelRenderSystem::SetupFlashlightsAndDecals sorted model list count incorrect! A model was probably unable to load!CModelRenderSystem::SetupFlashlightsAndDecals sorted model list count incorrect! A model was probably unable to load!CModelRenderSystem::SetupFlashlightsAndDecals sorted model list count incorrect! A model was probably unable to load!CModelRenderSystem::SetupFlashlightsAndDecals sorted model list count incorrect! A model was probably unable to load!CModelRenderSystem::SetupFlashlightsAndDecals sorted model list count incorrect! A model was probably unable to load!CModelRenderSystem::SetupFlashlightsAndDecals sorted model list count incorrect! A model was probably unable to load!CModelRenderSystem::SetupFlashlightsAndDecals sorted model list count incorrect! A model was probably unable to load!CModelRenderSystem::SetupFlashlightsAndDecals sorted model list count incorrect! A model was probably unable to load!CModelRenderSystem::SetupFlashlightsAndDecals sorted model list count incorrect! A model was probably unable to load!CModelRenderSystem::SetupFlashlightsAndDecals sorted model list count incorrect! A model was probably unable to load!CModelRenderSystem::SetupFlashlightsAndDecals sorted model list count incorrect! A model was probably unable to load!CModelRenderSystem::SetupFlashlightsAndDecals sorted model list count incorrect! A model was probably unable to load!CModelRenderSystem::SetupFlashlightsAndDecals sorted model list count incorrect! A model was probably unable to load!CModelRenderSystem::SetupFlashlightsAndDecals sorted model list count incorrect! A model was probably unable to load!CModelRenderSystem::SetupFlashlightsAndDecals sorted model list count incorrect! A model was probably unable to load!CModelRenderSystem::SetupFlashlightsAndDecals sorted model list count incorrect! A model was probably unable to load!CModelRenderSystem::SetupFlashlightsAndDecals sorted model list count incorrect! A model was probably unable to load!CModelRenderSystem::SetupFlashlightsAndDecals sorted model list count incorrect! A model was probably unable to load!CModelRenderSystem::SetupFlashlightsAndDecals sorted model list count incorrect! A model was probably unable to load!CModelRenderSystem::SetupFlashlightsAndDecals sorted model list count incorrect! A model was probably unable to load!CModelRenderSystem::SetupFlashlightsAndDecals sorted model list count incorrect! A model was probably unable to load!CModelRenderSystem::SetupFlashlightsAndDecals sorted model list count incorrect! A model was probably unable to load!CModelRenderSystem::SetupFlashlightsAndDecals sorted model list count incorrect! A model was probably unable to load!CModelRenderSystem::SetupFlashlightsAndDecals sorted model list count incorrect! A model was probably unable to load!CModelRenderSystem::SetupFlashlightsAndDecals sorted model list count incorrect! A model was probably unable to load!CModelRenderSystem::SetupFlashlightsAndDecals sorted model list count incorrect! A model was probably unable to load!CModelRenderSystem::SetupFlashlightsAndDecals sorted model list count incorrect! A model was probably unable to load!CModelRenderSystem::SetupFlashlightsAndDecals sorted model list count incorrect! A model was probably unable to load!CModelRenderSystem::SetupFlashlightsAndDecals sorted model list count incorrect! A model was probably unable to load!CModelRenderSystem::SetupFlashlightsAndDecals sorted model list count incorrect! A model was probably unable to load!CModelRenderSystem::SetupFlashlightsAndDecals sorted model list count incorrect! A model was probably unable to load!CModelRenderSystem::SetupFlashlightsAndDecals sorted model list count incorrect! A model was probably unable to load!CModelRenderSystem::SetupFlashlightsAndDecals sorted model list count incorrect! A model was probably unable to load!CModelRenderSystem::SetupFlashlightsAndDecals sorted model list count incorrect! A model was probably unable to load!CModelRenderSystem::SetupFlashlightsAndDecals sorted model list count incorrect! A model was probably unable to load!CModelRenderSystem::SetupFlashlightsAndDecals sorted model list count incorrect! A model was probably unable to load!CModelRenderSystem::SetupFlashlightsAndDecals sorted model list count incorrect! A model was probably unable to load!CModelRenderSystem::SetupFlashlightsAndDecals sorted model list count incorrect! A model was probably unable to load!CModelRenderSystem::SetupFlashlightsAndDecals sorted model list count incorrect! A model was probably unable to load!CModelRenderSystem::SetupFlashlightsAndDecals sorted model list count incorrect! A model was probably unable to load!CModelRenderSystem::SetupFlashlightsAndDecals sorted model list count incorrect! A model was probably unable to load!CModelRenderSystem::SetupFlashlightsAndDecals sorted model list count incorrect! A model was probably unable to load!CModelRenderSystem::SetupFlashlightsAndDecals sorted model list count incorrect! A model was probably unable to load!CModelRenderSystem::SetupFlashlightsAndDecals sorted model list count incorrect! A model was probably unable to load!CModelRenderSystem::SetupFlashlightsAndDecals sorted model list count incorrect! A model was probably unable to load!CModelRenderSystem::SetupFlashlightsAndDecals sorted model list count incorrect! A model was probably unable to load!CModelRenderSystem::SetupFlashlightsAndDecals sorted model list count incorrect! A model was probably unable to load!CModelRenderSystem::SetupFlashlightsAndDecals sorted model list count incorrect! A model was probably unable to load!CModelRenderSystem::SetupFlashlightsAndDecals sorted model list count incorrect! A model was probably unable to load!CModelRenderSystem::SetupFlashlightsAndDecals sorted model list count incorrect! A model was probably unable to load!CModelRenderSystem::SetupFlashlightsAndDecals sorted model list count incorrect! A model was probably unable to load!CModelRenderSystem::SetupFlashlightsAndDecals sorted model list count incorrect! A model was probably unable to load!CModelRenderSystem::SetupFlashlightsAndDecals sorted model list count incorrect! A model was probably unable to load!CModelRenderSystem::SetupFlashlightsAndDecals sorted model list count incorrect! A model was probably unable to load!CModelRenderSystem::SetupFlashlightsAndDecals sorted model list count incorrect! A model was probably unable to load!CModelRenderSystem::SetupFlashlightsAndDecals sorted model list count incorrect! A model was probably unable to load!CModelRenderSystem::SetupFlashlightsAndDecals sorted model list count incorrect! A model was probably unable to load!CModelRenderSystem::SetupFlashlightsAndDecals sorted model list count incorrect! A model was probably unable to load!CModelRenderSystem::SetupFlashlightsAndDecals sorted model list count incorrect! A model was probably unable to load!CModelRenderSystem::SetupFlashlightsAndDecals sorted model list count incorrect! A model was probably unable to load!CModelRenderSystem::SetupFlashlightsAndDecals sorted model list count incorrect! A model was probably unable to load!Warning:  Can't add NULL string to table EffectDispatch
Warning:  Can't add NULL string to table EffectDispatch
Attempted to precache unknown particle system "weapon_tracers"!
Attempted to precache unknown particle system "weapon_tracers"!
Error reading weapon data file for: basehlcombatweapon
Attempted to precache unknown particle system "weapon_tracers"!
CreateEvent: event 'portal_player_touchedground' not registered.
User Msg 'InventoryFlash': 8 bytes written, expected 5
User Msg 'InventoryFlash': 8 bytes written, expected 5
User Msg 'InventoryFlash': 8 bytes written, expected 5
gustavo unpaused the game
User Msg 'InventoryFlash': 8 bytes written, expected 5
User Msg 'InventoryFlash': 8 bytes written, expected 5
User Msg 'InventoryFlash': 8 bytes written, expected 5
CreateEvent: event 'portal_player_touchedground' not registered.
CreateEvent: event 'portal_player_touchedground' not registered.
CreateEvent: event 'portal_player_touchedground' not registered.
CreateEvent: event 'portal_player_touchedground' not registered.
gustavo unpaused the game
User Msg 'InventoryFlash': 8 bytes written, expected 5
User Msg 'InventoryFlash': 8 bytes written, expected 5
User Msg 'InventoryFlash': 8 bytes written, expected 5
User Msg 'InventoryFlash': 8 bytes written, expected 5
User Msg 'InventoryFlash': 8 bytes written, expected 5
User Msg 'InventoryFlash': 8 bytes written, expected 5
User Msg 'InventoryFlash': 8 bytes written, expected 5
gustavo unpaused the game
User Msg 'InventoryFlash': 8 bytes written, expected 5
User Msg 'InventoryFlash': 8 bytes written, expected 5
gustavo unpaused the game
User Msg 'InventoryFlash': 8 bytes written, expected 5
User Msg 'InventoryFlash': 8 bytes written, expected 5
User Msg 'InventoryFlash': 8 bytes written, expected 5
gustavo unpaused the game
gustavo unpaused the game
gustavo unpaused the game
User Msg 'InventoryFlash': 8 bytes written, expected 5
User Msg 'InventoryFlash': 8 bytes written, expected 5
User Msg 'InventoryFlash': 8 bytes written, expected 5
User Msg 'InventoryFlash': 8 bytes written, expected 5
User Msg 'InventoryFlash': 8 bytes written, expected 5
User Msg 'InventoryFlash': 8 bytes written, expected 5
User Msg 'InventoryFlash': 8 bytes written, expected 5
User Msg 'InventoryFlash': 8 bytes written, expected 5
User Msg 'InventoryFlash': 8 bytes written, expected 5
User Msg 'InventoryFlash': 8 bytes written, expected 5
User Msg 'InventoryFlash': 8 bytes written, expected 5
CreateEvent: event 'portal_player_touchedground' not registered.
CreateEvent: event 'portal_player_touchedground' not registered.
CreateEvent: event 'portal_player_touchedground' not registered.
CreateEvent: event 'portal_player_touchedground' not registered.
CreateEvent: event 'portal_player_touchedground' not registered.
CreateEvent: event 'portal_player_touchedground' not registered.
CreateEvent: event 'portal_player_touchedground' not registered.
User Msg 'InventoryFlash': 8 bytes written, expected 5
CreateEvent: event 'portal_player_touchedground' not registered.
CreateEvent: event 'portal_player_touchedground' not registered.
CreateEvent: event 'portal_player_touchedground' not registered.
CreateEvent: event 'portal_player_touchedground' not registered.
CreateEvent: event 'portal_player_touchedground' not registered.
CreateEvent: event 'portal_player_touchedground' not registered.
User Msg 'InventoryFlash': 8 bytes written, expected 5
CreateEvent: event 'portal_player_touchedground' not registered.
User Msg 'InventoryFlash': 8 bytes written, expected 5
Bad sequence (2 out of 1 max) in GetSequenceLinearMotion() for model 'weapons\w_cam.mdl'!
Bad sequence (2 out of 1 max) in GetSequenceLinearMotion() for model 'weapons\w_cam.mdl'!
Bad sequence (2 out of 1 max) in GetSequenceLinearMotion() for model 'weapons\w_cam.mdl'!
Bad sequence (2 out of 1 max) in GetSequenceLinearMotion() for model 'weapons\w_cam.mdl'!
Bad sequence (2 out of 1 max) in GetSequenceLinearMotion() for model 'weapons\w_cam.mdl'!
Bad sequence (2 out of 1 max) in GetSequenceLinearMotion() for model 'weapons\w_cam.mdl'!
Bad sequence (2 out of 1 max) in GetSequenceLinearMotion() for model 'weapons\w_cam.mdl'!
Bad sequence (2 out of 1 max) in GetSequenceLinearMotion() for model 'weapons\w_cam.mdl'!
Bad sequence (2 out of 1 max) in GetSequenceLinearMotion() for model 'weapons\w_cam.mdl'!
CreateEvent: event 'portal_player_touchedground' not registered.
CreateEvent: event 'portal_player_touchedground' not registered.
S_StartSound: Failed to load sound '*vo\npc\male01\pain01.wav', file probably missing from disk/repository
CreateEvent: event 'portal_player_touchedground' not registered.
S_StartSound: Failed to load sound '*vo\npc\male01\pain02.wav', file probably missing from disk/repository
CreateEvent: event 'portal_player_touchedground' not registered.
CreateEvent: event 'portal_player_touchedground' not registered.
CreateEvent: event 'portal_player_touchedground' not registered.
CreateEvent: event 'portal_player_touchedground' not registered.
CreateEvent: event 'portal_player_touchedground' not registered.
CreateEvent: event 'portal_player_touchedground' not registered.
CreateEvent: event 'portal_player_touchedground' not registered.
CreateEvent: event 'portal_player_touchedground' not registered.
User Msg 'InventoryFlash': 8 bytes written, expected 5
CreateEvent: event 'portal_player_touchedground' not registered.
CreateEvent: event 'portal_player_touchedground' not registered.
User Msg 'InventoryFlash': 8 bytes written, expected 5
gustavo unpaused the game
User Msg 'InventoryFlash': 8 bytes written, expected 5
gustavo unpaused the game
CreateEvent: event 'portal_player_touchedground' not registered.
CreateEvent: event 'portal_player_touchedground' not registered.
noclip ON
noclip OFF
CreateEvent: event 'portal_player_touchedground' not registered.
User Msg 'InventoryFlash': 8 bytes written, expected 5
User Msg 'InventoryFlash': 8 bytes written, expected 5
User Msg 'InventoryFlash': 8 bytes written, expected 5
gustavo unpaused the game
gustavo unpaused the game
User Msg 'InventoryFlash': 8 bytes written, expected 5
CreateEvent: event 'portal_player_touchedground' not registered.
User Msg 'InventoryFlash': 8 bytes written, expected 5
CreateEvent: event 'portal_player_touchedground' not registered.
User Msg 'InventoryFlash': 8 bytes written, expected 5
CreateEvent: event 'portal_player_touchedground' not registered.
User Msg 'InventoryFlash': 8 bytes written, expected 5
CreateEvent: event 'portal_player_touchedground' not registered.
User Msg 'InventoryFlash': 8 bytes written, expected 5
CreateEvent: event 'portal_player_touchedground' not registered.
CreateEvent: event 'portal_player_touchedground' not registered.
User Msg 'InventoryFlash': 8 bytes written, expected 5
Dropped gustavo from server (Server shutting down)
Host_WriteConfiguration: Wrote cfg/config.cfg
Stopping All Sounds...
Stopping: Channel:64 player\fling_whoosh.wav
Stopping: Channel:69 weapons\portalgun\portal_ambient_loop1.wav
Stopping: Channel:68 weapons\portalgun\portal_ambient_loop1.wav
Stopping: Channel:66 vehicles\airboat\fan_blade_idle_loop1.wav
Stopping: Channel:67 vehicles\airboat\fan_blade_idle_loop1.wav
Stopping: Channel: 1 npc\chicken\clucks4.wav
Queued Material System: DISABLED!
Datacenter::EnableUpdate( 0 ), current state = 0
Datacenter::RequestStop, time 771.43, state 0
Unable to remove c:\sourcecode\aperture-camera\game\valve\textwindow_temp.html!
Stopping All Sounds...
CreateEvent: event 'server_pre_shutdown' not registered.
CreateEvent: event 'server_shutdown' not registered.
Shutdown function ShutdownMixerControls() not in list!!!
NET_GetBindAddresses found 192.168.31.140: 'Realtek PCIe GbE Family Controller'
NET_GetBindAddresses found 26.133.72.161: 'Famatech Radmin VPN Ethernet Adapter'
NET_GetBindAddresses found 172.24.90.163: 'ZeroTier Virtual Port #2'
NET_GetBindAddresses found 10.147.17.76: 'ZeroTier Virtual Port #3'
NET_GetBindAddresses found 172.16.0.2: 'WireGuard Tunnel'
Network: IP 10.147.17.76, mode MP, dedicated No, ports 27015 SV / 27005 CL
Parent cvar in client.dll not allowed (rr_debugresponseconcept)
Parent cvar in client.dll not allowed (rr_dumpresponses)
Parent cvar in client.dll not allowed (rr_debugrule)
Parent cvar in client.dll not allowed (rr_debugresponses)
WARNING: unable to link rr_debugresponseconcept_exclude and rr_debugresponseconcept_exclude because one or more is a ConCommand.
Parent cvar in client.dll not allowed (movement_anim_playback_minrate)
WARNING: unable to link creditsdone and creditsdone because one or more is a ConCommand.
WARNING: unable to link rr_reloadresponsesystems and rr_reloadresponsesystems because one or more is a ConCommand.
KeyValues Error: RecursiveLoadFromBuffer:  got NULL key in file particles/particles_manifest.txt
particles_manifest, 
CParticleMgr::Init:  Manifest 'particles/particles_manifest.txt' with bogus file type 'file		', expecting 'file'
CParticleMgr::Init:  Manifest 'particles/particles_manifest.txt' with bogus file type '
}', expecting 'file'
CResponseSystem:  scripts\talker\response_rules.txt (2 rules, 2 criteria, and 2 responses)
maxplayers set to 1
We're happy and aperture_render_targets!Created Photo RT: _rt_LargePhoto
Created Photo RT: _rt_LargePhoto
Created Photo RT: _rt_LargePhoto
Missing cfg\cpu_level_2_pc.ekv
Missing cfg\gpu_level_3_pc.ekv
Missing cfg\mem_level_2_pc.ekv
Missing cfg\gpu_mem_level_2_pc.ekv
Running -nogameui mode, using client module instead of gameui
Steam config directory: C:\SourceCode\aperture-camera\game\platform\config
KeyValues Error: RecursiveLoadFromBuffer:  got NULL key in file particles/particles_manifest.txt
particles_manifest, 
CParticleMgr::Init:  Manifest 'particles/particles_manifest.txt' with bogus file type 'file		', expecting 'file'
CParticleMgr::Init:  Manifest 'particles/particles_manifest.txt' with bogus file type '
}', expecting 'file'
No split screen config file 'splitscreen_config.txt', using defaults
Missing cfg\cpu_level_2_pc.ekv
Missing cfg\gpu_level_3_pc.ekv
Missing cfg\mem_level_2_pc.ekv
Missing cfg\gpu_mem_level_2_pc.ekv
CGameEventManager::AddListener: event 'replay_status' unknown.
CGameEventManager::AddListener: event 'spec_target_updated' unknown.
KV Conditional: Unknown symbol OSX
KV Conditional: Unknown symbol OSX
"materials/_rt_largephoto1.vtf": can't be found on disk
"materials/_rt_largephoto2.vtf": can't be found on disk
"materials/_rt_largephoto3.vtf": can't be found on disk
Hud element 'CHudControlHelper' doesn't have an entry 'HudControlHelper' in scripts/HudLayout.res
Hud element 'CHudIndicator' doesn't have an entry 'HudIndicator' in scripts/HudLayout.res
Hud element 'CHudViewfinder' doesn't have an entry 'HudViewfinder' in scripts/HudLayout.res
Hud element 'CHudPhotoInventory' doesn't have an entry 'HudPhotoInventory' in scripts/HudLayout.res
Hud element 'CHudPhotoFlash' doesn't have an entry 'HudPhotoInventory' in scripts/HudLayout.res
CResponseSystem:  scripts\talker\response_rules.txt (2 rules, 2 criteria, and 2 responses)
cc_lang = 
Missing cfg\cpu_level_2_pc.ekv
Missing cfg\gpu_level_3_pc.ekv
Missing cfg\mem_level_2_pc.ekv
Missing cfg\gpu_mem_level_2_pc.ekv
Sound Initialization: Start
DS:stereo speaker configuration detected
Set primary sound buffer format: yes
Using secondary sound buffer
   2 channel(s)
   16 bits/sample
   44100 samples/sec
DirectSound initialized
Stopping All Sounds...
Trying cache :  'c:/sourcecode/aperture-camera/game/valve/maps/soundcache/_master.cache'
Successfully loaded audio cache file
Sound Initialization: Finish, Sampling Rate: 44100
cc_lang = 
Legacy Surround disabled.
Stopping All Sounds...
Sound Initialization: Start
DS:stereo speaker configuration detected
Set primary sound buffer format: yes
Using secondary sound buffer
   2 channel(s)
   16 bits/sample
   44100 samples/sec
DirectSound initialized
Stopping All Sounds...
Trying cache :  'c:/sourcecode/aperture-camera/game/valve/maps/soundcache/_master.cache'
Successfully loaded audio cache file
Sound Initialization: Finish, Sampling Rate: 44100
Datacenter::RequestStart, time 1.75
Datacenter::RequestStop, time 1.75, state 1
Datacenter::RequestUpdate failed
Stopping All Sounds...
Stopping All Sounds...
---- Host_NewGame ----
Network: IP 10.147.17.76, mode SP, dedicated No, ports 0 SV / 0 CL
Network: IP 10.147.17.76, mode MP, dedicated No, ports 27015 SV / 27005 CL
#######################################
Map testroom_aperture missing stringtable dictionary, don't ship this way!!!
#######################################
Host_NewGame on map testroom_aperture
Set Gravity 600.0 (0.250 tolerance)
PrecacheScriptSound 'default.null' failed, no such sound script entry
weapons/v_portalgun.mdl : material "models/weapons/v_models/v_portalgun/v_hands" not found.
CreateEvent: event 'picked_up_paint' not registered.
PrecacheScriptSound 'Paintgun.FireLoop' failed, no such sound script entry
Direct precache of vehicles/airboat/pontoon_fast_water_loop2.wav
Error Index File for 'weapons\w_cam.mdl' checksum 1322159438 should be 2037782653
Warning:  Can't add NULL string to table EffectDispatch
Failed to load models/weapons/v_cam.mdl!
Warning:  Can't add NULL string to table EffectDispatch
Error: Material "models/items/photo_capture01" : proxy "PhotoMaterial" not found!
"materials/null.vtf": can't be found on disk
Error reading weapon data file for: weapon_hopwire
Warning:  Can't add NULL string to table EffectDispatch
Warning:  Can't add NULL string to table EffectDispatch
Warning:  Can't add NULL string to table EffectDispatch
Warning:  Can't add NULL string to table EffectDispatch
Warning:  Can't add NULL string to table EffectDispatch
Warning:  Can't add NULL string to table EffectDispatch
Warning:  Can't add NULL string to table EffectDispatch
Warning:  Can't add NULL string to table EffectDispatch
Warning:  Can't add NULL string to table EffectDispatch
Warning:  Can't add NULL string to table EffectDispatch
Warning:  Can't add NULL string to table EffectDispatch
Warning:  Can't add NULL string to table EffectDispatch
Warning:  Can't add NULL string to table EffectDispatch
Script not found (scripts/vscripts/mapspawn.nut) 
Failed to CRC cfg/cpu_level_0_pc.ekv
Failed to CRC cfg/cpu_level_0_pc_ss.ekv
Failed to CRC cfg/cpu_level_1_pc.ekv
Failed to CRC cfg/cpu_level_1_pc_ss.ekv
Failed to CRC cfg/cpu_level_2_pc.ekv
Failed to CRC cfg/cpu_level_2_pc_ss.ekv
Failed to CRC cfg/gpu_level_0_pc.ekv
Failed to CRC cfg/gpu_level_1_pc.ekv
Failed to CRC cfg/gpu_level_2_pc.ekv
Failed to CRC cfg/gpu_level_3_pc.ekv
Failed to CRC cfg/mem_level_0_pc.ekv
Failed to CRC cfg/mem_level_1_pc.ekv
Failed to CRC cfg/mem_level_2_pc.ekv
Failed to CRC cfg/gpu_mem_level_0_pc.ekv
Failed to CRC cfg/gpu_mem_level_1_pc.ekv
Failed to CRC cfg/gpu_mem_level_2_pc.ekv
Failed to CRC scripts/asw_weapon_ammo_bag.txt
Failed to CRC scripts/asw_weapon_ammo_satchel.txt
Failed to CRC scripts/asw_weapon_autogun.txt
Failed to CRC scripts/asw_weapon_blink.txt
Failed to CRC scripts/asw_weapon_buff_grenade.txt
Failed to CRC scripts/asw_weapon_chainsaw.txt
Failed to CRC scripts/asw_weapon_electrified_armor.txt
Failed to CRC scripts/asw_weapon_fire_extinguisher.txt
Failed to CRC scripts/asw_weapon_fist.txt
Failed to CRC scripts/asw_weapon_flamer.txt
Failed to CRC scripts/asw_weapon_flares.txt
Failed to CRC scripts/asw_weapon_flashlight.txt
Failed to CRC scripts/asw_weapon_freeze_grenades.txt
Failed to CRC scripts/asw_weapon_grenades.txt
Failed to CRC scripts/asw_weapon_grenade_launcher.txt
Failed to CRC scripts/asw_weapon_heal_grenade.txt
Failed to CRC scripts/asw_weapon_heal_gun.txt
Failed to CRC scripts/asw_weapon_hornet_barrage.txt
Failed to CRC scripts/asw_weapon_jump_jet.txt
Failed to CRC scripts/asw_weapon_laser_mines.txt
Failed to CRC scripts/asw_weapon_medical_satchel.txt
Failed to CRC scripts/asw_weapon_medkit.txt
Failed to CRC scripts/asw_weapon_mines.txt
Failed to CRC scripts/asw_weapon_minigun.txt
Failed to CRC scripts/asw_weapon_mining_laser.txt
Failed to CRC scripts/asw_weapon_night_vision.txt
Failed to CRC scripts/asw_weapon_normal_armor.txt
Failed to CRC scripts/asw_weapon_pdw.txt
Failed to CRC scripts/asw_weapon_pistol.txt
Failed to CRC scripts/asw_weapon_prifle.txt
Failed to CRC scripts/asw_weapon_railgun.txt
Failed to CRC scripts/asw_weapon_rifle.txt
Failed to CRC scripts/asw_weapon_sentry.txt
Failed to CRC scripts/asw_weapon_sentry_cannon.txt
Failed to CRC scripts/asw_weapon_sentry_flamer.txt
Failed to CRC scripts/asw_weapon_sentry_freeze.txt
Failed to CRC scripts/asw_weapon_shotgun.txt
Failed to CRC scripts/asw_weapon_smart_bomb.txt
Failed to CRC scripts/asw_weapon_sniper_rifle.txt
Failed to CRC scripts/asw_weapon_stim.txt
Failed to CRC scripts/asw_weapon_tesla_gun.txt
Failed to CRC scripts/asw_weapon_tesla_trap.txt
Failed to CRC scripts/asw_weapon_vindicator.txt
Failed to CRC scripts/asw_weapon_welder.txt
Attempted to create unknown entity type prop_portal_linked_door!
Can't init prop_portal_linked_door
Attempted to create unknown entity type prop_portal_linked_door!
Can't init prop_portal_linked_door
props_farm\mousetrap.mdl : material "models/props_farm/mousetrap001" not found.
PrecacheScriptSound 'NPC_Android.Pain' failed, no such sound script entry
Attempted to create unknown entity type _squashed_zombie!
NULL Ent in UTIL_PrecacheOther
PrecacheScriptSound 'AndroidDispenser.Blocked' failed, no such sound script entry
PrecacheScriptSound 'AndroidDispenser.Dispense' failed, no such sound script entry
prop_dynamic at -872 0 128 uses model models/props_c17/furnituretable002a.mdl, which has propdata which means that it be used on a prop_physics. DELETED.
"materials/models/bot_fem/bot_male_exponent.vtf": can't be found on disk
npcs/hover_turret.mdl : material "models/props_bts/glados_ball_01" not found.
npcs/hover_turret.mdl : material "models/props_bts/glados_ball_02" not found.
npcs/hover_turret.mdl : material "models/props_bts/glados_ball_03" not found.
npcs/hover_turret.mdl : material "models/props_bts/glados_ball_04" not found.
Invalid file size for motd.txt
Invalid file size for host.txt
Created class baseline: 21 classes, 3088 bytes.
Heartbeat is disabled (usually developer or cheats is on).
m_eServerMode pre = 0
m_eServerMode post = 2
************************************************
*  Unable to load Steam support library.       *
*  This server will operate in LAN mode only.  *
************************************************
Heartbeat is disabled (usually developer or cheats is on).
Stopping All Sounds...
1.000:  Sending UDP connect to public IP 127.0.0.1:27015
Server using '<none>' lobbies, requiring pw no, lobby id 0
RememberIPAddressForLobby: lobby 0 from address loopback

Portal
Map: testroom_aperture
Players: 1 (0 bots) / 1 humans
Build: 6653
Server Number: 1

material "particle/particle_glow_05_add_15ob" not found.
Attempted to precache unknown particle system "portal_dematerialize"!
Attempted to precache unknown particle system "portal_rematerialize"!
Attempted to precache unknown particle system "zombie_stomp_heavy"!
Attempted to precache unknown particle system "GrubBlood"!
Attempted to precache unknown particle system "fizzler_field"!
Attempted to precache unknown particle system "fizzler_field_scalable"!
material "overlays/coop_ping_decal" not found.
material "effects/huntertracer" not found.
Attempted to precache unknown particle system "rain_storm"!
Attempted to precache unknown particle system "rain_storm"!
Attempted to precache unknown particle system "rain_storm_screen"!
Attempted to precache unknown particle system "rain_storm_screen"!
Attempted to precache unknown particle system "rain_storm_outer"!
Attempted to precache unknown particle system "rain_storm_outer"!
Attempted to precache unknown particle system "rain"!
Attempted to precache unknown particle system "rain"!
Attempted to precache unknown particle system "rain_outer"!
Attempted to precache unknown particle system "rain_outer"!
Attempted to precache unknown particle system "ash"!
Attempted to precache unknown particle system "ash"!
Attempted to precache unknown particle system "ash_outer"!
Attempted to precache unknown particle system "ash_outer"!
Attempted to precache unknown particle system "snow"!
Attempted to precache unknown particle system "snow"!
Attempted to precache unknown particle system "snow_outer"!
Attempted to precache unknown particle system "snow_outer"!
Attempted to precache unknown particle system "rtube_muzzle"!
Attempted to precache unknown particle system "rtube_muzzle"!
Attempted to precache unknown particle system "paint_hose"!
Attempted to precache unknown particle system "paint_hose"!
material "photos/photo_background" not found.
material "photos/photo_foreground" not found.
Script not found (scripts/vscripts/mapspawn.nut) 
Sending full update to Client gustavo (gustavo can't find frame from tick -1)
Receiving uncompressed update from server
Set Gravity 600.0 (0.250 tolerance)
Queued Material System: ENABLED!
DEBUG HISTORY IS ENABLED. Disable before release (in env_debughistory.h).
CreateEvent: event 'portal_player_touchedground' not registered.
material "" not found.
Attempting to create unknown particle system 'fizzler_field_scalable' 
Attempting to create unknown particle system 'fizzler_field' 
Attempting to create unknown particle system 'fizzler_field' 
Attempting to create unknown particle system 'fizzler_field_scalable' 
Redownloading all lightmaps
R_RedownloadAllLightmaps took 4.635 msec!
gustavo unpaused the game
CModelRenderSystem::SetupFlashlightsAndDecals sorted model list count incorrect! A model was probably unable to load!CModelRenderSystem::SetupFlashlightsAndDecals sorted model list count incorrect! A model was probably unable to load!CModelRenderSystem::SetupFlashlightsAndDecals sorted model list count incorrect! A model was probably unable to load!CModelRenderSystem::SetupFlashlightsAndDecals sorted model list count incorrect! A model was probably unable to load!CModelRenderSystem::SetupFlashlightsAndDecals sorted model list count incorrect! A model was probably unable to load!CModelRenderSystem::SetupFlashlightsAndDecals sorted model list count incorrect! A model was probably unable to load!CModelRenderSystem::SetupFlashlightsAndDecals sorted model list count incorrect! A model was probably unable to load!CModelRenderSystem::SetupFlashlightsAndDecals sorted model list count incorrect! A model was probably unable to load!CModelRenderSystem::SetupFlashlightsAndDecals sorted model list count incorrect! A model was probably unable to load!CModelRenderSystem::SetupFlashlightsAndDecals sorted model list count incorrect! A model was probably unable to load!CModelRenderSystem::SetupFlashlightsAndDecals sorted model list count incorrect! A model was probably unable to load!CModelRenderSystem::SetupFlashlightsAndDecals sorted model list count incorrect! A model was probably unable to load!CModelRenderSystem::SetupFlashlightsAndDecals sorted model list count incorrect! A model was probably unable to load!CModelRenderSystem::SetupFlashlightsAndDecals sorted model list count incorrect! A model was probably unable to load!CModelRenderSystem::SetupFlashlightsAndDecals sorted model list count incorrect! A model was probably unable to load!CModelRenderSystem::SetupFlashlightsAndDecals sorted model list count incorrect! A model was probably unable to load!CModelRenderSystem::SetupFlashlightsAndDecals sorted model list count incorrect! A model was probably unable to load!CModelRenderSystem::SetupFlashlightsAndDecals sorted model list count incorrect! A model was probably unable to load!CModelRenderSystem::SetupFlashlightsAndDecals sorted model list count incorrect! A model was probably unable to load!CModelRenderSystem::SetupFlashlightsAndDecals sorted model list count incorrect! A model was probably unable to load!CModelRenderSystem::SetupFlashlightsAndDecals sorted model list count incorrect! A model was probably unable to load!CModelRenderSystem::SetupFlashlightsAndDecals sorted model list count incorrect! A model was probably unable to load!CModelRenderSystem::SetupFlashlightsAndDecals sorted model list count incorrect! A model was probably unable to load!CModelRenderSystem::SetupFlashlightsAndDecals sorted model list count incorrect! A model was probably unable to load!CModelRenderSystem::SetupFlashlightsAndDecals sorted model list count incorrect! A model was probably unable to load!CModelRenderSystem::SetupFlashlightsAndDecals sorted model list count incorrect! A model was probably unable to load!CModelRenderSystem::SetupFlashlightsAndDecals sorted model list count incorrect! A model was probably unable to load!CModelRenderSystem::SetupFlashlightsAndDecals sorted model list count incorrect! A model was probably unable to load!CModelRenderSystem::SetupFlashlightsAndDecals sorted model list count incorrect! A model was probably unable to load!CModelRenderSystem::SetupFlashlightsAndDecals sorted model list count incorrect! A model was probably unable to load!CModelRenderSystem::SetupFlashlightsAndDecals sorted model list count incorrect! A model was probably unable to load!CModelRenderSystem::SetupFlashlightsAndDecals sorted model list count incorrect! A model was probably unable to load!CModelRenderSystem::SetupFlashlightsAndDecals sorted model list count incorrect! A model was probably unable to load!CModelRenderSystem::SetupFlashlightsAndDecals sorted model list count incorrect! A model was probably unable to load!CModelRenderSystem::SetupFlashlightsAndDecals sorted model list count incorrect! A model was probably unable to load!CModelRenderSystem::SetupFlashlightsAndDecals sorted model list count incorrect! A model was probably unable to load!CModelRenderSystem::SetupFlashlightsAndDecals sorted model list count incorrect! A model was probably unable to load!CModelRenderSystem::SetupFlashlightsAndDecals sorted model list count incorrect! A model was probably unable to load!CModelRenderSystem::SetupFlashlightsAndDecals sorted model list count incorrect! A model was probably unable to load!CModelRenderSystem::SetupFlashlightsAndDecals sorted model list count incorrect! A model was probably unable to load!CModelRenderSystem::SetupFlashlightsAndDecals sorted model list count incorrect! A model was probably unable to load!CModelRenderSystem::SetupFlashlightsAndDecals sorted model list count incorrect! A model was probably unable to load!CModelRenderSystem::SetupFlashlightsAndDecals sorted model list count incorrect! A model was probably unable to load!CModelRenderSystem::SetupFlashlightsAndDecals sorted model list count incorrect! A model was probably unable to load!CModelRenderSystem::SetupFlashlightsAndDecals sorted model list count incorrect! A model was probably unable to load!CModelRenderSystem::SetupFlashlightsAndDecals sorted model list count incorrect! A model was probably unable to load!CModelRenderSystem::SetupFlashlightsAndDecals sorted model list count incorrect! A model was probably unable to load!CModelRenderSystem::SetupFlashlightsAndDecals sorted model list count incorrect! A model was probably unable to load!CModelRenderSystem::SetupFlashlightsAndDecals sorted model list count incorrect! A model was probably unable to load!CModelRenderSystem::SetupFlashlightsAndDecals sorted model list count incorrect! A model was probably unable to load!CModelRenderSystem::SetupFlashlightsAndDecals sorted model list count incorrect! A model was probably unable to load!CModelRenderSystem::SetupFlashlightsAndDecals sorted model list count incorrect! A model was probably unable to load!CModelRenderSystem::SetupFlashlightsAndDecals sorted model list count incorrect! A model was probably unable to load!CModelRenderSystem::SetupFlashlightsAndDecals sorted model list count incorrect! A model was probably unable to load!CModelRenderSystem::SetupFlashlightsAndDecals sorted model list count incorrect! A model was probably unable to load!CModelRenderSystem::SetupFlashlightsAndDecals sorted model list count incorrect! A model was probably unable to load!CModelRenderSystem::SetupFlashlightsAndDecals sorted model list count incorrect! A model was probably unable to load!CModelRenderSystem::SetupFlashlightsAndDecals sorted model list count incorrect! A model was probably unable to load!CModelRenderSystem::SetupFlashlightsAndDecals sorted model list count incorrect! A model was probably unable to load!CModelRenderSystem::SetupFlashlightsAndDecals sorted model list count incorrect! A model was probably unable to load!CModelRenderSystem::SetupFlashlightsAndDecals sorted model list count incorrect! A model was probably unable to load!CModelRenderSystem::SetupFlashlightsAndDecals sorted model list count incorrect! A model was probably unable to load!CModelRenderSystem::SetupFlashlightsAndDecals sorted model list count incorrect! A model was probably unable to load!CModelRenderSystem::SetupFlashlightsAndDecals sorted model list count incorrect! A model was probably unable to load!CModelRenderSystem::SetupFlashlightsAndDecals sorted model list count incorrect! A model was probably unable to load!CModelRenderSystem::SetupFlashlightsAndDecals sorted model list count incorrect! A model was probably unable to load!CModelRenderSystem::SetupFlashlightsAndDecals sorted model list count incorrect! A model was probably unable to load!CModelRenderSystem::SetupFlashlightsAndDecals sorted model list count incorrect! A model was probably unable to load!CModelRenderSystem::SetupFlashlightsAndDecals sorted model list count incorrect! A model was probably unable to load!CModelRenderSystem::SetupFlashlightsAndDecals sorted model list count incorrect! A model was probably unable to load!CModelRenderSystem::SetupFlashlightsAndDecals sorted model list count incorrect! A model was probably unable to load!CModelRenderSystem::SetupFlashlightsAndDecals sorted model list count incorrect! A model was probably unable to load!CModelRenderSystem::SetupFlashlightsAndDecals sorted model list count incorrect! A model was probably unable to load!CModelRenderSystem::SetupFlashlightsAndDecals sorted model list count incorrect! A model was probably unable to load!CModelRenderSystem::SetupFlashlightsAndDecals sorted model list count incorrect! A model was probably unable to load!CModelRenderSystem::SetupFlashlightsAndDecals sorted model list count incorrect! A model was probably unable to load!CModelRenderSystem::SetupFlashlightsAndDecals sorted model list count incorrect! A model was probably unable to load!CModelRenderSystem::SetupFlashlightsAndDecals sorted model list count incorrect! A model was probably unable to load!CModelRenderSystem::SetupFlashlightsAndDecals sorted model list count incorrect! A model was probably unable to load!CModelRenderSystem::SetupFlashlightsAndDecals sorted model list count incorrect! A model was probably unable to load!CModelRenderSystem::SetupFlashlightsAndDecals sorted model list count incorrect! A model was probably unable to load!CModelRenderSystem::SetupFlashlightsAndDecals sorted model list count incorrect! A model was probably unable to load!CModelRenderSystem::SetupFlashlightsAndDecals sorted model list count incorrect! A model was probably unable to load!CModelRenderSystem::SetupFlashlightsAndDecals sorted model list count incorrect! A model was probably unable to load!CModelRenderSystem::SetupFlashlightsAndDecals sorted model list count incorrect! A model was probably unable to load!CModelRenderSystem::SetupFlashlightsAndDecals sorted model list count incorrect! A model was probably unable to load!CModelRenderSystem::SetupFlashlightsAndDecals sorted model list count incorrect! A model was probably unable to load!CModelRenderSystem::SetupFlashlightsAndDecals sorted model list count incorrect! A model was probably unable to load!CModelRenderSystem::SetupFlashlightsAndDecals sorted model list count incorrect! A model was probably unable to load!CModelRenderSystem::SetupFlashlightsAndDecals sorted model list count incorrect! A model was probably unable to load!CModelRenderSystem::SetupFlashlightsAndDecals sorted model list count incorrect! A model was probably unable to load!CModelRenderSystem::SetupFlashlightsAndDecals sorted model list count incorrect! A model was probably unable to load!CreateEvent: event 'portal_player_touchedground' not registered.
CModelRenderSystem::SetupFlashlightsAndDecals sorted model list count incorrect! A model was probably unable to load!CModelRenderSystem::SetupFlashlightsAndDecals sorted model list count incorrect! A model was probably unable to load!CModelRenderSystem::SetupFlashlightsAndDecals sorted model list count incorrect! A model was probably unable to load!CModelRenderSystem::SetupFlashlightsAndDecals sorted model list count incorrect! A model was probably unable to load!CModelRenderSystem::SetupFlashlightsAndDecals sorted model list count incorrect! A model was probably unable to load!CModelRenderSystem::SetupFlashlightsAndDecals sorted model list count incorrect! A model was probably unable to load!CModelRenderSystem::SetupFlashlightsAndDecals sorted model list count incorrect! A model was probably unable to load!CModelRenderSystem::SetupFlashlightsAndDecals sorted model list count incorrect! A model was probably unable to load!CModelRenderSystem::SetupFlashlightsAndDecals sorted model list count incorrect! A model was probably unable to load!CModelRenderSystem::SetupFlashlightsAndDecals sorted model list count incorrect! A model was probably unable to load!CModelRenderSystem::SetupFlashlightsAndDecals sorted model list count incorrect! A model was probably unable to load!CModelRenderSystem::SetupFlashlightsAndDecals sorted model list count incorrect! A model was probably unable to load!CModelRenderSystem::SetupFlashlightsAndDecals sorted model list count incorrect! A model was probably unable to load!CModelRenderSystem::SetupFlashlightsAndDecals sorted model list count incorrect! A model was probably unable to load!CModelRenderSystem::SetupFlashlightsAndDecals sorted model list count incorrect! A model was probably unable to load!CModelRenderSystem::SetupFlashlightsAndDecals sorted model list count incorrect! A model was probably unable to load!CModelRenderSystem::SetupFlashlightsAndDecals sorted model list count incorrect! A model was probably unable to load!CModelRenderSystem::SetupFlashlightsAndDecals sorted model list count incorrect! A model was probably unable to load!CModelRenderSystem::SetupFlashlightsAndDecals sorted model list count incorrect! A model was probably unable to load!CModelRenderSystem::SetupFlashlightsAndDecals sorted model list count incorrect! A model was probably unable to load!CModelRenderSystem::SetupFlashlightsAndDecals sorted model list count incorrect! A model was probably unable to load!CModelRenderSystem::SetupFlashlightsAndDecals sorted model list count incorrect! A model was probably unable to load!CModelRenderSystem::SetupFlashlightsAndDecals sorted model list count incorrect! A model was probably unable to load!CModelRenderSystem::SetupFlashlightsAndDecals sorted model list count incorrect! A model was probably unable to load!CModelRenderSystem::SetupFlashlightsAndDecals sorted model list count incorrect! A model was probably unable to load!CModelRenderSystem::SetupFlashlightsAndDecals sorted model list count incorrect! A model was probably unable to load!CModelRenderSystem::SetupFlashlightsAndDecals sorted model list count incorrect! A model was probably unable to load!CModelRenderSystem::SetupFlashlightsAndDecals sorted model list count incorrect! A model was probably unable to load!CModelRenderSystem::SetupFlashlightsAndDecals sorted model list count incorrect! A model was probably unable to load!CModelRenderSystem::SetupFlashlightsAndDecals sorted model list count incorrect! A model was probably unable to load!CModelRenderSystem::SetupFlashlightsAndDecals sorted model list count incorrect! A model was probably unable to load!CModelRenderSystem::SetupFlashlightsAndDecals sorted model list count incorrect! A model was probably unable to load!CModelRenderSystem::SetupFlashlightsAndDecals sorted model list count incorrect! A model was probably unable to load!CModelRenderSystem::SetupFlashlightsAndDecals sorted model list count incorrect! A model was probably unable to load!CModelRenderSystem::SetupFlashlightsAndDecals sorted model list count incorrect! A model was probably unable to load!CModelRenderSystem::SetupFlashlightsAndDecals sorted model list count incorrect! A model was probably unable to load!CModelRenderSystem::SetupFlashlightsAndDecals sorted model list count incorrect! A model was probably unable to load!CModelRenderSystem::SetupFlashlightsAndDecals sorted model list count incorrect! A model was probably unable to load!CModelRenderSystem::SetupFlashlightsAndDecals sorted model list count incorrect! A model was probably unable to load!CModelRenderSystem::SetupFlashlightsAndDecals sorted model list count incorrect! A model was probably unable to load!CModelRenderSystem::SetupFlashlightsAndDecals sorted model list count incorrect! A model was probably unable to load!CModelRenderSystem::SetupFlashlightsAndDecals sorted model list count incorrect! A model was probably unable to load!CModelRenderSystem::SetupFlashlightsAndDecals sorted model list count incorrect! A model was probably unable to load!CModelRenderSystem::SetupFlashlightsAndDecals sorted model list count incorrect! A model was probably unable to load!CModelRenderSystem::SetupFlashlightsAndDecals sorted model list count incorrect! A model was probably unable to load!CModelRenderSystem::SetupFlashlightsAndDecals sorted model list count incorrect! A model was probably unable to load!CModelRenderSystem::SetupFlashlightsAndDecals sorted model list count incorrect! A model was probably unable to load!CModelRenderSystem::SetupFlashlightsAndDecals sorted model list count incorrect! A model was probably unable to load!CModelRenderSystem::SetupFlashlightsAndDecals sorted model list count incorrect! A model was probably unable to load!CModelRenderSystem::SetupFlashlightsAndDecals sorted model list count incorrect! A model was probably unable to load!CModelRenderSystem::SetupFlashlightsAndDecals sorted model list count incorrect! A model was probably unable to load!CModelRenderSystem::SetupFlashlightsAndDecals sorted model list count incorrect! A model was probably unable to load!CModelRenderSystem::SetupFlashlightsAndDecals sorted model list count incorrect! A model was probably unable to load!CModelRenderSystem::SetupFlashlightsAndDecals sorted model list count incorrect! A model was probably unable to load!CModelRenderSystem::SetupFlashlightsAndDecals sorted model list count incorrect! A model was probably unable to load!CModelRenderSystem::SetupFlashlightsAndDecals sorted model list count incorrect! A model was probably unable to load!CModelRenderSystem::SetupFlashlightsAndDecals sorted model list count incorrect! A model was probably unable to load!CreateEvent: event 'portal_player_touchedground' not registered.
CModelRenderSystem::SetupFlashlightsAndDecals sorted model list count incorrect! A model was probably unable to load!CModelRenderSystem::SetupFlashlightsAndDecals sorted model list count incorrect! A model was probably unable to load!CModelRenderSystem::SetupFlashlightsAndDecals sorted model list count incorrect! A model was probably unable to load!CModelRenderSystem::SetupFlashlightsAndDecals sorted model list count incorrect! A model was probably unable to load!CModelRenderSystem::SetupFlashlightsAndDecals sorted model list count incorrect! A model was probably unable to load!CModelRenderSystem::SetupFlashlightsAndDecals sorted model list count incorrect! A model was probably unable to load!CModelRenderSystem::SetupFlashlightsAndDecals sorted model list count incorrect! A model was probably unable to load!CModelRenderSystem::SetupFlashlightsAndDecals sorted model list count incorrect! A model was probably unable to load!CModelRenderSystem::SetupFlashlightsAndDecals sorted model list count incorrect! A model was probably unable to load!CModelRenderSystem::SetupFlashlightsAndDecals sorted model list count incorrect! A model was probably unable to load!CModelRenderSystem::SetupFlashlightsAndDecals sorted model list count incorrect! A model was probably unable to load!CModelRenderSystem::SetupFlashlightsAndDecals sorted model list count incorrect! A model was probably unable to load!CModelRenderSystem::SetupFlashlightsAndDecals sorted model list count incorrect! A model was probably unable to load!CModelRenderSystem::SetupFlashlightsAndDecals sorted model list count incorrect! A model was probably unable to load!CModelRenderSystem::SetupFlashlightsAndDecals sorted model list count incorrect! A model was probably unable to load!CModelRenderSystem::SetupFlashlightsAndDecals sorted model list count incorrect! A model was probably unable to load!CModelRenderSystem::SetupFlashlightsAndDecals sorted model list count incorrect! A model was probably unable to load!CModelRenderSystem::SetupFlashlightsAndDecals sorted model list count incorrect! A model was probably unable to load!CModelRenderSystem::SetupFlashlightsAndDecals sorted model list count incorrect! A model was probably unable to load!CModelRenderSystem::SetupFlashlightsAndDecals sorted model list count incorrect! A model was probably unable to load!CModelRenderSystem::SetupFlashlightsAndDecals sorted model list count incorrect! A model was probably unable to load!CModelRenderSystem::SetupFlashlightsAndDecals sorted model list count incorrect! A model was probably unable to load!CModelRenderSystem::SetupFlashlightsAndDecals sorted model list count incorrect! A model was probably unable to load!CModelRenderSystem::SetupFlashlightsAndDecals sorted model list count incorrect! A model was probably unable to load!CModelRenderSystem::SetupFlashlightsAndDecals sorted model list count incorrect! A model was probably unable to load!CModelRenderSystem::SetupFlashlightsAndDecals sorted model list count incorrect! A model was probably unable to load!CModelRenderSystem::SetupFlashlightsAndDecals sorted model list count incorrect! A model was probably unable to load!CModelRenderSystem::SetupFlashlightsAndDecals sorted model list count incorrect! A model was probably unable to load!CModelRenderSystem::SetupFlashlightsAndDecals sorted model list count incorrect! A model was probably unable to load!CModelRenderSystem::SetupFlashlightsAndDecals sorted model list count incorrect! A model was probably unable to load!CModelRenderSystem::SetupFlashlightsAndDecals sorted model list count incorrect! A model was probably unable to load!CModelRenderSystem::SetupFlashlightsAndDecals sorted model list count incorrect! A model was probably unable to load!CModelRenderSystem::SetupFlashlightsAndDecals sorted model list count incorrect! A model was probably unable to load!CModelRenderSystem::SetupFlashlightsAndDecals sorted model list count incorrect! A model was probably unable to load!CModelRenderSystem::SetupFlashlightsAndDecals sorted model list count incorrect! A model was probably unable to load!CModelRenderSystem::SetupFlashlightsAndDecals sorted model list count incorrect! A model was probably unable to load!CModelRenderSystem::SetupFlashlightsAndDecals sorted model list count incorrect! A model was probably unable to load!CModelRenderSystem::SetupFlashlightsAndDecals sorted model list count incorrect! A model was probably unable to load!CModelRenderSystem::SetupFlashlightsAndDecals sorted model list count incorrect! A model was probably unable to load!CModelRenderSystem::SetupFlashlightsAndDecals sorted model list count incorrect! A model was probably unable to load!CModelRenderSystem::SetupFlashlightsAndDecals sorted model list count incorrect! A model was probably unable to load!CModelRenderSystem::SetupFlashlightsAndDecals sorted model list count incorrect! A model was probably unable to load!CModelRenderSystem::SetupFlashlightsAndDecals sorted model list count incorrect! A model was probably unable to load!CModelRenderSystem::SetupFlashlightsAndDecals sorted model list count incorrect! A model was probably unable to load!CModelRenderSystem::SetupFlashlightsAndDecals sorted model list count incorrect! A model was probably unable to load!CModelRenderSystem::SetupFlashlightsAndDecals sorted model list count incorrect! A model was probably unable to load!CModelRenderSystem::SetupFlashlightsAndDecals sorted model list count incorrect! A model was probably unable to load!CModelRenderSystem::SetupFlashlightsAndDecals sorted model list count incorrect! A model was probably unable to load!CModelRenderSystem::SetupFlashlightsAndDecals sorted model list count incorrect! A model was probably unable to load!CModelRenderSystem::SetupFlashlightsAndDecals sorted model list count incorrect! A model was probably unable to load!CModelRenderSystem::SetupFlashlightsAndDecals sorted model list count incorrect! A model was probably unable to load!CModelRenderSystem::SetupFlashlightsAndDecals sorted model list count incorrect! A model was probably unable to load!CModelRenderSystem::SetupFlashlightsAndDecals sorted model list count incorrect! A model was probably unable to load!CModelRenderSystem::SetupFlashlightsAndDecals sorted model list count incorrect! A model was probably unable to load!CModelRenderSystem::SetupFlashlightsAndDecals sorted model list count incorrect! A model was probably unable to load!CModelRenderSystem::SetupFlashlightsAndDecals sorted model list count incorrect! A model was probably unable to load!CModelRenderSystem::SetupFlashlightsAndDecals sorted model list count incorrect! A model was probably unable to load!CModelRenderSystem::SetupFlashlightsAndDecals sorted model list count incorrect! A model was probably unable to load!CModelRenderSystem::SetupFlashlightsAndDecals sorted model list count incorrect! A model was probably unable to load!CModelRenderSystem::SetupFlashlightsAndDecals sorted model list count incorrect! A model was probably unable to load!CModelRenderSystem::SetupFlashlightsAndDecals sorted model list count incorrect! A model was probably unable to load!CModelRenderSystem::SetupFlashlightsAndDecals sorted model list count incorrect! A model was probably unable to load!CModelRenderSystem::SetupFlashlightsAndDecals sorted model list count incorrect! A model was probably unable to load!CModelRenderSystem::SetupFlashlightsAndDecals sorted model list count incorrect! A model was probably unable to load!CModelRenderSystem::SetupFlashlightsAndDecals sorted model list count incorrect! A model was probably unable to load!CModelRenderSystem::SetupFlashlightsAndDecals sorted model list count incorrect! A model was probably unable to load!CModelRenderSystem::SetupFlashlightsAndDecals sorted model list count incorrect! A model was probably unable to load!CModelRenderSystem::SetupFlashlightsAndDecals sorted model list count incorrect! A model was probably unable to load!CModelRenderSystem::SetupFlashlightsAndDecals sorted model list count incorrect! A model was probably unable to load!CModelRenderSystem::SetupFlashlightsAndDecals sorted model list count incorrect! A model was probably unable to load!CModelRenderSystem::SetupFlashlightsAndDecals sorted model list count incorrect! A model was probably unable to load!CModelRenderSystem::SetupFlashlightsAndDecals sorted model list count incorrect! A model was probably unable to load!CModelRenderSystem::SetupFlashlightsAndDecals sorted model list count incorrect! A model was probably unable to load!CModelRenderSystem::SetupFlashlightsAndDecals sorted model list count incorrect! A model was probably unable to load!CModelRenderSystem::SetupFlashlightsAndDecals sorted model list count incorrect! A model was probably unable to load!CModelRenderSystem::SetupFlashlightsAndDecals sorted model list count incorrect! A model was probably unable to load!CModelRenderSystem::SetupFlashlightsAndDecals sorted model list count incorrect! A model was probably unable to load!CModelRenderSystem::SetupFlashlightsAndDecals sorted model list count incorrect! A model was probably unable to load!CModelRenderSystem::SetupFlashlightsAndDecals sorted model list count incorrect! A model was probably unable to load!CModelRenderSystem::SetupFlashlightsAndDecals sorted model list count incorrect! A model was probably unable to load!CModelRenderSystem::SetupFlashlightsAndDecals sorted model list count incorrect! A model was probably unable to load!CModelRenderSystem::SetupFlashlightsAndDecals sorted model list count incorrect! A model was probably unable to load!CModelRenderSystem::SetupFlashlightsAndDecals sorted model list count incorrect! A model was probably unable to load!CModelRenderSystem::SetupFlashlightsAndDecals sorted model list count incorrect! A model was probably unable to load!CModelRenderSystem::SetupFlashlightsAndDecals sorted model list count incorrect! A model was probably unable to load!CModelRenderSystem::SetupFlashlightsAndDecals sorted model list count incorrect! A model was probably unable to load!CModelRenderSystem::SetupFlashlightsAndDecals sorted model list count incorrect! A model was probably unable to load!CModelRenderSystem::SetupFlashlightsAndDecals sorted model list count incorrect! A model was probably unable to load!CModelRenderSystem::SetupFlashlightsAndDecals sorted model list count incorrect! A model was probably unable to load!CModelRenderSystem::SetupFlashlightsAndDecals sorted model list count incorrect! A model was probably unable to load!CModelRenderSystem::SetupFlashlightsAndDecals sorted model list count incorrect! A model was probably unable to load!CModelRenderSystem::SetupFlashlightsAndDecals sorted model list count incorrect! A model was probably unable to load!CModelRenderSystem::SetupFlashlightsAndDecals sorted model list count incorrect! A model was probably unable to load!CModelRenderSystem::SetupFlashlightsAndDecals sorted model list count incorrect! A model was probably unable to load!CModelRenderSystem::SetupFlashlightsAndDecals sorted model list count incorrect! A model was probably unable to load!CModelRenderSystem::SetupFlashlightsAndDecals sorted model list count incorrect! A model was probably unable to load!CModelRenderSystem::SetupFlashlightsAndDecals sorted model list count incorrect! A model was probably unable to load!CModelRenderSystem::SetupFlashlightsAndDecals sorted model list count incorrect! A model was probably unable to load!CModelRenderSystem::SetupFlashlightsAndDecals sorted model list count incorrect! A model was probably unable to load!CModelRenderSystem::SetupFlashlightsAndDecals sorted model list count incorrect! A model was probably unable to load!CModelRenderSystem::SetupFlashlightsAndDecals sorted model list count incorrect! A model was probably unable to load!CModelRenderSystem::SetupFlashlightsAndDecals sorted model list count incorrect! A model was probably unable to load!CModelRenderSystem::SetupFlashlightsAndDecals sorted model list count incorrect! A model was probably unable to load!CModelRenderSystem::SetupFlashlightsAndDecals sorted model list count incorrect! A model was probably unable to load!CModelRenderSystem::SetupFlashlightsAndDecals sorted model list count incorrect! A model was probably unable to load!CModelRenderSystem::SetupFlashlightsAndDecals sorted model list count incorrect! A model was probably unable to load!CModelRenderSystem::SetupFlashlightsAndDecals sorted model list count incorrect! A model was probably unable to load!CModelRenderSystem::SetupFlashlightsAndDecals sorted model list count incorrect! A model was probably unable to load!CModelRenderSystem::SetupFlashlightsAndDecals sorted model list count incorrect! A model was probably unable to load!CModelRenderSystem::SetupFlashlightsAndDecals sorted model list count incorrect! A model was probably unable to load!CModelRenderSystem::SetupFlashlightsAndDecals sorted model list count incorrect! A model was probably unable to load!CModelRenderSystem::SetupFlashlightsAndDecals sorted model list count incorrect! A model was probably unable to load!CModelRenderSystem::SetupFlashlightsAndDecals sorted model list count incorrect! A model was probably unable to load!CModelRenderSystem::SetupFlashlightsAndDecals sorted model list count incorrect! A model was probably unable to load!CModelRenderSystem::SetupFlashlightsAndDecals sorted model list count incorrect! A model was probably unable to load!CModelRenderSystem::SetupFlashlightsAndDecals sorted model list count incorrect! A model was probably unable to load!CModelRenderSystem::SetupFlashlightsAndDecals sorted model list count incorrect! A model was probably unable to load!CModelRenderSystem::SetupFlashlightsAndDecals sorted model list count incorrect! A model was probably unable to load!CModelRenderSystem::SetupFlashlightsAndDecals sorted model list count incorrect! A model was probably unable to load!CModelRenderSystem::SetupFlashlightsAndDecals sorted model list count incorrect! A model was probably unable to load!CModelRenderSystem::SetupFlashlightsAndDecals sorted model list count incorrect! A model was probably unable to load!CModelRenderSystem::SetupFlashlightsAndDecals sorted model list count incorrect! A model was probably unable to load!CModelRenderSystem::SetupFlashlightsAndDecals sorted model list count incorrect! A model was probably unable to load!CModelRenderSystem::SetupFlashlightsAndDecals sorted model list count incorrect! A model was probably unable to load!CModelRenderSystem::SetupFlashlightsAndDecals sorted model list count incorrect! A model was probably unable to load!CModelRenderSystem::SetupFlashlightsAndDecals sorted model list count incorrect! A model was probably unable to load!CModelRenderSystem::SetupFlashlightsAndDecals sorted model list count incorrect! A model was probably unable to load!CModelRenderSystem::SetupFlashlightsAndDecals sorted model list count incorrect! A model was probably unable to load!CModelRenderSystem::SetupFlashlightsAndDecals sorted model list count incorrect! A model was probably unable to load!CModelRenderSystem::SetupFlashlightsAndDecals sorted model list count incorrect! A model was probably unable to load!CModelRenderSystem::SetupFlashlightsAndDecals sorted model list count incorrect! A model was probably unable to load!CModelRenderSystem::SetupFlashlightsAndDecals sorted model list count incorrect! A model was probably unable to load!CModelRenderSystem::SetupFlashlightsAndDecals sorted model list count incorrect! A model was probably unable to load!CModelRenderSystem::SetupFlashlightsAndDecals sorted model list count incorrect! A model was probably unable to load!CModelRenderSystem::SetupFlashlightsAndDecals sorted model list count incorrect! A model was probably unable to load!CModelRenderSystem::SetupFlashlightsAndDecals sorted model list count incorrect! A model was probably unable to load!CModelRenderSystem::SetupFlashlightsAndDecals sorted model list count incorrect! A model was probably unable to load!CModelRenderSystem::SetupFlashlightsAndDecals sorted model list count incorrect! A model was probably unable to load!CModelRenderSystem::SetupFlashlightsAndDecals sorted model list count incorrect! A model was probably unable to load!CModelRenderSystem::SetupFlashlightsAndDecals sorted model list count incorrect! A model was probably unable to load!CModelRenderSystem::SetupFlashlightsAndDecals sorted model list count incorrect! A model was probably unable to load!CModelRenderSystem::SetupFlashlightsAndDecals sorted model list count incorrect! A model was probably unable to load!CModelRenderSystem::SetupFlashlightsAndDecals sorted model list count incorrect! A model was probably unable to load!CModelRenderSystem::SetupFlashlightsAndDecals sorted model list count incorrect! A model was probably unable to load!CModelRenderSystem::SetupFlashlightsAndDecals sorted model list count incorrect! A model was probably unable to load!CModelRenderSystem::SetupFlashlightsAndDecals sorted model list count incorrect! A model was probably unable to load!CModelRenderSystem::SetupFlashlightsAndDecals sorted model list count incorrect! A model was probably unable to load!CModelRenderSystem::SetupFlashlightsAndDecals sorted model list count incorrect! A model was probably unable to load!CModelRenderSystem::SetupFlashlightsAndDecals sorted model list count incorrect! A model was probably unable to load!CModelRenderSystem::SetupFlashlightsAndDecals sorted model list count incorrect! A model was probably unable to load!CModelRenderSystem::SetupFlashlightsAndDecals sorted model list count incorrect! A model was probably unable to load!CModelRenderSystem::SetupFlashlightsAndDecals sorted model list count incorrect! A model was probably unable to load!CModelRenderSystem::SetupFlashlightsAndDecals sorted model list count incorrect! A model was probably unable to load!CModelRenderSystem::SetupFlashlightsAndDecals sorted model list count incorrect! A model was probably unable to load!CModelRenderSystem::SetupFlashlightsAndDecals sorted model list count incorrect! A model was probably unable to load!CModelRenderSystem::SetupFlashlightsAndDecals sorted model list count incorrect! A model was probably unable to load!CModelRenderSystem::SetupFlashlightsAndDecals sorted model list count incorrect! A model was probably unable to load!CModelRenderSystem::SetupFlashlightsAndDecals sorted model list count incorrect! A model was probably unable to load!CModelRenderSystem::SetupFlashlightsAndDecals sorted model list count incorrect! A model was probably unable to load!CModelRenderSystem::SetupFlashlightsAndDecals sorted model list count incorrect! A model was probably unable to load!CModelRenderSystem::SetupFlashlightsAndDecals sorted model list count incorrect! A model was probably unable to load!CModelRenderSystem::SetupFlashlightsAndDecals sorted model list count incorrect! A model was probably unable to load!CModelRenderSystem::SetupFlashlightsAndDecals sorted model list count incorrect! A model was probably unable to load!CModelRenderSystem::SetupFlashlightsAndDecals sorted model list count incorrect! A model was probably unable to load!CModelRenderSystem::SetupFlashlightsAndDecals sorted model list count incorrect! A model was probably unable to load!CModelRenderSystem::SetupFlashlightsAndDecals sorted model list count incorrect! A model was probably unable to load!CModelRenderSystem::SetupFlashlightsAndDecals sorted model list count incorrect! A model was probably unable to load!CModelRenderSystem::SetupFlashlightsAndDecals sorted model list count incorrect! A model was probably unable to load!CModelRenderSystem::SetupFlashlightsAndDecals sorted model list count incorrect! A model was probably unable to load!CModelRenderSystem::SetupFlashlightsAndDecals sorted model list count incorrect! A model was probably unable to load!CModelRenderSystem::SetupFlashlightsAndDecals sorted model list count incorrect! A model was probably unable to load!CModelRenderSystem::SetupFlashlightsAndDecals sorted model list count incorrect! A model was probably unable to load!CModelRenderSystem::SetupFlashlightsAndDecals sorted model list count incorrect! A model was probably unable to load!CModelRenderSystem::SetupFlashlightsAndDecals sorted model list count incorrect! A model was probably unable to load!CModelRenderSystem::SetupFlashlightsAndDecals sorted model list count incorrect! A model was probably unable to load!CModelRenderSystem::SetupFlashlightsAndDecals sorted model list count incorrect! A model was probably unable to load!CModelRenderSystem::SetupFlashlightsAndDecals sorted model list count incorrect! A model was probably unable to load!CModelRenderSystem::SetupFlashlightsAndDecals sorted model list count incorrect! A model was probably unable to load!CModelRenderSystem::SetupFlashlightsAndDecals sorted model list count incorrect! A model was probably unable to load!CModelRenderSystem::SetupFlashlightsAndDecals sorted model list count incorrect! A model was probably unable to load!CModelRenderSystem::SetupFlashlightsAndDecals sorted model list count incorrect! A model was probably unable to load!CModelRenderSystem::SetupFlashlightsAndDecals sorted model list count incorrect! A model was probably unable to load!CModelRenderSystem::SetupFlashlightsAndDecals sorted model list count incorrect! A model was probably unable to load!CModelRenderSystem::SetupFlashlightsAndDecals sorted model list count incorrect! A model was probably unable to load!CModelRenderSystem::SetupFlashlightsAndDecals sorted model list count incorrect! A model was probably unable to load!CModelRenderSystem::SetupFlashlightsAndDecals sorted model list count incorrect! A model was probably unable to load!CModelRenderSystem::SetupFlashlightsAndDecals sorted model list count incorrect! A model was probably unable to load!CModelRenderSystem::SetupFlashlightsAndDecals sorted model list count incorrect! A model was probably unable to load!CModelRenderSystem::SetupFlashlightsAndDecals sorted model list count incorrect! A model was probably unable to load!CModelRenderSystem::SetupFlashlightsAndDecals sorted model list count incorrect! A model was probably unable to load!CModelRenderSystem::SetupFlashlightsAndDecals sorted model list count incorrect! A model was probably unable to load!CModelRenderSystem::SetupFlashlightsAndDecals sorted model list count incorrect! A model was probably unable to load!CModelRenderSystem::SetupFlashlightsAndDecals sorted model list count incorrect! A model was probably unable to load!CModelRenderSystem::SetupFlashlightsAndDecals sorted model list count incorrect! A model was probably unable to load!CModelRenderSystem::SetupFlashlightsAndDecals sorted model list count incorrect! A model was probably unable to load!CModelRenderSystem::SetupFlashlightsAndDecals sorted model list count incorrect! A model was probably unable to load!CModelRenderSystem::SetupFlashlightsAndDecals sorted model list count incorrect! A model was probably unable to load!CModelRenderSystem::SetupFlashlightsAndDecals sorted model list count incorrect! A model was probably unable to load!Warning:  Can't add NULL string to table EffectDispatch
Warning:  Can't add NULL string to table EffectDispatch
Attempted to precache unknown particle system "weapon_tracers"!
Attempted to precache unknown particle system "weapon_tracers"!
Error reading weapon data file for: basehlcombatweapon
Attempted to precache unknown particle system "weapon_tracers"!
CreateEvent: event 'portal_player_touchedground' not registered.
User Msg 'InventoryFlash': 8 bytes written, expected 5
Warning:  Can't add NULL string to table EffectDispatch
Warning:  Can't add NULL string to table EffectDispatch
Warning:  Can't add NULL string to table EffectDispatch
Warning:  Can't add NULL string to table EffectDispatch
Warning:  Can't add NULL string to table EffectDispatch
Warning:  Can't add NULL string to table EffectDispatch
Warning:  Can't add NULL string to table EffectDispatch
Warning:  Can't add NULL string to table EffectDispatch
Attempted to precache unknown particle system "weapon_tracers"!
Attempted to precache unknown particle system "weapon_tracers"!
Attempted to precache unknown particle system "weapon_tracers"!
Attempted to precache unknown particle system "weapon_tracers"!
Attempted to precache unknown particle system "weapon_tracers"!
Attempted to precache unknown particle system "weapon_tracers"!
Attempted to precache unknown particle system "weapon_tracers"!
Attempted to precache unknown particle system "weapon_tracers"!
Attempted to precache unknown particle system "weapon_tracers"!
Attempted to precache unknown particle system "weapon_tracers"!
gustavo unpaused the game
CreateEvent: event 'portal_player_touchedground' not registered.
CreateEvent: event 'portal_player_touchedground' not registered.
CreateEvent: event 'portal_player_touchedground' not registered.
CreateEvent: event 'portal_player_touchedground' not registered.
CreateEvent: event 'portal_player_touchedground' not registered.
CreateEvent: event 'portal_player_portaled' not registered.
CreateEvent: event 'portal_player_touchedground' not registered.
CreateEvent: event 'portal_player_portaled' not registered.
CreateEvent: event 'portal_player_touchedground' not registered.
CreateEvent: event 'portal_player_touchedground' not registered.
CreateEvent: event 'portal_player_touchedground' not registered.
CreateEvent: event 'portal_player_touchedground' not registered.
CreateEvent: event 'portal_player_touchedground' not registered.
User Msg 'InventoryFlash': 8 bytes written, expected 5
CreateEvent: event 'portal_player_touchedground' not registered.
User Msg 'InventoryFlash': 8 bytes written, expected 5
CreateEvent: event 'portal_player_touchedground' not registered.
CreateEvent: event 'portal_player_touchedground' not registered.
User Msg 'InventoryFlash': 8 bytes written, expected 5
CreateEvent: event 'portal_player_touchedground' not registered.
User Msg 'InventoryFlash': 8 bytes written, expected 5
Binding uncached material "__utilwireframe", artificially incrementing refcount
CreateEvent: event 'portal_player_touchedground' not registered.
CreateEvent: event 'portal_player_touchedground' not registered.
CreateEvent: event 'portal_player_touchedground' not registered.
gustavo unpaused the game
CreateEvent: event 'portal_player_touchedground' not registered.
gustavo unpaused the game
CreateEvent: event 'portal_player_touchedground' not registered.
noclip ON
noclip OFF
CreateEvent: event 'portal_player_touchedground' not registered.
User Msg 'InventoryFlash': 8 bytes written, expected 5
CreateEvent: event 'portal_player_touchedground' not registered.
User Msg 'InventoryFlash': 8 bytes written, expected 5
CreateEvent: event 'portal_player_touchedground' not registered.
CreateEvent: event 'portal_player_touchedground' not registered.
CreateEvent: event 'portal_player_touchedground' not registered.
Dropped gustavo from server (Server shutting down)
Host_WriteConfiguration: Wrote cfg/config.cfg
Stopping All Sounds...
Stopping: Channel:64 player\fling_whoosh.wav
Stopping: Channel:69 weapons\portalgun\portal_ambient_loop1.wav
Stopping: Channel:68 weapons\portalgun\portal_ambient_loop1.wav
Stopping: Channel:66 vehicles\airboat\fan_blade_idle_loop1.wav
Stopping: Channel:67 vehicles\airboat\fan_blade_idle_loop1.wav
Queued Material System: DISABLED!
Datacenter::EnableUpdate( 0 ), current state = 0
Datacenter::RequestStop, time 359.99, state 0
Unable to remove c:\sourcecode\aperture-camera\game\valve\textwindow_temp.html!
Stopping All Sounds...
CreateEvent: event 'server_pre_shutdown' not registered.
CreateEvent: event 'server_shutdown' not registered.
Shutdown function ShutdownMixerControls() not in list!!!
NET_GetBindAddresses found 192.168.31.140: 'Realtek PCIe GbE Family Controller'
NET_GetBindAddresses found 26.133.72.161: 'Famatech Radmin VPN Ethernet Adapter'
NET_GetBindAddresses found 172.24.90.163: 'ZeroTier Virtual Port #2'
NET_GetBindAddresses found 10.147.17.76: 'ZeroTier Virtual Port #3'
NET_GetBindAddresses found 172.16.0.2: 'WireGuard Tunnel'
Network: IP 10.147.17.76, mode MP, dedicated No, ports 27015 SV / 27005 CL
Parent cvar in client.dll not allowed (rr_debugresponseconcept)
Parent cvar in client.dll not allowed (rr_dumpresponses)
Parent cvar in client.dll not allowed (rr_debugrule)
Parent cvar in client.dll not allowed (rr_debugresponses)
WARNING: unable to link rr_debugresponseconcept_exclude and rr_debugresponseconcept_exclude because one or more is a ConCommand.
Parent cvar in client.dll not allowed (movement_anim_playback_minrate)
WARNING: unable to link creditsdone and creditsdone because one or more is a ConCommand.
WARNING: unable to link rr_reloadresponsesystems and rr_reloadresponsesystems because one or more is a ConCommand.
KeyValues Error: RecursiveLoadFromBuffer:  got NULL key in file particles/particles_manifest.txt
particles_manifest, 
CParticleMgr::Init:  Manifest 'particles/particles_manifest.txt' with bogus file type 'file		', expecting 'file'
CParticleMgr::Init:  Manifest 'particles/particles_manifest.txt' with bogus file type '
}', expecting 'file'
CResponseSystem:  scripts\talker\response_rules.txt (2 rules, 2 criteria, and 2 responses)
maxplayers set to 1
We're happy and aperture_render_targets!Created Photo RT: _rt_LargePhoto
Created Photo RT: _rt_LargePhoto
Created Photo RT: _rt_LargePhoto
Missing cfg\cpu_level_2_pc.ekv
Missing cfg\gpu_level_3_pc.ekv
Missing cfg\mem_level_2_pc.ekv
Missing cfg\gpu_mem_level_2_pc.ekv
Running -nogameui mode, using client module instead of gameui
Steam config directory: C:\SourceCode\aperture-camera\game\platform\config
KeyValues Error: RecursiveLoadFromBuffer:  got NULL key in file particles/particles_manifest.txt
particles_manifest, 
CParticleMgr::Init:  Manifest 'particles/particles_manifest.txt' with bogus file type 'file		', expecting 'file'
CParticleMgr::Init:  Manifest 'particles/particles_manifest.txt' with bogus file type '
}', expecting 'file'
No split screen config file 'splitscreen_config.txt', using defaults
Missing cfg\cpu_level_2_pc.ekv
Missing cfg\gpu_level_3_pc.ekv
Missing cfg\mem_level_2_pc.ekv
Missing cfg\gpu_mem_level_2_pc.ekv
CGameEventManager::AddListener: event 'replay_status' unknown.
CGameEventManager::AddListener: event 'spec_target_updated' unknown.
KV Conditional: Unknown symbol OSX
KV Conditional: Unknown symbol OSX
"materials/_rt_largephoto1.vtf": can't be found on disk
"materials/_rt_largephoto2.vtf": can't be found on disk
"materials/_rt_largephoto3.vtf": can't be found on disk
Hud element 'CHudControlHelper' doesn't have an entry 'HudControlHelper' in scripts/HudLayout.res
Hud element 'CHudIndicator' doesn't have an entry 'HudIndicator' in scripts/HudLayout.res
Hud element 'CHudViewfinder' doesn't have an entry 'HudViewfinder' in scripts/HudLayout.res
Hud element 'CHudPhotoInventory' doesn't have an entry 'HudPhotoInventory' in scripts/HudLayout.res
Hud element 'CHudPhotoFlash' doesn't have an entry 'HudPhotoInventory' in scripts/HudLayout.res
CResponseSystem:  scripts\talker\response_rules.txt (2 rules, 2 criteria, and 2 responses)
cc_lang = 
Missing cfg\cpu_level_2_pc.ekv
Missing cfg\gpu_level_3_pc.ekv
Missing cfg\mem_level_2_pc.ekv
Missing cfg\gpu_mem_level_2_pc.ekv
Sound Initialization: Start
DS:stereo speaker configuration detected
Set primary sound buffer format: yes
Using secondary sound buffer
   2 channel(s)
   16 bits/sample
   44100 samples/sec
DirectSound initialized
Stopping All Sounds...
Trying cache :  'c:/sourcecode/aperture-camera/game/valve/maps/soundcache/_master.cache'
Successfully loaded audio cache file
Sound Initialization: Finish, Sampling Rate: 44100
cc_lang = 
Legacy Surround disabled.
Stopping All Sounds...
Sound Initialization: Start
DS:stereo speaker configuration detected
Set primary sound buffer format: yes
Using secondary sound buffer
   2 channel(s)
   16 bits/sample
   44100 samples/sec
DirectSound initialized
Stopping All Sounds...
Trying cache :  'c:/sourcecode/aperture-camera/game/valve/maps/soundcache/_master.cache'
Successfully loaded audio cache file
Sound Initialization: Finish, Sampling Rate: 44100
Datacenter::RequestStart, time 1.60
Datacenter::RequestStop, time 1.60, state 1
Datacenter::RequestUpdate failed
Stopping All Sounds...
Stopping All Sounds...
---- Host_NewGame ----
Network: IP 10.147.17.76, mode SP, dedicated No, ports 0 SV / 0 CL
Network: IP 10.147.17.76, mode MP, dedicated No, ports 27015 SV / 27005 CL
#######################################
Map testroom_aperture missing stringtable dictionary, don't ship this way!!!
#######################################
Host_NewGame on map testroom_aperture
Set Gravity 600.0 (0.250 tolerance)
PrecacheScriptSound 'default.null' failed, no such sound script entry
weapons/v_portalgun.mdl : material "models/weapons/v_models/v_portalgun/v_hands" not found.
CreateEvent: event 'picked_up_paint' not registered.
PrecacheScriptSound 'Paintgun.FireLoop' failed, no such sound script entry
Direct precache of vehicles/airboat/pontoon_fast_water_loop2.wav
Error Index File for 'weapons\w_cam.mdl' checksum 1322159438 should be 2037782653
Warning:  Can't add NULL string to table EffectDispatch
Failed to load models/weapons/v_cam.mdl!
Warning:  Can't add NULL string to table EffectDispatch
Error: Material "models/items/photo_capture01" : proxy "PhotoMaterial" not found!
"materials/null.vtf": can't be found on disk
Error reading weapon data file for: weapon_hopwire
Warning:  Can't add NULL string to table EffectDispatch
Warning:  Can't add NULL string to table EffectDispatch
Warning:  Can't add NULL string to table EffectDispatch
Warning:  Can't add NULL string to table EffectDispatch
Warning:  Can't add NULL string to table EffectDispatch
Warning:  Can't add NULL string to table EffectDispatch
Warning:  Can't add NULL string to table EffectDispatch
Warning:  Can't add NULL string to table EffectDispatch
Warning:  Can't add NULL string to table EffectDispatch
Warning:  Can't add NULL string to table EffectDispatch
Warning:  Can't add NULL string to table EffectDispatch
Warning:  Can't add NULL string to table EffectDispatch
Warning:  Can't add NULL string to table EffectDispatch
Script not found (scripts/vscripts/mapspawn.nut) 
Failed to CRC cfg/cpu_level_0_pc.ekv
Failed to CRC cfg/cpu_level_0_pc_ss.ekv
Failed to CRC cfg/cpu_level_1_pc.ekv
Failed to CRC cfg/cpu_level_1_pc_ss.ekv
Failed to CRC cfg/cpu_level_2_pc.ekv
Failed to CRC cfg/cpu_level_2_pc_ss.ekv
Failed to CRC cfg/gpu_level_0_pc.ekv
Failed to CRC cfg/gpu_level_1_pc.ekv
Failed to CRC cfg/gpu_level_2_pc.ekv
Failed to CRC cfg/gpu_level_3_pc.ekv
Failed to CRC cfg/mem_level_0_pc.ekv
Failed to CRC cfg/mem_level_1_pc.ekv
Failed to CRC cfg/mem_level_2_pc.ekv
Failed to CRC cfg/gpu_mem_level_0_pc.ekv
Failed to CRC cfg/gpu_mem_level_1_pc.ekv
Failed to CRC cfg/gpu_mem_level_2_pc.ekv
Failed to CRC scripts/asw_weapon_ammo_bag.txt
Failed to CRC scripts/asw_weapon_ammo_satchel.txt
Failed to CRC scripts/asw_weapon_autogun.txt
Failed to CRC scripts/asw_weapon_blink.txt
Failed to CRC scripts/asw_weapon_buff_grenade.txt
Failed to CRC scripts/asw_weapon_chainsaw.txt
Failed to CRC scripts/asw_weapon_electrified_armor.txt
Failed to CRC scripts/asw_weapon_fire_extinguisher.txt
Failed to CRC scripts/asw_weapon_fist.txt
Failed to CRC scripts/asw_weapon_flamer.txt
Failed to CRC scripts/asw_weapon_flares.txt
Failed to CRC scripts/asw_weapon_flashlight.txt
Failed to CRC scripts/asw_weapon_freeze_grenades.txt
Failed to CRC scripts/asw_weapon_grenades.txt
Failed to CRC scripts/asw_weapon_grenade_launcher.txt
Failed to CRC scripts/asw_weapon_heal_grenade.txt
Failed to CRC scripts/asw_weapon_heal_gun.txt
Failed to CRC scripts/asw_weapon_hornet_barrage.txt
Failed to CRC scripts/asw_weapon_jump_jet.txt
Failed to CRC scripts/asw_weapon_laser_mines.txt
Failed to CRC scripts/asw_weapon_medical_satchel.txt
Failed to CRC scripts/asw_weapon_medkit.txt
Failed to CRC scripts/asw_weapon_mines.txt
Failed to CRC scripts/asw_weapon_minigun.txt
Failed to CRC scripts/asw_weapon_mining_laser.txt
Failed to CRC scripts/asw_weapon_night_vision.txt
Failed to CRC scripts/asw_weapon_normal_armor.txt
Failed to CRC scripts/asw_weapon_pdw.txt
Failed to CRC scripts/asw_weapon_pistol.txt
Failed to CRC scripts/asw_weapon_prifle.txt
Failed to CRC scripts/asw_weapon_railgun.txt
Failed to CRC scripts/asw_weapon_rifle.txt
Failed to CRC scripts/asw_weapon_sentry.txt
Failed to CRC scripts/asw_weapon_sentry_cannon.txt
Failed to CRC scripts/asw_weapon_sentry_flamer.txt
Failed to CRC scripts/asw_weapon_sentry_freeze.txt
Failed to CRC scripts/asw_weapon_shotgun.txt
Failed to CRC scripts/asw_weapon_smart_bomb.txt
Failed to CRC scripts/asw_weapon_sniper_rifle.txt
Failed to CRC scripts/asw_weapon_stim.txt
Failed to CRC scripts/asw_weapon_tesla_gun.txt
Failed to CRC scripts/asw_weapon_tesla_trap.txt
Failed to CRC scripts/asw_weapon_vindicator.txt
Failed to CRC scripts/asw_weapon_welder.txt
Attempted to create unknown entity type prop_portal_linked_door!
Can't init prop_portal_linked_door
Attempted to create unknown entity type prop_portal_linked_door!
Can't init prop_portal_linked_door
props_farm\mousetrap.mdl : material "models/props_farm/mousetrap001" not found.
PrecacheScriptSound 'NPC_Android.Pain' failed, no such sound script entry
Attempted to create unknown entity type _squashed_zombie!
NULL Ent in UTIL_PrecacheOther
PrecacheScriptSound 'AndroidDispenser.Blocked' failed, no such sound script entry
PrecacheScriptSound 'AndroidDispenser.Dispense' failed, no such sound script entry
prop_dynamic at -872 0 128 uses model models/props_c17/furnituretable002a.mdl, which has propdata which means that it be used on a prop_physics. DELETED.
"materials/models/bot_fem/bot_male_exponent.vtf": can't be found on disk
npcs/hover_turret.mdl : material "models/props_bts/glados_ball_01" not found.
npcs/hover_turret.mdl : material "models/props_bts/glados_ball_02" not found.
npcs/hover_turret.mdl : material "models/props_bts/glados_ball_03" not found.
npcs/hover_turret.mdl : material "models/props_bts/glados_ball_04" not found.
Invalid file size for motd.txt
Invalid file size for host.txt
Created class baseline: 21 classes, 3088 bytes.
Heartbeat is disabled (usually developer or cheats is on).
m_eServerMode pre = 0
m_eServerMode post = 2
************************************************
*  Unable to load Steam support library.       *
*  This server will operate in LAN mode only.  *
************************************************
Heartbeat is disabled (usually developer or cheats is on).
Stopping All Sounds...
1.000:  Sending UDP connect to public IP 127.0.0.1:27015
Server using '<none>' lobbies, requiring pw no, lobby id 0
RememberIPAddressForLobby: lobby 0 from address loopback

Portal
Map: testroom_aperture
Players: 1 (0 bots) / 1 humans
Build: 6653
Server Number: 1

material "particle/particle_glow_05_add_15ob" not found.
Attempted to precache unknown particle system "portal_dematerialize"!
Attempted to precache unknown particle system "portal_rematerialize"!
Attempted to precache unknown particle system "zombie_stomp_heavy"!
Attempted to precache unknown particle system "GrubBlood"!
Attempted to precache unknown particle system "fizzler_field"!
Attempted to precache unknown particle system "fizzler_field_scalable"!
material "overlays/coop_ping_decal" not found.
material "effects/huntertracer" not found.
Attempted to precache unknown particle system "rain_storm"!
Attempted to precache unknown particle system "rain_storm"!
Attempted to precache unknown particle system "rain_storm_screen"!
Attempted to precache unknown particle system "rain_storm_screen"!
Attempted to precache unknown particle system "rain_storm_outer"!
Attempted to precache unknown particle system "rain_storm_outer"!
Attempted to precache unknown particle system "rain"!
Attempted to precache unknown particle system "rain"!
Attempted to precache unknown particle system "rain_outer"!
Attempted to precache unknown particle system "rain_outer"!
Attempted to precache unknown particle system "ash"!
Attempted to precache unknown particle system "ash"!
Attempted to precache unknown particle system "ash_outer"!
Attempted to precache unknown particle system "ash_outer"!
Attempted to precache unknown particle system "snow"!
Attempted to precache unknown particle system "snow"!
Attempted to precache unknown particle system "snow_outer"!
Attempted to precache unknown particle system "snow_outer"!
Attempted to precache unknown particle system "rtube_muzzle"!
Attempted to precache unknown particle system "rtube_muzzle"!
Attempted to precache unknown particle system "paint_hose"!
Attempted to precache unknown particle system "paint_hose"!
material "photos/photo_background" not found.
material "photos/photo_foreground" not found.
Script not found (scripts/vscripts/mapspawn.nut) 
Sending full update to Client gustavo (gustavo can't find frame from tick -1)
Receiving uncompressed update from server
Set Gravity 600.0 (0.250 tolerance)
Queued Material System: ENABLED!
DEBUG HISTORY IS ENABLED. Disable before release (in env_debughistory.h).
CreateEvent: event 'portal_player_touchedground' not registered.
material "" not found.
Attempting to create unknown particle system 'fizzler_field_scalable' 
Attempting to create unknown particle system 'fizzler_field' 
Attempting to create unknown particle system 'fizzler_field' 
Attempting to create unknown particle system 'fizzler_field_scalable' 
Redownloading all lightmaps
R_RedownloadAllLightmaps took 5.174 msec!
CModelRenderSystem::SetupFlashlightsAndDecals sorted model list count incorrect! A model was probably unable to load!CModelRenderSystem::SetupFlashlightsAndDecals sorted model list count incorrect! A model was probably unable to load!CModelRenderSystem::SetupFlashlightsAndDecals sorted model list count incorrect! A model was probably unable to load!CModelRenderSystem::SetupFlashlightsAndDecals sorted model list count incorrect! A model was probably unable to load!CModelRenderSystem::SetupFlashlightsAndDecals sorted model list count incorrect! A model was probably unable to load!CModelRenderSystem::SetupFlashlightsAndDecals sorted model list count incorrect! A model was probably unable to load!CModelRenderSystem::SetupFlashlightsAndDecals sorted model list count incorrect! A model was probably unable to load!CModelRenderSystem::SetupFlashlightsAndDecals sorted model list count incorrect! A model was probably unable to load!CModelRenderSystem::SetupFlashlightsAndDecals sorted model list count incorrect! A model was probably unable to load!CModelRenderSystem::SetupFlashlightsAndDecals sorted model list count incorrect! A model was probably unable to load!CModelRenderSystem::SetupFlashlightsAndDecals sorted model list count incorrect! A model was probably unable to load!CModelRenderSystem::SetupFlashlightsAndDecals sorted model list count incorrect! A model was probably unable to load!CModelRenderSystem::SetupFlashlightsAndDecals sorted model list count incorrect! A model was probably unable to load!CModelRenderSystem::SetupFlashlightsAndDecals sorted model list count incorrect! A model was probably unable to load!CModelRenderSystem::SetupFlashlightsAndDecals sorted model list count incorrect! A model was probably unable to load!CModelRenderSystem::SetupFlashlightsAndDecals sorted model list count incorrect! A model was probably unable to load!CModelRenderSystem::SetupFlashlightsAndDecals sorted model list count incorrect! A model was probably unable to load!CModelRenderSystem::SetupFlashlightsAndDecals sorted model list count incorrect! A model was probably unable to load!CModelRenderSystem::SetupFlashlightsAndDecals sorted model list count incorrect! A model was probably unable to load!CModelRenderSystem::SetupFlashlightsAndDecals sorted model list count incorrect! A model was probably unable to load!CModelRenderSystem::SetupFlashlightsAndDecals sorted model list count incorrect! A model was probably unable to load!CModelRenderSystem::SetupFlashlightsAndDecals sorted model list count incorrect! A model was probably unable to load!CModelRenderSystem::SetupFlashlightsAndDecals sorted model list count incorrect! A model was probably unable to load!CModelRenderSystem::SetupFlashlightsAndDecals sorted model list count incorrect! A model was probably unable to load!CModelRenderSystem::SetupFlashlightsAndDecals sorted model list count incorrect! A model was probably unable to load!CModelRenderSystem::SetupFlashlightsAndDecals sorted model list count incorrect! A model was probably unable to load!CModelRenderSystem::SetupFlashlightsAndDecals sorted model list count incorrect! A model was probably unable to load!CModelRenderSystem::SetupFlashlightsAndDecals sorted model list count incorrect! A model was probably unable to load!CModelRenderSystem::SetupFlashlightsAndDecals sorted model list count incorrect! A model was probably unable to load!CModelRenderSystem::SetupFlashlightsAndDecals sorted model list count incorrect! A model was probably unable to load!CModelRenderSystem::SetupFlashlightsAndDecals sorted model list count incorrect! A model was probably unable to load!CModelRenderSystem::SetupFlashlightsAndDecals sorted model list count incorrect! A model was probably unable to load!CModelRenderSystem::SetupFlashlightsAndDecals sorted model list count incorrect! A model was probably unable to load!CModelRenderSystem::SetupFlashlightsAndDecals sorted model list count incorrect! A model was probably unable to load!CModelRenderSystem::SetupFlashlightsAndDecals sorted model list count incorrect! A model was probably unable to load!CModelRenderSystem::SetupFlashlightsAndDecals sorted model list count incorrect! A model was probably unable to load!CModelRenderSystem::SetupFlashlightsAndDecals sorted model list count incorrect! A model was probably unable to load!CModelRenderSystem::SetupFlashlightsAndDecals sorted model list count incorrect! A model was probably unable to load!CModelRenderSystem::SetupFlashlightsAndDecals sorted model list count incorrect! A model was probably unable to load!CModelRenderSystem::SetupFlashlightsAndDecals sorted model list count incorrect! A model was probably unable to load!CModelRenderSystem::SetupFlashlightsAndDecals sorted model list count incorrect! A model was probably unable to load!CModelRenderSystem::SetupFlashlightsAndDecals sorted model list count incorrect! A model was probably unable to load!CModelRenderSystem::SetupFlashlightsAndDecals sorted model list count incorrect! A model was probably unable to load!CModelRenderSystem::SetupFlashlightsAndDecals sorted model list count incorrect! A model was probably unable to load!CModelRenderSystem::SetupFlashlightsAndDecals sorted model list count incorrect! A model was probably unable to load!CModelRenderSystem::SetupFlashlightsAndDecals sorted model list count incorrect! A model was probably unable to load!CModelRenderSystem::SetupFlashlightsAndDecals sorted model list count incorrect! A model was probably unable to load!CModelRenderSystem::SetupFlashlightsAndDecals sorted model list count incorrect! A model was probably unable to load!CModelRenderSystem::SetupFlashlightsAndDecals sorted model list count incorrect! A model was probably unable to load!CModelRenderSystem::SetupFlashlightsAndDecals sorted model list count incorrect! A model was probably unable to load!CModelRenderSystem::SetupFlashlightsAndDecals sorted model list count incorrect! A model was probably unable to load!CModelRenderSystem::SetupFlashlightsAndDecals sorted model list count incorrect! A model was probably unable to load!CModelRenderSystem::SetupFlashlightsAndDecals sorted model list count incorrect! A model was probably unable to load!CModelRenderSystem::SetupFlashlightsAndDecals sorted model list count incorrect! A model was probably unable to load!CModelRenderSystem::SetupFlashlightsAndDecals sorted model list count incorrect! A model was probably unable to load!CModelRenderSystem::SetupFlashlightsAndDecals sorted model list count incorrect! A model was probably unable to load!CModelRenderSystem::SetupFlashlightsAndDecals sorted model list count incorrect! A model was probably unable to load!CModelRenderSystem::SetupFlashlightsAndDecals sorted model list count incorrect! A model was probably unable to load!CModelRenderSystem::SetupFlashlightsAndDecals sorted model list count incorrect! A model was probably unable to load!CModelRenderSystem::SetupFlashlightsAndDecals sorted model list count incorrect! A model was probably unable to load!CModelRenderSystem::SetupFlashlightsAndDecals sorted model list count incorrect! A model was probably unable to load!CModelRenderSystem::SetupFlashlightsAndDecals sorted model list count incorrect! A model was probably unable to load!CModelRenderSystem::SetupFlashlightsAndDecals sorted model list count incorrect! A model was probably unable to load!CModelRenderSystem::SetupFlashlightsAndDecals sorted model list count incorrect! A model was probably unable to load!CModelRenderSystem::SetupFlashlightsAndDecals sorted model list count incorrect! A model was probably unable to load!CModelRenderSystem::SetupFlashlightsAndDecals sorted model list count incorrect! A model was probably unable to load!CModelRenderSystem::SetupFlashlightsAndDecals sorted model list count incorrect! A model was probably unable to load!CModelRenderSystem::SetupFlashlightsAndDecals sorted model list count incorrect! A model was probably unable to load!CModelRenderSystem::SetupFlashlightsAndDecals sorted model list count incorrect! A model was probably unable to load!CModelRenderSystem::SetupFlashlightsAndDecals sorted model list count incorrect! A model was probably unable to load!CModelRenderSystem::SetupFlashlightsAndDecals sorted model list count incorrect! A model was probably unable to load!CModelRenderSystem::SetupFlashlightsAndDecals sorted model list count incorrect! A model was probably unable to load!CModelRenderSystem::SetupFlashlightsAndDecals sorted model list count incorrect! A model was probably unable to load!CModelRenderSystem::SetupFlashlightsAndDecals sorted model list count incorrect! A model was probably unable to load!CModelRenderSystem::SetupFlashlightsAndDecals sorted model list count incorrect! A model was probably unable to load!CModelRenderSystem::SetupFlashlightsAndDecals sorted model list count incorrect! A model was probably unable to load!CModelRenderSystem::SetupFlashlightsAndDecals sorted model list count incorrect! A model was probably unable to load!CModelRenderSystem::SetupFlashlightsAndDecals sorted model list count incorrect! A model was probably unable to load!CModelRenderSystem::SetupFlashlightsAndDecals sorted model list count incorrect! A model was probably unable to load!CModelRenderSystem::SetupFlashlightsAndDecals sorted model list count incorrect! A model was probably unable to load!CModelRenderSystem::SetupFlashlightsAndDecals sorted model list count incorrect! A model was probably unable to load!CModelRenderSystem::SetupFlashlightsAndDecals sorted model list count incorrect! A model was probably unable to load!CModelRenderSystem::SetupFlashlightsAndDecals sorted model list count incorrect! A model was probably unable to load!CModelRenderSystem::SetupFlashlightsAndDecals sorted model list count incorrect! A model was probably unable to load!CModelRenderSystem::SetupFlashlightsAndDecals sorted model list count incorrect! A model was probably unable to load!CModelRenderSystem::SetupFlashlightsAndDecals sorted model list count incorrect! A model was probably unable to load!CModelRenderSystem::SetupFlashlightsAndDecals sorted model list count incorrect! A model was probably unable to load!CModelRenderSystem::SetupFlashlightsAndDecals sorted model list count incorrect! A model was probably unable to load!CModelRenderSystem::SetupFlashlightsAndDecals sorted model list count incorrect! A model was probably unable to load!CModelRenderSystem::SetupFlashlightsAndDecals sorted model list count incorrect! A model was probably unable to load!CModelRenderSystem::SetupFlashlightsAndDecals sorted model list count incorrect! A model was probably unable to load!CModelRenderSystem::SetupFlashlightsAndDecals sorted model list count incorrect! A model was probably unable to load!CModelRenderSystem::SetupFlashlightsAndDecals sorted model list count incorrect! A model was probably unable to load!CModelRenderSystem::SetupFlashlightsAndDecals sorted model list count incorrect! A model was probably unable to load!CModelRenderSystem::SetupFlashlightsAndDecals sorted model list count incorrect! A model was probably unable to load!CModelRenderSystem::SetupFlashlightsAndDecals sorted model list count incorrect! A model was probably unable to load!CModelRenderSystem::SetupFlashlightsAndDecals sorted model list count incorrect! A model was probably unable to load!CModelRenderSystem::SetupFlashlightsAndDecals sorted model list count incorrect! A model was probably unable to load!CModelRenderSystem::SetupFlashlightsAndDecals sorted model list count incorrect! A model was probably unable to load!CModelRenderSystem::SetupFlashlightsAndDecals sorted model list count incorrect! A model was probably unable to load!CModelRenderSystem::SetupFlashlightsAndDecals sorted model list count incorrect! A model was probably unable to load!CModelRenderSystem::SetupFlashlightsAndDecals sorted model list count incorrect! A model was probably unable to load!CModelRenderSystem::SetupFlashlightsAndDecals sorted model list count incorrect! A model was probably unable to load!CModelRenderSystem::SetupFlashlightsAndDecals sorted model list count incorrect! A model was probably unable to load!CModelRenderSystem::SetupFlashlightsAndDecals sorted model list count incorrect! A model was probably unable to load!CModelRenderSystem::SetupFlashlightsAndDecals sorted model list count incorrect! A model was probably unable to load!CModelRenderSystem::SetupFlashlightsAndDecals sorted model list count incorrect! A model was probably unable to load!CModelRenderSystem::SetupFlashlightsAndDecals sorted model list count incorrect! A model was probably unable to load!CModelRenderSystem::SetupFlashlightsAndDecals sorted model list count incorrect! A model was probably unable to load!CModelRenderSystem::SetupFlashlightsAndDecals sorted model list count incorrect! A model was probably unable to load!CModelRenderSystem::SetupFlashlightsAndDecals sorted model list count incorrect! A model was probably unable to load!CModelRenderSystem::SetupFlashlightsAndDecals sorted model list count incorrect! A model was probably unable to load!CModelRenderSystem::SetupFlashlightsAndDecals sorted model list count incorrect! A model was probably unable to load!CModelRenderSystem::SetupFlashlightsAndDecals sorted model list count incorrect! A model was probably unable to load!CModelRenderSystem::SetupFlashlightsAndDecals sorted model list count incorrect! A model was probably unable to load!CModelRenderSystem::SetupFlashlightsAndDecals sorted model list count incorrect! A model was probably unable to load!CModelRenderSystem::SetupFlashlightsAndDecals sorted model list count incorrect! A model was probably unable to load!CModelRenderSystem::SetupFlashlightsAndDecals sorted model list count incorrect! A model was probably unable to load!CModelRenderSystem::SetupFlashlightsAndDecals sorted model list count incorrect! A model was probably unable to load!CModelRenderSystem::SetupFlashlightsAndDecals sorted model list count incorrect! A model was probably unable to load!CModelRenderSystem::SetupFlashlightsAndDecals sorted model list count incorrect! A model was probably unable to load!CModelRenderSystem::SetupFlashlightsAndDecals sorted model list count incorrect! A model was probably unable to load!CModelRenderSystem::SetupFlashlightsAndDecals sorted model list count incorrect! A model was probably unable to load!CModelRenderSystem::SetupFlashlightsAndDecals sorted model list count incorrect! A model was probably unable to load!CModelRenderSystem::SetupFlashlightsAndDecals sorted model list count incorrect! A model was probably unable to load!CModelRenderSystem::SetupFlashlightsAndDecals sorted model list count incorrect! A model was probably unable to load!CModelRenderSystem::SetupFlashlightsAndDecals sorted model list count incorrect! A model was probably unable to load!CModelRenderSystem::SetupFlashlightsAndDecals sorted model list count incorrect! A model was probably unable to load!CModelRenderSystem::SetupFlashlightsAndDecals sorted model list count incorrect! A model was probably unable to load!CModelRenderSystem::SetupFlashlightsAndDecals sorted model list count incorrect! A model was probably unable to load!CModelRenderSystem::SetupFlashlightsAndDecals sorted model list count incorrect! A model was probably unable to load!CModelRenderSystem::SetupFlashlightsAndDecals sorted model list count incorrect! A model was probably unable to load!CModelRenderSystem::SetupFlashlightsAndDecals sorted model list count incorrect! A model was probably unable to load!CModelRenderSystem::SetupFlashlightsAndDecals sorted model list count incorrect! A model was probably unable to load!CModelRenderSystem::SetupFlashlightsAndDecals sorted model list count incorrect! A model was probably unable to load!CModelRenderSystem::SetupFlashlightsAndDecals sorted model list count incorrect! A model was probably unable to load!CModelRenderSystem::SetupFlashlightsAndDecals sorted model list count incorrect! A model was probably unable to load!CModelRenderSystem::SetupFlashlightsAndDecals sorted model list count incorrect! A model was probably unable to load!CModelRenderSystem::SetupFlashlightsAndDecals sorted model list count incorrect! A model was probably unable to load!CModelRenderSystem::SetupFlashlightsAndDecals sorted model list count incorrect! A model was probably unable to load!CModelRenderSystem::SetupFlashlightsAndDecals sorted model list count incorrect! A model was probably unable to load!CModelRenderSystem::SetupFlashlightsAndDecals sorted model list count incorrect! A model was probably unable to load!CModelRenderSystem::SetupFlashlightsAndDecals sorted model list count incorrect! A model was probably unable to load!CModelRenderSystem::SetupFlashlightsAndDecals sorted model list count incorrect! A model was probably unable to load!CModelRenderSystem::SetupFlashlightsAndDecals sorted model list count incorrect! A model was probably unable to load!CModelRenderSystem::SetupFlashlightsAndDecals sorted model list count incorrect! A model was probably unable to load!CModelRenderSystem::SetupFlashlightsAndDecals sorted model list count incorrect! A model was probably unable to load!CModelRenderSystem::SetupFlashlightsAndDecals sorted model list count incorrect! A model was probably unable to load!CModelRenderSystem::SetupFlashlightsAndDecals sorted model list count incorrect! A model was probably unable to load!CModelRenderSystem::SetupFlashlightsAndDecals sorted model list count incorrect! A model was probably unable to load!CModelRenderSystem::SetupFlashlightsAndDecals sorted model list count incorrect! A model was probably unable to load!CModelRenderSystem::SetupFlashlightsAndDecals sorted model list count incorrect! A model was probably unable to load!CModelRenderSystem::SetupFlashlightsAndDecals sorted model list count incorrect! A model was probably unable to load!CModelRenderSystem::SetupFlashlightsAndDecals sorted model list count incorrect! A model was probably unable to load!CModelRenderSystem::SetupFlashlightsAndDecals sorted model list count incorrect! A model was probably unable to load!CModelRenderSystem::SetupFlashlightsAndDecals sorted model list count incorrect! A model was probably unable to load!CModelRenderSystem::SetupFlashlightsAndDecals sorted model list count incorrect! A model was probably unable to load!CModelRenderSystem::SetupFlashlightsAndDecals sorted model list count incorrect! A model was probably unable to load!CModelRenderSystem::SetupFlashlightsAndDecals sorted model list count incorrect! A model was probably unable to load!CModelRenderSystem::SetupFlashlightsAndDecals sorted model list count incorrect! A model was probably unable to load!CModelRenderSystem::SetupFlashlightsAndDecals sorted model list count incorrect! A model was probably unable to load!CModelRenderSystem::SetupFlashlightsAndDecals sorted model list count incorrect! A model was probably unable to load!CModelRenderSystem::SetupFlashlightsAndDecals sorted model list count incorrect! A model was probably unable to load!CModelRenderSystem::SetupFlashlightsAndDecals sorted model list count incorrect! A model was probably unable to load!CModelRenderSystem::SetupFlashlightsAndDecals sorted model list count incorrect! A model was probably unable to load!CModelRenderSystem::SetupFlashlightsAndDecals sorted model list count incorrect! A model was probably unable to load!CModelRenderSystem::SetupFlashlightsAndDecals sorted model list count incorrect! A model was probably unable to load!CModelRenderSystem::SetupFlashlightsAndDecals sorted model list count incorrect! A model was probably unable to load!CModelRenderSystem::SetupFlashlightsAndDecals sorted model list count incorrect! A model was probably unable to load!CModelRenderSystem::SetupFlashlightsAndDecals sorted model list count incorrect! A model was probably unable to load!CModelRenderSystem::SetupFlashlightsAndDecals sorted model list count incorrect! A model was probably unable to load!CModelRenderSystem::SetupFlashlightsAndDecals sorted model list count incorrect! A model was probably unable to load!CModelRenderSystem::SetupFlashlightsAndDecals sorted model list count incorrect! A model was probably unable to load!CModelRenderSystem::SetupFlashlightsAndDecals sorted model list count incorrect! A model was probably unable to load!CModelRenderSystem::SetupFlashlightsAndDecals sorted model list count incorrect! A model was probably unable to load!CModelRenderSystem::SetupFlashlightsAndDecals sorted model list count incorrect! A model was probably unable to load!CModelRenderSystem::SetupFlashlightsAndDecals sorted model list count incorrect! A model was probably unable to load!CModelRenderSystem::SetupFlashlightsAndDecals sorted model list count incorrect! A model was probably unable to load!CModelRenderSystem::SetupFlashlightsAndDecals sorted model list count incorrect! A model was probably unable to load!CModelRenderSystem::SetupFlashlightsAndDecals sorted model list count incorrect! A model was probably unable to load!CModelRenderSystem::SetupFlashlightsAndDecals sorted model list count incorrect! A model was probably unable to load!CModelRenderSystem::SetupFlashlightsAndDecals sorted model list count incorrect! A model was probably unable to load!CModelRenderSystem::SetupFlashlightsAndDecals sorted model list count incorrect! A model was probably unable to load!CModelRenderSystem::SetupFlashlightsAndDecals sorted model list count incorrect! A model was probably unable to load!CModelRenderSystem::SetupFlashlightsAndDecals sorted model list count incorrect! A model was probably unable to load!CModelRenderSystem::SetupFlashlightsAndDecals sorted model list count incorrect! A model was probably unable to load!CModelRenderSystem::SetupFlashlightsAndDecals sorted model list count incorrect! A model was probably unable to load!CModelRenderSystem::SetupFlashlightsAndDecals sorted model list count incorrect! A model was probably unable to load!CModelRenderSystem::SetupFlashlightsAndDecals sorted model list count incorrect! A model was probably unable to load!CModelRenderSystem::SetupFlashlightsAndDecals sorted model list count incorrect! A model was probably unable to load!CModelRenderSystem::SetupFlashlightsAndDecals sorted model list count incorrect! A model was probably unable to load!CModelRenderSystem::SetupFlashlightsAndDecals sorted model list count incorrect! A model was probably unable to load!CModelRenderSystem::SetupFlashlightsAndDecals sorted model list count incorrect! A model was probably unable to load!CModelRenderSystem::SetupFlashlightsAndDecals sorted model list count incorrect! A model was probably unable to load!CModelRenderSystem::SetupFlashlightsAndDecals sorted model list count incorrect! A model was probably unable to load!CModelRenderSystem::SetupFlashlightsAndDecals sorted model list count incorrect! A model was probably unable to load!CModelRenderSystem::SetupFlashlightsAndDecals sorted model list count incorrect! A model was probably unable to load!CModelRenderSystem::SetupFlashlightsAndDecals sorted model list count incorrect! A model was probably unable to load!CModelRenderSystem::SetupFlashlightsAndDecals sorted model list count incorrect! A model was probably unable to load!CModelRenderSystem::SetupFlashlightsAndDecals sorted model list count incorrect! A model was probably unable to load!CModelRenderSystem::SetupFlashlightsAndDecals sorted model list count incorrect! A model was probably unable to load!CModelRenderSystem::SetupFlashlightsAndDecals sorted model list count incorrect! A model was probably unable to load!CModelRenderSystem::SetupFlashlightsAndDecals sorted model list count incorrect! A model was probably unable to load!CModelRenderSystem::SetupFlashlightsAndDecals sorted model list count incorrect! A model was probably unable to load!CModelRenderSystem::SetupFlashlightsAndDecals sorted model list count incorrect! A model was probably unable to load!CModelRenderSystem::SetupFlashlightsAndDecals sorted model list count incorrect! A model was probably unable to load!CModelRenderSystem::SetupFlashlightsAndDecals sorted model list count incorrect! A model was probably unable to load!CModelRenderSystem::SetupFlashlightsAndDecals sorted model list count incorrect! A model was probably unable to load!CModelRenderSystem::SetupFlashlightsAndDecals sorted model list count incorrect! A model was probably unable to load!CModelRenderSystem::SetupFlashlightsAndDecals sorted model list count incorrect! A model was probably unable to load!CModelRenderSystem::SetupFlashlightsAndDecals sorted model list count incorrect! A model was probably unable to load!CModelRenderSystem::SetupFlashlightsAndDecals sorted model list count incorrect! A model was probably unable to load!CModelRenderSystem::SetupFlashlightsAndDecals sorted model list count incorrect! A model was probably unable to load!CModelRenderSystem::SetupFlashlightsAndDecals sorted model list count incorrect! A model was probably unable to load!CModelRenderSystem::SetupFlashlightsAndDecals sorted model list count incorrect! A model was probably unable to load!CModelRenderSystem::SetupFlashlightsAndDecals sorted model list count incorrect! A model was probably unable to load!CModelRenderSystem::SetupFlashlightsAndDecals sorted model list count incorrect! A model was probably unable to load!CModelRenderSystem::SetupFlashlightsAndDecals sorted model list count incorrect! A model was probably unable to load!CModelRenderSystem::SetupFlashlightsAndDecals sorted model list count incorrect! A model was probably unable to load!CModelRenderSystem::SetupFlashlightsAndDecals sorted model list count incorrect! A model was probably unable to load!CModelRenderSystem::SetupFlashlightsAndDecals sorted model list count incorrect! A model was probably unable to load!CModelRenderSystem::SetupFlashlightsAndDecals sorted model list count incorrect! A model was probably unable to load!CModelRenderSystem::SetupFlashlightsAndDecals sorted model list count incorrect! A model was probably unable to load!CModelRenderSystem::SetupFlashlightsAndDecals sorted model list count incorrect! A model was probably unable to load!CModelRenderSystem::SetupFlashlightsAndDecals sorted model list count incorrect! A model was probably unable to load!CModelRenderSystem::SetupFlashlightsAndDecals sorted model list count incorrect! A model was probably unable to load!CModelRenderSystem::SetupFlashlightsAndDecals sorted model list count incorrect! A model was probably unable to load!CModelRenderSystem::SetupFlashlightsAndDecals sorted model list count incorrect! A model was probably unable to load!CModelRenderSystem::SetupFlashlightsAndDecals sorted model list count incorrect! A model was probably unable to load!CModelRenderSystem::SetupFlashlightsAndDecals sorted model list count incorrect! A model was probably unable to load!CModelRenderSystem::SetupFlashlightsAndDecals sorted model list count incorrect! A model was probably unable to load!CModelRenderSystem::SetupFlashlightsAndDecals sorted model list count incorrect! A model was probably unable to load!CModelRenderSystem::SetupFlashlightsAndDecals sorted model list count incorrect! A model was probably unable to load!CModelRenderSystem::SetupFlashlightsAndDecals sorted model list count incorrect! A model was probably unable to load!CModelRenderSystem::SetupFlashlightsAndDecals sorted model list count incorrect! A model was probably unable to load!CModelRenderSystem::SetupFlashlightsAndDecals sorted model list count incorrect! A model was probably unable to load!CModelRenderSystem::SetupFlashlightsAndDecals sorted model list count incorrect! A model was probably unable to load!CModelRenderSystem::SetupFlashlightsAndDecals sorted model list count incorrect! A model was probably unable to load!CModelRenderSystem::SetupFlashlightsAndDecals sorted model list count incorrect! A model was probably unable to load!CModelRenderSystem::SetupFlashlightsAndDecals sorted model list count incorrect! A model was probably unable to load!CModelRenderSystem::SetupFlashlightsAndDecals sorted model list count incorrect! A model was probably unable to load!CModelRenderSystem::SetupFlashlightsAndDecals sorted model list count incorrect! A model was probably unable to load!CModelRenderSystem::SetupFlashlightsAndDecals sorted model list count incorrect! A model was probably unable to load!CModelRenderSystem::SetupFlashlightsAndDecals sorted model list count incorrect! A model was probably unable to load!CModelRenderSystem::SetupFlashlightsAndDecals sorted model list count incorrect! A model was probably unable to load!CModelRenderSystem::SetupFlashlightsAndDecals sorted model list count incorrect! A model was probably unable to load!CModelRenderSystem::SetupFlashlightsAndDecals sorted model list count incorrect! A model was probably unable to load!CModelRenderSystem::SetupFlashlightsAndDecals sorted model list count incorrect! A model was probably unable to load!CModelRenderSystem::SetupFlashlightsAndDecals sorted model list count incorrect! A model was probably unable to load!CModelRenderSystem::SetupFlashlightsAndDecals sorted model list count incorrect! A model was probably unable to load!CModelRenderSystem::SetupFlashlightsAndDecals sorted model list count incorrect! A model was probably unable to load!CModelRenderSystem::SetupFlashlightsAndDecals sorted model list count incorrect! A model was probably unable to load!CModelRenderSystem::SetupFlashlightsAndDecals sorted model list count incorrect! A model was probably unable to load!CModelRenderSystem::SetupFlashlightsAndDecals sorted model list count incorrect! A model was probably unable to load!CModelRenderSystem::SetupFlashlightsAndDecals sorted model list count incorrect! A model was probably unable to load!CModelRenderSystem::SetupFlashlightsAndDecals sorted model list count incorrect! A model was probably unable to load!CModelRenderSystem::SetupFlashlightsAndDecals sorted model list count incorrect! A model was probably unable to load!CModelRenderSystem::SetupFlashlightsAndDecals sorted model list count incorrect! A model was probably unable to load!CModelRenderSystem::SetupFlashlightsAndDecals sorted model list count incorrect! A model was probably unable to load!CModelRenderSystem::SetupFlashlightsAndDecals sorted model list count incorrect! A model was probably unable to load!CModelRenderSystem::SetupFlashlightsAndDecals sorted model list count incorrect! A model was probably unable to load!CModelRenderSystem::SetupFlashlightsAndDecals sorted model list count incorrect! A model was probably unable to load!CModelRenderSystem::SetupFlashlightsAndDecals sorted model list count incorrect! A model was probably unable to load!CModelRenderSystem::SetupFlashlightsAndDecals sorted model list count incorrect! A model was probably unable to load!CModelRenderSystem::SetupFlashlightsAndDecals sorted model list count incorrect! A model was probably unable to load!CModelRenderSystem::SetupFlashlightsAndDecals sorted model list count incorrect! A model was probably unable to load!CModelRenderSystem::SetupFlashlightsAndDecals sorted model list count incorrect! A model was probably unable to load!CModelRenderSystem::SetupFlashlightsAndDecals sorted model list count incorrect! A model was probably unable to load!CModelRenderSystem::SetupFlashlightsAndDecals sorted model list count incorrect! A model was probably unable to load!CModelRenderSystem::SetupFlashlightsAndDecals sorted model list count incorrect! A model was probably unable to load!CModelRenderSystem::SetupFlashlightsAndDecals sorted model list count incorrect! A model was probably unable to load!CModelRenderSystem::SetupFlashlightsAndDecals sorted model list count incorrect! A model was probably unable to load!CModelRenderSystem::SetupFlashlightsAndDecals sorted model list count incorrect! A model was probably unable to load!CModelRenderSystem::SetupFlashlightsAndDecals sorted model list count incorrect! A model was probably unable to load!CModelRenderSystem::SetupFlashlightsAndDecals sorted model list count incorrect! A model was probably unable to load!CModelRenderSystem::SetupFlashlightsAndDecals sorted model list count incorrect! A model was probably unable to load!CModelRenderSystem::SetupFlashlightsAndDecals sorted model list count incorrect! A model was probably unable to load!CModelRenderSystem::SetupFlashlightsAndDecals sorted model list count incorrect! A model was probably unable to load!CModelRenderSystem::SetupFlashlightsAndDecals sorted model list count incorrect! A model was probably unable to load!CModelRenderSystem::SetupFlashlightsAndDecals sorted model list count incorrect! A model was probably unable to load!CModelRenderSystem::SetupFlashlightsAndDecals sorted model list count incorrect! A model was probably unable to load!CModelRenderSystem::SetupFlashlightsAndDecals sorted model list count incorrect! A model was probably unable to load!CModelRenderSystem::SetupFlashlightsAndDecals sorted model list count incorrect! A model was probably unable to load!CModelRenderSystem::SetupFlashlightsAndDecals sorted model list count incorrect! A model was probably unable to load!CModelRenderSystem::SetupFlashlightsAndDecals sorted model list count incorrect! A model was probably unable to load!CModelRenderSystem::SetupFlashlightsAndDecals sorted model list count incorrect! A model was probably unable to load!CModelRenderSystem::SetupFlashlightsAndDecals sorted model list count incorrect! A model was probably unable to load!CModelRenderSystem::SetupFlashlightsAndDecals sorted model list count incorrect! A model was probably unable to load!CModelRenderSystem::SetupFlashlightsAndDecals sorted model list count incorrect! A model was probably unable to load!CModelRenderSystem::SetupFlashlightsAndDecals sorted model list count incorrect! A model was probably unable to load!CModelRenderSystem::SetupFlashlightsAndDecals sorted model list count incorrect! A model was probably unable to load!CModelRenderSystem::SetupFlashlightsAndDecals sorted model list count incorrect! A model was probably unable to load!CModelRenderSystem::SetupFlashlightsAndDecals sorted model list count incorrect! A model was probably unable to load!CModelRenderSystem::SetupFlashlightsAndDecals sorted model list count incorrect! A model was probably unable to load!CModelRenderSystem::SetupFlashlightsAndDecals sorted model list count incorrect! A model was probably unable to load!CModelRenderSystem::SetupFlashlightsAndDecals sorted model list count incorrect! A model was probably unable to load!CModelRenderSystem::SetupFlashlightsAndDecals sorted model list count incorrect! A model was probably unable to load!CModelRenderSystem::SetupFlashlightsAndDecals sorted model list count incorrect! A model was probably unable to load!CModelRenderSystem::SetupFlashlightsAndDecals sorted model list count incorrect! A model was probably unable to load!CModelRenderSystem::SetupFlashlightsAndDecals sorted model list count incorrect! A model was probably unable to load!CModelRenderSystem::SetupFlashlightsAndDecals sorted model list count incorrect! A model was probably unable to load!CModelRenderSystem::SetupFlashlightsAndDecals sorted model list count incorrect! A model was probably unable to load!CModelRenderSystem::SetupFlashlightsAndDecals sorted model list count incorrect! A model was probably unable to load!CModelRenderSystem::SetupFlashlightsAndDecals sorted model list count incorrect! A model was probably unable to load!CModelRenderSystem::SetupFlashlightsAndDecals sorted model list count incorrect! A model was probably unable to load!CModelRenderSystem::SetupFlashlightsAndDecals sorted model list count incorrect! A model was probably unable to load!CModelRenderSystem::SetupFlashlightsAndDecals sorted model list count incorrect! A model was probably unable to load!CModelRenderSystem::SetupFlashlightsAndDecals sorted model list count incorrect! A model was probably unable to load!CModelRenderSystem::SetupFlashlightsAndDecals sorted model list count incorrect! A model was probably unable to load!CModelRenderSystem::SetupFlashlightsAndDecals sorted model list count incorrect! A model was probably unable to load!CModelRenderSystem::SetupFlashlightsAndDecals sorted model list count incorrect! A model was probably unable to load!CModelRenderSystem::SetupFlashlightsAndDecals sorted model list count incorrect! A model was probably unable to load!CModelRenderSystem::SetupFlashlightsAndDecals sorted model list count incorrect! A model was probably unable to load!CModelRenderSystem::SetupFlashlightsAndDecals sorted model list count incorrect! A model was probably unable to load!CModelRenderSystem::SetupFlashlightsAndDecals sorted model list count incorrect! A model was probably unable to load!CModelRenderSystem::SetupFlashlightsAndDecals sorted model list count incorrect! A model was probably unable to load!CModelRenderSystem::SetupFlashlightsAndDecals sorted model list count incorrect! A model was probably unable to load!CModelRenderSystem::SetupFlashlightsAndDecals sorted model list count incorrect! A model was probably unable to load!CModelRenderSystem::SetupFlashlightsAndDecals sorted model list count incorrect! A model was probably unable to load!CModelRenderSystem::SetupFlashlightsAndDecals sorted model list count incorrect! A model was probably unable to load!CModelRenderSystem::SetupFlashlightsAndDecals sorted model list count incorrect! A model was probably unable to load!CModelRenderSystem::SetupFlashlightsAndDecals sorted model list count incorrect! A model was probably unable to load!CModelRenderSystem::SetupFlashlightsAndDecals sorted model list count incorrect! A model was probably unable to load!CModelRenderSystem::SetupFlashlightsAndDecals sorted model list count incorrect! A model was probably unable to load!Warning:  Can't add NULL string to table EffectDispatch
Warning:  Can't add NULL string to table EffectDispatch
Attempted to precache unknown particle system "weapon_tracers"!
Attempted to precache unknown particle system "weapon_tracers"!
Error reading weapon data file for: basehlcombatweapon
Attempted to precache unknown particle system "weapon_tracers"!
CreateEvent: event 'portal_player_touchedground' not registered.
User Msg 'InventoryFlash': 8 bytes written, expected 5
gustavo unpaused the game
CreateEvent: event 'portal_player_touchedground' not registered.
CreateEvent: event 'portal_player_touchedground' not registered.
User Msg 'InventoryFlash': 8 bytes written, expected 5
gustavo unpaused the game
gustavo unpaused the game
gustavo unpaused the game
gustavo unpaused the game
User Msg 'InventoryFlash': 8 bytes written, expected 5
CreateEvent: event 'portal_player_touchedground' not registered.
User Msg 'InventoryFlash': 8 bytes written, expected 5
gustavo unpaused the game
gustavo unpaused the game
User Msg 'InventoryFlash': 8 bytes written, expected 5
CreateEvent: event 'portal_player_touchedground' not registered.
gustavo unpaused the game
CreateEvent: event 'portal_player_touchedground' not registered.
User Msg 'InventoryFlash': 8 bytes written, expected 5
CreateEvent: event 'portal_player_touchedground' not registered.
CreateEvent: event 'portal_player_touchedground' not registered.
CreateEvent: event 'portal_player_touchedground' not registered.
CreateEvent: event 'portal_player_touchedground' not registered.
CreateEvent: event 'portal_player_touchedground' not registered.
Attempting to create unknown particle system 'fizzler_field_scalable' 
Surface removed from behind portal.
Surface removed from behind portal.
User Msg 'InventoryFlash': 8 bytes written, expected 5
noclip ON
CreateEvent: event 'portal_player_touchedground' not registered.
CreateEvent: event 'portal_player_touchedground' not registered.
noclip OFF
CreateEvent: event 'portal_player_touchedground' not registered.
Attempting to create unknown particle system 'fizzler_field_scalable' 
CreateEvent: event 'portal_player_portaled' not registered.
noclip ON
noclip OFF
User Msg 'InventoryFlash': 8 bytes written, expected 5
noclip ON
noclip OFF
CreateEvent: event 'portal_player_touchedground' not registered.
Attempting to create unknown particle system 'fizzler_field_scalable' 
Surface removed from behind portal.
User Msg 'InventoryFlash': 8 bytes written, expected 5
Attempting to create unknown particle system 'fizzler_field_scalable' 
noclip ON
CreateEvent: event 'portal_player_touchedground' not registered.
noclip OFF
CreateEvent: event 'portal_player_touchedground' not registered.
CreateEvent: event 'portal_player_portaled' not registered.
CreateEvent: event 'portal_player_touchedground' not registered.
CreateEvent: event 'portal_player_portaled' not registered.
CreateEvent: event 'portal_player_touchedground' not registered.
CreateEvent: event 'portal_player_touchedground' not registered.
User Msg 'InventoryFlash': 8 bytes written, expected 5
Attempting to create unknown particle system 'fizzler_field_scalable' 
noclip ON
CreateEvent: event 'portal_player_touchedground' not registered.
noclip OFF
CreateEvent: event 'portal_player_touchedground' not registered.
CreateEvent: event 'portal_player_touchedground' not registered.
CreateEvent: event 'portal_player_portaled' not registered.
CreateEvent: event 'portal_player_touchedground' not registered.
CreateEvent: event 'portal_player_touchedground' not registered.
User Msg 'InventoryFlash': 8 bytes written, expected 5
noclip ON
CreateEvent: event 'portal_player_touchedground' not registered.
noclip OFF
CreateEvent: event 'portal_player_touchedground' not registered.
CreateEvent: event 'portal_player_touchedground' not registered.
Attempting to create unknown particle system 'fizzler_field_scalable' 
Surface removed from behind portal.
Surface removed from behind portal.
User Msg 'InventoryFlash': 8 bytes written, expected 5
Attempting to create unknown particle system 'fizzler_field_scalable' 
Surface removed from behind portal.
User Msg 'InventoryFlash': 8 bytes written, expected 5
CreateEvent: event 'portal_player_touchedground' not registered.
CreateEvent: event 'portal_player_touchedground' not registered.
CreateEvent: event 'portal_player_touchedground' not registered.
CreateEvent: event 'portal_player_touchedground' not registered.
CreateEvent: event 'portal_player_touchedground' not registered.
CreateEvent: event 'portal_player_touchedground' not registered.
CreateEvent: event 'portal_player_touchedground' not registered.
Attempting to create unknown particle system 'fizzler_field_scalable' 
Surface removed from behind portal.
User Msg 'InventoryFlash': 8 bytes written, expected 5
CreateEvent: event 'portal_player_touchedground' not registered.
CreateEvent: event 'portal_player_touchedground' not registered.
User Msg 'InventoryFlash': 8 bytes written, expected 5
DataTable warning: player: Out-of-range value (2241.333008) in SendPropFloat 'm_vecBaseVelocity', clamping.
DataTable warning: player: Out-of-range value (2186.621826) in SendPropFloat 'm_vecBaseVelocity', clamping.
DataTable warning: player: Out-of-range value (2133.734375) in SendPropFloat 'm_vecBaseVelocity', clamping.
DataTable warning: player: Out-of-range value (2082.609863) in SendPropFloat 'm_vecBaseVelocity', clamping.
DataTable warning: player: Out-of-range value (2033.189575) in SendPropFloat 'm_vecBaseVelocity', clamping.
DataTable warning: player: Out-of-range value (1985.416626) in SendPropFloat 'm_vecBaseVelocity', clamping.
DataTable warning: player: Out-of-range value (1939.236084) in SendPropFloat 'm_vecBaseVelocity', clamping.
DataTable warning: player: Out-of-range value (1894.594849) in SendPropFloat 'm_vecBaseVelocity', clamping.
DataTable warning: player: Out-of-range value (1851.441650) in SendPropFloat 'm_vecBaseVelocity', clamping.
DataTable warning: player: Out-of-range value (1809.727051) in SendPropFloat 'm_vecBaseVelocity', clamping.
DataTable warning: player: Out-of-range value (1769.402832) in SendPropFloat 'm_vecBaseVelocity', clamping.
DataTable warning: player: Out-of-range value (1730.422607) in SendPropFloat 'm_vecBaseVelocity', clamping.
DataTable warning: player: Out-of-range value (1692.741943) in SendPropFloat 'm_vecBaseVelocity', clamping.
DataTable warning: player: Out-of-range value (1656.317139) in SendPropFloat 'm_vecBaseVelocity', clamping.
DataTable warning: player: Out-of-range value (1621.106689) in SendPropFloat 'm_vecBaseVelocity', clamping.
DataTable warning: player: Out-of-range value (1587.069824) in SendPropFloat 'm_vecBaseVelocity', clamping.
DataTable warning: player: Out-of-range value (1554.167480) in SendPropFloat 'm_vecBaseVelocity', clamping.
DataTable warning: player: Out-of-range value (1522.361816) in SendPropFloat 'm_vecBaseVelocity', clamping.
DataTable warning: player: Out-of-range value (1491.616455) in SendPropFloat 'm_vecBaseVelocity', clamping.
DataTable warning: player: Out-of-range value (1461.895874) in SendPropFloat 'm_vecBaseVelocity', clamping.
DataTable warning: player: Out-of-range value (1433.166016) in SendPropFloat 'm_vecBaseVelocity', clamping.
DataTable warning: player: Out-of-range value (1405.393799) in SendPropFloat 'm_vecBaseVelocity', clamping.
DataTable warning: player: Out-of-range value (1378.547363) in SendPropFloat 'm_vecBaseVelocity', clamping.
DataTable warning: player: Out-of-range value (1352.595703) in SendPropFloat 'm_vecBaseVelocity', clamping.
DataTable warning: player: Out-of-range value (1327.509277) in SendPropFloat 'm_vecBaseVelocity', clamping.
DataTable warning: player: Out-of-range value (1303.258911) in SendPropFloat 'm_vecBaseVelocity', clamping.
DataTable warning: player: Out-of-range value (1279.817017) in SendPropFloat 'm_vecBaseVelocity', clamping.
DataTable warning: player: Out-of-range value (1257.156494) in SendPropFloat 'm_vecBaseVelocity', clamping.
DataTable warning: player: Out-of-range value (1235.251221) in SendPropFloat 'm_vecBaseVelocity', clamping.
DataTable warning: player: Out-of-range value (1214.076172) in SendPropFloat 'm_vecBaseVelocity', clamping.
DataTable warning: player: Out-of-range value (1193.606934) in SendPropFloat 'm_vecBaseVelocity', clamping.
DataTable warning: player: Out-of-range value (1173.820068) in SendPropFloat 'm_vecBaseVelocity', clamping.
DataTable warning: player: Out-of-range value (1154.692749) in SendPropFloat 'm_vecBaseVelocity', clamping.
DataTable warning: player: Out-of-range value (1136.203003) in SendPropFloat 'm_vecBaseVelocity', clamping.
DataTable warning: player: Out-of-range value (1118.329590) in SendPropFloat 'm_vecBaseVelocity', clamping.
DataTable warning: player: Out-of-range value (1101.051880) in SendPropFloat 'm_vecBaseVelocity', clamping.
DataTable warning: player: Out-of-range value (1084.350098) in SendPropFloat 'm_vecBaseVelocity', clamping.
DataTable warning: player: Out-of-range value (1068.205078) in SendPropFloat 'm_vecBaseVelocity', clamping.
DataTable warning: player: Out-of-range value (1052.598267) in SendPropFloat 'm_vecBaseVelocity', clamping.
DataTable warning: player: Out-of-range value (1037.511719) in SendPropFloat 'm_vecBaseVelocity', clamping.
DataTable warning: player: Out-of-range value (1022.927979) in SendPropFloat 'm_vecBaseVelocity', clamping.
DataTable warning: player: Out-of-range value (1008.830383) in SendPropFloat 'm_vecBaseVelocity', clamping.
DataTable warning: player: Out-of-range value (2558.380859) in SendPropFloat 'm_vecBaseVelocity', clamping.
DataTable warning: player: Out-of-range value (2493.101318) in SendPropFloat 'm_vecBaseVelocity', clamping.
DataTable warning: player: Out-of-range value (2429.998047) in SendPropFloat 'm_vecBaseVelocity', clamping.
DataTable warning: player: Out-of-range value (2368.998047) in SendPropFloat 'm_vecBaseVelocity', clamping.
DataTable warning: player: Out-of-range value (2310.031494) in SendPropFloat 'm_vecBaseVelocity', clamping.
DataTable warning: player: Out-of-range value (2253.030273) in SendPropFloat 'm_vecBaseVelocity', clamping.
DataTable warning: player: Out-of-range value (2197.929443) in SendPropFloat 'm_vecBaseVelocity', clamping.
DataTable warning: player: Out-of-range value (2144.665039) in SendPropFloat 'm_vecBaseVelocity', clamping.
DataTable warning: player: Out-of-range value (2093.176270) in SendPropFloat 'm_vecBaseVelocity', clamping.
DataTable warning: player: Out-of-range value (2043.403687) in SendPropFloat 'm_vecBaseVelocity', clamping.
CreateEvent: event 'portal_player_touchedground' not registered.
CreateEvent: event 'portal_player_touchedground' not registered.
CreateEvent: event 'portal_player_touchedground' not registered.
CreateEvent: event 'portal_player_touchedground' not registered.
CreateEvent: event 'portal_player_touchedground' not registered.
CreateEvent: event 'portal_player_touchedground' not registered.
gustavo unpaused the game
CreateEvent: event 'portal_player_touchedground' not registered.
noclip ON
noclip OFF
noclip ON
noclip OFF
noclip ON
noclip OFF
CreateEvent: event 'portal_player_touchedground' not registered.
noclip ON
noclip OFF
noclip ON
noclip OFF
noclip ON
CreateEvent: event 'portal_player_touchedground' not registered.
noclip OFF
CreateEvent: event 'portal_player_touchedground' not registered.
User Msg 'InventoryFlash': 8 bytes written, expected 5
CreateEvent: event 'portal_player_touchedground' not registered.
CreateEvent: event 'portal_player_touchedground' not registered.
Attempting to create unknown particle system 'fizzler_field_scalable' 
Player in solid behind behind portal 1's plane, Adding to it's environment to run find closest passable space.
Surface removed from behind portal.
gustavo unpaused the game
Dropped gustavo from server (Server shutting down)
Host_WriteConfiguration: Wrote cfg/config.cfg
Stopping All Sounds...
Stopping: Channel:64 player\fling_whoosh.wav
Stopping: Channel:66 vehicles\airboat\fan_blade_idle_loop1.wav
Stopping: Channel:65 vehicles\airboat\fan_blade_idle_loop1.wav
Stopping: Channel:68 weapons\portalgun\portal_ambient_loop1.wav
Stopping: Channel:67 weapons\portalgun\portal_ambient_loop1.wav
Queued Material System: DISABLED!
Datacenter::EnableUpdate( 0 ), current state = 0
Datacenter::RequestStop, time 289.01, state 0
Unable to remove c:\sourcecode\aperture-camera\game\valve\textwindow_temp.html!
Stopping All Sounds...
CreateEvent: event 'server_pre_shutdown' not registered.
CreateEvent: event 'server_shutdown' not registered.
Shutdown function ShutdownMixerControls() not in list!!!
NET_GetBindAddresses found 192.168.31.140: 'Realtek PCIe GbE Family Controller'
NET_GetBindAddresses found 26.133.72.161: 'Famatech Radmin VPN Ethernet Adapter'
NET_GetBindAddresses found 172.24.90.163: 'ZeroTier Virtual Port #2'
NET_GetBindAddresses found 10.147.17.76: 'ZeroTier Virtual Port #3'
NET_GetBindAddresses found 172.16.0.2: 'WireGuard Tunnel'
Network: IP 10.147.17.76, mode MP, dedicated No, ports 27015 SV / 27005 CL
Parent cvar in client.dll not allowed (rr_debugresponseconcept)
Parent cvar in client.dll not allowed (rr_dumpresponses)
Parent cvar in client.dll not allowed (rr_debugrule)
Parent cvar in client.dll not allowed (rr_debugresponses)
WARNING: unable to link rr_debugresponseconcept_exclude and rr_debugresponseconcept_exclude because one or more is a ConCommand.
Parent cvar in client.dll not allowed (movement_anim_playback_minrate)
WARNING: unable to link creditsdone and creditsdone because one or more is a ConCommand.
WARNING: unable to link rr_reloadresponsesystems and rr_reloadresponsesystems because one or more is a ConCommand.
KeyValues Error: RecursiveLoadFromBuffer:  got NULL key in file particles/particles_manifest.txt
particles_manifest, 
CParticleMgr::Init:  Manifest 'particles/particles_manifest.txt' with bogus file type 'file		', expecting 'file'
CParticleMgr::Init:  Manifest 'particles/particles_manifest.txt' with bogus file type '
}', expecting 'file'
CResponseSystem:  scripts\talker\response_rules.txt (2 rules, 2 criteria, and 2 responses)
maxplayers set to 1
We're happy and aperture_render_targets!Missing cfg\cpu_level_2_pc.ekv
Missing cfg\gpu_level_3_pc.ekv
Missing cfg\mem_level_2_pc.ekv
Missing cfg\gpu_mem_level_2_pc.ekv
Running -nogameui mode, using client module instead of gameui
Steam config directory: C:\SourceCode\aperture-camera\game\platform\config
KeyValues Error: RecursiveLoadFromBuffer:  got NULL key in file particles/particles_manifest.txt
particles_manifest, 
CParticleMgr::Init:  Manifest 'particles/particles_manifest.txt' with bogus file type 'file		', expecting 'file'
CParticleMgr::Init:  Manifest 'particles/particles_manifest.txt' with bogus file type '
}', expecting 'file'
No split screen config file 'splitscreen_config.txt', using defaults
Missing cfg\cpu_level_2_pc.ekv
Missing cfg\gpu_level_3_pc.ekv
Missing cfg\mem_level_2_pc.ekv
Missing cfg\gpu_mem_level_2_pc.ekv
CGameEventManager::AddListener: event 'replay_status' unknown.
CGameEventManager::AddListener: event 'spec_target_updated' unknown.
KV Conditional: Unknown symbol OSX
KV Conditional: Unknown symbol OSX
Hud element 'CHudControlHelper' doesn't have an entry 'HudControlHelper' in scripts/HudLayout.res
Hud element 'CHudIndicator' doesn't have an entry 'HudIndicator' in scripts/HudLayout.res
Hud element 'CHudViewfinder' doesn't have an entry 'HudViewfinder' in scripts/HudLayout.res
Hud element 'CHudPhotoInventory' doesn't have an entry 'HudPhotoInventory' in scripts/HudLayout.res
Hud element 'CHudPhotoFlash' doesn't have an entry 'HudPhotoInventory' in scripts/HudLayout.res
CResponseSystem:  scripts\talker\response_rules.txt (2 rules, 2 criteria, and 2 responses)
cc_lang = 
Missing cfg\cpu_level_2_pc.ekv
Missing cfg\gpu_level_3_pc.ekv
Missing cfg\mem_level_2_pc.ekv
Missing cfg\gpu_mem_level_2_pc.ekv
Sound Initialization: Start
DS:stereo speaker configuration detected
Set primary sound buffer format: yes
Using secondary sound buffer
   2 channel(s)
   16 bits/sample
   44100 samples/sec
DirectSound initialized
Stopping All Sounds...
Trying cache :  'c:/sourcecode/aperture-camera/game/valve/maps/soundcache/_master.cache'
Successfully loaded audio cache file
Sound Initialization: Finish, Sampling Rate: 44100
cc_lang = 
Legacy Surround disabled.
Stopping All Sounds...
Sound Initialization: Start
DS:stereo speaker configuration detected
Set primary sound buffer format: yes
Using secondary sound buffer
   2 channel(s)
   16 bits/sample
   44100 samples/sec
DirectSound initialized
Stopping All Sounds...
Trying cache :  'c:/sourcecode/aperture-camera/game/valve/maps/soundcache/_master.cache'
Successfully loaded audio cache file
Sound Initialization: Finish, Sampling Rate: 44100
Datacenter::RequestStart, time 1.63
Datacenter::RequestStop, time 1.64, state 1
Datacenter::RequestUpdate failed
Stopping All Sounds...
Stopping All Sounds...
---- Host_NewGame ----
Network: IP 10.147.17.76, mode SP, dedicated No, ports 0 SV / 0 CL
Network: IP 10.147.17.76, mode MP, dedicated No, ports 27015 SV / 27005 CL
#######################################
Map testroom_aperture missing stringtable dictionary, don't ship this way!!!
#######################################
Host_NewGame on map testroom_aperture
Set Gravity 600.0 (0.250 tolerance)
PrecacheScriptSound 'default.null' failed, no such sound script entry
weapons/v_portalgun.mdl : material "models/weapons/v_models/v_portalgun/v_hands" not found.
CreateEvent: event 'picked_up_paint' not registered.
PrecacheScriptSound 'Paintgun.FireLoop' failed, no such sound script entry
Direct precache of vehicles/airboat/pontoon_fast_water_loop2.wav
"materials/_rt_largephoto.vtf": can't be found on disk
Error Index File for 'weapons\w_cam.mdl' checksum 1322159438 should be 2037782653
Warning:  Can't add NULL string to table EffectDispatch
Failed to load models/weapons/v_cam.mdl!
Warning:  Can't add NULL string to table EffectDispatch
Error: Material "models/items/photo_capture01" : proxy "PhotoMaterial" not found!
"materials/null.vtf": can't be found on disk
Error reading weapon data file for: weapon_hopwire
Warning:  Can't add NULL string to table EffectDispatch
Warning:  Can't add NULL string to table EffectDispatch
Warning:  Can't add NULL string to table EffectDispatch
Warning:  Can't add NULL string to table EffectDispatch
Warning:  Can't add NULL string to table EffectDispatch
Warning:  Can't add NULL string to table EffectDispatch
Warning:  Can't add NULL string to table EffectDispatch
Warning:  Can't add NULL string to table EffectDispatch
Warning:  Can't add NULL string to table EffectDispatch
Warning:  Can't add NULL string to table EffectDispatch
Warning:  Can't add NULL string to table EffectDispatch
Warning:  Can't add NULL string to table EffectDispatch
Warning:  Can't add NULL string to table EffectDispatch
Script not found (scripts/vscripts/mapspawn.nut) 
Failed to CRC cfg/cpu_level_0_pc.ekv
Failed to CRC cfg/cpu_level_0_pc_ss.ekv
Failed to CRC cfg/cpu_level_1_pc.ekv
Failed to CRC cfg/cpu_level_1_pc_ss.ekv
Failed to CRC cfg/cpu_level_2_pc.ekv
Failed to CRC cfg/cpu_level_2_pc_ss.ekv
Failed to CRC cfg/gpu_level_0_pc.ekv
Failed to CRC cfg/gpu_level_1_pc.ekv
Failed to CRC cfg/gpu_level_2_pc.ekv
Failed to CRC cfg/gpu_level_3_pc.ekv
Failed to CRC cfg/mem_level_0_pc.ekv
Failed to CRC cfg/mem_level_1_pc.ekv
Failed to CRC cfg/mem_level_2_pc.ekv
Failed to CRC cfg/gpu_mem_level_0_pc.ekv
Failed to CRC cfg/gpu_mem_level_1_pc.ekv
Failed to CRC cfg/gpu_mem_level_2_pc.ekv
Failed to CRC scripts/asw_weapon_ammo_bag.txt
Failed to CRC scripts/asw_weapon_ammo_satchel.txt
Failed to CRC scripts/asw_weapon_autogun.txt
Failed to CRC scripts/asw_weapon_blink.txt
Failed to CRC scripts/asw_weapon_buff_grenade.txt
Failed to CRC scripts/asw_weapon_chainsaw.txt
Failed to CRC scripts/asw_weapon_electrified_armor.txt
Failed to CRC scripts/asw_weapon_fire_extinguisher.txt
Failed to CRC scripts/asw_weapon_fist.txt
Failed to CRC scripts/asw_weapon_flamer.txt
Failed to CRC scripts/asw_weapon_flares.txt
Failed to CRC scripts/asw_weapon_flashlight.txt
Failed to CRC scripts/asw_weapon_freeze_grenades.txt
Failed to CRC scripts/asw_weapon_grenades.txt
Failed to CRC scripts/asw_weapon_grenade_launcher.txt
Failed to CRC scripts/asw_weapon_heal_grenade.txt
Failed to CRC scripts/asw_weapon_heal_gun.txt
Failed to CRC scripts/asw_weapon_hornet_barrage.txt
Failed to CRC scripts/asw_weapon_jump_jet.txt
Failed to CRC scripts/asw_weapon_laser_mines.txt
Failed to CRC scripts/asw_weapon_medical_satchel.txt
Failed to CRC scripts/asw_weapon_medkit.txt
Failed to CRC scripts/asw_weapon_mines.txt
Failed to CRC scripts/asw_weapon_minigun.txt
Failed to CRC scripts/asw_weapon_mining_laser.txt
Failed to CRC scripts/asw_weapon_night_vision.txt
Failed to CRC scripts/asw_weapon_normal_armor.txt
Failed to CRC scripts/asw_weapon_pdw.txt
Failed to CRC scripts/asw_weapon_pistol.txt
Failed to CRC scripts/asw_weapon_prifle.txt
Failed to CRC scripts/asw_weapon_railgun.txt
Failed to CRC scripts/asw_weapon_rifle.txt
Failed to CRC scripts/asw_weapon_sentry.txt
Failed to CRC scripts/asw_weapon_sentry_cannon.txt
Failed to CRC scripts/asw_weapon_sentry_flamer.txt
Failed to CRC scripts/asw_weapon_sentry_freeze.txt
Failed to CRC scripts/asw_weapon_shotgun.txt
Failed to CRC scripts/asw_weapon_smart_bomb.txt
Failed to CRC scripts/asw_weapon_sniper_rifle.txt
Failed to CRC scripts/asw_weapon_stim.txt
Failed to CRC scripts/asw_weapon_tesla_gun.txt
Failed to CRC scripts/asw_weapon_tesla_trap.txt
Failed to CRC scripts/asw_weapon_vindicator.txt
Failed to CRC scripts/asw_weapon_welder.txt
Attempted to create unknown entity type prop_portal_linked_door!
Can't init prop_portal_linked_door
Attempted to create unknown entity type prop_portal_linked_door!
Can't init prop_portal_linked_door
props_farm\mousetrap.mdl : material "models/props_farm/mousetrap001" not found.
PrecacheScriptSound 'NPC_Android.Pain' failed, no such sound script entry
Attempted to create unknown entity type _squashed_zombie!
NULL Ent in UTIL_PrecacheOther
PrecacheScriptSound 'AndroidDispenser.Blocked' failed, no such sound script entry
PrecacheScriptSound 'AndroidDispenser.Dispense' failed, no such sound script entry
prop_dynamic at -872 0 128 uses model models/props_c17/furnituretable002a.mdl, which has propdata which means that it be used on a prop_physics. DELETED.
"materials/models/bot_fem/bot_male_exponent.vtf": can't be found on disk
npcs/hover_turret.mdl : material "models/props_bts/glados_ball_01" not found.
npcs/hover_turret.mdl : material "models/props_bts/glados_ball_02" not found.
npcs/hover_turret.mdl : material "models/props_bts/glados_ball_03" not found.
npcs/hover_turret.mdl : material "models/props_bts/glados_ball_04" not found.
Invalid file size for motd.txt
Invalid file size for host.txt
Created class baseline: 21 classes, 3088 bytes.
Heartbeat is disabled (usually developer or cheats is on).
m_eServerMode pre = 0
m_eServerMode post = 2
************************************************
*  Unable to load Steam support library.       *
*  This server will operate in LAN mode only.  *
************************************************
Heartbeat is disabled (usually developer or cheats is on).
Stopping All Sounds...
1.000:  Sending UDP connect to public IP 127.0.0.1:27015
Server using '<none>' lobbies, requiring pw no, lobby id 0
RememberIPAddressForLobby: lobby 0 from address loopback

Portal
Map: testroom_aperture
Players: 1 (0 bots) / 1 humans
Build: 6653
Server Number: 1

material "particle/particle_glow_05_add_15ob" not found.
Attempted to precache unknown particle system "portal_dematerialize"!
Attempted to precache unknown particle system "portal_rematerialize"!
Attempted to precache unknown particle system "zombie_stomp_heavy"!
Attempted to precache unknown particle system "GrubBlood"!
Attempted to precache unknown particle system "fizzler_field"!
Attempted to precache unknown particle system "fizzler_field_scalable"!
material "overlays/coop_ping_decal" not found.
material "effects/huntertracer" not found.
Attempted to precache unknown particle system "rain_storm"!
Attempted to precache unknown particle system "rain_storm"!
Attempted to precache unknown particle system "rain_storm_screen"!
Attempted to precache unknown particle system "rain_storm_screen"!
Attempted to precache unknown particle system "rain_storm_outer"!
Attempted to precache unknown particle system "rain_storm_outer"!
Attempted to precache unknown particle system "rain"!
Attempted to precache unknown particle system "rain"!
Attempted to precache unknown particle system "rain_outer"!
Attempted to precache unknown particle system "rain_outer"!
Attempted to precache unknown particle system "ash"!
Attempted to precache unknown particle system "ash"!
Attempted to precache unknown particle system "ash_outer"!
Attempted to precache unknown particle system "ash_outer"!
Attempted to precache unknown particle system "snow"!
Attempted to precache unknown particle system "snow"!
Attempted to precache unknown particle system "snow_outer"!
Attempted to precache unknown particle system "snow_outer"!
Attempted to precache unknown particle system "rtube_muzzle"!
Attempted to precache unknown particle system "rtube_muzzle"!
Attempted to precache unknown particle system "paint_hose"!
Attempted to precache unknown particle system "paint_hose"!
material "photos/photo_background" not found.
material "photos/photo_foreground" not found.
Script not found (scripts/vscripts/mapspawn.nut) 
Sending full update to Client gustavo (gustavo can't find frame from tick -1)
Receiving uncompressed update from server
Set Gravity 600.0 (0.250 tolerance)
Queued Material System: ENABLED!
DEBUG HISTORY IS ENABLED. Disable before release (in env_debughistory.h).
CreateEvent: event 'portal_player_touchedground' not registered.
material "" not found.
Attempting to create unknown particle system 'fizzler_field_scalable' 
Attempting to create unknown particle system 'fizzler_field' 
Attempting to create unknown particle system 'fizzler_field' 
Attempting to create unknown particle system 'fizzler_field_scalable' 
Redownloading all lightmaps
R_RedownloadAllLightmaps took 3.881 msec!
CModelRenderSystem::SetupFlashlightsAndDecals sorted model list count incorrect! A model was probably unable to load!CModelRenderSystem::SetupFlashlightsAndDecals sorted model list count incorrect! A model was probably unable to load!CModelRenderSystem::SetupFlashlightsAndDecals sorted model list count incorrect! A model was probably unable to load!CModelRenderSystem::SetupFlashlightsAndDecals sorted model list count incorrect! A model was probably unable to load!CModelRenderSystem::SetupFlashlightsAndDecals sorted model list count incorrect! A model was probably unable to load!CModelRenderSystem::SetupFlashlightsAndDecals sorted model list count incorrect! A model was probably unable to load!CModelRenderSystem::SetupFlashlightsAndDecals sorted model list count incorrect! A model was probably unable to load!CModelRenderSystem::SetupFlashlightsAndDecals sorted model list count incorrect! A model was probably unable to load!CModelRenderSystem::SetupFlashlightsAndDecals sorted model list count incorrect! A model was probably unable to load!CModelRenderSystem::SetupFlashlightsAndDecals sorted model list count incorrect! A model was probably unable to load!CModelRenderSystem::SetupFlashlightsAndDecals sorted model list count incorrect! A model was probably unable to load!CModelRenderSystem::SetupFlashlightsAndDecals sorted model list count incorrect! A model was probably unable to load!CModelRenderSystem::SetupFlashlightsAndDecals sorted model list count incorrect! A model was probably unable to load!CModelRenderSystem::SetupFlashlightsAndDecals sorted model list count incorrect! A model was probably unable to load!CModelRenderSystem::SetupFlashlightsAndDecals sorted model list count incorrect! A model was probably unable to load!CModelRenderSystem::SetupFlashlightsAndDecals sorted model list count incorrect! A model was probably unable to load!CModelRenderSystem::SetupFlashlightsAndDecals sorted model list count incorrect! A model was probably unable to load!CModelRenderSystem::SetupFlashlightsAndDecals sorted model list count incorrect! A model was probably unable to load!CModelRenderSystem::SetupFlashlightsAndDecals sorted model list count incorrect! A model was probably unable to load!CModelRenderSystem::SetupFlashlightsAndDecals sorted model list count incorrect! A model was probably unable to load!CModelRenderSystem::SetupFlashlightsAndDecals sorted model list count incorrect! A model was probably unable to load!CModelRenderSystem::SetupFlashlightsAndDecals sorted model list count incorrect! A model was probably unable to load!CModelRenderSystem::SetupFlashlightsAndDecals sorted model list count incorrect! A model was probably unable to load!CModelRenderSystem::SetupFlashlightsAndDecals sorted model list count incorrect! A model was probably unable to load!CModelRenderSystem::SetupFlashlightsAndDecals sorted model list count incorrect! A model was probably unable to load!CModelRenderSystem::SetupFlashlightsAndDecals sorted model list count incorrect! A model was probably unable to load!CModelRenderSystem::SetupFlashlightsAndDecals sorted model list count incorrect! A model was probably unable to load!CModelRenderSystem::SetupFlashlightsAndDecals sorted model list count incorrect! A model was probably unable to load!CModelRenderSystem::SetupFlashlightsAndDecals sorted model list count incorrect! A model was probably unable to load!CModelRenderSystem::SetupFlashlightsAndDecals sorted model list count incorrect! A model was probably unable to load!CModelRenderSystem::SetupFlashlightsAndDecals sorted model list count incorrect! A model was probably unable to load!CModelRenderSystem::SetupFlashlightsAndDecals sorted model list count incorrect! A model was probably unable to load!CModelRenderSystem::SetupFlashlightsAndDecals sorted model list count incorrect! A model was probably unable to load!CModelRenderSystem::SetupFlashlightsAndDecals sorted model list count incorrect! A model was probably unable to load!CModelRenderSystem::SetupFlashlightsAndDecals sorted model list count incorrect! A model was probably unable to load!CModelRenderSystem::SetupFlashlightsAndDecals sorted model list count incorrect! A model was probably unable to load!CModelRenderSystem::SetupFlashlightsAndDecals sorted model list count incorrect! A model was probably unable to load!CModelRenderSystem::SetupFlashlightsAndDecals sorted model list count incorrect! A model was probably unable to load!CModelRenderSystem::SetupFlashlightsAndDecals sorted model list count incorrect! A model was probably unable to load!CModelRenderSystem::SetupFlashlightsAndDecals sorted model list count incorrect! A model was probably unable to load!CModelRenderSystem::SetupFlashlightsAndDecals sorted model list count incorrect! A model was probably unable to load!CModelRenderSystem::SetupFlashlightsAndDecals sorted model list count incorrect! A model was probably unable to load!CModelRenderSystem::SetupFlashlightsAndDecals sorted model list count incorrect! A model was probably unable to load!CModelRenderSystem::SetupFlashlightsAndDecals sorted model list count incorrect! A model was probably unable to load!CModelRenderSystem::SetupFlashlightsAndDecals sorted model list count incorrect! A model was probably unable to load!CModelRenderSystem::SetupFlashlightsAndDecals sorted model list count incorrect! A model was probably unable to load!CModelRenderSystem::SetupFlashlightsAndDecals sorted model list count incorrect! A model was probably unable to load!CModelRenderSystem::SetupFlashlightsAndDecals sorted model list count incorrect! A model was probably unable to load!CModelRenderSystem::SetupFlashlightsAndDecals sorted model list count incorrect! A model was probably unable to load!CModelRenderSystem::SetupFlashlightsAndDecals sorted model list count incorrect! A model was probably unable to load!CModelRenderSystem::SetupFlashlightsAndDecals sorted model list count incorrect! A model was probably unable to load!CModelRenderSystem::SetupFlashlightsAndDecals sorted model list count incorrect! A model was probably unable to load!CModelRenderSystem::SetupFlashlightsAndDecals sorted model list count incorrect! A model was probably unable to load!CModelRenderSystem::SetupFlashlightsAndDecals sorted model list count incorrect! A model was probably unable to load!CModelRenderSystem::SetupFlashlightsAndDecals sorted model list count incorrect! A model was probably unable to load!CModelRenderSystem::SetupFlashlightsAndDecals sorted model list count incorrect! A model was probably unable to load!CModelRenderSystem::SetupFlashlightsAndDecals sorted model list count incorrect! A model was probably unable to load!CModelRenderSystem::SetupFlashlightsAndDecals sorted model list count incorrect! A model was probably unable to load!CModelRenderSystem::SetupFlashlightsAndDecals sorted model list count incorrect! A model was probably unable to load!CModelRenderSystem::SetupFlashlightsAndDecals sorted model list count incorrect! A model was probably unable to load!CModelRenderSystem::SetupFlashlightsAndDecals sorted model list count incorrect! A model was probably unable to load!CModelRenderSystem::SetupFlashlightsAndDecals sorted model list count incorrect! A model was probably unable to load!CModelRenderSystem::SetupFlashlightsAndDecals sorted model list count incorrect! A model was probably unable to load!CModelRenderSystem::SetupFlashlightsAndDecals sorted model list count incorrect! A model was probably unable to load!CModelRenderSystem::SetupFlashlightsAndDecals sorted model list count incorrect! A model was probably unable to load!CModelRenderSystem::SetupFlashlightsAndDecals sorted model list count incorrect! A model was probably unable to load!CModelRenderSystem::SetupFlashlightsAndDecals sorted model list count incorrect! A model was probably unable to load!CModelRenderSystem::SetupFlashlightsAndDecals sorted model list count incorrect! A model was probably unable to load!CModelRenderSystem::SetupFlashlightsAndDecals sorted model list count incorrect! A model was probably unable to load!CModelRenderSystem::SetupFlashlightsAndDecals sorted model list count incorrect! A model was probably unable to load!CModelRenderSystem::SetupFlashlightsAndDecals sorted model list count incorrect! A model was probably unable to load!CModelRenderSystem::SetupFlashlightsAndDecals sorted model list count incorrect! A model was probably unable to load!CModelRenderSystem::SetupFlashlightsAndDecals sorted model list count incorrect! A model was probably unable to load!CModelRenderSystem::SetupFlashlightsAndDecals sorted model list count incorrect! A model was probably unable to load!CModelRenderSystem::SetupFlashlightsAndDecals sorted model list count incorrect! A model was probably unable to load!CModelRenderSystem::SetupFlashlightsAndDecals sorted model list count incorrect! A model was probably unable to load!CModelRenderSystem::SetupFlashlightsAndDecals sorted model list count incorrect! A model was probably unable to load!CModelRenderSystem::SetupFlashlightsAndDecals sorted model list count incorrect! A model was probably unable to load!CModelRenderSystem::SetupFlashlightsAndDecals sorted model list count incorrect! A model was probably unable to load!CModelRenderSystem::SetupFlashlightsAndDecals sorted model list count incorrect! A model was probably unable to load!CModelRenderSystem::SetupFlashlightsAndDecals sorted model list count incorrect! A model was probably unable to load!CModelRenderSystem::SetupFlashlightsAndDecals sorted model list count incorrect! A model was probably unable to load!CModelRenderSystem::SetupFlashlightsAndDecals sorted model list count incorrect! A model was probably unable to load!CModelRenderSystem::SetupFlashlightsAndDecals sorted model list count incorrect! A model was probably unable to load!CModelRenderSystem::SetupFlashlightsAndDecals sorted model list count incorrect! A model was probably unable to load!CModelRenderSystem::SetupFlashlightsAndDecals sorted model list count incorrect! A model was probably unable to load!CModelRenderSystem::SetupFlashlightsAndDecals sorted model list count incorrect! A model was probably unable to load!CModelRenderSystem::SetupFlashlightsAndDecals sorted model list count incorrect! A model was probably unable to load!CModelRenderSystem::SetupFlashlightsAndDecals sorted model list count incorrect! A model was probably unable to load!CModelRenderSystem::SetupFlashlightsAndDecals sorted model list count incorrect! A model was probably unable to load!CModelRenderSystem::SetupFlashlightsAndDecals sorted model list count incorrect! A model was probably unable to load!CModelRenderSystem::SetupFlashlightsAndDecals sorted model list count incorrect! A model was probably unable to load!CModelRenderSystem::SetupFlashlightsAndDecals sorted model list count incorrect! A model was probably unable to load!CModelRenderSystem::SetupFlashlightsAndDecals sorted model list count incorrect! A model was probably unable to load!CModelRenderSystem::SetupFlashlightsAndDecals sorted model list count incorrect! A model was probably unable to load!CModelRenderSystem::SetupFlashlightsAndDecals sorted model list count incorrect! A model was probably unable to load!CModelRenderSystem::SetupFlashlightsAndDecals sorted model list count incorrect! A model was probably unable to load!CModelRenderSystem::SetupFlashlightsAndDecals sorted model list count incorrect! A model was probably unable to load!CModelRenderSystem::SetupFlashlightsAndDecals sorted model list count incorrect! A model was probably unable to load!CModelRenderSystem::SetupFlashlightsAndDecals sorted model list count incorrect! A model was probably unable to load!CModelRenderSystem::SetupFlashlightsAndDecals sorted model list count incorrect! A model was probably unable to load!CModelRenderSystem::SetupFlashlightsAndDecals sorted model list count incorrect! A model was probably unable to load!CModelRenderSystem::SetupFlashlightsAndDecals sorted model list count incorrect! A model was probably unable to load!CModelRenderSystem::SetupFlashlightsAndDecals sorted model list count incorrect! A model was probably unable to load!CModelRenderSystem::SetupFlashlightsAndDecals sorted model list count incorrect! A model was probably unable to load!CModelRenderSystem::SetupFlashlightsAndDecals sorted model list count incorrect! A model was probably unable to load!CModelRenderSystem::SetupFlashlightsAndDecals sorted model list count incorrect! A model was probably unable to load!CModelRenderSystem::SetupFlashlightsAndDecals sorted model list count incorrect! A model was probably unable to load!CModelRenderSystem::SetupFlashlightsAndDecals sorted model list count incorrect! A model was probably unable to load!CModelRenderSystem::SetupFlashlightsAndDecals sorted model list count incorrect! A model was probably unable to load!CModelRenderSystem::SetupFlashlightsAndDecals sorted model list count incorrect! A model was probably unable to load!CModelRenderSystem::SetupFlashlightsAndDecals sorted model list count incorrect! A model was probably unable to load!CModelRenderSystem::SetupFlashlightsAndDecals sorted model list count incorrect! A model was probably unable to load!CModelRenderSystem::SetupFlashlightsAndDecals sorted model list count incorrect! A model was probably unable to load!CModelRenderSystem::SetupFlashlightsAndDecals sorted model list count incorrect! A model was probably unable to load!CModelRenderSystem::SetupFlashlightsAndDecals sorted model list count incorrect! A model was probably unable to load!CModelRenderSystem::SetupFlashlightsAndDecals sorted model list count incorrect! A model was probably unable to load!CModelRenderSystem::SetupFlashlightsAndDecals sorted model list count incorrect! A model was probably unable to load!CModelRenderSystem::SetupFlashlightsAndDecals sorted model list count incorrect! A model was probably unable to load!CModelRenderSystem::SetupFlashlightsAndDecals sorted model list count incorrect! A model was probably unable to load!CModelRenderSystem::SetupFlashlightsAndDecals sorted model list count incorrect! A model was probably unable to load!CModelRenderSystem::SetupFlashlightsAndDecals sorted model list count incorrect! A model was probably unable to load!CModelRenderSystem::SetupFlashlightsAndDecals sorted model list count incorrect! A model was probably unable to load!CModelRenderSystem::SetupFlashlightsAndDecals sorted model list count incorrect! A model was probably unable to load!CModelRenderSystem::SetupFlashlightsAndDecals sorted model list count incorrect! A model was probably unable to load!CModelRenderSystem::SetupFlashlightsAndDecals sorted model list count incorrect! A model was probably unable to load!CModelRenderSystem::SetupFlashlightsAndDecals sorted model list count incorrect! A model was probably unable to load!CModelRenderSystem::SetupFlashlightsAndDecals sorted model list count incorrect! A model was probably unable to load!CModelRenderSystem::SetupFlashlightsAndDecals sorted model list count incorrect! A model was probably unable to load!CModelRenderSystem::SetupFlashlightsAndDecals sorted model list count incorrect! A model was probably unable to load!CModelRenderSystem::SetupFlashlightsAndDecals sorted model list count incorrect! A model was probably unable to load!CModelRenderSystem::SetupFlashlightsAndDecals sorted model list count incorrect! A model was probably unable to load!CModelRenderSystem::SetupFlashlightsAndDecals sorted model list count incorrect! A model was probably unable to load!CModelRenderSystem::SetupFlashlightsAndDecals sorted model list count incorrect! A model was probably unable to load!CModelRenderSystem::SetupFlashlightsAndDecals sorted model list count incorrect! A model was probably unable to load!CModelRenderSystem::SetupFlashlightsAndDecals sorted model list count incorrect! A model was probably unable to load!CModelRenderSystem::SetupFlashlightsAndDecals sorted model list count incorrect! A model was probably unable to load!CreateEvent: event 'portal_player_touchedground' not registered.
CModelRenderSystem::SetupFlashlightsAndDecals sorted model list count incorrect! A model was probably unable to load!CModelRenderSystem::SetupFlashlightsAndDecals sorted model list count incorrect! A model was probably unable to load!CModelRenderSystem::SetupFlashlightsAndDecals sorted model list count incorrect! A model was probably unable to load!CModelRenderSystem::SetupFlashlightsAndDecals sorted model list count incorrect! A model was probably unable to load!CModelRenderSystem::SetupFlashlightsAndDecals sorted model list count incorrect! A model was probably unable to load!CModelRenderSystem::SetupFlashlightsAndDecals sorted model list count incorrect! A model was probably unable to load!CModelRenderSystem::SetupFlashlightsAndDecals sorted model list count incorrect! A model was probably unable to load!CModelRenderSystem::SetupFlashlightsAndDecals sorted model list count incorrect! A model was probably unable to load!CModelRenderSystem::SetupFlashlightsAndDecals sorted model list count incorrect! A model was probably unable to load!CModelRenderSystem::SetupFlashlightsAndDecals sorted model list count incorrect! A model was probably unable to load!CModelRenderSystem::SetupFlashlightsAndDecals sorted model list count incorrect! A model was probably unable to load!CModelRenderSystem::SetupFlashlightsAndDecals sorted model list count incorrect! A model was probably unable to load!CModelRenderSystem::SetupFlashlightsAndDecals sorted model list count incorrect! A model was probably unable to load!CModelRenderSystem::SetupFlashlightsAndDecals sorted model list count incorrect! A model was probably unable to load!CModelRenderSystem::SetupFlashlightsAndDecals sorted model list count incorrect! A model was probably unable to load!CModelRenderSystem::SetupFlashlightsAndDecals sorted model list count incorrect! A model was probably unable to load!CModelRenderSystem::SetupFlashlightsAndDecals sorted model list count incorrect! A model was probably unable to load!CModelRenderSystem::SetupFlashlightsAndDecals sorted model list count incorrect! A model was probably unable to load!CModelRenderSystem::SetupFlashlightsAndDecals sorted model list count incorrect! A model was probably unable to load!CModelRenderSystem::SetupFlashlightsAndDecals sorted model list count incorrect! A model was probably unable to load!CModelRenderSystem::SetupFlashlightsAndDecals sorted model list count incorrect! A model was probably unable to load!CModelRenderSystem::SetupFlashlightsAndDecals sorted model list count incorrect! A model was probably unable to load!CModelRenderSystem::SetupFlashlightsAndDecals sorted model list count incorrect! A model was probably unable to load!CModelRenderSystem::SetupFlashlightsAndDecals sorted model list count incorrect! A model was probably unable to load!CModelRenderSystem::SetupFlashlightsAndDecals sorted model list count incorrect! A model was probably unable to load!CModelRenderSystem::SetupFlashlightsAndDecals sorted model list count incorrect! A model was probably unable to load!CreateEvent: event 'portal_player_touchedground' not registered.
CModelRenderSystem::SetupFlashlightsAndDecals sorted model list count incorrect! A model was probably unable to load!CModelRenderSystem::SetupFlashlightsAndDecals sorted model list count incorrect! A model was probably unable to load!CModelRenderSystem::SetupFlashlightsAndDecals sorted model list count incorrect! A model was probably unable to load!CModelRenderSystem::SetupFlashlightsAndDecals sorted model list count incorrect! A model was probably unable to load!CModelRenderSystem::SetupFlashlightsAndDecals sorted model list count incorrect! A model was probably unable to load!CModelRenderSystem::SetupFlashlightsAndDecals sorted model list count incorrect! A model was probably unable to load!CModelRenderSystem::SetupFlashlightsAndDecals sorted model list count incorrect! A model was probably unable to load!CModelRenderSystem::SetupFlashlightsAndDecals sorted model list count incorrect! A model was probably unable to load!CModelRenderSystem::SetupFlashlightsAndDecals sorted model list count incorrect! A model was probably unable to load!CModelRenderSystem::SetupFlashlightsAndDecals sorted model list count incorrect! A model was probably unable to load!CModelRenderSystem::SetupFlashlightsAndDecals sorted model list count incorrect! A model was probably unable to load!CModelRenderSystem::SetupFlashlightsAndDecals sorted model list count incorrect! A model was probably unable to load!CModelRenderSystem::SetupFlashlightsAndDecals sorted model list count incorrect! A model was probably unable to load!CModelRenderSystem::SetupFlashlightsAndDecals sorted model list count incorrect! A model was probably unable to load!CModelRenderSystem::SetupFlashlightsAndDecals sorted model list count incorrect! A model was probably unable to load!CModelRenderSystem::SetupFlashlightsAndDecals sorted model list count incorrect! A model was probably unable to load!CModelRenderSystem::SetupFlashlightsAndDecals sorted model list count incorrect! A model was probably unable to load!CModelRenderSystem::SetupFlashlightsAndDecals sorted model list count incorrect! A model was probably unable to load!CModelRenderSystem::SetupFlashlightsAndDecals sorted model list count incorrect! A model was probably unable to load!CModelRenderSystem::SetupFlashlightsAndDecals sorted model list count incorrect! A model was probably unable to load!CModelRenderSystem::SetupFlashlightsAndDecals sorted model list count incorrect! A model was probably unable to load!CModelRenderSystem::SetupFlashlightsAndDecals sorted model list count incorrect! A model was probably unable to load!CModelRenderSystem::SetupFlashlightsAndDecals sorted model list count incorrect! A model was probably unable to load!CreateEvent: event 'portal_player_touchedground' not registered.
CModelRenderSystem::SetupFlashlightsAndDecals sorted model list count incorrect! A model was probably unable to load!CModelRenderSystem::SetupFlashlightsAndDecals sorted model list count incorrect! A model was probably unable to load!CModelRenderSystem::SetupFlashlightsAndDecals sorted model list count incorrect! A model was probably unable to load!CModelRenderSystem::SetupFlashlightsAndDecals sorted model list count incorrect! A model was probably unable to load!CModelRenderSystem::SetupFlashlightsAndDecals sorted model list count incorrect! A model was probably unable to load!CModelRenderSystem::SetupFlashlightsAndDecals sorted model list count incorrect! A model was probably unable to load!CModelRenderSystem::SetupFlashlightsAndDecals sorted model list count incorrect! A model was probably unable to load!CModelRenderSystem::SetupFlashlightsAndDecals sorted model list count incorrect! A model was probably unable to load!CModelRenderSystem::SetupFlashlightsAndDecals sorted model list count incorrect! A model was probably unable to load!CModelRenderSystem::SetupFlashlightsAndDecals sorted model list count incorrect! A model was probably unable to load!CModelRenderSystem::SetupFlashlightsAndDecals sorted model list count incorrect! A model was probably unable to load!CModelRenderSystem::SetupFlashlightsAndDecals sorted model list count incorrect! A model was probably unable to load!CModelRenderSystem::SetupFlashlightsAndDecals sorted model list count incorrect! A model was probably unable to load!CModelRenderSystem::SetupFlashlightsAndDecals sorted model list count incorrect! A model was probably unable to load!CModelRenderSystem::SetupFlashlightsAndDecals sorted model list count incorrect! A model was probably unable to load!CModelRenderSystem::SetupFlashlightsAndDecals sorted model list count incorrect! A model was probably unable to load!CModelRenderSystem::SetupFlashlightsAndDecals sorted model list count incorrect! A model was probably unable to load!CModelRenderSystem::SetupFlashlightsAndDecals sorted model list count incorrect! A model was probably unable to load!CModelRenderSystem::SetupFlashlightsAndDecals sorted model list count incorrect! A model was probably unable to load!CModelRenderSystem::SetupFlashlightsAndDecals sorted model list count incorrect! A model was probably unable to load!CModelRenderSystem::SetupFlashlightsAndDecals sorted model list count incorrect! A model was probably unable to load!CModelRenderSystem::SetupFlashlightsAndDecals sorted model list count incorrect! A model was probably unable to load!CModelRenderSystem::SetupFlashlightsAndDecals sorted model list count incorrect! A model was probably unable to load!CModelRenderSystem::SetupFlashlightsAndDecals sorted model list count incorrect! A model was probably unable to load!CModelRenderSystem::SetupFlashlightsAndDecals sorted model list count incorrect! A model was probably unable to load!CModelRenderSystem::SetupFlashlightsAndDecals sorted model list count incorrect! A model was probably unable to load!CModelRenderSystem::SetupFlashlightsAndDecals sorted model list count incorrect! A model was probably unable to load!CModelRenderSystem::SetupFlashlightsAndDecals sorted model list count incorrect! A model was probably unable to load!CModelRenderSystem::SetupFlashlightsAndDecals sorted model list count incorrect! A model was probably unable to load!CModelRenderSystem::SetupFlashlightsAndDecals sorted model list count incorrect! A model was probably unable to load!CModelRenderSystem::SetupFlashlightsAndDecals sorted model list count incorrect! A model was probably unable to load!CModelRenderSystem::SetupFlashlightsAndDecals sorted model list count incorrect! A model was probably unable to load!CModelRenderSystem::SetupFlashlightsAndDecals sorted model list count incorrect! A model was probably unable to load!CModelRenderSystem::SetupFlashlightsAndDecals sorted model list count incorrect! A model was probably unable to load!CModelRenderSystem::SetupFlashlightsAndDecals sorted model list count incorrect! A model was probably unable to load!CModelRenderSystem::SetupFlashlightsAndDecals sorted model list count incorrect! A model was probably unable to load!CModelRenderSystem::SetupFlashlightsAndDecals sorted model list count incorrect! A model was probably unable to load!CModelRenderSystem::SetupFlashlightsAndDecals sorted model list count incorrect! A model was probably unable to load!CModelRenderSystem::SetupFlashlightsAndDecals sorted model list count incorrect! A model was probably unable to load!CModelRenderSystem::SetupFlashlightsAndDecals sorted model list count incorrect! A model was probably unable to load!CModelRenderSystem::SetupFlashlightsAndDecals sorted model list count incorrect! A model was probably unable to load!CModelRenderSystem::SetupFlashlightsAndDecals sorted model list count incorrect! A model was probably unable to load!CModelRenderSystem::SetupFlashlightsAndDecals sorted model list count incorrect! A model was probably unable to load!CModelRenderSystem::SetupFlashlightsAndDecals sorted model list count incorrect! A model was probably unable to load!CModelRenderSystem::SetupFlashlightsAndDecals sorted model list count incorrect! A model was probably unable to load!CModelRenderSystem::SetupFlashlightsAndDecals sorted model list count incorrect! A model was probably unable to load!CModelRenderSystem::SetupFlashlightsAndDecals sorted model list count incorrect! A model was probably unable to load!CModelRenderSystem::SetupFlashlightsAndDecals sorted model list count incorrect! A model was probably unable to load!CModelRenderSystem::SetupFlashlightsAndDecals sorted model list count incorrect! A model was probably unable to load!CModelRenderSystem::SetupFlashlightsAndDecals sorted model list count incorrect! A model was probably unable to load!CModelRenderSystem::SetupFlashlightsAndDecals sorted model list count incorrect! A model was probably unable to load!Warning:  Can't add NULL string to table EffectDispatch
Warning:  Can't add NULL string to table EffectDispatch
Attempted to precache unknown particle system "weapon_tracers"!
Attempted to precache unknown particle system "weapon_tracers"!
Error reading weapon data file for: basehlcombatweapon
Attempted to precache unknown particle system "weapon_tracers"!
CreateEvent: event 'portal_player_touchedground' not registered.
CreateEvent: event 'portal_player_touchedground' not registered.
CreateEvent: event 'portal_player_touchedground' not registered.
CreateEvent: event 'portal_player_touchedground' not registered.
User Msg 'InventoryFlash': 8 bytes written, expected 5
currently weapon is: 
Dropped gustavo from server (Server shutting down)
Host_WriteConfiguration: Wrote cfg/config.cfg
Stopping All Sounds...
Stopping: Channel:64 player\fling_whoosh.wav
Stopping: Channel:69 weapons\portalgun\portal_ambient_loop1.wav
Stopping: Channel:68 weapons\portalgun\portal_ambient_loop1.wav
Stopping: Channel:66 vehicles\airboat\fan_blade_idle_loop1.wav
Stopping: Channel:67 vehicles\airboat\fan_blade_idle_loop1.wav
Queued Material System: DISABLED!
Datacenter::EnableUpdate( 0 ), current state = 0
Datacenter::RequestStop, time 65.56, state 0
Unable to remove c:\sourcecode\aperture-camera\game\valve\textwindow_temp.html!
Stopping All Sounds...
CreateEvent: event 'server_pre_shutdown' not registered.
CreateEvent: event 'server_shutdown' not registered.
Shutdown function ShutdownMixerControls() not in list!!!
NET_GetBindAddresses found 192.168.31.140: 'Realtek PCIe GbE Family Controller'
NET_GetBindAddresses found 26.133.72.161: 'Famatech Radmin VPN Ethernet Adapter'
NET_GetBindAddresses found 172.24.90.163: 'ZeroTier Virtual Port #2'
NET_GetBindAddresses found 10.147.17.76: 'ZeroTier Virtual Port #3'
NET_GetBindAddresses found 172.16.0.2: 'WireGuard Tunnel'
Network: IP 10.147.17.76, mode MP, dedicated No, ports 27015 SV / 27005 CL
Parent cvar in client.dll not allowed (rr_debugresponseconcept)
Parent cvar in client.dll not allowed (rr_dumpresponses)
Parent cvar in client.dll not allowed (rr_debugrule)
Parent cvar in client.dll not allowed (rr_debugresponses)
WARNING: unable to link rr_debugresponseconcept_exclude and rr_debugresponseconcept_exclude because one or more is a ConCommand.
Parent cvar in client.dll not allowed (movement_anim_playback_minrate)
WARNING: unable to link creditsdone and creditsdone because one or more is a ConCommand.
WARNING: unable to link rr_reloadresponsesystems and rr_reloadresponsesystems because one or more is a ConCommand.
KeyValues Error: RecursiveLoadFromBuffer:  got NULL key in file particles/particles_manifest.txt
particles_manifest, 
CParticleMgr::Init:  Manifest 'particles/particles_manifest.txt' with bogus file type 'file		', expecting 'file'
CParticleMgr::Init:  Manifest 'particles/particles_manifest.txt' with bogus file type '
}', expecting 'file'
CResponseSystem:  scripts\talker\response_rules.txt (2 rules, 2 criteria, and 2 responses)
maxplayers set to 1
We're happy and aperture_render_targets!Missing cfg\cpu_level_2_pc.ekv
Missing cfg\gpu_level_3_pc.ekv
Missing cfg\mem_level_2_pc.ekv
Missing cfg\gpu_mem_level_2_pc.ekv
Running -nogameui mode, using client module instead of gameui
Steam config directory: C:\SourceCode\aperture-camera\game\platform\config
KeyValues Error: RecursiveLoadFromBuffer:  got NULL key in file particles/particles_manifest.txt
particles_manifest, 
CParticleMgr::Init:  Manifest 'particles/particles_manifest.txt' with bogus file type 'file		', expecting 'file'
CParticleMgr::Init:  Manifest 'particles/particles_manifest.txt' with bogus file type '
}', expecting 'file'
No split screen config file 'splitscreen_config.txt', using defaults
Missing cfg\cpu_level_2_pc.ekv
Missing cfg\gpu_level_3_pc.ekv
Missing cfg\mem_level_2_pc.ekv
Missing cfg\gpu_mem_level_2_pc.ekv
CGameEventManager::AddListener: event 'replay_status' unknown.
CGameEventManager::AddListener: event 'spec_target_updated' unknown.
KV Conditional: Unknown symbol OSX
KV Conditional: Unknown symbol OSX
Hud element 'CHudControlHelper' doesn't have an entry 'HudControlHelper' in scripts/HudLayout.res
Hud element 'CHudIndicator' doesn't have an entry 'HudIndicator' in scripts/HudLayout.res
Hud element 'CHudViewfinder' doesn't have an entry 'HudViewfinder' in scripts/HudLayout.res
Hud element 'CHudPhotoInventory' doesn't have an entry 'HudPhotoInventory' in scripts/HudLayout.res
Hud element 'CHudPhotoFlash' doesn't have an entry 'HudPhotoInventory' in scripts/HudLayout.res
CResponseSystem:  scripts\talker\response_rules.txt (2 rules, 2 criteria, and 2 responses)
cc_lang = 
Missing cfg\cpu_level_2_pc.ekv
Missing cfg\gpu_level_3_pc.ekv
Missing cfg\mem_level_2_pc.ekv
Missing cfg\gpu_mem_level_2_pc.ekv
Sound Initialization: Start
DS:stereo speaker configuration detected
Set primary sound buffer format: yes
Using secondary sound buffer
   2 channel(s)
   16 bits/sample
   44100 samples/sec
DirectSound initialized
Stopping All Sounds...
Trying cache :  'c:/sourcecode/aperture-camera/game/valve/maps/soundcache/_master.cache'
Successfully loaded audio cache file
Sound Initialization: Finish, Sampling Rate: 44100
cc_lang = 
Legacy Surround disabled.
Stopping All Sounds...
Sound Initialization: Start
DS:stereo speaker configuration detected
Set primary sound buffer format: yes
Using secondary sound buffer
   2 channel(s)
   16 bits/sample
   44100 samples/sec
DirectSound initialized
Stopping All Sounds...
Trying cache :  'c:/sourcecode/aperture-camera/game/valve/maps/soundcache/_master.cache'
Successfully loaded audio cache file
Sound Initialization: Finish, Sampling Rate: 44100
Datacenter::RequestStart, time 1.61
Datacenter::RequestStop, time 1.61, state 1
Datacenter::RequestUpdate failed
Stopping All Sounds...
Stopping All Sounds...
---- Host_NewGame ----
Network: IP 10.147.17.76, mode SP, dedicated No, ports 0 SV / 0 CL
Network: IP 10.147.17.76, mode MP, dedicated No, ports 27015 SV / 27005 CL
#######################################
Map testroom_aperture missing stringtable dictionary, don't ship this way!!!
#######################################
Host_NewGame on map testroom_aperture
Set Gravity 600.0 (0.250 tolerance)
PrecacheScriptSound 'default.null' failed, no such sound script entry
weapons/v_portalgun.mdl : material "models/weapons/v_models/v_portalgun/v_hands" not found.
CreateEvent: event 'picked_up_paint' not registered.
PrecacheScriptSound 'Paintgun.FireLoop' failed, no such sound script entry
Direct precache of vehicles/airboat/pontoon_fast_water_loop2.wav
"materials/_rt_largephoto.vtf": can't be found on disk
Error Index File for 'weapons\w_cam.mdl' checksum 1322159438 should be 2037782653
Warning:  Can't add NULL string to table EffectDispatch
Failed to load models/weapons/v_cam.mdl!
Warning:  Can't add NULL string to table EffectDispatch
Error: Material "models/items/photo_capture01" : proxy "PhotoMaterial" not found!
"materials/null.vtf": can't be found on disk
Error reading weapon data file for: weapon_hopwire
Warning:  Can't add NULL string to table EffectDispatch
Warning:  Can't add NULL string to table EffectDispatch
Warning:  Can't add NULL string to table EffectDispatch
Warning:  Can't add NULL string to table EffectDispatch
Warning:  Can't add NULL string to table EffectDispatch
Warning:  Can't add NULL string to table EffectDispatch
Warning:  Can't add NULL string to table EffectDispatch
Warning:  Can't add NULL string to table EffectDispatch
Warning:  Can't add NULL string to table EffectDispatch
Warning:  Can't add NULL string to table EffectDispatch
Warning:  Can't add NULL string to table EffectDispatch
Warning:  Can't add NULL string to table EffectDispatch
Warning:  Can't add NULL string to table EffectDispatch
Script not found (scripts/vscripts/mapspawn.nut) 
Failed to CRC cfg/cpu_level_0_pc.ekv
Failed to CRC cfg/cpu_level_0_pc_ss.ekv
Failed to CRC cfg/cpu_level_1_pc.ekv
Failed to CRC cfg/cpu_level_1_pc_ss.ekv
Failed to CRC cfg/cpu_level_2_pc.ekv
Failed to CRC cfg/cpu_level_2_pc_ss.ekv
Failed to CRC cfg/gpu_level_0_pc.ekv
Failed to CRC cfg/gpu_level_1_pc.ekv
Failed to CRC cfg/gpu_level_2_pc.ekv
Failed to CRC cfg/gpu_level_3_pc.ekv
Failed to CRC cfg/mem_level_0_pc.ekv
Failed to CRC cfg/mem_level_1_pc.ekv
Failed to CRC cfg/mem_level_2_pc.ekv
Failed to CRC cfg/gpu_mem_level_0_pc.ekv
Failed to CRC cfg/gpu_mem_level_1_pc.ekv
Failed to CRC cfg/gpu_mem_level_2_pc.ekv
Failed to CRC scripts/asw_weapon_ammo_bag.txt
Failed to CRC scripts/asw_weapon_ammo_satchel.txt
Failed to CRC scripts/asw_weapon_autogun.txt
Failed to CRC scripts/asw_weapon_blink.txt
Failed to CRC scripts/asw_weapon_buff_grenade.txt
Failed to CRC scripts/asw_weapon_chainsaw.txt
Failed to CRC scripts/asw_weapon_electrified_armor.txt
Failed to CRC scripts/asw_weapon_fire_extinguisher.txt
Failed to CRC scripts/asw_weapon_fist.txt
Failed to CRC scripts/asw_weapon_flamer.txt
Failed to CRC scripts/asw_weapon_flares.txt
Failed to CRC scripts/asw_weapon_flashlight.txt
Failed to CRC scripts/asw_weapon_freeze_grenades.txt
Failed to CRC scripts/asw_weapon_grenades.txt
Failed to CRC scripts/asw_weapon_grenade_launcher.txt
Failed to CRC scripts/asw_weapon_heal_grenade.txt
Failed to CRC scripts/asw_weapon_heal_gun.txt
Failed to CRC scripts/asw_weapon_hornet_barrage.txt
Failed to CRC scripts/asw_weapon_jump_jet.txt
Failed to CRC scripts/asw_weapon_laser_mines.txt
Failed to CRC scripts/asw_weapon_medical_satchel.txt
Failed to CRC scripts/asw_weapon_medkit.txt
Failed to CRC scripts/asw_weapon_mines.txt
Failed to CRC scripts/asw_weapon_minigun.txt
Failed to CRC scripts/asw_weapon_mining_laser.txt
Failed to CRC scripts/asw_weapon_night_vision.txt
Failed to CRC scripts/asw_weapon_normal_armor.txt
Failed to CRC scripts/asw_weapon_pdw.txt
Failed to CRC scripts/asw_weapon_pistol.txt
Failed to CRC scripts/asw_weapon_prifle.txt
Failed to CRC scripts/asw_weapon_railgun.txt
Failed to CRC scripts/asw_weapon_rifle.txt
Failed to CRC scripts/asw_weapon_sentry.txt
Failed to CRC scripts/asw_weapon_sentry_cannon.txt
Failed to CRC scripts/asw_weapon_sentry_flamer.txt
Failed to CRC scripts/asw_weapon_sentry_freeze.txt
Failed to CRC scripts/asw_weapon_shotgun.txt
Failed to CRC scripts/asw_weapon_smart_bomb.txt
Failed to CRC scripts/asw_weapon_sniper_rifle.txt
Failed to CRC scripts/asw_weapon_stim.txt
Failed to CRC scripts/asw_weapon_tesla_gun.txt
Failed to CRC scripts/asw_weapon_tesla_trap.txt
Failed to CRC scripts/asw_weapon_vindicator.txt
Failed to CRC scripts/asw_weapon_welder.txt
Attempted to create unknown entity type prop_portal_linked_door!
Can't init prop_portal_linked_door
Attempted to create unknown entity type prop_portal_linked_door!
Can't init prop_portal_linked_door
props_farm\mousetrap.mdl : material "models/props_farm/mousetrap001" not found.
PrecacheScriptSound 'NPC_Android.Pain' failed, no such sound script entry
Attempted to create unknown entity type _squashed_zombie!
NULL Ent in UTIL_PrecacheOther
PrecacheScriptSound 'AndroidDispenser.Blocked' failed, no such sound script entry
PrecacheScriptSound 'AndroidDispenser.Dispense' failed, no such sound script entry
prop_dynamic at -872 0 128 uses model models/props_c17/furnituretable002a.mdl, which has propdata which means that it be used on a prop_physics. DELETED.
"materials/models/bot_fem/bot_male_exponent.vtf": can't be found on disk
npcs/hover_turret.mdl : material "models/props_bts/glados_ball_01" not found.
npcs/hover_turret.mdl : material "models/props_bts/glados_ball_02" not found.
npcs/hover_turret.mdl : material "models/props_bts/glados_ball_03" not found.
npcs/hover_turret.mdl : material "models/props_bts/glados_ball_04" not found.
Invalid file size for motd.txt
Invalid file size for host.txt
Created class baseline: 21 classes, 3088 bytes.
Heartbeat is disabled (usually developer or cheats is on).
m_eServerMode pre = 0
m_eServerMode post = 2
************************************************
*  Unable to load Steam support library.       *
*  This server will operate in LAN mode only.  *
************************************************
Heartbeat is disabled (usually developer or cheats is on).
Stopping All Sounds...
1.000:  Sending UDP connect to public IP 127.0.0.1:27015
Server using '<none>' lobbies, requiring pw no, lobby id 0
RememberIPAddressForLobby: lobby 0 from address loopback

Portal
Map: testroom_aperture
Players: 1 (0 bots) / 1 humans
Build: 6653
Server Number: 1

material "particle/particle_glow_05_add_15ob" not found.
Attempted to precache unknown particle system "portal_dematerialize"!
Attempted to precache unknown particle system "portal_rematerialize"!
Attempted to precache unknown particle system "zombie_stomp_heavy"!
Attempted to precache unknown particle system "GrubBlood"!
Attempted to precache unknown particle system "fizzler_field"!
Attempted to precache unknown particle system "fizzler_field_scalable"!
material "overlays/coop_ping_decal" not found.
material "effects/huntertracer" not found.
Attempted to precache unknown particle system "rain_storm"!
Attempted to precache unknown particle system "rain_storm"!
Attempted to precache unknown particle system "rain_storm_screen"!
Attempted to precache unknown particle system "rain_storm_screen"!
Attempted to precache unknown particle system "rain_storm_outer"!
Attempted to precache unknown particle system "rain_storm_outer"!
Attempted to precache unknown particle system "rain"!
Attempted to precache unknown particle system "rain"!
Attempted to precache unknown particle system "rain_outer"!
Attempted to precache unknown particle system "rain_outer"!
Attempted to precache unknown particle system "ash"!
Attempted to precache unknown particle system "ash"!
Attempted to precache unknown particle system "ash_outer"!
Attempted to precache unknown particle system "ash_outer"!
Attempted to precache unknown particle system "snow"!
Attempted to precache unknown particle system "snow"!
Attempted to precache unknown particle system "snow_outer"!
Attempted to precache unknown particle system "snow_outer"!
Attempted to precache unknown particle system "rtube_muzzle"!
Attempted to precache unknown particle system "rtube_muzzle"!
Attempted to precache unknown particle system "paint_hose"!
Attempted to precache unknown particle system "paint_hose"!
material "photos/photo_background" not found.
material "photos/photo_foreground" not found.
Script not found (scripts/vscripts/mapspawn.nut) 
Sending full update to Client gustavo (gustavo can't find frame from tick -1)
Receiving uncompressed update from server
Set Gravity 600.0 (0.250 tolerance)
Queued Material System: ENABLED!
DEBUG HISTORY IS ENABLED. Disable before release (in env_debughistory.h).
CreateEvent: event 'portal_player_touchedground' not registered.
material "" not found.
Attempting to create unknown particle system 'fizzler_field_scalable' 
Attempting to create unknown particle system 'fizzler_field' 
Attempting to create unknown particle system 'fizzler_field' 
Attempting to create unknown particle system 'fizzler_field_scalable' 
Redownloading all lightmaps
R_RedownloadAllLightmaps took 3.657 msec!
CModelRenderSystem::SetupFlashlightsAndDecals sorted model list count incorrect! A model was probably unable to load!CModelRenderSystem::SetupFlashlightsAndDecals sorted model list count incorrect! A model was probably unable to load!CModelRenderSystem::SetupFlashlightsAndDecals sorted model list count incorrect! A model was probably unable to load!CModelRenderSystem::SetupFlashlightsAndDecals sorted model list count incorrect! A model was probably unable to load!CModelRenderSystem::SetupFlashlightsAndDecals sorted model list count incorrect! A model was probably unable to load!CModelRenderSystem::SetupFlashlightsAndDecals sorted model list count incorrect! A model was probably unable to load!CModelRenderSystem::SetupFlashlightsAndDecals sorted model list count incorrect! A model was probably unable to load!CModelRenderSystem::SetupFlashlightsAndDecals sorted model list count incorrect! A model was probably unable to load!CModelRenderSystem::SetupFlashlightsAndDecals sorted model list count incorrect! A model was probably unable to load!CModelRenderSystem::SetupFlashlightsAndDecals sorted model list count incorrect! A model was probably unable to load!CModelRenderSystem::SetupFlashlightsAndDecals sorted model list count incorrect! A model was probably unable to load!CModelRenderSystem::SetupFlashlightsAndDecals sorted model list count incorrect! A model was probably unable to load!CModelRenderSystem::SetupFlashlightsAndDecals sorted model list count incorrect! A model was probably unable to load!CModelRenderSystem::SetupFlashlightsAndDecals sorted model list count incorrect! A model was probably unable to load!CModelRenderSystem::SetupFlashlightsAndDecals sorted model list count incorrect! A model was probably unable to load!CModelRenderSystem::SetupFlashlightsAndDecals sorted model list count incorrect! A model was probably unable to load!CModelRenderSystem::SetupFlashlightsAndDecals sorted model list count incorrect! A model was probably unable to load!CModelRenderSystem::SetupFlashlightsAndDecals sorted model list count incorrect! A model was probably unable to load!CModelRenderSystem::SetupFlashlightsAndDecals sorted model list count incorrect! A model was probably unable to load!CModelRenderSystem::SetupFlashlightsAndDecals sorted model list count incorrect! A model was probably unable to load!CModelRenderSystem::SetupFlashlightsAndDecals sorted model list count incorrect! A model was probably unable to load!CModelRenderSystem::SetupFlashlightsAndDecals sorted model list count incorrect! A model was probably unable to load!CModelRenderSystem::SetupFlashlightsAndDecals sorted model list count incorrect! A model was probably unable to load!CModelRenderSystem::SetupFlashlightsAndDecals sorted model list count incorrect! A model was probably unable to load!CModelRenderSystem::SetupFlashlightsAndDecals sorted model list count incorrect! A model was probably unable to load!CModelRenderSystem::SetupFlashlightsAndDecals sorted model list count incorrect! A model was probably unable to load!CModelRenderSystem::SetupFlashlightsAndDecals sorted model list count incorrect! A model was probably unable to load!CModelRenderSystem::SetupFlashlightsAndDecals sorted model list count incorrect! A model was probably unable to load!CModelRenderSystem::SetupFlashlightsAndDecals sorted model list count incorrect! A model was probably unable to load!CModelRenderSystem::SetupFlashlightsAndDecals sorted model list count incorrect! A model was probably unable to load!CModelRenderSystem::SetupFlashlightsAndDecals sorted model list count incorrect! A model was probably unable to load!CModelRenderSystem::SetupFlashlightsAndDecals sorted model list count incorrect! A model was probably unable to load!CModelRenderSystem::SetupFlashlightsAndDecals sorted model list count incorrect! A model was probably unable to load!CModelRenderSystem::SetupFlashlightsAndDecals sorted model list count incorrect! A model was probably unable to load!CModelRenderSystem::SetupFlashlightsAndDecals sorted model list count incorrect! A model was probably unable to load!CModelRenderSystem::SetupFlashlightsAndDecals sorted model list count incorrect! A model was probably unable to load!CModelRenderSystem::SetupFlashlightsAndDecals sorted model list count incorrect! A model was probably unable to load!CModelRenderSystem::SetupFlashlightsAndDecals sorted model list count incorrect! A model was probably unable to load!CModelRenderSystem::SetupFlashlightsAndDecals sorted model list count incorrect! A model was probably unable to load!CModelRenderSystem::SetupFlashlightsAndDecals sorted model list count incorrect! A model was probably unable to load!CModelRenderSystem::SetupFlashlightsAndDecals sorted model list count incorrect! A model was probably unable to load!CModelRenderSystem::SetupFlashlightsAndDecals sorted model list count incorrect! A model was probably unable to load!CModelRenderSystem::SetupFlashlightsAndDecals sorted model list count incorrect! A model was probably unable to load!CModelRenderSystem::SetupFlashlightsAndDecals sorted model list count incorrect! A model was probably unable to load!CModelRenderSystem::SetupFlashlightsAndDecals sorted model list count incorrect! A model was probably unable to load!CModelRenderSystem::SetupFlashlightsAndDecals sorted model list count incorrect! A model was probably unable to load!CModelRenderSystem::SetupFlashlightsAndDecals sorted model list count incorrect! A model was probably unable to load!CModelRenderSystem::SetupFlashlightsAndDecals sorted model list count incorrect! A model was probably unable to load!CModelRenderSystem::SetupFlashlightsAndDecals sorted model list count incorrect! A model was probably unable to load!CModelRenderSystem::SetupFlashlightsAndDecals sorted model list count incorrect! A model was probably unable to load!CModelRenderSystem::SetupFlashlightsAndDecals sorted model list count incorrect! A model was probably unable to load!CModelRenderSystem::SetupFlashlightsAndDecals sorted model list count incorrect! A model was probably unable to load!CModelRenderSystem::SetupFlashlightsAndDecals sorted model list count incorrect! A model was probably unable to load!CModelRenderSystem::SetupFlashlightsAndDecals sorted model list count incorrect! A model was probably unable to load!CModelRenderSystem::SetupFlashlightsAndDecals sorted model list count incorrect! A model was probably unable to load!CModelRenderSystem::SetupFlashlightsAndDecals sorted model list count incorrect! A model was probably unable to load!CModelRenderSystem::SetupFlashlightsAndDecals sorted model list count incorrect! A model was probably unable to load!CModelRenderSystem::SetupFlashlightsAndDecals sorted model list count incorrect! A model was probably unable to load!CModelRenderSystem::SetupFlashlightsAndDecals sorted model list count incorrect! A model was probably unable to load!CModelRenderSystem::SetupFlashlightsAndDecals sorted model list count incorrect! A model was probably unable to load!CModelRenderSystem::SetupFlashlightsAndDecals sorted model list count incorrect! A model was probably unable to load!CModelRenderSystem::SetupFlashlightsAndDecals sorted model list count incorrect! A model was probably unable to load!CModelRenderSystem::SetupFlashlightsAndDecals sorted model list count incorrect! A model was probably unable to load!CModelRenderSystem::SetupFlashlightsAndDecals sorted model list count incorrect! A model was probably unable to load!CModelRenderSystem::SetupFlashlightsAndDecals sorted model list count incorrect! A model was probably unable to load!CModelRenderSystem::SetupFlashlightsAndDecals sorted model list count incorrect! A model was probably unable to load!CModelRenderSystem::SetupFlashlightsAndDecals sorted model list count incorrect! A model was probably unable to load!CModelRenderSystem::SetupFlashlightsAndDecals sorted model list count incorrect! A model was probably unable to load!CModelRenderSystem::SetupFlashlightsAndDecals sorted model list count incorrect! A model was probably unable to load!CModelRenderSystem::SetupFlashlightsAndDecals sorted model list count incorrect! A model was probably unable to load!CModelRenderSystem::SetupFlashlightsAndDecals sorted model list count incorrect! A model was probably unable to load!CModelRenderSystem::SetupFlashlightsAndDecals sorted model list count incorrect! A model was probably unable to load!CModelRenderSystem::SetupFlashlightsAndDecals sorted model list count incorrect! A model was probably unable to load!CModelRenderSystem::SetupFlashlightsAndDecals sorted model list count incorrect! A model was probably unable to load!CModelRenderSystem::SetupFlashlightsAndDecals sorted model list count incorrect! A model was probably unable to load!CModelRenderSystem::SetupFlashlightsAndDecals sorted model list count incorrect! A model was probably unable to load!CModelRenderSystem::SetupFlashlightsAndDecals sorted model list count incorrect! A model was probably unable to load!CModelRenderSystem::SetupFlashlightsAndDecals sorted model list count incorrect! A model was probably unable to load!CModelRenderSystem::SetupFlashlightsAndDecals sorted model list count incorrect! A model was probably unable to load!CModelRenderSystem::SetupFlashlightsAndDecals sorted model list count incorrect! A model was probably unable to load!CModelRenderSystem::SetupFlashlightsAndDecals sorted model list count incorrect! A model was probably unable to load!CModelRenderSystem::SetupFlashlightsAndDecals sorted model list count incorrect! A model was probably unable to load!CModelRenderSystem::SetupFlashlightsAndDecals sorted model list count incorrect! A model was probably unable to load!CModelRenderSystem::SetupFlashlightsAndDecals sorted model list count incorrect! A model was probably unable to load!CModelRenderSystem::SetupFlashlightsAndDecals sorted model list count incorrect! A model was probably unable to load!CModelRenderSystem::SetupFlashlightsAndDecals sorted model list count incorrect! A model was probably unable to load!CModelRenderSystem::SetupFlashlightsAndDecals sorted model list count incorrect! A model was probably unable to load!CModelRenderSystem::SetupFlashlightsAndDecals sorted model list count incorrect! A model was probably unable to load!CModelRenderSystem::SetupFlashlightsAndDecals sorted model list count incorrect! A model was probably unable to load!CModelRenderSystem::SetupFlashlightsAndDecals sorted model list count incorrect! A model was probably unable to load!CModelRenderSystem::SetupFlashlightsAndDecals sorted model list count incorrect! A model was probably unable to load!CModelRenderSystem::SetupFlashlightsAndDecals sorted model list count incorrect! A model was probably unable to load!CModelRenderSystem::SetupFlashlightsAndDecals sorted model list count incorrect! A model was probably unable to load!CModelRenderSystem::SetupFlashlightsAndDecals sorted model list count incorrect! A model was probably unable to load!CModelRenderSystem::SetupFlashlightsAndDecals sorted model list count incorrect! A model was probably unable to load!CModelRenderSystem::SetupFlashlightsAndDecals sorted model list count incorrect! A model was probably unable to load!CModelRenderSystem::SetupFlashlightsAndDecals sorted model list count incorrect! A model was probably unable to load!CModelRenderSystem::SetupFlashlightsAndDecals sorted model list count incorrect! A model was probably unable to load!CModelRenderSystem::SetupFlashlightsAndDecals sorted model list count incorrect! A model was probably unable to load!CModelRenderSystem::SetupFlashlightsAndDecals sorted model list count incorrect! A model was probably unable to load!CModelRenderSystem::SetupFlashlightsAndDecals sorted model list count incorrect! A model was probably unable to load!CModelRenderSystem::SetupFlashlightsAndDecals sorted model list count incorrect! A model was probably unable to load!CModelRenderSystem::SetupFlashlightsAndDecals sorted model list count incorrect! A model was probably unable to load!CModelRenderSystem::SetupFlashlightsAndDecals sorted model list count incorrect! A model was probably unable to load!CModelRenderSystem::SetupFlashlightsAndDecals sorted model list count incorrect! A model was probably unable to load!CModelRenderSystem::SetupFlashlightsAndDecals sorted model list count incorrect! A model was probably unable to load!CModelRenderSystem::SetupFlashlightsAndDecals sorted model list count incorrect! A model was probably unable to load!CModelRenderSystem::SetupFlashlightsAndDecals sorted model list count incorrect! A model was probably unable to load!CModelRenderSystem::SetupFlashlightsAndDecals sorted model list count incorrect! A model was probably unable to load!CModelRenderSystem::SetupFlashlightsAndDecals sorted model list count incorrect! A model was probably unable to load!CModelRenderSystem::SetupFlashlightsAndDecals sorted model list count incorrect! A model was probably unable to load!CModelRenderSystem::SetupFlashlightsAndDecals sorted model list count incorrect! A model was probably unable to load!CModelRenderSystem::SetupFlashlightsAndDecals sorted model list count incorrect! A model was probably unable to load!CModelRenderSystem::SetupFlashlightsAndDecals sorted model list count incorrect! A model was probably unable to load!CModelRenderSystem::SetupFlashlightsAndDecals sorted model list count incorrect! A model was probably unable to load!CModelRenderSystem::SetupFlashlightsAndDecals sorted model list count incorrect! A model was probably unable to load!CModelRenderSystem::SetupFlashlightsAndDecals sorted model list count incorrect! A model was probably unable to load!CModelRenderSystem::SetupFlashlightsAndDecals sorted model list count incorrect! A model was probably unable to load!CModelRenderSystem::SetupFlashlightsAndDecals sorted model list count incorrect! A model was probably unable to load!CModelRenderSystem::SetupFlashlightsAndDecals sorted model list count incorrect! A model was probably unable to load!CModelRenderSystem::SetupFlashlightsAndDecals sorted model list count incorrect! A model was probably unable to load!CModelRenderSystem::SetupFlashlightsAndDecals sorted model list count incorrect! A model was probably unable to load!CModelRenderSystem::SetupFlashlightsAndDecals sorted model list count incorrect! A model was probably unable to load!CModelRenderSystem::SetupFlashlightsAndDecals sorted model list count incorrect! A model was probably unable to load!CModelRenderSystem::SetupFlashlightsAndDecals sorted model list count incorrect! A model was probably unable to load!CModelRenderSystem::SetupFlashlightsAndDecals sorted model list count incorrect! A model was probably unable to load!CModelRenderSystem::SetupFlashlightsAndDecals sorted model list count incorrect! A model was probably unable to load!CModelRenderSystem::SetupFlashlightsAndDecals sorted model list count incorrect! A model was probably unable to load!CModelRenderSystem::SetupFlashlightsAndDecals sorted model list count incorrect! A model was probably unable to load!CModelRenderSystem::SetupFlashlightsAndDecals sorted model list count incorrect! A model was probably unable to load!CModelRenderSystem::SetupFlashlightsAndDecals sorted model list count incorrect! A model was probably unable to load!CModelRenderSystem::SetupFlashlightsAndDecals sorted model list count incorrect! A model was probably unable to load!CModelRenderSystem::SetupFlashlightsAndDecals sorted model list count incorrect! A model was probably unable to load!CModelRenderSystem::SetupFlashlightsAndDecals sorted model list count incorrect! A model was probably unable to load!CModelRenderSystem::SetupFlashlightsAndDecals sorted model list count incorrect! A model was probably unable to load!CModelRenderSystem::SetupFlashlightsAndDecals sorted model list count incorrect! A model was probably unable to load!CModelRenderSystem::SetupFlashlightsAndDecals sorted model list count incorrect! A model was probably unable to load!CModelRenderSystem::SetupFlashlightsAndDecals sorted model list count incorrect! A model was probably unable to load!CModelRenderSystem::SetupFlashlightsAndDecals sorted model list count incorrect! A model was probably unable to load!CModelRenderSystem::SetupFlashlightsAndDecals sorted model list count incorrect! A model was probably unable to load!CModelRenderSystem::SetupFlashlightsAndDecals sorted model list count incorrect! A model was probably unable to load!CModelRenderSystem::SetupFlashlightsAndDecals sorted model list count incorrect! A model was probably unable to load!CModelRenderSystem::SetupFlashlightsAndDecals sorted model list count incorrect! A model was probably unable to load!CModelRenderSystem::SetupFlashlightsAndDecals sorted model list count incorrect! A model was probably unable to load!CModelRenderSystem::SetupFlashlightsAndDecals sorted model list count incorrect! A model was probably unable to load!CModelRenderSystem::SetupFlashlightsAndDecals sorted model list count incorrect! A model was probably unable to load!CModelRenderSystem::SetupFlashlightsAndDecals sorted model list count incorrect! A model was probably unable to load!CModelRenderSystem::SetupFlashlightsAndDecals sorted model list count incorrect! A model was probably unable to load!CModelRenderSystem::SetupFlashlightsAndDecals sorted model list count incorrect! A model was probably unable to load!CModelRenderSystem::SetupFlashlightsAndDecals sorted model list count incorrect! A model was probably unable to load!CModelRenderSystem::SetupFlashlightsAndDecals sorted model list count incorrect! A model was probably unable to load!CModelRenderSystem::SetupFlashlightsAndDecals sorted model list count incorrect! A model was probably unable to load!CModelRenderSystem::SetupFlashlightsAndDecals sorted model list count incorrect! A model was probably unable to load!CModelRenderSystem::SetupFlashlightsAndDecals sorted model list count incorrect! A model was probably unable to load!CModelRenderSystem::SetupFlashlightsAndDecals sorted model list count incorrect! A model was probably unable to load!CModelRenderSystem::SetupFlashlightsAndDecals sorted model list count incorrect! A model was probably unable to load!CModelRenderSystem::SetupFlashlightsAndDecals sorted model list count incorrect! A model was probably unable to load!CModelRenderSystem::SetupFlashlightsAndDecals sorted model list count incorrect! A model was probably unable to load!CModelRenderSystem::SetupFlashlightsAndDecals sorted model list count incorrect! A model was probably unable to load!CModelRenderSystem::SetupFlashlightsAndDecals sorted model list count incorrect! A model was probably unable to load!CModelRenderSystem::SetupFlashlightsAndDecals sorted model list count incorrect! A model was probably unable to load!CModelRenderSystem::SetupFlashlightsAndDecals sorted model list count incorrect! A model was probably unable to load!CModelRenderSystem::SetupFlashlightsAndDecals sorted model list count incorrect! A model was probably unable to load!CModelRenderSystem::SetupFlashlightsAndDecals sorted model list count incorrect! A model was probably unable to load!CModelRenderSystem::SetupFlashlightsAndDecals sorted model list count incorrect! A model was probably unable to load!CModelRenderSystem::SetupFlashlightsAndDecals sorted model list count incorrect! A model was probably unable to load!CreateEvent: event 'portal_player_touchedground' not registered.
Warning:  Can't add NULL string to table EffectDispatch
Warning:  Can't add NULL string to table EffectDispatch
Attempted to precache unknown particle system "weapon_tracers"!
Attempted to precache unknown particle system "weapon_tracers"!
Error reading weapon data file for: basehlcombatweapon
Attempted to precache unknown particle system "weapon_tracers"!
User Msg 'InventoryFlash': 8 bytes written, expected 5
currently weapon is:weapon_placement
gustavo unpaused the game
User Msg 'InventoryFlash': 8 bytes written, expected 5
CreateEvent: event 'portal_player_touchedground' not registered.
CreateEvent: event 'portal_player_touchedground' not registered.
CreateEvent: event 'portal_player_touchedground' not registered.
CreateEvent: event 'portal_player_touchedground' not registered.
currently weapon is:weapon_placement
User Msg 'InventoryFlash': 8 bytes written, expected 5
currently weapon is:weapon_placement
CreateEvent: event 'portal_player_touchedground' not registered.
CreateEvent: event 'portal_player_touchedground' not registered.
CreateEvent: event 'portal_player_touchedground' not registered.
CreateEvent: event 'portal_player_touchedground' not registered.
User Msg 'InventoryFlash': 8 bytes written, expected 5
CreateEvent: event 'portal_player_touchedground' not registered.
currently weapon is:weapon_placement
CreateEvent: event 'portal_player_touchedground' not registered.
User Msg 'InventoryFlash': 8 bytes written, expected 5
CreateEvent: event 'portal_player_touchedground' not registered.
currently weapon is:weapon_placement
User Msg 'InventoryFlash': 8 bytes written, expected 5
currently weapon is:weapon_placement
CreateEvent: event 'portal_player_touchedground' not registered.
User Msg 'InventoryFlash': 8 bytes written, expected 5
Dropped gustavo from server (Server shutting down)
Host_WriteConfiguration: Wrote cfg/config.cfg
Stopping All Sounds...
Stopping: Channel:64 player\fling_whoosh.wav
Stopping: Channel:68 weapons\portalgun\portal_ambient_loop1.wav
Stopping: Channel:65 vehicles\airboat\fan_blade_idle_loop1.wav
Stopping: Channel:66 vehicles\airboat\fan_blade_idle_loop1.wav
Stopping: Channel:69 weapons\portalgun\portal_ambient_loop1.wav
Stopping: Channel:67 ambient\gas\cannister_loop.wav
Stopping: Channel:70 ambient\gas\cannister_loop.wav
Queued Material System: DISABLED!
Datacenter::EnableUpdate( 0 ), current state = 0
Datacenter::RequestStop, time 243.29, state 0
Unable to remove c:\sourcecode\aperture-camera\game\valve\textwindow_temp.html!
Stopping All Sounds...
CreateEvent: event 'server_pre_shutdown' not registered.
CreateEvent: event 'server_shutdown' not registered.
Shutdown function ShutdownMixerControls() not in list!!!
NET_GetBindAddresses found 192.168.31.140: 'Realtek PCIe GbE Family Controller'
NET_GetBindAddresses found 26.133.72.161: 'Famatech Radmin VPN Ethernet Adapter'
NET_GetBindAddresses found 172.24.90.163: 'ZeroTier Virtual Port #2'
NET_GetBindAddresses found 10.147.17.76: 'ZeroTier Virtual Port #3'
NET_GetBindAddresses found 172.16.0.2: 'WireGuard Tunnel'
Network: IP 10.147.17.76, mode MP, dedicated No, ports 27015 SV / 27005 CL
Parent cvar in client.dll not allowed (rr_debugresponseconcept)
Parent cvar in client.dll not allowed (rr_dumpresponses)
Parent cvar in client.dll not allowed (rr_debugrule)
Parent cvar in client.dll not allowed (rr_debugresponses)
WARNING: unable to link rr_debugresponseconcept_exclude and rr_debugresponseconcept_exclude because one or more is a ConCommand.
Parent cvar in client.dll not allowed (movement_anim_playback_minrate)
WARNING: unable to link creditsdone and creditsdone because one or more is a ConCommand.
WARNING: unable to link rr_reloadresponsesystems and rr_reloadresponsesystems because one or more is a ConCommand.
CResponseSystem:  scripts\talker\response_rules.txt (2 rules, 2 criteria, and 2 responses)
maxplayers set to 1
We're happy and aperture_render_targets!Missing cfg\cpu_level_2_pc.ekv
Missing cfg\gpu_level_3_pc.ekv
Missing cfg\mem_level_2_pc.ekv
Missing cfg\gpu_mem_level_2_pc.ekv
Running -nogameui mode, using client module instead of gameui
Steam config directory: C:\SourceCode\aperture-camera\game\platform\config
No split screen config file 'splitscreen_config.txt', using defaults
Missing cfg\cpu_level_2_pc.ekv
Missing cfg\gpu_level_3_pc.ekv
Missing cfg\mem_level_2_pc.ekv
Missing cfg\gpu_mem_level_2_pc.ekv
CGameEventManager::AddListener: event 'replay_status' unknown.
CGameEventManager::AddListener: event 'spec_target_updated' unknown.
KV Conditional: Unknown symbol OSX
KV Conditional: Unknown symbol OSX
Hud element 'CHudControlHelper' doesn't have an entry 'HudControlHelper' in scripts/HudLayout.res
Hud element 'CHudIndicator' doesn't have an entry 'HudIndicator' in scripts/HudLayout.res
Hud element 'CHudViewfinder' doesn't have an entry 'HudViewfinder' in scripts/HudLayout.res
Hud element 'CHudPhotoInventory' doesn't have an entry 'HudPhotoInventory' in scripts/HudLayout.res
Hud element 'CHudPhotoFlash' doesn't have an entry 'HudPhotoInventory' in scripts/HudLayout.res
CResponseSystem:  scripts\talker\response_rules.txt (2 rules, 2 criteria, and 2 responses)
cc_lang = 
Missing cfg\cpu_level_2_pc.ekv
Missing cfg\gpu_level_3_pc.ekv
Missing cfg\mem_level_2_pc.ekv
Missing cfg\gpu_mem_level_2_pc.ekv
Sound Initialization: Start
DS:stereo speaker configuration detected
Set primary sound buffer format: yes
Using secondary sound buffer
   2 channel(s)
   16 bits/sample
   44100 samples/sec
DirectSound initialized
Stopping All Sounds...
Trying cache :  'c:/sourcecode/aperture-camera/game/valve/maps/soundcache/_master.cache'
Successfully loaded audio cache file
Sound Initialization: Finish, Sampling Rate: 44100
cc_lang = 
Legacy Surround disabled.
Stopping All Sounds...
Sound Initialization: Start
DS:stereo speaker configuration detected
Set primary sound buffer format: yes
Using secondary sound buffer
   2 channel(s)
   16 bits/sample
   44100 samples/sec
DirectSound initialized
Stopping All Sounds...
Trying cache :  'c:/sourcecode/aperture-camera/game/valve/maps/soundcache/_master.cache'
Successfully loaded audio cache file
Sound Initialization: Finish, Sampling Rate: 44100
Datacenter::RequestStart, time 5.66
Datacenter::RequestStop, time 5.67, state 1
Datacenter::RequestUpdate failed
Stopping All Sounds...
Stopping All Sounds...
---- Host_NewGame ----
Network: IP 10.147.17.76, mode SP, dedicated No, ports 0 SV / 0 CL
Network: IP 10.147.17.76, mode MP, dedicated No, ports 27015 SV / 27005 CL
#######################################
Map testroom_aperture missing stringtable dictionary, don't ship this way!!!
#######################################
Host_NewGame on map testroom_aperture
Set Gravity 600.0 (0.250 tolerance)
PrecacheScriptSound 'default.null' failed, no such sound script entry
weapons/v_portalgun.mdl : material "models/weapons/v_models/v_portalgun/v_hands" not found.
CreateEvent: event 'picked_up_paint' not registered.
PrecacheScriptSound 'Paintgun.FireLoop' failed, no such sound script entry
Direct precache of vehicles/airboat/pontoon_fast_water_loop2.wav
"materials/_rt_largephoto.vtf": can't be found on disk
Error Index File for 'weapons\w_cam.mdl' checksum 1322159438 should be 2037782653
Warning:  Can't add NULL string to table EffectDispatch
Failed to load models/weapons/v_cam.mdl!
Warning:  Can't add NULL string to table EffectDispatch
Error: Material "models/items/photo_capture01" : proxy "PhotoMaterial" not found!
"materials/null.vtf": can't be found on disk
Error reading weapon data file for: weapon_hopwire
Warning:  Can't add NULL string to table EffectDispatch
Warning:  Can't add NULL string to table EffectDispatch
Warning:  Can't add NULL string to table EffectDispatch
Warning:  Can't add NULL string to table EffectDispatch
Warning:  Can't add NULL string to table EffectDispatch
Warning:  Can't add NULL string to table EffectDispatch
Warning:  Can't add NULL string to table EffectDispatch
Warning:  Can't add NULL string to table EffectDispatch
Warning:  Can't add NULL string to table EffectDispatch
Warning:  Can't add NULL string to table EffectDispatch
Warning:  Can't add NULL string to table EffectDispatch
Warning:  Can't add NULL string to table EffectDispatch
Warning:  Can't add NULL string to table EffectDispatch
Script not found (scripts/vscripts/mapspawn.nut) 
Failed to CRC cfg/cpu_level_0_pc.ekv
Failed to CRC cfg/cpu_level_0_pc_ss.ekv
Failed to CRC cfg/cpu_level_1_pc.ekv
Failed to CRC cfg/cpu_level_1_pc_ss.ekv
Failed to CRC cfg/cpu_level_2_pc.ekv
Failed to CRC cfg/cpu_level_2_pc_ss.ekv
Failed to CRC cfg/gpu_level_0_pc.ekv
Failed to CRC cfg/gpu_level_1_pc.ekv
Failed to CRC cfg/gpu_level_2_pc.ekv
Failed to CRC cfg/gpu_level_3_pc.ekv
Failed to CRC cfg/mem_level_0_pc.ekv
Failed to CRC cfg/mem_level_1_pc.ekv
Failed to CRC cfg/mem_level_2_pc.ekv
Failed to CRC cfg/gpu_mem_level_0_pc.ekv
Failed to CRC cfg/gpu_mem_level_1_pc.ekv
Failed to CRC cfg/gpu_mem_level_2_pc.ekv
Failed to CRC scripts/asw_weapon_ammo_bag.txt
Failed to CRC scripts/asw_weapon_ammo_satchel.txt
Failed to CRC scripts/asw_weapon_autogun.txt
Failed to CRC scripts/asw_weapon_blink.txt
Failed to CRC scripts/asw_weapon_buff_grenade.txt
Failed to CRC scripts/asw_weapon_chainsaw.txt
Failed to CRC scripts/asw_weapon_electrified_armor.txt
Failed to CRC scripts/asw_weapon_fire_extinguisher.txt
Failed to CRC scripts/asw_weapon_fist.txt
Failed to CRC scripts/asw_weapon_flamer.txt
Failed to CRC scripts/asw_weapon_flares.txt
Failed to CRC scripts/asw_weapon_flashlight.txt
Failed to CRC scripts/asw_weapon_freeze_grenades.txt
Failed to CRC scripts/asw_weapon_grenades.txt
Failed to CRC scripts/asw_weapon_grenade_launcher.txt
Failed to CRC scripts/asw_weapon_heal_grenade.txt
Failed to CRC scripts/asw_weapon_heal_gun.txt
Failed to CRC scripts/asw_weapon_hornet_barrage.txt
Failed to CRC scripts/asw_weapon_jump_jet.txt
Failed to CRC scripts/asw_weapon_laser_mines.txt
Failed to CRC scripts/asw_weapon_medical_satchel.txt
Failed to CRC scripts/asw_weapon_medkit.txt
Failed to CRC scripts/asw_weapon_mines.txt
Failed to CRC scripts/asw_weapon_minigun.txt
Failed to CRC scripts/asw_weapon_mining_laser.txt
Failed to CRC scripts/asw_weapon_night_vision.txt
Failed to CRC scripts/asw_weapon_normal_armor.txt
Failed to CRC scripts/asw_weapon_pdw.txt
Failed to CRC scripts/asw_weapon_pistol.txt
Failed to CRC scripts/asw_weapon_prifle.txt
Failed to CRC scripts/asw_weapon_railgun.txt
Failed to CRC scripts/asw_weapon_rifle.txt
Failed to CRC scripts/asw_weapon_sentry.txt
Failed to CRC scripts/asw_weapon_sentry_cannon.txt
Failed to CRC scripts/asw_weapon_sentry_flamer.txt
Failed to CRC scripts/asw_weapon_sentry_freeze.txt
Failed to CRC scripts/asw_weapon_shotgun.txt
Failed to CRC scripts/asw_weapon_smart_bomb.txt
Failed to CRC scripts/asw_weapon_sniper_rifle.txt
Failed to CRC scripts/asw_weapon_stim.txt
Failed to CRC scripts/asw_weapon_tesla_gun.txt
Failed to CRC scripts/asw_weapon_tesla_trap.txt
Failed to CRC scripts/asw_weapon_vindicator.txt
Failed to CRC scripts/asw_weapon_welder.txt
Attempted to create unknown entity type prop_portal_linked_door!
Can't init prop_portal_linked_door
Attempted to create unknown entity type prop_portal_linked_door!
Can't init prop_portal_linked_door
props_farm\mousetrap.mdl : material "models/props_farm/mousetrap001" not found.
PrecacheScriptSound 'NPC_Android.Pain' failed, no such sound script entry
Attempted to create unknown entity type _squashed_zombie!
NULL Ent in UTIL_PrecacheOther
PrecacheScriptSound 'AndroidDispenser.Blocked' failed, no such sound script entry
PrecacheScriptSound 'AndroidDispenser.Dispense' failed, no such sound script entry
prop_dynamic at -872 0 128 uses model models/props_c17/furnituretable002a.mdl, which has propdata which means that it be used on a prop_physics. DELETED.
"materials/models/bot_fem/bot_male_exponent.vtf": can't be found on disk
npcs/hover_turret.mdl : material "models/props_bts/glados_ball_01" not found.
npcs/hover_turret.mdl : material "models/props_bts/glados_ball_02" not found.
npcs/hover_turret.mdl : material "models/props_bts/glados_ball_03" not found.
npcs/hover_turret.mdl : material "models/props_bts/glados_ball_04" not found.
Invalid file size for motd.txt
Invalid file size for host.txt
Created class baseline: 21 classes, 3088 bytes.
Heartbeat is disabled (usually developer or cheats is on).
m_eServerMode pre = 0
m_eServerMode post = 2
************************************************
*  Unable to load Steam support library.       *
*  This server will operate in LAN mode only.  *
************************************************
Heartbeat is disabled (usually developer or cheats is on).
Stopping All Sounds...
1.000:  Sending UDP connect to public IP 127.0.0.1:27015
Server using '<none>' lobbies, requiring pw no, lobby id 0
RememberIPAddressForLobby: lobby 0 from address loopback

Portal
Map: testroom_aperture
Players: 1 (0 bots) / 1 humans
Build: 6653
Server Number: 1

material "particle/particle_glow_05_add_15ob" not found.
Attempted to precache unknown particle system "portal_dematerialize"!
Attempted to precache unknown particle system "portal_rematerialize"!
material "overlays/coop_ping_decal" not found.
material "effects/huntertracer" not found.
Attempted to precache unknown particle system "rain_storm"!
Attempted to precache unknown particle system "rain_storm"!
Attempted to precache unknown particle system "rain_storm_screen"!
Attempted to precache unknown particle system "rain_storm_screen"!
Attempted to precache unknown particle system "rain_storm_outer"!
Attempted to precache unknown particle system "rain_storm_outer"!
Attempted to precache unknown particle system "rain"!
Attempted to precache unknown particle system "rain"!
Attempted to precache unknown particle system "rain_outer"!
Attempted to precache unknown particle system "rain_outer"!
Attempted to precache unknown particle system "ash"!
Attempted to precache unknown particle system "ash"!
Attempted to precache unknown particle system "ash_outer"!
Attempted to precache unknown particle system "ash_outer"!
Attempted to precache unknown particle system "snow"!
Attempted to precache unknown particle system "snow"!
Attempted to precache unknown particle system "snow_outer"!
Attempted to precache unknown particle system "snow_outer"!
Attempted to precache unknown particle system "rtube_muzzle"!
Attempted to precache unknown particle system "rtube_muzzle"!
Attempted to precache unknown particle system "paint_hose"!
Attempted to precache unknown particle system "paint_hose"!
material "photos/photo_background" not found.
material "photos/photo_foreground" not found.
Script not found (scripts/vscripts/mapspawn.nut) 
Sending full update to Client gustavo (gustavo can't find frame from tick -1)
Receiving uncompressed update from server
Set Gravity 600.0 (0.250 tolerance)
Queued Material System: ENABLED!
DEBUG HISTORY IS ENABLED. Disable before release (in env_debughistory.h).
CreateEvent: event 'portal_player_touchedground' not registered.
material "" not found.
Redownloading all lightmaps
R_RedownloadAllLightmaps took 3.840 msec!
CModelRenderSystem::SetupFlashlightsAndDecals sorted model list count incorrect! A model was probably unable to load!CModelRenderSystem::SetupFlashlightsAndDecals sorted model list count incorrect! A model was probably unable to load!CModelRenderSystem::SetupFlashlightsAndDecals sorted model list count incorrect! A model was probably unable to load!CModelRenderSystem::SetupFlashlightsAndDecals sorted model list count incorrect! A model was probably unable to load!CModelRenderSystem::SetupFlashlightsAndDecals sorted model list count incorrect! A model was probably unable to load!CModelRenderSystem::SetupFlashlightsAndDecals sorted model list count incorrect! A model was probably unable to load!CModelRenderSystem::SetupFlashlightsAndDecals sorted model list count incorrect! A model was probably unable to load!CModelRenderSystem::SetupFlashlightsAndDecals sorted model list count incorrect! A model was probably unable to load!CModelRenderSystem::SetupFlashlightsAndDecals sorted model list count incorrect! A model was probably unable to load!CModelRenderSystem::SetupFlashlightsAndDecals sorted model list count incorrect! A model was probably unable to load!CModelRenderSystem::SetupFlashlightsAndDecals sorted model list count incorrect! A model was probably unable to load!CModelRenderSystem::SetupFlashlightsAndDecals sorted model list count incorrect! A model was probably unable to load!CModelRenderSystem::SetupFlashlightsAndDecals sorted model list count incorrect! A model was probably unable to load!CModelRenderSystem::SetupFlashlightsAndDecals sorted model list count incorrect! A model was probably unable to load!CModelRenderSystem::SetupFlashlightsAndDecals sorted model list count incorrect! A model was probably unable to load!CModelRenderSystem::SetupFlashlightsAndDecals sorted model list count incorrect! A model was probably unable to load!CModelRenderSystem::SetupFlashlightsAndDecals sorted model list count incorrect! A model was probably unable to load!CModelRenderSystem::SetupFlashlightsAndDecals sorted model list count incorrect! A model was probably unable to load!CModelRenderSystem::SetupFlashlightsAndDecals sorted model list count incorrect! A model was probably unable to load!CModelRenderSystem::SetupFlashlightsAndDecals sorted model list count incorrect! A model was probably unable to load!CModelRenderSystem::SetupFlashlightsAndDecals sorted model list count incorrect! A model was probably unable to load!CModelRenderSystem::SetupFlashlightsAndDecals sorted model list count incorrect! A model was probably unable to load!CModelRenderSystem::SetupFlashlightsAndDecals sorted model list count incorrect! A model was probably unable to load!CModelRenderSystem::SetupFlashlightsAndDecals sorted model list count incorrect! A model was probably unable to load!CModelRenderSystem::SetupFlashlightsAndDecals sorted model list count incorrect! A model was probably unable to load!CModelRenderSystem::SetupFlashlightsAndDecals sorted model list count incorrect! A model was probably unable to load!CModelRenderSystem::SetupFlashlightsAndDecals sorted model list count incorrect! A model was probably unable to load!CModelRenderSystem::SetupFlashlightsAndDecals sorted model list count incorrect! A model was probably unable to load!CModelRenderSystem::SetupFlashlightsAndDecals sorted model list count incorrect! A model was probably unable to load!CModelRenderSystem::SetupFlashlightsAndDecals sorted model list count incorrect! A model was probably unable to load!CModelRenderSystem::SetupFlashlightsAndDecals sorted model list count incorrect! A model was probably unable to load!CModelRenderSystem::SetupFlashlightsAndDecals sorted model list count incorrect! A model was probably unable to load!CModelRenderSystem::SetupFlashlightsAndDecals sorted model list count incorrect! A model was probably unable to load!CModelRenderSystem::SetupFlashlightsAndDecals sorted model list count incorrect! A model was probably unable to load!CModelRenderSystem::SetupFlashlightsAndDecals sorted model list count incorrect! A model was probably unable to load!CModelRenderSystem::SetupFlashlightsAndDecals sorted model list count incorrect! A model was probably unable to load!CModelRenderSystem::SetupFlashlightsAndDecals sorted model list count incorrect! A model was probably unable to load!CModelRenderSystem::SetupFlashlightsAndDecals sorted model list count incorrect! A model was probably unable to load!CModelRenderSystem::SetupFlashlightsAndDecals sorted model list count incorrect! A model was probably unable to load!CModelRenderSystem::SetupFlashlightsAndDecals sorted model list count incorrect! A model was probably unable to load!CModelRenderSystem::SetupFlashlightsAndDecals sorted model list count incorrect! A model was probably unable to load!CModelRenderSystem::SetupFlashlightsAndDecals sorted model list count incorrect! A model was probably unable to load!CModelRenderSystem::SetupFlashlightsAndDecals sorted model list count incorrect! A model was probably unable to load!CModelRenderSystem::SetupFlashlightsAndDecals sorted model list count incorrect! A model was probably unable to load!CModelRenderSystem::SetupFlashlightsAndDecals sorted model list count incorrect! A model was probably unable to load!CModelRenderSystem::SetupFlashlightsAndDecals sorted model list count incorrect! A model was probably unable to load!CModelRenderSystem::SetupFlashlightsAndDecals sorted model list count incorrect! A model was probably unable to load!CModelRenderSystem::SetupFlashlightsAndDecals sorted model list count incorrect! A model was probably unable to load!CModelRenderSystem::SetupFlashlightsAndDecals sorted model list count incorrect! A model was probably unable to load!CModelRenderSystem::SetupFlashlightsAndDecals sorted model list count incorrect! A model was probably unable to load!CModelRenderSystem::SetupFlashlightsAndDecals sorted model list count incorrect! A model was probably unable to load!CModelRenderSystem::SetupFlashlightsAndDecals sorted model list count incorrect! A model was probably unable to load!CModelRenderSystem::SetupFlashlightsAndDecals sorted model list count incorrect! A model was probably unable to load!CModelRenderSystem::SetupFlashlightsAndDecals sorted model list count incorrect! A model was probably unable to load!CModelRenderSystem::SetupFlashlightsAndDecals sorted model list count incorrect! A model was probably unable to load!CModelRenderSystem::SetupFlashlightsAndDecals sorted model list count incorrect! A model was probably unable to load!CModelRenderSystem::SetupFlashlightsAndDecals sorted model list count incorrect! A model was probably unable to load!CModelRenderSystem::SetupFlashlightsAndDecals sorted model list count incorrect! A model was probably unable to load!CModelRenderSystem::SetupFlashlightsAndDecals sorted model list count incorrect! A model was probably unable to load!CModelRenderSystem::SetupFlashlightsAndDecals sorted model list count incorrect! A model was probably unable to load!CModelRenderSystem::SetupFlashlightsAndDecals sorted model list count incorrect! A model was probably unable to load!CModelRenderSystem::SetupFlashlightsAndDecals sorted model list count incorrect! A model was probably unable to load!CModelRenderSystem::SetupFlashlightsAndDecals sorted model list count incorrect! A model was probably unable to load!CModelRenderSystem::SetupFlashlightsAndDecals sorted model list count incorrect! A model was probably unable to load!CModelRenderSystem::SetupFlashlightsAndDecals sorted model list count incorrect! A model was probably unable to load!CModelRenderSystem::SetupFlashlightsAndDecals sorted model list count incorrect! A model was probably unable to load!CModelRenderSystem::SetupFlashlightsAndDecals sorted model list count incorrect! A model was probably unable to load!CModelRenderSystem::SetupFlashlightsAndDecals sorted model list count incorrect! A model was probably unable to load!CModelRenderSystem::SetupFlashlightsAndDecals sorted model list count incorrect! A model was probably unable to load!CModelRenderSystem::SetupFlashlightsAndDecals sorted model list count incorrect! A model was probably unable to load!CModelRenderSystem::SetupFlashlightsAndDecals sorted model list count incorrect! A model was probably unable to load!CModelRenderSystem::SetupFlashlightsAndDecals sorted model list count incorrect! A model was probably unable to load!CModelRenderSystem::SetupFlashlightsAndDecals sorted model list count incorrect! A model was probably unable to load!CModelRenderSystem::SetupFlashlightsAndDecals sorted model list count incorrect! A model was probably unable to load!CModelRenderSystem::SetupFlashlightsAndDecals sorted model list count incorrect! A model was probably unable to load!CModelRenderSystem::SetupFlashlightsAndDecals sorted model list count incorrect! A model was probably unable to load!CModelRenderSystem::SetupFlashlightsAndDecals sorted model list count incorrect! A model was probably unable to load!CModelRenderSystem::SetupFlashlightsAndDecals sorted model list count incorrect! A model was probably unable to load!CModelRenderSystem::SetupFlashlightsAndDecals sorted model list count incorrect! A model was probably unable to load!CModelRenderSystem::SetupFlashlightsAndDecals sorted model list count incorrect! A model was probably unable to load!CModelRenderSystem::SetupFlashlightsAndDecals sorted model list count incorrect! A model was probably unable to load!CModelRenderSystem::SetupFlashlightsAndDecals sorted model list count incorrect! A model was probably unable to load!CModelRenderSystem::SetupFlashlightsAndDecals sorted model list count incorrect! A model was probably unable to load!CModelRenderSystem::SetupFlashlightsAndDecals sorted model list count incorrect! A model was probably unable to load!CModelRenderSystem::SetupFlashlightsAndDecals sorted model list count incorrect! A model was probably unable to load!CModelRenderSystem::SetupFlashlightsAndDecals sorted model list count incorrect! A model was probably unable to load!CModelRenderSystem::SetupFlashlightsAndDecals sorted model list count incorrect! A model was probably unable to load!CModelRenderSystem::SetupFlashlightsAndDecals sorted model list count incorrect! A model was probably unable to load!CModelRenderSystem::SetupFlashlightsAndDecals sorted model list count incorrect! A model was probably unable to load!CModelRenderSystem::SetupFlashlightsAndDecals sorted model list count incorrect! A model was probably unable to load!CModelRenderSystem::SetupFlashlightsAndDecals sorted model list count incorrect! A model was probably unable to load!CModelRenderSystem::SetupFlashlightsAndDecals sorted model list count incorrect! A model was probably unable to load!CModelRenderSystem::SetupFlashlightsAndDecals sorted model list count incorrect! A model was probably unable to load!CModelRenderSystem::SetupFlashlightsAndDecals sorted model list count incorrect! A model was probably unable to load!CModelRenderSystem::SetupFlashlightsAndDecals sorted model list count incorrect! A model was probably unable to load!CModelRenderSystem::SetupFlashlightsAndDecals sorted model list count incorrect! A model was probably unable to load!CModelRenderSystem::SetupFlashlightsAndDecals sorted model list count incorrect! A model was probably unable to load!CModelRenderSystem::SetupFlashlightsAndDecals sorted model list count incorrect! A model was probably unable to load!CModelRenderSystem::SetupFlashlightsAndDecals sorted model list count incorrect! A model was probably unable to load!CModelRenderSystem::SetupFlashlightsAndDecals sorted model list count incorrect! A model was probably unable to load!CModelRenderSystem::SetupFlashlightsAndDecals sorted model list count incorrect! A model was probably unable to load!CModelRenderSystem::SetupFlashlightsAndDecals sorted model list count incorrect! A model was probably unable to load!CModelRenderSystem::SetupFlashlightsAndDecals sorted model list count incorrect! A model was probably unable to load!CModelRenderSystem::SetupFlashlightsAndDecals sorted model list count incorrect! A model was probably unable to load!CModelRenderSystem::SetupFlashlightsAndDecals sorted model list count incorrect! A model was probably unable to load!CModelRenderSystem::SetupFlashlightsAndDecals sorted model list count incorrect! A model was probably unable to load!CModelRenderSystem::SetupFlashlightsAndDecals sorted model list count incorrect! A model was probably unable to load!CModelRenderSystem::SetupFlashlightsAndDecals sorted model list count incorrect! A model was probably unable to load!CModelRenderSystem::SetupFlashlightsAndDecals sorted model list count incorrect! A model was probably unable to load!CModelRenderSystem::SetupFlashlightsAndDecals sorted model list count incorrect! A model was probably unable to load!CModelRenderSystem::SetupFlashlightsAndDecals sorted model list count incorrect! A model was probably unable to load!CModelRenderSystem::SetupFlashlightsAndDecals sorted model list count incorrect! A model was probably unable to load!CModelRenderSystem::SetupFlashlightsAndDecals sorted model list count incorrect! A model was probably unable to load!CModelRenderSystem::SetupFlashlightsAndDecals sorted model list count incorrect! A model was probably unable to load!CModelRenderSystem::SetupFlashlightsAndDecals sorted model list count incorrect! A model was probably unable to load!CModelRenderSystem::SetupFlashlightsAndDecals sorted model list count incorrect! A model was probably unable to load!CModelRenderSystem::SetupFlashlightsAndDecals sorted model list count incorrect! A model was probably unable to load!CModelRenderSystem::SetupFlashlightsAndDecals sorted model list count incorrect! A model was probably unable to load!CModelRenderSystem::SetupFlashlightsAndDecals sorted model list count incorrect! A model was probably unable to load!CModelRenderSystem::SetupFlashlightsAndDecals sorted model list count incorrect! A model was probably unable to load!CModelRenderSystem::SetupFlashlightsAndDecals sorted model list count incorrect! A model was probably unable to load!CModelRenderSystem::SetupFlashlightsAndDecals sorted model list count incorrect! A model was probably unable to load!CModelRenderSystem::SetupFlashlightsAndDecals sorted model list count incorrect! A model was probably unable to load!CModelRenderSystem::SetupFlashlightsAndDecals sorted model list count incorrect! A model was probably unable to load!CModelRenderSystem::SetupFlashlightsAndDecals sorted model list count incorrect! A model was probably unable to load!CModelRenderSystem::SetupFlashlightsAndDecals sorted model list count incorrect! A model was probably unable to load!CModelRenderSystem::SetupFlashlightsAndDecals sorted model list count incorrect! A model was probably unable to load!CModelRenderSystem::SetupFlashlightsAndDecals sorted model list count incorrect! A model was probably unable to load!CModelRenderSystem::SetupFlashlightsAndDecals sorted model list count incorrect! A model was probably unable to load!CModelRenderSystem::SetupFlashlightsAndDecals sorted model list count incorrect! A model was probably unable to load!CModelRenderSystem::SetupFlashlightsAndDecals sorted model list count incorrect! A model was probably unable to load!CModelRenderSystem::SetupFlashlightsAndDecals sorted model list count incorrect! A model was probably unable to load!CModelRenderSystem::SetupFlashlightsAndDecals sorted model list count incorrect! A model was probably unable to load!CModelRenderSystem::SetupFlashlightsAndDecals sorted model list count incorrect! A model was probably unable to load!CModelRenderSystem::SetupFlashlightsAndDecals sorted model list count incorrect! A model was probably unable to load!CModelRenderSystem::SetupFlashlightsAndDecals sorted model list count incorrect! A model was probably unable to load!CModelRenderSystem::SetupFlashlightsAndDecals sorted model list count incorrect! A model was probably unable to load!CModelRenderSystem::SetupFlashlightsAndDecals sorted model list count incorrect! A model was probably unable to load!CModelRenderSystem::SetupFlashlightsAndDecals sorted model list count incorrect! A model was probably unable to load!CModelRenderSystem::SetupFlashlightsAndDecals sorted model list count incorrect! A model was probably unable to load!CModelRenderSystem::SetupFlashlightsAndDecals sorted model list count incorrect! A model was probably unable to load!CModelRenderSystem::SetupFlashlightsAndDecals sorted model list count incorrect! A model was probably unable to load!CModelRenderSystem::SetupFlashlightsAndDecals sorted model list count incorrect! A model was probably unable to load!CModelRenderSystem::SetupFlashlightsAndDecals sorted model list count incorrect! A model was probably unable to load!CModelRenderSystem::SetupFlashlightsAndDecals sorted model list count incorrect! A model was probably unable to load!CModelRenderSystem::SetupFlashlightsAndDecals sorted model list count incorrect! A model was probably unable to load!CModelRenderSystem::SetupFlashlightsAndDecals sorted model list count incorrect! A model was probably unable to load!CModelRenderSystem::SetupFlashlightsAndDecals sorted model list count incorrect! A model was probably unable to load!CModelRenderSystem::SetupFlashlightsAndDecals sorted model list count incorrect! A model was probably unable to load!CModelRenderSystem::SetupFlashlightsAndDecals sorted model list count incorrect! A model was probably unable to load!CModelRenderSystem::SetupFlashlightsAndDecals sorted model list count incorrect! A model was probably unable to load!CModelRenderSystem::SetupFlashlightsAndDecals sorted model list count incorrect! A model was probably unable to load!CModelRenderSystem::SetupFlashlightsAndDecals sorted model list count incorrect! A model was probably unable to load!CModelRenderSystem::SetupFlashlightsAndDecals sorted model list count incorrect! A model was probably unable to load!CModelRenderSystem::SetupFlashlightsAndDecals sorted model list count incorrect! A model was probably unable to load!CModelRenderSystem::SetupFlashlightsAndDecals sorted model list count incorrect! A model was probably unable to load!CModelRenderSystem::SetupFlashlightsAndDecals sorted model list count incorrect! A model was probably unable to load!CModelRenderSystem::SetupFlashlightsAndDecals sorted model list count incorrect! A model was probably unable to load!CModelRenderSystem::SetupFlashlightsAndDecals sorted model list count incorrect! A model was probably unable to load!CModelRenderSystem::SetupFlashlightsAndDecals sorted model list count incorrect! A model was probably unable to load!CModelRenderSystem::SetupFlashlightsAndDecals sorted model list count incorrect! A model was probably unable to load!CModelRenderSystem::SetupFlashlightsAndDecals sorted model list count incorrect! A model was probably unable to load!CModelRenderSystem::SetupFlashlightsAndDecals sorted model list count incorrect! A model was probably unable to load!CModelRenderSystem::SetupFlashlightsAndDecals sorted model list count incorrect! A model was probably unable to load!CModelRenderSystem::SetupFlashlightsAndDecals sorted model list count incorrect! A model was probably unable to load!CModelRenderSystem::SetupFlashlightsAndDecals sorted model list count incorrect! A model was probably unable to load!CModelRenderSystem::SetupFlashlightsAndDecals sorted model list count incorrect! A model was probably unable to load!CModelRenderSystem::SetupFlashlightsAndDecals sorted model list count incorrect! A model was probably unable to load!CModelRenderSystem::SetupFlashlightsAndDecals sorted model list count incorrect! A model was probably unable to load!CModelRenderSystem::SetupFlashlightsAndDecals sorted model list count incorrect! A model was probably unable to load!CModelRenderSystem::SetupFlashlightsAndDecals sorted model list count incorrect! A model was probably unable to load!CModelRenderSystem::SetupFlashlightsAndDecals sorted model list count incorrect! A model was probably unable to load!CModelRenderSystem::SetupFlashlightsAndDecals sorted model list count incorrect! A model was probably unable to load!CModelRenderSystem::SetupFlashlightsAndDecals sorted model list count incorrect! A model was probably unable to load!CModelRenderSystem::SetupFlashlightsAndDecals sorted model list count incorrect! A model was probably unable to load!CModelRenderSystem::SetupFlashlightsAndDecals sorted model list count incorrect! A model was probably unable to load!CModelRenderSystem::SetupFlashlightsAndDecals sorted model list count incorrect! A model was probably unable to load!CModelRenderSystem::SetupFlashlightsAndDecals sorted model list count incorrect! A model was probably unable to load!CModelRenderSystem::SetupFlashlightsAndDecals sorted model list count incorrect! A model was probably unable to load!CModelRenderSystem::SetupFlashlightsAndDecals sorted model list count incorrect! A model was probably unable to load!CModelRenderSystem::SetupFlashlightsAndDecals sorted model list count incorrect! A model was probably unable to load!CModelRenderSystem::SetupFlashlightsAndDecals sorted model list count incorrect! A model was probably unable to load!CModelRenderSystem::SetupFlashlightsAndDecals sorted model list count incorrect! A model was probably unable to load!CModelRenderSystem::SetupFlashlightsAndDecals sorted model list count incorrect! A model was probably unable to load!CModelRenderSystem::SetupFlashlightsAndDecals sorted model list count incorrect! A model was probably unable to load!CModelRenderSystem::SetupFlashlightsAndDecals sorted model list count incorrect! A model was probably unable to load!CModelRenderSystem::SetupFlashlightsAndDecals sorted model list count incorrect! A model was probably unable to load!CModelRenderSystem::SetupFlashlightsAndDecals sorted model list count incorrect! A model was probably unable to load!CModelRenderSystem::SetupFlashlightsAndDecals sorted model list count incorrect! A model was probably unable to load!CModelRenderSystem::SetupFlashlightsAndDecals sorted model list count incorrect! A model was probably unable to load!CModelRenderSystem::SetupFlashlightsAndDecals sorted model list count incorrect! A model was probably unable to load!CModelRenderSystem::SetupFlashlightsAndDecals sorted model list count incorrect! A model was probably unable to load!CModelRenderSystem::SetupFlashlightsAndDecals sorted model list count incorrect! A model was probably unable to load!CModelRenderSystem::SetupFlashlightsAndDecals sorted model list count incorrect! A model was probably unable to load!CModelRenderSystem::SetupFlashlightsAndDecals sorted model list count incorrect! A model was probably unable to load!CModelRenderSystem::SetupFlashlightsAndDecals sorted model list count incorrect! A model was probably unable to load!CModelRenderSystem::SetupFlashlightsAndDecals sorted model list count incorrect! A model was probably unable to load!CModelRenderSystem::SetupFlashlightsAndDecals sorted model list count incorrect! A model was probably unable to load!CModelRenderSystem::SetupFlashlightsAndDecals sorted model list count incorrect! A model was probably unable to load!CModelRenderSystem::SetupFlashlightsAndDecals sorted model list count incorrect! A model was probably unable to load!CModelRenderSystem::SetupFlashlightsAndDecals sorted model list count incorrect! A model was probably unable to load!CModelRenderSystem::SetupFlashlightsAndDecals sorted model list count incorrect! A model was probably unable to load!CModelRenderSystem::SetupFlashlightsAndDecals sorted model list count incorrect! A model was probably unable to load!CModelRenderSystem::SetupFlashlightsAndDecals sorted model list count incorrect! A model was probably unable to load!CModelRenderSystem::SetupFlashlightsAndDecals sorted model list count incorrect! A model was probably unable to load!CModelRenderSystem::SetupFlashlightsAndDecals sorted model list count incorrect! A model was probably unable to load!CModelRenderSystem::SetupFlashlightsAndDecals sorted model list count incorrect! A model was probably unable to load!CModelRenderSystem::SetupFlashlightsAndDecals sorted model list count incorrect! A model was probably unable to load!CModelRenderSystem::SetupFlashlightsAndDecals sorted model list count incorrect! A model was probably unable to load!CModelRenderSystem::SetupFlashlightsAndDecals sorted model list count incorrect! A model was probably unable to load!CModelRenderSystem::SetupFlashlightsAndDecals sorted model list count incorrect! A model was probably unable to load!CModelRenderSystem::SetupFlashlightsAndDecals sorted model list count incorrect! A model was probably unable to load!CModelRenderSystem::SetupFlashlightsAndDecals sorted model list count incorrect! A model was probably unable to load!CModelRenderSystem::SetupFlashlightsAndDecals sorted model list count incorrect! A model was probably unable to load!CModelRenderSystem::SetupFlashlightsAndDecals sorted model list count incorrect! A model was probably unable to load!CModelRenderSystem::SetupFlashlightsAndDecals sorted model list count incorrect! A model was probably unable to load!CModelRenderSystem::SetupFlashlightsAndDecals sorted model list count incorrect! A model was probably unable to load!CModelRenderSystem::SetupFlashlightsAndDecals sorted model list count incorrect! A model was probably unable to load!CModelRenderSystem::SetupFlashlightsAndDecals sorted model list count incorrect! A model was probably unable to load!CModelRenderSystem::SetupFlashlightsAndDecals sorted model list count incorrect! A model was probably unable to load!CModelRenderSystem::SetupFlashlightsAndDecals sorted model list count incorrect! A model was probably unable to load!CModelRenderSystem::SetupFlashlightsAndDecals sorted model list count incorrect! A model was probably unable to load!CModelRenderSystem::SetupFlashlightsAndDecals sorted model list count incorrect! A model was probably unable to load!CModelRenderSystem::SetupFlashlightsAndDecals sorted model list count incorrect! A model was probably unable to load!CModelRenderSystem::SetupFlashlightsAndDecals sorted model list count incorrect! A model was probably unable to load!CModelRenderSystem::SetupFlashlightsAndDecals sorted model list count incorrect! A model was probably unable to load!CModelRenderSystem::SetupFlashlightsAndDecals sorted model list count incorrect! A model was probably unable to load!CModelRenderSystem::SetupFlashlightsAndDecals sorted model list count incorrect! A model was probably unable to load!CModelRenderSystem::SetupFlashlightsAndDecals sorted model list count incorrect! A model was probably unable to load!CModelRenderSystem::SetupFlashlightsAndDecals sorted model list count incorrect! A model was probably unable to load!CModelRenderSystem::SetupFlashlightsAndDecals sorted model list count incorrect! A model was probably unable to load!CModelRenderSystem::SetupFlashlightsAndDecals sorted model list count incorrect! A model was probably unable to load!CModelRenderSystem::SetupFlashlightsAndDecals sorted model list count incorrect! A model was probably unable to load!CModelRenderSystem::SetupFlashlightsAndDecals sorted model list count incorrect! A model was probably unable to load!CModelRenderSystem::SetupFlashlightsAndDecals sorted model list count incorrect! A model was probably unable to load!CModelRenderSystem::SetupFlashlightsAndDecals sorted model list count incorrect! A model was probably unable to load!CModelRenderSystem::SetupFlashlightsAndDecals sorted model list count incorrect! A model was probably unable to load!CModelRenderSystem::SetupFlashlightsAndDecals sorted model list count incorrect! A model was probably unable to load!CModelRenderSystem::SetupFlashlightsAndDecals sorted model list count incorrect! A model was probably unable to load!CModelRenderSystem::SetupFlashlightsAndDecals sorted model list count incorrect! A model was probably unable to load!CModelRenderSystem::SetupFlashlightsAndDecals sorted model list count incorrect! A model was probably unable to load!CModelRenderSystem::SetupFlashlightsAndDecals sorted model list count incorrect! A model was probably unable to load!CModelRenderSystem::SetupFlashlightsAndDecals sorted model list count incorrect! A model was probably unable to load!CModelRenderSystem::SetupFlashlightsAndDecals sorted model list count incorrect! A model was probably unable to load!CModelRenderSystem::SetupFlashlightsAndDecals sorted model list count incorrect! A model was probably unable to load!CModelRenderSystem::SetupFlashlightsAndDecals sorted model list count incorrect! A model was probably unable to load!CModelRenderSystem::SetupFlashlightsAndDecals sorted model list count incorrect! A model was probably unable to load!CModelRenderSystem::SetupFlashlightsAndDecals sorted model list count incorrect! A model was probably unable to load!CModelRenderSystem::SetupFlashlightsAndDecals sorted model list count incorrect! A model was probably unable to load!CModelRenderSystem::SetupFlashlightsAndDecals sorted model list count incorrect! A model was probably unable to load!CModelRenderSystem::SetupFlashlightsAndDecals sorted model list count incorrect! A model was probably unable to load!CModelRenderSystem::SetupFlashlightsAndDecals sorted model list count incorrect! A model was probably unable to load!CModelRenderSystem::SetupFlashlightsAndDecals sorted model list count incorrect! A model was probably unable to load!CModelRenderSystem::SetupFlashlightsAndDecals sorted model list count incorrect! A model was probably unable to load!CModelRenderSystem::SetupFlashlightsAndDecals sorted model list count incorrect! A model was probably unable to load!CModelRenderSystem::SetupFlashlightsAndDecals sorted model list count incorrect! A model was probably unable to load!CModelRenderSystem::SetupFlashlightsAndDecals sorted model list count incorrect! A model was probably unable to load!CModelRenderSystem::SetupFlashlightsAndDecals sorted model list count incorrect! A model was probably unable to load!CModelRenderSystem::SetupFlashlightsAndDecals sorted model list count incorrect! A model was probably unable to load!CModelRenderSystem::SetupFlashlightsAndDecals sorted model list count incorrect! A model was probably unable to load!CModelRenderSystem::SetupFlashlightsAndDecals sorted model list count incorrect! A model was probably unable to load!CModelRenderSystem::SetupFlashlightsAndDecals sorted model list count incorrect! A model was probably unable to load!CModelRenderSystem::SetupFlashlightsAndDecals sorted model list count incorrect! A model was probably unable to load!CModelRenderSystem::SetupFlashlightsAndDecals sorted model list count incorrect! A model was probably unable to load!CModelRenderSystem::SetupFlashlightsAndDecals sorted model list count incorrect! A model was probably unable to load!CModelRenderSystem::SetupFlashlightsAndDecals sorted model list count incorrect! A model was probably unable to load!CModelRenderSystem::SetupFlashlightsAndDecals sorted model list count incorrect! A model was probably unable to load!CModelRenderSystem::SetupFlashlightsAndDecals sorted model list count incorrect! A model was probably unable to load!CModelRenderSystem::SetupFlashlightsAndDecals sorted model list count incorrect! A model was probably unable to load!CModelRenderSystem::SetupFlashlightsAndDecals sorted model list count incorrect! A model was probably unable to load!CModelRenderSystem::SetupFlashlightsAndDecals sorted model list count incorrect! A model was probably unable to load!CModelRenderSystem::SetupFlashlightsAndDecals sorted model list count incorrect! A model was probably unable to load!CModelRenderSystem::SetupFlashlightsAndDecals sorted model list count incorrect! A model was probably unable to load!CModelRenderSystem::SetupFlashlightsAndDecals sorted model list count incorrect! A model was probably unable to load!CModelRenderSystem::SetupFlashlightsAndDecals sorted model list count incorrect! A model was probably unable to load!CModelRenderSystem::SetupFlashlightsAndDecals sorted model list count incorrect! A model was probably unable to load!CModelRenderSystem::SetupFlashlightsAndDecals sorted model list count incorrect! A model was probably unable to load!CModelRenderSystem::SetupFlashlightsAndDecals sorted model list count incorrect! A model was probably unable to load!CModelRenderSystem::SetupFlashlightsAndDecals sorted model list count incorrect! A model was probably unable to load!CModelRenderSystem::SetupFlashlightsAndDecals sorted model list count incorrect! A model was probably unable to load!CModelRenderSystem::SetupFlashlightsAndDecals sorted model list count incorrect! A model was probably unable to load!CModelRenderSystem::SetupFlashlightsAndDecals sorted model list count incorrect! A model was probably unable to load!CModelRenderSystem::SetupFlashlightsAndDecals sorted model list count incorrect! A model was probably unable to load!CModelRenderSystem::SetupFlashlightsAndDecals sorted model list count incorrect! A model was probably unable to load!CModelRenderSystem::SetupFlashlightsAndDecals sorted model list count incorrect! A model was probably unable to load!CModelRenderSystem::SetupFlashlightsAndDecals sorted model list count incorrect! A model was probably unable to load!CModelRenderSystem::SetupFlashlightsAndDecals sorted model list count incorrect! A model was probably unable to load!CModelRenderSystem::SetupFlashlightsAndDecals sorted model list count incorrect! A model was probably unable to load!CModelRenderSystem::SetupFlashlightsAndDecals sorted model list count incorrect! A model was probably unable to load!CModelRenderSystem::SetupFlashlightsAndDecals sorted model list count incorrect! A model was probably unable to load!CModelRenderSystem::SetupFlashlightsAndDecals sorted model list count incorrect! A model was probably unable to load!CModelRenderSystem::SetupFlashlightsAndDecals sorted model list count incorrect! A model was probably unable to load!CModelRenderSystem::SetupFlashlightsAndDecals sorted model list count incorrect! A model was probably unable to load!CModelRenderSystem::SetupFlashlightsAndDecals sorted model list count incorrect! A model was probably unable to load!Warning:  Can't add NULL string to table EffectDispatch
Warning:  Can't add NULL string to table EffectDispatch
Attempted to precache unknown particle system "weapon_tracers"!
Attempted to precache unknown particle system "weapon_tracers"!
Error reading weapon data file for: basehlcombatweapon
Attempted to precache unknown particle system "weapon_tracers"!
User Msg 'InventoryFlash': 8 bytes written, expected 5
gustavo unpaused the game
CreateEvent: event 'portal_player_touchedground' not registered.
User Msg 'InventoryFlash': 8 bytes written, expected 5
CreateEvent: event 'portal_player_touchedground' not registered.
CreateEvent: event 'portal_player_touchedground' not registered.
CreateEvent: event 'portal_player_touchedground' not registered.
CreateEvent: event 'portal_player_touchedground' not registered.
CreateEvent: event 'portal_player_touchedground' not registered.
User Msg 'InventoryFlash': 8 bytes written, expected 5
CreateEvent: event 'portal_player_touchedground' not registered.
CreateEvent: event 'portal_player_touchedground' not registered.
CreateEvent: event 'portal_player_touchedground' not registered.
CreateEvent: event 'portal_player_touchedground' not registered.
CreateEvent: event 'portal_player_touchedground' not registered.
CreateEvent: event 'portal_player_touchedground' not registered.
CreateEvent: event 'portal_player_touchedground' not registered.
CreateEvent: event 'portal_player_touchedground' not registered.
CreateEvent: event 'portal_player_touchedground' not registered.
CreateEvent: event 'portal_player_touchedground' not registered.
CreateEvent: event 'portal_player_touchedground' not registered.
User Msg 'InventoryFlash': 8 bytes written, expected 5
CreateEvent: event 'portal_player_touchedground' not registered.
CreateEvent: event 'portal_player_touchedground' not registered.
User Msg 'InventoryFlash': 8 bytes written, expected 5
gustavo unpaused the game
User Msg 'InventoryFlash': 8 bytes written, expected 5
CreateEvent: event 'portal_player_touchedground' not registered.
CreateEvent: event 'portal_player_touchedground' not registered.
CreateEvent: event 'portal_player_touchedground' not registered.
CreateEvent: event 'portal_player_touchedground' not registered.
User Msg 'InventoryFlash': 8 bytes written, expected 5
noclip ON
noclip OFF
CreateEvent: event 'portal_player_touchedground' not registered.
User Msg 'InventoryFlash': 8 bytes written, expected 5
User Msg 'InventoryFlash': 8 bytes written, expected 5
CreateEvent: event 'portal_player_touchedground' not registered.
CreateEvent: event 'portal_player_touchedground' not registered.
CreateEvent: event 'portal_player_touchedground' not registered.
CreateEvent: event 'portal_player_touchedground' not registered.
DataTable warning: player: Out-of-range value (1060.000000) in SendPropFloat 'm_vecBaseVelocity', clamping.
DataTable warning: player: Out-of-range value (1044.666748) in SendPropFloat 'm_vecBaseVelocity', clamping.
DataTable warning: player: Out-of-range value (1029.844482) in SendPropFloat 'm_vecBaseVelocity', clamping.
DataTable warning: player: Out-of-range value (1015.516296) in SendPropFloat 'm_vecBaseVelocity', clamping.
DataTable warning: player: Out-of-range value (1001.665771) in SendPropFloat 'm_vecBaseVelocity', clamping.
DataTable warning: player: Out-of-range value (1040.812256) in SendPropFloat 'm_vecBaseVelocity', clamping.
DataTable warning: player: Out-of-range value (1026.118530) in SendPropFloat 'm_vecBaseVelocity', clamping.
DataTable warning: player: Out-of-range value (1011.914551) in SendPropFloat 'm_vecBaseVelocity', clamping.
CreateEvent: event 'portal_player_touchedground' not registered.
User Msg 'InventoryFlash': 8 bytes written, expected 5
CreateEvent: event 'portal_player_touchedground' not registered.
DataTable warning: player: Out-of-range value (1483.333496) in SendPropFloat 'm_vecBaseVelocity', clamping.
DataTable warning: player: Out-of-range value (1453.889038) in SendPropFloat 'm_vecBaseVelocity', clamping.
DataTable warning: player: Out-of-range value (1425.426025) in SendPropFloat 'm_vecBaseVelocity', clamping.
CreateEvent: event 'portal_player_touchedground' not registered.
CreateEvent: event 'portal_player_touchedground' not registered.
CreateEvent: event 'portal_player_touchedground' not registered.
CreateEvent: event 'portal_player_touchedground' not registered.
User Msg 'InventoryFlash': 8 bytes written, expected 5
gustavo unpaused the game
CreateEvent: event 'portal_player_touchedground' not registered.
DataTable warning: player: Out-of-range value (1830.000000) in SendPropFloat 'm_vecBaseVelocity', clamping.
DataTable warning: player: Out-of-range value (1789.000000) in SendPropFloat 'm_vecBaseVelocity', clamping.
DataTable warning: player: Out-of-range value (1749.366699) in SendPropFloat 'm_vecBaseVelocity', clamping.
DataTable warning: player: Out-of-range value (1711.054443) in SendPropFloat 'm_vecBaseVelocity', clamping.
DataTable warning: player: Out-of-range value (1674.019287) in SendPropFloat 'm_vecBaseVelocity', clamping.
DataTable warning: player: Out-of-range value (1638.218628) in SendPropFloat 'm_vecBaseVelocity', clamping.
DataTable warning: player: Out-of-range value (1603.611328) in SendPropFloat 'm_vecBaseVelocity', clamping.
DataTable warning: player: Out-of-range value (1570.157593) in SendPropFloat 'm_vecBaseVelocity', clamping.
DataTable warning: player: Out-of-range value (1537.819092) in SendPropFloat 'm_vecBaseVelocity', clamping.
DataTable warning: player: Out-of-range value (1506.558350) in SendPropFloat 'm_vecBaseVelocity', clamping.
DataTable warning: player: Out-of-range value (1476.339844) in SendPropFloat 'm_vecBaseVelocity', clamping.
DataTable warning: player: Out-of-range value (1447.128418) in SendPropFloat 'm_vecBaseVelocity', clamping.
DataTable warning: player: Out-of-range value (1418.890869) in SendPropFloat 'm_vecBaseVelocity', clamping.
DataTable warning: player: Out-of-range value (1391.594482) in SendPropFloat 'm_vecBaseVelocity', clamping.
CreateEvent: event 'portal_player_touchedground' not registered.
User Msg 'InventoryFlash': 8 bytes written, expected 5
CreateEvent: event 'portal_player_touchedground' not registered.
CreateEvent: event 'portal_player_touchedground' not registered.
CreateEvent: event 'portal_player_touchedground' not registered.
CreateEvent: event 'portal_player_touchedground' not registered.
User Msg 'InventoryFlash': 8 bytes written, expected 5
CreateEvent: event 'portal_player_touchedground' not registered.
CreateEvent: event 'portal_player_touchedground' not registered.
CreateEvent: event 'portal_player_touchedground' not registered.
CreateEvent: event 'portal_player_touchedground' not registered.
CreateEvent: event 'portal_player_touchedground' not registered.
User Msg 'InventoryFlash': 8 bytes written, expected 5
Binding uncached material "__utilwireframe", artificially incrementing refcount
CreateEvent: event 'portal_player_touchedground' not registered.
gustavo unpaused the game
CreateEvent: event 'portal_player_touchedground' not registered.
gustavo unpaused the game
NET_GetBindAddresses found 192.168.31.140: 'Realtek PCIe GbE Family Controller'
NET_GetBindAddresses found 26.133.72.161: 'Famatech Radmin VPN Ethernet Adapter'
NET_GetBindAddresses found 172.24.90.163: 'ZeroTier Virtual Port #2'
NET_GetBindAddresses found 10.147.17.76: 'ZeroTier Virtual Port #3'
NET_GetBindAddresses found 172.16.0.2: 'WireGuard Tunnel'
Network: IP 10.147.17.76, mode MP, dedicated No, ports 27015 SV / 27005 CL
Parent cvar in client.dll not allowed (rr_debugresponseconcept)
Parent cvar in client.dll not allowed (rr_dumpresponses)
Parent cvar in client.dll not allowed (rr_debugrule)
Parent cvar in client.dll not allowed (rr_debugresponses)
WARNING: unable to link rr_debugresponseconcept_exclude and rr_debugresponseconcept_exclude because one or more is a ConCommand.
Parent cvar in client.dll not allowed (movement_anim_playback_minrate)
WARNING: unable to link creditsdone and creditsdone because one or more is a ConCommand.
WARNING: unable to link rr_reloadresponsesystems and rr_reloadresponsesystems because one or more is a ConCommand.
CResponseSystem:  scripts\talker\response_rules.txt (2 rules, 2 criteria, and 2 responses)
maxplayers set to 1
We're happy and aperture_render_targets!Missing cfg\cpu_level_2_pc.ekv
Missing cfg\gpu_level_3_pc.ekv
Missing cfg\mem_level_2_pc.ekv
Missing cfg\gpu_mem_level_2_pc.ekv
Running -nogameui mode, using client module instead of gameui
Steam config directory: C:\SourceCode\aperture-camera\game\platform\config
No split screen config file 'splitscreen_config.txt', using defaults
Missing cfg\cpu_level_2_pc.ekv
Missing cfg\gpu_level_3_pc.ekv
Missing cfg\mem_level_2_pc.ekv
Missing cfg\gpu_mem_level_2_pc.ekv
CGameEventManager::AddListener: event 'replay_status' unknown.
CGameEventManager::AddListener: event 'spec_target_updated' unknown.
KV Conditional: Unknown symbol OSX
KV Conditional: Unknown symbol OSX
Hud element 'CHudControlHelper' doesn't have an entry 'HudControlHelper' in scripts/HudLayout.res
Hud element 'CHudIndicator' doesn't have an entry 'HudIndicator' in scripts/HudLayout.res
Hud element 'CHudViewfinder' doesn't have an entry 'HudViewfinder' in scripts/HudLayout.res
Hud element 'CHudPhotoInventory' doesn't have an entry 'HudPhotoInventory' in scripts/HudLayout.res
Hud element 'CHudPhotoFlash' doesn't have an entry 'HudPhotoInventory' in scripts/HudLayout.res
CResponseSystem:  scripts\talker\response_rules.txt (2 rules, 2 criteria, and 2 responses)
cc_lang = 
Missing cfg\cpu_level_2_pc.ekv
Missing cfg\gpu_level_3_pc.ekv
Missing cfg\mem_level_2_pc.ekv
Missing cfg\gpu_mem_level_2_pc.ekv
Sound Initialization: Start
DS:stereo speaker configuration detected
Set primary sound buffer format: yes
Using secondary sound buffer
   2 channel(s)
   16 bits/sample
   44100 samples/sec
DirectSound initialized
Stopping All Sounds...
Trying cache :  'c:/sourcecode/aperture-camera/game/valve/maps/soundcache/_master.cache'
Successfully loaded audio cache file
Sound Initialization: Finish, Sampling Rate: 44100
cc_lang = 
Legacy Surround disabled.
Stopping All Sounds...
Sound Initialization: Start
DS:stereo speaker configuration detected
Set primary sound buffer format: yes
Using secondary sound buffer
   2 channel(s)
   16 bits/sample
   44100 samples/sec
DirectSound initialized
Stopping All Sounds...
Trying cache :  'c:/sourcecode/aperture-camera/game/valve/maps/soundcache/_master.cache'
Successfully loaded audio cache file
Sound Initialization: Finish, Sampling Rate: 44100
Datacenter::RequestStart, time 2.00
Datacenter::RequestStop, time 2.01, state 1
Datacenter::RequestUpdate failed
Stopping All Sounds...
Stopping All Sounds...
---- Host_NewGame ----
Network: IP 10.147.17.76, mode SP, dedicated No, ports 0 SV / 0 CL
Network: IP 10.147.17.76, mode MP, dedicated No, ports 27015 SV / 27005 CL
#######################################
Map testroom_aperture missing stringtable dictionary, don't ship this way!!!
#######################################
Host_NewGame on map testroom_aperture
Set Gravity 600.0 (0.250 tolerance)
PrecacheScriptSound 'default.null' failed, no such sound script entry
weapons/v_portalgun.mdl : material "models/weapons/v_models/v_portalgun/v_hands" not found.
CreateEvent: event 'picked_up_paint' not registered.
PrecacheScriptSound 'Paintgun.FireLoop' failed, no such sound script entry
Direct precache of vehicles/airboat/pontoon_fast_water_loop2.wav
"materials/_rt_largephoto.vtf": can't be found on disk
Error Index File for 'weapons\w_cam.mdl' checksum 1322159438 should be 2037782653
Warning:  Can't add NULL string to table EffectDispatch
Failed to load models/weapons/v_cam.mdl!
Warning:  Can't add NULL string to table EffectDispatch
Error: Material "models/items/photo_capture01" : proxy "PhotoMaterial" not found!
"materials/null.vtf": can't be found on disk
Error reading weapon data file for: weapon_hopwire
Warning:  Can't add NULL string to table EffectDispatch
Warning:  Can't add NULL string to table EffectDispatch
Warning:  Can't add NULL string to table EffectDispatch
Warning:  Can't add NULL string to table EffectDispatch
Warning:  Can't add NULL string to table EffectDispatch
Warning:  Can't add NULL string to table EffectDispatch
Warning:  Can't add NULL string to table EffectDispatch
Warning:  Can't add NULL string to table EffectDispatch
Warning:  Can't add NULL string to table EffectDispatch
Warning:  Can't add NULL string to table EffectDispatch
Warning:  Can't add NULL string to table EffectDispatch
Warning:  Can't add NULL string to table EffectDispatch
Warning:  Can't add NULL string to table EffectDispatch
Script not found (scripts/vscripts/mapspawn.nut) 
Failed to CRC cfg/cpu_level_0_pc.ekv
Failed to CRC cfg/cpu_level_0_pc_ss.ekv
Failed to CRC cfg/cpu_level_1_pc.ekv
Failed to CRC cfg/cpu_level_1_pc_ss.ekv
Failed to CRC cfg/cpu_level_2_pc.ekv
Failed to CRC cfg/cpu_level_2_pc_ss.ekv
Failed to CRC cfg/gpu_level_0_pc.ekv
Failed to CRC cfg/gpu_level_1_pc.ekv
Failed to CRC cfg/gpu_level_2_pc.ekv
Failed to CRC cfg/gpu_level_3_pc.ekv
Failed to CRC cfg/mem_level_0_pc.ekv
Failed to CRC cfg/mem_level_1_pc.ekv
Failed to CRC cfg/mem_level_2_pc.ekv
Failed to CRC cfg/gpu_mem_level_0_pc.ekv
Failed to CRC cfg/gpu_mem_level_1_pc.ekv
Failed to CRC cfg/gpu_mem_level_2_pc.ekv
Failed to CRC scripts/asw_weapon_ammo_bag.txt
Failed to CRC scripts/asw_weapon_ammo_satchel.txt
Failed to CRC scripts/asw_weapon_autogun.txt
Failed to CRC scripts/asw_weapon_blink.txt
Failed to CRC scripts/asw_weapon_buff_grenade.txt
Failed to CRC scripts/asw_weapon_chainsaw.txt
Failed to CRC scripts/asw_weapon_electrified_armor.txt
Failed to CRC scripts/asw_weapon_fire_extinguisher.txt
Failed to CRC scripts/asw_weapon_fist.txt
Failed to CRC scripts/asw_weapon_flamer.txt
Failed to CRC scripts/asw_weapon_flares.txt
Failed to CRC scripts/asw_weapon_flashlight.txt
Failed to CRC scripts/asw_weapon_freeze_grenades.txt
Failed to CRC scripts/asw_weapon_grenades.txt
Failed to CRC scripts/asw_weapon_grenade_launcher.txt
Failed to CRC scripts/asw_weapon_heal_grenade.txt
Failed to CRC scripts/asw_weapon_heal_gun.txt
Failed to CRC scripts/asw_weapon_hornet_barrage.txt
Failed to CRC scripts/asw_weapon_jump_jet.txt
Failed to CRC scripts/asw_weapon_laser_mines.txt
Failed to CRC scripts/asw_weapon_medical_satchel.txt
Failed to CRC scripts/asw_weapon_medkit.txt
Failed to CRC scripts/asw_weapon_mines.txt
Failed to CRC scripts/asw_weapon_minigun.txt
Failed to CRC scripts/asw_weapon_mining_laser.txt
Failed to CRC scripts/asw_weapon_night_vision.txt
Failed to CRC scripts/asw_weapon_normal_armor.txt
Failed to CRC scripts/asw_weapon_pdw.txt
Failed to CRC scripts/asw_weapon_pistol.txt
Failed to CRC scripts/asw_weapon_prifle.txt
Failed to CRC scripts/asw_weapon_railgun.txt
Failed to CRC scripts/asw_weapon_rifle.txt
Failed to CRC scripts/asw_weapon_sentry.txt
Failed to CRC scripts/asw_weapon_sentry_cannon.txt
Failed to CRC scripts/asw_weapon_sentry_flamer.txt
Failed to CRC scripts/asw_weapon_sentry_freeze.txt
Failed to CRC scripts/asw_weapon_shotgun.txt
Failed to CRC scripts/asw_weapon_smart_bomb.txt
Failed to CRC scripts/asw_weapon_sniper_rifle.txt
Failed to CRC scripts/asw_weapon_stim.txt
Failed to CRC scripts/asw_weapon_tesla_gun.txt
Failed to CRC scripts/asw_weapon_tesla_trap.txt
Failed to CRC scripts/asw_weapon_vindicator.txt
Failed to CRC scripts/asw_weapon_welder.txt
Attempted to create unknown entity type prop_portal_linked_door!
Can't init prop_portal_linked_door
Attempted to create unknown entity type prop_portal_linked_door!
Can't init prop_portal_linked_door
props_farm\mousetrap.mdl : material "models/props_farm/mousetrap001" not found.
PrecacheScriptSound 'NPC_Android.Pain' failed, no such sound script entry
Attempted to create unknown entity type _squashed_zombie!
NULL Ent in UTIL_PrecacheOther
PrecacheScriptSound 'AndroidDispenser.Blocked' failed, no such sound script entry
PrecacheScriptSound 'AndroidDispenser.Dispense' failed, no such sound script entry
prop_dynamic at -872 0 128 uses model models/props_c17/furnituretable002a.mdl, which has propdata which means that it be used on a prop_physics. DELETED.
"materials/models/bot_fem/bot_male_exponent.vtf": can't be found on disk
npcs/hover_turret.mdl : material "models/props_bts/glados_ball_01" not found.
npcs/hover_turret.mdl : material "models/props_bts/glados_ball_02" not found.
npcs/hover_turret.mdl : material "models/props_bts/glados_ball_03" not found.
npcs/hover_turret.mdl : material "models/props_bts/glados_ball_04" not found.
Invalid file size for motd.txt
Invalid file size for host.txt
Created class baseline: 21 classes, 3088 bytes.
Heartbeat is disabled (usually developer or cheats is on).
m_eServerMode pre = 0
m_eServerMode post = 2
************************************************
*  Unable to load Steam support library.       *
*  This server will operate in LAN mode only.  *
************************************************
Heartbeat is disabled (usually developer or cheats is on).
Stopping All Sounds...
1.000:  Sending UDP connect to public IP 127.0.0.1:27015
Server using '<none>' lobbies, requiring pw no, lobby id 0
RememberIPAddressForLobby: lobby 0 from address loopback

Portal
Map: testroom_aperture
Players: 1 (0 bots) / 1 humans
Build: 6653
Server Number: 1

material "particle/particle_glow_05_add_15ob" not found.
Attempted to precache unknown particle system "portal_dematerialize"!
Attempted to precache unknown particle system "portal_rematerialize"!
material "overlays/coop_ping_decal" not found.
material "effects/huntertracer" not found.
Attempted to precache unknown particle system "rain_storm"!
Attempted to precache unknown particle system "rain_storm"!
Attempted to precache unknown particle system "rain_storm_screen"!
Attempted to precache unknown particle system "rain_storm_screen"!
Attempted to precache unknown particle system "rain_storm_outer"!
Attempted to precache unknown particle system "rain_storm_outer"!
Attempted to precache unknown particle system "rain"!
Attempted to precache unknown particle system "rain"!
Attempted to precache unknown particle system "rain_outer"!
Attempted to precache unknown particle system "rain_outer"!
Attempted to precache unknown particle system "ash"!
Attempted to precache unknown particle system "ash"!
Attempted to precache unknown particle system "ash_outer"!
Attempted to precache unknown particle system "ash_outer"!
Attempted to precache unknown particle system "snow"!
Attempted to precache unknown particle system "snow"!
Attempted to precache unknown particle system "snow_outer"!
Attempted to precache unknown particle system "snow_outer"!
Attempted to precache unknown particle system "rtube_muzzle"!
Attempted to precache unknown particle system "rtube_muzzle"!
Attempted to precache unknown particle system "paint_hose"!
Attempted to precache unknown particle system "paint_hose"!
material "photos/photo_background" not found.
material "photos/photo_foreground" not found.
Script not found (scripts/vscripts/mapspawn.nut) 
Sending full update to Client gustavo (gustavo can't find frame from tick -1)
Receiving uncompressed update from server
Set Gravity 600.0 (0.250 tolerance)
Queued Material System: ENABLED!
DEBUG HISTORY IS ENABLED. Disable before release (in env_debughistory.h).
CreateEvent: event 'portal_player_touchedground' not registered.
material "" not found.
Redownloading all lightmaps
R_RedownloadAllLightmaps took 4.379 msec!
CreateEvent: event 'portal_player_touchedground' not registered.
CreateEvent: event 'portal_player_touchedground' not registered.
Warning:  Can't add NULL string to table EffectDispatch
Warning:  Can't add NULL string to table EffectDispatch
Warning:  Can't add NULL string to table EffectDispatch
Warning:  Can't add NULL string to table EffectDispatch
Warning:  Can't add NULL string to table EffectDispatch
Warning:  Can't add NULL string to table EffectDispatch
Warning:  Can't add NULL string to table EffectDispatch
Warning:  Can't add NULL string to table EffectDispatch
Warning:  Can't add NULL string to table EffectDispatch
Warning:  Can't add NULL string to table EffectDispatch
gustavo unpaused the game
Attempted to precache unknown particle system "weapon_tracers"!
Attempted to precache unknown particle system "weapon_tracers"!
Attempted to precache unknown particle system "weapon_tracers"!
Attempted to precache unknown particle system "weapon_tracers"!
Attempted to precache unknown particle system "weapon_tracers"!
Attempted to precache unknown particle system "weapon_tracers"!
Attempted to precache unknown particle system "weapon_tracers"!
Attempted to precache unknown particle system "weapon_tracers"!
Attempted to precache unknown particle system "weapon_tracers"!
Attempted to precache unknown particle system "weapon_tracers"!
Attempted to precache unknown particle system "weapon_tracers"!
Attempted to precache unknown particle system "weapon_tracers"!
Error reading weapon data file for: basehlcombatweapon
Attempted to precache unknown particle system "weapon_tracers"!
noclip ON
CModelRenderSystem::SetupFlashlightsAndDecals sorted model list count incorrect! A model was probably unable to load!CModelRenderSystem::SetupFlashlightsAndDecals sorted model list count incorrect! A model was probably unable to load!CModelRenderSystem::SetupFlashlightsAndDecals sorted model list count incorrect! A model was probably unable to load!CModelRenderSystem::SetupFlashlightsAndDecals sorted model list count incorrect! A model was probably unable to load!CModelRenderSystem::SetupFlashlightsAndDecals sorted model list count incorrect! A model was probably unable to load!CModelRenderSystem::SetupFlashlightsAndDecals sorted model list count incorrect! A model was probably unable to load!CModelRenderSystem::SetupFlashlightsAndDecals sorted model list count incorrect! A model was probably unable to load!CModelRenderSystem::SetupFlashlightsAndDecals sorted model list count incorrect! A model was probably unable to load!CModelRenderSystem::SetupFlashlightsAndDecals sorted model list count incorrect! A model was probably unable to load!CModelRenderSystem::SetupFlashlightsAndDecals sorted model list count incorrect! A model was probably unable to load!CModelRenderSystem::SetupFlashlightsAndDecals sorted model list count incorrect! A model was probably unable to load!CModelRenderSystem::SetupFlashlightsAndDecals sorted model list count incorrect! A model was probably unable to load!CModelRenderSystem::SetupFlashlightsAndDecals sorted model list count incorrect! A model was probably unable to load!CModelRenderSystem::SetupFlashlightsAndDecals sorted model list count incorrect! A model was probably unable to load!CModelRenderSystem::SetupFlashlightsAndDecals sorted model list count incorrect! A model was probably unable to load!CModelRenderSystem::SetupFlashlightsAndDecals sorted model list count incorrect! A model was probably unable to load!CModelRenderSystem::SetupFlashlightsAndDecals sorted model list count incorrect! A model was probably unable to load!CModelRenderSystem::SetupFlashlightsAndDecals sorted model list count incorrect! A model was probably unable to load!CModelRenderSystem::SetupFlashlightsAndDecals sorted model list count incorrect! A model was probably unable to load!CModelRenderSystem::SetupFlashlightsAndDecals sorted model list count incorrect! A model was probably unable to load!CModelRenderSystem::SetupFlashlightsAndDecals sorted model list count incorrect! A model was probably unable to load!CModelRenderSystem::SetupFlashlightsAndDecals sorted model list count incorrect! A model was probably unable to load!CModelRenderSystem::SetupFlashlightsAndDecals sorted model list count incorrect! A model was probably unable to load!CModelRenderSystem::SetupFlashlightsAndDecals sorted model list count incorrect! A model was probably unable to load!CModelRenderSystem::SetupFlashlightsAndDecals sorted model list count incorrect! A model was probably unable to load!CModelRenderSystem::SetupFlashlightsAndDecals sorted model list count incorrect! A model was probably unable to load!CModelRenderSystem::SetupFlashlightsAndDecals sorted model list count incorrect! A model was probably unable to load!CModelRenderSystem::SetupFlashlightsAndDecals sorted model list count incorrect! A model was probably unable to load!CModelRenderSystem::SetupFlashlightsAndDecals sorted model list count incorrect! A model was probably unable to load!CModelRenderSystem::SetupFlashlightsAndDecals sorted model list count incorrect! A model was probably unable to load!CModelRenderSystem::SetupFlashlightsAndDecals sorted model list count incorrect! A model was probably unable to load!CModelRenderSystem::SetupFlashlightsAndDecals sorted model list count incorrect! A model was probably unable to load!CModelRenderSystem::SetupFlashlightsAndDecals sorted model list count incorrect! A model was probably unable to load!CModelRenderSystem::SetupFlashlightsAndDecals sorted model list count incorrect! A model was probably unable to load!CModelRenderSystem::SetupFlashlightsAndDecals sorted model list count incorrect! A model was probably unable to load!CModelRenderSystem::SetupFlashlightsAndDecals sorted model list count incorrect! A model was probably unable to load!CModelRenderSystem::SetupFlashlightsAndDecals sorted model list count incorrect! A model was probably unable to load!CModelRenderSystem::SetupFlashlightsAndDecals sorted model list count incorrect! A model was probably unable to load!CModelRenderSystem::SetupFlashlightsAndDecals sorted model list count incorrect! A model was probably unable to load!CModelRenderSystem::SetupFlashlightsAndDecals sorted model list count incorrect! A model was probably unable to load!CModelRenderSystem::SetupFlashlightsAndDecals sorted model list count incorrect! A model was probably unable to load!CModelRenderSystem::SetupFlashlightsAndDecals sorted model list count incorrect! A model was probably unable to load!CModelRenderSystem::SetupFlashlightsAndDecals sorted model list count incorrect! A model was probably unable to load!CModelRenderSystem::SetupFlashlightsAndDecals sorted model list count incorrect! A model was probably unable to load!CModelRenderSystem::SetupFlashlightsAndDecals sorted model list count incorrect! A model was probably unable to load!CModelRenderSystem::SetupFlashlightsAndDecals sorted model list count incorrect! A model was probably unable to load!CModelRenderSystem::SetupFlashlightsAndDecals sorted model list count incorrect! A model was probably unable to load!CModelRenderSystem::SetupFlashlightsAndDecals sorted model list count incorrect! A model was probably unable to load!CModelRenderSystem::SetupFlashlightsAndDecals sorted model list count incorrect! A model was probably unable to load!CModelRenderSystem::SetupFlashlightsAndDecals sorted model list count incorrect! A model was probably unable to load!CModelRenderSystem::SetupFlashlightsAndDecals sorted model list count incorrect! A model was probably unable to load!CModelRenderSystem::SetupFlashlightsAndDecals sorted model list count incorrect! A model was probably unable to load!CModelRenderSystem::SetupFlashlightsAndDecals sorted model list count incorrect! A model was probably unable to load!CModelRenderSystem::SetupFlashlightsAndDecals sorted model list count incorrect! A model was probably unable to load!CModelRenderSystem::SetupFlashlightsAndDecals sorted model list count incorrect! A model was probably unable to load!CModelRenderSystem::SetupFlashlightsAndDecals sorted model list count incorrect! A model was probably unable to load!CModelRenderSystem::SetupFlashlightsAndDecals sorted model list count incorrect! A model was probably unable to load!CModelRenderSystem::SetupFlashlightsAndDecals sorted model list count incorrect! A model was probably unable to load!CModelRenderSystem::SetupFlashlightsAndDecals sorted model list count incorrect! A model was probably unable to load!CModelRenderSystem::SetupFlashlightsAndDecals sorted model list count incorrect! A model was probably unable to load!CModelRenderSystem::SetupFlashlightsAndDecals sorted model list count incorrect! A model was probably unable to load!CModelRenderSystem::SetupFlashlightsAndDecals sorted model list count incorrect! A model was probably unable to load!CModelRenderSystem::SetupFlashlightsAndDecals sorted model list count incorrect! A model was probably unable to load!CModelRenderSystem::SetupFlashlightsAndDecals sorted model list count incorrect! A model was probably unable to load!CModelRenderSystem::SetupFlashlightsAndDecals sorted model list count incorrect! A model was probably unable to load!CModelRenderSystem::SetupFlashlightsAndDecals sorted model list count incorrect! A model was probably unable to load!CModelRenderSystem::SetupFlashlightsAndDecals sorted model list count incorrect! A model was probably unable to load!CModelRenderSystem::SetupFlashlightsAndDecals sorted model list count incorrect! A model was probably unable to load!CModelRenderSystem::SetupFlashlightsAndDecals sorted model list count incorrect! A model was probably unable to load!CModelRenderSystem::SetupFlashlightsAndDecals sorted model list count incorrect! A model was probably unable to load!CModelRenderSystem::SetupFlashlightsAndDecals sorted model list count incorrect! A model was probably unable to load!CModelRenderSystem::SetupFlashlightsAndDecals sorted model list count incorrect! A model was probably unable to load!CModelRenderSystem::SetupFlashlightsAndDecals sorted model list count incorrect! A model was probably unable to load!CModelRenderSystem::SetupFlashlightsAndDecals sorted model list count incorrect! A model was probably unable to load!CModelRenderSystem::SetupFlashlightsAndDecals sorted model list count incorrect! A model was probably unable to load!CModelRenderSystem::SetupFlashlightsAndDecals sorted model list count incorrect! A model was probably unable to load!CModelRenderSystem::SetupFlashlightsAndDecals sorted model list count incorrect! A model was probably unable to load!CModelRenderSystem::SetupFlashlightsAndDecals sorted model list count incorrect! A model was probably unable to load!CModelRenderSystem::SetupFlashlightsAndDecals sorted model list count incorrect! A model was probably unable to load!CModelRenderSystem::SetupFlashlightsAndDecals sorted model list count incorrect! A model was probably unable to load!CModelRenderSystem::SetupFlashlightsAndDecals sorted model list count incorrect! A model was probably unable to load!CModelRenderSystem::SetupFlashlightsAndDecals sorted model list count incorrect! A model was probably unable to load!CModelRenderSystem::SetupFlashlightsAndDecals sorted model list count incorrect! A model was probably unable to load!CModelRenderSystem::SetupFlashlightsAndDecals sorted model list count incorrect! A model was probably unable to load!CModelRenderSystem::SetupFlashlightsAndDecals sorted model list count incorrect! A model was probably unable to load!CModelRenderSystem::SetupFlashlightsAndDecals sorted model list count incorrect! A model was probably unable to load!CModelRenderSystem::SetupFlashlightsAndDecals sorted model list count incorrect! A model was probably unable to load!CModelRenderSystem::SetupFlashlightsAndDecals sorted model list count incorrect! A model was probably unable to load!CModelRenderSystem::SetupFlashlightsAndDecals sorted model list count incorrect! A model was probably unable to load!CModelRenderSystem::SetupFlashlightsAndDecals sorted model list count incorrect! A model was probably unable to load!CModelRenderSystem::SetupFlashlightsAndDecals sorted model list count incorrect! A model was probably unable to load!CModelRenderSystem::SetupFlashlightsAndDecals sorted model list count incorrect! A model was probably unable to load!CModelRenderSystem::SetupFlashlightsAndDecals sorted model list count incorrect! A model was probably unable to load!CModelRenderSystem::SetupFlashlightsAndDecals sorted model list count incorrect! A model was probably unable to load!CModelRenderSystem::SetupFlashlightsAndDecals sorted model list count incorrect! A model was probably unable to load!CModelRenderSystem::SetupFlashlightsAndDecals sorted model list count incorrect! A model was probably unable to load!CModelRenderSystem::SetupFlashlightsAndDecals sorted model list count incorrect! A model was probably unable to load!CModelRenderSystem::SetupFlashlightsAndDecals sorted model list count incorrect! A model was probably unable to load!CModelRenderSystem::SetupFlashlightsAndDecals sorted model list count incorrect! A model was probably unable to load!CModelRenderSystem::SetupFlashlightsAndDecals sorted model list count incorrect! A model was probably unable to load!CModelRenderSystem::SetupFlashlightsAndDecals sorted model list count incorrect! A model was probably unable to load!CModelRenderSystem::SetupFlashlightsAndDecals sorted model list count incorrect! A model was probably unable to load!CModelRenderSystem::SetupFlashlightsAndDecals sorted model list count incorrect! A model was probably unable to load!CModelRenderSystem::SetupFlashlightsAndDecals sorted model list count incorrect! A model was probably unable to load!CModelRenderSystem::SetupFlashlightsAndDecals sorted model list count incorrect! A model was probably unable to load!CModelRenderSystem::SetupFlashlightsAndDecals sorted model list count incorrect! A model was probably unable to load!CModelRenderSystem::SetupFlashlightsAndDecals sorted model list count incorrect! A model was probably unable to load!CModelRenderSystem::SetupFlashlightsAndDecals sorted model list count incorrect! A model was probably unable to load!CModelRenderSystem::SetupFlashlightsAndDecals sorted model list count incorrect! A model was probably unable to load!CModelRenderSystem::SetupFlashlightsAndDecals sorted model list count incorrect! A model was probably unable to load!CModelRenderSystem::SetupFlashlightsAndDecals sorted model list count incorrect! A model was probably unable to load!CModelRenderSystem::SetupFlashlightsAndDecals sorted model list count incorrect! A model was probably unable to load!CModelRenderSystem::SetupFlashlightsAndDecals sorted model list count incorrect! A model was probably unable to load!CModelRenderSystem::SetupFlashlightsAndDecals sorted model list count incorrect! A model was probably unable to load!CModelRenderSystem::SetupFlashlightsAndDecals sorted model list count incorrect! A model was probably unable to load!CModelRenderSystem::SetupFlashlightsAndDecals sorted model list count incorrect! A model was probably unable to load!CModelRenderSystem::SetupFlashlightsAndDecals sorted model list count incorrect! A model was probably unable to load!CModelRenderSystem::SetupFlashlightsAndDecals sorted model list count incorrect! A model was probably unable to load!CModelRenderSystem::SetupFlashlightsAndDecals sorted model list count incorrect! A model was probably unable to load!CModelRenderSystem::SetupFlashlightsAndDecals sorted model list count incorrect! A model was probably unable to load!CModelRenderSystem::SetupFlashlightsAndDecals sorted model list count incorrect! A model was probably unable to load!CModelRenderSystem::SetupFlashlightsAndDecals sorted model list count incorrect! A model was probably unable to load!CModelRenderSystem::SetupFlashlightsAndDecals sorted model list count incorrect! A model was probably unable to load!CModelRenderSystem::SetupFlashlightsAndDecals sorted model list count incorrect! A model was probably unable to load!CModelRenderSystem::SetupFlashlightsAndDecals sorted model list count incorrect! A model was probably unable to load!CModelRenderSystem::SetupFlashlightsAndDecals sorted model list count incorrect! A model was probably unable to load!CModelRenderSystem::SetupFlashlightsAndDecals sorted model list count incorrect! A model was probably unable to load!CModelRenderSystem::SetupFlashlightsAndDecals sorted model list count incorrect! A model was probably unable to load!CModelRenderSystem::SetupFlashlightsAndDecals sorted model list count incorrect! A model was probably unable to load!CModelRenderSystem::SetupFlashlightsAndDecals sorted model list count incorrect! A model was probably unable to load!CModelRenderSystem::SetupFlashlightsAndDecals sorted model list count incorrect! A model was probably unable to load!CModelRenderSystem::SetupFlashlightsAndDecals sorted model list count incorrect! A model was probably unable to load!CModelRenderSystem::SetupFlashlightsAndDecals sorted model list count incorrect! A model was probably unable to load!CModelRenderSystem::SetupFlashlightsAndDecals sorted model list count incorrect! A model was probably unable to load!CModelRenderSystem::SetupFlashlightsAndDecals sorted model list count incorrect! A model was probably unable to load!CModelRenderSystem::SetupFlashlightsAndDecals sorted model list count incorrect! A model was probably unable to load!CModelRenderSystem::SetupFlashlightsAndDecals sorted model list count incorrect! A model was probably unable to load!CModelRenderSystem::SetupFlashlightsAndDecals sorted model list count incorrect! A model was probably unable to load!CModelRenderSystem::SetupFlashlightsAndDecals sorted model list count incorrect! A model was probably unable to load!CModelRenderSystem::SetupFlashlightsAndDecals sorted model list count incorrect! A model was probably unable to load!CModelRenderSystem::SetupFlashlightsAndDecals sorted model list count incorrect! A model was probably unable to load!CModelRenderSystem::SetupFlashlightsAndDecals sorted model list count incorrect! A model was probably unable to load!CModelRenderSystem::SetupFlashlightsAndDecals sorted model list count incorrect! A model was probably unable to load!CModelRenderSystem::SetupFlashlightsAndDecals sorted model list count incorrect! A model was probably unable to load!CModelRenderSystem::SetupFlashlightsAndDecals sorted model list count incorrect! A model was probably unable to load!CModelRenderSystem::SetupFlashlightsAndDecals sorted model list count incorrect! A model was probably unable to load!CModelRenderSystem::SetupFlashlightsAndDecals sorted model list count incorrect! A model was probably unable to load!CModelRenderSystem::SetupFlashlightsAndDecals sorted model list count incorrect! A model was probably unable to load!CModelRenderSystem::SetupFlashlightsAndDecals sorted model list count incorrect! A model was probably unable to load!CModelRenderSystem::SetupFlashlightsAndDecals sorted model list count incorrect! A model was probably unable to load!CModelRenderSystem::SetupFlashlightsAndDecals sorted model list count incorrect! A model was probably unable to load!CModelRenderSystem::SetupFlashlightsAndDecals sorted model list count incorrect! A model was probably unable to load!CModelRenderSystem::SetupFlashlightsAndDecals sorted model list count incorrect! A model was probably unable to load!CModelRenderSystem::SetupFlashlightsAndDecals sorted model list count incorrect! A model was probably unable to load!CModelRenderSystem::SetupFlashlightsAndDecals sorted model list count incorrect! A model was probably unable to load!CModelRenderSystem::SetupFlashlightsAndDecals sorted model list count incorrect! A model was probably unable to load!CModelRenderSystem::SetupFlashlightsAndDecals sorted model list count incorrect! A model was probably unable to load!CModelRenderSystem::SetupFlashlightsAndDecals sorted model list count incorrect! A model was probably unable to load!CModelRenderSystem::SetupFlashlightsAndDecals sorted model list count incorrect! A model was probably unable to load!CModelRenderSystem::SetupFlashlightsAndDecals sorted model list count incorrect! A model was probably unable to load!CModelRenderSystem::SetupFlashlightsAndDecals sorted model list count incorrect! A model was probably unable to load!CModelRenderSystem::SetupFlashlightsAndDecals sorted model list count incorrect! A model was probably unable to load!CModelRenderSystem::SetupFlashlightsAndDecals sorted model list count incorrect! A model was probably unable to load!CModelRenderSystem::SetupFlashlightsAndDecals sorted model list count incorrect! A model was probably unable to load!CModelRenderSystem::SetupFlashlightsAndDecals sorted model list count incorrect! A model was probably unable to load!CModelRenderSystem::SetupFlashlightsAndDecals sorted model list count incorrect! A model was probably unable to load!CModelRenderSystem::SetupFlashlightsAndDecals sorted model list count incorrect! A model was probably unable to load!CModelRenderSystem::SetupFlashlightsAndDecals sorted model list count incorrect! A model was probably unable to load!CModelRenderSystem::SetupFlashlightsAndDecals sorted model list count incorrect! A model was probably unable to load!CModelRenderSystem::SetupFlashlightsAndDecals sorted model list count incorrect! A model was probably unable to load!CModelRenderSystem::SetupFlashlightsAndDecals sorted model list count incorrect! A model was probably unable to load!CModelRenderSystem::SetupFlashlightsAndDecals sorted model list count incorrect! A model was probably unable to load!CModelRenderSystem::SetupFlashlightsAndDecals sorted model list count incorrect! A model was probably unable to load!CModelRenderSystem::SetupFlashlightsAndDecals sorted model list count incorrect! A model was probably unable to load!CModelRenderSystem::SetupFlashlightsAndDecals sorted model list count incorrect! A model was probably unable to load!CModelRenderSystem::SetupFlashlightsAndDecals sorted model list count incorrect! A model was probably unable to load!CModelRenderSystem::SetupFlashlightsAndDecals sorted model list count incorrect! A model was probably unable to load!CModelRenderSystem::SetupFlashlightsAndDecals sorted model list count incorrect! A model was probably unable to load!CModelRenderSystem::SetupFlashlightsAndDecals sorted model list count incorrect! A model was probably unable to load!CModelRenderSystem::SetupFlashlightsAndDecals sorted model list count incorrect! A model was probably unable to load!CModelRenderSystem::SetupFlashlightsAndDecals sorted model list count incorrect! A model was probably unable to load!CModelRenderSystem::SetupFlashlightsAndDecals sorted model list count incorrect! A model was probably unable to load!CModelRenderSystem::SetupFlashlightsAndDecals sorted model list count incorrect! A model was probably unable to load!CModelRenderSystem::SetupFlashlightsAndDecals sorted model list count incorrect! A model was probably unable to load!CModelRenderSystem::SetupFlashlightsAndDecals sorted model list count incorrect! A model was probably unable to load!CModelRenderSystem::SetupFlashlightsAndDecals sorted model list count incorrect! A model was probably unable to load!CModelRenderSystem::SetupFlashlightsAndDecals sorted model list count incorrect! A model was probably unable to load!CModelRenderSystem::SetupFlashlightsAndDecals sorted model list count incorrect! A model was probably unable to load!CModelRenderSystem::SetupFlashlightsAndDecals sorted model list count incorrect! A model was probably unable to load!CModelRenderSystem::SetupFlashlightsAndDecals sorted model list count incorrect! A model was probably unable to load!CModelRenderSystem::SetupFlashlightsAndDecals sorted model list count incorrect! A model was probably unable to load!CModelRenderSystem::SetupFlashlightsAndDecals sorted model list count incorrect! A model was probably unable to load!CModelRenderSystem::SetupFlashlightsAndDecals sorted model list count incorrect! A model was probably unable to load!CModelRenderSystem::SetupFlashlightsAndDecals sorted model list count incorrect! A model was probably unable to load!CModelRenderSystem::SetupFlashlightsAndDecals sorted model list count incorrect! A model was probably unable to load!CModelRenderSystem::SetupFlashlightsAndDecals sorted model list count incorrect! A model was probably unable to load!CModelRenderSystem::SetupFlashlightsAndDecals sorted model list count incorrect! A model was probably unable to load!CModelRenderSystem::SetupFlashlightsAndDecals sorted model list count incorrect! A model was probably unable to load!CModelRenderSystem::SetupFlashlightsAndDecals sorted model list count incorrect! A model was probably unable to load!CModelRenderSystem::SetupFlashlightsAndDecals sorted model list count incorrect! A model was probably unable to load!CModelRenderSystem::SetupFlashlightsAndDecals sorted model list count incorrect! A model was probably unable to load!CModelRenderSystem::SetupFlashlightsAndDecals sorted model list count incorrect! A model was probably unable to load!CModelRenderSystem::SetupFlashlightsAndDecals sorted model list count incorrect! A model was probably unable to load!CModelRenderSystem::SetupFlashlightsAndDecals sorted model list count incorrect! A model was probably unable to load!CModelRenderSystem::SetupFlashlightsAndDecals sorted model list count incorrect! A model was probably unable to load!CModelRenderSystem::SetupFlashlightsAndDecals sorted model list count incorrect! A model was probably unable to load!CModelRenderSystem::SetupFlashlightsAndDecals sorted model list count incorrect! A model was probably unable to load!CModelRenderSystem::SetupFlashlightsAndDecals sorted model list count incorrect! A model was probably unable to load!CModelRenderSystem::SetupFlashlightsAndDecals sorted model list count incorrect! A model was probably unable to load!CModelRenderSystem::SetupFlashlightsAndDecals sorted model list count incorrect! A model was probably unable to load!CModelRenderSystem::SetupFlashlightsAndDecals sorted model list count incorrect! A model was probably unable to load!CModelRenderSystem::SetupFlashlightsAndDecals sorted model list count incorrect! A model was probably unable to load!CModelRenderSystem::SetupFlashlightsAndDecals sorted model list count incorrect! A model was probably unable to load!CModelRenderSystem::SetupFlashlightsAndDecals sorted model list count incorrect! A model was probably unable to load!CModelRenderSystem::SetupFlashlightsAndDecals sorted model list count incorrect! A model was probably unable to load!CModelRenderSystem::SetupFlashlightsAndDecals sorted model list count incorrect! A model was probably unable to load!CModelRenderSystem::SetupFlashlightsAndDecals sorted model list count incorrect! A model was probably unable to load!CModelRenderSystem::SetupFlashlightsAndDecals sorted model list count incorrect! A model was probably unable to load!CModelRenderSystem::SetupFlashlightsAndDecals sorted model list count incorrect! A model was probably unable to load!CModelRenderSystem::SetupFlashlightsAndDecals sorted model list count incorrect! A model was probably unable to load!CModelRenderSystem::SetupFlashlightsAndDecals sorted model list count incorrect! A model was probably unable to load!CModelRenderSystem::SetupFlashlightsAndDecals sorted model list count incorrect! A model was probably unable to load!CModelRenderSystem::SetupFlashlightsAndDecals sorted model list count incorrect! A model was probably unable to load!CModelRenderSystem::SetupFlashlightsAndDecals sorted model list count incorrect! A model was probably unable to load!CModelRenderSystem::SetupFlashlightsAndDecals sorted model list count incorrect! A model was probably unable to load!CModelRenderSystem::SetupFlashlightsAndDecals sorted model list count incorrect! A model was probably unable to load!CModelRenderSystem::SetupFlashlightsAndDecals sorted model list count incorrect! A model was probably unable to load!CModelRenderSystem::SetupFlashlightsAndDecals sorted model list count incorrect! A model was probably unable to load!CModelRenderSystem::SetupFlashlightsAndDecals sorted model list count incorrect! A model was probably unable to load!CModelRenderSystem::SetupFlashlightsAndDecals sorted model list count incorrect! A model was probably unable to load!CModelRenderSystem::SetupFlashlightsAndDecals sorted model list count incorrect! A model was probably unable to load!CModelRenderSystem::SetupFlashlightsAndDecals sorted model list count incorrect! A model was probably unable to load!CModelRenderSystem::SetupFlashlightsAndDecals sorted model list count incorrect! A model was probably unable to load!CModelRenderSystem::SetupFlashlightsAndDecals sorted model list count incorrect! A model was probably unable to load!CModelRenderSystem::SetupFlashlightsAndDecals sorted model list count incorrect! A model was probably unable to load!CModelRenderSystem::SetupFlashlightsAndDecals sorted model list count incorrect! A model was probably unable to load!CModelRenderSystem::SetupFlashlightsAndDecals sorted model list count incorrect! A model was probably unable to load!CModelRenderSystem::SetupFlashlightsAndDecals sorted model list count incorrect! A model was probably unable to load!CModelRenderSystem::SetupFlashlightsAndDecals sorted model list count incorrect! A model was probably unable to load!CModelRenderSystem::SetupFlashlightsAndDecals sorted model list count incorrect! A model was probably unable to load!CModelRenderSystem::SetupFlashlightsAndDecals sorted model list count incorrect! A model was probably unable to load!CModelRenderSystem::SetupFlashlightsAndDecals sorted model list count incorrect! A model was probably unable to load!CModelRenderSystem::SetupFlashlightsAndDecals sorted model list count incorrect! A model was probably unable to load!CModelRenderSystem::SetupFlashlightsAndDecals sorted model list count incorrect! A model was probably unable to load!CModelRenderSystem::SetupFlashlightsAndDecals sorted model list count incorrect! A model was probably unable to load!CModelRenderSystem::SetupFlashlightsAndDecals sorted model list count incorrect! A model was probably unable to load!CModelRenderSystem::SetupFlashlightsAndDecals sorted model list count incorrect! A model was probably unable to load!CModelRenderSystem::SetupFlashlightsAndDecals sorted model list count incorrect! A model was probably unable to load!CModelRenderSystem::SetupFlashlightsAndDecals sorted model list count incorrect! A model was probably unable to load!CModelRenderSystem::SetupFlashlightsAndDecals sorted model list count incorrect! A model was probably unable to load!CModelRenderSystem::SetupFlashlightsAndDecals sorted model list count incorrect! A model was probably unable to load!CModelRenderSystem::SetupFlashlightsAndDecals sorted model list count incorrect! A model was probably unable to load!CModelRenderSystem::SetupFlashlightsAndDecals sorted model list count incorrect! A model was probably unable to load!CModelRenderSystem::SetupFlashlightsAndDecals sorted model list count incorrect! A model was probably unable to load!CModelRenderSystem::SetupFlashlightsAndDecals sorted model list count incorrect! A model was probably unable to load!CModelRenderSystem::SetupFlashlightsAndDecals sorted model list count incorrect! A model was probably unable to load!CModelRenderSystem::SetupFlashlightsAndDecals sorted model list count incorrect! A model was probably unable to load!CModelRenderSystem::SetupFlashlightsAndDecals sorted model list count incorrect! A model was probably unable to load!CModelRenderSystem::SetupFlashlightsAndDecals sorted model list count incorrect! A model was probably unable to load!CModelRenderSystem::SetupFlashlightsAndDecals sorted model list count incorrect! A model was probably unable to load!CModelRenderSystem::SetupFlashlightsAndDecals sorted model list count incorrect! A model was probably unable to load!CModelRenderSystem::SetupFlashlightsAndDecals sorted model list count incorrect! A model was probably unable to load!CModelRenderSystem::SetupFlashlightsAndDecals sorted model list count incorrect! A model was probably unable to load!CModelRenderSystem::SetupFlashlightsAndDecals sorted model list count incorrect! A model was probably unable to load!CModelRenderSystem::SetupFlashlightsAndDecals sorted model list count incorrect! A model was probably unable to load!CModelRenderSystem::SetupFlashlightsAndDecals sorted model list count incorrect! A model was probably unable to load!CModelRenderSystem::SetupFlashlightsAndDecals sorted model list count incorrect! A model was probably unable to load!CModelRenderSystem::SetupFlashlightsAndDecals sorted model list count incorrect! A model was probably unable to load!CModelRenderSystem::SetupFlashlightsAndDecals sorted model list count incorrect! A model was probably unable to load!CModelRenderSystem::SetupFlashlightsAndDecals sorted model list count incorrect! A model was probably unable to load!CModelRenderSystem::SetupFlashlightsAndDecals sorted model list count incorrect! A model was probably unable to load!CModelRenderSystem::SetupFlashlightsAndDecals sorted model list count incorrect! A model was probably unable to load!CModelRenderSystem::SetupFlashlightsAndDecals sorted model list count incorrect! A model was probably unable to load!CModelRenderSystem::SetupFlashlightsAndDecals sorted model list count incorrect! A model was probably unable to load!CModelRenderSystem::SetupFlashlightsAndDecals sorted model list count incorrect! A model was probably unable to load!CModelRenderSystem::SetupFlashlightsAndDecals sorted model list count incorrect! A model was probably unable to load!CModelRenderSystem::SetupFlashlightsAndDecals sorted model list count incorrect! A model was probably unable to load!CModelRenderSystem::SetupFlashlightsAndDecals sorted model list count incorrect! A model was probably unable to load!CModelRenderSystem::SetupFlashlightsAndDecals sorted model list count incorrect! A model was probably unable to load!CModelRenderSystem::SetupFlashlightsAndDecals sorted model list count incorrect! A model was probably unable to load!CModelRenderSystem::SetupFlashlightsAndDecals sorted model list count incorrect! A model was probably unable to load!CModelRenderSystem::SetupFlashlightsAndDecals sorted model list count incorrect! A model was probably unable to load!CModelRenderSystem::SetupFlashlightsAndDecals sorted model list count incorrect! A model was probably unable to load!CModelRenderSystem::SetupFlashlightsAndDecals sorted model list count incorrect! A model was probably unable to load!CModelRenderSystem::SetupFlashlightsAndDecals sorted model list count incorrect! A model was probably unable to load!CModelRenderSystem::SetupFlashlightsAndDecals sorted model list count incorrect! A model was probably unable to load!CModelRenderSystem::SetupFlashlightsAndDecals sorted model list count incorrect! A model was probably unable to load!CModelRenderSystem::SetupFlashlightsAndDecals sorted model list count incorrect! A model was probably unable to load!CModelRenderSystem::SetupFlashlightsAndDecals sorted model list count incorrect! A model was probably unable to load!CModelRenderSystem::SetupFlashlightsAndDecals sorted model list count incorrect! A model was probably unable to load!CModelRenderSystem::SetupFlashlightsAndDecals sorted model list count incorrect! A model was probably unable to load!CModelRenderSystem::SetupFlashlightsAndDecals sorted model list count incorrect! A model was probably unable to load!CModelRenderSystem::SetupFlashlightsAndDecals sorted model list count incorrect! A model was probably unable to load!CModelRenderSystem::SetupFlashlightsAndDecals sorted model list count incorrect! A model was probably unable to load!CModelRenderSystem::SetupFlashlightsAndDecals sorted model list count incorrect! A model was probably unable to load!CModelRenderSystem::SetupFlashlightsAndDecals sorted model list count incorrect! A model was probably unable to load!CModelRenderSystem::SetupFlashlightsAndDecals sorted model list count incorrect! A model was probably unable to load!CModelRenderSystem::SetupFlashlightsAndDecals sorted model list count incorrect! A model was probably unable to load!CModelRenderSystem::SetupFlashlightsAndDecals sorted model list count incorrect! A model was probably unable to load!CModelRenderSystem::SetupFlashlightsAndDecals sorted model list count incorrect! A model was probably unable to load!CModelRenderSystem::SetupFlashlightsAndDecals sorted model list count incorrect! A model was probably unable to load!CModelRenderSystem::SetupFlashlightsAndDecals sorted model list count incorrect! A model was probably unable to load!CModelRenderSystem::SetupFlashlightsAndDecals sorted model list count incorrect! A model was probably unable to load!CModelRenderSystem::SetupFlashlightsAndDecals sorted model list count incorrect! A model was probably unable to load!CModelRenderSystem::SetupFlashlightsAndDecals sorted model list count incorrect! A model was probably unable to load!CModelRenderSystem::SetupFlashlightsAndDecals sorted model list count incorrect! A model was probably unable to load!CModelRenderSystem::SetupFlashlightsAndDecals sorted model list count incorrect! A model was probably unable to load!CModelRenderSystem::SetupFlashlightsAndDecals sorted model list count incorrect! A model was probably unable to load!CModelRenderSystem::SetupFlashlightsAndDecals sorted model list count incorrect! A model was probably unable to load!CModelRenderSystem::SetupFlashlightsAndDecals sorted model list count incorrect! A model was probably unable to load!CModelRenderSystem::SetupFlashlightsAndDecals sorted model list count incorrect! A model was probably unable to load!CModelRenderSystem::SetupFlashlightsAndDecals sorted model list count incorrect! A model was probably unable to load!CModelRenderSystem::SetupFlashlightsAndDecals sorted model list count incorrect! A model was probably unable to load!CModelRenderSystem::SetupFlashlightsAndDecals sorted model list count incorrect! A model was probably unable to load!CModelRenderSystem::SetupFlashlightsAndDecals sorted model list count incorrect! A model was probably unable to load!CModelRenderSystem::SetupFlashlightsAndDecals sorted model list count incorrect! A model was probably unable to load!CModelRenderSystem::SetupFlashlightsAndDecals sorted model list count incorrect! A model was probably unable to load!CModelRenderSystem::SetupFlashlightsAndDecals sorted model list count incorrect! A model was probably unable to load!CModelRenderSystem::SetupFlashlightsAndDecals sorted model list count incorrect! A model was probably unable to load!CModelRenderSystem::SetupFlashlightsAndDecals sorted model list count incorrect! A model was probably unable to load!CModelRenderSystem::SetupFlashlightsAndDecals sorted model list count incorrect! A model was probably unable to load!CModelRenderSystem::SetupFlashlightsAndDecals sorted model list count incorrect! A model was probably unable to load!CModelRenderSystem::SetupFlashlightsAndDecals sorted model list count incorrect! A model was probably unable to load!CModelRenderSystem::SetupFlashlightsAndDecals sorted model list count incorrect! A model was probably unable to load!CModelRenderSystem::SetupFlashlightsAndDecals sorted model list count incorrect! A model was probably unable to load!CModelRenderSystem::SetupFlashlightsAndDecals sorted model list count incorrect! A model was probably unable to load!CModelRenderSystem::SetupFlashlightsAndDecals sorted model list count incorrect! A model was probably unable to load!CModelRenderSystem::SetupFlashlightsAndDecals sorted model list count incorrect! A model was probably unable to load!CModelRenderSystem::SetupFlashlightsAndDecals sorted model list count incorrect! A model was probably unable to load!CModelRenderSystem::SetupFlashlightsAndDecals sorted model list count incorrect! A model was probably unable to load!CModelRenderSystem::SetupFlashlightsAndDecals sorted model list count incorrect! A model was probably unable to load!CModelRenderSystem::SetupFlashlightsAndDecals sorted model list count incorrect! A model was probably unable to load!CModelRenderSystem::SetupFlashlightsAndDecals sorted model list count incorrect! A model was probably unable to load!CModelRenderSystem::SetupFlashlightsAndDecals sorted model list count incorrect! A model was probably unable to load!CModelRenderSystem::SetupFlashlightsAndDecals sorted model list count incorrect! A model was probably unable to load!CModelRenderSystem::SetupFlashlightsAndDecals sorted model list count incorrect! A model was probably unable to load!CModelRenderSystem::SetupFlashlightsAndDecals sorted model list count incorrect! A model was probably unable to load!CModelRenderSystem::SetupFlashlightsAndDecals sorted model list count incorrect! A model was probably unable to load!CModelRenderSystem::SetupFlashlightsAndDecals sorted model list count incorrect! A model was probably unable to load!CModelRenderSystem::SetupFlashlightsAndDecals sorted model list count incorrect! A model was probably unable to load!CModelRenderSystem::SetupFlashlightsAndDecals sorted model list count incorrect! A model was probably unable to load!CModelRenderSystem::SetupFlashlightsAndDecals sorted model list count incorrect! A model was probably unable to load!CModelRenderSystem::SetupFlashlightsAndDecals sorted model list count incorrect! A model was probably unable to load!CModelRenderSystem::SetupFlashlightsAndDecals sorted model list count incorrect! A model was probably unable to load!CModelRenderSystem::SetupFlashlightsAndDecals sorted model list count incorrect! A model was probably unable to load!CModelRenderSystem::SetupFlashlightsAndDecals sorted model list count incorrect! A model was probably unable to load!CModelRenderSystem::SetupFlashlightsAndDecals sorted model list count incorrect! A model was probably unable to load!CModelRenderSystem::SetupFlashlightsAndDecals sorted model list count incorrect! A model was probably unable to load!CModelRenderSystem::SetupFlashlightsAndDecals sorted model list count incorrect! A model was probably unable to load!CModelRenderSystem::SetupFlashlightsAndDecals sorted model list count incorrect! A model was probably unable to load!CModelRenderSystem::SetupFlashlightsAndDecals sorted model list count incorrect! A model was probably unable to load!CModelRenderSystem::SetupFlashlightsAndDecals sorted model list count incorrect! A model was probably unable to load!CModelRenderSystem::SetupFlashlightsAndDecals sorted model list count incorrect! A model was probably unable to load!CModelRenderSystem::SetupFlashlightsAndDecals sorted model list count incorrect! A model was probably unable to load!CModelRenderSystem::SetupFlashlightsAndDecals sorted model list count incorrect! A model was probably unable to load!CModelRenderSystem::SetupFlashlightsAndDecals sorted model list count incorrect! A model was probably unable to load!CModelRenderSystem::SetupFlashlightsAndDecals sorted model list count incorrect! A model was probably unable to load!CModelRenderSystem::SetupFlashlightsAndDecals sorted model list count incorrect! A model was probably unable to load!CModelRenderSystem::SetupFlashlightsAndDecals sorted model list count incorrect! A model was probably unable to load!CModelRenderSystem::SetupFlashlightsAndDecals sorted model list count incorrect! A model was probably unable to load!CModelRenderSystem::SetupFlashlightsAndDecals sorted model list count incorrect! A model was probably unable to load!CModelRenderSystem::SetupFlashlightsAndDecals sorted model list count incorrect! A model was probably unable to load!CModelRenderSystem::SetupFlashlightsAndDecals sorted model list count incorrect! A model was probably unable to load!CModelRenderSystem::SetupFlashlightsAndDecals sorted model list count incorrect! A model was probably unable to load!CModelRenderSystem::SetupFlashlightsAndDecals sorted model list count incorrect! A model was probably unable to load!CModelRenderSystem::SetupFlashlightsAndDecals sorted model list count incorrect! A model was probably unable to load!CModelRenderSystem::SetupFlashlightsAndDecals sorted model list count incorrect! A model was probably unable to load!CModelRenderSystem::SetupFlashlightsAndDecals sorted model list count incorrect! A model was probably unable to load!CModelRenderSystem::SetupFlashlightsAndDecals sorted model list count incorrect! A model was probably unable to load!CModelRenderSystem::SetupFlashlightsAndDecals sorted model list count incorrect! A model was probably unable to load!CModelRenderSystem::SetupFlashlightsAndDecals sorted model list count incorrect! A model was probably unable to load!CModelRenderSystem::SetupFlashlightsAndDecals sorted model list count incorrect! A model was probably unable to load!CModelRenderSystem::SetupFlashlightsAndDecals sorted model list count incorrect! A model was probably unable to load!CModelRenderSystem::SetupFlashlightsAndDecals sorted model list count incorrect! A model was probably unable to load!CModelRenderSystem::SetupFlashlightsAndDecals sorted model list count incorrect! A model was probably unable to load!CModelRenderSystem::SetupFlashlightsAndDecals sorted model list count incorrect! A model was probably unable to load!CModelRenderSystem::SetupFlashlightsAndDecals sorted model list count incorrect! A model was probably unable to load!CModelRenderSystem::SetupFlashlightsAndDecals sorted model list count incorrect! A model was probably unable to load!CModelRenderSystem::SetupFlashlightsAndDecals sorted model list count incorrect! A model was probably unable to load!CModelRenderSystem::SetupFlashlightsAndDecals sorted model list count incorrect! A model was probably unable to load!CModelRenderSystem::SetupFlashlightsAndDecals sorted model list count incorrect! A model was probably unable to load!CModelRenderSystem::SetupFlashlightsAndDecals sorted model list count incorrect! A model was probably unable to load!CModelRenderSystem::SetupFlashlightsAndDecals sorted model list count incorrect! A model was probably unable to load!CModelRenderSystem::SetupFlashlightsAndDecals sorted model list count incorrect! A model was probably unable to load!CModelRenderSystem::SetupFlashlightsAndDecals sorted model list count incorrect! A model was probably unable to load!CModelRenderSystem::SetupFlashlightsAndDecals sorted model list count incorrect! A model was probably unable to load!CModelRenderSystem::SetupFlashlightsAndDecals sorted model list count incorrect! A model was probably unable to load!CModelRenderSystem::SetupFlashlightsAndDecals sorted model list count incorrect! A model was probably unable to load!CModelRenderSystem::SetupFlashlightsAndDecals sorted model list count incorrect! A model was probably unable to load!CModelRenderSystem::SetupFlashlightsAndDecals sorted model list count incorrect! A model was probably unable to load!CModelRenderSystem::SetupFlashlightsAndDecals sorted model list count incorrect! A model was probably unable to load!CModelRenderSystem::SetupFlashlightsAndDecals sorted model list count incorrect! A model was probably unable to load!CModelRenderSystem::SetupFlashlightsAndDecals sorted model list count incorrect! A model was probably unable to load!CModelRenderSystem::SetupFlashlightsAndDecals sorted model list count incorrect! A model was probably unable to load!CModelRenderSystem::SetupFlashlightsAndDecals sorted model list count incorrect! A model was probably unable to load!CModelRenderSystem::SetupFlashlightsAndDecals sorted model list count incorrect! A model was probably unable to load!CModelRenderSystem::SetupFlashlightsAndDecals sorted model list count incorrect! A model was probably unable to load!CModelRenderSystem::SetupFlashlightsAndDecals sorted model list count incorrect! A model was probably unable to load!CModelRenderSystem::SetupFlashlightsAndDecals sorted model list count incorrect! A model was probably unable to load!CModelRenderSystem::SetupFlashlightsAndDecals sorted model list count incorrect! A model was probably unable to load!CModelRenderSystem::SetupFlashlightsAndDecals sorted model list count incorrect! A model was probably unable to load!CModelRenderSystem::SetupFlashlightsAndDecals sorted model list count incorrect! A model was probably unable to load!CModelRenderSystem::SetupFlashlightsAndDecals sorted model list count incorrect! A model was probably unable to load!CModelRenderSystem::SetupFlashlightsAndDecals sorted model list count incorrect! A model was probably unable to load!CModelRenderSystem::SetupFlashlightsAndDecals sorted model list count incorrect! A model was probably unable to load!CModelRenderSystem::SetupFlashlightsAndDecals sorted model list count incorrect! A model was probably unable to load!CModelRenderSystem::SetupFlashlightsAndDecals sorted model list count incorrect! A model was probably unable to load!CModelRenderSystem::SetupFlashlightsAndDecals sorted model list count incorrect! A model was probably unable to load!CModelRenderSystem::SetupFlashlightsAndDecals sorted model list count incorrect! A model was probably unable to load!CModelRenderSystem::SetupFlashlightsAndDecals sorted model list count incorrect! A model was probably unable to load!CModelRenderSystem::SetupFlashlightsAndDecals sorted model list count incorrect! A model was probably unable to load!CModelRenderSystem::SetupFlashlightsAndDecals sorted model list count incorrect! A model was probably unable to load!CModelRenderSystem::SetupFlashlightsAndDecals sorted model list count incorrect! A model was probably unable to load!CModelRenderSystem::SetupFlashlightsAndDecals sorted model list count incorrect! A model was probably unable to load!CModelRenderSystem::SetupFlashlightsAndDecals sorted model list count incorrect! A model was probably unable to load!CModelRenderSystem::SetupFlashlightsAndDecals sorted model list count incorrect! A model was probably unable to load!CModelRenderSystem::SetupFlashlightsAndDecals sorted model list count incorrect! A model was probably unable to load!CModelRenderSystem::SetupFlashlightsAndDecals sorted model list count incorrect! A model was probably unable to load!CModelRenderSystem::SetupFlashlightsAndDecals sorted model list count incorrect! A model was probably unable to load!CModelRenderSystem::SetupFlashlightsAndDecals sorted model list count incorrect! A model was probably unable to load!CModelRenderSystem::SetupFlashlightsAndDecals sorted model list count incorrect! A model was probably unable to load!CModelRenderSystem::SetupFlashlightsAndDecals sorted model list count incorrect! A model was probably unable to load!CModelRenderSystem::SetupFlashlightsAndDecals sorted model list count incorrect! A model was probably unable to load!CModelRenderSystem::SetupFlashlightsAndDecals sorted model list count incorrect! A model was probably unable to load!CModelRenderSystem::SetupFlashlightsAndDecals sorted model list count incorrect! A model was probably unable to load!CModelRenderSystem::SetupFlashlightsAndDecals sorted model list count incorrect! A model was probably unable to load!CModelRenderSystem::SetupFlashlightsAndDecals sorted model list count incorrect! A model was probably unable to load!CModelRenderSystem::SetupFlashlightsAndDecals sorted model list count incorrect! A model was probably unable to load!CModelRenderSystem::SetupFlashlightsAndDecals sorted model list count incorrect! A model was probably unable to load!CModelRenderSystem::SetupFlashlightsAndDecals sorted model list count incorrect! A model was probably unable to load!CModelRenderSystem::SetupFlashlightsAndDecals sorted model list count incorrect! A model was probably unable to load!CModelRenderSystem::SetupFlashlightsAndDecals sorted model list count incorrect! A model was probably unable to load!CModelRenderSystem::SetupFlashlightsAndDecals sorted model list count incorrect! A model was probably unable to load!CModelRenderSystem::SetupFlashlightsAndDecals sorted model list count incorrect! A model was probably unable to load!CModelRenderSystem::SetupFlashlightsAndDecals sorted model list count incorrect! A model was probably unable to load!CModelRenderSystem::SetupFlashlightsAndDecals sorted model list count incorrect! A model was probably unable to load!CModelRenderSystem::SetupFlashlightsAndDecals sorted model list count incorrect! A model was probably unable to load!CModelRenderSystem::SetupFlashlightsAndDecals sorted model list count incorrect! A model was probably unable to load!CModelRenderSystem::SetupFlashlightsAndDecals sorted model list count incorrect! A model was probably unable to load!CModelRenderSystem::SetupFlashlightsAndDecals sorted model list count incorrect! A model was probably unable to load!CModelRenderSystem::SetupFlashlightsAndDecals sorted model list count incorrect! A model was probably unable to load!CModelRenderSystem::SetupFlashlightsAndDecals sorted model list count incorrect! A model was probably unable to load!CModelRenderSystem::SetupFlashlightsAndDecals sorted model list count incorrect! A model was probably unable to load!CModelRenderSystem::SetupFlashlightsAndDecals sorted model list count incorrect! A model was probably unable to load!CModelRenderSystem::SetupFlashlightsAndDecals sorted model list count incorrect! A model was probably unable to load!CModelRenderSystem::SetupFlashlightsAndDecals sorted model list count incorrect! A model was probably unable to load!CModelRenderSystem::SetupFlashlightsAndDecals sorted model list count incorrect! A model was probably unable to load!CModelRenderSystem::SetupFlashlightsAndDecals sorted model list count incorrect! A model was probably unable to load!CModelRenderSystem::SetupFlashlightsAndDecals sorted model list count incorrect! A model was probably unable to load!CModelRenderSystem::SetupFlashlightsAndDecals sorted model list count incorrect! A model was probably unable to load!CModelRenderSystem::SetupFlashlightsAndDecals sorted model list count incorrect! A model was probably unable to load!CModelRenderSystem::SetupFlashlightsAndDecals sorted model list count incorrect! A model was probably unable to load!CModelRenderSystem::SetupFlashlightsAndDecals sorted model list count incorrect! A model was probably unable to load!CModelRenderSystem::SetupFlashlightsAndDecals sorted model list count incorrect! A model was probably unable to load!CModelRenderSystem::SetupFlashlightsAndDecals sorted model list count incorrect! A model was probably unable to load!CModelRenderSystem::SetupFlashlightsAndDecals sorted model list count incorrect! A model was probably unable to load!CModelRenderSystem::SetupFlashlightsAndDecals sorted model list count incorrect! A model was probably unable to load!CModelRenderSystem::SetupFlashlightsAndDecals sorted model list count incorrect! A model was probably unable to load!CModelRenderSystem::SetupFlashlightsAndDecals sorted model list count incorrect! A model was probably unable to load!CModelRenderSystem::SetupFlashlightsAndDecals sorted model list count incorrect! A model was probably unable to load!CModelRenderSystem::SetupFlashlightsAndDecals sorted model list count incorrect! A model was probably unable to load!CModelRenderSystem::SetupFlashlightsAndDecals sorted model list count incorrect! A model was probably unable to load!CModelRenderSystem::SetupFlashlightsAndDecals sorted model list count incorrect! A model was probably unable to load!CModelRenderSystem::SetupFlashlightsAndDecals sorted model list count incorrect! A model was probably unable to load!CModelRenderSystem::SetupFlashlightsAndDecals sorted model list count incorrect! A model was probably unable to load!CModelRenderSystem::SetupFlashlightsAndDecals sorted model list count incorrect! A model was probably unable to load!CModelRenderSystem::SetupFlashlightsAndDecals sorted model list count incorrect! A model was probably unable to load!CModelRenderSystem::SetupFlashlightsAndDecals sorted model list count incorrect! A model was probably unable to load!CModelRenderSystem::SetupFlashlightsAndDecals sorted model list count incorrect! A model was probably unable to load!CModelRenderSystem::SetupFlashlightsAndDecals sorted model list count incorrect! A model was probably unable to load!CModelRenderSystem::SetupFlashlightsAndDecals sorted model list count incorrect! A model was probably unable to load!CModelRenderSystem::SetupFlashlightsAndDecals sorted model list count incorrect! A model was probably unable to load!CModelRenderSystem::SetupFlashlightsAndDecals sorted model list count incorrect! A model was probably unable to load!CModelRenderSystem::SetupFlashlightsAndDecals sorted model list count incorrect! A model was probably unable to load!CModelRenderSystem::SetupFlashlightsAndDecals sorted model list count incorrect! A model was probably unable to load!CModelRenderSystem::SetupFlashlightsAndDecals sorted model list count incorrect! A model was probably unable to load!CModelRenderSystem::SetupFlashlightsAndDecals sorted model list count incorrect! A model was probably unable to load!CModelRenderSystem::SetupFlashlightsAndDecals sorted model list count incorrect! A model was probably unable to load!CModelRenderSystem::SetupFlashlightsAndDecals sorted model list count incorrect! A model was probably unable to load!CModelRenderSystem::SetupFlashlightsAndDecals sorted model list count incorrect! A model was probably unable to load!CModelRenderSystem::SetupFlashlightsAndDecals sorted model list count incorrect! A model was probably unable to load!CModelRenderSystem::SetupFlashlightsAndDecals sorted model list count incorrect! A model was probably unable to load!CModelRenderSystem::SetupFlashlightsAndDecals sorted model list count incorrect! A model was probably unable to load!CModelRenderSystem::SetupFlashlightsAndDecals sorted model list count incorrect! A model was probably unable to load!CModelRenderSystem::SetupFlashlightsAndDecals sorted model list count incorrect! A model was probably unable to load!CModelRenderSystem::SetupFlashlightsAndDecals sorted model list count incorrect! A model was probably unable to load!CModelRenderSystem::SetupFlashlightsAndDecals sorted model list count incorrect! A model was probably unable to load!CModelRenderSystem::SetupFlashlightsAndDecals sorted model list count incorrect! A model was probably unable to load!CModelRenderSystem::SetupFlashlightsAndDecals sorted model list count incorrect! A model was probably unable to load!CModelRenderSystem::SetupFlashlightsAndDecals sorted model list count incorrect! A model was probably unable to load!CModelRenderSystem::SetupFlashlightsAndDecals sorted model list count incorrect! A model was probably unable to load!CModelRenderSystem::SetupFlashlightsAndDecals sorted model list count incorrect! A model was probably unable to load!CModelRenderSystem::SetupFlashlightsAndDecals sorted model list count incorrect! A model was probably unable to load!CModelRenderSystem::SetupFlashlightsAndDecals sorted model list count incorrect! A model was probably unable to load!CModelRenderSystem::SetupFlashlightsAndDecals sorted model list count incorrect! A model was probably unable to load!CModelRenderSystem::SetupFlashlightsAndDecals sorted model list count incorrect! A model was probably unable to load!CModelRenderSystem::SetupFlashlightsAndDecals sorted model list count incorrect! A model was probably unable to load!CModelRenderSystem::SetupFlashlightsAndDecals sorted model list count incorrect! A model was probably unable to load!CModelRenderSystem::SetupFlashlightsAndDecals sorted model list count incorrect! A model was probably unable to load!CModelRenderSystem::SetupFlashlightsAndDecals sorted model list count incorrect! A model was probably unable to load!CModelRenderSystem::SetupFlashlightsAndDecals sorted model list count incorrect! A model was probably unable to load!CModelRenderSystem::SetupFlashlightsAndDecals sorted model list count incorrect! A model was probably unable to load!CModelRenderSystem::SetupFlashlightsAndDecals sorted model list count incorrect! A model was probably unable to load!CModelRenderSystem::SetupFlashlightsAndDecals sorted model list count incorrect! A model was probably unable to load!CModelRenderSystem::SetupFlashlightsAndDecals sorted model list count incorrect! A model was probably unable to load!CModelRenderSystem::SetupFlashlightsAndDecals sorted model list count incorrect! A model was probably unable to load!CModelRenderSystem::SetupFlashlightsAndDecals sorted model list count incorrect! A model was probably unable to load!CModelRenderSystem::SetupFlashlightsAndDecals sorted model list count incorrect! A model was probably unable to load!CModelRenderSystem::SetupFlashlightsAndDecals sorted model list count incorrect! A model was probably unable to load!CModelRenderSystem::SetupFlashlightsAndDecals sorted model list count incorrect! A model was probably unable to load!CModelRenderSystem::SetupFlashlightsAndDecals sorted model list count incorrect! A model was probably unable to load!CModelRenderSystem::SetupFlashlightsAndDecals sorted model list count incorrect! A model was probably unable to load!CModelRenderSystem::SetupFlashlightsAndDecals sorted model list count incorrect! A model was probably unable to load!CModelRenderSystem::SetupFlashlightsAndDecals sorted model list count incorrect! A model was probably unable to load!CModelRenderSystem::SetupFlashlightsAndDecals sorted model list count incorrect! A model was probably unable to load!CModelRenderSystem::SetupFlashlightsAndDecals sorted model list count incorrect! A model was probably unable to load!CModelRenderSystem::SetupFlashlightsAndDecals sorted model list count incorrect! A model was probably unable to load!CModelRenderSystem::SetupFlashlightsAndDecals sorted model list count incorrect! A model was probably unable to load!CModelRenderSystem::SetupFlashlightsAndDecals sorted model list count incorrect! A model was probably unable to load!CModelRenderSystem::SetupFlashlightsAndDecals sorted model list count incorrect! A model was probably unable to load!CModelRenderSystem::SetupFlashlightsAndDecals sorted model list count incorrect! A model was probably unable to load!CModelRenderSystem::SetupFlashlightsAndDecals sorted model list count incorrect! A model was probably unable to load!CModelRenderSystem::SetupFlashlightsAndDecals sorted model list count incorrect! A model was probably unable to load!CModelRenderSystem::SetupFlashlightsAndDecals sorted model list count incorrect! A model was probably unable to load!CModelRenderSystem::SetupFlashlightsAndDecals sorted model list count incorrect! A model was probably unable to load!CModelRenderSystem::SetupFlashlightsAndDecals sorted model list count incorrect! A model was probably unable to load!CModelRenderSystem::SetupFlashlightsAndDecals sorted model list count incorrect! A model was probably unable to load!CModelRenderSystem::SetupFlashlightsAndDecals sorted model list count incorrect! A model was probably unable to load!CModelRenderSystem::SetupFlashlightsAndDecals sorted model list count incorrect! A model was probably unable to load!CModelRenderSystem::SetupFlashlightsAndDecals sorted model list count incorrect! A model was probably unable to load!CModelRenderSystem::SetupFlashlightsAndDecals sorted model list count incorrect! A model was probably unable to load!CModelRenderSystem::SetupFlashlightsAndDecals sorted model list count incorrect! A model was probably unable to load!CModelRenderSystem::SetupFlashlightsAndDecals sorted model list count incorrect! A model was probably unable to load!CModelRenderSystem::SetupFlashlightsAndDecals sorted model list count incorrect! A model was probably unable to load!CModelRenderSystem::SetupFlashlightsAndDecals sorted model list count incorrect! A model was probably unable to load!CModelRenderSystem::SetupFlashlightsAndDecals sorted model list count incorrect! A model was probably unable to load!CModelRenderSystem::SetupFlashlightsAndDecals sorted model list count incorrect! A model was probably unable to load!CModelRenderSystem::SetupFlashlightsAndDecals sorted model list count incorrect! A model was probably unable to load!CModelRenderSystem::SetupFlashlightsAndDecals sorted model list count incorrect! A model was probably unable to load!CModelRenderSystem::SetupFlashlightsAndDecals sorted model list count incorrect! A model was probably unable to load!CModelRenderSystem::SetupFlashlightsAndDecals sorted model list count incorrect! A model was probably unable to load!CModelRenderSystem::SetupFlashlightsAndDecals sorted model list count incorrect! A model was probably unable to load!CModelRenderSystem::SetupFlashlightsAndDecals sorted model list count incorrect! A model was probably unable to load!CModelRenderSystem::SetupFlashlightsAndDecals sorted model list count incorrect! A model was probably unable to load!CModelRenderSystem::SetupFlashlightsAndDecals sorted model list count incorrect! A model was probably unable to load!CModelRenderSystem::SetupFlashlightsAndDecals sorted model list count incorrect! A model was probably unable to load!CModelRenderSystem::SetupFlashlightsAndDecals sorted model list count incorrect! A model was probably unable to load!CModelRenderSystem::SetupFlashlightsAndDecals sorted model list count incorrect! A model was probably unable to load!CModelRenderSystem::SetupFlashlightsAndDecals sorted model list count incorrect! A model was probably unable to load!CModelRenderSystem::SetupFlashlightsAndDecals sorted model list count incorrect! A model was probably unable to load!CModelRenderSystem::SetupFlashlightsAndDecals sorted model list count incorrect! A model was probably unable to load!CModelRenderSystem::SetupFlashlightsAndDecals sorted model list count incorrect! A model was probably unable to load!CModelRenderSystem::SetupFlashlightsAndDecals sorted model list count incorrect! A model was probably unable to load!CModelRenderSystem::SetupFlashlightsAndDecals sorted model list count incorrect! A model was probably unable to load!CModelRenderSystem::SetupFlashlightsAndDecals sorted model list count incorrect! A model was probably unable to load!CModelRenderSystem::SetupFlashlightsAndDecals sorted model list count incorrect! A model was probably unable to load!CModelRenderSystem::SetupFlashlightsAndDecals sorted model list count incorrect! A model was probably unable to load!CModelRenderSystem::SetupFlashlightsAndDecals sorted model list count incorrect! A model was probably unable to load!CModelRenderSystem::SetupFlashlightsAndDecals sorted model list count incorrect! A model was probably unable to load!CModelRenderSystem::SetupFlashlightsAndDecals sorted model list count incorrect! A model was probably unable to load!CModelRenderSystem::SetupFlashlightsAndDecals sorted model list count incorrect! A model was probably unable to load!CModelRenderSystem::SetupFlashlightsAndDecals sorted model list count incorrect! A model was probably unable to load!CModelRenderSystem::SetupFlashlightsAndDecals sorted model list count incorrect! A model was probably unable to load!CModelRenderSystem::SetupFlashlightsAndDecals sorted model list count incorrect! A model was probably unable to load!CModelRenderSystem::SetupFlashlightsAndDecals sorted model list count incorrect! A model was probably unable to load!CModelRenderSystem::SetupFlashlightsAndDecals sorted model list count incorrect! A model was probably unable to load!CModelRenderSystem::SetupFlashlightsAndDecals sorted model list count incorrect! A model was probably unable to load!CModelRenderSystem::SetupFlashlightsAndDecals sorted model list count incorrect! A model was probably unable to load!CModelRenderSystem::SetupFlashlightsAndDecals sorted model list count incorrect! A model was probably unable to load!CModelRenderSystem::SetupFlashlightsAndDecals sorted model list count incorrect! A model was probably unable to load!CModelRenderSystem::SetupFlashlightsAndDecals sorted model list count incorrect! A model was probably unable to load!CModelRenderSystem::SetupFlashlightsAndDecals sorted model list count incorrect! A model was probably unable to load!CModelRenderSystem::SetupFlashlightsAndDecals sorted model list count incorrect! A model was probably unable to load!CModelRenderSystem::SetupFlashlightsAndDecals sorted model list count incorrect! A model was probably unable to load!CModelRenderSystem::SetupFlashlightsAndDecals sorted model list count incorrect! A model was probably unable to load!CModelRenderSystem::SetupFlashlightsAndDecals sorted model list count incorrect! A model was probably unable to load!CModelRenderSystem::SetupFlashlightsAndDecals sorted model list count incorrect! A model was probably unable to load!CModelRenderSystem::SetupFlashlightsAndDecals sorted model list count incorrect! A model was probably unable to load!CModelRenderSystem::SetupFlashlightsAndDecals sorted model list count incorrect! A model was probably unable to load!CModelRenderSystem::SetupFlashlightsAndDecals sorted model list count incorrect! A model was probably unable to load!CModelRenderSystem::SetupFlashlightsAndDecals sorted model list count incorrect! A model was probably unable to load!CModelRenderSystem::SetupFlashlightsAndDecals sorted model list count incorrect! A model was probably unable to load!CModelRenderSystem::SetupFlashlightsAndDecals sorted model list count incorrect! A model was probably unable to load!CModelRenderSystem::SetupFlashlightsAndDecals sorted model list count incorrect! A model was probably unable to load!CModelRenderSystem::SetupFlashlightsAndDecals sorted model list count incorrect! A model was probably unable to load!CModelRenderSystem::SetupFlashlightsAndDecals sorted model list count incorrect! A model was probably unable to load!CModelRenderSystem::SetupFlashlightsAndDecals sorted model list count incorrect! A model was probably unable to load!CModelRenderSystem::SetupFlashlightsAndDecals sorted model list count incorrect! A model was probably unable to load!CModelRenderSystem::SetupFlashlightsAndDecals sorted model list count incorrect! A model was probably unable to load!CModelRenderSystem::SetupFlashlightsAndDecals sorted model list count incorrect! A model was probably unable to load!CModelRenderSystem::SetupFlashlightsAndDecals sorted model list count incorrect! A model was probably unable to load!CModelRenderSystem::SetupFlashlightsAndDecals sorted model list count incorrect! A model was probably unable to load!CModelRenderSystem::SetupFlashlightsAndDecals sorted model list count incorrect! A model was probably unable to load!CModelRenderSystem::SetupFlashlightsAndDecals sorted model list count incorrect! A model was probably unable to load!CModelRenderSystem::SetupFlashlightsAndDecals sorted model list count incorrect! A model was probably unable to load!CModelRenderSystem::SetupFlashlightsAndDecals sorted model list count incorrect! A model was probably unable to load!CModelRenderSystem::SetupFlashlightsAndDecals sorted model list count incorrect! A model was probably unable to load!CModelRenderSystem::SetupFlashlightsAndDecals sorted model list count incorrect! A model was probably unable to load!CModelRenderSystem::SetupFlashlightsAndDecals sorted model list count incorrect! A model was probably unable to load!CModelRenderSystem::SetupFlashlightsAndDecals sorted model list count incorrect! A model was probably unable to load!CModelRenderSystem::SetupFlashlightsAndDecals sorted model list count incorrect! A model was probably unable to load!CModelRenderSystem::SetupFlashlightsAndDecals sorted model list count incorrect! A model was probably unable to load!CModelRenderSystem::SetupFlashlightsAndDecals sorted model list count incorrect! A model was probably unable to load!CModelRenderSystem::SetupFlashlightsAndDecals sorted model list count incorrect! A model was probably unable to load!CModelRenderSystem::SetupFlashlightsAndDecals sorted model list count incorrect! A model was probably unable to load!CModelRenderSystem::SetupFlashlightsAndDecals sorted model list count incorrect! A model was probably unable to load!CModelRenderSystem::SetupFlashlightsAndDecals sorted model list count incorrect! A model was probably unable to load!CModelRenderSystem::SetupFlashlightsAndDecals sorted model list count incorrect! A model was probably unable to load!CModelRenderSystem::SetupFlashlightsAndDecals sorted model list count incorrect! A model was probably unable to load!CModelRenderSystem::SetupFlashlightsAndDecals sorted model list count incorrect! A model was probably unable to load!CModelRenderSystem::SetupFlashlightsAndDecals sorted model list count incorrect! A model was probably unable to load!CModelRenderSystem::SetupFlashlightsAndDecals sorted model list count incorrect! A model was probably unable to load!CModelRenderSystem::SetupFlashlightsAndDecals sorted model list count incorrect! A model was probably unable to load!User Msg 'InventoryFlash': 8 bytes written, expected 5
CModelRenderSystem::SetupFlashlightsAndDecals sorted model list count incorrect! A model was probably unable to load!CModelRenderSystem::SetupFlashlightsAndDecals sorted model list count incorrect! A model was probably unable to load!CModelRenderSystem::SetupFlashlightsAndDecals sorted model list count incorrect! A model was probably unable to load!CModelRenderSystem::SetupFlashlightsAndDecals sorted model list count incorrect! A model was probably unable to load!CModelRenderSystem::SetupFlashlightsAndDecals sorted model list count incorrect! A model was probably unable to load!CModelRenderSystem::SetupFlashlightsAndDecals sorted model list count incorrect! A model was probably unable to load!CModelRenderSystem::SetupFlashlightsAndDecals sorted model list count incorrect! A model was probably unable to load!CModelRenderSystem::SetupFlashlightsAndDecals sorted model list count incorrect! A model was probably unable to load!CModelRenderSystem::SetupFlashlightsAndDecals sorted model list count incorrect! A model was probably unable to load!CModelRenderSystem::SetupFlashlightsAndDecals sorted model list count incorrect! A model was probably unable to load!CModelRenderSystem::SetupFlashlightsAndDecals sorted model list count incorrect! A model was probably unable to load!CModelRenderSystem::SetupFlashlightsAndDecals sorted model list count incorrect! A model was probably unable to load!CModelRenderSystem::SetupFlashlightsAndDecals sorted model list count incorrect! A model was probably unable to load!CModelRenderSystem::SetupFlashlightsAndDecals sorted model list count incorrect! A model was probably unable to load!CModelRenderSystem::SetupFlashlightsAndDecals sorted model list count incorrect! A model was probably unable to load!CModelRenderSystem::SetupFlashlightsAndDecals sorted model list count incorrect! A model was probably unable to load!CModelRenderSystem::SetupFlashlightsAndDecals sorted model list count incorrect! A model was probably unable to load!CModelRenderSystem::SetupFlashlightsAndDecals sorted model list count incorrect! A model was probably unable to load!CModelRenderSystem::SetupFlashlightsAndDecals sorted model list count incorrect! A model was probably unable to load!CModelRenderSystem::SetupFlashlightsAndDecals sorted model list count incorrect! A model was probably unable to load!CModelRenderSystem::SetupFlashlightsAndDecals sorted model list count incorrect! A model was probably unable to load!CModelRenderSystem::SetupFlashlightsAndDecals sorted model list count incorrect! A model was probably unable to load!CModelRenderSystem::SetupFlashlightsAndDecals sorted model list count incorrect! A model was probably unable to load!CModelRenderSystem::SetupFlashlightsAndDecals sorted model list count incorrect! A model was probably unable to load!CModelRenderSystem::SetupFlashlightsAndDecals sorted model list count incorrect! A model was probably unable to load!CModelRenderSystem::SetupFlashlightsAndDecals sorted model list count incorrect! A model was probably unable to load!CModelRenderSystem::SetupFlashlightsAndDecals sorted model list count incorrect! A model was probably unable to load!CModelRenderSystem::SetupFlashlightsAndDecals sorted model list count incorrect! A model was probably unable to load!CModelRenderSystem::SetupFlashlightsAndDecals sorted model list count incorrect! A model was probably unable to load!CModelRenderSystem::SetupFlashlightsAndDecals sorted model list count incorrect! A model was probably unable to load!CModelRenderSystem::SetupFlashlightsAndDecals sorted model list count incorrect! A model was probably unable to load!CModelRenderSystem::SetupFlashlightsAndDecals sorted model list count incorrect! A model was probably unable to load!CModelRenderSystem::SetupFlashlightsAndDecals sorted model list count incorrect! A model was probably unable to load!CModelRenderSystem::SetupFlashlightsAndDecals sorted model list count incorrect! A model was probably unable to load!CModelRenderSystem::SetupFlashlightsAndDecals sorted model list count incorrect! A model was probably unable to load!CModelRenderSystem::SetupFlashlightsAndDecals sorted model list count incorrect! A model was probably unable to load!CModelRenderSystem::SetupFlashlightsAndDecals sorted model list count incorrect! A model was probably unable to load!CModelRenderSystem::SetupFlashlightsAndDecals sorted model list count incorrect! A model was probably unable to load!CModelRenderSystem::SetupFlashlightsAndDecals sorted model list count incorrect! A model was probably unable to load!CModelRenderSystem::SetupFlashlightsAndDecals sorted model list count incorrect! A model was probably unable to load!CModelRenderSystem::SetupFlashlightsAndDecals sorted model list count incorrect! A model was probably unable to load!CModelRenderSystem::SetupFlashlightsAndDecals sorted model list count incorrect! A model was probably unable to load!CModelRenderSystem::SetupFlashlightsAndDecals sorted model list count incorrect! A model was probably unable to load!CModelRenderSystem::SetupFlashlightsAndDecals sorted model list count incorrect! A model was probably unable to load!CModelRenderSystem::SetupFlashlightsAndDecals sorted model list count incorrect! A model was probably unable to load!CModelRenderSystem::SetupFlashlightsAndDecals sorted model list count incorrect! A model was probably unable to load!CModelRenderSystem::SetupFlashlightsAndDecals sorted model list count incorrect! A model was probably unable to load!CModelRenderSystem::SetupFlashlightsAndDecals sorted model list count incorrect! A model was probably unable to load!CModelRenderSystem::SetupFlashlightsAndDecals sorted model list count incorrect! A model was probably unable to load!CModelRenderSystem::SetupFlashlightsAndDecals sorted model list count incorrect! A model was probably unable to load!CModelRenderSystem::SetupFlashlightsAndDecals sorted model list count incorrect! A model was probably unable to load!CModelRenderSystem::SetupFlashlightsAndDecals sorted model list count incorrect! A model was probably unable to load!CModelRenderSystem::SetupFlashlightsAndDecals sorted model list count incorrect! A model was probably unable to load!CModelRenderSystem::SetupFlashlightsAndDecals sorted model list count incorrect! A model was probably unable to load!CModelRenderSystem::SetupFlashlightsAndDecals sorted model list count incorrect! A model was probably unable to load!CModelRenderSystem::SetupFlashlightsAndDecals sorted model list count incorrect! A model was probably unable to load!CModelRenderSystem::SetupFlashlightsAndDecals sorted model list count incorrect! A model was probably unable to load!CModelRenderSystem::SetupFlashlightsAndDecals sorted model list count incorrect! A model was probably unable to load!CModelRenderSystem::SetupFlashlightsAndDecals sorted model list count incorrect! A model was probably unable to load!CModelRenderSystem::SetupFlashlightsAndDecals sorted model list count incorrect! A model was probably unable to load!CModelRenderSystem::SetupFlashlightsAndDecals sorted model list count incorrect! A model was probably unable to load!CModelRenderSystem::SetupFlashlightsAndDecals sorted model list count incorrect! A model was probably unable to load!CModelRenderSystem::SetupFlashlightsAndDecals sorted model list count incorrect! A model was probably unable to load!CModelRenderSystem::SetupFlashlightsAndDecals sorted model list count incorrect! A model was probably unable to load!CModelRenderSystem::SetupFlashlightsAndDecals sorted model list count incorrect! A model was probably unable to load!CModelRenderSystem::SetupFlashlightsAndDecals sorted model list count incorrect! A model was probably unable to load!CModelRenderSystem::SetupFlashlightsAndDecals sorted model list count incorrect! A model was probably unable to load!CModelRenderSystem::SetupFlashlightsAndDecals sorted model list count incorrect! A model was probably unable to load!CModelRenderSystem::SetupFlashlightsAndDecals sorted model list count incorrect! A model was probably unable to load!CModelRenderSystem::SetupFlashlightsAndDecals sorted model list count incorrect! A model was probably unable to load!CModelRenderSystem::SetupFlashlightsAndDecals sorted model list count incorrect! A model was probably unable to load!CModelRenderSystem::SetupFlashlightsAndDecals sorted model list count incorrect! A model was probably unable to load!CModelRenderSystem::SetupFlashlightsAndDecals sorted model list count incorrect! A model was probably unable to load!CModelRenderSystem::SetupFlashlightsAndDecals sorted model list count incorrect! A model was probably unable to load!CModelRenderSystem::SetupFlashlightsAndDecals sorted model list count incorrect! A model was probably unable to load!CModelRenderSystem::SetupFlashlightsAndDecals sorted model list count incorrect! A model was probably unable to load!CModelRenderSystem::SetupFlashlightsAndDecals sorted model list count incorrect! A model was probably unable to load!CModelRenderSystem::SetupFlashlightsAndDecals sorted model list count incorrect! A model was probably unable to load!CModelRenderSystem::SetupFlashlightsAndDecals sorted model list count incorrect! A model was probably unable to load!CModelRenderSystem::SetupFlashlightsAndDecals sorted model list count incorrect! A model was probably unable to load!CModelRenderSystem::SetupFlashlightsAndDecals sorted model list count incorrect! A model was probably unable to load!CModelRenderSystem::SetupFlashlightsAndDecals sorted model list count incorrect! A model was probably unable to load!CModelRenderSystem::SetupFlashlightsAndDecals sorted model list count incorrect! A model was probably unable to load!CModelRenderSystem::SetupFlashlightsAndDecals sorted model list count incorrect! A model was probably unable to load!CModelRenderSystem::SetupFlashlightsAndDecals sorted model list count incorrect! A model was probably unable to load!CModelRenderSystem::SetupFlashlightsAndDecals sorted model list count incorrect! A model was probably unable to load!CModelRenderSystem::SetupFlashlightsAndDecals sorted model list count incorrect! A model was probably unable to load!CModelRenderSystem::SetupFlashlightsAndDecals sorted model list count incorrect! A model was probably unable to load!CModelRenderSystem::SetupFlashlightsAndDecals sorted model list count incorrect! A model was probably unable to load!CModelRenderSystem::SetupFlashlightsAndDecals sorted model list count incorrect! A model was probably unable to load!CModelRenderSystem::SetupFlashlightsAndDecals sorted model list count incorrect! A model was probably unable to load!CModelRenderSystem::SetupFlashlightsAndDecals sorted model list count incorrect! A model was probably unable to load!CModelRenderSystem::SetupFlashlightsAndDecals sorted model list count incorrect! A model was probably unable to load!CModelRenderSystem::SetupFlashlightsAndDecals sorted model list count incorrect! A model was probably unable to load!CModelRenderSystem::SetupFlashlightsAndDecals sorted model list count incorrect! A model was probably unable to load!CModelRenderSystem::SetupFlashlightsAndDecals sorted model list count incorrect! A model was probably unable to load!CModelRenderSystem::SetupFlashlightsAndDecals sorted model list count incorrect! A model was probably unable to load!CModelRenderSystem::SetupFlashlightsAndDecals sorted model list count incorrect! A model was probably unable to load!CModelRenderSystem::SetupFlashlightsAndDecals sorted model list count incorrect! A model was probably unable to load!CModelRenderSystem::SetupFlashlightsAndDecals sorted model list count incorrect! A model was probably unable to load!CModelRenderSystem::SetupFlashlightsAndDecals sorted model list count incorrect! A model was probably unable to load!CModelRenderSystem::SetupFlashlightsAndDecals sorted model list count incorrect! A model was probably unable to load!CModelRenderSystem::SetupFlashlightsAndDecals sorted model list count incorrect! A model was probably unable to load!CModelRenderSystem::SetupFlashlightsAndDecals sorted model list count incorrect! A model was probably unable to load!CModelRenderSystem::SetupFlashlightsAndDecals sorted model list count incorrect! A model was probably unable to load!CModelRenderSystem::SetupFlashlightsAndDecals sorted model list count incorrect! A model was probably unable to load!CModelRenderSystem::SetupFlashlightsAndDecals sorted model list count incorrect! A model was probably unable to load!CModelRenderSystem::SetupFlashlightsAndDecals sorted model list count incorrect! A model was probably unable to load!CModelRenderSystem::SetupFlashlightsAndDecals sorted model list count incorrect! A model was probably unable to load!CModelRenderSystem::SetupFlashlightsAndDecals sorted model list count incorrect! A model was probably unable to load!CModelRenderSystem::SetupFlashlightsAndDecals sorted model list count incorrect! A model was probably unable to load!CModelRenderSystem::SetupFlashlightsAndDecals sorted model list count incorrect! A model was probably unable to load!CModelRenderSystem::SetupFlashlightsAndDecals sorted model list count incorrect! A model was probably unable to load!CModelRenderSystem::SetupFlashlightsAndDecals sorted model list count incorrect! A model was probably unable to load!CModelRenderSystem::SetupFlashlightsAndDecals sorted model list count incorrect! A model was probably unable to load!CModelRenderSystem::SetupFlashlightsAndDecals sorted model list count incorrect! A model was probably unable to load!CModelRenderSystem::SetupFlashlightsAndDecals sorted model list count incorrect! A model was probably unable to load!CModelRenderSystem::SetupFlashlightsAndDecals sorted model list count incorrect! A model was probably unable to load!CModelRenderSystem::SetupFlashlightsAndDecals sorted model list count incorrect! A model was probably unable to load!CModelRenderSystem::SetupFlashlightsAndDecals sorted model list count incorrect! A model was probably unable to load!CModelRenderSystem::SetupFlashlightsAndDecals sorted model list count incorrect! A model was probably unable to load!CModelRenderSystem::SetupFlashlightsAndDecals sorted model list count incorrect! A model was probably unable to load!CModelRenderSystem::SetupFlashlightsAndDecals sorted model list count incorrect! A model was probably unable to load!CModelRenderSystem::SetupFlashlightsAndDecals sorted model list count incorrect! A model was probably unable to load!CModelRenderSystem::SetupFlashlightsAndDecals sorted model list count incorrect! A model was probably unable to load!CModelRenderSystem::SetupFlashlightsAndDecals sorted model list count incorrect! A model was probably unable to load!CModelRenderSystem::SetupFlashlightsAndDecals sorted model list count incorrect! A model was probably unable to load!CModelRenderSystem::SetupFlashlightsAndDecals sorted model list count incorrect! A model was probably unable to load!CModelRenderSystem::SetupFlashlightsAndDecals sorted model list count incorrect! A model was probably unable to load!CModelRenderSystem::SetupFlashlightsAndDecals sorted model list count incorrect! A model was probably unable to load!CModelRenderSystem::SetupFlashlightsAndDecals sorted model list count incorrect! A model was probably unable to load!CModelRenderSystem::SetupFlashlightsAndDecals sorted model list count incorrect! A model was probably unable to load!CModelRenderSystem::SetupFlashlightsAndDecals sorted model list count incorrect! A model was probably unable to load!CModelRenderSystem::SetupFlashlightsAndDecals sorted model list count incorrect! A model was probably unable to load!CModelRenderSystem::SetupFlashlightsAndDecals sorted model list count incorrect! A model was probably unable to load!CModelRenderSystem::SetupFlashlightsAndDecals sorted model list count incorrect! A model was probably unable to load!CModelRenderSystem::SetupFlashlightsAndDecals sorted model list count incorrect! A model was probably unable to load!CModelRenderSystem::SetupFlashlightsAndDecals sorted model list count incorrect! A model was probably unable to load!CModelRenderSystem::SetupFlashlightsAndDecals sorted model list count incorrect! A model was probably unable to load!CModelRenderSystem::SetupFlashlightsAndDecals sorted model list count incorrect! A model was probably unable to load!CModelRenderSystem::SetupFlashlightsAndDecals sorted model list count incorrect! A model was probably unable to load!CModelRenderSystem::SetupFlashlightsAndDecals sorted model list count incorrect! A model was probably unable to load!CModelRenderSystem::SetupFlashlightsAndDecals sorted model list count incorrect! A model was probably unable to load!CModelRenderSystem::SetupFlashlightsAndDecals sorted model list count incorrect! A model was probably unable to load!CModelRenderSystem::SetupFlashlightsAndDecals sorted model list count incorrect! A model was probably unable to load!CModelRenderSystem::SetupFlashlightsAndDecals sorted model list count incorrect! A model was probably unable to load!CModelRenderSystem::SetupFlashlightsAndDecals sorted model list count incorrect! A model was probably unable to load!CModelRenderSystem::SetupFlashlightsAndDecals sorted model list count incorrect! A model was probably unable to load!CModelRenderSystem::SetupFlashlightsAndDecals sorted model list count incorrect! A model was probably unable to load!CModelRenderSystem::SetupFlashlightsAndDecals sorted model list count incorrect! A model was probably unable to load!CModelRenderSystem::SetupFlashlightsAndDecals sorted model list count incorrect! A model was probably unable to load!CModelRenderSystem::SetupFlashlightsAndDecals sorted model list count incorrect! A model was probably unable to load!CModelRenderSystem::SetupFlashlightsAndDecals sorted model list count incorrect! A model was probably unable to load!CModelRenderSystem::SetupFlashlightsAndDecals sorted model list count incorrect! A model was probably unable to load!CModelRenderSystem::SetupFlashlightsAndDecals sorted model list count incorrect! A model was probably unable to load!CModelRenderSystem::SetupFlashlightsAndDecals sorted model list count incorrect! A model was probably unable to load!CModelRenderSystem::SetupFlashlightsAndDecals sorted model list count incorrect! A model was probably unable to load!CModelRenderSystem::SetupFlashlightsAndDecals sorted model list count incorrect! A model was probably unable to load!CModelRenderSystem::SetupFlashlightsAndDecals sorted model list count incorrect! A model was probably unable to load!CModelRenderSystem::SetupFlashlightsAndDecals sorted model list count incorrect! A model was probably unable to load!CModelRenderSystem::SetupFlashlightsAndDecals sorted model list count incorrect! A model was probably unable to load!CModelRenderSystem::SetupFlashlightsAndDecals sorted model list count incorrect! A model was probably unable to load!CModelRenderSystem::SetupFlashlightsAndDecals sorted model list count incorrect! A model was probably unable to load!CModelRenderSystem::SetupFlashlightsAndDecals sorted model list count incorrect! A model was probably unable to load!CModelRenderSystem::SetupFlashlightsAndDecals sorted model list count incorrect! A model was probably unable to load!CModelRenderSystem::SetupFlashlightsAndDecals sorted model list count incorrect! A model was probably unable to load!CModelRenderSystem::SetupFlashlightsAndDecals sorted model list count incorrect! A model was probably unable to load!CModelRenderSystem::SetupFlashlightsAndDecals sorted model list count incorrect! A model was probably unable to load!CModelRenderSystem::SetupFlashlightsAndDecals sorted model list count incorrect! A model was probably unable to load!CModelRenderSystem::SetupFlashlightsAndDecals sorted model list count incorrect! A model was probably unable to load!CModelRenderSystem::SetupFlashlightsAndDecals sorted model list count incorrect! A model was probably unable to load!CModelRenderSystem::SetupFlashlightsAndDecals sorted model list count incorrect! A model was probably unable to load!CModelRenderSystem::SetupFlashlightsAndDecals sorted model list count incorrect! A model was probably unable to load!CModelRenderSystem::SetupFlashlightsAndDecals sorted model list count incorrect! A model was probably unable to load!CModelRenderSystem::SetupFlashlightsAndDecals sorted model list count incorrect! A model was probably unable to load!CModelRenderSystem::SetupFlashlightsAndDecals sorted model list count incorrect! A model was probably unable to load!CModelRenderSystem::SetupFlashlightsAndDecals sorted model list count incorrect! A model was probably unable to load!CModelRenderSystem::SetupFlashlightsAndDecals sorted model list count incorrect! A model was probably unable to load!CModelRenderSystem::SetupFlashlightsAndDecals sorted model list count incorrect! A model was probably unable to load!CModelRenderSystem::SetupFlashlightsAndDecals sorted model list count incorrect! A model was probably unable to load!CModelRenderSystem::SetupFlashlightsAndDecals sorted model list count incorrect! A model was probably unable to load!CModelRenderSystem::SetupFlashlightsAndDecals sorted model list count incorrect! A model was probably unable to load!CModelRenderSystem::SetupFlashlightsAndDecals sorted model list count incorrect! A model was probably unable to load!Binding uncached material "__utilwireframe", artificially incrementing refcount
CModelRenderSystem::SetupFlashlightsAndDecals sorted model list count incorrect! A model was probably unable to load!CModelRenderSystem::SetupFlashlightsAndDecals sorted model list count incorrect! A model was probably unable to load!CModelRenderSystem::SetupFlashlightsAndDecals sorted model list count incorrect! A model was probably unable to load!CModelRenderSystem::SetupFlashlightsAndDecals sorted model list count incorrect! A model was probably unable to load!CModelRenderSystem::SetupFlashlightsAndDecals sorted model list count incorrect! A model was probably unable to load!CModelRenderSystem::SetupFlashlightsAndDecals sorted model list count incorrect! A model was probably unable to load!CModelRenderSystem::SetupFlashlightsAndDecals sorted model list count incorrect! A model was probably unable to load!CModelRenderSystem::SetupFlashlightsAndDecals sorted model list count incorrect! A model was probably unable to load!CModelRenderSystem::SetupFlashlightsAndDecals sorted model list count incorrect! A model was probably unable to load!CModelRenderSystem::SetupFlashlightsAndDecals sorted model list count incorrect! A model was probably unable to load!CModelRenderSystem::SetupFlashlightsAndDecals sorted model list count incorrect! A model was probably unable to load!CModelRenderSystem::SetupFlashlightsAndDecals sorted model list count incorrect! A model was probably unable to load!CModelRenderSystem::SetupFlashlightsAndDecals sorted model list count incorrect! A model was probably unable to load!CModelRenderSystem::SetupFlashlightsAndDecals sorted model list count incorrect! A model was probably unable to load!CModelRenderSystem::SetupFlashlightsAndDecals sorted model list count incorrect! A model was probably unable to load!CModelRenderSystem::SetupFlashlightsAndDecals sorted model list count incorrect! A model was probably unable to load!CModelRenderSystem::SetupFlashlightsAndDecals sorted model list count incorrect! A model was probably unable to load!CModelRenderSystem::SetupFlashlightsAndDecals sorted model list count incorrect! A model was probably unable to load!CModelRenderSystem::SetupFlashlightsAndDecals sorted model list count incorrect! A model was probably unable to load!CModelRenderSystem::SetupFlashlightsAndDecals sorted model list count incorrect! A model was probably unable to load!CModelRenderSystem::SetupFlashlightsAndDecals sorted model list count incorrect! A model was probably unable to load!CModelRenderSystem::SetupFlashlightsAndDecals sorted model list count incorrect! A model was probably unable to load!CModelRenderSystem::SetupFlashlightsAndDecals sorted model list count incorrect! A model was probably unable to load!CModelRenderSystem::SetupFlashlightsAndDecals sorted model list count incorrect! A model was probably unable to load!noclip OFF
CModelRenderSystem::SetupFlashlightsAndDecals sorted model list count incorrect! A model was probably unable to load!CModelRenderSystem::SetupFlashlightsAndDecals sorted model list count incorrect! A model was probably unable to load!CModelRenderSystem::SetupFlashlightsAndDecals sorted model list count incorrect! A model was probably unable to load!CModelRenderSystem::SetupFlashlightsAndDecals sorted model list count incorrect! A model was probably unable to load!CModelRenderSystem::SetupFlashlightsAndDecals sorted model list count incorrect! A model was probably unable to load!CModelRenderSystem::SetupFlashlightsAndDecals sorted model list count incorrect! A model was probably unable to load!CModelRenderSystem::SetupFlashlightsAndDecals sorted model list count incorrect! A model was probably unable to load!CModelRenderSystem::SetupFlashlightsAndDecals sorted model list count incorrect! A model was probably unable to load!CModelRenderSystem::SetupFlashlightsAndDecals sorted model list count incorrect! A model was probably unable to load!CModelRenderSystem::SetupFlashlightsAndDecals sorted model list count incorrect! A model was probably unable to load!CModelRenderSystem::SetupFlashlightsAndDecals sorted model list count incorrect! A model was probably unable to load!CModelRenderSystem::SetupFlashlightsAndDecals sorted model list count incorrect! A model was probably unable to load!CModelRenderSystem::SetupFlashlightsAndDecals sorted model list count incorrect! A model was probably unable to load!CModelRenderSystem::SetupFlashlightsAndDecals sorted model list count incorrect! A model was probably unable to load!CModelRenderSystem::SetupFlashlightsAndDecals sorted model list count incorrect! A model was probably unable to load!CModelRenderSystem::SetupFlashlightsAndDecals sorted model list count incorrect! A model was probably unable to load!CModelRenderSystem::SetupFlashlightsAndDecals sorted model list count incorrect! A model was probably unable to load!CModelRenderSystem::SetupFlashlightsAndDecals sorted model list count incorrect! A model was probably unable to load!CModelRenderSystem::SetupFlashlightsAndDecals sorted model list count incorrect! A model was probably unable to load!CModelRenderSystem::SetupFlashlightsAndDecals sorted model list count incorrect! A model was probably unable to load!CModelRenderSystem::SetupFlashlightsAndDecals sorted model list count incorrect! A model was probably unable to load!CModelRenderSystem::SetupFlashlightsAndDecals sorted model list count incorrect! A model was probably unable to load!CModelRenderSystem::SetupFlashlightsAndDecals sorted model list count incorrect! A model was probably unable to load!CModelRenderSystem::SetupFlashlightsAndDecals sorted model list count incorrect! A model was probably unable to load!CModelRenderSystem::SetupFlashlightsAndDecals sorted model list count incorrect! A model was probably unable to load!CModelRenderSystem::SetupFlashlightsAndDecals sorted model list count incorrect! A model was probably unable to load!CModelRenderSystem::SetupFlashlightsAndDecals sorted model list count incorrect! A model was probably unable to load!CModelRenderSystem::SetupFlashlightsAndDecals sorted model list count incorrect! A model was probably unable to load!CModelRenderSystem::SetupFlashlightsAndDecals sorted model list count incorrect! A model was probably unable to load!CModelRenderSystem::SetupFlashlightsAndDecals sorted model list count incorrect! A model was probably unable to load!CModelRenderSystem::SetupFlashlightsAndDecals sorted model list count incorrect! A model was probably unable to load!CModelRenderSystem::SetupFlashlightsAndDecals sorted model list count incorrect! A model was probably unable to load!CModelRenderSystem::SetupFlashlightsAndDecals sorted model list count incorrect! A model was probably unable to load!CModelRenderSystem::SetupFlashlightsAndDecals sorted model list count incorrect! A model was probably unable to load!CModelRenderSystem::SetupFlashlightsAndDecals sorted model list count incorrect! A model was probably unable to load!CModelRenderSystem::SetupFlashlightsAndDecals sorted model list count incorrect! A model was probably unable to load!CModelRenderSystem::SetupFlashlightsAndDecals sorted model list count incorrect! A model was probably unable to load!CModelRenderSystem::SetupFlashlightsAndDecals sorted model list count incorrect! A model was probably unable to load!CreateEvent: event 'portal_player_touchedground' not registered.
NET_GetBindAddresses found 192.168.31.140: 'Realtek PCIe GbE Family Controller'
NET_GetBindAddresses found 26.133.72.161: 'Famatech Radmin VPN Ethernet Adapter'
NET_GetBindAddresses found 172.24.90.163: 'ZeroTier Virtual Port #2'
NET_GetBindAddresses found 10.147.17.76: 'ZeroTier Virtual Port #3'
NET_GetBindAddresses found 172.16.0.2: 'WireGuard Tunnel'
Network: IP 10.147.17.76, mode MP, dedicated No, ports 27015 SV / 27005 CL
Parent cvar in client.dll not allowed (rr_debugresponseconcept)
Parent cvar in client.dll not allowed (rr_dumpresponses)
Parent cvar in client.dll not allowed (rr_debugrule)
Parent cvar in client.dll not allowed (rr_debugresponses)
WARNING: unable to link rr_debugresponseconcept_exclude and rr_debugresponseconcept_exclude because one or more is a ConCommand.
Parent cvar in client.dll not allowed (movement_anim_playback_minrate)
WARNING: unable to link creditsdone and creditsdone because one or more is a ConCommand.
WARNING: unable to link rr_reloadresponsesystems and rr_reloadresponsesystems because one or more is a ConCommand.
CResponseSystem:  scripts\talker\response_rules.txt (2 rules, 2 criteria, and 2 responses)
maxplayers set to 1
We're happy and aperture_render_targets!Missing cfg\cpu_level_2_pc.ekv
Missing cfg\gpu_level_3_pc.ekv
Missing cfg\mem_level_2_pc.ekv
Missing cfg\gpu_mem_level_2_pc.ekv
Running -nogameui mode, using client module instead of gameui
Steam config directory: C:\SourceCode\aperture-camera\game\platform\config
No split screen config file 'splitscreen_config.txt', using defaults
Missing cfg\cpu_level_2_pc.ekv
Missing cfg\gpu_level_3_pc.ekv
Missing cfg\mem_level_2_pc.ekv
Missing cfg\gpu_mem_level_2_pc.ekv
CGameEventManager::AddListener: event 'replay_status' unknown.
CGameEventManager::AddListener: event 'spec_target_updated' unknown.
KV Conditional: Unknown symbol OSX
KV Conditional: Unknown symbol OSX
Hud element 'CHudControlHelper' doesn't have an entry 'HudControlHelper' in scripts/HudLayout.res
Hud element 'CHudIndicator' doesn't have an entry 'HudIndicator' in scripts/HudLayout.res
Hud element 'CHudViewfinder' doesn't have an entry 'HudViewfinder' in scripts/HudLayout.res
Hud element 'CHudPhotoInventory' doesn't have an entry 'HudPhotoInventory' in scripts/HudLayout.res
Hud element 'CHudPhotoFlash' doesn't have an entry 'HudPhotoInventory' in scripts/HudLayout.res
CResponseSystem:  scripts\talker\response_rules.txt (2 rules, 2 criteria, and 2 responses)
cc_lang = 
Missing cfg\cpu_level_2_pc.ekv
Missing cfg\gpu_level_3_pc.ekv
Missing cfg\mem_level_2_pc.ekv
Missing cfg\gpu_mem_level_2_pc.ekv
Sound Initialization: Start
DS:stereo speaker configuration detected
Set primary sound buffer format: yes
Using secondary sound buffer
   2 channel(s)
   16 bits/sample
   44100 samples/sec
DirectSound initialized
Stopping All Sounds...
Trying cache :  'c:/sourcecode/aperture-camera/game/valve/maps/soundcache/_master.cache'
Successfully loaded audio cache file
Sound Initialization: Finish, Sampling Rate: 44100
cc_lang = 
Legacy Surround disabled.
Stopping All Sounds...
Sound Initialization: Start
DS:stereo speaker configuration detected
Set primary sound buffer format: yes
Using secondary sound buffer
   2 channel(s)
   16 bits/sample
   44100 samples/sec
DirectSound initialized
Stopping All Sounds...
Trying cache :  'c:/sourcecode/aperture-camera/game/valve/maps/soundcache/_master.cache'
Successfully loaded audio cache file
Sound Initialization: Finish, Sampling Rate: 44100
Datacenter::RequestStart, time 2.18
Datacenter::RequestStop, time 2.19, state 1
Datacenter::RequestUpdate failed
Stopping All Sounds...
Stopping All Sounds...
---- Host_NewGame ----
Network: IP 10.147.17.76, mode SP, dedicated No, ports 0 SV / 0 CL
Network: IP 10.147.17.76, mode MP, dedicated No, ports 27015 SV / 27005 CL
#######################################
Map testroom_aperture missing stringtable dictionary, don't ship this way!!!
#######################################
Host_NewGame on map testroom_aperture
Set Gravity 600.0 (0.250 tolerance)
PrecacheScriptSound 'default.null' failed, no such sound script entry
weapons/v_portalgun.mdl : material "models/weapons/v_models/v_portalgun/v_hands" not found.
CreateEvent: event 'picked_up_paint' not registered.
PrecacheScriptSound 'Paintgun.FireLoop' failed, no such sound script entry
Direct precache of vehicles/airboat/pontoon_fast_water_loop2.wav
"materials/_rt_largephoto.vtf": can't be found on disk
Error Index File for 'weapons\w_cam.mdl' checksum 1322159438 should be 2037782653
Warning:  Can't add NULL string to table EffectDispatch
Failed to load models/weapons/v_cam.mdl!
Warning:  Can't add NULL string to table EffectDispatch
Error: Material "models/items/photo_capture01" : proxy "PhotoMaterial" not found!
"materials/null.vtf": can't be found on disk
Error reading weapon data file for: weapon_hopwire
Warning:  Can't add NULL string to table EffectDispatch
Warning:  Can't add NULL string to table EffectDispatch
Warning:  Can't add NULL string to table EffectDispatch
Warning:  Can't add NULL string to table EffectDispatch
Warning:  Can't add NULL string to table EffectDispatch
Warning:  Can't add NULL string to table EffectDispatch
Warning:  Can't add NULL string to table EffectDispatch
Warning:  Can't add NULL string to table EffectDispatch
Warning:  Can't add NULL string to table EffectDispatch
Warning:  Can't add NULL string to table EffectDispatch
Warning:  Can't add NULL string to table EffectDispatch
Warning:  Can't add NULL string to table EffectDispatch
Warning:  Can't add NULL string to table EffectDispatch
Script not found (scripts/vscripts/mapspawn.nut) 
Failed to CRC cfg/cpu_level_0_pc.ekv
Failed to CRC cfg/cpu_level_0_pc_ss.ekv
Failed to CRC cfg/cpu_level_1_pc.ekv
Failed to CRC cfg/cpu_level_1_pc_ss.ekv
Failed to CRC cfg/cpu_level_2_pc.ekv
Failed to CRC cfg/cpu_level_2_pc_ss.ekv
Failed to CRC cfg/gpu_level_0_pc.ekv
Failed to CRC cfg/gpu_level_1_pc.ekv
Failed to CRC cfg/gpu_level_2_pc.ekv
Failed to CRC cfg/gpu_level_3_pc.ekv
Failed to CRC cfg/mem_level_0_pc.ekv
Failed to CRC cfg/mem_level_1_pc.ekv
Failed to CRC cfg/mem_level_2_pc.ekv
Failed to CRC cfg/gpu_mem_level_0_pc.ekv
Failed to CRC cfg/gpu_mem_level_1_pc.ekv
Failed to CRC cfg/gpu_mem_level_2_pc.ekv
Failed to CRC scripts/asw_weapon_ammo_bag.txt
Failed to CRC scripts/asw_weapon_ammo_satchel.txt
Failed to CRC scripts/asw_weapon_autogun.txt
Failed to CRC scripts/asw_weapon_blink.txt
Failed to CRC scripts/asw_weapon_buff_grenade.txt
Failed to CRC scripts/asw_weapon_chainsaw.txt
Failed to CRC scripts/asw_weapon_electrified_armor.txt
Failed to CRC scripts/asw_weapon_fire_extinguisher.txt
Failed to CRC scripts/asw_weapon_fist.txt
Failed to CRC scripts/asw_weapon_flamer.txt
Failed to CRC scripts/asw_weapon_flares.txt
Failed to CRC scripts/asw_weapon_flashlight.txt
Failed to CRC scripts/asw_weapon_freeze_grenades.txt
Failed to CRC scripts/asw_weapon_grenades.txt
Failed to CRC scripts/asw_weapon_grenade_launcher.txt
Failed to CRC scripts/asw_weapon_heal_grenade.txt
Failed to CRC scripts/asw_weapon_heal_gun.txt
Failed to CRC scripts/asw_weapon_hornet_barrage.txt
Failed to CRC scripts/asw_weapon_jump_jet.txt
Failed to CRC scripts/asw_weapon_laser_mines.txt
Failed to CRC scripts/asw_weapon_medical_satchel.txt
Failed to CRC scripts/asw_weapon_medkit.txt
Failed to CRC scripts/asw_weapon_mines.txt
Failed to CRC scripts/asw_weapon_minigun.txt
Failed to CRC scripts/asw_weapon_mining_laser.txt
Failed to CRC scripts/asw_weapon_night_vision.txt
Failed to CRC scripts/asw_weapon_normal_armor.txt
Failed to CRC scripts/asw_weapon_pdw.txt
Failed to CRC scripts/asw_weapon_pistol.txt
Failed to CRC scripts/asw_weapon_prifle.txt
Failed to CRC scripts/asw_weapon_railgun.txt
Failed to CRC scripts/asw_weapon_rifle.txt
Failed to CRC scripts/asw_weapon_sentry.txt
Failed to CRC scripts/asw_weapon_sentry_cannon.txt
Failed to CRC scripts/asw_weapon_sentry_flamer.txt
Failed to CRC scripts/asw_weapon_sentry_freeze.txt
Failed to CRC scripts/asw_weapon_shotgun.txt
Failed to CRC scripts/asw_weapon_smart_bomb.txt
Failed to CRC scripts/asw_weapon_sniper_rifle.txt
Failed to CRC scripts/asw_weapon_stim.txt
Failed to CRC scripts/asw_weapon_tesla_gun.txt
Failed to CRC scripts/asw_weapon_tesla_trap.txt
Failed to CRC scripts/asw_weapon_vindicator.txt
Failed to CRC scripts/asw_weapon_welder.txt
Attempted to create unknown entity type prop_portal_linked_door!
Can't init prop_portal_linked_door
Attempted to create unknown entity type prop_portal_linked_door!
Can't init prop_portal_linked_door
props_farm\mousetrap.mdl : material "models/props_farm/mousetrap001" not found.
PrecacheScriptSound 'NPC_Android.Pain' failed, no such sound script entry
Attempted to create unknown entity type _squashed_zombie!
NULL Ent in UTIL_PrecacheOther
PrecacheScriptSound 'AndroidDispenser.Blocked' failed, no such sound script entry
PrecacheScriptSound 'AndroidDispenser.Dispense' failed, no such sound script entry
prop_dynamic at -872 0 128 uses model models/props_c17/furnituretable002a.mdl, which has propdata which means that it be used on a prop_physics. DELETED.
"materials/models/bot_fem/bot_male_exponent.vtf": can't be found on disk
npcs/hover_turret.mdl : material "models/props_bts/glados_ball_01" not found.
npcs/hover_turret.mdl : material "models/props_bts/glados_ball_02" not found.
npcs/hover_turret.mdl : material "models/props_bts/glados_ball_03" not found.
npcs/hover_turret.mdl : material "models/props_bts/glados_ball_04" not found.
Invalid file size for motd.txt
Invalid file size for host.txt
Created class baseline: 21 classes, 3088 bytes.
Heartbeat is disabled (usually developer or cheats is on).
m_eServerMode pre = 0
m_eServerMode post = 2
************************************************
*  Unable to load Steam support library.       *
*  This server will operate in LAN mode only.  *
************************************************
Heartbeat is disabled (usually developer or cheats is on).
Stopping All Sounds...
1.000:  Sending UDP connect to public IP 127.0.0.1:27015
Server using '<none>' lobbies, requiring pw no, lobby id 0
RememberIPAddressForLobby: lobby 0 from address loopback

Portal
Map: testroom_aperture
Players: 1 (0 bots) / 1 humans
Build: 6653
Server Number: 1

material "particle/particle_glow_05_add_15ob" not found.
Attempted to precache unknown particle system "portal_dematerialize"!
Attempted to precache unknown particle system "portal_rematerialize"!
material "overlays/coop_ping_decal" not found.
material "effects/huntertracer" not found.
Attempted to precache unknown particle system "rain_storm"!
Attempted to precache unknown particle system "rain_storm"!
Attempted to precache unknown particle system "rain_storm_screen"!
Attempted to precache unknown particle system "rain_storm_screen"!
Attempted to precache unknown particle system "rain_storm_outer"!
Attempted to precache unknown particle system "rain_storm_outer"!
Attempted to precache unknown particle system "rain"!
Attempted to precache unknown particle system "rain"!
Attempted to precache unknown particle system "rain_outer"!
Attempted to precache unknown particle system "rain_outer"!
Attempted to precache unknown particle system "ash"!
Attempted to precache unknown particle system "ash"!
Attempted to precache unknown particle system "ash_outer"!
Attempted to precache unknown particle system "ash_outer"!
Attempted to precache unknown particle system "snow"!
Attempted to precache unknown particle system "snow"!
Attempted to precache unknown particle system "snow_outer"!
Attempted to precache unknown particle system "snow_outer"!
Attempted to precache unknown particle system "rtube_muzzle"!
Attempted to precache unknown particle system "rtube_muzzle"!
Attempted to precache unknown particle system "paint_hose"!
Attempted to precache unknown particle system "paint_hose"!
material "photos/photo_background" not found.
material "photos/photo_foreground" not found.
Script not found (scripts/vscripts/mapspawn.nut) 
Sending full update to Client gustavo (gustavo can't find frame from tick -1)
Receiving uncompressed update from server
Set Gravity 600.0 (0.250 tolerance)
Queued Material System: ENABLED!
DEBUG HISTORY IS ENABLED. Disable before release (in env_debughistory.h).
CreateEvent: event 'portal_player_touchedground' not registered.
material "" not found.
Redownloading all lightmaps
R_RedownloadAllLightmaps took 3.780 msec!
noclip ON
noclip OFF
CreateEvent: event 'portal_player_touchedground' not registered.
Dropped gustavo from server (Server shutting down)
Host_WriteConfiguration: Wrote cfg/config.cfg
Stopping All Sounds...
Stopping: Channel:64 player\fling_whoosh.wav
Stopping: Channel:68 weapons\portalgun\portal_ambient_loop1.wav
Stopping: Channel:69 weapons\portalgun\portal_ambient_loop1.wav
Stopping: Channel:66 vehicles\airboat\fan_blade_idle_loop1.wav
Stopping: Channel:67 vehicles\airboat\fan_blade_idle_loop1.wav
Queued Material System: DISABLED!
Datacenter::EnableUpdate( 0 ), current state = 0
Datacenter::RequestStop, time 16.44, state 0
Unable to remove c:\sourcecode\aperture-camera\game\valve\textwindow_temp.html!
Stopping All Sounds...
CreateEvent: event 'server_pre_shutdown' not registered.
CreateEvent: event 'server_shutdown' not registered.
Shutdown function ShutdownMixerControls() not in list!!!
NET_GetBindAddresses found 192.168.31.140: 'Realtek PCIe GbE Family Controller'
NET_GetBindAddresses found 26.133.72.161: 'Famatech Radmin VPN Ethernet Adapter'
NET_GetBindAddresses found 172.24.90.163: 'ZeroTier Virtual Port #2'
NET_GetBindAddresses found 10.147.17.76: 'ZeroTier Virtual Port #3'
NET_GetBindAddresses found 172.16.0.2: 'WireGuard Tunnel'
Network: IP 10.147.17.76, mode MP, dedicated No, ports 27015 SV / 27005 CL
Parent cvar in client.dll not allowed (rr_debugresponseconcept)
Parent cvar in client.dll not allowed (rr_dumpresponses)
Parent cvar in client.dll not allowed (rr_debugrule)
Parent cvar in client.dll not allowed (rr_debugresponses)
WARNING: unable to link rr_debugresponseconcept_exclude and rr_debugresponseconcept_exclude because one or more is a ConCommand.
Parent cvar in client.dll not allowed (movement_anim_playback_minrate)
WARNING: unable to link creditsdone and creditsdone because one or more is a ConCommand.
WARNING: unable to link rr_reloadresponsesystems and rr_reloadresponsesystems because one or more is a ConCommand.
CResponseSystem:  scripts\talker\response_rules.txt (2 rules, 2 criteria, and 2 responses)
maxplayers set to 1
We're happy and aperture_render_targets!Missing cfg\cpu_level_2_pc.ekv
Missing cfg\gpu_level_3_pc.ekv
Missing cfg\mem_level_2_pc.ekv
Missing cfg\gpu_mem_level_2_pc.ekv
Running -nogameui mode, using client module instead of gameui
Steam config directory: C:\SourceCode\aperture-camera\game\platform\config
No split screen config file 'splitscreen_config.txt', using defaults
Missing cfg\cpu_level_2_pc.ekv
Missing cfg\gpu_level_3_pc.ekv
Missing cfg\mem_level_2_pc.ekv
Missing cfg\gpu_mem_level_2_pc.ekv
CGameEventManager::AddListener: event 'replay_status' unknown.
CGameEventManager::AddListener: event 'spec_target_updated' unknown.
KV Conditional: Unknown symbol OSX
KV Conditional: Unknown symbol OSX
Hud element 'CHudControlHelper' doesn't have an entry 'HudControlHelper' in scripts/HudLayout.res
Hud element 'CHudIndicator' doesn't have an entry 'HudIndicator' in scripts/HudLayout.res
Hud element 'CHudViewfinder' doesn't have an entry 'HudViewfinder' in scripts/HudLayout.res
Hud element 'CHudPhotoInventory' doesn't have an entry 'HudPhotoInventory' in scripts/HudLayout.res
Hud element 'CHudPhotoFlash' doesn't have an entry 'HudPhotoInventory' in scripts/HudLayout.res
CResponseSystem:  scripts\talker\response_rules.txt (2 rules, 2 criteria, and 2 responses)
cc_lang = 
Missing cfg\cpu_level_2_pc.ekv
Missing cfg\gpu_level_3_pc.ekv
Missing cfg\mem_level_2_pc.ekv
Missing cfg\gpu_mem_level_2_pc.ekv
Sound Initialization: Start
DS:stereo speaker configuration detected
Set primary sound buffer format: yes
Using secondary sound buffer
   2 channel(s)
   16 bits/sample
   44100 samples/sec
DirectSound initialized
Stopping All Sounds...
Trying cache :  'c:/sourcecode/aperture-camera/game/valve/maps/soundcache/_master.cache'
Successfully loaded audio cache file
Sound Initialization: Finish, Sampling Rate: 44100
cc_lang = 
Legacy Surround disabled.
Stopping All Sounds...
Sound Initialization: Start
DS:stereo speaker configuration detected
Set primary sound buffer format: yes
Using secondary sound buffer
   2 channel(s)
   16 bits/sample
   44100 samples/sec
DirectSound initialized
Stopping All Sounds...
Trying cache :  'c:/sourcecode/aperture-camera/game/valve/maps/soundcache/_master.cache'
Successfully loaded audio cache file
Sound Initialization: Finish, Sampling Rate: 44100
Datacenter::RequestStart, time 1.65
Datacenter::RequestStop, time 1.65, state 1
Datacenter::RequestUpdate failed
Stopping All Sounds...
Stopping All Sounds...
---- Host_NewGame ----
Network: IP 10.147.17.76, mode SP, dedicated No, ports 0 SV / 0 CL
Network: IP 10.147.17.76, mode MP, dedicated No, ports 27015 SV / 27005 CL
#######################################
Map testroom_aperture missing stringtable dictionary, don't ship this way!!!
#######################################
Host_NewGame on map testroom_aperture
Set Gravity 600.0 (0.250 tolerance)
PrecacheScriptSound 'default.null' failed, no such sound script entry
weapons/v_portalgun.mdl : material "models/weapons/v_models/v_portalgun/v_hands" not found.
CreateEvent: event 'picked_up_paint' not registered.
PrecacheScriptSound 'Paintgun.FireLoop' failed, no such sound script entry
Direct precache of vehicles/airboat/pontoon_fast_water_loop2.wav
"materials/_rt_largephoto.vtf": can't be found on disk
Error Index File for 'weapons\w_cam.mdl' checksum 1322159438 should be 2037782653
Warning:  Can't add NULL string to table EffectDispatch
Failed to load models/weapons/v_cam.mdl!
Warning:  Can't add NULL string to table EffectDispatch
Error: Material "models/items/photo_capture01" : proxy "PhotoMaterial" not found!
"materials/null.vtf": can't be found on disk
Error reading weapon data file for: weapon_hopwire
Warning:  Can't add NULL string to table EffectDispatch
Warning:  Can't add NULL string to table EffectDispatch
Warning:  Can't add NULL string to table EffectDispatch
Warning:  Can't add NULL string to table EffectDispatch
Warning:  Can't add NULL string to table EffectDispatch
Warning:  Can't add NULL string to table EffectDispatch
Warning:  Can't add NULL string to table EffectDispatch
Warning:  Can't add NULL string to table EffectDispatch
Warning:  Can't add NULL string to table EffectDispatch
Warning:  Can't add NULL string to table EffectDispatch
Warning:  Can't add NULL string to table EffectDispatch
Warning:  Can't add NULL string to table EffectDispatch
Warning:  Can't add NULL string to table EffectDispatch
Script not found (scripts/vscripts/mapspawn.nut) 
Failed to CRC cfg/cpu_level_0_pc.ekv
Failed to CRC cfg/cpu_level_0_pc_ss.ekv
Failed to CRC cfg/cpu_level_1_pc.ekv
Failed to CRC cfg/cpu_level_1_pc_ss.ekv
Failed to CRC cfg/cpu_level_2_pc.ekv
Failed to CRC cfg/cpu_level_2_pc_ss.ekv
Failed to CRC cfg/gpu_level_0_pc.ekv
Failed to CRC cfg/gpu_level_1_pc.ekv
Failed to CRC cfg/gpu_level_2_pc.ekv
Failed to CRC cfg/gpu_level_3_pc.ekv
Failed to CRC cfg/mem_level_0_pc.ekv
Failed to CRC cfg/mem_level_1_pc.ekv
Failed to CRC cfg/mem_level_2_pc.ekv
Failed to CRC cfg/gpu_mem_level_0_pc.ekv
Failed to CRC cfg/gpu_mem_level_1_pc.ekv
Failed to CRC cfg/gpu_mem_level_2_pc.ekv
Failed to CRC scripts/asw_weapon_ammo_bag.txt
Failed to CRC scripts/asw_weapon_ammo_satchel.txt
Failed to CRC scripts/asw_weapon_autogun.txt
Failed to CRC scripts/asw_weapon_blink.txt
Failed to CRC scripts/asw_weapon_buff_grenade.txt
Failed to CRC scripts/asw_weapon_chainsaw.txt
Failed to CRC scripts/asw_weapon_electrified_armor.txt
Failed to CRC scripts/asw_weapon_fire_extinguisher.txt
Failed to CRC scripts/asw_weapon_fist.txt
Failed to CRC scripts/asw_weapon_flamer.txt
Failed to CRC scripts/asw_weapon_flares.txt
Failed to CRC scripts/asw_weapon_flashlight.txt
Failed to CRC scripts/asw_weapon_freeze_grenades.txt
Failed to CRC scripts/asw_weapon_grenades.txt
Failed to CRC scripts/asw_weapon_grenade_launcher.txt
Failed to CRC scripts/asw_weapon_heal_grenade.txt
Failed to CRC scripts/asw_weapon_heal_gun.txt
Failed to CRC scripts/asw_weapon_hornet_barrage.txt
Failed to CRC scripts/asw_weapon_jump_jet.txt
Failed to CRC scripts/asw_weapon_laser_mines.txt
Failed to CRC scripts/asw_weapon_medical_satchel.txt
Failed to CRC scripts/asw_weapon_medkit.txt
Failed to CRC scripts/asw_weapon_mines.txt
Failed to CRC scripts/asw_weapon_minigun.txt
Failed to CRC scripts/asw_weapon_mining_laser.txt
Failed to CRC scripts/asw_weapon_night_vision.txt
Failed to CRC scripts/asw_weapon_normal_armor.txt
Failed to CRC scripts/asw_weapon_pdw.txt
Failed to CRC scripts/asw_weapon_pistol.txt
Failed to CRC scripts/asw_weapon_prifle.txt
Failed to CRC scripts/asw_weapon_railgun.txt
Failed to CRC scripts/asw_weapon_rifle.txt
Failed to CRC scripts/asw_weapon_sentry.txt
Failed to CRC scripts/asw_weapon_sentry_cannon.txt
Failed to CRC scripts/asw_weapon_sentry_flamer.txt
Failed to CRC scripts/asw_weapon_sentry_freeze.txt
Failed to CRC scripts/asw_weapon_shotgun.txt
Failed to CRC scripts/asw_weapon_smart_bomb.txt
Failed to CRC scripts/asw_weapon_sniper_rifle.txt
Failed to CRC scripts/asw_weapon_stim.txt
Failed to CRC scripts/asw_weapon_tesla_gun.txt
Failed to CRC scripts/asw_weapon_tesla_trap.txt
Failed to CRC scripts/asw_weapon_vindicator.txt
Failed to CRC scripts/asw_weapon_welder.txt
Attempted to create unknown entity type prop_portal_linked_door!
Can't init prop_portal_linked_door
Attempted to create unknown entity type prop_portal_linked_door!
Can't init prop_portal_linked_door
props_farm\mousetrap.mdl : material "models/props_farm/mousetrap001" not found.
PrecacheScriptSound 'NPC_Android.Pain' failed, no such sound script entry
Attempted to create unknown entity type _squashed_zombie!
NULL Ent in UTIL_PrecacheOther
PrecacheScriptSound 'AndroidDispenser.Blocked' failed, no such sound script entry
PrecacheScriptSound 'AndroidDispenser.Dispense' failed, no such sound script entry
prop_dynamic at -872 0 128 uses model models/props_c17/furnituretable002a.mdl, which has propdata which means that it be used on a prop_physics. DELETED.
"materials/models/bot_fem/bot_male_exponent.vtf": can't be found on disk
npcs/hover_turret.mdl : material "models/props_bts/glados_ball_01" not found.
npcs/hover_turret.mdl : material "models/props_bts/glados_ball_02" not found.
npcs/hover_turret.mdl : material "models/props_bts/glados_ball_03" not found.
npcs/hover_turret.mdl : material "models/props_bts/glados_ball_04" not found.
Invalid file size for motd.txt
Invalid file size for host.txt
Created class baseline: 21 classes, 3088 bytes.
Heartbeat is disabled (usually developer or cheats is on).
m_eServerMode pre = 0
m_eServerMode post = 2
************************************************
*  Unable to load Steam support library.       *
*  This server will operate in LAN mode only.  *
************************************************
Heartbeat is disabled (usually developer or cheats is on).
Stopping All Sounds...
1.000:  Sending UDP connect to public IP 127.0.0.1:27015
Server using '<none>' lobbies, requiring pw no, lobby id 0
RememberIPAddressForLobby: lobby 0 from address loopback

Portal
Map: testroom_aperture
Players: 1 (0 bots) / 1 humans
Build: 6653
Server Number: 1

material "particle/particle_glow_05_add_15ob" not found.
Attempted to precache unknown particle system "portal_dematerialize"!
Attempted to precache unknown particle system "portal_rematerialize"!
material "overlays/coop_ping_decal" not found.
material "effects/huntertracer" not found.
Attempted to precache unknown particle system "rain_storm"!
Attempted to precache unknown particle system "rain_storm"!
Attempted to precache unknown particle system "rain_storm_screen"!
Attempted to precache unknown particle system "rain_storm_screen"!
Attempted to precache unknown particle system "rain_storm_outer"!
Attempted to precache unknown particle system "rain_storm_outer"!
Attempted to precache unknown particle system "rain"!
Attempted to precache unknown particle system "rain"!
Attempted to precache unknown particle system "rain_outer"!
Attempted to precache unknown particle system "rain_outer"!
Attempted to precache unknown particle system "ash"!
Attempted to precache unknown particle system "ash"!
Attempted to precache unknown particle system "ash_outer"!
Attempted to precache unknown particle system "ash_outer"!
Attempted to precache unknown particle system "snow"!
Attempted to precache unknown particle system "snow"!
Attempted to precache unknown particle system "snow_outer"!
Attempted to precache unknown particle system "snow_outer"!
Attempted to precache unknown particle system "rtube_muzzle"!
Attempted to precache unknown particle system "rtube_muzzle"!
Attempted to precache unknown particle system "paint_hose"!
Attempted to precache unknown particle system "paint_hose"!
material "photos/photo_background" not found.
material "photos/photo_foreground" not found.
Script not found (scripts/vscripts/mapspawn.nut) 
Sending full update to Client gustavo (gustavo can't find frame from tick -1)
Receiving uncompressed update from server
Set Gravity 600.0 (0.250 tolerance)
Queued Material System: ENABLED!
DEBUG HISTORY IS ENABLED. Disable before release (in env_debughistory.h).
CreateEvent: event 'portal_player_touchedground' not registered.
material "" not found.
Redownloading all lightmaps
R_RedownloadAllLightmaps took 3.774 msec!
noclip ON
noclip OFF
CreateEvent: event 'portal_player_touchedground' not registered.
CreateEvent: event 'portal_player_touchedground' not registered.
CreateEvent: event 'portal_player_touchedground' not registered.
CModelRenderSystem::SetupFlashlightsAndDecals sorted model list count incorrect! A model was probably unable to load!CModelRenderSystem::SetupFlashlightsAndDecals sorted model list count incorrect! A model was probably unable to load!CModelRenderSystem::SetupFlashlightsAndDecals sorted model list count incorrect! A model was probably unable to load!CModelRenderSystem::SetupFlashlightsAndDecals sorted model list count incorrect! A model was probably unable to load!CModelRenderSystem::SetupFlashlightsAndDecals sorted model list count incorrect! A model was probably unable to load!CModelRenderSystem::SetupFlashlightsAndDecals sorted model list count incorrect! A model was probably unable to load!CModelRenderSystem::SetupFlashlightsAndDecals sorted model list count incorrect! A model was probably unable to load!CModelRenderSystem::SetupFlashlightsAndDecals sorted model list count incorrect! A model was probably unable to load!CModelRenderSystem::SetupFlashlightsAndDecals sorted model list count incorrect! A model was probably unable to load!CModelRenderSystem::SetupFlashlightsAndDecals sorted model list count incorrect! A model was probably unable to load!CModelRenderSystem::SetupFlashlightsAndDecals sorted model list count incorrect! A model was probably unable to load!CModelRenderSystem::SetupFlashlightsAndDecals sorted model list count incorrect! A model was probably unable to load!CModelRenderSystem::SetupFlashlightsAndDecals sorted model list count incorrect! A model was probably unable to load!CModelRenderSystem::SetupFlashlightsAndDecals sorted model list count incorrect! A model was probably unable to load!CModelRenderSystem::SetupFlashlightsAndDecals sorted model list count incorrect! A model was probably unable to load!CModelRenderSystem::SetupFlashlightsAndDecals sorted model list count incorrect! A model was probably unable to load!CModelRenderSystem::SetupFlashlightsAndDecals sorted model list count incorrect! A model was probably unable to load!CModelRenderSystem::SetupFlashlightsAndDecals sorted model list count incorrect! A model was probably unable to load!CModelRenderSystem::SetupFlashlightsAndDecals sorted model list count incorrect! A model was probably unable to load!CModelRenderSystem::SetupFlashlightsAndDecals sorted model list count incorrect! A model was probably unable to load!CModelRenderSystem::SetupFlashlightsAndDecals sorted model list count incorrect! A model was probably unable to load!CModelRenderSystem::SetupFlashlightsAndDecals sorted model list count incorrect! A model was probably unable to load!CModelRenderSystem::SetupFlashlightsAndDecals sorted model list count incorrect! A model was probably unable to load!CModelRenderSystem::SetupFlashlightsAndDecals sorted model list count incorrect! A model was probably unable to load!CModelRenderSystem::SetupFlashlightsAndDecals sorted model list count incorrect! A model was probably unable to load!CModelRenderSystem::SetupFlashlightsAndDecals sorted model list count incorrect! A model was probably unable to load!CModelRenderSystem::SetupFlashlightsAndDecals sorted model list count incorrect! A model was probably unable to load!CModelRenderSystem::SetupFlashlightsAndDecals sorted model list count incorrect! A model was probably unable to load!CModelRenderSystem::SetupFlashlightsAndDecals sorted model list count incorrect! A model was probably unable to load!CModelRenderSystem::SetupFlashlightsAndDecals sorted model list count incorrect! A model was probably unable to load!CModelRenderSystem::SetupFlashlightsAndDecals sorted model list count incorrect! A model was probably unable to load!CModelRenderSystem::SetupFlashlightsAndDecals sorted model list count incorrect! A model was probably unable to load!CModelRenderSystem::SetupFlashlightsAndDecals sorted model list count incorrect! A model was probably unable to load!CModelRenderSystem::SetupFlashlightsAndDecals sorted model list count incorrect! A model was probably unable to load!CModelRenderSystem::SetupFlashlightsAndDecals sorted model list count incorrect! A model was probably unable to load!CModelRenderSystem::SetupFlashlightsAndDecals sorted model list count incorrect! A model was probably unable to load!CModelRenderSystem::SetupFlashlightsAndDecals sorted model list count incorrect! A model was probably unable to load!CModelRenderSystem::SetupFlashlightsAndDecals sorted model list count incorrect! A model was probably unable to load!CModelRenderSystem::SetupFlashlightsAndDecals sorted model list count incorrect! A model was probably unable to load!CModelRenderSystem::SetupFlashlightsAndDecals sorted model list count incorrect! A model was probably unable to load!CModelRenderSystem::SetupFlashlightsAndDecals sorted model list count incorrect! A model was probably unable to load!CModelRenderSystem::SetupFlashlightsAndDecals sorted model list count incorrect! A model was probably unable to load!CModelRenderSystem::SetupFlashlightsAndDecals sorted model list count incorrect! A model was probably unable to load!CModelRenderSystem::SetupFlashlightsAndDecals sorted model list count incorrect! A model was probably unable to load!CModelRenderSystem::SetupFlashlightsAndDecals sorted model list count incorrect! A model was probably unable to load!CModelRenderSystem::SetupFlashlightsAndDecals sorted model list count incorrect! A model was probably unable to load!CModelRenderSystem::SetupFlashlightsAndDecals sorted model list count incorrect! A model was probably unable to load!CModelRenderSystem::SetupFlashlightsAndDecals sorted model list count incorrect! A model was probably unable to load!CModelRenderSystem::SetupFlashlightsAndDecals sorted model list count incorrect! A model was probably unable to load!CModelRenderSystem::SetupFlashlightsAndDecals sorted model list count incorrect! A model was probably unable to load!CModelRenderSystem::SetupFlashlightsAndDecals sorted model list count incorrect! A model was probably unable to load!CModelRenderSystem::SetupFlashlightsAndDecals sorted model list count incorrect! A model was probably unable to load!CModelRenderSystem::SetupFlashlightsAndDecals sorted model list count incorrect! A model was probably unable to load!CModelRenderSystem::SetupFlashlightsAndDecals sorted model list count incorrect! A model was probably unable to load!CModelRenderSystem::SetupFlashlightsAndDecals sorted model list count incorrect! A model was probably unable to load!CModelRenderSystem::SetupFlashlightsAndDecals sorted model list count incorrect! A model was probably unable to load!CModelRenderSystem::SetupFlashlightsAndDecals sorted model list count incorrect! A model was probably unable to load!CModelRenderSystem::SetupFlashlightsAndDecals sorted model list count incorrect! A model was probably unable to load!CModelRenderSystem::SetupFlashlightsAndDecals sorted model list count incorrect! A model was probably unable to load!CModelRenderSystem::SetupFlashlightsAndDecals sorted model list count incorrect! A model was probably unable to load!CreateEvent: event 'portal_player_touchedground' not registered.
CModelRenderSystem::SetupFlashlightsAndDecals sorted model list count incorrect! A model was probably unable to load!CModelRenderSystem::SetupFlashlightsAndDecals sorted model list count incorrect! A model was probably unable to load!CModelRenderSystem::SetupFlashlightsAndDecals sorted model list count incorrect! A model was probably unable to load!CModelRenderSystem::SetupFlashlightsAndDecals sorted model list count incorrect! A model was probably unable to load!noclip ON
CModelRenderSystem::SetupFlashlightsAndDecals sorted model list count incorrect! A model was probably unable to load!CModelRenderSystem::SetupFlashlightsAndDecals sorted model list count incorrect! A model was probably unable to load!CModelRenderSystem::SetupFlashlightsAndDecals sorted model list count incorrect! A model was probably unable to load!CModelRenderSystem::SetupFlashlightsAndDecals sorted model list count incorrect! A model was probably unable to load!CModelRenderSystem::SetupFlashlightsAndDecals sorted model list count incorrect! A model was probably unable to load!CModelRenderSystem::SetupFlashlightsAndDecals sorted model list count incorrect! A model was probably unable to load!CModelRenderSystem::SetupFlashlightsAndDecals sorted model list count incorrect! A model was probably unable to load!CModelRenderSystem::SetupFlashlightsAndDecals sorted model list count incorrect! A model was probably unable to load!CModelRenderSystem::SetupFlashlightsAndDecals sorted model list count incorrect! A model was probably unable to load!CModelRenderSystem::SetupFlashlightsAndDecals sorted model list count incorrect! A model was probably unable to load!CModelRenderSystem::SetupFlashlightsAndDecals sorted model list count incorrect! A model was probably unable to load!CModelRenderSystem::SetupFlashlightsAndDecals sorted model list count incorrect! A model was probably unable to load!CModelRenderSystem::SetupFlashlightsAndDecals sorted model list count incorrect! A model was probably unable to load!CModelRenderSystem::SetupFlashlightsAndDecals sorted model list count incorrect! A model was probably unable to load!CModelRenderSystem::SetupFlashlightsAndDecals sorted model list count incorrect! A model was probably unable to load!CModelRenderSystem::SetupFlashlightsAndDecals sorted model list count incorrect! A model was probably unable to load!CModelRenderSystem::SetupFlashlightsAndDecals sorted model list count incorrect! A model was probably unable to load!CModelRenderSystem::SetupFlashlightsAndDecals sorted model list count incorrect! A model was probably unable to load!CModelRenderSystem::SetupFlashlightsAndDecals sorted model list count incorrect! A model was probably unable to load!CModelRenderSystem::SetupFlashlightsAndDecals sorted model list count incorrect! A model was probably unable to load!CModelRenderSystem::SetupFlashlightsAndDecals sorted model list count incorrect! A model was probably unable to load!CModelRenderSystem::SetupFlashlightsAndDecals sorted model list count incorrect! A model was probably unable to load!CModelRenderSystem::SetupFlashlightsAndDecals sorted model list count incorrect! A model was probably unable to load!CModelRenderSystem::SetupFlashlightsAndDecals sorted model list count incorrect! A model was probably unable to load!CModelRenderSystem::SetupFlashlightsAndDecals sorted model list count incorrect! A model was probably unable to load!CModelRenderSystem::SetupFlashlightsAndDecals sorted model list count incorrect! A model was probably unable to load!CModelRenderSystem::SetupFlashlightsAndDecals sorted model list count incorrect! A model was probably unable to load!CModelRenderSystem::SetupFlashlightsAndDecals sorted model list count incorrect! A model was probably unable to load!CModelRenderSystem::SetupFlashlightsAndDecals sorted model list count incorrect! A model was probably unable to load!CModelRenderSystem::SetupFlashlightsAndDecals sorted model list count incorrect! A model was probably unable to load!CModelRenderSystem::SetupFlashlightsAndDecals sorted model list count incorrect! A model was probably unable to load!CModelRenderSystem::SetupFlashlightsAndDecals sorted model list count incorrect! A model was probably unable to load!CModelRenderSystem::SetupFlashlightsAndDecals sorted model list count incorrect! A model was probably unable to load!CModelRenderSystem::SetupFlashlightsAndDecals sorted model list count incorrect! A model was probably unable to load!CModelRenderSystem::SetupFlashlightsAndDecals sorted model list count incorrect! A model was probably unable to load!CModelRenderSystem::SetupFlashlightsAndDecals sorted model list count incorrect! A model was probably unable to load!CModelRenderSystem::SetupFlashlightsAndDecals sorted model list count incorrect! A model was probably unable to load!CModelRenderSystem::SetupFlashlightsAndDecals sorted model list count incorrect! A model was probably unable to load!CModelRenderSystem::SetupFlashlightsAndDecals sorted model list count incorrect! A model was probably unable to load!CModelRenderSystem::SetupFlashlightsAndDecals sorted model list count incorrect! A model was probably unable to load!CModelRenderSystem::SetupFlashlightsAndDecals sorted model list count incorrect! A model was probably unable to load!CModelRenderSystem::SetupFlashlightsAndDecals sorted model list count incorrect! A model was probably unable to load!CModelRenderSystem::SetupFlashlightsAndDecals sorted model list count incorrect! A model was probably unable to load!CModelRenderSystem::SetupFlashlightsAndDecals sorted model list count incorrect! A model was probably unable to load!CModelRenderSystem::SetupFlashlightsAndDecals sorted model list count incorrect! A model was probably unable to load!CModelRenderSystem::SetupFlashlightsAndDecals sorted model list count incorrect! A model was probably unable to load!CModelRenderSystem::SetupFlashlightsAndDecals sorted model list count incorrect! A model was probably unable to load!CModelRenderSystem::SetupFlashlightsAndDecals sorted model list count incorrect! A model was probably unable to load!CModelRenderSystem::SetupFlashlightsAndDecals sorted model list count incorrect! A model was probably unable to load!CModelRenderSystem::SetupFlashlightsAndDecals sorted model list count incorrect! A model was probably unable to load!CModelRenderSystem::SetupFlashlightsAndDecals sorted model list count incorrect! A model was probably unable to load!CModelRenderSystem::SetupFlashlightsAndDecals sorted model list count incorrect! A model was probably unable to load!noclip OFF
CModelRenderSystem::SetupFlashlightsAndDecals sorted model list count incorrect! A model was probably unable to load!CModelRenderSystem::SetupFlashlightsAndDecals sorted model list count incorrect! A model was probably unable to load!CModelRenderSystem::SetupFlashlightsAndDecals sorted model list count incorrect! A model was probably unable to load!CModelRenderSystem::SetupFlashlightsAndDecals sorted model list count incorrect! A model was probably unable to load!CModelRenderSystem::SetupFlashlightsAndDecals sorted model list count incorrect! A model was probably unable to load!CModelRenderSystem::SetupFlashlightsAndDecals sorted model list count incorrect! A model was probably unable to load!CModelRenderSystem::SetupFlashlightsAndDecals sorted model list count incorrect! A model was probably unable to load!CModelRenderSystem::SetupFlashlightsAndDecals sorted model list count incorrect! A model was probably unable to load!CModelRenderSystem::SetupFlashlightsAndDecals sorted model list count incorrect! A model was probably unable to load!noclip ON
noclip OFF
noclip ON
noclip OFF
CModelRenderSystem::SetupFlashlightsAndDecals sorted model list count incorrect! A model was probably unable to load!CModelRenderSystem::SetupFlashlightsAndDecals sorted model list count incorrect! A model was probably unable to load!CModelRenderSystem::SetupFlashlightsAndDecals sorted model list count incorrect! A model was probably unable to load!CModelRenderSystem::SetupFlashlightsAndDecals sorted model list count incorrect! A model was probably unable to load!CModelRenderSystem::SetupFlashlightsAndDecals sorted model list count incorrect! A model was probably unable to load!CModelRenderSystem::SetupFlashlightsAndDecals sorted model list count incorrect! A model was probably unable to load!CModelRenderSystem::SetupFlashlightsAndDecals sorted model list count incorrect! A model was probably unable to load!CModelRenderSystem::SetupFlashlightsAndDecals sorted model list count incorrect! A model was probably unable to load!CModelRenderSystem::SetupFlashlightsAndDecals sorted model list count incorrect! A model was probably unable to load!CModelRenderSystem::SetupFlashlightsAndDecals sorted model list count incorrect! A model was probably unable to load!CModelRenderSystem::SetupFlashlightsAndDecals sorted model list count incorrect! A model was probably unable to load!CModelRenderSystem::SetupFlashlightsAndDecals sorted model list count incorrect! A model was probably unable to load!CModelRenderSystem::SetupFlashlightsAndDecals sorted model list count incorrect! A model was probably unable to load!CModelRenderSystem::SetupFlashlightsAndDecals sorted model list count incorrect! A model was probably unable to load!CModelRenderSystem::SetupFlashlightsAndDecals sorted model list count incorrect! A model was probably unable to load!CModelRenderSystem::SetupFlashlightsAndDecals sorted model list count incorrect! A model was probably unable to load!CModelRenderSystem::SetupFlashlightsAndDecals sorted model list count incorrect! A model was probably unable to load!CModelRenderSystem::SetupFlashlightsAndDecals sorted model list count incorrect! A model was probably unable to load!CModelRenderSystem::SetupFlashlightsAndDecals sorted model list count incorrect! A model was probably unable to load!CModelRenderSystem::SetupFlashlightsAndDecals sorted model list count incorrect! A model was probably unable to load!CModelRenderSystem::SetupFlashlightsAndDecals sorted model list count incorrect! A model was probably unable to load!CModelRenderSystem::SetupFlashlightsAndDecals sorted model list count incorrect! A model was probably unable to load!CModelRenderSystem::SetupFlashlightsAndDecals sorted model list count incorrect! A model was probably unable to load!CModelRenderSystem::SetupFlashlightsAndDecals sorted model list count incorrect! A model was probably unable to load!CModelRenderSystem::SetupFlashlightsAndDecals sorted model list count incorrect! A model was probably unable to load!CModelRenderSystem::SetupFlashlightsAndDecals sorted model list count incorrect! A model was probably unable to load!CModelRenderSystem::SetupFlashlightsAndDecals sorted model list count incorrect! A model was probably unable to load!CModelRenderSystem::SetupFlashlightsAndDecals sorted model list count incorrect! A model was probably unable to load!CModelRenderSystem::SetupFlashlightsAndDecals sorted model list count incorrect! A model was probably unable to load!CModelRenderSystem::SetupFlashlightsAndDecals sorted model list count incorrect! A model was probably unable to load!CModelRenderSystem::SetupFlashlightsAndDecals sorted model list count incorrect! A model was probably unable to load!CModelRenderSystem::SetupFlashlightsAndDecals sorted model list count incorrect! A model was probably unable to load!CModelRenderSystem::SetupFlashlightsAndDecals sorted model list count incorrect! A model was probably unable to load!CModelRenderSystem::SetupFlashlightsAndDecals sorted model list count incorrect! A model was probably unable to load!CModelRenderSystem::SetupFlashlightsAndDecals sorted model list count incorrect! A model was probably unable to load!CModelRenderSystem::SetupFlashlightsAndDecals sorted model list count incorrect! A model was probably unable to load!CModelRenderSystem::SetupFlashlightsAndDecals sorted model list count incorrect! A model was probably unable to load!CModelRenderSystem::SetupFlashlightsAndDecals sorted model list count incorrect! A model was probably unable to load!CModelRenderSystem::SetupFlashlightsAndDecals sorted model list count incorrect! A model was probably unable to load!CModelRenderSystem::SetupFlashlightsAndDecals sorted model list count incorrect! A model was probably unable to load!CModelRenderSystem::SetupFlashlightsAndDecals sorted model list count incorrect! A model was probably unable to load!CModelRenderSystem::SetupFlashlightsAndDecals sorted model list count incorrect! A model was probably unable to load!CModelRenderSystem::SetupFlashlightsAndDecals sorted model list count incorrect! A model was probably unable to load!CModelRenderSystem::SetupFlashlightsAndDecals sorted model list count incorrect! A model was probably unable to load!CModelRenderSystem::SetupFlashlightsAndDecals sorted model list count incorrect! A model was probably unable to load!CModelRenderSystem::SetupFlashlightsAndDecals sorted model list count incorrect! A model was probably unable to load!CModelRenderSystem::SetupFlashlightsAndDecals sorted model list count incorrect! A model was probably unable to load!CModelRenderSystem::SetupFlashlightsAndDecals sorted model list count incorrect! A model was probably unable to load!CModelRenderSystem::SetupFlashlightsAndDecals sorted model list count incorrect! A model was probably unable to load!CModelRenderSystem::SetupFlashlightsAndDecals sorted model list count incorrect! A model was probably unable to load!CModelRenderSystem::SetupFlashlightsAndDecals sorted model list count incorrect! A model was probably unable to load!CModelRenderSystem::SetupFlashlightsAndDecals sorted model list count incorrect! A model was probably unable to load!CModelRenderSystem::SetupFlashlightsAndDecals sorted model list count incorrect! A model was probably unable to load!CModelRenderSystem::SetupFlashlightsAndDecals sorted model list count incorrect! A model was probably unable to load!CModelRenderSystem::SetupFlashlightsAndDecals sorted model list count incorrect! A model was probably unable to load!CModelRenderSystem::SetupFlashlightsAndDecals sorted model list count incorrect! A model was probably unable to load!CModelRenderSystem::SetupFlashlightsAndDecals sorted model list count incorrect! A model was probably unable to load!CModelRenderSystem::SetupFlashlightsAndDecals sorted model list count incorrect! A model was probably unable to load!CModelRenderSystem::SetupFlashlightsAndDecals sorted model list count incorrect! A model was probably unable to load!CModelRenderSystem::SetupFlashlightsAndDecals sorted model list count incorrect! A model was probably unable to load!CModelRenderSystem::SetupFlashlightsAndDecals sorted model list count incorrect! A model was probably unable to load!CModelRenderSystem::SetupFlashlightsAndDecals sorted model list count incorrect! A model was probably unable to load!CModelRenderSystem::SetupFlashlightsAndDecals sorted model list count incorrect! A model was probably unable to load!CModelRenderSystem::SetupFlashlightsAndDecals sorted model list count incorrect! A model was probably unable to load!CModelRenderSystem::SetupFlashlightsAndDecals sorted model list count incorrect! A model was probably unable to load!CModelRenderSystem::SetupFlashlightsAndDecals sorted model list count incorrect! A model was probably unable to load!CModelRenderSystem::SetupFlashlightsAndDecals sorted model list count incorrect! A model was probably unable to load!CModelRenderSystem::SetupFlashlightsAndDecals sorted model list count incorrect! A model was probably unable to load!CModelRenderSystem::SetupFlashlightsAndDecals sorted model list count incorrect! A model was probably unable to load!CModelRenderSystem::SetupFlashlightsAndDecals sorted model list count incorrect! A model was probably unable to load!CModelRenderSystem::SetupFlashlightsAndDecals sorted model list count incorrect! A model was probably unable to load!CModelRenderSystem::SetupFlashlightsAndDecals sorted model list count incorrect! A model was probably unable to load!CModelRenderSystem::SetupFlashlightsAndDecals sorted model list count incorrect! A model was probably unable to load!CModelRenderSystem::SetupFlashlightsAndDecals sorted model list count incorrect! A model was probably unable to load!CModelRenderSystem::SetupFlashlightsAndDecals sorted model list count incorrect! A model was probably unable to load!CModelRenderSystem::SetupFlashlightsAndDecals sorted model list count incorrect! A model was probably unable to load!CModelRenderSystem::SetupFlashlightsAndDecals sorted model list count incorrect! A model was probably unable to load!CModelRenderSystem::SetupFlashlightsAndDecals sorted model list count incorrect! A model was probably unable to load!CModelRenderSystem::SetupFlashlightsAndDecals sorted model list count incorrect! A model was probably unable to load!CModelRenderSystem::SetupFlashlightsAndDecals sorted model list count incorrect! A model was probably unable to load!CModelRenderSystem::SetupFlashlightsAndDecals sorted model list count incorrect! A model was probably unable to load!CModelRenderSystem::SetupFlashlightsAndDecals sorted model list count incorrect! A model was probably unable to load!CModelRenderSystem::SetupFlashlightsAndDecals sorted model list count incorrect! A model was probably unable to load!CModelRenderSystem::SetupFlashlightsAndDecals sorted model list count incorrect! A model was probably unable to load!CModelRenderSystem::SetupFlashlightsAndDecals sorted model list count incorrect! A model was probably unable to load!CModelRenderSystem::SetupFlashlightsAndDecals sorted model list count incorrect! A model was probably unable to load!CModelRenderSystem::SetupFlashlightsAndDecals sorted model list count incorrect! A model was probably unable to load!CModelRenderSystem::SetupFlashlightsAndDecals sorted model list count incorrect! A model was probably unable to load!CModelRenderSystem::SetupFlashlightsAndDecals sorted model list count incorrect! A model was probably unable to load!CModelRenderSystem::SetupFlashlightsAndDecals sorted model list count incorrect! A model was probably unable to load!CModelRenderSystem::SetupFlashlightsAndDecals sorted model list count incorrect! A model was probably unable to load!CModelRenderSystem::SetupFlashlightsAndDecals sorted model list count incorrect! A model was probably unable to load!CModelRenderSystem::SetupFlashlightsAndDecals sorted model list count incorrect! A model was probably unable to load!CModelRenderSystem::SetupFlashlightsAndDecals sorted model list count incorrect! A model was probably unable to load!CModelRenderSystem::SetupFlashlightsAndDecals sorted model list count incorrect! A model was probably unable to load!CModelRenderSystem::SetupFlashlightsAndDecals sorted model list count incorrect! A model was probably unable to load!CModelRenderSystem::SetupFlashlightsAndDecals sorted model list count incorrect! A model was probably unable to load!CModelRenderSystem::SetupFlashlightsAndDecals sorted model list count incorrect! A model was probably unable to load!CModelRenderSystem::SetupFlashlightsAndDecals sorted model list count incorrect! A model was probably unable to load!CModelRenderSystem::SetupFlashlightsAndDecals sorted model list count incorrect! A model was probably unable to load!CModelRenderSystem::SetupFlashlightsAndDecals sorted model list count incorrect! A model was probably unable to load!CModelRenderSystem::SetupFlashlightsAndDecals sorted model list count incorrect! A model was probably unable to load!CModelRenderSystem::SetupFlashlightsAndDecals sorted model list count incorrect! A model was probably unable to load!CModelRenderSystem::SetupFlashlightsAndDecals sorted model list count incorrect! A model was probably unable to load!CModelRenderSystem::SetupFlashlightsAndDecals sorted model list count incorrect! A model was probably unable to load!CModelRenderSystem::SetupFlashlightsAndDecals sorted model list count incorrect! A model was probably unable to load!CModelRenderSystem::SetupFlashlightsAndDecals sorted model list count incorrect! A model was probably unable to load!noclip ON
CModelRenderSystem::SetupFlashlightsAndDecals sorted model list count incorrect! A model was probably unable to load!CModelRenderSystem::SetupFlashlightsAndDecals sorted model list count incorrect! A model was probably unable to load!CModelRenderSystem::SetupFlashlightsAndDecals sorted model list count incorrect! A model was probably unable to load!CModelRenderSystem::SetupFlashlightsAndDecals sorted model list count incorrect! A model was probably unable to load!CModelRenderSystem::SetupFlashlightsAndDecals sorted model list count incorrect! A model was probably unable to load!CModelRenderSystem::SetupFlashlightsAndDecals sorted model list count incorrect! A model was probably unable to load!CModelRenderSystem::SetupFlashlightsAndDecals sorted model list count incorrect! A model was probably unable to load!CModelRenderSystem::SetupFlashlightsAndDecals sorted model list count incorrect! A model was probably unable to load!CModelRenderSystem::SetupFlashlightsAndDecals sorted model list count incorrect! A model was probably unable to load!CModelRenderSystem::SetupFlashlightsAndDecals sorted model list count incorrect! A model was probably unable to load!CModelRenderSystem::SetupFlashlightsAndDecals sorted model list count incorrect! A model was probably unable to load!CModelRenderSystem::SetupFlashlightsAndDecals sorted model list count incorrect! A model was probably unable to load!CModelRenderSystem::SetupFlashlightsAndDecals sorted model list count incorrect! A model was probably unable to load!CModelRenderSystem::SetupFlashlightsAndDecals sorted model list count incorrect! A model was probably unable to load!CModelRenderSystem::SetupFlashlightsAndDecals sorted model list count incorrect! A model was probably unable to load!CModelRenderSystem::SetupFlashlightsAndDecals sorted model list count incorrect! A model was probably unable to load!CModelRenderSystem::SetupFlashlightsAndDecals sorted model list count incorrect! A model was probably unable to load!CModelRenderSystem::SetupFlashlightsAndDecals sorted model list count incorrect! A model was probably unable to load!CModelRenderSystem::SetupFlashlightsAndDecals sorted model list count incorrect! A model was probably unable to load!CModelRenderSystem::SetupFlashlightsAndDecals sorted model list count incorrect! A model was probably unable to load!CModelRenderSystem::SetupFlashlightsAndDecals sorted model list count incorrect! A model was probably unable to load!CModelRenderSystem::SetupFlashlightsAndDecals sorted model list count incorrect! A model was probably unable to load!CModelRenderSystem::SetupFlashlightsAndDecals sorted model list count incorrect! A model was probably unable to load!CModelRenderSystem::SetupFlashlightsAndDecals sorted model list count incorrect! A model was probably unable to load!CModelRenderSystem::SetupFlashlightsAndDecals sorted model list count incorrect! A model was probably unable to load!CModelRenderSystem::SetupFlashlightsAndDecals sorted model list count incorrect! A model was probably unable to load!CModelRenderSystem::SetupFlashlightsAndDecals sorted model list count incorrect! A model was probably unable to load!CModelRenderSystem::SetupFlashlightsAndDecals sorted model list count incorrect! A model was probably unable to load!CModelRenderSystem::SetupFlashlightsAndDecals sorted model list count incorrect! A model was probably unable to load!CModelRenderSystem::SetupFlashlightsAndDecals sorted model list count incorrect! A model was probably unable to load!CModelRenderSystem::SetupFlashlightsAndDecals sorted model list count incorrect! A model was probably unable to load!CModelRenderSystem::SetupFlashlightsAndDecals sorted model list count incorrect! A model was probably unable to load!CModelRenderSystem::SetupFlashlightsAndDecals sorted model list count incorrect! A model was probably unable to load!CModelRenderSystem::SetupFlashlightsAndDecals sorted model list count incorrect! A model was probably unable to load!CModelRenderSystem::SetupFlashlightsAndDecals sorted model list count incorrect! A model was probably unable to load!CModelRenderSystem::SetupFlashlightsAndDecals sorted model list count incorrect! A model was probably unable to load!CModelRenderSystem::SetupFlashlightsAndDecals sorted model list count incorrect! A model was probably unable to load!CModelRenderSystem::SetupFlashlightsAndDecals sorted model list count incorrect! A model was probably unable to load!CModelRenderSystem::SetupFlashlightsAndDecals sorted model list count incorrect! A model was probably unable to load!CModelRenderSystem::SetupFlashlightsAndDecals sorted model list count incorrect! A model was probably unable to load!CModelRenderSystem::SetupFlashlightsAndDecals sorted model list count incorrect! A model was probably unable to load!CModelRenderSystem::SetupFlashlightsAndDecals sorted model list count incorrect! A model was probably unable to load!CModelRenderSystem::SetupFlashlightsAndDecals sorted model list count incorrect! A model was probably unable to load!CModelRenderSystem::SetupFlashlightsAndDecals sorted model list count incorrect! A model was probably unable to load!CModelRenderSystem::SetupFlashlightsAndDecals sorted model list count incorrect! A model was probably unable to load!CModelRenderSystem::SetupFlashlightsAndDecals sorted model list count incorrect! A model was probably unable to load!CModelRenderSystem::SetupFlashlightsAndDecals sorted model list count incorrect! A model was probably unable to load!CModelRenderSystem::SetupFlashlightsAndDecals sorted model list count incorrect! A model was probably unable to load!CModelRenderSystem::SetupFlashlightsAndDecals sorted model list count incorrect! A model was probably unable to load!CModelRenderSystem::SetupFlashlightsAndDecals sorted model list count incorrect! A model was probably unable to load!CModelRenderSystem::SetupFlashlightsAndDecals sorted model list count incorrect! A model was probably unable to load!CModelRenderSystem::SetupFlashlightsAndDecals sorted model list count incorrect! A model was probably unable to load!CModelRenderSystem::SetupFlashlightsAndDecals sorted model list count incorrect! A model was probably unable to load!CModelRenderSystem::SetupFlashlightsAndDecals sorted model list count incorrect! A model was probably unable to load!CModelRenderSystem::SetupFlashlightsAndDecals sorted model list count incorrect! A model was probably unable to load!CModelRenderSystem::SetupFlashlightsAndDecals sorted model list count incorrect! A model was probably unable to load!CModelRenderSystem::SetupFlashlightsAndDecals sorted model list count incorrect! A model was probably unable to load!CModelRenderSystem::SetupFlashlightsAndDecals sorted model list count incorrect! A model was probably unable to load!CModelRenderSystem::SetupFlashlightsAndDecals sorted model list count incorrect! A model was probably unable to load!CModelRenderSystem::SetupFlashlightsAndDecals sorted model list count incorrect! A model was probably unable to load!CModelRenderSystem::SetupFlashlightsAndDecals sorted model list count incorrect! A model was probably unable to load!CModelRenderSystem::SetupFlashlightsAndDecals sorted model list count incorrect! A model was probably unable to load!CModelRenderSystem::SetupFlashlightsAndDecals sorted model list count incorrect! A model was probably unable to load!CModelRenderSystem::SetupFlashlightsAndDecals sorted model list count incorrect! A model was probably unable to load!CModelRenderSystem::SetupFlashlightsAndDecals sorted model list count incorrect! A model was probably unable to load!CModelRenderSystem::SetupFlashlightsAndDecals sorted model list count incorrect! A model was probably unable to load!CModelRenderSystem::SetupFlashlightsAndDecals sorted model list count incorrect! A model was probably unable to load!CModelRenderSystem::SetupFlashlightsAndDecals sorted model list count incorrect! A model was probably unable to load!CModelRenderSystem::SetupFlashlightsAndDecals sorted model list count incorrect! A model was probably unable to load!CModelRenderSystem::SetupFlashlightsAndDecals sorted model list count incorrect! A model was probably unable to load!CModelRenderSystem::SetupFlashlightsAndDecals sorted model list count incorrect! A model was probably unable to load!CModelRenderSystem::SetupFlashlightsAndDecals sorted model list count incorrect! A model was probably unable to load!CModelRenderSystem::SetupFlashlightsAndDecals sorted model list count incorrect! A model was probably unable to load!CModelRenderSystem::SetupFlashlightsAndDecals sorted model list count incorrect! A model was probably unable to load!CModelRenderSystem::SetupFlashlightsAndDecals sorted model list count incorrect! A model was probably unable to load!CModelRenderSystem::SetupFlashlightsAndDecals sorted model list count incorrect! A model was probably unable to load!CModelRenderSystem::SetupFlashlightsAndDecals sorted model list count incorrect! A model was probably unable to load!CModelRenderSystem::SetupFlashlightsAndDecals sorted model list count incorrect! A model was probably unable to load!CModelRenderSystem::SetupFlashlightsAndDecals sorted model list count incorrect! A model was probably unable to load!CModelRenderSystem::SetupFlashlightsAndDecals sorted model list count incorrect! A model was probably unable to load!CModelRenderSystem::SetupFlashlightsAndDecals sorted model list count incorrect! A model was probably unable to load!CModelRenderSystem::SetupFlashlightsAndDecals sorted model list count incorrect! A model was probably unable to load!CModelRenderSystem::SetupFlashlightsAndDecals sorted model list count incorrect! A model was probably unable to load!CModelRenderSystem::SetupFlashlightsAndDecals sorted model list count incorrect! A model was probably unable to load!CModelRenderSystem::SetupFlashlightsAndDecals sorted model list count incorrect! A model was probably unable to load!CModelRenderSystem::SetupFlashlightsAndDecals sorted model list count incorrect! A model was probably unable to load!noclip OFF
CreateEvent: event 'portal_player_touchedground' not registered.
noclip ON
noclip OFF
CreateEvent: event 'portal_player_touchedground' not registered.
noclip ON
noclip OFF
CreateEvent: event 'portal_player_touchedground' not registered.
noclip ON
noclip OFF
CreateEvent: event 'portal_player_touchedground' not registered.
Dropped gustavo from server (Server shutting down)
Host_WriteConfiguration: Wrote cfg/config.cfg
Stopping All Sounds...
Stopping: Channel:64 player\fling_whoosh.wav
Stopping: Channel:69 weapons\portalgun\portal_ambient_loop1.wav
Stopping: Channel:68 weapons\portalgun\portal_ambient_loop1.wav
Stopping: Channel:66 vehicles\airboat\fan_blade_idle_loop1.wav
Stopping: Channel:67 vehicles\airboat\fan_blade_idle_loop1.wav
Stopping: Channel:70 ambient\gas\cannister_loop.wav
Stopping: Channel:65 ambient\gas\cannister_loop.wav
Queued Material System: DISABLED!
Datacenter::EnableUpdate( 0 ), current state = 0
Datacenter::RequestStop, time 26.98, state 0
Unable to remove c:\sourcecode\aperture-camera\game\valve\textwindow_temp.html!
Stopping All Sounds...
CreateEvent: event 'server_pre_shutdown' not registered.
CreateEvent: event 'server_shutdown' not registered.
Shutdown function ShutdownMixerControls() not in list!!!
