// Created by Crowbar 0.74
version 1
nodes
  0 "ValveBiped.Bip01" -1
  1 "ValveBiped.Bip01_Spine" 0
  2 "ValveBiped.Bip01_Spine1" 1
  3 "ValveBiped.Bip01_Spine2" 2
  4 "ValveBiped.Bip01_Spine4" 3
  5 "ValveBiped.Bip01_L_Clavicle" 4
  6 "ValveBiped.Bip01_L_UpperArm" 5
  7 "ValveBiped.Bip01_L_Forearm" 6
  8 "ValveBiped.Bip01_L_Hand" 7
  9 "ValveBiped.Bip01_L_Finger4" 8
  10 "ValveBiped.Bip01_L_Finger41" 9
  11 "ValveBiped.Bip01_L_Finger42" 10
  12 "ValveBiped.Bip01_L_Finger3" 8
  13 "ValveBiped.Bip01_L_Finger31" 12
  14 "ValveBiped.Bip01_L_Finger32" 13
  15 "ValveBiped.Bip01_L_Finger2" 8
  16 "ValveBiped.Bip01_L_Finger21" 15
  17 "ValveBiped.Bip01_L_Finger22" 16
  18 "ValveBiped.Bip01_L_Finger1" 8
  19 "ValveBiped.Bip01_L_Finger11" 18
  20 "ValveBiped.Bip01_L_Finger12" 19
  21 "ValveBiped.Bip01_L_Finger0" 8
  22 "ValveBiped.Bip01_L_Finger01" 21
  23 "ValveBiped.Bip01_L_Finger02" 22
  24 "ValveBiped.Bip01_R_Clavicle" 4
  25 "ValveBiped.Bip01_R_UpperArm" 24
  26 "ValveBiped.Bip01_R_Forearm" 25
  27 "ValveBiped.Bip01_R_Hand" 26
  28 "ValveBiped.Bip01_R_Finger4" 27
  29 "ValveBiped.Bip01_R_Finger41" 28
  30 "ValveBiped.Bip01_R_Finger42" 29
  31 "ValveBiped.Bip01_R_Finger3" 27
  32 "ValveBiped.Bip01_R_Finger31" 31
  33 "ValveBiped.Bip01_R_Finger32" 32
  34 "ValveBiped.Bip01_R_Finger2" 27
  35 "ValveBiped.Bip01_R_Finger21" 34
  36 "ValveBiped.Bip01_R_Finger22" 35
  37 "ValveBiped.Bip01_R_Finger1" 27
  38 "ValveBiped.Bip01_R_Finger11" 37
  39 "ValveBiped.Bip01_R_Finger12" 38
  40 "ValveBiped.Bip01_R_Finger0" 27
  41 "ValveBiped.Bip01_R_Finger01" 40
  42 "ValveBiped.Bip01_R_Finger02" 41
  43 "ValveBiped.Photograph" 27
  44 "ValveBiped.paper1" 43
  45 "ValveBiped.paper2" 44
  46 "ValveBiped.paper3" 45
  47 "ValveBiped.Camera" 27
end
skeleton
  time 0
    0 -0.000003 -13.531250 -29.421875 1.570792 0.000003 -0.000003
    1 0.000000 3.345131 -2.981898 1.570796 0.083192 1.570795
    2 4.015625 0.000001 0.000000 0.000000 -0.000001 -0.028819
    3 3.520294 0.000005 -0.000006 0.000000 0.000000 0.097311
    4 8.929688 -0.000001 0.000000 0.000000 0.000001 0.186405
    5 2.035156 0.997070 1.937500 1.589735 -1.286517 2.950158
    6 6.028159 -0.000069 0.000009 -1.575890 0.049155 -1.169438
    7 11.692566 0.000046 0.000011 -0.000002 0.000000 -0.060376
    8 11.481682 0.000088 -0.000031 1.568292 -0.038710 0.036026
    9 3.857422 -0.139526 -1.191406 -0.363882 0.112047 -0.355498
    10 1.312565 -0.000008 0.000000 -0.000002 0.054404 -0.409012
    11 0.729366 0.000002 -0.000002 -0.000001 0.040754 -0.240990
    12 3.941406 0.046936 -0.435059 -0.101499 0.042182 -0.269683
    13 1.539091 0.000008 -0.000002 0.000000 0.003737 -0.247812
    14 1.196321 0.000000 -0.000002 -0.000001 0.006168 -0.430818
    15 3.880859 -0.043091 0.427490 0.090105 -0.011419 -0.132542
    16 1.719578 0.000023 -0.000021 -0.000005 -0.020423 -0.365964
    17 1.209181 -0.000004 -0.000001 0.000001 -0.011427 -0.216116
    18 3.863281 -0.136475 1.332031 0.320642 -0.041405 -0.125801
    19 1.719431 -0.000023 0.000019 0.000001 -0.106227 -0.347813
    20 1.099676 0.000000 0.000006 0.000004 -0.067955 -0.234890
    21 0.807129 -0.346924 1.320313 -1.243196 -0.551768 -0.740654
    22 1.789787 0.000006 0.000006 -0.000002 -0.003712 0.228604
    23 1.207012 0.000011 0.000000 -0.000001 -0.005667 0.362993
    24 2.035156 0.997070 -1.937500 -1.661572 1.286515 2.950150
    25 6.028144 -0.000011 0.000002 1.921074 0.524492 -0.494183
    26 12.301971 -1.003936 0.937532 0.739984 -0.006268 -1.589958
    27 11.481657 0.000043 0.000019 -1.806934 0.439613 -0.295226
    28 3.858240 -0.131699 1.199994 0.390527 -0.101410 -0.916423
    29 1.312567 0.000000 0.000000 0.094358 -0.148302 -1.023361
    30 0.729362 0.000004 0.000003 0.246478 -0.201514 -1.343121
    31 3.941981 0.050872 0.435162 0.108940 0.058963 -0.470260
    32 1.539089 0.000008 0.000003 0.081999 -0.072597 -1.490925
    33 1.196316 0.000004 0.000005 0.030667 -0.074741 -1.027947
    34 3.880859 -0.047028 -0.427490 -0.079036 0.162996 -0.514648
    35 1.719567 0.000023 0.000016 -0.048600 0.058551 -1.498659
    36 1.209175 0.000008 0.000005 -0.038127 -0.010975 -1.196747
    37 3.867399 -0.148186 -1.324350 -0.424029 0.413272 -0.567318
    38 1.719419 -0.000008 -0.000008 -0.103004 0.275398 -0.995724
    39 1.099667 -0.000004 -0.000001 -0.048647 0.108807 -0.506629
    40 0.811502 -0.358881 -1.312777 1.391884 0.446153 -0.556740
    41 1.789783 -0.000002 -0.000002 0.030300 -0.047271 0.412855
    42 1.207001 0.000009 0.000000 -0.006735 -0.074450 -0.170094
    43 5.073761 -4.063510 -2.918343 3.826595 -0.063832 -1.771607
    44 0.000000 0.196712 0.000000 1.570797 0.000000 0.000001
    45 0.000002 2.032589 0.000000 0.000000 0.000000 0.000000
    46 0.000002 1.571991 0.000000 0.000000 0.000000 0.000000
    47 3.775905 -5.485672 -0.527956 -2.248292 -0.133225 -1.641886
  time 1
    0 -0.000003 -13.531250 -29.421875 1.570792 0.000003 -0.000003
    1 0.000000 3.345131 -2.981898 1.570796 0.083192 1.570795
    2 4.015625 0.000001 0.000000 0.000000 -0.000001 -0.028819
    3 3.520294 0.000005 -0.000006 0.000000 0.000000 0.097311
    4 8.929688 -0.000001 0.000000 0.000000 0.000001 0.186405
    5 2.035156 0.997070 1.937500 1.589735 -1.286517 2.950158
    6 6.028159 -0.000069 0.000009 -1.575890 0.049155 -1.169438
    7 11.692566 0.000046 0.000011 -0.000002 0.000000 -0.060376
    8 11.481682 0.000088 -0.000031 1.568292 -0.038710 0.036026
    9 3.857422 -0.139526 -1.191406 -0.363882 0.112047 -0.355498
    10 1.312565 -0.000008 0.000000 -0.000002 0.054404 -0.409012
    11 0.729366 0.000002 -0.000002 -0.000001 0.040754 -0.240990
    12 3.941406 0.046936 -0.435059 -0.101499 0.042182 -0.269683
    13 1.539091 0.000008 -0.000002 0.000000 0.003737 -0.247812
    14 1.196321 0.000000 -0.000002 -0.000001 0.006168 -0.430818
    15 3.880859 -0.043091 0.427490 0.090105 -0.011419 -0.132542
    16 1.719578 0.000023 -0.000021 -0.000005 -0.020423 -0.365964
    17 1.209181 -0.000004 -0.000001 0.000001 -0.011427 -0.216116
    18 3.863281 -0.136475 1.332031 0.320642 -0.041405 -0.125801
    19 1.719431 -0.000023 0.000019 0.000001 -0.106227 -0.347813
    20 1.099676 0.000000 0.000006 0.000004 -0.067955 -0.234890
    21 0.807129 -0.346924 1.320313 -1.243196 -0.551768 -0.740654
    22 1.789787 0.000006 0.000006 -0.000002 -0.003712 0.228604
    23 1.207012 0.000011 0.000000 -0.000001 -0.005667 0.362993
    24 2.035156 0.997070 -1.937500 -1.661572 1.286515 2.950150
    25 6.028144 -0.000011 0.000002 1.921074 0.524492 -0.494183
    26 12.301971 -1.003936 0.937532 0.738403 -0.006571 -1.589263
    27 11.481657 0.000043 0.000019 -1.807143 0.439657 -0.295094
    28 3.858240 -0.131699 1.199994 0.390527 -0.101410 -0.916423
    29 1.312567 0.000000 0.000000 0.094358 -0.148302 -1.023361
    30 0.729362 0.000004 0.000003 0.246478 -0.201514 -1.343121
    31 3.941981 0.050872 0.435162 0.108940 0.058963 -0.470260
    32 1.539089 0.000008 0.000003 0.081999 -0.072597 -1.490887
    33 1.196316 0.000004 0.000005 0.030667 -0.074741 -1.027947
    34 3.880859 -0.047028 -0.427490 -0.079036 0.162996 -0.514648
    35 1.719567 0.000023 0.000016 -0.048600 0.058551 -1.498659
    36 1.209175 0.000008 0.000005 -0.038127 -0.010975 -1.196747
    37 3.867399 -0.148186 -1.324350 -0.424029 0.413272 -0.567318
    38 1.719419 -0.000008 -0.000008 -0.103004 0.275398 -0.995724
    39 1.099667 -0.000004 -0.000001 -0.048647 0.108807 -0.506629
    40 0.811502 -0.358881 -1.312777 1.391884 0.446153 -0.556740
    41 1.789783 -0.000002 -0.000002 0.030300 -0.047271 0.412855
    42 1.207001 0.000009 0.000000 -0.006735 -0.074450 -0.170094
    43 5.073761 -4.063510 -2.918343 3.826595 -0.063832 -1.771607
    44 0.000000 0.196712 0.000000 1.570797 0.000000 0.000001
    45 0.000002 2.032589 0.000000 -0.000539 0.000000 0.000000
    46 0.000002 1.571991 0.000000 -0.000515 0.000000 0.000000
    47 3.775905 -5.485672 -0.527956 -2.248292 -0.133225 -1.641886
  time 2
    0 -0.000003 -13.531250 -29.421875 1.570792 0.000003 -0.000003
    1 0.000000 3.345131 -2.981898 1.570796 0.083192 1.570795
    2 4.015625 0.000001 0.000000 0.000000 -0.000001 -0.028819
    3 3.520294 0.000005 -0.000006 0.000000 0.000000 0.097311
    4 8.929688 -0.000001 0.000000 0.000000 0.000001 0.186405
    5 2.035156 0.997070 1.937500 1.589735 -1.286517 2.950158
    6 6.028159 -0.000069 0.000009 -1.575890 0.049155 -1.169438
    7 11.692566 0.000046 0.000011 -0.000002 0.000000 -0.060376
    8 11.481682 0.000088 -0.000031 1.568292 -0.038710 0.036026
    9 3.857422 -0.139526 -1.191406 -0.363882 0.112047 -0.355498
    10 1.312565 -0.000008 0.000000 -0.000002 0.054404 -0.409012
    11 0.729366 0.000002 -0.000002 -0.000001 0.040754 -0.240990
    12 3.941406 0.046936 -0.435059 -0.101499 0.042182 -0.269683
    13 1.539091 0.000008 -0.000002 0.000000 0.003737 -0.247812
    14 1.196321 0.000000 -0.000002 -0.000001 0.006168 -0.430818
    15 3.880859 -0.043091 0.427490 0.090105 -0.011419 -0.132542
    16 1.719578 0.000023 -0.000021 -0.000005 -0.020423 -0.365964
    17 1.209181 -0.000004 -0.000001 0.000001 -0.011427 -0.216116
    18 3.863281 -0.136475 1.332031 0.320642 -0.041405 -0.125801
    19 1.719431 -0.000023 0.000019 0.000001 -0.106227 -0.347813
    20 1.099676 0.000000 0.000006 0.000004 -0.067955 -0.234890
    21 0.807129 -0.346924 1.320313 -1.243196 -0.551768 -0.740654
    22 1.789787 0.000006 0.000006 -0.000002 -0.003712 0.228604
    23 1.207012 0.000011 0.000000 -0.000001 -0.005667 0.362993
    24 2.035156 0.997070 -1.937500 -1.661572 1.286515 2.950150
    25 6.028144 -0.000011 0.000002 1.921074 0.524492 -0.494183
    26 12.301971 -1.003936 0.937532 0.733570 -0.007507 -1.587018
    27 11.481657 0.000043 0.000019 -1.807809 0.439774 -0.294675
    28 3.854334 -0.131699 1.199994 0.390527 -0.101410 -0.916423
    29 1.312567 0.000000 0.000000 0.094358 -0.148302 -1.023361
    30 0.729362 0.000004 0.000003 0.246478 -0.201514 -1.343121
    31 3.941981 0.050872 0.435162 0.108940 0.058963 -0.470260
    32 1.539089 0.000008 0.000003 0.081999 -0.072597 -1.490887
    33 1.196316 0.000004 0.000005 0.030667 -0.074741 -1.027947
    34 3.880859 -0.047028 -0.427490 -0.079036 0.162996 -0.514648
    35 1.719567 0.000023 0.000016 -0.048600 0.058551 -1.498659
    36 1.209175 0.000008 0.000005 -0.038127 -0.010975 -1.196747
    37 3.867399 -0.148186 -1.324350 -0.424029 0.413272 -0.567318
    38 1.719419 -0.000008 -0.000008 -0.103004 0.275398 -0.995724
    39 1.099667 -0.000004 -0.000001 -0.048647 0.108807 -0.506629
    40 0.811502 -0.358881 -1.312777 1.391884 0.446153 -0.556740
    41 1.789783 -0.000002 -0.000002 0.030300 -0.047271 0.412855
    42 1.207001 0.000009 0.000000 -0.006735 -0.074450 -0.170094
    43 5.073761 -4.063510 -2.918343 3.826595 -0.063832 -1.771607
    44 0.000000 0.196712 0.000000 1.570797 0.000000 0.000001
    45 0.000002 2.032589 0.000000 -0.002181 0.000000 0.000000
    46 0.000002 1.571991 0.000000 -0.002085 0.000000 0.000000
    47 3.775905 -5.485672 -0.527956 -2.248292 -0.133225 -1.641886
  time 3
    0 -0.000003 -13.531250 -29.421875 1.570792 0.000003 -0.000003
    1 0.000000 3.345131 -2.981898 1.570796 0.083192 1.570795
    2 4.015625 0.000001 0.000000 0.000000 -0.000001 -0.028819
    3 3.520294 0.000005 -0.000006 0.000000 0.000000 0.097311
    4 8.929688 -0.000001 0.000000 0.000000 0.000001 0.186405
    5 2.035156 0.997070 1.937500 1.589735 -1.286517 2.950158
    6 6.028159 -0.000069 0.000009 -1.575890 0.049155 -1.169438
    7 11.692566 0.000046 0.000011 -0.000002 0.000000 -0.060376
    8 11.481682 0.000088 -0.000031 1.568292 -0.038710 0.036026
    9 3.857422 -0.139526 -1.191406 -0.363882 0.112047 -0.355498
    10 1.312565 -0.000008 0.000000 -0.000002 0.054404 -0.409012
    11 0.729366 0.000002 -0.000002 -0.000001 0.040754 -0.240990
    12 3.941406 0.046936 -0.435059 -0.101499 0.042182 -0.269683
    13 1.539091 0.000008 -0.000002 0.000000 0.003737 -0.247812
    14 1.196321 0.000000 -0.000002 -0.000001 0.006168 -0.430818
    15 3.880859 -0.043091 0.427490 0.090105 -0.011419 -0.132542
    16 1.719578 0.000023 -0.000021 -0.000005 -0.020423 -0.365964
    17 1.209181 -0.000004 -0.000001 0.000001 -0.011427 -0.216116
    18 3.863281 -0.136475 1.332031 0.320642 -0.041405 -0.125801
    19 1.719431 -0.000023 0.000019 0.000001 -0.106227 -0.347813
    20 1.099676 0.000000 0.000006 0.000004 -0.067955 -0.234890
    21 0.807129 -0.346924 1.320313 -1.243196 -0.551768 -0.740654
    22 1.789787 0.000006 0.000006 -0.000002 -0.003712 0.228604
    23 1.207012 0.000011 0.000000 -0.000001 -0.005667 0.362993
    24 2.035156 0.997070 -1.937500 -1.661572 1.286515 2.950150
    25 6.028144 -0.000011 0.000002 1.921074 0.524492 -0.494183
    26 12.301971 -1.003936 0.937532 0.725350 -0.009150 -1.583170
    27 11.481657 0.000043 0.000019 -1.809006 0.439980 -0.293920
    28 3.858240 -0.131699 1.199994 0.390527 -0.101410 -0.916423
    29 1.312567 0.000000 0.000000 0.094358 -0.148302 -1.023361
    30 0.729362 0.000004 0.000003 0.246478 -0.201514 -1.343121
    31 3.941981 0.050872 0.435162 0.108940 0.058963 -0.470260
    32 1.539089 0.000008 0.000003 0.081999 -0.072597 -1.490887
    33 1.196316 0.000004 0.000005 0.030667 -0.074741 -1.027947
    34 3.880859 -0.047028 -0.427490 -0.079036 0.162996 -0.514648
    35 1.719567 0.000023 0.000016 -0.048600 0.058551 -1.498659
    36 1.209175 0.000008 0.000005 -0.038127 -0.010975 -1.196747
    37 3.867399 -0.148186 -1.324350 -0.424029 0.413272 -0.567318
    38 1.719419 -0.000008 -0.000008 -0.103004 0.275398 -0.995724
    39 1.099667 -0.000004 -0.000001 -0.048647 0.108807 -0.506629
    40 0.811502 -0.358881 -1.312777 1.391884 0.446153 -0.556740
    41 1.789783 -0.000002 -0.000002 0.030300 -0.047271 0.412855
    42 1.207001 0.000009 0.000000 -0.006735 -0.074450 -0.170094
    43 5.073761 -4.063510 -2.918343 3.826595 -0.063832 -1.771607
    44 0.000000 0.196712 0.000000 1.570797 0.000000 0.000001
    45 0.000002 2.032589 0.000000 -0.004914 0.000000 0.000000
    46 0.000002 1.571991 0.000000 -0.004710 0.000000 0.000000
    47 3.775905 -5.485672 -0.527956 -2.248292 -0.133225 -1.641886
  time 4
    0 -0.000003 -13.531250 -29.421875 1.570792 0.000003 -0.000003
    1 0.000000 3.345131 -2.981898 1.570796 0.083192 1.570795
    2 4.015625 0.000001 0.000000 0.000000 -0.000001 -0.028819
    3 3.520294 0.000005 -0.000006 0.000000 0.000000 0.097311
    4 8.929688 -0.000001 0.000000 0.000000 0.000001 0.186405
    5 2.035156 0.997070 1.937500 1.589735 -1.286517 2.950158
    6 6.028159 -0.000069 0.000009 -1.575890 0.049155 -1.169438
    7 11.692566 0.000046 0.000011 -0.000002 0.000000 -0.060376
    8 11.481682 0.000088 -0.000031 1.568292 -0.038710 0.036026
    9 3.857422 -0.139526 -1.191406 -0.363882 0.112047 -0.355498
    10 1.312565 -0.000008 0.000000 -0.000002 0.054404 -0.409012
    11 0.729366 0.000002 -0.000002 -0.000001 0.040754 -0.240990
    12 3.941406 0.046936 -0.435059 -0.101499 0.042182 -0.269683
    13 1.539091 0.000008 -0.000002 0.000000 0.003737 -0.247812
    14 1.196321 0.000000 -0.000002 -0.000001 0.006168 -0.430818
    15 3.880859 -0.043091 0.427490 0.090105 -0.011419 -0.132542
    16 1.719578 0.000023 -0.000021 -0.000005 -0.020423 -0.365964
    17 1.209181 -0.000004 -0.000001 0.000001 -0.011427 -0.216116
    18 3.863281 -0.136475 1.332031 0.320642 -0.041405 -0.125801
    19 1.719431 -0.000023 0.000019 0.000001 -0.106227 -0.347813
    20 1.099676 0.000000 0.000006 0.000004 -0.067955 -0.234890
    21 0.807129 -0.346924 1.320313 -1.243196 -0.551768 -0.740654
    22 1.789787 0.000006 0.000006 -0.000002 -0.003712 0.228604
    23 1.207012 0.000011 0.000000 -0.000001 -0.005667 0.362993
    24 2.035156 0.997070 -1.937500 -1.661572 1.286515 2.950150
    25 6.028144 -0.000011 0.000002 1.921074 0.524492 -0.494183
    26 12.301971 -1.003936 0.937532 0.713674 -0.011542 -1.577557
    27 11.481657 0.000043 0.000019 -1.810736 0.440274 -0.292829
    28 3.854334 -0.131699 1.199994 0.390527 -0.101410 -0.916423
    29 1.312567 0.000000 0.000000 0.094358 -0.148302 -1.023361
    30 0.729362 0.000004 0.000003 0.246478 -0.201514 -1.343121
    31 3.941981 0.050872 0.435162 0.108940 0.058963 -0.470260
    32 1.539089 0.000008 0.000003 0.081999 -0.072597 -1.490887
    33 1.196316 0.000004 0.000005 0.030667 -0.074741 -1.027947
    34 3.880859 -0.047028 -0.427490 -0.079036 0.162996 -0.514648
    35 1.719567 0.000023 0.000016 -0.048600 0.058563 -1.498659
    36 1.209175 0.000008 0.000005 -0.038127 -0.010975 -1.196747
    37 3.867399 -0.148186 -1.324350 -0.424029 0.413272 -0.567318
    38 1.719419 -0.000008 -0.000008 -0.103004 0.275398 -0.995724
    39 1.099667 -0.000004 -0.000001 -0.048647 0.108807 -0.506629
    40 0.811502 -0.358881 -1.312777 1.391884 0.446153 -0.556740
    41 1.789783 -0.000002 -0.000002 0.030300 -0.047271 0.412855
    42 1.207001 0.000009 0.000000 -0.006735 -0.074450 -0.170094
    43 5.073761 -4.063510 -2.918343 3.826595 -0.063832 -1.771607
    44 0.000000 0.196712 0.000000 1.570797 0.000000 0.000001
    45 0.000002 2.032589 0.000000 -0.008689 0.000000 0.000000
    46 0.000002 1.571991 0.000000 -0.008329 0.000000 0.000000
    47 3.775905 -5.485672 -0.527956 -2.248292 -0.133225 -1.641886
  time 5
    0 -0.000003 -13.531250 -29.421875 1.570792 0.000003 -0.000003
    1 0.000000 3.345131 -2.981898 1.570796 0.083192 1.570795
    2 4.015625 0.000001 0.000000 0.000000 -0.000001 -0.028819
    3 3.520294 0.000005 -0.000006 0.000000 0.000000 0.097311
    4 8.929688 -0.000001 0.000000 0.000000 0.000001 0.186405
    5 2.035156 0.997070 1.937500 1.589735 -1.286517 2.950158
    6 6.028159 -0.000069 0.000009 -1.575890 0.049155 -1.169438
    7 11.692566 0.000046 0.000011 -0.000002 0.000000 -0.060376
    8 11.481682 0.000088 -0.000031 1.568292 -0.038710 0.036026
    9 3.857422 -0.139526 -1.191406 -0.363882 0.112047 -0.355498
    10 1.312565 -0.000008 0.000000 -0.000002 0.054404 -0.409012
    11 0.729366 0.000002 -0.000002 -0.000001 0.040754 -0.240990
    12 3.941406 0.046936 -0.435059 -0.101499 0.042182 -0.269683
    13 1.539091 0.000008 -0.000002 0.000000 0.003737 -0.247812
    14 1.196321 0.000000 -0.000002 -0.000001 0.006168 -0.430818
    15 3.880859 -0.043091 0.427490 0.090105 -0.011419 -0.132542
    16 1.719578 0.000023 -0.000021 -0.000005 -0.020423 -0.365964
    17 1.209181 -0.000004 -0.000001 0.000001 -0.011427 -0.216116
    18 3.863281 -0.136475 1.332031 0.320642 -0.041405 -0.125801
    19 1.719431 -0.000023 0.000019 0.000001 -0.106227 -0.347813
    20 1.099676 0.000000 0.000006 0.000004 -0.067955 -0.234890
    21 0.807129 -0.346924 1.320313 -1.243196 -0.551768 -0.740654
    22 1.789787 0.000006 0.000006 -0.000002 -0.003712 0.228604
    23 1.207012 0.000011 0.000000 -0.000001 -0.005667 0.362993
    24 2.035156 0.997070 -1.937500 -1.661572 1.286515 2.950150
    25 6.028144 -0.000011 0.000002 1.921074 0.524492 -0.494183
    26 12.301971 -1.003936 0.937532 0.698634 -0.014712 -1.570127
    27 11.481657 0.000043 0.000019 -1.813075 0.440686 -0.291355
    28 3.854334 -0.131699 1.199994 0.390527 -0.101410 -0.916423
    29 1.312567 0.000000 0.000000 0.094358 -0.148302 -1.023361
    30 0.729362 0.000004 0.000003 0.246478 -0.201514 -1.343121
    31 3.938074 0.050872 0.435162 0.108940 0.058963 -0.470260
    32 1.539089 0.000008 0.000003 0.081999 -0.072597 -1.490925
    33 1.196316 0.000004 0.000005 0.030667 -0.074741 -1.027947
    34 3.880859 -0.047028 -0.427490 -0.079036 0.162996 -0.514648
    35 1.719567 0.000023 0.000016 -0.048600 0.058551 -1.498659
    36 1.209175 0.000008 0.000005 -0.038127 -0.010975 -1.196747
    37 3.867399 -0.148186 -1.324350 -0.424029 0.413272 -0.567318
    38 1.719419 -0.000008 -0.000008 -0.103004 0.275398 -0.995724
    39 1.099667 -0.000004 -0.000001 -0.048647 0.108807 -0.506629
    40 0.811502 -0.358881 -1.312777 1.391884 0.446153 -0.556740
    41 1.789783 -0.000002 -0.000002 0.030300 -0.047271 0.412855
    42 1.207001 0.000009 0.000000 -0.006735 -0.074450 -0.170094
    43 5.073761 -4.063510 -2.918343 3.826595 -0.063832 -1.771607
    44 0.000000 0.196712 0.000000 1.570797 0.000000 0.000001
    45 0.000002 2.032589 0.000000 -0.013423 0.000000 0.000000
    46 0.000002 1.571991 0.000000 -0.012871 0.000000 0.000000
    47 3.775905 -5.485672 -0.527956 -2.248292 -0.133225 -1.641886
  time 6
    0 -0.000003 -13.531250 -29.421875 1.570792 0.000003 -0.000003
    1 0.000000 3.345131 -2.981898 1.570796 0.083192 1.570795
    2 4.015625 0.000001 0.000000 0.000000 -0.000001 -0.028819
    3 3.520294 0.000005 -0.000006 0.000000 0.000000 0.097311
    4 8.929688 -0.000001 0.000000 0.000000 0.000001 0.186405
    5 2.035156 0.997070 1.937500 1.589735 -1.286517 2.950158
    6 6.028159 -0.000069 0.000009 -1.575890 0.049155 -1.169438
    7 11.692566 0.000046 0.000011 -0.000002 0.000000 -0.060376
    8 11.481682 0.000088 -0.000031 1.568292 -0.038710 0.036026
    9 3.857422 -0.139526 -1.191406 -0.363882 0.112047 -0.355498
    10 1.312565 -0.000008 0.000000 -0.000002 0.054404 -0.409012
    11 0.729366 0.000002 -0.000002 -0.000001 0.040754 -0.240990
    12 3.941406 0.046936 -0.435059 -0.101499 0.042182 -0.269683
    13 1.539091 0.000008 -0.000002 0.000000 0.003737 -0.247812
    14 1.196321 0.000000 -0.000002 -0.000001 0.006168 -0.430818
    15 3.880859 -0.043091 0.427490 0.090105 -0.011419 -0.132542
    16 1.719578 0.000023 -0.000021 -0.000005 -0.020423 -0.365964
    17 1.209181 -0.000004 -0.000001 0.000001 -0.011427 -0.216116
    18 3.863281 -0.136475 1.332031 0.320642 -0.041405 -0.125801
    19 1.719431 -0.000023 0.000019 0.000001 -0.106227 -0.347813
    20 1.099676 0.000000 0.000006 0.000004 -0.067955 -0.234890
    21 0.807129 -0.346924 1.320313 -1.243196 -0.551768 -0.740654
    22 1.789787 0.000006 0.000006 -0.000002 -0.003712 0.228604
    23 1.207012 0.000011 0.000000 -0.000001 -0.005667 0.362993
    24 2.035156 0.997070 -1.937500 -1.661572 1.286515 2.950150
    25 6.028144 -0.000011 0.000002 1.921074 0.524492 -0.494183
    26 12.301971 -1.003936 0.937532 0.680432 -0.018660 -1.560879
    27 11.481657 0.000043 0.000019 -1.816021 0.441186 -0.289485
    28 3.854334 -0.131699 1.199994 0.390527 -0.101410 -0.916423
    29 1.312567 0.000000 0.000000 0.094358 -0.148302 -1.023361
    30 0.729362 0.000004 0.000003 0.246478 -0.201514 -1.343154
    31 3.941981 0.050872 0.435162 0.108940 0.058963 -0.470260
    32 1.539089 0.000008 0.000003 0.081999 -0.072597 -1.490887
    33 1.196316 0.000004 0.000005 0.030667 -0.074741 -1.027947
    34 3.880859 -0.047028 -0.427490 -0.079036 0.162996 -0.514648
    35 1.719567 0.000023 0.000016 -0.048600 0.058551 -1.498659
    36 1.209175 0.000008 0.000005 -0.038127 -0.010975 -1.196747
    37 3.863493 -0.148186 -1.324350 -0.424029 0.413272 -0.567318
    38 1.719419 -0.000008 -0.000008 -0.103004 0.275398 -0.995724
    39 1.099667 -0.000004 -0.000001 -0.048647 0.108807 -0.506629
    40 0.811502 -0.358881 -1.312777 1.391884 0.446153 -0.556740
    41 1.789783 -0.000002 -0.000002 0.030300 -0.047271 0.412855
    42 1.207001 0.000009 0.000000 -0.006735 -0.074450 -0.170094
    43 5.073761 -4.063510 -2.918343 3.826595 -0.063832 -1.771607
    44 0.000000 0.196712 0.000000 1.570797 0.000000 0.000001
    45 0.000002 2.032589 0.000000 -0.018948 0.000000 0.000000
    46 0.000002 1.571991 0.000000 -0.018169 0.000000 0.000000
    47 3.775905 -5.485672 -0.527956 -2.248292 -0.133225 -1.641886
  time 7
    0 -0.000003 -13.531250 -29.421875 1.570792 0.000003 -0.000003
    1 0.000000 3.345131 -2.981898 1.570796 0.083192 1.570795
    2 4.015625 0.000001 0.000000 0.000000 -0.000001 -0.028819
    3 3.520294 0.000005 -0.000006 0.000000 0.000000 0.097311
    4 8.929688 -0.000001 0.000000 0.000000 0.000001 0.186405
    5 2.035156 0.997070 1.937500 1.589735 -1.286517 2.950158
    6 6.028159 -0.000069 0.000009 -1.575890 0.049155 -1.169438
    7 11.692566 0.000046 0.000011 -0.000002 0.000000 -0.060376
    8 11.481682 0.000088 -0.000031 1.568292 -0.038710 0.036026
    9 3.857422 -0.139526 -1.191406 -0.363882 0.112047 -0.355498
    10 1.312565 -0.000008 0.000000 -0.000002 0.054404 -0.409012
    11 0.729366 0.000002 -0.000002 -0.000001 0.040754 -0.240990
    12 3.941406 0.046936 -0.435059 -0.101499 0.042182 -0.269683
    13 1.539091 0.000008 -0.000002 0.000000 0.003737 -0.247812
    14 1.196321 0.000000 -0.000002 -0.000001 0.006168 -0.430818
    15 3.880859 -0.043091 0.427490 0.090105 -0.011419 -0.132542
    16 1.719578 0.000023 -0.000021 -0.000005 -0.020423 -0.365964
    17 1.209181 -0.000004 -0.000001 0.000001 -0.011427 -0.216116
    18 3.863281 -0.136475 1.332031 0.320642 -0.041405 -0.125801
    19 1.719431 -0.000023 0.000019 0.000001 -0.106227 -0.347813
    20 1.099676 0.000000 0.000006 0.000004 -0.067955 -0.234890
    21 0.807129 -0.346924 1.320313 -1.243196 -0.551768 -0.740654
    22 1.789787 0.000006 0.000006 -0.000002 -0.003712 0.228604
    23 1.207012 0.000011 0.000000 -0.000001 -0.005667 0.362993
    24 2.035156 0.997070 -1.937500 -1.661572 1.286515 2.950150
    25 6.028144 -0.000011 0.000002 1.921074 0.524492 -0.494183
    26 12.301971 -1.003936 0.937532 0.659498 -0.023372 -1.549868
    27 11.481657 0.000043 0.000019 -1.819595 0.441804 -0.287232
    28 3.858240 -0.131699 1.199994 0.390527 -0.101410 -0.916423
    29 1.312567 0.000000 0.000000 0.094358 -0.148302 -1.023361
    30 0.729362 0.000004 0.000003 0.246478 -0.201514 -1.343121
    31 3.941981 0.050872 0.435162 0.108940 0.058963 -0.470260
    32 1.539089 0.000008 0.000003 0.081999 -0.072597 -1.490925
    33 1.196316 0.000004 0.000005 0.030667 -0.074741 -1.027947
    34 3.880859 -0.047028 -0.427490 -0.079036 0.162996 -0.514648
    35 1.719567 0.000023 0.000016 -0.048600 0.058551 -1.498693
    36 1.209175 0.000008 0.000005 -0.038127 -0.010975 -1.196747
    37 3.867399 -0.148186 -1.324350 -0.424029 0.413272 -0.567318
    38 1.719419 -0.000008 -0.000008 -0.103004 0.275398 -0.995724
    39 1.099667 -0.000004 -0.000001 -0.048647 0.108807 -0.506629
    40 0.811502 -0.358881 -1.312777 1.391884 0.446153 -0.556740
    41 1.789783 -0.000002 -0.000002 0.030300 -0.047271 0.412855
    42 1.207001 0.000009 0.000000 -0.006735 -0.074450 -0.170094
    43 5.073761 -4.063510 -2.918343 3.826595 -0.063832 -1.771607
    44 0.000000 0.196712 0.000000 1.570797 0.000000 0.000001
    45 0.000002 2.032589 0.000000 -0.025048 0.000000 0.000000
    46 0.000002 1.571991 0.000000 -0.024005 0.000000 0.000000
    47 3.775905 -5.485672 -0.527956 -2.248292 -0.133225 -1.641886
  time 8
    0 -0.000003 -13.531250 -29.421875 1.570792 0.000003 -0.000003
    1 0.000000 3.345131 -2.981898 1.570796 0.083192 1.570795
    2 4.015625 0.000001 0.000000 0.000000 -0.000001 -0.028819
    3 3.520294 0.000005 -0.000006 0.000000 0.000000 0.097311
    4 8.929688 -0.000001 0.000000 0.000000 0.000001 0.186405
    5 2.035156 0.997070 1.937500 1.589735 -1.286517 2.950158
    6 6.028159 -0.000069 0.000009 -1.575890 0.049155 -1.169438
    7 11.692566 0.000046 0.000011 -0.000002 0.000000 -0.060376
    8 11.481682 0.000088 -0.000031 1.568292 -0.038710 0.036026
    9 3.857422 -0.139526 -1.191406 -0.363882 0.112047 -0.355498
    10 1.312565 -0.000008 0.000000 -0.000002 0.054404 -0.409012
    11 0.729366 0.000002 -0.000002 -0.000001 0.040754 -0.240990
    12 3.941406 0.046936 -0.435059 -0.101499 0.042182 -0.269683
    13 1.539091 0.000008 -0.000002 0.000000 0.003737 -0.247812
    14 1.196321 0.000000 -0.000002 -0.000001 0.006168 -0.430818
    15 3.880859 -0.043091 0.427490 0.090105 -0.011419 -0.132542
    16 1.719578 0.000023 -0.000021 -0.000005 -0.020423 -0.365964
    17 1.209181 -0.000004 -0.000001 0.000001 -0.011427 -0.216116
    18 3.863281 -0.136475 1.332031 0.320642 -0.041405 -0.125801
    19 1.719431 -0.000023 0.000019 0.000001 -0.106227 -0.347813
    20 1.099676 0.000000 0.000006 0.000004 -0.067955 -0.234890
    21 0.807129 -0.346924 1.320313 -1.243196 -0.551768 -0.740654
    22 1.789787 0.000006 0.000006 -0.000002 -0.003712 0.228604
    23 1.207012 0.000011 0.000000 -0.000001 -0.005667 0.362993
    24 2.035156 0.997070 -1.937500 -1.661572 1.286515 2.950150
    25 6.028144 -0.000011 0.000002 1.921074 0.524492 -0.494183
    26 12.301971 -1.003936 0.937532 0.636373 -0.028790 -1.537253
    27 11.481657 0.000043 0.000019 -1.823740 0.442524 -0.284596
    28 3.854334 -0.131699 1.199994 0.390527 -0.101410 -0.916423
    29 1.312567 0.000000 0.000000 0.094358 -0.148302 -1.023361
    30 0.729362 0.000004 0.000003 0.246478 -0.201514 -1.343121
    31 3.941981 0.050872 0.435162 0.108940 0.058963 -0.470260
    32 1.539089 0.000008 0.000003 0.081999 -0.072597 -1.490887
    33 1.196316 0.000004 0.000005 0.030667 -0.074741 -1.027947
    34 3.880859 -0.047028 -0.427490 -0.079036 0.162996 -0.514648
    35 1.719567 0.000023 0.000016 -0.048600 0.058551 -1.498659
    36 1.209175 0.000008 0.000005 -0.038127 -0.010975 -1.196747
    37 3.867399 -0.148186 -1.324350 -0.424029 0.413272 -0.567318
    38 1.719419 -0.000008 -0.000008 -0.103004 0.275398 -0.995724
    39 1.099667 -0.000004 -0.000001 -0.048647 0.108807 -0.506629
    40 0.811502 -0.358881 -1.312777 1.391884 0.446153 -0.556740
    41 1.789783 -0.000002 -0.000002 0.030300 -0.047271 0.412855
    42 1.207001 0.000009 0.000000 -0.006735 -0.074450 -0.170094
    43 5.073761 -4.063510 -2.918343 3.826595 -0.063832 -1.771607
    44 0.000000 0.196712 0.000000 1.570797 0.000000 0.000001
    45 0.000002 2.032589 0.000000 -0.031436 0.000000 0.000000
    46 0.000002 1.571991 0.000000 -0.030141 0.000000 0.000000
    47 3.775905 -5.485672 -0.527956 -2.248292 -0.133225 -1.641886
  time 9
    0 -0.000003 -13.531250 -29.421875 1.570792 0.000003 -0.000003
    1 0.000000 3.345131 -2.981898 1.570796 0.083192 1.570795
    2 4.015625 0.000001 0.000000 0.000000 -0.000001 -0.028819
    3 3.520294 0.000005 -0.000006 0.000000 0.000000 0.097311
    4 8.929688 -0.000001 0.000000 0.000000 0.000001 0.186405
    5 2.035156 0.997070 1.937500 1.589735 -1.286517 2.950158
    6 6.028159 -0.000069 0.000009 -1.575890 0.049155 -1.169438
    7 11.692566 0.000046 0.000011 -0.000002 0.000000 -0.060376
    8 11.481682 0.000088 -0.000031 1.568292 -0.038710 0.036026
    9 3.857422 -0.139526 -1.191406 -0.363882 0.112047 -0.355498
    10 1.312565 -0.000008 0.000000 -0.000002 0.054404 -0.409012
    11 0.729366 0.000002 -0.000002 -0.000001 0.040754 -0.240990
    12 3.941406 0.046936 -0.435059 -0.101499 0.042182 -0.269683
    13 1.539091 0.000008 -0.000002 0.000000 0.003737 -0.247812
    14 1.196321 0.000000 -0.000002 -0.000001 0.006168 -0.430818
    15 3.880859 -0.043091 0.427490 0.090105 -0.011419 -0.132542
    16 1.719578 0.000023 -0.000021 -0.000005 -0.020423 -0.365964
    17 1.209181 -0.000004 -0.000001 0.000001 -0.011427 -0.216116
    18 3.863281 -0.136475 1.332031 0.320642 -0.041405 -0.125801
    19 1.719431 -0.000023 0.000019 0.000001 -0.106227 -0.347813
    20 1.099676 0.000000 0.000006 0.000004 -0.067955 -0.234890
    21 0.807129 -0.346924 1.320313 -1.243196 -0.551768 -0.740654
    22 1.789787 0.000006 0.000006 -0.000002 -0.003712 0.228604
    23 1.207012 0.000011 0.000000 -0.000001 -0.005667 0.362993
    24 2.035156 0.997070 -1.937500 -1.661572 1.286515 2.950150
    25 6.028144 -0.000011 0.000002 1.921074 0.524492 -0.494183
    26 12.301971 -1.003936 0.937532 0.611712 -0.034827 -1.523248
    27 11.481657 0.000043 0.000019 -1.828435 0.443333 -0.281624
    28 3.854334 -0.131699 1.199994 0.390527 -0.101410 -0.916423
    29 1.312567 0.000000 0.000000 0.094358 -0.148302 -1.023361
    30 0.729362 0.000004 0.000003 0.246478 -0.201514 -1.343121
    31 3.941981 0.050872 0.435162 0.108940 0.058963 -0.470260
    32 1.539089 0.000008 0.000003 0.081999 -0.072597 -1.490925
    33 1.196316 0.000004 0.000005 0.030667 -0.074741 -1.027947
    34 3.880859 -0.047028 -0.427490 -0.079036 0.162996 -0.514648
    35 1.719567 0.000023 0.000016 -0.048600 0.058551 -1.498659
    36 1.209175 0.000008 0.000005 -0.038127 -0.010975 -1.196747
    37 3.867399 -0.148186 -1.324350 -0.424029 0.413272 -0.567318
    38 1.719419 -0.000008 -0.000008 -0.103004 0.275398 -0.995724
    39 1.099667 -0.000004 -0.000001 -0.048647 0.108807 -0.506629
    40 0.811502 -0.358881 -1.312777 1.391884 0.446153 -0.556740
    41 1.789783 -0.000002 -0.000002 0.030300 -0.047271 0.412855
    42 1.207001 0.000009 0.000000 -0.006735 -0.074450 -0.170094
    43 5.073761 -4.063510 -2.918343 3.826595 -0.063832 -1.771607
    44 0.000000 0.196712 0.000000 1.570797 0.000000 0.000001
    45 0.000002 2.032589 0.000000 -0.037835 0.000000 0.000000
    46 0.000002 1.571991 0.000000 -0.036277 0.000000 0.000000
    47 3.775905 -5.485672 -0.527956 -2.248292 -0.133225 -1.641886
  time 10
    0 -0.000003 -13.531250 -29.421875 1.570792 0.000003 -0.000003
    1 0.000000 3.345131 -2.981898 1.570796 0.083192 1.570795
    2 4.015625 0.000001 0.000000 0.000000 -0.000001 -0.028819
    3 3.520294 0.000005 -0.000006 0.000000 0.000000 0.097311
    4 8.929688 -0.000001 0.000000 0.000000 0.000001 0.186405
    5 2.035156 0.997070 1.937500 1.589735 -1.286517 2.950158
    6 6.028159 -0.000069 0.000009 -1.575890 0.049155 -1.169438
    7 11.692566 0.000046 0.000011 -0.000002 0.000000 -0.060376
    8 11.481682 0.000088 -0.000031 1.568292 -0.038710 0.036026
    9 3.857422 -0.139526 -1.191406 -0.363882 0.112047 -0.355498
    10 1.312565 -0.000008 0.000000 -0.000002 0.054404 -0.409012
    11 0.729366 0.000002 -0.000002 -0.000001 0.040754 -0.240990
    12 3.941406 0.046936 -0.435059 -0.101499 0.042182 -0.269683
    13 1.539091 0.000008 -0.000002 0.000000 0.003737 -0.247812
    14 1.196321 0.000000 -0.000002 -0.000001 0.006168 -0.430818
    15 3.880859 -0.043091 0.427490 0.090105 -0.011419 -0.132542
    16 1.719578 0.000023 -0.000021 -0.000005 -0.020423 -0.365964
    17 1.209181 -0.000004 -0.000001 0.000001 -0.011427 -0.216116
    18 3.863281 -0.136475 1.332031 0.320642 -0.041405 -0.125801
    19 1.719431 -0.000023 0.000019 0.000001 -0.106227 -0.347813
    20 1.099676 0.000000 0.000006 0.000004 -0.067955 -0.234890
    21 0.807129 -0.346924 1.320313 -1.243196 -0.551768 -0.740654
    22 1.789787 0.000006 0.000006 -0.000002 -0.003712 0.228604
    23 1.207012 0.000011 0.000000 -0.000001 -0.005667 0.362993
    24 2.035156 0.997070 -1.937500 -1.661572 1.286515 2.950150
    25 6.028144 -0.000011 0.000002 1.921074 0.524492 -0.494183
    26 12.301971 -1.003936 0.937532 0.586329 -0.041340 -1.508174
    27 11.481657 0.000043 0.000019 -1.833568 0.444215 -0.278352
    28 3.854334 -0.131699 1.199994 0.390527 -0.101410 -0.916423
    29 1.312567 0.000000 0.000000 0.094358 -0.148302 -1.023361
    30 0.729362 0.000004 0.000003 0.246478 -0.201514 -1.343121
    31 3.941981 0.050872 0.435162 0.108940 0.058963 -0.470260
    32 1.539089 0.000008 0.000003 0.081999 -0.072597 -1.490925
    33 1.196316 0.000004 0.000005 0.030667 -0.074741 -1.027947
    34 3.880859 -0.047028 -0.427490 -0.079036 0.162996 -0.514648
    35 1.719567 0.000023 0.000016 -0.048600 0.058551 -1.498659
    36 1.209175 0.000008 0.000005 -0.038127 -0.010975 -1.196747
    37 3.863493 -0.148186 -1.324350 -0.424029 0.413272 -0.567318
    38 1.719419 -0.000008 -0.000008 -0.103004 0.275398 -0.995724
    39 1.099667 -0.000004 -0.000001 -0.048647 0.108807 -0.506629
    40 0.811502 -0.358881 -1.312777 1.391884 0.446153 -0.556740
    41 1.789783 -0.000002 -0.000002 0.030300 -0.047271 0.412855
    42 1.207001 0.000009 0.000000 -0.006735 -0.074450 -0.170094
    43 5.073761 -4.063510 -2.918343 3.826595 -0.063832 -1.771607
    44 0.000000 0.196712 0.000000 1.570797 0.000000 0.000001
    45 0.000002 2.032589 0.000000 -0.043935 0.000000 0.000000
    46 0.000002 1.571991 0.000000 -0.042126 0.000000 0.000000
    47 3.775905 -5.485672 -0.527956 -2.248292 -0.133225 -1.641886
  time 11
    0 -0.000003 -13.531250 -29.421875 1.570792 0.000003 -0.000003
    1 0.000000 3.345131 -2.981898 1.570796 0.083192 1.570795
    2 4.015625 0.000001 0.000000 0.000000 -0.000001 -0.028819
    3 3.520294 0.000005 -0.000006 0.000000 0.000000 0.097311
    4 8.929688 -0.000001 0.000000 0.000000 0.000001 0.186405
    5 2.035156 0.997070 1.937500 1.589735 -1.286517 2.950158
    6 6.028159 -0.000069 0.000009 -1.575890 0.049155 -1.169438
    7 11.692566 0.000046 0.000011 -0.000002 0.000000 -0.060376
    8 11.481682 0.000088 -0.000031 1.568292 -0.038710 0.036026
    9 3.857422 -0.139526 -1.191406 -0.363882 0.112047 -0.355498
    10 1.312565 -0.000008 0.000000 -0.000002 0.054404 -0.409012
    11 0.729366 0.000002 -0.000002 -0.000001 0.040754 -0.240990
    12 3.941406 0.046936 -0.435059 -0.101499 0.042182 -0.269683
    13 1.539091 0.000008 -0.000002 0.000000 0.003737 -0.247812
    14 1.196321 0.000000 -0.000002 -0.000001 0.006168 -0.430818
    15 3.880859 -0.043091 0.427490 0.090105 -0.011419 -0.132542
    16 1.719578 0.000023 -0.000021 -0.000005 -0.020423 -0.365964
    17 1.209181 -0.000004 -0.000001 0.000001 -0.011427 -0.216116
    18 3.863281 -0.136475 1.332031 0.320642 -0.041405 -0.125801
    19 1.719431 -0.000023 0.000019 0.000001 -0.106227 -0.347813
    20 1.099676 0.000000 0.000006 0.000004 -0.067955 -0.234890
    21 0.807129 -0.346924 1.320313 -1.243196 -0.551768 -0.740654
    22 1.789787 0.000006 0.000006 -0.000002 -0.003712 0.228604
    23 1.207012 0.000011 0.000000 -0.000001 -0.005667 0.362993
    24 2.035156 0.997070 -1.937500 -1.661572 1.286515 2.950150
    25 6.028144 -0.000011 0.000002 1.921074 0.524492 -0.494183
    26 12.301971 -1.003936 0.937532 0.560901 -0.048242 -1.492298
    27 11.481657 0.000043 0.000019 -1.839081 0.445156 -0.274840
    28 3.854334 -0.131699 1.199994 0.390527 -0.101410 -0.916423
    29 1.312567 0.000000 0.000000 0.094358 -0.148302 -1.023361
    30 0.729362 0.000004 0.000003 0.246478 -0.201514 -1.343121
    31 3.941981 0.050872 0.435162 0.108940 0.058963 -0.470260
    32 1.539089 0.000008 0.000003 0.081999 -0.072597 -1.490887
    33 1.196316 0.000004 0.000005 0.030667 -0.074741 -1.027947
    34 3.880859 -0.047028 -0.427490 -0.079036 0.162996 -0.514648
    35 1.719567 0.000023 0.000016 -0.048600 0.058563 -1.498659
    36 1.209175 0.000008 0.000005 -0.038127 -0.010975 -1.196747
    37 3.863493 -0.148186 -1.324350 -0.424029 0.413272 -0.567318
    38 1.719419 -0.000008 -0.000008 -0.103004 0.275398 -0.995724
    39 1.099667 -0.000004 -0.000001 -0.048647 0.108807 -0.506629
    40 0.811502 -0.358881 -1.312777 1.391884 0.446153 -0.556740
    41 1.789783 -0.000002 -0.000002 0.030300 -0.047271 0.412855
    42 1.207001 0.000009 0.000000 -0.006735 -0.074450 -0.170094
    43 5.073761 -4.063510 -2.918343 3.826595 -0.063820 -1.771607
    44 0.000000 0.196712 0.000000 1.570797 0.000000 0.000001
    45 0.000002 2.032589 0.000000 -0.049460 0.000000 0.000000
    46 0.000002 1.571991 0.000000 -0.047411 0.000000 0.000000
    47 3.775905 -5.485672 -0.527956 -2.248292 -0.133225 -1.641886
  time 12
    0 -0.000003 -13.531250 -29.421875 1.570792 0.000003 -0.000003
    1 0.000000 3.345131 -2.981898 1.570796 0.083192 1.570795
    2 4.015625 0.000001 0.000000 0.000000 -0.000001 -0.028819
    3 3.520294 0.000005 -0.000006 0.000000 0.000000 0.097311
    4 8.929688 -0.000001 0.000000 0.000000 0.000001 0.186405
    5 2.035156 0.997070 1.937500 1.589735 -1.286517 2.950158
    6 6.028159 -0.000069 0.000009 -1.575890 0.049155 -1.169438
    7 11.692566 0.000046 0.000011 -0.000002 0.000000 -0.060376
    8 11.481682 0.000088 -0.000031 1.568292 -0.038710 0.036026
    9 3.857422 -0.139526 -1.191406 -0.363882 0.112047 -0.355498
    10 1.312565 -0.000008 0.000000 -0.000002 0.054404 -0.409012
    11 0.729366 0.000002 -0.000002 -0.000001 0.040754 -0.240990
    12 3.941406 0.046936 -0.435059 -0.101499 0.042182 -0.269683
    13 1.539091 0.000008 -0.000002 0.000000 0.003737 -0.247812
    14 1.196321 0.000000 -0.000002 -0.000001 0.006168 -0.430818
    15 3.880859 -0.043091 0.427490 0.090105 -0.011419 -0.132542
    16 1.719578 0.000023 -0.000021 -0.000005 -0.020423 -0.365964
    17 1.209181 -0.000004 -0.000001 0.000001 -0.011427 -0.216116
    18 3.863281 -0.136475 1.332031 0.320642 -0.041405 -0.125801
    19 1.719431 -0.000023 0.000019 0.000001 -0.106227 -0.347813
    20 1.099676 0.000000 0.000006 0.000004 -0.067955 -0.234890
    21 0.807129 -0.346924 1.320313 -1.243196 -0.551768 -0.740654
    22 1.789787 0.000006 0.000006 -0.000002 -0.003712 0.228604
    23 1.207012 0.000011 0.000000 -0.000001 -0.005667 0.362993
    24 2.035156 0.997070 -1.937500 -1.661572 1.286515 2.950150
    25 6.028144 -0.000011 0.000002 1.921074 0.524492 -0.494183
    26 12.301971 -1.003936 0.937532 0.536104 -0.055361 -1.475995
    27 11.481657 0.000043 0.000019 -1.844879 0.446142 -0.271149
    28 3.854334 -0.131699 1.199994 0.390527 -0.101410 -0.916423
    29 1.312567 0.000000 0.000000 0.094358 -0.148302 -1.023361
    30 0.729362 0.000004 0.000003 0.246466 -0.201514 -1.343121
    31 3.938074 0.050872 0.435162 0.108940 0.058963 -0.470260
    32 1.539089 0.000008 0.000003 0.081999 -0.072597 -1.490887
    33 1.196316 0.000004 0.000005 0.030667 -0.074741 -1.027947
    34 3.880859 -0.047028 -0.427490 -0.079036 0.162996 -0.514648
    35 1.719567 0.000023 0.000016 -0.048600 0.058563 -1.498659
    36 1.209175 0.000008 0.000005 -0.038127 -0.010975 -1.196747
    37 3.863493 -0.148186 -1.324350 -0.424029 0.413272 -0.567318
    38 1.719419 -0.000008 -0.000008 -0.103004 0.275398 -0.995724
    39 1.099667 -0.000004 -0.000001 -0.048647 0.108807 -0.506629
    40 0.811502 -0.358881 -1.312777 1.391884 0.446153 -0.556740
    41 1.789783 -0.000002 -0.000002 0.030300 -0.047271 0.412855
    42 1.207001 0.000009 0.000000 -0.006735 -0.074450 -0.170094
    43 5.073761 -4.063510 -2.918343 3.826595 -0.063820 -1.771607
    44 0.000000 0.196712 0.000000 1.570797 0.000000 0.000001
    45 0.000002 2.032589 0.000000 -0.054194 0.000000 0.000000
    46 0.000002 1.571991 0.000000 -0.051953 0.000000 0.000000
    47 3.775905 -5.485672 -0.527956 -2.248292 -0.133225 -1.641886
  time 13
    0 -0.000003 -13.531250 -29.421875 1.570792 0.000003 -0.000003
    1 0.000000 3.345131 -2.981898 1.570796 0.083192 1.570795
    2 4.015625 0.000001 0.000000 0.000000 -0.000001 -0.028819
    3 3.520294 0.000005 -0.000006 0.000000 0.000000 0.097311
    4 8.929688 -0.000001 0.000000 0.000000 0.000001 0.186405
    5 2.035156 0.997070 1.937500 1.589735 -1.286517 2.950158
    6 6.028159 -0.000069 0.000009 -1.575890 0.049155 -1.169438
    7 11.692566 0.000046 0.000011 -0.000002 0.000000 -0.060376
    8 11.481682 0.000088 -0.000031 1.568292 -0.038710 0.036026
    9 3.857422 -0.139526 -1.191406 -0.363882 0.112047 -0.355498
    10 1.312565 -0.000008 0.000000 -0.000002 0.054404 -0.409012
    11 0.729366 0.000002 -0.000002 -0.000001 0.040754 -0.240990
    12 3.941406 0.046936 -0.435059 -0.101499 0.042182 -0.269683
    13 1.539091 0.000008 -0.000002 0.000000 0.003737 -0.247812
    14 1.196321 0.000000 -0.000002 -0.000001 0.006168 -0.430818
    15 3.880859 -0.043091 0.427490 0.090105 -0.011419 -0.132542
    16 1.719578 0.000023 -0.000021 -0.000005 -0.020423 -0.365964
    17 1.209181 -0.000004 -0.000001 0.000001 -0.011427 -0.216116
    18 3.863281 -0.136475 1.332031 0.320642 -0.041405 -0.125801
    19 1.719431 -0.000023 0.000019 0.000001 -0.106227 -0.347813
    20 1.099676 0.000000 0.000006 0.000004 -0.067955 -0.234890
    21 0.807129 -0.346924 1.320313 -1.243196 -0.551768 -0.740654
    22 1.789787 0.000006 0.000006 -0.000002 -0.003712 0.228604
    23 1.207012 0.000011 0.000000 -0.000001 -0.005667 0.362993
    24 2.035156 0.997070 -1.937500 -1.661572 1.286515 2.950150
    25 6.028144 -0.000011 0.000002 1.921074 0.524492 -0.494183
    26 12.301971 -1.003936 0.937532 0.512460 -0.062609 -1.459424
    27 11.481657 0.000043 0.000019 -1.850848 0.447156 -0.267326
    28 3.854334 -0.131699 1.199994 0.390527 -0.101410 -0.916423
    29 1.312567 0.000000 0.000000 0.094358 -0.148302 -1.023361
    30 0.729362 0.000004 0.000003 0.246466 -0.201514 -1.343121
    31 3.941981 0.050872 0.435162 0.108940 0.058963 -0.470260
    32 1.539089 0.000008 0.000003 0.081999 -0.072597 -1.490887
    33 1.196316 0.000004 0.000005 0.030667 -0.074741 -1.027947
    34 3.880859 -0.047028 -0.427490 -0.079036 0.162996 -0.514648
    35 1.719567 0.000023 0.000016 -0.048600 0.058563 -1.498659
    36 1.209175 0.000008 0.000005 -0.038127 -0.010975 -1.196747
    37 3.863493 -0.148186 -1.324350 -0.424029 0.413272 -0.567318
    38 1.719419 -0.000008 -0.000008 -0.103004 0.275398 -0.995724
    39 1.099667 -0.000004 -0.000001 -0.048647 0.108807 -0.506629
    40 0.811502 -0.358881 -1.312777 1.391884 0.446153 -0.556740
    41 1.789783 -0.000002 -0.000002 0.030300 -0.047271 0.412867
    42 1.207001 0.000009 0.000000 -0.006735 -0.074450 -0.170094
    43 5.073761 -4.063510 -2.918343 3.826595 -0.063820 -1.771607
    44 0.000000 0.196712 0.000000 1.570797 0.000000 0.000001
    45 0.000002 2.032589 0.000000 -0.057969 0.000000 0.000000
    46 0.000002 1.571991 0.000000 -0.055585 0.000000 0.000000
    47 3.775905 -5.485672 -0.527956 -2.248292 -0.133225 -1.641886
  time 14
    0 -0.000003 -13.531250 -29.421875 1.570792 0.000003 -0.000003
    1 0.000000 3.345131 -2.981898 1.570796 0.083192 1.570795
    2 4.015625 0.000001 0.000000 0.000000 -0.000001 -0.028819
    3 3.520294 0.000005 -0.000006 0.000000 0.000000 0.097311
    4 8.929688 -0.000001 0.000000 0.000000 0.000001 0.186405
    5 2.035156 0.997070 1.937500 1.589735 -1.286517 2.950158
    6 6.028159 -0.000069 0.000009 -1.575890 0.049155 -1.169438
    7 11.692566 0.000046 0.000011 -0.000002 0.000000 -0.060376
    8 11.481682 0.000088 -0.000031 1.568292 -0.038710 0.036026
    9 3.857422 -0.139526 -1.191406 -0.363882 0.112047 -0.355498
    10 1.312565 -0.000008 0.000000 -0.000002 0.054404 -0.409012
    11 0.729366 0.000002 -0.000002 -0.000001 0.040754 -0.240990
    12 3.941406 0.046936 -0.435059 -0.101499 0.042182 -0.269683
    13 1.539091 0.000008 -0.000002 0.000000 0.003737 -0.247812
    14 1.196321 0.000000 -0.000002 -0.000001 0.006168 -0.430818
    15 3.880859 -0.043091 0.427490 0.090105 -0.011419 -0.132542
    16 1.719578 0.000023 -0.000021 -0.000005 -0.020423 -0.365964
    17 1.209181 -0.000004 -0.000001 0.000001 -0.011427 -0.216116
    18 3.863281 -0.136475 1.332031 0.320642 -0.041405 -0.125801
    19 1.719431 -0.000023 0.000019 0.000001 -0.106227 -0.347813
    20 1.099676 0.000000 0.000006 0.000004 -0.067955 -0.234890
    21 0.807129 -0.346924 1.320313 -1.243196 -0.551768 -0.740654
    22 1.789787 0.000006 0.000006 -0.000002 -0.003712 0.228604
    23 1.207012 0.000011 0.000000 -0.000001 -0.005667 0.362993
    24 2.035156 0.997070 -1.937500 -1.661572 1.286515 2.950150
    25 6.028144 -0.000011 0.000002 1.921074 0.524492 -0.494183
    26 12.301971 -1.003936 0.937532 0.490397 -0.069871 -1.442907
    27 11.481657 0.000043 0.000019 -1.856932 0.448186 -0.263431
    28 3.854334 -0.131699 1.199994 0.390527 -0.101410 -0.916423
    29 1.312567 0.000000 0.000000 0.094358 -0.148302 -1.023361
    30 0.729362 0.000004 0.000003 0.246478 -0.201514 -1.343121
    31 3.938074 0.050872 0.435162 0.108940 0.058963 -0.470260
    32 1.539089 0.000008 0.000003 0.081999 -0.072597 -1.490925
    33 1.196316 0.000004 0.000005 0.030667 -0.074741 -1.027947
    34 3.880859 -0.047028 -0.427490 -0.079036 0.162996 -0.514648
    35 1.719567 0.000023 0.000016 -0.048600 0.058551 -1.498659
    36 1.209175 0.000008 0.000005 -0.038127 -0.010975 -1.196747
    37 3.867399 -0.148186 -1.324350 -0.424029 0.413272 -0.567318
    38 1.719419 -0.000008 -0.000008 -0.103004 0.275398 -0.995724
    39 1.099667 -0.000004 -0.000001 -0.048647 0.108807 -0.506629
    40 0.811502 -0.358881 -1.312777 1.391884 0.446153 -0.556740
    41 1.789783 -0.000002 -0.000002 0.030300 -0.047271 0.412855
    42 1.207001 0.000009 0.000000 -0.006735 -0.074450 -0.170094
    43 5.073761 -4.063510 -2.918343 3.826595 -0.063832 -1.771607
    44 0.000000 0.196712 0.000000 1.570797 0.000000 0.000001
    45 0.000002 2.032589 0.000000 -0.060702 0.000000 0.000000
    46 0.000002 1.571991 0.000000 -0.058197 0.000000 0.000000
    47 3.775905 -5.485672 -0.527956 -2.248292 -0.133225 -1.641886
  time 15
    0 -0.000003 -13.531250 -29.421875 1.570792 0.000003 -0.000003
    1 0.000000 3.345131 -2.981898 1.570796 0.083192 1.570795
    2 4.015625 0.000001 0.000000 0.000000 -0.000001 -0.028819
    3 3.520294 0.000005 -0.000006 0.000000 0.000000 0.097311
    4 8.929688 -0.000001 0.000000 0.000000 0.000001 0.186405
    5 2.035156 0.997070 1.937500 1.589735 -1.286517 2.950158
    6 6.028159 -0.000069 0.000009 -1.575890 0.049155 -1.169438
    7 11.692566 0.000046 0.000011 -0.000002 0.000000 -0.060376
    8 11.481682 0.000088 -0.000031 1.568292 -0.038710 0.036026
    9 3.857422 -0.139526 -1.191406 -0.363882 0.112047 -0.355498
    10 1.312565 -0.000008 0.000000 -0.000002 0.054404 -0.409012
    11 0.729366 0.000002 -0.000002 -0.000001 0.040754 -0.240990
    12 3.941406 0.046936 -0.435059 -0.101499 0.042182 -0.269683
    13 1.539091 0.000008 -0.000002 0.000000 0.003737 -0.247812
    14 1.196321 0.000000 -0.000002 -0.000001 0.006168 -0.430818
    15 3.880859 -0.043091 0.427490 0.090105 -0.011419 -0.132542
    16 1.719578 0.000023 -0.000021 -0.000005 -0.020423 -0.365964
    17 1.209181 -0.000004 -0.000001 0.000001 -0.011427 -0.216116
    18 3.863281 -0.136475 1.332031 0.320642 -0.041405 -0.125801
    19 1.719431 -0.000023 0.000019 0.000001 -0.106227 -0.347813
    20 1.099676 0.000000 0.000006 0.000004 -0.067955 -0.234890
    21 0.807129 -0.346924 1.320313 -1.243196 -0.551768 -0.740654
    22 1.789787 0.000006 0.000006 -0.000002 -0.003712 0.228604
    23 1.207012 0.000011 0.000000 -0.000001 -0.005667 0.362993
    24 2.035156 0.997070 -1.937500 -1.661572 1.286515 2.950150
    25 6.028144 -0.000011 0.000002 1.921074 0.524492 -0.494183
    26 12.301971 -1.003936 0.937532 0.470140 -0.077090 -1.426550
    27 11.481657 0.000043 0.000019 -1.863072 0.449230 -0.259488
    28 3.854334 -0.131699 1.199994 0.390527 -0.101410 -0.916423
    29 1.312567 0.000000 0.000000 0.094358 -0.148302 -1.023361
    30 0.729362 0.000004 0.000003 0.246466 -0.201514 -1.343121
    31 3.941981 0.050872 0.435162 0.108940 0.058963 -0.470260
    32 1.539089 0.000008 0.000003 0.081999 -0.072597 -1.490925
    33 1.196316 0.000004 0.000005 0.030667 -0.074741 -1.027947
    34 3.880859 -0.047028 -0.427490 -0.079036 0.162996 -0.514648
    35 1.719567 0.000023 0.000016 -0.048600 0.058551 -1.498659
    36 1.209175 0.000008 0.000005 -0.038127 -0.010975 -1.196747
    37 3.867399 -0.148186 -1.324350 -0.424029 0.413272 -0.567318
    38 1.719419 -0.000008 -0.000008 -0.103004 0.275398 -0.995724
    39 1.099667 -0.000004 -0.000001 -0.048647 0.108807 -0.506629
    40 0.811502 -0.358881 -1.312777 1.391884 0.446153 -0.556740
    41 1.789783 -0.000002 -0.000002 0.030300 -0.047271 0.412855
    42 1.207001 0.000009 0.000000 -0.006735 -0.074450 -0.170094
    43 5.073761 -4.063510 -2.918343 3.826595 -0.063832 -1.771607
    44 0.000000 0.196712 0.000000 1.570797 0.000000 0.000001
    45 0.000002 2.032589 0.000000 -0.062344 0.000000 0.000000
    46 0.000002 1.571991 0.000000 -0.059767 0.000000 0.000000
    47 3.775905 -5.485672 -0.527956 -2.248292 -0.133225 -1.641886
  time 16
    0 -0.000003 -13.531250 -29.421875 1.570792 0.000003 -0.000003
    1 0.000000 3.345131 -2.981898 1.570796 0.083192 1.570795
    2 4.015625 0.000001 0.000000 0.000000 -0.000001 -0.028819
    3 3.520294 0.000005 -0.000006 0.000000 0.000000 0.097311
    4 8.929688 -0.000001 0.000000 0.000000 0.000001 0.186405
    5 2.035156 0.997070 1.937500 1.589735 -1.286517 2.950158
    6 6.028159 -0.000069 0.000009 -1.575890 0.049155 -1.169438
    7 11.692566 0.000046 0.000011 -0.000002 0.000000 -0.060376
    8 11.481682 0.000088 -0.000031 1.568292 -0.038710 0.036026
    9 3.857422 -0.139526 -1.191406 -0.363882 0.112047 -0.355498
    10 1.312565 -0.000008 0.000000 -0.000002 0.054404 -0.409012
    11 0.729366 0.000002 -0.000002 -0.000001 0.040754 -0.240990
    12 3.941406 0.046936 -0.435059 -0.101499 0.042182 -0.269683
    13 1.539091 0.000008 -0.000002 0.000000 0.003737 -0.247812
    14 1.196321 0.000000 -0.000002 -0.000001 0.006168 -0.430818
    15 3.880859 -0.043091 0.427490 0.090105 -0.011419 -0.132542
    16 1.719578 0.000023 -0.000021 -0.000005 -0.020423 -0.365964
    17 1.209181 -0.000004 -0.000001 0.000001 -0.011427 -0.216116
    18 3.863281 -0.136475 1.332031 0.320642 -0.041405 -0.125801
    19 1.719431 -0.000023 0.000019 0.000001 -0.106227 -0.347813
    20 1.099676 0.000000 0.000006 0.000004 -0.067955 -0.234890
    21 0.807129 -0.346924 1.320313 -1.243196 -0.551768 -0.740654
    22 1.789787 0.000006 0.000006 -0.000002 -0.003712 0.228604
    23 1.207012 0.000011 0.000000 -0.000001 -0.005667 0.362993
    24 2.035156 0.997070 -1.937500 -1.661572 1.286515 2.950150
    25 6.028144 -0.000011 0.000002 1.921074 0.524492 -0.494183
    26 12.301971 -1.003936 0.937532 0.451847 -0.084165 -1.410567
    27 11.481657 0.000043 0.000019 -1.869194 0.450259 -0.255557
    28 3.858240 -0.131699 1.199994 0.390527 -0.101410 -0.916423
    29 1.312567 0.000000 0.000000 0.094358 -0.148302 -1.023361
    30 0.729362 0.000004 0.000003 0.246478 -0.201514 -1.343121
    31 3.941981 0.050872 0.435162 0.108940 0.058963 -0.470260
    32 1.539089 0.000008 0.000003 0.081999 -0.072597 -1.490925
    33 1.196316 0.000004 0.000005 0.030667 -0.074741 -1.027947
    34 3.880859 -0.047028 -0.427490 -0.079036 0.162996 -0.514648
    35 1.719567 0.000023 0.000016 -0.048600 0.058563 -1.498659
    36 1.209175 0.000008 0.000005 -0.038127 -0.010975 -1.196747
    37 3.867399 -0.148186 -1.324350 -0.424029 0.413272 -0.567318
    38 1.719419 -0.000008 -0.000008 -0.103004 0.275398 -0.995724
    39 1.099667 -0.000004 -0.000001 -0.048647 0.108807 -0.506629
    40 0.811502 -0.358881 -1.312777 1.391884 0.446153 -0.556740
    41 1.789783 -0.000002 -0.000002 0.030300 -0.047271 0.412855
    42 1.207001 0.000009 0.000000 -0.006735 -0.074450 -0.170094
    43 5.073761 -4.063510 -2.918343 3.826595 -0.063832 -1.771607
    44 0.000000 0.196712 0.000000 1.570797 0.000000 0.000001
    45 0.000002 2.032589 0.000000 -0.062883 0.000000 0.000000
    46 0.000002 1.571991 0.000000 -0.060294 0.000000 0.000000
    47 3.775905 -5.485672 -0.527956 -2.248292 -0.133225 -1.641886
  time 17
    0 -0.000003 -13.531250 -29.421875 1.570792 0.000003 -0.000003
    1 0.000000 3.345131 -2.981898 1.570796 0.083192 1.570795
    2 4.015625 0.000001 0.000000 0.000000 -0.000001 -0.028819
    3 3.520294 0.000005 -0.000006 0.000000 0.000000 0.097311
    4 8.929688 -0.000001 0.000000 0.000000 0.000001 0.186405
    5 2.035156 0.997070 1.937500 1.589735 -1.286517 2.950158
    6 6.028159 -0.000069 0.000009 -1.575890 0.049155 -1.169438
    7 11.692566 0.000046 0.000011 -0.000002 0.000000 -0.060376
    8 11.481682 0.000088 -0.000031 1.568292 -0.038710 0.036026
    9 3.857422 -0.139526 -1.191406 -0.363882 0.112047 -0.355498
    10 1.312565 -0.000008 0.000000 -0.000002 0.054404 -0.409012
    11 0.729366 0.000002 -0.000002 -0.000001 0.040754 -0.240990
    12 3.941406 0.046936 -0.435059 -0.101499 0.042182 -0.269683
    13 1.539091 0.000008 -0.000002 0.000000 0.003737 -0.247812
    14 1.196321 0.000000 -0.000002 -0.000001 0.006168 -0.430818
    15 3.880859 -0.043091 0.427490 0.090105 -0.011419 -0.132542
    16 1.719578 0.000023 -0.000021 -0.000005 -0.020423 -0.365964
    17 1.209181 -0.000004 -0.000001 0.000001 -0.011427 -0.216116
    18 3.863281 -0.136475 1.332031 0.320642 -0.041405 -0.125801
    19 1.719431 -0.000023 0.000019 0.000001 -0.106227 -0.347813
    20 1.099676 0.000000 0.000006 0.000004 -0.067955 -0.234890
    21 0.807129 -0.346924 1.320313 -1.243196 -0.551768 -0.740654
    22 1.789787 0.000006 0.000006 -0.000002 -0.003712 0.228604
    23 1.207012 0.000011 0.000000 -0.000001 -0.005667 0.362993
    24 2.035156 0.997070 -1.937500 -1.661572 1.286515 2.950150
    25 6.028144 -0.000011 0.000002 1.921074 0.524492 -0.494183
    26 12.301971 -1.003936 0.937532 0.433668 -0.091413 -1.394264
    27 11.481657 0.000043 0.000019 -1.875543 0.451318 -0.251458
    28 3.858240 -0.131699 1.199994 0.390527 -0.101410 -0.916423
    29 1.312567 0.000000 0.000000 0.094358 -0.148302 -1.023361
    30 0.729362 0.000004 0.000003 0.246478 -0.201514 -1.343121
    31 3.941981 0.050872 0.435162 0.108940 0.058963 -0.470260
    32 1.539089 0.000008 0.000003 0.081999 -0.072597 -1.490887
    33 1.196316 0.000004 0.000005 0.030667 -0.074741 -1.027947
    34 3.880859 -0.047028 -0.427490 -0.079036 0.162996 -0.514648
    35 1.719567 0.000023 0.000016 -0.048600 0.058551 -1.498659
    36 1.209175 0.000008 0.000005 -0.038127 -0.010975 -1.196747
    37 3.863493 -0.148186 -1.324350 -0.424029 0.413272 -0.567318
    38 1.719419 -0.000008 -0.000008 -0.103004 0.275398 -0.995724
    39 1.099667 -0.000004 -0.000001 -0.048647 0.108807 -0.506629
    40 0.811502 -0.358881 -1.312777 1.391884 0.446153 -0.556740
    41 1.789783 -0.000002 -0.000002 0.030300 -0.047271 0.412855
    42 1.207001 0.000009 0.000000 -0.006735 -0.074450 -0.170094
    43 5.073761 -4.063510 -2.918343 3.826595 -0.063832 -1.771607
    44 0.000000 0.196712 0.000000 1.570797 0.000000 0.000001
    45 0.000002 2.032589 0.000000 -0.062811 0.000000 0.000000
    46 0.000002 1.571991 0.000000 -0.060294 0.000000 0.000000
    47 3.775905 -5.485672 -0.527956 -2.248292 -0.133225 -1.641886
  time 18
    0 -0.000003 -13.531250 -29.421875 1.570792 0.000003 -0.000003
    1 0.000000 3.345131 -2.981898 1.570796 0.083192 1.570795
    2 4.015625 0.000001 0.000000 0.000000 -0.000001 -0.028819
    3 3.520294 0.000005 -0.000006 0.000000 0.000000 0.097311
    4 8.929688 -0.000001 0.000000 0.000000 0.000001 0.186405
    5 2.035156 0.997070 1.937500 1.589735 -1.286517 2.950158
    6 6.028159 -0.000069 0.000009 -1.575890 0.049155 -1.169438
    7 11.692566 0.000046 0.000011 -0.000002 0.000000 -0.060376
    8 11.481682 0.000088 -0.000031 1.568292 -0.038710 0.036026
    9 3.857422 -0.139526 -1.191406 -0.363882 0.112047 -0.355498
    10 1.312565 -0.000008 0.000000 -0.000002 0.054404 -0.409012
    11 0.729366 0.000002 -0.000002 -0.000001 0.040754 -0.240990
    12 3.941406 0.046936 -0.435059 -0.101499 0.042182 -0.269683
    13 1.539091 0.000008 -0.000002 0.000000 0.003737 -0.247812
    14 1.196321 0.000000 -0.000002 -0.000001 0.006168 -0.430818
    15 3.880859 -0.043091 0.427490 0.090105 -0.011419 -0.132542
    16 1.719578 0.000023 -0.000021 -0.000005 -0.020423 -0.365964
    17 1.209181 -0.000004 -0.000001 0.000001 -0.011427 -0.216116
    18 3.863281 -0.136475 1.332031 0.320642 -0.041405 -0.125801
    19 1.719431 -0.000023 0.000019 0.000001 -0.106227 -0.347813
    20 1.099676 0.000000 0.000006 0.000004 -0.067955 -0.234890
    21 0.807129 -0.346924 1.320313 -1.243196 -0.551768 -0.740654
    22 1.789787 0.000006 0.000006 -0.000002 -0.003712 0.228604
    23 1.207012 0.000011 0.000000 -0.000001 -0.005667 0.362993
    24 2.035156 0.997070 -1.937500 -1.661572 1.286515 2.950150
    25 6.028144 -0.000011 0.000002 1.921074 0.524492 -0.494183
    26 12.301971 -1.003936 0.937532 0.413705 -0.099107 -1.376891
    27 11.481657 0.000043 0.000019 -1.882425 0.452465 -0.247012
    28 3.858240 -0.131699 1.199994 0.390527 -0.101410 -0.916423
    29 1.312567 0.000000 0.000000 0.094358 -0.148302 -1.023361
    30 0.729362 0.000004 0.000003 0.246466 -0.201514 -1.343121
    31 3.941981 0.050872 0.435162 0.108940 0.058963 -0.470260
    32 1.539089 0.000008 0.000003 0.081999 -0.072597 -1.490887
    33 1.196316 0.000004 0.000005 0.030667 -0.074741 -1.027947
    34 3.880859 -0.047028 -0.427490 -0.079036 0.162996 -0.514648
    35 1.719567 0.000023 0.000016 -0.048600 0.058563 -1.498659
    36 1.209175 0.000008 0.000005 -0.038127 -0.010975 -1.196747
    37 3.867399 -0.148186 -1.324350 -0.424029 0.413272 -0.567318
    38 1.719419 -0.000008 -0.000008 -0.103004 0.275398 -0.995724
    39 1.099667 -0.000004 -0.000001 -0.048647 0.108807 -0.506629
    40 0.811502 -0.358881 -1.312777 1.391884 0.446153 -0.556740
    41 1.789783 -0.000002 -0.000002 0.030300 -0.047271 0.412855
    42 1.207001 0.000009 0.000000 -0.006735 -0.074450 -0.170094
    43 5.073761 -4.063510 -2.918343 3.826595 -0.063820 -1.771607
    44 0.000000 0.196712 0.000000 1.570797 0.000000 0.000001
    45 0.000002 2.032589 0.000000 -0.062560 0.000000 0.000000
    46 0.000002 1.571991 0.000000 -0.060294 0.000000 0.000000
    47 3.775905 -5.485672 -0.527956 -2.248292 -0.133225 -1.641886
  time 19
    0 -0.000003 -13.531250 -29.421875 1.570792 0.000003 -0.000003
    1 0.000000 3.345131 -2.981898 1.570796 0.083192 1.570795
    2 4.015625 0.000001 0.000000 0.000000 -0.000001 -0.028819
    3 3.520294 0.000005 -0.000006 0.000000 0.000000 0.097311
    4 8.929688 -0.000001 0.000000 0.000000 0.000001 0.186405
    5 2.035156 0.997070 1.937500 1.589735 -1.286517 2.950158
    6 6.028159 -0.000069 0.000009 -1.575890 0.049155 -1.169438
    7 11.692566 0.000046 0.000011 -0.000002 0.000000 -0.060376
    8 11.481682 0.000088 -0.000031 1.568292 -0.038710 0.036026
    9 3.857422 -0.139526 -1.191406 -0.363882 0.112047 -0.355498
    10 1.312565 -0.000008 0.000000 -0.000002 0.054404 -0.409012
    11 0.729366 0.000002 -0.000002 -0.000001 0.040754 -0.240990
    12 3.941406 0.046936 -0.435059 -0.101499 0.042182 -0.269683
    13 1.539091 0.000008 -0.000002 0.000000 0.003737 -0.247812
    14 1.196321 0.000000 -0.000002 -0.000001 0.006168 -0.430818
    15 3.880859 -0.043091 0.427490 0.090105 -0.011419 -0.132542
    16 1.719578 0.000023 -0.000021 -0.000005 -0.020423 -0.365964
    17 1.209181 -0.000004 -0.000001 0.000001 -0.011427 -0.216116
    18 3.863281 -0.136475 1.332031 0.320642 -0.041405 -0.125801
    19 1.719431 -0.000023 0.000019 0.000001 -0.106227 -0.347813
    20 1.099676 0.000000 0.000006 0.000004 -0.067955 -0.234890
    21 0.807129 -0.346924 1.320313 -1.243196 -0.551768 -0.740654
    22 1.789787 0.000006 0.000006 -0.000002 -0.003712 0.228604
    23 1.207012 0.000011 0.000000 -0.000001 -0.005667 0.362993
    24 2.035156 0.997070 -1.937500 -1.661572 1.286515 2.950150
    25 6.028144 -0.000011 0.000002 1.921074 0.524492 -0.494183
    26 12.301971 -1.003936 0.937532 0.392206 -0.107292 -1.358396
    27 11.481657 0.000043 0.000019 -1.889801 0.453685 -0.242218
    28 3.858240 -0.131699 1.199994 0.390527 -0.101410 -0.916423
    29 1.312567 0.000000 0.000000 0.094358 -0.148302 -1.023361
    30 0.729362 0.000004 0.000003 0.246478 -0.201514 -1.343121
    31 3.941981 0.050872 0.435162 0.108940 0.058963 -0.470260
    32 1.539089 0.000008 0.000003 0.081999 -0.072597 -1.490887
    33 1.196316 0.000004 0.000005 0.030667 -0.074741 -1.027947
    34 3.880859 -0.047028 -0.427490 -0.079036 0.162996 -0.514648
    35 1.719567 0.000023 0.000016 -0.048600 0.058563 -1.498659
    36 1.209175 0.000008 0.000005 -0.038127 -0.010975 -1.196747
    37 3.867399 -0.148186 -1.324350 -0.424029 0.413272 -0.567318
    38 1.719419 -0.000008 -0.000008 -0.103004 0.275398 -0.995724
    39 1.099667 -0.000004 -0.000001 -0.048647 0.108807 -0.506629
    40 0.811502 -0.358881 -1.312777 1.391884 0.446153 -0.556740
    41 1.789783 -0.000002 -0.000002 0.030300 -0.047271 0.412855
    42 1.207001 0.000009 0.000000 -0.006735 -0.074450 -0.170094
    43 5.073761 -4.063510 -2.918343 3.826595 -0.063820 -1.771607
    44 0.000000 0.196712 0.000000 1.570797 0.000000 0.000001
    45 0.000002 2.032589 0.000000 -0.062140 0.000000 0.000000
    46 0.000002 1.571991 0.000000 -0.060294 0.000000 0.000000
    47 3.775905 -5.485672 -0.527956 -2.248292 -0.133225 -1.641886
  time 20
    0 -0.000003 -13.531250 -29.421875 1.570792 0.000003 -0.000003
    1 0.000000 3.345131 -2.981898 1.570796 0.083192 1.570795
    2 4.015625 0.000001 0.000000 0.000000 -0.000001 -0.028819
    3 3.520294 0.000005 -0.000006 0.000000 0.000000 0.097311
    4 8.929688 -0.000001 0.000000 0.000000 0.000001 0.186405
    5 2.035156 0.997070 1.937500 1.589735 -1.286517 2.950158
    6 6.028159 -0.000069 0.000009 -1.575890 0.049155 -1.169438
    7 11.692566 0.000046 0.000011 -0.000002 0.000000 -0.060376
    8 11.481682 0.000088 -0.000031 1.568292 -0.038710 0.036026
    9 3.857422 -0.139526 -1.191406 -0.363882 0.112047 -0.355498
    10 1.312565 -0.000008 0.000000 -0.000002 0.054404 -0.409012
    11 0.729366 0.000002 -0.000002 -0.000001 0.040754 -0.240990
    12 3.941406 0.046936 -0.435059 -0.101499 0.042182 -0.269683
    13 1.539091 0.000008 -0.000002 0.000000 0.003737 -0.247812
    14 1.196321 0.000000 -0.000002 -0.000001 0.006168 -0.430818
    15 3.880859 -0.043091 0.427490 0.090105 -0.011419 -0.132542
    16 1.719578 0.000023 -0.000021 -0.000005 -0.020423 -0.365964
    17 1.209181 -0.000004 -0.000001 0.000001 -0.011427 -0.216116
    18 3.863281 -0.136475 1.332031 0.320642 -0.041405 -0.125801
    19 1.719431 -0.000023 0.000019 0.000001 -0.106227 -0.347813
    20 1.099676 0.000000 0.000006 0.000004 -0.067955 -0.234890
    21 0.807129 -0.346924 1.320313 -1.243196 -0.551768 -0.740654
    22 1.789787 0.000006 0.000006 -0.000002 -0.003712 0.228604
    23 1.207012 0.000011 0.000000 -0.000001 -0.005667 0.362993
    24 2.035156 0.997070 -1.937500 -1.661572 1.286515 2.950150
    25 6.028144 -0.000011 0.000002 1.921074 0.524492 -0.494183
    26 12.301971 -1.003936 0.937532 0.369532 -0.115952 -1.338832
    27 11.481657 0.000043 0.000019 -1.897709 0.454994 -0.237089
    28 3.854334 -0.131699 1.199994 0.390527 -0.101410 -0.916441
    29 1.312567 0.000000 0.000000 0.094358 -0.148302 -1.023361
    30 0.729362 0.000004 0.000003 0.246466 -0.201514 -1.343121
    31 3.938074 0.050872 0.435162 0.108940 0.058963 -0.470260
    32 1.539089 0.000008 0.000003 0.081999 -0.072597 -1.490887
    33 1.196316 0.000004 0.000005 0.030667 -0.074741 -1.027947
    34 3.880859 -0.047028 -0.427490 -0.079036 0.162996 -0.514648
    35 1.719567 0.000023 0.000016 -0.048600 0.058563 -1.498693
    36 1.209175 0.000008 0.000005 -0.038127 -0.010975 -1.196747
    37 3.867399 -0.148186 -1.324350 -0.424029 0.413272 -0.567318
    38 1.719419 -0.000008 -0.000008 -0.103004 0.275398 -0.995724
    39 1.099667 -0.000004 -0.000001 -0.048647 0.108807 -0.506629
    40 0.811502 -0.358881 -1.316683 1.391884 0.446153 -0.556740
    41 1.789783 -0.000002 -0.000002 0.030300 -0.047271 0.412855
    42 1.207001 0.000009 0.000000 -0.006735 -0.074450 -0.170094
    43 5.073761 -4.063510 -2.918343 3.826595 -0.063820 -1.771607
    44 0.000000 0.196712 0.000000 1.570797 0.000000 0.000001
    45 0.000002 2.032589 0.000000 -0.061541 0.000000 0.000000
    46 0.000002 1.571991 0.000000 -0.060294 0.000000 0.000000
    47 3.775905 -5.485672 -0.527956 -2.248292 -0.133225 -1.641886
  time 21
    0 -0.000003 -13.531250 -29.421875 1.570792 0.000003 -0.000003
    1 0.000000 3.345131 -2.981898 1.570796 0.083192 1.570795
    2 4.015625 0.000001 0.000000 0.000000 -0.000001 -0.028819
    3 3.520294 0.000005 -0.000006 0.000000 0.000000 0.097311
    4 8.929688 -0.000001 0.000000 0.000000 0.000001 0.186405
    5 2.035156 0.997070 1.937500 1.589735 -1.286517 2.950158
    6 6.028159 -0.000069 0.000009 -1.575890 0.049155 -1.169438
    7 11.692566 0.000046 0.000011 -0.000002 0.000000 -0.060376
    8 11.481682 0.000088 -0.000031 1.568292 -0.038710 0.036026
    9 3.857422 -0.139526 -1.191406 -0.363882 0.112047 -0.355498
    10 1.312565 -0.000008 0.000000 -0.000002 0.054404 -0.409012
    11 0.729366 0.000002 -0.000002 -0.000001 0.040754 -0.240990
    12 3.941406 0.046936 -0.435059 -0.101499 0.042182 -0.269683
    13 1.539091 0.000008 -0.000002 0.000000 0.003737 -0.247812
    14 1.196321 0.000000 -0.000002 -0.000001 0.006168 -0.430818
    15 3.880859 -0.043091 0.427490 0.090105 -0.011419 -0.132542
    16 1.719578 0.000023 -0.000021 -0.000005 -0.020423 -0.365964
    17 1.209181 -0.000004 -0.000001 0.000001 -0.011427 -0.216116
    18 3.863281 -0.136475 1.332031 0.320642 -0.041405 -0.125801
    19 1.719431 -0.000023 0.000019 0.000001 -0.106227 -0.347813
    20 1.099676 0.000000 0.000006 0.000004 -0.067955 -0.234890
    21 0.807129 -0.346924 1.320313 -1.243196 -0.551768 -0.740654
    22 1.789787 0.000006 0.000006 -0.000002 -0.003712 0.228604
    23 1.207012 0.000011 0.000000 -0.000001 -0.005667 0.362993
    24 2.035156 0.997070 -1.937500 -1.661572 1.286515 2.950150
    25 6.028144 -0.000011 0.000002 1.921074 0.524492 -0.494183
    26 12.301971 -1.003936 0.937532 0.346249 -0.125073 -1.318252
    27 11.481657 0.000043 0.000019 -1.906093 0.456376 -0.231636
    28 3.858240 -0.131699 1.199994 0.390527 -0.101410 -0.916423
    29 1.312567 0.000000 0.000000 0.094358 -0.148302 -1.023361
    30 0.729362 0.000004 0.000003 0.246466 -0.201514 -1.343121
    31 3.938074 0.050872 0.435162 0.108940 0.058963 -0.470260
    32 1.539089 0.000008 0.000003 0.081999 -0.072597 -1.490887
    33 1.196316 0.000004 0.000005 0.030667 -0.074741 -1.027947
    34 3.880859 -0.047028 -0.427490 -0.079036 0.162996 -0.514648
    35 1.719567 0.000023 0.000016 -0.048600 0.058563 -1.498659
    36 1.209175 0.000008 0.000005 -0.038127 -0.010975 -1.196747
    37 3.867399 -0.148186 -1.324350 -0.424029 0.413272 -0.567318
    38 1.719419 -0.000008 -0.000008 -0.103004 0.275398 -0.995724
    39 1.099667 -0.000004 -0.000001 -0.048647 0.108807 -0.506629
    40 0.811502 -0.358881 -1.312777 1.391884 0.446153 -0.556740
    41 1.789783 -0.000002 -0.000002 0.030300 -0.047271 0.412855
    42 1.207001 0.000009 0.000000 -0.006735 -0.074450 -0.170094
    43 5.073761 -4.063510 -2.918343 3.826595 -0.063820 -1.771607
    44 0.000000 0.196712 0.000000 1.570797 0.000000 0.000001
    45 0.000002 2.032589 0.000000 -0.060738 0.000000 0.000000
    46 0.000002 1.571991 0.000000 -0.060294 0.000000 0.000000
    47 3.775905 -5.485672 -0.527956 -2.248292 -0.133225 -1.641886
  time 22
    0 -0.000003 -13.531250 -29.421875 1.570792 0.000003 -0.000003
    1 0.000000 3.345131 -2.981898 1.570796 0.083192 1.570795
    2 4.015625 0.000001 0.000000 0.000000 -0.000001 -0.028819
    3 3.520294 0.000005 -0.000006 0.000000 0.000000 0.097311
    4 8.929688 -0.000001 0.000000 0.000000 0.000001 0.186405
    5 2.035156 0.997070 1.937500 1.589735 -1.286517 2.950158
    6 6.028159 -0.000069 0.000009 -1.575890 0.049155 -1.169438
    7 11.692566 0.000046 0.000011 -0.000002 0.000000 -0.060376
    8 11.481682 0.000088 -0.000031 1.568292 -0.038710 0.036026
    9 3.857422 -0.139526 -1.191406 -0.363882 0.112047 -0.355498
    10 1.312565 -0.000008 0.000000 -0.000002 0.054404 -0.409012
    11 0.729366 0.000002 -0.000002 -0.000001 0.040754 -0.240990
    12 3.941406 0.046936 -0.435059 -0.101499 0.042182 -0.269683
    13 1.539091 0.000008 -0.000002 0.000000 0.003737 -0.247812
    14 1.196321 0.000000 -0.000002 -0.000001 0.006168 -0.430818
    15 3.880859 -0.043091 0.427490 0.090105 -0.011419 -0.132542
    16 1.719578 0.000023 -0.000021 -0.000005 -0.020423 -0.365964
    17 1.209181 -0.000004 -0.000001 0.000001 -0.011427 -0.216116
    18 3.863281 -0.136475 1.332031 0.320642 -0.041405 -0.125801
    19 1.719431 -0.000023 0.000019 0.000001 -0.106227 -0.347813
    20 1.099676 0.000000 0.000006 0.000004 -0.067955 -0.234890
    21 0.807129 -0.346924 1.320313 -1.243196 -0.551768 -0.740654
    22 1.789787 0.000006 0.000006 -0.000002 -0.003712 0.228604
    23 1.207012 0.000011 0.000000 -0.000001 -0.005667 0.362993
    24 2.035156 0.997070 -1.937500 -1.661572 1.286515 2.950150
    25 6.028144 -0.000011 0.000002 1.921074 0.524492 -0.494183
    26 12.301971 -1.003936 0.937532 0.323057 -0.134583 -1.296871
    27 11.481657 0.000043 0.000019 -1.914857 0.457817 -0.225907
    28 3.854334 -0.131699 1.199994 0.390527 -0.101410 -0.916423
    29 1.312567 0.000000 0.000000 0.094358 -0.148302 -1.023361
    30 0.729362 0.000004 0.000003 0.246478 -0.201514 -1.343121
    31 3.941981 0.050872 0.435162 0.108940 0.058963 -0.470260
    32 1.539089 0.000008 0.000003 0.081999 -0.072597 -1.490925
    33 1.196316 0.000004 0.000005 0.030667 -0.074741 -1.027947
    34 3.880859 -0.047028 -0.427490 -0.079036 0.162996 -0.514648
    35 1.719567 0.000023 0.000016 -0.048600 0.058551 -1.498659
    36 1.209175 0.000008 0.000005 -0.038127 -0.010975 -1.196747
    37 3.863493 -0.148186 -1.324350 -0.424029 0.413272 -0.567318
    38 1.719419 -0.000008 -0.000008 -0.103004 0.275398 -0.995724
    39 1.099667 -0.000004 -0.000001 -0.048647 0.108807 -0.506629
    40 0.811502 -0.358881 -1.312777 1.391884 0.446153 -0.556740
    41 1.789783 -0.000002 -0.000002 0.030300 -0.047271 0.412855
    42 1.207001 0.000009 0.000000 -0.006735 -0.074450 -0.170094
    43 5.073761 -4.063510 -2.918343 3.826595 -0.063832 -1.771607
    44 0.000000 0.196712 0.000000 1.570797 0.000000 0.000001
    45 0.000002 2.032589 0.000000 -0.059767 0.000000 0.000000
    46 0.000002 1.571991 0.000000 -0.060294 0.000000 0.000000
    47 3.775905 -5.485672 -0.527956 -2.248292 -0.133225 -1.641886
  time 23
    0 -0.000003 -13.531250 -29.421875 1.570792 0.000003 -0.000003
    1 0.000000 3.345131 -2.981898 1.570796 0.083192 1.570795
    2 4.015625 0.000001 0.000000 0.000000 -0.000001 -0.028819
    3 3.520294 0.000005 -0.000006 0.000000 0.000000 0.097311
    4 8.929688 -0.000001 0.000000 0.000000 0.000001 0.186405
    5 2.035156 0.997070 1.937500 1.589735 -1.286517 2.950158
    6 6.028159 -0.000069 0.000009 -1.575890 0.049155 -1.169438
    7 11.692566 0.000046 0.000011 -0.000002 0.000000 -0.060376
    8 11.481682 0.000088 -0.000031 1.568292 -0.038710 0.036026
    9 3.857422 -0.139526 -1.191406 -0.363882 0.112047 -0.355498
    10 1.312565 -0.000008 0.000000 -0.000002 0.054404 -0.409012
    11 0.729366 0.000002 -0.000002 -0.000001 0.040754 -0.240990
    12 3.941406 0.046936 -0.435059 -0.101499 0.042182 -0.269683
    13 1.539091 0.000008 -0.000002 0.000000 0.003737 -0.247812
    14 1.196321 0.000000 -0.000002 -0.000001 0.006168 -0.430818
    15 3.880859 -0.043091 0.427490 0.090105 -0.011419 -0.132542
    16 1.719578 0.000023 -0.000021 -0.000005 -0.020423 -0.365964
    17 1.209181 -0.000004 -0.000001 0.000001 -0.011427 -0.216116
    18 3.863281 -0.136475 1.332031 0.320642 -0.041405 -0.125801
    19 1.719431 -0.000023 0.000019 0.000001 -0.106227 -0.347813
    20 1.099676 0.000000 0.000006 0.000004 -0.067955 -0.234890
    21 0.807129 -0.346924 1.320313 -1.243196 -0.551768 -0.740654
    22 1.789787 0.000006 0.000006 -0.000002 -0.003712 0.228604
    23 1.207012 0.000011 0.000000 -0.000001 -0.005667 0.362993
    24 2.035156 0.997070 -1.937500 -1.661572 1.286515 2.950150
    25 6.028144 -0.000011 0.000002 1.921074 0.524492 -0.494183
    26 12.301971 -1.003936 0.937532 0.300745 -0.144382 -1.274901
    27 11.481657 0.000043 0.000019 -1.923906 0.459288 -0.219975
    28 3.854334 -0.131699 1.199994 0.390527 -0.101410 -0.916423
    29 1.312567 0.000000 0.000000 0.094358 -0.148302 -1.023361
    30 0.729362 0.000004 0.000003 0.246466 -0.201514 -1.343121
    31 3.941981 0.050872 0.435162 0.108940 0.058963 -0.470260
    32 1.539089 0.000008 0.000003 0.081999 -0.072597 -1.490887
    33 1.196316 0.000004 0.000005 0.030667 -0.074741 -1.027947
    34 3.880859 -0.047028 -0.427490 -0.079036 0.162996 -0.514648
    35 1.719567 0.000023 0.000016 -0.048600 0.058563 -1.498659
    36 1.209175 0.000008 0.000005 -0.038127 -0.010975 -1.196747
    37 3.867399 -0.148186 -1.324350 -0.424029 0.413272 -0.567318
    38 1.719419 -0.000008 -0.000008 -0.103004 0.275398 -0.995724
    39 1.099667 -0.000004 -0.000001 -0.048647 0.108807 -0.506629
    40 0.811502 -0.358881 -1.312777 1.391884 0.446153 -0.556740
    41 1.789783 -0.000002 -0.000002 0.030300 -0.047271 0.412855
    42 1.207001 0.000009 0.000000 -0.006735 -0.074450 -0.170094
    43 5.073761 -4.063510 -2.918343 3.826595 -0.063820 -1.771607
    44 0.000000 0.196712 0.000000 1.570797 0.000000 0.000001
    45 0.000002 2.032589 0.000000 -0.058629 0.000000 0.000000
    46 0.000002 1.571991 0.000000 -0.060294 0.000000 0.000000
    47 3.775905 -5.485672 -0.527956 -2.248292 -0.133225 -1.641886
  time 24
    0 -0.000003 -13.531250 -29.421875 1.570792 0.000003 -0.000003
    1 0.000000 3.345131 -2.981898 1.570796 0.083192 1.570795
    2 4.015625 0.000001 0.000000 0.000000 -0.000001 -0.028819
    3 3.520294 0.000005 -0.000006 0.000000 0.000000 0.097311
    4 8.929688 -0.000001 0.000000 0.000000 0.000001 0.186405
    5 2.035156 0.997070 1.937500 1.589735 -1.286517 2.950158
    6 6.028159 -0.000069 0.000009 -1.575890 0.049155 -1.169438
    7 11.692566 0.000046 0.000011 -0.000002 0.000000 -0.060376
    8 11.481682 0.000088 -0.000031 1.568292 -0.038710 0.036026
    9 3.857422 -0.139526 -1.191406 -0.363882 0.112047 -0.355498
    10 1.312565 -0.000008 0.000000 -0.000002 0.054404 -0.409012
    11 0.729366 0.000002 -0.000002 -0.000001 0.040754 -0.240990
    12 3.941406 0.046936 -0.435059 -0.101499 0.042182 -0.269683
    13 1.539091 0.000008 -0.000002 0.000000 0.003737 -0.247812
    14 1.196321 0.000000 -0.000002 -0.000001 0.006168 -0.430818
    15 3.880859 -0.043091 0.427490 0.090105 -0.011419 -0.132542
    16 1.719578 0.000023 -0.000021 -0.000005 -0.020423 -0.365964
    17 1.209181 -0.000004 -0.000001 0.000001 -0.011427 -0.216116
    18 3.863281 -0.136475 1.332031 0.320642 -0.041405 -0.125801
    19 1.719431 -0.000023 0.000019 0.000001 -0.106227 -0.347813
    20 1.099676 0.000000 0.000006 0.000004 -0.067955 -0.234890
    21 0.807129 -0.346924 1.320313 -1.243196 -0.551768 -0.740654
    22 1.789787 0.000006 0.000006 -0.000002 -0.003712 0.228604
    23 1.207012 0.000011 0.000000 -0.000001 -0.005667 0.362993
    24 2.035156 0.997070 -1.937500 -1.661572 1.286515 2.950150
    25 6.028144 -0.000011 0.000002 1.921074 0.524492 -0.494183
    26 12.301971 -1.003936 0.937532 0.280149 -0.154382 -1.252558
    27 11.481657 0.000043 0.000019 -1.933107 0.460773 -0.213923
    28 3.854334 -0.131699 1.199994 0.390527 -0.101410 -0.916423
    29 1.312567 0.000000 0.000000 0.094358 -0.148302 -1.023361
    30 0.729362 0.000004 0.000003 0.246466 -0.201514 -1.343121
    31 3.941981 0.050872 0.435162 0.108940 0.058963 -0.470260
    32 1.539089 0.000008 0.000003 0.081999 -0.072597 -1.490887
    33 1.196316 0.000004 0.000005 0.030667 -0.074741 -1.027947
    34 3.880859 -0.047028 -0.427490 -0.079036 0.162996 -0.514648
    35 1.719567 0.000023 0.000016 -0.048600 0.058563 -1.498659
    36 1.209175 0.000008 0.000005 -0.038127 -0.010975 -1.196747
    37 3.863493 -0.148186 -1.324350 -0.424029 0.413272 -0.567318
    38 1.719419 -0.000008 -0.000008 -0.103004 0.275398 -0.995724
    39 1.099667 -0.000004 -0.000001 -0.048647 0.108807 -0.506629
    40 0.811502 -0.358881 -1.312777 1.391884 0.446153 -0.556740
    41 1.789783 -0.000002 -0.000002 0.030300 -0.047271 0.412855
    42 1.207001 0.000009 0.000000 -0.006735 -0.074450 -0.170094
    43 5.073761 -4.063510 -2.918343 3.826595 -0.063820 -1.771607
    44 0.000000 0.196712 0.000000 1.570797 0.000000 0.000001
    45 0.000002 2.032589 0.000000 -0.057358 0.000000 0.000000
    46 0.000002 1.571991 0.000000 -0.060294 0.000000 0.000000
    47 3.775905 -5.485672 -0.527956 -2.248292 -0.133225 -1.641886
  time 25
    0 -0.000003 -13.531250 -29.421875 1.570792 0.000003 -0.000003
    1 0.000000 3.345131 -2.981898 1.570796 0.083192 1.570795
    2 4.015625 0.000001 0.000000 0.000000 -0.000001 -0.028819
    3 3.520294 0.000005 -0.000006 0.000000 0.000000 0.097311
    4 8.929688 -0.000001 0.000000 0.000000 0.000001 0.186405
    5 2.035156 0.997070 1.937500 1.589735 -1.286517 2.950158
    6 6.028159 -0.000069 0.000009 -1.575890 0.049155 -1.169438
    7 11.692566 0.000046 0.000011 -0.000002 0.000000 -0.060376
    8 11.481682 0.000088 -0.000031 1.568292 -0.038710 0.036026
    9 3.857422 -0.139526 -1.191406 -0.363882 0.112047 -0.355498
    10 1.312565 -0.000008 0.000000 -0.000002 0.054404 -0.409012
    11 0.729366 0.000002 -0.000002 -0.000001 0.040754 -0.240990
    12 3.941406 0.046936 -0.435059 -0.101499 0.042182 -0.269683
    13 1.539091 0.000008 -0.000002 0.000000 0.003737 -0.247812
    14 1.196321 0.000000 -0.000002 -0.000001 0.006168 -0.430818
    15 3.880859 -0.043091 0.427490 0.090105 -0.011419 -0.132542
    16 1.719578 0.000023 -0.000021 -0.000005 -0.020423 -0.365964
    17 1.209181 -0.000004 -0.000001 0.000001 -0.011427 -0.216116
    18 3.863281 -0.136475 1.332031 0.320642 -0.041405 -0.125801
    19 1.719431 -0.000023 0.000019 0.000001 -0.106227 -0.347813
    20 1.099676 0.000000 0.000006 0.000004 -0.067955 -0.234890
    21 0.807129 -0.346924 1.320313 -1.243196 -0.551768 -0.740654
    22 1.789787 0.000006 0.000006 -0.000002 -0.003712 0.228604
    23 1.207012 0.000011 0.000000 -0.000001 -0.005667 0.362993
    24 2.035156 0.997070 -1.937500 -1.661572 1.286515 2.950150
    25 6.028144 -0.000011 0.000002 1.921074 0.524492 -0.494183
    26 12.301971 -1.003936 0.937532 0.262015 -0.164454 -1.230160
    27 11.481657 0.000043 0.000019 -1.942308 0.462243 -0.207846
    28 3.854334 -0.131699 1.199994 0.390527 -0.101410 -0.916423
    29 1.312567 0.000000 0.000000 0.094358 -0.148302 -1.023361
    30 0.729362 0.000004 0.000003 0.246466 -0.201514 -1.343121
    31 3.941981 0.050872 0.435162 0.108940 0.058963 -0.470260
    32 1.539089 0.000008 0.000003 0.081999 -0.072597 -1.490887
    33 1.196316 0.000004 0.000005 0.030667 -0.074741 -1.027947
    34 3.880859 -0.047028 -0.427490 -0.079036 0.162996 -0.514648
    35 1.719567 0.000023 0.000016 -0.048600 0.058563 -1.498659
    36 1.209175 0.000008 0.000005 -0.038127 -0.010975 -1.196747
    37 3.867399 -0.148186 -1.324350 -0.424017 0.413272 -0.567318
    38 1.719419 -0.000008 -0.000008 -0.103004 0.275398 -0.995724
    39 1.099667 -0.000004 -0.000001 -0.048647 0.108807 -0.506629
    40 0.811502 -0.358881 -1.312777 1.391884 0.446153 -0.556740
    41 1.789783 -0.000002 -0.000002 0.030300 -0.047271 0.412855
    42 1.207001 0.000009 0.000000 -0.006735 -0.074450 -0.170094
    43 5.073761 -4.063510 -2.918343 3.826595 -0.063820 -1.771607
    44 0.000000 0.196712 0.000000 1.570797 0.000000 0.000001
    45 0.000002 2.032589 0.000000 -0.055992 0.000000 0.000000
    46 0.000002 1.571991 0.000000 -0.060294 0.000000 0.000000
    47 3.775905 -5.485672 -0.527956 -2.248292 -0.133225 -1.641886
  time 26
    0 -0.000003 -13.531250 -29.421875 1.570792 0.000003 -0.000003
    1 0.000000 3.345131 -2.981898 1.570796 0.083192 1.570795
    2 4.015625 0.000001 0.000000 0.000000 -0.000001 -0.028819
    3 3.520294 0.000005 -0.000006 0.000000 0.000000 0.097311
    4 8.929688 -0.000001 0.000000 0.000000 0.000001 0.186405
    5 2.035156 0.997070 1.937500 1.589735 -1.286517 2.950158
    6 6.028159 -0.000069 0.000009 -1.575890 0.049155 -1.169438
    7 11.692566 0.000046 0.000011 -0.000002 0.000000 -0.060376
    8 11.481682 0.000088 -0.000031 1.568292 -0.038710 0.036026
    9 3.857422 -0.139526 -1.191406 -0.363882 0.112047 -0.355498
    10 1.312565 -0.000008 0.000000 -0.000002 0.054404 -0.409012
    11 0.729366 0.000002 -0.000002 -0.000001 0.040754 -0.240990
    12 3.941406 0.046936 -0.435059 -0.101499 0.042182 -0.269683
    13 1.539091 0.000008 -0.000002 0.000000 0.003737 -0.247812
    14 1.196321 0.000000 -0.000002 -0.000001 0.006168 -0.430818
    15 3.880859 -0.043091 0.427490 0.090105 -0.011419 -0.132542
    16 1.719578 0.000023 -0.000021 -0.000005 -0.020423 -0.365964
    17 1.209181 -0.000004 -0.000001 0.000001 -0.011427 -0.216116
    18 3.863281 -0.136475 1.332031 0.320642 -0.041405 -0.125801
    19 1.719431 -0.000023 0.000019 0.000001 -0.106227 -0.347813
    20 1.099676 0.000000 0.000006 0.000004 -0.067955 -0.234890
    21 0.807129 -0.346924 1.320313 -1.243196 -0.551768 -0.740654
    22 1.789787 0.000006 0.000006 -0.000002 -0.003712 0.228604
    23 1.207012 0.000011 0.000000 -0.000001 -0.005667 0.362993
    24 2.035156 0.997070 -1.937500 -1.661572 1.286515 2.950150
    25 6.028144 -0.000011 0.000002 1.921074 0.524492 -0.494183
    26 12.301971 -1.003936 0.937532 0.246884 -0.174454 -1.208030
    27 11.481657 0.000043 0.000019 -1.951376 0.463684 -0.201842
    28 3.854334 -0.131699 1.199994 0.390527 -0.101410 -0.916423
    29 1.312567 0.000000 0.000000 0.094358 -0.148302 -1.023361
    30 0.729362 0.000004 0.000003 0.246466 -0.201514 -1.343121
    31 3.941981 0.050872 0.435162 0.108940 0.058963 -0.470260
    32 1.539089 0.000008 0.000003 0.081999 -0.072597 -1.490925
    33 1.196316 0.000004 0.000005 0.030667 -0.074741 -1.027947
    34 3.880859 -0.047028 -0.427490 -0.079036 0.162996 -0.514648
    35 1.719567 0.000023 0.000016 -0.048600 0.058563 -1.498693
    36 1.209175 0.000008 0.000005 -0.038127 -0.010975 -1.196747
    37 3.867399 -0.148186 -1.324350 -0.424029 0.413272 -0.567318
    38 1.719419 -0.000008 -0.000008 -0.103004 0.275398 -0.995724
    39 1.099667 -0.000004 -0.000001 -0.048647 0.108807 -0.506629
    40 0.811502 -0.358881 -1.312777 1.391884 0.446153 -0.556740
    41 1.789783 -0.000002 -0.000002 0.030300 -0.047271 0.412855
    42 1.207001 0.000009 0.000000 -0.006735 -0.074450 -0.170094
    43 5.073761 -4.063510 -2.918343 3.826595 -0.063820 -1.771607
    44 0.000000 0.196712 0.000000 1.570797 0.000000 0.000001
    45 0.000002 2.032589 0.000000 -0.054578 0.000000 0.000000
    46 0.000002 1.571991 0.000000 -0.060294 0.000000 0.000000
    47 3.775905 -5.485672 -0.527956 -2.248292 -0.133225 -1.641886
  time 27
    0 -0.000003 -13.531250 -29.421875 1.570792 0.000003 -0.000003
    1 0.000000 3.345131 -2.981898 1.570796 0.083192 1.570795
    2 4.015625 0.000001 0.000000 0.000000 -0.000001 -0.028819
    3 3.520294 0.000005 -0.000006 0.000000 0.000000 0.097311
    4 8.929688 -0.000001 0.000000 0.000000 0.000001 0.186405
    5 2.035156 0.997070 1.937500 1.589735 -1.286517 2.950158
    6 6.028159 -0.000069 0.000009 -1.575890 0.049155 -1.169438
    7 11.692566 0.000046 0.000011 -0.000002 0.000000 -0.060376
    8 11.481682 0.000088 -0.000031 1.568292 -0.038710 0.036026
    9 3.857422 -0.139526 -1.191406 -0.363882 0.112047 -0.355498
    10 1.312565 -0.000008 0.000000 -0.000002 0.054404 -0.409012
    11 0.729366 0.000002 -0.000002 -0.000001 0.040754 -0.240990
    12 3.941406 0.046936 -0.435059 -0.101499 0.042182 -0.269683
    13 1.539091 0.000008 -0.000002 0.000000 0.003737 -0.247812
    14 1.196321 0.000000 -0.000002 -0.000001 0.006168 -0.430818
    15 3.880859 -0.043091 0.427490 0.090105 -0.011419 -0.132542
    16 1.719578 0.000023 -0.000021 -0.000005 -0.020423 -0.365964
    17 1.209181 -0.000004 -0.000001 0.000001 -0.011427 -0.216116
    18 3.863281 -0.136475 1.332031 0.320642 -0.041405 -0.125801
    19 1.719431 -0.000023 0.000019 0.000001 -0.106227 -0.347813
    20 1.099676 0.000000 0.000006 0.000004 -0.067955 -0.234890
    21 0.807129 -0.346924 1.320313 -1.243196 -0.551768 -0.740654
    22 1.789787 0.000006 0.000006 -0.000002 -0.003712 0.228604
    23 1.207012 0.000011 0.000000 -0.000001 -0.005667 0.362993
    24 2.035156 0.997070 -1.937500 -1.661572 1.286515 2.950150
    25 6.028144 -0.000011 0.000002 1.921074 0.524492 -0.494183
    26 12.301971 -1.003936 0.937532 0.235118 -0.184324 -1.186382
    27 11.481657 0.000043 0.000019 -1.960216 0.465096 -0.195982
    28 3.854334 -0.131699 1.199994 0.390527 -0.101410 -0.916423
    29 1.312567 0.000000 0.000000 0.094358 -0.148302 -1.023361
    30 0.729362 0.000004 0.000003 0.246466 -0.201514 -1.343121
    31 3.941981 0.050872 0.435162 0.108940 0.058963 -0.470260
    32 1.539089 0.000008 0.000003 0.081999 -0.072597 -1.490887
    33 1.196316 0.000004 0.000005 0.030667 -0.074741 -1.027947
    34 3.880859 -0.047028 -0.427490 -0.079036 0.162996 -0.514648
    35 1.719567 0.000023 0.000016 -0.048600 0.058563 -1.498659
    36 1.209175 0.000008 0.000005 -0.038127 -0.010975 -1.196747
    37 3.863493 -0.148186 -1.324350 -0.424017 0.413272 -0.567318
    38 1.719419 -0.000008 -0.000008 -0.103004 0.275398 -0.995724
    39 1.099667 -0.000004 -0.000001 -0.048647 0.108807 -0.506629
    40 0.811502 -0.358881 -1.312777 1.391884 0.446153 -0.556740
    41 1.789783 -0.000002 -0.000002 0.030300 -0.047271 0.412855
    42 1.207001 0.000009 0.000000 -0.006735 -0.074450 -0.170110
    43 5.073761 -4.063510 -2.918343 3.826595 -0.063820 -1.771607
    44 0.000000 0.196712 0.000000 1.570797 0.000000 0.000001
    45 0.000002 2.032589 0.000000 -0.053140 0.000000 0.000000
    46 0.000002 1.571991 0.000000 -0.060294 0.000000 0.000000
    47 3.775905 -5.485672 -0.527956 -2.248292 -0.133225 -1.641886
  time 28
    0 -0.000003 -13.531250 -29.421875 1.570792 0.000003 -0.000003
    1 0.000000 3.345131 -2.981898 1.570796 0.083192 1.570795
    2 4.015625 0.000001 0.000000 0.000000 -0.000001 -0.028819
    3 3.520294 0.000005 -0.000006 0.000000 0.000000 0.097311
    4 8.929688 -0.000001 0.000000 0.000000 0.000001 0.186405
    5 2.035156 0.997070 1.937500 1.589735 -1.286517 2.950158
    6 6.028159 -0.000069 0.000009 -1.575890 0.049155 -1.169438
    7 11.692566 0.000046 0.000011 -0.000002 0.000000 -0.060376
    8 11.481682 0.000088 -0.000031 1.568292 -0.038710 0.036026
    9 3.857422 -0.139526 -1.191406 -0.363882 0.112047 -0.355498
    10 1.312565 -0.000008 0.000000 -0.000002 0.054404 -0.409012
    11 0.729366 0.000002 -0.000002 -0.000001 0.040754 -0.240990
    12 3.941406 0.046936 -0.435059 -0.101499 0.042182 -0.269683
    13 1.539091 0.000008 -0.000002 0.000000 0.003737 -0.247812
    14 1.196321 0.000000 -0.000002 -0.000001 0.006168 -0.430818
    15 3.880859 -0.043091 0.427490 0.090105 -0.011419 -0.132542
    16 1.719578 0.000023 -0.000021 -0.000005 -0.020423 -0.365964
    17 1.209181 -0.000004 -0.000001 0.000001 -0.011427 -0.216116
    18 3.863281 -0.136475 1.332031 0.320642 -0.041405 -0.125801
    19 1.719431 -0.000023 0.000019 0.000001 -0.106227 -0.347813
    20 1.099676 0.000000 0.000006 0.000004 -0.067955 -0.234890
    21 0.807129 -0.346924 1.320313 -1.243196 -0.551768 -0.740654
    22 1.789787 0.000006 0.000006 -0.000002 -0.003712 0.228604
    23 1.207012 0.000011 0.000000 -0.000001 -0.005667 0.362993
    24 2.035156 0.997070 -1.937500 -1.661572 1.286515 2.950150
    25 6.028144 -0.000011 0.000002 1.921074 0.524492 -0.494183
    26 12.301971 -1.003936 0.937532 0.226831 -0.193950 -1.165374
    27 11.481657 0.000043 0.000019 -1.968732 0.466434 -0.190301
    28 3.858240 -0.131699 1.199994 0.390527 -0.101410 -0.916423
    29 1.312567 0.000000 0.000000 0.094358 -0.148302 -1.023361
    30 0.729362 0.000004 0.000003 0.246466 -0.201514 -1.343121
    31 3.941981 0.050872 0.435162 0.108940 0.058963 -0.470260
    32 1.539089 0.000008 0.000003 0.081999 -0.072597 -1.490887
    33 1.196316 0.000004 0.000005 0.030667 -0.074741 -1.027947
    34 3.880859 -0.047028 -0.427490 -0.079036 0.162996 -0.514648
    35 1.719567 0.000023 0.000016 -0.048600 0.058563 -1.498659
    36 1.209175 0.000008 0.000005 -0.038127 -0.010975 -1.196747
    37 3.867399 -0.148186 -1.324350 -0.424029 0.413272 -0.567318
    38 1.719419 -0.000008 -0.000008 -0.103004 0.275398 -0.995724
    39 1.099667 -0.000004 -0.000001 -0.048647 0.108807 -0.506629
    40 0.811502 -0.358881 -1.312777 1.391884 0.446153 -0.556740
    41 1.789783 -0.000002 -0.000002 0.030300 -0.047271 0.412855
    42 1.207001 0.000009 0.000000 -0.006735 -0.074450 -0.170094
    43 5.073761 -4.063510 -2.918343 3.826595 -0.063820 -1.771607
    44 0.000000 0.196712 0.000000 1.570797 0.000000 0.000001
    45 0.000002 2.032589 0.000000 -0.051713 0.000000 0.000000
    46 0.000002 1.571991 0.000000 -0.060294 0.000000 0.000000
    47 3.775905 -5.485672 -0.527956 -2.248292 -0.133225 -1.641886
  time 29
    0 -0.000003 -13.531250 -29.421875 1.570792 0.000003 -0.000003
    1 0.000000 3.345131 -2.981898 1.570796 0.083192 1.570795
    2 4.015625 0.000001 0.000000 0.000000 -0.000001 -0.028819
    3 3.520294 0.000005 -0.000006 0.000000 0.000000 0.097311
    4 8.929688 -0.000001 0.000000 0.000000 0.000001 0.186405
    5 2.035156 0.997070 1.937500 1.589735 -1.286517 2.950158
    6 6.028159 -0.000069 0.000009 -1.575890 0.049155 -1.169438
    7 11.692566 0.000046 0.000011 -0.000002 0.000000 -0.060376
    8 11.481682 0.000088 -0.000031 1.568292 -0.038710 0.036026
    9 3.857422 -0.139526 -1.191406 -0.363882 0.112047 -0.355498
    10 1.312565 -0.000008 0.000000 -0.000002 0.054404 -0.409012
    11 0.729366 0.000002 -0.000002 -0.000001 0.040754 -0.240990
    12 3.941406 0.046936 -0.435059 -0.101499 0.042182 -0.269683
    13 1.539091 0.000008 -0.000002 0.000000 0.003737 -0.247812
    14 1.196321 0.000000 -0.000002 -0.000001 0.006168 -0.430818
    15 3.880859 -0.043091 0.427490 0.090105 -0.011419 -0.132542
    16 1.719578 0.000023 -0.000021 -0.000005 -0.020423 -0.365964
    17 1.209181 -0.000004 -0.000001 0.000001 -0.011427 -0.216116
    18 3.863281 -0.136475 1.332031 0.320642 -0.041405 -0.125801
    19 1.719431 -0.000023 0.000019 0.000001 -0.106227 -0.347813
    20 1.099676 0.000000 0.000006 0.000004 -0.067955 -0.234890
    21 0.807129 -0.346924 1.320313 -1.243196 -0.551768 -0.740654
    22 1.789787 0.000006 0.000006 -0.000002 -0.003712 0.228604
    23 1.207012 0.000011 0.000000 -0.000001 -0.005667 0.362993
    24 2.035156 0.997070 -1.937500 -1.661572 1.286515 2.950150
    25 6.028144 -0.000011 0.000002 1.921074 0.524492 -0.494183
    26 12.301971 -1.003936 0.937532 0.221998 -0.203316 -1.145062
    27 11.481657 0.000043 0.000019 -1.976907 0.467699 -0.184848
    28 3.854334 -0.131699 1.199994 0.390527 -0.101410 -0.916423
    29 1.312567 0.000000 0.000000 0.094358 -0.148302 -1.023361
    30 0.729362 0.000004 0.000003 0.246466 -0.201514 -1.343121
    31 3.938074 0.050872 0.435162 0.108940 0.058963 -0.470260
    32 1.539089 0.000008 0.000003 0.081999 -0.072597 -1.490925
    33 1.196316 0.000004 0.000005 0.030667 -0.074741 -1.027947
    34 3.880859 -0.047028 -0.427490 -0.079036 0.162996 -0.514648
    35 1.719567 0.000023 0.000016 -0.048600 0.058563 -1.498659
    36 1.209175 0.000008 0.000005 -0.038127 -0.010975 -1.196747
    37 3.867399 -0.148186 -1.324350 -0.424029 0.413272 -0.567318
    38 1.719419 -0.000008 -0.000008 -0.103004 0.275398 -0.995724
    39 1.099667 -0.000004 -0.000001 -0.048647 0.108807 -0.506629
    40 0.811502 -0.358881 -1.316683 1.391884 0.446153 -0.556740
    41 1.789783 -0.000002 -0.000002 0.030300 -0.047271 0.412855
    42 1.207001 0.000009 0.000000 -0.006735 -0.074450 -0.170094
    43 5.073761 -4.063510 -2.918343 3.826595 -0.063820 -1.771607
    44 0.000000 0.196712 0.000000 1.570797 0.000000 0.000001
    45 0.000002 2.032589 0.000000 -0.050323 0.000000 0.000000
    46 0.000002 1.571991 0.000000 -0.060294 0.000000 0.000000
    47 3.775905 -5.485672 -0.527956 -2.248292 -0.133225 -1.641886
  time 30
    0 -0.000003 -13.531250 -29.421875 1.570792 0.000003 -0.000003
    1 0.000000 3.345131 -2.981898 1.570796 0.083192 1.570795
    2 4.015625 0.000001 0.000000 0.000000 -0.000001 -0.028819
    3 3.520294 0.000005 -0.000006 0.000000 0.000000 0.097311
    4 8.929688 -0.000001 0.000000 0.000000 0.000001 0.186405
    5 2.035156 0.997070 1.937500 1.589735 -1.286517 2.950158
    6 6.028159 -0.000069 0.000009 -1.575890 0.049155 -1.169438
    7 11.692566 0.000046 0.000011 -0.000002 0.000000 -0.060376
    8 11.481682 0.000088 -0.000031 1.568292 -0.038710 0.036026
    9 3.857422 -0.139526 -1.191406 -0.363882 0.112047 -0.355498
    10 1.312565 -0.000008 0.000000 -0.000002 0.054404 -0.409012
    11 0.729366 0.000002 -0.000002 -0.000001 0.040754 -0.240990
    12 3.941406 0.046936 -0.435059 -0.101499 0.042182 -0.269683
    13 1.539091 0.000008 -0.000002 0.000000 0.003737 -0.247812
    14 1.196321 0.000000 -0.000002 -0.000001 0.006168 -0.430818
    15 3.880859 -0.043091 0.427490 0.090105 -0.011419 -0.132542
    16 1.719578 0.000023 -0.000021 -0.000005 -0.020423 -0.365964
    17 1.209181 -0.000004 -0.000001 0.000001 -0.011427 -0.216116
    18 3.863281 -0.136475 1.332031 0.320642 -0.041405 -0.125801
    19 1.719431 -0.000023 0.000019 0.000001 -0.106227 -0.347813
    20 1.099676 0.000000 0.000006 0.000004 -0.067955 -0.234890
    21 0.807129 -0.346924 1.320313 -1.243196 -0.551768 -0.740654
    22 1.789787 0.000006 0.000006 -0.000002 -0.003712 0.228604
    23 1.207012 0.000011 0.000000 -0.000001 -0.005667 0.362993
    24 2.035156 0.997070 -1.937500 -1.661572 1.286515 2.950150
    25 6.028144 -0.000011 0.000002 1.921074 0.524492 -0.494183
    26 12.301971 -1.003936 0.937532 0.220417 -0.212379 -1.125551
    27 11.481657 0.000043 0.000019 -1.984682 0.468919 -0.179635
    28 3.854334 -0.131699 1.199994 0.390527 -0.101410 -0.916423
    29 1.312567 0.000000 0.000000 0.094358 -0.148302 -1.023361
    30 0.729362 0.000004 0.000003 0.246466 -0.201514 -1.343121
    31 3.941981 0.050872 0.435162 0.108940 0.058963 -0.470260
    32 1.539089 0.000008 0.000003 0.081999 -0.072597 -1.490887
    33 1.196316 0.000004 0.000005 0.030667 -0.074741 -1.027947
    34 3.880859 -0.047028 -0.427490 -0.079036 0.162996 -0.514648
    35 1.719567 0.000023 0.000016 -0.048600 0.058563 -1.498659
    36 1.209175 0.000008 0.000005 -0.038127 -0.010975 -1.196747
    37 3.867399 -0.148186 -1.324350 -0.424029 0.413272 -0.567318
    38 1.719419 -0.000008 -0.000008 -0.103004 0.275398 -0.995724
    39 1.099667 -0.000004 -0.000001 -0.048647 0.108807 -0.506629
    40 0.811502 -0.358881 -1.312777 1.391884 0.446153 -0.556740
    41 1.789783 -0.000002 -0.000002 0.030300 -0.047271 0.412855
    42 1.207001 0.000009 0.000000 -0.006735 -0.074450 -0.170094
    43 5.073761 -4.063510 -2.918343 3.826595 -0.063820 -1.771607
    44 0.000000 0.196712 0.000000 1.570797 0.000000 0.000001
    45 0.000002 2.032589 0.000000 -0.048981 0.000000 0.000000
    46 0.000002 1.571991 0.000000 -0.060294 0.000000 0.000000
    47 3.775905 -5.485672 -0.527956 -2.248292 -0.133225 -1.641886
  time 31
    0 -0.000003 -13.531250 -29.421875 1.570792 0.000003 -0.000003
    1 0.000000 3.345131 -2.981898 1.570796 0.083192 1.570795
    2 4.015625 0.000001 0.000000 0.000000 -0.000001 -0.028819
    3 3.520294 0.000005 -0.000006 0.000000 0.000000 0.097311
    4 8.929688 -0.000001 0.000000 0.000000 0.000001 0.186405
    5 2.035156 0.997070 1.937500 1.589735 -1.286517 2.950158
    6 6.028159 -0.000069 0.000009 -1.575890 0.049155 -1.169438
    7 11.692566 0.000046 0.000011 -0.000002 0.000000 -0.060376
    8 11.481682 0.000088 -0.000031 1.568292 -0.038710 0.036026
    9 3.857422 -0.139526 -1.191406 -0.363882 0.112047 -0.355498
    10 1.312565 -0.000008 0.000000 -0.000002 0.054404 -0.409012
    11 0.729366 0.000002 -0.000002 -0.000001 0.040754 -0.240990
    12 3.941406 0.046936 -0.435059 -0.101499 0.042182 -0.269683
    13 1.539091 0.000008 -0.000002 0.000000 0.003737 -0.247812
    14 1.196321 0.000000 -0.000002 -0.000001 0.006168 -0.430818
    15 3.880859 -0.043091 0.427490 0.090105 -0.011419 -0.132542
    16 1.719578 0.000023 -0.000021 -0.000005 -0.020423 -0.365964
    17 1.209181 -0.000004 -0.000001 0.000001 -0.011427 -0.216116
    18 3.863281 -0.136475 1.332031 0.320642 -0.041405 -0.125801
    19 1.719431 -0.000023 0.000019 0.000001 -0.106227 -0.347813
    20 1.099676 0.000000 0.000006 0.000004 -0.067955 -0.234890
    21 0.807129 -0.346924 1.320313 -1.243196 -0.551768 -0.740654
    22 1.789787 0.000006 0.000006 -0.000002 -0.003712 0.228604
    23 1.207012 0.000011 0.000000 -0.000001 -0.005667 0.362993
    24 2.035156 0.997070 -1.937500 -1.661572 1.286515 2.950150
    25 6.028144 -0.000011 0.000002 1.921074 0.524492 -0.494183
    26 12.301971 -1.003936 0.937532 0.221343 -0.221515 -1.106041
    27 11.481657 0.000043 0.000019 -1.992438 0.470110 -0.174421
    28 3.854334 -0.131699 1.199994 0.390527 -0.101410 -0.916423
    29 1.312567 0.000000 0.000000 0.094358 -0.148302 -1.023361
    30 0.729362 0.000004 0.000003 0.246466 -0.201514 -1.343121
    31 3.941981 0.050872 0.435162 0.108940 0.058963 -0.470260
    32 1.539089 0.000008 0.000003 0.081999 -0.072597 -1.490887
    33 1.196316 0.000004 0.000005 0.030667 -0.074741 -1.027947
    34 3.880859 -0.047028 -0.427490 -0.079036 0.162996 -0.514648
    35 1.719567 0.000023 0.000016 -0.048600 0.058563 -1.498659
    36 1.209175 0.000008 0.000005 -0.038127 -0.010975 -1.196747
    37 3.867399 -0.148186 -1.324350 -0.424029 0.413272 -0.567331
    38 1.719419 -0.000008 -0.000008 -0.103004 0.275398 -0.995724
    39 1.099667 -0.000004 -0.000001 -0.048647 0.108807 -0.506629
    40 0.811502 -0.358881 -1.312777 1.391884 0.446153 -0.556740
    41 1.789783 -0.000002 -0.000002 0.030300 -0.047271 0.412855
    42 1.207001 0.000009 0.000000 -0.006735 -0.074450 -0.170094
    43 5.073761 -4.063510 -2.918343 3.826595 -0.063820 -1.771607
    44 0.000000 0.196712 0.000000 1.570797 0.000000 0.000001
    45 0.000002 2.032589 0.000000 -0.047615 0.000000 0.000000
    46 0.000002 1.571991 0.000000 -0.060294 0.000000 0.000000
    47 3.775905 -5.485672 -0.527956 -2.248292 -0.133225 -1.641886
  time 32
    0 -0.000003 -13.531250 -29.421875 1.570792 0.000003 -0.000003
    1 0.000000 3.345131 -2.981898 1.570796 0.083192 1.570795
    2 4.015625 0.000001 0.000000 0.000000 -0.000001 -0.028819
    3 3.520294 0.000005 -0.000006 0.000000 0.000000 0.097311
    4 8.929688 -0.000001 0.000000 0.000000 0.000001 0.186405
    5 2.035156 0.997070 1.937500 1.589735 -1.286517 2.950158
    6 6.028159 -0.000069 0.000009 -1.575890 0.049155 -1.169438
    7 11.692566 0.000046 0.000011 -0.000002 0.000000 -0.060376
    8 11.481682 0.000088 -0.000031 1.568292 -0.038710 0.036026
    9 3.857422 -0.139526 -1.191406 -0.363882 0.112047 -0.355498
    10 1.312565 -0.000008 0.000000 -0.000002 0.054404 -0.409012
    11 0.729366 0.000002 -0.000002 -0.000001 0.040754 -0.240990
    12 3.941406 0.046936 -0.435059 -0.101499 0.042182 -0.269683
    13 1.539091 0.000008 -0.000002 0.000000 0.003737 -0.247812
    14 1.196321 0.000000 -0.000002 -0.000001 0.006168 -0.430818
    15 3.880859 -0.043091 0.427490 0.090105 -0.011419 -0.132542
    16 1.719578 0.000023 -0.000021 -0.000005 -0.020423 -0.365964
    17 1.209181 -0.000004 -0.000001 0.000001 -0.011427 -0.216116
    18 3.863281 -0.136475 1.332031 0.320642 -0.041405 -0.125801
    19 1.719431 -0.000023 0.000019 0.000001 -0.106227 -0.347813
    20 1.099676 0.000000 0.000006 0.000004 -0.067955 -0.234890
    21 0.807129 -0.346924 1.320313 -1.243196 -0.551768 -0.740654
    22 1.789787 0.000006 0.000006 -0.000002 -0.003712 0.228604
    23 1.207012 0.000011 0.000000 -0.000001 -0.005667 0.362993
    24 2.035156 0.997070 -1.937500 -1.661572 1.286515 2.950150
    25 6.028144 -0.000011 0.000002 1.921074 0.524492 -0.494183
    26 12.301971 -1.003936 0.937532 0.224121 -0.231126 -1.085568
    27 11.481657 0.000043 0.000019 -2.000537 0.471346 -0.168980
    28 3.858240 -0.131699 1.199994 0.390527 -0.101410 -0.916423
    29 1.312567 0.000000 0.000000 0.094358 -0.148302 -1.023380
    30 0.729362 0.000004 0.000003 0.246466 -0.201514 -1.343121
    31 3.941981 0.050872 0.435162 0.108940 0.058963 -0.470260
    32 1.539089 0.000008 0.000003 0.081999 -0.072597 -1.490887
    33 1.196316 0.000004 0.000005 0.030667 -0.074741 -1.027947
    34 3.880859 -0.047028 -0.427490 -0.079036 0.162996 -0.514648
    35 1.719567 0.000023 0.000016 -0.048600 0.058563 -1.498659
    36 1.209175 0.000008 0.000005 -0.038127 -0.010975 -1.196747
    37 3.867399 -0.148186 -1.324350 -0.424029 0.413272 -0.567318
    38 1.719419 -0.000008 -0.000008 -0.103004 0.275398 -0.995724
    39 1.099667 -0.000004 -0.000001 -0.048647 0.108807 -0.506629
    40 0.811502 -0.358881 -1.312777 1.391884 0.446153 -0.556740
    41 1.789783 -0.000002 -0.000002 0.030300 -0.047271 0.412855
    42 1.207001 0.000009 0.000000 -0.006735 -0.074450 -0.170094
    43 5.073761 -4.063510 -2.918343 3.826595 -0.063832 -1.771607
    44 0.000000 0.196712 0.000000 1.570797 0.000000 0.000001
    45 0.000002 2.032589 0.000000 -0.046117 0.000000 0.000000
    46 0.000002 1.571991 0.000000 -0.060294 0.000000 0.000000
    47 3.775905 -5.485672 -0.527956 -2.248292 -0.133225 -1.641886
  time 33
    0 -0.000003 -13.531250 -29.421875 1.570792 0.000003 -0.000003
    1 0.000000 3.345131 -2.981898 1.570796 0.083192 1.570795
    2 4.015625 0.000001 0.000000 0.000000 -0.000001 -0.028819
    3 3.520294 0.000005 -0.000006 0.000000 0.000000 0.097311
    4 8.929688 -0.000001 0.000000 0.000000 0.000001 0.186405
    5 2.035156 0.997070 1.937500 1.589735 -1.286517 2.950158
    6 6.028159 -0.000069 0.000009 -1.575890 0.049155 -1.169438
    7 11.692566 0.000046 0.000011 -0.000002 0.000000 -0.060376
    8 11.481682 0.000088 -0.000031 1.568292 -0.038710 0.036026
    9 3.857422 -0.139526 -1.191406 -0.363882 0.112047 -0.355498
    10 1.312565 -0.000008 0.000000 -0.000002 0.054404 -0.409012
    11 0.729366 0.000002 -0.000002 -0.000001 0.040754 -0.240990
    12 3.941406 0.046936 -0.435059 -0.101499 0.042182 -0.269683
    13 1.539091 0.000008 -0.000002 0.000000 0.003737 -0.247812
    14 1.196321 0.000000 -0.000002 -0.000001 0.006168 -0.430818
    15 3.880859 -0.043091 0.427490 0.090105 -0.011419 -0.132542
    16 1.719578 0.000023 -0.000021 -0.000005 -0.020423 -0.365964
    17 1.209181 -0.000004 -0.000001 0.000001 -0.011427 -0.216116
    18 3.863281 -0.136475 1.332031 0.320642 -0.041405 -0.125801
    19 1.719431 -0.000023 0.000019 0.000001 -0.106227 -0.347813
    20 1.099676 0.000000 0.000006 0.000004 -0.067955 -0.234890
    21 0.807129 -0.346924 1.320313 -1.243196 -0.551768 -0.740654
    22 1.789787 0.000006 0.000006 -0.000002 -0.003712 0.228604
    23 1.207012 0.000011 0.000000 -0.000001 -0.005667 0.362993
    24 2.035156 0.997070 -1.937500 -1.661572 1.286515 2.950150
    25 6.028144 -0.000011 0.000002 1.921074 0.524492 -0.494183
    26 12.301971 -1.003936 0.937532 0.228750 -0.241169 -1.064293
    27 11.481657 0.000043 0.000019 -2.008939 0.472625 -0.163312
    28 3.854334 -0.131699 1.199994 0.390527 -0.101410 -0.916423
    29 1.312567 0.000000 0.000000 0.094358 -0.148302 -1.023361
    30 0.729362 0.000004 0.000003 0.246466 -0.201514 -1.343121
    31 3.938074 0.050872 0.435162 0.108940 0.058963 -0.470260
    32 1.539089 0.000008 0.000003 0.081999 -0.072597 -1.490887
    33 1.196316 0.000004 0.000005 0.030667 -0.074741 -1.027947
    34 3.880859 -0.047028 -0.427490 -0.079036 0.162996 -0.514648
    35 1.719567 0.000023 0.000016 -0.048600 0.058563 -1.498659
    36 1.209175 0.000008 0.000005 -0.038127 -0.010975 -1.196747
    37 3.867399 -0.148186 -1.324350 -0.424029 0.413272 -0.567318
    38 1.719419 -0.000008 -0.000008 -0.103004 0.275398 -0.995724
    39 1.099667 -0.000004 -0.000001 -0.048647 0.108807 -0.506629
    40 0.811502 -0.358881 -1.312777 1.391884 0.446153 -0.556740
    41 1.789783 -0.000002 -0.000002 0.030300 -0.047271 0.412855
    42 1.207001 0.000009 0.000000 -0.006735 -0.074450 -0.170094
    43 5.073761 -4.063510 -2.918343 3.826595 -0.063820 -1.771607
    44 0.000000 0.196712 0.000000 1.570797 0.000000 0.000001
    45 0.000002 2.032589 0.000000 -0.044499 0.000000 0.000000
    46 0.000002 1.571991 0.000000 -0.060294 0.000000 0.000000
    47 3.775905 -5.485672 -0.527956 -2.248292 -0.133225 -1.641886
  time 34
    0 -0.000003 -13.531250 -29.421875 1.570792 0.000003 -0.000003
    1 0.000000 3.345131 -2.981898 1.570796 0.083192 1.570795
    2 4.015625 0.000001 0.000000 0.000000 -0.000001 -0.028819
    3 3.520294 0.000005 -0.000006 0.000000 0.000000 0.097311
    4 8.929688 -0.000001 0.000000 0.000000 0.000001 0.186405
    5 2.035156 0.997070 1.937500 1.589735 -1.286517 2.950158
    6 6.028159 -0.000069 0.000009 -1.575890 0.049155 -1.169438
    7 11.692566 0.000046 0.000011 -0.000002 0.000000 -0.060376
    8 11.481682 0.000088 -0.000031 1.568292 -0.038710 0.036026
    9 3.857422 -0.139526 -1.191406 -0.363882 0.112047 -0.355498
    10 1.312565 -0.000008 0.000000 -0.000002 0.054404 -0.409012
    11 0.729366 0.000002 -0.000002 -0.000001 0.040754 -0.240990
    12 3.941406 0.046936 -0.435059 -0.101499 0.042182 -0.269683
    13 1.539091 0.000008 -0.000002 0.000000 0.003737 -0.247812
    14 1.196321 0.000000 -0.000002 -0.000001 0.006168 -0.430818
    15 3.880859 -0.043091 0.427490 0.090105 -0.011419 -0.132542
    16 1.719578 0.000023 -0.000021 -0.000005 -0.020423 -0.365964
    17 1.209181 -0.000004 -0.000001 0.000001 -0.011427 -0.216116
    18 3.863281 -0.136475 1.332031 0.320642 -0.041405 -0.125801
    19 1.719431 -0.000023 0.000019 0.000001 -0.106227 -0.347813
    20 1.099676 0.000000 0.000006 0.000004 -0.067955 -0.234890
    21 0.807129 -0.346924 1.320313 -1.243196 -0.551768 -0.740654
    22 1.789787 0.000006 0.000006 -0.000002 -0.003712 0.228604
    23 1.207012 0.000011 0.000000 -0.000001 -0.005667 0.362993
    24 2.035156 0.997070 -1.937500 -1.661572 1.286515 2.950150
    25 6.028144 -0.000011 0.000002 1.921074 0.524492 -0.494183
    26 12.301971 -1.003936 0.937532 0.235277 -0.251659 -1.042163
    27 11.481657 0.000043 0.000019 -2.017627 0.473934 -0.157415
    28 3.858240 -0.131699 1.199994 0.390527 -0.101410 -0.916423
    29 1.312567 0.000000 0.000000 0.094358 -0.148302 -1.023361
    30 0.729362 0.000004 0.000003 0.246466 -0.201514 -1.343121
    31 3.938074 0.050872 0.435162 0.108940 0.058963 -0.470260
    32 1.539089 0.000008 0.000003 0.081999 -0.072597 -1.490887
    33 1.196316 0.000004 0.000005 0.030667 -0.074741 -1.027947
    34 3.880859 -0.047028 -0.427490 -0.079036 0.162996 -0.514648
    35 1.719567 0.000023 0.000016 -0.048600 0.058563 -1.498659
    36 1.209175 0.000008 0.000005 -0.038127 -0.010975 -1.196747
    37 3.863493 -0.148186 -1.324350 -0.424029 0.413272 -0.567318
    38 1.719419 -0.000008 -0.000008 -0.103004 0.275398 -0.995724
    39 1.099667 -0.000004 -0.000001 -0.048647 0.108807 -0.506629
    40 0.811502 -0.358881 -1.312777 1.391884 0.446153 -0.556740
    41 1.789783 -0.000002 -0.000002 0.030300 -0.047271 0.412855
    42 1.207001 0.000009 0.000000 -0.006735 -0.074450 -0.170094
    43 5.073761 -4.063510 -2.918343 3.826595 -0.063820 -1.771607
    44 0.000000 0.196712 0.000000 1.570797 0.000000 0.000001
    45 0.000002 2.032589 0.000000 -0.042773 0.000000 0.000000
    46 0.000002 1.571991 0.000000 -0.060294 0.000000 0.000000
    47 3.775905 -5.485672 -0.527956 -2.248292 -0.133225 -1.641886
  time 35
    0 -0.000003 -13.531250 -29.421875 1.570792 0.000003 -0.000003
    1 0.000000 3.345131 -2.981898 1.570796 0.083192 1.570795
    2 4.015625 0.000001 0.000000 0.000000 -0.000001 -0.028819
    3 3.520294 0.000005 -0.000006 0.000000 0.000000 0.097311
    4 8.929688 -0.000001 0.000000 0.000000 0.000001 0.186405
    5 2.035156 0.997070 1.937500 1.589735 -1.286517 2.950158
    6 6.028159 -0.000069 0.000009 -1.575890 0.049155 -1.169438
    7 11.692566 0.000046 0.000011 -0.000002 0.000000 -0.060376
    8 11.481682 0.000088 -0.000031 1.568292 -0.038710 0.036026
    9 3.857422 -0.139526 -1.191406 -0.363882 0.112047 -0.355498
    10 1.312565 -0.000008 0.000000 -0.000002 0.054404 -0.409012
    11 0.729366 0.000002 -0.000002 -0.000001 0.040754 -0.240990
    12 3.941406 0.046936 -0.435059 -0.101499 0.042182 -0.269683
    13 1.539091 0.000008 -0.000002 0.000000 0.003737 -0.247812
    14 1.196321 0.000000 -0.000002 -0.000001 0.006168 -0.430818
    15 3.880859 -0.043091 0.427490 0.090105 -0.011419 -0.132542
    16 1.719578 0.000023 -0.000021 -0.000005 -0.020423 -0.365964
    17 1.209181 -0.000004 -0.000001 0.000001 -0.011427 -0.216116
    18 3.863281 -0.136475 1.332031 0.320642 -0.041405 -0.125801
    19 1.719431 -0.000023 0.000019 0.000001 -0.106227 -0.347813
    20 1.099676 0.000000 0.000006 0.000004 -0.067955 -0.234890
    21 0.807129 -0.346924 1.320313 -1.243196 -0.551768 -0.740654
    22 1.789787 0.000006 0.000006 -0.000002 -0.003712 0.228604
    23 1.207012 0.000011 0.000000 -0.000001 -0.005667 0.362993
    24 2.035156 0.997070 -1.937500 -1.661572 1.286515 2.950150
    25 6.028144 -0.000011 0.000002 1.921074 0.524492 -0.494183
    26 12.301971 -1.003936 0.937532 0.243655 -0.262538 -1.019338
    27 11.481657 0.000043 0.000019 -2.026600 0.475287 -0.151327
    28 3.858240 -0.131699 1.199994 0.390527 -0.101410 -0.916423
    29 1.312567 0.000000 0.000000 0.094358 -0.148302 -1.023380
    30 0.729362 0.000004 0.000003 0.246466 -0.201514 -1.343121
    31 3.941981 0.050872 0.435162 0.108940 0.058963 -0.470260
    32 1.539089 0.000008 0.000003 0.081999 -0.072597 -1.490925
    33 1.196316 0.000004 0.000005 0.030667 -0.074741 -1.027947
    34 3.880859 -0.047028 -0.427490 -0.079036 0.162996 -0.514648
    35 1.719567 0.000023 0.000016 -0.048600 0.058563 -1.498659
    36 1.209175 0.000008 0.000005 -0.038127 -0.010975 -1.196747
    37 3.867399 -0.148186 -1.324350 -0.424029 0.413272 -0.567318
    38 1.719419 -0.000008 -0.000008 -0.103004 0.275398 -0.995724
    39 1.099667 -0.000004 -0.000001 -0.048647 0.108807 -0.506629
    40 0.811502 -0.358881 -1.312777 1.391884 0.446153 -0.556740
    41 1.789783 -0.000002 -0.000002 0.030300 -0.047271 0.412855
    42 1.207001 0.000009 0.000000 -0.006735 -0.074450 -0.170094
    43 5.073761 -4.063510 -2.918343 3.826595 -0.063820 -1.771607
    44 0.000000 0.196712 0.000000 1.570797 0.000000 0.000001
    45 0.000002 2.032589 0.000000 -0.040927 0.000000 0.000000
    46 0.000002 1.571991 0.000000 -0.060294 0.000000 0.000000
    47 3.775905 -5.485672 -0.527956 -2.248292 -0.133225 -1.641886
  time 36
    0 -0.000003 -13.531250 -29.421875 1.570792 0.000003 -0.000003
    1 0.000000 3.345131 -2.981898 1.570796 0.083192 1.570795
    2 4.015625 0.000001 0.000000 0.000000 -0.000001 -0.028819
    3 3.520294 0.000005 -0.000006 0.000000 0.000000 0.097311
    4 8.929688 -0.000001 0.000000 0.000000 0.000001 0.186405
    5 2.035156 0.997070 1.937500 1.589735 -1.286517 2.950158
    6 6.028159 -0.000069 0.000009 -1.575890 0.049155 -1.169438
    7 11.692566 0.000046 0.000011 -0.000002 0.000000 -0.060376
    8 11.481682 0.000088 -0.000031 1.568292 -0.038710 0.036026
    9 3.857422 -0.139526 -1.191406 -0.363882 0.112047 -0.355498
    10 1.312565 -0.000008 0.000000 -0.000002 0.054404 -0.409012
    11 0.729366 0.000002 -0.000002 -0.000001 0.040754 -0.240990
    12 3.941406 0.046936 -0.435059 -0.101499 0.042182 -0.269683
    13 1.539091 0.000008 -0.000002 0.000000 0.003737 -0.247812
    14 1.196321 0.000000 -0.000002 -0.000001 0.006168 -0.430818
    15 3.880859 -0.043091 0.427490 0.090105 -0.011419 -0.132542
    16 1.719578 0.000023 -0.000021 -0.000005 -0.020423 -0.365964
    17 1.209181 -0.000004 -0.000001 0.000001 -0.011427 -0.216116
    18 3.863281 -0.136475 1.332031 0.320642 -0.041405 -0.125801
    19 1.719431 -0.000023 0.000019 0.000001 -0.106227 -0.347813
    20 1.099676 0.000000 0.000006 0.000004 -0.067955 -0.234890
    21 0.807129 -0.346924 1.320313 -1.243196 -0.551768 -0.740654
    22 1.789787 0.000006 0.000006 -0.000002 -0.003712 0.228604
    23 1.207012 0.000011 0.000000 -0.000001 -0.005667 0.362993
    24 2.035156 0.997070 -1.937500 -1.661572 1.286515 2.950150
    25 6.028144 -0.000011 0.000002 1.921074 0.524492 -0.494183
    26 12.301971 -1.003936 0.937532 0.253840 -0.273792 -0.995765
    27 11.481657 0.000043 0.000019 -2.035820 0.476654 -0.145047
    28 3.858240 -0.131699 1.199994 0.390527 -0.101410 -0.916423
    29 1.312567 0.000000 0.000000 0.094358 -0.148302 -1.023361
    30 0.729362 0.000004 0.000003 0.246466 -0.201514 -1.343121
    31 3.941981 0.050872 0.435162 0.108940 0.058963 -0.470260
    32 1.539089 0.000008 0.000003 0.081999 -0.072597 -1.490887
    33 1.196316 0.000004 0.000005 0.030667 -0.074741 -1.027947
    34 3.880859 -0.047028 -0.427490 -0.079036 0.162996 -0.514648
    35 1.719567 0.000023 0.000016 -0.048600 0.058563 -1.498659
    36 1.209175 0.000008 0.000005 -0.038127 -0.010975 -1.196747
    37 3.867399 -0.148186 -1.324350 -0.424029 0.413272 -0.567318
    38 1.719419 -0.000008 -0.000008 -0.103004 0.275398 -0.995724
    39 1.099667 -0.000004 -0.000001 -0.048647 0.108807 -0.506629
    40 0.811502 -0.358881 -1.312777 1.391884 0.446153 -0.556740
    41 1.789783 -0.000002 -0.000002 0.030300 -0.047271 0.412855
    42 1.207001 0.000009 0.000000 -0.006735 -0.074450 -0.170094
    43 5.073761 -4.063510 -2.918343 3.826595 -0.063820 -1.771607
    44 0.000000 0.196712 0.000000 1.570797 0.000000 0.000001
    45 0.000002 2.032589 0.000000 -0.038986 0.000000 0.000000
    46 0.000002 1.571991 0.000000 -0.060294 0.000000 0.000000
    47 3.775905 -5.485672 -0.527956 -2.248292 -0.133225 -1.641886
  time 37
    0 -0.000003 -13.531250 -29.421875 1.570792 0.000003 -0.000003
    1 0.000000 3.345131 -2.981898 1.570796 0.083192 1.570795
    2 4.015625 0.000001 0.000000 0.000000 -0.000001 -0.028819
    3 3.520294 0.000005 -0.000006 0.000000 0.000000 0.097311
    4 8.929688 -0.000001 0.000000 0.000000 0.000001 0.186405
    5 2.035156 0.997070 1.937500 1.589735 -1.286517 2.950158
    6 6.028159 -0.000069 0.000009 -1.575890 0.049155 -1.169438
    7 11.692566 0.000046 0.000011 -0.000002 0.000000 -0.060376
    8 11.481682 0.000088 -0.000031 1.568292 -0.038710 0.036026
    9 3.857422 -0.139526 -1.191406 -0.363882 0.112047 -0.355498
    10 1.312565 -0.000008 0.000000 -0.000002 0.054404 -0.409012
    11 0.729366 0.000002 -0.000002 -0.000001 0.040754 -0.240990
    12 3.941406 0.046936 -0.435059 -0.101499 0.042182 -0.269683
    13 1.539091 0.000008 -0.000002 0.000000 0.003737 -0.247812
    14 1.196321 0.000000 -0.000002 -0.000001 0.006168 -0.430818
    15 3.880859 -0.043091 0.427490 0.090105 -0.011419 -0.132542
    16 1.719578 0.000023 -0.000021 -0.000005 -0.020423 -0.365964
    17 1.209181 -0.000004 -0.000001 0.000001 -0.011427 -0.216116
    18 3.863281 -0.136475 1.332031 0.320642 -0.041405 -0.125801
    19 1.719431 -0.000023 0.000019 0.000001 -0.106227 -0.347813
    20 1.099676 0.000000 0.000006 0.000004 -0.067955 -0.234890
    21 0.807129 -0.346924 1.320313 -1.243196 -0.551768 -0.740654
    22 1.789787 0.000006 0.000006 -0.000002 -0.003712 0.228604
    23 1.207012 0.000011 0.000000 -0.000001 -0.005667 0.362993
    24 2.035156 0.997070 -1.937500 -1.661572 1.286515 2.950150
    25 6.028144 -0.000011 0.000002 1.921074 0.524492 -0.494183
    26 12.301971 -1.003936 0.937532 0.265809 -0.285363 -0.971658
    27 11.481657 0.000043 0.000019 -2.045230 0.478036 -0.138599
    28 3.858240 -0.131699 1.199994 0.390527 -0.101410 -0.916423
    29 1.312567 0.000000 0.000000 0.094358 -0.148302 -1.023361
    30 0.729362 0.000004 0.000003 0.246466 -0.201514 -1.343121
    31 3.938074 0.050872 0.435162 0.108940 0.058963 -0.470260
    32 1.539089 0.000008 0.000003 0.081999 -0.072597 -1.490887
    33 1.196316 0.000004 0.000005 0.030667 -0.074741 -1.027947
    34 3.880859 -0.047028 -0.427490 -0.079036 0.162996 -0.514648
    35 1.719567 0.000023 0.000016 -0.048600 0.058563 -1.498659
    36 1.209175 0.000008 0.000005 -0.038127 -0.010975 -1.196747
    37 3.863493 -0.148186 -1.324350 -0.424017 0.413272 -0.567318
    38 1.719419 -0.000008 -0.000008 -0.103004 0.275398 -0.995724
    39 1.099667 -0.000004 -0.000001 -0.048647 0.108807 -0.506629
    40 0.811502 -0.358881 -1.312777 1.391884 0.446153 -0.556740
    41 1.789783 -0.000002 -0.000002 0.030300 -0.047271 0.412855
    42 1.207001 0.000009 0.000000 -0.006735 -0.074450 -0.170094
    43 5.073761 -4.063510 -2.918343 3.826595 -0.063820 -1.771607
    44 0.000000 0.196712 0.000000 1.570797 0.000000 0.000001
    45 0.000002 2.032589 0.000000 -0.036936 0.000000 0.000000
    46 0.000002 1.571991 0.000000 -0.060294 0.000000 0.000000
    47 3.775905 -5.485672 -0.527956 -2.248292 -0.133225 -1.641886
  time 38
    0 -0.000003 -13.531250 -29.421875 1.570792 0.000003 -0.000003
    1 0.000000 3.345131 -2.981898 1.570796 0.083192 1.570795
    2 4.015625 0.000001 0.000000 0.000000 -0.000001 -0.028819
    3 3.520294 0.000005 -0.000006 0.000000 0.000000 0.097311
    4 8.929688 -0.000001 0.000000 0.000000 0.000001 0.186405
    5 2.035156 0.997070 1.937500 1.589735 -1.286517 2.950158
    6 6.028159 -0.000069 0.000009 -1.575890 0.049155 -1.169438
    7 11.692566 0.000046 0.000011 -0.000002 0.000000 -0.060376
    8 11.481682 0.000088 -0.000031 1.568292 -0.038710 0.036026
    9 3.857422 -0.139526 -1.191406 -0.363882 0.112047 -0.355498
    10 1.312565 -0.000008 0.000000 -0.000002 0.054404 -0.409012
    11 0.729366 0.000002 -0.000002 -0.000001 0.040754 -0.240990
    12 3.941406 0.046936 -0.435059 -0.101499 0.042182 -0.269683
    13 1.539091 0.000008 -0.000002 0.000000 0.003737 -0.247812
    14 1.196321 0.000000 -0.000002 -0.000001 0.006168 -0.430818
    15 3.880859 -0.043091 0.427490 0.090105 -0.011419 -0.132542
    16 1.719578 0.000023 -0.000021 -0.000005 -0.020423 -0.365964
    17 1.209181 -0.000004 -0.000001 0.000001 -0.011427 -0.216116
    18 3.863281 -0.136475 1.332031 0.320642 -0.041405 -0.125801
    19 1.719431 -0.000023 0.000019 0.000001 -0.106227 -0.347813
    20 1.099676 0.000000 0.000006 0.000004 -0.067955 -0.234890
    21 0.807129 -0.346924 1.320313 -1.243196 -0.551768 -0.740654
    22 1.789787 0.000006 0.000006 -0.000002 -0.003712 0.228604
    23 1.207012 0.000011 0.000000 -0.000001 -0.005667 0.362993
    24 2.035156 0.997070 -1.937500 -1.661572 1.286515 2.950150
    25 6.028144 -0.000011 0.000002 1.921074 0.524492 -0.494183
    26 12.301971 -1.003936 0.937532 0.279449 -0.297207 -0.947015
    27 11.481657 0.000043 0.000019 -2.054812 0.479433 -0.132032
    28 3.854334 -0.131699 1.199994 0.390527 -0.101410 -0.916423
    29 1.312567 0.000000 0.000000 0.094358 -0.148302 -1.023361
    30 0.729362 0.000004 0.000003 0.246466 -0.201514 -1.343121
    31 3.938074 0.050872 0.435162 0.108940 0.058963 -0.470260
    32 1.539089 0.000008 0.000003 0.081999 -0.072597 -1.490887
    33 1.196316 0.000004 0.000005 0.030667 -0.074741 -1.027947
    34 3.880859 -0.047028 -0.427490 -0.079036 0.162996 -0.514648
    35 1.719567 0.000023 0.000016 -0.048600 0.058563 -1.498659
    36 1.209175 0.000008 0.000005 -0.038127 -0.010975 -1.196747
    37 3.867399 -0.148186 -1.324350 -0.424017 0.413272 -0.567318
    38 1.719419 -0.000008 -0.000008 -0.103004 0.275398 -0.995724
    39 1.099667 -0.000004 -0.000001 -0.048647 0.108807 -0.506629
    40 0.811502 -0.358881 -1.312777 1.391884 0.446153 -0.556740
    41 1.789783 -0.000002 -0.000002 0.030300 -0.047271 0.412855
    42 1.207001 0.000009 0.000000 -0.006735 -0.074450 -0.170094
    43 5.073761 -4.063510 -2.918343 3.826595 -0.063820 -1.771607
    44 0.000000 0.196712 0.000000 1.570797 0.000000 0.000001
    45 0.000002 2.032589 0.000000 -0.034803 0.000000 0.000000
    46 0.000002 1.571991 0.000000 -0.060294 0.000000 0.000000
    47 3.775905 -5.485672 -0.527956 -2.248292 -0.133225 -1.641886
  time 39
    0 -0.000003 -13.531250 -29.421875 1.570792 0.000003 -0.000003
    1 0.000000 3.345131 -2.981898 1.570796 0.083192 1.570795
    2 4.015625 0.000001 0.000000 0.000000 -0.000001 -0.028819
    3 3.520294 0.000005 -0.000006 0.000000 0.000000 0.097311
    4 8.929688 -0.000001 0.000000 0.000000 0.000001 0.186405
    5 2.035156 0.997070 1.937500 1.589735 -1.286517 2.950158
    6 6.028159 -0.000069 0.000009 -1.575890 0.049155 -1.169438
    7 11.692566 0.000046 0.000011 -0.000002 0.000000 -0.060376
    8 11.481682 0.000088 -0.000031 1.568292 -0.038710 0.036026
    9 3.857422 -0.139526 -1.191406 -0.363882 0.112047 -0.355498
    10 1.312565 -0.000008 0.000000 -0.000002 0.054404 -0.409012
    11 0.729366 0.000002 -0.000002 -0.000001 0.040754 -0.240990
    12 3.941406 0.046936 -0.435059 -0.101499 0.042182 -0.269683
    13 1.539091 0.000008 -0.000002 0.000000 0.003737 -0.247812
    14 1.196321 0.000000 -0.000002 -0.000001 0.006168 -0.430818
    15 3.880859 -0.043091 0.427490 0.090105 -0.011419 -0.132542
    16 1.719578 0.000023 -0.000021 -0.000005 -0.020423 -0.365964
    17 1.209181 -0.000004 -0.000001 0.000001 -0.011427 -0.216116
    18 3.863281 -0.136475 1.332031 0.320642 -0.041405 -0.125801
    19 1.719431 -0.000023 0.000019 0.000001 -0.106227 -0.347813
    20 1.099676 0.000000 0.000006 0.000004 -0.067955 -0.234890
    21 0.807129 -0.346924 1.320313 -1.243196 -0.551768 -0.740654
    22 1.789787 0.000006 0.000006 -0.000002 -0.003712 0.228604
    23 1.207012 0.000011 0.000000 -0.000001 -0.005667 0.362993
    24 2.035156 0.997070 -1.937500 -1.661572 1.286515 2.950150
    25 6.028144 -0.000011 0.000002 1.921074 0.524492 -0.494183
    26 12.301971 -1.003936 0.937532 0.294647 -0.309253 -0.922052
    27 11.481657 0.000043 0.000019 -2.064526 0.480830 -0.125356
    28 3.854334 -0.131699 1.199994 0.390527 -0.101410 -0.916423
    29 1.312567 0.000000 0.000000 0.094358 -0.148302 -1.023361
    30 0.729362 0.000004 0.000003 0.246478 -0.201514 -1.343121
    31 3.938074 0.050872 0.435162 0.108940 0.058963 -0.470260
    32 1.539089 0.000008 0.000003 0.081999 -0.072597 -1.490887
    33 1.196316 0.000004 0.000005 0.030667 -0.074741 -1.027947
    34 3.880859 -0.047028 -0.427490 -0.079036 0.162996 -0.514648
    35 1.719567 0.000023 0.000016 -0.048600 0.058551 -1.498659
    36 1.209175 0.000008 0.000005 -0.038127 -0.010975 -1.196747
    37 3.863493 -0.148186 -1.324350 -0.424029 0.413272 -0.567318
    38 1.719419 -0.000008 -0.000008 -0.103004 0.275398 -0.995724
    39 1.099667 -0.000004 -0.000001 -0.048647 0.108807 -0.506629
    40 0.811502 -0.358881 -1.312777 1.391884 0.446153 -0.556740
    41 1.789783 -0.000002 -0.000002 0.030300 -0.047271 0.412855
    42 1.207001 0.000009 0.000000 -0.006735 -0.074450 -0.170094
    43 5.073761 -4.063510 -2.918343 3.826595 -0.063832 -1.771607
    44 0.000000 0.196712 0.000000 1.570797 0.000000 0.000001
    45 0.000002 2.032589 0.000000 -0.032598 0.000000 0.000000
    46 0.000002 1.571991 0.000000 -0.060294 0.000000 0.000000
    47 3.775905 -5.485672 -0.527956 -2.248292 -0.133225 -1.641886
  time 40
    0 -0.000003 -13.531250 -29.421875 1.570792 0.000003 -0.000003
    1 0.000000 3.345131 -2.981898 1.570796 0.083192 1.570795
    2 4.015625 0.000001 0.000000 0.000000 -0.000001 -0.028819
    3 3.520294 0.000005 -0.000006 0.000000 0.000000 0.097311
    4 8.929688 -0.000001 0.000000 0.000000 0.000001 0.186405
    5 2.035156 0.997070 1.937500 1.589735 -1.286517 2.950158
    6 6.028159 -0.000069 0.000009 -1.575890 0.049155 -1.169438
    7 11.692566 0.000046 0.000011 -0.000002 0.000000 -0.060376
    8 11.481682 0.000088 -0.000031 1.568292 -0.038710 0.036026
    9 3.857422 -0.139526 -1.191406 -0.363882 0.112047 -0.355498
    10 1.312565 -0.000008 0.000000 -0.000002 0.054404 -0.409012
    11 0.729366 0.000002 -0.000002 -0.000001 0.040754 -0.240990
    12 3.941406 0.046936 -0.435059 -0.101499 0.042182 -0.269683
    13 1.539091 0.000008 -0.000002 0.000000 0.003737 -0.247812
    14 1.196321 0.000000 -0.000002 -0.000001 0.006168 -0.430818
    15 3.880859 -0.043091 0.427490 0.090105 -0.011419 -0.132542
    16 1.719578 0.000023 -0.000021 -0.000005 -0.020423 -0.365964
    17 1.209181 -0.000004 -0.000001 0.000001 -0.011427 -0.216116
    18 3.863281 -0.136475 1.332031 0.320642 -0.041405 -0.125801
    19 1.719431 -0.000023 0.000019 0.000001 -0.106227 -0.347813
    20 1.099676 0.000000 0.000006 0.000004 -0.067955 -0.234890
    21 0.807129 -0.346924 1.320313 -1.243196 -0.551768 -0.740654
    22 1.789787 0.000006 0.000006 -0.000002 -0.003712 0.228604
    23 1.207012 0.000011 0.000000 -0.000001 -0.005667 0.362993
    24 2.035156 0.997070 -1.937500 -1.661572 1.286515 2.950150
    25 6.028144 -0.000011 0.000002 1.921074 0.524492 -0.494183
    26 12.301971 -1.003936 0.937532 0.311246 -0.321443 -0.896876
    27 11.481657 0.000043 0.000019 -2.074259 0.482227 -0.118621
    28 3.854334 -0.131699 1.199994 0.390527 -0.101410 -0.916423
    29 1.312567 0.000000 0.000000 0.094358 -0.148302 -1.023361
    30 0.729362 0.000004 0.000003 0.246478 -0.201514 -1.343121
    31 3.941981 0.050872 0.435162 0.108940 0.058963 -0.470260
    32 1.539089 0.000008 0.000003 0.081999 -0.072597 -1.490887
    33 1.196316 0.000004 0.000005 0.030667 -0.074741 -1.027947
    34 3.880859 -0.047028 -0.427490 -0.079036 0.162996 -0.514648
    35 1.719567 0.000023 0.000016 -0.048600 0.058563 -1.498659
    36 1.209175 0.000008 0.000005 -0.038127 -0.010975 -1.196747
    37 3.867399 -0.148186 -1.324350 -0.424017 0.413272 -0.567318
    38 1.719419 -0.000008 -0.000008 -0.103004 0.275398 -0.995724
    39 1.099667 -0.000004 -0.000001 -0.048647 0.108807 -0.506629
    40 0.811502 -0.358881 -1.312777 1.391884 0.446153 -0.556740
    41 1.789783 -0.000002 -0.000002 0.030300 -0.047271 0.412855
    42 1.207001 0.000009 0.000000 -0.006735 -0.074450 -0.170094
    43 5.073761 -4.063510 -2.918343 3.826595 -0.063820 -1.771607
    44 0.000000 0.196712 0.000000 1.570797 0.000000 0.000001
    45 0.000002 2.032589 0.000000 -0.030321 0.000000 0.000000
    46 0.000002 1.571991 0.000000 -0.060294 0.000000 0.000000
    47 3.775905 -5.485672 -0.527956 -2.248292 -0.133225 -1.641886
  time 41
    0 -0.000003 -13.531250 -29.421875 1.570792 0.000003 -0.000003
    1 0.000000 3.345131 -2.981898 1.570796 0.083192 1.570795
    2 4.015625 0.000001 0.000000 0.000000 -0.000001 -0.028819
    3 3.520294 0.000005 -0.000006 0.000000 0.000000 0.097311
    4 8.929688 -0.000001 0.000000 0.000000 0.000001 0.186405
    5 2.035156 0.997070 1.937500 1.589735 -1.286517 2.950158
    6 6.028159 -0.000069 0.000009 -1.575890 0.049155 -1.169438
    7 11.692566 0.000046 0.000011 -0.000002 0.000000 -0.060376
    8 11.481682 0.000088 -0.000031 1.568292 -0.038710 0.036026
    9 3.857422 -0.139526 -1.191406 -0.363882 0.112047 -0.355498
    10 1.312565 -0.000008 0.000000 -0.000002 0.054404 -0.409012
    11 0.729366 0.000002 -0.000002 -0.000001 0.040754 -0.240990
    12 3.941406 0.046936 -0.435059 -0.101499 0.042182 -0.269683
    13 1.539091 0.000008 -0.000002 0.000000 0.003737 -0.247812
    14 1.196321 0.000000 -0.000002 -0.000001 0.006168 -0.430818
    15 3.880859 -0.043091 0.427490 0.090105 -0.011419 -0.132542
    16 1.719578 0.000023 -0.000021 -0.000005 -0.020423 -0.365964
    17 1.209181 -0.000004 -0.000001 0.000001 -0.011427 -0.216116
    18 3.863281 -0.136475 1.332031 0.320642 -0.041405 -0.125801
    19 1.719431 -0.000023 0.000019 0.000001 -0.106227 -0.347813
    20 1.099676 0.000000 0.000006 0.000004 -0.067955 -0.234890
    21 0.807129 -0.346924 1.320313 -1.243196 -0.551768 -0.740654
    22 1.789787 0.000006 0.000006 -0.000002 -0.003712 0.228604
    23 1.207012 0.000011 0.000000 -0.000001 -0.005667 0.362993
    24 2.035156 0.997070 -1.937500 -1.661572 1.286515 2.950150
    25 6.028144 -0.000011 0.000002 1.921074 0.524492 -0.494183
    26 12.301971 -1.003936 0.937532 0.329109 -0.333691 -0.871645
    27 11.481657 0.000043 0.000019 -2.084012 0.483609 -0.111874
    28 3.858240 -0.131699 1.199994 0.390527 -0.101410 -0.916423
    29 1.312567 0.000000 0.000000 0.094358 -0.148302 -1.023361
    30 0.729362 0.000004 0.000003 0.246466 -0.201514 -1.343121
    31 3.941981 0.050872 0.435162 0.108940 0.058963 -0.470260
    32 1.539089 0.000008 0.000003 0.081999 -0.072597 -1.490887
    33 1.196316 0.000004 0.000005 0.030667 -0.074741 -1.027947
    34 3.880859 -0.047028 -0.427490 -0.079036 0.162996 -0.514648
    35 1.719567 0.000023 0.000016 -0.048600 0.058563 -1.498659
    36 1.209175 0.000008 0.000005 -0.038127 -0.010975 -1.196747
    37 3.867399 -0.148186 -1.324350 -0.424017 0.413272 -0.567318
    38 1.719419 -0.000008 -0.000008 -0.103004 0.275398 -0.995724
    39 1.099667 -0.000004 -0.000001 -0.048647 0.108807 -0.506629
    40 0.811502 -0.358881 -1.312777 1.391884 0.446153 -0.556740
    41 1.789783 -0.000002 -0.000002 0.030300 -0.047271 0.412855
    42 1.207001 0.000009 0.000000 -0.006735 -0.074450 -0.170094
    43 5.073761 -4.063510 -2.918343 3.826595 -0.063820 -1.771607
    44 0.000000 0.196712 0.000000 1.570797 0.000000 0.000001
    45 0.000002 2.032589 0.000000 -0.028008 0.000000 0.000000
    46 0.000002 1.571991 0.000000 -0.060294 0.000000 0.000000
    47 3.775905 -5.485672 -0.527956 -2.248292 -0.133225 -1.641886
  time 42
    0 -0.000003 -13.531250 -29.421875 1.570792 0.000003 -0.000003
    1 0.000000 3.345131 -2.981898 1.570796 0.083192 1.570795
    2 4.015625 0.000001 0.000000 0.000000 -0.000001 -0.028819
    3 3.520294 0.000005 -0.000006 0.000000 0.000000 0.097311
    4 8.929688 -0.000001 0.000000 0.000000 0.000001 0.186405
    5 2.035156 0.997070 1.937500 1.589735 -1.286517 2.950158
    6 6.028159 -0.000069 0.000009 -1.575890 0.049155 -1.169438
    7 11.692566 0.000046 0.000011 -0.000002 0.000000 -0.060376
    8 11.481682 0.000088 -0.000031 1.568292 -0.038710 0.036026
    9 3.857422 -0.139526 -1.191406 -0.363882 0.112047 -0.355498
    10 1.312565 -0.000008 0.000000 -0.000002 0.054404 -0.409012
    11 0.729366 0.000002 -0.000002 -0.000001 0.040754 -0.240990
    12 3.941406 0.046936 -0.435059 -0.101499 0.042182 -0.269683
    13 1.539091 0.000008 -0.000002 0.000000 0.003737 -0.247812
    14 1.196321 0.000000 -0.000002 -0.000001 0.006168 -0.430818
    15 3.880859 -0.043091 0.427490 0.090105 -0.011419 -0.132542
    16 1.719578 0.000023 -0.000021 -0.000005 -0.020423 -0.365964
    17 1.209181 -0.000004 -0.000001 0.000001 -0.011427 -0.216116
    18 3.863281 -0.136475 1.332031 0.320642 -0.041405 -0.125801
    19 1.719431 -0.000023 0.000019 0.000001 -0.106227 -0.347813
    20 1.099676 0.000000 0.000006 0.000004 -0.067955 -0.234890
    21 0.807129 -0.346924 1.320313 -1.243196 -0.551768 -0.740654
    22 1.789787 0.000006 0.000006 -0.000002 -0.003712 0.228604
    23 1.207012 0.000011 0.000000 -0.000001 -0.005667 0.362993
    24 2.035156 0.997070 -1.937500 -1.661572 1.286515 2.950150
    25 6.028144 -0.000011 0.000002 1.921074 0.524492 -0.494183
    26 12.301971 -1.003936 0.937532 0.347988 -0.345896 -0.846522
    27 11.481657 0.000043 0.000019 -2.093688 0.484962 -0.105150
    28 3.854334 -0.131699 1.199994 0.390527 -0.101410 -0.916423
    29 1.312567 0.000000 0.000000 0.094358 -0.148302 -1.023361
    30 0.729362 0.000004 0.000003 0.246466 -0.201514 -1.343121
    31 3.941981 0.050872 0.435162 0.108940 0.058963 -0.470260
    32 1.539089 0.000008 0.000003 0.081999 -0.072597 -1.490887
    33 1.196316 0.000004 0.000005 0.030667 -0.074741 -1.027947
    34 3.880859 -0.047028 -0.427490 -0.079036 0.162996 -0.514648
    35 1.719567 0.000023 0.000016 -0.048600 0.058563 -1.498659
    36 1.209175 0.000008 0.000005 -0.038127 -0.010975 -1.196747
    37 3.863493 -0.148186 -1.324350 -0.424029 0.413272 -0.567318
    38 1.719419 -0.000008 -0.000008 -0.103004 0.275398 -0.995724
    39 1.099667 -0.000004 -0.000001 -0.048647 0.108807 -0.506629
    40 0.807595 -0.358881 -1.312777 1.391884 0.446153 -0.556740
    41 1.789783 -0.000002 -0.000002 0.030300 -0.047271 0.412855
    42 1.207001 0.000009 0.000000 -0.006735 -0.074450 -0.170094
    43 5.073761 -4.063510 -2.918343 3.826595 -0.063820 -1.771607
    44 0.000000 0.196712 0.000000 1.570797 0.000000 0.000001
    45 0.000002 2.032589 0.000000 -0.025671 0.000000 0.000000
    46 0.000002 1.571991 0.000000 -0.060294 0.000000 0.000000
    47 3.775905 -5.485672 -0.527956 -2.248292 -0.133225 -1.641886
  time 43
    0 -0.000003 -13.531250 -29.421875 1.570792 0.000003 -0.000003
    1 0.000000 3.345131 -2.981898 1.570796 0.083192 1.570795
    2 4.015625 0.000001 0.000000 0.000000 -0.000001 -0.028819
    3 3.520294 0.000005 -0.000006 0.000000 0.000000 0.097311
    4 8.929688 -0.000001 0.000000 0.000000 0.000001 0.186405
    5 2.035156 0.997070 1.937500 1.589735 -1.286517 2.950158
    6 6.028159 -0.000069 0.000009 -1.575890 0.049155 -1.169438
    7 11.692566 0.000046 0.000011 -0.000002 0.000000 -0.060376
    8 11.481682 0.000088 -0.000031 1.568292 -0.038710 0.036026
    9 3.857422 -0.139526 -1.191406 -0.363882 0.112047 -0.355498
    10 1.312565 -0.000008 0.000000 -0.000002 0.054404 -0.409012
    11 0.729366 0.000002 -0.000002 -0.000001 0.040754 -0.240990
    12 3.941406 0.046936 -0.435059 -0.101499 0.042182 -0.269683
    13 1.539091 0.000008 -0.000002 0.000000 0.003737 -0.247812
    14 1.196321 0.000000 -0.000002 -0.000001 0.006168 -0.430818
    15 3.880859 -0.043091 0.427490 0.090105 -0.011419 -0.132542
    16 1.719578 0.000023 -0.000021 -0.000005 -0.020423 -0.365964
    17 1.209181 -0.000004 -0.000001 0.000001 -0.011427 -0.216116
    18 3.863281 -0.136475 1.332031 0.320642 -0.041405 -0.125801
    19 1.719431 -0.000023 0.000019 0.000001 -0.106227 -0.347813
    20 1.099676 0.000000 0.000006 0.000004 -0.067955 -0.234890
    21 0.807129 -0.346924 1.320313 -1.243196 -0.551768 -0.740654
    22 1.789787 0.000006 0.000006 -0.000002 -0.003712 0.228604
    23 1.207012 0.000011 0.000000 -0.000001 -0.005667 0.362993
    24 2.035156 0.997070 -1.937500 -1.661572 1.286515 2.950150
    25 6.028144 -0.000011 0.000002 1.921074 0.524492 -0.494183
    26 12.301971 -1.003936 0.937532 0.367681 -0.357986 -0.821719
    27 11.481657 0.000043 0.000019 -2.103212 0.486271 -0.098511
    28 3.858240 -0.131699 1.199994 0.390527 -0.101410 -0.916423
    29 1.312567 0.000000 0.000000 0.094358 -0.148302 -1.023361
    30 0.729362 0.000004 0.000003 0.246466 -0.201514 -1.343121
    31 3.941981 0.050872 0.435162 0.108940 0.058963 -0.470260
    32 1.539089 0.000008 0.000003 0.081999 -0.072597 -1.490887
    33 1.196316 0.000004 0.000005 0.030667 -0.074741 -1.027947
    34 3.880859 -0.047028 -0.427490 -0.079036 0.162996 -0.514648
    35 1.719567 0.000023 0.000016 -0.048600 0.058563 -1.498659
    36 1.209175 0.000008 0.000005 -0.038127 -0.010975 -1.196747
    37 3.867399 -0.148186 -1.324350 -0.424017 0.413272 -0.567318
    38 1.719419 -0.000008 -0.000008 -0.103004 0.275398 -0.995724
    39 1.099667 -0.000004 -0.000001 -0.048647 0.108807 -0.506629
    40 0.811502 -0.358881 -1.312777 1.391884 0.446153 -0.556740
    41 1.789783 -0.000002 -0.000002 0.030300 -0.047271 0.412855
    42 1.207001 0.000009 0.000000 -0.006735 -0.074450 -0.170094
    43 5.073761 -4.063510 -2.918343 3.826595 -0.063820 -1.771607
    44 0.000000 0.196712 0.000000 1.570797 0.000000 0.000001
    45 0.000002 2.032589 0.000000 -0.023334 0.000000 0.000000
    46 0.000002 1.571991 0.000000 -0.060294 0.000000 0.000000
    47 3.775905 -5.485672 -0.527956 -2.248292 -0.133225 -1.641886
  time 44
    0 -0.000003 -13.531250 -29.421875 1.570792 0.000003 -0.000003
    1 0.000000 3.345131 -2.981898 1.570796 0.083192 1.570795
    2 4.015625 0.000001 0.000000 0.000000 -0.000001 -0.028819
    3 3.520294 0.000005 -0.000006 0.000000 0.000000 0.097311
    4 8.929688 -0.000001 0.000000 0.000000 0.000001 0.186405
    5 2.035156 0.997070 1.937500 1.589735 -1.286517 2.950158
    6 6.028159 -0.000069 0.000009 -1.575890 0.049155 -1.169438
    7 11.692566 0.000046 0.000011 -0.000002 0.000000 -0.060376
    8 11.481682 0.000088 -0.000031 1.568292 -0.038710 0.036026
    9 3.857422 -0.139526 -1.191406 -0.363882 0.112047 -0.355498
    10 1.312565 -0.000008 0.000000 -0.000002 0.054404 -0.409012
    11 0.729366 0.000002 -0.000002 -0.000001 0.040754 -0.240990
    12 3.941406 0.046936 -0.435059 -0.101499 0.042182 -0.269683
    13 1.539091 0.000008 -0.000002 0.000000 0.003737 -0.247812
    14 1.196321 0.000000 -0.000002 -0.000001 0.006168 -0.430818
    15 3.880859 -0.043091 0.427490 0.090105 -0.011419 -0.132542
    16 1.719578 0.000023 -0.000021 -0.000005 -0.020423 -0.365964
    17 1.209181 -0.000004 -0.000001 0.000001 -0.011427 -0.216116
    18 3.863281 -0.136475 1.332031 0.320642 -0.041405 -0.125801
    19 1.719431 -0.000023 0.000019 0.000001 -0.106227 -0.347813
    20 1.099676 0.000000 0.000006 0.000004 -0.067955 -0.234890
    21 0.807129 -0.346924 1.320313 -1.243196 -0.551768 -0.740654
    22 1.789787 0.000006 0.000006 -0.000002 -0.003712 0.228604
    23 1.207012 0.000011 0.000000 -0.000001 -0.005667 0.362993
    24 2.035156 0.997070 -1.937500 -1.661572 1.286515 2.950150
    25 6.028144 -0.000011 0.000002 1.921074 0.524492 -0.494183
    26 12.301971 -1.003936 0.937532 0.387938 -0.369844 -0.797451
    27 11.481657 0.000043 0.000019 -2.112527 0.487550 -0.091991
    28 3.854334 -0.131699 1.199994 0.390527 -0.101410 -0.916423
    29 1.312567 0.000000 0.000000 0.094358 -0.148302 -1.023361
    30 0.729362 0.000004 0.000003 0.246478 -0.201514 -1.343121
    31 3.938074 0.050872 0.435162 0.108940 0.058963 -0.470260
    32 1.539089 0.000008 0.000003 0.081999 -0.072597 -1.490887
    33 1.196316 0.000004 0.000005 0.030667 -0.074741 -1.027947
    34 3.880859 -0.047028 -0.427490 -0.079036 0.162996 -0.514648
    35 1.719567 0.000023 0.000016 -0.048600 0.058563 -1.498659
    36 1.209175 0.000008 0.000005 -0.038127 -0.010975 -1.196747
    37 3.863493 -0.148186 -1.324350 -0.424029 0.413272 -0.567318
    38 1.719419 -0.000008 -0.000008 -0.103004 0.275398 -0.995724
    39 1.099667 -0.000004 -0.000001 -0.048647 0.108807 -0.506629
    40 0.811502 -0.358881 -1.312777 1.391884 0.446153 -0.556740
    41 1.789783 -0.000002 -0.000002 0.030300 -0.047271 0.412855
    42 1.207001 0.000009 0.000000 -0.006735 -0.074450 -0.170094
    43 5.073761 -4.063510 -2.918343 3.826595 -0.063832 -1.771607
    44 0.000000 0.196712 0.000000 1.570797 0.000000 0.000001
    45 0.000002 2.032589 0.000000 -0.021009 0.000000 0.000000
    46 0.000002 1.571991 0.000000 -0.060294 0.000000 0.000000
    47 3.775905 -5.485672 -0.527956 -2.248292 -0.133225 -1.641886
  time 45
    0 -0.000003 -13.531250 -29.421875 1.570792 0.000003 -0.000003
    1 0.000000 3.345131 -2.981898 1.570796 0.083192 1.570795
    2 4.015625 0.000001 0.000000 0.000000 -0.000001 -0.028819
    3 3.520294 0.000005 -0.000006 0.000000 0.000000 0.097311
    4 8.929688 -0.000001 0.000000 0.000000 0.000001 0.186405
    5 2.035156 0.997070 1.937500 1.589735 -1.286517 2.950158
    6 6.028159 -0.000069 0.000009 -1.575890 0.049155 -1.169438
    7 11.692566 0.000046 0.000011 -0.000002 0.000000 -0.060376
    8 11.481682 0.000088 -0.000031 1.568292 -0.038710 0.036026
    9 3.857422 -0.139526 -1.191406 -0.363882 0.112047 -0.355498
    10 1.312565 -0.000008 0.000000 -0.000002 0.054404 -0.409012
    11 0.729366 0.000002 -0.000002 -0.000001 0.040754 -0.240990
    12 3.941406 0.046936 -0.435059 -0.101499 0.042182 -0.269683
    13 1.539091 0.000008 -0.000002 0.000000 0.003737 -0.247812
    14 1.196321 0.000000 -0.000002 -0.000001 0.006168 -0.430818
    15 3.880859 -0.043091 0.427490 0.090105 -0.011419 -0.132542
    16 1.719578 0.000023 -0.000021 -0.000005 -0.020423 -0.365964
    17 1.209181 -0.000004 -0.000001 0.000001 -0.011427 -0.216116
    18 3.863281 -0.136475 1.332031 0.320642 -0.041405 -0.125801
    19 1.719431 -0.000023 0.000019 0.000001 -0.106227 -0.347813
    20 1.099676 0.000000 0.000006 0.000004 -0.067955 -0.234890
    21 0.807129 -0.346924 1.320313 -1.243196 -0.551768 -0.740654
    22 1.789787 0.000006 0.000006 -0.000002 -0.003712 0.228604
    23 1.207012 0.000011 0.000000 -0.000001 -0.005667 0.362993
    24 2.035156 0.997070 -1.937500 -1.661572 1.286515 2.950150
    25 6.028144 -0.000011 0.000002 1.921074 0.524492 -0.494183
    26 12.301971 -1.003936 0.937532 0.408443 -0.381386 -0.773825
    27 11.481657 0.000043 0.000019 -2.121557 0.488771 -0.085664
    28 3.858240 -0.131699 1.199994 0.390527 -0.101410 -0.916441
    29 1.312567 0.000000 0.000000 0.094358 -0.148302 -1.023361
    30 0.729362 0.000004 0.000003 0.246466 -0.201514 -1.343121
    31 3.941981 0.050872 0.435162 0.108940 0.058963 -0.470260
    32 1.539089 0.000008 0.000003 0.081999 -0.072597 -1.490887
    33 1.196316 0.000004 0.000005 0.030667 -0.074741 -1.027947
    34 3.880859 -0.047028 -0.427490 -0.079036 0.162996 -0.514648
    35 1.719567 0.000023 0.000016 -0.048600 0.058563 -1.498659
    36 1.209175 0.000008 0.000005 -0.038127 -0.010975 -1.196747
    37 3.867399 -0.148186 -1.324350 -0.424017 0.413272 -0.567318
    38 1.719419 -0.000008 -0.000008 -0.103004 0.275398 -0.995724
    39 1.099667 -0.000004 -0.000001 -0.048647 0.108807 -0.506629
    40 0.811502 -0.358881 -1.312777 1.391884 0.446153 -0.556740
    41 1.789783 -0.000002 -0.000002 0.030300 -0.047271 0.412855
    42 1.207001 0.000009 0.000000 -0.006735 -0.074450 -0.170094
    43 5.073761 -4.063510 -2.918343 3.826595 -0.063820 -1.771607
    44 0.000000 0.196712 0.000000 1.570797 0.000000 0.000001
    45 0.000002 2.032589 0.000000 -0.018720 0.000000 0.000000
    46 0.000002 1.571991 0.000000 -0.060294 0.000000 0.000000
    47 3.775905 -5.485672 -0.527956 -2.248292 -0.133225 -1.641886
  time 46
    0 -0.000003 -13.531250 -29.421875 1.570792 0.000003 -0.000003
    1 0.000000 3.345131 -2.981898 1.570796 0.083192 1.570795
    2 4.015625 0.000001 0.000000 0.000000 -0.000001 -0.028819
    3 3.520294 0.000005 -0.000006 0.000000 0.000000 0.097311
    4 8.929688 -0.000001 0.000000 0.000000 0.000001 0.186405
    5 2.035156 0.997070 1.937500 1.589735 -1.286517 2.950158
    6 6.028159 -0.000069 0.000009 -1.575890 0.049155 -1.169438
    7 11.692566 0.000046 0.000011 -0.000002 0.000000 -0.060376
    8 11.481682 0.000088 -0.000031 1.568292 -0.038710 0.036026
    9 3.857422 -0.139526 -1.191406 -0.363882 0.112047 -0.355498
    10 1.312565 -0.000008 0.000000 -0.000002 0.054404 -0.409012
    11 0.729366 0.000002 -0.000002 -0.000001 0.040754 -0.240990
    12 3.941406 0.046936 -0.435059 -0.101499 0.042182 -0.269683
    13 1.539091 0.000008 -0.000002 0.000000 0.003737 -0.247812
    14 1.196321 0.000000 -0.000002 -0.000001 0.006168 -0.430818
    15 3.880859 -0.043091 0.427490 0.090105 -0.011419 -0.132542
    16 1.719578 0.000023 -0.000021 -0.000005 -0.020423 -0.365964
    17 1.209181 -0.000004 -0.000001 0.000001 -0.011427 -0.216116
    18 3.863281 -0.136475 1.332031 0.320642 -0.041405 -0.125801
    19 1.719431 -0.000023 0.000019 0.000001 -0.106227 -0.347813
    20 1.099676 0.000000 0.000006 0.000004 -0.067955 -0.234890
    21 0.807129 -0.346924 1.320313 -1.243196 -0.551768 -0.740654
    22 1.789787 0.000006 0.000006 -0.000002 -0.003712 0.228604
    23 1.207012 0.000011 0.000000 -0.000001 -0.005667 0.362993
    24 2.035156 0.997070 -1.937500 -1.661572 1.286515 2.950150
    25 6.028144 -0.000011 0.000002 1.921074 0.524492 -0.494183
    26 12.301971 -1.003936 0.937532 0.428948 -0.392525 -0.751160
    27 11.481657 0.000043 0.000019 -2.130207 0.489933 -0.079563
    28 3.858240 -0.131699 1.199994 0.390527 -0.101410 -0.916423
    29 1.312567 0.000000 0.000000 0.094358 -0.148302 -1.023361
    30 0.729362 0.000004 0.000003 0.246478 -0.201514 -1.343121
    31 3.941981 0.050872 0.435162 0.108940 0.058963 -0.470260
    32 1.539089 0.000008 0.000003 0.081999 -0.072597 -1.490887
    33 1.196316 0.000004 0.000005 0.030667 -0.074741 -1.027947
    34 3.880859 -0.047028 -0.427490 -0.079036 0.162996 -0.514648
    35 1.719567 0.000023 0.000016 -0.048600 0.058563 -1.498659
    36 1.209175 0.000008 0.000005 -0.038127 -0.010975 -1.196747
    37 3.867399 -0.148186 -1.324350 -0.424029 0.413272 -0.567318
    38 1.719419 -0.000008 -0.000008 -0.103004 0.275398 -0.995724
    39 1.099667 -0.000004 -0.000001 -0.048647 0.108807 -0.506629
    40 0.811502 -0.358881 -1.312777 1.391884 0.446153 -0.556740
    41 1.789783 -0.000002 -0.000002 0.030300 -0.047271 0.412855
    42 1.207001 0.000009 0.000000 -0.006735 -0.074450 -0.170094
    43 5.073761 -4.063510 -2.918343 3.826595 -0.063820 -1.771607
    44 0.000000 0.196712 0.000000 1.570797 0.000000 0.000001
    45 0.000002 2.032589 0.000000 -0.016503 0.000000 0.000000
    46 0.000002 1.571991 0.000000 -0.060294 0.000000 0.000000
    47 3.775905 -5.485672 -0.527956 -2.248292 -0.133225 -1.641886
  time 47
    0 -0.000003 -13.531250 -29.421875 1.570792 0.000003 -0.000003
    1 0.000000 3.345131 -2.981898 1.570796 0.083192 1.570795
    2 4.015625 0.000001 0.000000 0.000000 -0.000001 -0.028819
    3 3.520294 0.000005 -0.000006 0.000000 0.000000 0.097311
    4 8.929688 -0.000001 0.000000 0.000000 0.000001 0.186405
    5 2.035156 0.997070 1.937500 1.589735 -1.286517 2.950158
    6 6.028159 -0.000069 0.000009 -1.575890 0.049155 -1.169438
    7 11.692566 0.000046 0.000011 -0.000002 0.000000 -0.060376
    8 11.481682 0.000088 -0.000031 1.568292 -0.038710 0.036026
    9 3.857422 -0.139526 -1.191406 -0.363882 0.112047 -0.355498
    10 1.312565 -0.000008 0.000000 -0.000002 0.054404 -0.409012
    11 0.729366 0.000002 -0.000002 -0.000001 0.040754 -0.240990
    12 3.941406 0.046936 -0.435059 -0.101499 0.042182 -0.269683
    13 1.539091 0.000008 -0.000002 0.000000 0.003737 -0.247812
    14 1.196321 0.000000 -0.000002 -0.000001 0.006168 -0.430818
    15 3.880859 -0.043091 0.427490 0.090105 -0.011419 -0.132542
    16 1.719578 0.000023 -0.000021 -0.000005 -0.020423 -0.365964
    17 1.209181 -0.000004 -0.000001 0.000001 -0.011427 -0.216116
    18 3.863281 -0.136475 1.332031 0.320642 -0.041405 -0.125801
    19 1.719431 -0.000023 0.000019 0.000001 -0.106227 -0.347813
    20 1.099676 0.000000 0.000006 0.000004 -0.067955 -0.234890
    21 0.807129 -0.346924 1.320313 -1.243196 -0.551768 -0.740654
    22 1.789787 0.000006 0.000006 -0.000002 -0.003712 0.228604
    23 1.207012 0.000011 0.000000 -0.000001 -0.005667 0.362993
    24 2.035156 0.997070 -1.937500 -1.661572 1.286515 2.950150
    25 6.028144 -0.000011 0.000002 1.921074 0.524492 -0.494183
    26 12.301971 -1.003936 0.937532 0.449205 -0.403144 -0.729511
    27 11.481657 0.000043 0.000019 -2.138458 0.491021 -0.073763
    28 3.858240 -0.131699 1.199994 0.390527 -0.101410 -0.916423
    29 1.312567 0.000000 0.000000 0.094358 -0.148302 -1.023361
    30 0.729362 0.000004 0.000003 0.246466 -0.201514 -1.343121
    31 3.941981 0.050872 0.435162 0.108940 0.058963 -0.470260
    32 1.539089 0.000008 0.000003 0.081999 -0.072597 -1.490887
    33 1.196316 0.000004 0.000005 0.030667 -0.074741 -1.027947
    34 3.880859 -0.047028 -0.427490 -0.079036 0.162996 -0.514648
    35 1.719567 0.000023 0.000016 -0.048600 0.058563 -1.498659
    36 1.209175 0.000008 0.000005 -0.038127 -0.010975 -1.196747
    37 3.867399 -0.148186 -1.324350 -0.424017 0.413272 -0.567331
    38 1.719419 -0.000008 -0.000008 -0.103004 0.275398 -0.995724
    39 1.099667 -0.000004 -0.000001 -0.048647 0.108807 -0.506629
    40 0.811502 -0.358881 -1.312777 1.391884 0.446153 -0.556740
    41 1.789783 -0.000002 -0.000002 0.030300 -0.047271 0.412855
    42 1.207001 0.000009 0.000000 -0.006735 -0.074450 -0.170094
    43 5.073761 -4.063510 -2.918343 3.826595 -0.063820 -1.771607
    44 0.000000 0.196712 0.000000 1.570797 0.000000 0.000001
    45 0.000002 2.032589 0.000000 -0.014358 0.000000 0.000000
    46 0.000002 1.571991 0.000000 -0.060294 0.000000 0.000000
    47 3.775905 -5.485672 -0.527956 -2.248292 -0.133225 -1.641886
  time 48
    0 -0.000003 -13.531250 -29.421875 1.570792 0.000003 -0.000003
    1 0.000000 3.345131 -2.981898 1.570796 0.083192 1.570795
    2 4.015625 0.000001 0.000000 0.000000 -0.000001 -0.028819
    3 3.520294 0.000005 -0.000006 0.000000 0.000000 0.097311
    4 8.929688 -0.000001 0.000000 0.000000 0.000001 0.186405
    5 2.035156 0.997070 1.937500 1.589735 -1.286517 2.950158
    6 6.028159 -0.000069 0.000009 -1.575890 0.049155 -1.169438
    7 11.692566 0.000046 0.000011 -0.000002 0.000000 -0.060376
    8 11.481682 0.000088 -0.000031 1.568292 -0.038710 0.036026
    9 3.857422 -0.139526 -1.191406 -0.363882 0.112047 -0.355498
    10 1.312565 -0.000008 0.000000 -0.000002 0.054404 -0.409012
    11 0.729366 0.000002 -0.000002 -0.000001 0.040754 -0.240990
    12 3.941406 0.046936 -0.435059 -0.101499 0.042182 -0.269683
    13 1.539091 0.000008 -0.000002 0.000000 0.003737 -0.247812
    14 1.196321 0.000000 -0.000002 -0.000001 0.006168 -0.430818
    15 3.880859 -0.043091 0.427490 0.090105 -0.011419 -0.132542
    16 1.719578 0.000023 -0.000021 -0.000005 -0.020423 -0.365964
    17 1.209181 -0.000004 -0.000001 0.000001 -0.011427 -0.216116
    18 3.863281 -0.136475 1.332031 0.320642 -0.041405 -0.125801
    19 1.719431 -0.000023 0.000019 0.000001 -0.106227 -0.347813
    20 1.099676 0.000000 0.000006 0.000004 -0.067955 -0.234890
    21 0.807129 -0.346924 1.320313 -1.243196 -0.551768 -0.740654
    22 1.789787 0.000006 0.000006 -0.000002 -0.003712 0.228604
    23 1.207012 0.000011 0.000000 -0.000001 -0.005667 0.362993
    24 2.035156 0.997070 -1.937500 -1.661572 1.286515 2.950150
    25 6.028144 -0.000011 0.000002 1.921074 0.524492 -0.494183
    26 12.301971 -1.003936 0.937532 0.468898 -0.413173 -0.709146
    27 11.481657 0.000043 0.000019 -2.146195 0.492050 -0.068274
    28 3.854334 -0.131699 1.199994 0.390527 -0.101410 -0.916423
    29 1.312567 0.000000 0.000000 0.094358 -0.148302 -1.023361
    30 0.729362 0.000004 0.000003 0.246466 -0.201514 -1.343121
    31 3.941981 0.050872 0.435162 0.108940 0.058963 -0.470260
    32 1.539089 0.000008 0.000003 0.081999 -0.072597 -1.490887
    33 1.196316 0.000004 0.000005 0.030667 -0.074741 -1.027947
    34 3.880859 -0.047028 -0.427490 -0.079036 0.162996 -0.514648
    35 1.719567 0.000023 0.000016 -0.048600 0.058563 -1.498659
    36 1.209175 0.000008 0.000005 -0.038127 -0.010975 -1.196747
    37 3.863493 -0.148186 -1.324350 -0.424017 0.413272 -0.567318
    38 1.719419 -0.000008 -0.000008 -0.103004 0.275398 -0.995724
    39 1.099667 -0.000004 -0.000001 -0.048647 0.108807 -0.506629
    40 0.811502 -0.358881 -1.312777 1.391884 0.446153 -0.556740
    41 1.789783 -0.000002 -0.000002 0.030300 -0.047271 0.412855
    42 1.207001 0.000009 0.000000 -0.006735 -0.074450 -0.170094
    43 5.073761 -4.063510 -2.918343 3.826595 -0.063820 -1.771607
    44 0.000000 0.196712 0.000000 1.570797 0.000000 0.000001
    45 0.000002 2.032589 0.000000 -0.012320 0.000000 0.000000
    46 0.000002 1.571991 0.000000 -0.060294 0.000000 0.000000
    47 3.775905 -5.485672 -0.527956 -2.248292 -0.133225 -1.641886
  time 49
    0 -0.000003 -13.531250 -29.421875 1.570792 0.000003 -0.000003
    1 0.000000 3.345131 -2.981898 1.570796 0.083192 1.570795
    2 4.015625 0.000001 0.000000 0.000000 -0.000001 -0.028819
    3 3.520294 0.000005 -0.000006 0.000000 0.000000 0.097311
    4 8.929688 -0.000001 0.000000 0.000000 0.000001 0.186405
    5 2.035156 0.997070 1.937500 1.589735 -1.286517 2.950158
    6 6.028159 -0.000069 0.000009 -1.575890 0.049155 -1.169438
    7 11.692566 0.000046 0.000011 -0.000002 0.000000 -0.060376
    8 11.481682 0.000088 -0.000031 1.568292 -0.038710 0.036026
    9 3.857422 -0.139526 -1.191406 -0.363882 0.112047 -0.355498
    10 1.312565 -0.000008 0.000000 -0.000002 0.054404 -0.409012
    11 0.729366 0.000002 -0.000002 -0.000001 0.040754 -0.240990
    12 3.941406 0.046936 -0.435059 -0.101499 0.042182 -0.269683
    13 1.539091 0.000008 -0.000002 0.000000 0.003737 -0.247812
    14 1.196321 0.000000 -0.000002 -0.000001 0.006168 -0.430818
    15 3.880859 -0.043091 0.427490 0.090105 -0.011419 -0.132542
    16 1.719578 0.000023 -0.000021 -0.000005 -0.020423 -0.365964
    17 1.209181 -0.000004 -0.000001 0.000001 -0.011427 -0.216116
    18 3.863281 -0.136475 1.332031 0.320642 -0.041405 -0.125801
    19 1.719431 -0.000023 0.000019 0.000001 -0.106227 -0.347813
    20 1.099676 0.000000 0.000006 0.000004 -0.067955 -0.234890
    21 0.807129 -0.346924 1.320313 -1.243196 -0.551768 -0.740654
    22 1.789787 0.000006 0.000006 -0.000002 -0.003712 0.228604
    23 1.207012 0.000011 0.000000 -0.000001 -0.005667 0.362993
    24 2.035156 0.997070 -1.937500 -1.661572 1.286515 2.950150
    25 6.028144 -0.000011 0.000002 1.921074 0.524492 -0.494183
    26 12.301971 -1.003936 0.937532 0.487777 -0.422554 -0.690116
    27 11.481657 0.000043 0.000019 -2.153419 0.492976 -0.063156
    28 3.858240 -0.131699 1.199994 0.390527 -0.101410 -0.916423
    29 1.312567 0.000000 0.000000 0.094358 -0.148302 -1.023361
    30 0.729362 0.000004 0.000003 0.246466 -0.201514 -1.343121
    31 3.941981 0.050872 0.435162 0.108940 0.058963 -0.470260
    32 1.539089 0.000008 0.000003 0.081999 -0.072597 -1.490887
    33 1.196316 0.000004 0.000005 0.030667 -0.074741 -1.027947
    34 3.880859 -0.047028 -0.427490 -0.079036 0.162996 -0.514648
    35 1.719567 0.000023 0.000016 -0.048600 0.058563 -1.498659
    36 1.209175 0.000008 0.000005 -0.038127 -0.010975 -1.196747
    37 3.863493 -0.148186 -1.324350 -0.424029 0.413272 -0.567318
    38 1.719419 -0.000008 -0.000008 -0.103004 0.275398 -0.995724
    39 1.099667 -0.000004 -0.000001 -0.048647 0.108807 -0.506629
    40 0.811502 -0.358881 -1.312777 1.391884 0.446153 -0.556740
    41 1.789783 -0.000002 -0.000002 0.030300 -0.047271 0.412855
    42 1.207001 0.000009 0.000000 -0.006735 -0.074450 -0.170094
    43 5.073761 -4.063510 -2.918343 3.826595 -0.063820 -1.771607
    44 0.000000 0.196712 0.000000 1.570797 0.000000 0.000001
    45 0.000002 2.032589 0.000000 -0.010403 0.000000 0.000000
    46 0.000002 1.571991 0.000000 -0.060294 0.000000 0.000000
    47 3.775905 -5.485672 -0.527956 -2.248292 -0.133225 -1.641886
  time 50
    0 -0.000003 -13.531250 -29.421875 1.570792 0.000003 -0.000003
    1 0.000000 3.345131 -2.981898 1.570796 0.083192 1.570795
    2 4.015625 0.000001 0.000000 0.000000 -0.000001 -0.028819
    3 3.520294 0.000005 -0.000006 0.000000 0.000000 0.097311
    4 8.929688 -0.000001 0.000000 0.000000 0.000001 0.186405
    5 2.035156 0.997070 1.937500 1.589735 -1.286517 2.950158
    6 6.028159 -0.000069 0.000009 -1.575890 0.049155 -1.169438
    7 11.692566 0.000046 0.000011 -0.000002 0.000000 -0.060376
    8 11.481682 0.000088 -0.000031 1.568292 -0.038710 0.036026
    9 3.857422 -0.139526 -1.191406 -0.363882 0.112047 -0.355498
    10 1.312565 -0.000008 0.000000 -0.000002 0.054404 -0.409012
    11 0.729366 0.000002 -0.000002 -0.000001 0.040754 -0.240990
    12 3.941406 0.046936 -0.435059 -0.101499 0.042182 -0.269683
    13 1.539091 0.000008 -0.000002 0.000000 0.003737 -0.247812
    14 1.196321 0.000000 -0.000002 -0.000001 0.006168 -0.430818
    15 3.880859 -0.043091 0.427490 0.090105 -0.011419 -0.132542
    16 1.719578 0.000023 -0.000021 -0.000005 -0.020423 -0.365964
    17 1.209181 -0.000004 -0.000001 0.000001 -0.011427 -0.216116
    18 3.863281 -0.136475 1.332031 0.320642 -0.041405 -0.125801
    19 1.719431 -0.000023 0.000019 0.000001 -0.106227 -0.347813
    20 1.099676 0.000000 0.000006 0.000004 -0.067955 -0.234890
    21 0.807129 -0.346924 1.320313 -1.243196 -0.551768 -0.740654
    22 1.789787 0.000006 0.000006 -0.000002 -0.003712 0.228604
    23 1.207012 0.000011 0.000000 -0.000001 -0.005667 0.362993
    24 2.035156 0.997070 -1.937500 -1.661572 1.286515 2.950150
    25 6.028144 -0.000011 0.000002 1.921074 0.524492 -0.494183
    26 12.301971 -1.003936 0.937532 0.505617 -0.431199 -0.672583
    27 11.481657 0.000043 0.000019 -2.160054 0.493829 -0.058435
    28 3.854334 -0.131699 1.199994 0.390527 -0.101410 -0.916423
    29 1.312567 0.000000 0.000000 0.094358 -0.148302 -1.023361
    30 0.729362 0.000004 0.000003 0.246466 -0.201514 -1.343121
    31 3.938074 0.050872 0.435162 0.108940 0.058963 -0.470260
    32 1.539089 0.000008 0.000003 0.081999 -0.072597 -1.490887
    33 1.196316 0.000004 0.000005 0.030667 -0.074741 -1.027947
    34 3.880859 -0.047028 -0.427490 -0.079036 0.162996 -0.514648
    35 1.719567 0.000023 0.000016 -0.048600 0.058563 -1.498659
    36 1.209175 0.000008 0.000005 -0.038127 -0.010975 -1.196747
    37 3.863493 -0.148186 -1.324350 -0.424029 0.413272 -0.567318
    38 1.719419 -0.000008 -0.000008 -0.103004 0.275398 -0.995724
    39 1.099667 -0.000004 -0.000001 -0.048647 0.108807 -0.506629
    40 0.811502 -0.358881 -1.316683 1.391884 0.446153 -0.556740
    41 1.789783 -0.000002 -0.000002 0.030300 -0.047271 0.412855
    42 1.207001 0.000009 0.000000 -0.006735 -0.074450 -0.170094
    43 5.073761 -4.063510 -2.918343 3.826595 -0.063820 -1.771607
    44 0.000000 0.196712 0.000000 1.570797 0.000000 0.000001
    45 0.000002 2.032589 0.000000 -0.008617 0.000000 0.000000
    46 0.000002 1.571991 0.000000 -0.060294 0.000000 0.000000
    47 3.775905 -5.485672 -0.527956 -2.248292 -0.133225 -1.641886
  time 51
    0 -0.000003 -13.531250 -29.421875 1.570792 0.000003 -0.000003
    1 0.000000 3.345131 -2.981898 1.570796 0.083192 1.570795
    2 4.015625 0.000001 0.000000 0.000000 -0.000001 -0.028819
    3 3.520294 0.000005 -0.000006 0.000000 0.000000 0.097311
    4 8.929688 -0.000001 0.000000 0.000000 0.000001 0.186405
    5 2.035156 0.997070 1.937500 1.589735 -1.286517 2.950158
    6 6.028159 -0.000069 0.000009 -1.575890 0.049155 -1.169438
    7 11.692566 0.000046 0.000011 -0.000002 0.000000 -0.060376
    8 11.481682 0.000088 -0.000031 1.568292 -0.038710 0.036026
    9 3.857422 -0.139526 -1.191406 -0.363882 0.112047 -0.355498
    10 1.312565 -0.000008 0.000000 -0.000002 0.054404 -0.409012
    11 0.729366 0.000002 -0.000002 -0.000001 0.040754 -0.240990
    12 3.941406 0.046936 -0.435059 -0.101499 0.042182 -0.269683
    13 1.539091 0.000008 -0.000002 0.000000 0.003737 -0.247812
    14 1.196321 0.000000 -0.000002 -0.000001 0.006168 -0.430818
    15 3.880859 -0.043091 0.427490 0.090105 -0.011419 -0.132542
    16 1.719578 0.000023 -0.000021 -0.000005 -0.020423 -0.365964
    17 1.209181 -0.000004 -0.000001 0.000001 -0.011427 -0.216116
    18 3.863281 -0.136475 1.332031 0.320642 -0.041405 -0.125801
    19 1.719431 -0.000023 0.000019 0.000001 -0.106227 -0.347813
    20 1.099676 0.000000 0.000006 0.000004 -0.067955 -0.234890
    21 0.807129 -0.346924 1.320313 -1.243196 -0.551768 -0.740654
    22 1.789787 0.000006 0.000006 -0.000002 -0.003712 0.228604
    23 1.207012 0.000011 0.000000 -0.000001 -0.005667 0.362993
    24 2.035156 0.997070 -1.937500 -1.661572 1.286515 2.950150
    25 6.028144 -0.000011 0.000002 1.921074 0.524492 -0.494183
    26 12.301971 -1.003936 0.937532 0.522239 -0.439067 -0.656654
    27 11.481657 0.000043 0.000019 -2.166080 0.494609 -0.054144
    28 3.854334 -0.131699 1.199994 0.390527 -0.101410 -0.916441
    29 1.312567 0.000000 0.000000 0.094358 -0.148302 -1.023361
    30 0.729362 0.000004 0.000003 0.246478 -0.201514 -1.343121
    31 3.941981 0.050872 0.435162 0.108940 0.058963 -0.470260
    32 1.539089 0.000008 0.000003 0.081999 -0.072597 -1.490887
    33 1.196316 0.000004 0.000005 0.030667 -0.074741 -1.027947
    34 3.880859 -0.047028 -0.427490 -0.079036 0.162996 -0.514648
    35 1.719567 0.000023 0.000016 -0.048600 0.058563 -1.498659
    36 1.209175 0.000008 0.000005 -0.038127 -0.010975 -1.196747
    37 3.867399 -0.148186 -1.324350 -0.424029 0.413272 -0.567318
    38 1.719419 -0.000008 -0.000008 -0.103004 0.275398 -0.995724
    39 1.099667 -0.000004 -0.000001 -0.048647 0.108807 -0.506629
    40 0.811502 -0.358881 -1.312777 1.391884 0.446153 -0.556740
    41 1.789783 -0.000002 -0.000002 0.030300 -0.047271 0.412855
    42 1.207001 0.000009 0.000000 -0.006735 -0.074450 -0.170094
    43 5.073761 -4.063510 -2.918343 3.826595 -0.063820 -1.771607
    44 0.000000 0.196712 0.000000 1.570797 0.000000 0.000001
    45 0.000002 2.032589 0.000000 -0.006987 0.000000 0.000000
    46 0.000002 1.571991 0.000000 -0.060294 0.000000 0.000000
    47 3.775905 -5.485672 -0.527956 -2.248292 -0.133225 -1.641886
  time 52
    0 -0.000003 -13.531250 -29.421875 1.570792 0.000003 -0.000003
    1 0.000000 3.345131 -2.981898 1.570796 0.083192 1.570795
    2 4.015625 0.000001 0.000000 0.000000 -0.000001 -0.028819
    3 3.520294 0.000005 -0.000006 0.000000 0.000000 0.097311
    4 8.929688 -0.000001 0.000000 0.000000 0.000001 0.186405
    5 2.035156 0.997070 1.937500 1.589735 -1.286517 2.950158
    6 6.028159 -0.000069 0.000009 -1.575890 0.049155 -1.169438
    7 11.692566 0.000046 0.000011 -0.000002 0.000000 -0.060376
    8 11.481682 0.000088 -0.000031 1.568292 -0.038710 0.036026
    9 3.857422 -0.139526 -1.191406 -0.363882 0.112047 -0.355498
    10 1.312565 -0.000008 0.000000 -0.000002 0.054404 -0.409012
    11 0.729366 0.000002 -0.000002 -0.000001 0.040754 -0.240990
    12 3.941406 0.046936 -0.435059 -0.101499 0.042182 -0.269683
    13 1.539091 0.000008 -0.000002 0.000000 0.003737 -0.247812
    14 1.196321 0.000000 -0.000002 -0.000001 0.006168 -0.430818
    15 3.880859 -0.043091 0.427490 0.090105 -0.011419 -0.132542
    16 1.719578 0.000023 -0.000021 -0.000005 -0.020423 -0.365964
    17 1.209181 -0.000004 -0.000001 0.000001 -0.011427 -0.216116
    18 3.863281 -0.136475 1.332031 0.320642 -0.041405 -0.125801
    19 1.719431 -0.000023 0.000019 0.000001 -0.106227 -0.347813
    20 1.099676 0.000000 0.000006 0.000004 -0.067955 -0.234890
    21 0.807129 -0.346924 1.320313 -1.243196 -0.551768 -0.740654
    22 1.789787 0.000006 0.000006 -0.000002 -0.003712 0.228604
    23 1.207012 0.000011 0.000000 -0.000001 -0.005667 0.362993
    24 2.035156 0.997070 -1.937500 -1.661572 1.286515 2.950150
    25 6.028144 -0.000011 0.000002 1.921074 0.524492 -0.494183
    26 12.301971 -1.003936 0.937532 0.537437 -0.446113 -0.642435
    27 11.481657 0.000043 0.000019 -2.171460 0.495285 -0.050297
    28 3.854334 -0.131699 1.199994 0.390527 -0.101410 -0.916423
    29 1.312567 0.000000 0.000000 0.094358 -0.148302 -1.023361
    30 0.729362 0.000004 0.000003 0.246466 -0.201514 -1.343121
    31 3.941981 0.050872 0.435162 0.108940 0.058963 -0.470260
    32 1.539089 0.000008 0.000003 0.081999 -0.072597 -1.490887
    33 1.196316 0.000004 0.000005 0.030667 -0.074741 -1.027947
    34 3.880859 -0.047028 -0.427490 -0.079036 0.162996 -0.514648
    35 1.719567 0.000023 0.000016 -0.048600 0.058551 -1.498659
    36 1.209175 0.000008 0.000005 -0.038127 -0.010975 -1.196747
    37 3.863493 -0.148186 -1.324350 -0.424029 0.413272 -0.567318
    38 1.719419 -0.000008 -0.000008 -0.103004 0.275398 -0.995724
    39 1.099667 -0.000004 -0.000001 -0.048647 0.108807 -0.506629
    40 0.811502 -0.358881 -1.312777 1.391884 0.446153 -0.556740
    41 1.789783 -0.000002 -0.000002 0.030300 -0.047271 0.412855
    42 1.207001 0.000009 0.000000 -0.006735 -0.074450 -0.170094
    43 5.073761 -4.063510 -2.918343 3.826595 -0.063832 -1.771607
    44 0.000000 0.196712 0.000000 1.570797 0.000000 0.000001
    45 0.000002 2.032589 0.000000 -0.005513 0.000000 0.000000
    46 0.000002 1.571991 0.000000 -0.060294 0.000000 0.000000
    47 3.775905 -5.485672 -0.527956 -2.248292 -0.133225 -1.641886
  time 53
    0 -0.000003 -13.531250 -29.421875 1.570792 0.000003 -0.000003
    1 0.000000 3.345131 -2.981898 1.570796 0.083192 1.570795
    2 4.015625 0.000001 0.000000 0.000000 -0.000001 -0.028819
    3 3.520294 0.000005 -0.000006 0.000000 0.000000 0.097311
    4 8.929688 -0.000001 0.000000 0.000000 0.000001 0.186405
    5 2.035156 0.997070 1.937500 1.589735 -1.286517 2.950158
    6 6.028159 -0.000069 0.000009 -1.575890 0.049155 -1.169438
    7 11.692566 0.000046 0.000011 -0.000002 0.000000 -0.060376
    8 11.481682 0.000088 -0.000031 1.568292 -0.038710 0.036026
    9 3.857422 -0.139526 -1.191406 -0.363882 0.112047 -0.355498
    10 1.312565 -0.000008 0.000000 -0.000002 0.054404 -0.409012
    11 0.729366 0.000002 -0.000002 -0.000001 0.040754 -0.240990
    12 3.941406 0.046936 -0.435059 -0.101499 0.042182 -0.269683
    13 1.539091 0.000008 -0.000002 0.000000 0.003737 -0.247812
    14 1.196321 0.000000 -0.000002 -0.000001 0.006168 -0.430818
    15 3.880859 -0.043091 0.427490 0.090105 -0.011419 -0.132542
    16 1.719578 0.000023 -0.000021 -0.000005 -0.020423 -0.365964
    17 1.209181 -0.000004 -0.000001 0.000001 -0.011427 -0.216116
    18 3.863281 -0.136475 1.332031 0.320642 -0.041405 -0.125801
    19 1.719431 -0.000023 0.000019 0.000001 -0.106227 -0.347813
    20 1.099676 0.000000 0.000006 0.000004 -0.067955 -0.234890
    21 0.807129 -0.346924 1.320313 -1.243196 -0.551768 -0.740654
    22 1.789787 0.000006 0.000006 -0.000002 -0.003712 0.228604
    23 1.207012 0.000011 0.000000 -0.000001 -0.005667 0.362993
    24 2.035156 0.997070 -1.937500 -1.661572 1.286515 2.950150
    25 6.028144 -0.000011 0.000002 1.921074 0.524492 -0.494183
    26 12.301971 -1.003936 0.937532 0.551077 -0.452338 -0.629873
    27 11.481657 0.000043 0.000019 -2.176193 0.495888 -0.046917
    28 3.854334 -0.131699 1.199994 0.390527 -0.101410 -0.916423
    29 1.312567 0.000000 0.000000 0.094358 -0.148302 -1.023361
    30 0.729362 0.000004 0.000003 0.246466 -0.201514 -1.343121
    31 3.941981 0.050872 0.435162 0.108940 0.058963 -0.470260
    32 1.539089 0.000008 0.000003 0.081999 -0.072597 -1.490887
    33 1.196316 0.000004 0.000005 0.030667 -0.074741 -1.027947
    34 3.880859 -0.047028 -0.427490 -0.079036 0.162996 -0.514648
    35 1.719567 0.000023 0.000016 -0.048600 0.058563 -1.498659
    36 1.209175 0.000008 0.000005 -0.038127 -0.010975 -1.196747
    37 3.863493 -0.148186 -1.324350 -0.424017 0.413272 -0.567318
    38 1.719419 -0.000008 -0.000008 -0.103004 0.275398 -0.995724
    39 1.099667 -0.000004 -0.000001 -0.048647 0.108807 -0.506629
    40 0.811502 -0.358881 -1.312777 1.391884 0.446153 -0.556740
    41 1.789783 -0.000002 -0.000002 0.030300 -0.047271 0.412855
    42 1.207001 0.000009 0.000000 -0.006735 -0.074450 -0.170094
    43 5.073761 -4.063510 -2.918343 3.826595 -0.063820 -1.771607
    44 0.000000 0.196712 0.000000 1.570797 0.000000 0.000001
    45 0.000002 2.032589 0.000000 -0.004207 0.000000 0.000000
    46 0.000002 1.571991 0.000000 -0.060294 0.000000 0.000000
    47 3.775905 -5.485672 -0.527956 -2.248292 -0.133225 -1.641886
  time 54
    0 -0.000003 -13.531250 -29.421875 1.570792 0.000003 -0.000003
    1 0.000000 3.345131 -2.981898 1.570796 0.083192 1.570795
    2 4.015625 0.000001 0.000000 0.000000 -0.000001 -0.028819
    3 3.520294 0.000005 -0.000006 0.000000 0.000000 0.097311
    4 8.929688 -0.000001 0.000000 0.000000 0.000001 0.186405
    5 2.035156 0.997070 1.937500 1.589735 -1.286517 2.950158
    6 6.028159 -0.000069 0.000009 -1.575890 0.049155 -1.169438
    7 11.692566 0.000046 0.000011 -0.000002 0.000000 -0.060376
    8 11.481682 0.000088 -0.000031 1.568292 -0.038710 0.036026
    9 3.857422 -0.139526 -1.191406 -0.363882 0.112047 -0.355498
    10 1.312565 -0.000008 0.000000 -0.000002 0.054404 -0.409012
    11 0.729366 0.000002 -0.000002 -0.000001 0.040754 -0.240990
    12 3.941406 0.046936 -0.435059 -0.101499 0.042182 -0.269683
    13 1.539091 0.000008 -0.000002 0.000000 0.003737 -0.247812
    14 1.196321 0.000000 -0.000002 -0.000001 0.006168 -0.430818
    15 3.880859 -0.043091 0.427490 0.090105 -0.011419 -0.132542
    16 1.719578 0.000023 -0.000021 -0.000005 -0.020423 -0.365964
    17 1.209181 -0.000004 -0.000001 0.000001 -0.011427 -0.216116
    18 3.863281 -0.136475 1.332031 0.320642 -0.041405 -0.125801
    19 1.719431 -0.000023 0.000019 0.000001 -0.106227 -0.347813
    20 1.099676 0.000000 0.000006 0.000004 -0.067955 -0.234890
    21 0.807129 -0.346924 1.320313 -1.243196 -0.551768 -0.740654
    22 1.789787 0.000006 0.000006 -0.000002 -0.003712 0.228604
    23 1.207012 0.000011 0.000000 -0.000001 -0.005667 0.362993
    24 2.035156 0.997070 -1.937500 -1.661572 1.286515 2.950150
    25 6.028144 -0.000011 0.000002 1.921074 0.524492 -0.494183
    26 12.301971 -1.003936 0.937532 0.563046 -0.457698 -0.619076
    27 11.481657 0.000043 0.000019 -2.180281 0.496388 -0.044005
    28 3.858240 -0.131699 1.199994 0.390527 -0.101410 -0.916441
    29 1.312567 0.000000 0.000000 0.094358 -0.148302 -1.023361
    30 0.729362 0.000004 0.000003 0.246466 -0.201514 -1.343121
    31 3.941981 0.050872 0.435162 0.108940 0.058963 -0.470260
    32 1.539089 0.000008 0.000003 0.081999 -0.072597 -1.490887
    33 1.196316 0.000004 0.000005 0.030667 -0.074741 -1.027947
    34 3.880859 -0.047028 -0.427490 -0.079036 0.162996 -0.514648
    35 1.719567 0.000023 0.000016 -0.048600 0.058563 -1.498659
    36 1.209175 0.000008 0.000005 -0.038127 -0.010975 -1.196747
    37 3.863493 -0.148186 -1.324350 -0.424029 0.413272 -0.567318
    38 1.719419 -0.000008 -0.000008 -0.103004 0.275398 -0.995724
    39 1.099667 -0.000004 -0.000001 -0.048647 0.108807 -0.506629
    40 0.811502 -0.358881 -1.312777 1.391884 0.446153 -0.556740
    41 1.789783 -0.000002 -0.000002 0.030300 -0.047271 0.412855
    42 1.207001 0.000009 0.000000 -0.006735 -0.074450 -0.170094
    43 5.073761 -4.063510 -2.918343 3.826595 -0.063820 -1.771607
    44 0.000000 0.196712 0.000000 1.570797 0.000000 0.000001
    45 0.000002 2.032589 0.000000 -0.003080 0.000000 0.000000
    46 0.000002 1.571991 0.000000 -0.060294 0.000000 0.000000
    47 3.775905 -5.485672 -0.527956 -2.248292 -0.133225 -1.641886
  time 55
    0 -0.000003 -13.531250 -29.421875 1.570792 0.000003 -0.000003
    1 0.000000 3.345131 -2.981898 1.570796 0.083192 1.570795
    2 4.015625 0.000001 0.000000 0.000000 -0.000001 -0.028819
    3 3.520294 0.000005 -0.000006 0.000000 0.000000 0.097311
    4 8.929688 -0.000001 0.000000 0.000000 0.000001 0.186405
    5 2.035156 0.997070 1.937500 1.589735 -1.286517 2.950158
    6 6.028159 -0.000069 0.000009 -1.575890 0.049155 -1.169438
    7 11.692566 0.000046 0.000011 -0.000002 0.000000 -0.060376
    8 11.481682 0.000088 -0.000031 1.568292 -0.038710 0.036026
    9 3.857422 -0.139526 -1.191406 -0.363882 0.112047 -0.355498
    10 1.312565 -0.000008 0.000000 -0.000002 0.054404 -0.409012
    11 0.729366 0.000002 -0.000002 -0.000001 0.040754 -0.240990
    12 3.941406 0.046936 -0.435059 -0.101499 0.042182 -0.269683
    13 1.539091 0.000008 -0.000002 0.000000 0.003737 -0.247812
    14 1.196321 0.000000 -0.000002 -0.000001 0.006168 -0.430818
    15 3.880859 -0.043091 0.427490 0.090105 -0.011419 -0.132542
    16 1.719578 0.000023 -0.000021 -0.000005 -0.020423 -0.365964
    17 1.209181 -0.000004 -0.000001 0.000001 -0.011427 -0.216116
    18 3.863281 -0.136475 1.332031 0.320642 -0.041405 -0.125801
    19 1.719431 -0.000023 0.000019 0.000001 -0.106227 -0.347813
    20 1.099676 0.000000 0.000006 0.000004 -0.067955 -0.234890
    21 0.807129 -0.346924 1.320313 -1.243196 -0.551768 -0.740654
    22 1.789787 0.000006 0.000006 -0.000002 -0.003712 0.228604
    23 1.207012 0.000011 0.000000 -0.000001 -0.005667 0.362993
    24 2.035156 0.997070 -1.937500 -1.661572 1.286515 2.950150
    25 6.028144 -0.000011 0.000002 1.921074 0.524492 -0.494183
    26 12.301971 -1.003936 0.937532 0.573231 -0.462194 -0.609989
    27 11.481657 0.000043 0.000019 -2.183684 0.496814 -0.041560
    28 3.858240 -0.131699 1.199994 0.390527 -0.101410 -0.916423
    29 1.312567 0.000000 0.000000 0.094358 -0.148302 -1.023361
    30 0.729362 0.000004 0.000003 0.246466 -0.201514 -1.343121
    31 3.941981 0.050872 0.435162 0.108940 0.058963 -0.470260
    32 1.539089 0.000008 0.000003 0.081999 -0.072597 -1.490887
    33 1.196316 0.000004 0.000005 0.030667 -0.074741 -1.027947
    34 3.880859 -0.047028 -0.427490 -0.079036 0.162996 -0.514648
    35 1.719567 0.000023 0.000016 -0.048600 0.058563 -1.498659
    36 1.209175 0.000008 0.000005 -0.038127 -0.010975 -1.196747
    37 3.867399 -0.148186 -1.324350 -0.424029 0.413272 -0.567318
    38 1.719419 -0.000008 -0.000008 -0.103004 0.275398 -0.995724
    39 1.099667 -0.000004 -0.000001 -0.048647 0.108807 -0.506629
    40 0.811502 -0.358881 -1.312777 1.391884 0.446153 -0.556740
    41 1.789783 -0.000002 -0.000002 0.030300 -0.047271 0.412855
    42 1.207001 0.000009 0.000000 -0.006735 -0.074450 -0.170094
    43 5.073761 -4.063510 -2.918343 3.826595 -0.063820 -1.771607
    44 0.000000 0.196712 0.000000 1.570797 0.000000 0.000001
    45 0.000002 2.032589 0.000000 -0.002121 0.000000 0.000000
    46 0.000002 1.571991 0.000000 -0.060294 0.000000 0.000000
    47 3.775905 -5.485672 -0.527956 -2.248292 -0.133225 -1.641886
  time 56
    0 -0.000003 -13.531250 -29.421875 1.570792 0.000003 -0.000003
    1 0.000000 3.345131 -2.981898 1.570796 0.083192 1.570795
    2 4.015625 0.000001 0.000000 0.000000 -0.000001 -0.028819
    3 3.520294 0.000005 -0.000006 0.000000 0.000000 0.097311
    4 8.929688 -0.000001 0.000000 0.000000 0.000001 0.186405
    5 2.035156 0.997070 1.937500 1.589735 -1.286517 2.950158
    6 6.028159 -0.000069 0.000009 -1.575890 0.049155 -1.169438
    7 11.692566 0.000046 0.000011 -0.000002 0.000000 -0.060376
    8 11.481682 0.000088 -0.000031 1.568292 -0.038710 0.036026
    9 3.857422 -0.139526 -1.191406 -0.363882 0.112047 -0.355498
    10 1.312565 -0.000008 0.000000 -0.000002 0.054404 -0.409012
    11 0.729366 0.000002 -0.000002 -0.000001 0.040754 -0.240990
    12 3.941406 0.046936 -0.435059 -0.101499 0.042182 -0.269683
    13 1.539091 0.000008 -0.000002 0.000000 0.003737 -0.247812
    14 1.196321 0.000000 -0.000002 -0.000001 0.006168 -0.430818
    15 3.880859 -0.043091 0.427490 0.090105 -0.011419 -0.132542
    16 1.719578 0.000023 -0.000021 -0.000005 -0.020423 -0.365964
    17 1.209181 -0.000004 -0.000001 0.000001 -0.011427 -0.216116
    18 3.863281 -0.136475 1.332031 0.320642 -0.041405 -0.125801
    19 1.719431 -0.000023 0.000019 0.000001 -0.106227 -0.347813
    20 1.099676 0.000000 0.000006 0.000004 -0.067955 -0.234890
    21 0.807129 -0.346924 1.320313 -1.243196 -0.551768 -0.740654
    22 1.789787 0.000006 0.000006 -0.000002 -0.003712 0.228604
    23 1.207012 0.000011 0.000000 -0.000001 -0.005667 0.362993
    24 2.035156 0.997070 -1.937500 -1.661572 1.286515 2.950150
    25 6.028144 -0.000011 0.000002 1.921074 0.524492 -0.494183
    26 12.301971 -1.003936 0.937532 0.581609 -0.465839 -0.602665
    27 11.481657 0.000043 0.000019 -2.186440 0.497153 -0.039571
    28 3.854334 -0.131699 1.199994 0.390527 -0.101410 -0.916441
    29 1.312567 0.000000 0.000000 0.094358 -0.148302 -1.023361
    30 0.729362 0.000004 0.000003 0.246478 -0.201514 -1.343121
    31 3.938074 0.050872 0.435162 0.108940 0.058963 -0.470260
    32 1.539089 0.000008 0.000003 0.081999 -0.072597 -1.490887
    33 1.196316 0.000004 0.000005 0.030667 -0.074741 -1.027947
    34 3.880859 -0.047028 -0.427490 -0.079036 0.162996 -0.514648
    35 1.719567 0.000023 0.000016 -0.048600 0.058563 -1.498659
    36 1.209175 0.000008 0.000005 -0.038127 -0.010975 -1.196747
    37 3.863493 -0.148186 -1.324350 -0.424029 0.413272 -0.567318
    38 1.719419 -0.000008 -0.000008 -0.103004 0.275398 -0.995724
    39 1.099667 -0.000004 -0.000001 -0.048647 0.108807 -0.506629
    40 0.811502 -0.358881 -1.312777 1.391884 0.446153 -0.556740
    41 1.789783 -0.000002 -0.000002 0.030300 -0.047271 0.412855
    42 1.207001 0.000009 0.000000 -0.006735 -0.074450 -0.170094
    43 5.073761 -4.063510 -2.918343 3.826665 -0.063820 -1.771607
    44 0.000000 0.196712 0.000000 1.570797 0.000000 0.000001
    45 0.000002 2.032589 0.000000 -0.001342 0.000000 0.000000
    46 0.000002 1.571991 0.000000 -0.060294 0.000000 0.000000
    47 3.775905 -5.485672 -0.527956 -2.248292 -0.133225 -1.641886
  time 57
    0 -0.000003 -13.531250 -29.421875 1.570792 0.000003 -0.000003
    1 0.000000 3.345131 -2.981898 1.570796 0.083192 1.570795
    2 4.015625 0.000001 0.000000 0.000000 -0.000001 -0.028819
    3 3.520294 0.000005 -0.000006 0.000000 0.000000 0.097311
    4 8.929688 -0.000001 0.000000 0.000000 0.000001 0.186405
    5 2.035156 0.997070 1.937500 1.589735 -1.286517 2.950158
    6 6.028159 -0.000069 0.000009 -1.575890 0.049155 -1.169438
    7 11.692566 0.000046 0.000011 -0.000002 0.000000 -0.060376
    8 11.481682 0.000088 -0.000031 1.568292 -0.038710 0.036026
    9 3.857422 -0.139526 -1.191406 -0.363882 0.112047 -0.355498
    10 1.312565 -0.000008 0.000000 -0.000002 0.054404 -0.409012
    11 0.729366 0.000002 -0.000002 -0.000001 0.040754 -0.240990
    12 3.941406 0.046936 -0.435059 -0.101499 0.042182 -0.269683
    13 1.539091 0.000008 -0.000002 0.000000 0.003737 -0.247812
    14 1.196321 0.000000 -0.000002 -0.000001 0.006168 -0.430818
    15 3.880859 -0.043091 0.427490 0.090105 -0.011419 -0.132542
    16 1.719578 0.000023 -0.000021 -0.000005 -0.020423 -0.365964
    17 1.209181 -0.000004 -0.000001 0.000001 -0.011427 -0.216116
    18 3.863281 -0.136475 1.332031 0.320642 -0.041405 -0.125801
    19 1.719431 -0.000023 0.000019 0.000001 -0.106227 -0.347813
    20 1.099676 0.000000 0.000006 0.000004 -0.067955 -0.234890
    21 0.807129 -0.346924 1.320313 -1.243196 -0.551768 -0.740654
    22 1.789787 0.000006 0.000006 -0.000002 -0.003712 0.228604
    23 1.207012 0.000011 0.000000 -0.000001 -0.005667 0.362993
    24 2.035156 0.997070 -1.937500 -1.661572 1.286515 2.950150
    25 6.028144 -0.000011 0.000002 1.921074 0.524492 -0.494183
    26 12.301971 -1.003936 0.937532 0.588136 -0.468635 -0.596999
    27 11.481657 0.000043 0.000019 -2.188569 0.497417 -0.038049
    28 3.854334 -0.131699 1.199994 0.390527 -0.101410 -0.916441
    29 1.312567 0.000000 0.000000 0.094358 -0.148302 -1.023361
    30 0.729362 0.000004 0.000003 0.246466 -0.201514 -1.343121
    31 3.941981 0.050872 0.435162 0.108940 0.058963 -0.470260
    32 1.539089 0.000008 0.000003 0.081999 -0.072597 -1.490887
    33 1.196316 0.000004 0.000005 0.030667 -0.074741 -1.027947
    34 3.880859 -0.047028 -0.427490 -0.079036 0.162996 -0.514648
    35 1.719567 0.000023 0.000016 -0.048600 0.058563 -1.498659
    36 1.209175 0.000008 0.000005 -0.038127 -0.010975 -1.196747
    37 3.867399 -0.148186 -1.324350 -0.424017 0.413272 -0.567318
    38 1.719419 -0.000008 -0.000008 -0.103004 0.275398 -0.995724
    39 1.099667 -0.000004 -0.000001 -0.048647 0.108807 -0.506629
    40 0.811502 -0.358881 -1.312777 1.391884 0.446153 -0.556740
    41 1.789783 -0.000002 -0.000002 0.030300 -0.047271 0.412855
    42 1.207001 0.000009 0.000000 -0.006735 -0.074450 -0.170094
    43 5.073761 -4.063510 -2.918343 3.826595 -0.063820 -1.771607
    44 0.000000 0.196712 0.000000 1.570797 0.000000 0.000001
    45 0.000002 2.032589 0.000000 -0.000755 0.000000 0.000000
    46 0.000002 1.571991 0.000000 -0.060294 0.000000 0.000000
    47 3.775905 -5.485672 -0.527956 -2.248292 -0.133225 -1.641886
  time 58
    0 -0.000003 -13.531250 -29.421875 1.570792 0.000003 -0.000003
    1 0.000000 3.345131 -2.981898 1.570796 0.083192 1.570795
    2 4.015625 0.000001 0.000000 0.000000 -0.000001 -0.028819
    3 3.520294 0.000005 -0.000006 0.000000 0.000000 0.097311
    4 8.929688 -0.000001 0.000000 0.000000 0.000001 0.186405
    5 2.035156 0.997070 1.937500 1.589735 -1.286517 2.950158
    6 6.028159 -0.000069 0.000009 -1.575890 0.049155 -1.169438
    7 11.692566 0.000046 0.000011 -0.000002 0.000000 -0.060376
    8 11.481682 0.000088 -0.000031 1.568292 -0.038710 0.036026
    9 3.857422 -0.139526 -1.191406 -0.363882 0.112047 -0.355498
    10 1.312565 -0.000008 0.000000 -0.000002 0.054404 -0.409012
    11 0.729366 0.000002 -0.000002 -0.000001 0.040754 -0.240990
    12 3.941406 0.046936 -0.435059 -0.101499 0.042182 -0.269683
    13 1.539091 0.000008 -0.000002 0.000000 0.003737 -0.247812
    14 1.196321 0.000000 -0.000002 -0.000001 0.006168 -0.430818
    15 3.880859 -0.043091 0.427490 0.090105 -0.011419 -0.132542
    16 1.719578 0.000023 -0.000021 -0.000005 -0.020423 -0.365964
    17 1.209181 -0.000004 -0.000001 0.000001 -0.011427 -0.216116
    18 3.863281 -0.136475 1.332031 0.320642 -0.041405 -0.125801
    19 1.719431 -0.000023 0.000019 0.000001 -0.106227 -0.347813
    20 1.099676 0.000000 0.000006 0.000004 -0.067955 -0.234890
    21 0.807129 -0.346924 1.320313 -1.243196 -0.551768 -0.740654
    22 1.789787 0.000006 0.000006 -0.000002 -0.003712 0.228604
    23 1.207012 0.000011 0.000000 -0.000001 -0.005667 0.362993
    24 2.035156 0.997070 -1.937500 -1.661572 1.286515 2.950150
    25 6.028144 -0.000011 0.000002 1.921074 0.524492 -0.494183
    26 12.301971 -1.003936 0.937532 0.592765 -0.470609 -0.593044
    27 11.481657 0.000043 0.000019 -2.190052 0.497594 -0.036982
    28 3.854334 -0.131699 1.199994 0.390527 -0.101410 -0.916423
    29 1.312567 0.000000 0.000000 0.094358 -0.148302 -1.023361
    30 0.729362 0.000004 0.000003 0.246466 -0.201514 -1.343121
    31 3.941981 0.050872 0.435162 0.108940 0.058963 -0.470260
    32 1.539089 0.000008 0.000003 0.081999 -0.072597 -1.490887
    33 1.196316 0.000004 0.000005 0.030667 -0.074741 -1.027947
    34 3.880859 -0.047028 -0.427490 -0.079036 0.162996 -0.514648
    35 1.719567 0.000023 0.000016 -0.048600 0.058563 -1.498659
    36 1.209175 0.000008 0.000005 -0.038127 -0.010975 -1.196747
    37 3.863493 -0.148186 -1.324350 -0.424017 0.413272 -0.567318
    38 1.719419 -0.000008 -0.000008 -0.103004 0.275398 -0.995724
    39 1.099667 -0.000004 -0.000001 -0.048647 0.108807 -0.506629
    40 0.811502 -0.358881 -1.312777 1.391884 0.446153 -0.556740
    41 1.789783 -0.000002 -0.000002 0.030300 -0.047271 0.412855
    42 1.207001 0.000009 0.000000 -0.006735 -0.074450 -0.170094
    43 5.073761 -4.063510 -2.918343 3.826665 -0.063820 -1.771591
    44 0.000000 0.196712 0.000000 1.570797 0.000000 0.000001
    45 0.000002 2.032589 0.000000 -0.000324 0.000000 0.000000
    46 0.000002 1.571991 0.000000 -0.060294 0.000000 0.000000
    47 3.775905 -5.485672 -0.527956 -2.248292 -0.133225 -1.641886
  time 59
    0 -0.000003 -13.531250 -29.421875 1.570792 0.000003 -0.000003
    1 0.000000 3.345131 -2.981898 1.570796 0.083192 1.570795
    2 4.015625 0.000001 0.000000 0.000000 -0.000001 -0.028819
    3 3.520294 0.000005 -0.000006 0.000000 0.000000 0.097311
    4 8.929688 -0.000001 0.000000 0.000000 0.000001 0.186405
    5 2.035156 0.997070 1.937500 1.589735 -1.286517 2.950158
    6 6.028159 -0.000069 0.000009 -1.575890 0.049155 -1.169438
    7 11.692566 0.000046 0.000011 -0.000002 0.000000 -0.060376
    8 11.481682 0.000088 -0.000031 1.568292 -0.038710 0.036026
    9 3.857422 -0.139526 -1.191406 -0.363882 0.112047 -0.355498
    10 1.312565 -0.000008 0.000000 -0.000002 0.054404 -0.409012
    11 0.729366 0.000002 -0.000002 -0.000001 0.040754 -0.240990
    12 3.941406 0.046936 -0.435059 -0.101499 0.042182 -0.269683
    13 1.539091 0.000008 -0.000002 0.000000 0.003737 -0.247812
    14 1.196321 0.000000 -0.000002 -0.000001 0.006168 -0.430818
    15 3.880859 -0.043091 0.427490 0.090105 -0.011419 -0.132542
    16 1.719578 0.000023 -0.000021 -0.000005 -0.020423 -0.365964
    17 1.209181 -0.000004 -0.000001 0.000001 -0.011427 -0.216116
    18 3.863281 -0.136475 1.332031 0.320642 -0.041405 -0.125801
    19 1.719431 -0.000023 0.000019 0.000001 -0.106227 -0.347813
    20 1.099676 0.000000 0.000006 0.000004 -0.067955 -0.234890
    21 0.807129 -0.346924 1.320313 -1.243196 -0.551768 -0.740654
    22 1.789787 0.000006 0.000006 -0.000002 -0.003712 0.228604
    23 1.207012 0.000011 0.000000 -0.000001 -0.005667 0.362993
    24 2.035156 0.997070 -1.937500 -1.661572 1.286515 2.950150
    25 6.028144 -0.000011 0.000002 1.921074 0.524492 -0.494183
    26 12.301971 -1.003936 0.937532 0.595543 -0.471776 -0.590692
    27 11.481657 0.000043 0.000019 -2.190927 0.497711 -0.036359
    28 3.854334 -0.131699 1.199994 0.390527 -0.101410 -0.916423
    29 1.312567 0.000000 0.000000 0.094358 -0.148302 -1.023361
    30 0.729362 0.000004 0.000003 0.246466 -0.201514 -1.343121
    31 3.938074 0.050872 0.435162 0.108940 0.058963 -0.470260
    32 1.539089 0.000008 0.000003 0.081999 -0.072597 -1.490887
    33 1.196316 0.000004 0.000005 0.030667 -0.074741 -1.027947
    34 3.880859 -0.047028 -0.427490 -0.079036 0.162996 -0.514648
    35 1.719567 0.000023 0.000016 -0.048600 0.058563 -1.498659
    36 1.209175 0.000008 0.000005 -0.038127 -0.010975 -1.196747
    37 3.863493 -0.148186 -1.324350 -0.424029 0.413272 -0.567318
    38 1.719419 -0.000008 -0.000008 -0.103004 0.275398 -0.995724
    39 1.099667 -0.000004 -0.000001 -0.048647 0.108807 -0.506629
    40 0.811502 -0.358881 -1.312777 1.391884 0.446153 -0.556740
    41 1.789783 -0.000002 -0.000002 0.030300 -0.047271 0.412855
    42 1.207001 0.000009 0.000000 -0.006735 -0.074450 -0.170094
    43 5.073761 -4.063510 -2.918343 3.826595 -0.063820 -1.771591
    44 0.000000 0.196712 0.000000 1.570797 0.000000 0.000001
    45 0.000002 2.032589 0.000000 -0.000072 0.000000 0.000000
    46 0.000002 1.571991 0.000000 -0.060294 0.000000 0.000000
    47 3.775905 -5.485672 -0.527956 -2.248292 -0.133225 -1.641886
  time 60
    0 -0.000003 -13.531250 -29.421875 1.570792 0.000003 -0.000003
    1 0.000000 3.345131 -2.981898 1.570796 0.083192 1.570795
    2 4.015625 0.000001 0.000000 0.000000 -0.000001 -0.028819
    3 3.520294 0.000005 -0.000006 0.000000 0.000000 0.097311
    4 8.929688 -0.000001 0.000000 0.000000 0.000001 0.186405
    5 2.035156 0.997070 1.937500 1.589735 -1.286517 2.950158
    6 6.028159 -0.000069 0.000009 -1.575890 0.049155 -1.169438
    7 11.692566 0.000046 0.000011 -0.000002 0.000000 -0.060376
    8 11.481682 0.000088 -0.000031 1.568292 -0.038710 0.036026
    9 3.857422 -0.139526 -1.191406 -0.363882 0.112047 -0.355498
    10 1.312565 -0.000008 0.000000 -0.000002 0.054404 -0.409012
    11 0.729366 0.000002 -0.000002 -0.000001 0.040754 -0.240990
    12 3.941406 0.046936 -0.435059 -0.101499 0.042182 -0.269683
    13 1.539091 0.000008 -0.000002 0.000000 0.003737 -0.247812
    14 1.196321 0.000000 -0.000002 -0.000001 0.006168 -0.430818
    15 3.880859 -0.043091 0.427490 0.090105 -0.011419 -0.132542
    16 1.719578 0.000023 -0.000021 -0.000005 -0.020423 -0.365964
    17 1.209181 -0.000004 -0.000001 0.000001 -0.011427 -0.216116
    18 3.863281 -0.136475 1.332031 0.320642 -0.041405 -0.125801
    19 1.719431 -0.000023 0.000019 0.000001 -0.106227 -0.347813
    20 1.099676 0.000000 0.000006 0.000004 -0.067955 -0.234890
    21 0.807129 -0.346924 1.320313 -1.243196 -0.551768 -0.740654
    22 1.789787 0.000006 0.000006 -0.000002 -0.003712 0.228604
    23 1.207012 0.000011 0.000000 -0.000001 -0.005667 0.362993
    24 2.035156 0.997070 -1.937500 -1.661572 1.286515 2.950150
    25 6.028144 -0.000011 0.000002 1.921074 0.524492 -0.494183
    26 12.301971 -1.003936 0.937532 0.596469 -0.472165 -0.589943
    27 11.481657 0.000043 0.000019 -2.191231 0.497741 -0.036143
    28 3.854334 -0.131699 1.199994 0.390527 -0.101410 -0.916423
    29 1.312567 0.000000 0.000000 0.094358 -0.148302 -1.023361
    30 0.729362 0.000004 0.000003 0.246466 -0.201514 -1.343154
    31 3.938074 0.050872 0.435162 0.108940 0.058963 -0.470260
    32 1.539089 0.000008 0.000003 0.081999 -0.072597 -1.490887
    33 1.196316 0.000004 0.000005 0.030667 -0.074741 -1.027947
    34 3.880859 -0.047028 -0.427490 -0.079036 0.162996 -0.514648
    35 1.719567 0.000023 0.000016 -0.048600 0.058563 -1.498659
    36 1.209175 0.000008 0.000005 -0.038127 -0.010975 -1.196747
    37 3.863493 -0.148186 -1.324350 -0.424029 0.413272 -0.567318
    38 1.719419 -0.000008 -0.000008 -0.103004 0.275398 -0.995724
    39 1.099667 -0.000004 -0.000001 -0.048647 0.108807 -0.506629
    40 0.807595 -0.358881 -1.312777 1.391884 0.446153 -0.556740
    41 1.789783 -0.000002 -0.000002 0.030300 -0.047271 0.412867
    42 1.207001 0.000009 0.000000 -0.006735 -0.074450 -0.170094
    43 5.073761 -4.063510 -2.918343 3.826595 -0.063820 -1.771591
    44 0.000000 0.196712 0.000000 1.570797 0.000000 0.000001
    45 0.000002 2.032589 0.000000 0.000000 0.000000 0.000000
    46 0.000002 1.571991 0.000000 -0.060294 0.000000 0.000000
    47 3.775905 -5.485672 -0.527956 -2.248292 -0.133225 -1.641886
end
