// Created by Crowbar 0.74
version 1
nodes
  0 "ValveBiped.Bip01" -1
  1 "ValveBiped.Bip01_Spine" 0
  2 "ValveBiped.Bip01_Spine1" 1
  3 "ValveBiped.Bip01_Spine2" 2
  4 "ValveBiped.Bip01_Spine4" 3
  5 "ValveBiped.Bip01_L_Clavicle" 4
  6 "ValveBiped.Bip01_L_UpperArm" 5
  7 "ValveBiped.Bip01_L_Forearm" 6
  8 "ValveBiped.Bip01_L_Hand" 7
  9 "ValveBiped.Bip01_L_Finger4" 8
  10 "ValveBiped.Bip01_L_Finger41" 9
  11 "ValveBiped.Bip01_L_Finger42" 10
  12 "ValveBiped.Bip01_L_Finger3" 8
  13 "ValveBiped.Bip01_L_Finger31" 12
  14 "ValveBiped.Bip01_L_Finger32" 13
  15 "ValveBiped.Bip01_L_Finger2" 8
  16 "ValveBiped.Bip01_L_Finger21" 15
  17 "ValveBiped.Bip01_L_Finger22" 16
  18 "ValveBiped.Bip01_L_Finger1" 8
  19 "ValveBiped.Bip01_L_Finger11" 18
  20 "ValveBiped.Bip01_L_Finger12" 19
  21 "ValveBiped.Bip01_L_Finger0" 8
  22 "ValveBiped.Bip01_L_Finger01" 21
  23 "ValveBiped.Bip01_L_Finger02" 22
  24 "ValveBiped.Bip01_R_Clavicle" 4
  25 "ValveBiped.Bip01_R_UpperArm" 24
  26 "ValveBiped.Bip01_R_Forearm" 25
  27 "ValveBiped.Bip01_R_Hand" 26
  28 "ValveBiped.Bip01_R_Finger4" 27
  29 "ValveBiped.Bip01_R_Finger41" 28
  30 "ValveBiped.Bip01_R_Finger42" 29
  31 "ValveBiped.Bip01_R_Finger3" 27
  32 "ValveBiped.Bip01_R_Finger31" 31
  33 "ValveBiped.Bip01_R_Finger32" 32
  34 "ValveBiped.Bip01_R_Finger2" 27
  35 "ValveBiped.Bip01_R_Finger21" 34
  36 "ValveBiped.Bip01_R_Finger22" 35
  37 "ValveBiped.Bip01_R_Finger1" 27
  38 "ValveBiped.Bip01_R_Finger11" 37
  39 "ValveBiped.Bip01_R_Finger12" 38
  40 "ValveBiped.Bip01_R_Finger0" 27
  41 "ValveBiped.Bip01_R_Finger01" 40
  42 "ValveBiped.Bip01_R_Finger02" 41
  43 "ValveBiped.Photograph" 27
  44 "ValveBiped.paper1" 43
  45 "ValveBiped.paper2" 44
  46 "ValveBiped.paper3" 45
  47 "ValveBiped.Camera" 27
end
skeleton
  time 0
    0 -0.000003 -13.531250 -29.421875 1.570792 0.000003 -0.000003
    1 0.000000 3.345131 -2.981898 1.570796 0.083192 1.570795
    2 4.015625 0.000001 0.000000 0.000000 -0.000001 -0.028819
    3 3.520294 0.000005 -0.000006 0.000000 0.000000 0.097311
    4 8.929688 -0.000001 0.000000 0.000000 0.000001 0.186405
    5 2.035156 0.997070 1.937500 1.589735 -1.286517 2.950158
    6 6.028159 -0.000069 0.000009 -1.575890 0.049155 -1.169438
    7 11.692566 0.000046 0.000011 -0.000002 0.000000 -0.060376
    8 11.481682 0.000088 -0.000031 1.568292 -0.038710 0.036026
    9 3.857422 -0.139526 -1.191406 -0.363882 0.112047 -0.355498
    10 1.312565 -0.000008 0.000000 -0.000002 0.054404 -0.409012
    11 0.729366 0.000002 -0.000002 -0.000001 0.040754 -0.240990
    12 3.941406 0.046936 -0.435059 -0.101499 0.042182 -0.269683
    13 1.539091 0.000008 -0.000002 0.000000 0.003737 -0.247812
    14 1.196321 0.000000 -0.000002 -0.000001 0.006168 -0.430818
    15 3.880859 -0.043091 0.427490 0.090105 -0.011419 -0.132542
    16 1.719578 0.000023 -0.000021 -0.000005 -0.020423 -0.365964
    17 1.209181 -0.000004 -0.000001 0.000001 -0.011427 -0.216116
    18 3.863281 -0.136475 1.332031 0.320642 -0.041405 -0.125801
    19 1.719431 -0.000023 0.000019 0.000001 -0.106227 -0.347813
    20 1.099676 0.000000 0.000006 0.000004 -0.067955 -0.234890
    21 0.807129 -0.346924 1.320313 -1.243196 -0.551768 -0.740654
    22 1.789787 0.000006 0.000006 -0.000002 -0.003712 0.228604
    23 1.207012 0.000011 0.000000 -0.000001 -0.005667 0.362993
    24 2.035156 0.997070 -1.937500 -1.661572 1.286515 2.950150
    25 6.028144 -0.000011 0.000002 1.921073 0.524481 -0.494184
    26 12.301971 -1.003936 0.937532 0.739984 -0.006268 -1.589958
    27 11.481657 0.000043 0.000019 -1.806934 0.439613 -0.295226
    28 3.858240 -0.131699 1.199994 0.390527 -0.101410 -0.916423
    29 1.312567 0.000000 0.000000 0.094366 -0.148314 -1.023377
    30 0.729362 0.000004 0.000003 0.246478 -0.201514 -1.343121
    31 3.941981 0.050872 0.435162 0.108940 0.058963 -0.470260
    32 1.539089 0.000008 0.000003 0.081999 -0.072597 -1.490925
    33 1.196316 0.000004 0.000005 0.030667 -0.074741 -1.027947
    34 3.880859 -0.047028 -0.427490 -0.079036 0.162996 -0.514648
    35 1.719567 0.000023 0.000016 -0.048600 0.058551 -1.498659
    36 1.209175 0.000008 0.000005 -0.038127 -0.010975 -1.196747
    37 3.867399 -0.148186 -1.324350 -0.424029 0.413272 -0.567318
    38 1.719419 -0.000008 -0.000008 -0.103000 0.275395 -0.995707
    39 1.099667 -0.000004 -0.000001 -0.048647 0.108807 -0.506629
    40 0.807129 -0.358887 -1.316406 1.391888 0.446144 -0.556730
    41 1.789783 -0.000002 -0.000002 0.030300 -0.047271 0.412855
    42 1.207001 0.000009 0.000000 -0.006740 -0.074456 -0.170108
    43 5.073761 -4.063510 -2.918343 3.826595 -0.063832 -1.771607
    44 0.000000 0.196712 0.000000 1.570797 0.000000 0.000001
    45 0.000002 2.032589 0.000000 0.000000 0.000000 0.000000
    46 0.000002 1.571991 0.000000 0.000000 0.000000 0.000000
    47 3.775905 -5.485672 -0.527956 -2.248292 -0.133225 -1.641886
  time 1
    0 -0.000003 -13.531250 -29.421875 1.570792 0.000003 -0.000003
    1 0.000000 3.345131 -2.981898 1.570796 0.083192 1.570795
    2 4.015625 0.000001 0.000000 0.000000 -0.000001 -0.028819
    3 3.520294 0.000005 -0.000006 0.000000 0.000000 0.097311
    4 8.929688 -0.000001 0.000000 0.000000 0.000001 0.186405
    5 2.035156 0.997070 1.937500 1.589735 -1.286517 2.950158
    6 6.028159 -0.000069 0.000009 -1.575890 0.049155 -1.169438
    7 11.692566 0.000046 0.000011 -0.000002 0.000000 -0.060376
    8 11.481682 0.000088 -0.000031 1.568292 -0.038710 0.036026
    9 3.857422 -0.139526 -1.191406 -0.363882 0.112047 -0.355498
    10 1.312565 -0.000008 0.000000 -0.000002 0.054404 -0.409012
    11 0.729366 0.000002 -0.000002 -0.000001 0.040754 -0.240990
    12 3.941406 0.046936 -0.435059 -0.101499 0.042182 -0.269683
    13 1.539091 0.000008 -0.000002 0.000000 0.003737 -0.247812
    14 1.196321 0.000000 -0.000002 -0.000001 0.006168 -0.430818
    15 3.880859 -0.043091 0.427490 0.090105 -0.011419 -0.132542
    16 1.719578 0.000023 -0.000021 -0.000005 -0.020423 -0.365964
    17 1.209181 -0.000004 -0.000001 0.000001 -0.011427 -0.216116
    18 3.863281 -0.136475 1.332031 0.320642 -0.041405 -0.125801
    19 1.719431 -0.000023 0.000019 0.000001 -0.106227 -0.347813
    20 1.099676 0.000000 0.000006 0.000004 -0.067955 -0.234890
    21 0.807129 -0.346924 1.320313 -1.243196 -0.551768 -0.740654
    22 1.789787 0.000006 0.000006 -0.000002 -0.003712 0.228604
    23 1.207012 0.000011 0.000000 -0.000001 -0.005667 0.362993
    24 2.035156 0.997070 -1.937500 -1.661572 1.286515 2.950150
    25 6.028144 -0.000011 0.000002 1.921049 0.524456 -0.494196
    26 12.301971 -1.003936 0.937532 0.739961 -0.006268 -1.590012
    27 11.481657 0.000043 0.000019 -1.806915 0.439642 -0.295190
    28 3.854334 -0.131699 1.199994 0.390527 -0.101410 -0.916423
    29 1.312567 0.000000 0.000000 0.094366 -0.148314 -1.023377
    30 0.729362 0.000004 0.000003 0.246478 -0.201514 -1.343121
    31 3.941981 0.050872 0.435162 0.108940 0.058963 -0.470260
    32 1.539089 0.000008 0.000003 0.081999 -0.072597 -1.490887
    33 1.196316 0.000004 0.000005 0.030667 -0.074741 -1.027947
    34 3.880859 -0.047028 -0.427490 -0.079036 0.162996 -0.514648
    35 1.719567 0.000023 0.000016 -0.048600 0.058551 -1.498659
    36 1.209175 0.000008 0.000005 -0.038127 -0.010975 -1.196747
    37 3.867399 -0.148186 -1.324350 -0.424029 0.413272 -0.567318
    38 1.719419 -0.000008 -0.000008 -0.103000 0.275395 -0.995707
    39 1.099667 -0.000004 -0.000001 -0.048647 0.108807 -0.506629
    40 0.807129 -0.358887 -1.316406 1.391888 0.446144 -0.556730
    41 1.789783 -0.000002 -0.000002 0.030300 -0.047271 0.412855
    42 1.207001 0.000009 0.000000 -0.006740 -0.074456 -0.170108
    43 5.073761 -4.063510 -2.918343 3.826595 -0.063832 -1.771607
    44 0.000000 0.196712 0.000000 1.570797 0.000000 0.000001
    45 0.000002 2.032589 0.000000 0.000000 0.000000 0.000000
    46 0.000002 1.571991 0.000000 0.000000 0.000000 0.000000
    47 3.775905 -5.485672 -0.527956 -2.248292 -0.133225 -1.641886
  time 2
    0 -0.000003 -13.531250 -29.421875 1.570792 0.000003 -0.000003
    1 0.000000 3.345131 -2.981898 1.570796 0.083192 1.570795
    2 4.015625 0.000001 0.000000 0.000000 -0.000001 -0.028819
    3 3.520294 0.000005 -0.000006 0.000000 0.000000 0.097311
    4 8.929688 -0.000001 0.000000 0.000000 0.000001 0.186405
    5 2.035156 0.997070 1.937500 1.589735 -1.286517 2.950158
    6 6.028159 -0.000069 0.000009 -1.575890 0.049155 -1.169438
    7 11.692566 0.000046 0.000011 -0.000002 0.000000 -0.060376
    8 11.481682 0.000088 -0.000031 1.568292 -0.038710 0.036026
    9 3.857422 -0.139526 -1.191406 -0.363882 0.112047 -0.355498
    10 1.312565 -0.000008 0.000000 -0.000002 0.054404 -0.409012
    11 0.729366 0.000002 -0.000002 -0.000001 0.040754 -0.240990
    12 3.941406 0.046936 -0.435059 -0.101499 0.042182 -0.269683
    13 1.539091 0.000008 -0.000002 0.000000 0.003737 -0.247812
    14 1.196321 0.000000 -0.000002 -0.000001 0.006168 -0.430818
    15 3.880859 -0.043091 0.427490 0.090105 -0.011419 -0.132542
    16 1.719578 0.000023 -0.000021 -0.000005 -0.020423 -0.365964
    17 1.209181 -0.000004 -0.000001 0.000001 -0.011427 -0.216116
    18 3.863281 -0.136475 1.332031 0.320642 -0.041405 -0.125801
    19 1.719431 -0.000023 0.000019 0.000001 -0.106227 -0.347813
    20 1.099676 0.000000 0.000006 0.000004 -0.067955 -0.234890
    21 0.807129 -0.346924 1.320313 -1.243196 -0.551768 -0.740654
    22 1.789787 0.000006 0.000006 -0.000002 -0.003712 0.228604
    23 1.207012 0.000011 0.000000 -0.000001 -0.005667 0.362993
    24 2.035156 0.997070 -1.937500 -1.661572 1.286515 2.950150
    25 6.028144 -0.000011 0.000002 1.920977 0.524407 -0.494232
    26 12.301971 -1.003936 0.937532 0.739916 -0.006254 -1.590012
    27 11.481657 0.000043 0.000019 -1.806858 0.439701 -0.295070
    28 3.854334 -0.131699 1.199994 0.390527 -0.101410 -0.916423
    29 1.312567 0.000000 0.000000 0.094366 -0.148314 -1.023377
    30 0.729362 0.000004 0.000003 0.246478 -0.201514 -1.343121
    31 3.941981 0.050872 0.435162 0.108940 0.058963 -0.470260
    32 1.539089 0.000008 0.000003 0.081999 -0.072597 -1.490887
    33 1.196316 0.000004 0.000005 0.030667 -0.074741 -1.027947
    34 3.880859 -0.047028 -0.427490 -0.079036 0.162996 -0.514648
    35 1.719567 0.000023 0.000016 -0.048600 0.058563 -1.498659
    36 1.209175 0.000008 0.000005 -0.038127 -0.010975 -1.196747
    37 3.867399 -0.148186 -1.324350 -0.424029 0.413272 -0.567318
    38 1.719419 -0.000008 -0.000008 -0.103000 0.275395 -0.995707
    39 1.099667 -0.000004 -0.000001 -0.048647 0.108807 -0.506629
    40 0.807129 -0.358887 -1.316406 1.391888 0.446144 -0.556730
    41 1.789783 -0.000002 -0.000002 0.030300 -0.047271 0.412855
    42 1.207001 0.000009 0.000000 -0.006740 -0.074456 -0.170108
    43 5.073761 -4.063510 -2.918343 3.826595 -0.063832 -1.771607
    44 0.000000 0.196712 0.000000 1.570797 0.000000 0.000001
    45 0.000002 2.032589 0.000000 0.000000 0.000000 0.000000
    46 0.000002 1.571991 0.000000 0.000000 0.000000 0.000000
    47 3.775905 -5.485672 -0.527956 -2.248292 -0.133225 -1.641886
  time 3
    0 -0.000003 -13.531250 -29.421875 1.570792 0.000003 -0.000003
    1 0.000000 3.345131 -2.981898 1.570796 0.083192 1.570795
    2 4.015625 0.000001 0.000000 0.000000 -0.000001 -0.028819
    3 3.520294 0.000005 -0.000006 0.000000 0.000000 0.097311
    4 8.929688 -0.000001 0.000000 0.000000 0.000001 0.186405
    5 2.035156 0.997070 1.937500 1.589735 -1.286517 2.950158
    6 6.028159 -0.000069 0.000009 -1.575890 0.049155 -1.169438
    7 11.692566 0.000046 0.000011 -0.000002 0.000000 -0.060376
    8 11.481682 0.000088 -0.000031 1.568292 -0.038710 0.036026
    9 3.857422 -0.139526 -1.191406 -0.363882 0.112047 -0.355498
    10 1.312565 -0.000008 0.000000 -0.000002 0.054404 -0.409012
    11 0.729366 0.000002 -0.000002 -0.000001 0.040754 -0.240990
    12 3.941406 0.046936 -0.435059 -0.101499 0.042182 -0.269683
    13 1.539091 0.000008 -0.000002 0.000000 0.003737 -0.247812
    14 1.196321 0.000000 -0.000002 -0.000001 0.006168 -0.430818
    15 3.880859 -0.043091 0.427490 0.090105 -0.011419 -0.132542
    16 1.719578 0.000023 -0.000021 -0.000005 -0.020423 -0.365964
    17 1.209181 -0.000004 -0.000001 0.000001 -0.011427 -0.216116
    18 3.863281 -0.136475 1.332031 0.320642 -0.041405 -0.125801
    19 1.719431 -0.000023 0.000019 0.000001 -0.106227 -0.347813
    20 1.099676 0.000000 0.000006 0.000004 -0.067955 -0.234890
    21 0.807129 -0.346924 1.320313 -1.243196 -0.551768 -0.740654
    22 1.789787 0.000006 0.000006 -0.000002 -0.003712 0.228604
    23 1.207012 0.000011 0.000000 -0.000001 -0.005667 0.362993
    24 2.035156 0.997070 -1.937500 -1.661572 1.286515 2.950150
    25 6.028144 -0.000011 0.000002 1.920869 0.524309 -0.494292
    26 12.301971 -1.003936 0.937532 0.739848 -0.006225 -1.590119
    27 11.481657 0.000043 0.000019 -1.806782 0.439804 -0.294879
    28 3.854334 -0.131699 1.199994 0.390527 -0.101410 -0.916423
    29 1.312567 0.000000 0.000000 0.094366 -0.148314 -1.023377
    30 0.729362 0.000004 0.000003 0.246478 -0.201514 -1.343121
    31 3.941981 0.050872 0.435162 0.108940 0.058963 -0.470260
    32 1.539089 0.000008 0.000003 0.081999 -0.072597 -1.490925
    33 1.196316 0.000004 0.000005 0.030667 -0.074741 -1.027947
    34 3.880859 -0.047028 -0.427490 -0.079036 0.162996 -0.514648
    35 1.719567 0.000023 0.000016 -0.048600 0.058551 -1.498693
    36 1.209175 0.000008 0.000005 -0.038127 -0.010975 -1.196747
    37 3.863493 -0.148186 -1.324350 -0.424029 0.413272 -0.567318
    38 1.719419 -0.000008 -0.000008 -0.103000 0.275395 -0.995707
    39 1.099667 -0.000004 -0.000001 -0.048647 0.108807 -0.506629
    40 0.807129 -0.358887 -1.316406 1.391888 0.446144 -0.556730
    41 1.789783 -0.000002 -0.000002 0.030300 -0.047271 0.412855
    42 1.207001 0.000009 0.000000 -0.006740 -0.074456 -0.170108
    43 5.073761 -4.063510 -2.918343 3.826595 -0.063832 -1.771607
    44 0.000000 0.196712 0.000000 1.570797 0.000000 0.000001
    45 0.000002 2.032589 0.000000 0.000000 0.000000 0.000000
    46 0.000002 1.571991 0.000000 0.000000 0.000000 0.000000
    47 3.775905 -5.485672 -0.527956 -2.248292 -0.133225 -1.641886
  time 4
    0 -0.000003 -13.531250 -29.421875 1.570792 0.000003 -0.000003
    1 0.000000 3.345131 -2.981898 1.570796 0.083192 1.570795
    2 4.015625 0.000001 0.000000 0.000000 -0.000001 -0.028819
    3 3.520294 0.000005 -0.000006 0.000000 0.000000 0.097311
    4 8.929688 -0.000001 0.000000 0.000000 0.000001 0.186405
    5 2.035156 0.997070 1.937500 1.589735 -1.286517 2.950158
    6 6.028159 -0.000069 0.000009 -1.575890 0.049155 -1.169438
    7 11.692566 0.000046 0.000011 -0.000002 0.000000 -0.060376
    8 11.481682 0.000088 -0.000031 1.568292 -0.038710 0.036026
    9 3.857422 -0.139526 -1.191406 -0.363882 0.112047 -0.355498
    10 1.312565 -0.000008 0.000000 -0.000002 0.054404 -0.409012
    11 0.729366 0.000002 -0.000002 -0.000001 0.040754 -0.240990
    12 3.941406 0.046936 -0.435059 -0.101499 0.042182 -0.269683
    13 1.539091 0.000008 -0.000002 0.000000 0.003737 -0.247812
    14 1.196321 0.000000 -0.000002 -0.000001 0.006168 -0.430818
    15 3.880859 -0.043091 0.427490 0.090105 -0.011419 -0.132542
    16 1.719578 0.000023 -0.000021 -0.000005 -0.020423 -0.365964
    17 1.209181 -0.000004 -0.000001 0.000001 -0.011427 -0.216116
    18 3.863281 -0.136475 1.332031 0.320642 -0.041405 -0.125801
    19 1.719431 -0.000023 0.000019 0.000001 -0.106227 -0.347813
    20 1.099676 0.000000 0.000006 0.000004 -0.067955 -0.234890
    21 0.807129 -0.346924 1.320313 -1.243196 -0.551768 -0.740654
    22 1.789787 0.000006 0.000006 -0.000002 -0.003712 0.228604
    23 1.207012 0.000011 0.000000 -0.000001 -0.005667 0.362993
    24 2.035156 0.997070 -1.937500 -1.661572 1.286515 2.950150
    25 6.028144 -0.000011 0.000002 1.920701 0.524161 -0.494376
    26 12.301971 -1.003936 0.937532 0.739735 -0.006182 -1.590172
    27 11.481657 0.000043 0.000019 -1.806649 0.439936 -0.294591
    28 3.854334 -0.131699 1.199994 0.390527 -0.101410 -0.916423
    29 1.312567 0.000000 0.000000 0.094366 -0.148314 -1.023377
    30 0.729362 0.000004 0.000003 0.246466 -0.201514 -1.343121
    31 3.938074 0.050872 0.435162 0.108940 0.058963 -0.470260
    32 1.539089 0.000008 0.000003 0.081999 -0.072597 -1.490887
    33 1.196316 0.000004 0.000005 0.030667 -0.074741 -1.027947
    34 3.880859 -0.047028 -0.427490 -0.079036 0.162996 -0.514648
    35 1.719567 0.000023 0.000016 -0.048600 0.058563 -1.498659
    36 1.209175 0.000008 0.000005 -0.038127 -0.010975 -1.196747
    37 3.863493 -0.148186 -1.324350 -0.424017 0.413272 -0.567318
    38 1.719419 -0.000008 -0.000008 -0.103000 0.275395 -0.995707
    39 1.099667 -0.000004 -0.000001 -0.048647 0.108807 -0.506629
    40 0.807129 -0.358887 -1.316406 1.391888 0.446144 -0.556730
    41 1.789783 -0.000002 -0.000002 0.030300 -0.047271 0.412867
    42 1.207001 0.000009 0.000000 -0.006740 -0.074456 -0.170108
    43 5.073761 -4.063510 -2.918343 3.826595 -0.063820 -1.771607
    44 0.000000 0.196712 0.000000 1.570797 0.000000 0.000001
    45 0.000002 2.032589 0.000000 0.000000 0.000000 0.000000
    46 0.000002 1.571991 0.000000 0.000000 0.000000 0.000000
    47 3.775905 -5.485672 -0.527956 -2.248292 -0.133225 -1.641886
  time 5
    0 -0.000003 -13.531250 -29.421875 1.570792 0.000003 -0.000003
    1 0.000000 3.345131 -2.981898 1.570796 0.083192 1.570795
    2 4.015625 0.000001 0.000000 0.000000 -0.000001 -0.028819
    3 3.520294 0.000005 -0.000006 0.000000 0.000000 0.097311
    4 8.929688 -0.000001 0.000000 0.000000 0.000001 0.186405
    5 2.035156 0.997070 1.937500 1.589735 -1.286517 2.950158
    6 6.028159 -0.000069 0.000009 -1.575890 0.049155 -1.169438
    7 11.692566 0.000046 0.000011 -0.000002 0.000000 -0.060376
    8 11.481682 0.000088 -0.000031 1.568292 -0.038710 0.036026
    9 3.857422 -0.139526 -1.191406 -0.363882 0.112047 -0.355498
    10 1.312565 -0.000008 0.000000 -0.000002 0.054404 -0.409012
    11 0.729366 0.000002 -0.000002 -0.000001 0.040754 -0.240990
    12 3.941406 0.046936 -0.435059 -0.101499 0.042182 -0.269683
    13 1.539091 0.000008 -0.000002 0.000000 0.003737 -0.247812
    14 1.196321 0.000000 -0.000002 -0.000001 0.006168 -0.430818
    15 3.880859 -0.043091 0.427490 0.090105 -0.011419 -0.132542
    16 1.719578 0.000023 -0.000021 -0.000005 -0.020423 -0.365964
    17 1.209181 -0.000004 -0.000001 0.000001 -0.011427 -0.216116
    18 3.863281 -0.136475 1.332031 0.320642 -0.041405 -0.125801
    19 1.719431 -0.000023 0.000019 0.000001 -0.106227 -0.347813
    20 1.099676 0.000000 0.000006 0.000004 -0.067955 -0.234890
    21 0.807129 -0.346924 1.320313 -1.243196 -0.551768 -0.740654
    22 1.789787 0.000006 0.000006 -0.000002 -0.003712 0.228604
    23 1.207012 0.000011 0.000000 -0.000001 -0.005667 0.362993
    24 2.035156 0.997070 -1.937500 -1.661572 1.286515 2.950150
    25 6.028144 -0.000011 0.000002 1.920485 0.523989 -0.494484
    26 12.301971 -1.003936 0.937532 0.739600 -0.006138 -1.590279
    27 11.481657 0.000043 0.000019 -1.806497 0.440127 -0.294231
    28 3.858240 -0.131699 1.199994 0.390527 -0.101410 -0.916423
    29 1.312567 0.000000 0.000000 0.094366 -0.148314 -1.023377
    30 0.729362 0.000004 0.000003 0.246478 -0.201514 -1.343121
    31 3.941981 0.050872 0.435162 0.108940 0.058963 -0.470260
    32 1.539089 0.000008 0.000003 0.081999 -0.072597 -1.490925
    33 1.196316 0.000004 0.000005 0.030667 -0.074741 -1.027947
    34 3.880859 -0.047028 -0.427490 -0.079036 0.162996 -0.514648
    35 1.719567 0.000023 0.000016 -0.048600 0.058563 -1.498693
    36 1.209175 0.000008 0.000005 -0.038127 -0.010975 -1.196747
    37 3.867399 -0.148186 -1.324350 -0.424029 0.413272 -0.567318
    38 1.719419 -0.000008 -0.000008 -0.103000 0.275395 -0.995707
    39 1.099667 -0.000004 -0.000001 -0.048647 0.108807 -0.506629
    40 0.807129 -0.358887 -1.316406 1.391888 0.446144 -0.556730
    41 1.789783 -0.000002 -0.000002 0.030300 -0.047271 0.412867
    42 1.207001 0.000009 0.000000 -0.006740 -0.074456 -0.170108
    43 5.073761 -4.063510 -2.918343 3.826595 -0.063832 -1.771607
    44 0.000000 0.196712 0.000000 1.570797 0.000000 0.000001
    45 0.000002 2.032589 0.000000 0.000000 0.000000 0.000000
    46 0.000002 1.571991 0.000000 0.000000 0.000000 0.000000
    47 3.775905 -5.485672 -0.527956 -2.248292 -0.133225 -1.641886
  time 6
    0 -0.000003 -13.531250 -29.421875 1.570792 0.000003 -0.000003
    1 0.000000 3.345131 -2.981898 1.570796 0.083192 1.570795
    2 4.015625 0.000001 0.000000 0.000000 -0.000001 -0.028819
    3 3.520294 0.000005 -0.000006 0.000000 0.000000 0.097311
    4 8.929688 -0.000001 0.000000 0.000000 0.000001 0.186405
    5 2.035156 0.997070 1.937500 1.589735 -1.286517 2.950158
    6 6.028159 -0.000069 0.000009 -1.575890 0.049155 -1.169438
    7 11.692566 0.000046 0.000011 -0.000002 0.000000 -0.060376
    8 11.481682 0.000088 -0.000031 1.568292 -0.038710 0.036026
    9 3.857422 -0.139526 -1.191406 -0.363882 0.112047 -0.355498
    10 1.312565 -0.000008 0.000000 -0.000002 0.054404 -0.409012
    11 0.729366 0.000002 -0.000002 -0.000001 0.040754 -0.240990
    12 3.941406 0.046936 -0.435059 -0.101499 0.042182 -0.269683
    13 1.539091 0.000008 -0.000002 0.000000 0.003737 -0.247812
    14 1.196321 0.000000 -0.000002 -0.000001 0.006168 -0.430818
    15 3.880859 -0.043091 0.427490 0.090105 -0.011419 -0.132542
    16 1.719578 0.000023 -0.000021 -0.000005 -0.020423 -0.365964
    17 1.209181 -0.000004 -0.000001 0.000001 -0.011427 -0.216116
    18 3.863281 -0.136475 1.332031 0.320642 -0.041405 -0.125801
    19 1.719431 -0.000023 0.000019 0.000001 -0.106227 -0.347813
    20 1.099676 0.000000 0.000006 0.000004 -0.067955 -0.234890
    21 0.807129 -0.346924 1.320313 -1.243196 -0.551768 -0.740654
    22 1.789787 0.000006 0.000006 -0.000002 -0.003712 0.228604
    23 1.207012 0.000011 0.000000 -0.000001 -0.005667 0.362993
    24 2.035156 0.997070 -1.937500 -1.661572 1.286515 2.950150
    25 6.028144 -0.000011 0.000002 1.920234 0.523768 -0.494615
    26 12.301971 -1.003936 0.937532 0.739442 -0.006081 -1.590439
    27 11.481657 0.000043 0.000019 -1.806307 0.440348 -0.293800
    28 3.858240 -0.131699 1.199994 0.390527 -0.101410 -0.916423
    29 1.312567 0.000000 0.000000 0.094366 -0.148314 -1.023377
    30 0.729362 0.000004 0.000003 0.246478 -0.201514 -1.343121
    31 3.941981 0.050872 0.435162 0.108940 0.058963 -0.470260
    32 1.539089 0.000008 0.000003 0.081999 -0.072597 -1.490925
    33 1.196316 0.000004 0.000005 0.030667 -0.074741 -1.027947
    34 3.880859 -0.047028 -0.427490 -0.079036 0.162996 -0.514648
    35 1.719567 0.000023 0.000016 -0.048600 0.058563 -1.498693
    36 1.209175 0.000008 0.000005 -0.038127 -0.010975 -1.196747
    37 3.867399 -0.148186 -1.324350 -0.424029 0.413272 -0.567318
    38 1.719419 -0.000008 -0.000008 -0.103000 0.275395 -0.995707
    39 1.099667 -0.000004 -0.000001 -0.048647 0.108807 -0.506629
    40 0.807129 -0.358887 -1.316406 1.391888 0.446144 -0.556730
    41 1.789783 -0.000002 -0.000002 0.030300 -0.047271 0.412855
    42 1.207001 0.000009 0.000000 -0.006740 -0.074456 -0.170108
    43 5.073761 -4.063510 -2.918343 3.826595 -0.063832 -1.771607
    44 0.000000 0.196712 0.000000 1.570797 0.000000 0.000001
    45 0.000002 2.032589 0.000000 0.000000 0.000000 0.000000
    46 0.000002 1.571991 0.000000 0.000000 0.000000 0.000000
    47 3.775905 -5.485672 -0.527956 -2.248292 -0.133225 -1.641886
  time 7
    0 -0.000003 -13.531250 -29.421875 1.570792 0.000003 -0.000003
    1 0.000000 3.345131 -2.981898 1.570796 0.083192 1.570795
    2 4.015625 0.000001 0.000000 0.000000 -0.000001 -0.028819
    3 3.520294 0.000005 -0.000006 0.000000 0.000000 0.097311
    4 8.929688 -0.000001 0.000000 0.000000 0.000001 0.186405
    5 2.035156 0.997070 1.937500 1.589735 -1.286517 2.950158
    6 6.028159 -0.000069 0.000009 -1.575890 0.049155 -1.169438
    7 11.692566 0.000046 0.000011 -0.000002 0.000000 -0.060376
    8 11.481682 0.000088 -0.000031 1.568292 -0.038710 0.036026
    9 3.857422 -0.139526 -1.191406 -0.363882 0.112047 -0.355498
    10 1.312565 -0.000008 0.000000 -0.000002 0.054404 -0.409012
    11 0.729366 0.000002 -0.000002 -0.000001 0.040754 -0.240990
    12 3.941406 0.046936 -0.435059 -0.101499 0.042182 -0.269683
    13 1.539091 0.000008 -0.000002 0.000000 0.003737 -0.247812
    14 1.196321 0.000000 -0.000002 -0.000001 0.006168 -0.430818
    15 3.880859 -0.043091 0.427490 0.090105 -0.011419 -0.132542
    16 1.719578 0.000023 -0.000021 -0.000005 -0.020423 -0.365964
    17 1.209181 -0.000004 -0.000001 0.000001 -0.011427 -0.216116
    18 3.863281 -0.136475 1.332031 0.320642 -0.041405 -0.125801
    19 1.719431 -0.000023 0.000019 0.000001 -0.106227 -0.347813
    20 1.099676 0.000000 0.000006 0.000004 -0.067955 -0.234890
    21 0.807129 -0.346924 1.320313 -1.243196 -0.551768 -0.740654
    22 1.789787 0.000006 0.000006 -0.000002 -0.003712 0.228604
    23 1.207012 0.000011 0.000000 -0.000001 -0.005667 0.362993
    24 2.035156 0.997070 -1.937500 -1.661572 1.286515 2.950150
    25 6.028144 -0.000011 0.000002 1.919934 0.523498 -0.494771
    26 12.301971 -1.003936 0.937532 0.739238 -0.006023 -1.590600
    27 11.481657 0.000043 0.000019 -1.806079 0.440613 -0.293273
    28 3.854334 -0.131699 1.199994 0.390527 -0.101410 -0.916423
    29 1.312567 0.000000 0.000000 0.094366 -0.148314 -1.023377
    30 0.729362 0.000004 0.000003 0.246478 -0.201514 -1.343121
    31 3.941981 0.050872 0.435162 0.108940 0.058963 -0.470260
    32 1.539089 0.000008 0.000003 0.081999 -0.072597 -1.490887
    33 1.196316 0.000004 0.000005 0.030667 -0.074741 -1.027947
    34 3.880859 -0.047028 -0.427490 -0.079036 0.162996 -0.514648
    35 1.719567 0.000023 0.000016 -0.048600 0.058563 -1.498659
    36 1.209175 0.000008 0.000005 -0.038127 -0.010975 -1.196747
    37 3.867399 -0.148186 -1.324350 -0.424017 0.413272 -0.567318
    38 1.719419 -0.000008 -0.000008 -0.103000 0.275395 -0.995707
    39 1.099667 -0.000004 -0.000001 -0.048647 0.108807 -0.506629
    40 0.807129 -0.358887 -1.316406 1.391888 0.446144 -0.556730
    41 1.789783 -0.000002 -0.000002 0.030300 -0.047271 0.412867
    42 1.207001 0.000009 0.000000 -0.006740 -0.074456 -0.170108
    43 5.073761 -4.063510 -2.918343 3.826595 -0.063820 -1.771607
    44 0.000000 0.196712 0.000000 1.570797 0.000000 0.000001
    45 0.000002 2.032589 0.000000 0.000000 0.000000 0.000000
    46 0.000002 1.571991 0.000000 0.000000 0.000000 0.000000
    47 3.775905 -5.485672 -0.527956 -2.248292 -0.133225 -1.641886
  time 8
    0 -0.000003 -13.531250 -29.421875 1.570792 0.000003 -0.000003
    1 0.000000 3.345131 -2.981898 1.570796 0.083192 1.570795
    2 4.015625 0.000001 0.000000 0.000000 -0.000001 -0.028819
    3 3.520294 0.000005 -0.000006 0.000000 0.000000 0.097311
    4 8.929688 -0.000001 0.000000 0.000000 0.000001 0.186405
    5 2.035156 0.997070 1.937500 1.589735 -1.286517 2.950158
    6 6.028159 -0.000069 0.000009 -1.575890 0.049155 -1.169438
    7 11.692566 0.000046 0.000011 -0.000002 0.000000 -0.060376
    8 11.481682 0.000088 -0.000031 1.568292 -0.038710 0.036026
    9 3.857422 -0.139526 -1.191406 -0.363882 0.112047 -0.355498
    10 1.312565 -0.000008 0.000000 -0.000002 0.054404 -0.409012
    11 0.729366 0.000002 -0.000002 -0.000001 0.040754 -0.240990
    12 3.941406 0.046936 -0.435059 -0.101499 0.042182 -0.269683
    13 1.539091 0.000008 -0.000002 0.000000 0.003737 -0.247812
    14 1.196321 0.000000 -0.000002 -0.000001 0.006168 -0.430818
    15 3.880859 -0.043091 0.427490 0.090105 -0.011419 -0.132542
    16 1.719578 0.000023 -0.000021 -0.000005 -0.020423 -0.365964
    17 1.209181 -0.000004 -0.000001 0.000001 -0.011427 -0.216116
    18 3.863281 -0.136475 1.332031 0.320642 -0.041405 -0.125801
    19 1.719431 -0.000023 0.000019 0.000001 -0.106227 -0.347813
    20 1.099676 0.000000 0.000006 0.000004 -0.067955 -0.234890
    21 0.807129 -0.346924 1.320313 -1.243196 -0.551768 -0.740654
    22 1.789787 0.000006 0.000006 -0.000002 -0.003712 0.228604
    23 1.207012 0.000011 0.000000 -0.000001 -0.005667 0.362993
    24 2.035156 0.997070 -1.937500 -1.661572 1.286515 2.950150
    25 6.028144 -0.000011 0.000002 1.919575 0.523203 -0.494951
    26 12.301971 -1.003936 0.937532 0.739013 -0.005937 -1.590814
    27 11.481657 0.000043 0.000019 -1.805832 0.440921 -0.292673
    28 3.854334 -0.131699 1.199994 0.390527 -0.101410 -0.916423
    29 1.312567 0.000000 0.000000 0.094366 -0.148314 -1.023377
    30 0.729362 0.000004 0.000003 0.246478 -0.201514 -1.343121
    31 3.941981 0.050872 0.435162 0.108940 0.058963 -0.470260
    32 1.539089 0.000008 0.000003 0.081999 -0.072597 -1.490925
    33 1.196316 0.000004 0.000005 0.030667 -0.074741 -1.027947
    34 3.880859 -0.047028 -0.427490 -0.079036 0.162996 -0.514648
    35 1.719567 0.000023 0.000016 -0.048600 0.058563 -1.498659
    36 1.209175 0.000008 0.000005 -0.038127 -0.010975 -1.196747
    37 3.867399 -0.148186 -1.324350 -0.424029 0.413272 -0.567318
    38 1.719419 -0.000008 -0.000008 -0.103000 0.275395 -0.995707
    39 1.099667 -0.000004 -0.000001 -0.048647 0.108807 -0.506629
    40 0.807129 -0.358887 -1.316406 1.391888 0.446144 -0.556730
    41 1.789783 -0.000002 -0.000002 0.030300 -0.047271 0.412855
    42 1.207001 0.000009 0.000000 -0.006740 -0.074456 -0.170108
    43 5.073761 -4.063510 -2.918343 3.826595 -0.063820 -1.771607
    44 0.000000 0.196712 0.000000 1.570797 0.000000 0.000001
    45 0.000002 2.032589 0.000000 0.000000 0.000000 0.000000
    46 0.000002 1.571991 0.000000 0.000000 0.000000 0.000000
    47 3.775905 -5.485672 -0.527956 -2.248292 -0.133225 -1.641886
  time 9
    0 -0.000003 -13.531250 -29.421875 1.570792 0.000003 -0.000003
    1 0.000000 3.345131 -2.981898 1.570796 0.083192 1.570795
    2 4.015625 0.000001 0.000000 0.000000 -0.000001 -0.028819
    3 3.520294 0.000005 -0.000006 0.000000 0.000000 0.097311
    4 8.929688 -0.000001 0.000000 0.000000 0.000001 0.186405
    5 2.035156 0.997070 1.937500 1.589735 -1.286517 2.950158
    6 6.028159 -0.000069 0.000009 -1.575890 0.049155 -1.169438
    7 11.692566 0.000046 0.000011 -0.000002 0.000000 -0.060376
    8 11.481682 0.000088 -0.000031 1.568292 -0.038710 0.036026
    9 3.857422 -0.139526 -1.191406 -0.363882 0.112047 -0.355498
    10 1.312565 -0.000008 0.000000 -0.000002 0.054404 -0.409012
    11 0.729366 0.000002 -0.000002 -0.000001 0.040754 -0.240990
    12 3.941406 0.046936 -0.435059 -0.101499 0.042182 -0.269683
    13 1.539091 0.000008 -0.000002 0.000000 0.003737 -0.247812
    14 1.196321 0.000000 -0.000002 -0.000001 0.006168 -0.430818
    15 3.880859 -0.043091 0.427490 0.090105 -0.011419 -0.132542
    16 1.719578 0.000023 -0.000021 -0.000005 -0.020423 -0.365964
    17 1.209181 -0.000004 -0.000001 0.000001 -0.011427 -0.216116
    18 3.863281 -0.136475 1.332031 0.320642 -0.041405 -0.125801
    19 1.719431 -0.000023 0.000019 0.000001 -0.106227 -0.347813
    20 1.099676 0.000000 0.000006 0.000004 -0.067955 -0.234890
    21 0.807129 -0.346924 1.320313 -1.243196 -0.551768 -0.740654
    22 1.789787 0.000006 0.000006 -0.000002 -0.003712 0.228604
    23 1.207012 0.000011 0.000000 -0.000001 -0.005667 0.362993
    24 2.035156 0.997070 -1.937500 -1.661572 1.286515 2.950150
    25 6.028144 -0.000011 0.000002 1.919179 0.522834 -0.495155
    26 12.301971 -1.003936 0.937532 0.738764 -0.005850 -1.591027
    27 11.481657 0.000043 0.000019 -1.805528 0.441274 -0.291990
    28 3.854334 -0.131699 1.199994 0.390527 -0.101410 -0.916423
    29 1.312567 0.000000 0.000000 0.094366 -0.148314 -1.023377
    30 0.729362 0.000004 0.000003 0.246478 -0.201514 -1.343121
    31 3.941981 0.050872 0.435162 0.108940 0.058963 -0.470260
    32 1.539089 0.000008 0.000003 0.081999 -0.072597 -1.490887
    33 1.196316 0.000004 0.000005 0.030667 -0.074741 -1.027947
    34 3.880859 -0.047028 -0.427490 -0.079036 0.162996 -0.514648
    35 1.719567 0.000023 0.000016 -0.048600 0.058563 -1.498659
    36 1.209175 0.000008 0.000005 -0.038127 -0.010975 -1.196747
    37 3.863493 -0.148186 -1.324350 -0.424029 0.413272 -0.567318
    38 1.719419 -0.000008 -0.000008 -0.103000 0.275395 -0.995707
    39 1.099667 -0.000004 -0.000001 -0.048647 0.108807 -0.506629
    40 0.807129 -0.358887 -1.316406 1.391888 0.446144 -0.556730
    41 1.789783 -0.000002 -0.000002 0.030300 -0.047271 0.412855
    42 1.207001 0.000009 0.000000 -0.006740 -0.074456 -0.170108
    43 5.073761 -4.063510 -2.918343 3.826595 -0.063832 -1.771607
    44 0.000000 0.196712 0.000000 1.570797 0.000000 0.000001
    45 0.000002 2.032589 0.000000 0.000000 0.000000 0.000000
    46 0.000002 1.571991 0.000000 0.000000 0.000000 0.000000
    47 3.775905 -5.485672 -0.527956 -2.248292 -0.133225 -1.641886
  time 10
    0 -0.000003 -13.531250 -29.421875 1.570792 0.000003 -0.000003
    1 0.000000 3.345131 -2.981898 1.570796 0.083192 1.570795
    2 4.015625 0.000001 0.000000 0.000000 -0.000001 -0.028819
    3 3.520294 0.000005 -0.000006 0.000000 0.000000 0.097311
    4 8.929688 -0.000001 0.000000 0.000000 0.000001 0.186405
    5 2.035156 0.997070 1.937500 1.589735 -1.286517 2.950158
    6 6.028159 -0.000069 0.000009 -1.575890 0.049155 -1.169438
    7 11.692566 0.000046 0.000011 -0.000002 0.000000 -0.060376
    8 11.481682 0.000088 -0.000031 1.568292 -0.038710 0.036026
    9 3.857422 -0.139526 -1.191406 -0.363882 0.112047 -0.355498
    10 1.312565 -0.000008 0.000000 -0.000002 0.054404 -0.409012
    11 0.729366 0.000002 -0.000002 -0.000001 0.040754 -0.240990
    12 3.941406 0.046936 -0.435059 -0.101499 0.042182 -0.269683
    13 1.539091 0.000008 -0.000002 0.000000 0.003737 -0.247812
    14 1.196321 0.000000 -0.000002 -0.000001 0.006168 -0.430818
    15 3.880859 -0.043091 0.427490 0.090105 -0.011419 -0.132542
    16 1.719578 0.000023 -0.000021 -0.000005 -0.020423 -0.365964
    17 1.209181 -0.000004 -0.000001 0.000001 -0.011427 -0.216116
    18 3.863281 -0.136475 1.332031 0.320642 -0.041405 -0.125801
    19 1.719431 -0.000023 0.000019 0.000001 -0.106227 -0.347813
    20 1.099676 0.000000 0.000006 0.000004 -0.067955 -0.234890
    21 0.807129 -0.346924 1.320313 -1.243196 -0.551768 -0.740654
    22 1.789787 0.000006 0.000006 -0.000002 -0.003712 0.228604
    23 1.207012 0.000011 0.000000 -0.000001 -0.005667 0.362993
    24 2.035156 0.997070 -1.937500 -1.661572 1.286515 2.950150
    25 6.028144 -0.000011 0.000002 1.918736 0.522466 -0.495382
    26 12.301971 -1.003936 0.937532 0.738493 -0.005764 -1.591295
    27 11.481657 0.000043 0.000019 -1.805204 0.441657 -0.291235
    28 3.854334 -0.131699 1.199994 0.390527 -0.101410 -0.916423
    29 1.312567 0.000000 0.000000 0.094366 -0.148314 -1.023377
    30 0.729362 0.000004 0.000003 0.246478 -0.201514 -1.343121
    31 3.941981 0.050872 0.435162 0.108940 0.058963 -0.470260
    32 1.539089 0.000008 0.000003 0.081999 -0.072597 -1.490925
    33 1.196316 0.000004 0.000005 0.030667 -0.074741 -1.027947
    34 3.880859 -0.047028 -0.427490 -0.079036 0.162996 -0.514648
    35 1.719567 0.000023 0.000016 -0.048600 0.058563 -1.498659
    36 1.209175 0.000008 0.000005 -0.038127 -0.010975 -1.196747
    37 3.867399 -0.148186 -1.324350 -0.424029 0.413272 -0.567318
    38 1.719419 -0.000008 -0.000008 -0.103000 0.275395 -0.995707
    39 1.099667 -0.000004 -0.000001 -0.048647 0.108807 -0.506629
    40 0.807129 -0.358887 -1.316406 1.391888 0.446144 -0.556730
    41 1.789783 -0.000002 -0.000002 0.030300 -0.047271 0.412855
    42 1.207001 0.000009 0.000000 -0.006740 -0.074456 -0.170108
    43 5.073761 -4.063510 -2.918343 3.826595 -0.063820 -1.771607
    44 0.000000 0.196712 0.000000 1.570797 0.000000 0.000001
    45 0.000002 2.032589 0.000000 0.000000 0.000000 0.000000
    46 0.000002 1.571991 0.000000 0.000000 0.000000 0.000000
    47 3.775905 -5.485672 -0.527956 -2.248292 -0.133225 -1.641886
  time 11
    0 -0.000003 -13.531250 -29.421875 1.570792 0.000003 -0.000003
    1 0.000000 3.345131 -2.981898 1.570796 0.083192 1.570795
    2 4.015625 0.000001 0.000000 0.000000 -0.000001 -0.028819
    3 3.520294 0.000005 -0.000006 0.000000 0.000000 0.097311
    4 8.929688 -0.000001 0.000000 0.000000 0.000001 0.186405
    5 2.035156 0.997070 1.937500 1.589735 -1.286517 2.950158
    6 6.028159 -0.000069 0.000009 -1.575890 0.049155 -1.169438
    7 11.692566 0.000046 0.000011 -0.000002 0.000000 -0.060376
    8 11.481682 0.000088 -0.000031 1.568292 -0.038710 0.036026
    9 3.857422 -0.139526 -1.191406 -0.363882 0.112047 -0.355498
    10 1.312565 -0.000008 0.000000 -0.000002 0.054404 -0.409012
    11 0.729366 0.000002 -0.000002 -0.000001 0.040754 -0.240990
    12 3.941406 0.046936 -0.435059 -0.101499 0.042182 -0.269683
    13 1.539091 0.000008 -0.000002 0.000000 0.003737 -0.247812
    14 1.196321 0.000000 -0.000002 -0.000001 0.006168 -0.430818
    15 3.880859 -0.043091 0.427490 0.090105 -0.011419 -0.132542
    16 1.719578 0.000023 -0.000021 -0.000005 -0.020423 -0.365964
    17 1.209181 -0.000004 -0.000001 0.000001 -0.011427 -0.216116
    18 3.863281 -0.136475 1.332031 0.320642 -0.041405 -0.125801
    19 1.719431 -0.000023 0.000019 0.000001 -0.106227 -0.347813
    20 1.099676 0.000000 0.000006 0.000004 -0.067955 -0.234890
    21 0.807129 -0.346924 1.320313 -1.243196 -0.551768 -0.740654
    22 1.789787 0.000006 0.000006 -0.000002 -0.003712 0.228604
    23 1.207012 0.000011 0.000000 -0.000001 -0.005667 0.362993
    24 2.035156 0.997070 -1.937500 -1.661572 1.286515 2.950150
    25 6.028144 -0.000011 0.000002 1.918244 0.522023 -0.495634
    26 12.301971 -1.003936 0.937532 0.738177 -0.005648 -1.591562
    27 11.481657 0.000043 0.000019 -1.804824 0.442083 -0.290384
    28 3.858240 -0.131699 1.199994 0.390527 -0.101410 -0.916423
    29 1.312567 0.000000 0.000000 0.094366 -0.148314 -1.023377
    30 0.729362 0.000004 0.000003 0.246478 -0.201514 -1.343121
    31 3.941981 0.050872 0.435162 0.108940 0.058963 -0.470260
    32 1.539089 0.000008 0.000003 0.081999 -0.072597 -1.490925
    33 1.196316 0.000004 0.000005 0.030667 -0.074741 -1.027947
    34 3.880859 -0.047028 -0.427490 -0.079036 0.162996 -0.514648
    35 1.719567 0.000023 0.000016 -0.048600 0.058563 -1.498693
    36 1.209175 0.000008 0.000005 -0.038127 -0.010975 -1.196747
    37 3.867399 -0.148186 -1.324350 -0.424029 0.413272 -0.567318
    38 1.719419 -0.000008 -0.000008 -0.103000 0.275395 -0.995707
    39 1.099667 -0.000004 -0.000001 -0.048647 0.108807 -0.506629
    40 0.807129 -0.358887 -1.316406 1.391888 0.446144 -0.556730
    41 1.789783 -0.000002 -0.000002 0.030300 -0.047271 0.412855
    42 1.207001 0.000009 0.000000 -0.006740 -0.074456 -0.170108
    43 5.073761 -4.063510 -2.918343 3.826595 -0.063820 -1.771607
    44 0.000000 0.196712 0.000000 1.570797 0.000000 0.000001
    45 0.000002 2.032589 0.000000 0.000000 0.000000 0.000000
    46 0.000002 1.571991 0.000000 0.000000 0.000000 0.000000
    47 3.775905 -5.485672 -0.527956 -2.248292 -0.133225 -1.641886
  time 12
    0 -0.000003 -13.531250 -29.421875 1.570792 0.000003 -0.000003
    1 0.000000 3.345131 -2.981898 1.570796 0.083192 1.570795
    2 4.015625 0.000001 0.000000 0.000000 -0.000001 -0.028819
    3 3.520294 0.000005 -0.000006 0.000000 0.000000 0.097311
    4 8.929688 -0.000001 0.000000 0.000000 0.000001 0.186405
    5 2.035156 0.997070 1.937500 1.589735 -1.286517 2.950158
    6 6.028159 -0.000069 0.000009 -1.575890 0.049155 -1.169438
    7 11.692566 0.000046 0.000011 -0.000002 0.000000 -0.060376
    8 11.481682 0.000088 -0.000031 1.568292 -0.038710 0.036026
    9 3.857422 -0.139526 -1.191406 -0.363882 0.112047 -0.355498
    10 1.312565 -0.000008 0.000000 -0.000002 0.054404 -0.409012
    11 0.729366 0.000002 -0.000002 -0.000001 0.040754 -0.240990
    12 3.941406 0.046936 -0.435059 -0.101499 0.042182 -0.269683
    13 1.539091 0.000008 -0.000002 0.000000 0.003737 -0.247812
    14 1.196321 0.000000 -0.000002 -0.000001 0.006168 -0.430818
    15 3.880859 -0.043091 0.427490 0.090105 -0.011419 -0.132542
    16 1.719578 0.000023 -0.000021 -0.000005 -0.020423 -0.365964
    17 1.209181 -0.000004 -0.000001 0.000001 -0.011427 -0.216116
    18 3.863281 -0.136475 1.332031 0.320642 -0.041405 -0.125801
    19 1.719431 -0.000023 0.000019 0.000001 -0.106227 -0.347813
    20 1.099676 0.000000 0.000006 0.000004 -0.067955 -0.234890
    21 0.807129 -0.346924 1.320313 -1.243196 -0.551768 -0.740654
    22 1.789787 0.000006 0.000006 -0.000002 -0.003712 0.228604
    23 1.207012 0.000011 0.000000 -0.000001 -0.005667 0.362993
    24 2.035156 0.997070 -1.937500 -1.661572 1.286515 2.950150
    25 6.028144 -0.000011 0.000002 1.917705 0.521556 -0.495910
    26 12.301971 -1.003936 0.937532 0.737838 -0.005533 -1.591829
    27 11.481657 0.000043 0.000019 -1.804425 0.442554 -0.289461
    28 3.858240 -0.131699 1.199994 0.390527 -0.101410 -0.916441
    29 1.312567 0.000000 0.000000 0.094366 -0.148314 -1.023377
    30 0.729362 0.000004 0.000003 0.246478 -0.201514 -1.343121
    31 3.941981 0.050872 0.435162 0.108940 0.058963 -0.470260
    32 1.539089 0.000008 0.000003 0.081999 -0.072597 -1.490925
    33 1.196316 0.000004 0.000005 0.030667 -0.074741 -1.027947
    34 3.880859 -0.047028 -0.427490 -0.079036 0.162996 -0.514648
    35 1.719567 0.000023 0.000016 -0.048600 0.058551 -1.498659
    36 1.209175 0.000008 0.000005 -0.038127 -0.010975 -1.196747
    37 3.867399 -0.148186 -1.324350 -0.424029 0.413272 -0.567318
    38 1.719419 -0.000008 -0.000008 -0.103000 0.275395 -0.995707
    39 1.099667 -0.000004 -0.000001 -0.048647 0.108807 -0.506629
    40 0.807129 -0.358887 -1.316406 1.391888 0.446144 -0.556730
    41 1.789783 -0.000002 -0.000002 0.030300 -0.047271 0.412855
    42 1.207001 0.000009 0.000000 -0.006740 -0.074456 -0.170108
    43 5.073761 -4.063510 -2.918343 3.826595 -0.063832 -1.771607
    44 0.000000 0.196712 0.000000 1.570797 0.000000 0.000001
    45 0.000002 2.032589 0.000000 0.000000 0.000000 0.000000
    46 0.000002 1.571991 0.000000 0.000000 0.000000 0.000000
    47 3.775905 -5.485672 -0.527956 -2.248292 -0.133225 -1.641886
  time 13
    0 -0.000003 -13.531250 -29.421875 1.570792 0.000003 -0.000003
    1 0.000000 3.345131 -2.981898 1.570796 0.083192 1.570795
    2 4.015625 0.000001 0.000000 0.000000 -0.000001 -0.028819
    3 3.520294 0.000005 -0.000006 0.000000 0.000000 0.097311
    4 8.929688 -0.000001 0.000000 0.000000 0.000001 0.186405
    5 2.035156 0.997070 1.937500 1.589735 -1.286517 2.950158
    6 6.028159 -0.000069 0.000009 -1.575890 0.049155 -1.169438
    7 11.692566 0.000046 0.000011 -0.000002 0.000000 -0.060376
    8 11.481682 0.000088 -0.000031 1.568292 -0.038710 0.036026
    9 3.857422 -0.139526 -1.191406 -0.363882 0.112047 -0.355498
    10 1.312565 -0.000008 0.000000 -0.000002 0.054404 -0.409012
    11 0.729366 0.000002 -0.000002 -0.000001 0.040754 -0.240990
    12 3.941406 0.046936 -0.435059 -0.101499 0.042182 -0.269683
    13 1.539091 0.000008 -0.000002 0.000000 0.003737 -0.247812
    14 1.196321 0.000000 -0.000002 -0.000001 0.006168 -0.430818
    15 3.880859 -0.043091 0.427490 0.090105 -0.011419 -0.132542
    16 1.719578 0.000023 -0.000021 -0.000005 -0.020423 -0.365964
    17 1.209181 -0.000004 -0.000001 0.000001 -0.011427 -0.216116
    18 3.863281 -0.136475 1.332031 0.320642 -0.041405 -0.125801
    19 1.719431 -0.000023 0.000019 0.000001 -0.106227 -0.347813
    20 1.099676 0.000000 0.000006 0.000004 -0.067955 -0.234890
    21 0.807129 -0.346924 1.320313 -1.243196 -0.551768 -0.740654
    22 1.789787 0.000006 0.000006 -0.000002 -0.003712 0.228604
    23 1.207012 0.000011 0.000000 -0.000001 -0.005667 0.362993
    24 2.035156 0.997070 -1.937500 -1.661572 1.286515 2.950150
    25 6.028144 -0.000011 0.000002 1.917118 0.521065 -0.496197
    26 12.301971 -1.003936 0.937532 0.737454 -0.005404 -1.592150
    27 11.481657 0.000043 0.000019 -1.803988 0.443068 -0.288455
    28 3.854334 -0.131699 1.199994 0.390527 -0.101410 -0.916423
    29 1.312567 0.000000 0.000000 0.094366 -0.148314 -1.023377
    30 0.729362 0.000004 0.000003 0.246478 -0.201514 -1.343121
    31 3.941981 0.050872 0.435162 0.108940 0.058963 -0.470260
    32 1.539089 0.000008 0.000003 0.081999 -0.072597 -1.490925
    33 1.196316 0.000004 0.000005 0.030667 -0.074741 -1.027947
    34 3.880859 -0.047028 -0.427490 -0.079036 0.162996 -0.514648
    35 1.719567 0.000023 0.000016 -0.048600 0.058551 -1.498693
    36 1.209175 0.000008 0.000005 -0.038127 -0.010975 -1.196747
    37 3.867399 -0.148186 -1.324350 -0.424029 0.413272 -0.567318
    38 1.719419 -0.000008 -0.000008 -0.103000 0.275395 -0.995726
    39 1.099667 -0.000004 -0.000001 -0.048647 0.108807 -0.506629
    40 0.807129 -0.358887 -1.316406 1.391888 0.446144 -0.556730
    41 1.789783 -0.000002 -0.000002 0.030300 -0.047271 0.412855
    42 1.207001 0.000009 0.000000 -0.006740 -0.074456 -0.170108
    43 5.073761 -4.063510 -2.918343 3.826595 -0.063832 -1.771607
    44 0.000000 0.196712 0.000000 1.570797 0.000000 0.000001
    45 0.000002 2.032589 0.000000 0.000000 0.000000 0.000000
    46 0.000002 1.571991 0.000000 0.000000 0.000000 0.000000
    47 3.775905 -5.485672 -0.527956 -2.248292 -0.133225 -1.641886
  time 14
    0 -0.000003 -13.531250 -29.421875 1.570792 0.000003 -0.000003
    1 0.000000 3.345131 -2.981898 1.570796 0.083192 1.570795
    2 4.015625 0.000001 0.000000 0.000000 -0.000001 -0.028819
    3 3.520294 0.000005 -0.000006 0.000000 0.000000 0.097311
    4 8.929688 -0.000001 0.000000 0.000000 0.000001 0.186405
    5 2.035156 0.997070 1.937500 1.589735 -1.286517 2.950158
    6 6.028159 -0.000069 0.000009 -1.575890 0.049155 -1.169438
    7 11.692566 0.000046 0.000011 -0.000002 0.000000 -0.060376
    8 11.481682 0.000088 -0.000031 1.568292 -0.038710 0.036026
    9 3.857422 -0.139526 -1.191406 -0.363882 0.112047 -0.355498
    10 1.312565 -0.000008 0.000000 -0.000002 0.054404 -0.409012
    11 0.729366 0.000002 -0.000002 -0.000001 0.040754 -0.240990
    12 3.941406 0.046936 -0.435059 -0.101499 0.042182 -0.269683
    13 1.539091 0.000008 -0.000002 0.000000 0.003737 -0.247812
    14 1.196321 0.000000 -0.000002 -0.000001 0.006168 -0.430818
    15 3.880859 -0.043091 0.427490 0.090105 -0.011419 -0.132542
    16 1.719578 0.000023 -0.000021 -0.000005 -0.020423 -0.365964
    17 1.209181 -0.000004 -0.000001 0.000001 -0.011427 -0.216116
    18 3.863281 -0.136475 1.332031 0.320642 -0.041405 -0.125801
    19 1.719431 -0.000023 0.000019 0.000001 -0.106227 -0.347813
    20 1.099676 0.000000 0.000006 0.000004 -0.067955 -0.234890
    21 0.807129 -0.346924 1.320313 -1.243196 -0.551768 -0.740654
    22 1.789787 0.000006 0.000006 -0.000002 -0.003712 0.228604
    23 1.207012 0.000011 0.000000 -0.000001 -0.005667 0.362993
    24 2.035156 0.997070 -1.937500 -1.661572 1.286515 2.950150
    25 6.028144 -0.000011 0.000002 1.916483 0.520524 -0.496521
    26 12.301971 -1.003936 0.937532 0.737048 -0.005259 -1.592524
    27 11.481657 0.000043 0.000019 -1.803512 0.443627 -0.287376
    28 3.854334 -0.131699 1.199994 0.390527 -0.101410 -0.916423
    29 1.312567 0.000000 0.000000 0.094366 -0.148314 -1.023377
    30 0.729362 0.000004 0.000003 0.246478 -0.201514 -1.343121
    31 3.941981 0.050872 0.435162 0.108940 0.058963 -0.470260
    32 1.539089 0.000008 0.000003 0.081999 -0.072597 -1.490887
    33 1.196316 0.000004 0.000005 0.030667 -0.074741 -1.027947
    34 3.880859 -0.047028 -0.427490 -0.079036 0.162996 -0.514648
    35 1.719567 0.000023 0.000016 -0.048600 0.058563 -1.498659
    36 1.209175 0.000008 0.000005 -0.038127 -0.010975 -1.196747
    37 3.867399 -0.148186 -1.324350 -0.424029 0.413272 -0.567318
    38 1.719419 -0.000008 -0.000008 -0.103000 0.275395 -0.995707
    39 1.099667 -0.000004 -0.000001 -0.048647 0.108807 -0.506629
    40 0.807129 -0.358887 -1.316406 1.391888 0.446144 -0.556730
    41 1.789783 -0.000002 -0.000002 0.030300 -0.047271 0.412855
    42 1.207001 0.000009 0.000000 -0.006740 -0.074456 -0.170108
    43 5.073761 -4.063510 -2.918343 3.826595 -0.063832 -1.771607
    44 0.000000 0.196712 0.000000 1.570797 0.000000 0.000001
    45 0.000002 2.032589 0.000000 0.000000 0.000000 0.000000
    46 0.000002 1.571991 0.000000 0.000000 0.000000 0.000000
    47 3.775905 -5.485672 -0.527956 -2.248292 -0.133225 -1.641886
  time 15
    0 -0.000003 -13.531250 -29.421875 1.570792 0.000003 -0.000003
    1 0.000000 3.345131 -2.981898 1.570796 0.083192 1.570795
    2 4.015625 0.000001 0.000000 0.000000 -0.000001 -0.028819
    3 3.520294 0.000005 -0.000006 0.000000 0.000000 0.097311
    4 8.929688 -0.000001 0.000000 0.000000 0.000001 0.186405
    5 2.035156 0.997070 1.937500 1.589735 -1.286517 2.950158
    6 6.028159 -0.000069 0.000009 -1.575890 0.049155 -1.169438
    7 11.692566 0.000046 0.000011 -0.000002 0.000000 -0.060376
    8 11.481682 0.000088 -0.000031 1.568292 -0.038710 0.036026
    9 3.857422 -0.139526 -1.191406 -0.363882 0.112047 -0.355498
    10 1.312565 -0.000008 0.000000 -0.000002 0.054404 -0.409012
    11 0.729366 0.000002 -0.000002 -0.000001 0.040754 -0.240990
    12 3.941406 0.046936 -0.435059 -0.101499 0.042182 -0.269683
    13 1.539091 0.000008 -0.000002 0.000000 0.003737 -0.247812
    14 1.196321 0.000000 -0.000002 -0.000001 0.006168 -0.430818
    15 3.880859 -0.043091 0.427490 0.090105 -0.011419 -0.132542
    16 1.719578 0.000023 -0.000021 -0.000005 -0.020423 -0.365964
    17 1.209181 -0.000004 -0.000001 0.000001 -0.011427 -0.216116
    18 3.863281 -0.136475 1.332031 0.320642 -0.041405 -0.125801
    19 1.719431 -0.000023 0.000019 0.000001 -0.106227 -0.347813
    20 1.099676 0.000000 0.000006 0.000004 -0.067955 -0.234890
    21 0.807129 -0.346924 1.320313 -1.243196 -0.551768 -0.740654
    22 1.789787 0.000006 0.000006 -0.000002 -0.003712 0.228604
    23 1.207012 0.000011 0.000000 -0.000001 -0.005667 0.362993
    24 2.035156 0.997070 -1.937500 -1.661572 1.286515 2.950150
    25 6.028144 -0.000011 0.000002 1.915811 0.519934 -0.496869
    26 12.301971 -1.003936 0.937532 0.736619 -0.005115 -1.592898
    27 11.481657 0.000043 0.000019 -1.803018 0.444215 -0.286214
    28 3.854334 -0.131699 1.199994 0.390527 -0.101410 -0.916423
    29 1.312567 0.000000 0.000000 0.094366 -0.148314 -1.023377
    30 0.729362 0.000004 0.000003 0.246478 -0.201514 -1.343121
    31 3.941981 0.050872 0.435162 0.108940 0.058963 -0.470260
    32 1.539089 0.000008 0.000003 0.081999 -0.072597 -1.490925
    33 1.196316 0.000004 0.000005 0.030667 -0.074741 -1.027947
    34 3.880859 -0.047028 -0.427490 -0.079036 0.162996 -0.514648
    35 1.719567 0.000023 0.000016 -0.048600 0.058563 -1.498659
    36 1.209175 0.000008 0.000005 -0.038127 -0.010975 -1.196747
    37 3.867399 -0.148186 -1.324350 -0.424029 0.413272 -0.567318
    38 1.719419 -0.000008 -0.000008 -0.103000 0.275395 -0.995707
    39 1.099667 -0.000004 -0.000001 -0.048647 0.108807 -0.506629
    40 0.807129 -0.358887 -1.316406 1.391888 0.446144 -0.556730
    41 1.789783 -0.000002 -0.000002 0.030300 -0.047271 0.412855
    42 1.207001 0.000009 0.000000 -0.006740 -0.074456 -0.170108
    43 5.073761 -4.063510 -2.918343 3.826595 -0.063832 -1.771607
    44 0.000000 0.196712 0.000000 1.570797 0.000000 0.000001
    45 0.000002 2.032589 0.000000 0.000000 0.000000 0.000000
    46 0.000002 1.571991 0.000000 0.000000 0.000000 0.000000
    47 3.775905 -5.485672 -0.527956 -2.248292 -0.133225 -1.641886
  time 16
    0 -0.000003 -13.531250 -29.421875 1.570792 0.000003 -0.000003
    1 0.000000 3.345131 -2.981898 1.570796 0.083192 1.570795
    2 4.015625 0.000001 0.000000 0.000000 -0.000001 -0.028819
    3 3.520294 0.000005 -0.000006 0.000000 0.000000 0.097311
    4 8.929688 -0.000001 0.000000 0.000000 0.000001 0.186405
    5 2.035156 0.997070 1.937500 1.589735 -1.286517 2.950158
    6 6.028159 -0.000069 0.000009 -1.575890 0.049155 -1.169438
    7 11.692566 0.000046 0.000011 -0.000002 0.000000 -0.060376
    8 11.481682 0.000088 -0.000031 1.568292 -0.038710 0.036026
    9 3.857422 -0.139526 -1.191406 -0.363882 0.112047 -0.355498
    10 1.312565 -0.000008 0.000000 -0.000002 0.054404 -0.409012
    11 0.729366 0.000002 -0.000002 -0.000001 0.040754 -0.240990
    12 3.941406 0.046936 -0.435059 -0.101499 0.042182 -0.269683
    13 1.539091 0.000008 -0.000002 0.000000 0.003737 -0.247812
    14 1.196321 0.000000 -0.000002 -0.000001 0.006168 -0.430818
    15 3.880859 -0.043091 0.427490 0.090105 -0.011419 -0.132542
    16 1.719578 0.000023 -0.000021 -0.000005 -0.020423 -0.365964
    17 1.209181 -0.000004 -0.000001 0.000001 -0.011427 -0.216116
    18 3.863281 -0.136475 1.332031 0.320642 -0.041405 -0.125801
    19 1.719431 -0.000023 0.000019 0.000001 -0.106227 -0.347813
    20 1.099676 0.000000 0.000006 0.000004 -0.067955 -0.234890
    21 0.807129 -0.346924 1.320313 -1.243196 -0.551768 -0.740654
    22 1.789787 0.000006 0.000006 -0.000002 -0.003712 0.228604
    23 1.207012 0.000011 0.000000 -0.000001 -0.005667 0.362993
    24 2.035156 0.997070 -1.937500 -1.661572 1.286515 2.950150
    25 6.028144 -0.000011 0.000002 1.915092 0.519295 -0.497228
    26 12.301971 -1.003936 0.937532 0.736167 -0.004957 -1.593273
    27 11.481657 0.000043 0.000019 -1.802467 0.444848 -0.284967
    28 3.854334 -0.131699 1.199994 0.390527 -0.101410 -0.916423
    29 1.312567 0.000000 0.000000 0.094366 -0.148314 -1.023377
    30 0.729362 0.000004 0.000003 0.246478 -0.201514 -1.343121
    31 3.941981 0.050872 0.435162 0.108940 0.058963 -0.470260
    32 1.539089 0.000008 0.000003 0.081999 -0.072597 -1.490887
    33 1.196316 0.000004 0.000005 0.030667 -0.074741 -1.027947
    34 3.880859 -0.047028 -0.427490 -0.079036 0.162996 -0.514648
    35 1.719567 0.000023 0.000016 -0.048600 0.058551 -1.498659
    36 1.209175 0.000008 0.000005 -0.038127 -0.010975 -1.196747
    37 3.867399 -0.148186 -1.324350 -0.424029 0.413260 -0.567318
    38 1.719419 -0.000008 -0.000008 -0.103000 0.275395 -0.995707
    39 1.099667 -0.000004 -0.000001 -0.048647 0.108807 -0.506629
    40 0.807129 -0.358887 -1.316406 1.391888 0.446144 -0.556730
    41 1.789783 -0.000002 -0.000002 0.030300 -0.047271 0.412855
    42 1.207001 0.000009 0.000000 -0.006740 -0.074456 -0.170108
    43 5.073761 -4.063510 -2.918343 3.826665 -0.063832 -1.771607
    44 0.000000 0.196712 0.000000 1.570797 0.000000 0.000001
    45 0.000002 2.032589 0.000000 0.000000 0.000000 0.000000
    46 0.000002 1.571991 0.000000 0.000000 0.000000 0.000000
    47 3.775905 -5.485672 -0.527956 -2.248292 -0.133225 -1.641886
  time 17
    0 -0.000003 -13.531250 -29.421875 1.570792 0.000003 -0.000003
    1 0.000000 3.345131 -2.981898 1.570796 0.083192 1.570795
    2 4.015625 0.000001 0.000000 0.000000 -0.000001 -0.028819
    3 3.520294 0.000005 -0.000006 0.000000 0.000000 0.097311
    4 8.929688 -0.000001 0.000000 0.000000 0.000001 0.186405
    5 2.035156 0.997070 1.937500 1.589735 -1.286517 2.950158
    6 6.028159 -0.000069 0.000009 -1.575890 0.049155 -1.169438
    7 11.692566 0.000046 0.000011 -0.000002 0.000000 -0.060376
    8 11.481682 0.000088 -0.000031 1.568292 -0.038710 0.036026
    9 3.857422 -0.139526 -1.191406 -0.363882 0.112047 -0.355498
    10 1.312565 -0.000008 0.000000 -0.000002 0.054404 -0.409012
    11 0.729366 0.000002 -0.000002 -0.000001 0.040754 -0.240990
    12 3.941406 0.046936 -0.435059 -0.101499 0.042182 -0.269683
    13 1.539091 0.000008 -0.000002 0.000000 0.003737 -0.247812
    14 1.196321 0.000000 -0.000002 -0.000001 0.006168 -0.430818
    15 3.880859 -0.043091 0.427490 0.090105 -0.011419 -0.132542
    16 1.719578 0.000023 -0.000021 -0.000005 -0.020423 -0.365964
    17 1.209181 -0.000004 -0.000001 0.000001 -0.011427 -0.216116
    18 3.863281 -0.136475 1.332031 0.320642 -0.041405 -0.125801
    19 1.719431 -0.000023 0.000019 0.000001 -0.106227 -0.347813
    20 1.099676 0.000000 0.000006 0.000004 -0.067955 -0.234890
    21 0.807129 -0.346924 1.320313 -1.243196 -0.551768 -0.740654
    22 1.789787 0.000006 0.000006 -0.000002 -0.003712 0.228604
    23 1.207012 0.000011 0.000000 -0.000001 -0.005667 0.362993
    24 2.035156 0.997070 -1.937500 -1.661572 1.286515 2.950150
    25 6.028144 -0.000011 0.000002 1.914325 0.518632 -0.497624
    26 12.301971 -1.003936 0.937532 0.735670 -0.004798 -1.593700
    27 11.481657 0.000043 0.000019 -1.801897 0.445509 -0.283649
    28 3.854334 -0.131699 1.199994 0.390527 -0.101410 -0.916423
    29 1.312567 0.000000 0.000000 0.094366 -0.148314 -1.023377
    30 0.729362 0.000004 0.000003 0.246466 -0.201514 -1.343121
    31 3.941981 0.050872 0.435162 0.108940 0.058963 -0.470260
    32 1.539089 0.000008 0.000003 0.081999 -0.072597 -1.490887
    33 1.196316 0.000004 0.000005 0.030667 -0.074741 -1.027947
    34 3.880859 -0.047028 -0.427490 -0.079036 0.162996 -0.514648
    35 1.719567 0.000023 0.000016 -0.048600 0.058563 -1.498659
    36 1.209175 0.000008 0.000005 -0.038127 -0.010975 -1.196747
    37 3.867399 -0.148186 -1.324350 -0.424017 0.413272 -0.567318
    38 1.719419 -0.000008 -0.000008 -0.103000 0.275395 -0.995707
    39 1.099667 -0.000004 -0.000001 -0.048647 0.108807 -0.506629
    40 0.807129 -0.358887 -1.316406 1.391888 0.446144 -0.556730
    41 1.789783 -0.000002 -0.000002 0.030300 -0.047271 0.412855
    42 1.207001 0.000009 0.000000 -0.006740 -0.074456 -0.170108
    43 5.073761 -4.063510 -2.918343 3.826595 -0.063820 -1.771607
    44 0.000000 0.196712 0.000000 1.570797 0.000000 0.000001
    45 0.000002 2.032589 0.000000 0.000000 0.000000 0.000000
    46 0.000002 1.571991 0.000000 0.000000 0.000000 0.000000
    47 3.775905 -5.485672 -0.527956 -2.248292 -0.133225 -1.641886
  time 18
    0 -0.000003 -13.531250 -29.421875 1.570792 0.000003 -0.000003
    1 0.000000 3.345131 -2.981898 1.570796 0.083192 1.570795
    2 4.015625 0.000001 0.000000 0.000000 -0.000001 -0.028819
    3 3.520294 0.000005 -0.000006 0.000000 0.000000 0.097311
    4 8.929688 -0.000001 0.000000 0.000000 0.000001 0.186405
    5 2.035156 0.997070 1.937500 1.589735 -1.286517 2.950158
    6 6.028159 -0.000069 0.000009 -1.575890 0.049155 -1.169438
    7 11.692566 0.000046 0.000011 -0.000002 0.000000 -0.060376
    8 11.481682 0.000088 -0.000031 1.568292 -0.038710 0.036026
    9 3.857422 -0.139526 -1.191406 -0.363882 0.112047 -0.355498
    10 1.312565 -0.000008 0.000000 -0.000002 0.054404 -0.409012
    11 0.729366 0.000002 -0.000002 -0.000001 0.040754 -0.240990
    12 3.941406 0.046936 -0.435059 -0.101499 0.042182 -0.269683
    13 1.539091 0.000008 -0.000002 0.000000 0.003737 -0.247812
    14 1.196321 0.000000 -0.000002 -0.000001 0.006168 -0.430818
    15 3.880859 -0.043091 0.427490 0.090105 -0.011419 -0.132542
    16 1.719578 0.000023 -0.000021 -0.000005 -0.020423 -0.365964
    17 1.209181 -0.000004 -0.000001 0.000001 -0.011427 -0.216116
    18 3.863281 -0.136475 1.332031 0.320642 -0.041405 -0.125801
    19 1.719431 -0.000023 0.000019 0.000001 -0.106227 -0.347813
    20 1.099676 0.000000 0.000006 0.000004 -0.067955 -0.234890
    21 0.807129 -0.346924 1.320313 -1.243196 -0.551768 -0.740654
    22 1.789787 0.000006 0.000006 -0.000002 -0.003712 0.228604
    23 1.207012 0.000011 0.000000 -0.000001 -0.005667 0.362993
    24 2.035156 0.997070 -1.937500 -1.661572 1.286515 2.950150
    25 6.028144 -0.000011 0.000002 1.913522 0.517944 -0.498031
    26 12.301971 -1.003936 0.937532 0.735173 -0.004611 -1.594181
    27 11.481657 0.000043 0.000019 -1.801269 0.446215 -0.282259
    28 3.854334 -0.131699 1.199994 0.390527 -0.101410 -0.916423
    29 1.312567 0.000000 0.000000 0.094366 -0.148314 -1.023377
    30 0.729362 0.000004 0.000003 0.246478 -0.201514 -1.343121
    31 3.938074 0.050872 0.435162 0.108940 0.058963 -0.470260
    32 1.539089 0.000008 0.000003 0.081999 -0.072597 -1.490887
    33 1.196316 0.000004 0.000005 0.030667 -0.074741 -1.027947
    34 3.880859 -0.047028 -0.427490 -0.079036 0.162996 -0.514648
    35 1.719567 0.000023 0.000016 -0.048600 0.058551 -1.498659
    36 1.209175 0.000008 0.000005 -0.038127 -0.010975 -1.196747
    37 3.863493 -0.148186 -1.324350 -0.424029 0.413272 -0.567318
    38 1.719419 -0.000008 -0.000008 -0.103000 0.275395 -0.995707
    39 1.099667 -0.000004 -0.000001 -0.048647 0.108807 -0.506629
    40 0.807129 -0.358887 -1.316406 1.391888 0.446144 -0.556730
    41 1.789783 -0.000002 -0.000002 0.030300 -0.047271 0.412855
    42 1.207001 0.000009 0.000000 -0.006740 -0.074456 -0.170108
    43 5.073761 -4.063510 -2.918343 3.826595 -0.063832 -1.771607
    44 0.000000 0.196712 0.000000 1.570797 0.000000 0.000001
    45 0.000002 2.032589 0.000000 0.000000 0.000000 0.000000
    46 0.000002 1.571991 0.000000 0.000000 0.000000 0.000000
    47 3.775905 -5.485672 -0.527956 -2.248292 -0.133225 -1.641886
  time 19
    0 -0.000003 -13.531250 -29.421875 1.570792 0.000003 -0.000003
    1 0.000000 3.345131 -2.981898 1.570796 0.083192 1.570795
    2 4.015625 0.000001 0.000000 0.000000 -0.000001 -0.028819
    3 3.520294 0.000005 -0.000006 0.000000 0.000000 0.097311
    4 8.929688 -0.000001 0.000000 0.000000 0.000001 0.186405
    5 2.035156 0.997070 1.937500 1.589735 -1.286517 2.950158
    6 6.028159 -0.000069 0.000009 -1.575890 0.049155 -1.169438
    7 11.692566 0.000046 0.000011 -0.000002 0.000000 -0.060376
    8 11.481682 0.000088 -0.000031 1.568292 -0.038710 0.036026
    9 3.857422 -0.139526 -1.191406 -0.363882 0.112047 -0.355498
    10 1.312565 -0.000008 0.000000 -0.000002 0.054404 -0.409012
    11 0.729366 0.000002 -0.000002 -0.000001 0.040754 -0.240990
    12 3.941406 0.046936 -0.435059 -0.101499 0.042182 -0.269683
    13 1.539091 0.000008 -0.000002 0.000000 0.003737 -0.247812
    14 1.196321 0.000000 -0.000002 -0.000001 0.006168 -0.430818
    15 3.880859 -0.043091 0.427490 0.090105 -0.011419 -0.132542
    16 1.719578 0.000023 -0.000021 -0.000005 -0.020423 -0.365964
    17 1.209181 -0.000004 -0.000001 0.000001 -0.011427 -0.216116
    18 3.863281 -0.136475 1.332031 0.320642 -0.041405 -0.125801
    19 1.719431 -0.000023 0.000019 0.000001 -0.106227 -0.347813
    20 1.099676 0.000000 0.000006 0.000004 -0.067955 -0.234890
    21 0.807129 -0.346924 1.320313 -1.243196 -0.551768 -0.740654
    22 1.789787 0.000006 0.000006 -0.000002 -0.003712 0.228604
    23 1.207012 0.000011 0.000000 -0.000001 -0.005667 0.362993
    24 2.035156 0.997070 -1.937500 -1.661572 1.286515 2.950150
    25 6.028144 -0.000011 0.000002 1.912671 0.517206 -0.498463
    26 12.301971 -1.003936 0.937532 0.734631 -0.004424 -1.594609
    27 11.481657 0.000043 0.000019 -1.800623 0.446965 -0.280797
    28 3.854334 -0.131699 1.199994 0.390527 -0.101410 -0.916423
    29 1.312567 0.000000 0.000000 0.094366 -0.148314 -1.023377
    30 0.729362 0.000004 0.000003 0.246478 -0.201514 -1.343121
    31 3.938074 0.050872 0.435162 0.108940 0.058963 -0.470260
    32 1.539089 0.000008 0.000003 0.081999 -0.072597 -1.490887
    33 1.196316 0.000004 0.000005 0.030667 -0.074741 -1.027947
    34 3.880859 -0.047028 -0.427490 -0.079036 0.162996 -0.514648
    35 1.719567 0.000023 0.000016 -0.048600 0.058563 -1.498659
    36 1.209175 0.000008 0.000005 -0.038127 -0.010975 -1.196747
    37 3.867399 -0.148186 -1.324350 -0.424029 0.413272 -0.567318
    38 1.719419 -0.000008 -0.000008 -0.103000 0.275395 -0.995707
    39 1.099667 -0.000004 -0.000001 -0.048647 0.108807 -0.506629
    40 0.807129 -0.358887 -1.316406 1.391888 0.446144 -0.556730
    41 1.789783 -0.000002 -0.000002 0.030300 -0.047271 0.412855
    42 1.207001 0.000009 0.000000 -0.006740 -0.074456 -0.170108
    43 5.073761 -4.063510 -2.918343 3.826595 -0.063832 -1.771607
    44 0.000000 0.196712 0.000000 1.570797 0.000000 0.000001
    45 0.000002 2.032589 0.000000 0.000000 0.000000 0.000000
    46 0.000002 1.571991 0.000000 0.000000 0.000000 0.000000
    47 3.775905 -5.485672 -0.527956 -2.248292 -0.133225 -1.641886
  time 20
    0 -0.000003 -13.531250 -29.421875 1.570792 0.000003 -0.000003
    1 0.000000 3.345131 -2.981898 1.570796 0.083192 1.570795
    2 4.015625 0.000001 0.000000 0.000000 -0.000001 -0.028819
    3 3.520294 0.000005 -0.000006 0.000000 0.000000 0.097311
    4 8.929688 -0.000001 0.000000 0.000000 0.000001 0.186405
    5 2.035156 0.997070 1.937500 1.589735 -1.286517 2.950158
    6 6.028159 -0.000069 0.000009 -1.575890 0.049155 -1.169438
    7 11.692566 0.000046 0.000011 -0.000002 0.000000 -0.060376
    8 11.481682 0.000088 -0.000031 1.568292 -0.038710 0.036026
    9 3.857422 -0.139526 -1.191406 -0.363882 0.112047 -0.355498
    10 1.312565 -0.000008 0.000000 -0.000002 0.054404 -0.409012
    11 0.729366 0.000002 -0.000002 -0.000001 0.040754 -0.240990
    12 3.941406 0.046936 -0.435059 -0.101499 0.042182 -0.269683
    13 1.539091 0.000008 -0.000002 0.000000 0.003737 -0.247812
    14 1.196321 0.000000 -0.000002 -0.000001 0.006168 -0.430818
    15 3.880859 -0.043091 0.427490 0.090105 -0.011419 -0.132542
    16 1.719578 0.000023 -0.000021 -0.000005 -0.020423 -0.365964
    17 1.209181 -0.000004 -0.000001 0.000001 -0.011427 -0.216116
    18 3.863281 -0.136475 1.332031 0.320642 -0.041405 -0.125801
    19 1.719431 -0.000023 0.000019 0.000001 -0.106227 -0.347813
    20 1.099676 0.000000 0.000006 0.000004 -0.067955 -0.234890
    21 0.807129 -0.346924 1.320313 -1.243196 -0.551768 -0.740654
    22 1.789787 0.000006 0.000006 -0.000002 -0.003712 0.228604
    23 1.207012 0.000011 0.000000 -0.000001 -0.005667 0.362993
    24 2.035156 0.997070 -1.937500 -1.661572 1.286515 2.950150
    25 6.028144 -0.000011 0.000002 1.911785 0.516420 -0.498918
    26 12.301971 -1.003936 0.937532 0.734044 -0.004236 -1.595143
    27 11.481657 0.000043 0.000019 -1.799938 0.447744 -0.279251
    28 3.854334 -0.131699 1.199994 0.390527 -0.101410 -0.916423
    29 1.312567 0.000000 0.000000 0.094366 -0.148314 -1.023377
    30 0.729362 0.000004 0.000003 0.246478 -0.201514 -1.343121
    31 3.941981 0.050872 0.435162 0.108940 0.058963 -0.470260
    32 1.539089 0.000008 0.000003 0.081999 -0.072597 -1.490925
    33 1.196316 0.000004 0.000005 0.030667 -0.074741 -1.027947
    34 3.880859 -0.047028 -0.427490 -0.079036 0.162996 -0.514648
    35 1.719567 0.000023 0.000016 -0.048600 0.058551 -1.498659
    36 1.209175 0.000008 0.000005 -0.038127 -0.010975 -1.196747
    37 3.867399 -0.148186 -1.324350 -0.424029 0.413272 -0.567318
    38 1.719419 -0.000008 -0.000008 -0.103000 0.275395 -0.995707
    39 1.099667 -0.000004 -0.000001 -0.048647 0.108807 -0.506629
    40 0.807129 -0.358887 -1.316406 1.391888 0.446144 -0.556730
    41 1.789783 -0.000002 -0.000002 0.030300 -0.047271 0.412855
    42 1.207001 0.000009 0.000000 -0.006740 -0.074456 -0.170108
    43 5.073761 -4.063510 -2.918343 3.826595 -0.063832 -1.771607
    44 0.000000 0.196712 0.000000 1.570797 0.000000 0.000001
    45 0.000002 2.032589 0.000000 0.000000 0.000000 0.000000
    46 0.000002 1.571991 0.000000 0.000000 0.000000 0.000000
    47 3.775905 -5.485672 -0.527956 -2.248292 -0.133225 -1.641886
  time 21
    0 -0.000003 -13.531250 -29.421875 1.570792 0.000003 -0.000003
    1 0.000000 3.345131 -2.981898 1.570796 0.083192 1.570795
    2 4.015625 0.000001 0.000000 0.000000 -0.000001 -0.028819
    3 3.520294 0.000005 -0.000006 0.000000 0.000000 0.097311
    4 8.929688 -0.000001 0.000000 0.000000 0.000001 0.186405
    5 2.035156 0.997070 1.937500 1.589735 -1.286517 2.950158
    6 6.028159 -0.000069 0.000009 -1.575890 0.049155 -1.169438
    7 11.692566 0.000046 0.000011 -0.000002 0.000000 -0.060376
    8 11.481682 0.000088 -0.000031 1.568292 -0.038710 0.036026
    9 3.857422 -0.139526 -1.191406 -0.363882 0.112047 -0.355498
    10 1.312565 -0.000008 0.000000 -0.000002 0.054404 -0.409012
    11 0.729366 0.000002 -0.000002 -0.000001 0.040754 -0.240990
    12 3.941406 0.046936 -0.435059 -0.101499 0.042182 -0.269683
    13 1.539091 0.000008 -0.000002 0.000000 0.003737 -0.247812
    14 1.196321 0.000000 -0.000002 -0.000001 0.006168 -0.430818
    15 3.880859 -0.043091 0.427490 0.090105 -0.011419 -0.132542
    16 1.719578 0.000023 -0.000021 -0.000005 -0.020423 -0.365964
    17 1.209181 -0.000004 -0.000001 0.000001 -0.011427 -0.216116
    18 3.863281 -0.136475 1.332031 0.320642 -0.041405 -0.125801
    19 1.719431 -0.000023 0.000019 0.000001 -0.106227 -0.347813
    20 1.099676 0.000000 0.000006 0.000004 -0.067955 -0.234890
    21 0.807129 -0.346924 1.320313 -1.243196 -0.551768 -0.740654
    22 1.789787 0.000006 0.000006 -0.000002 -0.003712 0.228604
    23 1.207012 0.000011 0.000000 -0.000001 -0.005667 0.362993
    24 2.035156 0.997070 -1.937500 -1.661572 1.286515 2.950150
    25 6.028144 -0.000011 0.000002 1.910850 0.515609 -0.499385
    26 12.301971 -1.003936 0.937532 0.733457 -0.004035 -1.595624
    27 11.481657 0.000043 0.000019 -1.799235 0.448553 -0.277645
    28 3.854334 -0.131699 1.199994 0.390527 -0.101410 -0.916423
    29 1.312567 0.000000 0.000000 0.094366 -0.148314 -1.023377
    30 0.729362 0.000004 0.000003 0.246478 -0.201514 -1.343121
    31 3.941981 0.050872 0.435162 0.108940 0.058963 -0.470260
    32 1.539089 0.000008 0.000003 0.081999 -0.072597 -1.490887
    33 1.196316 0.000004 0.000005 0.030667 -0.074741 -1.027947
    34 3.880859 -0.047028 -0.427490 -0.079036 0.162996 -0.514648
    35 1.719567 0.000023 0.000016 -0.048600 0.058563 -1.498659
    36 1.209175 0.000008 0.000005 -0.038127 -0.010975 -1.196747
    37 3.867399 -0.148186 -1.324350 -0.424029 0.413272 -0.567318
    38 1.719419 -0.000008 -0.000008 -0.103000 0.275395 -0.995707
    39 1.099667 -0.000004 -0.000001 -0.048647 0.108807 -0.506629
    40 0.807129 -0.358887 -1.316406 1.391888 0.446144 -0.556730
    41 1.789783 -0.000002 -0.000002 0.030300 -0.047271 0.412855
    42 1.207001 0.000009 0.000000 -0.006740 -0.074456 -0.170108
    43 5.073761 -4.063510 -2.918343 3.826595 -0.063832 -1.771607
    44 0.000000 0.196712 0.000000 1.570797 0.000000 0.000001
    45 0.000002 2.032589 0.000000 0.000000 0.000000 0.000000
    46 0.000002 1.571991 0.000000 0.000000 0.000000 0.000000
    47 3.775905 -5.485672 -0.527956 -2.248292 -0.133225 -1.641886
  time 22
    0 -0.000003 -13.531250 -29.421875 1.570792 0.000003 -0.000003
    1 0.000000 3.345131 -2.981898 1.570796 0.083192 1.570795
    2 4.015625 0.000001 0.000000 0.000000 -0.000001 -0.028819
    3 3.520294 0.000005 -0.000006 0.000000 0.000000 0.097311
    4 8.929688 -0.000001 0.000000 0.000000 0.000001 0.186405
    5 2.035156 0.997070 1.937500 1.589735 -1.286517 2.950158
    6 6.028159 -0.000069 0.000009 -1.575890 0.049155 -1.169438
    7 11.692566 0.000046 0.000011 -0.000002 0.000000 -0.060376
    8 11.481682 0.000088 -0.000031 1.568292 -0.038710 0.036026
    9 3.857422 -0.139526 -1.191406 -0.363882 0.112047 -0.355498
    10 1.312565 -0.000008 0.000000 -0.000002 0.054404 -0.409012
    11 0.729366 0.000002 -0.000002 -0.000001 0.040754 -0.240990
    12 3.941406 0.046936 -0.435059 -0.101499 0.042182 -0.269683
    13 1.539091 0.000008 -0.000002 0.000000 0.003737 -0.247812
    14 1.196321 0.000000 -0.000002 -0.000001 0.006168 -0.430818
    15 3.880859 -0.043091 0.427490 0.090105 -0.011419 -0.132542
    16 1.719578 0.000023 -0.000021 -0.000005 -0.020423 -0.365964
    17 1.209181 -0.000004 -0.000001 0.000001 -0.011427 -0.216116
    18 3.863281 -0.136475 1.332031 0.320642 -0.041405 -0.125801
    19 1.719431 -0.000023 0.000019 0.000001 -0.106227 -0.347813
    20 1.099676 0.000000 0.000006 0.000004 -0.067955 -0.234890
    21 0.807129 -0.346924 1.320313 -1.243196 -0.551768 -0.740654
    22 1.789787 0.000006 0.000006 -0.000002 -0.003712 0.228604
    23 1.207012 0.000011 0.000000 -0.000001 -0.005667 0.362993
    24 2.035156 0.997070 -1.937500 -1.661572 1.286515 2.950150
    25 6.028144 -0.000011 0.000002 1.909879 0.514773 -0.499877
    26 12.301971 -1.003936 0.937532 0.732847 -0.003818 -1.596159
    27 11.481657 0.000043 0.000019 -1.798475 0.449406 -0.275955
    28 3.854334 -0.131699 1.199994 0.390527 -0.101410 -0.916423
    29 1.312567 0.000000 0.000000 0.094366 -0.148314 -1.023377
    30 0.729362 0.000004 0.000003 0.246478 -0.201514 -1.343121
    31 3.941981 0.050872 0.435162 0.108940 0.058963 -0.470260
    32 1.539089 0.000008 0.000003 0.081999 -0.072597 -1.490925
    33 1.196316 0.000004 0.000005 0.030667 -0.074741 -1.027947
    34 3.880859 -0.047028 -0.427490 -0.079036 0.162996 -0.514648
    35 1.719567 0.000023 0.000016 -0.048600 0.058563 -1.498659
    36 1.209175 0.000008 0.000005 -0.038127 -0.010975 -1.196747
    37 3.867399 -0.148186 -1.324350 -0.424029 0.413272 -0.567318
    38 1.719419 -0.000008 -0.000008 -0.103000 0.275395 -0.995707
    39 1.099667 -0.000004 -0.000001 -0.048647 0.108807 -0.506629
    40 0.807129 -0.358887 -1.316406 1.391888 0.446144 -0.556730
    41 1.789783 -0.000002 -0.000002 0.030300 -0.047271 0.412855
    42 1.207001 0.000009 0.000000 -0.006740 -0.074456 -0.170108
    43 5.073761 -4.063510 -2.918343 3.826595 -0.063832 -1.771607
    44 0.000000 0.196712 0.000000 1.570797 0.000000 0.000001
    45 0.000002 2.032589 0.000000 0.000000 0.000000 0.000000
    46 0.000002 1.571991 0.000000 0.000000 0.000000 0.000000
    47 3.775905 -5.485672 -0.527956 -2.248292 -0.133225 -1.641886
  time 23
    0 -0.000003 -13.531250 -29.421875 1.570792 0.000003 -0.000003
    1 0.000000 3.345131 -2.981898 1.570796 0.083192 1.570795
    2 4.015625 0.000001 0.000000 0.000000 -0.000001 -0.028819
    3 3.520294 0.000005 -0.000006 0.000000 0.000000 0.097311
    4 8.929688 -0.000001 0.000000 0.000000 0.000001 0.186405
    5 2.035156 0.997070 1.937500 1.589735 -1.286517 2.950158
    6 6.028159 -0.000069 0.000009 -1.575890 0.049155 -1.169438
    7 11.692566 0.000046 0.000011 -0.000002 0.000000 -0.060376
    8 11.481682 0.000088 -0.000031 1.568292 -0.038710 0.036026
    9 3.857422 -0.139526 -1.191406 -0.363882 0.112047 -0.355498
    10 1.312565 -0.000008 0.000000 -0.000002 0.054404 -0.409012
    11 0.729366 0.000002 -0.000002 -0.000001 0.040754 -0.240990
    12 3.941406 0.046936 -0.435059 -0.101499 0.042182 -0.269683
    13 1.539091 0.000008 -0.000002 0.000000 0.003737 -0.247812
    14 1.196321 0.000000 -0.000002 -0.000001 0.006168 -0.430818
    15 3.880859 -0.043091 0.427490 0.090105 -0.011419 -0.132542
    16 1.719578 0.000023 -0.000021 -0.000005 -0.020423 -0.365964
    17 1.209181 -0.000004 -0.000001 0.000001 -0.011427 -0.216116
    18 3.863281 -0.136475 1.332031 0.320642 -0.041405 -0.125801
    19 1.719431 -0.000023 0.000019 0.000001 -0.106227 -0.347813
    20 1.099676 0.000000 0.000006 0.000004 -0.067955 -0.234890
    21 0.807129 -0.346924 1.320313 -1.243196 -0.551768 -0.740654
    22 1.789787 0.000006 0.000006 -0.000002 -0.003712 0.228604
    23 1.207012 0.000011 0.000000 -0.000001 -0.005667 0.362993
    24 2.035156 0.997070 -1.937500 -1.661572 1.286515 2.950150
    25 6.028144 -0.000011 0.000002 1.908872 0.513889 -0.500392
    26 12.301971 -1.003936 0.937532 0.732193 -0.003588 -1.596747
    27 11.481657 0.000043 0.000019 -1.797695 0.450288 -0.274205
    28 3.854334 -0.131699 1.199994 0.390527 -0.101410 -0.916423
    29 1.312567 0.000000 0.000000 0.094366 -0.148314 -1.023377
    30 0.729362 0.000004 0.000003 0.246478 -0.201514 -1.343121
    31 3.941981 0.050872 0.435162 0.108940 0.058963 -0.470260
    32 1.539089 0.000008 0.000003 0.081999 -0.072597 -1.490887
    33 1.196316 0.000004 0.000005 0.030667 -0.074741 -1.027947
    34 3.880859 -0.047028 -0.427490 -0.079036 0.162996 -0.514648
    35 1.719567 0.000023 0.000016 -0.048600 0.058563 -1.498659
    36 1.209175 0.000008 0.000005 -0.038127 -0.010975 -1.196747
    37 3.867399 -0.148186 -1.324350 -0.424029 0.413272 -0.567318
    38 1.719419 -0.000008 -0.000008 -0.103000 0.275395 -0.995707
    39 1.099667 -0.000004 -0.000001 -0.048647 0.108807 -0.506629
    40 0.807129 -0.358887 -1.316406 1.391888 0.446144 -0.556730
    41 1.789783 -0.000002 -0.000002 0.030300 -0.047271 0.412867
    42 1.207001 0.000009 0.000000 -0.006740 -0.074456 -0.170108
    43 5.073761 -4.063510 -2.918343 3.826665 -0.063832 -1.771607
    44 0.000000 0.196712 0.000000 1.570797 0.000000 0.000001
    45 0.000002 2.032589 0.000000 0.000000 0.000000 0.000000
    46 0.000002 1.571991 0.000000 0.000000 0.000000 0.000000
    47 3.775905 -5.485672 -0.527956 -2.248292 -0.133225 -1.641886
  time 24
    0 -0.000003 -13.531250 -29.421875 1.570792 0.000003 -0.000003
    1 0.000000 3.345131 -2.981898 1.570796 0.083192 1.570795
    2 4.015625 0.000001 0.000000 0.000000 -0.000001 -0.028819
    3 3.520294 0.000005 -0.000006 0.000000 0.000000 0.097311
    4 8.929688 -0.000001 0.000000 0.000000 0.000001 0.186405
    5 2.035156 0.997070 1.937500 1.589735 -1.286517 2.950158
    6 6.028159 -0.000069 0.000009 -1.575890 0.049155 -1.169438
    7 11.692566 0.000046 0.000011 -0.000002 0.000000 -0.060376
    8 11.481682 0.000088 -0.000031 1.568292 -0.038710 0.036026
    9 3.857422 -0.139526 -1.191406 -0.363882 0.112047 -0.355498
    10 1.312565 -0.000008 0.000000 -0.000002 0.054404 -0.409012
    11 0.729366 0.000002 -0.000002 -0.000001 0.040754 -0.240990
    12 3.941406 0.046936 -0.435059 -0.101499 0.042182 -0.269683
    13 1.539091 0.000008 -0.000002 0.000000 0.003737 -0.247812
    14 1.196321 0.000000 -0.000002 -0.000001 0.006168 -0.430818
    15 3.880859 -0.043091 0.427490 0.090105 -0.011419 -0.132542
    16 1.719578 0.000023 -0.000021 -0.000005 -0.020423 -0.365964
    17 1.209181 -0.000004 -0.000001 0.000001 -0.011427 -0.216116
    18 3.863281 -0.136475 1.332031 0.320642 -0.041405 -0.125801
    19 1.719431 -0.000023 0.000019 0.000001 -0.106227 -0.347813
    20 1.099676 0.000000 0.000006 0.000004 -0.067955 -0.234890
    21 0.807129 -0.346924 1.320313 -1.243196 -0.551768 -0.740654
    22 1.789787 0.000006 0.000006 -0.000002 -0.003712 0.228604
    23 1.207012 0.000011 0.000000 -0.000001 -0.005667 0.362993
    24 2.035156 0.997070 -1.937500 -1.661572 1.286515 2.950150
    25 6.028144 -0.000011 0.000002 1.907830 0.512979 -0.500919
    26 12.301971 -1.003936 0.937532 0.731538 -0.003372 -1.597335
    27 11.481657 0.000043 0.000019 -1.796878 0.451200 -0.272395
    28 3.858240 -0.131699 1.199994 0.390527 -0.101410 -0.916423
    29 1.312567 0.000000 0.000000 0.094366 -0.148314 -1.023377
    30 0.729362 0.000004 0.000003 0.246478 -0.201514 -1.343121
    31 3.941981 0.050872 0.435162 0.108940 0.058963 -0.470260
    32 1.539089 0.000008 0.000003 0.081999 -0.072597 -1.490925
    33 1.196316 0.000004 0.000005 0.030667 -0.074741 -1.027947
    34 3.880859 -0.047028 -0.427490 -0.079036 0.162996 -0.514648
    35 1.719567 0.000023 0.000016 -0.048600 0.058551 -1.498659
    36 1.209175 0.000008 0.000005 -0.038127 -0.010975 -1.196747
    37 3.867399 -0.148186 -1.324350 -0.424029 0.413272 -0.567318
    38 1.719419 -0.000008 -0.000008 -0.103000 0.275395 -0.995707
    39 1.099667 -0.000004 -0.000001 -0.048647 0.108807 -0.506629
    40 0.807129 -0.358887 -1.316406 1.391888 0.446144 -0.556730
    41 1.789783 -0.000002 -0.000002 0.030300 -0.047271 0.412855
    42 1.207001 0.000009 0.000000 -0.006740 -0.074456 -0.170108
    43 5.073761 -4.063510 -2.918343 3.826595 -0.063832 -1.771607
    44 0.000000 0.196712 0.000000 1.570797 0.000000 0.000001
    45 0.000002 2.032589 0.000000 0.000000 0.000000 0.000000
    46 0.000002 1.571991 0.000000 0.000000 0.000000 0.000000
    47 3.775905 -5.485672 -0.527956 -2.248292 -0.133225 -1.641886
  time 25
    0 -0.000003 -13.531250 -29.421875 1.570792 0.000003 -0.000003
    1 0.000000 3.345131 -2.981898 1.570796 0.083192 1.570795
    2 4.015625 0.000001 0.000000 0.000000 -0.000001 -0.028819
    3 3.520294 0.000005 -0.000006 0.000000 0.000000 0.097311
    4 8.929688 -0.000001 0.000000 0.000000 0.000001 0.186405
    5 2.035156 0.997070 1.937500 1.589735 -1.286517 2.950158
    6 6.028159 -0.000069 0.000009 -1.575890 0.049155 -1.169438
    7 11.692566 0.000046 0.000011 -0.000002 0.000000 -0.060376
    8 11.481682 0.000088 -0.000031 1.568292 -0.038710 0.036026
    9 3.857422 -0.139526 -1.191406 -0.363882 0.112047 -0.355498
    10 1.312565 -0.000008 0.000000 -0.000002 0.054404 -0.409012
    11 0.729366 0.000002 -0.000002 -0.000001 0.040754 -0.240990
    12 3.941406 0.046936 -0.435059 -0.101499 0.042182 -0.269683
    13 1.539091 0.000008 -0.000002 0.000000 0.003737 -0.247812
    14 1.196321 0.000000 -0.000002 -0.000001 0.006168 -0.430818
    15 3.880859 -0.043091 0.427490 0.090105 -0.011419 -0.132542
    16 1.719578 0.000023 -0.000021 -0.000005 -0.020423 -0.365964
    17 1.209181 -0.000004 -0.000001 0.000001 -0.011427 -0.216116
    18 3.863281 -0.136475 1.332031 0.320642 -0.041405 -0.125801
    19 1.719431 -0.000023 0.000019 0.000001 -0.106227 -0.347813
    20 1.099676 0.000000 0.000006 0.000004 -0.067955 -0.234890
    21 0.807129 -0.346924 1.320313 -1.243196 -0.551768 -0.740654
    22 1.789787 0.000006 0.000006 -0.000002 -0.003712 0.228604
    23 1.207012 0.000011 0.000000 -0.000001 -0.005667 0.362993
    24 2.035156 0.997070 -1.937500 -1.661572 1.286515 2.950150
    25 6.028144 -0.000011 0.000002 1.906763 0.512045 -0.501459
    26 12.301971 -1.003936 0.937532 0.730838 -0.003127 -1.597923
    27 11.481657 0.000043 0.000019 -1.796041 0.452141 -0.270514
    28 3.854334 -0.131699 1.199994 0.390527 -0.101410 -0.916423
    29 1.312567 0.000000 0.000000 0.094366 -0.148314 -1.023377
    30 0.729362 0.000004 0.000003 0.246478 -0.201514 -1.343121
    31 3.941981 0.050872 0.435162 0.108940 0.058963 -0.470260
    32 1.539089 0.000008 0.000003 0.081999 -0.072597 -1.490887
    33 1.196316 0.000004 0.000005 0.030667 -0.074741 -1.027947
    34 3.880859 -0.047028 -0.427490 -0.079036 0.162996 -0.514648
    35 1.719567 0.000023 0.000016 -0.048600 0.058563 -1.498659
    36 1.209175 0.000008 0.000005 -0.038127 -0.010975 -1.196747
    37 3.867399 -0.148186 -1.324350 -0.424029 0.413272 -0.567318
    38 1.719419 -0.000008 -0.000008 -0.103000 0.275395 -0.995707
    39 1.099667 -0.000004 -0.000001 -0.048647 0.108807 -0.506629
    40 0.807129 -0.358887 -1.316406 1.391888 0.446144 -0.556730
    41 1.789783 -0.000002 -0.000002 0.030300 -0.047271 0.412855
    42 1.207001 0.000009 0.000000 -0.006740 -0.074456 -0.170108
    43 5.073761 -4.063510 -2.918343 3.826595 -0.063832 -1.771607
    44 0.000000 0.196712 0.000000 1.570797 0.000000 0.000001
    45 0.000002 2.032589 0.000000 0.000000 0.000000 0.000000
    46 0.000002 1.571991 0.000000 0.000000 0.000000 0.000000
    47 3.775905 -5.485672 -0.527956 -2.248292 -0.133225 -1.641886
  time 26
    0 -0.000003 -13.531250 -29.421875 1.570792 0.000003 -0.000003
    1 0.000000 3.345131 -2.981898 1.570796 0.083192 1.570795
    2 4.015625 0.000001 0.000000 0.000000 -0.000001 -0.028819
    3 3.520294 0.000005 -0.000006 0.000000 0.000000 0.097311
    4 8.929688 -0.000001 0.000000 0.000000 0.000001 0.186405
    5 2.035156 0.997070 1.937500 1.589735 -1.286517 2.950158
    6 6.028159 -0.000069 0.000009 -1.575890 0.049155 -1.169438
    7 11.692566 0.000046 0.000011 -0.000002 0.000000 -0.060376
    8 11.481682 0.000088 -0.000031 1.568292 -0.038710 0.036026
    9 3.857422 -0.139526 -1.191406 -0.363882 0.112047 -0.355498
    10 1.312565 -0.000008 0.000000 -0.000002 0.054404 -0.409012
    11 0.729366 0.000002 -0.000002 -0.000001 0.040754 -0.240990
    12 3.941406 0.046936 -0.435059 -0.101499 0.042182 -0.269683
    13 1.539091 0.000008 -0.000002 0.000000 0.003737 -0.247812
    14 1.196321 0.000000 -0.000002 -0.000001 0.006168 -0.430818
    15 3.880859 -0.043091 0.427490 0.090105 -0.011419 -0.132542
    16 1.719578 0.000023 -0.000021 -0.000005 -0.020423 -0.365964
    17 1.209181 -0.000004 -0.000001 0.000001 -0.011427 -0.216116
    18 3.863281 -0.136475 1.332031 0.320642 -0.041405 -0.125801
    19 1.719431 -0.000023 0.000019 0.000001 -0.106227 -0.347813
    20 1.099676 0.000000 0.000006 0.000004 -0.067955 -0.234890
    21 0.807129 -0.346924 1.320313 -1.243196 -0.551768 -0.740654
    22 1.789787 0.000006 0.000006 -0.000002 -0.003712 0.228604
    23 1.207012 0.000011 0.000000 -0.000001 -0.005667 0.362993
    24 2.035156 0.997070 -1.937500 -1.661572 1.286515 2.950150
    25 6.028144 -0.000011 0.000002 1.905648 0.511062 -0.502022
    26 12.301971 -1.003936 0.937532 0.730115 -0.002882 -1.598564
    27 11.481657 0.000043 0.000019 -1.795167 0.453112 -0.268572
    28 3.854334 -0.131699 1.199994 0.390527 -0.101410 -0.916423
    29 1.312567 0.000000 0.000000 0.094366 -0.148314 -1.023377
    30 0.729362 0.000004 0.000003 0.246478 -0.201514 -1.343121
    31 3.941981 0.050872 0.435162 0.108940 0.058963 -0.470260
    32 1.539089 0.000008 0.000003 0.081999 -0.072597 -1.490925
    33 1.196316 0.000004 0.000005 0.030667 -0.074741 -1.027947
    34 3.880859 -0.047028 -0.427490 -0.079036 0.162996 -0.514648
    35 1.719567 0.000023 0.000016 -0.048600 0.058563 -1.498659
    36 1.209175 0.000008 0.000005 -0.038127 -0.010975 -1.196747
    37 3.863493 -0.148186 -1.324350 -0.424029 0.413272 -0.567318
    38 1.719419 -0.000008 -0.000008 -0.103000 0.275395 -0.995707
    39 1.099667 -0.000004 -0.000001 -0.048647 0.108807 -0.506629
    40 0.807129 -0.358887 -1.316406 1.391888 0.446144 -0.556730
    41 1.789783 -0.000002 -0.000002 0.030300 -0.047271 0.412855
    42 1.207001 0.000009 0.000000 -0.006740 -0.074456 -0.170108
    43 5.073761 -4.063510 -2.918343 3.826595 -0.063832 -1.771607
    44 0.000000 0.196712 0.000000 1.570797 0.000000 0.000001
    45 0.000002 2.032589 0.000000 0.000000 0.000000 0.000000
    46 0.000002 1.571991 0.000000 0.000000 0.000000 0.000000
    47 3.775905 -5.485672 -0.527956 -2.248292 -0.133225 -1.641886
  time 27
    0 -0.000003 -13.531250 -29.421875 1.570792 0.000003 -0.000003
    1 0.000000 3.345131 -2.981898 1.570796 0.083192 1.570795
    2 4.015625 0.000001 0.000000 0.000000 -0.000001 -0.028819
    3 3.520294 0.000005 -0.000006 0.000000 0.000000 0.097311
    4 8.929688 -0.000001 0.000000 0.000000 0.000001 0.186405
    5 2.035156 0.997070 1.937500 1.589735 -1.286517 2.950158
    6 6.028159 -0.000069 0.000009 -1.575890 0.049155 -1.169438
    7 11.692566 0.000046 0.000011 -0.000002 0.000000 -0.060376
    8 11.481682 0.000088 -0.000031 1.568292 -0.038710 0.036026
    9 3.857422 -0.139526 -1.191406 -0.363882 0.112047 -0.355498
    10 1.312565 -0.000008 0.000000 -0.000002 0.054404 -0.409012
    11 0.729366 0.000002 -0.000002 -0.000001 0.040754 -0.240990
    12 3.941406 0.046936 -0.435059 -0.101499 0.042182 -0.269683
    13 1.539091 0.000008 -0.000002 0.000000 0.003737 -0.247812
    14 1.196321 0.000000 -0.000002 -0.000001 0.006168 -0.430818
    15 3.880859 -0.043091 0.427490 0.090105 -0.011419 -0.132542
    16 1.719578 0.000023 -0.000021 -0.000005 -0.020423 -0.365964
    17 1.209181 -0.000004 -0.000001 0.000001 -0.011427 -0.216116
    18 3.863281 -0.136475 1.332031 0.320642 -0.041405 -0.125801
    19 1.719431 -0.000023 0.000019 0.000001 -0.106227 -0.347813
    20 1.099676 0.000000 0.000006 0.000004 -0.067955 -0.234890
    21 0.807129 -0.346924 1.320313 -1.243196 -0.551768 -0.740654
    22 1.789787 0.000006 0.000006 -0.000002 -0.003712 0.228604
    23 1.207012 0.000011 0.000000 -0.000001 -0.005667 0.362993
    24 2.035156 0.997070 -1.937500 -1.661572 1.286515 2.950150
    25 6.028144 -0.000011 0.000002 1.904510 0.510055 -0.502609
    26 12.301971 -1.003936 0.937532 0.729392 -0.002637 -1.599206
    27 11.481657 0.000043 0.000019 -1.794254 0.454112 -0.266583
    28 3.858240 -0.131699 1.199994 0.390527 -0.101410 -0.916423
    29 1.312567 0.000000 0.000000 0.094366 -0.148314 -1.023377
    30 0.729362 0.000004 0.000003 0.246466 -0.201514 -1.343121
    31 3.941981 0.050872 0.435162 0.108940 0.058963 -0.470260
    32 1.539089 0.000008 0.000003 0.081999 -0.072597 -1.490887
    33 1.196316 0.000004 0.000005 0.030667 -0.074741 -1.027947
    34 3.880859 -0.047028 -0.427490 -0.079036 0.162996 -0.514648
    35 1.719567 0.000023 0.000016 -0.048600 0.058563 -1.498659
    36 1.209175 0.000008 0.000005 -0.038127 -0.010975 -1.196747
    37 3.867399 -0.148186 -1.324350 -0.424029 0.413272 -0.567318
    38 1.719419 -0.000008 -0.000008 -0.103000 0.275395 -0.995707
    39 1.099667 -0.000004 -0.000001 -0.048647 0.108807 -0.506629
    40 0.807129 -0.358887 -1.316406 1.391888 0.446144 -0.556730
    41 1.789783 -0.000002 -0.000002 0.030300 -0.047271 0.412855
    42 1.207001 0.000009 0.000000 -0.006740 -0.074456 -0.170108
    43 5.073761 -4.063510 -2.918343 3.826595 -0.063820 -1.771607
    44 0.000000 0.196712 0.000000 1.570797 0.000000 0.000001
    45 0.000002 2.032589 0.000000 0.000000 0.000000 0.000000
    46 0.000002 1.571991 0.000000 0.000000 0.000000 0.000000
    47 3.775905 -5.485672 -0.527956 -2.248292 -0.133225 -1.641886
  time 28
    0 -0.000003 -13.531250 -29.421875 1.570792 0.000003 -0.000003
    1 0.000000 3.345131 -2.981898 1.570796 0.083192 1.570795
    2 4.015625 0.000001 0.000000 0.000000 -0.000001 -0.028819
    3 3.520294 0.000005 -0.000006 0.000000 0.000000 0.097311
    4 8.929688 -0.000001 0.000000 0.000000 0.000001 0.186405
    5 2.035156 0.997070 1.937500 1.589735 -1.286517 2.950158
    6 6.028159 -0.000069 0.000009 -1.575890 0.049155 -1.169438
    7 11.692566 0.000046 0.000011 -0.000002 0.000000 -0.060376
    8 11.481682 0.000088 -0.000031 1.568292 -0.038710 0.036026
    9 3.857422 -0.139526 -1.191406 -0.363882 0.112047 -0.355498
    10 1.312565 -0.000008 0.000000 -0.000002 0.054404 -0.409012
    11 0.729366 0.000002 -0.000002 -0.000001 0.040754 -0.240990
    12 3.941406 0.046936 -0.435059 -0.101499 0.042182 -0.269683
    13 1.539091 0.000008 -0.000002 0.000000 0.003737 -0.247812
    14 1.196321 0.000000 -0.000002 -0.000001 0.006168 -0.430818
    15 3.880859 -0.043091 0.427490 0.090105 -0.011419 -0.132542
    16 1.719578 0.000023 -0.000021 -0.000005 -0.020423 -0.365964
    17 1.209181 -0.000004 -0.000001 0.000001 -0.011427 -0.216116
    18 3.863281 -0.136475 1.332031 0.320642 -0.041405 -0.125801
    19 1.719431 -0.000023 0.000019 0.000001 -0.106227 -0.347813
    20 1.099676 0.000000 0.000006 0.000004 -0.067955 -0.234890
    21 0.807129 -0.346924 1.320313 -1.243196 -0.551768 -0.740654
    22 1.789787 0.000006 0.000006 -0.000002 -0.003712 0.228604
    23 1.207012 0.000011 0.000000 -0.000001 -0.005667 0.362993
    24 2.035156 0.997070 -1.937500 -1.661572 1.286515 2.950150
    25 6.028144 -0.000011 0.000002 1.903347 0.509023 -0.503196
    26 12.301971 -1.003936 0.937532 0.728647 -0.002378 -1.599847
    27 11.481657 0.000043 0.000019 -1.793323 0.455141 -0.264534
    28 3.858240 -0.131699 1.199994 0.390527 -0.101410 -0.916423
    29 1.312567 0.000000 0.000000 0.094366 -0.148314 -1.023377
    30 0.729362 0.000004 0.000003 0.246478 -0.201514 -1.343121
    31 3.941981 0.050872 0.435162 0.108940 0.058963 -0.470260
    32 1.539089 0.000008 0.000003 0.081999 -0.072597 -1.490925
    33 1.196316 0.000004 0.000005 0.030667 -0.074741 -1.027947
    34 3.880859 -0.047028 -0.427490 -0.079036 0.162996 -0.514648
    35 1.719567 0.000023 0.000016 -0.048600 0.058551 -1.498659
    36 1.209175 0.000008 0.000005 -0.038127 -0.010975 -1.196747
    37 3.867399 -0.148186 -1.324350 -0.424029 0.413272 -0.567318
    38 1.719419 -0.000008 -0.000008 -0.103000 0.275395 -0.995707
    39 1.099667 -0.000004 -0.000001 -0.048647 0.108807 -0.506629
    40 0.807129 -0.358887 -1.316406 1.391888 0.446144 -0.556730
    41 1.789783 -0.000002 -0.000002 0.030300 -0.047271 0.412855
    42 1.207001 0.000009 0.000000 -0.006740 -0.074456 -0.170108
    43 5.073761 -4.063510 -2.918343 3.826595 -0.063832 -1.771607
    44 0.000000 0.196712 0.000000 1.570797 0.000000 0.000001
    45 0.000002 2.032589 0.000000 0.000000 0.000000 0.000000
    46 0.000002 1.571991 0.000000 0.000000 0.000000 0.000000
    47 3.775905 -5.485672 -0.527956 -2.248292 -0.133225 -1.641886
  time 29
    0 -0.000003 -13.531250 -29.421875 1.570792 0.000003 -0.000003
    1 0.000000 3.345131 -2.981898 1.570796 0.083192 1.570795
    2 4.015625 0.000001 0.000000 0.000000 -0.000001 -0.028819
    3 3.520294 0.000005 -0.000006 0.000000 0.000000 0.097311
    4 8.929688 -0.000001 0.000000 0.000000 0.000001 0.186405
    5 2.035156 0.997070 1.937500 1.589735 -1.286517 2.950158
    6 6.028159 -0.000069 0.000009 -1.575890 0.049155 -1.169438
    7 11.692566 0.000046 0.000011 -0.000002 0.000000 -0.060376
    8 11.481682 0.000088 -0.000031 1.568292 -0.038710 0.036026
    9 3.857422 -0.139526 -1.191406 -0.363882 0.112047 -0.355498
    10 1.312565 -0.000008 0.000000 -0.000002 0.054404 -0.409012
    11 0.729366 0.000002 -0.000002 -0.000001 0.040754 -0.240990
    12 3.941406 0.046936 -0.435059 -0.101499 0.042182 -0.269683
    13 1.539091 0.000008 -0.000002 0.000000 0.003737 -0.247812
    14 1.196321 0.000000 -0.000002 -0.000001 0.006168 -0.430818
    15 3.880859 -0.043091 0.427490 0.090105 -0.011419 -0.132542
    16 1.719578 0.000023 -0.000021 -0.000005 -0.020423 -0.365964
    17 1.209181 -0.000004 -0.000001 0.000001 -0.011427 -0.216116
    18 3.863281 -0.136475 1.332031 0.320642 -0.041405 -0.125801
    19 1.719431 -0.000023 0.000019 0.000001 -0.106227 -0.347813
    20 1.099676 0.000000 0.000006 0.000004 -0.067955 -0.234890
    21 0.807129 -0.346924 1.320313 -1.243196 -0.551768 -0.740654
    22 1.789787 0.000006 0.000006 -0.000002 -0.003712 0.228604
    23 1.207012 0.000011 0.000000 -0.000001 -0.005667 0.362993
    24 2.035156 0.997070 -1.937500 -1.661572 1.286515 2.950150
    25 6.028144 -0.000011 0.000002 1.902149 0.507990 -0.503808
    26 12.301971 -1.003936 0.937532 0.727857 -0.002104 -1.600489
    27 11.481657 0.000043 0.000019 -1.792353 0.456185 -0.262424
    28 3.854334 -0.131699 1.199994 0.390527 -0.101410 -0.916423
    29 1.312567 0.000000 0.000000 0.094366 -0.148314 -1.023377
    30 0.729362 0.000004 0.000003 0.246478 -0.201514 -1.343121
    31 3.941981 0.050872 0.435162 0.108940 0.058963 -0.470260
    32 1.539089 0.000008 0.000003 0.081999 -0.072597 -1.490887
    33 1.196316 0.000004 0.000005 0.030667 -0.074741 -1.027947
    34 3.880859 -0.047028 -0.427490 -0.079036 0.162996 -0.514648
    35 1.719567 0.000023 0.000016 -0.048600 0.058551 -1.498659
    36 1.209175 0.000008 0.000005 -0.038127 -0.010975 -1.196747
    37 3.867399 -0.148186 -1.324350 -0.424029 0.413272 -0.567318
    38 1.719419 -0.000008 -0.000008 -0.103000 0.275395 -0.995707
    39 1.099667 -0.000004 -0.000001 -0.048647 0.108807 -0.506629
    40 0.807129 -0.358887 -1.316406 1.391888 0.446144 -0.556730
    41 1.789783 -0.000002 -0.000002 0.030300 -0.047271 0.412855
    42 1.207001 0.000009 0.000000 -0.006740 -0.074456 -0.170108
    43 5.073761 -4.063510 -2.918343 3.826595 -0.063832 -1.771607
    44 0.000000 0.196712 0.000000 1.570797 0.000000 0.000001
    45 0.000002 2.032589 0.000000 0.000000 0.000000 0.000000
    46 0.000002 1.571991 0.000000 0.000000 0.000000 0.000000
    47 3.775905 -5.485672 -0.527956 -2.248292 -0.133225 -1.641886
  time 30
    0 -0.000003 -13.531250 -29.421875 1.570792 0.000003 -0.000003
    1 0.000000 3.345131 -2.981898 1.570796 0.083192 1.570795
    2 4.015625 0.000001 0.000000 0.000000 -0.000001 -0.028819
    3 3.520294 0.000005 -0.000006 0.000000 0.000000 0.097311
    4 8.929688 -0.000001 0.000000 0.000000 0.000001 0.186405
    5 2.035156 0.997070 1.937500 1.589735 -1.286517 2.950158
    6 6.028159 -0.000069 0.000009 -1.575890 0.049155 -1.169438
    7 11.692566 0.000046 0.000011 -0.000002 0.000000 -0.060376
    8 11.481682 0.000088 -0.000031 1.568292 -0.038710 0.036026
    9 3.857422 -0.139526 -1.191406 -0.363882 0.112047 -0.355498
    10 1.312565 -0.000008 0.000000 -0.000002 0.054404 -0.409012
    11 0.729366 0.000002 -0.000002 -0.000001 0.040754 -0.240990
    12 3.941406 0.046936 -0.435059 -0.101499 0.042182 -0.269683
    13 1.539091 0.000008 -0.000002 0.000000 0.003737 -0.247812
    14 1.196321 0.000000 -0.000002 -0.000001 0.006168 -0.430818
    15 3.880859 -0.043091 0.427490 0.090105 -0.011419 -0.132542
    16 1.719578 0.000023 -0.000021 -0.000005 -0.020423 -0.365964
    17 1.209181 -0.000004 -0.000001 0.000001 -0.011427 -0.216116
    18 3.863281 -0.136475 1.332031 0.320642 -0.041405 -0.125801
    19 1.719431 -0.000023 0.000019 0.000001 -0.106227 -0.347813
    20 1.099676 0.000000 0.000006 0.000004 -0.067955 -0.234890
    21 0.807129 -0.346924 1.320313 -1.243196 -0.551768 -0.740654
    22 1.789787 0.000006 0.000006 -0.000002 -0.003712 0.228604
    23 1.207012 0.000011 0.000000 -0.000001 -0.005667 0.362993
    24 2.035156 0.997070 -1.937500 -1.661572 1.286515 2.950150
    25 6.028144 -0.000011 0.000002 1.900927 0.506909 -0.504419
    26 12.301971 -1.003936 0.937532 0.727066 -0.001830 -1.601184
    27 11.481657 0.000043 0.000019 -1.791384 0.457258 -0.260279
    28 3.854334 -0.131699 1.199994 0.390527 -0.101410 -0.916423
    29 1.312567 0.000000 0.000000 0.094365 -0.148312 -1.023377
    30 0.729362 0.000004 0.000003 0.246466 -0.201514 -1.343121
    31 3.938074 0.050872 0.435162 0.108940 0.058963 -0.470260
    32 1.539089 0.000008 0.000003 0.081999 -0.072597 -1.490887
    33 1.196316 0.000004 0.000005 0.030667 -0.074741 -1.027947
    34 3.880859 -0.047028 -0.427490 -0.079035 0.162996 -0.514648
    35 1.719567 0.000023 0.000016 -0.048600 0.058563 -1.498659
    36 1.209175 0.000008 0.000005 -0.038127 -0.010975 -1.196747
    37 3.867399 -0.148186 -1.324350 -0.424029 0.413272 -0.567318
    38 1.719419 -0.000008 -0.000008 -0.103004 0.275398 -0.995724
    39 1.099667 -0.000004 -0.000001 -0.048647 0.108807 -0.506629
    40 0.807129 -0.358643 -1.316406 1.391889 0.446143 -0.556731
    41 1.789783 -0.000002 -0.000002 0.030300 -0.047271 0.412855
    42 1.207001 0.000009 0.000000 -0.006735 -0.074450 -0.170094
    43 5.073761 -4.063510 -2.918343 3.826595 -0.063820 -1.771607
    44 0.000000 0.196712 0.000000 1.570797 0.000000 0.000001
    45 0.000002 2.032589 0.000000 0.000000 0.000000 0.000000
    46 0.000002 1.571991 0.000000 0.000000 0.000000 0.000000
    47 3.775905 -5.485672 -0.527956 -2.248292 -0.133225 -1.641886
  time 31
    0 -0.000003 -13.531250 -29.421875 1.570792 0.000003 -0.000003
    1 0.000000 3.345131 -2.981898 1.570796 0.083192 1.570795
    2 4.015625 0.000001 0.000000 0.000000 -0.000001 -0.028819
    3 3.520294 0.000005 -0.000006 0.000000 0.000000 0.097311
    4 8.929688 -0.000001 0.000000 0.000000 0.000001 0.186405
    5 2.035156 0.997070 1.937500 1.589735 -1.286517 2.950158
    6 6.028159 -0.000069 0.000009 -1.575890 0.049155 -1.169438
    7 11.692566 0.000046 0.000011 -0.000002 0.000000 -0.060376
    8 11.481682 0.000088 -0.000031 1.568292 -0.038710 0.036026
    9 3.857422 -0.139526 -1.191406 -0.363882 0.112047 -0.355498
    10 1.312565 -0.000008 0.000000 -0.000002 0.054404 -0.409012
    11 0.729366 0.000002 -0.000002 -0.000001 0.040754 -0.240990
    12 3.941406 0.046936 -0.435059 -0.101499 0.042182 -0.269683
    13 1.539091 0.000008 -0.000002 0.000000 0.003737 -0.247812
    14 1.196321 0.000000 -0.000002 -0.000001 0.006168 -0.430818
    15 3.880859 -0.043091 0.427490 0.090105 -0.011419 -0.132542
    16 1.719578 0.000023 -0.000021 -0.000005 -0.020423 -0.365964
    17 1.209181 -0.000004 -0.000001 0.000001 -0.011427 -0.216116
    18 3.863281 -0.136475 1.332031 0.320642 -0.041405 -0.125801
    19 1.719431 -0.000023 0.000019 0.000001 -0.106227 -0.347813
    20 1.099676 0.000000 0.000006 0.000004 -0.067955 -0.234890
    21 0.807129 -0.346924 1.320313 -1.243196 -0.551768 -0.740654
    22 1.789787 0.000006 0.000006 -0.000002 -0.003712 0.228604
    23 1.207012 0.000011 0.000000 -0.000001 -0.005667 0.362993
    24 2.035156 0.997070 -1.937500 -1.661572 1.286515 2.950150
    25 6.028144 -0.000011 0.000002 1.899692 0.505803 -0.505054
    26 12.301971 -1.003936 0.937532 0.726276 -0.001556 -1.601879
    27 11.481657 0.000043 0.000019 -1.790357 0.458361 -0.258074
    28 3.854334 -0.131699 1.199994 0.390527 -0.101410 -0.916423
    29 1.312567 0.000000 0.000000 0.094365 -0.148312 -1.023377
    30 0.729362 0.000004 0.000003 0.246478 -0.201514 -1.343121
    31 3.941981 0.050872 0.435162 0.108940 0.058963 -0.470260
    32 1.539089 0.000008 0.000003 0.081999 -0.072597 -1.490925
    33 1.196316 0.000004 0.000005 0.030667 -0.074741 -1.027947
    34 3.880859 -0.047028 -0.427490 -0.079035 0.162996 -0.514648
    35 1.719567 0.000023 0.000016 -0.048600 0.058551 -1.498659
    36 1.209175 0.000008 0.000005 -0.038127 -0.010975 -1.196747
    37 3.867399 -0.148186 -1.324350 -0.424029 0.413272 -0.567318
    38 1.719419 -0.000008 -0.000008 -0.103004 0.275398 -0.995724
    39 1.099667 -0.000004 -0.000001 -0.048647 0.108807 -0.506629
    40 0.807129 -0.358643 -1.316406 1.391889 0.446143 -0.556731
    41 1.789783 -0.000002 -0.000002 0.030300 -0.047271 0.412855
    42 1.207001 0.000009 0.000000 -0.006735 -0.074450 -0.170094
    43 5.073761 -4.063510 -2.918343 3.826595 -0.063832 -1.771607
    44 0.000000 0.196712 0.000000 1.570797 0.000000 0.000001
    45 0.000002 2.032589 0.000000 0.000000 0.000000 0.000000
    46 0.000002 1.571991 0.000000 0.000000 0.000000 0.000000
    47 3.775905 -5.485672 -0.527956 -2.248292 -0.133225 -1.641886
  time 32
    0 -0.000003 -13.531250 -29.421875 1.570792 0.000003 -0.000003
    1 0.000000 3.345131 -2.981898 1.570796 0.083192 1.570795
    2 4.015625 0.000001 0.000000 0.000000 -0.000001 -0.028819
    3 3.520294 0.000005 -0.000006 0.000000 0.000000 0.097311
    4 8.929688 -0.000001 0.000000 0.000000 0.000001 0.186405
    5 2.035156 0.997070 1.937500 1.589735 -1.286517 2.950158
    6 6.028159 -0.000069 0.000009 -1.575890 0.049155 -1.169438
    7 11.692566 0.000046 0.000011 -0.000002 0.000000 -0.060376
    8 11.481682 0.000088 -0.000031 1.568292 -0.038710 0.036026
    9 3.857422 -0.139526 -1.191406 -0.363882 0.112047 -0.355498
    10 1.312565 -0.000008 0.000000 -0.000002 0.054404 -0.409012
    11 0.729366 0.000002 -0.000002 -0.000001 0.040754 -0.240990
    12 3.941406 0.046936 -0.435059 -0.101499 0.042182 -0.269683
    13 1.539091 0.000008 -0.000002 0.000000 0.003737 -0.247812
    14 1.196321 0.000000 -0.000002 -0.000001 0.006168 -0.430818
    15 3.880859 -0.043091 0.427490 0.090105 -0.011419 -0.132542
    16 1.719578 0.000023 -0.000021 -0.000005 -0.020423 -0.365964
    17 1.209181 -0.000004 -0.000001 0.000001 -0.011427 -0.216116
    18 3.863281 -0.136475 1.332031 0.320642 -0.041405 -0.125801
    19 1.719431 -0.000023 0.000019 0.000001 -0.106227 -0.347813
    20 1.099676 0.000000 0.000006 0.000004 -0.067955 -0.234890
    21 0.807129 -0.346924 1.320313 -1.243196 -0.551768 -0.740654
    22 1.789787 0.000006 0.000006 -0.000002 -0.003712 0.228604
    23 1.207012 0.000011 0.000000 -0.000001 -0.005667 0.362993
    24 2.035156 0.997070 -1.937500 -1.661572 1.286515 2.950150
    25 6.028144 -0.000011 0.000002 1.898422 0.504697 -0.505701
    26 12.301971 -1.003936 0.937532 0.725463 -0.001282 -1.602627
    27 11.481657 0.000043 0.000019 -1.789331 0.459464 -0.255845
    28 3.854334 -0.131699 1.199994 0.390527 -0.101410 -0.916423
    29 1.312567 0.000000 0.000000 0.094365 -0.148312 -1.023377
    30 0.729362 0.000004 0.000003 0.246478 -0.201514 -1.343121
    31 3.941981 0.050872 0.435162 0.108940 0.058963 -0.470260
    32 1.539089 0.000008 0.000003 0.081999 -0.072597 -1.490925
    33 1.196316 0.000004 0.000005 0.030667 -0.074741 -1.027947
    34 3.880859 -0.047028 -0.427490 -0.079035 0.162996 -0.514648
    35 1.719567 0.000023 0.000016 -0.048600 0.058551 -1.498659
    36 1.209175 0.000008 0.000005 -0.038127 -0.010975 -1.196747
    37 3.867399 -0.148186 -1.324350 -0.424029 0.413272 -0.567318
    38 1.719419 -0.000008 -0.000008 -0.103004 0.275398 -0.995724
    39 1.099667 -0.000004 -0.000001 -0.048647 0.108807 -0.506629
    40 0.807129 -0.358643 -1.316406 1.391889 0.446143 -0.556731
    41 1.789783 -0.000002 -0.000002 0.030300 -0.047271 0.412855
    42 1.207001 0.000009 0.000000 -0.006735 -0.074450 -0.170094
    43 5.073761 -4.063510 -2.918343 3.826595 -0.063832 -1.771607
    44 0.000000 0.196712 0.000000 1.570797 0.000000 0.000001
    45 0.000002 2.032589 0.000000 0.000000 0.000000 0.000000
    46 0.000002 1.571991 0.000000 0.000000 0.000000 0.000000
    47 3.775905 -5.485672 -0.527956 -2.248292 -0.133225 -1.641886
  time 33
    0 -0.000003 -13.531250 -29.421875 1.570792 0.000003 -0.000003
    1 0.000000 3.345131 -2.981898 1.570796 0.083192 1.570795
    2 4.015625 0.000001 0.000000 0.000000 -0.000001 -0.028819
    3 3.520294 0.000005 -0.000006 0.000000 0.000000 0.097311
    4 8.929688 -0.000001 0.000000 0.000000 0.000001 0.186405
    5 2.035156 0.997070 1.937500 1.589735 -1.286517 2.950158
    6 6.028159 -0.000069 0.000009 -1.575890 0.049155 -1.169438
    7 11.692566 0.000046 0.000011 -0.000002 0.000000 -0.060376
    8 11.481682 0.000088 -0.000031 1.568292 -0.038710 0.036026
    9 3.857422 -0.139526 -1.191406 -0.363882 0.112047 -0.355498
    10 1.312565 -0.000008 0.000000 -0.000002 0.054404 -0.409012
    11 0.729366 0.000002 -0.000002 -0.000001 0.040754 -0.240990
    12 3.941406 0.046936 -0.435059 -0.101499 0.042182 -0.269683
    13 1.539091 0.000008 -0.000002 0.000000 0.003737 -0.247812
    14 1.196321 0.000000 -0.000002 -0.000001 0.006168 -0.430818
    15 3.880859 -0.043091 0.427490 0.090105 -0.011419 -0.132542
    16 1.719578 0.000023 -0.000021 -0.000005 -0.020423 -0.365964
    17 1.209181 -0.000004 -0.000001 0.000001 -0.011427 -0.216116
    18 3.863281 -0.136475 1.332031 0.320642 -0.041405 -0.125801
    19 1.719431 -0.000023 0.000019 0.000001 -0.106227 -0.347813
    20 1.099676 0.000000 0.000006 0.000004 -0.067955 -0.234890
    21 0.807129 -0.346924 1.320313 -1.243196 -0.551768 -0.740654
    22 1.789787 0.000006 0.000006 -0.000002 -0.003712 0.228604
    23 1.207012 0.000011 0.000000 -0.000001 -0.005667 0.362993
    24 2.035156 0.997070 -1.937500 -1.661572 1.286515 2.950150
    25 6.028144 -0.000011 0.000002 1.897139 0.503567 -0.506348
    26 12.301971 -1.003936 0.937532 0.724627 -0.000994 -1.603322
    27 11.481657 0.000043 0.000019 -1.788285 0.460596 -0.253568
    28 3.854334 -0.131699 1.199994 0.390527 -0.101410 -0.916423
    29 1.312567 0.000000 0.000000 0.094365 -0.148312 -1.023377
    30 0.729362 0.000004 0.000003 0.246478 -0.201514 -1.343121
    31 3.941981 0.050872 0.435162 0.108940 0.058963 -0.470260
    32 1.539089 0.000008 0.000003 0.081999 -0.072597 -1.490887
    33 1.196316 0.000004 0.000005 0.030667 -0.074741 -1.027947
    34 3.880859 -0.047028 -0.427490 -0.079035 0.162996 -0.514648
    35 1.719567 0.000023 0.000016 -0.048600 0.058563 -1.498659
    36 1.209175 0.000008 0.000005 -0.038127 -0.010975 -1.196747
    37 3.867399 -0.148186 -1.324350 -0.424029 0.413272 -0.567318
    38 1.719419 -0.000008 -0.000008 -0.103004 0.275398 -0.995724
    39 1.099667 -0.000004 -0.000001 -0.048647 0.108807 -0.506629
    40 0.807129 -0.358643 -1.316406 1.391889 0.446143 -0.556731
    41 1.789783 -0.000002 -0.000002 0.030300 -0.047271 0.412855
    42 1.207001 0.000009 0.000000 -0.006735 -0.074450 -0.170094
    43 5.073761 -4.063510 -2.918343 3.826595 -0.063820 -1.771607
    44 0.000000 0.196712 0.000000 1.570797 0.000000 0.000001
    45 0.000002 2.032589 0.000000 0.000000 0.000000 0.000000
    46 0.000002 1.571991 0.000000 0.000000 0.000000 0.000000
    47 3.775905 -5.485672 -0.527956 -2.248292 -0.133225 -1.641886
  time 34
    0 -0.000003 -13.531250 -29.421875 1.570792 0.000003 -0.000003
    1 0.000000 3.345131 -2.981898 1.570796 0.083192 1.570795
    2 4.015625 0.000001 0.000000 0.000000 -0.000001 -0.028819
    3 3.520294 0.000005 -0.000006 0.000000 0.000000 0.097311
    4 8.929688 -0.000001 0.000000 0.000000 0.000001 0.186405
    5 2.035156 0.997070 1.937500 1.589735 -1.286517 2.950158
    6 6.028159 -0.000069 0.000009 -1.575890 0.049155 -1.169438
    7 11.692566 0.000046 0.000011 -0.000002 0.000000 -0.060376
    8 11.481682 0.000088 -0.000031 1.568292 -0.038710 0.036026
    9 3.857422 -0.139526 -1.191406 -0.363882 0.112047 -0.355498
    10 1.312565 -0.000008 0.000000 -0.000002 0.054404 -0.409012
    11 0.729366 0.000002 -0.000002 -0.000001 0.040754 -0.240990
    12 3.941406 0.046936 -0.435059 -0.101499 0.042182 -0.269683
    13 1.539091 0.000008 -0.000002 0.000000 0.003737 -0.247812
    14 1.196321 0.000000 -0.000002 -0.000001 0.006168 -0.430818
    15 3.880859 -0.043091 0.427490 0.090105 -0.011419 -0.132542
    16 1.719578 0.000023 -0.000021 -0.000005 -0.020423 -0.365964
    17 1.209181 -0.000004 -0.000001 0.000001 -0.011427 -0.216116
    18 3.863281 -0.136475 1.332031 0.320642 -0.041405 -0.125801
    19 1.719431 -0.000023 0.000019 0.000001 -0.106227 -0.347813
    20 1.099676 0.000000 0.000006 0.000004 -0.067955 -0.234890
    21 0.807129 -0.346924 1.320313 -1.243196 -0.551768 -0.740654
    22 1.789787 0.000006 0.000006 -0.000002 -0.003712 0.228604
    23 1.207012 0.000011 0.000000 -0.000001 -0.005667 0.362993
    24 2.035156 0.997070 -1.937500 -1.661572 1.286515 2.950150
    25 6.028144 -0.000011 0.000002 1.895845 0.502412 -0.507008
    26 12.301971 -1.003936 0.937532 0.723792 -0.000706 -1.604070
    27 11.481657 0.000043 0.000019 -1.787201 0.461729 -0.251255
    28 3.854334 -0.131699 1.199994 0.390527 -0.101410 -0.916423
    29 1.312567 0.000000 0.000000 0.094365 -0.148312 -1.023377
    30 0.729362 0.000004 0.000003 0.246466 -0.201514 -1.343154
    31 3.941981 0.050872 0.435162 0.108940 0.058963 -0.470260
    32 1.539089 0.000008 0.000003 0.081999 -0.072597 -1.490887
    33 1.196316 0.000004 0.000005 0.030667 -0.074741 -1.027947
    34 3.880859 -0.047028 -0.427490 -0.079035 0.162996 -0.514648
    35 1.719567 0.000023 0.000016 -0.048600 0.058563 -1.498659
    36 1.209175 0.000008 0.000005 -0.038127 -0.010975 -1.196747
    37 3.863493 -0.148186 -1.324350 -0.424029 0.413272 -0.567318
    38 1.719419 -0.000008 -0.000008 -0.103004 0.275398 -0.995724
    39 1.099667 -0.000004 -0.000001 -0.048647 0.108807 -0.506629
    40 0.807129 -0.358643 -1.316406 1.391889 0.446143 -0.556731
    41 1.789783 -0.000002 -0.000002 0.030300 -0.047271 0.412855
    42 1.207001 0.000009 0.000000 -0.006735 -0.074450 -0.170094
    43 5.073761 -4.063510 -2.918343 3.826595 -0.063820 -1.771607
    44 0.000000 0.196712 0.000000 1.570797 0.000000 0.000001
    45 0.000002 2.032589 0.000000 0.000000 0.000000 0.000000
    46 0.000002 1.571991 0.000000 0.000000 0.000000 0.000000
    47 3.775905 -5.485672 -0.527956 -2.248292 -0.133225 -1.641886
  time 35
    0 -0.000003 -13.531250 -29.421875 1.570792 0.000003 -0.000003
    1 0.000000 3.345131 -2.981898 1.570796 0.083192 1.570795
    2 4.015625 0.000001 0.000000 0.000000 -0.000001 -0.028819
    3 3.520294 0.000005 -0.000006 0.000000 0.000000 0.097311
    4 8.929688 -0.000001 0.000000 0.000000 0.000001 0.186405
    5 2.035156 0.997070 1.937500 1.589735 -1.286517 2.950158
    6 6.028159 -0.000069 0.000009 -1.575890 0.049155 -1.169438
    7 11.692566 0.000046 0.000011 -0.000002 0.000000 -0.060376
    8 11.481682 0.000088 -0.000031 1.568292 -0.038710 0.036026
    9 3.857422 -0.139526 -1.191406 -0.363882 0.112047 -0.355498
    10 1.312565 -0.000008 0.000000 -0.000002 0.054404 -0.409012
    11 0.729366 0.000002 -0.000002 -0.000001 0.040754 -0.240990
    12 3.941406 0.046936 -0.435059 -0.101499 0.042182 -0.269683
    13 1.539091 0.000008 -0.000002 0.000000 0.003737 -0.247812
    14 1.196321 0.000000 -0.000002 -0.000001 0.006168 -0.430818
    15 3.880859 -0.043091 0.427490 0.090105 -0.011419 -0.132542
    16 1.719578 0.000023 -0.000021 -0.000005 -0.020423 -0.365964
    17 1.209181 -0.000004 -0.000001 0.000001 -0.011427 -0.216116
    18 3.863281 -0.136475 1.332031 0.320642 -0.041405 -0.125801
    19 1.719431 -0.000023 0.000019 0.000001 -0.106227 -0.347813
    20 1.099676 0.000000 0.000006 0.000004 -0.067955 -0.234890
    21 0.807129 -0.346924 1.320313 -1.243196 -0.551768 -0.740654
    22 1.789787 0.000006 0.000006 -0.000002 -0.003712 0.228604
    23 1.207012 0.000011 0.000000 -0.000001 -0.005667 0.362993
    24 2.035156 0.997070 -1.937500 -1.661572 1.286515 2.950150
    25 6.028144 -0.000011 0.000002 1.894539 0.501232 -0.507667
    26 12.301971 -1.003936 0.937532 0.722934 -0.000403 -1.604819
    27 11.481657 0.000043 0.000019 -1.786118 0.462890 -0.248918
    28 3.858240 -0.131699 1.199994 0.390527 -0.101410 -0.916423
    29 1.312567 0.000000 0.000000 0.094365 -0.148312 -1.023377
    30 0.729362 0.000004 0.000003 0.246478 -0.201514 -1.343121
    31 3.941981 0.050872 0.435162 0.108940 0.058963 -0.470260
    32 1.539089 0.000008 0.000003 0.081999 -0.072597 -1.490925
    33 1.196316 0.000004 0.000005 0.030667 -0.074741 -1.027947
    34 3.880859 -0.047028 -0.427490 -0.079035 0.162996 -0.514648
    35 1.719567 0.000023 0.000016 -0.048600 0.058563 -1.498659
    36 1.209175 0.000008 0.000005 -0.038127 -0.010975 -1.196747
    37 3.863493 -0.148186 -1.324350 -0.424029 0.413272 -0.567318
    38 1.719419 -0.000008 -0.000008 -0.103004 0.275398 -0.995724
    39 1.099667 -0.000004 -0.000001 -0.048647 0.108807 -0.506629
    40 0.807129 -0.358643 -1.316406 1.391889 0.446143 -0.556731
    41 1.789783 -0.000002 -0.000002 0.030300 -0.047271 0.412867
    42 1.207001 0.000009 0.000000 -0.006735 -0.074450 -0.170094
    43 5.073761 -4.063510 -2.918343 3.826595 -0.063832 -1.771607
    44 0.000000 0.196712 0.000000 1.570797 0.000000 0.000001
    45 0.000002 2.032589 0.000000 0.000000 0.000000 0.000000
    46 0.000002 1.571991 0.000000 0.000000 0.000000 0.000000
    47 3.775905 -5.485672 -0.527956 -2.248292 -0.133225 -1.641886
  time 36
    0 -0.000003 -13.531250 -29.421875 1.570792 0.000003 -0.000003
    1 0.000000 3.345131 -2.981898 1.570796 0.083192 1.570795
    2 4.015625 0.000001 0.000000 0.000000 -0.000001 -0.028819
    3 3.520294 0.000005 -0.000006 0.000000 0.000000 0.097311
    4 8.929688 -0.000001 0.000000 0.000000 0.000001 0.186405
    5 2.035156 0.997070 1.937500 1.589735 -1.286517 2.950158
    6 6.028159 -0.000069 0.000009 -1.575890 0.049155 -1.169438
    7 11.692566 0.000046 0.000011 -0.000002 0.000000 -0.060376
    8 11.481682 0.000088 -0.000031 1.568292 -0.038710 0.036026
    9 3.857422 -0.139526 -1.191406 -0.363882 0.112047 -0.355498
    10 1.312565 -0.000008 0.000000 -0.000002 0.054404 -0.409012
    11 0.729366 0.000002 -0.000002 -0.000001 0.040754 -0.240990
    12 3.941406 0.046936 -0.435059 -0.101499 0.042182 -0.269683
    13 1.539091 0.000008 -0.000002 0.000000 0.003737 -0.247812
    14 1.196321 0.000000 -0.000002 -0.000001 0.006168 -0.430818
    15 3.880859 -0.043091 0.427490 0.090105 -0.011419 -0.132542
    16 1.719578 0.000023 -0.000021 -0.000005 -0.020423 -0.365964
    17 1.209181 -0.000004 -0.000001 0.000001 -0.011427 -0.216116
    18 3.863281 -0.136475 1.332031 0.320642 -0.041405 -0.125801
    19 1.719431 -0.000023 0.000019 0.000001 -0.106227 -0.347813
    20 1.099676 0.000000 0.000006 0.000004 -0.067955 -0.234890
    21 0.807129 -0.346924 1.320313 -1.243196 -0.551768 -0.740654
    22 1.789787 0.000006 0.000006 -0.000002 -0.003712 0.228604
    23 1.207012 0.000011 0.000000 -0.000001 -0.005667 0.362993
    24 2.035156 0.997070 -1.937500 -1.661572 1.286515 2.950150
    25 6.028144 -0.000011 0.000002 1.893208 0.500077 -0.508338
    26 12.301971 -1.003936 0.937532 0.722075 -0.000115 -1.605567
    27 11.481657 0.000043 0.000019 -1.785015 0.464052 -0.246557
    28 3.858240 -0.131699 1.199994 0.390527 -0.101410 -0.916423
    29 1.312567 0.000000 0.000000 0.094365 -0.148312 -1.023377
    30 0.729362 0.000004 0.000003 0.246466 -0.201514 -1.343121
    31 3.941981 0.050872 0.435162 0.108940 0.058963 -0.470260
    32 1.539089 0.000008 0.000003 0.081999 -0.072597 -1.490887
    33 1.196316 0.000004 0.000005 0.030667 -0.074741 -1.027947
    34 3.880859 -0.047028 -0.427490 -0.079035 0.162996 -0.514648
    35 1.719567 0.000023 0.000016 -0.048600 0.058563 -1.498659
    36 1.209175 0.000008 0.000005 -0.038127 -0.010975 -1.196747
    37 3.867399 -0.148186 -1.324350 -0.424017 0.413272 -0.567318
    38 1.719419 -0.000008 -0.000008 -0.103004 0.275398 -0.995724
    39 1.099667 -0.000004 -0.000001 -0.048647 0.108807 -0.506629
    40 0.807129 -0.358643 -1.316406 1.391889 0.446143 -0.556731
    41 1.789783 -0.000002 -0.000002 0.030300 -0.047271 0.412855
    42 1.207001 0.000009 0.000000 -0.006735 -0.074450 -0.170094
    43 5.073761 -4.063510 -2.918343 3.826595 -0.063820 -1.771607
    44 0.000000 0.196712 0.000000 1.570797 0.000000 0.000001
    45 0.000002 2.032589 0.000000 0.000000 0.000000 0.000000
    46 0.000002 1.571991 0.000000 0.000000 0.000000 0.000000
    47 3.775905 -5.485672 -0.527956 -2.248292 -0.133225 -1.641886
  time 37
    0 -0.000003 -13.531250 -29.421875 1.570792 0.000003 -0.000003
    1 0.000000 3.345131 -2.981898 1.570796 0.083192 1.570795
    2 4.015625 0.000001 0.000000 0.000000 -0.000001 -0.028819
    3 3.520294 0.000005 -0.000006 0.000000 0.000000 0.097311
    4 8.929688 -0.000001 0.000000 0.000000 0.000001 0.186405
    5 2.035156 0.997070 1.937500 1.589735 -1.286517 2.950158
    6 6.028159 -0.000069 0.000009 -1.575890 0.049155 -1.169438
    7 11.692566 0.000046 0.000011 -0.000002 0.000000 -0.060376
    8 11.481682 0.000088 -0.000031 1.568292 -0.038710 0.036026
    9 3.857422 -0.139526 -1.191406 -0.363882 0.112047 -0.355498
    10 1.312565 -0.000008 0.000000 -0.000002 0.054404 -0.409012
    11 0.729366 0.000002 -0.000002 -0.000001 0.040754 -0.240990
    12 3.941406 0.046936 -0.435059 -0.101499 0.042182 -0.269683
    13 1.539091 0.000008 -0.000002 0.000000 0.003737 -0.247812
    14 1.196321 0.000000 -0.000002 -0.000001 0.006168 -0.430818
    15 3.880859 -0.043091 0.427490 0.090105 -0.011419 -0.132542
    16 1.719578 0.000023 -0.000021 -0.000005 -0.020423 -0.365964
    17 1.209181 -0.000004 -0.000001 0.000001 -0.011427 -0.216116
    18 3.863281 -0.136475 1.332031 0.320642 -0.041405 -0.125801
    19 1.719431 -0.000023 0.000019 0.000001 -0.106227 -0.347813
    20 1.099676 0.000000 0.000006 0.000004 -0.067955 -0.234890
    21 0.807129 -0.346924 1.320313 -1.243196 -0.551768 -0.740654
    22 1.789787 0.000006 0.000006 -0.000002 -0.003712 0.228604
    23 1.207012 0.000011 0.000000 -0.000001 -0.005667 0.362993
    24 2.035156 0.997070 -1.937500 -1.661572 1.286515 2.950150
    25 6.028144 -0.000011 0.000002 1.891878 0.498873 -0.509021
    26 12.301971 -1.003936 0.937532 0.721195 0.000173 -1.606315
    27 11.481657 0.000043 0.000019 -1.783894 0.465228 -0.244184
    28 3.854334 -0.131699 1.199994 0.390527 -0.101410 -0.916423
    29 1.312567 0.000000 0.000000 0.094365 -0.148312 -1.023377
    30 0.729362 0.000004 0.000003 0.246478 -0.201514 -1.343121
    31 3.941981 0.050872 0.435162 0.108940 0.058963 -0.470260
    32 1.539089 0.000008 0.000003 0.081999 -0.072597 -1.490925
    33 1.196316 0.000004 0.000005 0.030667 -0.074741 -1.027947
    34 3.880859 -0.047028 -0.427490 -0.079035 0.162996 -0.514648
    35 1.719567 0.000023 0.000016 -0.048600 0.058551 -1.498659
    36 1.209175 0.000008 0.000005 -0.038127 -0.010975 -1.196747
    37 3.867399 -0.148186 -1.324350 -0.424029 0.413272 -0.567318
    38 1.719419 -0.000008 -0.000008 -0.103004 0.275398 -0.995724
    39 1.099667 -0.000004 -0.000001 -0.048647 0.108807 -0.506629
    40 0.807129 -0.358643 -1.316406 1.391889 0.446143 -0.556731
    41 1.789783 -0.000002 -0.000002 0.030300 -0.047271 0.412867
    42 1.207001 0.000009 0.000000 -0.006735 -0.074450 -0.170094
    43 5.073761 -4.063510 -2.918343 3.826595 -0.063832 -1.771607
    44 0.000000 0.196712 0.000000 1.570797 0.000000 0.000001
    45 0.000002 2.032589 0.000000 0.000000 0.000000 0.000000
    46 0.000002 1.571991 0.000000 0.000000 0.000000 0.000000
    47 3.775905 -5.485672 -0.527956 -2.248292 -0.133225 -1.641886
  time 38
    0 -0.000003 -13.531250 -29.421875 1.570792 0.000003 -0.000003
    1 0.000000 3.345131 -2.981898 1.570796 0.083192 1.570795
    2 4.015625 0.000001 0.000000 0.000000 -0.000001 -0.028819
    3 3.520294 0.000005 -0.000006 0.000000 0.000000 0.097311
    4 8.929688 -0.000001 0.000000 0.000000 0.000001 0.186405
    5 2.035156 0.997070 1.937500 1.589735 -1.286517 2.950158
    6 6.028159 -0.000069 0.000009 -1.575890 0.049155 -1.169438
    7 11.692566 0.000046 0.000011 -0.000002 0.000000 -0.060376
    8 11.481682 0.000088 -0.000031 1.568292 -0.038710 0.036026
    9 3.857422 -0.139526 -1.191406 -0.363882 0.112047 -0.355498
    10 1.312565 -0.000008 0.000000 -0.000002 0.054404 -0.409012
    11 0.729366 0.000002 -0.000002 -0.000001 0.040754 -0.240990
    12 3.941406 0.046936 -0.435059 -0.101499 0.042182 -0.269683
    13 1.539091 0.000008 -0.000002 0.000000 0.003737 -0.247812
    14 1.196321 0.000000 -0.000002 -0.000001 0.006168 -0.430818
    15 3.880859 -0.043091 0.427490 0.090105 -0.011419 -0.132542
    16 1.719578 0.000023 -0.000021 -0.000005 -0.020423 -0.365964
    17 1.209181 -0.000004 -0.000001 0.000001 -0.011427 -0.216116
    18 3.863281 -0.136475 1.332031 0.320642 -0.041405 -0.125801
    19 1.719431 -0.000023 0.000019 0.000001 -0.106227 -0.347813
    20 1.099676 0.000000 0.000006 0.000004 -0.067955 -0.234890
    21 0.807129 -0.346924 1.320313 -1.243196 -0.551768 -0.740654
    22 1.789787 0.000006 0.000006 -0.000002 -0.003712 0.228604
    23 1.207012 0.000011 0.000000 -0.000001 -0.005667 0.362993
    24 2.035156 0.997070 -1.937500 -1.661572 1.286515 2.950150
    25 6.028144 -0.000011 0.000002 1.890548 0.497693 -0.509692
    26 12.301971 -1.003936 0.937532 0.720336 0.000476 -1.607064
    27 11.481657 0.000043 0.000019 -1.782753 0.466405 -0.241775
    28 3.854334 -0.131699 1.199994 0.390527 -0.101410 -0.916423
    29 1.312567 0.000000 0.000000 0.094365 -0.148312 -1.023377
    30 0.729362 0.000004 0.000003 0.246478 -0.201514 -1.343121
    31 3.941981 0.050872 0.435162 0.108940 0.058963 -0.470260
    32 1.539089 0.000008 0.000003 0.081999 -0.072597 -1.490925
    33 1.196316 0.000004 0.000005 0.030667 -0.074741 -1.027947
    34 3.880859 -0.047028 -0.427490 -0.079035 0.162996 -0.514648
    35 1.719567 0.000023 0.000016 -0.048600 0.058551 -1.498659
    36 1.209175 0.000008 0.000005 -0.038127 -0.010975 -1.196747
    37 3.863493 -0.148186 -1.324350 -0.424029 0.413272 -0.567318
    38 1.719419 -0.000008 -0.000008 -0.103004 0.275398 -0.995724
    39 1.099667 -0.000004 -0.000001 -0.048647 0.108807 -0.506629
    40 0.807129 -0.358643 -1.316406 1.391889 0.446143 -0.556731
    41 1.789783 -0.000002 -0.000002 0.030300 -0.047271 0.412855
    42 1.207001 0.000009 0.000000 -0.006735 -0.074450 -0.170094
    43 5.073761 -4.063510 -2.918343 3.826595 -0.063832 -1.771607
    44 0.000000 0.196712 0.000000 1.570797 0.000000 0.000001
    45 0.000002 2.032589 0.000000 0.000000 0.000000 0.000000
    46 0.000002 1.571991 0.000000 0.000000 0.000000 0.000000
    47 3.775905 -5.485672 -0.527956 -2.248292 -0.133225 -1.641886
  time 39
    0 -0.000003 -13.531250 -29.421875 1.570792 0.000003 -0.000003
    1 0.000000 3.345131 -2.981898 1.570796 0.083192 1.570795
    2 4.015625 0.000001 0.000000 0.000000 -0.000001 -0.028819
    3 3.520294 0.000005 -0.000006 0.000000 0.000000 0.097311
    4 8.929688 -0.000001 0.000000 0.000000 0.000001 0.186405
    5 2.035156 0.997070 1.937500 1.589735 -1.286517 2.950158
    6 6.028159 -0.000069 0.000009 -1.575890 0.049155 -1.169438
    7 11.692566 0.000046 0.000011 -0.000002 0.000000 -0.060376
    8 11.481682 0.000088 -0.000031 1.568292 -0.038710 0.036026
    9 3.857422 -0.139526 -1.191406 -0.363882 0.112047 -0.355498
    10 1.312565 -0.000008 0.000000 -0.000002 0.054404 -0.409012
    11 0.729366 0.000002 -0.000002 -0.000001 0.040754 -0.240990
    12 3.941406 0.046936 -0.435059 -0.101499 0.042182 -0.269683
    13 1.539091 0.000008 -0.000002 0.000000 0.003737 -0.247812
    14 1.196321 0.000000 -0.000002 -0.000001 0.006168 -0.430818
    15 3.880859 -0.043091 0.427490 0.090105 -0.011419 -0.132542
    16 1.719578 0.000023 -0.000021 -0.000005 -0.020423 -0.365964
    17 1.209181 -0.000004 -0.000001 0.000001 -0.011427 -0.216116
    18 3.863281 -0.136475 1.332031 0.320642 -0.041405 -0.125801
    19 1.719431 -0.000023 0.000019 0.000001 -0.106227 -0.347813
    20 1.099676 0.000000 0.000006 0.000004 -0.067955 -0.234890
    21 0.807129 -0.346924 1.320313 -1.243196 -0.551768 -0.740654
    22 1.789787 0.000006 0.000006 -0.000002 -0.003712 0.228604
    23 1.207012 0.000011 0.000000 -0.000001 -0.005667 0.362993
    24 2.035156 0.997070 -1.937500 -1.661572 1.286515 2.950150
    25 6.028144 -0.000011 0.000002 1.889206 0.496489 -0.510375
    26 12.301971 -1.003936 0.937532 0.719456 0.000764 -1.607812
    27 11.481657 0.000043 0.000019 -1.781612 0.467581 -0.239366
    28 3.854334 -0.131699 1.199994 0.390527 -0.101410 -0.916423
    29 1.312567 0.000000 0.000000 0.094365 -0.148312 -1.023377
    30 0.729362 0.000004 0.000003 0.246478 -0.201514 -1.343121
    31 3.941981 0.050872 0.435162 0.108940 0.058963 -0.470260
    32 1.539089 0.000008 0.000003 0.081999 -0.072597 -1.490925
    33 1.196316 0.000004 0.000005 0.030667 -0.074741 -1.027947
    34 3.880859 -0.047028 -0.427490 -0.079035 0.162996 -0.514648
    35 1.719567 0.000023 0.000016 -0.048600 0.058563 -1.498659
    36 1.209175 0.000008 0.000005 -0.038127 -0.010975 -1.196747
    37 3.863493 -0.148186 -1.324350 -0.424029 0.413272 -0.567318
    38 1.719419 -0.000008 -0.000008 -0.103004 0.275398 -0.995724
    39 1.099667 -0.000004 -0.000001 -0.048647 0.108807 -0.506629
    40 0.807129 -0.358643 -1.316406 1.391889 0.446143 -0.556731
    41 1.789783 -0.000002 -0.000002 0.030300 -0.047271 0.412855
    42 1.207001 0.000009 0.000000 -0.006735 -0.074450 -0.170094
    43 5.073761 -4.063510 -2.918343 3.826595 -0.063820 -1.771607
    44 0.000000 0.196712 0.000000 1.570797 0.000000 0.000001
    45 0.000002 2.032589 0.000000 0.000000 0.000000 0.000000
    46 0.000002 1.571991 0.000000 0.000000 0.000000 0.000000
    47 3.775905 -5.485672 -0.527956 -2.248292 -0.133225 -1.641886
  time 40
    0 -0.000003 -13.531250 -29.421875 1.570792 0.000003 -0.000003
    1 0.000000 3.345131 -2.981898 1.570796 0.083192 1.570795
    2 4.015625 0.000001 0.000000 0.000000 -0.000001 -0.028819
    3 3.520294 0.000005 -0.000006 0.000000 0.000000 0.097311
    4 8.929688 -0.000001 0.000000 0.000000 0.000001 0.186405
    5 2.035156 0.997070 1.937500 1.589735 -1.286517 2.950158
    6 6.028159 -0.000069 0.000009 -1.575890 0.049155 -1.169438
    7 11.692566 0.000046 0.000011 -0.000002 0.000000 -0.060376
    8 11.481682 0.000088 -0.000031 1.568292 -0.038710 0.036026
    9 3.857422 -0.139526 -1.191406 -0.363882 0.112047 -0.355498
    10 1.312565 -0.000008 0.000000 -0.000002 0.054404 -0.409012
    11 0.729366 0.000002 -0.000002 -0.000001 0.040754 -0.240990
    12 3.941406 0.046936 -0.435059 -0.101499 0.042182 -0.269683
    13 1.539091 0.000008 -0.000002 0.000000 0.003737 -0.247812
    14 1.196321 0.000000 -0.000002 -0.000001 0.006168 -0.430818
    15 3.880859 -0.043091 0.427490 0.090105 -0.011419 -0.132542
    16 1.719578 0.000023 -0.000021 -0.000005 -0.020423 -0.365964
    17 1.209181 -0.000004 -0.000001 0.000001 -0.011427 -0.216116
    18 3.863281 -0.136475 1.332031 0.320642 -0.041405 -0.125801
    19 1.719431 -0.000023 0.000019 0.000001 -0.106227 -0.347813
    20 1.099676 0.000000 0.000006 0.000004 -0.067955 -0.234890
    21 0.807129 -0.346924 1.320313 -1.243196 -0.551768 -0.740654
    22 1.789787 0.000006 0.000006 -0.000002 -0.003712 0.228604
    23 1.207012 0.000011 0.000000 -0.000001 -0.005667 0.362993
    24 2.035156 0.997070 -1.937500 -1.661572 1.286515 2.950150
    25 6.028144 -0.000011 0.000002 1.887863 0.495285 -0.511058
    26 12.301971 -1.003936 0.937532 0.718575 0.001066 -1.608560
    27 11.481657 0.000043 0.000019 -1.780453 0.468758 -0.236957
    28 3.854334 -0.131699 1.199994 0.390527 -0.101410 -0.916423
    29 1.312567 0.000000 0.000000 0.094365 -0.148312 -1.023377
    30 0.729362 0.000004 0.000003 0.246466 -0.201514 -1.343121
    31 3.941981 0.050872 0.435162 0.108940 0.058963 -0.470260
    32 1.539089 0.000008 0.000003 0.081999 -0.072597 -1.490887
    33 1.196316 0.000004 0.000005 0.030667 -0.074741 -1.027947
    34 3.880859 -0.047028 -0.427490 -0.079035 0.162996 -0.514648
    35 1.719567 0.000023 0.000016 -0.048600 0.058563 -1.498659
    36 1.209175 0.000008 0.000005 -0.038127 -0.010975 -1.196747
    37 3.863493 -0.148186 -1.324350 -0.424017 0.413272 -0.567318
    38 1.719419 -0.000008 -0.000008 -0.103004 0.275398 -0.995724
    39 1.099667 -0.000004 -0.000001 -0.048647 0.108807 -0.506629
    40 0.807129 -0.358643 -1.316406 1.391889 0.446143 -0.556731
    41 1.789783 -0.000002 -0.000002 0.030300 -0.047271 0.412855
    42 1.207001 0.000009 0.000000 -0.006735 -0.074450 -0.170094
    43 5.073761 -4.063510 -2.918343 3.826595 -0.063820 -1.771607
    44 0.000000 0.196712 0.000000 1.570797 0.000000 0.000001
    45 0.000002 2.032589 0.000000 0.000000 0.000000 0.000000
    46 0.000002 1.571991 0.000000 0.000000 0.000000 0.000000
    47 3.775905 -5.485672 -0.527956 -2.248292 -0.133225 -1.641886
  time 41
    0 -0.000003 -13.531250 -29.421875 1.570792 0.000003 -0.000003
    1 0.000000 3.345131 -2.981898 1.570796 0.083192 1.570795
    2 4.015625 0.000001 0.000000 0.000000 -0.000001 -0.028819
    3 3.520294 0.000005 -0.000006 0.000000 0.000000 0.097311
    4 8.929688 -0.000001 0.000000 0.000000 0.000001 0.186405
    5 2.035156 0.997070 1.937500 1.589735 -1.286517 2.950158
    6 6.028159 -0.000069 0.000009 -1.575890 0.049155 -1.169438
    7 11.692566 0.000046 0.000011 -0.000002 0.000000 -0.060376
    8 11.481682 0.000088 -0.000031 1.568292 -0.038710 0.036026
    9 3.857422 -0.139526 -1.191406 -0.363882 0.112047 -0.355498
    10 1.312565 -0.000008 0.000000 -0.000002 0.054404 -0.409012
    11 0.729366 0.000002 -0.000002 -0.000001 0.040754 -0.240990
    12 3.941406 0.046936 -0.435059 -0.101499 0.042182 -0.269683
    13 1.539091 0.000008 -0.000002 0.000000 0.003737 -0.247812
    14 1.196321 0.000000 -0.000002 -0.000001 0.006168 -0.430818
    15 3.880859 -0.043091 0.427490 0.090105 -0.011419 -0.132542
    16 1.719578 0.000023 -0.000021 -0.000005 -0.020423 -0.365964
    17 1.209181 -0.000004 -0.000001 0.000001 -0.011427 -0.216116
    18 3.863281 -0.136475 1.332031 0.320642 -0.041405 -0.125801
    19 1.719431 -0.000023 0.000019 0.000001 -0.106227 -0.347813
    20 1.099676 0.000000 0.000006 0.000004 -0.067955 -0.234890
    21 0.807129 -0.346924 1.320313 -1.243196 -0.551768 -0.740654
    22 1.789787 0.000006 0.000006 -0.000002 -0.003712 0.228604
    23 1.207012 0.000011 0.000000 -0.000001 -0.005667 0.362993
    24 2.035156 0.997070 -1.937500 -1.661572 1.286515 2.950150
    25 6.028144 -0.000011 0.000002 1.886533 0.494081 -0.511729
    26 12.301971 -1.003936 0.937532 0.717694 0.001369 -1.609362
    27 11.481657 0.000043 0.000019 -1.779293 0.469934 -0.234536
    28 3.854334 -0.131699 1.199994 0.390527 -0.101410 -0.916423
    29 1.312567 0.000000 0.000000 0.094365 -0.148312 -1.023377
    30 0.729362 0.000004 0.000003 0.246478 -0.201514 -1.343121
    31 3.938074 0.050872 0.435162 0.108940 0.058963 -0.470260
    32 1.539089 0.000008 0.000003 0.081999 -0.072597 -1.490887
    33 1.196316 0.000004 0.000005 0.030667 -0.074741 -1.027947
    34 3.880859 -0.047028 -0.427490 -0.079035 0.162996 -0.514648
    35 1.719567 0.000023 0.000016 -0.048600 0.058563 -1.498659
    36 1.209175 0.000008 0.000005 -0.038127 -0.010975 -1.196747
    37 3.867399 -0.148186 -1.324350 -0.424029 0.413272 -0.567318
    38 1.719419 -0.000008 -0.000008 -0.103004 0.275398 -0.995724
    39 1.099667 -0.000004 -0.000001 -0.048647 0.108807 -0.506629
    40 0.807129 -0.358643 -1.316406 1.391889 0.446143 -0.556731
    41 1.789783 -0.000002 -0.000002 0.030300 -0.047271 0.412855
    42 1.207001 0.000009 0.000000 -0.006735 -0.074450 -0.170094
    43 5.073761 -4.063510 -2.918343 3.826595 -0.063820 -1.771607
    44 0.000000 0.196712 0.000000 1.570797 0.000000 0.000001
    45 0.000002 2.032589 0.000000 0.000000 0.000000 0.000000
    46 0.000002 1.571991 0.000000 0.000000 0.000000 0.000000
    47 3.775905 -5.485672 -0.527956 -2.248292 -0.133225 -1.641886
  time 42
    0 -0.000003 -13.531250 -29.421875 1.570792 0.000003 -0.000003
    1 0.000000 3.345131 -2.981898 1.570796 0.083192 1.570795
    2 4.015625 0.000001 0.000000 0.000000 -0.000001 -0.028819
    3 3.520294 0.000005 -0.000006 0.000000 0.000000 0.097311
    4 8.929688 -0.000001 0.000000 0.000000 0.000001 0.186405
    5 2.035156 0.997070 1.937500 1.589735 -1.286517 2.950158
    6 6.028159 -0.000069 0.000009 -1.575890 0.049155 -1.169438
    7 11.692566 0.000046 0.000011 -0.000002 0.000000 -0.060376
    8 11.481682 0.000088 -0.000031 1.568292 -0.038710 0.036026
    9 3.857422 -0.139526 -1.191406 -0.363882 0.112047 -0.355498
    10 1.312565 -0.000008 0.000000 -0.000002 0.054404 -0.409012
    11 0.729366 0.000002 -0.000002 -0.000001 0.040754 -0.240990
    12 3.941406 0.046936 -0.435059 -0.101499 0.042182 -0.269683
    13 1.539091 0.000008 -0.000002 0.000000 0.003737 -0.247812
    14 1.196321 0.000000 -0.000002 -0.000001 0.006168 -0.430818
    15 3.880859 -0.043091 0.427490 0.090105 -0.011419 -0.132542
    16 1.719578 0.000023 -0.000021 -0.000005 -0.020423 -0.365964
    17 1.209181 -0.000004 -0.000001 0.000001 -0.011427 -0.216116
    18 3.863281 -0.136475 1.332031 0.320642 -0.041405 -0.125801
    19 1.719431 -0.000023 0.000019 0.000001 -0.106227 -0.347813
    20 1.099676 0.000000 0.000006 0.000004 -0.067955 -0.234890
    21 0.807129 -0.346924 1.320313 -1.243196 -0.551768 -0.740654
    22 1.789787 0.000006 0.000006 -0.000002 -0.003712 0.228604
    23 1.207012 0.000011 0.000000 -0.000001 -0.005667 0.362993
    24 2.035156 0.997070 -1.937500 -1.661572 1.286515 2.950150
    25 6.028144 -0.000011 0.000002 1.885191 0.492901 -0.512413
    26 12.301971 -1.003936 0.937532 0.716836 0.001671 -1.610110
    27 11.481657 0.000043 0.000019 -1.778133 0.471110 -0.232115
    28 3.858240 -0.131699 1.199994 0.390527 -0.101410 -0.916423
    29 1.312567 0.000000 0.000000 0.094365 -0.148312 -1.023377
    30 0.729362 0.000004 0.000003 0.246478 -0.201514 -1.343121
    31 3.941981 0.050872 0.435162 0.108940 0.058963 -0.470260
    32 1.539089 0.000008 0.000003 0.081999 -0.072597 -1.490887
    33 1.196316 0.000004 0.000005 0.030667 -0.074741 -1.027947
    34 3.880859 -0.047028 -0.427490 -0.079035 0.162996 -0.514648
    35 1.719567 0.000023 0.000016 -0.048600 0.058551 -1.498659
    36 1.209175 0.000008 0.000005 -0.038127 -0.010975 -1.196747
    37 3.867399 -0.148186 -1.324350 -0.424029 0.413272 -0.567318
    38 1.719419 -0.000008 -0.000008 -0.103004 0.275398 -0.995724
    39 1.099667 -0.000004 -0.000001 -0.048647 0.108807 -0.506629
    40 0.807129 -0.358643 -1.316406 1.391889 0.446143 -0.556731
    41 1.789783 -0.000002 -0.000002 0.030300 -0.047271 0.412855
    42 1.207001 0.000009 0.000000 -0.006735 -0.074450 -0.170094
    43 5.073761 -4.063510 -2.918343 3.826595 -0.063832 -1.771607
    44 0.000000 0.196712 0.000000 1.570797 0.000000 0.000001
    45 0.000002 2.032589 0.000000 0.000000 0.000000 0.000000
    46 0.000002 1.571991 0.000000 0.000000 0.000000 0.000000
    47 3.775905 -5.485672 -0.527956 -2.248292 -0.133225 -1.641886
  time 43
    0 -0.000003 -13.531250 -29.421875 1.570792 0.000003 -0.000003
    1 0.000000 3.345131 -2.981898 1.570796 0.083192 1.570795
    2 4.015625 0.000001 0.000000 0.000000 -0.000001 -0.028819
    3 3.520294 0.000005 -0.000006 0.000000 0.000000 0.097311
    4 8.929688 -0.000001 0.000000 0.000000 0.000001 0.186405
    5 2.035156 0.997070 1.937500 1.589735 -1.286517 2.950158
    6 6.028159 -0.000069 0.000009 -1.575890 0.049155 -1.169438
    7 11.692566 0.000046 0.000011 -0.000002 0.000000 -0.060376
    8 11.481682 0.000088 -0.000031 1.568292 -0.038710 0.036026
    9 3.857422 -0.139526 -1.191406 -0.363882 0.112047 -0.355498
    10 1.312565 -0.000008 0.000000 -0.000002 0.054404 -0.409012
    11 0.729366 0.000002 -0.000002 -0.000001 0.040754 -0.240990
    12 3.941406 0.046936 -0.435059 -0.101499 0.042182 -0.269683
    13 1.539091 0.000008 -0.000002 0.000000 0.003737 -0.247812
    14 1.196321 0.000000 -0.000002 -0.000001 0.006168 -0.430818
    15 3.880859 -0.043091 0.427490 0.090105 -0.011419 -0.132542
    16 1.719578 0.000023 -0.000021 -0.000005 -0.020423 -0.365964
    17 1.209181 -0.000004 -0.000001 0.000001 -0.011427 -0.216116
    18 3.863281 -0.136475 1.332031 0.320642 -0.041405 -0.125801
    19 1.719431 -0.000023 0.000019 0.000001 -0.106227 -0.347813
    20 1.099676 0.000000 0.000006 0.000004 -0.067955 -0.234890
    21 0.807129 -0.346924 1.320313 -1.243196 -0.551768 -0.740654
    22 1.789787 0.000006 0.000006 -0.000002 -0.003712 0.228604
    23 1.207012 0.000011 0.000000 -0.000001 -0.005667 0.362993
    24 2.035156 0.997070 -1.937500 -1.661572 1.286515 2.950150
    25 6.028144 -0.000011 0.000002 1.883872 0.491697 -0.513084
    26 12.301971 -1.003936 0.937532 0.715955 0.001974 -1.610859
    27 11.481657 0.000043 0.000019 -1.776974 0.472287 -0.229706
    28 3.854334 -0.131699 1.199994 0.390527 -0.101410 -0.916423
    29 1.312567 0.000000 0.000000 0.094365 -0.148312 -1.023377
    30 0.729362 0.000004 0.000003 0.246478 -0.201514 -1.343121
    31 3.941981 0.050872 0.435162 0.108940 0.058963 -0.470260
    32 1.539089 0.000008 0.000003 0.081999 -0.072597 -1.490887
    33 1.196316 0.000004 0.000005 0.030667 -0.074741 -1.027947
    34 3.880859 -0.047028 -0.427490 -0.079035 0.162996 -0.514648
    35 1.719567 0.000023 0.000016 -0.048600 0.058563 -1.498659
    36 1.209175 0.000008 0.000005 -0.038127 -0.010975 -1.196747
    37 3.863493 -0.148186 -1.324350 -0.424029 0.413272 -0.567318
    38 1.719419 -0.000008 -0.000008 -0.103004 0.275398 -0.995724
    39 1.099667 -0.000004 -0.000001 -0.048647 0.108807 -0.506629
    40 0.807129 -0.358643 -1.316406 1.391889 0.446143 -0.556731
    41 1.789783 -0.000002 -0.000002 0.030300 -0.047271 0.412855
    42 1.207001 0.000009 0.000000 -0.006735 -0.074450 -0.170094
    43 5.073761 -4.063510 -2.918343 3.826595 -0.063820 -1.771607
    44 0.000000 0.196712 0.000000 1.570797 0.000000 0.000001
    45 0.000002 2.032589 0.000000 0.000000 0.000000 0.000000
    46 0.000002 1.571991 0.000000 0.000000 0.000000 0.000000
    47 3.775905 -5.485672 -0.527956 -2.248292 -0.133225 -1.641886
  time 44
    0 -0.000003 -13.531250 -29.421875 1.570792 0.000003 -0.000003
    1 0.000000 3.345131 -2.981898 1.570796 0.083192 1.570795
    2 4.015625 0.000001 0.000000 0.000000 -0.000001 -0.028819
    3 3.520294 0.000005 -0.000006 0.000000 0.000000 0.097311
    4 8.929688 -0.000001 0.000000 0.000000 0.000001 0.186405
    5 2.035156 0.997070 1.937500 1.589735 -1.286517 2.950158
    6 6.028159 -0.000069 0.000009 -1.575890 0.049155 -1.169438
    7 11.692566 0.000046 0.000011 -0.000002 0.000000 -0.060376
    8 11.481682 0.000088 -0.000031 1.568292 -0.038710 0.036026
    9 3.857422 -0.139526 -1.191406 -0.363882 0.112047 -0.355498
    10 1.312565 -0.000008 0.000000 -0.000002 0.054404 -0.409012
    11 0.729366 0.000002 -0.000002 -0.000001 0.040754 -0.240990
    12 3.941406 0.046936 -0.435059 -0.101499 0.042182 -0.269683
    13 1.539091 0.000008 -0.000002 0.000000 0.003737 -0.247812
    14 1.196321 0.000000 -0.000002 -0.000001 0.006168 -0.430818
    15 3.880859 -0.043091 0.427490 0.090105 -0.011419 -0.132542
    16 1.719578 0.000023 -0.000021 -0.000005 -0.020423 -0.365964
    17 1.209181 -0.000004 -0.000001 0.000001 -0.011427 -0.216116
    18 3.863281 -0.136475 1.332031 0.320642 -0.041405 -0.125801
    19 1.719431 -0.000023 0.000019 0.000001 -0.106227 -0.347813
    20 1.099676 0.000000 0.000006 0.000004 -0.067955 -0.234890
    21 0.807129 -0.346924 1.320313 -1.243196 -0.551768 -0.740654
    22 1.789787 0.000006 0.000006 -0.000002 -0.003712 0.228604
    23 1.207012 0.000011 0.000000 -0.000001 -0.005667 0.362993
    24 2.035156 0.997070 -1.937500 -1.661572 1.286515 2.950150
    25 6.028144 -0.000011 0.000002 1.882554 0.490517 -0.513755
    26 12.301971 -1.003936 0.937532 0.715097 0.002277 -1.611607
    27 11.481657 0.000043 0.000019 -1.775814 0.473448 -0.227297
    28 3.854334 -0.131699 1.199994 0.390527 -0.101410 -0.916423
    29 1.312567 0.000000 0.000000 0.094365 -0.148312 -1.023377
    30 0.729362 0.000004 0.000003 0.246466 -0.201514 -1.343121
    31 3.941981 0.050872 0.435162 0.108940 0.058963 -0.470260
    32 1.539089 0.000008 0.000003 0.081999 -0.072597 -1.490887
    33 1.196316 0.000004 0.000005 0.030667 -0.074741 -1.027947
    34 3.880859 -0.047028 -0.427490 -0.079035 0.162996 -0.514648
    35 1.719567 0.000023 0.000016 -0.048600 0.058563 -1.498659
    36 1.209175 0.000008 0.000005 -0.038127 -0.010975 -1.196747
    37 3.863493 -0.148186 -1.324350 -0.424029 0.413272 -0.567318
    38 1.719419 -0.000008 -0.000008 -0.103004 0.275398 -0.995724
    39 1.099667 -0.000004 -0.000001 -0.048647 0.108807 -0.506629
    40 0.807129 -0.358643 -1.316406 1.391889 0.446143 -0.556731
    41 1.789783 -0.000002 -0.000002 0.030300 -0.047271 0.412855
    42 1.207001 0.000009 0.000000 -0.006735 -0.074450 -0.170094
    43 5.073761 -4.063510 -2.918343 3.826595 -0.063820 -1.771607
    44 0.000000 0.196712 0.000000 1.570797 0.000000 0.000001
    45 0.000002 2.032589 0.000000 0.000000 0.000000 0.000000
    46 0.000002 1.571991 0.000000 0.000000 0.000000 0.000000
    47 3.775905 -5.485672 -0.527956 -2.248292 -0.133225 -1.641886
  time 45
    0 -0.000003 -13.531250 -29.421875 1.570792 0.000003 -0.000003
    1 0.000000 3.345131 -2.981898 1.570796 0.083192 1.570795
    2 4.015625 0.000001 0.000000 0.000000 -0.000001 -0.028819
    3 3.520294 0.000005 -0.000006 0.000000 0.000000 0.097311
    4 8.929688 -0.000001 0.000000 0.000000 0.000001 0.186405
    5 2.035156 0.997070 1.937500 1.589735 -1.286517 2.950158
    6 6.028159 -0.000069 0.000009 -1.575890 0.049155 -1.169438
    7 11.692566 0.000046 0.000011 -0.000002 0.000000 -0.060376
    8 11.481682 0.000088 -0.000031 1.568292 -0.038710 0.036026
    9 3.857422 -0.139526 -1.191406 -0.363882 0.112047 -0.355498
    10 1.312565 -0.000008 0.000000 -0.000002 0.054404 -0.409012
    11 0.729366 0.000002 -0.000002 -0.000001 0.040754 -0.240990
    12 3.941406 0.046936 -0.435059 -0.101499 0.042182 -0.269683
    13 1.539091 0.000008 -0.000002 0.000000 0.003737 -0.247812
    14 1.196321 0.000000 -0.000002 -0.000001 0.006168 -0.430818
    15 3.880859 -0.043091 0.427490 0.090105 -0.011419 -0.132542
    16 1.719578 0.000023 -0.000021 -0.000005 -0.020423 -0.365964
    17 1.209181 -0.000004 -0.000001 0.000001 -0.011427 -0.216116
    18 3.863281 -0.136475 1.332031 0.320642 -0.041405 -0.125801
    19 1.719431 -0.000023 0.000019 0.000001 -0.106227 -0.347813
    20 1.099676 0.000000 0.000006 0.000004 -0.067955 -0.234890
    21 0.807129 -0.346924 1.320313 -1.243196 -0.551768 -0.740654
    22 1.789787 0.000006 0.000006 -0.000002 -0.003712 0.228604
    23 1.207012 0.000011 0.000000 -0.000001 -0.005667 0.362993
    24 2.035156 0.997070 -1.937500 -1.661572 1.286515 2.950150
    25 6.028144 -0.000011 0.000002 1.881248 0.489338 -0.514414
    26 12.301971 -1.003936 0.937532 0.714216 0.002565 -1.612356
    27 11.481657 0.000043 0.000019 -1.774655 0.474595 -0.224912
    28 3.858240 -0.131699 1.199994 0.390527 -0.101410 -0.916423
    29 1.312567 0.000000 0.000000 0.094365 -0.148312 -1.023377
    30 0.729362 0.000004 0.000003 0.246478 -0.201514 -1.343121
    31 3.941981 0.050872 0.435162 0.108940 0.058963 -0.470260
    32 1.539089 0.000008 0.000003 0.081999 -0.072597 -1.490925
    33 1.196316 0.000004 0.000005 0.030667 -0.074741 -1.027947
    34 3.880859 -0.047028 -0.427490 -0.079035 0.162996 -0.514648
    35 1.719567 0.000023 0.000016 -0.048600 0.058563 -1.498659
    36 1.209175 0.000008 0.000005 -0.038127 -0.010975 -1.196747
    37 3.867399 -0.148186 -1.324350 -0.424029 0.413272 -0.567318
    38 1.719419 -0.000008 -0.000008 -0.103004 0.275398 -0.995724
    39 1.099667 -0.000004 -0.000001 -0.048647 0.108807 -0.506629
    40 0.807129 -0.358643 -1.316406 1.391889 0.446143 -0.556731
    41 1.789783 -0.000002 -0.000002 0.030300 -0.047271 0.412855
    42 1.207001 0.000009 0.000000 -0.006735 -0.074450 -0.170094
    43 5.073761 -4.063510 -2.918343 3.826595 -0.063820 -1.771607
    44 0.000000 0.196712 0.000000 1.570797 0.000000 0.000001
    45 0.000002 2.032589 0.000000 0.000000 0.000000 0.000000
    46 0.000002 1.571991 0.000000 0.000000 0.000000 0.000000
    47 3.775905 -5.485672 -0.527956 -2.248292 -0.133225 -1.641886
  time 46
    0 -0.000003 -13.531250 -29.421875 1.570792 0.000003 -0.000003
    1 0.000000 3.345131 -2.981898 1.570796 0.083192 1.570795
    2 4.015625 0.000001 0.000000 0.000000 -0.000001 -0.028819
    3 3.520294 0.000005 -0.000006 0.000000 0.000000 0.097311
    4 8.929688 -0.000001 0.000000 0.000000 0.000001 0.186405
    5 2.035156 0.997070 1.937500 1.589735 -1.286517 2.950158
    6 6.028159 -0.000069 0.000009 -1.575890 0.049155 -1.169438
    7 11.692566 0.000046 0.000011 -0.000002 0.000000 -0.060376
    8 11.481682 0.000088 -0.000031 1.568292 -0.038710 0.036026
    9 3.857422 -0.139526 -1.191406 -0.363882 0.112047 -0.355498
    10 1.312565 -0.000008 0.000000 -0.000002 0.054404 -0.409012
    11 0.729366 0.000002 -0.000002 -0.000001 0.040754 -0.240990
    12 3.941406 0.046936 -0.435059 -0.101499 0.042182 -0.269683
    13 1.539091 0.000008 -0.000002 0.000000 0.003737 -0.247812
    14 1.196321 0.000000 -0.000002 -0.000001 0.006168 -0.430818
    15 3.880859 -0.043091 0.427490 0.090105 -0.011419 -0.132542
    16 1.719578 0.000023 -0.000021 -0.000005 -0.020423 -0.365964
    17 1.209181 -0.000004 -0.000001 0.000001 -0.011427 -0.216116
    18 3.863281 -0.136475 1.332031 0.320642 -0.041405 -0.125801
    19 1.719431 -0.000023 0.000019 0.000001 -0.106227 -0.347813
    20 1.099676 0.000000 0.000006 0.000004 -0.067955 -0.234890
    21 0.807129 -0.346924 1.320313 -1.243196 -0.551768 -0.740654
    22 1.789787 0.000006 0.000006 -0.000002 -0.003712 0.228604
    23 1.207012 0.000011 0.000000 -0.000001 -0.005667 0.362993
    24 2.035156 0.997070 -1.937500 -1.661572 1.286515 2.950150
    25 6.028144 -0.000011 0.000002 1.879953 0.488158 -0.515073
    26 12.301971 -1.003936 0.937532 0.713381 0.002867 -1.613104
    27 11.481657 0.000043 0.000019 -1.773495 0.475742 -0.222552
    28 3.854334 -0.131699 1.199994 0.390527 -0.101410 -0.916423
    29 1.312567 0.000000 0.000000 0.094365 -0.148312 -1.023377
    30 0.729362 0.000004 0.000003 0.246478 -0.201514 -1.343121
    31 3.941981 0.050872 0.435162 0.108940 0.058963 -0.470260
    32 1.539089 0.000008 0.000003 0.081999 -0.072597 -1.490887
    33 1.196316 0.000004 0.000005 0.030667 -0.074741 -1.027947
    34 3.880859 -0.047028 -0.427490 -0.079035 0.162996 -0.514648
    35 1.719567 0.000023 0.000016 -0.048600 0.058563 -1.498659
    36 1.209175 0.000008 0.000005 -0.038127 -0.010975 -1.196747
    37 3.867399 -0.148186 -1.324350 -0.424029 0.413272 -0.567318
    38 1.719419 -0.000008 -0.000008 -0.103004 0.275398 -0.995724
    39 1.099667 -0.000004 -0.000001 -0.048647 0.108807 -0.506629
    40 0.807129 -0.358643 -1.316406 1.391889 0.446143 -0.556731
    41 1.789783 -0.000002 -0.000002 0.030300 -0.047271 0.412855
    42 1.207001 0.000009 0.000000 -0.006735 -0.074450 -0.170094
    43 5.073761 -4.063510 -2.918343 3.826595 -0.063832 -1.771607
    44 0.000000 0.196712 0.000000 1.570797 0.000000 0.000001
    45 0.000002 2.032589 0.000000 0.000000 0.000000 0.000000
    46 0.000002 1.571991 0.000000 0.000000 0.000000 0.000000
    47 3.775905 -5.485672 -0.527956 -2.248292 -0.133225 -1.641886
  time 47
    0 -0.000003 -13.531250 -29.421875 1.570792 0.000003 -0.000003
    1 0.000000 3.345131 -2.981898 1.570796 0.083192 1.570795
    2 4.015625 0.000001 0.000000 0.000000 -0.000001 -0.028819
    3 3.520294 0.000005 -0.000006 0.000000 0.000000 0.097311
    4 8.929688 -0.000001 0.000000 0.000000 0.000001 0.186405
    5 2.035156 0.997070 1.937500 1.589735 -1.286517 2.950158
    6 6.028159 -0.000069 0.000009 -1.575890 0.049155 -1.169438
    7 11.692566 0.000046 0.000011 -0.000002 0.000000 -0.060376
    8 11.481682 0.000088 -0.000031 1.568292 -0.038710 0.036026
    9 3.857422 -0.139526 -1.191406 -0.363882 0.112047 -0.355498
    10 1.312565 -0.000008 0.000000 -0.000002 0.054404 -0.409012
    11 0.729366 0.000002 -0.000002 -0.000001 0.040754 -0.240990
    12 3.941406 0.046936 -0.435059 -0.101499 0.042182 -0.269683
    13 1.539091 0.000008 -0.000002 0.000000 0.003737 -0.247812
    14 1.196321 0.000000 -0.000002 -0.000001 0.006168 -0.430818
    15 3.880859 -0.043091 0.427490 0.090105 -0.011419 -0.132542
    16 1.719578 0.000023 -0.000021 -0.000005 -0.020423 -0.365964
    17 1.209181 -0.000004 -0.000001 0.000001 -0.011427 -0.216116
    18 3.863281 -0.136475 1.332031 0.320642 -0.041405 -0.125801
    19 1.719431 -0.000023 0.000019 0.000001 -0.106227 -0.347813
    20 1.099676 0.000000 0.000006 0.000004 -0.067955 -0.234890
    21 0.807129 -0.346924 1.320313 -1.243196 -0.551768 -0.740654
    22 1.789787 0.000006 0.000006 -0.000002 -0.003712 0.228604
    23 1.207012 0.000011 0.000000 -0.000001 -0.005667 0.362993
    24 2.035156 0.997070 -1.937500 -1.661572 1.286515 2.950150
    25 6.028144 -0.000011 0.000002 1.878671 0.487003 -0.515720
    26 12.301971 -1.003936 0.937532 0.712523 0.003156 -1.613852
    27 11.481657 0.000043 0.000019 -1.772354 0.476860 -0.220215
    28 3.854334 -0.131699 1.199994 0.390527 -0.101410 -0.916423
    29 1.312567 0.000000 0.000000 0.094365 -0.148312 -1.023377
    30 0.729362 0.000004 0.000003 0.246478 -0.201514 -1.343121
    31 3.941981 0.050872 0.435162 0.108940 0.058963 -0.470260
    32 1.539089 0.000008 0.000003 0.081999 -0.072597 -1.490925
    33 1.196316 0.000004 0.000005 0.030667 -0.074741 -1.027947
    34 3.880859 -0.047028 -0.427490 -0.079035 0.162996 -0.514648
    35 1.719567 0.000023 0.000016 -0.048600 0.058563 -1.498659
    36 1.209175 0.000008 0.000005 -0.038127 -0.010975 -1.196747
    37 3.863493 -0.148186 -1.324350 -0.424029 0.413272 -0.567318
    38 1.719419 -0.000008 -0.000008 -0.103004 0.275398 -0.995724
    39 1.099667 -0.000004 -0.000001 -0.048647 0.108807 -0.506629
    40 0.807129 -0.358643 -1.316406 1.391889 0.446143 -0.556731
    41 1.789783 -0.000002 -0.000002 0.030300 -0.047271 0.412867
    42 1.207001 0.000009 0.000000 -0.006735 -0.074450 -0.170094
    43 5.073761 -4.063510 -2.918343 3.826595 -0.063832 -1.771607
    44 0.000000 0.196712 0.000000 1.570797 0.000000 0.000001
    45 0.000002 2.032589 0.000000 0.000000 0.000000 0.000000
    46 0.000002 1.571991 0.000000 0.000000 0.000000 0.000000
    47 3.775905 -5.485672 -0.527956 -2.248292 -0.133225 -1.641886
  time 48
    0 -0.000003 -13.531250 -29.421875 1.570792 0.000003 -0.000003
    1 0.000000 3.345131 -2.981898 1.570796 0.083192 1.570795
    2 4.015625 0.000001 0.000000 0.000000 -0.000001 -0.028819
    3 3.520294 0.000005 -0.000006 0.000000 0.000000 0.097311
    4 8.929688 -0.000001 0.000000 0.000000 0.000001 0.186405
    5 2.035156 0.997070 1.937500 1.589735 -1.286517 2.950158
    6 6.028159 -0.000069 0.000009 -1.575890 0.049155 -1.169438
    7 11.692566 0.000046 0.000011 -0.000002 0.000000 -0.060376
    8 11.481682 0.000088 -0.000031 1.568292 -0.038710 0.036026
    9 3.857422 -0.139526 -1.191406 -0.363882 0.112047 -0.355498
    10 1.312565 -0.000008 0.000000 -0.000002 0.054404 -0.409012
    11 0.729366 0.000002 -0.000002 -0.000001 0.040754 -0.240990
    12 3.941406 0.046936 -0.435059 -0.101499 0.042182 -0.269683
    13 1.539091 0.000008 -0.000002 0.000000 0.003737 -0.247812
    14 1.196321 0.000000 -0.000002 -0.000001 0.006168 -0.430818
    15 3.880859 -0.043091 0.427490 0.090105 -0.011419 -0.132542
    16 1.719578 0.000023 -0.000021 -0.000005 -0.020423 -0.365964
    17 1.209181 -0.000004 -0.000001 0.000001 -0.011427 -0.216116
    18 3.863281 -0.136475 1.332031 0.320642 -0.041405 -0.125801
    19 1.719431 -0.000023 0.000019 0.000001 -0.106227 -0.347813
    20 1.099676 0.000000 0.000006 0.000004 -0.067955 -0.234890
    21 0.807129 -0.346924 1.320313 -1.243196 -0.551768 -0.740654
    22 1.789787 0.000006 0.000006 -0.000002 -0.003712 0.228604
    23 1.207012 0.000011 0.000000 -0.000001 -0.005667 0.362993
    24 2.035156 0.997070 -1.937500 -1.661572 1.286515 2.950150
    25 6.028144 -0.000011 0.000002 1.877425 0.485872 -0.516356
    26 12.301971 -1.003936 0.937532 0.711710 0.003444 -1.614547
    27 11.481657 0.000043 0.000019 -1.771214 0.477963 -0.217901
    28 3.854334 -0.131699 1.199994 0.390527 -0.101410 -0.916423
    29 1.312567 0.000000 0.000000 0.094365 -0.148312 -1.023377
    30 0.729362 0.000004 0.000003 0.246478 -0.201514 -1.343121
    31 3.941981 0.050872 0.435162 0.108940 0.058963 -0.470260
    32 1.539089 0.000008 0.000003 0.081999 -0.072597 -1.490925
    33 1.196316 0.000004 0.000005 0.030667 -0.074741 -1.027947
    34 3.880859 -0.047028 -0.427490 -0.079035 0.162996 -0.514648
    35 1.719567 0.000023 0.000016 -0.048600 0.058563 -1.498659
    36 1.209175 0.000008 0.000005 -0.038127 -0.010975 -1.196747
    37 3.867399 -0.148186 -1.324350 -0.424029 0.413272 -0.567318
    38 1.719419 -0.000008 -0.000008 -0.103004 0.275398 -0.995724
    39 1.099667 -0.000004 -0.000001 -0.048647 0.108807 -0.506629
    40 0.807129 -0.358643 -1.316406 1.391889 0.446143 -0.556731
    41 1.789783 -0.000002 -0.000002 0.030300 -0.047271 0.412867
    42 1.207001 0.000009 0.000000 -0.006735 -0.074450 -0.170094
    43 5.073761 -4.063510 -2.918343 3.826595 -0.063832 -1.771607
    44 0.000000 0.196712 0.000000 1.570797 0.000000 0.000001
    45 0.000002 2.032589 0.000000 0.000000 0.000000 0.000000
    46 0.000002 1.571991 0.000000 0.000000 0.000000 0.000000
    47 3.775905 -5.485672 -0.527956 -2.248292 -0.133225 -1.641886
  time 49
    0 -0.000003 -13.531250 -29.421875 1.570792 0.000003 -0.000003
    1 0.000000 3.345131 -2.981898 1.570796 0.083192 1.570795
    2 4.015625 0.000001 0.000000 0.000000 -0.000001 -0.028819
    3 3.520294 0.000005 -0.000006 0.000000 0.000000 0.097311
    4 8.929688 -0.000001 0.000000 0.000000 0.000001 0.186405
    5 2.035156 0.997070 1.937500 1.589735 -1.286517 2.950158
    6 6.028159 -0.000069 0.000009 -1.575890 0.049155 -1.169438
    7 11.692566 0.000046 0.000011 -0.000002 0.000000 -0.060376
    8 11.481682 0.000088 -0.000031 1.568292 -0.038710 0.036026
    9 3.857422 -0.139526 -1.191406 -0.363882 0.112047 -0.355498
    10 1.312565 -0.000008 0.000000 -0.000002 0.054404 -0.409012
    11 0.729366 0.000002 -0.000002 -0.000001 0.040754 -0.240990
    12 3.941406 0.046936 -0.435059 -0.101499 0.042182 -0.269683
    13 1.539091 0.000008 -0.000002 0.000000 0.003737 -0.247812
    14 1.196321 0.000000 -0.000002 -0.000001 0.006168 -0.430818
    15 3.880859 -0.043091 0.427490 0.090105 -0.011419 -0.132542
    16 1.719578 0.000023 -0.000021 -0.000005 -0.020423 -0.365964
    17 1.209181 -0.000004 -0.000001 0.000001 -0.011427 -0.216116
    18 3.863281 -0.136475 1.332031 0.320642 -0.041405 -0.125801
    19 1.719431 -0.000023 0.000019 0.000001 -0.106227 -0.347813
    20 1.099676 0.000000 0.000006 0.000004 -0.067955 -0.234890
    21 0.807129 -0.346924 1.320313 -1.243196 -0.551768 -0.740654
    22 1.789787 0.000006 0.000006 -0.000002 -0.003712 0.228604
    23 1.207012 0.000011 0.000000 -0.000001 -0.005667 0.362993
    24 2.035156 0.997070 -1.937500 -1.661572 1.286515 2.950150
    25 6.028144 -0.000011 0.000002 1.876178 0.484766 -0.516979
    26 12.301971 -1.003936 0.937532 0.710874 0.003718 -1.615296
    27 11.481657 0.000043 0.000019 -1.770092 0.479066 -0.215624
    28 3.854334 -0.131699 1.199994 0.390527 -0.101410 -0.916423
    29 1.312567 0.000000 0.000000 0.094365 -0.148312 -1.023377
    30 0.729362 0.000004 0.000003 0.246466 -0.201514 -1.343121
    31 3.941981 0.050872 0.435162 0.108940 0.058963 -0.470260
    32 1.539089 0.000008 0.000003 0.081999 -0.072597 -1.490887
    33 1.196316 0.000004 0.000005 0.030667 -0.074741 -1.027947
    34 3.880859 -0.047028 -0.427490 -0.079035 0.162996 -0.514648
    35 1.719567 0.000023 0.000016 -0.048600 0.058563 -1.498659
    36 1.209175 0.000008 0.000005 -0.038127 -0.010975 -1.196747
    37 3.867399 -0.148186 -1.324350 -0.424029 0.413272 -0.567318
    38 1.719419 -0.000008 -0.000008 -0.103004 0.275398 -0.995724
    39 1.099667 -0.000004 -0.000001 -0.048647 0.108807 -0.506629
    40 0.807129 -0.358643 -1.316406 1.391889 0.446143 -0.556731
    41 1.789783 -0.000002 -0.000002 0.030300 -0.047271 0.412855
    42 1.207001 0.000009 0.000000 -0.006735 -0.074450 -0.170094
    43 5.073761 -4.063510 -2.918343 3.826595 -0.063820 -1.771607
    44 0.000000 0.196712 0.000000 1.570797 0.000000 0.000001
    45 0.000002 2.032589 0.000000 0.000000 0.000000 0.000000
    46 0.000002 1.571991 0.000000 0.000000 0.000000 0.000000
    47 3.775905 -5.485672 -0.527956 -2.248292 -0.133225 -1.641886
  time 50
    0 -0.000003 -13.531250 -29.421875 1.570792 0.000003 -0.000003
    1 0.000000 3.345131 -2.981898 1.570796 0.083192 1.570795
    2 4.015625 0.000001 0.000000 0.000000 -0.000001 -0.028819
    3 3.520294 0.000005 -0.000006 0.000000 0.000000 0.097311
    4 8.929688 -0.000001 0.000000 0.000000 0.000001 0.186405
    5 2.035156 0.997070 1.937500 1.589735 -1.286517 2.950158
    6 6.028159 -0.000069 0.000009 -1.575890 0.049155 -1.169438
    7 11.692566 0.000046 0.000011 -0.000002 0.000000 -0.060376
    8 11.481682 0.000088 -0.000031 1.568292 -0.038710 0.036026
    9 3.857422 -0.139526 -1.191406 -0.363882 0.112047 -0.355498
    10 1.312565 -0.000008 0.000000 -0.000002 0.054404 -0.409012
    11 0.729366 0.000002 -0.000002 -0.000001 0.040754 -0.240990
    12 3.941406 0.046936 -0.435059 -0.101499 0.042182 -0.269683
    13 1.539091 0.000008 -0.000002 0.000000 0.003737 -0.247812
    14 1.196321 0.000000 -0.000002 -0.000001 0.006168 -0.430818
    15 3.880859 -0.043091 0.427490 0.090105 -0.011419 -0.132542
    16 1.719578 0.000023 -0.000021 -0.000005 -0.020423 -0.365964
    17 1.209181 -0.000004 -0.000001 0.000001 -0.011427 -0.216116
    18 3.863281 -0.136475 1.332031 0.320642 -0.041405 -0.125801
    19 1.719431 -0.000023 0.000019 0.000001 -0.106227 -0.347813
    20 1.099676 0.000000 0.000006 0.000004 -0.067955 -0.234890
    21 0.807129 -0.346924 1.320313 -1.243196 -0.551768 -0.740654
    22 1.789787 0.000006 0.000006 -0.000002 -0.003712 0.228604
    23 1.207012 0.000011 0.000000 -0.000001 -0.005667 0.362993
    24 2.035156 0.997070 -1.937500 -1.661572 1.286515 2.950150
    25 6.028144 -0.000011 0.000002 1.874968 0.483661 -0.517590
    26 12.301971 -1.003936 0.937532 0.710084 0.003991 -1.615990
    27 11.481657 0.000043 0.000019 -1.768989 0.480124 -0.213395
    28 3.854334 -0.131699 1.199994 0.390527 -0.101410 -0.916423
    29 1.312567 0.000000 0.000000 0.094365 -0.148312 -1.023377
    30 0.729362 0.000004 0.000003 0.246478 -0.201514 -1.343121
    31 3.941981 0.050872 0.435162 0.108940 0.058963 -0.470260
    32 1.539089 0.000008 0.000003 0.081999 -0.072597 -1.490925
    33 1.196316 0.000004 0.000005 0.030667 -0.074741 -1.027947
    34 3.880859 -0.047028 -0.427490 -0.079035 0.162996 -0.514648
    35 1.719567 0.000023 0.000016 -0.048600 0.058551 -1.498693
    36 1.209175 0.000008 0.000005 -0.038127 -0.010975 -1.196747
    37 3.863493 -0.148186 -1.324350 -0.424029 0.413272 -0.567318
    38 1.719419 -0.000008 -0.000008 -0.103004 0.275398 -0.995724
    39 1.099667 -0.000004 -0.000001 -0.048647 0.108807 -0.506629
    40 0.807129 -0.358643 -1.316406 1.391889 0.446143 -0.556731
    41 1.789783 -0.000002 -0.000002 0.030300 -0.047271 0.412855
    42 1.207001 0.000009 0.000000 -0.006735 -0.074450 -0.170094
    43 5.073761 -4.063510 -2.918343 3.826595 -0.063832 -1.771607
    44 0.000000 0.196712 0.000000 1.570797 0.000000 0.000001
    45 0.000002 2.032589 0.000000 0.000000 0.000000 0.000000
    46 0.000002 1.571991 0.000000 0.000000 0.000000 0.000000
    47 3.775905 -5.485672 -0.527956 -2.248292 -0.133225 -1.641886
  time 51
    0 -0.000003 -13.531250 -29.421875 1.570792 0.000003 -0.000003
    1 0.000000 3.345131 -2.981898 1.570796 0.083192 1.570795
    2 4.015625 0.000001 0.000000 0.000000 -0.000001 -0.028819
    3 3.520294 0.000005 -0.000006 0.000000 0.000000 0.097311
    4 8.929688 -0.000001 0.000000 0.000000 0.000001 0.186405
    5 2.035156 0.997070 1.937500 1.589735 -1.286517 2.950158
    6 6.028159 -0.000069 0.000009 -1.575890 0.049155 -1.169438
    7 11.692566 0.000046 0.000011 -0.000002 0.000000 -0.060376
    8 11.481682 0.000088 -0.000031 1.568292 -0.038710 0.036026
    9 3.857422 -0.139526 -1.191406 -0.363882 0.112047 -0.355498
    10 1.312565 -0.000008 0.000000 -0.000002 0.054404 -0.409012
    11 0.729366 0.000002 -0.000002 -0.000001 0.040754 -0.240990
    12 3.941406 0.046936 -0.435059 -0.101499 0.042182 -0.269683
    13 1.539091 0.000008 -0.000002 0.000000 0.003737 -0.247812
    14 1.196321 0.000000 -0.000002 -0.000001 0.006168 -0.430818
    15 3.880859 -0.043091 0.427490 0.090105 -0.011419 -0.132542
    16 1.719578 0.000023 -0.000021 -0.000005 -0.020423 -0.365964
    17 1.209181 -0.000004 -0.000001 0.000001 -0.011427 -0.216116
    18 3.863281 -0.136475 1.332031 0.320642 -0.041405 -0.125801
    19 1.719431 -0.000023 0.000019 0.000001 -0.106227 -0.347813
    20 1.099676 0.000000 0.000006 0.000004 -0.067955 -0.234890
    21 0.807129 -0.346924 1.320313 -1.243196 -0.551768 -0.740654
    22 1.789787 0.000006 0.000006 -0.000002 -0.003712 0.228604
    23 1.207012 0.000011 0.000000 -0.000001 -0.005667 0.362993
    24 2.035156 0.997070 -1.937500 -1.661572 1.286515 2.950150
    25 6.028144 -0.000011 0.000002 1.873781 0.482579 -0.518201
    26 12.301971 -1.003936 0.937532 0.709293 0.004265 -1.616685
    27 11.481657 0.000043 0.000019 -1.767906 0.481168 -0.211190
    28 3.858240 -0.131699 1.199994 0.390527 -0.101410 -0.916423
    29 1.312567 0.000000 0.000000 0.094365 -0.148312 -1.023377
    30 0.729362 0.000004 0.000003 0.246466 -0.201514 -1.343121
    31 3.941981 0.050872 0.435162 0.108940 0.058963 -0.470260
    32 1.539089 0.000008 0.000003 0.081999 -0.072597 -1.490887
    33 1.196316 0.000004 0.000005 0.030667 -0.074741 -1.027947
    34 3.880859 -0.047028 -0.427490 -0.079035 0.162996 -0.514648
    35 1.719567 0.000023 0.000016 -0.048600 0.058563 -1.498659
    36 1.209175 0.000008 0.000005 -0.038127 -0.010975 -1.196747
    37 3.867399 -0.148186 -1.324350 -0.424029 0.413272 -0.567318
    38 1.719419 -0.000008 -0.000008 -0.103004 0.275398 -0.995724
    39 1.099667 -0.000004 -0.000001 -0.048647 0.108807 -0.506629
    40 0.807129 -0.358643 -1.316406 1.391889 0.446143 -0.556731
    41 1.789783 -0.000002 -0.000002 0.030300 -0.047271 0.412855
    42 1.207001 0.000009 0.000000 -0.006735 -0.074450 -0.170094
    43 5.073761 -4.063510 -2.918343 3.826595 -0.063820 -1.771607
    44 0.000000 0.196712 0.000000 1.570797 0.000000 0.000001
    45 0.000002 2.032589 0.000000 0.000000 0.000000 0.000000
    46 0.000002 1.571991 0.000000 0.000000 0.000000 0.000000
    47 3.775905 -5.485672 -0.527956 -2.248292 -0.133225 -1.641886
  time 52
    0 -0.000003 -13.531250 -29.421875 1.570792 0.000003 -0.000003
    1 0.000000 3.345131 -2.981898 1.570796 0.083192 1.570795
    2 4.015625 0.000001 0.000000 0.000000 -0.000001 -0.028819
    3 3.520294 0.000005 -0.000006 0.000000 0.000000 0.097311
    4 8.929688 -0.000001 0.000000 0.000000 0.000001 0.186405
    5 2.035156 0.997070 1.937500 1.589735 -1.286517 2.950158
    6 6.028159 -0.000069 0.000009 -1.575890 0.049155 -1.169438
    7 11.692566 0.000046 0.000011 -0.000002 0.000000 -0.060376
    8 11.481682 0.000088 -0.000031 1.568292 -0.038710 0.036026
    9 3.857422 -0.139526 -1.191406 -0.363882 0.112047 -0.355498
    10 1.312565 -0.000008 0.000000 -0.000002 0.054404 -0.409012
    11 0.729366 0.000002 -0.000002 -0.000001 0.040754 -0.240990
    12 3.941406 0.046936 -0.435059 -0.101499 0.042182 -0.269683
    13 1.539091 0.000008 -0.000002 0.000000 0.003737 -0.247812
    14 1.196321 0.000000 -0.000002 -0.000001 0.006168 -0.430818
    15 3.880859 -0.043091 0.427490 0.090105 -0.011419 -0.132542
    16 1.719578 0.000023 -0.000021 -0.000005 -0.020423 -0.365964
    17 1.209181 -0.000004 -0.000001 0.000001 -0.011427 -0.216116
    18 3.863281 -0.136475 1.332031 0.320642 -0.041405 -0.125801
    19 1.719431 -0.000023 0.000019 0.000001 -0.106227 -0.347813
    20 1.099676 0.000000 0.000006 0.000004 -0.067955 -0.234890
    21 0.807129 -0.346924 1.320313 -1.243196 -0.551768 -0.740654
    22 1.789787 0.000006 0.000006 -0.000002 -0.003712 0.228604
    23 1.207012 0.000011 0.000000 -0.000001 -0.005667 0.362993
    24 2.035156 0.997070 -1.937500 -1.661572 1.286515 2.950150
    25 6.028144 -0.000011 0.000002 1.872619 0.481522 -0.518788
    26 12.301971 -1.003936 0.937532 0.708526 0.004525 -1.617327
    27 11.481657 0.000043 0.000019 -1.766822 0.482198 -0.209045
    28 3.858240 -0.131699 1.199994 0.390527 -0.101410 -0.916423
    29 1.312567 0.000000 0.000000 0.094365 -0.148312 -1.023377
    30 0.729362 0.000004 0.000003 0.246478 -0.201514 -1.343121
    31 3.938074 0.050872 0.435162 0.108940 0.058963 -0.470260
    32 1.539089 0.000008 0.000003 0.081999 -0.072597 -1.490925
    33 1.196316 0.000004 0.000005 0.030667 -0.074741 -1.027947
    34 3.880859 -0.047028 -0.427490 -0.079035 0.162996 -0.514648
    35 1.719567 0.000023 0.000016 -0.048600 0.058563 -1.498659
    36 1.209175 0.000008 0.000005 -0.038127 -0.010975 -1.196747
    37 3.863493 -0.148186 -1.324350 -0.424029 0.413272 -0.567318
    38 1.719419 -0.000008 -0.000008 -0.103004 0.275398 -0.995724
    39 1.099667 -0.000004 -0.000001 -0.048647 0.108807 -0.506629
    40 0.807129 -0.358643 -1.316406 1.391889 0.446143 -0.556731
    41 1.789783 -0.000002 -0.000002 0.030300 -0.047271 0.412855
    42 1.207001 0.000009 0.000000 -0.006735 -0.074450 -0.170094
    43 5.073761 -4.063510 -2.918343 3.826595 -0.063820 -1.771607
    44 0.000000 0.196712 0.000000 1.570797 0.000000 0.000001
    45 0.000002 2.032589 0.000000 0.000000 0.000000 0.000000
    46 0.000002 1.571991 0.000000 0.000000 0.000000 0.000000
    47 3.775905 -5.485672 -0.527956 -2.248292 -0.133225 -1.641886
  time 53
    0 -0.000003 -13.531250 -29.421875 1.570792 0.000003 -0.000003
    1 0.000000 3.345131 -2.981898 1.570796 0.083192 1.570795
    2 4.015625 0.000001 0.000000 0.000000 -0.000001 -0.028819
    3 3.520294 0.000005 -0.000006 0.000000 0.000000 0.097311
    4 8.929688 -0.000001 0.000000 0.000000 0.000001 0.186405
    5 2.035156 0.997070 1.937500 1.589735 -1.286517 2.950158
    6 6.028159 -0.000069 0.000009 -1.575890 0.049155 -1.169438
    7 11.692566 0.000046 0.000011 -0.000002 0.000000 -0.060376
    8 11.481682 0.000088 -0.000031 1.568292 -0.038710 0.036026
    9 3.857422 -0.139526 -1.191406 -0.363882 0.112047 -0.355498
    10 1.312565 -0.000008 0.000000 -0.000002 0.054404 -0.409012
    11 0.729366 0.000002 -0.000002 -0.000001 0.040754 -0.240990
    12 3.941406 0.046936 -0.435059 -0.101499 0.042182 -0.269683
    13 1.539091 0.000008 -0.000002 0.000000 0.003737 -0.247812
    14 1.196321 0.000000 -0.000002 -0.000001 0.006168 -0.430818
    15 3.880859 -0.043091 0.427490 0.090105 -0.011419 -0.132542
    16 1.719578 0.000023 -0.000021 -0.000005 -0.020423 -0.365964
    17 1.209181 -0.000004 -0.000001 0.000001 -0.011427 -0.216116
    18 3.863281 -0.136475 1.332031 0.320642 -0.041405 -0.125801
    19 1.719431 -0.000023 0.000019 0.000001 -0.106227 -0.347813
    20 1.099676 0.000000 0.000006 0.000004 -0.067955 -0.234890
    21 0.807129 -0.346924 1.320313 -1.243196 -0.551768 -0.740654
    22 1.789787 0.000006 0.000006 -0.000002 -0.003712 0.228604
    23 1.207012 0.000011 0.000000 -0.000001 -0.005667 0.362993
    24 2.035156 0.997070 -1.937500 -1.661572 1.286515 2.950150
    25 6.028144 -0.000011 0.000002 1.871492 0.480490 -0.519364
    26 12.301971 -1.003936 0.937532 0.707758 0.004784 -1.617968
    27 11.481657 0.000043 0.000019 -1.765777 0.483198 -0.206936
    28 3.854334 -0.131699 1.199994 0.390527 -0.101410 -0.916423
    29 1.312567 0.000000 0.000000 0.094365 -0.148312 -1.023377
    30 0.729362 0.000004 0.000003 0.246478 -0.201514 -1.343121
    31 3.941981 0.050872 0.435162 0.108940 0.058963 -0.470260
    32 1.539089 0.000008 0.000003 0.081999 -0.072597 -1.490925
    33 1.196316 0.000004 0.000005 0.030667 -0.074741 -1.027947
    34 3.880859 -0.047028 -0.427490 -0.079035 0.162996 -0.514648
    35 1.719567 0.000023 0.000016 -0.048600 0.058563 -1.498659
    36 1.209175 0.000008 0.000005 -0.038127 -0.010975 -1.196747
    37 3.867399 -0.148186 -1.324350 -0.424029 0.413272 -0.567318
    38 1.719419 -0.000008 -0.000008 -0.103004 0.275398 -0.995724
    39 1.099667 -0.000004 -0.000001 -0.048647 0.108807 -0.506629
    40 0.807129 -0.358643 -1.316406 1.391889 0.446143 -0.556731
    41 1.789783 -0.000002 -0.000002 0.030300 -0.047271 0.412855
    42 1.207001 0.000009 0.000000 -0.006735 -0.074450 -0.170094
    43 5.073761 -4.063510 -2.918343 3.826595 -0.063820 -1.771607
    44 0.000000 0.196712 0.000000 1.570797 0.000000 0.000001
    45 0.000002 2.032589 0.000000 0.000000 0.000000 0.000000
    46 0.000002 1.571991 0.000000 0.000000 0.000000 0.000000
    47 3.775905 -5.485672 -0.527956 -2.248292 -0.133225 -1.641886
  time 54
    0 -0.000003 -13.531250 -29.421875 1.570792 0.000003 -0.000003
    1 0.000000 3.345131 -2.981898 1.570796 0.083192 1.570795
    2 4.015625 0.000001 0.000000 0.000000 -0.000001 -0.028819
    3 3.520294 0.000005 -0.000006 0.000000 0.000000 0.097311
    4 8.929688 -0.000001 0.000000 0.000000 0.000001 0.186405
    5 2.035156 0.997070 1.937500 1.589735 -1.286517 2.950158
    6 6.028159 -0.000069 0.000009 -1.575890 0.049155 -1.169438
    7 11.692566 0.000046 0.000011 -0.000002 0.000000 -0.060376
    8 11.481682 0.000088 -0.000031 1.568292 -0.038710 0.036026
    9 3.857422 -0.139526 -1.191406 -0.363882 0.112047 -0.355498
    10 1.312565 -0.000008 0.000000 -0.000002 0.054404 -0.409012
    11 0.729366 0.000002 -0.000002 -0.000001 0.040754 -0.240990
    12 3.941406 0.046936 -0.435059 -0.101499 0.042182 -0.269683
    13 1.539091 0.000008 -0.000002 0.000000 0.003737 -0.247812
    14 1.196321 0.000000 -0.000002 -0.000001 0.006168 -0.430818
    15 3.880859 -0.043091 0.427490 0.090105 -0.011419 -0.132542
    16 1.719578 0.000023 -0.000021 -0.000005 -0.020423 -0.365964
    17 1.209181 -0.000004 -0.000001 0.000001 -0.011427 -0.216116
    18 3.863281 -0.136475 1.332031 0.320642 -0.041405 -0.125801
    19 1.719431 -0.000023 0.000019 0.000001 -0.106227 -0.347813
    20 1.099676 0.000000 0.000006 0.000004 -0.067955 -0.234890
    21 0.807129 -0.346924 1.320313 -1.243196 -0.551768 -0.740654
    22 1.789787 0.000006 0.000006 -0.000002 -0.003712 0.228604
    23 1.207012 0.000011 0.000000 -0.000001 -0.005667 0.362993
    24 2.035156 0.997070 -1.937500 -1.661572 1.286515 2.950150
    25 6.028144 -0.000011 0.000002 1.870390 0.479483 -0.519915
    26 12.301971 -1.003936 0.937532 0.707035 0.005043 -1.618610
    27 11.481657 0.000043 0.000019 -1.764750 0.484168 -0.204886
    28 3.854334 -0.131699 1.199994 0.390527 -0.101410 -0.916423
    29 1.312567 0.000000 0.000000 0.094365 -0.148312 -1.023377
    30 0.729362 0.000004 0.000003 0.246466 -0.201514 -1.343121
    31 3.941981 0.050872 0.435162 0.108940 0.058963 -0.470260
    32 1.539089 0.000008 0.000003 0.081999 -0.072597 -1.490887
    33 1.196316 0.000004 0.000005 0.030667 -0.074741 -1.027947
    34 3.880859 -0.047028 -0.427490 -0.079035 0.162996 -0.514648
    35 1.719567 0.000023 0.000016 -0.048600 0.058563 -1.498659
    36 1.209175 0.000008 0.000005 -0.038127 -0.010975 -1.196747
    37 3.867399 -0.148186 -1.324350 -0.424029 0.413272 -0.567318
    38 1.719419 -0.000008 -0.000008 -0.103004 0.275398 -0.995724
    39 1.099667 -0.000004 -0.000001 -0.048647 0.108807 -0.506629
    40 0.807129 -0.358643 -1.316406 1.391889 0.446143 -0.556731
    41 1.789783 -0.000002 -0.000002 0.030300 -0.047271 0.412855
    42 1.207001 0.000009 0.000000 -0.006735 -0.074450 -0.170110
    43 5.073761 -4.063510 -2.918343 3.826595 -0.063820 -1.771607
    44 0.000000 0.196712 0.000000 1.570797 0.000000 0.000001
    45 0.000002 2.032589 0.000000 0.000000 0.000000 0.000000
    46 0.000002 1.571991 0.000000 0.000000 0.000000 0.000000
    47 3.775905 -5.485672 -0.527956 -2.248292 -0.133225 -1.641886
  time 55
    0 -0.000003 -13.531250 -29.421875 1.570792 0.000003 -0.000003
    1 0.000000 3.345131 -2.981898 1.570796 0.083192 1.570795
    2 4.015625 0.000001 0.000000 0.000000 -0.000001 -0.028819
    3 3.520294 0.000005 -0.000006 0.000000 0.000000 0.097311
    4 8.929688 -0.000001 0.000000 0.000000 0.000001 0.186405
    5 2.035156 0.997070 1.937500 1.589735 -1.286517 2.950158
    6 6.028159 -0.000069 0.000009 -1.575890 0.049155 -1.169438
    7 11.692566 0.000046 0.000011 -0.000002 0.000000 -0.060376
    8 11.481682 0.000088 -0.000031 1.568292 -0.038710 0.036026
    9 3.857422 -0.139526 -1.191406 -0.363882 0.112047 -0.355498
    10 1.312565 -0.000008 0.000000 -0.000002 0.054404 -0.409012
    11 0.729366 0.000002 -0.000002 -0.000001 0.040754 -0.240990
    12 3.941406 0.046936 -0.435059 -0.101499 0.042182 -0.269683
    13 1.539091 0.000008 -0.000002 0.000000 0.003737 -0.247812
    14 1.196321 0.000000 -0.000002 -0.000001 0.006168 -0.430818
    15 3.880859 -0.043091 0.427490 0.090105 -0.011419 -0.132542
    16 1.719578 0.000023 -0.000021 -0.000005 -0.020423 -0.365964
    17 1.209181 -0.000004 -0.000001 0.000001 -0.011427 -0.216116
    18 3.863281 -0.136475 1.332031 0.320642 -0.041405 -0.125801
    19 1.719431 -0.000023 0.000019 0.000001 -0.106227 -0.347813
    20 1.099676 0.000000 0.000006 0.000004 -0.067955 -0.234890
    21 0.807129 -0.346924 1.320313 -1.243196 -0.551768 -0.740654
    22 1.789787 0.000006 0.000006 -0.000002 -0.003712 0.228604
    23 1.207012 0.000011 0.000000 -0.000001 -0.005667 0.362993
    24 2.035156 0.997070 -1.937500 -1.661572 1.286515 2.950150
    25 6.028144 -0.000011 0.000002 1.869323 0.478500 -0.520454
    26 12.301971 -1.003936 0.937532 0.706312 0.005288 -1.619251
    27 11.481657 0.000043 0.000019 -1.763743 0.485109 -0.202897
    28 3.854334 -0.131699 1.199994 0.390527 -0.101410 -0.916423
    29 1.312567 0.000000 0.000000 0.094365 -0.148312 -1.023377
    30 0.729362 0.000004 0.000003 0.246478 -0.201514 -1.343121
    31 3.938074 0.050872 0.435162 0.108940 0.058963 -0.470260
    32 1.539089 0.000008 0.000003 0.081999 -0.072597 -1.490887
    33 1.196316 0.000004 0.000005 0.030667 -0.074741 -1.027947
    34 3.880859 -0.047028 -0.427490 -0.079035 0.162996 -0.514648
    35 1.719567 0.000023 0.000016 -0.048600 0.058563 -1.498659
    36 1.209175 0.000008 0.000005 -0.038127 -0.010975 -1.196747
    37 3.867399 -0.148186 -1.324350 -0.424029 0.413272 -0.567318
    38 1.719419 -0.000008 -0.000008 -0.103004 0.275398 -0.995724
    39 1.099667 -0.000004 -0.000001 -0.048647 0.108807 -0.506629
    40 0.807129 -0.358643 -1.316406 1.391889 0.446143 -0.556731
    41 1.789783 -0.000002 -0.000002 0.030300 -0.047271 0.412855
    42 1.207001 0.000009 0.000000 -0.006735 -0.074450 -0.170094
    43 5.073761 -4.063510 -2.918343 3.826665 -0.063832 -1.771607
    44 0.000000 0.196712 0.000000 1.570797 0.000000 0.000001
    45 0.000002 2.032589 0.000000 0.000000 0.000000 0.000000
    46 0.000002 1.571991 0.000000 0.000000 0.000000 0.000000
    47 3.775905 -5.485672 -0.527956 -2.248292 -0.133225 -1.641886
  time 56
    0 -0.000003 -13.531250 -29.421875 1.570792 0.000003 -0.000003
    1 0.000000 3.345131 -2.981898 1.570796 0.083192 1.570795
    2 4.015625 0.000001 0.000000 0.000000 -0.000001 -0.028819
    3 3.520294 0.000005 -0.000006 0.000000 0.000000 0.097311
    4 8.929688 -0.000001 0.000000 0.000000 0.000001 0.186405
    5 2.035156 0.997070 1.937500 1.589735 -1.286517 2.950158
    6 6.028159 -0.000069 0.000009 -1.575890 0.049155 -1.169438
    7 11.692566 0.000046 0.000011 -0.000002 0.000000 -0.060376
    8 11.481682 0.000088 -0.000031 1.568292 -0.038710 0.036026
    9 3.857422 -0.139526 -1.191406 -0.363882 0.112047 -0.355498
    10 1.312565 -0.000008 0.000000 -0.000002 0.054404 -0.409012
    11 0.729366 0.000002 -0.000002 -0.000001 0.040754 -0.240990
    12 3.941406 0.046936 -0.435059 -0.101499 0.042182 -0.269683
    13 1.539091 0.000008 -0.000002 0.000000 0.003737 -0.247812
    14 1.196321 0.000000 -0.000002 -0.000001 0.006168 -0.430818
    15 3.880859 -0.043091 0.427490 0.090105 -0.011419 -0.132542
    16 1.719578 0.000023 -0.000021 -0.000005 -0.020423 -0.365964
    17 1.209181 -0.000004 -0.000001 0.000001 -0.011427 -0.216116
    18 3.863281 -0.136475 1.332031 0.320642 -0.041405 -0.125801
    19 1.719431 -0.000023 0.000019 0.000001 -0.106227 -0.347813
    20 1.099676 0.000000 0.000006 0.000004 -0.067955 -0.234890
    21 0.807129 -0.346924 1.320313 -1.243196 -0.551768 -0.740654
    22 1.789787 0.000006 0.000006 -0.000002 -0.003712 0.228604
    23 1.207012 0.000011 0.000000 -0.000001 -0.005667 0.362993
    24 2.035156 0.997070 -1.937500 -1.661572 1.286515 2.950150
    25 6.028144 -0.000011 0.000002 1.868280 0.477566 -0.520982
    26 12.301971 -1.003936 0.937532 0.705635 0.005519 -1.619839
    27 11.481657 0.000043 0.000019 -1.762773 0.486021 -0.200955
    28 3.858240 -0.131699 1.199994 0.390527 -0.101410 -0.916423
    29 1.312567 0.000000 0.000000 0.094365 -0.148312 -1.023377
    30 0.729362 0.000004 0.000003 0.246466 -0.201514 -1.343121
    31 3.941981 0.050872 0.435162 0.108940 0.058963 -0.470260
    32 1.539089 0.000008 0.000003 0.081999 -0.072597 -1.490887
    33 1.196316 0.000004 0.000005 0.030667 -0.074741 -1.027947
    34 3.880859 -0.047028 -0.427490 -0.079035 0.162996 -0.514648
    35 1.719567 0.000023 0.000016 -0.048600 0.058563 -1.498659
    36 1.209175 0.000008 0.000005 -0.038127 -0.010975 -1.196747
    37 3.867399 -0.148186 -1.324350 -0.424029 0.413272 -0.567318
    38 1.719419 -0.000008 -0.000008 -0.103004 0.275398 -0.995724
    39 1.099667 -0.000004 -0.000001 -0.048647 0.108807 -0.506629
    40 0.807129 -0.358643 -1.316406 1.391889 0.446143 -0.556731
    41 1.789783 -0.000002 -0.000002 0.030300 -0.047271 0.412855
    42 1.207001 0.000009 0.000000 -0.006735 -0.074450 -0.170094
    43 5.073761 -4.063510 -2.918343 3.826595 -0.063820 -1.771591
    44 0.000000 0.196712 0.000000 1.570797 0.000000 0.000001
    45 0.000002 2.032589 0.000000 0.000000 0.000000 0.000000
    46 0.000002 1.571991 0.000000 0.000000 0.000000 0.000000
    47 3.775905 -5.485672 -0.527956 -2.248292 -0.133225 -1.641886
  time 57
    0 -0.000003 -13.531250 -29.421875 1.570792 0.000003 -0.000003
    1 0.000000 3.345131 -2.981898 1.570796 0.083192 1.570795
    2 4.015625 0.000001 0.000000 0.000000 -0.000001 -0.028819
    3 3.520294 0.000005 -0.000006 0.000000 0.000000 0.097311
    4 8.929688 -0.000001 0.000000 0.000000 0.000001 0.186405
    5 2.035156 0.997070 1.937500 1.589735 -1.286517 2.950158
    6 6.028159 -0.000069 0.000009 -1.575890 0.049155 -1.169438
    7 11.692566 0.000046 0.000011 -0.000002 0.000000 -0.060376
    8 11.481682 0.000088 -0.000031 1.568292 -0.038710 0.036026
    9 3.857422 -0.139526 -1.191406 -0.363882 0.112047 -0.355498
    10 1.312565 -0.000008 0.000000 -0.000002 0.054404 -0.409012
    11 0.729366 0.000002 -0.000002 -0.000001 0.040754 -0.240990
    12 3.941406 0.046936 -0.435059 -0.101499 0.042182 -0.269683
    13 1.539091 0.000008 -0.000002 0.000000 0.003737 -0.247812
    14 1.196321 0.000000 -0.000002 -0.000001 0.006168 -0.430818
    15 3.880859 -0.043091 0.427490 0.090105 -0.011419 -0.132542
    16 1.719578 0.000023 -0.000021 -0.000005 -0.020423 -0.365964
    17 1.209181 -0.000004 -0.000001 0.000001 -0.011427 -0.216116
    18 3.863281 -0.136475 1.332031 0.320642 -0.041405 -0.125801
    19 1.719431 -0.000023 0.000019 0.000001 -0.106227 -0.347813
    20 1.099676 0.000000 0.000006 0.000004 -0.067955 -0.234890
    21 0.807129 -0.346924 1.320313 -1.243196 -0.551768 -0.740654
    22 1.789787 0.000006 0.000006 -0.000002 -0.003712 0.228604
    23 1.207012 0.000011 0.000000 -0.000001 -0.005667 0.362993
    24 2.035156 0.997070 -1.937500 -1.661572 1.286515 2.950150
    25 6.028144 -0.000011 0.000002 1.867286 0.476632 -0.521497
    26 12.301971 -1.003936 0.937532 0.704957 0.005749 -1.620427
    27 11.481657 0.000043 0.000019 -1.761822 0.486903 -0.199086
    28 3.854334 -0.131699 1.199994 0.390527 -0.101410 -0.916423
    29 1.312567 0.000000 0.000000 0.094365 -0.148312 -1.023377
    30 0.729362 0.000004 0.000003 0.246466 -0.201514 -1.343121
    31 3.941981 0.050872 0.435162 0.108940 0.058963 -0.470260
    32 1.539089 0.000008 0.000003 0.081999 -0.072597 -1.490925
    33 1.196316 0.000004 0.000005 0.030667 -0.074741 -1.027947
    34 3.880859 -0.047028 -0.427490 -0.079035 0.162996 -0.514648
    35 1.719567 0.000023 0.000016 -0.048600 0.058563 -1.498659
    36 1.209175 0.000008 0.000005 -0.038127 -0.010975 -1.196747
    37 3.867399 -0.148186 -1.324350 -0.424029 0.413272 -0.567318
    38 1.719419 -0.000008 -0.000008 -0.103004 0.275398 -0.995724
    39 1.099667 -0.000004 -0.000001 -0.048647 0.108807 -0.506629
    40 0.807129 -0.358643 -1.316406 1.391889 0.446143 -0.556731
    41 1.789783 -0.000002 -0.000002 0.030300 -0.047271 0.412855
    42 1.207001 0.000009 0.000000 -0.006735 -0.074450 -0.170094
    43 5.073761 -4.063510 -2.918343 3.826595 -0.063820 -1.771607
    44 0.000000 0.196712 0.000000 1.570797 0.000000 0.000001
    45 0.000002 2.032589 0.000000 0.000000 0.000000 0.000000
    46 0.000002 1.571991 0.000000 0.000000 0.000000 0.000000
    47 3.775905 -5.485672 -0.527956 -2.248292 -0.133225 -1.641886
  time 58
    0 -0.000003 -13.531250 -29.421875 1.570792 0.000003 -0.000003
    1 0.000000 3.345131 -2.981898 1.570796 0.083192 1.570795
    2 4.015625 0.000001 0.000000 0.000000 -0.000001 -0.028819
    3 3.520294 0.000005 -0.000006 0.000000 0.000000 0.097311
    4 8.929688 -0.000001 0.000000 0.000000 0.000001 0.186405
    5 2.035156 0.997070 1.937500 1.589735 -1.286517 2.950158
    6 6.028159 -0.000069 0.000009 -1.575890 0.049155 -1.169438
    7 11.692566 0.000046 0.000011 -0.000002 0.000000 -0.060376
    8 11.481682 0.000088 -0.000031 1.568292 -0.038710 0.036026
    9 3.857422 -0.139526 -1.191406 -0.363882 0.112047 -0.355498
    10 1.312565 -0.000008 0.000000 -0.000002 0.054404 -0.409012
    11 0.729366 0.000002 -0.000002 -0.000001 0.040754 -0.240990
    12 3.941406 0.046936 -0.435059 -0.101499 0.042182 -0.269683
    13 1.539091 0.000008 -0.000002 0.000000 0.003737 -0.247812
    14 1.196321 0.000000 -0.000002 -0.000001 0.006168 -0.430818
    15 3.880859 -0.043091 0.427490 0.090105 -0.011419 -0.132542
    16 1.719578 0.000023 -0.000021 -0.000005 -0.020423 -0.365964
    17 1.209181 -0.000004 -0.000001 0.000001 -0.011427 -0.216116
    18 3.863281 -0.136475 1.332031 0.320642 -0.041405 -0.125801
    19 1.719431 -0.000023 0.000019 0.000001 -0.106227 -0.347813
    20 1.099676 0.000000 0.000006 0.000004 -0.067955 -0.234890
    21 0.807129 -0.346924 1.320313 -1.243196 -0.551768 -0.740654
    22 1.789787 0.000006 0.000006 -0.000002 -0.003712 0.228604
    23 1.207012 0.000011 0.000000 -0.000001 -0.005667 0.362993
    24 2.035156 0.997070 -1.937500 -1.661572 1.286515 2.950150
    25 6.028144 -0.000011 0.000002 1.866327 0.475747 -0.521976
    26 12.301971 -1.003936 0.937532 0.704325 0.005980 -1.620962
    27 11.481657 0.000043 0.000019 -1.760910 0.487756 -0.197276
    28 3.854334 -0.131699 1.199994 0.390527 -0.101410 -0.916423
    29 1.312567 0.000000 0.000000 0.094365 -0.148312 -1.023377
    30 0.729362 0.000004 0.000003 0.246478 -0.201514 -1.343121
    31 3.941981 0.050872 0.435162 0.108940 0.058963 -0.470260
    32 1.539089 0.000008 0.000003 0.081999 -0.072597 -1.490925
    33 1.196316 0.000004 0.000005 0.030667 -0.074741 -1.027947
    34 3.880859 -0.047028 -0.427490 -0.079035 0.162996 -0.514648
    35 1.719567 0.000023 0.000016 -0.048600 0.058563 -1.498659
    36 1.209175 0.000008 0.000005 -0.038127 -0.010975 -1.196747
    37 3.867399 -0.148186 -1.324350 -0.424029 0.413272 -0.567318
    38 1.719419 -0.000008 -0.000008 -0.103004 0.275398 -0.995724
    39 1.099667 -0.000004 -0.000001 -0.048647 0.108807 -0.506629
    40 0.807129 -0.358643 -1.316406 1.391889 0.446143 -0.556731
    41 1.789783 -0.000002 -0.000002 0.030300 -0.047271 0.412855
    42 1.207001 0.000009 0.000000 -0.006735 -0.074450 -0.170094
    43 5.073761 -4.063510 -2.918343 3.826595 -0.063820 -1.771607
    44 0.000000 0.196712 0.000000 1.570797 0.000000 0.000001
    45 0.000002 2.032589 0.000000 0.000000 0.000000 0.000000
    46 0.000002 1.571991 0.000000 0.000000 0.000000 0.000000
    47 3.775905 -5.485672 -0.527956 -2.248292 -0.133225 -1.641886
  time 59
    0 -0.000003 -13.531250 -29.421875 1.570792 0.000003 -0.000003
    1 0.000000 3.345131 -2.981898 1.570796 0.083192 1.570795
    2 4.015625 0.000001 0.000000 0.000000 -0.000001 -0.028819
    3 3.520294 0.000005 -0.000006 0.000000 0.000000 0.097311
    4 8.929688 -0.000001 0.000000 0.000000 0.000001 0.186405
    5 2.035156 0.997070 1.937500 1.589735 -1.286517 2.950158
    6 6.028159 -0.000069 0.000009 -1.575890 0.049155 -1.169438
    7 11.692566 0.000046 0.000011 -0.000002 0.000000 -0.060376
    8 11.481682 0.000088 -0.000031 1.568292 -0.038710 0.036026
    9 3.857422 -0.139526 -1.191406 -0.363882 0.112047 -0.355498
    10 1.312565 -0.000008 0.000000 -0.000002 0.054404 -0.409012
    11 0.729366 0.000002 -0.000002 -0.000001 0.040754 -0.240990
    12 3.941406 0.046936 -0.435059 -0.101499 0.042182 -0.269683
    13 1.539091 0.000008 -0.000002 0.000000 0.003737 -0.247812
    14 1.196321 0.000000 -0.000002 -0.000001 0.006168 -0.430818
    15 3.880859 -0.043091 0.427490 0.090105 -0.011419 -0.132542
    16 1.719578 0.000023 -0.000021 -0.000005 -0.020423 -0.365964
    17 1.209181 -0.000004 -0.000001 0.000001 -0.011427 -0.216116
    18 3.863281 -0.136475 1.332031 0.320642 -0.041405 -0.125801
    19 1.719431 -0.000023 0.000019 0.000001 -0.106227 -0.347813
    20 1.099676 0.000000 0.000006 0.000004 -0.067955 -0.234890
    21 0.807129 -0.346924 1.320313 -1.243196 -0.551768 -0.740654
    22 1.789787 0.000006 0.000006 -0.000002 -0.003712 0.228604
    23 1.207012 0.000011 0.000000 -0.000001 -0.005667 0.362993
    24 2.035156 0.997070 -1.937500 -1.661572 1.286515 2.950150
    25 6.028144 -0.000011 0.000002 1.865392 0.474912 -0.522456
    26 12.301971 -1.003936 0.937532 0.703693 0.006182 -1.621550
    27 11.481657 0.000043 0.000019 -1.760016 0.488565 -0.195538
    28 3.854334 -0.131699 1.199994 0.390527 -0.101410 -0.916423
    29 1.312567 0.000000 0.000000 0.094365 -0.148312 -1.023377
    30 0.729362 0.000004 0.000003 0.246466 -0.201514 -1.343121
    31 3.941981 0.050872 0.435162 0.108940 0.058963 -0.470260
    32 1.539089 0.000008 0.000003 0.081999 -0.072597 -1.490887
    33 1.196316 0.000004 0.000005 0.030667 -0.074741 -1.027947
    34 3.880859 -0.047028 -0.427490 -0.079035 0.162996 -0.514648
    35 1.719567 0.000023 0.000016 -0.048600 0.058563 -1.498659
    36 1.209175 0.000008 0.000005 -0.038127 -0.010975 -1.196747
    37 3.863493 -0.148186 -1.324350 -0.424029 0.413272 -0.567318
    38 1.719419 -0.000008 -0.000008 -0.103004 0.275398 -0.995724
    39 1.099667 -0.000004 -0.000001 -0.048647 0.108807 -0.506629
    40 0.807129 -0.358643 -1.316406 1.391889 0.446143 -0.556731
    41 1.789783 -0.000002 -0.000002 0.030300 -0.047271 0.412855
    42 1.207001 0.000009 0.000000 -0.006735 -0.074450 -0.170094
    43 5.073761 -4.063510 -2.918343 3.826595 -0.063820 -1.771607
    44 0.000000 0.196712 0.000000 1.570797 0.000000 0.000001
    45 0.000002 2.032589 0.000000 0.000000 0.000000 0.000000
    46 0.000002 1.571991 0.000000 0.000000 0.000000 0.000000
    47 3.775905 -5.485672 -0.527956 -2.248292 -0.133225 -1.641886
  time 60
    0 -0.000003 -13.531250 -29.421875 1.570792 0.000003 -0.000003
    1 0.000000 3.345131 -2.981898 1.570796 0.083192 1.570795
    2 4.015625 0.000001 0.000000 0.000000 -0.000001 -0.028819
    3 3.520294 0.000005 -0.000006 0.000000 0.000000 0.097311
    4 8.929688 -0.000001 0.000000 0.000000 0.000001 0.186405
    5 2.035156 0.997070 1.937500 1.589735 -1.286517 2.950158
    6 6.028159 -0.000069 0.000009 -1.575890 0.049155 -1.169438
    7 11.692566 0.000046 0.000011 -0.000002 0.000000 -0.060376
    8 11.481682 0.000088 -0.000031 1.568292 -0.038710 0.036026
    9 3.857422 -0.139526 -1.191406 -0.363882 0.112047 -0.355498
    10 1.312565 -0.000008 0.000000 -0.000002 0.054404 -0.409012
    11 0.729366 0.000002 -0.000002 -0.000001 0.040754 -0.240990
    12 3.941406 0.046936 -0.435059 -0.101499 0.042182 -0.269683
    13 1.539091 0.000008 -0.000002 0.000000 0.003737 -0.247812
    14 1.196321 0.000000 -0.000002 -0.000001 0.006168 -0.430818
    15 3.880859 -0.043091 0.427490 0.090105 -0.011419 -0.132542
    16 1.719578 0.000023 -0.000021 -0.000005 -0.020423 -0.365964
    17 1.209181 -0.000004 -0.000001 0.000001 -0.011427 -0.216116
    18 3.863281 -0.136475 1.332031 0.320642 -0.041405 -0.125801
    19 1.719431 -0.000023 0.000019 0.000001 -0.106227 -0.347813
    20 1.099676 0.000000 0.000006 0.000004 -0.067955 -0.234890
    21 0.807129 -0.346924 1.320313 -1.243196 -0.551768 -0.740654
    22 1.789787 0.000006 0.000006 -0.000002 -0.003712 0.228604
    23 1.207012 0.000011 0.000000 -0.000001 -0.005667 0.362993
    24 2.035156 0.997070 -1.937500 -1.661572 1.286515 2.950150
    25 6.028144 -0.000011 0.000002 1.864505 0.474076 -0.522899
    26 12.301971 -1.003936 0.937532 0.703106 0.006398 -1.622031
    27 11.481657 0.000043 0.000019 -1.759180 0.489359 -0.193860
    28 3.854334 -0.131699 1.199994 0.390527 -0.101410 -0.916423
    29 1.312567 0.000000 0.000000 0.094366 -0.148314 -1.023377
    30 0.729362 0.000004 0.000003 0.246478 -0.201514 -1.343121
    31 3.941981 0.050872 0.435162 0.108940 0.058963 -0.470260
    32 1.539089 0.000008 0.000003 0.081999 -0.072597 -1.490925
    33 1.196316 0.000004 0.000005 0.030667 -0.074741 -1.027947
    34 3.880859 -0.047028 -0.427490 -0.079036 0.162996 -0.514648
    35 1.719567 0.000023 0.000016 -0.048600 0.058551 -1.498659
    36 1.209175 0.000008 0.000005 -0.038122 -0.010972 -1.196720
    37 3.867399 -0.148186 -1.324350 -0.424029 0.413272 -0.567318
    38 1.719419 -0.000008 -0.000008 -0.103004 0.275398 -0.995724
    39 1.099667 -0.000004 -0.000001 -0.048647 0.108807 -0.506629
    40 0.807129 -0.358887 -1.316406 1.391888 0.446144 -0.556730
    41 1.789783 -0.000002 -0.000002 0.030300 -0.047271 0.412867
    42 1.207001 0.000009 0.000000 -0.006740 -0.074456 -0.170110
    43 5.073761 -4.063510 -2.918343 3.826595 -0.063832 -1.771607
    44 0.000000 0.196712 0.000000 1.570797 0.000000 0.000001
    45 0.000002 2.032589 0.000000 0.000000 0.000000 0.000000
    46 0.000002 1.571991 0.000000 0.000000 0.000000 0.000000
    47 3.775905 -5.485672 -0.527956 -2.248292 -0.133225 -1.641886
  time 61
    0 -0.000003 -13.531250 -29.421875 1.570792 0.000003 -0.000003
    1 0.000000 3.345131 -2.981898 1.570796 0.083192 1.570795
    2 4.015625 0.000001 0.000000 0.000000 -0.000001 -0.028819
    3 3.520294 0.000005 -0.000006 0.000000 0.000000 0.097311
    4 8.929688 -0.000001 0.000000 0.000000 0.000001 0.186405
    5 2.035156 0.997070 1.937500 1.589735 -1.286517 2.950158
    6 6.028159 -0.000069 0.000009 -1.575890 0.049155 -1.169438
    7 11.692566 0.000046 0.000011 -0.000002 0.000000 -0.060376
    8 11.481682 0.000088 -0.000031 1.568292 -0.038710 0.036026
    9 3.857422 -0.139526 -1.191406 -0.363882 0.112047 -0.355498
    10 1.312565 -0.000008 0.000000 -0.000002 0.054404 -0.409012
    11 0.729366 0.000002 -0.000002 -0.000001 0.040754 -0.240990
    12 3.941406 0.046936 -0.435059 -0.101499 0.042182 -0.269683
    13 1.539091 0.000008 -0.000002 0.000000 0.003737 -0.247812
    14 1.196321 0.000000 -0.000002 -0.000001 0.006168 -0.430818
    15 3.880859 -0.043091 0.427490 0.090105 -0.011419 -0.132542
    16 1.719578 0.000023 -0.000021 -0.000005 -0.020423 -0.365964
    17 1.209181 -0.000004 -0.000001 0.000001 -0.011427 -0.216116
    18 3.863281 -0.136475 1.332031 0.320642 -0.041405 -0.125801
    19 1.719431 -0.000023 0.000019 0.000001 -0.106227 -0.347813
    20 1.099676 0.000000 0.000006 0.000004 -0.067955 -0.234890
    21 0.807129 -0.346924 1.320313 -1.243196 -0.551768 -0.740654
    22 1.789787 0.000006 0.000006 -0.000002 -0.003712 0.228604
    23 1.207012 0.000011 0.000000 -0.000001 -0.005667 0.362993
    24 2.035156 0.997070 -1.937500 -1.661572 1.286515 2.950150
    25 6.028144 -0.000011 0.000002 1.863654 0.473314 -0.523331
    26 12.301971 -1.003936 0.937532 0.702541 0.006585 -1.622512
    27 11.481657 0.000043 0.000019 -1.758363 0.490109 -0.192266
    28 3.854334 -0.131699 1.199994 0.390527 -0.101410 -0.916423
    29 1.312567 0.000000 0.000000 0.094366 -0.148314 -1.023377
    30 0.729362 0.000004 0.000003 0.246478 -0.201514 -1.343121
    31 3.941981 0.050872 0.435162 0.108940 0.058963 -0.470260
    32 1.539089 0.000008 0.000003 0.081999 -0.072597 -1.490925
    33 1.196316 0.000004 0.000005 0.030667 -0.074741 -1.027947
    34 3.880859 -0.047028 -0.427490 -0.079036 0.162996 -0.514648
    35 1.719567 0.000023 0.000016 -0.048600 0.058563 -1.498659
    36 1.209175 0.000008 0.000005 -0.038122 -0.010972 -1.196720
    37 3.867399 -0.148186 -1.324350 -0.424029 0.413272 -0.567318
    38 1.719419 -0.000008 -0.000008 -0.103004 0.275398 -0.995724
    39 1.099667 -0.000004 -0.000001 -0.048647 0.108807 -0.506629
    40 0.807129 -0.358887 -1.316406 1.391888 0.446144 -0.556730
    41 1.789783 -0.000002 -0.000002 0.030300 -0.047271 0.412867
    42 1.207001 0.000009 0.000000 -0.006740 -0.074456 -0.170110
    43 5.073761 -4.063510 -2.918343 3.826595 -0.063832 -1.771607
    44 0.000000 0.196712 0.000000 1.570797 0.000000 0.000001
    45 0.000002 2.032589 0.000000 0.000000 0.000000 0.000000
    46 0.000002 1.571991 0.000000 0.000000 0.000000 0.000000
    47 3.775905 -5.485672 -0.527956 -2.248292 -0.133225 -1.641886
  time 62
    0 -0.000003 -13.531250 -29.421875 1.570792 0.000003 -0.000003
    1 0.000000 3.345131 -2.981898 1.570796 0.083192 1.570795
    2 4.015625 0.000001 0.000000 0.000000 -0.000001 -0.028819
    3 3.520294 0.000005 -0.000006 0.000000 0.000000 0.097311
    4 8.929688 -0.000001 0.000000 0.000000 0.000001 0.186405
    5 2.035156 0.997070 1.937500 1.589735 -1.286517 2.950158
    6 6.028159 -0.000069 0.000009 -1.575890 0.049155 -1.169438
    7 11.692566 0.000046 0.000011 -0.000002 0.000000 -0.060376
    8 11.481682 0.000088 -0.000031 1.568292 -0.038710 0.036026
    9 3.857422 -0.139526 -1.191406 -0.363882 0.112047 -0.355498
    10 1.312565 -0.000008 0.000000 -0.000002 0.054404 -0.409012
    11 0.729366 0.000002 -0.000002 -0.000001 0.040754 -0.240990
    12 3.941406 0.046936 -0.435059 -0.101499 0.042182 -0.269683
    13 1.539091 0.000008 -0.000002 0.000000 0.003737 -0.247812
    14 1.196321 0.000000 -0.000002 -0.000001 0.006168 -0.430818
    15 3.880859 -0.043091 0.427490 0.090105 -0.011419 -0.132542
    16 1.719578 0.000023 -0.000021 -0.000005 -0.020423 -0.365964
    17 1.209181 -0.000004 -0.000001 0.000001 -0.011427 -0.216116
    18 3.863281 -0.136475 1.332031 0.320642 -0.041405 -0.125801
    19 1.719431 -0.000023 0.000019 0.000001 -0.106227 -0.347813
    20 1.099676 0.000000 0.000006 0.000004 -0.067955 -0.234890
    21 0.807129 -0.346924 1.320313 -1.243196 -0.551768 -0.740654
    22 1.789787 0.000006 0.000006 -0.000002 -0.003712 0.228604
    23 1.207012 0.000011 0.000000 -0.000001 -0.005667 0.362993
    24 2.035156 0.997070 -1.937500 -1.661572 1.286515 2.950150
    25 6.028144 -0.000011 0.000002 1.862851 0.472552 -0.523738
    26 12.301971 -1.003936 0.937532 0.701999 0.006772 -1.622993
    27 11.481657 0.000043 0.000019 -1.757583 0.490815 -0.190744
    28 3.854334 -0.131699 1.199994 0.390527 -0.101410 -0.916423
    29 1.312567 0.000000 0.000000 0.094366 -0.148314 -1.023377
    30 0.729362 0.000004 0.000003 0.246466 -0.201514 -1.343121
    31 3.941981 0.050872 0.435162 0.108940 0.058963 -0.470260
    32 1.539089 0.000008 0.000003 0.081999 -0.072597 -1.490887
    33 1.196316 0.000004 0.000005 0.030667 -0.074741 -1.027947
    34 3.880859 -0.047028 -0.427490 -0.079036 0.162996 -0.514648
    35 1.719567 0.000023 0.000016 -0.048600 0.058563 -1.498659
    36 1.209175 0.000008 0.000005 -0.038122 -0.010972 -1.196720
    37 3.867399 -0.148186 -1.324350 -0.424029 0.413272 -0.567318
    38 1.719419 -0.000008 -0.000008 -0.103004 0.275398 -0.995724
    39 1.099667 -0.000004 -0.000001 -0.048647 0.108807 -0.506629
    40 0.807129 -0.358887 -1.316406 1.391888 0.446144 -0.556730
    41 1.789783 -0.000002 -0.000002 0.030300 -0.047271 0.412855
    42 1.207001 0.000009 0.000000 -0.006740 -0.074456 -0.170110
    43 5.073761 -4.063510 -2.918343 3.826595 -0.063820 -1.771607
    44 0.000000 0.196712 0.000000 1.570797 0.000000 0.000001
    45 0.000002 2.032589 0.000000 0.000000 0.000000 0.000000
    46 0.000002 1.571991 0.000000 0.000000 0.000000 0.000000
    47 3.775905 -5.485672 -0.527956 -2.248292 -0.133225 -1.641886
  time 63
    0 -0.000003 -13.531250 -29.421875 1.570792 0.000003 -0.000003
    1 0.000000 3.345131 -2.981898 1.570796 0.083192 1.570795
    2 4.015625 0.000001 0.000000 0.000000 -0.000001 -0.028819
    3 3.520294 0.000005 -0.000006 0.000000 0.000000 0.097311
    4 8.929688 -0.000001 0.000000 0.000000 0.000001 0.186405
    5 2.035156 0.997070 1.937500 1.589735 -1.286517 2.950158
    6 6.028159 -0.000069 0.000009 -1.575890 0.049155 -1.169438
    7 11.692566 0.000046 0.000011 -0.000002 0.000000 -0.060376
    8 11.481682 0.000088 -0.000031 1.568292 -0.038710 0.036026
    9 3.857422 -0.139526 -1.191406 -0.363882 0.112047 -0.355498
    10 1.312565 -0.000008 0.000000 -0.000002 0.054404 -0.409012
    11 0.729366 0.000002 -0.000002 -0.000001 0.040754 -0.240990
    12 3.941406 0.046936 -0.435059 -0.101499 0.042182 -0.269683
    13 1.539091 0.000008 -0.000002 0.000000 0.003737 -0.247812
    14 1.196321 0.000000 -0.000002 -0.000001 0.006168 -0.430818
    15 3.880859 -0.043091 0.427490 0.090105 -0.011419 -0.132542
    16 1.719578 0.000023 -0.000021 -0.000005 -0.020423 -0.365964
    17 1.209181 -0.000004 -0.000001 0.000001 -0.011427 -0.216116
    18 3.863281 -0.136475 1.332031 0.320642 -0.041405 -0.125801
    19 1.719431 -0.000023 0.000019 0.000001 -0.106227 -0.347813
    20 1.099676 0.000000 0.000006 0.000004 -0.067955 -0.234890
    21 0.807129 -0.346924 1.320313 -1.243196 -0.551768 -0.740654
    22 1.789787 0.000006 0.000006 -0.000002 -0.003712 0.228604
    23 1.207012 0.000011 0.000000 -0.000001 -0.005667 0.362993
    24 2.035156 0.997070 -1.937500 -1.661572 1.286515 2.950150
    25 6.028144 -0.000011 0.000002 1.862084 0.471840 -0.524134
    26 12.301971 -1.003936 0.937532 0.701480 0.006945 -1.623474
    27 11.481657 0.000043 0.000019 -1.756823 0.491491 -0.189294
    28 3.858240 -0.131699 1.199994 0.390527 -0.101410 -0.916423
    29 1.312567 0.000000 0.000000 0.094366 -0.148314 -1.023377
    30 0.729362 0.000004 0.000003 0.246466 -0.201514 -1.343121
    31 3.941981 0.050872 0.435162 0.108940 0.058963 -0.470260
    32 1.539089 0.000008 0.000003 0.081999 -0.072597 -1.490925
    33 1.196316 0.000004 0.000005 0.030667 -0.074741 -1.027947
    34 3.880859 -0.047028 -0.427490 -0.079036 0.162996 -0.514648
    35 1.719567 0.000023 0.000016 -0.048600 0.058563 -1.498659
    36 1.209175 0.000008 0.000005 -0.038122 -0.010972 -1.196720
    37 3.867399 -0.148186 -1.324350 -0.424017 0.413272 -0.567318
    38 1.719419 -0.000008 -0.000008 -0.103004 0.275398 -0.995724
    39 1.099667 -0.000004 -0.000001 -0.048647 0.108807 -0.506629
    40 0.807129 -0.358887 -1.316406 1.391888 0.446144 -0.556730
    41 1.789783 -0.000002 -0.000002 0.030300 -0.047271 0.412855
    42 1.207001 0.000009 0.000000 -0.006740 -0.074456 -0.170110
    43 5.073761 -4.063510 -2.918343 3.826595 -0.063820 -1.771607
    44 0.000000 0.196712 0.000000 1.570797 0.000000 0.000001
    45 0.000002 2.032589 0.000000 0.000000 0.000000 0.000000
    46 0.000002 1.571991 0.000000 0.000000 0.000000 0.000000
    47 3.775905 -5.485672 -0.527956 -2.248292 -0.133225 -1.641886
  time 64
    0 -0.000003 -13.531250 -29.421875 1.570792 0.000003 -0.000003
    1 0.000000 3.345131 -2.981898 1.570796 0.083192 1.570795
    2 4.015625 0.000001 0.000000 0.000000 -0.000001 -0.028819
    3 3.520294 0.000005 -0.000006 0.000000 0.000000 0.097311
    4 8.929688 -0.000001 0.000000 0.000000 0.000001 0.186405
    5 2.035156 0.997070 1.937500 1.589735 -1.286517 2.950158
    6 6.028159 -0.000069 0.000009 -1.575890 0.049155 -1.169438
    7 11.692566 0.000046 0.000011 -0.000002 0.000000 -0.060376
    8 11.481682 0.000088 -0.000031 1.568292 -0.038710 0.036026
    9 3.857422 -0.139526 -1.191406 -0.363882 0.112047 -0.355498
    10 1.312565 -0.000008 0.000000 -0.000002 0.054404 -0.409012
    11 0.729366 0.000002 -0.000002 -0.000001 0.040754 -0.240990
    12 3.941406 0.046936 -0.435059 -0.101499 0.042182 -0.269683
    13 1.539091 0.000008 -0.000002 0.000000 0.003737 -0.247812
    14 1.196321 0.000000 -0.000002 -0.000001 0.006168 -0.430818
    15 3.880859 -0.043091 0.427490 0.090105 -0.011419 -0.132542
    16 1.719578 0.000023 -0.000021 -0.000005 -0.020423 -0.365964
    17 1.209181 -0.000004 -0.000001 0.000001 -0.011427 -0.216116
    18 3.863281 -0.136475 1.332031 0.320642 -0.041405 -0.125801
    19 1.719431 -0.000023 0.000019 0.000001 -0.106227 -0.347813
    20 1.099676 0.000000 0.000006 0.000004 -0.067955 -0.234890
    21 0.807129 -0.346924 1.320313 -1.243196 -0.551768 -0.740654
    22 1.789787 0.000006 0.000006 -0.000002 -0.003712 0.228604
    23 1.207012 0.000011 0.000000 -0.000001 -0.005667 0.362993
    24 2.035156 0.997070 -1.937500 -1.661572 1.286515 2.950150
    25 6.028144 -0.000011 0.000002 1.861353 0.471176 -0.524493
    26 12.301971 -1.003936 0.937532 0.700983 0.007118 -1.623902
    27 11.481657 0.000043 0.000019 -1.756119 0.492124 -0.187916
    28 3.854334 -0.131699 1.199994 0.390527 -0.101410 -0.916423
    29 1.312567 0.000000 0.000000 0.094366 -0.148314 -1.023377
    30 0.729362 0.000004 0.000003 0.246478 -0.201514 -1.343121
    31 3.938074 0.050872 0.435162 0.108940 0.058963 -0.470260
    32 1.539089 0.000008 0.000003 0.081999 -0.072597 -1.490887
    33 1.196316 0.000004 0.000005 0.030667 -0.074741 -1.027947
    34 3.880859 -0.047028 -0.427490 -0.079036 0.162996 -0.514648
    35 1.719567 0.000023 0.000016 -0.048600 0.058551 -1.498659
    36 1.209175 0.000008 0.000005 -0.038122 -0.010972 -1.196720
    37 3.863493 -0.148186 -1.324350 -0.424029 0.413272 -0.567318
    38 1.719419 -0.000008 -0.000008 -0.103004 0.275398 -0.995724
    39 1.099667 -0.000004 -0.000001 -0.048647 0.108807 -0.506629
    40 0.807129 -0.358887 -1.316406 1.391888 0.446144 -0.556730
    41 1.789783 -0.000002 -0.000002 0.030300 -0.047271 0.412855
    42 1.207001 0.000009 0.000000 -0.006740 -0.074456 -0.170110
    43 5.073761 -4.063510 -2.918343 3.826595 -0.063832 -1.771607
    44 0.000000 0.196712 0.000000 1.570797 0.000000 0.000001
    45 0.000002 2.032589 0.000000 0.000000 0.000000 0.000000
    46 0.000002 1.571991 0.000000 0.000000 0.000000 0.000000
    47 3.775905 -5.485672 -0.527956 -2.248292 -0.133225 -1.641886
  time 65
    0 -0.000003 -13.531250 -29.421875 1.570792 0.000003 -0.000003
    1 0.000000 3.345131 -2.981898 1.570796 0.083192 1.570795
    2 4.015625 0.000001 0.000000 0.000000 -0.000001 -0.028819
    3 3.520294 0.000005 -0.000006 0.000000 0.000000 0.097311
    4 8.929688 -0.000001 0.000000 0.000000 0.000001 0.186405
    5 2.035156 0.997070 1.937500 1.589735 -1.286517 2.950158
    6 6.028159 -0.000069 0.000009 -1.575890 0.049155 -1.169438
    7 11.692566 0.000046 0.000011 -0.000002 0.000000 -0.060376
    8 11.481682 0.000088 -0.000031 1.568292 -0.038710 0.036026
    9 3.857422 -0.139526 -1.191406 -0.363882 0.112047 -0.355498
    10 1.312565 -0.000008 0.000000 -0.000002 0.054404 -0.409012
    11 0.729366 0.000002 -0.000002 -0.000001 0.040754 -0.240990
    12 3.941406 0.046936 -0.435059 -0.101499 0.042182 -0.269683
    13 1.539091 0.000008 -0.000002 0.000000 0.003737 -0.247812
    14 1.196321 0.000000 -0.000002 -0.000001 0.006168 -0.430818
    15 3.880859 -0.043091 0.427490 0.090105 -0.011419 -0.132542
    16 1.719578 0.000023 -0.000021 -0.000005 -0.020423 -0.365964
    17 1.209181 -0.000004 -0.000001 0.000001 -0.011427 -0.216116
    18 3.863281 -0.136475 1.332031 0.320642 -0.041405 -0.125801
    19 1.719431 -0.000023 0.000019 0.000001 -0.106227 -0.347813
    20 1.099676 0.000000 0.000006 0.000004 -0.067955 -0.234890
    21 0.807129 -0.346924 1.320313 -1.243196 -0.551768 -0.740654
    22 1.789787 0.000006 0.000006 -0.000002 -0.003712 0.228604
    23 1.207012 0.000011 0.000000 -0.000001 -0.005667 0.362993
    24 2.035156 0.997070 -1.937500 -1.661572 1.286515 2.950150
    25 6.028144 -0.000011 0.000002 1.860670 0.470562 -0.524841
    26 12.301971 -1.003936 0.937532 0.700531 0.007277 -1.624276
    27 11.481657 0.000043 0.000019 -1.755454 0.492726 -0.186622
    28 3.854334 -0.131699 1.199994 0.390527 -0.101410 -0.916423
    29 1.312567 0.000000 0.000000 0.094366 -0.148314 -1.023377
    30 0.729362 0.000004 0.000003 0.246478 -0.201514 -1.343121
    31 3.941981 0.050872 0.435162 0.108940 0.058963 -0.470260
    32 1.539089 0.000008 0.000003 0.081999 -0.072597 -1.490925
    33 1.196316 0.000004 0.000005 0.030667 -0.074741 -1.027947
    34 3.880859 -0.047028 -0.427490 -0.079036 0.162996 -0.514648
    35 1.719567 0.000023 0.000016 -0.048600 0.058551 -1.498693
    36 1.209175 0.000008 0.000005 -0.038122 -0.010972 -1.196720
    37 3.867399 -0.148186 -1.324350 -0.424029 0.413272 -0.567318
    38 1.719419 -0.000008 -0.000008 -0.103004 0.275398 -0.995724
    39 1.099667 -0.000004 -0.000001 -0.048647 0.108807 -0.506629
    40 0.807129 -0.358887 -1.316406 1.391888 0.446144 -0.556730
    41 1.789783 -0.000002 -0.000002 0.030300 -0.047271 0.412855
    42 1.207001 0.000009 0.000000 -0.006740 -0.074456 -0.170110
    43 5.073761 -4.063510 -2.918343 3.826595 -0.063832 -1.771607
    44 0.000000 0.196712 0.000000 1.570797 0.000000 0.000001
    45 0.000002 2.032589 0.000000 0.000000 0.000000 0.000000
    46 0.000002 1.571991 0.000000 0.000000 0.000000 0.000000
    47 3.775905 -5.485672 -0.527956 -2.248292 -0.133225 -1.641886
  time 66
    0 -0.000003 -13.531250 -29.421875 1.570792 0.000003 -0.000003
    1 0.000000 3.345131 -2.981898 1.570796 0.083192 1.570795
    2 4.015625 0.000001 0.000000 0.000000 -0.000001 -0.028819
    3 3.520294 0.000005 -0.000006 0.000000 0.000000 0.097311
    4 8.929688 -0.000001 0.000000 0.000000 0.000001 0.186405
    5 2.035156 0.997070 1.937500 1.589735 -1.286517 2.950158
    6 6.028159 -0.000069 0.000009 -1.575890 0.049155 -1.169438
    7 11.692566 0.000046 0.000011 -0.000002 0.000000 -0.060376
    8 11.481682 0.000088 -0.000031 1.568292 -0.038710 0.036026
    9 3.857422 -0.139526 -1.191406 -0.363882 0.112047 -0.355498
    10 1.312565 -0.000008 0.000000 -0.000002 0.054404 -0.409012
    11 0.729366 0.000002 -0.000002 -0.000001 0.040754 -0.240990
    12 3.941406 0.046936 -0.435059 -0.101499 0.042182 -0.269683
    13 1.539091 0.000008 -0.000002 0.000000 0.003737 -0.247812
    14 1.196321 0.000000 -0.000002 -0.000001 0.006168 -0.430818
    15 3.880859 -0.043091 0.427490 0.090105 -0.011419 -0.132542
    16 1.719578 0.000023 -0.000021 -0.000005 -0.020423 -0.365964
    17 1.209181 -0.000004 -0.000001 0.000001 -0.011427 -0.216116
    18 3.863281 -0.136475 1.332031 0.320642 -0.041405 -0.125801
    19 1.719431 -0.000023 0.000019 0.000001 -0.106227 -0.347813
    20 1.099676 0.000000 0.000006 0.000004 -0.067955 -0.234890
    21 0.807129 -0.346924 1.320313 -1.243196 -0.551768 -0.740654
    22 1.789787 0.000006 0.000006 -0.000002 -0.003712 0.228604
    23 1.207012 0.000011 0.000000 -0.000001 -0.005667 0.362993
    24 2.035156 0.997070 -1.937500 -1.661572 1.286515 2.950150
    25 6.028144 -0.000011 0.000002 1.860035 0.469972 -0.525164
    26 12.301971 -1.003936 0.937532 0.700102 0.007421 -1.624650
    27 11.481657 0.000043 0.000019 -1.754827 0.493285 -0.185411
    28 3.858240 -0.131699 1.199994 0.390527 -0.101410 -0.916423
    29 1.312567 0.000000 0.000000 0.094366 -0.148314 -1.023377
    30 0.729362 0.000004 0.000003 0.246478 -0.201514 -1.343154
    31 3.941981 0.050872 0.435162 0.108940 0.058963 -0.470260
    32 1.539089 0.000008 0.000003 0.081999 -0.072597 -1.490887
    33 1.196316 0.000004 0.000005 0.030667 -0.074741 -1.027947
    34 3.880859 -0.047028 -0.427490 -0.079036 0.162996 -0.514648
    35 1.719567 0.000023 0.000016 -0.048600 0.058563 -1.498659
    36 1.209175 0.000008 0.000005 -0.038122 -0.010972 -1.196750
    37 3.867399 -0.148186 -1.324350 -0.424029 0.413272 -0.567318
    38 1.719419 -0.000008 -0.000008 -0.103004 0.275398 -0.995724
    39 1.099667 -0.000004 -0.000001 -0.048647 0.108807 -0.506629
    40 0.807129 -0.358887 -1.316406 1.391888 0.446144 -0.556730
    41 1.789783 -0.000002 -0.000002 0.030300 -0.047271 0.412855
    42 1.207001 0.000009 0.000000 -0.006740 -0.074456 -0.170110
    43 5.073761 -4.063510 -2.918343 3.826595 -0.063832 -1.771591
    44 0.000000 0.196712 0.000000 1.570797 0.000000 0.000001
    45 0.000002 2.032589 0.000000 0.000000 0.000000 0.000000
    46 0.000002 1.571991 0.000000 0.000000 0.000000 0.000000
    47 3.775905 -5.485672 -0.527956 -2.248292 -0.133225 -1.641886
  time 67
    0 -0.000003 -13.531250 -29.421875 1.570792 0.000003 -0.000003
    1 0.000000 3.345131 -2.981898 1.570796 0.083192 1.570795
    2 4.015625 0.000001 0.000000 0.000000 -0.000001 -0.028819
    3 3.520294 0.000005 -0.000006 0.000000 0.000000 0.097311
    4 8.929688 -0.000001 0.000000 0.000000 0.000001 0.186405
    5 2.035156 0.997070 1.937500 1.589735 -1.286517 2.950158
    6 6.028159 -0.000069 0.000009 -1.575890 0.049155 -1.169438
    7 11.692566 0.000046 0.000011 -0.000002 0.000000 -0.060376
    8 11.481682 0.000088 -0.000031 1.568292 -0.038710 0.036026
    9 3.857422 -0.139526 -1.191406 -0.363882 0.112047 -0.355498
    10 1.312565 -0.000008 0.000000 -0.000002 0.054404 -0.409012
    11 0.729366 0.000002 -0.000002 -0.000001 0.040754 -0.240990
    12 3.941406 0.046936 -0.435059 -0.101499 0.042182 -0.269683
    13 1.539091 0.000008 -0.000002 0.000000 0.003737 -0.247812
    14 1.196321 0.000000 -0.000002 -0.000001 0.006168 -0.430818
    15 3.880859 -0.043091 0.427490 0.090105 -0.011419 -0.132542
    16 1.719578 0.000023 -0.000021 -0.000005 -0.020423 -0.365964
    17 1.209181 -0.000004 -0.000001 0.000001 -0.011427 -0.216116
    18 3.863281 -0.136475 1.332031 0.320642 -0.041405 -0.125801
    19 1.719431 -0.000023 0.000019 0.000001 -0.106227 -0.347813
    20 1.099676 0.000000 0.000006 0.000004 -0.067955 -0.234890
    21 0.807129 -0.346924 1.320313 -1.243196 -0.551768 -0.740654
    22 1.789787 0.000006 0.000006 -0.000002 -0.003712 0.228604
    23 1.207012 0.000011 0.000000 -0.000001 -0.005667 0.362993
    24 2.035156 0.997070 -1.937500 -1.661572 1.286515 2.950150
    25 6.028144 -0.000011 0.000002 1.859436 0.469407 -0.525476
    26 12.301971 -1.003936 0.937532 0.699696 0.007565 -1.625024
    27 11.481657 0.000043 0.000019 -1.754256 0.493815 -0.184273
    28 3.854334 -0.131699 1.199994 0.390527 -0.101410 -0.916423
    29 1.312567 0.000000 0.000000 0.094366 -0.148314 -1.023377
    30 0.729362 0.000004 0.000003 0.246466 -0.201514 -1.343121
    31 3.941981 0.050872 0.435162 0.108940 0.058963 -0.470260
    32 1.539089 0.000008 0.000003 0.081999 -0.072597 -1.490925
    33 1.196316 0.000004 0.000005 0.030667 -0.074741 -1.027947
    34 3.880859 -0.047028 -0.427490 -0.079036 0.162996 -0.514648
    35 1.719567 0.000023 0.000016 -0.048600 0.058563 -1.498659
    36 1.209175 0.000008 0.000005 -0.038122 -0.010972 -1.196720
    37 3.867399 -0.148186 -1.324350 -0.424017 0.413272 -0.567318
    38 1.719419 -0.000008 -0.000008 -0.103004 0.275398 -0.995724
    39 1.099667 -0.000004 -0.000001 -0.048647 0.108807 -0.506629
    40 0.807129 -0.358887 -1.316406 1.391888 0.446144 -0.556730
    41 1.789783 -0.000002 -0.000002 0.030300 -0.047271 0.412855
    42 1.207001 0.000009 0.000000 -0.006740 -0.074456 -0.170110
    43 5.073761 -4.063510 -2.918343 3.826595 -0.063820 -1.771607
    44 0.000000 0.196712 0.000000 1.570797 0.000000 0.000001
    45 0.000002 2.032589 0.000000 0.000000 0.000000 0.000000
    46 0.000002 1.571991 0.000000 0.000000 0.000000 0.000000
    47 3.775905 -5.485672 -0.527956 -2.248292 -0.133225 -1.641886
  time 68
    0 -0.000003 -13.531250 -29.421875 1.570792 0.000003 -0.000003
    1 0.000000 3.345131 -2.981898 1.570796 0.083192 1.570795
    2 4.015625 0.000001 0.000000 0.000000 -0.000001 -0.028819
    3 3.520294 0.000005 -0.000006 0.000000 0.000000 0.097311
    4 8.929688 -0.000001 0.000000 0.000000 0.000001 0.186405
    5 2.035156 0.997070 1.937500 1.589735 -1.286517 2.950158
    6 6.028159 -0.000069 0.000009 -1.575890 0.049155 -1.169438
    7 11.692566 0.000046 0.000011 -0.000002 0.000000 -0.060376
    8 11.481682 0.000088 -0.000031 1.568292 -0.038710 0.036026
    9 3.857422 -0.139526 -1.191406 -0.363882 0.112047 -0.355498
    10 1.312565 -0.000008 0.000000 -0.000002 0.054404 -0.409012
    11 0.729366 0.000002 -0.000002 -0.000001 0.040754 -0.240990
    12 3.941406 0.046936 -0.435059 -0.101499 0.042182 -0.269683
    13 1.539091 0.000008 -0.000002 0.000000 0.003737 -0.247812
    14 1.196321 0.000000 -0.000002 -0.000001 0.006168 -0.430818
    15 3.880859 -0.043091 0.427490 0.090105 -0.011419 -0.132542
    16 1.719578 0.000023 -0.000021 -0.000005 -0.020423 -0.365964
    17 1.209181 -0.000004 -0.000001 0.000001 -0.011427 -0.216116
    18 3.863281 -0.136475 1.332031 0.320642 -0.041405 -0.125801
    19 1.719431 -0.000023 0.000019 0.000001 -0.106227 -0.347813
    20 1.099676 0.000000 0.000006 0.000004 -0.067955 -0.234890
    21 0.807129 -0.346924 1.320313 -1.243196 -0.551768 -0.740654
    22 1.789787 0.000006 0.000006 -0.000002 -0.003712 0.228604
    23 1.207012 0.000011 0.000000 -0.000001 -0.005667 0.362993
    24 2.035156 0.997070 -1.937500 -1.661572 1.286515 2.950150
    25 6.028144 -0.000011 0.000002 1.858885 0.468891 -0.525751
    26 12.301971 -1.003936 0.937532 0.699334 0.007695 -1.625345
    27 11.481657 0.000043 0.000019 -1.753705 0.494300 -0.183230
    28 3.854334 -0.131699 1.199994 0.390527 -0.101410 -0.916423
    29 1.312567 0.000000 0.000000 0.094366 -0.148314 -1.023377
    30 0.729362 0.000004 0.000003 0.246478 -0.201514 -1.343121
    31 3.941981 0.050872 0.435162 0.108940 0.058963 -0.470260
    32 1.539089 0.000008 0.000003 0.081999 -0.072597 -1.490925
    33 1.196316 0.000004 0.000005 0.030667 -0.074741 -1.027947
    34 3.880859 -0.047028 -0.427490 -0.079036 0.162996 -0.514648
    35 1.719567 0.000023 0.000016 -0.048600 0.058563 -1.498659
    36 1.209175 0.000008 0.000005 -0.038122 -0.010972 -1.196720
    37 3.867399 -0.148186 -1.324350 -0.424029 0.413272 -0.567318
    38 1.719419 -0.000008 -0.000008 -0.103004 0.275398 -0.995724
    39 1.099667 -0.000004 -0.000001 -0.048647 0.108807 -0.506629
    40 0.807129 -0.358887 -1.316406 1.391888 0.446144 -0.556730
    41 1.789783 -0.000002 -0.000002 0.030300 -0.047271 0.412855
    42 1.207001 0.000009 0.000000 -0.006740 -0.074456 -0.170110
    43 5.073761 -4.063510 -2.918343 3.826595 -0.063820 -1.771607
    44 0.000000 0.196712 0.000000 1.570797 0.000000 0.000001
    45 0.000002 2.032589 0.000000 0.000000 0.000000 0.000000
    46 0.000002 1.571991 0.000000 0.000000 0.000000 0.000000
    47 3.775905 -5.485672 -0.527956 -2.248292 -0.133225 -1.641886
  time 69
    0 -0.000003 -13.531250 -29.421875 1.570792 0.000003 -0.000003
    1 0.000000 3.345131 -2.981898 1.570796 0.083192 1.570795
    2 4.015625 0.000001 0.000000 0.000000 -0.000001 -0.028819
    3 3.520294 0.000005 -0.000006 0.000000 0.000000 0.097311
    4 8.929688 -0.000001 0.000000 0.000000 0.000001 0.186405
    5 2.035156 0.997070 1.937500 1.589735 -1.286517 2.950158
    6 6.028159 -0.000069 0.000009 -1.575890 0.049155 -1.169438
    7 11.692566 0.000046 0.000011 -0.000002 0.000000 -0.060376
    8 11.481682 0.000088 -0.000031 1.568292 -0.038710 0.036026
    9 3.857422 -0.139526 -1.191406 -0.363882 0.112047 -0.355498
    10 1.312565 -0.000008 0.000000 -0.000002 0.054404 -0.409012
    11 0.729366 0.000002 -0.000002 -0.000001 0.040754 -0.240990
    12 3.941406 0.046936 -0.435059 -0.101499 0.042182 -0.269683
    13 1.539091 0.000008 -0.000002 0.000000 0.003737 -0.247812
    14 1.196321 0.000000 -0.000002 -0.000001 0.006168 -0.430818
    15 3.880859 -0.043091 0.427490 0.090105 -0.011419 -0.132542
    16 1.719578 0.000023 -0.000021 -0.000005 -0.020423 -0.365964
    17 1.209181 -0.000004 -0.000001 0.000001 -0.011427 -0.216116
    18 3.863281 -0.136475 1.332031 0.320642 -0.041405 -0.125801
    19 1.719431 -0.000023 0.000019 0.000001 -0.106227 -0.347813
    20 1.099676 0.000000 0.000006 0.000004 -0.067955 -0.234890
    21 0.807129 -0.346924 1.320313 -1.243196 -0.551768 -0.740654
    22 1.789787 0.000006 0.000006 -0.000002 -0.003712 0.228604
    23 1.207012 0.000011 0.000000 -0.000001 -0.005667 0.362993
    24 2.035156 0.997070 -1.937500 -1.661572 1.286515 2.950150
    25 6.028144 -0.000011 0.000002 1.858381 0.468424 -0.526003
    26 12.301971 -1.003936 0.937532 0.698973 0.007810 -1.625612
    27 11.481657 0.000043 0.000019 -1.753211 0.494756 -0.182259
    28 3.858240 -0.131699 1.199994 0.390527 -0.101410 -0.916423
    29 1.312567 0.000000 0.000000 0.094366 -0.148314 -1.023377
    30 0.729362 0.000004 0.000003 0.246478 -0.201514 -1.343121
    31 3.941981 0.050872 0.435162 0.108940 0.058963 -0.470260
    32 1.539089 0.000008 0.000003 0.081999 -0.072597 -1.490887
    33 1.196316 0.000004 0.000005 0.030667 -0.074741 -1.027947
    34 3.880859 -0.047028 -0.427490 -0.079036 0.162996 -0.514648
    35 1.719567 0.000023 0.000016 -0.048600 0.058551 -1.498659
    36 1.209175 0.000008 0.000005 -0.038122 -0.010972 -1.196720
    37 3.867399 -0.148186 -1.324350 -0.424029 0.413272 -0.567318
    38 1.719419 -0.000008 -0.000008 -0.103004 0.275398 -0.995724
    39 1.099667 -0.000004 -0.000001 -0.048647 0.108807 -0.506629
    40 0.807129 -0.358887 -1.316406 1.391888 0.446144 -0.556730
    41 1.789783 -0.000002 -0.000002 0.030300 -0.047271 0.412855
    42 1.207001 0.000009 0.000000 -0.006740 -0.074456 -0.170110
    43 5.073761 -4.063510 -2.918343 3.826595 -0.063832 -1.771607
    44 0.000000 0.196712 0.000000 1.570797 0.000000 0.000001
    45 0.000002 2.032589 0.000000 0.000000 0.000000 0.000000
    46 0.000002 1.571991 0.000000 0.000000 0.000000 0.000000
    47 3.775905 -5.485672 -0.527956 -2.248292 -0.133225 -1.641886
  time 70
    0 -0.000003 -13.531250 -29.421875 1.570792 0.000003 -0.000003
    1 0.000000 3.345131 -2.981898 1.570796 0.083192 1.570795
    2 4.015625 0.000001 0.000000 0.000000 -0.000001 -0.028819
    3 3.520294 0.000005 -0.000006 0.000000 0.000000 0.097311
    4 8.929688 -0.000001 0.000000 0.000000 0.000001 0.186405
    5 2.035156 0.997070 1.937500 1.589735 -1.286517 2.950158
    6 6.028159 -0.000069 0.000009 -1.575890 0.049155 -1.169438
    7 11.692566 0.000046 0.000011 -0.000002 0.000000 -0.060376
    8 11.481682 0.000088 -0.000031 1.568292 -0.038710 0.036026
    9 3.857422 -0.139526 -1.191406 -0.363882 0.112047 -0.355498
    10 1.312565 -0.000008 0.000000 -0.000002 0.054404 -0.409012
    11 0.729366 0.000002 -0.000002 -0.000001 0.040754 -0.240990
    12 3.941406 0.046936 -0.435059 -0.101499 0.042182 -0.269683
    13 1.539091 0.000008 -0.000002 0.000000 0.003737 -0.247812
    14 1.196321 0.000000 -0.000002 -0.000001 0.006168 -0.430818
    15 3.880859 -0.043091 0.427490 0.090105 -0.011419 -0.132542
    16 1.719578 0.000023 -0.000021 -0.000005 -0.020423 -0.365964
    17 1.209181 -0.000004 -0.000001 0.000001 -0.011427 -0.216116
    18 3.863281 -0.136475 1.332031 0.320642 -0.041405 -0.125801
    19 1.719431 -0.000023 0.000019 0.000001 -0.106227 -0.347813
    20 1.099676 0.000000 0.000006 0.000004 -0.067955 -0.234890
    21 0.807129 -0.346924 1.320313 -1.243196 -0.551768 -0.740654
    22 1.789787 0.000006 0.000006 -0.000002 -0.003712 0.228604
    23 1.207012 0.000011 0.000000 -0.000001 -0.005667 0.362993
    24 2.035156 0.997070 -1.937500 -1.661572 1.286515 2.950150
    25 6.028144 -0.000011 0.000002 1.857914 0.468006 -0.526243
    26 12.301971 -1.003936 0.937532 0.698679 0.007911 -1.625879
    27 11.481657 0.000043 0.000019 -1.752735 0.495153 -0.181372
    28 3.854334 -0.131699 1.199994 0.390527 -0.101410 -0.916423
    29 1.312567 0.000000 0.000000 0.094366 -0.148314 -1.023377
    30 0.729362 0.000004 0.000003 0.246466 -0.201514 -1.343121
    31 3.941981 0.050872 0.435162 0.108940 0.058963 -0.470260
    32 1.539089 0.000008 0.000003 0.081999 -0.072597 -1.490887
    33 1.196316 0.000004 0.000005 0.030667 -0.074741 -1.027947
    34 3.880859 -0.047028 -0.427490 -0.079036 0.162996 -0.514648
    35 1.719567 0.000023 0.000016 -0.048600 0.058563 -1.498659
    36 1.209175 0.000008 0.000005 -0.038122 -0.010972 -1.196720
    37 3.867399 -0.148186 -1.324350 -0.424029 0.413272 -0.567318
    38 1.719419 -0.000008 -0.000008 -0.103004 0.275398 -0.995724
    39 1.099667 -0.000004 -0.000001 -0.048647 0.108807 -0.506629
    40 0.807129 -0.358887 -1.316406 1.391888 0.446144 -0.556730
    41 1.789783 -0.000002 -0.000002 0.030300 -0.047271 0.412855
    42 1.207001 0.000009 0.000000 -0.006740 -0.074456 -0.170110
    43 5.073761 -4.063510 -2.918343 3.826595 -0.063820 -1.771607
    44 0.000000 0.196712 0.000000 1.570797 0.000000 0.000001
    45 0.000002 2.032589 0.000000 0.000000 0.000000 0.000000
    46 0.000002 1.571991 0.000000 0.000000 0.000000 0.000000
    47 3.775905 -5.485672 -0.527956 -2.248292 -0.133225 -1.641886
  time 71
    0 -0.000003 -13.531250 -29.421875 1.570792 0.000003 -0.000003
    1 0.000000 3.345131 -2.981898 1.570796 0.083192 1.570795
    2 4.015625 0.000001 0.000000 0.000000 -0.000001 -0.028819
    3 3.520294 0.000005 -0.000006 0.000000 0.000000 0.097311
    4 8.929688 -0.000001 0.000000 0.000000 0.000001 0.186405
    5 2.035156 0.997070 1.937500 1.589735 -1.286517 2.950158
    6 6.028159 -0.000069 0.000009 -1.575890 0.049155 -1.169438
    7 11.692566 0.000046 0.000011 -0.000002 0.000000 -0.060376
    8 11.481682 0.000088 -0.000031 1.568292 -0.038710 0.036026
    9 3.857422 -0.139526 -1.191406 -0.363882 0.112047 -0.355498
    10 1.312565 -0.000008 0.000000 -0.000002 0.054404 -0.409012
    11 0.729366 0.000002 -0.000002 -0.000001 0.040754 -0.240990
    12 3.941406 0.046936 -0.435059 -0.101499 0.042182 -0.269683
    13 1.539091 0.000008 -0.000002 0.000000 0.003737 -0.247812
    14 1.196321 0.000000 -0.000002 -0.000001 0.006168 -0.430818
    15 3.880859 -0.043091 0.427490 0.090105 -0.011419 -0.132542
    16 1.719578 0.000023 -0.000021 -0.000005 -0.020423 -0.365964
    17 1.209181 -0.000004 -0.000001 0.000001 -0.011427 -0.216116
    18 3.863281 -0.136475 1.332031 0.320642 -0.041405 -0.125801
    19 1.719431 -0.000023 0.000019 0.000001 -0.106227 -0.347813
    20 1.099676 0.000000 0.000006 0.000004 -0.067955 -0.234890
    21 0.807129 -0.346924 1.320313 -1.243196 -0.551768 -0.740654
    22 1.789787 0.000006 0.000006 -0.000002 -0.003712 0.228604
    23 1.207012 0.000011 0.000000 -0.000001 -0.005667 0.362993
    24 2.035156 0.997070 -1.937500 -1.661572 1.286515 2.950150
    25 6.028144 -0.000011 0.000002 1.857494 0.467613 -0.526459
    26 12.301971 -1.003936 0.937532 0.698386 0.008012 -1.626147
    27 11.481657 0.000043 0.000019 -1.752336 0.495535 -0.180569
    28 3.858240 -0.131699 1.199994 0.390527 -0.101410 -0.916423
    29 1.312567 0.000000 0.000000 0.094366 -0.148314 -1.023377
    30 0.729362 0.000004 0.000003 0.246478 -0.201514 -1.343121
    31 3.941981 0.050872 0.435162 0.108940 0.058963 -0.470260
    32 1.539089 0.000008 0.000003 0.081999 -0.072597 -1.490887
    33 1.196316 0.000004 0.000005 0.030667 -0.074741 -1.027947
    34 3.880859 -0.047028 -0.427490 -0.079036 0.162996 -0.514648
    35 1.719567 0.000023 0.000016 -0.048600 0.058551 -1.498659
    36 1.209175 0.000008 0.000005 -0.038122 -0.010972 -1.196720
    37 3.867399 -0.148186 -1.324350 -0.424029 0.413272 -0.567318
    38 1.719419 -0.000008 -0.000008 -0.103004 0.275398 -0.995724
    39 1.099667 -0.000004 -0.000001 -0.048647 0.108807 -0.506629
    40 0.807129 -0.358887 -1.316406 1.391888 0.446144 -0.556730
    41 1.789783 -0.000002 -0.000002 0.030300 -0.047271 0.412855
    42 1.207001 0.000009 0.000000 -0.006740 -0.074456 -0.170110
    43 5.073761 -4.063510 -2.918343 3.826595 -0.063832 -1.771607
    44 0.000000 0.196712 0.000000 1.570797 0.000000 0.000001
    45 0.000002 2.032589 0.000000 0.000000 0.000000 0.000000
    46 0.000002 1.571991 0.000000 0.000000 0.000000 0.000000
    47 3.775905 -5.485672 -0.527956 -2.248292 -0.133225 -1.641886
  time 72
    0 -0.000003 -13.531250 -29.421875 1.570792 0.000003 -0.000003
    1 0.000000 3.345131 -2.981898 1.570796 0.083192 1.570795
    2 4.015625 0.000001 0.000000 0.000000 -0.000001 -0.028819
    3 3.520294 0.000005 -0.000006 0.000000 0.000000 0.097311
    4 8.929688 -0.000001 0.000000 0.000000 0.000001 0.186405
    5 2.035156 0.997070 1.937500 1.589735 -1.286517 2.950158
    6 6.028159 -0.000069 0.000009 -1.575890 0.049155 -1.169438
    7 11.692566 0.000046 0.000011 -0.000002 0.000000 -0.060376
    8 11.481682 0.000088 -0.000031 1.568292 -0.038710 0.036026
    9 3.857422 -0.139526 -1.191406 -0.363882 0.112047 -0.355498
    10 1.312565 -0.000008 0.000000 -0.000002 0.054404 -0.409012
    11 0.729366 0.000002 -0.000002 -0.000001 0.040754 -0.240990
    12 3.941406 0.046936 -0.435059 -0.101499 0.042182 -0.269683
    13 1.539091 0.000008 -0.000002 0.000000 0.003737 -0.247812
    14 1.196321 0.000000 -0.000002 -0.000001 0.006168 -0.430818
    15 3.880859 -0.043091 0.427490 0.090105 -0.011419 -0.132542
    16 1.719578 0.000023 -0.000021 -0.000005 -0.020423 -0.365964
    17 1.209181 -0.000004 -0.000001 0.000001 -0.011427 -0.216116
    18 3.863281 -0.136475 1.332031 0.320642 -0.041405 -0.125801
    19 1.719431 -0.000023 0.000019 0.000001 -0.106227 -0.347813
    20 1.099676 0.000000 0.000006 0.000004 -0.067955 -0.234890
    21 0.807129 -0.346924 1.320313 -1.243196 -0.551768 -0.740654
    22 1.789787 0.000006 0.000006 -0.000002 -0.003712 0.228604
    23 1.207012 0.000011 0.000000 -0.000001 -0.005667 0.362993
    24 2.035156 0.997070 -1.937500 -1.661572 1.286515 2.950150
    25 6.028144 -0.000011 0.000002 1.857123 0.467269 -0.526650
    26 12.301971 -1.003936 0.937532 0.698137 0.008098 -1.626360
    27 11.481657 0.000043 0.000019 -1.751956 0.495859 -0.179862
    28 3.858240 -0.131699 1.199994 0.390527 -0.101410 -0.916423
    29 1.312567 0.000000 0.000000 0.094366 -0.148314 -1.023377
    30 0.729362 0.000004 0.000003 0.246478 -0.201514 -1.343121
    31 3.941981 0.050872 0.435162 0.108940 0.058963 -0.470260
    32 1.539089 0.000008 0.000003 0.081999 -0.072597 -1.490887
    33 1.196316 0.000004 0.000005 0.030667 -0.074741 -1.027947
    34 3.880859 -0.047028 -0.427490 -0.079036 0.162996 -0.514648
    35 1.719567 0.000023 0.000016 -0.048600 0.058551 -1.498659
    36 1.209175 0.000008 0.000005 -0.038122 -0.010972 -1.196720
    37 3.867399 -0.148186 -1.324350 -0.424029 0.413272 -0.567318
    38 1.719419 -0.000008 -0.000008 -0.103004 0.275398 -0.995724
    39 1.099667 -0.000004 -0.000001 -0.048647 0.108807 -0.506629
    40 0.807129 -0.358887 -1.316406 1.391888 0.446144 -0.556730
    41 1.789783 -0.000002 -0.000002 0.030300 -0.047271 0.412855
    42 1.207001 0.000009 0.000000 -0.006740 -0.074456 -0.170110
    43 5.073761 -4.063510 -2.918343 3.826595 -0.063832 -1.771607
    44 0.000000 0.196712 0.000000 1.570797 0.000000 0.000001
    45 0.000002 2.032589 0.000000 0.000000 0.000000 0.000000
    46 0.000002 1.571991 0.000000 0.000000 0.000000 0.000000
    47 3.775905 -5.485672 -0.527956 -2.248292 -0.133225 -1.641886
  time 73
    0 -0.000003 -13.531250 -29.421875 1.570792 0.000003 -0.000003
    1 0.000000 3.345131 -2.981898 1.570796 0.083192 1.570795
    2 4.015625 0.000001 0.000000 0.000000 -0.000001 -0.028819
    3 3.520294 0.000005 -0.000006 0.000000 0.000000 0.097311
    4 8.929688 -0.000001 0.000000 0.000000 0.000001 0.186405
    5 2.035156 0.997070 1.937500 1.589735 -1.286517 2.950158
    6 6.028159 -0.000069 0.000009 -1.575890 0.049155 -1.169438
    7 11.692566 0.000046 0.000011 -0.000002 0.000000 -0.060376
    8 11.481682 0.000088 -0.000031 1.568292 -0.038710 0.036026
    9 3.857422 -0.139526 -1.191406 -0.363882 0.112047 -0.355498
    10 1.312565 -0.000008 0.000000 -0.000002 0.054404 -0.409012
    11 0.729366 0.000002 -0.000002 -0.000001 0.040754 -0.240990
    12 3.941406 0.046936 -0.435059 -0.101499 0.042182 -0.269683
    13 1.539091 0.000008 -0.000002 0.000000 0.003737 -0.247812
    14 1.196321 0.000000 -0.000002 -0.000001 0.006168 -0.430818
    15 3.880859 -0.043091 0.427490 0.090105 -0.011419 -0.132542
    16 1.719578 0.000023 -0.000021 -0.000005 -0.020423 -0.365964
    17 1.209181 -0.000004 -0.000001 0.000001 -0.011427 -0.216116
    18 3.863281 -0.136475 1.332031 0.320642 -0.041405 -0.125801
    19 1.719431 -0.000023 0.000019 0.000001 -0.106227 -0.347813
    20 1.099676 0.000000 0.000006 0.000004 -0.067955 -0.234890
    21 0.807129 -0.346924 1.320313 -1.243196 -0.551768 -0.740654
    22 1.789787 0.000006 0.000006 -0.000002 -0.003712 0.228604
    23 1.207012 0.000011 0.000000 -0.000001 -0.005667 0.362993
    24 2.035156 0.997070 -1.937500 -1.661572 1.286515 2.950150
    25 6.028144 -0.000011 0.000002 1.856787 0.466949 -0.526818
    26 12.301971 -1.003936 0.937532 0.697912 0.008170 -1.626574
    27 11.481657 0.000043 0.000019 -1.751633 0.496153 -0.179227
    28 3.854334 -0.131699 1.199994 0.390527 -0.101410 -0.916423
    29 1.312567 0.000000 0.000000 0.094366 -0.148314 -1.023377
    30 0.729362 0.000004 0.000003 0.246478 -0.201514 -1.343121
    31 3.941981 0.050872 0.435162 0.108940 0.058963 -0.470260
    32 1.539089 0.000008 0.000003 0.081999 -0.072597 -1.490925
    33 1.196316 0.000004 0.000005 0.030667 -0.074741 -1.027947
    34 3.880859 -0.047028 -0.427490 -0.079036 0.162996 -0.514648
    35 1.719567 0.000023 0.000016 -0.048600 0.058563 -1.498659
    36 1.209175 0.000008 0.000005 -0.038122 -0.010972 -1.196720
    37 3.867399 -0.148186 -1.324350 -0.424029 0.413272 -0.567318
    38 1.719419 -0.000008 -0.000008 -0.103004 0.275398 -0.995724
    39 1.099667 -0.000004 -0.000001 -0.048647 0.108807 -0.506629
    40 0.807129 -0.358887 -1.316406 1.391888 0.446144 -0.556730
    41 1.789783 -0.000002 -0.000002 0.030300 -0.047271 0.412855
    42 1.207001 0.000009 0.000000 -0.006740 -0.074456 -0.170110
    43 5.073761 -4.063510 -2.918343 3.826595 -0.063832 -1.771607
    44 0.000000 0.196712 0.000000 1.570797 0.000000 0.000001
    45 0.000002 2.032589 0.000000 0.000000 0.000000 0.000000
    46 0.000002 1.571991 0.000000 0.000000 0.000000 0.000000
    47 3.775905 -5.485672 -0.527956 -2.248292 -0.133225 -1.641886
  time 74
    0 -0.000003 -13.531250 -29.421875 1.570792 0.000003 -0.000003
    1 0.000000 3.345131 -2.981898 1.570796 0.083192 1.570795
    2 4.015625 0.000001 0.000000 0.000000 -0.000001 -0.028819
    3 3.520294 0.000005 -0.000006 0.000000 0.000000 0.097311
    4 8.929688 -0.000001 0.000000 0.000000 0.000001 0.186405
    5 2.035156 0.997070 1.937500 1.589735 -1.286517 2.950158
    6 6.028159 -0.000069 0.000009 -1.575890 0.049155 -1.169438
    7 11.692566 0.000046 0.000011 -0.000002 0.000000 -0.060376
    8 11.481682 0.000088 -0.000031 1.568292 -0.038710 0.036026
    9 3.857422 -0.139526 -1.191406 -0.363882 0.112047 -0.355498
    10 1.312565 -0.000008 0.000000 -0.000002 0.054404 -0.409012
    11 0.729366 0.000002 -0.000002 -0.000001 0.040754 -0.240990
    12 3.941406 0.046936 -0.435059 -0.101499 0.042182 -0.269683
    13 1.539091 0.000008 -0.000002 0.000000 0.003737 -0.247812
    14 1.196321 0.000000 -0.000002 -0.000001 0.006168 -0.430818
    15 3.880859 -0.043091 0.427490 0.090105 -0.011419 -0.132542
    16 1.719578 0.000023 -0.000021 -0.000005 -0.020423 -0.365964
    17 1.209181 -0.000004 -0.000001 0.000001 -0.011427 -0.216116
    18 3.863281 -0.136475 1.332031 0.320642 -0.041405 -0.125801
    19 1.719431 -0.000023 0.000019 0.000001 -0.106227 -0.347813
    20 1.099676 0.000000 0.000006 0.000004 -0.067955 -0.234890
    21 0.807129 -0.346924 1.320313 -1.243196 -0.551768 -0.740654
    22 1.789787 0.000006 0.000006 -0.000002 -0.003712 0.228604
    23 1.207012 0.000011 0.000000 -0.000001 -0.005667 0.362993
    24 2.035156 0.997070 -1.937500 -1.661572 1.286515 2.950150
    25 6.028144 -0.000011 0.000002 1.856500 0.466679 -0.526962
    26 12.301971 -1.003936 0.937532 0.697708 0.008242 -1.626735
    27 11.481657 0.000043 0.000019 -1.751348 0.496403 -0.178676
    28 3.854334 -0.131699 1.199994 0.390527 -0.101410 -0.916423
    29 1.312567 0.000000 0.000000 0.094366 -0.148314 -1.023377
    30 0.729362 0.000004 0.000003 0.246478 -0.201514 -1.343121
    31 3.941981 0.050872 0.435162 0.108940 0.058963 -0.470260
    32 1.539089 0.000008 0.000003 0.081999 -0.072597 -1.490925
    33 1.196316 0.000004 0.000005 0.030667 -0.074741 -1.027947
    34 3.880859 -0.047028 -0.427490 -0.079036 0.162996 -0.514648
    35 1.719567 0.000023 0.000016 -0.048600 0.058563 -1.498693
    36 1.209175 0.000008 0.000005 -0.038122 -0.010972 -1.196720
    37 3.867399 -0.148186 -1.324350 -0.424029 0.413272 -0.567318
    38 1.719419 -0.000008 -0.000008 -0.103004 0.275398 -0.995724
    39 1.099667 -0.000004 -0.000001 -0.048647 0.108807 -0.506629
    40 0.807129 -0.358887 -1.316406 1.391888 0.446144 -0.556730
    41 1.789783 -0.000002 -0.000002 0.030300 -0.047271 0.412867
    42 1.207001 0.000009 0.000000 -0.006740 -0.074456 -0.170110
    43 5.073761 -4.063510 -2.918343 3.826595 -0.063832 -1.771607
    44 0.000000 0.196712 0.000000 1.570797 0.000000 0.000001
    45 0.000002 2.032589 0.000000 0.000000 0.000000 0.000000
    46 0.000002 1.571991 0.000000 0.000000 0.000000 0.000000
    47 3.775905 -5.485672 -0.527956 -2.248292 -0.133225 -1.641886
  time 75
    0 -0.000003 -13.531250 -29.421875 1.570792 0.000003 -0.000003
    1 0.000000 3.345131 -2.981898 1.570796 0.083192 1.570795
    2 4.015625 0.000001 0.000000 0.000000 -0.000001 -0.028819
    3 3.520294 0.000005 -0.000006 0.000000 0.000000 0.097311
    4 8.929688 -0.000001 0.000000 0.000000 0.000001 0.186405
    5 2.035156 0.997070 1.937500 1.589735 -1.286517 2.950158
    6 6.028159 -0.000069 0.000009 -1.575890 0.049155 -1.169438
    7 11.692566 0.000046 0.000011 -0.000002 0.000000 -0.060376
    8 11.481682 0.000088 -0.000031 1.568292 -0.038710 0.036026
    9 3.857422 -0.139526 -1.191406 -0.363882 0.112047 -0.355498
    10 1.312565 -0.000008 0.000000 -0.000002 0.054404 -0.409012
    11 0.729366 0.000002 -0.000002 -0.000001 0.040754 -0.240990
    12 3.941406 0.046936 -0.435059 -0.101499 0.042182 -0.269683
    13 1.539091 0.000008 -0.000002 0.000000 0.003737 -0.247812
    14 1.196321 0.000000 -0.000002 -0.000001 0.006168 -0.430818
    15 3.880859 -0.043091 0.427490 0.090105 -0.011419 -0.132542
    16 1.719578 0.000023 -0.000021 -0.000005 -0.020423 -0.365964
    17 1.209181 -0.000004 -0.000001 0.000001 -0.011427 -0.216116
    18 3.863281 -0.136475 1.332031 0.320642 -0.041405 -0.125801
    19 1.719431 -0.000023 0.000019 0.000001 -0.106227 -0.347813
    20 1.099676 0.000000 0.000006 0.000004 -0.067955 -0.234890
    21 0.807129 -0.346924 1.320313 -1.243196 -0.551768 -0.740654
    22 1.789787 0.000006 0.000006 -0.000002 -0.003712 0.228604
    23 1.207012 0.000011 0.000000 -0.000001 -0.005667 0.362993
    24 2.035156 0.997070 -1.937500 -1.661572 1.286515 2.950150
    25 6.028144 -0.000011 0.000002 1.856260 0.466458 -0.527082
    26 12.301971 -1.003936 0.937532 0.697550 0.008300 -1.626842
    27 11.481657 0.000043 0.000019 -1.751101 0.496609 -0.178221
    28 3.858240 -0.131699 1.199994 0.390527 -0.101410 -0.916423
    29 1.312567 0.000000 0.000000 0.094366 -0.148314 -1.023377
    30 0.729362 0.000004 0.000003 0.246478 -0.201514 -1.343121
    31 3.941981 0.050872 0.435162 0.108940 0.058963 -0.470260
    32 1.539089 0.000008 0.000003 0.081999 -0.072597 -1.490887
    33 1.196316 0.000004 0.000005 0.030667 -0.074741 -1.027947
    34 3.880859 -0.047028 -0.427490 -0.079036 0.162996 -0.514648
    35 1.719567 0.000023 0.000016 -0.048600 0.058563 -1.498693
    36 1.209175 0.000008 0.000005 -0.038122 -0.010972 -1.196720
    37 3.867399 -0.148186 -1.324350 -0.424029 0.413272 -0.567318
    38 1.719419 -0.000008 -0.000008 -0.103004 0.275398 -0.995724
    39 1.099667 -0.000004 -0.000001 -0.048647 0.108807 -0.506629
    40 0.807129 -0.358887 -1.316406 1.391888 0.446144 -0.556730
    41 1.789783 -0.000002 -0.000002 0.030300 -0.047271 0.412867
    42 1.207001 0.000009 0.000000 -0.006740 -0.074456 -0.170110
    43 5.073761 -4.063510 -2.918343 3.826595 -0.063832 -1.771607
    44 0.000000 0.196712 0.000000 1.570797 0.000000 0.000001
    45 0.000002 2.032589 0.000000 0.000000 0.000000 0.000000
    46 0.000002 1.571991 0.000000 0.000000 0.000000 0.000000
    47 3.775905 -5.485672 -0.527956 -2.248292 -0.133225 -1.641886
  time 76
    0 -0.000003 -13.531250 -29.421875 1.570792 0.000003 -0.000003
    1 0.000000 3.345131 -2.981898 1.570796 0.083192 1.570795
    2 4.015625 0.000001 0.000000 0.000000 -0.000001 -0.028819
    3 3.520294 0.000005 -0.000006 0.000000 0.000000 0.097311
    4 8.929688 -0.000001 0.000000 0.000000 0.000001 0.186405
    5 2.035156 0.997070 1.937500 1.589735 -1.286517 2.950158
    6 6.028159 -0.000069 0.000009 -1.575890 0.049155 -1.169438
    7 11.692566 0.000046 0.000011 -0.000002 0.000000 -0.060376
    8 11.481682 0.000088 -0.000031 1.568292 -0.038710 0.036026
    9 3.857422 -0.139526 -1.191406 -0.363882 0.112047 -0.355498
    10 1.312565 -0.000008 0.000000 -0.000002 0.054404 -0.409012
    11 0.729366 0.000002 -0.000002 -0.000001 0.040754 -0.240990
    12 3.941406 0.046936 -0.435059 -0.101499 0.042182 -0.269683
    13 1.539091 0.000008 -0.000002 0.000000 0.003737 -0.247812
    14 1.196321 0.000000 -0.000002 -0.000001 0.006168 -0.430818
    15 3.880859 -0.043091 0.427490 0.090105 -0.011419 -0.132542
    16 1.719578 0.000023 -0.000021 -0.000005 -0.020423 -0.365964
    17 1.209181 -0.000004 -0.000001 0.000001 -0.011427 -0.216116
    18 3.863281 -0.136475 1.332031 0.320642 -0.041405 -0.125801
    19 1.719431 -0.000023 0.000019 0.000001 -0.106227 -0.347813
    20 1.099676 0.000000 0.000006 0.000004 -0.067955 -0.234890
    21 0.807129 -0.346924 1.320313 -1.243196 -0.551768 -0.740654
    22 1.789787 0.000006 0.000006 -0.000002 -0.003712 0.228604
    23 1.207012 0.000011 0.000000 -0.000001 -0.005667 0.362993
    24 2.035156 0.997070 -1.937500 -1.661572 1.286515 2.950150
    25 6.028144 -0.000011 0.000002 1.856068 0.466285 -0.527178
    26 12.301971 -1.003936 0.937532 0.697415 0.008343 -1.627002
    27 11.481657 0.000043 0.000019 -1.750910 0.496785 -0.177837
    28 3.854334 -0.131699 1.199994 0.390527 -0.101410 -0.916423
    29 1.312567 0.000000 0.000000 0.094366 -0.148314 -1.023377
    30 0.729362 0.000004 0.000003 0.246478 -0.201514 -1.343121
    31 3.941981 0.050872 0.435162 0.108940 0.058963 -0.470260
    32 1.539089 0.000008 0.000003 0.081999 -0.072597 -1.490887
    33 1.196316 0.000004 0.000005 0.030667 -0.074741 -1.027947
    34 3.880859 -0.047028 -0.427490 -0.079036 0.162996 -0.514648
    35 1.719567 0.000023 0.000016 -0.048600 0.058563 -1.498659
    36 1.209175 0.000008 0.000005 -0.038122 -0.010972 -1.196720
    37 3.863493 -0.148186 -1.324350 -0.424029 0.413272 -0.567318
    38 1.719419 -0.000008 -0.000008 -0.103004 0.275398 -0.995724
    39 1.099667 -0.000004 -0.000001 -0.048647 0.108807 -0.506629
    40 0.807129 -0.358887 -1.316406 1.391888 0.446144 -0.556730
    41 1.789783 -0.000002 -0.000002 0.030300 -0.047271 0.412855
    42 1.207001 0.000009 0.000000 -0.006740 -0.074456 -0.170110
    43 5.073761 -4.063510 -2.918343 3.826595 -0.063832 -1.771607
    44 0.000000 0.196712 0.000000 1.570797 0.000000 0.000001
    45 0.000002 2.032589 0.000000 0.000000 0.000000 0.000000
    46 0.000002 1.571991 0.000000 0.000000 0.000000 0.000000
    47 3.775905 -5.485672 -0.527956 -2.248292 -0.133225 -1.641886
  time 77
    0 -0.000003 -13.531250 -29.421875 1.570792 0.000003 -0.000003
    1 0.000000 3.345131 -2.981898 1.570796 0.083192 1.570795
    2 4.015625 0.000001 0.000000 0.000000 -0.000001 -0.028819
    3 3.520294 0.000005 -0.000006 0.000000 0.000000 0.097311
    4 8.929688 -0.000001 0.000000 0.000000 0.000001 0.186405
    5 2.035156 0.997070 1.937500 1.589735 -1.286517 2.950158
    6 6.028159 -0.000069 0.000009 -1.575890 0.049155 -1.169438
    7 11.692566 0.000046 0.000011 -0.000002 0.000000 -0.060376
    8 11.481682 0.000088 -0.000031 1.568292 -0.038710 0.036026
    9 3.857422 -0.139526 -1.191406 -0.363882 0.112047 -0.355498
    10 1.312565 -0.000008 0.000000 -0.000002 0.054404 -0.409012
    11 0.729366 0.000002 -0.000002 -0.000001 0.040754 -0.240990
    12 3.941406 0.046936 -0.435059 -0.101499 0.042182 -0.269683
    13 1.539091 0.000008 -0.000002 0.000000 0.003737 -0.247812
    14 1.196321 0.000000 -0.000002 -0.000001 0.006168 -0.430818
    15 3.880859 -0.043091 0.427490 0.090105 -0.011419 -0.132542
    16 1.719578 0.000023 -0.000021 -0.000005 -0.020423 -0.365964
    17 1.209181 -0.000004 -0.000001 0.000001 -0.011427 -0.216116
    18 3.863281 -0.136475 1.332031 0.320642 -0.041405 -0.125801
    19 1.719431 -0.000023 0.000019 0.000001 -0.106227 -0.347813
    20 1.099676 0.000000 0.000006 0.000004 -0.067955 -0.234890
    21 0.807129 -0.346924 1.320313 -1.243196 -0.551768 -0.740654
    22 1.789787 0.000006 0.000006 -0.000002 -0.003712 0.228604
    23 1.207012 0.000011 0.000000 -0.000001 -0.005667 0.362993
    24 2.035156 0.997070 -1.937500 -1.661572 1.286515 2.950150
    25 6.028144 -0.000011 0.000002 1.855912 0.466138 -0.527261
    26 12.301971 -1.003936 0.937532 0.697324 0.008386 -1.627055
    27 11.481657 0.000043 0.000019 -1.750758 0.496917 -0.177549
    28 3.854334 -0.131699 1.199994 0.390527 -0.101410 -0.916423
    29 1.312567 0.000000 0.000000 0.094366 -0.148314 -1.023377
    30 0.729362 0.000004 0.000003 0.246466 -0.201514 -1.343121
    31 3.941981 0.050872 0.435162 0.108940 0.058963 -0.470260
    32 1.539089 0.000008 0.000003 0.081999 -0.072597 -1.490925
    33 1.196316 0.000004 0.000005 0.030667 -0.074741 -1.027947
    34 3.880859 -0.047028 -0.427490 -0.079036 0.162996 -0.514648
    35 1.719567 0.000023 0.000016 -0.048600 0.058563 -1.498659
    36 1.209175 0.000008 0.000005 -0.038122 -0.010972 -1.196720
    37 3.863493 -0.148186 -1.324350 -0.424029 0.413272 -0.567318
    38 1.719419 -0.000008 -0.000008 -0.103004 0.275398 -0.995724
    39 1.099667 -0.000004 -0.000001 -0.048647 0.108807 -0.506629
    40 0.807129 -0.358887 -1.316406 1.391888 0.446144 -0.556730
    41 1.789783 -0.000002 -0.000002 0.030300 -0.047271 0.412855
    42 1.207001 0.000009 0.000000 -0.006740 -0.074456 -0.170110
    43 5.073761 -4.063510 -2.918343 3.826595 -0.063820 -1.771607
    44 0.000000 0.196712 0.000000 1.570797 0.000000 0.000001
    45 0.000002 2.032589 0.000000 0.000000 0.000000 0.000000
    46 0.000002 1.571991 0.000000 0.000000 0.000000 0.000000
    47 3.775905 -5.485672 -0.527956 -2.248292 -0.133225 -1.641886
  time 78
    0 -0.000003 -13.531250 -29.421875 1.570792 0.000003 -0.000003
    1 0.000000 3.345131 -2.981898 1.570796 0.083192 1.570795
    2 4.015625 0.000001 0.000000 0.000000 -0.000001 -0.028819
    3 3.520294 0.000005 -0.000006 0.000000 0.000000 0.097311
    4 8.929688 -0.000001 0.000000 0.000000 0.000001 0.186405
    5 2.035156 0.997070 1.937500 1.589735 -1.286517 2.950158
    6 6.028159 -0.000069 0.000009 -1.575890 0.049155 -1.169438
    7 11.692566 0.000046 0.000011 -0.000002 0.000000 -0.060376
    8 11.481682 0.000088 -0.000031 1.568292 -0.038710 0.036026
    9 3.857422 -0.139526 -1.191406 -0.363882 0.112047 -0.355498
    10 1.312565 -0.000008 0.000000 -0.000002 0.054404 -0.409012
    11 0.729366 0.000002 -0.000002 -0.000001 0.040754 -0.240990
    12 3.941406 0.046936 -0.435059 -0.101499 0.042182 -0.269683
    13 1.539091 0.000008 -0.000002 0.000000 0.003737 -0.247812
    14 1.196321 0.000000 -0.000002 -0.000001 0.006168 -0.430818
    15 3.880859 -0.043091 0.427490 0.090105 -0.011419 -0.132542
    16 1.719578 0.000023 -0.000021 -0.000005 -0.020423 -0.365964
    17 1.209181 -0.000004 -0.000001 0.000001 -0.011427 -0.216116
    18 3.863281 -0.136475 1.332031 0.320642 -0.041405 -0.125801
    19 1.719431 -0.000023 0.000019 0.000001 -0.106227 -0.347813
    20 1.099676 0.000000 0.000006 0.000004 -0.067955 -0.234890
    21 0.807129 -0.346924 1.320313 -1.243196 -0.551768 -0.740654
    22 1.789787 0.000006 0.000006 -0.000002 -0.003712 0.228604
    23 1.207012 0.000011 0.000000 -0.000001 -0.005667 0.362993
    24 2.035156 0.997070 -1.937500 -1.661572 1.286515 2.950150
    25 6.028144 -0.000011 0.000002 1.855805 0.466040 -0.527309
    26 12.301971 -1.003936 0.937532 0.697234 0.008401 -1.627109
    27 11.481657 0.000043 0.000019 -1.750644 0.497020 -0.177346
    28 3.854334 -0.131699 1.199994 0.390527 -0.101410 -0.916423
    29 1.312567 0.000000 0.000000 0.094366 -0.148314 -1.023377
    30 0.729362 0.000004 0.000003 0.246466 -0.201514 -1.343154
    31 3.941981 0.050872 0.435162 0.108940 0.058963 -0.470260
    32 1.539089 0.000008 0.000003 0.081999 -0.072597 -1.490887
    33 1.196316 0.000004 0.000005 0.030667 -0.074741 -1.027947
    34 3.880859 -0.047028 -0.427490 -0.079036 0.162996 -0.514648
    35 1.719567 0.000023 0.000016 -0.048600 0.058563 -1.498659
    36 1.209175 0.000008 0.000005 -0.038122 -0.010972 -1.196750
    37 3.867399 -0.148186 -1.324350 -0.424029 0.413272 -0.567318
    38 1.719419 -0.000008 -0.000008 -0.103004 0.275398 -0.995724
    39 1.099667 -0.000004 -0.000001 -0.048647 0.108807 -0.506629
    40 0.807129 -0.358887 -1.316406 1.391888 0.446144 -0.556730
    41 1.789783 -0.000002 -0.000002 0.030300 -0.047271 0.412855
    42 1.207001 0.000009 0.000000 -0.006740 -0.074456 -0.170110
    43 5.073761 -4.063510 -2.918343 3.826595 -0.063832 -1.771591
    44 0.000000 0.196712 0.000000 1.570797 0.000000 0.000001
    45 0.000002 2.032589 0.000000 0.000000 0.000000 0.000000
    46 0.000002 1.571991 0.000000 0.000000 0.000000 0.000000
    47 3.775905 -5.485672 -0.527956 -2.248292 -0.133225 -1.641886
  time 79
    0 -0.000003 -13.531250 -29.421875 1.570792 0.000003 -0.000003
    1 0.000000 3.345131 -2.981898 1.570796 0.083192 1.570795
    2 4.015625 0.000001 0.000000 0.000000 -0.000001 -0.028819
    3 3.520294 0.000005 -0.000006 0.000000 0.000000 0.097311
    4 8.929688 -0.000001 0.000000 0.000000 0.000001 0.186405
    5 2.035156 0.997070 1.937500 1.589735 -1.286517 2.950158
    6 6.028159 -0.000069 0.000009 -1.575890 0.049155 -1.169438
    7 11.692566 0.000046 0.000011 -0.000002 0.000000 -0.060376
    8 11.481682 0.000088 -0.000031 1.568292 -0.038710 0.036026
    9 3.857422 -0.139526 -1.191406 -0.363882 0.112047 -0.355498
    10 1.312565 -0.000008 0.000000 -0.000002 0.054404 -0.409012
    11 0.729366 0.000002 -0.000002 -0.000001 0.040754 -0.240990
    12 3.941406 0.046936 -0.435059 -0.101499 0.042182 -0.269683
    13 1.539091 0.000008 -0.000002 0.000000 0.003737 -0.247812
    14 1.196321 0.000000 -0.000002 -0.000001 0.006168 -0.430818
    15 3.880859 -0.043091 0.427490 0.090105 -0.011419 -0.132542
    16 1.719578 0.000023 -0.000021 -0.000005 -0.020423 -0.365964
    17 1.209181 -0.000004 -0.000001 0.000001 -0.011427 -0.216116
    18 3.863281 -0.136475 1.332031 0.320642 -0.041405 -0.125801
    19 1.719431 -0.000023 0.000019 0.000001 -0.106227 -0.347813
    20 1.099676 0.000000 0.000006 0.000004 -0.067955 -0.234890
    21 0.807129 -0.346924 1.320313 -1.243196 -0.551768 -0.740654
    22 1.789787 0.000006 0.000006 -0.000002 -0.003712 0.228604
    23 1.207012 0.000011 0.000000 -0.000001 -0.005667 0.362993
    24 2.035156 0.997070 -1.937500 -1.661572 1.286515 2.950150
    25 6.028144 -0.000011 0.000002 1.855745 0.465991 -0.527345
    26 12.301971 -1.003936 0.937532 0.697189 0.008415 -1.627162
    27 11.481657 0.000043 0.000019 -1.750568 0.497079 -0.177214
    28 3.854334 -0.131699 1.199994 0.390527 -0.101410 -0.916423
    29 1.312567 0.000000 0.000000 0.094366 -0.148314 -1.023377
    30 0.729362 0.000004 0.000003 0.246466 -0.201514 -1.343121
    31 3.941981 0.050872 0.435162 0.108940 0.058963 -0.470260
    32 1.539089 0.000008 0.000003 0.081999 -0.072597 -1.490887
    33 1.196316 0.000004 0.000005 0.030667 -0.074741 -1.027947
    34 3.880859 -0.047028 -0.427490 -0.079036 0.162996 -0.514648
    35 1.719567 0.000023 0.000016 -0.048600 0.058563 -1.498659
    36 1.209175 0.000008 0.000005 -0.038122 -0.010972 -1.196720
    37 3.867399 -0.148186 -1.324350 -0.424029 0.413272 -0.567318
    38 1.719419 -0.000008 -0.000008 -0.103004 0.275398 -0.995724
    39 1.099667 -0.000004 -0.000001 -0.048647 0.108807 -0.506629
    40 0.807129 -0.358887 -1.316406 1.391888 0.446144 -0.556730
    41 1.789783 -0.000002 -0.000002 0.030300 -0.047271 0.412855
    42 1.207001 0.000009 0.000000 -0.006740 -0.074456 -0.170110
    43 5.073761 -4.063510 -2.918343 3.826595 -0.063820 -1.771607
    44 0.000000 0.196712 0.000000 1.570797 0.000000 0.000001
    45 0.000002 2.032589 0.000000 0.000000 0.000000 0.000000
    46 0.000002 1.571991 0.000000 0.000000 0.000000 0.000000
    47 3.775905 -5.485672 -0.527956 -2.248292 -0.133225 -1.641886
  time 80
    0 -0.000003 -13.531250 -29.421875 1.570792 0.000003 -0.000003
    1 0.000000 3.345131 -2.981898 1.570796 0.083192 1.570795
    2 4.015625 0.000001 0.000000 0.000000 -0.000001 -0.028819
    3 3.520294 0.000005 -0.000006 0.000000 0.000000 0.097311
    4 8.929688 -0.000001 0.000000 0.000000 0.000001 0.186405
    5 2.035156 0.997070 1.937500 1.589735 -1.286517 2.950158
    6 6.028159 -0.000069 0.000009 -1.575890 0.049155 -1.169438
    7 11.692566 0.000046 0.000011 -0.000002 0.000000 -0.060376
    8 11.481682 0.000088 -0.000031 1.568292 -0.038710 0.036026
    9 3.857422 -0.139526 -1.191406 -0.363882 0.112047 -0.355498
    10 1.312565 -0.000008 0.000000 -0.000002 0.054404 -0.409012
    11 0.729366 0.000002 -0.000002 -0.000001 0.040754 -0.240990
    12 3.941406 0.046936 -0.435059 -0.101499 0.042182 -0.269683
    13 1.539091 0.000008 -0.000002 0.000000 0.003737 -0.247812
    14 1.196321 0.000000 -0.000002 -0.000001 0.006168 -0.430818
    15 3.880859 -0.043091 0.427490 0.090105 -0.011419 -0.132542
    16 1.719578 0.000023 -0.000021 -0.000005 -0.020423 -0.365964
    17 1.209181 -0.000004 -0.000001 0.000001 -0.011427 -0.216116
    18 3.863281 -0.136475 1.332031 0.320642 -0.041405 -0.125801
    19 1.719431 -0.000023 0.000019 0.000001 -0.106227 -0.347813
    20 1.099676 0.000000 0.000006 0.000004 -0.067955 -0.234890
    21 0.807129 -0.346924 1.320313 -1.243196 -0.551768 -0.740654
    22 1.789787 0.000006 0.000006 -0.000002 -0.003712 0.228604
    23 1.207012 0.000011 0.000000 -0.000001 -0.005667 0.362993
    24 2.035156 0.997070 -1.937500 -1.661572 1.286515 2.950150
    25 6.028144 -0.000011 0.000002 1.855721 0.465966 -0.527357
    26 12.301971 -1.003936 0.937532 0.697189 0.008429 -1.627162
    27 11.481657 0.000043 0.000019 -1.750549 0.497094 -0.177178
    28 3.854334 -0.131699 1.199994 0.390527 -0.101410 -0.916423
    29 1.312567 0.000000 0.000000 0.094366 -0.148314 -1.023377
    30 0.729362 0.000004 0.000003 0.246466 -0.201514 -1.343121
    31 3.941981 0.050872 0.435162 0.108940 0.058963 -0.470260
    32 1.539089 0.000008 0.000003 0.081999 -0.072597 -1.490925
    33 1.196316 0.000004 0.000005 0.030667 -0.074741 -1.027947
    34 3.880859 -0.047028 -0.427490 -0.079036 0.162996 -0.514648
    35 1.719567 0.000023 0.000016 -0.048600 0.058563 -1.498659
    36 1.209175 0.000008 0.000005 -0.038122 -0.010972 -1.196720
    37 3.863493 -0.148186 -1.324350 -0.424017 0.413272 -0.567318
    38 1.719419 -0.000008 -0.000008 -0.103004 0.275398 -0.995724
    39 1.099667 -0.000004 -0.000001 -0.048647 0.108807 -0.506629
    40 0.807129 -0.358887 -1.316406 1.391888 0.446144 -0.556730
    41 1.789783 -0.000002 -0.000002 0.030300 -0.047271 0.412855
    42 1.207001 0.000009 0.000000 -0.006740 -0.074456 -0.170110
    43 5.073761 -4.063510 -2.918343 3.826595 -0.063820 -1.771607
    44 0.000000 0.196712 0.000000 1.570797 0.000000 0.000001
    45 0.000002 2.032589 0.000000 0.000000 0.000000 0.000000
    46 0.000002 1.571991 0.000000 0.000000 0.000000 0.000000
    47 3.775905 -5.485672 -0.527956 -2.248292 -0.133225 -1.641886
  time 81
    0 -0.000003 -13.531250 -29.421875 1.570792 0.000003 -0.000003
    1 0.000000 3.345131 -2.981898 1.570796 0.083192 1.570795
    2 4.015625 0.000001 0.000000 0.000000 -0.000001 -0.028819
    3 3.520294 0.000005 -0.000006 0.000000 0.000000 0.097311
    4 8.929688 -0.000001 0.000000 0.000000 0.000001 0.186405
    5 2.035156 0.997070 1.937500 1.589735 -1.286517 2.950158
    6 6.028159 -0.000069 0.000009 -1.575890 0.049155 -1.169438
    7 11.692566 0.000046 0.000011 -0.000002 0.000000 -0.060376
    8 11.481682 0.000088 -0.000031 1.568292 -0.038710 0.036026
    9 3.857422 -0.139526 -1.191406 -0.363882 0.112047 -0.355498
    10 1.312565 -0.000008 0.000000 -0.000002 0.054404 -0.409012
    11 0.729366 0.000002 -0.000002 -0.000001 0.040754 -0.240990
    12 3.941406 0.046936 -0.435059 -0.101499 0.042182 -0.269683
    13 1.539091 0.000008 -0.000002 0.000000 0.003737 -0.247812
    14 1.196321 0.000000 -0.000002 -0.000001 0.006168 -0.430818
    15 3.880859 -0.043091 0.427490 0.090105 -0.011419 -0.132542
    16 1.719578 0.000023 -0.000021 -0.000005 -0.020423 -0.365964
    17 1.209181 -0.000004 -0.000001 0.000001 -0.011427 -0.216116
    18 3.863281 -0.136475 1.332031 0.320642 -0.041405 -0.125801
    19 1.719431 -0.000023 0.000019 0.000001 -0.106227 -0.347813
    20 1.099676 0.000000 0.000006 0.000004 -0.067955 -0.234890
    21 0.807129 -0.346924 1.320313 -1.243196 -0.551768 -0.740654
    22 1.789787 0.000006 0.000006 -0.000002 -0.003712 0.228604
    23 1.207012 0.000011 0.000000 -0.000001 -0.005667 0.362993
    24 2.035156 0.997070 -1.937500 -1.661572 1.286515 2.950150
    25 6.028144 -0.000011 0.000002 1.855745 0.465991 -0.527345
    26 12.301971 -1.003936 0.937532 0.697189 0.008415 -1.627162
    27 11.481657 0.000043 0.000019 -1.750568 0.497079 -0.177214
    28 3.854334 -0.131699 1.199994 0.390527 -0.101410 -0.916423
    29 1.312567 0.000000 0.000000 0.094366 -0.148314 -1.023377
    30 0.729362 0.000004 0.000003 0.246466 -0.201514 -1.343121
    31 3.941981 0.050872 0.435162 0.108940 0.058963 -0.470260
    32 1.539089 0.000008 0.000003 0.081999 -0.072597 -1.490887
    33 1.196316 0.000004 0.000005 0.030667 -0.074741 -1.027947
    34 3.880859 -0.047028 -0.427490 -0.079036 0.162996 -0.514648
    35 1.719567 0.000023 0.000016 -0.048600 0.058563 -1.498659
    36 1.209175 0.000008 0.000005 -0.038122 -0.010972 -1.196720
    37 3.867399 -0.148186 -1.324350 -0.424029 0.413272 -0.567318
    38 1.719419 -0.000008 -0.000008 -0.103004 0.275398 -0.995724
    39 1.099667 -0.000004 -0.000001 -0.048647 0.108807 -0.506629
    40 0.807129 -0.358887 -1.316406 1.391888 0.446144 -0.556730
    41 1.789783 -0.000002 -0.000002 0.030300 -0.047271 0.412855
    42 1.207001 0.000009 0.000000 -0.006740 -0.074456 -0.170110
    43 5.073761 -4.063510 -2.918343 3.826595 -0.063820 -1.771607
    44 0.000000 0.196712 0.000000 1.570797 0.000000 0.000001
    45 0.000002 2.032589 0.000000 0.000000 0.000000 0.000000
    46 0.000002 1.571991 0.000000 0.000000 0.000000 0.000000
    47 3.775905 -5.485672 -0.527956 -2.248292 -0.133225 -1.641886
  time 82
    0 -0.000003 -13.531250 -29.421875 1.570792 0.000003 -0.000003
    1 0.000000 3.345131 -2.981898 1.570796 0.083192 1.570795
    2 4.015625 0.000001 0.000000 0.000000 -0.000001 -0.028819
    3 3.520294 0.000005 -0.000006 0.000000 0.000000 0.097311
    4 8.929688 -0.000001 0.000000 0.000000 0.000001 0.186405
    5 2.035156 0.997070 1.937500 1.589735 -1.286517 2.950158
    6 6.028159 -0.000069 0.000009 -1.575890 0.049155 -1.169438
    7 11.692566 0.000046 0.000011 -0.000002 0.000000 -0.060376
    8 11.481682 0.000088 -0.000031 1.568292 -0.038710 0.036026
    9 3.857422 -0.139526 -1.191406 -0.363882 0.112047 -0.355498
    10 1.312565 -0.000008 0.000000 -0.000002 0.054404 -0.409012
    11 0.729366 0.000002 -0.000002 -0.000001 0.040754 -0.240990
    12 3.941406 0.046936 -0.435059 -0.101499 0.042182 -0.269683
    13 1.539091 0.000008 -0.000002 0.000000 0.003737 -0.247812
    14 1.196321 0.000000 -0.000002 -0.000001 0.006168 -0.430818
    15 3.880859 -0.043091 0.427490 0.090105 -0.011419 -0.132542
    16 1.719578 0.000023 -0.000021 -0.000005 -0.020423 -0.365964
    17 1.209181 -0.000004 -0.000001 0.000001 -0.011427 -0.216116
    18 3.863281 -0.136475 1.332031 0.320642 -0.041405 -0.125801
    19 1.719431 -0.000023 0.000019 0.000001 -0.106227 -0.347813
    20 1.099676 0.000000 0.000006 0.000004 -0.067955 -0.234890
    21 0.807129 -0.346924 1.320313 -1.243196 -0.551768 -0.740654
    22 1.789787 0.000006 0.000006 -0.000002 -0.003712 0.228604
    23 1.207012 0.000011 0.000000 -0.000001 -0.005667 0.362993
    24 2.035156 0.997070 -1.937500 -1.661572 1.286515 2.950150
    25 6.028144 -0.000011 0.000002 1.855805 0.466040 -0.527309
    26 12.301971 -1.003936 0.937532 0.697234 0.008401 -1.627162
    27 11.481657 0.000043 0.000019 -1.750644 0.497020 -0.177346
    28 3.858240 -0.131699 1.199994 0.390527 -0.101410 -0.916423
    29 1.312567 0.000000 0.000000 0.094366 -0.148314 -1.023377
    30 0.729362 0.000004 0.000003 0.246466 -0.201514 -1.343121
    31 3.941981 0.050872 0.435162 0.108940 0.058963 -0.470260
    32 1.539089 0.000008 0.000003 0.081999 -0.072597 -1.490887
    33 1.196316 0.000004 0.000005 0.030667 -0.074741 -1.027947
    34 3.880859 -0.047028 -0.427490 -0.079036 0.162996 -0.514648
    35 1.719567 0.000023 0.000016 -0.048600 0.058563 -1.498659
    36 1.209175 0.000008 0.000005 -0.038122 -0.010972 -1.196720
    37 3.867399 -0.148186 -1.324350 -0.424029 0.413272 -0.567318
    38 1.719419 -0.000008 -0.000008 -0.103004 0.275398 -0.995724
    39 1.099667 -0.000004 -0.000001 -0.048647 0.108807 -0.506629
    40 0.807129 -0.358887 -1.316406 1.391888 0.446144 -0.556730
    41 1.789783 -0.000002 -0.000002 0.030300 -0.047271 0.412855
    42 1.207001 0.000009 0.000000 -0.006740 -0.074456 -0.170110
    43 5.073761 -4.063510 -2.918343 3.826595 -0.063820 -1.771607
    44 0.000000 0.196712 0.000000 1.570797 0.000000 0.000001
    45 0.000002 2.032589 0.000000 0.000000 0.000000 0.000000
    46 0.000002 1.571991 0.000000 0.000000 0.000000 0.000000
    47 3.775905 -5.485672 -0.527956 -2.248292 -0.133225 -1.641886
  time 83
    0 -0.000003 -13.531250 -29.421875 1.570792 0.000003 -0.000003
    1 0.000000 3.345131 -2.981898 1.570796 0.083192 1.570795
    2 4.015625 0.000001 0.000000 0.000000 -0.000001 -0.028819
    3 3.520294 0.000005 -0.000006 0.000000 0.000000 0.097311
    4 8.929688 -0.000001 0.000000 0.000000 0.000001 0.186405
    5 2.035156 0.997070 1.937500 1.589735 -1.286517 2.950158
    6 6.028159 -0.000069 0.000009 -1.575890 0.049155 -1.169438
    7 11.692566 0.000046 0.000011 -0.000002 0.000000 -0.060376
    8 11.481682 0.000088 -0.000031 1.568292 -0.038710 0.036026
    9 3.857422 -0.139526 -1.191406 -0.363882 0.112047 -0.355498
    10 1.312565 -0.000008 0.000000 -0.000002 0.054404 -0.409012
    11 0.729366 0.000002 -0.000002 -0.000001 0.040754 -0.240990
    12 3.941406 0.046936 -0.435059 -0.101499 0.042182 -0.269683
    13 1.539091 0.000008 -0.000002 0.000000 0.003737 -0.247812
    14 1.196321 0.000000 -0.000002 -0.000001 0.006168 -0.430818
    15 3.880859 -0.043091 0.427490 0.090105 -0.011419 -0.132542
    16 1.719578 0.000023 -0.000021 -0.000005 -0.020423 -0.365964
    17 1.209181 -0.000004 -0.000001 0.000001 -0.011427 -0.216116
    18 3.863281 -0.136475 1.332031 0.320642 -0.041405 -0.125801
    19 1.719431 -0.000023 0.000019 0.000001 -0.106227 -0.347813
    20 1.099676 0.000000 0.000006 0.000004 -0.067955 -0.234890
    21 0.807129 -0.346924 1.320313 -1.243196 -0.551768 -0.740654
    22 1.789787 0.000006 0.000006 -0.000002 -0.003712 0.228604
    23 1.207012 0.000011 0.000000 -0.000001 -0.005667 0.362993
    24 2.035156 0.997070 -1.937500 -1.661572 1.286515 2.950150
    25 6.028144 -0.000011 0.000002 1.855912 0.466138 -0.527261
    26 12.301971 -1.003936 0.937532 0.697324 0.008386 -1.627055
    27 11.481657 0.000043 0.000019 -1.750758 0.496917 -0.177549
    28 3.854334 -0.131699 1.199994 0.390527 -0.101410 -0.916423
    29 1.312567 0.000000 0.000000 0.094366 -0.148314 -1.023377
    30 0.729362 0.000004 0.000003 0.246478 -0.201514 -1.343121
    31 3.941981 0.050872 0.435162 0.108940 0.058963 -0.470260
    32 1.539089 0.000008 0.000003 0.081999 -0.072597 -1.490887
    33 1.196316 0.000004 0.000005 0.030667 -0.074741 -1.027947
    34 3.880859 -0.047028 -0.427490 -0.079036 0.162996 -0.514648
    35 1.719567 0.000023 0.000016 -0.048600 0.058563 -1.498659
    36 1.209175 0.000008 0.000005 -0.038122 -0.010972 -1.196720
    37 3.867399 -0.148186 -1.324350 -0.424029 0.413272 -0.567318
    38 1.719419 -0.000008 -0.000008 -0.103004 0.275398 -0.995724
    39 1.099667 -0.000004 -0.000001 -0.048647 0.108807 -0.506629
    40 0.807129 -0.358887 -1.316406 1.391888 0.446144 -0.556730
    41 1.789783 -0.000002 -0.000002 0.030300 -0.047271 0.412855
    42 1.207001 0.000009 0.000000 -0.006740 -0.074456 -0.170110
    43 5.073761 -4.063510 -2.918343 3.826595 -0.063832 -1.771607
    44 0.000000 0.196712 0.000000 1.570797 0.000000 0.000001
    45 0.000002 2.032589 0.000000 0.000000 0.000000 0.000000
    46 0.000002 1.571991 0.000000 0.000000 0.000000 0.000000
    47 3.775905 -5.485672 -0.527956 -2.248292 -0.133225 -1.641886
  time 84
    0 -0.000003 -13.531250 -29.421875 1.570792 0.000003 -0.000003
    1 0.000000 3.345131 -2.981898 1.570796 0.083192 1.570795
    2 4.015625 0.000001 0.000000 0.000000 -0.000001 -0.028819
    3 3.520294 0.000005 -0.000006 0.000000 0.000000 0.097311
    4 8.929688 -0.000001 0.000000 0.000000 0.000001 0.186405
    5 2.035156 0.997070 1.937500 1.589735 -1.286517 2.950158
    6 6.028159 -0.000069 0.000009 -1.575890 0.049155 -1.169438
    7 11.692566 0.000046 0.000011 -0.000002 0.000000 -0.060376
    8 11.481682 0.000088 -0.000031 1.568292 -0.038710 0.036026
    9 3.857422 -0.139526 -1.191406 -0.363882 0.112047 -0.355498
    10 1.312565 -0.000008 0.000000 -0.000002 0.054404 -0.409012
    11 0.729366 0.000002 -0.000002 -0.000001 0.040754 -0.240990
    12 3.941406 0.046936 -0.435059 -0.101499 0.042182 -0.269683
    13 1.539091 0.000008 -0.000002 0.000000 0.003737 -0.247812
    14 1.196321 0.000000 -0.000002 -0.000001 0.006168 -0.430818
    15 3.880859 -0.043091 0.427490 0.090105 -0.011419 -0.132542
    16 1.719578 0.000023 -0.000021 -0.000005 -0.020423 -0.365964
    17 1.209181 -0.000004 -0.000001 0.000001 -0.011427 -0.216116
    18 3.863281 -0.136475 1.332031 0.320642 -0.041405 -0.125801
    19 1.719431 -0.000023 0.000019 0.000001 -0.106227 -0.347813
    20 1.099676 0.000000 0.000006 0.000004 -0.067955 -0.234890
    21 0.807129 -0.346924 1.320313 -1.243196 -0.551768 -0.740654
    22 1.789787 0.000006 0.000006 -0.000002 -0.003712 0.228604
    23 1.207012 0.000011 0.000000 -0.000001 -0.005667 0.362993
    24 2.035156 0.997070 -1.937500 -1.661572 1.286515 2.950150
    25 6.028144 -0.000011 0.000002 1.856068 0.466285 -0.527178
    26 12.301971 -1.003936 0.937532 0.697415 0.008343 -1.627002
    27 11.481657 0.000043 0.000019 -1.750910 0.496785 -0.177837
    28 3.854334 -0.131699 1.199994 0.390527 -0.101410 -0.916423
    29 1.312567 0.000000 0.000000 0.094366 -0.148314 -1.023377
    30 0.729362 0.000004 0.000003 0.246478 -0.201514 -1.343121
    31 3.938074 0.050872 0.435162 0.108940 0.058963 -0.470260
    32 1.539089 0.000008 0.000003 0.081999 -0.072597 -1.490887
    33 1.196316 0.000004 0.000005 0.030667 -0.074741 -1.027947
    34 3.880859 -0.047028 -0.427490 -0.079036 0.162996 -0.514648
    35 1.719567 0.000023 0.000016 -0.048600 0.058563 -1.498659
    36 1.209175 0.000008 0.000005 -0.038122 -0.010972 -1.196720
    37 3.867399 -0.148186 -1.324350 -0.424029 0.413272 -0.567318
    38 1.719419 -0.000008 -0.000008 -0.103004 0.275398 -0.995724
    39 1.099667 -0.000004 -0.000001 -0.048647 0.108807 -0.506629
    40 0.807129 -0.358887 -1.316406 1.391888 0.446144 -0.556730
    41 1.789783 -0.000002 -0.000002 0.030300 -0.047271 0.412855
    42 1.207001 0.000009 0.000000 -0.006740 -0.074456 -0.170110
    43 5.073761 -4.063510 -2.918343 3.826595 -0.063832 -1.771607
    44 0.000000 0.196712 0.000000 1.570797 0.000000 0.000001
    45 0.000002 2.032589 0.000000 0.000000 0.000000 0.000000
    46 0.000002 1.571991 0.000000 0.000000 0.000000 0.000000
    47 3.775905 -5.485672 -0.527956 -2.248292 -0.133225 -1.641886
  time 85
    0 -0.000003 -13.531250 -29.421875 1.570792 0.000003 -0.000003
    1 0.000000 3.345131 -2.981898 1.570796 0.083192 1.570795
    2 4.015625 0.000001 0.000000 0.000000 -0.000001 -0.028819
    3 3.520294 0.000005 -0.000006 0.000000 0.000000 0.097311
    4 8.929688 -0.000001 0.000000 0.000000 0.000001 0.186405
    5 2.035156 0.997070 1.937500 1.589735 -1.286517 2.950158
    6 6.028159 -0.000069 0.000009 -1.575890 0.049155 -1.169438
    7 11.692566 0.000046 0.000011 -0.000002 0.000000 -0.060376
    8 11.481682 0.000088 -0.000031 1.568292 -0.038710 0.036026
    9 3.857422 -0.139526 -1.191406 -0.363882 0.112047 -0.355498
    10 1.312565 -0.000008 0.000000 -0.000002 0.054404 -0.409012
    11 0.729366 0.000002 -0.000002 -0.000001 0.040754 -0.240990
    12 3.941406 0.046936 -0.435059 -0.101499 0.042182 -0.269683
    13 1.539091 0.000008 -0.000002 0.000000 0.003737 -0.247812
    14 1.196321 0.000000 -0.000002 -0.000001 0.006168 -0.430818
    15 3.880859 -0.043091 0.427490 0.090105 -0.011419 -0.132542
    16 1.719578 0.000023 -0.000021 -0.000005 -0.020423 -0.365964
    17 1.209181 -0.000004 -0.000001 0.000001 -0.011427 -0.216116
    18 3.863281 -0.136475 1.332031 0.320642 -0.041405 -0.125801
    19 1.719431 -0.000023 0.000019 0.000001 -0.106227 -0.347813
    20 1.099676 0.000000 0.000006 0.000004 -0.067955 -0.234890
    21 0.807129 -0.346924 1.320313 -1.243196 -0.551768 -0.740654
    22 1.789787 0.000006 0.000006 -0.000002 -0.003712 0.228604
    23 1.207012 0.000011 0.000000 -0.000001 -0.005667 0.362993
    24 2.035156 0.997070 -1.937500 -1.661572 1.286515 2.950150
    25 6.028144 -0.000011 0.000002 1.856260 0.466458 -0.527082
    26 12.301971 -1.003936 0.937532 0.697550 0.008300 -1.626842
    27 11.481657 0.000043 0.000019 -1.751101 0.496609 -0.178221
    28 3.858240 -0.131699 1.199994 0.390527 -0.101410 -0.916423
    29 1.312567 0.000000 0.000000 0.094366 -0.148314 -1.023377
    30 0.729362 0.000004 0.000003 0.246478 -0.201514 -1.343121
    31 3.941981 0.050872 0.435162 0.108940 0.058963 -0.470260
    32 1.539089 0.000008 0.000003 0.081999 -0.072597 -1.490887
    33 1.196316 0.000004 0.000005 0.030667 -0.074741 -1.027947
    34 3.880859 -0.047028 -0.427490 -0.079036 0.162996 -0.514648
    35 1.719567 0.000023 0.000016 -0.048600 0.058563 -1.498693
    36 1.209175 0.000008 0.000005 -0.038122 -0.010972 -1.196720
    37 3.867399 -0.148186 -1.324350 -0.424029 0.413272 -0.567318
    38 1.719419 -0.000008 -0.000008 -0.103004 0.275398 -0.995724
    39 1.099667 -0.000004 -0.000001 -0.048647 0.108807 -0.506629
    40 0.807129 -0.358887 -1.316406 1.391888 0.446144 -0.556730
    41 1.789783 -0.000002 -0.000002 0.030300 -0.047271 0.412867
    42 1.207001 0.000009 0.000000 -0.006740 -0.074456 -0.170110
    43 5.073761 -4.063510 -2.918343 3.826595 -0.063832 -1.771607
    44 0.000000 0.196712 0.000000 1.570797 0.000000 0.000001
    45 0.000002 2.032589 0.000000 0.000000 0.000000 0.000000
    46 0.000002 1.571991 0.000000 0.000000 0.000000 0.000000
    47 3.775905 -5.485672 -0.527956 -2.248292 -0.133225 -1.641886
  time 86
    0 -0.000003 -13.531250 -29.421875 1.570792 0.000003 -0.000003
    1 0.000000 3.345131 -2.981898 1.570796 0.083192 1.570795
    2 4.015625 0.000001 0.000000 0.000000 -0.000001 -0.028819
    3 3.520294 0.000005 -0.000006 0.000000 0.000000 0.097311
    4 8.929688 -0.000001 0.000000 0.000000 0.000001 0.186405
    5 2.035156 0.997070 1.937500 1.589735 -1.286517 2.950158
    6 6.028159 -0.000069 0.000009 -1.575890 0.049155 -1.169438
    7 11.692566 0.000046 0.000011 -0.000002 0.000000 -0.060376
    8 11.481682 0.000088 -0.000031 1.568292 -0.038710 0.036026
    9 3.857422 -0.139526 -1.191406 -0.363882 0.112047 -0.355498
    10 1.312565 -0.000008 0.000000 -0.000002 0.054404 -0.409012
    11 0.729366 0.000002 -0.000002 -0.000001 0.040754 -0.240990
    12 3.941406 0.046936 -0.435059 -0.101499 0.042182 -0.269683
    13 1.539091 0.000008 -0.000002 0.000000 0.003737 -0.247812
    14 1.196321 0.000000 -0.000002 -0.000001 0.006168 -0.430818
    15 3.880859 -0.043091 0.427490 0.090105 -0.011419 -0.132542
    16 1.719578 0.000023 -0.000021 -0.000005 -0.020423 -0.365964
    17 1.209181 -0.000004 -0.000001 0.000001 -0.011427 -0.216116
    18 3.863281 -0.136475 1.332031 0.320642 -0.041405 -0.125801
    19 1.719431 -0.000023 0.000019 0.000001 -0.106227 -0.347813
    20 1.099676 0.000000 0.000006 0.000004 -0.067955 -0.234890
    21 0.807129 -0.346924 1.320313 -1.243196 -0.551768 -0.740654
    22 1.789787 0.000006 0.000006 -0.000002 -0.003712 0.228604
    23 1.207012 0.000011 0.000000 -0.000001 -0.005667 0.362993
    24 2.035156 0.997070 -1.937500 -1.661572 1.286515 2.950150
    25 6.028144 -0.000011 0.000002 1.856500 0.466679 -0.526962
    26 12.301971 -1.003936 0.937532 0.697708 0.008242 -1.626735
    27 11.481657 0.000043 0.000019 -1.751348 0.496403 -0.178676
    28 3.854334 -0.131699 1.199994 0.390527 -0.101410 -0.916423
    29 1.312567 0.000000 0.000000 0.094366 -0.148314 -1.023377
    30 0.729362 0.000004 0.000003 0.246478 -0.201514 -1.343121
    31 3.941981 0.050872 0.435162 0.108940 0.058963 -0.470260
    32 1.539089 0.000008 0.000003 0.081999 -0.072597 -1.490925
    33 1.196316 0.000004 0.000005 0.030667 -0.074741 -1.027947
    34 3.880859 -0.047028 -0.427490 -0.079036 0.162996 -0.514648
    35 1.719567 0.000023 0.000016 -0.048600 0.058563 -1.498659
    36 1.209175 0.000008 0.000005 -0.038122 -0.010972 -1.196720
    37 3.863493 -0.148186 -1.324350 -0.424029 0.413272 -0.567318
    38 1.719419 -0.000008 -0.000008 -0.103004 0.275398 -0.995724
    39 1.099667 -0.000004 -0.000001 -0.048647 0.108807 -0.506629
    40 0.807129 -0.358887 -1.316406 1.391888 0.446144 -0.556730
    41 1.789783 -0.000002 -0.000002 0.030300 -0.047271 0.412855
    42 1.207001 0.000009 0.000000 -0.006740 -0.074456 -0.170110
    43 5.073761 -4.063510 -2.918343 3.826595 -0.063832 -1.771607
    44 0.000000 0.196712 0.000000 1.570797 0.000000 0.000001
    45 0.000002 2.032589 0.000000 0.000000 0.000000 0.000000
    46 0.000002 1.571991 0.000000 0.000000 0.000000 0.000000
    47 3.775905 -5.485672 -0.527956 -2.248292 -0.133225 -1.641886
  time 87
    0 -0.000003 -13.531250 -29.421875 1.570792 0.000003 -0.000003
    1 0.000000 3.345131 -2.981898 1.570796 0.083192 1.570795
    2 4.015625 0.000001 0.000000 0.000000 -0.000001 -0.028819
    3 3.520294 0.000005 -0.000006 0.000000 0.000000 0.097311
    4 8.929688 -0.000001 0.000000 0.000000 0.000001 0.186405
    5 2.035156 0.997070 1.937500 1.589735 -1.286517 2.950158
    6 6.028159 -0.000069 0.000009 -1.575890 0.049155 -1.169438
    7 11.692566 0.000046 0.000011 -0.000002 0.000000 -0.060376
    8 11.481682 0.000088 -0.000031 1.568292 -0.038710 0.036026
    9 3.857422 -0.139526 -1.191406 -0.363882 0.112047 -0.355498
    10 1.312565 -0.000008 0.000000 -0.000002 0.054404 -0.409012
    11 0.729366 0.000002 -0.000002 -0.000001 0.040754 -0.240990
    12 3.941406 0.046936 -0.435059 -0.101499 0.042182 -0.269683
    13 1.539091 0.000008 -0.000002 0.000000 0.003737 -0.247812
    14 1.196321 0.000000 -0.000002 -0.000001 0.006168 -0.430818
    15 3.880859 -0.043091 0.427490 0.090105 -0.011419 -0.132542
    16 1.719578 0.000023 -0.000021 -0.000005 -0.020423 -0.365964
    17 1.209181 -0.000004 -0.000001 0.000001 -0.011427 -0.216116
    18 3.863281 -0.136475 1.332031 0.320642 -0.041405 -0.125801
    19 1.719431 -0.000023 0.000019 0.000001 -0.106227 -0.347813
    20 1.099676 0.000000 0.000006 0.000004 -0.067955 -0.234890
    21 0.807129 -0.346924 1.320313 -1.243196 -0.551768 -0.740654
    22 1.789787 0.000006 0.000006 -0.000002 -0.003712 0.228604
    23 1.207012 0.000011 0.000000 -0.000001 -0.005667 0.362993
    24 2.035156 0.997070 -1.937500 -1.661572 1.286515 2.950150
    25 6.028144 -0.000011 0.000002 1.856787 0.466949 -0.526818
    26 12.301971 -1.003936 0.937532 0.697912 0.008170 -1.626574
    27 11.481657 0.000043 0.000019 -1.751633 0.496153 -0.179227
    28 3.854334 -0.131699 1.199994 0.390527 -0.101410 -0.916423
    29 1.312567 0.000000 0.000000 0.094366 -0.148314 -1.023377
    30 0.729362 0.000004 0.000003 0.246478 -0.201514 -1.343121
    31 3.938074 0.050872 0.435162 0.108940 0.058963 -0.470260
    32 1.539089 0.000008 0.000003 0.081999 -0.072597 -1.490925
    33 1.196316 0.000004 0.000005 0.030667 -0.074741 -1.027947
    34 3.880859 -0.047028 -0.427490 -0.079036 0.162996 -0.514648
    35 1.719567 0.000023 0.000016 -0.048600 0.058563 -1.498659
    36 1.209175 0.000008 0.000005 -0.038122 -0.010972 -1.196720
    37 3.863493 -0.148186 -1.324350 -0.424029 0.413272 -0.567318
    38 1.719419 -0.000008 -0.000008 -0.103004 0.275398 -0.995724
    39 1.099667 -0.000004 -0.000001 -0.048647 0.108807 -0.506629
    40 0.807129 -0.358887 -1.316406 1.391888 0.446144 -0.556730
    41 1.789783 -0.000002 -0.000002 0.030300 -0.047271 0.412855
    42 1.207001 0.000009 0.000000 -0.006740 -0.074456 -0.170110
    43 5.073761 -4.063510 -2.918343 3.826595 -0.063832 -1.771607
    44 0.000000 0.196712 0.000000 1.570797 0.000000 0.000001
    45 0.000002 2.032589 0.000000 0.000000 0.000000 0.000000
    46 0.000002 1.571991 0.000000 0.000000 0.000000 0.000000
    47 3.775905 -5.485672 -0.527956 -2.248292 -0.133225 -1.641886
  time 88
    0 -0.000003 -13.531250 -29.421875 1.570792 0.000003 -0.000003
    1 0.000000 3.345131 -2.981898 1.570796 0.083192 1.570795
    2 4.015625 0.000001 0.000000 0.000000 -0.000001 -0.028819
    3 3.520294 0.000005 -0.000006 0.000000 0.000000 0.097311
    4 8.929688 -0.000001 0.000000 0.000000 0.000001 0.186405
    5 2.035156 0.997070 1.937500 1.589735 -1.286517 2.950158
    6 6.028159 -0.000069 0.000009 -1.575890 0.049155 -1.169438
    7 11.692566 0.000046 0.000011 -0.000002 0.000000 -0.060376
    8 11.481682 0.000088 -0.000031 1.568292 -0.038710 0.036026
    9 3.857422 -0.139526 -1.191406 -0.363882 0.112047 -0.355498
    10 1.312565 -0.000008 0.000000 -0.000002 0.054404 -0.409012
    11 0.729366 0.000002 -0.000002 -0.000001 0.040754 -0.240990
    12 3.941406 0.046936 -0.435059 -0.101499 0.042182 -0.269683
    13 1.539091 0.000008 -0.000002 0.000000 0.003737 -0.247812
    14 1.196321 0.000000 -0.000002 -0.000001 0.006168 -0.430818
    15 3.880859 -0.043091 0.427490 0.090105 -0.011419 -0.132542
    16 1.719578 0.000023 -0.000021 -0.000005 -0.020423 -0.365964
    17 1.209181 -0.000004 -0.000001 0.000001 -0.011427 -0.216116
    18 3.863281 -0.136475 1.332031 0.320642 -0.041405 -0.125801
    19 1.719431 -0.000023 0.000019 0.000001 -0.106227 -0.347813
    20 1.099676 0.000000 0.000006 0.000004 -0.067955 -0.234890
    21 0.807129 -0.346924 1.320313 -1.243196 -0.551768 -0.740654
    22 1.789787 0.000006 0.000006 -0.000002 -0.003712 0.228604
    23 1.207012 0.000011 0.000000 -0.000001 -0.005667 0.362993
    24 2.035156 0.997070 -1.937500 -1.661572 1.286515 2.950150
    25 6.028144 -0.000011 0.000002 1.857123 0.467269 -0.526650
    26 12.301971 -1.003936 0.937532 0.698137 0.008098 -1.626360
    27 11.481657 0.000043 0.000019 -1.751956 0.495859 -0.179862
    28 3.854334 -0.131699 1.199994 0.390527 -0.101410 -0.916423
    29 1.312567 0.000000 0.000000 0.094366 -0.148314 -1.023377
    30 0.729362 0.000004 0.000003 0.246478 -0.201514 -1.343121
    31 3.941981 0.050872 0.435162 0.108940 0.058963 -0.470260
    32 1.539089 0.000008 0.000003 0.081999 -0.072597 -1.490925
    33 1.196316 0.000004 0.000005 0.030667 -0.074741 -1.027947
    34 3.880859 -0.047028 -0.427490 -0.079036 0.162996 -0.514648
    35 1.719567 0.000023 0.000016 -0.048600 0.058551 -1.498693
    36 1.209175 0.000008 0.000005 -0.038122 -0.010972 -1.196720
    37 3.867399 -0.148186 -1.324350 -0.424029 0.413272 -0.567318
    38 1.719419 -0.000008 -0.000008 -0.103004 0.275398 -0.995724
    39 1.099667 -0.000004 -0.000001 -0.048647 0.108807 -0.506629
    40 0.807129 -0.358887 -1.316406 1.391888 0.446144 -0.556730
    41 1.789783 -0.000002 -0.000002 0.030300 -0.047271 0.412855
    42 1.207001 0.000009 0.000000 -0.006740 -0.074456 -0.170110
    43 5.073761 -4.063510 -2.918343 3.826595 -0.063832 -1.771607
    44 0.000000 0.196712 0.000000 1.570797 0.000000 0.000001
    45 0.000002 2.032589 0.000000 0.000000 0.000000 0.000000
    46 0.000002 1.571991 0.000000 0.000000 0.000000 0.000000
    47 3.775905 -5.485672 -0.527956 -2.248292 -0.133225 -1.641886
  time 89
    0 -0.000003 -13.531250 -29.421875 1.570792 0.000003 -0.000003
    1 0.000000 3.345131 -2.981898 1.570796 0.083192 1.570795
    2 4.015625 0.000001 0.000000 0.000000 -0.000001 -0.028819
    3 3.520294 0.000005 -0.000006 0.000000 0.000000 0.097311
    4 8.929688 -0.000001 0.000000 0.000000 0.000001 0.186405
    5 2.035156 0.997070 1.937500 1.589735 -1.286517 2.950158
    6 6.028159 -0.000069 0.000009 -1.575890 0.049155 -1.169438
    7 11.692566 0.000046 0.000011 -0.000002 0.000000 -0.060376
    8 11.481682 0.000088 -0.000031 1.568292 -0.038710 0.036026
    9 3.857422 -0.139526 -1.191406 -0.363882 0.112047 -0.355498
    10 1.312565 -0.000008 0.000000 -0.000002 0.054404 -0.409012
    11 0.729366 0.000002 -0.000002 -0.000001 0.040754 -0.240990
    12 3.941406 0.046936 -0.435059 -0.101499 0.042182 -0.269683
    13 1.539091 0.000008 -0.000002 0.000000 0.003737 -0.247812
    14 1.196321 0.000000 -0.000002 -0.000001 0.006168 -0.430818
    15 3.880859 -0.043091 0.427490 0.090105 -0.011419 -0.132542
    16 1.719578 0.000023 -0.000021 -0.000005 -0.020423 -0.365964
    17 1.209181 -0.000004 -0.000001 0.000001 -0.011427 -0.216116
    18 3.863281 -0.136475 1.332031 0.320642 -0.041405 -0.125801
    19 1.719431 -0.000023 0.000019 0.000001 -0.106227 -0.347813
    20 1.099676 0.000000 0.000006 0.000004 -0.067955 -0.234890
    21 0.807129 -0.346924 1.320313 -1.243196 -0.551768 -0.740654
    22 1.789787 0.000006 0.000006 -0.000002 -0.003712 0.228604
    23 1.207012 0.000011 0.000000 -0.000001 -0.005667 0.362993
    24 2.035156 0.997070 -1.937500 -1.661572 1.286515 2.950150
    25 6.028144 -0.000011 0.000002 1.857494 0.467613 -0.526459
    26 12.301971 -1.003936 0.937532 0.698386 0.008012 -1.626147
    27 11.481657 0.000043 0.000019 -1.752336 0.495535 -0.180569
    28 3.858240 -0.131699 1.199994 0.390527 -0.101410 -0.916423
    29 1.312567 0.000000 0.000000 0.094366 -0.148314 -1.023377
    30 0.729362 0.000004 0.000003 0.246478 -0.201514 -1.343121
    31 3.941981 0.050872 0.435162 0.108940 0.058963 -0.470260
    32 1.539089 0.000008 0.000003 0.081999 -0.072597 -1.490887
    33 1.196316 0.000004 0.000005 0.030667 -0.074741 -1.027947
    34 3.880859 -0.047028 -0.427490 -0.079036 0.162996 -0.514648
    35 1.719567 0.000023 0.000016 -0.048600 0.058551 -1.498659
    36 1.209175 0.000008 0.000005 -0.038122 -0.010972 -1.196720
    37 3.867399 -0.148186 -1.324350 -0.424029 0.413272 -0.567318
    38 1.719419 -0.000008 -0.000008 -0.103004 0.275398 -0.995724
    39 1.099667 -0.000004 -0.000001 -0.048647 0.108807 -0.506629
    40 0.807129 -0.358887 -1.316406 1.391888 0.446144 -0.556730
    41 1.789783 -0.000002 -0.000002 0.030300 -0.047271 0.412855
    42 1.207001 0.000009 0.000000 -0.006740 -0.074456 -0.170110
    43 5.073761 -4.063510 -2.918343 3.826595 -0.063832 -1.771607
    44 0.000000 0.196712 0.000000 1.570797 0.000000 0.000001
    45 0.000002 2.032589 0.000000 0.000000 0.000000 0.000000
    46 0.000002 1.571991 0.000000 0.000000 0.000000 0.000000
    47 3.775905 -5.485672 -0.527956 -2.248292 -0.133225 -1.641886
  time 90
    0 -0.000003 -13.531250 -29.421875 1.570792 0.000003 -0.000003
    1 0.000000 3.345131 -2.981898 1.570796 0.083192 1.570795
    2 4.015625 0.000001 0.000000 0.000000 -0.000001 -0.028819
    3 3.520294 0.000005 -0.000006 0.000000 0.000000 0.097311
    4 8.929688 -0.000001 0.000000 0.000000 0.000001 0.186405
    5 2.035156 0.997070 1.937500 1.589735 -1.286517 2.950158
    6 6.028159 -0.000069 0.000009 -1.575890 0.049155 -1.169438
    7 11.692566 0.000046 0.000011 -0.000002 0.000000 -0.060376
    8 11.481682 0.000088 -0.000031 1.568292 -0.038710 0.036026
    9 3.857422 -0.139526 -1.191406 -0.363882 0.112047 -0.355498
    10 1.312565 -0.000008 0.000000 -0.000002 0.054404 -0.409012
    11 0.729366 0.000002 -0.000002 -0.000001 0.040754 -0.240990
    12 3.941406 0.046936 -0.435059 -0.101499 0.042182 -0.269683
    13 1.539091 0.000008 -0.000002 0.000000 0.003737 -0.247812
    14 1.196321 0.000000 -0.000002 -0.000001 0.006168 -0.430818
    15 3.880859 -0.043091 0.427490 0.090105 -0.011419 -0.132542
    16 1.719578 0.000023 -0.000021 -0.000005 -0.020423 -0.365964
    17 1.209181 -0.000004 -0.000001 0.000001 -0.011427 -0.216116
    18 3.863281 -0.136475 1.332031 0.320642 -0.041405 -0.125801
    19 1.719431 -0.000023 0.000019 0.000001 -0.106227 -0.347813
    20 1.099676 0.000000 0.000006 0.000004 -0.067955 -0.234890
    21 0.807129 -0.346924 1.320313 -1.243196 -0.551768 -0.740654
    22 1.789787 0.000006 0.000006 -0.000002 -0.003712 0.228604
    23 1.207012 0.000011 0.000000 -0.000001 -0.005667 0.362993
    24 2.035156 0.997070 -1.937500 -1.661572 1.286515 2.950150
    25 6.028144 -0.000011 0.000002 1.857914 0.468006 -0.526243
    26 12.301971 -1.003936 0.937532 0.698679 0.007911 -1.625879
    27 11.481657 0.000043 0.000019 -1.752735 0.495153 -0.181372
    28 3.854334 -0.131699 1.199994 0.390527 -0.101410 -0.916423
    29 1.312567 0.000000 0.000000 0.094365 -0.148312 -1.023377
    30 0.729362 0.000004 0.000003 0.246466 -0.201514 -1.343121
    31 3.941981 0.050872 0.435162 0.108940 0.058963 -0.470260
    32 1.539089 0.000008 0.000003 0.081999 -0.072597 -1.490887
    33 1.196316 0.000004 0.000005 0.030659 -0.074732 -1.027931
    34 3.880859 -0.047028 -0.427490 -0.079035 0.162996 -0.514648
    35 1.719567 0.000023 0.000016 -0.048600 0.058563 -1.498659
    36 1.209175 0.000008 0.000005 -0.038127 -0.010975 -1.196747
    37 3.867399 -0.148186 -1.324350 -0.424029 0.413272 -0.567318
    38 1.719419 -0.000008 -0.000008 -0.103004 0.275398 -0.995724
    39 1.099667 -0.000004 -0.000001 -0.048647 0.108807 -0.506629
    40 0.811502 -0.358881 -1.312777 1.391884 0.446153 -0.556740
    41 1.789783 -0.000002 -0.000002 0.030300 -0.047271 0.412855
    42 1.207001 0.000009 0.000000 -0.006735 -0.074450 -0.170094
    43 5.073761 -4.063510 -2.918343 3.826595 -0.063820 -1.771607
    44 0.000000 0.196712 0.000000 1.570797 0.000000 0.000001
    45 0.000002 2.032589 0.000000 0.000000 0.000000 0.000000
    46 0.000002 1.571991 0.000000 0.000000 0.000000 0.000000
    47 3.775905 -5.485672 -0.527956 -2.248292 -0.133225 -1.641886
  time 91
    0 -0.000003 -13.531250 -29.421875 1.570792 0.000003 -0.000003
    1 0.000000 3.345131 -2.981898 1.570796 0.083192 1.570795
    2 4.015625 0.000001 0.000000 0.000000 -0.000001 -0.028819
    3 3.520294 0.000005 -0.000006 0.000000 0.000000 0.097311
    4 8.929688 -0.000001 0.000000 0.000000 0.000001 0.186405
    5 2.035156 0.997070 1.937500 1.589735 -1.286517 2.950158
    6 6.028159 -0.000069 0.000009 -1.575890 0.049155 -1.169438
    7 11.692566 0.000046 0.000011 -0.000002 0.000000 -0.060376
    8 11.481682 0.000088 -0.000031 1.568292 -0.038710 0.036026
    9 3.857422 -0.139526 -1.191406 -0.363882 0.112047 -0.355498
    10 1.312565 -0.000008 0.000000 -0.000002 0.054404 -0.409012
    11 0.729366 0.000002 -0.000002 -0.000001 0.040754 -0.240990
    12 3.941406 0.046936 -0.435059 -0.101499 0.042182 -0.269683
    13 1.539091 0.000008 -0.000002 0.000000 0.003737 -0.247812
    14 1.196321 0.000000 -0.000002 -0.000001 0.006168 -0.430818
    15 3.880859 -0.043091 0.427490 0.090105 -0.011419 -0.132542
    16 1.719578 0.000023 -0.000021 -0.000005 -0.020423 -0.365964
    17 1.209181 -0.000004 -0.000001 0.000001 -0.011427 -0.216116
    18 3.863281 -0.136475 1.332031 0.320642 -0.041405 -0.125801
    19 1.719431 -0.000023 0.000019 0.000001 -0.106227 -0.347813
    20 1.099676 0.000000 0.000006 0.000004 -0.067955 -0.234890
    21 0.807129 -0.346924 1.320313 -1.243196 -0.551768 -0.740654
    22 1.789787 0.000006 0.000006 -0.000002 -0.003712 0.228604
    23 1.207012 0.000011 0.000000 -0.000001 -0.005667 0.362993
    24 2.035156 0.997070 -1.937500 -1.661572 1.286515 2.950150
    25 6.028144 -0.000011 0.000002 1.858381 0.468424 -0.526003
    26 12.301971 -1.003936 0.937532 0.698973 0.007810 -1.625612
    27 11.481657 0.000043 0.000019 -1.753211 0.494756 -0.182259
    28 3.858240 -0.131699 1.199994 0.390527 -0.101410 -0.916423
    29 1.312567 0.000000 0.000000 0.094365 -0.148312 -1.023377
    30 0.729362 0.000004 0.000003 0.246478 -0.201514 -1.343121
    31 3.941981 0.050872 0.435162 0.108940 0.058963 -0.470260
    32 1.539089 0.000008 0.000003 0.081999 -0.072597 -1.490887
    33 1.196316 0.000004 0.000005 0.030659 -0.074732 -1.027931
    34 3.880859 -0.047028 -0.427490 -0.079035 0.162996 -0.514648
    35 1.719567 0.000023 0.000016 -0.048600 0.058551 -1.498659
    36 1.209175 0.000008 0.000005 -0.038127 -0.010975 -1.196747
    37 3.867399 -0.148186 -1.324350 -0.424029 0.413272 -0.567318
    38 1.719419 -0.000008 -0.000008 -0.103004 0.275398 -0.995724
    39 1.099667 -0.000004 -0.000001 -0.048647 0.108807 -0.506629
    40 0.811502 -0.358881 -1.312777 1.391884 0.446153 -0.556740
    41 1.789783 -0.000002 -0.000002 0.030300 -0.047271 0.412855
    42 1.207001 0.000009 0.000000 -0.006735 -0.074450 -0.170094
    43 5.073761 -4.063510 -2.918343 3.826595 -0.063832 -1.771607
    44 0.000000 0.196712 0.000000 1.570797 0.000000 0.000001
    45 0.000002 2.032589 0.000000 0.000000 0.000000 0.000000
    46 0.000002 1.571991 0.000000 0.000000 0.000000 0.000000
    47 3.775905 -5.485672 -0.527956 -2.248292 -0.133225 -1.641886
  time 92
    0 -0.000003 -13.531250 -29.421875 1.570792 0.000003 -0.000003
    1 0.000000 3.345131 -2.981898 1.570796 0.083192 1.570795
    2 4.015625 0.000001 0.000000 0.000000 -0.000001 -0.028819
    3 3.520294 0.000005 -0.000006 0.000000 0.000000 0.097311
    4 8.929688 -0.000001 0.000000 0.000000 0.000001 0.186405
    5 2.035156 0.997070 1.937500 1.589735 -1.286517 2.950158
    6 6.028159 -0.000069 0.000009 -1.575890 0.049155 -1.169438
    7 11.692566 0.000046 0.000011 -0.000002 0.000000 -0.060376
    8 11.481682 0.000088 -0.000031 1.568292 -0.038710 0.036026
    9 3.857422 -0.139526 -1.191406 -0.363882 0.112047 -0.355498
    10 1.312565 -0.000008 0.000000 -0.000002 0.054404 -0.409012
    11 0.729366 0.000002 -0.000002 -0.000001 0.040754 -0.240990
    12 3.941406 0.046936 -0.435059 -0.101499 0.042182 -0.269683
    13 1.539091 0.000008 -0.000002 0.000000 0.003737 -0.247812
    14 1.196321 0.000000 -0.000002 -0.000001 0.006168 -0.430818
    15 3.880859 -0.043091 0.427490 0.090105 -0.011419 -0.132542
    16 1.719578 0.000023 -0.000021 -0.000005 -0.020423 -0.365964
    17 1.209181 -0.000004 -0.000001 0.000001 -0.011427 -0.216116
    18 3.863281 -0.136475 1.332031 0.320642 -0.041405 -0.125801
    19 1.719431 -0.000023 0.000019 0.000001 -0.106227 -0.347813
    20 1.099676 0.000000 0.000006 0.000004 -0.067955 -0.234890
    21 0.807129 -0.346924 1.320313 -1.243196 -0.551768 -0.740654
    22 1.789787 0.000006 0.000006 -0.000002 -0.003712 0.228604
    23 1.207012 0.000011 0.000000 -0.000001 -0.005667 0.362993
    24 2.035156 0.997070 -1.937500 -1.661572 1.286515 2.950150
    25 6.028144 -0.000011 0.000002 1.858885 0.468891 -0.525751
    26 12.301971 -1.003936 0.937532 0.699334 0.007695 -1.625345
    27 11.481657 0.000043 0.000019 -1.753705 0.494300 -0.183230
    28 3.858240 -0.131699 1.199994 0.390527 -0.101410 -0.916423
    29 1.312567 0.000000 0.000000 0.094365 -0.148312 -1.023377
    30 0.729362 0.000004 0.000003 0.246478 -0.201514 -1.343121
    31 3.941981 0.050872 0.435162 0.108940 0.058963 -0.470260
    32 1.539089 0.000008 0.000003 0.081999 -0.072597 -1.490925
    33 1.196316 0.000004 0.000005 0.030659 -0.074732 -1.027931
    34 3.880859 -0.047028 -0.427490 -0.079035 0.162996 -0.514648
    35 1.719567 0.000023 0.000016 -0.048600 0.058563 -1.498659
    36 1.209175 0.000008 0.000005 -0.038127 -0.010975 -1.196747
    37 3.867399 -0.148186 -1.324350 -0.424029 0.413272 -0.567318
    38 1.719419 -0.000008 -0.000008 -0.103004 0.275398 -0.995724
    39 1.099667 -0.000004 -0.000001 -0.048647 0.108807 -0.506629
    40 0.811502 -0.358881 -1.312777 1.391884 0.446153 -0.556740
    41 1.789783 -0.000002 -0.000002 0.030300 -0.047271 0.412855
    42 1.207001 0.000009 0.000000 -0.006735 -0.074450 -0.170094
    43 5.073761 -4.063510 -2.918343 3.826595 -0.063820 -1.771607
    44 0.000000 0.196712 0.000000 1.570797 0.000000 0.000001
    45 0.000002 2.032589 0.000000 0.000000 0.000000 0.000000
    46 0.000002 1.571991 0.000000 0.000000 0.000000 0.000000
    47 3.775905 -5.485672 -0.527956 -2.248292 -0.133225 -1.641886
  time 93
    0 -0.000003 -13.531250 -29.421875 1.570792 0.000003 -0.000003
    1 0.000000 3.345131 -2.981898 1.570796 0.083192 1.570795
    2 4.015625 0.000001 0.000000 0.000000 -0.000001 -0.028819
    3 3.520294 0.000005 -0.000006 0.000000 0.000000 0.097311
    4 8.929688 -0.000001 0.000000 0.000000 0.000001 0.186405
    5 2.035156 0.997070 1.937500 1.589735 -1.286517 2.950158
    6 6.028159 -0.000069 0.000009 -1.575890 0.049155 -1.169438
    7 11.692566 0.000046 0.000011 -0.000002 0.000000 -0.060376
    8 11.481682 0.000088 -0.000031 1.568292 -0.038710 0.036026
    9 3.857422 -0.139526 -1.191406 -0.363882 0.112047 -0.355498
    10 1.312565 -0.000008 0.000000 -0.000002 0.054404 -0.409012
    11 0.729366 0.000002 -0.000002 -0.000001 0.040754 -0.240990
    12 3.941406 0.046936 -0.435059 -0.101499 0.042182 -0.269683
    13 1.539091 0.000008 -0.000002 0.000000 0.003737 -0.247812
    14 1.196321 0.000000 -0.000002 -0.000001 0.006168 -0.430818
    15 3.880859 -0.043091 0.427490 0.090105 -0.011419 -0.132542
    16 1.719578 0.000023 -0.000021 -0.000005 -0.020423 -0.365964
    17 1.209181 -0.000004 -0.000001 0.000001 -0.011427 -0.216116
    18 3.863281 -0.136475 1.332031 0.320642 -0.041405 -0.125801
    19 1.719431 -0.000023 0.000019 0.000001 -0.106227 -0.347813
    20 1.099676 0.000000 0.000006 0.000004 -0.067955 -0.234890
    21 0.807129 -0.346924 1.320313 -1.243196 -0.551768 -0.740654
    22 1.789787 0.000006 0.000006 -0.000002 -0.003712 0.228604
    23 1.207012 0.000011 0.000000 -0.000001 -0.005667 0.362993
    24 2.035156 0.997070 -1.937500 -1.661572 1.286515 2.950150
    25 6.028144 -0.000011 0.000002 1.859436 0.469407 -0.525476
    26 12.301971 -1.003936 0.937532 0.699696 0.007565 -1.625024
    27 11.481657 0.000043 0.000019 -1.754256 0.493815 -0.184273
    28 3.854334 -0.131699 1.199994 0.390527 -0.101410 -0.916423
    29 1.312567 0.000000 0.000000 0.094365 -0.148312 -1.023377
    30 0.729362 0.000004 0.000003 0.246466 -0.201514 -1.343121
    31 3.941981 0.050872 0.435162 0.108940 0.058963 -0.470260
    32 1.539089 0.000008 0.000003 0.081999 -0.072597 -1.490925
    33 1.196316 0.000004 0.000005 0.030659 -0.074732 -1.027931
    34 3.880859 -0.047028 -0.427490 -0.079035 0.162996 -0.514648
    35 1.719567 0.000023 0.000016 -0.048600 0.058563 -1.498659
    36 1.209175 0.000008 0.000005 -0.038127 -0.010975 -1.196747
    37 3.867399 -0.148186 -1.324350 -0.424017 0.413272 -0.567318
    38 1.719419 -0.000008 -0.000008 -0.103004 0.275398 -0.995724
    39 1.099667 -0.000004 -0.000001 -0.048647 0.108807 -0.506629
    40 0.811502 -0.358881 -1.312777 1.391884 0.446153 -0.556740
    41 1.789783 -0.000002 -0.000002 0.030300 -0.047271 0.412855
    42 1.207001 0.000009 0.000000 -0.006735 -0.074450 -0.170094
    43 5.073761 -4.063510 -2.918343 3.826595 -0.063820 -1.771607
    44 0.000000 0.196712 0.000000 1.570797 0.000000 0.000001
    45 0.000002 2.032589 0.000000 0.000000 0.000000 0.000000
    46 0.000002 1.571991 0.000000 0.000000 0.000000 0.000000
    47 3.775905 -5.485672 -0.527956 -2.248292 -0.133225 -1.641886
  time 94
    0 -0.000003 -13.531250 -29.421875 1.570792 0.000003 -0.000003
    1 0.000000 3.345131 -2.981898 1.570796 0.083192 1.570795
    2 4.015625 0.000001 0.000000 0.000000 -0.000001 -0.028819
    3 3.520294 0.000005 -0.000006 0.000000 0.000000 0.097311
    4 8.929688 -0.000001 0.000000 0.000000 0.000001 0.186405
    5 2.035156 0.997070 1.937500 1.589735 -1.286517 2.950158
    6 6.028159 -0.000069 0.000009 -1.575890 0.049155 -1.169438
    7 11.692566 0.000046 0.000011 -0.000002 0.000000 -0.060376
    8 11.481682 0.000088 -0.000031 1.568292 -0.038710 0.036026
    9 3.857422 -0.139526 -1.191406 -0.363882 0.112047 -0.355498
    10 1.312565 -0.000008 0.000000 -0.000002 0.054404 -0.409012
    11 0.729366 0.000002 -0.000002 -0.000001 0.040754 -0.240990
    12 3.941406 0.046936 -0.435059 -0.101499 0.042182 -0.269683
    13 1.539091 0.000008 -0.000002 0.000000 0.003737 -0.247812
    14 1.196321 0.000000 -0.000002 -0.000001 0.006168 -0.430818
    15 3.880859 -0.043091 0.427490 0.090105 -0.011419 -0.132542
    16 1.719578 0.000023 -0.000021 -0.000005 -0.020423 -0.365964
    17 1.209181 -0.000004 -0.000001 0.000001 -0.011427 -0.216116
    18 3.863281 -0.136475 1.332031 0.320642 -0.041405 -0.125801
    19 1.719431 -0.000023 0.000019 0.000001 -0.106227 -0.347813
    20 1.099676 0.000000 0.000006 0.000004 -0.067955 -0.234890
    21 0.807129 -0.346924 1.320313 -1.243196 -0.551768 -0.740654
    22 1.789787 0.000006 0.000006 -0.000002 -0.003712 0.228604
    23 1.207012 0.000011 0.000000 -0.000001 -0.005667 0.362993
    24 2.035156 0.997070 -1.937500 -1.661572 1.286515 2.950150
    25 6.028144 -0.000011 0.000002 1.860035 0.469972 -0.525164
    26 12.301971 -1.003936 0.937532 0.700102 0.007421 -1.624650
    27 11.481657 0.000043 0.000019 -1.754827 0.493285 -0.185411
    28 3.854334 -0.131699 1.199994 0.390527 -0.101410 -0.916423
    29 1.312567 0.000000 0.000000 0.094365 -0.148312 -1.023377
    30 0.729362 0.000004 0.000003 0.246478 -0.201514 -1.343121
    31 3.938074 0.050872 0.435162 0.108940 0.058963 -0.470260
    32 1.539089 0.000008 0.000003 0.081999 -0.072597 -1.490925
    33 1.196316 0.000004 0.000005 0.030659 -0.074732 -1.027949
    34 3.880859 -0.047028 -0.427490 -0.079035 0.162996 -0.514648
    35 1.719567 0.000023 0.000016 -0.048600 0.058563 -1.498659
    36 1.209175 0.000008 0.000005 -0.038127 -0.010975 -1.196747
    37 3.863493 -0.148186 -1.324350 -0.424029 0.413272 -0.567318
    38 1.719419 -0.000008 -0.000008 -0.103004 0.275398 -0.995724
    39 1.099667 -0.000004 -0.000001 -0.048647 0.108807 -0.506629
    40 0.811502 -0.358881 -1.312777 1.391884 0.446153 -0.556740
    41 1.789783 -0.000002 -0.000002 0.030300 -0.047271 0.412867
    42 1.207001 0.000009 0.000000 -0.006735 -0.074450 -0.170094
    43 5.073761 -4.063510 -2.918343 3.826595 -0.063820 -1.771607
    44 0.000000 0.196712 0.000000 1.570797 0.000000 0.000001
    45 0.000002 2.032589 0.000000 0.000000 0.000000 0.000000
    46 0.000002 1.571991 0.000000 0.000000 0.000000 0.000000
    47 3.775905 -5.485672 -0.527956 -2.248292 -0.133225 -1.641886
  time 95
    0 -0.000003 -13.531250 -29.421875 1.570792 0.000003 -0.000003
    1 0.000000 3.345131 -2.981898 1.570796 0.083192 1.570795
    2 4.015625 0.000001 0.000000 0.000000 -0.000001 -0.028819
    3 3.520294 0.000005 -0.000006 0.000000 0.000000 0.097311
    4 8.929688 -0.000001 0.000000 0.000000 0.000001 0.186405
    5 2.035156 0.997070 1.937500 1.589735 -1.286517 2.950158
    6 6.028159 -0.000069 0.000009 -1.575890 0.049155 -1.169438
    7 11.692566 0.000046 0.000011 -0.000002 0.000000 -0.060376
    8 11.481682 0.000088 -0.000031 1.568292 -0.038710 0.036026
    9 3.857422 -0.139526 -1.191406 -0.363882 0.112047 -0.355498
    10 1.312565 -0.000008 0.000000 -0.000002 0.054404 -0.409012
    11 0.729366 0.000002 -0.000002 -0.000001 0.040754 -0.240990
    12 3.941406 0.046936 -0.435059 -0.101499 0.042182 -0.269683
    13 1.539091 0.000008 -0.000002 0.000000 0.003737 -0.247812
    14 1.196321 0.000000 -0.000002 -0.000001 0.006168 -0.430818
    15 3.880859 -0.043091 0.427490 0.090105 -0.011419 -0.132542
    16 1.719578 0.000023 -0.000021 -0.000005 -0.020423 -0.365964
    17 1.209181 -0.000004 -0.000001 0.000001 -0.011427 -0.216116
    18 3.863281 -0.136475 1.332031 0.320642 -0.041405 -0.125801
    19 1.719431 -0.000023 0.000019 0.000001 -0.106227 -0.347813
    20 1.099676 0.000000 0.000006 0.000004 -0.067955 -0.234890
    21 0.807129 -0.346924 1.320313 -1.243196 -0.551768 -0.740654
    22 1.789787 0.000006 0.000006 -0.000002 -0.003712 0.228604
    23 1.207012 0.000011 0.000000 -0.000001 -0.005667 0.362993
    24 2.035156 0.997070 -1.937500 -1.661572 1.286515 2.950150
    25 6.028144 -0.000011 0.000002 1.860670 0.470562 -0.524841
    26 12.301971 -1.003936 0.937532 0.700531 0.007277 -1.624276
    27 11.481657 0.000043 0.000019 -1.755454 0.492726 -0.186622
    28 3.854334 -0.131699 1.199994 0.390527 -0.101410 -0.916423
    29 1.312567 0.000000 0.000000 0.094365 -0.148312 -1.023377
    30 0.729362 0.000004 0.000003 0.246478 -0.201514 -1.343121
    31 3.941981 0.050872 0.435162 0.108940 0.058963 -0.470260
    32 1.539089 0.000008 0.000003 0.081999 -0.072597 -1.490925
    33 1.196316 0.000004 0.000005 0.030659 -0.074732 -1.027931
    34 3.880859 -0.047028 -0.427490 -0.079035 0.162996 -0.514648
    35 1.719567 0.000023 0.000016 -0.048600 0.058551 -1.498693
    36 1.209175 0.000008 0.000005 -0.038127 -0.010975 -1.196747
    37 3.867399 -0.148186 -1.324350 -0.424029 0.413272 -0.567318
    38 1.719419 -0.000008 -0.000008 -0.103004 0.275398 -0.995724
    39 1.099667 -0.000004 -0.000001 -0.048647 0.108807 -0.506629
    40 0.811502 -0.358881 -1.312777 1.391884 0.446153 -0.556740
    41 1.789783 -0.000002 -0.000002 0.030300 -0.047271 0.412855
    42 1.207001 0.000009 0.000000 -0.006735 -0.074450 -0.170094
    43 5.073761 -4.063510 -2.918343 3.826595 -0.063832 -1.771607
    44 0.000000 0.196712 0.000000 1.570797 0.000000 0.000001
    45 0.000002 2.032589 0.000000 0.000000 0.000000 0.000000
    46 0.000002 1.571991 0.000000 0.000000 0.000000 0.000000
    47 3.775905 -5.485672 -0.527956 -2.248292 -0.133225 -1.641886
  time 96
    0 -0.000003 -13.531250 -29.421875 1.570792 0.000003 -0.000003
    1 0.000000 3.345131 -2.981898 1.570796 0.083192 1.570795
    2 4.015625 0.000001 0.000000 0.000000 -0.000001 -0.028819
    3 3.520294 0.000005 -0.000006 0.000000 0.000000 0.097311
    4 8.929688 -0.000001 0.000000 0.000000 0.000001 0.186405
    5 2.035156 0.997070 1.937500 1.589735 -1.286517 2.950158
    6 6.028159 -0.000069 0.000009 -1.575890 0.049155 -1.169438
    7 11.692566 0.000046 0.000011 -0.000002 0.000000 -0.060376
    8 11.481682 0.000088 -0.000031 1.568292 -0.038710 0.036026
    9 3.857422 -0.139526 -1.191406 -0.363882 0.112047 -0.355498
    10 1.312565 -0.000008 0.000000 -0.000002 0.054404 -0.409012
    11 0.729366 0.000002 -0.000002 -0.000001 0.040754 -0.240990
    12 3.941406 0.046936 -0.435059 -0.101499 0.042182 -0.269683
    13 1.539091 0.000008 -0.000002 0.000000 0.003737 -0.247812
    14 1.196321 0.000000 -0.000002 -0.000001 0.006168 -0.430818
    15 3.880859 -0.043091 0.427490 0.090105 -0.011419 -0.132542
    16 1.719578 0.000023 -0.000021 -0.000005 -0.020423 -0.365964
    17 1.209181 -0.000004 -0.000001 0.000001 -0.011427 -0.216116
    18 3.863281 -0.136475 1.332031 0.320642 -0.041405 -0.125801
    19 1.719431 -0.000023 0.000019 0.000001 -0.106227 -0.347813
    20 1.099676 0.000000 0.000006 0.000004 -0.067955 -0.234890
    21 0.807129 -0.346924 1.320313 -1.243196 -0.551768 -0.740654
    22 1.789787 0.000006 0.000006 -0.000002 -0.003712 0.228604
    23 1.207012 0.000011 0.000000 -0.000001 -0.005667 0.362993
    24 2.035156 0.997070 -1.937500 -1.661572 1.286515 2.950150
    25 6.028144 -0.000011 0.000002 1.861353 0.471176 -0.524493
    26 12.301971 -1.003936 0.937532 0.700983 0.007118 -1.623902
    27 11.481657 0.000043 0.000019 -1.756119 0.492124 -0.187916
    28 3.854334 -0.131699 1.199994 0.390527 -0.101410 -0.916423
    29 1.312567 0.000000 0.000000 0.094365 -0.148312 -1.023377
    30 0.729362 0.000004 0.000003 0.246478 -0.201514 -1.343121
    31 3.938074 0.050872 0.435162 0.108940 0.058963 -0.470260
    32 1.539089 0.000008 0.000003 0.081999 -0.072597 -1.490887
    33 1.196316 0.000004 0.000005 0.030659 -0.074732 -1.027931
    34 3.880859 -0.047028 -0.427490 -0.079035 0.162996 -0.514648
    35 1.719567 0.000023 0.000016 -0.048600 0.058551 -1.498659
    36 1.209175 0.000008 0.000005 -0.038127 -0.010975 -1.196747
    37 3.863493 -0.148186 -1.324350 -0.424029 0.413272 -0.567318
    38 1.719419 -0.000008 -0.000008 -0.103004 0.275398 -0.995724
    39 1.099667 -0.000004 -0.000001 -0.048647 0.108807 -0.506629
    40 0.811502 -0.358881 -1.312777 1.391884 0.446153 -0.556740
    41 1.789783 -0.000002 -0.000002 0.030300 -0.047271 0.412867
    42 1.207001 0.000009 0.000000 -0.006735 -0.074450 -0.170094
    43 5.073761 -4.063510 -2.918343 3.826595 -0.063832 -1.771607
    44 0.000000 0.196712 0.000000 1.570797 0.000000 0.000001
    45 0.000002 2.032589 0.000000 0.000000 0.000000 0.000000
    46 0.000002 1.571991 0.000000 0.000000 0.000000 0.000000
    47 3.775905 -5.485672 -0.527956 -2.248292 -0.133225 -1.641886
  time 97
    0 -0.000003 -13.531250 -29.421875 1.570792 0.000003 -0.000003
    1 0.000000 3.345131 -2.981898 1.570796 0.083192 1.570795
    2 4.015625 0.000001 0.000000 0.000000 -0.000001 -0.028819
    3 3.520294 0.000005 -0.000006 0.000000 0.000000 0.097311
    4 8.929688 -0.000001 0.000000 0.000000 0.000001 0.186405
    5 2.035156 0.997070 1.937500 1.589735 -1.286517 2.950158
    6 6.028159 -0.000069 0.000009 -1.575890 0.049155 -1.169438
    7 11.692566 0.000046 0.000011 -0.000002 0.000000 -0.060376
    8 11.481682 0.000088 -0.000031 1.568292 -0.038710 0.036026
    9 3.857422 -0.139526 -1.191406 -0.363882 0.112047 -0.355498
    10 1.312565 -0.000008 0.000000 -0.000002 0.054404 -0.409012
    11 0.729366 0.000002 -0.000002 -0.000001 0.040754 -0.240990
    12 3.941406 0.046936 -0.435059 -0.101499 0.042182 -0.269683
    13 1.539091 0.000008 -0.000002 0.000000 0.003737 -0.247812
    14 1.196321 0.000000 -0.000002 -0.000001 0.006168 -0.430818
    15 3.880859 -0.043091 0.427490 0.090105 -0.011419 -0.132542
    16 1.719578 0.000023 -0.000021 -0.000005 -0.020423 -0.365964
    17 1.209181 -0.000004 -0.000001 0.000001 -0.011427 -0.216116
    18 3.863281 -0.136475 1.332031 0.320642 -0.041405 -0.125801
    19 1.719431 -0.000023 0.000019 0.000001 -0.106227 -0.347813
    20 1.099676 0.000000 0.000006 0.000004 -0.067955 -0.234890
    21 0.807129 -0.346924 1.320313 -1.243196 -0.551768 -0.740654
    22 1.789787 0.000006 0.000006 -0.000002 -0.003712 0.228604
    23 1.207012 0.000011 0.000000 -0.000001 -0.005667 0.362993
    24 2.035156 0.997070 -1.937500 -1.661572 1.286515 2.950150
    25 6.028144 -0.000011 0.000002 1.862084 0.471840 -0.524134
    26 12.301971 -1.003936 0.937532 0.701480 0.006945 -1.623474
    27 11.481657 0.000043 0.000019 -1.756823 0.491491 -0.189294
    28 3.854334 -0.131699 1.199994 0.390527 -0.101410 -0.916423
    29 1.312567 0.000000 0.000000 0.094365 -0.148312 -1.023377
    30 0.729362 0.000004 0.000003 0.246466 -0.201514 -1.343121
    31 3.941981 0.050872 0.435162 0.108940 0.058963 -0.470260
    32 1.539089 0.000008 0.000003 0.081999 -0.072597 -1.490925
    33 1.196316 0.000004 0.000005 0.030659 -0.074732 -1.027931
    34 3.880859 -0.047028 -0.427490 -0.079035 0.162996 -0.514648
    35 1.719567 0.000023 0.000016 -0.048600 0.058563 -1.498659
    36 1.209175 0.000008 0.000005 -0.038127 -0.010975 -1.196747
    37 3.867399 -0.148186 -1.324350 -0.424017 0.413272 -0.567318
    38 1.719419 -0.000008 -0.000008 -0.103004 0.275398 -0.995724
    39 1.099667 -0.000004 -0.000001 -0.048647 0.108807 -0.506629
    40 0.811502 -0.358881 -1.312777 1.391884 0.446153 -0.556740
    41 1.789783 -0.000002 -0.000002 0.030300 -0.047271 0.412855
    42 1.207001 0.000009 0.000000 -0.006735 -0.074450 -0.170094
    43 5.073761 -4.063510 -2.918343 3.826595 -0.063820 -1.771607
    44 0.000000 0.196712 0.000000 1.570797 0.000000 0.000001
    45 0.000002 2.032589 0.000000 0.000000 0.000000 0.000000
    46 0.000002 1.571991 0.000000 0.000000 0.000000 0.000000
    47 3.775905 -5.485672 -0.527956 -2.248292 -0.133225 -1.641886
  time 98
    0 -0.000003 -13.531250 -29.421875 1.570792 0.000003 -0.000003
    1 0.000000 3.345131 -2.981898 1.570796 0.083192 1.570795
    2 4.015625 0.000001 0.000000 0.000000 -0.000001 -0.028819
    3 3.520294 0.000005 -0.000006 0.000000 0.000000 0.097311
    4 8.929688 -0.000001 0.000000 0.000000 0.000001 0.186405
    5 2.035156 0.997070 1.937500 1.589735 -1.286517 2.950158
    6 6.028159 -0.000069 0.000009 -1.575890 0.049155 -1.169438
    7 11.692566 0.000046 0.000011 -0.000002 0.000000 -0.060376
    8 11.481682 0.000088 -0.000031 1.568292 -0.038710 0.036026
    9 3.857422 -0.139526 -1.191406 -0.363882 0.112047 -0.355498
    10 1.312565 -0.000008 0.000000 -0.000002 0.054404 -0.409012
    11 0.729366 0.000002 -0.000002 -0.000001 0.040754 -0.240990
    12 3.941406 0.046936 -0.435059 -0.101499 0.042182 -0.269683
    13 1.539091 0.000008 -0.000002 0.000000 0.003737 -0.247812
    14 1.196321 0.000000 -0.000002 -0.000001 0.006168 -0.430818
    15 3.880859 -0.043091 0.427490 0.090105 -0.011419 -0.132542
    16 1.719578 0.000023 -0.000021 -0.000005 -0.020423 -0.365964
    17 1.209181 -0.000004 -0.000001 0.000001 -0.011427 -0.216116
    18 3.863281 -0.136475 1.332031 0.320642 -0.041405 -0.125801
    19 1.719431 -0.000023 0.000019 0.000001 -0.106227 -0.347813
    20 1.099676 0.000000 0.000006 0.000004 -0.067955 -0.234890
    21 0.807129 -0.346924 1.320313 -1.243196 -0.551768 -0.740654
    22 1.789787 0.000006 0.000006 -0.000002 -0.003712 0.228604
    23 1.207012 0.000011 0.000000 -0.000001 -0.005667 0.362993
    24 2.035156 0.997070 -1.937500 -1.661572 1.286515 2.950150
    25 6.028144 -0.000011 0.000002 1.862851 0.472552 -0.523738
    26 12.301971 -1.003936 0.937532 0.701999 0.006772 -1.622993
    27 11.481657 0.000043 0.000019 -1.757583 0.490815 -0.190744
    28 3.854334 -0.131699 1.199994 0.390527 -0.101410 -0.916423
    29 1.312567 0.000000 0.000000 0.094365 -0.148312 -1.023377
    30 0.729362 0.000004 0.000003 0.246466 -0.201514 -1.343121
    31 3.941981 0.050872 0.435162 0.108940 0.058963 -0.470260
    32 1.539089 0.000008 0.000003 0.081999 -0.072597 -1.490887
    33 1.196316 0.000004 0.000005 0.030659 -0.074732 -1.027931
    34 3.880859 -0.047028 -0.427490 -0.079035 0.162996 -0.514648
    35 1.719567 0.000023 0.000016 -0.048600 0.058563 -1.498659
    36 1.209175 0.000008 0.000005 -0.038127 -0.010975 -1.196747
    37 3.867399 -0.148186 -1.324350 -0.424029 0.413272 -0.567318
    38 1.719419 -0.000008 -0.000008 -0.103004 0.275398 -0.995724
    39 1.099667 -0.000004 -0.000001 -0.048647 0.108807 -0.506629
    40 0.811502 -0.358881 -1.312777 1.391884 0.446153 -0.556740
    41 1.789783 -0.000002 -0.000002 0.030300 -0.047271 0.412855
    42 1.207001 0.000009 0.000000 -0.006735 -0.074450 -0.170094
    43 5.073761 -4.063510 -2.918343 3.826595 -0.063820 -1.771607
    44 0.000000 0.196712 0.000000 1.570797 0.000000 0.000001
    45 0.000002 2.032589 0.000000 0.000000 0.000000 0.000000
    46 0.000002 1.571991 0.000000 0.000000 0.000000 0.000000
    47 3.775905 -5.485672 -0.527956 -2.248292 -0.133225 -1.641886
  time 99
    0 -0.000003 -13.531250 -29.421875 1.570792 0.000003 -0.000003
    1 0.000000 3.345131 -2.981898 1.570796 0.083192 1.570795
    2 4.015625 0.000001 0.000000 0.000000 -0.000001 -0.028819
    3 3.520294 0.000005 -0.000006 0.000000 0.000000 0.097311
    4 8.929688 -0.000001 0.000000 0.000000 0.000001 0.186405
    5 2.035156 0.997070 1.937500 1.589735 -1.286517 2.950158
    6 6.028159 -0.000069 0.000009 -1.575890 0.049155 -1.169438
    7 11.692566 0.000046 0.000011 -0.000002 0.000000 -0.060376
    8 11.481682 0.000088 -0.000031 1.568292 -0.038710 0.036026
    9 3.857422 -0.139526 -1.191406 -0.363882 0.112047 -0.355498
    10 1.312565 -0.000008 0.000000 -0.000002 0.054404 -0.409012
    11 0.729366 0.000002 -0.000002 -0.000001 0.040754 -0.240990
    12 3.941406 0.046936 -0.435059 -0.101499 0.042182 -0.269683
    13 1.539091 0.000008 -0.000002 0.000000 0.003737 -0.247812
    14 1.196321 0.000000 -0.000002 -0.000001 0.006168 -0.430818
    15 3.880859 -0.043091 0.427490 0.090105 -0.011419 -0.132542
    16 1.719578 0.000023 -0.000021 -0.000005 -0.020423 -0.365964
    17 1.209181 -0.000004 -0.000001 0.000001 -0.011427 -0.216116
    18 3.863281 -0.136475 1.332031 0.320642 -0.041405 -0.125801
    19 1.719431 -0.000023 0.000019 0.000001 -0.106227 -0.347813
    20 1.099676 0.000000 0.000006 0.000004 -0.067955 -0.234890
    21 0.807129 -0.346924 1.320313 -1.243196 -0.551768 -0.740654
    22 1.789787 0.000006 0.000006 -0.000002 -0.003712 0.228604
    23 1.207012 0.000011 0.000000 -0.000001 -0.005667 0.362993
    24 2.035156 0.997070 -1.937500 -1.661572 1.286515 2.950150
    25 6.028144 -0.000011 0.000002 1.863654 0.473314 -0.523331
    26 12.301971 -1.003936 0.937532 0.702541 0.006585 -1.622512
    27 11.481657 0.000043 0.000019 -1.758363 0.490109 -0.192266
    28 3.858240 -0.131699 1.199994 0.390527 -0.101410 -0.916423
    29 1.312567 0.000000 0.000000 0.094365 -0.148312 -1.023377
    30 0.729362 0.000004 0.000003 0.246478 -0.201514 -1.343121
    31 3.941981 0.050872 0.435162 0.108940 0.058963 -0.470260
    32 1.539089 0.000008 0.000003 0.081999 -0.072597 -1.490925
    33 1.196316 0.000004 0.000005 0.030659 -0.074732 -1.027931
    34 3.880859 -0.047028 -0.427490 -0.079035 0.162996 -0.514648
    35 1.719567 0.000023 0.000016 -0.048600 0.058563 -1.498659
    36 1.209175 0.000008 0.000005 -0.038127 -0.010975 -1.196747
    37 3.867399 -0.148186 -1.324350 -0.424029 0.413272 -0.567318
    38 1.719419 -0.000008 -0.000008 -0.103004 0.275398 -0.995724
    39 1.099667 -0.000004 -0.000001 -0.048647 0.108807 -0.506629
    40 0.811502 -0.358881 -1.316683 1.391884 0.446153 -0.556740
    41 1.789783 -0.000002 -0.000002 0.030300 -0.047271 0.412867
    42 1.207001 0.000009 0.000000 -0.006735 -0.074450 -0.170094
    43 5.073761 -4.063510 -2.918343 3.826595 -0.063832 -1.771607
    44 0.000000 0.196712 0.000000 1.570797 0.000000 0.000001
    45 0.000002 2.032589 0.000000 0.000000 0.000000 0.000000
    46 0.000002 1.571991 0.000000 0.000000 0.000000 0.000000
    47 3.775905 -5.485672 -0.527956 -2.248292 -0.133225 -1.641886
  time 100
    0 -0.000003 -13.531250 -29.421875 1.570792 0.000003 -0.000003
    1 0.000000 3.345131 -2.981898 1.570796 0.083192 1.570795
    2 4.015625 0.000001 0.000000 0.000000 -0.000001 -0.028819
    3 3.520294 0.000005 -0.000006 0.000000 0.000000 0.097311
    4 8.929688 -0.000001 0.000000 0.000000 0.000001 0.186405
    5 2.035156 0.997070 1.937500 1.589735 -1.286517 2.950158
    6 6.028159 -0.000069 0.000009 -1.575890 0.049155 -1.169438
    7 11.692566 0.000046 0.000011 -0.000002 0.000000 -0.060376
    8 11.481682 0.000088 -0.000031 1.568292 -0.038710 0.036026
    9 3.857422 -0.139526 -1.191406 -0.363882 0.112047 -0.355498
    10 1.312565 -0.000008 0.000000 -0.000002 0.054404 -0.409012
    11 0.729366 0.000002 -0.000002 -0.000001 0.040754 -0.240990
    12 3.941406 0.046936 -0.435059 -0.101499 0.042182 -0.269683
    13 1.539091 0.000008 -0.000002 0.000000 0.003737 -0.247812
    14 1.196321 0.000000 -0.000002 -0.000001 0.006168 -0.430818
    15 3.880859 -0.043091 0.427490 0.090105 -0.011419 -0.132542
    16 1.719578 0.000023 -0.000021 -0.000005 -0.020423 -0.365964
    17 1.209181 -0.000004 -0.000001 0.000001 -0.011427 -0.216116
    18 3.863281 -0.136475 1.332031 0.320642 -0.041405 -0.125801
    19 1.719431 -0.000023 0.000019 0.000001 -0.106227 -0.347813
    20 1.099676 0.000000 0.000006 0.000004 -0.067955 -0.234890
    21 0.807129 -0.346924 1.320313 -1.243196 -0.551768 -0.740654
    22 1.789787 0.000006 0.000006 -0.000002 -0.003712 0.228604
    23 1.207012 0.000011 0.000000 -0.000001 -0.005667 0.362993
    24 2.035156 0.997070 -1.937500 -1.661572 1.286515 2.950150
    25 6.028144 -0.000011 0.000002 1.864505 0.474076 -0.522899
    26 12.301971 -1.003936 0.937532 0.703106 0.006398 -1.622031
    27 11.481657 0.000043 0.000019 -1.759180 0.489359 -0.193860
    28 3.854334 -0.131699 1.199994 0.390527 -0.101410 -0.916423
    29 1.312567 0.000000 0.000000 0.094365 -0.148312 -1.023377
    30 0.729362 0.000004 0.000003 0.246478 -0.201514 -1.343121
    31 3.941981 0.050872 0.435162 0.108940 0.058963 -0.470260
    32 1.539089 0.000008 0.000003 0.081999 -0.072597 -1.490925
    33 1.196316 0.000004 0.000005 0.030659 -0.074732 -1.027931
    34 3.880859 -0.047028 -0.427490 -0.079035 0.162996 -0.514648
    35 1.719567 0.000023 0.000016 -0.048600 0.058551 -1.498659
    36 1.209175 0.000008 0.000005 -0.038127 -0.010975 -1.196747
    37 3.867399 -0.148186 -1.324350 -0.424029 0.413272 -0.567318
    38 1.719419 -0.000008 -0.000008 -0.103004 0.275398 -0.995724
    39 1.099667 -0.000004 -0.000001 -0.048647 0.108807 -0.506629
    40 0.811502 -0.358881 -1.312777 1.391884 0.446153 -0.556740
    41 1.789783 -0.000002 -0.000002 0.030300 -0.047271 0.412867
    42 1.207001 0.000009 0.000000 -0.006735 -0.074450 -0.170094
    43 5.073761 -4.063510 -2.918343 3.826595 -0.063832 -1.771607
    44 0.000000 0.196712 0.000000 1.570797 0.000000 0.000001
    45 0.000002 2.032589 0.000000 0.000000 0.000000 0.000000
    46 0.000002 1.571991 0.000000 0.000000 0.000000 0.000000
    47 3.775905 -5.485672 -0.527956 -2.248292 -0.133225 -1.641886
  time 101
    0 -0.000003 -13.531250 -29.421875 1.570792 0.000003 -0.000003
    1 0.000000 3.345131 -2.981898 1.570796 0.083192 1.570795
    2 4.015625 0.000001 0.000000 0.000000 -0.000001 -0.028819
    3 3.520294 0.000005 -0.000006 0.000000 0.000000 0.097311
    4 8.929688 -0.000001 0.000000 0.000000 0.000001 0.186405
    5 2.035156 0.997070 1.937500 1.589735 -1.286517 2.950158
    6 6.028159 -0.000069 0.000009 -1.575890 0.049155 -1.169438
    7 11.692566 0.000046 0.000011 -0.000002 0.000000 -0.060376
    8 11.481682 0.000088 -0.000031 1.568292 -0.038710 0.036026
    9 3.857422 -0.139526 -1.191406 -0.363882 0.112047 -0.355498
    10 1.312565 -0.000008 0.000000 -0.000002 0.054404 -0.409012
    11 0.729366 0.000002 -0.000002 -0.000001 0.040754 -0.240990
    12 3.941406 0.046936 -0.435059 -0.101499 0.042182 -0.269683
    13 1.539091 0.000008 -0.000002 0.000000 0.003737 -0.247812
    14 1.196321 0.000000 -0.000002 -0.000001 0.006168 -0.430818
    15 3.880859 -0.043091 0.427490 0.090105 -0.011419 -0.132542
    16 1.719578 0.000023 -0.000021 -0.000005 -0.020423 -0.365964
    17 1.209181 -0.000004 -0.000001 0.000001 -0.011427 -0.216116
    18 3.863281 -0.136475 1.332031 0.320642 -0.041405 -0.125801
    19 1.719431 -0.000023 0.000019 0.000001 -0.106227 -0.347813
    20 1.099676 0.000000 0.000006 0.000004 -0.067955 -0.234890
    21 0.807129 -0.346924 1.320313 -1.243196 -0.551768 -0.740654
    22 1.789787 0.000006 0.000006 -0.000002 -0.003712 0.228604
    23 1.207012 0.000011 0.000000 -0.000001 -0.005667 0.362993
    24 2.035156 0.997070 -1.937500 -1.661572 1.286515 2.950150
    25 6.028144 -0.000011 0.000002 1.865392 0.474912 -0.522456
    26 12.301971 -1.003936 0.937532 0.703693 0.006182 -1.621550
    27 11.481657 0.000043 0.000019 -1.760016 0.488565 -0.195538
    28 3.854334 -0.131699 1.199994 0.390527 -0.101410 -0.916423
    29 1.312567 0.000000 0.000000 0.094365 -0.148312 -1.023377
    30 0.729362 0.000004 0.000003 0.246466 -0.201514 -1.343121
    31 3.941981 0.050872 0.435162 0.108940 0.058963 -0.470260
    32 1.539089 0.000008 0.000003 0.081999 -0.072597 -1.490887
    33 1.196316 0.000004 0.000005 0.030659 -0.074732 -1.027931
    34 3.880859 -0.047028 -0.427490 -0.079035 0.162996 -0.514648
    35 1.719567 0.000023 0.000016 -0.048600 0.058563 -1.498659
    36 1.209175 0.000008 0.000005 -0.038127 -0.010975 -1.196747
    37 3.863493 -0.148186 -1.324350 -0.424029 0.413272 -0.567318
    38 1.719419 -0.000008 -0.000008 -0.103004 0.275398 -0.995724
    39 1.099667 -0.000004 -0.000001 -0.048647 0.108807 -0.506629
    40 0.811502 -0.358881 -1.312777 1.391884 0.446153 -0.556740
    41 1.789783 -0.000002 -0.000002 0.030300 -0.047271 0.412855
    42 1.207001 0.000009 0.000000 -0.006735 -0.074450 -0.170110
    43 5.073761 -4.063510 -2.918343 3.826595 -0.063820 -1.771607
    44 0.000000 0.196712 0.000000 1.570797 0.000000 0.000001
    45 0.000002 2.032589 0.000000 0.000000 0.000000 0.000000
    46 0.000002 1.571991 0.000000 0.000000 0.000000 0.000000
    47 3.775905 -5.485672 -0.527956 -2.248292 -0.133225 -1.641886
  time 102
    0 -0.000003 -13.531250 -29.421875 1.570792 0.000003 -0.000003
    1 0.000000 3.345131 -2.981898 1.570796 0.083192 1.570795
    2 4.015625 0.000001 0.000000 0.000000 -0.000001 -0.028819
    3 3.520294 0.000005 -0.000006 0.000000 0.000000 0.097311
    4 8.929688 -0.000001 0.000000 0.000000 0.000001 0.186405
    5 2.035156 0.997070 1.937500 1.589735 -1.286517 2.950158
    6 6.028159 -0.000069 0.000009 -1.575890 0.049155 -1.169438
    7 11.692566 0.000046 0.000011 -0.000002 0.000000 -0.060376
    8 11.481682 0.000088 -0.000031 1.568292 -0.038710 0.036026
    9 3.857422 -0.139526 -1.191406 -0.363882 0.112047 -0.355498
    10 1.312565 -0.000008 0.000000 -0.000002 0.054404 -0.409012
    11 0.729366 0.000002 -0.000002 -0.000001 0.040754 -0.240990
    12 3.941406 0.046936 -0.435059 -0.101499 0.042182 -0.269683
    13 1.539091 0.000008 -0.000002 0.000000 0.003737 -0.247812
    14 1.196321 0.000000 -0.000002 -0.000001 0.006168 -0.430818
    15 3.880859 -0.043091 0.427490 0.090105 -0.011419 -0.132542
    16 1.719578 0.000023 -0.000021 -0.000005 -0.020423 -0.365964
    17 1.209181 -0.000004 -0.000001 0.000001 -0.011427 -0.216116
    18 3.863281 -0.136475 1.332031 0.320642 -0.041405 -0.125801
    19 1.719431 -0.000023 0.000019 0.000001 -0.106227 -0.347813
    20 1.099676 0.000000 0.000006 0.000004 -0.067955 -0.234890
    21 0.807129 -0.346924 1.320313 -1.243196 -0.551768 -0.740654
    22 1.789787 0.000006 0.000006 -0.000002 -0.003712 0.228604
    23 1.207012 0.000011 0.000000 -0.000001 -0.005667 0.362993
    24 2.035156 0.997070 -1.937500 -1.661572 1.286515 2.950150
    25 6.028144 -0.000011 0.000002 1.866327 0.475747 -0.521976
    26 12.301971 -1.003936 0.937532 0.704325 0.005980 -1.620962
    27 11.481657 0.000043 0.000019 -1.760910 0.487756 -0.197276
    28 3.854334 -0.131699 1.199994 0.390527 -0.101410 -0.916423
    29 1.312567 0.000000 0.000000 0.094365 -0.148312 -1.023377
    30 0.729362 0.000004 0.000003 0.246478 -0.201514 -1.343121
    31 3.941981 0.050872 0.435162 0.108940 0.058963 -0.470260
    32 1.539089 0.000008 0.000003 0.081999 -0.072597 -1.490925
    33 1.196316 0.000004 0.000005 0.030659 -0.074732 -1.027931
    34 3.880859 -0.047028 -0.427490 -0.079035 0.162996 -0.514648
    35 1.719567 0.000023 0.000016 -0.048600 0.058563 -1.498659
    36 1.209175 0.000008 0.000005 -0.038127 -0.010975 -1.196747
    37 3.867399 -0.148186 -1.324350 -0.424029 0.413272 -0.567318
    38 1.719419 -0.000008 -0.000008 -0.103004 0.275398 -0.995724
    39 1.099667 -0.000004 -0.000001 -0.048647 0.108807 -0.506629
    40 0.811502 -0.358881 -1.312777 1.391884 0.446153 -0.556740
    41 1.789783 -0.000002 -0.000002 0.030300 -0.047271 0.412855
    42 1.207001 0.000009 0.000000 -0.006735 -0.074450 -0.170094
    43 5.073761 -4.063510 -2.918343 3.826595 -0.063820 -1.771607
    44 0.000000 0.196712 0.000000 1.570797 0.000000 0.000001
    45 0.000002 2.032589 0.000000 0.000000 0.000000 0.000000
    46 0.000002 1.571991 0.000000 0.000000 0.000000 0.000000
    47 3.775905 -5.485672 -0.527956 -2.248292 -0.133225 -1.641886
  time 103
    0 -0.000003 -13.531250 -29.421875 1.570792 0.000003 -0.000003
    1 0.000000 3.345131 -2.981898 1.570796 0.083192 1.570795
    2 4.015625 0.000001 0.000000 0.000000 -0.000001 -0.028819
    3 3.520294 0.000005 -0.000006 0.000000 0.000000 0.097311
    4 8.929688 -0.000001 0.000000 0.000000 0.000001 0.186405
    5 2.035156 0.997070 1.937500 1.589735 -1.286517 2.950158
    6 6.028159 -0.000069 0.000009 -1.575890 0.049155 -1.169438
    7 11.692566 0.000046 0.000011 -0.000002 0.000000 -0.060376
    8 11.481682 0.000088 -0.000031 1.568292 -0.038710 0.036026
    9 3.857422 -0.139526 -1.191406 -0.363882 0.112047 -0.355498
    10 1.312565 -0.000008 0.000000 -0.000002 0.054404 -0.409012
    11 0.729366 0.000002 -0.000002 -0.000001 0.040754 -0.240990
    12 3.941406 0.046936 -0.435059 -0.101499 0.042182 -0.269683
    13 1.539091 0.000008 -0.000002 0.000000 0.003737 -0.247812
    14 1.196321 0.000000 -0.000002 -0.000001 0.006168 -0.430818
    15 3.880859 -0.043091 0.427490 0.090105 -0.011419 -0.132542
    16 1.719578 0.000023 -0.000021 -0.000005 -0.020423 -0.365964
    17 1.209181 -0.000004 -0.000001 0.000001 -0.011427 -0.216116
    18 3.863281 -0.136475 1.332031 0.320642 -0.041405 -0.125801
    19 1.719431 -0.000023 0.000019 0.000001 -0.106227 -0.347813
    20 1.099676 0.000000 0.000006 0.000004 -0.067955 -0.234890
    21 0.807129 -0.346924 1.320313 -1.243196 -0.551768 -0.740654
    22 1.789787 0.000006 0.000006 -0.000002 -0.003712 0.228604
    23 1.207012 0.000011 0.000000 -0.000001 -0.005667 0.362993
    24 2.035156 0.997070 -1.937500 -1.661572 1.286515 2.950150
    25 6.028144 -0.000011 0.000002 1.867286 0.476632 -0.521497
    26 12.301971 -1.003936 0.937532 0.704957 0.005749 -1.620427
    27 11.481657 0.000043 0.000019 -1.761822 0.486903 -0.199086
    28 3.854334 -0.131699 1.199994 0.390527 -0.101410 -0.916423
    29 1.312567 0.000000 0.000000 0.094365 -0.148312 -1.023377
    30 0.729362 0.000004 0.000003 0.246466 -0.201514 -1.343121
    31 3.941981 0.050872 0.435162 0.108940 0.058963 -0.470260
    32 1.539089 0.000008 0.000003 0.081999 -0.072597 -1.490925
    33 1.196316 0.000004 0.000005 0.030659 -0.074732 -1.027931
    34 3.880859 -0.047028 -0.427490 -0.079035 0.162996 -0.514648
    35 1.719567 0.000023 0.000016 -0.048600 0.058563 -1.498659
    36 1.209175 0.000008 0.000005 -0.038127 -0.010975 -1.196747
    37 3.867399 -0.148186 -1.324350 -0.424029 0.413272 -0.567318
    38 1.719419 -0.000008 -0.000008 -0.103004 0.275398 -0.995724
    39 1.099667 -0.000004 -0.000001 -0.048647 0.108807 -0.506629
    40 0.811502 -0.358881 -1.312777 1.391884 0.446153 -0.556740
    41 1.789783 -0.000002 -0.000002 0.030300 -0.047271 0.412855
    42 1.207001 0.000009 0.000000 -0.006735 -0.074450 -0.170094
    43 5.073761 -4.063510 -2.918343 3.826595 -0.063820 -1.771607
    44 0.000000 0.196712 0.000000 1.570797 0.000000 0.000001
    45 0.000002 2.032589 0.000000 0.000000 0.000000 0.000000
    46 0.000002 1.571991 0.000000 0.000000 0.000000 0.000000
    47 3.775905 -5.485672 -0.527956 -2.248292 -0.133225 -1.641886
  time 104
    0 -0.000003 -13.531250 -29.421875 1.570792 0.000003 -0.000003
    1 0.000000 3.345131 -2.981898 1.570796 0.083192 1.570795
    2 4.015625 0.000001 0.000000 0.000000 -0.000001 -0.028819
    3 3.520294 0.000005 -0.000006 0.000000 0.000000 0.097311
    4 8.929688 -0.000001 0.000000 0.000000 0.000001 0.186405
    5 2.035156 0.997070 1.937500 1.589735 -1.286517 2.950158
    6 6.028159 -0.000069 0.000009 -1.575890 0.049155 -1.169438
    7 11.692566 0.000046 0.000011 -0.000002 0.000000 -0.060376
    8 11.481682 0.000088 -0.000031 1.568292 -0.038710 0.036026
    9 3.857422 -0.139526 -1.191406 -0.363882 0.112047 -0.355498
    10 1.312565 -0.000008 0.000000 -0.000002 0.054404 -0.409012
    11 0.729366 0.000002 -0.000002 -0.000001 0.040754 -0.240990
    12 3.941406 0.046936 -0.435059 -0.101499 0.042182 -0.269683
    13 1.539091 0.000008 -0.000002 0.000000 0.003737 -0.247812
    14 1.196321 0.000000 -0.000002 -0.000001 0.006168 -0.430818
    15 3.880859 -0.043091 0.427490 0.090105 -0.011419 -0.132542
    16 1.719578 0.000023 -0.000021 -0.000005 -0.020423 -0.365964
    17 1.209181 -0.000004 -0.000001 0.000001 -0.011427 -0.216116
    18 3.863281 -0.136475 1.332031 0.320642 -0.041405 -0.125801
    19 1.719431 -0.000023 0.000019 0.000001 -0.106227 -0.347813
    20 1.099676 0.000000 0.000006 0.000004 -0.067955 -0.234890
    21 0.807129 -0.346924 1.320313 -1.243196 -0.551768 -0.740654
    22 1.789787 0.000006 0.000006 -0.000002 -0.003712 0.228604
    23 1.207012 0.000011 0.000000 -0.000001 -0.005667 0.362993
    24 2.035156 0.997070 -1.937500 -1.661572 1.286515 2.950150
    25 6.028144 -0.000011 0.000002 1.868280 0.477566 -0.520982
    26 12.301971 -1.003936 0.937532 0.705635 0.005519 -1.619839
    27 11.481657 0.000043 0.000019 -1.762773 0.486021 -0.200955
    28 3.854334 -0.131699 1.199994 0.390527 -0.101410 -0.916423
    29 1.312567 0.000000 0.000000 0.094365 -0.148312 -1.023377
    30 0.729362 0.000004 0.000003 0.246466 -0.201514 -1.343121
    31 3.938074 0.050872 0.435162 0.108940 0.058963 -0.470260
    32 1.539089 0.000008 0.000003 0.081999 -0.072597 -1.490887
    33 1.196316 0.000004 0.000005 0.030659 -0.074732 -1.027931
    34 3.880859 -0.047028 -0.427490 -0.079035 0.162996 -0.514648
    35 1.719567 0.000023 0.000016 -0.048600 0.058563 -1.498659
    36 1.209175 0.000008 0.000005 -0.038127 -0.010975 -1.196747
    37 3.863493 -0.148186 -1.324350 -0.424029 0.413272 -0.567318
    38 1.719419 -0.000008 -0.000008 -0.103004 0.275398 -0.995724
    39 1.099667 -0.000004 -0.000001 -0.048647 0.108807 -0.506629
    40 0.811502 -0.358881 -1.312777 1.391884 0.446153 -0.556740
    41 1.789783 -0.000002 -0.000002 0.030300 -0.047271 0.412855
    42 1.207001 0.000009 0.000000 -0.006735 -0.074450 -0.170094
    43 5.073761 -4.063510 -2.918343 3.826595 -0.063820 -1.771591
    44 0.000000 0.196712 0.000000 1.570797 0.000000 0.000001
    45 0.000002 2.032589 0.000000 0.000000 0.000000 0.000000
    46 0.000002 1.571991 0.000000 0.000000 0.000000 0.000000
    47 3.775905 -5.485672 -0.527956 -2.248292 -0.133225 -1.641886
  time 105
    0 -0.000003 -13.531250 -29.421875 1.570792 0.000003 -0.000003
    1 0.000000 3.345131 -2.981898 1.570796 0.083192 1.570795
    2 4.015625 0.000001 0.000000 0.000000 -0.000001 -0.028819
    3 3.520294 0.000005 -0.000006 0.000000 0.000000 0.097311
    4 8.929688 -0.000001 0.000000 0.000000 0.000001 0.186405
    5 2.035156 0.997070 1.937500 1.589735 -1.286517 2.950158
    6 6.028159 -0.000069 0.000009 -1.575890 0.049155 -1.169438
    7 11.692566 0.000046 0.000011 -0.000002 0.000000 -0.060376
    8 11.481682 0.000088 -0.000031 1.568292 -0.038710 0.036026
    9 3.857422 -0.139526 -1.191406 -0.363882 0.112047 -0.355498
    10 1.312565 -0.000008 0.000000 -0.000002 0.054404 -0.409012
    11 0.729366 0.000002 -0.000002 -0.000001 0.040754 -0.240990
    12 3.941406 0.046936 -0.435059 -0.101499 0.042182 -0.269683
    13 1.539091 0.000008 -0.000002 0.000000 0.003737 -0.247812
    14 1.196321 0.000000 -0.000002 -0.000001 0.006168 -0.430818
    15 3.880859 -0.043091 0.427490 0.090105 -0.011419 -0.132542
    16 1.719578 0.000023 -0.000021 -0.000005 -0.020423 -0.365964
    17 1.209181 -0.000004 -0.000001 0.000001 -0.011427 -0.216116
    18 3.863281 -0.136475 1.332031 0.320642 -0.041405 -0.125801
    19 1.719431 -0.000023 0.000019 0.000001 -0.106227 -0.347813
    20 1.099676 0.000000 0.000006 0.000004 -0.067955 -0.234890
    21 0.807129 -0.346924 1.320313 -1.243196 -0.551768 -0.740654
    22 1.789787 0.000006 0.000006 -0.000002 -0.003712 0.228604
    23 1.207012 0.000011 0.000000 -0.000001 -0.005667 0.362993
    24 2.035156 0.997070 -1.937500 -1.661572 1.286515 2.950150
    25 6.028144 -0.000011 0.000002 1.869323 0.478500 -0.520454
    26 12.301971 -1.003936 0.937532 0.706312 0.005288 -1.619251
    27 11.481657 0.000043 0.000019 -1.763743 0.485109 -0.202897
    28 3.858240 -0.131699 1.199994 0.390527 -0.101410 -0.916423
    29 1.312567 0.000000 0.000000 0.094365 -0.148312 -1.023377
    30 0.729362 0.000004 0.000003 0.246478 -0.201514 -1.343154
    31 3.938074 0.050872 0.435162 0.108940 0.058963 -0.470260
    32 1.539089 0.000008 0.000003 0.081999 -0.072597 -1.490887
    33 1.196316 0.000004 0.000005 0.030659 -0.074732 -1.027931
    34 3.880859 -0.047028 -0.427490 -0.079035 0.162996 -0.514648
    35 1.719567 0.000023 0.000016 -0.048600 0.058551 -1.498659
    36 1.209175 0.000008 0.000005 -0.038127 -0.010975 -1.196747
    37 3.867399 -0.148186 -1.324350 -0.424029 0.413272 -0.567318
    38 1.719419 -0.000008 -0.000008 -0.103004 0.275398 -0.995724
    39 1.099667 -0.000004 -0.000001 -0.048647 0.108807 -0.506629
    40 0.811502 -0.358881 -1.312777 1.391884 0.446153 -0.556740
    41 1.789783 -0.000002 -0.000002 0.030300 -0.047271 0.412855
    42 1.207001 0.000009 0.000000 -0.006735 -0.074450 -0.170094
    43 5.073761 -4.063510 -2.918343 3.826595 -0.063832 -1.771607
    44 0.000000 0.196712 0.000000 1.570797 0.000000 0.000001
    45 0.000002 2.032589 0.000000 0.000000 0.000000 0.000000
    46 0.000002 1.571991 0.000000 0.000000 0.000000 0.000000
    47 3.775905 -5.485672 -0.527956 -2.248292 -0.133225 -1.641886
  time 106
    0 -0.000003 -13.531250 -29.421875 1.570792 0.000003 -0.000003
    1 0.000000 3.345131 -2.981898 1.570796 0.083192 1.570795
    2 4.015625 0.000001 0.000000 0.000000 -0.000001 -0.028819
    3 3.520294 0.000005 -0.000006 0.000000 0.000000 0.097311
    4 8.929688 -0.000001 0.000000 0.000000 0.000001 0.186405
    5 2.035156 0.997070 1.937500 1.589735 -1.286517 2.950158
    6 6.028159 -0.000069 0.000009 -1.575890 0.049155 -1.169438
    7 11.692566 0.000046 0.000011 -0.000002 0.000000 -0.060376
    8 11.481682 0.000088 -0.000031 1.568292 -0.038710 0.036026
    9 3.857422 -0.139526 -1.191406 -0.363882 0.112047 -0.355498
    10 1.312565 -0.000008 0.000000 -0.000002 0.054404 -0.409012
    11 0.729366 0.000002 -0.000002 -0.000001 0.040754 -0.240990
    12 3.941406 0.046936 -0.435059 -0.101499 0.042182 -0.269683
    13 1.539091 0.000008 -0.000002 0.000000 0.003737 -0.247812
    14 1.196321 0.000000 -0.000002 -0.000001 0.006168 -0.430818
    15 3.880859 -0.043091 0.427490 0.090105 -0.011419 -0.132542
    16 1.719578 0.000023 -0.000021 -0.000005 -0.020423 -0.365964
    17 1.209181 -0.000004 -0.000001 0.000001 -0.011427 -0.216116
    18 3.863281 -0.136475 1.332031 0.320642 -0.041405 -0.125801
    19 1.719431 -0.000023 0.000019 0.000001 -0.106227 -0.347813
    20 1.099676 0.000000 0.000006 0.000004 -0.067955 -0.234890
    21 0.807129 -0.346924 1.320313 -1.243196 -0.551768 -0.740654
    22 1.789787 0.000006 0.000006 -0.000002 -0.003712 0.228604
    23 1.207012 0.000011 0.000000 -0.000001 -0.005667 0.362993
    24 2.035156 0.997070 -1.937500 -1.661572 1.286515 2.950150
    25 6.028144 -0.000011 0.000002 1.870390 0.479483 -0.519915
    26 12.301971 -1.003936 0.937532 0.707035 0.005043 -1.618610
    27 11.481657 0.000043 0.000019 -1.764750 0.484168 -0.204886
    28 3.854334 -0.131699 1.199994 0.390527 -0.101410 -0.916423
    29 1.312567 0.000000 0.000000 0.094365 -0.148312 -1.023377
    30 0.729362 0.000004 0.000003 0.246466 -0.201514 -1.343121
    31 3.941981 0.050872 0.435162 0.108940 0.058963 -0.470260
    32 1.539089 0.000008 0.000003 0.081999 -0.072597 -1.490887
    33 1.196316 0.000004 0.000005 0.030659 -0.074732 -1.027931
    34 3.880859 -0.047028 -0.427490 -0.079035 0.162996 -0.514648
    35 1.719567 0.000023 0.000016 -0.048600 0.058563 -1.498659
    36 1.209175 0.000008 0.000005 -0.038127 -0.010975 -1.196747
    37 3.867399 -0.148186 -1.324350 -0.424029 0.413272 -0.567318
    38 1.719419 -0.000008 -0.000008 -0.103004 0.275398 -0.995724
    39 1.099667 -0.000004 -0.000001 -0.048647 0.108807 -0.506629
    40 0.811502 -0.358881 -1.312777 1.391884 0.446153 -0.556740
    41 1.789783 -0.000002 -0.000002 0.030300 -0.047271 0.412855
    42 1.207001 0.000009 0.000000 -0.006735 -0.074450 -0.170110
    43 5.073761 -4.063510 -2.918343 3.826595 -0.063820 -1.771607
    44 0.000000 0.196712 0.000000 1.570797 0.000000 0.000001
    45 0.000002 2.032589 0.000000 0.000000 0.000000 0.000000
    46 0.000002 1.571991 0.000000 0.000000 0.000000 0.000000
    47 3.775905 -5.485672 -0.527956 -2.248292 -0.133225 -1.641886
  time 107
    0 -0.000003 -13.531250 -29.421875 1.570792 0.000003 -0.000003
    1 0.000000 3.345131 -2.981898 1.570796 0.083192 1.570795
    2 4.015625 0.000001 0.000000 0.000000 -0.000001 -0.028819
    3 3.520294 0.000005 -0.000006 0.000000 0.000000 0.097311
    4 8.929688 -0.000001 0.000000 0.000000 0.000001 0.186405
    5 2.035156 0.997070 1.937500 1.589735 -1.286517 2.950158
    6 6.028159 -0.000069 0.000009 -1.575890 0.049155 -1.169438
    7 11.692566 0.000046 0.000011 -0.000002 0.000000 -0.060376
    8 11.481682 0.000088 -0.000031 1.568292 -0.038710 0.036026
    9 3.857422 -0.139526 -1.191406 -0.363882 0.112047 -0.355498
    10 1.312565 -0.000008 0.000000 -0.000002 0.054404 -0.409012
    11 0.729366 0.000002 -0.000002 -0.000001 0.040754 -0.240990
    12 3.941406 0.046936 -0.435059 -0.101499 0.042182 -0.269683
    13 1.539091 0.000008 -0.000002 0.000000 0.003737 -0.247812
    14 1.196321 0.000000 -0.000002 -0.000001 0.006168 -0.430818
    15 3.880859 -0.043091 0.427490 0.090105 -0.011419 -0.132542
    16 1.719578 0.000023 -0.000021 -0.000005 -0.020423 -0.365964
    17 1.209181 -0.000004 -0.000001 0.000001 -0.011427 -0.216116
    18 3.863281 -0.136475 1.332031 0.320642 -0.041405 -0.125801
    19 1.719431 -0.000023 0.000019 0.000001 -0.106227 -0.347813
    20 1.099676 0.000000 0.000006 0.000004 -0.067955 -0.234890
    21 0.807129 -0.346924 1.320313 -1.243196 -0.551768 -0.740654
    22 1.789787 0.000006 0.000006 -0.000002 -0.003712 0.228604
    23 1.207012 0.000011 0.000000 -0.000001 -0.005667 0.362993
    24 2.035156 0.997070 -1.937500 -1.661572 1.286515 2.950150
    25 6.028144 -0.000011 0.000002 1.871492 0.480490 -0.519364
    26 12.301971 -1.003936 0.937532 0.707758 0.004784 -1.617968
    27 11.481657 0.000043 0.000019 -1.765777 0.483198 -0.206936
    28 3.854334 -0.131699 1.199994 0.390527 -0.101410 -0.916423
    29 1.312567 0.000000 0.000000 0.094365 -0.148312 -1.023377
    30 0.729362 0.000004 0.000003 0.246478 -0.201514 -1.343121
    31 3.938074 0.050872 0.435162 0.108940 0.058963 -0.470260
    32 1.539089 0.000008 0.000003 0.081999 -0.072597 -1.490925
    33 1.196316 0.000004 0.000005 0.030659 -0.074732 -1.027931
    34 3.880859 -0.047028 -0.427490 -0.079035 0.162996 -0.514648
    35 1.719567 0.000023 0.000016 -0.048600 0.058563 -1.498659
    36 1.209175 0.000008 0.000005 -0.038127 -0.010975 -1.196747
    37 3.863493 -0.148186 -1.324350 -0.424029 0.413272 -0.567318
    38 1.719419 -0.000008 -0.000008 -0.103004 0.275398 -0.995724
    39 1.099667 -0.000004 -0.000001 -0.048647 0.108807 -0.506629
    40 0.811502 -0.358881 -1.312777 1.391884 0.446153 -0.556740
    41 1.789783 -0.000002 -0.000002 0.030300 -0.047271 0.412855
    42 1.207001 0.000009 0.000000 -0.006735 -0.074450 -0.170094
    43 5.073761 -4.063510 -2.918343 3.826595 -0.063820 -1.771607
    44 0.000000 0.196712 0.000000 1.570797 0.000000 0.000001
    45 0.000002 2.032589 0.000000 0.000000 0.000000 0.000000
    46 0.000002 1.571991 0.000000 0.000000 0.000000 0.000000
    47 3.775905 -5.485672 -0.527956 -2.248292 -0.133225 -1.641886
  time 108
    0 -0.000003 -13.531250 -29.421875 1.570792 0.000003 -0.000003
    1 0.000000 3.345131 -2.981898 1.570796 0.083192 1.570795
    2 4.015625 0.000001 0.000000 0.000000 -0.000001 -0.028819
    3 3.520294 0.000005 -0.000006 0.000000 0.000000 0.097311
    4 8.929688 -0.000001 0.000000 0.000000 0.000001 0.186405
    5 2.035156 0.997070 1.937500 1.589735 -1.286517 2.950158
    6 6.028159 -0.000069 0.000009 -1.575890 0.049155 -1.169438
    7 11.692566 0.000046 0.000011 -0.000002 0.000000 -0.060376
    8 11.481682 0.000088 -0.000031 1.568292 -0.038710 0.036026
    9 3.857422 -0.139526 -1.191406 -0.363882 0.112047 -0.355498
    10 1.312565 -0.000008 0.000000 -0.000002 0.054404 -0.409012
    11 0.729366 0.000002 -0.000002 -0.000001 0.040754 -0.240990
    12 3.941406 0.046936 -0.435059 -0.101499 0.042182 -0.269683
    13 1.539091 0.000008 -0.000002 0.000000 0.003737 -0.247812
    14 1.196321 0.000000 -0.000002 -0.000001 0.006168 -0.430818
    15 3.880859 -0.043091 0.427490 0.090105 -0.011419 -0.132542
    16 1.719578 0.000023 -0.000021 -0.000005 -0.020423 -0.365964
    17 1.209181 -0.000004 -0.000001 0.000001 -0.011427 -0.216116
    18 3.863281 -0.136475 1.332031 0.320642 -0.041405 -0.125801
    19 1.719431 -0.000023 0.000019 0.000001 -0.106227 -0.347813
    20 1.099676 0.000000 0.000006 0.000004 -0.067955 -0.234890
    21 0.807129 -0.346924 1.320313 -1.243196 -0.551768 -0.740654
    22 1.789787 0.000006 0.000006 -0.000002 -0.003712 0.228604
    23 1.207012 0.000011 0.000000 -0.000001 -0.005667 0.362993
    24 2.035156 0.997070 -1.937500 -1.661572 1.286515 2.950150
    25 6.028144 -0.000011 0.000002 1.872619 0.481522 -0.518788
    26 12.301971 -1.003936 0.937532 0.708526 0.004525 -1.617327
    27 11.481657 0.000043 0.000019 -1.766822 0.482198 -0.209045
    28 3.854334 -0.131699 1.199994 0.390527 -0.101410 -0.916423
    29 1.312567 0.000000 0.000000 0.094365 -0.148312 -1.023377
    30 0.729362 0.000004 0.000003 0.246478 -0.201514 -1.343121
    31 3.938074 0.050872 0.435162 0.108940 0.058963 -0.470260
    32 1.539089 0.000008 0.000003 0.081999 -0.072597 -1.490925
    33 1.196316 0.000004 0.000005 0.030659 -0.074732 -1.027931
    34 3.880859 -0.047028 -0.427490 -0.079035 0.162996 -0.514648
    35 1.719567 0.000023 0.000016 -0.048600 0.058563 -1.498659
    36 1.209175 0.000008 0.000005 -0.038127 -0.010975 -1.196747
    37 3.863493 -0.148186 -1.324350 -0.424029 0.413272 -0.567318
    38 1.719419 -0.000008 -0.000008 -0.103004 0.275398 -0.995724
    39 1.099667 -0.000004 -0.000001 -0.048647 0.108807 -0.506629
    40 0.811502 -0.358881 -1.312777 1.391884 0.446153 -0.556740
    41 1.789783 -0.000002 -0.000002 0.030300 -0.047271 0.412855
    42 1.207001 0.000009 0.000000 -0.006735 -0.074450 -0.170094
    43 5.073761 -4.063510 -2.918343 3.826595 -0.063820 -1.771607
    44 0.000000 0.196712 0.000000 1.570797 0.000000 0.000001
    45 0.000002 2.032589 0.000000 0.000000 0.000000 0.000000
    46 0.000002 1.571991 0.000000 0.000000 0.000000 0.000000
    47 3.775905 -5.485672 -0.527956 -2.248292 -0.133225 -1.641886
  time 109
    0 -0.000003 -13.531250 -29.421875 1.570792 0.000003 -0.000003
    1 0.000000 3.345131 -2.981898 1.570796 0.083192 1.570795
    2 4.015625 0.000001 0.000000 0.000000 -0.000001 -0.028819
    3 3.520294 0.000005 -0.000006 0.000000 0.000000 0.097311
    4 8.929688 -0.000001 0.000000 0.000000 0.000001 0.186405
    5 2.035156 0.997070 1.937500 1.589735 -1.286517 2.950158
    6 6.028159 -0.000069 0.000009 -1.575890 0.049155 -1.169438
    7 11.692566 0.000046 0.000011 -0.000002 0.000000 -0.060376
    8 11.481682 0.000088 -0.000031 1.568292 -0.038710 0.036026
    9 3.857422 -0.139526 -1.191406 -0.363882 0.112047 -0.355498
    10 1.312565 -0.000008 0.000000 -0.000002 0.054404 -0.409012
    11 0.729366 0.000002 -0.000002 -0.000001 0.040754 -0.240990
    12 3.941406 0.046936 -0.435059 -0.101499 0.042182 -0.269683
    13 1.539091 0.000008 -0.000002 0.000000 0.003737 -0.247812
    14 1.196321 0.000000 -0.000002 -0.000001 0.006168 -0.430818
    15 3.880859 -0.043091 0.427490 0.090105 -0.011419 -0.132542
    16 1.719578 0.000023 -0.000021 -0.000005 -0.020423 -0.365964
    17 1.209181 -0.000004 -0.000001 0.000001 -0.011427 -0.216116
    18 3.863281 -0.136475 1.332031 0.320642 -0.041405 -0.125801
    19 1.719431 -0.000023 0.000019 0.000001 -0.106227 -0.347813
    20 1.099676 0.000000 0.000006 0.000004 -0.067955 -0.234890
    21 0.807129 -0.346924 1.320313 -1.243196 -0.551768 -0.740654
    22 1.789787 0.000006 0.000006 -0.000002 -0.003712 0.228604
    23 1.207012 0.000011 0.000000 -0.000001 -0.005667 0.362993
    24 2.035156 0.997070 -1.937500 -1.661572 1.286515 2.950150
    25 6.028144 -0.000011 0.000002 1.873781 0.482579 -0.518201
    26 12.301971 -1.003936 0.937532 0.709293 0.004265 -1.616685
    27 11.481657 0.000043 0.000019 -1.767906 0.481168 -0.211190
    28 3.854334 -0.131699 1.199994 0.390527 -0.101410 -0.916423
    29 1.312567 0.000000 0.000000 0.094365 -0.148312 -1.023377
    30 0.729362 0.000004 0.000003 0.246466 -0.201514 -1.343121
    31 3.941981 0.050872 0.435162 0.108940 0.058963 -0.470260
    32 1.539089 0.000008 0.000003 0.081999 -0.072597 -1.490887
    33 1.196316 0.000004 0.000005 0.030659 -0.074732 -1.027931
    34 3.880859 -0.047028 -0.427490 -0.079035 0.162996 -0.514648
    35 1.719567 0.000023 0.000016 -0.048600 0.058563 -1.498659
    36 1.209175 0.000008 0.000005 -0.038127 -0.010975 -1.196747
    37 3.867399 -0.148186 -1.324350 -0.424029 0.413272 -0.567318
    38 1.719419 -0.000008 -0.000008 -0.103004 0.275398 -0.995724
    39 1.099667 -0.000004 -0.000001 -0.048647 0.108807 -0.506629
    40 0.811502 -0.358881 -1.312777 1.391884 0.446153 -0.556740
    41 1.789783 -0.000002 -0.000002 0.030300 -0.047271 0.412855
    42 1.207001 0.000009 0.000000 -0.006735 -0.074450 -0.170094
    43 5.073761 -4.063510 -2.918343 3.826595 -0.063820 -1.771607
    44 0.000000 0.196712 0.000000 1.570797 0.000000 0.000001
    45 0.000002 2.032589 0.000000 0.000000 0.000000 0.000000
    46 0.000002 1.571991 0.000000 0.000000 0.000000 0.000000
    47 3.775905 -5.485672 -0.527956 -2.248292 -0.133225 -1.641886
  time 110
    0 -0.000003 -13.531250 -29.421875 1.570792 0.000003 -0.000003
    1 0.000000 3.345131 -2.981898 1.570796 0.083192 1.570795
    2 4.015625 0.000001 0.000000 0.000000 -0.000001 -0.028819
    3 3.520294 0.000005 -0.000006 0.000000 0.000000 0.097311
    4 8.929688 -0.000001 0.000000 0.000000 0.000001 0.186405
    5 2.035156 0.997070 1.937500 1.589735 -1.286517 2.950158
    6 6.028159 -0.000069 0.000009 -1.575890 0.049155 -1.169438
    7 11.692566 0.000046 0.000011 -0.000002 0.000000 -0.060376
    8 11.481682 0.000088 -0.000031 1.568292 -0.038710 0.036026
    9 3.857422 -0.139526 -1.191406 -0.363882 0.112047 -0.355498
    10 1.312565 -0.000008 0.000000 -0.000002 0.054404 -0.409012
    11 0.729366 0.000002 -0.000002 -0.000001 0.040754 -0.240990
    12 3.941406 0.046936 -0.435059 -0.101499 0.042182 -0.269683
    13 1.539091 0.000008 -0.000002 0.000000 0.003737 -0.247812
    14 1.196321 0.000000 -0.000002 -0.000001 0.006168 -0.430818
    15 3.880859 -0.043091 0.427490 0.090105 -0.011419 -0.132542
    16 1.719578 0.000023 -0.000021 -0.000005 -0.020423 -0.365964
    17 1.209181 -0.000004 -0.000001 0.000001 -0.011427 -0.216116
    18 3.863281 -0.136475 1.332031 0.320642 -0.041405 -0.125801
    19 1.719431 -0.000023 0.000019 0.000001 -0.106227 -0.347813
    20 1.099676 0.000000 0.000006 0.000004 -0.067955 -0.234890
    21 0.807129 -0.346924 1.320313 -1.243196 -0.551768 -0.740654
    22 1.789787 0.000006 0.000006 -0.000002 -0.003712 0.228604
    23 1.207012 0.000011 0.000000 -0.000001 -0.005667 0.362993
    24 2.035156 0.997070 -1.937500 -1.661572 1.286515 2.950150
    25 6.028144 -0.000011 0.000002 1.874968 0.483661 -0.517590
    26 12.301971 -1.003936 0.937532 0.710084 0.003991 -1.615990
    27 11.481657 0.000043 0.000019 -1.768989 0.480124 -0.213395
    28 3.854334 -0.131699 1.199994 0.390527 -0.101410 -0.916423
    29 1.312567 0.000000 0.000000 0.094365 -0.148312 -1.023377
    30 0.729362 0.000004 0.000003 0.246478 -0.201514 -1.343121
    31 3.941981 0.050872 0.435162 0.108940 0.058963 -0.470260
    32 1.539089 0.000008 0.000003 0.081999 -0.072597 -1.490925
    33 1.196316 0.000004 0.000005 0.030659 -0.074732 -1.027931
    34 3.880859 -0.047028 -0.427490 -0.079035 0.162996 -0.514648
    35 1.719567 0.000023 0.000016 -0.048600 0.058551 -1.498693
    36 1.209175 0.000008 0.000005 -0.038127 -0.010975 -1.196747
    37 3.863493 -0.148186 -1.324350 -0.424029 0.413272 -0.567318
    38 1.719419 -0.000008 -0.000008 -0.103004 0.275398 -0.995724
    39 1.099667 -0.000004 -0.000001 -0.048647 0.108807 -0.506629
    40 0.811502 -0.358881 -1.312777 1.391884 0.446153 -0.556740
    41 1.789783 -0.000002 -0.000002 0.030300 -0.047271 0.412855
    42 1.207001 0.000009 0.000000 -0.006735 -0.074450 -0.170094
    43 5.073761 -4.063510 -2.918343 3.826595 -0.063832 -1.771607
    44 0.000000 0.196712 0.000000 1.570797 0.000000 0.000001
    45 0.000002 2.032589 0.000000 0.000000 0.000000 0.000000
    46 0.000002 1.571991 0.000000 0.000000 0.000000 0.000000
    47 3.775905 -5.485672 -0.527956 -2.248292 -0.133225 -1.641886
  time 111
    0 -0.000003 -13.531250 -29.421875 1.570792 0.000003 -0.000003
    1 0.000000 3.345131 -2.981898 1.570796 0.083192 1.570795
    2 4.015625 0.000001 0.000000 0.000000 -0.000001 -0.028819
    3 3.520294 0.000005 -0.000006 0.000000 0.000000 0.097311
    4 8.929688 -0.000001 0.000000 0.000000 0.000001 0.186405
    5 2.035156 0.997070 1.937500 1.589735 -1.286517 2.950158
    6 6.028159 -0.000069 0.000009 -1.575890 0.049155 -1.169438
    7 11.692566 0.000046 0.000011 -0.000002 0.000000 -0.060376
    8 11.481682 0.000088 -0.000031 1.568292 -0.038710 0.036026
    9 3.857422 -0.139526 -1.191406 -0.363882 0.112047 -0.355498
    10 1.312565 -0.000008 0.000000 -0.000002 0.054404 -0.409012
    11 0.729366 0.000002 -0.000002 -0.000001 0.040754 -0.240990
    12 3.941406 0.046936 -0.435059 -0.101499 0.042182 -0.269683
    13 1.539091 0.000008 -0.000002 0.000000 0.003737 -0.247812
    14 1.196321 0.000000 -0.000002 -0.000001 0.006168 -0.430818
    15 3.880859 -0.043091 0.427490 0.090105 -0.011419 -0.132542
    16 1.719578 0.000023 -0.000021 -0.000005 -0.020423 -0.365964
    17 1.209181 -0.000004 -0.000001 0.000001 -0.011427 -0.216116
    18 3.863281 -0.136475 1.332031 0.320642 -0.041405 -0.125801
    19 1.719431 -0.000023 0.000019 0.000001 -0.106227 -0.347813
    20 1.099676 0.000000 0.000006 0.000004 -0.067955 -0.234890
    21 0.807129 -0.346924 1.320313 -1.243196 -0.551768 -0.740654
    22 1.789787 0.000006 0.000006 -0.000002 -0.003712 0.228604
    23 1.207012 0.000011 0.000000 -0.000001 -0.005667 0.362993
    24 2.035156 0.997070 -1.937500 -1.661572 1.286515 2.950150
    25 6.028144 -0.000011 0.000002 1.876178 0.484766 -0.516979
    26 12.301971 -1.003936 0.937532 0.710874 0.003718 -1.615296
    27 11.481657 0.000043 0.000019 -1.770092 0.479066 -0.215624
    28 3.854334 -0.131699 1.199994 0.390527 -0.101410 -0.916423
    29 1.312567 0.000000 0.000000 0.094365 -0.148312 -1.023377
    30 0.729362 0.000004 0.000003 0.246466 -0.201514 -1.343121
    31 3.938074 0.050872 0.435162 0.108940 0.058963 -0.470260
    32 1.539089 0.000008 0.000003 0.081999 -0.072597 -1.490887
    33 1.196316 0.000004 0.000005 0.030659 -0.074732 -1.027931
    34 3.880859 -0.047028 -0.427490 -0.079035 0.162996 -0.514648
    35 1.719567 0.000023 0.000016 -0.048600 0.058563 -1.498659
    36 1.209175 0.000008 0.000005 -0.038127 -0.010975 -1.196747
    37 3.863493 -0.148186 -1.324350 -0.424029 0.413272 -0.567318
    38 1.719419 -0.000008 -0.000008 -0.103004 0.275398 -0.995724
    39 1.099667 -0.000004 -0.000001 -0.048647 0.108807 -0.506629
    40 0.811502 -0.358881 -1.312777 1.391884 0.446153 -0.556740
    41 1.789783 -0.000002 -0.000002 0.030300 -0.047271 0.412855
    42 1.207001 0.000009 0.000000 -0.006735 -0.074450 -0.170094
    43 5.073761 -4.063510 -2.918343 3.826595 -0.063820 -1.771607
    44 0.000000 0.196712 0.000000 1.570797 0.000000 0.000001
    45 0.000002 2.032589 0.000000 0.000000 0.000000 0.000000
    46 0.000002 1.571991 0.000000 0.000000 0.000000 0.000000
    47 3.775905 -5.485672 -0.527956 -2.248292 -0.133225 -1.641886
  time 112
    0 -0.000003 -13.531250 -29.421875 1.570792 0.000003 -0.000003
    1 0.000000 3.345131 -2.981898 1.570796 0.083192 1.570795
    2 4.015625 0.000001 0.000000 0.000000 -0.000001 -0.028819
    3 3.520294 0.000005 -0.000006 0.000000 0.000000 0.097311
    4 8.929688 -0.000001 0.000000 0.000000 0.000001 0.186405
    5 2.035156 0.997070 1.937500 1.589735 -1.286517 2.950158
    6 6.028159 -0.000069 0.000009 -1.575890 0.049155 -1.169438
    7 11.692566 0.000046 0.000011 -0.000002 0.000000 -0.060376
    8 11.481682 0.000088 -0.000031 1.568292 -0.038710 0.036026
    9 3.857422 -0.139526 -1.191406 -0.363882 0.112047 -0.355498
    10 1.312565 -0.000008 0.000000 -0.000002 0.054404 -0.409012
    11 0.729366 0.000002 -0.000002 -0.000001 0.040754 -0.240990
    12 3.941406 0.046936 -0.435059 -0.101499 0.042182 -0.269683
    13 1.539091 0.000008 -0.000002 0.000000 0.003737 -0.247812
    14 1.196321 0.000000 -0.000002 -0.000001 0.006168 -0.430818
    15 3.880859 -0.043091 0.427490 0.090105 -0.011419 -0.132542
    16 1.719578 0.000023 -0.000021 -0.000005 -0.020423 -0.365964
    17 1.209181 -0.000004 -0.000001 0.000001 -0.011427 -0.216116
    18 3.863281 -0.136475 1.332031 0.320642 -0.041405 -0.125801
    19 1.719431 -0.000023 0.000019 0.000001 -0.106227 -0.347813
    20 1.099676 0.000000 0.000006 0.000004 -0.067955 -0.234890
    21 0.807129 -0.346924 1.320313 -1.243196 -0.551768 -0.740654
    22 1.789787 0.000006 0.000006 -0.000002 -0.003712 0.228604
    23 1.207012 0.000011 0.000000 -0.000001 -0.005667 0.362993
    24 2.035156 0.997070 -1.937500 -1.661572 1.286515 2.950150
    25 6.028144 -0.000011 0.000002 1.877425 0.485872 -0.516356
    26 12.301971 -1.003936 0.937532 0.711710 0.003444 -1.614547
    27 11.481657 0.000043 0.000019 -1.771214 0.477963 -0.217901
    28 3.854334 -0.131699 1.199994 0.390527 -0.101410 -0.916423
    29 1.312567 0.000000 0.000000 0.094365 -0.148312 -1.023377
    30 0.729362 0.000004 0.000003 0.246478 -0.201514 -1.343121
    31 3.941981 0.050872 0.435162 0.108940 0.058963 -0.470260
    32 1.539089 0.000008 0.000003 0.081999 -0.072597 -1.490925
    33 1.196316 0.000004 0.000005 0.030659 -0.074732 -1.027931
    34 3.880859 -0.047028 -0.427490 -0.079035 0.162996 -0.514648
    35 1.719567 0.000023 0.000016 -0.048600 0.058563 -1.498659
    36 1.209175 0.000008 0.000005 -0.038127 -0.010975 -1.196747
    37 3.867399 -0.148186 -1.324350 -0.424029 0.413272 -0.567318
    38 1.719419 -0.000008 -0.000008 -0.103004 0.275398 -0.995724
    39 1.099667 -0.000004 -0.000001 -0.048647 0.108807 -0.506629
    40 0.811502 -0.358881 -1.312777 1.391884 0.446153 -0.556740
    41 1.789783 -0.000002 -0.000002 0.030300 -0.047271 0.412867
    42 1.207001 0.000009 0.000000 -0.006735 -0.074450 -0.170094
    43 5.073761 -4.063510 -2.918343 3.826595 -0.063832 -1.771607
    44 0.000000 0.196712 0.000000 1.570797 0.000000 0.000001
    45 0.000002 2.032589 0.000000 0.000000 0.000000 0.000000
    46 0.000002 1.571991 0.000000 0.000000 0.000000 0.000000
    47 3.775905 -5.485672 -0.527956 -2.248292 -0.133225 -1.641886
  time 113
    0 -0.000003 -13.531250 -29.421875 1.570792 0.000003 -0.000003
    1 0.000000 3.345131 -2.981898 1.570796 0.083192 1.570795
    2 4.015625 0.000001 0.000000 0.000000 -0.000001 -0.028819
    3 3.520294 0.000005 -0.000006 0.000000 0.000000 0.097311
    4 8.929688 -0.000001 0.000000 0.000000 0.000001 0.186405
    5 2.035156 0.997070 1.937500 1.589735 -1.286517 2.950158
    6 6.028159 -0.000069 0.000009 -1.575890 0.049155 -1.169438
    7 11.692566 0.000046 0.000011 -0.000002 0.000000 -0.060376
    8 11.481682 0.000088 -0.000031 1.568292 -0.038710 0.036026
    9 3.857422 -0.139526 -1.191406 -0.363882 0.112047 -0.355498
    10 1.312565 -0.000008 0.000000 -0.000002 0.054404 -0.409012
    11 0.729366 0.000002 -0.000002 -0.000001 0.040754 -0.240990
    12 3.941406 0.046936 -0.435059 -0.101499 0.042182 -0.269683
    13 1.539091 0.000008 -0.000002 0.000000 0.003737 -0.247812
    14 1.196321 0.000000 -0.000002 -0.000001 0.006168 -0.430818
    15 3.880859 -0.043091 0.427490 0.090105 -0.011419 -0.132542
    16 1.719578 0.000023 -0.000021 -0.000005 -0.020423 -0.365964
    17 1.209181 -0.000004 -0.000001 0.000001 -0.011427 -0.216116
    18 3.863281 -0.136475 1.332031 0.320642 -0.041405 -0.125801
    19 1.719431 -0.000023 0.000019 0.000001 -0.106227 -0.347813
    20 1.099676 0.000000 0.000006 0.000004 -0.067955 -0.234890
    21 0.807129 -0.346924 1.320313 -1.243196 -0.551768 -0.740654
    22 1.789787 0.000006 0.000006 -0.000002 -0.003712 0.228604
    23 1.207012 0.000011 0.000000 -0.000001 -0.005667 0.362993
    24 2.035156 0.997070 -1.937500 -1.661572 1.286515 2.950150
    25 6.028144 -0.000011 0.000002 1.878671 0.487003 -0.515720
    26 12.301971 -1.003936 0.937532 0.712523 0.003156 -1.613852
    27 11.481657 0.000043 0.000019 -1.772354 0.476860 -0.220215
    28 3.854334 -0.131699 1.199994 0.390527 -0.101410 -0.916423
    29 1.312567 0.000000 0.000000 0.094365 -0.148312 -1.023377
    30 0.729362 0.000004 0.000003 0.246478 -0.201514 -1.343121
    31 3.941981 0.050872 0.435162 0.108940 0.058963 -0.470260
    32 1.539089 0.000008 0.000003 0.081999 -0.072597 -1.490925
    33 1.196316 0.000004 0.000005 0.030659 -0.074732 -1.027931
    34 3.880859 -0.047028 -0.427490 -0.079035 0.162996 -0.514648
    35 1.719567 0.000023 0.000016 -0.048600 0.058563 -1.498659
    36 1.209175 0.000008 0.000005 -0.038127 -0.010975 -1.196747
    37 3.867399 -0.148186 -1.324350 -0.424029 0.413272 -0.567318
    38 1.719419 -0.000008 -0.000008 -0.103004 0.275398 -0.995724
    39 1.099667 -0.000004 -0.000001 -0.048647 0.108807 -0.506629
    40 0.811502 -0.358881 -1.312777 1.391884 0.446153 -0.556740
    41 1.789783 -0.000002 -0.000002 0.030300 -0.047271 0.412867
    42 1.207001 0.000009 0.000000 -0.006735 -0.074450 -0.170094
    43 5.073761 -4.063510 -2.918343 3.826595 -0.063832 -1.771607
    44 0.000000 0.196712 0.000000 1.570797 0.000000 0.000001
    45 0.000002 2.032589 0.000000 0.000000 0.000000 0.000000
    46 0.000002 1.571991 0.000000 0.000000 0.000000 0.000000
    47 3.775905 -5.485672 -0.527956 -2.248292 -0.133225 -1.641886
  time 114
    0 -0.000003 -13.531250 -29.421875 1.570792 0.000003 -0.000003
    1 0.000000 3.345131 -2.981898 1.570796 0.083192 1.570795
    2 4.015625 0.000001 0.000000 0.000000 -0.000001 -0.028819
    3 3.520294 0.000005 -0.000006 0.000000 0.000000 0.097311
    4 8.929688 -0.000001 0.000000 0.000000 0.000001 0.186405
    5 2.035156 0.997070 1.937500 1.589735 -1.286517 2.950158
    6 6.028159 -0.000069 0.000009 -1.575890 0.049155 -1.169438
    7 11.692566 0.000046 0.000011 -0.000002 0.000000 -0.060376
    8 11.481682 0.000088 -0.000031 1.568292 -0.038710 0.036026
    9 3.857422 -0.139526 -1.191406 -0.363882 0.112047 -0.355498
    10 1.312565 -0.000008 0.000000 -0.000002 0.054404 -0.409012
    11 0.729366 0.000002 -0.000002 -0.000001 0.040754 -0.240990
    12 3.941406 0.046936 -0.435059 -0.101499 0.042182 -0.269683
    13 1.539091 0.000008 -0.000002 0.000000 0.003737 -0.247812
    14 1.196321 0.000000 -0.000002 -0.000001 0.006168 -0.430818
    15 3.880859 -0.043091 0.427490 0.090105 -0.011419 -0.132542
    16 1.719578 0.000023 -0.000021 -0.000005 -0.020423 -0.365964
    17 1.209181 -0.000004 -0.000001 0.000001 -0.011427 -0.216116
    18 3.863281 -0.136475 1.332031 0.320642 -0.041405 -0.125801
    19 1.719431 -0.000023 0.000019 0.000001 -0.106227 -0.347813
    20 1.099676 0.000000 0.000006 0.000004 -0.067955 -0.234890
    21 0.807129 -0.346924 1.320313 -1.243196 -0.551768 -0.740654
    22 1.789787 0.000006 0.000006 -0.000002 -0.003712 0.228604
    23 1.207012 0.000011 0.000000 -0.000001 -0.005667 0.362993
    24 2.035156 0.997070 -1.937500 -1.661572 1.286515 2.950150
    25 6.028144 -0.000011 0.000002 1.879953 0.488158 -0.515073
    26 12.301971 -1.003936 0.937532 0.713381 0.002867 -1.613104
    27 11.481657 0.000043 0.000019 -1.773495 0.475742 -0.222552
    28 3.854334 -0.131699 1.199994 0.390527 -0.101410 -0.916423
    29 1.312567 0.000000 0.000000 0.094365 -0.148312 -1.023377
    30 0.729362 0.000004 0.000003 0.246478 -0.201514 -1.343121
    31 3.941981 0.050872 0.435162 0.108940 0.058963 -0.470260
    32 1.539089 0.000008 0.000003 0.081999 -0.072597 -1.490887
    33 1.196316 0.000004 0.000005 0.030659 -0.074732 -1.027931
    34 3.880859 -0.047028 -0.427490 -0.079035 0.162996 -0.514648
    35 1.719567 0.000023 0.000016 -0.048600 0.058563 -1.498659
    36 1.209175 0.000008 0.000005 -0.038127 -0.010975 -1.196747
    37 3.867399 -0.148186 -1.324350 -0.424029 0.413272 -0.567318
    38 1.719419 -0.000008 -0.000008 -0.103004 0.275398 -0.995724
    39 1.099667 -0.000004 -0.000001 -0.048647 0.108807 -0.506629
    40 0.811502 -0.358881 -1.312777 1.391884 0.446153 -0.556740
    41 1.789783 -0.000002 -0.000002 0.030300 -0.047271 0.412855
    42 1.207001 0.000009 0.000000 -0.006735 -0.074450 -0.170094
    43 5.073761 -4.063510 -2.918343 3.826595 -0.063832 -1.771607
    44 0.000000 0.196712 0.000000 1.570797 0.000000 0.000001
    45 0.000002 2.032589 0.000000 0.000000 0.000000 0.000000
    46 0.000002 1.571991 0.000000 0.000000 0.000000 0.000000
    47 3.775905 -5.485672 -0.527956 -2.248292 -0.133225 -1.641886
  time 115
    0 -0.000003 -13.531250 -29.421875 1.570792 0.000003 -0.000003
    1 0.000000 3.345131 -2.981898 1.570796 0.083192 1.570795
    2 4.015625 0.000001 0.000000 0.000000 -0.000001 -0.028819
    3 3.520294 0.000005 -0.000006 0.000000 0.000000 0.097311
    4 8.929688 -0.000001 0.000000 0.000000 0.000001 0.186405
    5 2.035156 0.997070 1.937500 1.589735 -1.286517 2.950158
    6 6.028159 -0.000069 0.000009 -1.575890 0.049155 -1.169438
    7 11.692566 0.000046 0.000011 -0.000002 0.000000 -0.060376
    8 11.481682 0.000088 -0.000031 1.568292 -0.038710 0.036026
    9 3.857422 -0.139526 -1.191406 -0.363882 0.112047 -0.355498
    10 1.312565 -0.000008 0.000000 -0.000002 0.054404 -0.409012
    11 0.729366 0.000002 -0.000002 -0.000001 0.040754 -0.240990
    12 3.941406 0.046936 -0.435059 -0.101499 0.042182 -0.269683
    13 1.539091 0.000008 -0.000002 0.000000 0.003737 -0.247812
    14 1.196321 0.000000 -0.000002 -0.000001 0.006168 -0.430818
    15 3.880859 -0.043091 0.427490 0.090105 -0.011419 -0.132542
    16 1.719578 0.000023 -0.000021 -0.000005 -0.020423 -0.365964
    17 1.209181 -0.000004 -0.000001 0.000001 -0.011427 -0.216116
    18 3.863281 -0.136475 1.332031 0.320642 -0.041405 -0.125801
    19 1.719431 -0.000023 0.000019 0.000001 -0.106227 -0.347813
    20 1.099676 0.000000 0.000006 0.000004 -0.067955 -0.234890
    21 0.807129 -0.346924 1.320313 -1.243196 -0.551768 -0.740654
    22 1.789787 0.000006 0.000006 -0.000002 -0.003712 0.228604
    23 1.207012 0.000011 0.000000 -0.000001 -0.005667 0.362993
    24 2.035156 0.997070 -1.937500 -1.661572 1.286515 2.950150
    25 6.028144 -0.000011 0.000002 1.881248 0.489338 -0.514414
    26 12.301971 -1.003936 0.937532 0.714216 0.002565 -1.612356
    27 11.481657 0.000043 0.000019 -1.774655 0.474595 -0.224912
    28 3.854334 -0.131699 1.199994 0.390527 -0.101410 -0.916423
    29 1.312567 0.000000 0.000000 0.094365 -0.148312 -1.023377
    30 0.729362 0.000004 0.000003 0.246478 -0.201514 -1.343121
    31 3.941981 0.050872 0.435162 0.108940 0.058963 -0.470260
    32 1.539089 0.000008 0.000003 0.081999 -0.072597 -1.490925
    33 1.196316 0.000004 0.000005 0.030659 -0.074732 -1.027931
    34 3.880859 -0.047028 -0.427490 -0.079035 0.162996 -0.514648
    35 1.719567 0.000023 0.000016 -0.048600 0.058563 -1.498659
    36 1.209175 0.000008 0.000005 -0.038127 -0.010975 -1.196747
    37 3.867399 -0.148186 -1.324350 -0.424029 0.413272 -0.567318
    38 1.719419 -0.000008 -0.000008 -0.103004 0.275398 -0.995724
    39 1.099667 -0.000004 -0.000001 -0.048647 0.108807 -0.506629
    40 0.811502 -0.358881 -1.312777 1.391884 0.446153 -0.556740
    41 1.789783 -0.000002 -0.000002 0.030300 -0.047271 0.412855
    42 1.207001 0.000009 0.000000 -0.006735 -0.074450 -0.170094
    43 5.073761 -4.063510 -2.918343 3.826595 -0.063820 -1.771607
    44 0.000000 0.196712 0.000000 1.570797 0.000000 0.000001
    45 0.000002 2.032589 0.000000 0.000000 0.000000 0.000000
    46 0.000002 1.571991 0.000000 0.000000 0.000000 0.000000
    47 3.775905 -5.485672 -0.527956 -2.248292 -0.133225 -1.641886
  time 116
    0 -0.000003 -13.531250 -29.421875 1.570792 0.000003 -0.000003
    1 0.000000 3.345131 -2.981898 1.570796 0.083192 1.570795
    2 4.015625 0.000001 0.000000 0.000000 -0.000001 -0.028819
    3 3.520294 0.000005 -0.000006 0.000000 0.000000 0.097311
    4 8.929688 -0.000001 0.000000 0.000000 0.000001 0.186405
    5 2.035156 0.997070 1.937500 1.589735 -1.286517 2.950158
    6 6.028159 -0.000069 0.000009 -1.575890 0.049155 -1.169438
    7 11.692566 0.000046 0.000011 -0.000002 0.000000 -0.060376
    8 11.481682 0.000088 -0.000031 1.568292 -0.038710 0.036026
    9 3.857422 -0.139526 -1.191406 -0.363882 0.112047 -0.355498
    10 1.312565 -0.000008 0.000000 -0.000002 0.054404 -0.409012
    11 0.729366 0.000002 -0.000002 -0.000001 0.040754 -0.240990
    12 3.941406 0.046936 -0.435059 -0.101499 0.042182 -0.269683
    13 1.539091 0.000008 -0.000002 0.000000 0.003737 -0.247812
    14 1.196321 0.000000 -0.000002 -0.000001 0.006168 -0.430818
    15 3.880859 -0.043091 0.427490 0.090105 -0.011419 -0.132542
    16 1.719578 0.000023 -0.000021 -0.000005 -0.020423 -0.365964
    17 1.209181 -0.000004 -0.000001 0.000001 -0.011427 -0.216116
    18 3.863281 -0.136475 1.332031 0.320642 -0.041405 -0.125801
    19 1.719431 -0.000023 0.000019 0.000001 -0.106227 -0.347813
    20 1.099676 0.000000 0.000006 0.000004 -0.067955 -0.234890
    21 0.807129 -0.346924 1.320313 -1.243196 -0.551768 -0.740654
    22 1.789787 0.000006 0.000006 -0.000002 -0.003712 0.228604
    23 1.207012 0.000011 0.000000 -0.000001 -0.005667 0.362993
    24 2.035156 0.997070 -1.937500 -1.661572 1.286515 2.950150
    25 6.028144 -0.000011 0.000002 1.882554 0.490517 -0.513755
    26 12.301971 -1.003936 0.937532 0.715097 0.002277 -1.611607
    27 11.481657 0.000043 0.000019 -1.775814 0.473448 -0.227297
    28 3.858240 -0.131699 1.199994 0.390527 -0.101410 -0.916423
    29 1.312567 0.000000 0.000000 0.094365 -0.148312 -1.023377
    30 0.729362 0.000004 0.000003 0.246466 -0.201514 -1.343121
    31 3.941981 0.050872 0.435162 0.108940 0.058963 -0.470260
    32 1.539089 0.000008 0.000003 0.081999 -0.072597 -1.490887
    33 1.196316 0.000004 0.000005 0.030659 -0.074732 -1.027931
    34 3.880859 -0.047028 -0.427490 -0.079035 0.162996 -0.514648
    35 1.719567 0.000023 0.000016 -0.048600 0.058563 -1.498659
    36 1.209175 0.000008 0.000005 -0.038127 -0.010975 -1.196747
    37 3.867399 -0.148186 -1.324350 -0.424029 0.413272 -0.567318
    38 1.719419 -0.000008 -0.000008 -0.103004 0.275398 -0.995724
    39 1.099667 -0.000004 -0.000001 -0.048647 0.108807 -0.506629
    40 0.811502 -0.358881 -1.312777 1.391884 0.446153 -0.556740
    41 1.789783 -0.000002 -0.000002 0.030300 -0.047271 0.412855
    42 1.207001 0.000009 0.000000 -0.006735 -0.074450 -0.170094
    43 5.073761 -4.063510 -2.918343 3.826595 -0.063820 -1.771607
    44 0.000000 0.196712 0.000000 1.570797 0.000000 0.000001
    45 0.000002 2.032589 0.000000 0.000000 0.000000 0.000000
    46 0.000002 1.571991 0.000000 0.000000 0.000000 0.000000
    47 3.775905 -5.485672 -0.527956 -2.248292 -0.133225 -1.641886
  time 117
    0 -0.000003 -13.531250 -29.421875 1.570792 0.000003 -0.000003
    1 0.000000 3.345131 -2.981898 1.570796 0.083192 1.570795
    2 4.015625 0.000001 0.000000 0.000000 -0.000001 -0.028819
    3 3.520294 0.000005 -0.000006 0.000000 0.000000 0.097311
    4 8.929688 -0.000001 0.000000 0.000000 0.000001 0.186405
    5 2.035156 0.997070 1.937500 1.589735 -1.286517 2.950158
    6 6.028159 -0.000069 0.000009 -1.575890 0.049155 -1.169438
    7 11.692566 0.000046 0.000011 -0.000002 0.000000 -0.060376
    8 11.481682 0.000088 -0.000031 1.568292 -0.038710 0.036026
    9 3.857422 -0.139526 -1.191406 -0.363882 0.112047 -0.355498
    10 1.312565 -0.000008 0.000000 -0.000002 0.054404 -0.409012
    11 0.729366 0.000002 -0.000002 -0.000001 0.040754 -0.240990
    12 3.941406 0.046936 -0.435059 -0.101499 0.042182 -0.269683
    13 1.539091 0.000008 -0.000002 0.000000 0.003737 -0.247812
    14 1.196321 0.000000 -0.000002 -0.000001 0.006168 -0.430818
    15 3.880859 -0.043091 0.427490 0.090105 -0.011419 -0.132542
    16 1.719578 0.000023 -0.000021 -0.000005 -0.020423 -0.365964
    17 1.209181 -0.000004 -0.000001 0.000001 -0.011427 -0.216116
    18 3.863281 -0.136475 1.332031 0.320642 -0.041405 -0.125801
    19 1.719431 -0.000023 0.000019 0.000001 -0.106227 -0.347813
    20 1.099676 0.000000 0.000006 0.000004 -0.067955 -0.234890
    21 0.807129 -0.346924 1.320313 -1.243196 -0.551768 -0.740654
    22 1.789787 0.000006 0.000006 -0.000002 -0.003712 0.228604
    23 1.207012 0.000011 0.000000 -0.000001 -0.005667 0.362993
    24 2.035156 0.997070 -1.937500 -1.661572 1.286515 2.950150
    25 6.028144 -0.000011 0.000002 1.883872 0.491697 -0.513084
    26 12.301971 -1.003936 0.937532 0.715955 0.001974 -1.610859
    27 11.481657 0.000043 0.000019 -1.776974 0.472287 -0.229706
    28 3.854334 -0.131699 1.199994 0.390527 -0.101410 -0.916423
    29 1.312567 0.000000 0.000000 0.094365 -0.148312 -1.023377
    30 0.729362 0.000004 0.000003 0.246478 -0.201514 -1.343121
    31 3.941981 0.050872 0.435162 0.108940 0.058963 -0.470260
    32 1.539089 0.000008 0.000003 0.081999 -0.072597 -1.490887
    33 1.196316 0.000004 0.000005 0.030659 -0.074732 -1.027931
    34 3.880859 -0.047028 -0.427490 -0.079035 0.162996 -0.514648
    35 1.719567 0.000023 0.000016 -0.048600 0.058551 -1.498659
    36 1.209175 0.000008 0.000005 -0.038127 -0.010975 -1.196747
    37 3.867399 -0.148186 -1.324350 -0.424029 0.413272 -0.567318
    38 1.719419 -0.000008 -0.000008 -0.103004 0.275398 -0.995724
    39 1.099667 -0.000004 -0.000001 -0.048647 0.108807 -0.506629
    40 0.811502 -0.358881 -1.312777 1.391884 0.446153 -0.556740
    41 1.789783 -0.000002 -0.000002 0.030300 -0.047271 0.412855
    42 1.207001 0.000009 0.000000 -0.006735 -0.074450 -0.170094
    43 5.073761 -4.063510 -2.918343 3.826595 -0.063820 -1.771607
    44 0.000000 0.196712 0.000000 1.570797 0.000000 0.000001
    45 0.000002 2.032589 0.000000 0.000000 0.000000 0.000000
    46 0.000002 1.571991 0.000000 0.000000 0.000000 0.000000
    47 3.775905 -5.485672 -0.527956 -2.248292 -0.133225 -1.641886
  time 118
    0 -0.000003 -13.531250 -29.421875 1.570792 0.000003 -0.000003
    1 0.000000 3.345131 -2.981898 1.570796 0.083192 1.570795
    2 4.015625 0.000001 0.000000 0.000000 -0.000001 -0.028819
    3 3.520294 0.000005 -0.000006 0.000000 0.000000 0.097311
    4 8.929688 -0.000001 0.000000 0.000000 0.000001 0.186405
    5 2.035156 0.997070 1.937500 1.589735 -1.286517 2.950158
    6 6.028159 -0.000069 0.000009 -1.575890 0.049155 -1.169438
    7 11.692566 0.000046 0.000011 -0.000002 0.000000 -0.060376
    8 11.481682 0.000088 -0.000031 1.568292 -0.038710 0.036026
    9 3.857422 -0.139526 -1.191406 -0.363882 0.112047 -0.355498
    10 1.312565 -0.000008 0.000000 -0.000002 0.054404 -0.409012
    11 0.729366 0.000002 -0.000002 -0.000001 0.040754 -0.240990
    12 3.941406 0.046936 -0.435059 -0.101499 0.042182 -0.269683
    13 1.539091 0.000008 -0.000002 0.000000 0.003737 -0.247812
    14 1.196321 0.000000 -0.000002 -0.000001 0.006168 -0.430818
    15 3.880859 -0.043091 0.427490 0.090105 -0.011419 -0.132542
    16 1.719578 0.000023 -0.000021 -0.000005 -0.020423 -0.365964
    17 1.209181 -0.000004 -0.000001 0.000001 -0.011427 -0.216116
    18 3.863281 -0.136475 1.332031 0.320642 -0.041405 -0.125801
    19 1.719431 -0.000023 0.000019 0.000001 -0.106227 -0.347813
    20 1.099676 0.000000 0.000006 0.000004 -0.067955 -0.234890
    21 0.807129 -0.346924 1.320313 -1.243196 -0.551768 -0.740654
    22 1.789787 0.000006 0.000006 -0.000002 -0.003712 0.228604
    23 1.207012 0.000011 0.000000 -0.000001 -0.005667 0.362993
    24 2.035156 0.997070 -1.937500 -1.661572 1.286515 2.950150
    25 6.028144 -0.000011 0.000002 1.885191 0.492901 -0.512413
    26 12.301971 -1.003936 0.937532 0.716836 0.001671 -1.610110
    27 11.481657 0.000043 0.000019 -1.778133 0.471110 -0.232115
    28 3.858240 -0.131699 1.199994 0.390527 -0.101410 -0.916423
    29 1.312567 0.000000 0.000000 0.094365 -0.148312 -1.023377
    30 0.729362 0.000004 0.000003 0.246478 -0.201514 -1.343121
    31 3.941981 0.050872 0.435162 0.108940 0.058963 -0.470260
    32 1.539089 0.000008 0.000003 0.081999 -0.072597 -1.490887
    33 1.196316 0.000004 0.000005 0.030659 -0.074732 -1.027931
    34 3.880859 -0.047028 -0.427490 -0.079035 0.162996 -0.514648
    35 1.719567 0.000023 0.000016 -0.048600 0.058551 -1.498659
    36 1.209175 0.000008 0.000005 -0.038127 -0.010975 -1.196747
    37 3.867399 -0.148186 -1.324350 -0.424029 0.413272 -0.567318
    38 1.719419 -0.000008 -0.000008 -0.103004 0.275398 -0.995724
    39 1.099667 -0.000004 -0.000001 -0.048647 0.108807 -0.506629
    40 0.811502 -0.358881 -1.312777 1.391884 0.446153 -0.556740
    41 1.789783 -0.000002 -0.000002 0.030300 -0.047271 0.412855
    42 1.207001 0.000009 0.000000 -0.006735 -0.074450 -0.170094
    43 5.073761 -4.063510 -2.918343 3.826595 -0.063832 -1.771607
    44 0.000000 0.196712 0.000000 1.570797 0.000000 0.000001
    45 0.000002 2.032589 0.000000 0.000000 0.000000 0.000000
    46 0.000002 1.571991 0.000000 0.000000 0.000000 0.000000
    47 3.775905 -5.485672 -0.527956 -2.248292 -0.133225 -1.641886
  time 119
    0 -0.000003 -13.531250 -29.421875 1.570792 0.000003 -0.000003
    1 0.000000 3.345131 -2.981898 1.570796 0.083192 1.570795
    2 4.015625 0.000001 0.000000 0.000000 -0.000001 -0.028819
    3 3.520294 0.000005 -0.000006 0.000000 0.000000 0.097311
    4 8.929688 -0.000001 0.000000 0.000000 0.000001 0.186405
    5 2.035156 0.997070 1.937500 1.589735 -1.286517 2.950158
    6 6.028159 -0.000069 0.000009 -1.575890 0.049155 -1.169438
    7 11.692566 0.000046 0.000011 -0.000002 0.000000 -0.060376
    8 11.481682 0.000088 -0.000031 1.568292 -0.038710 0.036026
    9 3.857422 -0.139526 -1.191406 -0.363882 0.112047 -0.355498
    10 1.312565 -0.000008 0.000000 -0.000002 0.054404 -0.409012
    11 0.729366 0.000002 -0.000002 -0.000001 0.040754 -0.240990
    12 3.941406 0.046936 -0.435059 -0.101499 0.042182 -0.269683
    13 1.539091 0.000008 -0.000002 0.000000 0.003737 -0.247812
    14 1.196321 0.000000 -0.000002 -0.000001 0.006168 -0.430818
    15 3.880859 -0.043091 0.427490 0.090105 -0.011419 -0.132542
    16 1.719578 0.000023 -0.000021 -0.000005 -0.020423 -0.365964
    17 1.209181 -0.000004 -0.000001 0.000001 -0.011427 -0.216116
    18 3.863281 -0.136475 1.332031 0.320642 -0.041405 -0.125801
    19 1.719431 -0.000023 0.000019 0.000001 -0.106227 -0.347813
    20 1.099676 0.000000 0.000006 0.000004 -0.067955 -0.234890
    21 0.807129 -0.346924 1.320313 -1.243196 -0.551768 -0.740654
    22 1.789787 0.000006 0.000006 -0.000002 -0.003712 0.228604
    23 1.207012 0.000011 0.000000 -0.000001 -0.005667 0.362993
    24 2.035156 0.997070 -1.937500 -1.661572 1.286515 2.950150
    25 6.028144 -0.000011 0.000002 1.886533 0.494081 -0.511729
    26 12.301971 -1.003936 0.937532 0.717694 0.001369 -1.609362
    27 11.481657 0.000043 0.000019 -1.779293 0.469934 -0.234536
    28 3.854334 -0.131699 1.199994 0.390527 -0.101410 -0.916423
    29 1.312567 0.000000 0.000000 0.094365 -0.148312 -1.023377
    30 0.729362 0.000004 0.000003 0.246466 -0.201514 -1.343121
    31 3.941981 0.050872 0.435162 0.108940 0.058963 -0.470260
    32 1.539089 0.000008 0.000003 0.081999 -0.072597 -1.490887
    33 1.196316 0.000004 0.000005 0.030659 -0.074732 -1.027931
    34 3.880859 -0.047028 -0.427490 -0.079035 0.162996 -0.514648
    35 1.719567 0.000023 0.000016 -0.048600 0.058563 -1.498659
    36 1.209175 0.000008 0.000005 -0.038127 -0.010975 -1.196747
    37 3.867399 -0.148186 -1.324350 -0.424029 0.413272 -0.567318
    38 1.719419 -0.000008 -0.000008 -0.103004 0.275398 -0.995724
    39 1.099667 -0.000004 -0.000001 -0.048647 0.108807 -0.506629
    40 0.811502 -0.358881 -1.312777 1.391884 0.446153 -0.556740
    41 1.789783 -0.000002 -0.000002 0.030300 -0.047271 0.412855
    42 1.207001 0.000009 0.000000 -0.006735 -0.074450 -0.170094
    43 5.073761 -4.063510 -2.918343 3.826595 -0.063832 -1.771607
    44 0.000000 0.196712 0.000000 1.570797 0.000000 0.000001
    45 0.000002 2.032589 0.000000 0.000000 0.000000 0.000000
    46 0.000002 1.571991 0.000000 0.000000 0.000000 0.000000
    47 3.775905 -5.485672 -0.527956 -2.248292 -0.133225 -1.641886
  time 120
    0 -0.000003 -13.531250 -29.421875 1.570792 0.000003 -0.000003
    1 0.000000 3.345131 -2.981898 1.570796 0.083192 1.570795
    2 4.015625 0.000001 0.000000 0.000000 -0.000001 -0.028819
    3 3.520294 0.000005 -0.000006 0.000000 0.000000 0.097311
    4 8.929688 -0.000001 0.000000 0.000000 0.000001 0.186405
    5 2.035156 0.997070 1.937500 1.589735 -1.286517 2.950158
    6 6.028159 -0.000069 0.000009 -1.575890 0.049155 -1.169438
    7 11.692566 0.000046 0.000011 -0.000002 0.000000 -0.060376
    8 11.481682 0.000088 -0.000031 1.568292 -0.038710 0.036026
    9 3.857422 -0.139526 -1.191406 -0.363882 0.112047 -0.355498
    10 1.312565 -0.000008 0.000000 -0.000002 0.054404 -0.409012
    11 0.729366 0.000002 -0.000002 -0.000001 0.040754 -0.240990
    12 3.941406 0.046936 -0.435059 -0.101499 0.042182 -0.269683
    13 1.539091 0.000008 -0.000002 0.000000 0.003737 -0.247812
    14 1.196321 0.000000 -0.000002 -0.000001 0.006168 -0.430818
    15 3.880859 -0.043091 0.427490 0.090105 -0.011419 -0.132542
    16 1.719578 0.000023 -0.000021 -0.000005 -0.020423 -0.365964
    17 1.209181 -0.000004 -0.000001 0.000001 -0.011427 -0.216116
    18 3.863281 -0.136475 1.332031 0.320642 -0.041405 -0.125801
    19 1.719431 -0.000023 0.000019 0.000001 -0.106227 -0.347813
    20 1.099676 0.000000 0.000006 0.000004 -0.067955 -0.234890
    21 0.807129 -0.346924 1.320313 -1.243196 -0.551768 -0.740654
    22 1.789787 0.000006 0.000006 -0.000002 -0.003712 0.228604
    23 1.207012 0.000011 0.000000 -0.000001 -0.005667 0.362993
    24 2.035156 0.997070 -1.937500 -1.661572 1.286515 2.950150
    25 6.028144 -0.000011 0.000002 1.887863 0.495285 -0.511058
    26 12.301971 -1.003936 0.937532 0.718575 0.001066 -1.608560
    27 11.481657 0.000043 0.000019 -1.780453 0.468758 -0.236957
    28 3.858240 -0.131699 1.199994 0.390527 -0.101410 -0.916423
    29 1.312567 0.000000 0.000000 0.094365 -0.148312 -1.023377
    30 0.729362 0.000004 0.000003 0.246478 -0.201514 -1.343121
    31 3.941981 0.050872 0.435162 0.108940 0.058963 -0.470260
    32 1.539089 0.000008 0.000003 0.081999 -0.072597 -1.490887
    33 1.196316 0.000004 0.000005 0.030667 -0.074741 -1.027947
    34 3.880859 -0.047028 -0.427490 -0.079036 0.162996 -0.514648
    35 1.719567 0.000023 0.000016 -0.048600 0.058563 -1.498659
    36 1.209175 0.000008 0.000005 -0.038127 -0.010975 -1.196747
    37 3.867399 -0.148186 -1.324350 -0.424029 0.413272 -0.567318
    38 1.719419 -0.000008 -0.000008 -0.103000 0.275395 -0.995707
    39 1.099667 -0.000004 -0.000001 -0.048647 0.108807 -0.506629
    40 0.807129 -0.358887 -1.316406 1.391889 0.446143 -0.556731
    41 1.789783 -0.000002 -0.000002 0.030300 -0.047271 0.412855
    42 1.207001 0.000009 0.000000 -0.006740 -0.074456 -0.170110
    43 5.073761 -4.063510 -2.918343 3.826595 -0.063832 -1.771607
    44 0.000000 0.196712 0.000000 1.570797 0.000000 0.000001
    45 0.000002 2.032589 0.000000 0.000000 0.000000 0.000000
    46 0.000002 1.571991 0.000000 0.000000 0.000000 0.000000
    47 3.775905 -5.485672 -0.527956 -2.248292 -0.133225 -1.641886
  time 121
    0 -0.000003 -13.531250 -29.421875 1.570792 0.000003 -0.000003
    1 0.000000 3.345131 -2.981898 1.570796 0.083192 1.570795
    2 4.015625 0.000001 0.000000 0.000000 -0.000001 -0.028819
    3 3.520294 0.000005 -0.000006 0.000000 0.000000 0.097311
    4 8.929688 -0.000001 0.000000 0.000000 0.000001 0.186405
    5 2.035156 0.997070 1.937500 1.589735 -1.286517 2.950158
    6 6.028159 -0.000069 0.000009 -1.575890 0.049155 -1.169438
    7 11.692566 0.000046 0.000011 -0.000002 0.000000 -0.060376
    8 11.481682 0.000088 -0.000031 1.568292 -0.038710 0.036026
    9 3.857422 -0.139526 -1.191406 -0.363882 0.112047 -0.355498
    10 1.312565 -0.000008 0.000000 -0.000002 0.054404 -0.409012
    11 0.729366 0.000002 -0.000002 -0.000001 0.040754 -0.240990
    12 3.941406 0.046936 -0.435059 -0.101499 0.042182 -0.269683
    13 1.539091 0.000008 -0.000002 0.000000 0.003737 -0.247812
    14 1.196321 0.000000 -0.000002 -0.000001 0.006168 -0.430818
    15 3.880859 -0.043091 0.427490 0.090105 -0.011419 -0.132542
    16 1.719578 0.000023 -0.000021 -0.000005 -0.020423 -0.365964
    17 1.209181 -0.000004 -0.000001 0.000001 -0.011427 -0.216116
    18 3.863281 -0.136475 1.332031 0.320642 -0.041405 -0.125801
    19 1.719431 -0.000023 0.000019 0.000001 -0.106227 -0.347813
    20 1.099676 0.000000 0.000006 0.000004 -0.067955 -0.234890
    21 0.807129 -0.346924 1.320313 -1.243196 -0.551768 -0.740654
    22 1.789787 0.000006 0.000006 -0.000002 -0.003712 0.228604
    23 1.207012 0.000011 0.000000 -0.000001 -0.005667 0.362993
    24 2.035156 0.997070 -1.937500 -1.661572 1.286515 2.950150
    25 6.028144 -0.000011 0.000002 1.889206 0.496489 -0.510375
    26 12.301971 -1.003936 0.937532 0.719456 0.000764 -1.607812
    27 11.481657 0.000043 0.000019 -1.781612 0.467581 -0.239366
    28 3.858240 -0.131699 1.199994 0.390527 -0.101410 -0.916423
    29 1.312567 0.000000 0.000000 0.094365 -0.148312 -1.023377
    30 0.729362 0.000004 0.000003 0.246478 -0.201514 -1.343121
    31 3.941981 0.050872 0.435162 0.108940 0.058963 -0.470260
    32 1.539089 0.000008 0.000003 0.081999 -0.072597 -1.490925
    33 1.196316 0.000004 0.000005 0.030667 -0.074741 -1.027947
    34 3.880859 -0.047028 -0.427490 -0.079036 0.162996 -0.514648
    35 1.719567 0.000023 0.000016 -0.048600 0.058563 -1.498659
    36 1.209175 0.000008 0.000005 -0.038127 -0.010975 -1.196747
    37 3.867399 -0.148186 -1.324350 -0.424029 0.413272 -0.567318
    38 1.719419 -0.000008 -0.000008 -0.103000 0.275395 -0.995707
    39 1.099667 -0.000004 -0.000001 -0.048647 0.108807 -0.506629
    40 0.807129 -0.358887 -1.316406 1.391889 0.446143 -0.556731
    41 1.789783 -0.000002 -0.000002 0.030300 -0.047271 0.412855
    42 1.207001 0.000009 0.000000 -0.006740 -0.074456 -0.170110
    43 5.073761 -4.063510 -2.918343 3.826595 -0.063820 -1.771607
    44 0.000000 0.196712 0.000000 1.570797 0.000000 0.000001
    45 0.000002 2.032589 0.000000 0.000000 0.000000 0.000000
    46 0.000002 1.571991 0.000000 0.000000 0.000000 0.000000
    47 3.775905 -5.485672 -0.527956 -2.248292 -0.133225 -1.641886
  time 122
    0 -0.000003 -13.531250 -29.421875 1.570792 0.000003 -0.000003
    1 0.000000 3.345131 -2.981898 1.570796 0.083192 1.570795
    2 4.015625 0.000001 0.000000 0.000000 -0.000001 -0.028819
    3 3.520294 0.000005 -0.000006 0.000000 0.000000 0.097311
    4 8.929688 -0.000001 0.000000 0.000000 0.000001 0.186405
    5 2.035156 0.997070 1.937500 1.589735 -1.286517 2.950158
    6 6.028159 -0.000069 0.000009 -1.575890 0.049155 -1.169438
    7 11.692566 0.000046 0.000011 -0.000002 0.000000 -0.060376
    8 11.481682 0.000088 -0.000031 1.568292 -0.038710 0.036026
    9 3.857422 -0.139526 -1.191406 -0.363882 0.112047 -0.355498
    10 1.312565 -0.000008 0.000000 -0.000002 0.054404 -0.409012
    11 0.729366 0.000002 -0.000002 -0.000001 0.040754 -0.240990
    12 3.941406 0.046936 -0.435059 -0.101499 0.042182 -0.269683
    13 1.539091 0.000008 -0.000002 0.000000 0.003737 -0.247812
    14 1.196321 0.000000 -0.000002 -0.000001 0.006168 -0.430818
    15 3.880859 -0.043091 0.427490 0.090105 -0.011419 -0.132542
    16 1.719578 0.000023 -0.000021 -0.000005 -0.020423 -0.365964
    17 1.209181 -0.000004 -0.000001 0.000001 -0.011427 -0.216116
    18 3.863281 -0.136475 1.332031 0.320642 -0.041405 -0.125801
    19 1.719431 -0.000023 0.000019 0.000001 -0.106227 -0.347813
    20 1.099676 0.000000 0.000006 0.000004 -0.067955 -0.234890
    21 0.807129 -0.346924 1.320313 -1.243196 -0.551768 -0.740654
    22 1.789787 0.000006 0.000006 -0.000002 -0.003712 0.228604
    23 1.207012 0.000011 0.000000 -0.000001 -0.005667 0.362993
    24 2.035156 0.997070 -1.937500 -1.661572 1.286515 2.950150
    25 6.028144 -0.000011 0.000002 1.890548 0.497693 -0.509692
    26 12.301971 -1.003936 0.937532 0.720336 0.000476 -1.607064
    27 11.481657 0.000043 0.000019 -1.782753 0.466405 -0.241775
    28 3.854334 -0.131699 1.199994 0.390527 -0.101410 -0.916423
    29 1.312567 0.000000 0.000000 0.094365 -0.148312 -1.023377
    30 0.729362 0.000004 0.000003 0.246478 -0.201514 -1.343121
    31 3.941981 0.050872 0.435162 0.108940 0.058963 -0.470260
    32 1.539089 0.000008 0.000003 0.081999 -0.072597 -1.490925
    33 1.196316 0.000004 0.000005 0.030667 -0.074741 -1.027947
    34 3.880859 -0.047028 -0.427490 -0.079036 0.162996 -0.514648
    35 1.719567 0.000023 0.000016 -0.048600 0.058551 -1.498659
    36 1.209175 0.000008 0.000005 -0.038127 -0.010975 -1.196747
    37 3.863493 -0.148186 -1.324350 -0.424029 0.413272 -0.567318
    38 1.719419 -0.000008 -0.000008 -0.103000 0.275395 -0.995707
    39 1.099667 -0.000004 -0.000001 -0.048647 0.108807 -0.506629
    40 0.807129 -0.358887 -1.316406 1.391889 0.446143 -0.556731
    41 1.789783 -0.000002 -0.000002 0.030300 -0.047271 0.412855
    42 1.207001 0.000009 0.000000 -0.006740 -0.074456 -0.170110
    43 5.073761 -4.063510 -2.918343 3.826595 -0.063832 -1.771607
    44 0.000000 0.196712 0.000000 1.570797 0.000000 0.000001
    45 0.000002 2.032589 0.000000 0.000000 0.000000 0.000000
    46 0.000002 1.571991 0.000000 0.000000 0.000000 0.000000
    47 3.775905 -5.485672 -0.527956 -2.248292 -0.133225 -1.641886
  time 123
    0 -0.000003 -13.531250 -29.421875 1.570792 0.000003 -0.000003
    1 0.000000 3.345131 -2.981898 1.570796 0.083192 1.570795
    2 4.015625 0.000001 0.000000 0.000000 -0.000001 -0.028819
    3 3.520294 0.000005 -0.000006 0.000000 0.000000 0.097311
    4 8.929688 -0.000001 0.000000 0.000000 0.000001 0.186405
    5 2.035156 0.997070 1.937500 1.589735 -1.286517 2.950158
    6 6.028159 -0.000069 0.000009 -1.575890 0.049155 -1.169438
    7 11.692566 0.000046 0.000011 -0.000002 0.000000 -0.060376
    8 11.481682 0.000088 -0.000031 1.568292 -0.038710 0.036026
    9 3.857422 -0.139526 -1.191406 -0.363882 0.112047 -0.355498
    10 1.312565 -0.000008 0.000000 -0.000002 0.054404 -0.409012
    11 0.729366 0.000002 -0.000002 -0.000001 0.040754 -0.240990
    12 3.941406 0.046936 -0.435059 -0.101499 0.042182 -0.269683
    13 1.539091 0.000008 -0.000002 0.000000 0.003737 -0.247812
    14 1.196321 0.000000 -0.000002 -0.000001 0.006168 -0.430818
    15 3.880859 -0.043091 0.427490 0.090105 -0.011419 -0.132542
    16 1.719578 0.000023 -0.000021 -0.000005 -0.020423 -0.365964
    17 1.209181 -0.000004 -0.000001 0.000001 -0.011427 -0.216116
    18 3.863281 -0.136475 1.332031 0.320642 -0.041405 -0.125801
    19 1.719431 -0.000023 0.000019 0.000001 -0.106227 -0.347813
    20 1.099676 0.000000 0.000006 0.000004 -0.067955 -0.234890
    21 0.807129 -0.346924 1.320313 -1.243196 -0.551768 -0.740654
    22 1.789787 0.000006 0.000006 -0.000002 -0.003712 0.228604
    23 1.207012 0.000011 0.000000 -0.000001 -0.005667 0.362993
    24 2.035156 0.997070 -1.937500 -1.661572 1.286515 2.950150
    25 6.028144 -0.000011 0.000002 1.891878 0.498873 -0.509021
    26 12.301971 -1.003936 0.937532 0.721195 0.000173 -1.606315
    27 11.481657 0.000043 0.000019 -1.783894 0.465228 -0.244184
    28 3.854334 -0.131699 1.199994 0.390527 -0.101410 -0.916423
    29 1.312567 0.000000 0.000000 0.094365 -0.148312 -1.023377
    30 0.729362 0.000004 0.000003 0.246478 -0.201514 -1.343121
    31 3.941981 0.050872 0.435162 0.108940 0.058963 -0.470260
    32 1.539089 0.000008 0.000003 0.081999 -0.072597 -1.490925
    33 1.196316 0.000004 0.000005 0.030667 -0.074741 -1.027947
    34 3.880859 -0.047028 -0.427490 -0.079036 0.162996 -0.514648
    35 1.719567 0.000023 0.000016 -0.048600 0.058551 -1.498659
    36 1.209175 0.000008 0.000005 -0.038127 -0.010975 -1.196747
    37 3.867399 -0.148186 -1.324350 -0.424029 0.413272 -0.567318
    38 1.719419 -0.000008 -0.000008 -0.103000 0.275395 -0.995707
    39 1.099667 -0.000004 -0.000001 -0.048647 0.108807 -0.506629
    40 0.807129 -0.358887 -1.316406 1.391889 0.446143 -0.556731
    41 1.789783 -0.000002 -0.000002 0.030300 -0.047271 0.412867
    42 1.207001 0.000009 0.000000 -0.006740 -0.074456 -0.170110
    43 5.073761 -4.063510 -2.918343 3.826595 -0.063832 -1.771607
    44 0.000000 0.196712 0.000000 1.570797 0.000000 0.000001
    45 0.000002 2.032589 0.000000 0.000000 0.000000 0.000000
    46 0.000002 1.571991 0.000000 0.000000 0.000000 0.000000
    47 3.775905 -5.485672 -0.527956 -2.248292 -0.133225 -1.641886
  time 124
    0 -0.000003 -13.531250 -29.421875 1.570792 0.000003 -0.000003
    1 0.000000 3.345131 -2.981898 1.570796 0.083192 1.570795
    2 4.015625 0.000001 0.000000 0.000000 -0.000001 -0.028819
    3 3.520294 0.000005 -0.000006 0.000000 0.000000 0.097311
    4 8.929688 -0.000001 0.000000 0.000000 0.000001 0.186405
    5 2.035156 0.997070 1.937500 1.589735 -1.286517 2.950158
    6 6.028159 -0.000069 0.000009 -1.575890 0.049155 -1.169438
    7 11.692566 0.000046 0.000011 -0.000002 0.000000 -0.060376
    8 11.481682 0.000088 -0.000031 1.568292 -0.038710 0.036026
    9 3.857422 -0.139526 -1.191406 -0.363882 0.112047 -0.355498
    10 1.312565 -0.000008 0.000000 -0.000002 0.054404 -0.409012
    11 0.729366 0.000002 -0.000002 -0.000001 0.040754 -0.240990
    12 3.941406 0.046936 -0.435059 -0.101499 0.042182 -0.269683
    13 1.539091 0.000008 -0.000002 0.000000 0.003737 -0.247812
    14 1.196321 0.000000 -0.000002 -0.000001 0.006168 -0.430818
    15 3.880859 -0.043091 0.427490 0.090105 -0.011419 -0.132542
    16 1.719578 0.000023 -0.000021 -0.000005 -0.020423 -0.365964
    17 1.209181 -0.000004 -0.000001 0.000001 -0.011427 -0.216116
    18 3.863281 -0.136475 1.332031 0.320642 -0.041405 -0.125801
    19 1.719431 -0.000023 0.000019 0.000001 -0.106227 -0.347813
    20 1.099676 0.000000 0.000006 0.000004 -0.067955 -0.234890
    21 0.807129 -0.346924 1.320313 -1.243196 -0.551768 -0.740654
    22 1.789787 0.000006 0.000006 -0.000002 -0.003712 0.228604
    23 1.207012 0.000011 0.000000 -0.000001 -0.005667 0.362993
    24 2.035156 0.997070 -1.937500 -1.661572 1.286515 2.950150
    25 6.028144 -0.000011 0.000002 1.893208 0.500077 -0.508338
    26 12.301971 -1.003936 0.937532 0.722075 -0.000115 -1.605567
    27 11.481657 0.000043 0.000019 -1.785015 0.464052 -0.246557
    28 3.858240 -0.131699 1.199994 0.390527 -0.101410 -0.916423
    29 1.312567 0.000000 0.000000 0.094365 -0.148312 -1.023377
    30 0.729362 0.000004 0.000003 0.246466 -0.201514 -1.343121
    31 3.941981 0.050872 0.435162 0.108940 0.058963 -0.470260
    32 1.539089 0.000008 0.000003 0.081999 -0.072597 -1.490887
    33 1.196316 0.000004 0.000005 0.030667 -0.074741 -1.027947
    34 3.880859 -0.047028 -0.427490 -0.079036 0.162996 -0.514648
    35 1.719567 0.000023 0.000016 -0.048600 0.058563 -1.498659
    36 1.209175 0.000008 0.000005 -0.038127 -0.010975 -1.196747
    37 3.867399 -0.148186 -1.324350 -0.424017 0.413272 -0.567318
    38 1.719419 -0.000008 -0.000008 -0.103000 0.275395 -0.995707
    39 1.099667 -0.000004 -0.000001 -0.048647 0.108807 -0.506629
    40 0.807129 -0.358887 -1.316406 1.391889 0.446143 -0.556731
    41 1.789783 -0.000002 -0.000002 0.030300 -0.047271 0.412855
    42 1.207001 0.000009 0.000000 -0.006740 -0.074456 -0.170110
    43 5.073761 -4.063510 -2.918343 3.826595 -0.063820 -1.771607
    44 0.000000 0.196712 0.000000 1.570797 0.000000 0.000001
    45 0.000002 2.032589 0.000000 0.000000 0.000000 0.000000
    46 0.000002 1.571991 0.000000 0.000000 0.000000 0.000000
    47 3.775905 -5.485672 -0.527956 -2.248292 -0.133225 -1.641886
  time 125
    0 -0.000003 -13.531250 -29.421875 1.570792 0.000003 -0.000003
    1 0.000000 3.345131 -2.981898 1.570796 0.083192 1.570795
    2 4.015625 0.000001 0.000000 0.000000 -0.000001 -0.028819
    3 3.520294 0.000005 -0.000006 0.000000 0.000000 0.097311
    4 8.929688 -0.000001 0.000000 0.000000 0.000001 0.186405
    5 2.035156 0.997070 1.937500 1.589735 -1.286517 2.950158
    6 6.028159 -0.000069 0.000009 -1.575890 0.049155 -1.169438
    7 11.692566 0.000046 0.000011 -0.000002 0.000000 -0.060376
    8 11.481682 0.000088 -0.000031 1.568292 -0.038710 0.036026
    9 3.857422 -0.139526 -1.191406 -0.363882 0.112047 -0.355498
    10 1.312565 -0.000008 0.000000 -0.000002 0.054404 -0.409012
    11 0.729366 0.000002 -0.000002 -0.000001 0.040754 -0.240990
    12 3.941406 0.046936 -0.435059 -0.101499 0.042182 -0.269683
    13 1.539091 0.000008 -0.000002 0.000000 0.003737 -0.247812
    14 1.196321 0.000000 -0.000002 -0.000001 0.006168 -0.430818
    15 3.880859 -0.043091 0.427490 0.090105 -0.011419 -0.132542
    16 1.719578 0.000023 -0.000021 -0.000005 -0.020423 -0.365964
    17 1.209181 -0.000004 -0.000001 0.000001 -0.011427 -0.216116
    18 3.863281 -0.136475 1.332031 0.320642 -0.041405 -0.125801
    19 1.719431 -0.000023 0.000019 0.000001 -0.106227 -0.347813
    20 1.099676 0.000000 0.000006 0.000004 -0.067955 -0.234890
    21 0.807129 -0.346924 1.320313 -1.243196 -0.551768 -0.740654
    22 1.789787 0.000006 0.000006 -0.000002 -0.003712 0.228604
    23 1.207012 0.000011 0.000000 -0.000001 -0.005667 0.362993
    24 2.035156 0.997070 -1.937500 -1.661572 1.286515 2.950150
    25 6.028144 -0.000011 0.000002 1.894539 0.501232 -0.507667
    26 12.301971 -1.003936 0.937532 0.722934 -0.000403 -1.604819
    27 11.481657 0.000043 0.000019 -1.786118 0.462890 -0.248918
    28 3.854334 -0.131699 1.199994 0.390527 -0.101410 -0.916423
    29 1.312567 0.000000 0.000000 0.094365 -0.148312 -1.023377
    30 0.729362 0.000004 0.000003 0.246478 -0.201514 -1.343121
    31 3.941981 0.050872 0.435162 0.108940 0.058963 -0.470260
    32 1.539089 0.000008 0.000003 0.081999 -0.072597 -1.490925
    33 1.196316 0.000004 0.000005 0.030667 -0.074741 -1.027947
    34 3.880859 -0.047028 -0.427490 -0.079036 0.162996 -0.514648
    35 1.719567 0.000023 0.000016 -0.048600 0.058563 -1.498659
    36 1.209175 0.000008 0.000005 -0.038127 -0.010975 -1.196747
    37 3.863493 -0.148186 -1.324350 -0.424029 0.413272 -0.567318
    38 1.719419 -0.000008 -0.000008 -0.103000 0.275395 -0.995707
    39 1.099667 -0.000004 -0.000001 -0.048647 0.108807 -0.506629
    40 0.807129 -0.358887 -1.316406 1.391889 0.446143 -0.556731
    41 1.789783 -0.000002 -0.000002 0.030300 -0.047271 0.412867
    42 1.207001 0.000009 0.000000 -0.006740 -0.074456 -0.170110
    43 5.073761 -4.063510 -2.918343 3.826595 -0.063832 -1.771607
    44 0.000000 0.196712 0.000000 1.570797 0.000000 0.000001
    45 0.000002 2.032589 0.000000 0.000000 0.000000 0.000000
    46 0.000002 1.571991 0.000000 0.000000 0.000000 0.000000
    47 3.775905 -5.485672 -0.527956 -2.248292 -0.133225 -1.641886
  time 126
    0 -0.000003 -13.531250 -29.421875 1.570792 0.000003 -0.000003
    1 0.000000 3.345131 -2.981898 1.570796 0.083192 1.570795
    2 4.015625 0.000001 0.000000 0.000000 -0.000001 -0.028819
    3 3.520294 0.000005 -0.000006 0.000000 0.000000 0.097311
    4 8.929688 -0.000001 0.000000 0.000000 0.000001 0.186405
    5 2.035156 0.997070 1.937500 1.589735 -1.286517 2.950158
    6 6.028159 -0.000069 0.000009 -1.575890 0.049155 -1.169438
    7 11.692566 0.000046 0.000011 -0.000002 0.000000 -0.060376
    8 11.481682 0.000088 -0.000031 1.568292 -0.038710 0.036026
    9 3.857422 -0.139526 -1.191406 -0.363882 0.112047 -0.355498
    10 1.312565 -0.000008 0.000000 -0.000002 0.054404 -0.409012
    11 0.729366 0.000002 -0.000002 -0.000001 0.040754 -0.240990
    12 3.941406 0.046936 -0.435059 -0.101499 0.042182 -0.269683
    13 1.539091 0.000008 -0.000002 0.000000 0.003737 -0.247812
    14 1.196321 0.000000 -0.000002 -0.000001 0.006168 -0.430818
    15 3.880859 -0.043091 0.427490 0.090105 -0.011419 -0.132542
    16 1.719578 0.000023 -0.000021 -0.000005 -0.020423 -0.365964
    17 1.209181 -0.000004 -0.000001 0.000001 -0.011427 -0.216116
    18 3.863281 -0.136475 1.332031 0.320642 -0.041405 -0.125801
    19 1.719431 -0.000023 0.000019 0.000001 -0.106227 -0.347813
    20 1.099676 0.000000 0.000006 0.000004 -0.067955 -0.234890
    21 0.807129 -0.346924 1.320313 -1.243196 -0.551768 -0.740654
    22 1.789787 0.000006 0.000006 -0.000002 -0.003712 0.228604
    23 1.207012 0.000011 0.000000 -0.000001 -0.005667 0.362993
    24 2.035156 0.997070 -1.937500 -1.661572 1.286515 2.950150
    25 6.028144 -0.000011 0.000002 1.895845 0.502412 -0.507008
    26 12.301971 -1.003936 0.937532 0.723792 -0.000706 -1.604070
    27 11.481657 0.000043 0.000019 -1.787201 0.461729 -0.251255
    28 3.858240 -0.131699 1.199994 0.390527 -0.101410 -0.916423
    29 1.312567 0.000000 0.000000 0.094365 -0.148312 -1.023377
    30 0.729362 0.000004 0.000003 0.246478 -0.201514 -1.343121
    31 3.941981 0.050872 0.435162 0.108940 0.058963 -0.470260
    32 1.539089 0.000008 0.000003 0.081999 -0.072597 -1.490887
    33 1.196316 0.000004 0.000005 0.030667 -0.074741 -1.027947
    34 3.880859 -0.047028 -0.427490 -0.079036 0.162996 -0.514648
    35 1.719567 0.000023 0.000016 -0.048600 0.058563 -1.498659
    36 1.209175 0.000008 0.000005 -0.038127 -0.010975 -1.196747
    37 3.867399 -0.148186 -1.324350 -0.424029 0.413272 -0.567318
    38 1.719419 -0.000008 -0.000008 -0.103000 0.275395 -0.995707
    39 1.099667 -0.000004 -0.000001 -0.048647 0.108807 -0.506629
    40 0.807129 -0.358887 -1.316406 1.391889 0.446143 -0.556731
    41 1.789783 -0.000002 -0.000002 0.030300 -0.047271 0.412855
    42 1.207001 0.000009 0.000000 -0.006740 -0.074456 -0.170110
    43 5.073761 -4.063510 -2.918343 3.826595 -0.063820 -1.771607
    44 0.000000 0.196712 0.000000 1.570797 0.000000 0.000001
    45 0.000002 2.032589 0.000000 0.000000 0.000000 0.000000
    46 0.000002 1.571991 0.000000 0.000000 0.000000 0.000000
    47 3.775905 -5.485672 -0.527956 -2.248292 -0.133225 -1.641886
  time 127
    0 -0.000003 -13.531250 -29.421875 1.570792 0.000003 -0.000003
    1 0.000000 3.345131 -2.981898 1.570796 0.083192 1.570795
    2 4.015625 0.000001 0.000000 0.000000 -0.000001 -0.028819
    3 3.520294 0.000005 -0.000006 0.000000 0.000000 0.097311
    4 8.929688 -0.000001 0.000000 0.000000 0.000001 0.186405
    5 2.035156 0.997070 1.937500 1.589735 -1.286517 2.950158
    6 6.028159 -0.000069 0.000009 -1.575890 0.049155 -1.169438
    7 11.692566 0.000046 0.000011 -0.000002 0.000000 -0.060376
    8 11.481682 0.000088 -0.000031 1.568292 -0.038710 0.036026
    9 3.857422 -0.139526 -1.191406 -0.363882 0.112047 -0.355498
    10 1.312565 -0.000008 0.000000 -0.000002 0.054404 -0.409012
    11 0.729366 0.000002 -0.000002 -0.000001 0.040754 -0.240990
    12 3.941406 0.046936 -0.435059 -0.101499 0.042182 -0.269683
    13 1.539091 0.000008 -0.000002 0.000000 0.003737 -0.247812
    14 1.196321 0.000000 -0.000002 -0.000001 0.006168 -0.430818
    15 3.880859 -0.043091 0.427490 0.090105 -0.011419 -0.132542
    16 1.719578 0.000023 -0.000021 -0.000005 -0.020423 -0.365964
    17 1.209181 -0.000004 -0.000001 0.000001 -0.011427 -0.216116
    18 3.863281 -0.136475 1.332031 0.320642 -0.041405 -0.125801
    19 1.719431 -0.000023 0.000019 0.000001 -0.106227 -0.347813
    20 1.099676 0.000000 0.000006 0.000004 -0.067955 -0.234890
    21 0.807129 -0.346924 1.320313 -1.243196 -0.551768 -0.740654
    22 1.789787 0.000006 0.000006 -0.000002 -0.003712 0.228604
    23 1.207012 0.000011 0.000000 -0.000001 -0.005667 0.362993
    24 2.035156 0.997070 -1.937500 -1.661572 1.286515 2.950150
    25 6.028144 -0.000011 0.000002 1.897139 0.503567 -0.506348
    26 12.301971 -1.003936 0.937532 0.724627 -0.000994 -1.603322
    27 11.481657 0.000043 0.000019 -1.788285 0.460596 -0.253568
    28 3.854334 -0.131699 1.199994 0.390527 -0.101410 -0.916423
    29 1.312567 0.000000 0.000000 0.094365 -0.148312 -1.023377
    30 0.729362 0.000004 0.000003 0.246478 -0.201514 -1.343121
    31 3.941981 0.050872 0.435162 0.108940 0.058963 -0.470260
    32 1.539089 0.000008 0.000003 0.081999 -0.072597 -1.490887
    33 1.196316 0.000004 0.000005 0.030667 -0.074741 -1.027947
    34 3.880859 -0.047028 -0.427490 -0.079036 0.162996 -0.514648
    35 1.719567 0.000023 0.000016 -0.048600 0.058563 -1.498659
    36 1.209175 0.000008 0.000005 -0.038127 -0.010975 -1.196747
    37 3.867399 -0.148186 -1.324350 -0.424029 0.413272 -0.567318
    38 1.719419 -0.000008 -0.000008 -0.103000 0.275395 -0.995707
    39 1.099667 -0.000004 -0.000001 -0.048647 0.108807 -0.506629
    40 0.807129 -0.358887 -1.316406 1.391889 0.446143 -0.556731
    41 1.789783 -0.000002 -0.000002 0.030300 -0.047271 0.412855
    42 1.207001 0.000009 0.000000 -0.006740 -0.074456 -0.170110
    43 5.073761 -4.063510 -2.918343 3.826595 -0.063820 -1.771607
    44 0.000000 0.196712 0.000000 1.570797 0.000000 0.000001
    45 0.000002 2.032589 0.000000 0.000000 0.000000 0.000000
    46 0.000002 1.571991 0.000000 0.000000 0.000000 0.000000
    47 3.775905 -5.485672 -0.527956 -2.248292 -0.133225 -1.641886
  time 128
    0 -0.000003 -13.531250 -29.421875 1.570792 0.000003 -0.000003
    1 0.000000 3.345131 -2.981898 1.570796 0.083192 1.570795
    2 4.015625 0.000001 0.000000 0.000000 -0.000001 -0.028819
    3 3.520294 0.000005 -0.000006 0.000000 0.000000 0.097311
    4 8.929688 -0.000001 0.000000 0.000000 0.000001 0.186405
    5 2.035156 0.997070 1.937500 1.589735 -1.286517 2.950158
    6 6.028159 -0.000069 0.000009 -1.575890 0.049155 -1.169438
    7 11.692566 0.000046 0.000011 -0.000002 0.000000 -0.060376
    8 11.481682 0.000088 -0.000031 1.568292 -0.038710 0.036026
    9 3.857422 -0.139526 -1.191406 -0.363882 0.112047 -0.355498
    10 1.312565 -0.000008 0.000000 -0.000002 0.054404 -0.409012
    11 0.729366 0.000002 -0.000002 -0.000001 0.040754 -0.240990
    12 3.941406 0.046936 -0.435059 -0.101499 0.042182 -0.269683
    13 1.539091 0.000008 -0.000002 0.000000 0.003737 -0.247812
    14 1.196321 0.000000 -0.000002 -0.000001 0.006168 -0.430818
    15 3.880859 -0.043091 0.427490 0.090105 -0.011419 -0.132542
    16 1.719578 0.000023 -0.000021 -0.000005 -0.020423 -0.365964
    17 1.209181 -0.000004 -0.000001 0.000001 -0.011427 -0.216116
    18 3.863281 -0.136475 1.332031 0.320642 -0.041405 -0.125801
    19 1.719431 -0.000023 0.000019 0.000001 -0.106227 -0.347813
    20 1.099676 0.000000 0.000006 0.000004 -0.067955 -0.234890
    21 0.807129 -0.346924 1.320313 -1.243196 -0.551768 -0.740654
    22 1.789787 0.000006 0.000006 -0.000002 -0.003712 0.228604
    23 1.207012 0.000011 0.000000 -0.000001 -0.005667 0.362993
    24 2.035156 0.997070 -1.937500 -1.661572 1.286515 2.950150
    25 6.028144 -0.000011 0.000002 1.898422 0.504697 -0.505701
    26 12.301971 -1.003936 0.937532 0.725463 -0.001282 -1.602627
    27 11.481657 0.000043 0.000019 -1.789331 0.459464 -0.255845
    28 3.854334 -0.131699 1.199994 0.390527 -0.101410 -0.916423
    29 1.312567 0.000000 0.000000 0.094365 -0.148312 -1.023377
    30 0.729362 0.000004 0.000003 0.246478 -0.201514 -1.343121
    31 3.941981 0.050872 0.435162 0.108940 0.058963 -0.470260
    32 1.539089 0.000008 0.000003 0.081999 -0.072597 -1.490925
    33 1.196316 0.000004 0.000005 0.030667 -0.074741 -1.027947
    34 3.880859 -0.047028 -0.427490 -0.079036 0.162996 -0.514648
    35 1.719567 0.000023 0.000016 -0.048600 0.058551 -1.498659
    36 1.209175 0.000008 0.000005 -0.038127 -0.010975 -1.196747
    37 3.867399 -0.148186 -1.324350 -0.424029 0.413272 -0.567318
    38 1.719419 -0.000008 -0.000008 -0.103000 0.275395 -0.995707
    39 1.099667 -0.000004 -0.000001 -0.048647 0.108807 -0.506629
    40 0.807129 -0.358887 -1.316406 1.391889 0.446143 -0.556731
    41 1.789783 -0.000002 -0.000002 0.030300 -0.047271 0.412855
    42 1.207001 0.000009 0.000000 -0.006740 -0.074456 -0.170110
    43 5.073761 -4.063510 -2.918343 3.826595 -0.063832 -1.771607
    44 0.000000 0.196712 0.000000 1.570797 0.000000 0.000001
    45 0.000002 2.032589 0.000000 0.000000 0.000000 0.000000
    46 0.000002 1.571991 0.000000 0.000000 0.000000 0.000000
    47 3.775905 -5.485672 -0.527956 -2.248292 -0.133225 -1.641886
  time 129
    0 -0.000003 -13.531250 -29.421875 1.570792 0.000003 -0.000003
    1 0.000000 3.345131 -2.981898 1.570796 0.083192 1.570795
    2 4.015625 0.000001 0.000000 0.000000 -0.000001 -0.028819
    3 3.520294 0.000005 -0.000006 0.000000 0.000000 0.097311
    4 8.929688 -0.000001 0.000000 0.000000 0.000001 0.186405
    5 2.035156 0.997070 1.937500 1.589735 -1.286517 2.950158
    6 6.028159 -0.000069 0.000009 -1.575890 0.049155 -1.169438
    7 11.692566 0.000046 0.000011 -0.000002 0.000000 -0.060376
    8 11.481682 0.000088 -0.000031 1.568292 -0.038710 0.036026
    9 3.857422 -0.139526 -1.191406 -0.363882 0.112047 -0.355498
    10 1.312565 -0.000008 0.000000 -0.000002 0.054404 -0.409012
    11 0.729366 0.000002 -0.000002 -0.000001 0.040754 -0.240990
    12 3.941406 0.046936 -0.435059 -0.101499 0.042182 -0.269683
    13 1.539091 0.000008 -0.000002 0.000000 0.003737 -0.247812
    14 1.196321 0.000000 -0.000002 -0.000001 0.006168 -0.430818
    15 3.880859 -0.043091 0.427490 0.090105 -0.011419 -0.132542
    16 1.719578 0.000023 -0.000021 -0.000005 -0.020423 -0.365964
    17 1.209181 -0.000004 -0.000001 0.000001 -0.011427 -0.216116
    18 3.863281 -0.136475 1.332031 0.320642 -0.041405 -0.125801
    19 1.719431 -0.000023 0.000019 0.000001 -0.106227 -0.347813
    20 1.099676 0.000000 0.000006 0.000004 -0.067955 -0.234890
    21 0.807129 -0.346924 1.320313 -1.243196 -0.551768 -0.740654
    22 1.789787 0.000006 0.000006 -0.000002 -0.003712 0.228604
    23 1.207012 0.000011 0.000000 -0.000001 -0.005667 0.362993
    24 2.035156 0.997070 -1.937500 -1.661572 1.286515 2.950150
    25 6.028144 -0.000011 0.000002 1.899692 0.505803 -0.505054
    26 12.301971 -1.003936 0.937532 0.726276 -0.001556 -1.601879
    27 11.481657 0.000043 0.000019 -1.790357 0.458361 -0.258074
    28 3.858240 -0.131699 1.199994 0.390527 -0.101410 -0.916423
    29 1.312567 0.000000 0.000000 0.094365 -0.148312 -1.023377
    30 0.729362 0.000004 0.000003 0.246478 -0.201514 -1.343121
    31 3.941981 0.050872 0.435162 0.108940 0.058963 -0.470260
    32 1.539089 0.000008 0.000003 0.081999 -0.072597 -1.490925
    33 1.196316 0.000004 0.000005 0.030667 -0.074741 -1.027947
    34 3.880859 -0.047028 -0.427490 -0.079036 0.162996 -0.514648
    35 1.719567 0.000023 0.000016 -0.048600 0.058551 -1.498659
    36 1.209175 0.000008 0.000005 -0.038127 -0.010975 -1.196747
    37 3.867399 -0.148186 -1.324350 -0.424029 0.413272 -0.567318
    38 1.719419 -0.000008 -0.000008 -0.103000 0.275395 -0.995707
    39 1.099667 -0.000004 -0.000001 -0.048647 0.108807 -0.506629
    40 0.807129 -0.358887 -1.316406 1.391889 0.446143 -0.556731
    41 1.789783 -0.000002 -0.000002 0.030300 -0.047271 0.412855
    42 1.207001 0.000009 0.000000 -0.006740 -0.074456 -0.170110
    43 5.073761 -4.063510 -2.918343 3.826595 -0.063832 -1.771607
    44 0.000000 0.196712 0.000000 1.570797 0.000000 0.000001
    45 0.000002 2.032589 0.000000 0.000000 0.000000 0.000000
    46 0.000002 1.571991 0.000000 0.000000 0.000000 0.000000
    47 3.775905 -5.485672 -0.527956 -2.248292 -0.133225 -1.641886
  time 130
    0 -0.000003 -13.531250 -29.421875 1.570792 0.000003 -0.000003
    1 0.000000 3.345131 -2.981898 1.570796 0.083192 1.570795
    2 4.015625 0.000001 0.000000 0.000000 -0.000001 -0.028819
    3 3.520294 0.000005 -0.000006 0.000000 0.000000 0.097311
    4 8.929688 -0.000001 0.000000 0.000000 0.000001 0.186405
    5 2.035156 0.997070 1.937500 1.589735 -1.286517 2.950158
    6 6.028159 -0.000069 0.000009 -1.575890 0.049155 -1.169438
    7 11.692566 0.000046 0.000011 -0.000002 0.000000 -0.060376
    8 11.481682 0.000088 -0.000031 1.568292 -0.038710 0.036026
    9 3.857422 -0.139526 -1.191406 -0.363882 0.112047 -0.355498
    10 1.312565 -0.000008 0.000000 -0.000002 0.054404 -0.409012
    11 0.729366 0.000002 -0.000002 -0.000001 0.040754 -0.240990
    12 3.941406 0.046936 -0.435059 -0.101499 0.042182 -0.269683
    13 1.539091 0.000008 -0.000002 0.000000 0.003737 -0.247812
    14 1.196321 0.000000 -0.000002 -0.000001 0.006168 -0.430818
    15 3.880859 -0.043091 0.427490 0.090105 -0.011419 -0.132542
    16 1.719578 0.000023 -0.000021 -0.000005 -0.020423 -0.365964
    17 1.209181 -0.000004 -0.000001 0.000001 -0.011427 -0.216116
    18 3.863281 -0.136475 1.332031 0.320642 -0.041405 -0.125801
    19 1.719431 -0.000023 0.000019 0.000001 -0.106227 -0.347813
    20 1.099676 0.000000 0.000006 0.000004 -0.067955 -0.234890
    21 0.807129 -0.346924 1.320313 -1.243196 -0.551768 -0.740654
    22 1.789787 0.000006 0.000006 -0.000002 -0.003712 0.228604
    23 1.207012 0.000011 0.000000 -0.000001 -0.005667 0.362993
    24 2.035156 0.997070 -1.937500 -1.661572 1.286515 2.950150
    25 6.028144 -0.000011 0.000002 1.900927 0.506909 -0.504419
    26 12.301971 -1.003936 0.937532 0.727066 -0.001830 -1.601184
    27 11.481657 0.000043 0.000019 -1.791384 0.457258 -0.260279
    28 3.854334 -0.131699 1.199994 0.390527 -0.101410 -0.916423
    29 1.312567 0.000000 0.000000 0.094365 -0.148312 -1.023377
    30 0.729362 0.000004 0.000003 0.246466 -0.201514 -1.343121
    31 3.938074 0.050872 0.435162 0.108940 0.058963 -0.470260
    32 1.539089 0.000008 0.000003 0.081999 -0.072597 -1.490887
    33 1.196316 0.000004 0.000005 0.030667 -0.074741 -1.027947
    34 3.880859 -0.047028 -0.427490 -0.079036 0.162996 -0.514648
    35 1.719567 0.000023 0.000016 -0.048600 0.058563 -1.498659
    36 1.209175 0.000008 0.000005 -0.038127 -0.010975 -1.196747
    37 3.867399 -0.148186 -1.324350 -0.424029 0.413272 -0.567318
    38 1.719419 -0.000008 -0.000008 -0.103000 0.275395 -0.995707
    39 1.099667 -0.000004 -0.000001 -0.048647 0.108807 -0.506629
    40 0.807129 -0.358887 -1.316406 1.391889 0.446143 -0.556731
    41 1.789783 -0.000002 -0.000002 0.030300 -0.047271 0.412855
    42 1.207001 0.000009 0.000000 -0.006740 -0.074456 -0.170110
    43 5.073761 -4.063510 -2.918343 3.826595 -0.063820 -1.771607
    44 0.000000 0.196712 0.000000 1.570797 0.000000 0.000001
    45 0.000002 2.032589 0.000000 0.000000 0.000000 0.000000
    46 0.000002 1.571991 0.000000 0.000000 0.000000 0.000000
    47 3.775905 -5.485672 -0.527956 -2.248292 -0.133225 -1.641886
  time 131
    0 -0.000003 -13.531250 -29.421875 1.570792 0.000003 -0.000003
    1 0.000000 3.345131 -2.981898 1.570796 0.083192 1.570795
    2 4.015625 0.000001 0.000000 0.000000 -0.000001 -0.028819
    3 3.520294 0.000005 -0.000006 0.000000 0.000000 0.097311
    4 8.929688 -0.000001 0.000000 0.000000 0.000001 0.186405
    5 2.035156 0.997070 1.937500 1.589735 -1.286517 2.950158
    6 6.028159 -0.000069 0.000009 -1.575890 0.049155 -1.169438
    7 11.692566 0.000046 0.000011 -0.000002 0.000000 -0.060376
    8 11.481682 0.000088 -0.000031 1.568292 -0.038710 0.036026
    9 3.857422 -0.139526 -1.191406 -0.363882 0.112047 -0.355498
    10 1.312565 -0.000008 0.000000 -0.000002 0.054404 -0.409012
    11 0.729366 0.000002 -0.000002 -0.000001 0.040754 -0.240990
    12 3.941406 0.046936 -0.435059 -0.101499 0.042182 -0.269683
    13 1.539091 0.000008 -0.000002 0.000000 0.003737 -0.247812
    14 1.196321 0.000000 -0.000002 -0.000001 0.006168 -0.430818
    15 3.880859 -0.043091 0.427490 0.090105 -0.011419 -0.132542
    16 1.719578 0.000023 -0.000021 -0.000005 -0.020423 -0.365964
    17 1.209181 -0.000004 -0.000001 0.000001 -0.011427 -0.216116
    18 3.863281 -0.136475 1.332031 0.320642 -0.041405 -0.125801
    19 1.719431 -0.000023 0.000019 0.000001 -0.106227 -0.347813
    20 1.099676 0.000000 0.000006 0.000004 -0.067955 -0.234890
    21 0.807129 -0.346924 1.320313 -1.243196 -0.551768 -0.740654
    22 1.789787 0.000006 0.000006 -0.000002 -0.003712 0.228604
    23 1.207012 0.000011 0.000000 -0.000001 -0.005667 0.362993
    24 2.035156 0.997070 -1.937500 -1.661572 1.286515 2.950150
    25 6.028144 -0.000011 0.000002 1.902149 0.507990 -0.503808
    26 12.301971 -1.003936 0.937532 0.727857 -0.002104 -1.600489
    27 11.481657 0.000043 0.000019 -1.792353 0.456185 -0.262424
    28 3.854334 -0.131699 1.199994 0.390527 -0.101410 -0.916423
    29 1.312567 0.000000 0.000000 0.094365 -0.148312 -1.023377
    30 0.729362 0.000004 0.000003 0.246478 -0.201514 -1.343121
    31 3.941981 0.050872 0.435162 0.108940 0.058963 -0.470260
    32 1.539089 0.000008 0.000003 0.081999 -0.072597 -1.490887
    33 1.196316 0.000004 0.000005 0.030667 -0.074741 -1.027947
    34 3.880859 -0.047028 -0.427490 -0.079036 0.162996 -0.514648
    35 1.719567 0.000023 0.000016 -0.048600 0.058551 -1.498659
    36 1.209175 0.000008 0.000005 -0.038127 -0.010975 -1.196747
    37 3.867399 -0.148186 -1.324350 -0.424029 0.413272 -0.567318
    38 1.719419 -0.000008 -0.000008 -0.103000 0.275395 -0.995707
    39 1.099667 -0.000004 -0.000001 -0.048647 0.108807 -0.506629
    40 0.807129 -0.358887 -1.316406 1.391889 0.446143 -0.556731
    41 1.789783 -0.000002 -0.000002 0.030300 -0.047271 0.412855
    42 1.207001 0.000009 0.000000 -0.006740 -0.074456 -0.170110
    43 5.073761 -4.063510 -2.918343 3.826595 -0.063832 -1.771607
    44 0.000000 0.196712 0.000000 1.570797 0.000000 0.000001
    45 0.000002 2.032589 0.000000 0.000000 0.000000 0.000000
    46 0.000002 1.571991 0.000000 0.000000 0.000000 0.000000
    47 3.775905 -5.485672 -0.527956 -2.248292 -0.133225 -1.641886
  time 132
    0 -0.000003 -13.531250 -29.421875 1.570792 0.000003 -0.000003
    1 0.000000 3.345131 -2.981898 1.570796 0.083192 1.570795
    2 4.015625 0.000001 0.000000 0.000000 -0.000001 -0.028819
    3 3.520294 0.000005 -0.000006 0.000000 0.000000 0.097311
    4 8.929688 -0.000001 0.000000 0.000000 0.000001 0.186405
    5 2.035156 0.997070 1.937500 1.589735 -1.286517 2.950158
    6 6.028159 -0.000069 0.000009 -1.575890 0.049155 -1.169438
    7 11.692566 0.000046 0.000011 -0.000002 0.000000 -0.060376
    8 11.481682 0.000088 -0.000031 1.568292 -0.038710 0.036026
    9 3.857422 -0.139526 -1.191406 -0.363882 0.112047 -0.355498
    10 1.312565 -0.000008 0.000000 -0.000002 0.054404 -0.409012
    11 0.729366 0.000002 -0.000002 -0.000001 0.040754 -0.240990
    12 3.941406 0.046936 -0.435059 -0.101499 0.042182 -0.269683
    13 1.539091 0.000008 -0.000002 0.000000 0.003737 -0.247812
    14 1.196321 0.000000 -0.000002 -0.000001 0.006168 -0.430818
    15 3.880859 -0.043091 0.427490 0.090105 -0.011419 -0.132542
    16 1.719578 0.000023 -0.000021 -0.000005 -0.020423 -0.365964
    17 1.209181 -0.000004 -0.000001 0.000001 -0.011427 -0.216116
    18 3.863281 -0.136475 1.332031 0.320642 -0.041405 -0.125801
    19 1.719431 -0.000023 0.000019 0.000001 -0.106227 -0.347813
    20 1.099676 0.000000 0.000006 0.000004 -0.067955 -0.234890
    21 0.807129 -0.346924 1.320313 -1.243196 -0.551768 -0.740654
    22 1.789787 0.000006 0.000006 -0.000002 -0.003712 0.228604
    23 1.207012 0.000011 0.000000 -0.000001 -0.005667 0.362993
    24 2.035156 0.997070 -1.937500 -1.661572 1.286515 2.950150
    25 6.028144 -0.000011 0.000002 1.903347 0.509023 -0.503196
    26 12.301971 -1.003936 0.937532 0.728647 -0.002378 -1.599847
    27 11.481657 0.000043 0.000019 -1.793323 0.455141 -0.264534
    28 3.858240 -0.131699 1.199994 0.390527 -0.101410 -0.916423
    29 1.312567 0.000000 0.000000 0.094365 -0.148312 -1.023377
    30 0.729362 0.000004 0.000003 0.246478 -0.201514 -1.343121
    31 3.941981 0.050872 0.435162 0.108940 0.058963 -0.470260
    32 1.539089 0.000008 0.000003 0.081999 -0.072597 -1.490925
    33 1.196316 0.000004 0.000005 0.030667 -0.074741 -1.027947
    34 3.880859 -0.047028 -0.427490 -0.079036 0.162996 -0.514648
    35 1.719567 0.000023 0.000016 -0.048600 0.058551 -1.498659
    36 1.209175 0.000008 0.000005 -0.038127 -0.010975 -1.196747
    37 3.867399 -0.148186 -1.324350 -0.424029 0.413260 -0.567318
    38 1.719419 -0.000008 -0.000008 -0.103000 0.275395 -0.995707
    39 1.099667 -0.000004 -0.000001 -0.048647 0.108807 -0.506629
    40 0.807129 -0.358887 -1.316406 1.391889 0.446143 -0.556731
    41 1.789783 -0.000002 -0.000002 0.030300 -0.047271 0.412855
    42 1.207001 0.000009 0.000000 -0.006740 -0.074456 -0.170110
    43 5.073761 -4.063510 -2.918343 3.826595 -0.063832 -1.771607
    44 0.000000 0.196712 0.000000 1.570797 0.000000 0.000001
    45 0.000002 2.032589 0.000000 0.000000 0.000000 0.000000
    46 0.000002 1.571991 0.000000 0.000000 0.000000 0.000000
    47 3.775905 -5.485672 -0.527956 -2.248292 -0.133225 -1.641886
  time 133
    0 -0.000003 -13.531250 -29.421875 1.570792 0.000003 -0.000003
    1 0.000000 3.345131 -2.981898 1.570796 0.083192 1.570795
    2 4.015625 0.000001 0.000000 0.000000 -0.000001 -0.028819
    3 3.520294 0.000005 -0.000006 0.000000 0.000000 0.097311
    4 8.929688 -0.000001 0.000000 0.000000 0.000001 0.186405
    5 2.035156 0.997070 1.937500 1.589735 -1.286517 2.950158
    6 6.028159 -0.000069 0.000009 -1.575890 0.049155 -1.169438
    7 11.692566 0.000046 0.000011 -0.000002 0.000000 -0.060376
    8 11.481682 0.000088 -0.000031 1.568292 -0.038710 0.036026
    9 3.857422 -0.139526 -1.191406 -0.363882 0.112047 -0.355498
    10 1.312565 -0.000008 0.000000 -0.000002 0.054404 -0.409012
    11 0.729366 0.000002 -0.000002 -0.000001 0.040754 -0.240990
    12 3.941406 0.046936 -0.435059 -0.101499 0.042182 -0.269683
    13 1.539091 0.000008 -0.000002 0.000000 0.003737 -0.247812
    14 1.196321 0.000000 -0.000002 -0.000001 0.006168 -0.430818
    15 3.880859 -0.043091 0.427490 0.090105 -0.011419 -0.132542
    16 1.719578 0.000023 -0.000021 -0.000005 -0.020423 -0.365964
    17 1.209181 -0.000004 -0.000001 0.000001 -0.011427 -0.216116
    18 3.863281 -0.136475 1.332031 0.320642 -0.041405 -0.125801
    19 1.719431 -0.000023 0.000019 0.000001 -0.106227 -0.347813
    20 1.099676 0.000000 0.000006 0.000004 -0.067955 -0.234890
    21 0.807129 -0.346924 1.320313 -1.243196 -0.551768 -0.740654
    22 1.789787 0.000006 0.000006 -0.000002 -0.003712 0.228604
    23 1.207012 0.000011 0.000000 -0.000001 -0.005667 0.362993
    24 2.035156 0.997070 -1.937500 -1.661572 1.286515 2.950150
    25 6.028144 -0.000011 0.000002 1.904510 0.510055 -0.502609
    26 12.301971 -1.003936 0.937532 0.729392 -0.002637 -1.599206
    27 11.481657 0.000043 0.000019 -1.794254 0.454112 -0.266583
    28 3.854334 -0.131699 1.199994 0.390527 -0.101410 -0.916423
    29 1.312567 0.000000 0.000000 0.094365 -0.148312 -1.023377
    30 0.729362 0.000004 0.000003 0.246466 -0.201514 -1.343121
    31 3.941981 0.050872 0.435162 0.108940 0.058963 -0.470260
    32 1.539089 0.000008 0.000003 0.081999 -0.072597 -1.490887
    33 1.196316 0.000004 0.000005 0.030667 -0.074741 -1.027947
    34 3.880859 -0.047028 -0.427490 -0.079036 0.162996 -0.514648
    35 1.719567 0.000023 0.000016 -0.048600 0.058563 -1.498659
    36 1.209175 0.000008 0.000005 -0.038127 -0.010975 -1.196747
    37 3.867399 -0.148186 -1.324350 -0.424029 0.413272 -0.567318
    38 1.719419 -0.000008 -0.000008 -0.103000 0.275395 -0.995707
    39 1.099667 -0.000004 -0.000001 -0.048647 0.108807 -0.506629
    40 0.807129 -0.358887 -1.316406 1.391889 0.446143 -0.556731
    41 1.789783 -0.000002 -0.000002 0.030300 -0.047271 0.412855
    42 1.207001 0.000009 0.000000 -0.006740 -0.074456 -0.170110
    43 5.073761 -4.063510 -2.918343 3.826595 -0.063820 -1.771607
    44 0.000000 0.196712 0.000000 1.570797 0.000000 0.000001
    45 0.000002 2.032589 0.000000 0.000000 0.000000 0.000000
    46 0.000002 1.571991 0.000000 0.000000 0.000000 0.000000
    47 3.775905 -5.485672 -0.527956 -2.248292 -0.133225 -1.641886
  time 134
    0 -0.000003 -13.531250 -29.421875 1.570792 0.000003 -0.000003
    1 0.000000 3.345131 -2.981898 1.570796 0.083192 1.570795
    2 4.015625 0.000001 0.000000 0.000000 -0.000001 -0.028819
    3 3.520294 0.000005 -0.000006 0.000000 0.000000 0.097311
    4 8.929688 -0.000001 0.000000 0.000000 0.000001 0.186405
    5 2.035156 0.997070 1.937500 1.589735 -1.286517 2.950158
    6 6.028159 -0.000069 0.000009 -1.575890 0.049155 -1.169438
    7 11.692566 0.000046 0.000011 -0.000002 0.000000 -0.060376
    8 11.481682 0.000088 -0.000031 1.568292 -0.038710 0.036026
    9 3.857422 -0.139526 -1.191406 -0.363882 0.112047 -0.355498
    10 1.312565 -0.000008 0.000000 -0.000002 0.054404 -0.409012
    11 0.729366 0.000002 -0.000002 -0.000001 0.040754 -0.240990
    12 3.941406 0.046936 -0.435059 -0.101499 0.042182 -0.269683
    13 1.539091 0.000008 -0.000002 0.000000 0.003737 -0.247812
    14 1.196321 0.000000 -0.000002 -0.000001 0.006168 -0.430818
    15 3.880859 -0.043091 0.427490 0.090105 -0.011419 -0.132542
    16 1.719578 0.000023 -0.000021 -0.000005 -0.020423 -0.365964
    17 1.209181 -0.000004 -0.000001 0.000001 -0.011427 -0.216116
    18 3.863281 -0.136475 1.332031 0.320642 -0.041405 -0.125801
    19 1.719431 -0.000023 0.000019 0.000001 -0.106227 -0.347813
    20 1.099676 0.000000 0.000006 0.000004 -0.067955 -0.234890
    21 0.807129 -0.346924 1.320313 -1.243196 -0.551768 -0.740654
    22 1.789787 0.000006 0.000006 -0.000002 -0.003712 0.228604
    23 1.207012 0.000011 0.000000 -0.000001 -0.005667 0.362993
    24 2.035156 0.997070 -1.937500 -1.661572 1.286515 2.950150
    25 6.028144 -0.000011 0.000002 1.905648 0.511062 -0.502022
    26 12.301971 -1.003936 0.937532 0.730115 -0.002882 -1.598564
    27 11.481657 0.000043 0.000019 -1.795167 0.453112 -0.268572
    28 3.854334 -0.131699 1.199994 0.390527 -0.101410 -0.916423
    29 1.312567 0.000000 0.000000 0.094365 -0.148312 -1.023377
    30 0.729362 0.000004 0.000003 0.246478 -0.201514 -1.343121
    31 3.941981 0.050872 0.435162 0.108940 0.058963 -0.470260
    32 1.539089 0.000008 0.000003 0.081999 -0.072597 -1.490925
    33 1.196316 0.000004 0.000005 0.030667 -0.074741 -1.027947
    34 3.880859 -0.047028 -0.427490 -0.079036 0.162996 -0.514648
    35 1.719567 0.000023 0.000016 -0.048600 0.058563 -1.498659
    36 1.209175 0.000008 0.000005 -0.038127 -0.010975 -1.196747
    37 3.867399 -0.148186 -1.324350 -0.424029 0.413272 -0.567318
    38 1.719419 -0.000008 -0.000008 -0.103000 0.275395 -0.995707
    39 1.099667 -0.000004 -0.000001 -0.048647 0.108807 -0.506629
    40 0.807129 -0.358887 -1.316406 1.391889 0.446143 -0.556731
    41 1.789783 -0.000002 -0.000002 0.030300 -0.047271 0.412855
    42 1.207001 0.000009 0.000000 -0.006740 -0.074456 -0.170110
    43 5.073761 -4.063510 -2.918343 3.826595 -0.063832 -1.771607
    44 0.000000 0.196712 0.000000 1.570797 0.000000 0.000001
    45 0.000002 2.032589 0.000000 0.000000 0.000000 0.000000
    46 0.000002 1.571991 0.000000 0.000000 0.000000 0.000000
    47 3.775905 -5.485672 -0.527956 -2.248292 -0.133225 -1.641886
  time 135
    0 -0.000003 -13.531250 -29.421875 1.570792 0.000003 -0.000003
    1 0.000000 3.345131 -2.981898 1.570796 0.083192 1.570795
    2 4.015625 0.000001 0.000000 0.000000 -0.000001 -0.028819
    3 3.520294 0.000005 -0.000006 0.000000 0.000000 0.097311
    4 8.929688 -0.000001 0.000000 0.000000 0.000001 0.186405
    5 2.035156 0.997070 1.937500 1.589735 -1.286517 2.950158
    6 6.028159 -0.000069 0.000009 -1.575890 0.049155 -1.169438
    7 11.692566 0.000046 0.000011 -0.000002 0.000000 -0.060376
    8 11.481682 0.000088 -0.000031 1.568292 -0.038710 0.036026
    9 3.857422 -0.139526 -1.191406 -0.363882 0.112047 -0.355498
    10 1.312565 -0.000008 0.000000 -0.000002 0.054404 -0.409012
    11 0.729366 0.000002 -0.000002 -0.000001 0.040754 -0.240990
    12 3.941406 0.046936 -0.435059 -0.101499 0.042182 -0.269683
    13 1.539091 0.000008 -0.000002 0.000000 0.003737 -0.247812
    14 1.196321 0.000000 -0.000002 -0.000001 0.006168 -0.430818
    15 3.880859 -0.043091 0.427490 0.090105 -0.011419 -0.132542
    16 1.719578 0.000023 -0.000021 -0.000005 -0.020423 -0.365964
    17 1.209181 -0.000004 -0.000001 0.000001 -0.011427 -0.216116
    18 3.863281 -0.136475 1.332031 0.320642 -0.041405 -0.125801
    19 1.719431 -0.000023 0.000019 0.000001 -0.106227 -0.347813
    20 1.099676 0.000000 0.000006 0.000004 -0.067955 -0.234890
    21 0.807129 -0.346924 1.320313 -1.243196 -0.551768 -0.740654
    22 1.789787 0.000006 0.000006 -0.000002 -0.003712 0.228604
    23 1.207012 0.000011 0.000000 -0.000001 -0.005667 0.362993
    24 2.035156 0.997070 -1.937500 -1.661572 1.286515 2.950150
    25 6.028144 -0.000011 0.000002 1.906763 0.512045 -0.501459
    26 12.301971 -1.003936 0.937532 0.730838 -0.003127 -1.597923
    27 11.481657 0.000043 0.000019 -1.796041 0.452141 -0.270514
    28 3.854334 -0.131699 1.199994 0.390527 -0.101410 -0.916423
    29 1.312567 0.000000 0.000000 0.094365 -0.148312 -1.023377
    30 0.729362 0.000004 0.000003 0.246478 -0.201514 -1.343121
    31 3.941981 0.050872 0.435162 0.108940 0.058963 -0.470260
    32 1.539089 0.000008 0.000003 0.081999 -0.072597 -1.490887
    33 1.196316 0.000004 0.000005 0.030667 -0.074741 -1.027947
    34 3.880859 -0.047028 -0.427490 -0.079036 0.162996 -0.514648
    35 1.719567 0.000023 0.000016 -0.048600 0.058563 -1.498659
    36 1.209175 0.000008 0.000005 -0.038127 -0.010975 -1.196747
    37 3.867399 -0.148186 -1.324350 -0.424029 0.413272 -0.567318
    38 1.719419 -0.000008 -0.000008 -0.103000 0.275395 -0.995707
    39 1.099667 -0.000004 -0.000001 -0.048647 0.108807 -0.506629
    40 0.807129 -0.358887 -1.316406 1.391889 0.446143 -0.556731
    41 1.789783 -0.000002 -0.000002 0.030300 -0.047271 0.412855
    42 1.207001 0.000009 0.000000 -0.006740 -0.074456 -0.170110
    43 5.073761 -4.063510 -2.918343 3.826595 -0.063832 -1.771607
    44 0.000000 0.196712 0.000000 1.570797 0.000000 0.000001
    45 0.000002 2.032589 0.000000 0.000000 0.000000 0.000000
    46 0.000002 1.571991 0.000000 0.000000 0.000000 0.000000
    47 3.775905 -5.485672 -0.527956 -2.248292 -0.133225 -1.641886
  time 136
    0 -0.000003 -13.531250 -29.421875 1.570792 0.000003 -0.000003
    1 0.000000 3.345131 -2.981898 1.570796 0.083192 1.570795
    2 4.015625 0.000001 0.000000 0.000000 -0.000001 -0.028819
    3 3.520294 0.000005 -0.000006 0.000000 0.000000 0.097311
    4 8.929688 -0.000001 0.000000 0.000000 0.000001 0.186405
    5 2.035156 0.997070 1.937500 1.589735 -1.286517 2.950158
    6 6.028159 -0.000069 0.000009 -1.575890 0.049155 -1.169438
    7 11.692566 0.000046 0.000011 -0.000002 0.000000 -0.060376
    8 11.481682 0.000088 -0.000031 1.568292 -0.038710 0.036026
    9 3.857422 -0.139526 -1.191406 -0.363882 0.112047 -0.355498
    10 1.312565 -0.000008 0.000000 -0.000002 0.054404 -0.409012
    11 0.729366 0.000002 -0.000002 -0.000001 0.040754 -0.240990
    12 3.941406 0.046936 -0.435059 -0.101499 0.042182 -0.269683
    13 1.539091 0.000008 -0.000002 0.000000 0.003737 -0.247812
    14 1.196321 0.000000 -0.000002 -0.000001 0.006168 -0.430818
    15 3.880859 -0.043091 0.427490 0.090105 -0.011419 -0.132542
    16 1.719578 0.000023 -0.000021 -0.000005 -0.020423 -0.365964
    17 1.209181 -0.000004 -0.000001 0.000001 -0.011427 -0.216116
    18 3.863281 -0.136475 1.332031 0.320642 -0.041405 -0.125801
    19 1.719431 -0.000023 0.000019 0.000001 -0.106227 -0.347813
    20 1.099676 0.000000 0.000006 0.000004 -0.067955 -0.234890
    21 0.807129 -0.346924 1.320313 -1.243196 -0.551768 -0.740654
    22 1.789787 0.000006 0.000006 -0.000002 -0.003712 0.228604
    23 1.207012 0.000011 0.000000 -0.000001 -0.005667 0.362993
    24 2.035156 0.997070 -1.937500 -1.661572 1.286515 2.950150
    25 6.028144 -0.000011 0.000002 1.907830 0.512979 -0.500919
    26 12.301971 -1.003936 0.937532 0.731538 -0.003372 -1.597335
    27 11.481657 0.000043 0.000019 -1.796878 0.451200 -0.272395
    28 3.854334 -0.131699 1.199994 0.390527 -0.101410 -0.916423
    29 1.312567 0.000000 0.000000 0.094365 -0.148312 -1.023377
    30 0.729362 0.000004 0.000003 0.246478 -0.201514 -1.343121
    31 3.941981 0.050872 0.435162 0.108940 0.058963 -0.470260
    32 1.539089 0.000008 0.000003 0.081999 -0.072597 -1.490925
    33 1.196316 0.000004 0.000005 0.030667 -0.074741 -1.027947
    34 3.880859 -0.047028 -0.427490 -0.079036 0.162996 -0.514648
    35 1.719567 0.000023 0.000016 -0.048600 0.058551 -1.498659
    36 1.209175 0.000008 0.000005 -0.038127 -0.010975 -1.196747
    37 3.863493 -0.148186 -1.324350 -0.424029 0.413272 -0.567318
    38 1.719419 -0.000008 -0.000008 -0.103000 0.275395 -0.995707
    39 1.099667 -0.000004 -0.000001 -0.048647 0.108807 -0.506629
    40 0.807129 -0.358887 -1.316406 1.391889 0.446143 -0.556731
    41 1.789783 -0.000002 -0.000002 0.030300 -0.047271 0.412855
    42 1.207001 0.000009 0.000000 -0.006740 -0.074456 -0.170110
    43 5.073761 -4.063510 -2.918343 3.826595 -0.063832 -1.771607
    44 0.000000 0.196712 0.000000 1.570797 0.000000 0.000001
    45 0.000002 2.032589 0.000000 0.000000 0.000000 0.000000
    46 0.000002 1.571991 0.000000 0.000000 0.000000 0.000000
    47 3.775905 -5.485672 -0.527956 -2.248292 -0.133225 -1.641886
  time 137
    0 -0.000003 -13.531250 -29.421875 1.570792 0.000003 -0.000003
    1 0.000000 3.345131 -2.981898 1.570796 0.083192 1.570795
    2 4.015625 0.000001 0.000000 0.000000 -0.000001 -0.028819
    3 3.520294 0.000005 -0.000006 0.000000 0.000000 0.097311
    4 8.929688 -0.000001 0.000000 0.000000 0.000001 0.186405
    5 2.035156 0.997070 1.937500 1.589735 -1.286517 2.950158
    6 6.028159 -0.000069 0.000009 -1.575890 0.049155 -1.169438
    7 11.692566 0.000046 0.000011 -0.000002 0.000000 -0.060376
    8 11.481682 0.000088 -0.000031 1.568292 -0.038710 0.036026
    9 3.857422 -0.139526 -1.191406 -0.363882 0.112047 -0.355498
    10 1.312565 -0.000008 0.000000 -0.000002 0.054404 -0.409012
    11 0.729366 0.000002 -0.000002 -0.000001 0.040754 -0.240990
    12 3.941406 0.046936 -0.435059 -0.101499 0.042182 -0.269683
    13 1.539091 0.000008 -0.000002 0.000000 0.003737 -0.247812
    14 1.196321 0.000000 -0.000002 -0.000001 0.006168 -0.430818
    15 3.880859 -0.043091 0.427490 0.090105 -0.011419 -0.132542
    16 1.719578 0.000023 -0.000021 -0.000005 -0.020423 -0.365964
    17 1.209181 -0.000004 -0.000001 0.000001 -0.011427 -0.216116
    18 3.863281 -0.136475 1.332031 0.320642 -0.041405 -0.125801
    19 1.719431 -0.000023 0.000019 0.000001 -0.106227 -0.347813
    20 1.099676 0.000000 0.000006 0.000004 -0.067955 -0.234890
    21 0.807129 -0.346924 1.320313 -1.243196 -0.551768 -0.740654
    22 1.789787 0.000006 0.000006 -0.000002 -0.003712 0.228604
    23 1.207012 0.000011 0.000000 -0.000001 -0.005667 0.362993
    24 2.035156 0.997070 -1.937500 -1.661572 1.286515 2.950150
    25 6.028144 -0.000011 0.000002 1.908872 0.513889 -0.500392
    26 12.301971 -1.003936 0.937532 0.732193 -0.003588 -1.596747
    27 11.481657 0.000043 0.000019 -1.797695 0.450288 -0.274205
    28 3.858240 -0.131699 1.199994 0.390527 -0.101410 -0.916423
    29 1.312567 0.000000 0.000000 0.094365 -0.148312 -1.023377
    30 0.729362 0.000004 0.000003 0.246478 -0.201514 -1.343121
    31 3.941981 0.050872 0.435162 0.108940 0.058963 -0.470260
    32 1.539089 0.000008 0.000003 0.081999 -0.072597 -1.490887
    33 1.196316 0.000004 0.000005 0.030667 -0.074741 -1.027947
    34 3.880859 -0.047028 -0.427490 -0.079036 0.162996 -0.514648
    35 1.719567 0.000023 0.000016 -0.048600 0.058563 -1.498659
    36 1.209175 0.000008 0.000005 -0.038127 -0.010975 -1.196747
    37 3.867399 -0.148186 -1.324350 -0.424029 0.413272 -0.567318
    38 1.719419 -0.000008 -0.000008 -0.103000 0.275395 -0.995707
    39 1.099667 -0.000004 -0.000001 -0.048647 0.108807 -0.506629
    40 0.807129 -0.358887 -1.316406 1.391889 0.446143 -0.556731
    41 1.789783 -0.000002 -0.000002 0.030300 -0.047271 0.412867
    42 1.207001 0.000009 0.000000 -0.006740 -0.074456 -0.170110
    43 5.073761 -4.063510 -2.918343 3.826665 -0.063832 -1.771607
    44 0.000000 0.196712 0.000000 1.570797 0.000000 0.000001
    45 0.000002 2.032589 0.000000 0.000000 0.000000 0.000000
    46 0.000002 1.571991 0.000000 0.000000 0.000000 0.000000
    47 3.775905 -5.485672 -0.527956 -2.248292 -0.133225 -1.641886
  time 138
    0 -0.000003 -13.531250 -29.421875 1.570792 0.000003 -0.000003
    1 0.000000 3.345131 -2.981898 1.570796 0.083192 1.570795
    2 4.015625 0.000001 0.000000 0.000000 -0.000001 -0.028819
    3 3.520294 0.000005 -0.000006 0.000000 0.000000 0.097311
    4 8.929688 -0.000001 0.000000 0.000000 0.000001 0.186405
    5 2.035156 0.997070 1.937500 1.589735 -1.286517 2.950158
    6 6.028159 -0.000069 0.000009 -1.575890 0.049155 -1.169438
    7 11.692566 0.000046 0.000011 -0.000002 0.000000 -0.060376
    8 11.481682 0.000088 -0.000031 1.568292 -0.038710 0.036026
    9 3.857422 -0.139526 -1.191406 -0.363882 0.112047 -0.355498
    10 1.312565 -0.000008 0.000000 -0.000002 0.054404 -0.409012
    11 0.729366 0.000002 -0.000002 -0.000001 0.040754 -0.240990
    12 3.941406 0.046936 -0.435059 -0.101499 0.042182 -0.269683
    13 1.539091 0.000008 -0.000002 0.000000 0.003737 -0.247812
    14 1.196321 0.000000 -0.000002 -0.000001 0.006168 -0.430818
    15 3.880859 -0.043091 0.427490 0.090105 -0.011419 -0.132542
    16 1.719578 0.000023 -0.000021 -0.000005 -0.020423 -0.365964
    17 1.209181 -0.000004 -0.000001 0.000001 -0.011427 -0.216116
    18 3.863281 -0.136475 1.332031 0.320642 -0.041405 -0.125801
    19 1.719431 -0.000023 0.000019 0.000001 -0.106227 -0.347813
    20 1.099676 0.000000 0.000006 0.000004 -0.067955 -0.234890
    21 0.807129 -0.346924 1.320313 -1.243196 -0.551768 -0.740654
    22 1.789787 0.000006 0.000006 -0.000002 -0.003712 0.228604
    23 1.207012 0.000011 0.000000 -0.000001 -0.005667 0.362993
    24 2.035156 0.997070 -1.937500 -1.661572 1.286515 2.950150
    25 6.028144 -0.000011 0.000002 1.909879 0.514773 -0.499877
    26 12.301971 -1.003936 0.937532 0.732847 -0.003818 -1.596159
    27 11.481657 0.000043 0.000019 -1.798475 0.449406 -0.275955
    28 3.854334 -0.131699 1.199994 0.390527 -0.101410 -0.916423
    29 1.312567 0.000000 0.000000 0.094365 -0.148312 -1.023377
    30 0.729362 0.000004 0.000003 0.246478 -0.201514 -1.343121
    31 3.941981 0.050872 0.435162 0.108940 0.058963 -0.470260
    32 1.539089 0.000008 0.000003 0.081999 -0.072597 -1.490925
    33 1.196316 0.000004 0.000005 0.030667 -0.074741 -1.027947
    34 3.880859 -0.047028 -0.427490 -0.079036 0.162996 -0.514648
    35 1.719567 0.000023 0.000016 -0.048600 0.058563 -1.498659
    36 1.209175 0.000008 0.000005 -0.038127 -0.010975 -1.196747
    37 3.867399 -0.148186 -1.324350 -0.424029 0.413272 -0.567318
    38 1.719419 -0.000008 -0.000008 -0.103000 0.275395 -0.995707
    39 1.099667 -0.000004 -0.000001 -0.048647 0.108807 -0.506629
    40 0.807129 -0.358887 -1.316406 1.391889 0.446143 -0.556731
    41 1.789783 -0.000002 -0.000002 0.030300 -0.047271 0.412867
    42 1.207001 0.000009 0.000000 -0.006740 -0.074456 -0.170110
    43 5.073761 -4.063510 -2.918343 3.826595 -0.063832 -1.771607
    44 0.000000 0.196712 0.000000 1.570797 0.000000 0.000001
    45 0.000002 2.032589 0.000000 0.000000 0.000000 0.000000
    46 0.000002 1.571991 0.000000 0.000000 0.000000 0.000000
    47 3.775905 -5.485672 -0.527956 -2.248292 -0.133225 -1.641886
  time 139
    0 -0.000003 -13.531250 -29.421875 1.570792 0.000003 -0.000003
    1 0.000000 3.345131 -2.981898 1.570796 0.083192 1.570795
    2 4.015625 0.000001 0.000000 0.000000 -0.000001 -0.028819
    3 3.520294 0.000005 -0.000006 0.000000 0.000000 0.097311
    4 8.929688 -0.000001 0.000000 0.000000 0.000001 0.186405
    5 2.035156 0.997070 1.937500 1.589735 -1.286517 2.950158
    6 6.028159 -0.000069 0.000009 -1.575890 0.049155 -1.169438
    7 11.692566 0.000046 0.000011 -0.000002 0.000000 -0.060376
    8 11.481682 0.000088 -0.000031 1.568292 -0.038710 0.036026
    9 3.857422 -0.139526 -1.191406 -0.363882 0.112047 -0.355498
    10 1.312565 -0.000008 0.000000 -0.000002 0.054404 -0.409012
    11 0.729366 0.000002 -0.000002 -0.000001 0.040754 -0.240990
    12 3.941406 0.046936 -0.435059 -0.101499 0.042182 -0.269683
    13 1.539091 0.000008 -0.000002 0.000000 0.003737 -0.247812
    14 1.196321 0.000000 -0.000002 -0.000001 0.006168 -0.430818
    15 3.880859 -0.043091 0.427490 0.090105 -0.011419 -0.132542
    16 1.719578 0.000023 -0.000021 -0.000005 -0.020423 -0.365964
    17 1.209181 -0.000004 -0.000001 0.000001 -0.011427 -0.216116
    18 3.863281 -0.136475 1.332031 0.320642 -0.041405 -0.125801
    19 1.719431 -0.000023 0.000019 0.000001 -0.106227 -0.347813
    20 1.099676 0.000000 0.000006 0.000004 -0.067955 -0.234890
    21 0.807129 -0.346924 1.320313 -1.243196 -0.551768 -0.740654
    22 1.789787 0.000006 0.000006 -0.000002 -0.003712 0.228604
    23 1.207012 0.000011 0.000000 -0.000001 -0.005667 0.362993
    24 2.035156 0.997070 -1.937500 -1.661572 1.286515 2.950150
    25 6.028144 -0.000011 0.000002 1.910850 0.515609 -0.499385
    26 12.301971 -1.003936 0.937532 0.733457 -0.004035 -1.595624
    27 11.481657 0.000043 0.000019 -1.799235 0.448553 -0.277645
    28 3.858240 -0.131699 1.199994 0.390527 -0.101410 -0.916423
    29 1.312567 0.000000 0.000000 0.094365 -0.148312 -1.023377
    30 0.729362 0.000004 0.000003 0.246478 -0.201514 -1.343121
    31 3.941981 0.050872 0.435162 0.108940 0.058963 -0.470260
    32 1.539089 0.000008 0.000003 0.081999 -0.072597 -1.490887
    33 1.196316 0.000004 0.000005 0.030667 -0.074741 -1.027947
    34 3.880859 -0.047028 -0.427490 -0.079036 0.162996 -0.514648
    35 1.719567 0.000023 0.000016 -0.048600 0.058563 -1.498659
    36 1.209175 0.000008 0.000005 -0.038127 -0.010975 -1.196747
    37 3.867399 -0.148186 -1.324350 -0.424029 0.413272 -0.567318
    38 1.719419 -0.000008 -0.000008 -0.103000 0.275395 -0.995707
    39 1.099667 -0.000004 -0.000001 -0.048647 0.108807 -0.506629
    40 0.807129 -0.358887 -1.316406 1.391889 0.446143 -0.556731
    41 1.789783 -0.000002 -0.000002 0.030300 -0.047271 0.412855
    42 1.207001 0.000009 0.000000 -0.006740 -0.074456 -0.170110
    43 5.073761 -4.063510 -2.918343 3.826595 -0.063832 -1.771607
    44 0.000000 0.196712 0.000000 1.570797 0.000000 0.000001
    45 0.000002 2.032589 0.000000 0.000000 0.000000 0.000000
    46 0.000002 1.571991 0.000000 0.000000 0.000000 0.000000
    47 3.775905 -5.485672 -0.527956 -2.248292 -0.133225 -1.641886
  time 140
    0 -0.000003 -13.531250 -29.421875 1.570792 0.000003 -0.000003
    1 0.000000 3.345131 -2.981898 1.570796 0.083192 1.570795
    2 4.015625 0.000001 0.000000 0.000000 -0.000001 -0.028819
    3 3.520294 0.000005 -0.000006 0.000000 0.000000 0.097311
    4 8.929688 -0.000001 0.000000 0.000000 0.000001 0.186405
    5 2.035156 0.997070 1.937500 1.589735 -1.286517 2.950158
    6 6.028159 -0.000069 0.000009 -1.575890 0.049155 -1.169438
    7 11.692566 0.000046 0.000011 -0.000002 0.000000 -0.060376
    8 11.481682 0.000088 -0.000031 1.568292 -0.038710 0.036026
    9 3.857422 -0.139526 -1.191406 -0.363882 0.112047 -0.355498
    10 1.312565 -0.000008 0.000000 -0.000002 0.054404 -0.409012
    11 0.729366 0.000002 -0.000002 -0.000001 0.040754 -0.240990
    12 3.941406 0.046936 -0.435059 -0.101499 0.042182 -0.269683
    13 1.539091 0.000008 -0.000002 0.000000 0.003737 -0.247812
    14 1.196321 0.000000 -0.000002 -0.000001 0.006168 -0.430818
    15 3.880859 -0.043091 0.427490 0.090105 -0.011419 -0.132542
    16 1.719578 0.000023 -0.000021 -0.000005 -0.020423 -0.365964
    17 1.209181 -0.000004 -0.000001 0.000001 -0.011427 -0.216116
    18 3.863281 -0.136475 1.332031 0.320642 -0.041405 -0.125801
    19 1.719431 -0.000023 0.000019 0.000001 -0.106227 -0.347813
    20 1.099676 0.000000 0.000006 0.000004 -0.067955 -0.234890
    21 0.807129 -0.346924 1.320313 -1.243196 -0.551768 -0.740654
    22 1.789787 0.000006 0.000006 -0.000002 -0.003712 0.228604
    23 1.207012 0.000011 0.000000 -0.000001 -0.005667 0.362993
    24 2.035156 0.997070 -1.937500 -1.661572 1.286515 2.950150
    25 6.028144 -0.000011 0.000002 1.911785 0.516420 -0.498918
    26 12.301971 -1.003936 0.937532 0.734044 -0.004236 -1.595143
    27 11.481657 0.000043 0.000019 -1.799938 0.447744 -0.279251
    28 3.854334 -0.131699 1.199994 0.390527 -0.101410 -0.916423
    29 1.312567 0.000000 0.000000 0.094365 -0.148312 -1.023377
    30 0.729362 0.000004 0.000003 0.246478 -0.201514 -1.343121
    31 3.941981 0.050872 0.435162 0.108940 0.058963 -0.470260
    32 1.539089 0.000008 0.000003 0.081999 -0.072597 -1.490925
    33 1.196316 0.000004 0.000005 0.030667 -0.074741 -1.027947
    34 3.880859 -0.047028 -0.427490 -0.079036 0.162996 -0.514648
    35 1.719567 0.000023 0.000016 -0.048600 0.058551 -1.498659
    36 1.209175 0.000008 0.000005 -0.038127 -0.010975 -1.196747
    37 3.867399 -0.148186 -1.324350 -0.424029 0.413272 -0.567318
    38 1.719419 -0.000008 -0.000008 -0.103000 0.275395 -0.995707
    39 1.099667 -0.000004 -0.000001 -0.048647 0.108807 -0.506629
    40 0.807129 -0.358887 -1.316406 1.391889 0.446143 -0.556731
    41 1.789783 -0.000002 -0.000002 0.030300 -0.047271 0.412855
    42 1.207001 0.000009 0.000000 -0.006740 -0.074456 -0.170110
    43 5.073761 -4.063510 -2.918343 3.826595 -0.063832 -1.771607
    44 0.000000 0.196712 0.000000 1.570797 0.000000 0.000001
    45 0.000002 2.032589 0.000000 0.000000 0.000000 0.000000
    46 0.000002 1.571991 0.000000 0.000000 0.000000 0.000000
    47 3.775905 -5.485672 -0.527956 -2.248292 -0.133225 -1.641886
  time 141
    0 -0.000003 -13.531250 -29.421875 1.570792 0.000003 -0.000003
    1 0.000000 3.345131 -2.981898 1.570796 0.083192 1.570795
    2 4.015625 0.000001 0.000000 0.000000 -0.000001 -0.028819
    3 3.520294 0.000005 -0.000006 0.000000 0.000000 0.097311
    4 8.929688 -0.000001 0.000000 0.000000 0.000001 0.186405
    5 2.035156 0.997070 1.937500 1.589735 -1.286517 2.950158
    6 6.028159 -0.000069 0.000009 -1.575890 0.049155 -1.169438
    7 11.692566 0.000046 0.000011 -0.000002 0.000000 -0.060376
    8 11.481682 0.000088 -0.000031 1.568292 -0.038710 0.036026
    9 3.857422 -0.139526 -1.191406 -0.363882 0.112047 -0.355498
    10 1.312565 -0.000008 0.000000 -0.000002 0.054404 -0.409012
    11 0.729366 0.000002 -0.000002 -0.000001 0.040754 -0.240990
    12 3.941406 0.046936 -0.435059 -0.101499 0.042182 -0.269683
    13 1.539091 0.000008 -0.000002 0.000000 0.003737 -0.247812
    14 1.196321 0.000000 -0.000002 -0.000001 0.006168 -0.430818
    15 3.880859 -0.043091 0.427490 0.090105 -0.011419 -0.132542
    16 1.719578 0.000023 -0.000021 -0.000005 -0.020423 -0.365964
    17 1.209181 -0.000004 -0.000001 0.000001 -0.011427 -0.216116
    18 3.863281 -0.136475 1.332031 0.320642 -0.041405 -0.125801
    19 1.719431 -0.000023 0.000019 0.000001 -0.106227 -0.347813
    20 1.099676 0.000000 0.000006 0.000004 -0.067955 -0.234890
    21 0.807129 -0.346924 1.320313 -1.243196 -0.551768 -0.740654
    22 1.789787 0.000006 0.000006 -0.000002 -0.003712 0.228604
    23 1.207012 0.000011 0.000000 -0.000001 -0.005667 0.362993
    24 2.035156 0.997070 -1.937500 -1.661572 1.286515 2.950150
    25 6.028144 -0.000011 0.000002 1.912671 0.517206 -0.498463
    26 12.301971 -1.003936 0.937532 0.734631 -0.004424 -1.594609
    27 11.481657 0.000043 0.000019 -1.800623 0.446965 -0.280797
    28 3.854334 -0.131699 1.199994 0.390527 -0.101410 -0.916423
    29 1.312567 0.000000 0.000000 0.094365 -0.148312 -1.023377
    30 0.729362 0.000004 0.000003 0.246478 -0.201514 -1.343121
    31 3.941981 0.050872 0.435162 0.108940 0.058963 -0.470260
    32 1.539089 0.000008 0.000003 0.081999 -0.072597 -1.490887
    33 1.196316 0.000004 0.000005 0.030667 -0.074741 -1.027947
    34 3.880859 -0.047028 -0.427490 -0.079036 0.162996 -0.514648
    35 1.719567 0.000023 0.000016 -0.048600 0.058563 -1.498659
    36 1.209175 0.000008 0.000005 -0.038127 -0.010975 -1.196747
    37 3.863493 -0.148186 -1.324350 -0.424029 0.413272 -0.567318
    38 1.719419 -0.000008 -0.000008 -0.103000 0.275395 -0.995707
    39 1.099667 -0.000004 -0.000001 -0.048647 0.108807 -0.506629
    40 0.807129 -0.358887 -1.316406 1.391889 0.446143 -0.556731
    41 1.789783 -0.000002 -0.000002 0.030300 -0.047271 0.412855
    42 1.207001 0.000009 0.000000 -0.006740 -0.074456 -0.170110
    43 5.073761 -4.063510 -2.918343 3.826595 -0.063832 -1.771607
    44 0.000000 0.196712 0.000000 1.570797 0.000000 0.000001
    45 0.000002 2.032589 0.000000 0.000000 0.000000 0.000000
    46 0.000002 1.571991 0.000000 0.000000 0.000000 0.000000
    47 3.775905 -5.485672 -0.527956 -2.248292 -0.133225 -1.641886
  time 142
    0 -0.000003 -13.531250 -29.421875 1.570792 0.000003 -0.000003
    1 0.000000 3.345131 -2.981898 1.570796 0.083192 1.570795
    2 4.015625 0.000001 0.000000 0.000000 -0.000001 -0.028819
    3 3.520294 0.000005 -0.000006 0.000000 0.000000 0.097311
    4 8.929688 -0.000001 0.000000 0.000000 0.000001 0.186405
    5 2.035156 0.997070 1.937500 1.589735 -1.286517 2.950158
    6 6.028159 -0.000069 0.000009 -1.575890 0.049155 -1.169438
    7 11.692566 0.000046 0.000011 -0.000002 0.000000 -0.060376
    8 11.481682 0.000088 -0.000031 1.568292 -0.038710 0.036026
    9 3.857422 -0.139526 -1.191406 -0.363882 0.112047 -0.355498
    10 1.312565 -0.000008 0.000000 -0.000002 0.054404 -0.409012
    11 0.729366 0.000002 -0.000002 -0.000001 0.040754 -0.240990
    12 3.941406 0.046936 -0.435059 -0.101499 0.042182 -0.269683
    13 1.539091 0.000008 -0.000002 0.000000 0.003737 -0.247812
    14 1.196321 0.000000 -0.000002 -0.000001 0.006168 -0.430818
    15 3.880859 -0.043091 0.427490 0.090105 -0.011419 -0.132542
    16 1.719578 0.000023 -0.000021 -0.000005 -0.020423 -0.365964
    17 1.209181 -0.000004 -0.000001 0.000001 -0.011427 -0.216116
    18 3.863281 -0.136475 1.332031 0.320642 -0.041405 -0.125801
    19 1.719431 -0.000023 0.000019 0.000001 -0.106227 -0.347813
    20 1.099676 0.000000 0.000006 0.000004 -0.067955 -0.234890
    21 0.807129 -0.346924 1.320313 -1.243196 -0.551768 -0.740654
    22 1.789787 0.000006 0.000006 -0.000002 -0.003712 0.228604
    23 1.207012 0.000011 0.000000 -0.000001 -0.005667 0.362993
    24 2.035156 0.997070 -1.937500 -1.661572 1.286515 2.950150
    25 6.028144 -0.000011 0.000002 1.913522 0.517944 -0.498031
    26 12.301971 -1.003936 0.937532 0.735173 -0.004611 -1.594181
    27 11.481657 0.000043 0.000019 -1.801269 0.446215 -0.282259
    28 3.854334 -0.131699 1.199994 0.390527 -0.101410 -0.916423
    29 1.312567 0.000000 0.000000 0.094365 -0.148312 -1.023377
    30 0.729362 0.000004 0.000003 0.246478 -0.201514 -1.343121
    31 3.941981 0.050872 0.435162 0.108940 0.058963 -0.470260
    32 1.539089 0.000008 0.000003 0.081999 -0.072597 -1.490925
    33 1.196316 0.000004 0.000005 0.030667 -0.074741 -1.027947
    34 3.880859 -0.047028 -0.427490 -0.079036 0.162996 -0.514648
    35 1.719567 0.000023 0.000016 -0.048600 0.058563 -1.498659
    36 1.209175 0.000008 0.000005 -0.038127 -0.010975 -1.196747
    37 3.863493 -0.148186 -1.324350 -0.424029 0.413272 -0.567318
    38 1.719419 -0.000008 -0.000008 -0.103000 0.275395 -0.995707
    39 1.099667 -0.000004 -0.000001 -0.048647 0.108807 -0.506629
    40 0.807129 -0.358887 -1.316406 1.391889 0.446143 -0.556731
    41 1.789783 -0.000002 -0.000002 0.030300 -0.047271 0.412855
    42 1.207001 0.000009 0.000000 -0.006740 -0.074456 -0.170110
    43 5.073761 -4.063510 -2.918343 3.826595 -0.063832 -1.771607
    44 0.000000 0.196712 0.000000 1.570797 0.000000 0.000001
    45 0.000002 2.032589 0.000000 0.000000 0.000000 0.000000
    46 0.000002 1.571991 0.000000 0.000000 0.000000 0.000000
    47 3.775905 -5.485672 -0.527956 -2.248292 -0.133225 -1.641886
  time 143
    0 -0.000003 -13.531250 -29.421875 1.570792 0.000003 -0.000003
    1 0.000000 3.345131 -2.981898 1.570796 0.083192 1.570795
    2 4.015625 0.000001 0.000000 0.000000 -0.000001 -0.028819
    3 3.520294 0.000005 -0.000006 0.000000 0.000000 0.097311
    4 8.929688 -0.000001 0.000000 0.000000 0.000001 0.186405
    5 2.035156 0.997070 1.937500 1.589735 -1.286517 2.950158
    6 6.028159 -0.000069 0.000009 -1.575890 0.049155 -1.169438
    7 11.692566 0.000046 0.000011 -0.000002 0.000000 -0.060376
    8 11.481682 0.000088 -0.000031 1.568292 -0.038710 0.036026
    9 3.857422 -0.139526 -1.191406 -0.363882 0.112047 -0.355498
    10 1.312565 -0.000008 0.000000 -0.000002 0.054404 -0.409012
    11 0.729366 0.000002 -0.000002 -0.000001 0.040754 -0.240990
    12 3.941406 0.046936 -0.435059 -0.101499 0.042182 -0.269683
    13 1.539091 0.000008 -0.000002 0.000000 0.003737 -0.247812
    14 1.196321 0.000000 -0.000002 -0.000001 0.006168 -0.430818
    15 3.880859 -0.043091 0.427490 0.090105 -0.011419 -0.132542
    16 1.719578 0.000023 -0.000021 -0.000005 -0.020423 -0.365964
    17 1.209181 -0.000004 -0.000001 0.000001 -0.011427 -0.216116
    18 3.863281 -0.136475 1.332031 0.320642 -0.041405 -0.125801
    19 1.719431 -0.000023 0.000019 0.000001 -0.106227 -0.347813
    20 1.099676 0.000000 0.000006 0.000004 -0.067955 -0.234890
    21 0.807129 -0.346924 1.320313 -1.243196 -0.551768 -0.740654
    22 1.789787 0.000006 0.000006 -0.000002 -0.003712 0.228604
    23 1.207012 0.000011 0.000000 -0.000001 -0.005667 0.362993
    24 2.035156 0.997070 -1.937500 -1.661572 1.286515 2.950150
    25 6.028144 -0.000011 0.000002 1.914325 0.518632 -0.497624
    26 12.301971 -1.003936 0.937532 0.735670 -0.004798 -1.593700
    27 11.481657 0.000043 0.000019 -1.801897 0.445509 -0.283649
    28 3.854334 -0.131699 1.199994 0.390527 -0.101410 -0.916423
    29 1.312567 0.000000 0.000000 0.094365 -0.148312 -1.023377
    30 0.729362 0.000004 0.000003 0.246466 -0.201514 -1.343121
    31 3.941981 0.050872 0.435162 0.108940 0.058963 -0.470260
    32 1.539089 0.000008 0.000003 0.081999 -0.072597 -1.490887
    33 1.196316 0.000004 0.000005 0.030667 -0.074741 -1.027947
    34 3.880859 -0.047028 -0.427490 -0.079036 0.162996 -0.514648
    35 1.719567 0.000023 0.000016 -0.048600 0.058563 -1.498659
    36 1.209175 0.000008 0.000005 -0.038127 -0.010975 -1.196747
    37 3.867399 -0.148186 -1.324350 -0.424017 0.413272 -0.567318
    38 1.719419 -0.000008 -0.000008 -0.103000 0.275395 -0.995707
    39 1.099667 -0.000004 -0.000001 -0.048647 0.108807 -0.506629
    40 0.807129 -0.358887 -1.316406 1.391889 0.446143 -0.556731
    41 1.789783 -0.000002 -0.000002 0.030300 -0.047271 0.412855
    42 1.207001 0.000009 0.000000 -0.006740 -0.074456 -0.170110
    43 5.073761 -4.063510 -2.918343 3.826595 -0.063820 -1.771607
    44 0.000000 0.196712 0.000000 1.570797 0.000000 0.000001
    45 0.000002 2.032589 0.000000 0.000000 0.000000 0.000000
    46 0.000002 1.571991 0.000000 0.000000 0.000000 0.000000
    47 3.775905 -5.485672 -0.527956 -2.248292 -0.133225 -1.641886
  time 144
    0 -0.000003 -13.531250 -29.421875 1.570792 0.000003 -0.000003
    1 0.000000 3.345131 -2.981898 1.570796 0.083192 1.570795
    2 4.015625 0.000001 0.000000 0.000000 -0.000001 -0.028819
    3 3.520294 0.000005 -0.000006 0.000000 0.000000 0.097311
    4 8.929688 -0.000001 0.000000 0.000000 0.000001 0.186405
    5 2.035156 0.997070 1.937500 1.589735 -1.286517 2.950158
    6 6.028159 -0.000069 0.000009 -1.575890 0.049155 -1.169438
    7 11.692566 0.000046 0.000011 -0.000002 0.000000 -0.060376
    8 11.481682 0.000088 -0.000031 1.568292 -0.038710 0.036026
    9 3.857422 -0.139526 -1.191406 -0.363882 0.112047 -0.355498
    10 1.312565 -0.000008 0.000000 -0.000002 0.054404 -0.409012
    11 0.729366 0.000002 -0.000002 -0.000001 0.040754 -0.240990
    12 3.941406 0.046936 -0.435059 -0.101499 0.042182 -0.269683
    13 1.539091 0.000008 -0.000002 0.000000 0.003737 -0.247812
    14 1.196321 0.000000 -0.000002 -0.000001 0.006168 -0.430818
    15 3.880859 -0.043091 0.427490 0.090105 -0.011419 -0.132542
    16 1.719578 0.000023 -0.000021 -0.000005 -0.020423 -0.365964
    17 1.209181 -0.000004 -0.000001 0.000001 -0.011427 -0.216116
    18 3.863281 -0.136475 1.332031 0.320642 -0.041405 -0.125801
    19 1.719431 -0.000023 0.000019 0.000001 -0.106227 -0.347813
    20 1.099676 0.000000 0.000006 0.000004 -0.067955 -0.234890
    21 0.807129 -0.346924 1.320313 -1.243196 -0.551768 -0.740654
    22 1.789787 0.000006 0.000006 -0.000002 -0.003712 0.228604
    23 1.207012 0.000011 0.000000 -0.000001 -0.005667 0.362993
    24 2.035156 0.997070 -1.937500 -1.661572 1.286515 2.950150
    25 6.028144 -0.000011 0.000002 1.915092 0.519295 -0.497228
    26 12.301971 -1.003936 0.937532 0.736167 -0.004957 -1.593273
    27 11.481657 0.000043 0.000019 -1.802467 0.444848 -0.284967
    28 3.854334 -0.131699 1.199994 0.390527 -0.101410 -0.916423
    29 1.312567 0.000000 0.000000 0.094365 -0.148312 -1.023377
    30 0.729362 0.000004 0.000003 0.246478 -0.201514 -1.343121
    31 3.941981 0.050872 0.435162 0.108940 0.058963 -0.470260
    32 1.539089 0.000008 0.000003 0.081999 -0.072597 -1.490887
    33 1.196316 0.000004 0.000005 0.030667 -0.074741 -1.027947
    34 3.880859 -0.047028 -0.427490 -0.079036 0.162996 -0.514648
    35 1.719567 0.000023 0.000016 -0.048600 0.058551 -1.498659
    36 1.209175 0.000008 0.000005 -0.038127 -0.010975 -1.196747
    37 3.867399 -0.148186 -1.324350 -0.424029 0.413272 -0.567318
    38 1.719419 -0.000008 -0.000008 -0.103000 0.275395 -0.995707
    39 1.099667 -0.000004 -0.000001 -0.048647 0.108807 -0.506629
    40 0.807129 -0.358887 -1.316406 1.391889 0.446143 -0.556731
    41 1.789783 -0.000002 -0.000002 0.030300 -0.047271 0.412867
    42 1.207001 0.000009 0.000000 -0.006740 -0.074456 -0.170110
    43 5.073761 -4.063510 -2.918343 3.826595 -0.063832 -1.771607
    44 0.000000 0.196712 0.000000 1.570797 0.000000 0.000001
    45 0.000002 2.032589 0.000000 0.000000 0.000000 0.000000
    46 0.000002 1.571991 0.000000 0.000000 0.000000 0.000000
    47 3.775905 -5.485672 -0.527956 -2.248292 -0.133225 -1.641886
  time 145
    0 -0.000003 -13.531250 -29.421875 1.570792 0.000003 -0.000003
    1 0.000000 3.345131 -2.981898 1.570796 0.083192 1.570795
    2 4.015625 0.000001 0.000000 0.000000 -0.000001 -0.028819
    3 3.520294 0.000005 -0.000006 0.000000 0.000000 0.097311
    4 8.929688 -0.000001 0.000000 0.000000 0.000001 0.186405
    5 2.035156 0.997070 1.937500 1.589735 -1.286517 2.950158
    6 6.028159 -0.000069 0.000009 -1.575890 0.049155 -1.169438
    7 11.692566 0.000046 0.000011 -0.000002 0.000000 -0.060376
    8 11.481682 0.000088 -0.000031 1.568292 -0.038710 0.036026
    9 3.857422 -0.139526 -1.191406 -0.363882 0.112047 -0.355498
    10 1.312565 -0.000008 0.000000 -0.000002 0.054404 -0.409012
    11 0.729366 0.000002 -0.000002 -0.000001 0.040754 -0.240990
    12 3.941406 0.046936 -0.435059 -0.101499 0.042182 -0.269683
    13 1.539091 0.000008 -0.000002 0.000000 0.003737 -0.247812
    14 1.196321 0.000000 -0.000002 -0.000001 0.006168 -0.430818
    15 3.880859 -0.043091 0.427490 0.090105 -0.011419 -0.132542
    16 1.719578 0.000023 -0.000021 -0.000005 -0.020423 -0.365964
    17 1.209181 -0.000004 -0.000001 0.000001 -0.011427 -0.216116
    18 3.863281 -0.136475 1.332031 0.320642 -0.041405 -0.125801
    19 1.719431 -0.000023 0.000019 0.000001 -0.106227 -0.347813
    20 1.099676 0.000000 0.000006 0.000004 -0.067955 -0.234890
    21 0.807129 -0.346924 1.320313 -1.243196 -0.551768 -0.740654
    22 1.789787 0.000006 0.000006 -0.000002 -0.003712 0.228604
    23 1.207012 0.000011 0.000000 -0.000001 -0.005667 0.362993
    24 2.035156 0.997070 -1.937500 -1.661572 1.286515 2.950150
    25 6.028144 -0.000011 0.000002 1.915811 0.519934 -0.496869
    26 12.301971 -1.003936 0.937532 0.736619 -0.005115 -1.592898
    27 11.481657 0.000043 0.000019 -1.803018 0.444215 -0.286214
    28 3.854334 -0.131699 1.199994 0.390527 -0.101410 -0.916423
    29 1.312567 0.000000 0.000000 0.094365 -0.148312 -1.023377
    30 0.729362 0.000004 0.000003 0.246466 -0.201514 -1.343121
    31 3.938074 0.050872 0.435162 0.108940 0.058963 -0.470260
    32 1.539089 0.000008 0.000003 0.081999 -0.072597 -1.490887
    33 1.196316 0.000004 0.000005 0.030667 -0.074741 -1.027947
    34 3.880859 -0.047028 -0.427490 -0.079036 0.162996 -0.514648
    35 1.719567 0.000023 0.000016 -0.048600 0.058563 -1.498659
    36 1.209175 0.000008 0.000005 -0.038127 -0.010975 -1.196747
    37 3.863493 -0.148186 -1.324350 -0.424029 0.413272 -0.567318
    38 1.719419 -0.000008 -0.000008 -0.103000 0.275395 -0.995707
    39 1.099667 -0.000004 -0.000001 -0.048647 0.108807 -0.506629
    40 0.807129 -0.358887 -1.316406 1.391889 0.446143 -0.556731
    41 1.789783 -0.000002 -0.000002 0.030300 -0.047271 0.412855
    42 1.207001 0.000009 0.000000 -0.006740 -0.074456 -0.170110
    43 5.073761 -4.063510 -2.918343 3.826595 -0.063832 -1.771607
    44 0.000000 0.196712 0.000000 1.570797 0.000000 0.000001
    45 0.000002 2.032589 0.000000 0.000000 0.000000 0.000000
    46 0.000002 1.571991 0.000000 0.000000 0.000000 0.000000
    47 3.775905 -5.485672 -0.527956 -2.248292 -0.133225 -1.641886
  time 146
    0 -0.000003 -13.531250 -29.421875 1.570792 0.000003 -0.000003
    1 0.000000 3.345131 -2.981898 1.570796 0.083192 1.570795
    2 4.015625 0.000001 0.000000 0.000000 -0.000001 -0.028819
    3 3.520294 0.000005 -0.000006 0.000000 0.000000 0.097311
    4 8.929688 -0.000001 0.000000 0.000000 0.000001 0.186405
    5 2.035156 0.997070 1.937500 1.589735 -1.286517 2.950158
    6 6.028159 -0.000069 0.000009 -1.575890 0.049155 -1.169438
    7 11.692566 0.000046 0.000011 -0.000002 0.000000 -0.060376
    8 11.481682 0.000088 -0.000031 1.568292 -0.038710 0.036026
    9 3.857422 -0.139526 -1.191406 -0.363882 0.112047 -0.355498
    10 1.312565 -0.000008 0.000000 -0.000002 0.054404 -0.409012
    11 0.729366 0.000002 -0.000002 -0.000001 0.040754 -0.240990
    12 3.941406 0.046936 -0.435059 -0.101499 0.042182 -0.269683
    13 1.539091 0.000008 -0.000002 0.000000 0.003737 -0.247812
    14 1.196321 0.000000 -0.000002 -0.000001 0.006168 -0.430818
    15 3.880859 -0.043091 0.427490 0.090105 -0.011419 -0.132542
    16 1.719578 0.000023 -0.000021 -0.000005 -0.020423 -0.365964
    17 1.209181 -0.000004 -0.000001 0.000001 -0.011427 -0.216116
    18 3.863281 -0.136475 1.332031 0.320642 -0.041405 -0.125801
    19 1.719431 -0.000023 0.000019 0.000001 -0.106227 -0.347813
    20 1.099676 0.000000 0.000006 0.000004 -0.067955 -0.234890
    21 0.807129 -0.346924 1.320313 -1.243196 -0.551768 -0.740654
    22 1.789787 0.000006 0.000006 -0.000002 -0.003712 0.228604
    23 1.207012 0.000011 0.000000 -0.000001 -0.005667 0.362993
    24 2.035156 0.997070 -1.937500 -1.661572 1.286515 2.950150
    25 6.028144 -0.000011 0.000002 1.916483 0.520524 -0.496521
    26 12.301971 -1.003936 0.937532 0.737048 -0.005259 -1.592524
    27 11.481657 0.000043 0.000019 -1.803512 0.443627 -0.287376
    28 3.854334 -0.131699 1.199994 0.390527 -0.101410 -0.916423
    29 1.312567 0.000000 0.000000 0.094365 -0.148312 -1.023377
    30 0.729362 0.000004 0.000003 0.246478 -0.201514 -1.343121
    31 3.941981 0.050872 0.435162 0.108940 0.058963 -0.470260
    32 1.539089 0.000008 0.000003 0.081999 -0.072597 -1.490887
    33 1.196316 0.000004 0.000005 0.030667 -0.074741 -1.027947
    34 3.880859 -0.047028 -0.427490 -0.079036 0.162996 -0.514648
    35 1.719567 0.000023 0.000016 -0.048600 0.058563 -1.498659
    36 1.209175 0.000008 0.000005 -0.038127 -0.010975 -1.196747
    37 3.867399 -0.148186 -1.324350 -0.424029 0.413272 -0.567318
    38 1.719419 -0.000008 -0.000008 -0.103000 0.275395 -0.995707
    39 1.099667 -0.000004 -0.000001 -0.048647 0.108807 -0.506629
    40 0.807129 -0.358887 -1.316406 1.391889 0.446143 -0.556731
    41 1.789783 -0.000002 -0.000002 0.030300 -0.047271 0.412855
    42 1.207001 0.000009 0.000000 -0.006740 -0.074456 -0.170110
    43 5.073761 -4.063510 -2.918343 3.826595 -0.063832 -1.771607
    44 0.000000 0.196712 0.000000 1.570797 0.000000 0.000001
    45 0.000002 2.032589 0.000000 0.000000 0.000000 0.000000
    46 0.000002 1.571991 0.000000 0.000000 0.000000 0.000000
    47 3.775905 -5.485672 -0.527956 -2.248292 -0.133225 -1.641886
  time 147
    0 -0.000003 -13.531250 -29.421875 1.570792 0.000003 -0.000003
    1 0.000000 3.345131 -2.981898 1.570796 0.083192 1.570795
    2 4.015625 0.000001 0.000000 0.000000 -0.000001 -0.028819
    3 3.520294 0.000005 -0.000006 0.000000 0.000000 0.097311
    4 8.929688 -0.000001 0.000000 0.000000 0.000001 0.186405
    5 2.035156 0.997070 1.937500 1.589735 -1.286517 2.950158
    6 6.028159 -0.000069 0.000009 -1.575890 0.049155 -1.169438
    7 11.692566 0.000046 0.000011 -0.000002 0.000000 -0.060376
    8 11.481682 0.000088 -0.000031 1.568292 -0.038710 0.036026
    9 3.857422 -0.139526 -1.191406 -0.363882 0.112047 -0.355498
    10 1.312565 -0.000008 0.000000 -0.000002 0.054404 -0.409012
    11 0.729366 0.000002 -0.000002 -0.000001 0.040754 -0.240990
    12 3.941406 0.046936 -0.435059 -0.101499 0.042182 -0.269683
    13 1.539091 0.000008 -0.000002 0.000000 0.003737 -0.247812
    14 1.196321 0.000000 -0.000002 -0.000001 0.006168 -0.430818
    15 3.880859 -0.043091 0.427490 0.090105 -0.011419 -0.132542
    16 1.719578 0.000023 -0.000021 -0.000005 -0.020423 -0.365964
    17 1.209181 -0.000004 -0.000001 0.000001 -0.011427 -0.216116
    18 3.863281 -0.136475 1.332031 0.320642 -0.041405 -0.125801
    19 1.719431 -0.000023 0.000019 0.000001 -0.106227 -0.347813
    20 1.099676 0.000000 0.000006 0.000004 -0.067955 -0.234890
    21 0.807129 -0.346924 1.320313 -1.243196 -0.551768 -0.740654
    22 1.789787 0.000006 0.000006 -0.000002 -0.003712 0.228604
    23 1.207012 0.000011 0.000000 -0.000001 -0.005667 0.362993
    24 2.035156 0.997070 -1.937500 -1.661572 1.286515 2.950150
    25 6.028144 -0.000011 0.000002 1.917118 0.521065 -0.496197
    26 12.301971 -1.003936 0.937532 0.737454 -0.005404 -1.592150
    27 11.481657 0.000043 0.000019 -1.803988 0.443068 -0.288455
    28 3.854334 -0.131699 1.199994 0.390527 -0.101410 -0.916423
    29 1.312567 0.000000 0.000000 0.094365 -0.148312 -1.023377
    30 0.729362 0.000004 0.000003 0.246478 -0.201514 -1.343121
    31 3.938074 0.050872 0.435162 0.108940 0.058963 -0.470260
    32 1.539089 0.000008 0.000003 0.081999 -0.072597 -1.490925
    33 1.196316 0.000004 0.000005 0.030667 -0.074741 -1.027947
    34 3.880859 -0.047028 -0.427490 -0.079036 0.162996 -0.514648
    35 1.719567 0.000023 0.000016 -0.048600 0.058551 -1.498693
    36 1.209175 0.000008 0.000005 -0.038127 -0.010975 -1.196747
    37 3.867399 -0.148186 -1.324350 -0.424029 0.413272 -0.567318
    38 1.719419 -0.000008 -0.000008 -0.103000 0.275395 -0.995726
    39 1.099667 -0.000004 -0.000001 -0.048647 0.108807 -0.506629
    40 0.807129 -0.358887 -1.316406 1.391889 0.446143 -0.556731
    41 1.789783 -0.000002 -0.000002 0.030300 -0.047271 0.412855
    42 1.207001 0.000009 0.000000 -0.006740 -0.074456 -0.170110
    43 5.073761 -4.063510 -2.918343 3.826595 -0.063832 -1.771607
    44 0.000000 0.196712 0.000000 1.570797 0.000000 0.000001
    45 0.000002 2.032589 0.000000 0.000000 0.000000 0.000000
    46 0.000002 1.571991 0.000000 0.000000 0.000000 0.000000
    47 3.775905 -5.485672 -0.527956 -2.248292 -0.133225 -1.641886
  time 148
    0 -0.000003 -13.531250 -29.421875 1.570792 0.000003 -0.000003
    1 0.000000 3.345131 -2.981898 1.570796 0.083192 1.570795
    2 4.015625 0.000001 0.000000 0.000000 -0.000001 -0.028819
    3 3.520294 0.000005 -0.000006 0.000000 0.000000 0.097311
    4 8.929688 -0.000001 0.000000 0.000000 0.000001 0.186405
    5 2.035156 0.997070 1.937500 1.589735 -1.286517 2.950158
    6 6.028159 -0.000069 0.000009 -1.575890 0.049155 -1.169438
    7 11.692566 0.000046 0.000011 -0.000002 0.000000 -0.060376
    8 11.481682 0.000088 -0.000031 1.568292 -0.038710 0.036026
    9 3.857422 -0.139526 -1.191406 -0.363882 0.112047 -0.355498
    10 1.312565 -0.000008 0.000000 -0.000002 0.054404 -0.409012
    11 0.729366 0.000002 -0.000002 -0.000001 0.040754 -0.240990
    12 3.941406 0.046936 -0.435059 -0.101499 0.042182 -0.269683
    13 1.539091 0.000008 -0.000002 0.000000 0.003737 -0.247812
    14 1.196321 0.000000 -0.000002 -0.000001 0.006168 -0.430818
    15 3.880859 -0.043091 0.427490 0.090105 -0.011419 -0.132542
    16 1.719578 0.000023 -0.000021 -0.000005 -0.020423 -0.365964
    17 1.209181 -0.000004 -0.000001 0.000001 -0.011427 -0.216116
    18 3.863281 -0.136475 1.332031 0.320642 -0.041405 -0.125801
    19 1.719431 -0.000023 0.000019 0.000001 -0.106227 -0.347813
    20 1.099676 0.000000 0.000006 0.000004 -0.067955 -0.234890
    21 0.807129 -0.346924 1.320313 -1.243196 -0.551768 -0.740654
    22 1.789787 0.000006 0.000006 -0.000002 -0.003712 0.228604
    23 1.207012 0.000011 0.000000 -0.000001 -0.005667 0.362993
    24 2.035156 0.997070 -1.937500 -1.661572 1.286515 2.950150
    25 6.028144 -0.000011 0.000002 1.917705 0.521556 -0.495910
    26 12.301971 -1.003936 0.937532 0.737838 -0.005533 -1.591829
    27 11.481657 0.000043 0.000019 -1.804425 0.442554 -0.289461
    28 3.854334 -0.131699 1.199994 0.390527 -0.101410 -0.916441
    29 1.312567 0.000000 0.000000 0.094365 -0.148312 -1.023377
    30 0.729362 0.000004 0.000003 0.246478 -0.201514 -1.343121
    31 3.941981 0.050872 0.435162 0.108940 0.058963 -0.470260
    32 1.539089 0.000008 0.000003 0.081999 -0.072597 -1.490925
    33 1.196316 0.000004 0.000005 0.030667 -0.074741 -1.027947
    34 3.880859 -0.047028 -0.427490 -0.079036 0.162996 -0.514648
    35 1.719567 0.000023 0.000016 -0.048600 0.058551 -1.498659
    36 1.209175 0.000008 0.000005 -0.038127 -0.010975 -1.196747
    37 3.863493 -0.148186 -1.324350 -0.424029 0.413272 -0.567318
    38 1.719419 -0.000008 -0.000008 -0.103000 0.275395 -0.995707
    39 1.099667 -0.000004 -0.000001 -0.048647 0.108807 -0.506629
    40 0.807129 -0.358887 -1.316406 1.391889 0.446143 -0.556731
    41 1.789783 -0.000002 -0.000002 0.030300 -0.047271 0.412855
    42 1.207001 0.000009 0.000000 -0.006740 -0.074456 -0.170110
    43 5.073761 -4.063510 -2.918343 3.826595 -0.063832 -1.771607
    44 0.000000 0.196712 0.000000 1.570797 0.000000 0.000001
    45 0.000002 2.032589 0.000000 0.000000 0.000000 0.000000
    46 0.000002 1.571991 0.000000 0.000000 0.000000 0.000000
    47 3.775905 -5.485672 -0.527956 -2.248292 -0.133225 -1.641886
  time 149
    0 -0.000003 -13.531250 -29.421875 1.570792 0.000003 -0.000003
    1 0.000000 3.345131 -2.981898 1.570796 0.083192 1.570795
    2 4.015625 0.000001 0.000000 0.000000 -0.000001 -0.028819
    3 3.520294 0.000005 -0.000006 0.000000 0.000000 0.097311
    4 8.929688 -0.000001 0.000000 0.000000 0.000001 0.186405
    5 2.035156 0.997070 1.937500 1.589735 -1.286517 2.950158
    6 6.028159 -0.000069 0.000009 -1.575890 0.049155 -1.169438
    7 11.692566 0.000046 0.000011 -0.000002 0.000000 -0.060376
    8 11.481682 0.000088 -0.000031 1.568292 -0.038710 0.036026
    9 3.857422 -0.139526 -1.191406 -0.363882 0.112047 -0.355498
    10 1.312565 -0.000008 0.000000 -0.000002 0.054404 -0.409012
    11 0.729366 0.000002 -0.000002 -0.000001 0.040754 -0.240990
    12 3.941406 0.046936 -0.435059 -0.101499 0.042182 -0.269683
    13 1.539091 0.000008 -0.000002 0.000000 0.003737 -0.247812
    14 1.196321 0.000000 -0.000002 -0.000001 0.006168 -0.430818
    15 3.880859 -0.043091 0.427490 0.090105 -0.011419 -0.132542
    16 1.719578 0.000023 -0.000021 -0.000005 -0.020423 -0.365964
    17 1.209181 -0.000004 -0.000001 0.000001 -0.011427 -0.216116
    18 3.863281 -0.136475 1.332031 0.320642 -0.041405 -0.125801
    19 1.719431 -0.000023 0.000019 0.000001 -0.106227 -0.347813
    20 1.099676 0.000000 0.000006 0.000004 -0.067955 -0.234890
    21 0.807129 -0.346924 1.320313 -1.243196 -0.551768 -0.740654
    22 1.789787 0.000006 0.000006 -0.000002 -0.003712 0.228604
    23 1.207012 0.000011 0.000000 -0.000001 -0.005667 0.362993
    24 2.035156 0.997070 -1.937500 -1.661572 1.286515 2.950150
    25 6.028144 -0.000011 0.000002 1.918244 0.522023 -0.495634
    26 12.301971 -1.003936 0.937532 0.738177 -0.005648 -1.591562
    27 11.481657 0.000043 0.000019 -1.804824 0.442083 -0.290384
    28 3.858240 -0.131699 1.199994 0.390527 -0.101410 -0.916423
    29 1.312567 0.000000 0.000000 0.094365 -0.148312 -1.023377
    30 0.729362 0.000004 0.000003 0.246478 -0.201514 -1.343121
    31 3.941981 0.050872 0.435162 0.108940 0.058963 -0.470260
    32 1.539089 0.000008 0.000003 0.081999 -0.072597 -1.490925
    33 1.196316 0.000004 0.000005 0.030667 -0.074741 -1.027947
    34 3.880859 -0.047028 -0.427490 -0.079036 0.162996 -0.514648
    35 1.719567 0.000023 0.000016 -0.048600 0.058563 -1.498693
    36 1.209175 0.000008 0.000005 -0.038127 -0.010975 -1.196747
    37 3.867399 -0.148186 -1.324350 -0.424029 0.413272 -0.567318
    38 1.719419 -0.000008 -0.000008 -0.103000 0.275395 -0.995707
    39 1.099667 -0.000004 -0.000001 -0.048647 0.108807 -0.506629
    40 0.807129 -0.358887 -1.316406 1.391889 0.446143 -0.556731
    41 1.789783 -0.000002 -0.000002 0.030300 -0.047271 0.412855
    42 1.207001 0.000009 0.000000 -0.006740 -0.074456 -0.170110
    43 5.073761 -4.063510 -2.918343 3.826595 -0.063820 -1.771607
    44 0.000000 0.196712 0.000000 1.570797 0.000000 0.000001
    45 0.000002 2.032589 0.000000 0.000000 0.000000 0.000000
    46 0.000002 1.571991 0.000000 0.000000 0.000000 0.000000
    47 3.775905 -5.485672 -0.527956 -2.248292 -0.133225 -1.641886
  time 150
    0 -0.000003 -13.531250 -29.421875 1.570792 0.000003 -0.000003
    1 0.000000 3.345131 -2.981898 1.570796 0.083192 1.570795
    2 4.015625 0.000001 0.000000 0.000000 -0.000001 -0.028819
    3 3.520294 0.000005 -0.000006 0.000000 0.000000 0.097311
    4 8.929688 -0.000001 0.000000 0.000000 0.000001 0.186405
    5 2.035156 0.997070 1.937500 1.589735 -1.286517 2.950158
    6 6.028159 -0.000069 0.000009 -1.575890 0.049155 -1.169438
    7 11.692566 0.000046 0.000011 -0.000002 0.000000 -0.060376
    8 11.481682 0.000088 -0.000031 1.568292 -0.038710 0.036026
    9 3.857422 -0.139526 -1.191406 -0.363882 0.112047 -0.355498
    10 1.312565 -0.000008 0.000000 -0.000002 0.054404 -0.409012
    11 0.729366 0.000002 -0.000002 -0.000001 0.040754 -0.240990
    12 3.941406 0.046936 -0.435059 -0.101499 0.042182 -0.269683
    13 1.539091 0.000008 -0.000002 0.000000 0.003737 -0.247812
    14 1.196321 0.000000 -0.000002 -0.000001 0.006168 -0.430818
    15 3.880859 -0.043091 0.427490 0.090105 -0.011419 -0.132542
    16 1.719578 0.000023 -0.000021 -0.000005 -0.020423 -0.365964
    17 1.209181 -0.000004 -0.000001 0.000001 -0.011427 -0.216116
    18 3.863281 -0.136475 1.332031 0.320642 -0.041405 -0.125801
    19 1.719431 -0.000023 0.000019 0.000001 -0.106227 -0.347813
    20 1.099676 0.000000 0.000006 0.000004 -0.067955 -0.234890
    21 0.807129 -0.346924 1.320313 -1.243196 -0.551768 -0.740654
    22 1.789787 0.000006 0.000006 -0.000002 -0.003712 0.228604
    23 1.207012 0.000011 0.000000 -0.000001 -0.005667 0.362993
    24 2.035156 0.997070 -1.937500 -1.661572 1.286515 2.950150
    25 6.028144 -0.000011 0.000002 1.918736 0.522466 -0.495382
    26 12.301971 -1.003936 0.937532 0.738493 -0.005764 -1.591295
    27 11.481657 0.000043 0.000019 -1.805204 0.441657 -0.291235
    28 3.854334 -0.131699 1.199994 0.390527 -0.101410 -0.916423
    29 1.312567 0.000000 0.000000 0.094365 -0.148312 -1.023377
    30 0.729362 0.000004 0.000003 0.246466 -0.201514 -1.343121
    31 3.941981 0.050872 0.435162 0.108940 0.058963 -0.470260
    32 1.539089 0.000008 0.000003 0.081999 -0.072597 -1.490887
    33 1.196316 0.000004 0.000005 0.030667 -0.074741 -1.027947
    34 3.880859 -0.047028 -0.427490 -0.079036 0.162996 -0.514648
    35 1.719567 0.000023 0.000016 -0.048600 0.058563 -1.498659
    36 1.209175 0.000008 0.000005 -0.038127 -0.010975 -1.196747
    37 3.867399 -0.148186 -1.324350 -0.424029 0.413272 -0.567318
    38 1.719419 -0.000008 -0.000008 -0.103004 0.275398 -0.995724
    39 1.099667 -0.000004 -0.000001 -0.048647 0.108807 -0.506629
    40 0.807129 -0.358643 -1.316406 1.391888 0.446144 -0.556730
    41 1.789783 -0.000002 -0.000002 0.030300 -0.047271 0.412855
    42 1.207001 0.000009 0.000000 -0.006740 -0.074456 -0.170110
    43 5.073761 -4.063510 -2.918343 3.826595 -0.063820 -1.771607
    44 0.000000 0.196712 0.000000 1.570797 0.000000 0.000001
    45 0.000002 2.032589 0.000000 0.000000 0.000000 0.000000
    46 0.000002 1.571991 0.000000 0.000000 0.000000 0.000000
    47 3.775905 -5.485672 -0.527956 -2.248292 -0.133225 -1.641886
  time 151
    0 -0.000003 -13.531250 -29.421875 1.570792 0.000003 -0.000003
    1 0.000000 3.345131 -2.981898 1.570796 0.083192 1.570795
    2 4.015625 0.000001 0.000000 0.000000 -0.000001 -0.028819
    3 3.520294 0.000005 -0.000006 0.000000 0.000000 0.097311
    4 8.929688 -0.000001 0.000000 0.000000 0.000001 0.186405
    5 2.035156 0.997070 1.937500 1.589735 -1.286517 2.950158
    6 6.028159 -0.000069 0.000009 -1.575890 0.049155 -1.169438
    7 11.692566 0.000046 0.000011 -0.000002 0.000000 -0.060376
    8 11.481682 0.000088 -0.000031 1.568292 -0.038710 0.036026
    9 3.857422 -0.139526 -1.191406 -0.363882 0.112047 -0.355498
    10 1.312565 -0.000008 0.000000 -0.000002 0.054404 -0.409012
    11 0.729366 0.000002 -0.000002 -0.000001 0.040754 -0.240990
    12 3.941406 0.046936 -0.435059 -0.101499 0.042182 -0.269683
    13 1.539091 0.000008 -0.000002 0.000000 0.003737 -0.247812
    14 1.196321 0.000000 -0.000002 -0.000001 0.006168 -0.430818
    15 3.880859 -0.043091 0.427490 0.090105 -0.011419 -0.132542
    16 1.719578 0.000023 -0.000021 -0.000005 -0.020423 -0.365964
    17 1.209181 -0.000004 -0.000001 0.000001 -0.011427 -0.216116
    18 3.863281 -0.136475 1.332031 0.320642 -0.041405 -0.125801
    19 1.719431 -0.000023 0.000019 0.000001 -0.106227 -0.347813
    20 1.099676 0.000000 0.000006 0.000004 -0.067955 -0.234890
    21 0.807129 -0.346924 1.320313 -1.243196 -0.551768 -0.740654
    22 1.789787 0.000006 0.000006 -0.000002 -0.003712 0.228604
    23 1.207012 0.000011 0.000000 -0.000001 -0.005667 0.362993
    24 2.035156 0.997070 -1.937500 -1.661572 1.286515 2.950150
    25 6.028144 -0.000011 0.000002 1.919179 0.522834 -0.495155
    26 12.301971 -1.003936 0.937532 0.738764 -0.005850 -1.591027
    27 11.481657 0.000043 0.000019 -1.805528 0.441274 -0.291990
    28 3.854334 -0.131699 1.199994 0.390527 -0.101410 -0.916423
    29 1.312567 0.000000 0.000000 0.094365 -0.148312 -1.023377
    30 0.729362 0.000004 0.000003 0.246478 -0.201514 -1.343121
    31 3.941981 0.050872 0.435162 0.108940 0.058963 -0.470260
    32 1.539089 0.000008 0.000003 0.081999 -0.072597 -1.490887
    33 1.196316 0.000004 0.000005 0.030667 -0.074741 -1.027947
    34 3.880859 -0.047028 -0.427490 -0.079036 0.162996 -0.514648
    35 1.719567 0.000023 0.000016 -0.048600 0.058563 -1.498659
    36 1.209175 0.000008 0.000005 -0.038127 -0.010975 -1.196747
    37 3.867399 -0.148186 -1.324350 -0.424029 0.413272 -0.567318
    38 1.719419 -0.000008 -0.000008 -0.103004 0.275398 -0.995724
    39 1.099667 -0.000004 -0.000001 -0.048647 0.108807 -0.506629
    40 0.807129 -0.358643 -1.316406 1.391888 0.446144 -0.556730
    41 1.789783 -0.000002 -0.000002 0.030300 -0.047271 0.412855
    42 1.207001 0.000009 0.000000 -0.006740 -0.074456 -0.170110
    43 5.073761 -4.063510 -2.918343 3.826595 -0.063832 -1.771607
    44 0.000000 0.196712 0.000000 1.570797 0.000000 0.000001
    45 0.000002 2.032589 0.000000 0.000000 0.000000 0.000000
    46 0.000002 1.571991 0.000000 0.000000 0.000000 0.000000
    47 3.775905 -5.485672 -0.527956 -2.248292 -0.133225 -1.641886
  time 152
    0 -0.000003 -13.531250 -29.421875 1.570792 0.000003 -0.000003
    1 0.000000 3.345131 -2.981898 1.570796 0.083192 1.570795
    2 4.015625 0.000001 0.000000 0.000000 -0.000001 -0.028819
    3 3.520294 0.000005 -0.000006 0.000000 0.000000 0.097311
    4 8.929688 -0.000001 0.000000 0.000000 0.000001 0.186405
    5 2.035156 0.997070 1.937500 1.589735 -1.286517 2.950158
    6 6.028159 -0.000069 0.000009 -1.575890 0.049155 -1.169438
    7 11.692566 0.000046 0.000011 -0.000002 0.000000 -0.060376
    8 11.481682 0.000088 -0.000031 1.568292 -0.038710 0.036026
    9 3.857422 -0.139526 -1.191406 -0.363882 0.112047 -0.355498
    10 1.312565 -0.000008 0.000000 -0.000002 0.054404 -0.409012
    11 0.729366 0.000002 -0.000002 -0.000001 0.040754 -0.240990
    12 3.941406 0.046936 -0.435059 -0.101499 0.042182 -0.269683
    13 1.539091 0.000008 -0.000002 0.000000 0.003737 -0.247812
    14 1.196321 0.000000 -0.000002 -0.000001 0.006168 -0.430818
    15 3.880859 -0.043091 0.427490 0.090105 -0.011419 -0.132542
    16 1.719578 0.000023 -0.000021 -0.000005 -0.020423 -0.365964
    17 1.209181 -0.000004 -0.000001 0.000001 -0.011427 -0.216116
    18 3.863281 -0.136475 1.332031 0.320642 -0.041405 -0.125801
    19 1.719431 -0.000023 0.000019 0.000001 -0.106227 -0.347813
    20 1.099676 0.000000 0.000006 0.000004 -0.067955 -0.234890
    21 0.807129 -0.346924 1.320313 -1.243196 -0.551768 -0.740654
    22 1.789787 0.000006 0.000006 -0.000002 -0.003712 0.228604
    23 1.207012 0.000011 0.000000 -0.000001 -0.005667 0.362993
    24 2.035156 0.997070 -1.937500 -1.661572 1.286515 2.950150
    25 6.028144 -0.000011 0.000002 1.919575 0.523203 -0.494951
    26 12.301971 -1.003936 0.937532 0.739013 -0.005937 -1.590814
    27 11.481657 0.000043 0.000019 -1.805832 0.440921 -0.292673
    28 3.854334 -0.131699 1.199994 0.390527 -0.101410 -0.916423
    29 1.312567 0.000000 0.000000 0.094365 -0.148312 -1.023377
    30 0.729362 0.000004 0.000003 0.246478 -0.201514 -1.343121
    31 3.938074 0.050872 0.435162 0.108940 0.058963 -0.470260
    32 1.539089 0.000008 0.000003 0.081999 -0.072597 -1.490925
    33 1.196316 0.000004 0.000005 0.030667 -0.074741 -1.027947
    34 3.880859 -0.047028 -0.427490 -0.079036 0.162996 -0.514648
    35 1.719567 0.000023 0.000016 -0.048600 0.058563 -1.498659
    36 1.209175 0.000008 0.000005 -0.038127 -0.010975 -1.196747
    37 3.863493 -0.148186 -1.324350 -0.424029 0.413272 -0.567318
    38 1.719419 -0.000008 -0.000008 -0.103004 0.275398 -0.995724
    39 1.099667 -0.000004 -0.000001 -0.048647 0.108807 -0.506629
    40 0.807129 -0.358643 -1.316406 1.391888 0.446144 -0.556730
    41 1.789783 -0.000002 -0.000002 0.030300 -0.047271 0.412855
    42 1.207001 0.000009 0.000000 -0.006740 -0.074456 -0.170110
    43 5.073761 -4.063510 -2.918343 3.826595 -0.063820 -1.771607
    44 0.000000 0.196712 0.000000 1.570797 0.000000 0.000001
    45 0.000002 2.032589 0.000000 0.000000 0.000000 0.000000
    46 0.000002 1.571991 0.000000 0.000000 0.000000 0.000000
    47 3.775905 -5.485672 -0.527956 -2.248292 -0.133225 -1.641886
  time 153
    0 -0.000003 -13.531250 -29.421875 1.570792 0.000003 -0.000003
    1 0.000000 3.345131 -2.981898 1.570796 0.083192 1.570795
    2 4.015625 0.000001 0.000000 0.000000 -0.000001 -0.028819
    3 3.520294 0.000005 -0.000006 0.000000 0.000000 0.097311
    4 8.929688 -0.000001 0.000000 0.000000 0.000001 0.186405
    5 2.035156 0.997070 1.937500 1.589735 -1.286517 2.950158
    6 6.028159 -0.000069 0.000009 -1.575890 0.049155 -1.169438
    7 11.692566 0.000046 0.000011 -0.000002 0.000000 -0.060376
    8 11.481682 0.000088 -0.000031 1.568292 -0.038710 0.036026
    9 3.857422 -0.139526 -1.191406 -0.363882 0.112047 -0.355498
    10 1.312565 -0.000008 0.000000 -0.000002 0.054404 -0.409012
    11 0.729366 0.000002 -0.000002 -0.000001 0.040754 -0.240990
    12 3.941406 0.046936 -0.435059 -0.101499 0.042182 -0.269683
    13 1.539091 0.000008 -0.000002 0.000000 0.003737 -0.247812
    14 1.196321 0.000000 -0.000002 -0.000001 0.006168 -0.430818
    15 3.880859 -0.043091 0.427490 0.090105 -0.011419 -0.132542
    16 1.719578 0.000023 -0.000021 -0.000005 -0.020423 -0.365964
    17 1.209181 -0.000004 -0.000001 0.000001 -0.011427 -0.216116
    18 3.863281 -0.136475 1.332031 0.320642 -0.041405 -0.125801
    19 1.719431 -0.000023 0.000019 0.000001 -0.106227 -0.347813
    20 1.099676 0.000000 0.000006 0.000004 -0.067955 -0.234890
    21 0.807129 -0.346924 1.320313 -1.243196 -0.551768 -0.740654
    22 1.789787 0.000006 0.000006 -0.000002 -0.003712 0.228604
    23 1.207012 0.000011 0.000000 -0.000001 -0.005667 0.362993
    24 2.035156 0.997070 -1.937500 -1.661572 1.286515 2.950150
    25 6.028144 -0.000011 0.000002 1.919934 0.523498 -0.494771
    26 12.301971 -1.003936 0.937532 0.739238 -0.006023 -1.590600
    27 11.481657 0.000043 0.000019 -1.806079 0.440613 -0.293273
    28 3.854334 -0.131699 1.199994 0.390527 -0.101410 -0.916423
    29 1.312567 0.000000 0.000000 0.094365 -0.148312 -1.023377
    30 0.729362 0.000004 0.000003 0.246478 -0.201514 -1.343121
    31 3.941981 0.050872 0.435162 0.108940 0.058963 -0.470260
    32 1.539089 0.000008 0.000003 0.081999 -0.072597 -1.490887
    33 1.196316 0.000004 0.000005 0.030667 -0.074741 -1.027947
    34 3.880859 -0.047028 -0.427490 -0.079036 0.162996 -0.514648
    35 1.719567 0.000023 0.000016 -0.048600 0.058563 -1.498659
    36 1.209175 0.000008 0.000005 -0.038127 -0.010975 -1.196747
    37 3.863493 -0.148186 -1.324350 -0.424017 0.413272 -0.567318
    38 1.719419 -0.000008 -0.000008 -0.103004 0.275398 -0.995724
    39 1.099667 -0.000004 -0.000001 -0.048647 0.108807 -0.506629
    40 0.807129 -0.358643 -1.316406 1.391888 0.446144 -0.556730
    41 1.789783 -0.000002 -0.000002 0.030300 -0.047271 0.412867
    42 1.207001 0.000009 0.000000 -0.006740 -0.074456 -0.170110
    43 5.073761 -4.063510 -2.918343 3.826595 -0.063820 -1.771607
    44 0.000000 0.196712 0.000000 1.570797 0.000000 0.000001
    45 0.000002 2.032589 0.000000 0.000000 0.000000 0.000000
    46 0.000002 1.571991 0.000000 0.000000 0.000000 0.000000
    47 3.775905 -5.485672 -0.527956 -2.248292 -0.133225 -1.641886
  time 154
    0 -0.000003 -13.531250 -29.421875 1.570792 0.000003 -0.000003
    1 0.000000 3.345131 -2.981898 1.570796 0.083192 1.570795
    2 4.015625 0.000001 0.000000 0.000000 -0.000001 -0.028819
    3 3.520294 0.000005 -0.000006 0.000000 0.000000 0.097311
    4 8.929688 -0.000001 0.000000 0.000000 0.000001 0.186405
    5 2.035156 0.997070 1.937500 1.589735 -1.286517 2.950158
    6 6.028159 -0.000069 0.000009 -1.575890 0.049155 -1.169438
    7 11.692566 0.000046 0.000011 -0.000002 0.000000 -0.060376
    8 11.481682 0.000088 -0.000031 1.568292 -0.038710 0.036026
    9 3.857422 -0.139526 -1.191406 -0.363882 0.112047 -0.355498
    10 1.312565 -0.000008 0.000000 -0.000002 0.054404 -0.409012
    11 0.729366 0.000002 -0.000002 -0.000001 0.040754 -0.240990
    12 3.941406 0.046936 -0.435059 -0.101499 0.042182 -0.269683
    13 1.539091 0.000008 -0.000002 0.000000 0.003737 -0.247812
    14 1.196321 0.000000 -0.000002 -0.000001 0.006168 -0.430818
    15 3.880859 -0.043091 0.427490 0.090105 -0.011419 -0.132542
    16 1.719578 0.000023 -0.000021 -0.000005 -0.020423 -0.365964
    17 1.209181 -0.000004 -0.000001 0.000001 -0.011427 -0.216116
    18 3.863281 -0.136475 1.332031 0.320642 -0.041405 -0.125801
    19 1.719431 -0.000023 0.000019 0.000001 -0.106227 -0.347813
    20 1.099676 0.000000 0.000006 0.000004 -0.067955 -0.234890
    21 0.807129 -0.346924 1.320313 -1.243196 -0.551768 -0.740654
    22 1.789787 0.000006 0.000006 -0.000002 -0.003712 0.228604
    23 1.207012 0.000011 0.000000 -0.000001 -0.005667 0.362993
    24 2.035156 0.997070 -1.937500 -1.661572 1.286515 2.950150
    25 6.028144 -0.000011 0.000002 1.920234 0.523768 -0.494615
    26 12.301971 -1.003936 0.937532 0.739442 -0.006081 -1.590439
    27 11.481657 0.000043 0.000019 -1.806307 0.440348 -0.293800
    28 3.858240 -0.131699 1.199994 0.390527 -0.101410 -0.916423
    29 1.312567 0.000000 0.000000 0.094365 -0.148312 -1.023377
    30 0.729362 0.000004 0.000003 0.246478 -0.201514 -1.343121
    31 3.941981 0.050872 0.435162 0.108940 0.058963 -0.470260
    32 1.539089 0.000008 0.000003 0.081999 -0.072597 -1.490925
    33 1.196316 0.000004 0.000005 0.030667 -0.074741 -1.027947
    34 3.880859 -0.047028 -0.427490 -0.079036 0.162996 -0.514648
    35 1.719567 0.000023 0.000016 -0.048600 0.058563 -1.498693
    36 1.209175 0.000008 0.000005 -0.038127 -0.010975 -1.196747
    37 3.867399 -0.148186 -1.324350 -0.424029 0.413272 -0.567318
    38 1.719419 -0.000008 -0.000008 -0.103004 0.275398 -0.995724
    39 1.099667 -0.000004 -0.000001 -0.048647 0.108807 -0.506629
    40 0.807129 -0.358643 -1.316406 1.391888 0.446144 -0.556730
    41 1.789783 -0.000002 -0.000002 0.030300 -0.047271 0.412855
    42 1.207001 0.000009 0.000000 -0.006740 -0.074456 -0.170110
    43 5.073761 -4.063510 -2.918343 3.826595 -0.063832 -1.771607
    44 0.000000 0.196712 0.000000 1.570797 0.000000 0.000001
    45 0.000002 2.032589 0.000000 0.000000 0.000000 0.000000
    46 0.000002 1.571991 0.000000 0.000000 0.000000 0.000000
    47 3.775905 -5.485672 -0.527956 -2.248292 -0.133225 -1.641886
  time 155
    0 -0.000003 -13.531250 -29.421875 1.570792 0.000003 -0.000003
    1 0.000000 3.345131 -2.981898 1.570796 0.083192 1.570795
    2 4.015625 0.000001 0.000000 0.000000 -0.000001 -0.028819
    3 3.520294 0.000005 -0.000006 0.000000 0.000000 0.097311
    4 8.929688 -0.000001 0.000000 0.000000 0.000001 0.186405
    5 2.035156 0.997070 1.937500 1.589735 -1.286517 2.950158
    6 6.028159 -0.000069 0.000009 -1.575890 0.049155 -1.169438
    7 11.692566 0.000046 0.000011 -0.000002 0.000000 -0.060376
    8 11.481682 0.000088 -0.000031 1.568292 -0.038710 0.036026
    9 3.857422 -0.139526 -1.191406 -0.363882 0.112047 -0.355498
    10 1.312565 -0.000008 0.000000 -0.000002 0.054404 -0.409012
    11 0.729366 0.000002 -0.000002 -0.000001 0.040754 -0.240990
    12 3.941406 0.046936 -0.435059 -0.101499 0.042182 -0.269683
    13 1.539091 0.000008 -0.000002 0.000000 0.003737 -0.247812
    14 1.196321 0.000000 -0.000002 -0.000001 0.006168 -0.430818
    15 3.880859 -0.043091 0.427490 0.090105 -0.011419 -0.132542
    16 1.719578 0.000023 -0.000021 -0.000005 -0.020423 -0.365964
    17 1.209181 -0.000004 -0.000001 0.000001 -0.011427 -0.216116
    18 3.863281 -0.136475 1.332031 0.320642 -0.041405 -0.125801
    19 1.719431 -0.000023 0.000019 0.000001 -0.106227 -0.347813
    20 1.099676 0.000000 0.000006 0.000004 -0.067955 -0.234890
    21 0.807129 -0.346924 1.320313 -1.243196 -0.551768 -0.740654
    22 1.789787 0.000006 0.000006 -0.000002 -0.003712 0.228604
    23 1.207012 0.000011 0.000000 -0.000001 -0.005667 0.362993
    24 2.035156 0.997070 -1.937500 -1.661572 1.286515 2.950150
    25 6.028144 -0.000011 0.000002 1.920485 0.523989 -0.494484
    26 12.301971 -1.003936 0.937532 0.739600 -0.006138 -1.590279
    27 11.481657 0.000043 0.000019 -1.806497 0.440127 -0.294231
    28 3.854334 -0.131699 1.199994 0.390527 -0.101410 -0.916423
    29 1.312567 0.000000 0.000000 0.094365 -0.148312 -1.023377
    30 0.729362 0.000004 0.000003 0.246478 -0.201514 -1.343121
    31 3.941981 0.050872 0.435162 0.108940 0.058963 -0.470260
    32 1.539089 0.000008 0.000003 0.081999 -0.072597 -1.490925
    33 1.196316 0.000004 0.000005 0.030667 -0.074741 -1.027947
    34 3.880859 -0.047028 -0.427490 -0.079036 0.162996 -0.514648
    35 1.719567 0.000023 0.000016 -0.048600 0.058563 -1.498693
    36 1.209175 0.000008 0.000005 -0.038127 -0.010975 -1.196747
    37 3.863493 -0.148186 -1.324350 -0.424029 0.413272 -0.567318
    38 1.719419 -0.000008 -0.000008 -0.103004 0.275398 -0.995724
    39 1.099667 -0.000004 -0.000001 -0.048647 0.108807 -0.506629
    40 0.807129 -0.358643 -1.316406 1.391888 0.446144 -0.556730
    41 1.789783 -0.000002 -0.000002 0.030300 -0.047271 0.412867
    42 1.207001 0.000009 0.000000 -0.006740 -0.074456 -0.170110
    43 5.073761 -4.063510 -2.918343 3.826595 -0.063832 -1.771607
    44 0.000000 0.196712 0.000000 1.570797 0.000000 0.000001
    45 0.000002 2.032589 0.000000 0.000000 0.000000 0.000000
    46 0.000002 1.571991 0.000000 0.000000 0.000000 0.000000
    47 3.775905 -5.485672 -0.527956 -2.248292 -0.133225 -1.641886
  time 156
    0 -0.000003 -13.531250 -29.421875 1.570792 0.000003 -0.000003
    1 0.000000 3.345131 -2.981898 1.570796 0.083192 1.570795
    2 4.015625 0.000001 0.000000 0.000000 -0.000001 -0.028819
    3 3.520294 0.000005 -0.000006 0.000000 0.000000 0.097311
    4 8.929688 -0.000001 0.000000 0.000000 0.000001 0.186405
    5 2.035156 0.997070 1.937500 1.589735 -1.286517 2.950158
    6 6.028159 -0.000069 0.000009 -1.575890 0.049155 -1.169438
    7 11.692566 0.000046 0.000011 -0.000002 0.000000 -0.060376
    8 11.481682 0.000088 -0.000031 1.568292 -0.038710 0.036026
    9 3.857422 -0.139526 -1.191406 -0.363882 0.112047 -0.355498
    10 1.312565 -0.000008 0.000000 -0.000002 0.054404 -0.409012
    11 0.729366 0.000002 -0.000002 -0.000001 0.040754 -0.240990
    12 3.941406 0.046936 -0.435059 -0.101499 0.042182 -0.269683
    13 1.539091 0.000008 -0.000002 0.000000 0.003737 -0.247812
    14 1.196321 0.000000 -0.000002 -0.000001 0.006168 -0.430818
    15 3.880859 -0.043091 0.427490 0.090105 -0.011419 -0.132542
    16 1.719578 0.000023 -0.000021 -0.000005 -0.020423 -0.365964
    17 1.209181 -0.000004 -0.000001 0.000001 -0.011427 -0.216116
    18 3.863281 -0.136475 1.332031 0.320642 -0.041405 -0.125801
    19 1.719431 -0.000023 0.000019 0.000001 -0.106227 -0.347813
    20 1.099676 0.000000 0.000006 0.000004 -0.067955 -0.234890
    21 0.807129 -0.346924 1.320313 -1.243196 -0.551768 -0.740654
    22 1.789787 0.000006 0.000006 -0.000002 -0.003712 0.228604
    23 1.207012 0.000011 0.000000 -0.000001 -0.005667 0.362993
    24 2.035156 0.997070 -1.937500 -1.661572 1.286515 2.950150
    25 6.028144 -0.000011 0.000002 1.920701 0.524161 -0.494376
    26 12.301971 -1.003936 0.937532 0.739735 -0.006182 -1.590172
    27 11.481657 0.000043 0.000019 -1.806649 0.439936 -0.294591
    28 3.858240 -0.131699 1.199994 0.390527 -0.101410 -0.916423
    29 1.312567 0.000000 0.000000 0.094365 -0.148312 -1.023377
    30 0.729362 0.000004 0.000003 0.246466 -0.201514 -1.343121
    31 3.941981 0.050872 0.435162 0.108940 0.058963 -0.470260
    32 1.539089 0.000008 0.000003 0.081999 -0.072597 -1.490887
    33 1.196316 0.000004 0.000005 0.030667 -0.074741 -1.027947
    34 3.880859 -0.047028 -0.427490 -0.079036 0.162996 -0.514648
    35 1.719567 0.000023 0.000016 -0.048600 0.058563 -1.498659
    36 1.209175 0.000008 0.000005 -0.038127 -0.010975 -1.196747
    37 3.867399 -0.148186 -1.324350 -0.424017 0.413272 -0.567318
    38 1.719419 -0.000008 -0.000008 -0.103004 0.275398 -0.995724
    39 1.099667 -0.000004 -0.000001 -0.048647 0.108807 -0.506629
    40 0.807129 -0.358643 -1.316406 1.391888 0.446144 -0.556730
    41 1.789783 -0.000002 -0.000002 0.030300 -0.047271 0.412867
    42 1.207001 0.000009 0.000000 -0.006740 -0.074456 -0.170110
    43 5.073761 -4.063510 -2.918343 3.826595 -0.063820 -1.771607
    44 0.000000 0.196712 0.000000 1.570797 0.000000 0.000001
    45 0.000002 2.032589 0.000000 0.000000 0.000000 0.000000
    46 0.000002 1.571991 0.000000 0.000000 0.000000 0.000000
    47 3.775905 -5.485672 -0.527956 -2.248292 -0.133225 -1.641886
  time 157
    0 -0.000003 -13.531250 -29.421875 1.570792 0.000003 -0.000003
    1 0.000000 3.345131 -2.981898 1.570796 0.083192 1.570795
    2 4.015625 0.000001 0.000000 0.000000 -0.000001 -0.028819
    3 3.520294 0.000005 -0.000006 0.000000 0.000000 0.097311
    4 8.929688 -0.000001 0.000000 0.000000 0.000001 0.186405
    5 2.035156 0.997070 1.937500 1.589735 -1.286517 2.950158
    6 6.028159 -0.000069 0.000009 -1.575890 0.049155 -1.169438
    7 11.692566 0.000046 0.000011 -0.000002 0.000000 -0.060376
    8 11.481682 0.000088 -0.000031 1.568292 -0.038710 0.036026
    9 3.857422 -0.139526 -1.191406 -0.363882 0.112047 -0.355498
    10 1.312565 -0.000008 0.000000 -0.000002 0.054404 -0.409012
    11 0.729366 0.000002 -0.000002 -0.000001 0.040754 -0.240990
    12 3.941406 0.046936 -0.435059 -0.101499 0.042182 -0.269683
    13 1.539091 0.000008 -0.000002 0.000000 0.003737 -0.247812
    14 1.196321 0.000000 -0.000002 -0.000001 0.006168 -0.430818
    15 3.880859 -0.043091 0.427490 0.090105 -0.011419 -0.132542
    16 1.719578 0.000023 -0.000021 -0.000005 -0.020423 -0.365964
    17 1.209181 -0.000004 -0.000001 0.000001 -0.011427 -0.216116
    18 3.863281 -0.136475 1.332031 0.320642 -0.041405 -0.125801
    19 1.719431 -0.000023 0.000019 0.000001 -0.106227 -0.347813
    20 1.099676 0.000000 0.000006 0.000004 -0.067955 -0.234890
    21 0.807129 -0.346924 1.320313 -1.243196 -0.551768 -0.740654
    22 1.789787 0.000006 0.000006 -0.000002 -0.003712 0.228604
    23 1.207012 0.000011 0.000000 -0.000001 -0.005667 0.362993
    24 2.035156 0.997070 -1.937500 -1.661572 1.286515 2.950150
    25 6.028144 -0.000011 0.000002 1.920869 0.524309 -0.494292
    26 12.301971 -1.003936 0.937532 0.739848 -0.006225 -1.590119
    27 11.481657 0.000043 0.000019 -1.806782 0.439804 -0.294879
    28 3.854334 -0.131699 1.199994 0.390527 -0.101410 -0.916423
    29 1.312567 0.000000 0.000000 0.094365 -0.148312 -1.023377
    30 0.729362 0.000004 0.000003 0.246478 -0.201514 -1.343121
    31 3.941981 0.050872 0.435162 0.108940 0.058963 -0.470260
    32 1.539089 0.000008 0.000003 0.081999 -0.072597 -1.490925
    33 1.196316 0.000004 0.000005 0.030667 -0.074741 -1.027947
    34 3.880859 -0.047028 -0.427490 -0.079036 0.162996 -0.514648
    35 1.719567 0.000023 0.000016 -0.048600 0.058551 -1.498693
    36 1.209175 0.000008 0.000005 -0.038127 -0.010975 -1.196747
    37 3.867399 -0.148186 -1.324350 -0.424029 0.413272 -0.567318
    38 1.719419 -0.000008 -0.000008 -0.103004 0.275398 -0.995724
    39 1.099667 -0.000004 -0.000001 -0.048647 0.108807 -0.506629
    40 0.807129 -0.358643 -1.316406 1.391888 0.446144 -0.556730
    41 1.789783 -0.000002 -0.000002 0.030300 -0.047271 0.412855
    42 1.207001 0.000009 0.000000 -0.006740 -0.074456 -0.170110
    43 5.073761 -4.063510 -2.918343 3.826595 -0.063832 -1.771607
    44 0.000000 0.196712 0.000000 1.570797 0.000000 0.000001
    45 0.000002 2.032589 0.000000 0.000000 0.000000 0.000000
    46 0.000002 1.571991 0.000000 0.000000 0.000000 0.000000
    47 3.775905 -5.485672 -0.527956 -2.248292 -0.133225 -1.641886
  time 158
    0 -0.000003 -13.531250 -29.421875 1.570792 0.000003 -0.000003
    1 0.000000 3.345131 -2.981898 1.570796 0.083192 1.570795
    2 4.015625 0.000001 0.000000 0.000000 -0.000001 -0.028819
    3 3.520294 0.000005 -0.000006 0.000000 0.000000 0.097311
    4 8.929688 -0.000001 0.000000 0.000000 0.000001 0.186405
    5 2.035156 0.997070 1.937500 1.589735 -1.286517 2.950158
    6 6.028159 -0.000069 0.000009 -1.575890 0.049155 -1.169438
    7 11.692566 0.000046 0.000011 -0.000002 0.000000 -0.060376
    8 11.481682 0.000088 -0.000031 1.568292 -0.038710 0.036026
    9 3.857422 -0.139526 -1.191406 -0.363882 0.112047 -0.355498
    10 1.312565 -0.000008 0.000000 -0.000002 0.054404 -0.409012
    11 0.729366 0.000002 -0.000002 -0.000001 0.040754 -0.240990
    12 3.941406 0.046936 -0.435059 -0.101499 0.042182 -0.269683
    13 1.539091 0.000008 -0.000002 0.000000 0.003737 -0.247812
    14 1.196321 0.000000 -0.000002 -0.000001 0.006168 -0.430818
    15 3.880859 -0.043091 0.427490 0.090105 -0.011419 -0.132542
    16 1.719578 0.000023 -0.000021 -0.000005 -0.020423 -0.365964
    17 1.209181 -0.000004 -0.000001 0.000001 -0.011427 -0.216116
    18 3.863281 -0.136475 1.332031 0.320642 -0.041405 -0.125801
    19 1.719431 -0.000023 0.000019 0.000001 -0.106227 -0.347813
    20 1.099676 0.000000 0.000006 0.000004 -0.067955 -0.234890
    21 0.807129 -0.346924 1.320313 -1.243196 -0.551768 -0.740654
    22 1.789787 0.000006 0.000006 -0.000002 -0.003712 0.228604
    23 1.207012 0.000011 0.000000 -0.000001 -0.005667 0.362993
    24 2.035156 0.997070 -1.937500 -1.661572 1.286515 2.950150
    25 6.028144 -0.000011 0.000002 1.920977 0.524407 -0.494232
    26 12.301971 -1.003936 0.937532 0.739916 -0.006254 -1.590012
    27 11.481657 0.000043 0.000019 -1.806858 0.439701 -0.295070
    28 3.858240 -0.131699 1.199994 0.390527 -0.101410 -0.916423
    29 1.312567 0.000000 0.000000 0.094365 -0.148312 -1.023377
    30 0.729362 0.000004 0.000003 0.246478 -0.201514 -1.343121
    31 3.941981 0.050872 0.435162 0.108940 0.058963 -0.470260
    32 1.539089 0.000008 0.000003 0.081999 -0.072597 -1.490887
    33 1.196316 0.000004 0.000005 0.030667 -0.074741 -1.027947
    34 3.880859 -0.047028 -0.427490 -0.079036 0.162996 -0.514648
    35 1.719567 0.000023 0.000016 -0.048600 0.058563 -1.498659
    36 1.209175 0.000008 0.000005 -0.038127 -0.010975 -1.196747
    37 3.863493 -0.148186 -1.324350 -0.424029 0.413272 -0.567318
    38 1.719419 -0.000008 -0.000008 -0.103004 0.275398 -0.995724
    39 1.099667 -0.000004 -0.000001 -0.048647 0.108807 -0.506629
    40 0.807129 -0.358643 -1.316406 1.391888 0.446144 -0.556730
    41 1.789783 -0.000002 -0.000002 0.030300 -0.047271 0.412855
    42 1.207001 0.000009 0.000000 -0.006740 -0.074456 -0.170110
    43 5.073761 -4.063510 -2.918343 3.826595 -0.063832 -1.771607
    44 0.000000 0.196712 0.000000 1.570797 0.000000 0.000001
    45 0.000002 2.032589 0.000000 0.000000 0.000000 0.000000
    46 0.000002 1.571991 0.000000 0.000000 0.000000 0.000000
    47 3.775905 -5.485672 -0.527956 -2.248292 -0.133225 -1.641886
  time 159
    0 -0.000003 -13.531250 -29.421875 1.570792 0.000003 -0.000003
    1 0.000000 3.345131 -2.981898 1.570796 0.083192 1.570795
    2 4.015625 0.000001 0.000000 0.000000 -0.000001 -0.028819
    3 3.520294 0.000005 -0.000006 0.000000 0.000000 0.097311
    4 8.929688 -0.000001 0.000000 0.000000 0.000001 0.186405
    5 2.035156 0.997070 1.937500 1.589735 -1.286517 2.950158
    6 6.028159 -0.000069 0.000009 -1.575890 0.049155 -1.169438
    7 11.692566 0.000046 0.000011 -0.000002 0.000000 -0.060376
    8 11.481682 0.000088 -0.000031 1.568292 -0.038710 0.036026
    9 3.857422 -0.139526 -1.191406 -0.363882 0.112047 -0.355498
    10 1.312565 -0.000008 0.000000 -0.000002 0.054404 -0.409012
    11 0.729366 0.000002 -0.000002 -0.000001 0.040754 -0.240990
    12 3.941406 0.046936 -0.435059 -0.101499 0.042182 -0.269683
    13 1.539091 0.000008 -0.000002 0.000000 0.003737 -0.247812
    14 1.196321 0.000000 -0.000002 -0.000001 0.006168 -0.430818
    15 3.880859 -0.043091 0.427490 0.090105 -0.011419 -0.132542
    16 1.719578 0.000023 -0.000021 -0.000005 -0.020423 -0.365964
    17 1.209181 -0.000004 -0.000001 0.000001 -0.011427 -0.216116
    18 3.863281 -0.136475 1.332031 0.320642 -0.041405 -0.125801
    19 1.719431 -0.000023 0.000019 0.000001 -0.106227 -0.347813
    20 1.099676 0.000000 0.000006 0.000004 -0.067955 -0.234890
    21 0.807129 -0.346924 1.320313 -1.243196 -0.551768 -0.740654
    22 1.789787 0.000006 0.000006 -0.000002 -0.003712 0.228604
    23 1.207012 0.000011 0.000000 -0.000001 -0.005667 0.362993
    24 2.035156 0.997070 -1.937500 -1.661572 1.286515 2.950150
    25 6.028144 -0.000011 0.000002 1.921049 0.524456 -0.494196
    26 12.301971 -1.003936 0.937532 0.739961 -0.006268 -1.590012
    27 11.481657 0.000043 0.000019 -1.806915 0.439642 -0.295190
    28 3.854334 -0.131699 1.199994 0.390527 -0.101410 -0.916423
    29 1.312567 0.000000 0.000000 0.094365 -0.148312 -1.023377
    30 0.729362 0.000004 0.000003 0.246478 -0.201514 -1.343121
    31 3.941981 0.050872 0.435162 0.108940 0.058963 -0.470260
    32 1.539089 0.000008 0.000003 0.081999 -0.072597 -1.490887
    33 1.196316 0.000004 0.000005 0.030667 -0.074741 -1.027947
    34 3.880859 -0.047028 -0.427490 -0.079036 0.162996 -0.514648
    35 1.719567 0.000023 0.000016 -0.048600 0.058551 -1.498659
    36 1.209175 0.000008 0.000005 -0.038127 -0.010975 -1.196747
    37 3.867399 -0.148186 -1.324350 -0.424029 0.413272 -0.567318
    38 1.719419 -0.000008 -0.000008 -0.103004 0.275398 -0.995724
    39 1.099667 -0.000004 -0.000001 -0.048647 0.108807 -0.506629
    40 0.807129 -0.358643 -1.316406 1.391888 0.446144 -0.556730
    41 1.789783 -0.000002 -0.000002 0.030300 -0.047271 0.412855
    42 1.207001 0.000009 0.000000 -0.006740 -0.074456 -0.170110
    43 5.073761 -4.063510 -2.918343 3.826595 -0.063832 -1.771607
    44 0.000000 0.196712 0.000000 1.570797 0.000000 0.000001
    45 0.000002 2.032589 0.000000 0.000000 0.000000 0.000000
    46 0.000002 1.571991 0.000000 0.000000 0.000000 0.000000
    47 3.775905 -5.485672 -0.527956 -2.248292 -0.133225 -1.641886
  time 160
    0 -0.000003 -13.531250 -29.421875 1.570792 0.000003 -0.000003
    1 0.000000 3.345131 -2.981898 1.570796 0.083192 1.570795
    2 4.015625 0.000001 0.000000 0.000000 -0.000001 -0.028819
    3 3.520294 0.000005 -0.000006 0.000000 0.000000 0.097311
    4 8.929688 -0.000001 0.000000 0.000000 0.000001 0.186405
    5 2.035156 0.997070 1.937500 1.589735 -1.286517 2.950158
    6 6.028159 -0.000069 0.000009 -1.575890 0.049155 -1.169438
    7 11.692566 0.000046 0.000011 -0.000002 0.000000 -0.060376
    8 11.481682 0.000088 -0.000031 1.568292 -0.038710 0.036026
    9 3.857422 -0.139526 -1.191406 -0.363882 0.112047 -0.355498
    10 1.312565 -0.000008 0.000000 -0.000002 0.054404 -0.409012
    11 0.729366 0.000002 -0.000002 -0.000001 0.040754 -0.240990
    12 3.941406 0.046936 -0.435059 -0.101499 0.042182 -0.269683
    13 1.539091 0.000008 -0.000002 0.000000 0.003737 -0.247812
    14 1.196321 0.000000 -0.000002 -0.000001 0.006168 -0.430818
    15 3.880859 -0.043091 0.427490 0.090105 -0.011419 -0.132542
    16 1.719578 0.000023 -0.000021 -0.000005 -0.020423 -0.365964
    17 1.209181 -0.000004 -0.000001 0.000001 -0.011427 -0.216116
    18 3.863281 -0.136475 1.332031 0.320642 -0.041405 -0.125801
    19 1.719431 -0.000023 0.000019 0.000001 -0.106227 -0.347813
    20 1.099676 0.000000 0.000006 0.000004 -0.067955 -0.234890
    21 0.807129 -0.346924 1.320313 -1.243196 -0.551768 -0.740654
    22 1.789787 0.000006 0.000006 -0.000002 -0.003712 0.228604
    23 1.207012 0.000011 0.000000 -0.000001 -0.005667 0.362993
    24 2.035156 0.997070 -1.937500 -1.661572 1.286515 2.950150
    25 6.028144 -0.000011 0.000002 1.921073 0.524481 -0.494184
    26 12.301971 -1.003936 0.937532 0.739984 -0.006268 -1.589958
    27 11.481657 0.000043 0.000019 -1.806934 0.439613 -0.295226
    28 3.858240 -0.131699 1.199994 0.390527 -0.101410 -0.916423
    29 1.312567 0.000000 0.000000 0.094365 -0.148312 -1.023377
    30 0.729362 0.000004 0.000003 0.246478 -0.201514 -1.343121
    31 3.941981 0.050872 0.435162 0.108940 0.058963 -0.470260
    32 1.539089 0.000008 0.000003 0.081999 -0.072597 -1.490925
    33 1.196316 0.000004 0.000005 0.030667 -0.074741 -1.027947
    34 3.880859 -0.047028 -0.427490 -0.079036 0.162996 -0.514648
    35 1.719567 0.000023 0.000016 -0.048600 0.058551 -1.498659
    36 1.209175 0.000008 0.000005 -0.038127 -0.010975 -1.196747
    37 3.867399 -0.148186 -1.324350 -0.424029 0.413272 -0.567318
    38 1.719419 -0.000008 -0.000008 -0.103004 0.275398 -0.995724
    39 1.099667 -0.000004 -0.000001 -0.048647 0.108807 -0.506629
    40 0.807129 -0.358643 -1.316406 1.391888 0.446144 -0.556730
    41 1.789783 -0.000002 -0.000002 0.030300 -0.047271 0.412855
    42 1.207001 0.000009 0.000000 -0.006740 -0.074456 -0.170110
    43 5.073761 -4.063510 -2.918343 3.826595 -0.063832 -1.771607
    44 0.000000 0.196712 0.000000 1.570797 0.000000 0.000001
    45 0.000002 2.032589 0.000000 0.000000 0.000000 0.000000
    46 0.000002 1.571991 0.000000 0.000000 0.000000 0.000000
    47 3.775905 -5.485672 -0.527956 -2.248292 -0.133225 -1.641886
end
