// Created by Crowbar 0.74
version 1
nodes
  0 "ValveBiped.Bip01" -1
  1 "ValveBiped.Bip01_Spine" 0
  2 "ValveBiped.Bip01_Spine1" 1
  3 "ValveBiped.Bip01_Spine2" 2
  4 "ValveBiped.Bip01_Spine4" 3
  5 "ValveBiped.Bip01_L_Clavicle" 4
  6 "ValveBiped.Bip01_L_UpperArm" 5
  7 "ValveBiped.Bip01_L_Forearm" 6
  8 "ValveBiped.Bip01_L_Hand" 7
  9 "ValveBiped.Bip01_L_Finger4" 8
  10 "ValveBiped.Bip01_L_Finger41" 9
  11 "ValveBiped.Bip01_L_Finger42" 10
  12 "ValveBiped.Bip01_L_Finger3" 8
  13 "ValveBiped.Bip01_L_Finger31" 12
  14 "ValveBiped.Bip01_L_Finger32" 13
  15 "ValveBiped.Bip01_L_Finger2" 8
  16 "ValveBiped.Bip01_L_Finger21" 15
  17 "ValveBiped.Bip01_L_Finger22" 16
  18 "ValveBiped.Bip01_L_Finger1" 8
  19 "ValveBiped.Bip01_L_Finger11" 18
  20 "ValveBiped.Bip01_L_Finger12" 19
  21 "ValveBiped.Bip01_L_Finger0" 8
  22 "ValveBiped.Bip01_L_Finger01" 21
  23 "ValveBiped.Bip01_L_Finger02" 22
  24 "ValveBiped.Bip01_R_Clavicle" 4
  25 "ValveBiped.Bip01_R_UpperArm" 24
  26 "ValveBiped.Bip01_R_Forearm" 25
  27 "ValveBiped.Bip01_R_Hand" 26
  28 "ValveBiped.Bip01_R_Finger4" 27
  29 "ValveBiped.Bip01_R_Finger41" 28
  30 "ValveBiped.Bip01_R_Finger42" 29
  31 "ValveBiped.Bip01_R_Finger3" 27
  32 "ValveBiped.Bip01_R_Finger31" 31
  33 "ValveBiped.Bip01_R_Finger32" 32
  34 "ValveBiped.Bip01_R_Finger2" 27
  35 "ValveBiped.Bip01_R_Finger21" 34
  36 "ValveBiped.Bip01_R_Finger22" 35
  37 "ValveBiped.Bip01_R_Finger1" 27
  38 "ValveBiped.Bip01_R_Finger11" 37
  39 "ValveBiped.Bip01_R_Finger12" 38
  40 "ValveBiped.Bip01_R_Finger0" 27
  41 "ValveBiped.Bip01_R_Finger01" 40
  42 "ValveBiped.Bip01_R_Finger02" 41
  43 "ValveBiped.Camera" 27
end
skeleton
  time 0
    0 -0.000003 -13.531250 -29.421875 1.570788 0.000007 -0.000007
    1 0.000000 3.345131 -2.981898 1.570789 0.086301 1.570789
    2 4.015625 0.000001 0.000000 0.000000 0.000000 -0.029241
    3 3.520294 0.000014 -0.000001 0.000000 0.000000 0.100332
    4 8.929688 0.000000 0.000000 0.000000 0.000000 0.194095
    5 2.035156 0.997070 1.937500 1.596487 -1.284993 2.943127
    6 6.028151 -0.000031 0.000004 -1.554965 -0.838975 -0.853906
    7 11.692549 0.000005 0.000011 0.048560 0.192772 -1.761500
    8 11.481670 0.000049 -0.000031 1.238153 -0.584038 0.230134
    9 3.858219 -0.135628 -1.192198 -0.462168 -0.183015 -1.143494
    10 1.312561 -0.000008 0.000000 0.000000 0.054403 -0.409014
    11 0.729362 0.000004 -0.000003 -0.000002 0.040753 -0.240990
    12 3.938059 0.050857 -0.435178 -0.058906 -0.190477 -1.052198
    13 1.539095 0.000004 -0.000002 0.000000 0.003735 -0.247814
    14 1.196325 0.000000 -0.000004 -0.000001 0.006169 -0.430818
    15 3.880859 -0.043091 0.427490 -0.476763 -0.093580 -0.824965
    16 1.719580 0.000011 -0.000015 -0.039460 -0.167701 -0.315837
    17 1.209179 -0.000004 0.000000 0.312038 0.209821 -0.320126
    18 3.863477 -0.132587 1.332145 0.316553 -0.532806 -0.147542
    19 1.719426 -0.000004 0.000007 -0.008714 -0.308204 -1.257834
    20 1.099669 -0.000004 0.000000 -0.000002 0.002587 -0.283860
    21 0.807581 -0.343248 1.320585 -1.197390 -0.475295 -0.937730
    22 1.789783 0.000002 0.000006 -0.000002 -0.003712 0.228604
    23 1.207008 0.000009 -0.000002 0.068240 -0.043107 0.237799
    24 2.035156 0.997070 -1.937500 -1.667267 1.282923 2.944210
    25 6.028140 -0.000004 0.000001 1.564103 0.793322 -0.843527
    26 11.692560 0.000021 -0.000004 -0.000388 -0.066958 -1.811914
    27 11.481653 0.000064 0.000015 -1.183866 0.520525 0.156055
    28 3.854337 -0.131714 1.199996 1.185686 -0.224301 -1.641700
    29 1.312565 0.000000 -0.000002 0.122434 -0.179429 -0.573229
    30 0.729366 0.000004 0.000003 0.000000 -0.000110 -0.248950
    31 3.938077 0.050857 0.435164 -0.031435 -0.126224 -1.323235
    32 1.539099 0.000004 0.000002 -0.245476 0.386205 -0.367027
    33 1.196320 0.000008 0.000004 0.000000 -0.000162 -0.332870
    34 3.880859 -0.047028 -0.427490 0.125580 0.221647 -0.416549
    35 1.719571 0.000019 0.000015 -0.311129 -0.043739 -1.054626
    36 1.209175 0.000004 0.000003 0.172210 -0.116519 -0.543375
    37 3.863496 -0.144303 -1.324347 -0.141219 0.635538 -0.479029
    38 1.719421 -0.000008 -0.000008 -0.052815 0.006926 -0.449862
    39 1.099667 -0.000004 0.000000 0.156990 -0.328270 -0.887119
    40 0.811503 -0.358881 -1.312776 1.243202 0.551772 -0.740648
    41 1.789776 0.000000 0.000002 -0.000008 0.003711 0.228604
    42 1.207008 0.000007 0.000000 0.000000 0.005667 0.362991
    43 3.775391 -5.484375 -0.527832 -2.248284 -0.133216 -1.641882
  time 1
    0 -0.000003 -13.531250 -29.421875 1.570788 0.000007 -0.000007
    1 0.000000 3.345131 -2.981898 1.570789 0.086301 1.570789
    2 4.015625 0.000001 0.000000 0.000000 0.000000 -0.029241
    3 3.520294 0.000014 -0.000001 0.000000 0.000000 0.100332
    4 8.929688 0.000000 0.000000 0.000000 0.000000 0.194095
    5 2.035156 0.997070 1.937500 1.596487 -1.284993 2.943127
    6 6.028151 -0.000031 0.000004 -1.554965 -0.838975 -0.853894
    7 11.692549 0.000005 0.000011 0.048560 0.192760 -1.761500
    8 11.481670 0.000049 -0.000031 1.238153 -0.584018 0.230134
    9 3.858219 -0.135628 -1.192198 -0.462168 -0.183015 -1.143494
    10 1.312561 -0.000008 0.000000 0.000000 0.054403 -0.409014
    11 0.729362 0.000004 -0.000003 -0.000002 0.040753 -0.240990
    12 3.941966 0.050857 -0.435178 -0.058906 -0.190477 -1.052198
    13 1.539095 0.000004 -0.000002 0.000000 0.003735 -0.247814
    14 1.196325 0.000000 -0.000004 -0.000001 0.006169 -0.430818
    15 3.880859 -0.043091 0.427490 -0.476763 -0.093580 -0.824965
    16 1.719580 0.000011 -0.000015 -0.039460 -0.167701 -0.315837
    17 1.209179 -0.000004 0.000000 0.312038 0.209821 -0.320126
    18 3.863477 -0.132587 1.332145 0.316553 -0.532806 -0.147542
    19 1.719426 -0.000004 0.000007 -0.008714 -0.308204 -1.257834
    20 1.099669 -0.000004 0.000000 -0.000002 0.002587 -0.283860
    21 0.807581 -0.343248 1.316678 -1.197390 -0.475295 -0.937730
    22 1.789783 0.000002 0.000006 -0.000002 -0.003712 0.228604
    23 1.207008 0.000009 -0.000002 0.068240 -0.043107 0.237799
    24 2.035156 0.997070 -1.937500 -1.667267 1.282923 2.944210
    25 6.028140 -0.000004 0.000001 1.564091 0.793322 -0.843539
    26 11.692560 0.000021 -0.000004 -0.000388 -0.066958 -1.811914
    27 11.481653 0.000064 0.000015 -1.183852 0.520525 0.156055
    28 3.854337 -0.127808 1.199996 1.185686 -0.224301 -1.641700
    29 1.312565 0.000000 -0.000002 0.122434 -0.179429 -0.573229
    30 0.729366 0.000004 0.000003 0.000000 -0.000110 -0.248950
    31 3.941984 0.050857 0.435164 -0.031435 -0.126224 -1.323235
    32 1.539099 0.000004 0.000002 -0.245476 0.386205 -0.367027
    33 1.196320 0.000008 0.000004 0.000000 -0.000162 -0.332870
    34 3.880859 -0.047028 -0.427490 0.125580 0.221647 -0.416549
    35 1.719571 0.000019 0.000015 -0.311129 -0.043739 -1.054647
    36 1.209175 0.000004 0.000003 0.172210 -0.116519 -0.543375
    37 3.867402 -0.144303 -1.324347 -0.141219 0.635538 -0.479029
    38 1.719421 -0.000008 -0.000008 -0.052815 0.006926 -0.449862
    39 1.099667 -0.000004 0.000000 0.156990 -0.328270 -0.887119
    40 0.811503 -0.358881 -1.312776 1.243202 0.551772 -0.740648
    41 1.789776 0.000000 0.000002 -0.000008 0.003711 0.228604
    42 1.207008 0.000007 0.000000 0.000000 0.005667 0.362991
    43 3.775391 -5.484375 -0.527832 -2.248284 -0.133216 -1.641882
  time 2
    0 -0.000003 -13.531250 -29.421875 1.570788 0.000007 -0.000007
    1 0.000000 3.345131 -2.981898 1.570789 0.086301 1.570789
    2 4.015625 0.000001 0.000000 0.000000 0.000000 -0.029241
    3 3.520294 0.000014 -0.000001 0.000000 0.000000 0.100332
    4 8.929688 0.000000 0.000000 0.000000 0.000000 0.194095
    5 2.035156 0.997070 1.937500 1.596487 -1.284993 2.943127
    6 6.028151 -0.000031 0.000004 -1.554984 -0.838942 -0.853870
    7 11.692549 0.000005 0.000011 0.048560 0.192760 -1.761500
    8 11.481670 0.000049 -0.000031 1.238202 -0.584018 0.230117
    9 3.858219 -0.135628 -1.192198 -0.462168 -0.183015 -1.143494
    10 1.312561 -0.000008 0.000000 0.000000 0.054403 -0.409014
    11 0.729362 0.000004 -0.000003 -0.000002 0.040753 -0.240990
    12 3.938059 0.050857 -0.435178 -0.058906 -0.190477 -1.052198
    13 1.539095 0.000004 -0.000002 0.000000 0.003735 -0.247814
    14 1.196325 0.000000 -0.000004 -0.000001 0.006169 -0.430818
    15 3.880859 -0.043091 0.427490 -0.476763 -0.093580 -0.824965
    16 1.719580 0.000011 -0.000015 -0.039460 -0.167701 -0.315837
    17 1.209179 -0.000004 0.000000 0.312038 0.209821 -0.320126
    18 3.863477 -0.132587 1.332145 0.316553 -0.532806 -0.147542
    19 1.719426 -0.000004 0.000007 -0.008714 -0.308204 -1.257834
    20 1.099669 -0.000004 0.000000 -0.000002 0.002587 -0.283860
    21 0.807581 -0.343248 1.320585 -1.197390 -0.475295 -0.937730
    22 1.789783 0.000002 0.000006 -0.000002 -0.003712 0.228604
    23 1.207008 0.000009 -0.000002 0.068240 -0.043107 0.237799
    24 2.035156 0.997070 -1.937500 -1.667267 1.282923 2.944210
    25 6.028140 -0.000004 0.000001 1.564055 0.793322 -0.843551
    26 11.692560 0.000021 -0.000004 -0.000388 -0.066982 -1.811914
    27 11.481653 0.000064 0.000015 -1.183839 0.520558 0.156067
    28 3.854337 -0.131714 1.199996 1.185711 -0.224301 -1.641700
    29 1.312565 0.000000 -0.000002 0.122434 -0.179429 -0.573229
    30 0.729366 0.000004 0.000003 0.000000 -0.000110 -0.248950
    31 3.938077 0.050857 0.435164 -0.031435 -0.126224 -1.323267
    32 1.539099 0.000004 0.000002 -0.245476 0.386205 -0.367027
    33 1.196320 0.000008 0.000004 0.000000 -0.000162 -0.332870
    34 3.880859 -0.047028 -0.427490 0.125580 0.221647 -0.416549
    35 1.719571 0.000019 0.000015 -0.311129 -0.043739 -1.054626
    36 1.209175 0.000004 0.000003 0.172210 -0.116519 -0.543375
    37 3.863496 -0.144303 -1.324347 -0.141219 0.635538 -0.479029
    38 1.719421 -0.000008 -0.000008 -0.052815 0.006926 -0.449862
    39 1.099667 -0.000004 0.000000 0.156990 -0.328270 -0.887119
    40 0.807596 -0.358881 -1.312776 1.243202 0.551772 -0.740648
    41 1.789776 0.000000 0.000002 -0.000008 0.003711 0.228604
    42 1.207008 0.000007 0.000000 0.000000 0.005667 0.362991
    43 3.775391 -5.484375 -0.527832 -2.248284 -0.133216 -1.641882
  time 3
    0 -0.000003 -13.531250 -29.421875 1.570788 0.000007 -0.000007
    1 0.000000 3.345131 -2.981898 1.570789 0.086301 1.570789
    2 4.015625 0.000001 0.000000 0.000000 0.000000 -0.029241
    3 3.520294 0.000014 -0.000001 0.000000 0.000000 0.100332
    4 8.929688 0.000000 0.000000 0.000000 0.000000 0.194095
    5 2.035156 0.997070 1.937500 1.596487 -1.284993 2.943127
    6 6.028151 -0.000031 0.000004 -1.555023 -0.838909 -0.853846
    7 11.692549 0.000005 0.000011 0.048548 0.192736 -1.761500
    8 11.481670 0.000049 -0.000031 1.238251 -0.584018 0.230101
    9 3.858219 -0.135628 -1.192198 -0.462168 -0.183015 -1.143494
    10 1.312561 -0.000008 0.000000 0.000000 0.054403 -0.409014
    11 0.729362 0.000004 -0.000003 -0.000002 0.040753 -0.240990
    12 3.938059 0.050857 -0.435178 -0.058906 -0.190477 -1.052198
    13 1.539095 0.000004 -0.000002 0.000000 0.003735 -0.247814
    14 1.196325 0.000000 -0.000004 -0.000001 0.006169 -0.430818
    15 3.880859 -0.043091 0.427490 -0.476763 -0.093580 -0.824965
    16 1.719580 0.000011 -0.000015 -0.039460 -0.167701 -0.315837
    17 1.209179 -0.000004 0.000000 0.312038 0.209821 -0.320126
    18 3.863477 -0.132587 1.332145 0.316553 -0.532806 -0.147542
    19 1.719426 -0.000004 0.000007 -0.008714 -0.308204 -1.257834
    20 1.099669 -0.000004 0.000000 -0.000002 0.002587 -0.283860
    21 0.807581 -0.343248 1.320585 -1.197390 -0.475295 -0.937730
    22 1.789783 0.000002 0.000006 -0.000002 -0.003712 0.228604
    23 1.207008 0.000009 -0.000002 0.068240 -0.043107 0.237799
    24 2.035156 0.997070 -1.937500 -1.667267 1.282923 2.944210
    25 6.028140 -0.000004 0.000001 1.563995 0.793297 -0.843600
    26 11.692560 0.000021 -0.000004 -0.000388 -0.067018 -1.811914
    27 11.481653 0.000064 0.000015 -1.183798 0.520590 0.156079
    28 3.854337 -0.131714 1.199996 1.185686 -0.224301 -1.641700
    29 1.312565 0.000000 -0.000002 0.122434 -0.179429 -0.573229
    30 0.729366 0.000004 0.000003 0.000000 -0.000110 -0.248950
    31 3.938077 0.050857 0.435164 -0.031435 -0.126224 -1.323235
    32 1.539099 0.000004 0.000002 -0.245476 0.386205 -0.367027
    33 1.196320 0.000008 0.000004 0.000000 -0.000162 -0.332870
    34 3.880859 -0.047028 -0.427490 0.125580 0.221647 -0.416549
    35 1.719571 0.000019 0.000015 -0.311129 -0.043739 -1.054626
    36 1.209175 0.000004 0.000003 0.172210 -0.116519 -0.543375
    37 3.863496 -0.144303 -1.324347 -0.141219 0.635538 -0.479029
    38 1.719421 -0.000008 -0.000008 -0.052815 0.006926 -0.449862
    39 1.099667 -0.000004 0.000000 0.156990 -0.328270 -0.887119
    40 0.807596 -0.358881 -1.312776 1.243202 0.551772 -0.740648
    41 1.789776 0.000000 0.000002 -0.000008 0.003711 0.228604
    42 1.207008 0.000007 0.000000 0.000000 0.005667 0.362991
    43 3.775391 -5.484375 -0.527832 -2.248284 -0.133216 -1.641882
  time 4
    0 -0.000003 -13.531250 -29.421875 1.570788 0.000007 -0.000007
    1 0.000000 3.345131 -2.981898 1.570789 0.086301 1.570789
    2 4.015625 0.000001 0.000000 0.000000 0.000000 -0.029241
    3 3.520294 0.000014 -0.000001 0.000000 0.000000 0.100332
    4 8.929688 0.000000 0.000000 0.000000 0.000000 0.194095
    5 2.035156 0.997070 1.937500 1.596487 -1.284993 2.943127
    6 6.028151 -0.000031 0.000004 -1.555080 -0.838844 -0.853798
    7 11.692549 0.000005 0.000011 0.048548 0.192712 -1.761553
    8 11.481670 0.000049 -0.000031 1.238348 -0.583999 0.230068
    9 3.858219 -0.135628 -1.192198 -0.462168 -0.183015 -1.143494
    10 1.312561 -0.000008 0.000000 0.000000 0.054403 -0.409014
    11 0.729362 0.000004 -0.000003 -0.000002 0.040753 -0.240990
    12 3.941966 0.050857 -0.435178 -0.058906 -0.190477 -1.052198
    13 1.539095 0.000004 -0.000002 0.000000 0.003735 -0.247814
    14 1.196325 0.000000 -0.000004 -0.000001 0.006169 -0.430818
    15 3.880859 -0.043091 0.427490 -0.476763 -0.093580 -0.824965
    16 1.719580 0.000011 -0.000015 -0.039460 -0.167701 -0.315837
    17 1.209179 -0.000004 0.000000 0.312038 0.209821 -0.320126
    18 3.863477 -0.132587 1.332145 0.316553 -0.532806 -0.147542
    19 1.719426 -0.000004 0.000007 -0.008714 -0.308204 -1.257834
    20 1.099669 -0.000004 0.000000 -0.000002 0.002587 -0.283860
    21 0.807581 -0.343248 1.316678 -1.197390 -0.475295 -0.937730
    22 1.789783 0.000002 0.000006 -0.000002 -0.003712 0.228604
    23 1.207008 0.000009 -0.000002 0.068240 -0.043107 0.237799
    24 2.035156 0.997070 -1.937500 -1.667267 1.282923 2.944210
    25 6.028140 -0.000004 0.000001 1.563911 0.793272 -0.843648
    26 11.692560 0.000021 -0.000004 -0.000400 -0.067066 -1.811914
    27 11.481653 0.000064 0.000015 -1.183744 0.520640 0.156103
    28 3.854337 -0.131714 1.199996 1.185686 -0.224301 -1.641700
    29 1.312565 0.000000 -0.000002 0.122434 -0.179429 -0.573229
    30 0.729366 0.000004 0.000003 0.000000 -0.000110 -0.248950
    31 3.938077 0.050857 0.435164 -0.031435 -0.126224 -1.323267
    32 1.539099 0.000004 0.000002 -0.245476 0.386205 -0.367027
    33 1.196320 0.000008 0.000004 0.000000 -0.000162 -0.332870
    34 3.880859 -0.047028 -0.427490 0.125580 0.221647 -0.416549
    35 1.719571 0.000019 0.000015 -0.311129 -0.043739 -1.054626
    36 1.209175 0.000004 0.000003 0.172210 -0.116519 -0.543375
    37 3.863496 -0.144303 -1.324347 -0.141219 0.635538 -0.479029
    38 1.719421 -0.000008 -0.000008 -0.052815 0.006926 -0.449862
    39 1.099667 -0.000004 0.000000 0.156990 -0.328270 -0.887119
    40 0.807596 -0.358881 -1.312776 1.243202 0.551772 -0.740648
    41 1.789776 0.000000 0.000002 -0.000008 0.003711 0.228604
    42 1.207008 0.000007 0.000000 0.000000 0.005667 0.362991
    43 3.775391 -5.484375 -0.527832 -2.248284 -0.133216 -1.641882
  time 5
    0 -0.000003 -13.531250 -29.421875 1.570788 0.000007 -0.000007
    1 0.000000 3.345131 -2.981898 1.570789 0.086301 1.570789
    2 4.015625 0.000001 0.000000 0.000000 0.000000 -0.029241
    3 3.520294 0.000014 -0.000001 0.000000 0.000000 0.100332
    4 8.929688 0.000000 0.000000 0.000000 0.000000 0.194095
    5 2.035156 0.997070 1.937500 1.596487 -1.284993 2.943127
    6 6.028151 -0.000031 0.000004 -1.555138 -0.838778 -0.853738
    7 11.692549 0.000005 0.000011 0.048536 0.192688 -1.761606
    8 11.481670 0.000049 -0.000031 1.238445 -0.583980 0.230035
    9 3.858219 -0.135628 -1.192198 -0.462168 -0.183015 -1.143494
    10 1.312561 -0.000008 0.000000 0.000000 0.054403 -0.409014
    11 0.729362 0.000004 -0.000003 -0.000002 0.040753 -0.240990
    12 3.938059 0.050857 -0.435178 -0.058906 -0.190477 -1.052198
    13 1.539095 0.000004 -0.000002 0.000000 0.003735 -0.247814
    14 1.196325 0.000000 -0.000004 -0.000001 0.006169 -0.430818
    15 3.880859 -0.043091 0.427490 -0.476763 -0.093580 -0.824965
    16 1.719580 0.000011 -0.000015 -0.039460 -0.167701 -0.315837
    17 1.209179 -0.000004 0.000000 0.312038 0.209821 -0.320126
    18 3.863477 -0.132587 1.332145 0.316553 -0.532806 -0.147542
    19 1.719426 -0.000004 0.000007 -0.008714 -0.308204 -1.257834
    20 1.099669 -0.000004 0.000000 -0.000002 0.002587 -0.283860
    21 0.807581 -0.343248 1.320585 -1.197390 -0.475295 -0.937730
    22 1.789783 0.000002 0.000006 -0.000002 -0.003712 0.228604
    23 1.207008 0.000009 -0.000002 0.068240 -0.043107 0.237799
    24 2.035156 0.997070 -1.937500 -1.667267 1.282923 2.944210
    25 6.028140 -0.000004 0.000001 1.563791 0.793272 -0.843720
    26 11.692560 0.000021 -0.000004 -0.000400 -0.067125 -1.811861
    27 11.481653 0.000064 0.000015 -1.183676 0.520721 0.156139
    28 3.854337 -0.131714 1.199996 1.185686 -0.224301 -1.641700
    29 1.312565 0.000000 -0.000002 0.122434 -0.179429 -0.573229
    30 0.729366 0.000004 0.000003 0.000000 -0.000110 -0.248950
    31 3.938077 0.050857 0.435164 -0.031435 -0.126224 -1.323235
    32 1.539099 0.000004 0.000002 -0.245476 0.386205 -0.367027
    33 1.196320 0.000008 0.000004 0.000000 -0.000162 -0.332870
    34 3.880859 -0.047028 -0.427490 0.125580 0.221647 -0.416549
    35 1.719571 0.000019 0.000015 -0.311129 -0.043739 -1.054626
    36 1.209175 0.000004 0.000003 0.172210 -0.116519 -0.543375
    37 3.863496 -0.144303 -1.324347 -0.141219 0.635538 -0.479029
    38 1.719421 -0.000008 -0.000008 -0.052815 0.006926 -0.449862
    39 1.099667 -0.000004 0.000000 0.156990 -0.328270 -0.887119
    40 0.807596 -0.358881 -1.312776 1.243202 0.551772 -0.740648
    41 1.789776 0.000000 0.000002 -0.000008 0.003711 0.228604
    42 1.207008 0.000007 0.000000 0.000000 0.005667 0.362991
    43 3.775391 -5.484375 -0.527832 -2.248284 -0.133216 -1.641882
  time 6
    0 -0.000003 -13.531250 -29.421875 1.570788 0.000007 -0.000007
    1 0.000000 3.345131 -2.981898 1.570789 0.086301 1.570789
    2 4.015625 0.000001 0.000000 0.000000 0.000000 -0.029241
    3 3.520294 0.000014 -0.000001 0.000000 0.000000 0.100332
    4 8.929688 0.000000 0.000000 0.000000 0.000000 0.194095
    5 2.035156 0.997070 1.937500 1.596487 -1.284993 2.943127
    6 6.028151 -0.000031 0.000004 -1.555215 -0.838680 -0.853666
    7 11.692549 0.000005 0.000011 0.048536 0.192652 -1.761606
    8 11.481670 0.000049 -0.000031 1.238591 -0.583941 0.229986
    9 3.858219 -0.135628 -1.192198 -0.462168 -0.183015 -1.143494
    10 1.312561 -0.000008 0.000000 0.000000 0.054403 -0.409014
    11 0.729362 0.000004 -0.000003 -0.000002 0.040753 -0.240990
    12 3.938059 0.050857 -0.435178 -0.058906 -0.190477 -1.052198
    13 1.539095 0.000004 -0.000002 0.000000 0.003735 -0.247814
    14 1.196325 0.000000 -0.000004 -0.000001 0.006169 -0.430818
    15 3.880859 -0.043091 0.427490 -0.476763 -0.093580 -0.824965
    16 1.719580 0.000011 -0.000015 -0.039460 -0.167701 -0.315837
    17 1.209179 -0.000004 0.000000 0.312038 0.209821 -0.320126
    18 3.863477 -0.132587 1.332145 0.316553 -0.532806 -0.147542
    19 1.719426 -0.000004 0.000007 -0.008714 -0.308204 -1.257834
    20 1.099669 -0.000004 0.000000 -0.000002 0.002587 -0.283860
    21 0.807581 -0.343248 1.320585 -1.197390 -0.475295 -0.937730
    22 1.789783 0.000002 0.000006 -0.000002 -0.003712 0.228604
    23 1.207008 0.000009 -0.000002 0.068240 -0.043107 0.237799
    24 2.035156 0.997070 -1.937500 -1.667267 1.282923 2.944210
    25 6.028140 -0.000004 0.000001 1.563659 0.793222 -0.843804
    26 11.692560 0.000021 -0.000004 -0.000400 -0.067197 -1.811861
    27 11.481653 0.000064 0.000015 -1.183595 0.520803 0.156163
    28 3.854337 -0.127808 1.199996 1.185711 -0.224301 -1.641700
    29 1.312565 0.000000 -0.000002 0.122434 -0.179429 -0.573229
    30 0.729366 0.000004 0.000003 0.000000 -0.000110 -0.248950
    31 3.941984 0.050857 0.435164 -0.031435 -0.126224 -1.323235
    32 1.539099 0.000004 0.000002 -0.245476 0.386205 -0.367027
    33 1.196320 0.000008 0.000004 0.000000 -0.000162 -0.332870
    34 3.880859 -0.047028 -0.427490 0.125580 0.221647 -0.416549
    35 1.719571 0.000019 0.000015 -0.311129 -0.043739 -1.054626
    36 1.209175 0.000004 0.000003 0.172210 -0.116519 -0.543375
    37 3.863496 -0.144303 -1.324347 -0.141219 0.635538 -0.479029
    38 1.719421 -0.000008 -0.000008 -0.052815 0.006926 -0.449862
    39 1.099667 -0.000004 0.000000 0.156990 -0.328270 -0.887119
    40 0.811503 -0.358881 -1.312776 1.243202 0.551772 -0.740648
    41 1.789776 0.000000 0.000002 -0.000008 0.003711 0.228604
    42 1.207008 0.000007 0.000000 0.000000 0.005667 0.362991
    43 3.775391 -5.484375 -0.527832 -2.248284 -0.133216 -1.641882
  time 7
    0 -0.000003 -13.531250 -29.421875 1.570788 0.000007 -0.000007
    1 0.000000 3.345131 -2.981898 1.570789 0.086301 1.570789
    2 4.015625 0.000001 0.000000 0.000000 0.000000 -0.029241
    3 3.520294 0.000014 -0.000001 0.000000 0.000000 0.100332
    4 8.929688 0.000000 0.000000 0.000000 0.000000 0.194095
    5 2.035156 0.997070 1.937500 1.596487 -1.284993 2.943127
    6 6.028151 -0.000031 0.000004 -1.555312 -0.838548 -0.853582
    7 11.692549 0.000005 0.000011 0.048524 0.192616 -1.761659
    8 11.481670 0.000049 -0.000031 1.238737 -0.583902 0.229937
    9 3.858219 -0.135628 -1.192198 -0.462168 -0.183015 -1.143494
    10 1.312561 -0.000008 0.000000 0.000000 0.054403 -0.409014
    11 0.729362 0.000004 -0.000003 -0.000002 0.040753 -0.240990
    12 3.938059 0.050857 -0.435178 -0.058906 -0.190477 -1.052198
    13 1.539095 0.000004 -0.000002 0.000000 0.003735 -0.247814
    14 1.196325 0.000000 -0.000004 -0.000001 0.006169 -0.430818
    15 3.880859 -0.043091 0.427490 -0.476763 -0.093580 -0.824965
    16 1.719580 0.000011 -0.000015 -0.039460 -0.167701 -0.315837
    17 1.209179 -0.000004 0.000000 0.312038 0.209821 -0.320126
    18 3.863477 -0.132587 1.332145 0.316553 -0.532806 -0.147542
    19 1.719426 -0.000004 0.000007 -0.008714 -0.308204 -1.257834
    20 1.099669 -0.000004 0.000000 -0.000002 0.002587 -0.283860
    21 0.807581 -0.343248 1.320585 -1.197390 -0.475295 -0.937730
    22 1.789783 0.000002 0.000006 -0.000002 -0.003712 0.228604
    23 1.207008 0.000009 -0.000002 0.068240 -0.043107 0.237799
    24 2.035156 0.997070 -1.937500 -1.667267 1.282923 2.944210
    25 6.028140 -0.000004 0.000001 1.563503 0.793197 -0.843901
    26 11.692560 0.000021 -0.000004 -0.000400 -0.067293 -1.811807
    27 11.481653 0.000064 0.000015 -1.183486 0.520901 0.156210
    28 3.854337 -0.131714 1.199996 1.185711 -0.224301 -1.641700
    29 1.312565 0.000000 -0.000002 0.122434 -0.179429 -0.573229
    30 0.729366 0.000004 0.000003 0.000000 -0.000110 -0.248950
    31 3.941984 0.050857 0.435164 -0.031435 -0.126224 -1.323235
    32 1.539099 0.000004 0.000002 -0.245476 0.386205 -0.367027
    33 1.196320 0.000008 0.000004 0.000000 -0.000162 -0.332870
    34 3.880859 -0.047028 -0.427490 0.125580 0.221647 -0.416549
    35 1.719571 0.000019 0.000015 -0.311129 -0.043739 -1.054626
    36 1.209175 0.000004 0.000003 0.172210 -0.116519 -0.543375
    37 3.863496 -0.144303 -1.324347 -0.141219 0.635538 -0.479029
    38 1.719421 -0.000008 -0.000008 -0.052815 0.006926 -0.449862
    39 1.099667 -0.000004 0.000000 0.156990 -0.328270 -0.887119
    40 0.811503 -0.358881 -1.312776 1.243202 0.551772 -0.740648
    41 1.789776 0.000000 0.000002 -0.000008 0.003711 0.228604
    42 1.207008 0.000007 0.000000 0.000000 0.005667 0.362991
    43 3.775391 -5.484375 -0.527832 -2.248284 -0.133216 -1.641882
  time 8
    0 -0.000003 -13.531250 -29.421875 1.570788 0.000007 -0.000007
    1 0.000000 3.345131 -2.981898 1.570789 0.086301 1.570789
    2 4.015625 0.000001 0.000000 0.000000 0.000000 -0.029241
    3 3.520294 0.000014 -0.000001 0.000000 0.000000 0.100332
    4 8.929688 0.000000 0.000000 0.000000 0.000000 0.194095
    5 2.035156 0.997070 1.937500 1.596487 -1.284993 2.943127
    6 6.028151 -0.000031 0.000004 -1.555427 -0.838417 -0.853487
    7 11.692549 0.000005 0.000011 0.048512 0.192568 -1.761712
    8 11.481670 0.000049 -0.000031 1.238932 -0.583864 0.229871
    9 3.858219 -0.135628 -1.192198 -0.462168 -0.183015 -1.143494
    10 1.312561 -0.000008 0.000000 0.000000 0.054403 -0.409014
    11 0.729362 0.000004 -0.000003 -0.000002 0.040753 -0.240990
    12 3.938059 0.050857 -0.435178 -0.058906 -0.190477 -1.052198
    13 1.539095 0.000004 -0.000002 0.000000 0.003735 -0.247814
    14 1.196325 0.000000 -0.000004 -0.000001 0.006169 -0.430818
    15 3.880859 -0.043091 0.427490 -0.476763 -0.093580 -0.824965
    16 1.719580 0.000011 -0.000015 -0.039460 -0.167701 -0.315837
    17 1.209179 -0.000004 0.000000 0.312038 0.209821 -0.320126
    18 3.863477 -0.132587 1.332145 0.316553 -0.532806 -0.147542
    19 1.719426 -0.000004 0.000007 -0.008714 -0.308204 -1.257834
    20 1.099669 -0.000004 0.000000 -0.000002 0.002587 -0.283860
    21 0.807581 -0.343248 1.320585 -1.197390 -0.475295 -0.937730
    22 1.789783 0.000002 0.000006 -0.000002 -0.003712 0.228604
    23 1.207008 0.000009 -0.000002 0.068240 -0.043107 0.237799
    24 2.035156 0.997070 -1.937500 -1.667267 1.282923 2.944210
    25 6.028140 -0.000004 0.000001 1.563312 0.793147 -0.844009
    26 11.692560 0.000021 -0.000004 -0.000400 -0.067389 -1.811807
    27 11.481653 0.000064 0.000015 -1.183365 0.521015 0.156258
    28 3.854337 -0.127808 1.199996 1.185686 -0.224301 -1.641700
    29 1.312565 0.000000 -0.000002 0.122434 -0.179429 -0.573229
    30 0.729366 0.000004 0.000003 0.000000 -0.000110 -0.248950
    31 3.941984 0.050857 0.435164 -0.031435 -0.126224 -1.323267
    32 1.539099 0.000004 0.000002 -0.245476 0.386205 -0.367027
    33 1.196320 0.000008 0.000004 0.000000 -0.000162 -0.332870
    34 3.880859 -0.047028 -0.427490 0.125580 0.221647 -0.416549
    35 1.719571 0.000019 0.000015 -0.311129 -0.043739 -1.054626
    36 1.209175 0.000004 0.000003 0.172210 -0.116519 -0.543375
    37 3.863496 -0.144303 -1.324347 -0.141219 0.635538 -0.479029
    38 1.719421 -0.000008 -0.000008 -0.052815 0.006926 -0.449862
    39 1.099667 -0.000004 0.000000 0.156990 -0.328270 -0.887119
    40 0.807596 -0.358881 -1.312776 1.243202 0.551772 -0.740648
    41 1.789776 0.000000 0.000002 -0.000008 0.003711 0.228604
    42 1.207008 0.000007 0.000000 0.000000 0.005667 0.362991
    43 3.775391 -5.484375 -0.527832 -2.248284 -0.133216 -1.641882
  time 9
    0 -0.000003 -13.531250 -29.421875 1.570788 0.000007 -0.000007
    1 0.000000 3.345131 -2.981898 1.570789 0.086301 1.570789
    2 4.015625 0.000001 0.000000 0.000000 0.000000 -0.029241
    3 3.520294 0.000014 -0.000001 0.000000 0.000000 0.100332
    4 8.929688 0.000000 0.000000 0.000000 0.000000 0.194095
    5 2.035156 0.997070 1.937500 1.596487 -1.284993 2.943127
    6 6.028151 -0.000031 0.000004 -1.555543 -0.838286 -0.853379
    7 11.692549 0.000005 0.000011 0.048500 0.192508 -1.761818
    8 11.481670 0.000049 -0.000031 1.239175 -0.583825 0.229789
    9 3.858219 -0.135628 -1.192198 -0.462168 -0.183015 -1.143494
    10 1.312561 -0.000008 0.000000 0.000000 0.054403 -0.409014
    11 0.729362 0.000004 -0.000003 -0.000002 0.040753 -0.240990
    12 3.938059 0.050857 -0.435178 -0.058906 -0.190477 -1.052198
    13 1.539095 0.000004 -0.000002 0.000000 0.003735 -0.247814
    14 1.196325 0.000000 -0.000004 -0.000001 0.006169 -0.430818
    15 3.880859 -0.043091 0.427490 -0.476763 -0.093580 -0.824965
    16 1.719580 0.000011 -0.000015 -0.039460 -0.167701 -0.315837
    17 1.209179 -0.000004 0.000000 0.312038 0.209821 -0.320126
    18 3.863477 -0.132587 1.332145 0.316553 -0.532806 -0.147542
    19 1.719426 -0.000004 0.000007 -0.008714 -0.308204 -1.257834
    20 1.099669 -0.000004 0.000000 -0.000002 0.002587 -0.283860
    21 0.807581 -0.343248 1.320585 -1.197390 -0.475295 -0.937730
    22 1.789783 0.000002 0.000006 -0.000002 -0.003712 0.228604
    23 1.207008 0.000009 -0.000002 0.068240 -0.043107 0.237799
    24 2.035156 0.997070 -1.937500 -1.667267 1.282923 2.944210
    25 6.028140 -0.000004 0.000001 1.563108 0.793122 -0.844142
    26 11.692560 0.000021 -0.000004 -0.000400 -0.067509 -1.811754
    27 11.481653 0.000064 0.000015 -1.183229 0.521146 0.156306
    28 3.854337 -0.131714 1.199996 1.185711 -0.224301 -1.641700
    29 1.312565 0.000000 -0.000002 0.122434 -0.179429 -0.573229
    30 0.729366 0.000004 0.000003 0.000000 -0.000110 -0.248950
    31 3.941984 0.050857 0.435164 -0.031435 -0.126224 -1.323235
    32 1.539099 0.000004 0.000002 -0.245476 0.386205 -0.367027
    33 1.196320 0.000008 0.000004 0.000000 -0.000162 -0.332870
    34 3.880859 -0.047028 -0.427490 0.125580 0.221647 -0.416549
    35 1.719571 0.000019 0.000015 -0.311129 -0.043739 -1.054626
    36 1.209175 0.000004 0.000003 0.172210 -0.116519 -0.543375
    37 3.863496 -0.144303 -1.324347 -0.141219 0.635538 -0.479029
    38 1.719421 -0.000008 -0.000008 -0.052815 0.006926 -0.449862
    39 1.099667 -0.000004 0.000000 0.156990 -0.328270 -0.887119
    40 0.807596 -0.358881 -1.312776 1.243202 0.551772 -0.740648
    41 1.789776 0.000000 0.000002 -0.000008 0.003711 0.228604
    42 1.207008 0.000007 0.000000 0.000000 0.005667 0.362991
    43 3.775391 -5.484375 -0.527832 -2.248284 -0.133216 -1.641882
  time 10
    0 -0.000003 -13.531250 -29.421875 1.570788 0.000007 -0.000007
    1 0.000000 3.345131 -2.981898 1.570789 0.086301 1.570789
    2 4.015625 0.000001 0.000000 0.000000 0.000000 -0.029241
    3 3.520294 0.000014 -0.000001 0.000000 0.000000 0.100332
    4 8.929688 0.000000 0.000000 0.000000 0.000000 0.194095
    5 2.035156 0.997070 1.937500 1.596487 -1.284993 2.943127
    6 6.028151 -0.000031 0.000004 -1.555678 -0.838122 -0.853259
    7 11.692549 0.000005 0.000011 0.048488 0.192460 -1.761871
    8 11.481670 0.000049 -0.000031 1.239419 -0.583767 0.229707
    9 3.858219 -0.135628 -1.192198 -0.462168 -0.183015 -1.143494
    10 1.312561 -0.000008 0.000000 0.000000 0.054403 -0.409014
    11 0.729362 0.000004 -0.000003 -0.000002 0.040753 -0.240990
    12 3.938059 0.050857 -0.435178 -0.058906 -0.190477 -1.052198
    13 1.539095 0.000004 -0.000002 0.000000 0.003735 -0.247814
    14 1.196325 0.000000 -0.000004 -0.000001 0.006169 -0.430818
    15 3.880859 -0.043091 0.427490 -0.476763 -0.093580 -0.824965
    16 1.719580 0.000011 -0.000015 -0.039460 -0.167701 -0.315837
    17 1.209179 -0.000004 0.000000 0.312038 0.209821 -0.320126
    18 3.863477 -0.132587 1.332145 0.316553 -0.532806 -0.147542
    19 1.719426 -0.000004 0.000007 -0.008714 -0.308204 -1.257834
    20 1.099669 -0.000004 0.000000 -0.000002 0.002587 -0.283860
    21 0.807581 -0.343248 1.320585 -1.197390 -0.475295 -0.937730
    22 1.789783 0.000002 0.000006 -0.000002 -0.003712 0.228604
    23 1.207008 0.000009 -0.000002 0.068240 -0.043107 0.237799
    24 2.035156 0.997070 -1.937500 -1.667267 1.282923 2.944210
    25 6.028140 -0.000004 0.000001 1.562880 0.793072 -0.844286
    26 11.692560 0.000021 -0.000004 -0.000400 -0.067629 -1.811754
    27 11.481653 0.000064 0.000015 -1.183080 0.521310 0.156366
    28 3.854337 -0.127808 1.199996 1.185711 -0.224301 -1.641700
    29 1.312565 0.000000 -0.000002 0.122434 -0.179429 -0.573229
    30 0.729366 0.000004 0.000003 0.000000 -0.000110 -0.248950
    31 3.941984 0.050857 0.435164 -0.031435 -0.126224 -1.323235
    32 1.539099 0.000004 0.000002 -0.245476 0.386205 -0.367027
    33 1.196320 0.000008 0.000004 0.000000 -0.000162 -0.332870
    34 3.880859 -0.047028 -0.427490 0.125580 0.221647 -0.416549
    35 1.719571 0.000019 0.000015 -0.311129 -0.043739 -1.054626
    36 1.209175 0.000004 0.000003 0.172210 -0.116519 -0.543375
    37 3.863496 -0.144303 -1.324347 -0.141219 0.635538 -0.479029
    38 1.719421 -0.000008 -0.000008 -0.052815 0.006926 -0.449862
    39 1.099667 -0.000004 0.000000 0.156990 -0.328270 -0.887119
    40 0.811503 -0.358881 -1.312776 1.243202 0.551772 -0.740648
    41 1.789776 0.000000 0.000002 -0.000008 0.003711 0.228604
    42 1.207008 0.000007 0.000000 0.000000 0.005667 0.362991
    43 3.775391 -5.484375 -0.527832 -2.248284 -0.133216 -1.641882
  time 11
    0 -0.000003 -13.531250 -29.421875 1.570788 0.000007 -0.000007
    1 0.000000 3.345131 -2.981898 1.570789 0.086301 1.570789
    2 4.015625 0.000001 0.000000 0.000000 0.000000 -0.029241
    3 3.520294 0.000014 -0.000001 0.000000 0.000000 0.100332
    4 8.929688 0.000000 0.000000 0.000000 0.000000 0.194095
    5 2.035156 0.997070 1.937500 1.596487 -1.284993 2.943127
    6 6.028151 -0.000031 0.000004 -1.555832 -0.837958 -0.853127
    7 11.692549 0.000005 0.000011 0.048476 0.192388 -1.761977
    8 11.481670 0.000049 -0.000031 1.239711 -0.583709 0.229608
    9 3.858219 -0.135628 -1.192198 -0.462168 -0.183015 -1.143494
    10 1.312561 -0.000008 0.000000 0.000000 0.054403 -0.409014
    11 0.729362 0.000004 -0.000003 -0.000002 0.040753 -0.240990
    12 3.938059 0.050857 -0.435178 -0.058906 -0.190477 -1.052198
    13 1.539095 0.000004 -0.000002 0.000000 0.003735 -0.247814
    14 1.196325 0.000000 -0.000004 -0.000001 0.006169 -0.430818
    15 3.880859 -0.043091 0.427490 -0.476763 -0.093580 -0.824965
    16 1.719580 0.000011 -0.000015 -0.039460 -0.167701 -0.315837
    17 1.209179 -0.000004 0.000000 0.312038 0.209821 -0.320126
    18 3.863477 -0.132587 1.332145 0.316553 -0.532806 -0.147542
    19 1.719426 -0.000004 0.000007 -0.008714 -0.308204 -1.257834
    20 1.099669 -0.000004 0.000000 -0.000002 0.002587 -0.283860
    21 0.807581 -0.343248 1.320585 -1.197390 -0.475295 -0.937730
    22 1.789783 0.000002 0.000006 -0.000002 -0.003712 0.228604
    23 1.207008 0.000009 -0.000002 0.068240 -0.043107 0.237799
    24 2.035156 0.997070 -1.937500 -1.667267 1.282923 2.944210
    25 6.028140 -0.000004 0.000001 1.562628 0.792997 -0.844443
    26 11.692560 0.000021 -0.000004 -0.000400 -0.067773 -1.811700
    27 11.481653 0.000064 0.000015 -1.182918 0.521473 0.156438
    28 3.854337 -0.131714 1.199996 1.185686 -0.224301 -1.641700
    29 1.312565 0.000000 -0.000002 0.122434 -0.179429 -0.573229
    30 0.729366 0.000004 0.000003 0.000000 -0.000110 -0.248950
    31 3.941984 0.050857 0.435164 -0.031435 -0.126224 -1.323235
    32 1.539099 0.000004 0.000002 -0.245476 0.386205 -0.367027
    33 1.196320 0.000008 0.000004 0.000000 -0.000162 -0.332870
    34 3.880859 -0.047028 -0.427490 0.125580 0.221647 -0.416549
    35 1.719571 0.000019 0.000015 -0.311129 -0.043739 -1.054626
    36 1.209175 0.000004 0.000003 0.172210 -0.116519 -0.543375
    37 3.863496 -0.144303 -1.324347 -0.141219 0.635538 -0.479029
    38 1.719421 -0.000008 -0.000008 -0.052815 0.006926 -0.449862
    39 1.099667 -0.000004 0.000000 0.156990 -0.328270 -0.887119
    40 0.811503 -0.358881 -1.312776 1.243202 0.551772 -0.740648
    41 1.789776 0.000000 0.000002 -0.000008 0.003711 0.228604
    42 1.207008 0.000007 0.000000 0.000000 0.005667 0.362991
    43 3.775391 -5.484375 -0.527832 -2.248284 -0.133216 -1.641882
  time 12
    0 -0.000003 -13.531250 -29.421875 1.570788 0.000007 -0.000007
    1 0.000000 3.345131 -2.981898 1.570789 0.086301 1.570789
    2 4.015625 0.000001 0.000000 0.000000 0.000000 -0.029241
    3 3.520294 0.000014 -0.000001 0.000000 0.000000 0.100332
    4 8.929688 0.000000 0.000000 0.000000 0.000000 0.194095
    5 2.035156 0.997070 1.937500 1.596487 -1.284993 2.943127
    6 6.028151 -0.000031 0.000004 -1.555986 -0.837761 -0.852983
    7 11.692549 0.000005 0.000011 0.048464 0.192329 -1.762030
    8 11.481670 0.000049 -0.000031 1.240003 -0.583632 0.229493
    9 3.858219 -0.135628 -1.192198 -0.462168 -0.183015 -1.143494
    10 1.312561 -0.000008 0.000000 0.000000 0.054403 -0.409014
    11 0.729362 0.000004 -0.000003 -0.000002 0.040753 -0.240990
    12 3.941966 0.050857 -0.435178 -0.058906 -0.190477 -1.052198
    13 1.539095 0.000004 -0.000002 0.000000 0.003735 -0.247814
    14 1.196325 0.000000 -0.000004 -0.000001 0.006169 -0.430818
    15 3.880859 -0.043091 0.427490 -0.476763 -0.093580 -0.824965
    16 1.719580 0.000011 -0.000015 -0.039460 -0.167701 -0.315837
    17 1.209179 -0.000004 0.000000 0.312038 0.209821 -0.320126
    18 3.867384 -0.132587 1.332145 0.316553 -0.532806 -0.147542
    19 1.719426 -0.000004 0.000007 -0.008714 -0.308204 -1.257834
    20 1.099669 -0.000004 0.000000 -0.000002 0.002587 -0.283860
    21 0.807581 -0.343248 1.320585 -1.197390 -0.475295 -0.937730
    22 1.789783 0.000002 0.000006 -0.000002 -0.003712 0.228604
    23 1.207008 0.000009 -0.000002 0.068240 -0.043107 0.237799
    24 2.035156 0.997070 -1.937500 -1.667267 1.282923 2.944210
    25 6.028140 -0.000004 0.000001 1.562353 0.792948 -0.844611
    26 11.692560 0.000021 -0.000004 -0.000400 -0.067928 -1.811646
    27 11.481653 0.000064 0.000015 -1.182742 0.521653 0.156510
    28 3.854337 -0.131714 1.199996 1.185686 -0.224301 -1.641700
    29 1.312565 0.000000 -0.000002 0.122434 -0.179429 -0.573229
    30 0.729366 0.000004 0.000003 0.000000 -0.000110 -0.248950
    31 3.941984 0.050857 0.435164 -0.031435 -0.126224 -1.323235
    32 1.539099 0.000004 0.000002 -0.245476 0.386205 -0.367027
    33 1.196320 0.000008 0.000004 0.000000 -0.000162 -0.332870
    34 3.880859 -0.047028 -0.427490 0.125580 0.221647 -0.416549
    35 1.719571 0.000019 0.000015 -0.311129 -0.043739 -1.054626
    36 1.209175 0.000004 0.000003 0.172210 -0.116519 -0.543375
    37 3.863496 -0.144303 -1.324347 -0.141219 0.635538 -0.479029
    38 1.719421 -0.000008 -0.000008 -0.052815 0.006926 -0.449862
    39 1.099667 -0.000004 0.000000 0.156990 -0.328270 -0.887119
    40 0.807596 -0.358881 -1.312776 1.243202 0.551772 -0.740648
    41 1.789776 0.000000 0.000002 -0.000008 0.003711 0.228604
    42 1.207008 0.000007 0.000000 0.000000 0.005667 0.362991
    43 3.775391 -5.484375 -0.527832 -2.248284 -0.133216 -1.641882
  time 13
    0 -0.000003 -13.531250 -29.421875 1.570788 0.000007 -0.000007
    1 0.000000 3.345131 -2.981898 1.570789 0.086301 1.570789
    2 4.015625 0.000001 0.000000 0.000000 0.000000 -0.029241
    3 3.520294 0.000014 -0.000001 0.000000 0.000000 0.100332
    4 8.929688 0.000000 0.000000 0.000000 0.000000 0.194095
    5 2.035156 0.997070 1.937500 1.596487 -1.284993 2.943127
    6 6.028151 -0.000031 0.000004 -1.556160 -0.837564 -0.852827
    7 11.692549 0.000005 0.000011 0.048440 0.192245 -1.762136
    8 11.481670 0.000049 -0.000031 1.240343 -0.583555 0.229378
    9 3.858219 -0.135628 -1.192198 -0.462168 -0.183015 -1.143494
    10 1.312561 -0.000008 0.000000 0.000000 0.054403 -0.409014
    11 0.729362 0.000004 -0.000003 -0.000002 0.040753 -0.240990
    12 3.941966 0.050857 -0.435178 -0.058906 -0.190477 -1.052198
    13 1.539095 0.000004 -0.000002 0.000000 0.003735 -0.247814
    14 1.196325 0.000000 -0.000004 -0.000001 0.006169 -0.430818
    15 3.880859 -0.043091 0.427490 -0.476763 -0.093580 -0.824965
    16 1.719580 0.000011 -0.000015 -0.039460 -0.167701 -0.315837
    17 1.209179 -0.000004 0.000000 0.312038 0.209821 -0.320126
    18 3.863477 -0.132587 1.332145 0.316553 -0.532806 -0.147542
    19 1.719426 -0.000004 0.000007 -0.008714 -0.308204 -1.257834
    20 1.099669 -0.000004 0.000000 -0.000002 0.002587 -0.283860
    21 0.807581 -0.343248 1.320585 -1.197390 -0.475295 -0.937730
    22 1.789783 0.000002 0.000006 -0.000002 -0.003712 0.228604
    23 1.207008 0.000009 -0.000002 0.068240 -0.043107 0.237799
    24 2.035156 0.997070 -1.937500 -1.667267 1.282923 2.944210
    25 6.028140 -0.000004 0.000001 1.562065 0.792873 -0.844780
    26 11.692560 0.000021 -0.000004 -0.000400 -0.068084 -1.811593
    27 11.481653 0.000064 0.000015 -1.182539 0.521833 0.156582
    28 3.854337 -0.131714 1.199996 1.185686 -0.224301 -1.641700
    29 1.312565 0.000000 -0.000002 0.122434 -0.179429 -0.573229
    30 0.729366 0.000004 0.000003 0.000000 -0.000110 -0.248950
    31 3.941984 0.050857 0.435164 -0.031435 -0.126224 -1.323235
    32 1.539099 0.000004 0.000002 -0.245476 0.386205 -0.367027
    33 1.196320 0.000008 0.000004 0.000000 -0.000162 -0.332870
    34 3.880859 -0.047028 -0.427490 0.125580 0.221647 -0.416549
    35 1.719571 0.000019 0.000015 -0.311129 -0.043739 -1.054626
    36 1.209175 0.000004 0.000003 0.172210 -0.116519 -0.543375
    37 3.863496 -0.144303 -1.324347 -0.141219 0.635538 -0.479029
    38 1.719421 -0.000008 -0.000008 -0.052815 0.006926 -0.449862
    39 1.099667 -0.000004 0.000000 0.156990 -0.328270 -0.887119
    40 0.811503 -0.358881 -1.312776 1.243202 0.551772 -0.740648
    41 1.789776 0.000000 0.000002 -0.000008 0.003711 0.228604
    42 1.207008 0.000007 0.000000 0.000000 0.005667 0.362991
    43 3.775391 -5.484375 -0.527832 -2.248284 -0.133216 -1.641882
  time 14
    0 -0.000003 -13.531250 -29.421875 1.570788 0.000007 -0.000007
    1 0.000000 3.345131 -2.981898 1.570789 0.086301 1.570789
    2 4.015625 0.000001 0.000000 0.000000 0.000000 -0.029241
    3 3.520294 0.000014 -0.000001 0.000000 0.000000 0.100332
    4 8.929688 0.000000 0.000000 0.000000 0.000000 0.194095
    5 2.035156 0.997070 1.937500 1.596487 -1.284993 2.943127
    6 6.028151 -0.000031 0.000004 -1.556333 -0.837335 -0.852672
    7 11.692549 0.000005 0.000011 0.048428 0.192173 -1.762242
    8 11.481670 0.000049 -0.000031 1.240684 -0.583477 0.229263
    9 3.858219 -0.135628 -1.192198 -0.462168 -0.183015 -1.143494
    10 1.312561 -0.000008 0.000000 0.000000 0.054403 -0.409014
    11 0.729362 0.000004 -0.000003 -0.000002 0.040753 -0.240990
    12 3.938059 0.050857 -0.435178 -0.058906 -0.190477 -1.052198
    13 1.539095 0.000004 -0.000002 0.000000 0.003735 -0.247814
    14 1.196325 0.000000 -0.000004 -0.000001 0.006169 -0.430818
    15 3.880859 -0.043091 0.427490 -0.476763 -0.093580 -0.824965
    16 1.719580 0.000011 -0.000015 -0.039460 -0.167701 -0.315837
    17 1.209179 -0.000004 0.000000 0.312038 0.209821 -0.320126
    18 3.863477 -0.132587 1.332145 0.316553 -0.532806 -0.147542
    19 1.719426 -0.000004 0.000007 -0.008714 -0.308204 -1.257834
    20 1.099669 -0.000004 0.000000 -0.000002 0.002587 -0.283860
    21 0.807581 -0.343248 1.320585 -1.197390 -0.475295 -0.937730
    22 1.789783 0.000002 0.000006 -0.000002 -0.003712 0.228604
    23 1.207008 0.000009 -0.000002 0.068240 -0.043107 0.237799
    24 2.035156 0.997070 -1.937500 -1.667267 1.282923 2.944210
    25 6.028140 -0.000004 0.000001 1.561754 0.792798 -0.844973
    26 11.692560 0.000021 -0.000004 -0.000412 -0.068252 -1.811593
    27 11.481653 0.000064 0.000015 -1.182335 0.522045 0.156666
    28 3.854337 -0.127808 1.199996 1.185686 -0.224301 -1.641700
    29 1.312565 0.000000 -0.000002 0.122434 -0.179429 -0.573229
    30 0.729366 0.000004 0.000003 0.000000 -0.000110 -0.248950
    31 3.938077 0.050857 0.435164 -0.031435 -0.126224 -1.323235
    32 1.539099 0.000004 0.000002 -0.245476 0.386205 -0.367027
    33 1.196320 0.000008 0.000004 0.000000 -0.000162 -0.332870
    34 3.880859 -0.047028 -0.427490 0.125580 0.221647 -0.416549
    35 1.719571 0.000019 0.000015 -0.311129 -0.043739 -1.054626
    36 1.209175 0.000004 0.000003 0.172210 -0.116519 -0.543375
    37 3.863496 -0.144303 -1.324347 -0.141219 0.635538 -0.479029
    38 1.719421 -0.000008 -0.000008 -0.052815 0.006926 -0.449862
    39 1.099667 -0.000004 0.000000 0.156990 -0.328270 -0.887119
    40 0.811503 -0.358881 -1.312776 1.243202 0.551772 -0.740648
    41 1.789776 0.000000 0.000002 -0.000008 0.003711 0.228604
    42 1.207008 0.000007 0.000000 0.000000 0.005667 0.362991
    43 3.775391 -5.484375 -0.527832 -2.248284 -0.133216 -1.641882
  time 15
    0 -0.000003 -13.531250 -29.421875 1.570788 0.000007 -0.000007
    1 0.000000 3.345131 -2.981898 1.570789 0.086301 1.570789
    2 4.015625 0.000001 0.000000 0.000000 0.000000 -0.029241
    3 3.520294 0.000014 -0.000001 0.000000 0.000000 0.100332
    4 8.929688 0.000000 0.000000 0.000000 0.000000 0.194095
    5 2.035156 0.997070 1.937500 1.596487 -1.284993 2.943127
    6 6.028151 -0.000031 0.000004 -1.556526 -0.837105 -0.852492
    7 11.692549 0.000005 0.000011 0.048404 0.192089 -1.762348
    8 11.481670 0.000049 -0.000031 1.241073 -0.583361 0.229116
    9 3.858219 -0.135628 -1.192198 -0.462168 -0.183015 -1.143494
    10 1.312561 -0.000008 0.000000 0.000000 0.054403 -0.409014
    11 0.729362 0.000004 -0.000003 -0.000002 0.040753 -0.240990
    12 3.938059 0.050857 -0.435178 -0.058906 -0.190477 -1.052198
    13 1.539095 0.000004 -0.000002 0.000000 0.003735 -0.247814
    14 1.196325 0.000000 -0.000004 -0.000001 0.006169 -0.430818
    15 3.880859 -0.043091 0.427490 -0.476763 -0.093580 -0.824965
    16 1.719580 0.000011 -0.000015 -0.039460 -0.167701 -0.315837
    17 1.209179 -0.000004 0.000000 0.312038 0.209821 -0.320126
    18 3.863477 -0.132587 1.332145 0.316553 -0.532806 -0.147542
    19 1.719426 -0.000004 0.000007 -0.008714 -0.308204 -1.257834
    20 1.099669 -0.000004 0.000000 -0.000002 0.002587 -0.283860
    21 0.807581 -0.343248 1.320585 -1.197390 -0.475295 -0.937730
    22 1.789783 0.000002 0.000006 -0.000002 -0.003712 0.228604
    23 1.207008 0.000009 -0.000002 0.068240 -0.043107 0.237799
    24 2.035156 0.997070 -1.937500 -1.667267 1.282923 2.944210
    25 6.028140 -0.000004 0.000001 1.561442 0.792723 -0.845178
    26 11.692560 0.000021 -0.000004 -0.000412 -0.068432 -1.811539
    27 11.481653 0.000064 0.000015 -1.182105 0.522274 0.156750
    28 3.854337 -0.131714 1.199996 1.185711 -0.224301 -1.641700
    29 1.312565 0.000000 -0.000002 0.122434 -0.179429 -0.573229
    30 0.729366 0.000004 0.000003 0.000000 -0.000110 -0.248950
    31 3.938077 0.050857 0.435164 -0.031435 -0.126224 -1.323235
    32 1.539099 0.000004 0.000002 -0.245476 0.386205 -0.367027
    33 1.196320 0.000008 0.000004 0.000000 -0.000162 -0.332870
    34 3.880859 -0.047028 -0.427490 0.125580 0.221647 -0.416549
    35 1.719571 0.000019 0.000015 -0.311129 -0.043739 -1.054626
    36 1.209175 0.000004 0.000003 0.172210 -0.116519 -0.543375
    37 3.863496 -0.144303 -1.324347 -0.141219 0.635538 -0.479029
    38 1.719421 -0.000008 -0.000008 -0.052815 0.006926 -0.449862
    39 1.099667 -0.000004 0.000000 0.156990 -0.328270 -0.887119
    40 0.807596 -0.358881 -1.312776 1.243202 0.551772 -0.740648
    41 1.789776 0.000000 0.000002 -0.000008 0.003711 0.228604
    42 1.207008 0.000007 0.000000 0.000000 0.005667 0.362991
    43 3.775391 -5.484375 -0.527832 -2.248284 -0.133216 -1.641882
  time 16
    0 -0.000003 -13.531250 -29.421875 1.570788 0.000007 -0.000007
    1 0.000000 3.345131 -2.981898 1.570789 0.086301 1.570789
    2 4.015625 0.000001 0.000000 0.000000 0.000000 -0.029241
    3 3.520294 0.000014 -0.000001 0.000000 0.000000 0.100332
    4 8.929688 0.000000 0.000000 0.000000 0.000000 0.194095
    5 2.035156 0.997070 1.937500 1.596487 -1.284993 2.943127
    6 6.028151 -0.000031 0.000004 -1.556738 -0.836876 -0.852324
    7 11.692549 0.000005 0.000011 0.048392 0.192005 -1.762454
    8 11.481670 0.000049 -0.000031 1.241511 -0.583265 0.228968
    9 3.854313 -0.135628 -1.192198 -0.462168 -0.183015 -1.143494
    10 1.312561 -0.000008 0.000000 0.000000 0.054403 -0.409014
    11 0.729362 0.000004 -0.000003 -0.000002 0.040753 -0.240990
    12 3.938059 0.050857 -0.435178 -0.058906 -0.190477 -1.052198
    13 1.539095 0.000004 -0.000002 0.000000 0.003735 -0.247814
    14 1.196325 0.000000 -0.000004 -0.000001 0.006169 -0.430818
    15 3.880859 -0.043091 0.427490 -0.476763 -0.093580 -0.824965
    16 1.719580 0.000011 -0.000015 -0.039460 -0.167701 -0.315837
    17 1.209179 -0.000004 0.000000 0.312038 0.209821 -0.320126
    18 3.863477 -0.132587 1.332145 0.316553 -0.532806 -0.147542
    19 1.719426 -0.000004 0.000007 -0.008714 -0.308204 -1.257834
    20 1.099669 -0.000004 0.000000 -0.000002 0.002587 -0.283860
    21 0.807581 -0.343248 1.320585 -1.197390 -0.475295 -0.937730
    22 1.789783 0.000002 0.000006 -0.000002 -0.003712 0.228604
    23 1.207008 0.000009 -0.000002 0.068240 -0.043107 0.237799
    24 2.035156 0.997070 -1.937500 -1.667267 1.282923 2.944210
    25 6.028140 -0.000004 0.000001 1.561106 0.792648 -0.845382
    26 11.692560 0.000021 -0.000004 -0.000412 -0.068624 -1.811486
    27 11.481653 0.000064 0.000015 -1.181875 0.522503 0.156846
    28 3.854337 -0.131714 1.199996 1.185686 -0.224301 -1.641700
    29 1.312565 0.000000 -0.000002 0.122434 -0.179429 -0.573229
    30 0.729366 0.000004 0.000003 0.000000 -0.000110 -0.248950
    31 3.941984 0.050857 0.435164 -0.031435 -0.126224 -1.323235
    32 1.539099 0.000004 0.000002 -0.245476 0.386205 -0.367027
    33 1.196320 0.000008 0.000004 0.000000 -0.000162 -0.332870
    34 3.880859 -0.047028 -0.427490 0.125580 0.221647 -0.416549
    35 1.719571 0.000019 0.000015 -0.311129 -0.043739 -1.054626
    36 1.209175 0.000004 0.000003 0.172210 -0.116519 -0.543375
    37 3.863496 -0.144303 -1.324347 -0.141219 0.635538 -0.479029
    38 1.719421 -0.000008 -0.000008 -0.052815 0.006926 -0.449862
    39 1.099667 -0.000004 0.000000 0.156990 -0.328270 -0.887119
    40 0.811503 -0.358881 -1.312776 1.243202 0.551772 -0.740648
    41 1.789776 0.000000 0.000002 -0.000008 0.003711 0.228604
    42 1.207008 0.000007 0.000000 0.000000 0.005667 0.362991
    43 3.775391 -5.484375 -0.527832 -2.248284 -0.133216 -1.641882
  time 17
    0 -0.000003 -13.531250 -29.421875 1.570788 0.000007 -0.000007
    1 0.000000 3.345131 -2.981898 1.570789 0.086301 1.570789
    2 4.015625 0.000001 0.000000 0.000000 0.000000 -0.029241
    3 3.520294 0.000014 -0.000001 0.000000 0.000000 0.100332
    4 8.929688 0.000000 0.000000 0.000000 0.000000 0.194095
    5 2.035156 0.997070 1.937500 1.596487 -1.284993 2.943127
    6 6.028151 -0.000031 0.000004 -1.556931 -0.836646 -0.852144
    7 11.692549 0.000005 0.000011 0.048368 0.191921 -1.762560
    8 11.481670 0.000049 -0.000031 1.241949 -0.583149 0.228820
    9 3.858219 -0.135628 -1.192198 -0.462168 -0.183015 -1.143494
    10 1.312561 -0.000008 0.000000 0.000000 0.054403 -0.409014
    11 0.729362 0.000004 -0.000003 -0.000002 0.040753 -0.240990
    12 3.938059 0.050857 -0.435178 -0.058906 -0.190477 -1.052198
    13 1.539095 0.000004 -0.000002 0.000000 0.003735 -0.247814
    14 1.196325 0.000000 -0.000004 -0.000001 0.006169 -0.430818
    15 3.880859 -0.043091 0.427490 -0.476763 -0.093580 -0.824965
    16 1.719580 0.000011 -0.000015 -0.039460 -0.167701 -0.315837
    17 1.209179 -0.000004 0.000000 0.312038 0.209821 -0.320126
    18 3.863477 -0.132587 1.332145 0.316553 -0.532806 -0.147542
    19 1.719426 -0.000004 0.000007 -0.008714 -0.308204 -1.257834
    20 1.099669 -0.000004 0.000000 -0.000002 0.002587 -0.283860
    21 0.807581 -0.343248 1.320585 -1.197390 -0.475295 -0.937730
    22 1.789783 0.000002 0.000006 -0.000002 -0.003712 0.228604
    23 1.207008 0.000009 -0.000002 0.068240 -0.043107 0.237799
    24 2.035156 0.997070 -1.937500 -1.667267 1.282923 2.944210
    25 6.028140 -0.000004 0.000001 1.560759 0.792573 -0.845587
    26 11.692560 0.000021 -0.000004 -0.000412 -0.068815 -1.811432
    27 11.481653 0.000064 0.000015 -1.181631 0.522732 0.156942
    28 3.854337 -0.131714 1.199996 1.185711 -0.224301 -1.641700
    29 1.312565 0.000000 -0.000002 0.122434 -0.179429 -0.573229
    30 0.729366 0.000004 0.000003 0.000000 -0.000110 -0.248950
    31 3.941984 0.050857 0.435164 -0.031435 -0.126224 -1.323235
    32 1.539099 0.000004 0.000002 -0.245476 0.386205 -0.367027
    33 1.196320 0.000008 0.000004 0.000000 -0.000162 -0.332870
    34 3.880859 -0.047028 -0.427490 0.125580 0.221647 -0.416549
    35 1.719571 0.000019 0.000015 -0.311129 -0.043739 -1.054626
    36 1.209175 0.000004 0.000003 0.172210 -0.116519 -0.543375
    37 3.863496 -0.144303 -1.324347 -0.141219 0.635538 -0.479029
    38 1.719421 -0.000008 -0.000008 -0.052815 0.006926 -0.449862
    39 1.099667 -0.000004 0.000000 0.156990 -0.328270 -0.887119
    40 0.811503 -0.358881 -1.312776 1.243202 0.551772 -0.740648
    41 1.789776 0.000000 0.000002 -0.000008 0.003711 0.228604
    42 1.207008 0.000007 0.000000 0.000000 0.005667 0.362991
    43 3.775391 -5.484375 -0.527832 -2.248284 -0.133216 -1.641882
  time 18
    0 -0.000003 -13.531250 -29.421875 1.570788 0.000007 -0.000007
    1 0.000000 3.345131 -2.981898 1.570789 0.086301 1.570789
    2 4.015625 0.000001 0.000000 0.000000 0.000000 -0.029241
    3 3.520294 0.000014 -0.000001 0.000000 0.000000 0.100332
    4 8.929688 0.000000 0.000000 0.000000 0.000000 0.194095
    5 2.035156 0.997070 1.937500 1.596487 -1.284993 2.943127
    6 6.028151 -0.000031 0.000004 -1.557143 -0.836383 -0.851953
    7 11.692549 0.000005 0.000011 0.048344 0.191825 -1.762666
    8 11.481670 0.000049 -0.000031 1.242436 -0.583013 0.228656
    9 3.858219 -0.135628 -1.192198 -0.462168 -0.183015 -1.143494
    10 1.312561 -0.000008 0.000000 0.000000 0.054403 -0.409014
    11 0.729362 0.000004 -0.000003 -0.000002 0.040753 -0.240990
    12 3.938059 0.050857 -0.435178 -0.058906 -0.190477 -1.052198
    13 1.539095 0.000004 -0.000002 0.000000 0.003735 -0.247814
    14 1.196325 0.000000 -0.000004 -0.000001 0.006169 -0.430818
    15 3.880859 -0.043091 0.427490 -0.476763 -0.093580 -0.824965
    16 1.719580 0.000011 -0.000015 -0.039460 -0.167701 -0.315837
    17 1.209179 -0.000004 0.000000 0.312038 0.209821 -0.320126
    18 3.863477 -0.132587 1.332145 0.316553 -0.532806 -0.147542
    19 1.719426 -0.000004 0.000007 -0.008714 -0.308204 -1.257834
    20 1.099669 -0.000004 0.000000 -0.000002 0.002587 -0.283860
    21 0.807581 -0.343248 1.320585 -1.197390 -0.475295 -0.937730
    22 1.789783 0.000002 0.000006 -0.000002 -0.003712 0.228604
    23 1.207008 0.000009 -0.000002 0.068240 -0.043107 0.237799
    24 2.035156 0.997070 -1.937500 -1.667267 1.282923 2.944210
    25 6.028140 -0.000004 0.000001 1.560411 0.792474 -0.845804
    26 11.692560 0.000021 -0.000004 -0.000412 -0.069007 -1.811379
    27 11.481653 0.000064 0.000015 -1.181374 0.522993 0.157037
    28 3.854337 -0.131714 1.199996 1.185686 -0.224301 -1.641700
    29 1.312565 0.000000 -0.000002 0.122434 -0.179429 -0.573229
    30 0.729366 0.000004 0.000003 0.000000 -0.000110 -0.248950
    31 3.938077 0.050857 0.435164 -0.031435 -0.126224 -1.323267
    32 1.539099 0.000004 0.000002 -0.245476 0.386205 -0.367027
    33 1.196320 0.000008 0.000004 0.000000 -0.000162 -0.332870
    34 3.880859 -0.047028 -0.427490 0.125580 0.221647 -0.416549
    35 1.719571 0.000019 0.000015 -0.311129 -0.043739 -1.054626
    36 1.209175 0.000004 0.000003 0.172210 -0.116519 -0.543375
    37 3.863496 -0.144303 -1.324347 -0.141219 0.635538 -0.479029
    38 1.719421 -0.000008 -0.000008 -0.052815 0.006926 -0.449862
    39 1.099667 -0.000004 0.000000 0.156990 -0.328270 -0.887119
    40 0.811503 -0.358881 -1.312776 1.243202 0.551772 -0.740648
    41 1.789776 0.000000 0.000002 -0.000008 0.003711 0.228604
    42 1.207008 0.000007 0.000000 0.000000 0.005667 0.362991
    43 3.775391 -5.484375 -0.527832 -2.248284 -0.133216 -1.641882
  time 19
    0 -0.000003 -13.531250 -29.421875 1.570788 0.000007 -0.000007
    1 0.000000 3.345131 -2.981898 1.570789 0.086301 1.570789
    2 4.015625 0.000001 0.000000 0.000000 0.000000 -0.029241
    3 3.520294 0.000014 -0.000001 0.000000 0.000000 0.100332
    4 8.929688 0.000000 0.000000 0.000000 0.000000 0.194095
    5 2.035156 0.997070 1.937500 1.596487 -1.284993 2.943127
    6 6.028151 -0.000031 0.000004 -1.557355 -0.836121 -0.851773
    7 11.692549 0.000005 0.000011 0.048332 0.191741 -1.762772
    8 11.481670 0.000049 -0.000031 1.242923 -0.582878 0.228475
    9 3.858219 -0.135628 -1.192198 -0.462168 -0.183015 -1.143494
    10 1.312561 -0.000008 0.000000 0.000000 0.054403 -0.409014
    11 0.729362 0.000004 -0.000003 -0.000002 0.040753 -0.240990
    12 3.941966 0.050857 -0.435178 -0.058906 -0.190477 -1.052198
    13 1.539095 0.000004 -0.000002 0.000000 0.003735 -0.247814
    14 1.196325 0.000000 -0.000004 -0.000001 0.006169 -0.430818
    15 3.880859 -0.043091 0.427490 -0.476763 -0.093580 -0.824965
    16 1.719580 0.000011 -0.000015 -0.039460 -0.167701 -0.315837
    17 1.209179 -0.000004 0.000000 0.312038 0.209821 -0.320126
    18 3.863477 -0.132587 1.332145 0.316553 -0.532806 -0.147542
    19 1.719426 -0.000004 0.000007 -0.008714 -0.308204 -1.257834
    20 1.099669 -0.000004 0.000000 -0.000002 0.002587 -0.283860
    21 0.807581 -0.343248 1.320585 -1.197390 -0.475295 -0.937730
    22 1.789783 0.000002 0.000006 -0.000002 -0.003712 0.228604
    23 1.207008 0.000009 -0.000002 0.068240 -0.043107 0.237799
    24 2.035156 0.997070 -1.937500 -1.667267 1.282923 2.944210
    25 6.028140 -0.000004 0.000001 1.560052 0.792374 -0.846033
    26 11.692560 0.000021 -0.000004 -0.000412 -0.069211 -1.811325
    27 11.481653 0.000064 0.000015 -1.181103 0.523255 0.157145
    28 3.854337 -0.131714 1.199996 1.185686 -0.224301 -1.641700
    29 1.312565 0.000000 -0.000002 0.122434 -0.179429 -0.573229
    30 0.729366 0.000004 0.000003 0.000000 -0.000110 -0.248950
    31 3.941984 0.050857 0.435164 -0.031435 -0.126224 -1.323235
    32 1.539099 0.000004 0.000002 -0.245476 0.386205 -0.367027
    33 1.196320 0.000008 0.000004 0.000000 -0.000162 -0.332870
    34 3.880859 -0.047028 -0.427490 0.125580 0.221647 -0.416549
    35 1.719571 0.000019 0.000015 -0.311129 -0.043739 -1.054626
    36 1.209175 0.000004 0.000003 0.172210 -0.116519 -0.543375
    37 3.863496 -0.144303 -1.324347 -0.141219 0.635538 -0.479029
    38 1.719421 -0.000008 -0.000008 -0.052815 0.006926 -0.449862
    39 1.099667 -0.000004 0.000000 0.156990 -0.328270 -0.887119
    40 0.811503 -0.358881 -1.312776 1.243202 0.551772 -0.740648
    41 1.789776 0.000000 0.000002 -0.000008 0.003711 0.228604
    42 1.207008 0.000007 0.000000 0.000000 0.005667 0.362991
    43 3.775391 -5.484375 -0.527832 -2.248284 -0.133216 -1.641882
  time 20
    0 -0.000003 -13.531250 -29.421875 1.570788 0.000007 -0.000007
    1 0.000000 3.345131 -2.981898 1.570789 0.086301 1.570789
    2 4.015625 0.000001 0.000000 0.000000 0.000000 -0.029241
    3 3.520294 0.000014 -0.000001 0.000000 0.000000 0.100332
    4 8.929688 0.000000 0.000000 0.000000 0.000000 0.194095
    5 2.035156 0.997070 1.937500 1.596487 -1.284993 2.943127
    6 6.028151 -0.000031 0.000004 -1.557586 -0.835891 -0.851581
    7 11.692549 0.000005 0.000011 0.048308 0.191645 -1.762931
    8 11.481670 0.000049 -0.000031 1.243409 -0.582723 0.228294
    9 3.858219 -0.135628 -1.192198 -0.462168 -0.183015 -1.143494
    10 1.312561 -0.000008 0.000000 0.000000 0.054403 -0.409014
    11 0.729362 0.000004 -0.000003 -0.000002 0.040753 -0.240990
    12 3.938059 0.050857 -0.435178 -0.058906 -0.190477 -1.052198
    13 1.539095 0.000004 -0.000002 0.000000 0.003735 -0.247814
    14 1.196325 0.000000 -0.000004 -0.000001 0.006169 -0.430818
    15 3.880859 -0.043091 0.427490 -0.476763 -0.093580 -0.824965
    16 1.719580 0.000011 -0.000015 -0.039460 -0.167701 -0.315837
    17 1.209179 -0.000004 0.000000 0.312038 0.209821 -0.320126
    18 3.863477 -0.132587 1.332145 0.316553 -0.532806 -0.147542
    19 1.719426 -0.000004 0.000007 -0.008714 -0.308204 -1.257834
    20 1.099669 -0.000004 0.000000 -0.000002 0.002587 -0.283860
    21 0.807581 -0.343248 1.320585 -1.197390 -0.475295 -0.937730
    22 1.789783 0.000002 0.000006 -0.000002 -0.003712 0.228604
    23 1.207008 0.000009 -0.000002 0.068240 -0.043107 0.237799
    24 2.035156 0.997070 -1.937500 -1.667267 1.282923 2.944210
    25 6.028140 -0.000004 0.000001 1.559692 0.792299 -0.846250
    26 11.692560 0.000021 -0.000004 -0.000412 -0.069415 -1.811271
    27 11.481653 0.000064 0.000015 -1.180819 0.523516 0.157253
    28 3.854337 -0.127808 1.199996 1.185686 -0.224301 -1.641700
    29 1.312565 0.000000 -0.000002 0.122434 -0.179429 -0.573229
    30 0.729366 0.000004 0.000003 0.000000 -0.000110 -0.248950
    31 3.941984 0.050857 0.435164 -0.031435 -0.126224 -1.323235
    32 1.539099 0.000004 0.000002 -0.245476 0.386205 -0.367027
    33 1.196320 0.000008 0.000004 0.000000 -0.000162 -0.332870
    34 3.880859 -0.047028 -0.427490 0.125580 0.221647 -0.416549
    35 1.719571 0.000019 0.000015 -0.311129 -0.043739 -1.054626
    36 1.209175 0.000004 0.000003 0.172210 -0.116519 -0.543375
    37 3.863496 -0.144303 -1.324347 -0.141219 0.635538 -0.479029
    38 1.719421 -0.000008 -0.000008 -0.052815 0.006926 -0.449862
    39 1.099667 -0.000004 0.000000 0.156990 -0.328270 -0.887119
    40 0.811503 -0.358881 -1.312776 1.243202 0.551772 -0.740648
    41 1.789776 0.000000 0.000002 -0.000008 0.003711 0.228604
    42 1.207008 0.000007 0.000000 0.000000 0.005667 0.362991
    43 3.775391 -5.484375 -0.527832 -2.248284 -0.133216 -1.641882
  time 21
    0 -0.000003 -13.531250 -29.421875 1.570788 0.000007 -0.000007
    1 0.000000 3.345131 -2.981898 1.570789 0.086301 1.570789
    2 4.015625 0.000001 0.000000 0.000000 0.000000 -0.029241
    3 3.520294 0.000014 -0.000001 0.000000 0.000000 0.100332
    4 8.929688 0.000000 0.000000 0.000000 0.000000 0.194095
    5 2.035156 0.997070 1.937500 1.596487 -1.284993 2.943127
    6 6.028151 -0.000031 0.000004 -1.557798 -0.835629 -0.851389
    7 11.692549 0.000005 0.000011 0.048284 0.191550 -1.763037
    8 11.481670 0.000049 -0.000031 1.243945 -0.582569 0.228114
    9 3.858219 -0.135628 -1.192198 -0.462168 -0.183015 -1.143494
    10 1.312561 -0.000008 0.000000 0.000000 0.054403 -0.409014
    11 0.729362 0.000004 -0.000003 -0.000002 0.040753 -0.240990
    12 3.938059 0.050857 -0.435178 -0.058906 -0.190477 -1.052198
    13 1.539095 0.000004 -0.000002 0.000000 0.003735 -0.247814
    14 1.196325 0.000000 -0.000004 -0.000001 0.006169 -0.430818
    15 3.880859 -0.043091 0.427490 -0.476763 -0.093580 -0.824965
    16 1.719580 0.000011 -0.000015 -0.039460 -0.167701 -0.315837
    17 1.209179 -0.000004 0.000000 0.312038 0.209821 -0.320126
    18 3.863477 -0.132587 1.332145 0.316553 -0.532806 -0.147542
    19 1.719426 -0.000004 0.000007 -0.008714 -0.308204 -1.257834
    20 1.099669 -0.000004 0.000000 -0.000002 0.002587 -0.283860
    21 0.807581 -0.343248 1.320585 -1.197390 -0.475295 -0.937730
    22 1.789783 0.000002 0.000006 -0.000002 -0.003712 0.228604
    23 1.207008 0.000009 -0.000002 0.068240 -0.043107 0.237799
    24 2.035156 0.997070 -1.937500 -1.667267 1.282923 2.944210
    25 6.028140 -0.000004 0.000001 1.559345 0.792199 -0.846466
    26 11.692560 0.000021 -0.000004 -0.000424 -0.069618 -1.811218
    27 11.481653 0.000064 0.000015 -1.180548 0.523794 0.157361
    28 3.854337 -0.127808 1.199996 1.185686 -0.224301 -1.641700
    29 1.312565 0.000000 -0.000002 0.122434 -0.179429 -0.573229
    30 0.729366 0.000004 0.000003 0.000000 -0.000110 -0.248950
    31 3.938077 0.050857 0.435164 -0.031435 -0.126224 -1.323235
    32 1.539099 0.000004 0.000002 -0.245476 0.386205 -0.367027
    33 1.196320 0.000008 0.000004 0.000000 -0.000162 -0.332870
    34 3.880859 -0.047028 -0.427490 0.125580 0.221647 -0.416549
    35 1.719571 0.000019 0.000015 -0.311129 -0.043739 -1.054626
    36 1.209175 0.000004 0.000003 0.172210 -0.116519 -0.543375
    37 3.863496 -0.144303 -1.324347 -0.141219 0.635538 -0.479029
    38 1.719421 -0.000008 -0.000008 -0.052815 0.006926 -0.449862
    39 1.099667 -0.000004 0.000000 0.156990 -0.328270 -0.887119
    40 0.807596 -0.358881 -1.312776 1.243202 0.551772 -0.740648
    41 1.789776 0.000000 0.000002 -0.000008 0.003711 0.228604
    42 1.207008 0.000007 0.000000 0.000000 0.005667 0.362991
    43 3.775391 -5.484375 -0.527832 -2.248284 -0.133216 -1.641882
  time 22
    0 -0.000003 -13.531250 -29.421875 1.570788 0.000007 -0.000007
    1 0.000000 3.345131 -2.981898 1.570789 0.086301 1.570789
    2 4.015625 0.000001 0.000000 0.000000 0.000000 -0.029241
    3 3.520294 0.000014 -0.000001 0.000000 0.000000 0.100332
    4 8.929688 0.000000 0.000000 0.000000 0.000000 0.194095
    5 2.035156 0.997070 1.937500 1.596487 -1.284993 2.943127
    6 6.028151 -0.000031 0.000004 -1.558010 -0.835367 -0.851198
    7 11.692549 0.000005 0.000011 0.048272 0.191466 -1.763143
    8 11.481670 0.000049 -0.000031 1.244529 -0.582395 0.227917
    9 3.858219 -0.135628 -1.192198 -0.462168 -0.183015 -1.143494
    10 1.312561 -0.000008 0.000000 0.000000 0.054403 -0.409014
    11 0.729362 0.000004 -0.000003 -0.000002 0.040753 -0.240990
    12 3.938059 0.050857 -0.435178 -0.058906 -0.190477 -1.052198
    13 1.539095 0.000004 -0.000002 0.000000 0.003735 -0.247814
    14 1.196325 0.000000 -0.000004 -0.000001 0.006169 -0.430818
    15 3.880859 -0.043091 0.427490 -0.476763 -0.093580 -0.824965
    16 1.719580 0.000011 -0.000015 -0.039460 -0.167701 -0.315837
    17 1.209179 -0.000004 0.000000 0.312038 0.209821 -0.320126
    18 3.863477 -0.132587 1.332145 0.316553 -0.532806 -0.147542
    19 1.719426 -0.000004 0.000007 -0.008714 -0.308204 -1.257834
    20 1.099669 -0.000004 0.000000 -0.000002 0.002587 -0.283860
    21 0.807581 -0.343248 1.320585 -1.197390 -0.475295 -0.937730
    22 1.789783 0.000002 0.000006 -0.000002 -0.003712 0.228604
    23 1.207008 0.000009 -0.000002 0.068240 -0.043107 0.237799
    24 2.035156 0.997070 -1.937500 -1.667267 1.282923 2.944210
    25 6.028140 -0.000004 0.000001 1.558985 0.792100 -0.846683
    26 11.692560 0.000021 -0.000004 -0.000424 -0.069810 -1.811164
    27 11.481653 0.000064 0.000015 -1.180250 0.524056 0.157469
    28 3.854337 -0.127808 1.199996 1.185686 -0.224301 -1.641700
    29 1.312565 0.000000 -0.000002 0.122434 -0.179429 -0.573229
    30 0.729366 0.000004 0.000003 0.000000 -0.000110 -0.248950
    31 3.938077 0.050857 0.435164 -0.031435 -0.126224 -1.323235
    32 1.539099 0.000004 0.000002 -0.245476 0.386205 -0.367027
    33 1.196320 0.000008 0.000004 0.000000 -0.000162 -0.332870
    34 3.880859 -0.047028 -0.427490 0.125580 0.221647 -0.416549
    35 1.719571 0.000019 0.000015 -0.311129 -0.043739 -1.054626
    36 1.209175 0.000004 0.000003 0.172210 -0.116519 -0.543375
    37 3.863496 -0.144303 -1.324347 -0.141219 0.635538 -0.479029
    38 1.719421 -0.000008 -0.000008 -0.052815 0.006926 -0.449862
    39 1.099667 -0.000004 0.000000 0.156990 -0.328270 -0.887119
    40 0.811503 -0.358881 -1.312776 1.243202 0.551772 -0.740648
    41 1.789776 0.000000 0.000002 -0.000008 0.003711 0.228604
    42 1.207008 0.000007 0.000000 0.000000 0.005667 0.362991
    43 3.775391 -5.484375 -0.527832 -2.248284 -0.133216 -1.641882
  time 23
    0 -0.000003 -13.531250 -29.421875 1.570788 0.000007 -0.000007
    1 0.000000 3.345131 -2.981898 1.570789 0.086301 1.570789
    2 4.015625 0.000001 0.000000 0.000000 0.000000 -0.029241
    3 3.520294 0.000014 -0.000001 0.000000 0.000000 0.100332
    4 8.929688 0.000000 0.000000 0.000000 0.000000 0.194095
    5 2.035156 0.997070 1.937500 1.596487 -1.284993 2.943127
    6 6.028151 -0.000031 0.000004 -1.558222 -0.835137 -0.851018
    7 11.692549 0.000005 0.000011 0.048248 0.191370 -1.763249
    8 11.481670 0.000049 -0.000031 1.245064 -0.582221 0.227703
    9 3.854313 -0.135628 -1.192198 -0.462168 -0.183015 -1.143494
    10 1.312561 -0.000008 0.000000 0.000000 0.054403 -0.409014
    11 0.729362 0.000004 -0.000003 -0.000002 0.040753 -0.240990
    12 3.938059 0.050857 -0.435178 -0.058906 -0.190477 -1.052198
    13 1.539095 0.000004 -0.000002 0.000000 0.003735 -0.247814
    14 1.196325 0.000000 -0.000004 -0.000001 0.006169 -0.430818
    15 3.880859 -0.043091 0.427490 -0.476763 -0.093580 -0.824965
    16 1.719580 0.000011 -0.000015 -0.039460 -0.167701 -0.315837
    17 1.209179 -0.000004 0.000000 0.312038 0.209821 -0.320126
    18 3.863477 -0.132587 1.332145 0.316553 -0.532806 -0.147542
    19 1.719426 -0.000004 0.000007 -0.008714 -0.308204 -1.257834
    20 1.099669 -0.000004 0.000000 -0.000002 0.002587 -0.283860
    21 0.807581 -0.343248 1.320585 -1.197390 -0.475295 -0.937730
    22 1.789783 0.000002 0.000006 -0.000002 -0.003712 0.228604
    23 1.207008 0.000009 -0.000002 0.068240 -0.043107 0.237799
    24 2.035156 0.997070 -1.937500 -1.667267 1.282923 2.944210
    25 6.028140 -0.000004 0.000001 1.558638 0.792000 -0.846900
    26 11.692560 0.000021 -0.000004 -0.000424 -0.070014 -1.811057
    27 11.481653 0.000064 0.000015 -1.179966 0.524334 0.157577
    28 3.854337 -0.131714 1.199996 1.185686 -0.224301 -1.641700
    29 1.312565 0.000000 -0.000002 0.122434 -0.179429 -0.573229
    30 0.729366 0.000004 0.000003 0.000000 -0.000110 -0.248950
    31 3.938077 0.050857 0.435164 -0.031435 -0.126224 -1.323235
    32 1.539099 0.000004 0.000002 -0.245476 0.386205 -0.367027
    33 1.196320 0.000008 0.000004 0.000000 -0.000162 -0.332870
    34 3.880859 -0.047028 -0.427490 0.125580 0.221647 -0.416549
    35 1.719571 0.000019 0.000015 -0.311129 -0.043739 -1.054626
    36 1.209175 0.000004 0.000003 0.172210 -0.116519 -0.543375
    37 3.863496 -0.144303 -1.324347 -0.141219 0.635538 -0.479029
    38 1.719421 -0.000008 -0.000008 -0.052815 0.006926 -0.449862
    39 1.099667 -0.000004 0.000000 0.156990 -0.328270 -0.887119
    40 0.807596 -0.358881 -1.312776 1.243202 0.551772 -0.740648
    41 1.789776 0.000000 0.000002 -0.000008 0.003711 0.228604
    42 1.207008 0.000007 0.000000 0.000000 0.005667 0.362991
    43 3.775391 -5.484375 -0.527832 -2.248284 -0.133216 -1.641882
  time 24
    0 -0.000003 -13.531250 -29.421875 1.570788 0.000007 -0.000007
    1 0.000000 3.345131 -2.981898 1.570789 0.086301 1.570789
    2 4.015625 0.000001 0.000000 0.000000 0.000000 -0.029241
    3 3.520294 0.000014 -0.000001 0.000000 0.000000 0.100332
    4 8.929688 0.000000 0.000000 0.000000 0.000000 0.194095
    5 2.035156 0.997070 1.937500 1.596487 -1.284993 2.943127
    6 6.028151 -0.000031 0.000004 -1.558434 -0.834875 -0.850838
    7 11.692549 0.000005 0.000011 0.048224 0.191286 -1.763355
    8 11.481670 0.000049 -0.000031 1.245648 -0.582028 0.227506
    9 3.858219 -0.135628 -1.192198 -0.462168 -0.183015 -1.143494
    10 1.312561 -0.000008 0.000000 0.000000 0.054403 -0.409014
    11 0.729362 0.000004 -0.000003 -0.000002 0.040753 -0.240990
    12 3.938059 0.050857 -0.435178 -0.058906 -0.190477 -1.052198
    13 1.539095 0.000004 -0.000002 0.000000 0.003735 -0.247814
    14 1.196325 0.000000 -0.000004 -0.000001 0.006169 -0.430818
    15 3.880859 -0.043091 0.427490 -0.476763 -0.093580 -0.824965
    16 1.719580 0.000011 -0.000015 -0.039460 -0.167701 -0.315837
    17 1.209179 -0.000004 0.000000 0.312038 0.209821 -0.320126
    18 3.863477 -0.132587 1.332145 0.316553 -0.532806 -0.147542
    19 1.719426 -0.000004 0.000007 -0.008714 -0.308204 -1.257834
    20 1.099669 -0.000004 0.000000 -0.000002 0.002587 -0.283860
    21 0.807581 -0.343248 1.320585 -1.197390 -0.475295 -0.937730
    22 1.789783 0.000002 0.000006 -0.000002 -0.003712 0.228604
    23 1.207008 0.000009 -0.000002 0.068240 -0.043107 0.237799
    24 2.035156 0.997070 -1.937500 -1.667267 1.282923 2.944210
    25 6.028140 -0.000004 0.000001 1.558302 0.791900 -0.847105
    26 11.692560 0.000021 -0.000004 -0.000424 -0.070206 -1.811057
    27 11.481653 0.000064 0.000015 -1.179668 0.524612 0.157685
    28 3.854337 -0.127808 1.199996 1.185686 -0.224301 -1.641700
    29 1.312565 0.000000 -0.000002 0.122434 -0.179429 -0.573229
    30 0.729366 0.000004 0.000003 0.000000 -0.000110 -0.248950
    31 3.941984 0.050857 0.435164 -0.031435 -0.126224 -1.323235
    32 1.539099 0.000004 0.000002 -0.245476 0.386205 -0.367027
    33 1.196320 0.000008 0.000004 0.000000 -0.000162 -0.332870
    34 3.880859 -0.047028 -0.427490 0.125580 0.221647 -0.416549
    35 1.719571 0.000019 0.000015 -0.311129 -0.043739 -1.054626
    36 1.209175 0.000004 0.000003 0.172210 -0.116519 -0.543375
    37 3.863496 -0.144303 -1.324347 -0.141219 0.635538 -0.479029
    38 1.719421 -0.000008 -0.000008 -0.052815 0.006926 -0.449862
    39 1.099667 -0.000004 0.000000 0.156990 -0.328270 -0.887119
    40 0.811503 -0.358881 -1.312776 1.243202 0.551772 -0.740648
    41 1.789776 0.000000 0.000002 -0.000008 0.003711 0.228604
    42 1.207008 0.000007 0.000000 0.000000 0.005667 0.362991
    43 3.775391 -5.484375 -0.527832 -2.248284 -0.133216 -1.641882
  time 25
    0 -0.000003 -13.531250 -29.421875 1.570788 0.000007 -0.000007
    1 0.000000 3.345131 -2.981898 1.570789 0.086301 1.570789
    2 4.015625 0.000001 0.000000 0.000000 0.000000 -0.029241
    3 3.520294 0.000014 -0.000001 0.000000 0.000000 0.100332
    4 8.929688 0.000000 0.000000 0.000000 0.000000 0.194095
    5 2.035156 0.997070 1.937500 1.596487 -1.284993 2.943127
    6 6.028151 -0.000031 0.000004 -1.558646 -0.834645 -0.850658
    7 11.692549 0.000005 0.000011 0.048212 0.191202 -1.763461
    8 11.481670 0.000049 -0.000031 1.246232 -0.581834 0.227293
    9 3.858219 -0.135628 -1.192198 -0.462168 -0.183015 -1.143494
    10 1.312561 -0.000008 0.000000 0.000000 0.054403 -0.409014
    11 0.729362 0.000004 -0.000003 -0.000002 0.040753 -0.240990
    12 3.938059 0.050857 -0.435178 -0.058906 -0.190477 -1.052198
    13 1.539095 0.000004 -0.000002 0.000000 0.003735 -0.247814
    14 1.196325 0.000000 -0.000004 -0.000001 0.006169 -0.430818
    15 3.880859 -0.043091 0.427490 -0.476763 -0.093580 -0.824965
    16 1.719580 0.000011 -0.000015 -0.039460 -0.167701 -0.315837
    17 1.209179 -0.000004 0.000000 0.312038 0.209821 -0.320126
    18 3.863477 -0.132587 1.332145 0.316553 -0.532806 -0.147542
    19 1.719426 -0.000004 0.000007 -0.008714 -0.308204 -1.257834
    20 1.099669 -0.000004 0.000000 -0.000002 0.002587 -0.283860
    21 0.807581 -0.343248 1.316678 -1.197390 -0.475295 -0.937730
    22 1.789783 0.000002 0.000006 -0.000002 -0.003712 0.228604
    23 1.207008 0.000009 -0.000002 0.068240 -0.043107 0.237799
    24 2.035156 0.997070 -1.937500 -1.667267 1.282923 2.944210
    25 6.028140 -0.000004 0.000001 1.557978 0.791800 -0.847310
    26 11.692560 0.000021 -0.000004 -0.000424 -0.070385 -1.811003
    27 11.481653 0.000064 0.000015 -1.179383 0.524890 0.157792
    28 3.854337 -0.131714 1.199996 1.185711 -0.224301 -1.641700
    29 1.312565 0.000000 -0.000002 0.122434 -0.179429 -0.573229
    30 0.729366 0.000004 0.000003 0.000000 -0.000110 -0.248950
    31 3.938077 0.050857 0.435164 -0.031435 -0.126224 -1.323235
    32 1.539099 0.000004 0.000002 -0.245476 0.386205 -0.367027
    33 1.196320 0.000008 0.000004 0.000000 -0.000162 -0.332870
    34 3.880859 -0.047028 -0.427490 0.125580 0.221647 -0.416549
    35 1.719571 0.000019 0.000015 -0.311129 -0.043739 -1.054626
    36 1.209175 0.000004 0.000003 0.172210 -0.116519 -0.543375
    37 3.863496 -0.144303 -1.324347 -0.141219 0.635538 -0.479029
    38 1.719421 -0.000008 -0.000008 -0.052815 0.006926 -0.449862
    39 1.099667 -0.000004 0.000000 0.156990 -0.328270 -0.887119
    40 0.807596 -0.358881 -1.312776 1.243202 0.551772 -0.740648
    41 1.789776 0.000000 0.000002 -0.000008 0.003711 0.228604
    42 1.207008 0.000007 0.000000 0.000000 0.005667 0.362991
    43 3.775391 -5.484375 -0.527832 -2.248284 -0.133216 -1.641882
  time 26
    0 -0.000003 -13.531250 -29.421875 1.570788 0.000007 -0.000007
    1 0.000000 3.345131 -2.981898 1.570789 0.086301 1.570789
    2 4.015625 0.000001 0.000000 0.000000 0.000000 -0.029241
    3 3.520294 0.000014 -0.000001 0.000000 0.000000 0.100332
    4 8.929688 0.000000 0.000000 0.000000 0.000000 0.194095
    5 2.035156 0.997070 1.937500 1.596487 -1.284993 2.943127
    6 6.028151 -0.000031 0.000004 -1.558858 -0.834415 -0.850490
    7 11.692549 0.000005 0.000011 0.048188 0.191118 -1.763567
    8 11.481670 0.000049 -0.000031 1.246864 -0.581622 0.227063
    9 3.858219 -0.135628 -1.192198 -0.462168 -0.183015 -1.143494
    10 1.312561 -0.000008 0.000000 0.000000 0.054403 -0.409014
    11 0.729362 0.000004 -0.000003 -0.000002 0.040753 -0.240990
    12 3.941966 0.050857 -0.435178 -0.058906 -0.190477 -1.052198
    13 1.539095 0.000004 -0.000002 0.000000 0.003735 -0.247814
    14 1.196325 0.000000 -0.000004 -0.000001 0.006169 -0.430818
    15 3.880859 -0.043091 0.427490 -0.476763 -0.093580 -0.824965
    16 1.719580 0.000011 -0.000015 -0.039460 -0.167701 -0.315837
    17 1.209179 -0.000004 0.000000 0.312038 0.209821 -0.320126
    18 3.863477 -0.132587 1.332145 0.316553 -0.532806 -0.147542
    19 1.719426 -0.000004 0.000007 -0.008714 -0.308204 -1.257834
    20 1.099669 -0.000004 0.000000 -0.000002 0.002587 -0.283860
    21 0.807581 -0.343248 1.320585 -1.197390 -0.475295 -0.937730
    22 1.789783 0.000002 0.000006 -0.000002 -0.003712 0.228604
    23 1.207008 0.000009 -0.000002 0.068240 -0.043107 0.237799
    24 2.035156 0.997070 -1.937500 -1.667267 1.282923 2.944210
    25 6.028140 -0.000004 0.000001 1.557667 0.791701 -0.847502
    26 11.692560 0.000021 -0.000004 -0.000424 -0.070565 -1.810950
    27 11.481653 0.000064 0.000015 -1.179086 0.525167 0.157900
    28 3.854337 -0.131714 1.199996 1.185686 -0.224301 -1.641700
    29 1.312565 0.000000 -0.000002 0.122434 -0.179429 -0.573229
    30 0.729366 0.000004 0.000003 0.000000 -0.000110 -0.248950
    31 3.941984 0.050857 0.435164 -0.031435 -0.126224 -1.323235
    32 1.539099 0.000004 0.000002 -0.245476 0.386205 -0.367027
    33 1.196320 0.000008 0.000004 0.000000 -0.000162 -0.332870
    34 3.880859 -0.047028 -0.427490 0.125580 0.221647 -0.416549
    35 1.719571 0.000019 0.000015 -0.311129 -0.043739 -1.054626
    36 1.209175 0.000004 0.000003 0.172210 -0.116519 -0.543375
    37 3.863496 -0.144303 -1.324347 -0.141219 0.635538 -0.479029
    38 1.719421 -0.000008 -0.000008 -0.052815 0.006926 -0.449862
    39 1.099667 -0.000004 0.000000 0.156990 -0.328270 -0.887119
    40 0.807596 -0.358881 -1.316682 1.243202 0.551772 -0.740648
    41 1.789776 0.000000 0.000002 -0.000008 0.003711 0.228604
    42 1.207008 0.000007 0.000000 0.000000 0.005667 0.362991
    43 3.775391 -5.484375 -0.527832 -2.248284 -0.133216 -1.641882
  time 27
    0 -0.000003 -13.531250 -29.421875 1.570788 0.000007 -0.000007
    1 0.000000 3.345131 -2.981898 1.570789 0.086301 1.570789
    2 4.015625 0.000001 0.000000 0.000000 0.000000 -0.029241
    3 3.520294 0.000014 -0.000001 0.000000 0.000000 0.100332
    4 8.929688 0.000000 0.000000 0.000000 0.000000 0.194095
    5 2.035156 0.997070 1.937500 1.596487 -1.284993 2.943127
    6 6.028151 -0.000031 0.000004 -1.559051 -0.834219 -0.850335
    7 11.692549 0.000005 0.000011 0.048176 0.191034 -1.763673
    8 11.481670 0.000049 -0.000031 1.247448 -0.581409 0.226849
    9 3.858219 -0.135628 -1.192198 -0.462168 -0.183015 -1.143494
    10 1.312561 -0.000008 0.000000 0.000000 0.054403 -0.409014
    11 0.729362 0.000004 -0.000003 -0.000002 0.040753 -0.240990
    12 3.938059 0.050857 -0.435178 -0.058906 -0.190477 -1.052198
    13 1.539095 0.000004 -0.000002 0.000000 0.003735 -0.247814
    14 1.196325 0.000000 -0.000004 -0.000001 0.006169 -0.430818
    15 3.880859 -0.043091 0.427490 -0.476763 -0.093580 -0.824965
    16 1.719580 0.000011 -0.000015 -0.039460 -0.167701 -0.315837
    17 1.209179 -0.000004 0.000000 0.312038 0.209821 -0.320126
    18 3.863477 -0.132587 1.332145 0.316553 -0.532806 -0.147542
    19 1.719426 -0.000004 0.000007 -0.008714 -0.308204 -1.257834
    20 1.099669 -0.000004 0.000000 -0.000002 0.002587 -0.283860
    21 0.807581 -0.343248 1.320585 -1.197390 -0.475295 -0.937730
    22 1.789783 0.000002 0.000006 -0.000002 -0.003712 0.228604
    23 1.207008 0.000009 -0.000002 0.068240 -0.043107 0.237799
    24 2.035156 0.997070 -1.937500 -1.667267 1.282923 2.944210
    25 6.028140 -0.000004 0.000001 1.557367 0.791601 -0.847683
    26 11.692560 0.000021 -0.000004 -0.000436 -0.070745 -1.810896
    27 11.481653 0.000064 0.000015 -1.178801 0.525429 0.158008
    28 3.854337 -0.131714 1.199996 1.185686 -0.224301 -1.641700
    29 1.312565 0.000000 -0.000002 0.122434 -0.179429 -0.573229
    30 0.729366 0.000004 0.000003 0.000000 -0.000110 -0.248950
    31 3.941984 0.050857 0.435164 -0.031435 -0.126224 -1.323235
    32 1.539099 0.000004 0.000002 -0.245476 0.386205 -0.367027
    33 1.196320 0.000008 0.000004 0.000000 -0.000162 -0.332870
    34 3.880859 -0.047028 -0.427490 0.125580 0.221647 -0.416549
    35 1.719571 0.000019 0.000015 -0.311129 -0.043739 -1.054626
    36 1.209175 0.000004 0.000003 0.172210 -0.116519 -0.543375
    37 3.863496 -0.144303 -1.324347 -0.141219 0.635538 -0.479029
    38 1.719421 -0.000008 -0.000008 -0.052815 0.006926 -0.449862
    39 1.099667 -0.000004 0.000000 0.156990 -0.328270 -0.887119
    40 0.811503 -0.358881 -1.312776 1.243202 0.551772 -0.740648
    41 1.789776 0.000000 0.000002 -0.000008 0.003711 0.228604
    42 1.207008 0.000007 0.000000 0.000000 0.005667 0.362991
    43 3.775391 -5.484375 -0.527832 -2.248284 -0.133216 -1.641882
  time 28
    0 -0.000003 -13.531250 -29.421875 1.570788 0.000007 -0.000007
    1 0.000000 3.345131 -2.981898 1.570789 0.086301 1.570789
    2 4.015625 0.000001 0.000000 0.000000 0.000000 -0.029241
    3 3.520294 0.000014 -0.000001 0.000000 0.000000 0.100332
    4 8.929688 0.000000 0.000000 0.000000 0.000000 0.194095
    5 2.035156 0.997070 1.937500 1.596487 -1.284993 2.943127
    6 6.028151 -0.000031 0.000004 -1.559224 -0.833989 -0.850179
    7 11.692549 0.000005 0.000011 0.048152 0.190962 -1.763779
    8 11.481670 0.000049 -0.000031 1.248081 -0.581196 0.226620
    9 3.858219 -0.135628 -1.192198 -0.462168 -0.183015 -1.143494
    10 1.312561 -0.000008 0.000000 0.000000 0.054403 -0.409014
    11 0.729362 0.000004 -0.000003 -0.000002 0.040753 -0.240990
    12 3.938059 0.050857 -0.435178 -0.058906 -0.190477 -1.052198
    13 1.539095 0.000004 -0.000002 0.000000 0.003735 -0.247814
    14 1.196325 0.000000 -0.000004 -0.000001 0.006169 -0.430818
    15 3.880859 -0.043091 0.427490 -0.476763 -0.093580 -0.824965
    16 1.719580 0.000011 -0.000015 -0.039460 -0.167701 -0.315837
    17 1.209179 -0.000004 0.000000 0.312038 0.209821 -0.320126
    18 3.867384 -0.132587 1.332145 0.316553 -0.532806 -0.147542
    19 1.719426 -0.000004 0.000007 -0.008714 -0.308204 -1.257834
    20 1.099669 -0.000004 0.000000 -0.000002 0.002587 -0.283860
    21 0.807581 -0.343248 1.320585 -1.197390 -0.475295 -0.937730
    22 1.789783 0.000002 0.000006 -0.000002 -0.003712 0.228604
    23 1.207008 0.000009 -0.000002 0.068240 -0.043107 0.237799
    24 2.035156 0.997070 -1.937500 -1.667267 1.282923 2.944210
    25 6.028140 -0.000004 0.000001 1.557092 0.791501 -0.847864
    26 11.692560 0.000021 -0.000004 -0.000436 -0.070901 -1.810843
    27 11.481653 0.000064 0.000015 -1.178503 0.525707 0.158104
    28 3.854337 -0.131714 1.199996 1.185686 -0.224301 -1.641700
    29 1.312565 0.000000 -0.000002 0.122434 -0.179429 -0.573229
    30 0.729366 0.000004 0.000003 0.000000 -0.000110 -0.248950
    31 3.941984 0.050857 0.435164 -0.031435 -0.126224 -1.323235
    32 1.539099 0.000004 0.000002 -0.245476 0.386205 -0.367027
    33 1.196320 0.000008 0.000004 0.000000 -0.000162 -0.332870
    34 3.880859 -0.047028 -0.427490 0.125580 0.221647 -0.416549
    35 1.719571 0.000019 0.000015 -0.311129 -0.043739 -1.054626
    36 1.209175 0.000004 0.000003 0.172210 -0.116519 -0.543375
    37 3.863496 -0.144303 -1.324347 -0.141219 0.635538 -0.479029
    38 1.719421 -0.000008 -0.000008 -0.052815 0.006926 -0.449862
    39 1.099667 -0.000004 0.000000 0.156990 -0.328270 -0.887119
    40 0.811503 -0.358881 -1.312776 1.243202 0.551772 -0.740648
    41 1.789776 0.000000 0.000002 -0.000008 0.003711 0.228604
    42 1.207008 0.000007 0.000000 0.000000 0.005667 0.362991
    43 3.775391 -5.484375 -0.527832 -2.248284 -0.133216 -1.641882
  time 29
    0 -0.000003 -13.531250 -29.421875 1.570788 0.000007 -0.000007
    1 0.000000 3.345131 -2.981898 1.570789 0.086301 1.570789
    2 4.015625 0.000001 0.000000 0.000000 0.000000 -0.029241
    3 3.520294 0.000014 -0.000001 0.000000 0.000000 0.100332
    4 8.929688 0.000000 0.000000 0.000000 0.000000 0.194095
    5 2.035156 0.997070 1.937500 1.596487 -1.284993 2.943127
    6 6.028151 -0.000031 0.000004 -1.559398 -0.833825 -0.850035
    7 11.692549 0.000005 0.000011 0.048140 0.190890 -1.763885
    8 11.481670 0.000049 -0.000031 1.248665 -0.580964 0.226390
    9 3.858219 -0.135628 -1.192198 -0.462168 -0.183015 -1.143494
    10 1.312561 -0.000008 0.000000 0.000000 0.054403 -0.409014
    11 0.729362 0.000004 -0.000003 -0.000002 0.040753 -0.240990
    12 3.938059 0.050857 -0.435178 -0.058906 -0.190477 -1.052198
    13 1.539095 0.000004 -0.000002 0.000000 0.003735 -0.247814
    14 1.196325 0.000000 -0.000004 -0.000001 0.006169 -0.430818
    15 3.880859 -0.043091 0.427490 -0.476763 -0.093580 -0.824965
    16 1.719580 0.000011 -0.000015 -0.039460 -0.167701 -0.315837
    17 1.209179 -0.000004 0.000000 0.312038 0.209821 -0.320126
    18 3.863477 -0.132587 1.332145 0.316553 -0.532806 -0.147542
    19 1.719426 -0.000004 0.000007 -0.008714 -0.308204 -1.257834
    20 1.099669 -0.000004 0.000000 -0.000002 0.002587 -0.283860
    21 0.807581 -0.343248 1.316678 -1.197390 -0.475295 -0.937730
    22 1.789783 0.000002 0.000006 -0.000002 -0.003712 0.228604
    23 1.207008 0.000009 -0.000002 0.068240 -0.043107 0.237799
    24 2.035156 0.997070 -1.937500 -1.667267 1.282923 2.944210
    25 6.028140 -0.000004 0.000001 1.556840 0.791401 -0.848020
    26 11.692560 0.000021 -0.000004 -0.000436 -0.071056 -1.810789
    27 11.481653 0.000064 0.000015 -1.178233 0.525968 0.158212
    28 3.854337 -0.131714 1.199996 1.185686 -0.224301 -1.641700
    29 1.312565 0.000000 -0.000002 0.122434 -0.179429 -0.573229
    30 0.729366 0.000004 0.000003 0.000000 -0.000110 -0.248950
    31 3.938077 0.050857 0.435164 -0.031435 -0.126224 -1.323235
    32 1.539099 0.000004 0.000002 -0.245476 0.386205 -0.367027
    33 1.196320 0.000008 0.000004 0.000000 -0.000162 -0.332870
    34 3.880859 -0.047028 -0.427490 0.125580 0.221647 -0.416549
    35 1.719571 0.000019 0.000015 -0.311129 -0.043739 -1.054626
    36 1.209175 0.000004 0.000003 0.172210 -0.116519 -0.543375
    37 3.863496 -0.144303 -1.324347 -0.141219 0.635538 -0.479029
    38 1.719421 -0.000008 -0.000008 -0.052815 0.006926 -0.449862
    39 1.099667 -0.000004 0.000000 0.156990 -0.328270 -0.887119
    40 0.811503 -0.358881 -1.316682 1.243202 0.551772 -0.740648
    41 1.789776 0.000000 0.000002 -0.000008 0.003711 0.228604
    42 1.207008 0.000007 0.000000 0.000000 0.005667 0.362991
    43 3.775391 -5.484375 -0.527832 -2.248284 -0.133216 -1.641882
  time 30
    0 -0.000003 -13.531250 -29.421875 1.570788 0.000007 -0.000007
    1 0.000000 3.345131 -2.981898 1.570789 0.086301 1.570789
    2 4.015625 0.000001 0.000000 0.000000 0.000000 -0.029241
    3 3.520294 0.000014 -0.000001 0.000000 0.000000 0.100332
    4 8.929688 0.000000 0.000000 0.000000 0.000000 0.194095
    5 2.035156 0.997070 1.937500 1.596487 -1.284993 2.943127
    6 6.028151 -0.000031 0.000004 -1.559552 -0.833628 -0.849903
    7 11.692549 0.000005 0.000011 0.048128 0.190830 -1.763938
    8 11.481670 0.000049 -0.000031 1.249298 -0.580713 0.226160
    9 3.858219 -0.135628 -1.192198 -0.462168 -0.183015 -1.143494
    10 1.312561 -0.000008 0.000000 0.000000 0.054403 -0.409014
    11 0.729362 0.000004 -0.000003 -0.000002 0.040753 -0.240990
    12 3.938059 0.050857 -0.435178 -0.058906 -0.190477 -1.052198
    13 1.539095 0.000004 -0.000002 0.000000 0.003735 -0.247814
    14 1.196325 0.000000 -0.000004 -0.000001 0.006169 -0.430818
    15 3.880859 -0.043091 0.427490 -0.476760 -0.093580 -0.824965
    16 1.719580 0.000011 -0.000015 -0.039460 -0.167701 -0.315837
    17 1.209179 -0.000004 0.000000 0.312038 0.209821 -0.320126
    18 3.863477 -0.132587 1.332145 0.316553 -0.532806 -0.147542
    19 1.719426 -0.000004 0.000007 -0.008714 -0.308204 -1.257834
    20 1.099669 -0.000004 0.000000 -0.000002 0.002587 -0.283860
    21 0.807581 -0.343248 1.320585 -1.197390 -0.475295 -0.937730
    22 1.789783 0.000002 0.000006 -0.000002 -0.003712 0.228604
    23 1.207008 0.000009 -0.000002 0.068240 -0.043107 0.237799
    24 2.035156 0.997070 -1.937500 -1.667267 1.282923 2.944210
    25 6.028140 -0.000004 0.000001 1.556600 0.791302 -0.848165
    26 11.692560 0.000021 -0.000004 -0.000436 -0.071188 -1.810736
    27 11.481653 0.000064 0.000015 -1.177948 0.526214 0.158308
    28 3.854337 -0.131714 1.199996 1.185686 -0.224301 -1.641700
    29 1.312565 0.000000 -0.000002 0.122434 -0.179429 -0.573229
    30 0.729366 0.000004 0.000003 0.000000 -0.000110 -0.248950
    31 3.938077 0.050857 0.435164 -0.031435 -0.126224 -1.323235
    32 1.539099 0.000004 0.000002 -0.245476 0.386205 -0.367025
    33 1.196320 0.000008 0.000004 0.000000 -0.000162 -0.332870
    34 3.880859 -0.047028 -0.427490 0.125580 0.221647 -0.416549
    35 1.719571 0.000019 0.000015 -0.311129 -0.043739 -1.054626
    36 1.209175 0.000004 0.000003 0.172210 -0.116519 -0.543375
    37 3.863496 -0.144303 -1.324347 -0.141219 0.635538 -0.479029
    38 1.719421 -0.000008 -0.000008 -0.052815 0.006926 -0.449862
    39 1.099667 -0.000004 0.000000 0.156990 -0.328270 -0.887119
    40 0.807596 -0.358881 -1.312776 1.243202 0.551772 -0.740648
    41 1.789776 0.000000 0.000002 -0.000008 0.003711 0.228604
    42 1.207008 0.000007 0.000000 0.000000 0.005667 0.362991
    43 3.772911 -5.489323 -0.527648 4.034818 -0.133223 -1.641906
  time 31
    0 -0.000003 -13.531250 -29.421875 1.570788 0.000007 -0.000007
    1 0.000000 3.345131 -2.981898 1.570789 0.086301 1.570789
    2 4.015625 0.000001 0.000000 0.000000 0.000000 -0.029241
    3 3.520294 0.000014 -0.000001 0.000000 0.000000 0.100332
    4 8.929688 0.000000 0.000000 0.000000 0.000000 0.194095
    5 2.035156 0.997070 1.937500 1.596487 -1.284993 2.943127
    6 6.028151 -0.000031 0.000004 -1.559706 -0.833464 -0.849783
    7 11.692549 0.000005 0.000011 0.048116 0.190771 -1.763991
    8 11.481670 0.000049 -0.000031 1.249930 -0.580462 0.225930
    9 3.858219 -0.135628 -1.192198 -0.462168 -0.183015 -1.143494
    10 1.312561 -0.000008 0.000000 0.000000 0.054403 -0.409014
    11 0.729362 0.000004 -0.000003 -0.000002 0.040753 -0.240990
    12 3.941966 0.050857 -0.435178 -0.058906 -0.190477 -1.052198
    13 1.539095 0.000004 -0.000002 0.000000 0.003735 -0.247814
    14 1.196325 0.000000 -0.000004 -0.000001 0.006169 -0.430818
    15 3.880859 -0.043091 0.427490 -0.476760 -0.093580 -0.824965
    16 1.719580 0.000011 -0.000015 -0.039460 -0.167701 -0.315837
    17 1.209179 -0.000004 0.000000 0.312038 0.209821 -0.320126
    18 3.863477 -0.132587 1.332145 0.316553 -0.532806 -0.147542
    19 1.719426 -0.000004 0.000007 -0.008714 -0.308204 -1.257834
    20 1.099669 -0.000004 0.000000 -0.000002 0.002587 -0.283860
    21 0.807581 -0.343248 1.320585 -1.197390 -0.475295 -0.937730
    22 1.789783 0.000002 0.000006 -0.000002 -0.003712 0.228604
    23 1.207008 0.000009 -0.000002 0.068240 -0.043107 0.237799
    24 2.035156 0.997070 -1.937500 -1.667267 1.282923 2.944210
    25 6.028140 -0.000004 0.000001 1.556384 0.791227 -0.848297
    26 11.692560 0.000021 -0.000004 -0.000436 -0.071320 -1.810736
    27 11.481653 0.000064 0.000015 -1.177677 0.526459 0.158404
    28 3.854337 -0.131714 1.199996 1.185711 -0.224301 -1.641700
    29 1.312565 0.000000 -0.000002 0.122434 -0.179429 -0.573229
    30 0.729366 0.000004 0.000003 0.000000 -0.000110 -0.248950
    31 3.938077 0.050857 0.435164 -0.031435 -0.126224 -1.323235
    32 1.539099 0.000004 0.000002 -0.245476 0.386205 -0.367025
    33 1.196320 0.000008 0.000004 0.000000 -0.000162 -0.332870
    34 3.880859 -0.047028 -0.427490 0.125580 0.221647 -0.416549
    35 1.719571 0.000019 0.000015 -0.311129 -0.043739 -1.054626
    36 1.209175 0.000004 0.000003 0.172210 -0.116519 -0.543375
    37 3.863496 -0.144303 -1.324347 -0.141219 0.635538 -0.479029
    38 1.719421 -0.000008 -0.000008 -0.052815 0.006926 -0.449862
    39 1.099667 -0.000004 0.000000 0.156990 -0.328270 -0.887119
    40 0.811503 -0.358881 -1.312776 1.243202 0.551772 -0.740648
    41 1.789776 0.000000 0.000002 -0.000008 0.003711 0.228604
    42 1.207008 0.000007 0.000000 0.000000 0.005667 0.362991
    43 3.772911 -5.489323 -0.527648 4.034818 -0.133223 -1.641906
  time 32
    0 -0.000003 -13.531250 -29.421875 1.570788 0.000007 -0.000007
    1 0.000000 3.345131 -2.981898 1.570789 0.086301 1.570789
    2 4.015625 0.000001 0.000000 0.000000 0.000000 -0.029241
    3 3.520294 0.000014 -0.000001 0.000000 0.000000 0.100332
    4 8.929688 0.000000 0.000000 0.000000 0.000000 0.194095
    5 2.035156 0.997070 1.937500 1.596487 -1.284993 2.943127
    6 6.028151 -0.000031 0.000004 -1.559841 -0.833333 -0.849675
    7 11.692549 0.000005 0.000011 0.048104 0.190723 -1.764097
    8 11.481670 0.000049 -0.000031 1.250514 -0.580211 0.225700
    9 3.858219 -0.135628 -1.192198 -0.462168 -0.183015 -1.143494
    10 1.312561 -0.000008 0.000000 0.000000 0.054403 -0.409014
    11 0.729362 0.000004 -0.000003 -0.000002 0.040753 -0.240990
    12 3.938059 0.050857 -0.435178 -0.058906 -0.190477 -1.052198
    13 1.539095 0.000004 -0.000002 0.000000 0.003735 -0.247814
    14 1.196325 0.000000 -0.000004 -0.000001 0.006169 -0.430818
    15 3.880859 -0.043091 0.427490 -0.476760 -0.093580 -0.824965
    16 1.719580 0.000011 -0.000015 -0.039460 -0.167701 -0.315837
    17 1.209179 -0.000004 0.000000 0.312038 0.209821 -0.320126
    18 3.863477 -0.132587 1.332145 0.316553 -0.532806 -0.147542
    19 1.719426 -0.000004 0.000007 -0.008714 -0.308204 -1.257834
    20 1.099669 -0.000004 0.000000 -0.000002 0.002587 -0.283860
    21 0.807581 -0.343248 1.316678 -1.197390 -0.475295 -0.937730
    22 1.789783 0.000002 0.000006 -0.000002 -0.003712 0.228604
    23 1.207008 0.000009 -0.000002 0.068240 -0.043107 0.237799
    24 2.035156 0.997070 -1.937500 -1.667267 1.282923 2.944210
    25 6.028140 -0.000004 0.000001 1.556193 0.791127 -0.848418
    26 11.692560 0.000021 -0.000004 -0.000436 -0.071440 -1.810682
    27 11.481653 0.000064 0.000015 -1.177406 0.526688 0.158488
    28 3.854337 -0.131714 1.199996 1.185686 -0.224301 -1.641700
    29 1.312565 0.000000 -0.000002 0.122434 -0.179429 -0.573229
    30 0.729366 0.000004 0.000003 0.000000 -0.000110 -0.248950
    31 3.938077 0.050857 0.435164 -0.031435 -0.126224 -1.323235
    32 1.539099 0.000004 0.000002 -0.245476 0.386205 -0.367025
    33 1.196320 0.000008 0.000004 0.000000 -0.000162 -0.332870
    34 3.880859 -0.047028 -0.427490 0.125580 0.221647 -0.416549
    35 1.719571 0.000019 0.000015 -0.311129 -0.043739 -1.054626
    36 1.209175 0.000004 0.000003 0.172210 -0.116519 -0.543375
    37 3.863496 -0.144303 -1.324347 -0.141219 0.635538 -0.479029
    38 1.719421 -0.000008 -0.000008 -0.052815 0.006926 -0.449862
    39 1.099667 -0.000004 0.000000 0.156990 -0.328270 -0.887119
    40 0.807596 -0.358881 -1.312776 1.243202 0.551772 -0.740648
    41 1.789776 0.000000 0.000002 -0.000008 0.003711 0.228604
    42 1.207008 0.000007 0.000000 0.000000 0.005667 0.362991
    43 3.772911 -5.489323 -0.527648 4.034818 -0.133223 -1.641906
  time 33
    0 -0.000003 -13.531250 -29.421875 1.570788 0.000007 -0.000007
    1 0.000000 3.345131 -2.981898 1.570789 0.086301 1.570789
    2 4.015625 0.000001 0.000000 0.000000 0.000000 -0.029241
    3 3.520294 0.000014 -0.000001 0.000000 0.000000 0.100332
    4 8.929688 0.000000 0.000000 0.000000 0.000000 0.194095
    5 2.035156 0.997070 1.937500 1.596487 -1.284993 2.943127
    6 6.028151 -0.000031 0.000004 -1.559976 -0.833202 -0.849580
    7 11.692549 0.000005 0.000011 0.048092 0.190675 -1.764150
    8 11.481670 0.000049 -0.000031 1.251147 -0.579959 0.225470
    9 3.858219 -0.135628 -1.192198 -0.462168 -0.183015 -1.143494
    10 1.312561 -0.000008 0.000000 0.000000 0.054403 -0.409014
    11 0.729362 0.000004 -0.000003 -0.000002 0.040753 -0.240990
    12 3.938059 0.050857 -0.435178 -0.058906 -0.190477 -1.052198
    13 1.539095 0.000004 -0.000002 0.000000 0.003735 -0.247814
    14 1.196325 0.000000 -0.000004 -0.000001 0.006169 -0.430818
    15 3.880859 -0.043091 0.427490 -0.476760 -0.093580 -0.824965
    16 1.719580 0.000011 -0.000015 -0.039460 -0.167701 -0.315837
    17 1.209179 -0.000004 0.000000 0.312038 0.209821 -0.320126
    18 3.863477 -0.132587 1.332145 0.316553 -0.532806 -0.147542
    19 1.719426 -0.000004 0.000007 -0.008714 -0.308204 -1.257834
    20 1.099669 -0.000004 0.000000 -0.000002 0.002587 -0.283860
    21 0.807581 -0.343248 1.320585 -1.197390 -0.475295 -0.937730
    22 1.789783 0.000002 0.000006 -0.000002 -0.003712 0.228604
    23 1.207008 0.000009 -0.000002 0.068240 -0.043107 0.237799
    24 2.035156 0.997070 -1.937500 -1.667267 1.282923 2.944210
    25 6.028140 -0.000004 0.000001 1.556025 0.791052 -0.848526
    26 11.692560 0.000021 -0.000004 -0.000436 -0.071536 -1.810682
    27 11.481653 0.000064 0.000015 -1.177163 0.526916 0.158583
    28 3.854337 -0.127808 1.199996 1.185686 -0.224301 -1.641700
    29 1.312565 0.000000 -0.000002 0.122434 -0.179429 -0.573229
    30 0.729366 0.000004 0.000003 0.000000 -0.000110 -0.248950
    31 3.941984 0.050857 0.435164 -0.031435 -0.126224 -1.323235
    32 1.539099 0.000004 0.000002 -0.245476 0.386205 -0.367025
    33 1.196320 0.000008 0.000004 0.000000 -0.000162 -0.332870
    34 3.880859 -0.047028 -0.427490 0.125580 0.221647 -0.416549
    35 1.719571 0.000019 0.000015 -0.311129 -0.043739 -1.054626
    36 1.209175 0.000004 0.000003 0.172210 -0.116519 -0.543375
    37 3.863496 -0.144303 -1.324347 -0.141219 0.635538 -0.479029
    38 1.719421 -0.000008 -0.000008 -0.052815 0.006926 -0.449862
    39 1.099667 -0.000004 0.000000 0.156990 -0.328270 -0.887119
    40 0.807596 -0.358881 -1.312776 1.243202 0.551772 -0.740648
    41 1.789776 0.000000 0.000002 -0.000008 0.003711 0.228604
    42 1.207008 0.000007 0.000000 0.000000 0.005667 0.362991
    43 3.772911 -5.489323 -0.527648 4.034818 -0.133223 -1.641906
  time 34
    0 -0.000003 -13.531250 -29.421875 1.570788 0.000007 -0.000007
    1 0.000000 3.345131 -2.981898 1.570789 0.086301 1.570789
    2 4.015625 0.000001 0.000000 0.000000 0.000000 -0.029241
    3 3.520294 0.000014 -0.000001 0.000000 0.000000 0.100332
    4 8.929688 0.000000 0.000000 0.000000 0.000000 0.194095
    5 2.035156 0.997070 1.937500 1.596487 -1.284993 2.943127
    6 6.028151 -0.000031 0.000004 -1.560092 -0.833103 -0.849496
    7 11.692549 0.000005 0.000011 0.048080 0.190639 -1.764203
    8 11.481670 0.000049 -0.000031 1.251731 -0.579689 0.225240
    9 3.858219 -0.135628 -1.192198 -0.462168 -0.183015 -1.143494
    10 1.312561 -0.000008 0.000000 0.000000 0.054403 -0.409014
    11 0.729362 0.000004 -0.000003 -0.000002 0.040753 -0.240990
    12 3.941966 0.050857 -0.435178 -0.058906 -0.190477 -1.052198
    13 1.539095 0.000004 -0.000002 0.000000 0.003735 -0.247814
    14 1.196325 0.000000 -0.000004 -0.000001 0.006169 -0.430818
    15 3.880859 -0.043091 0.427490 -0.476760 -0.093580 -0.824965
    16 1.719580 0.000011 -0.000015 -0.039460 -0.167701 -0.315837
    17 1.209179 -0.000004 0.000000 0.312038 0.209821 -0.320126
    18 3.867384 -0.132587 1.332145 0.316553 -0.532806 -0.147542
    19 1.719426 -0.000004 0.000007 -0.008714 -0.308204 -1.257834
    20 1.099669 -0.000004 0.000000 -0.000002 0.002587 -0.283860
    21 0.807581 -0.343248 1.320585 -1.197390 -0.475295 -0.937730
    22 1.789783 0.000002 0.000006 -0.000002 -0.003712 0.228604
    23 1.207008 0.000009 -0.000002 0.068240 -0.043107 0.237799
    24 2.035156 0.997070 -1.937500 -1.667267 1.282923 2.944210
    25 6.028140 -0.000004 0.000001 1.555893 0.790952 -0.848611
    26 11.692560 0.000021 -0.000004 -0.000436 -0.071632 -1.810628
    27 11.481653 0.000064 0.000015 -1.176905 0.527145 0.158655
    28 3.854337 -0.127808 1.199996 1.185686 -0.224301 -1.641700
    29 1.312565 0.000000 -0.000002 0.122434 -0.179429 -0.573229
    30 0.729366 0.000004 0.000003 0.000000 -0.000110 -0.248950
    31 3.941984 0.050857 0.435164 -0.031435 -0.126224 -1.323235
    32 1.539099 0.000004 0.000002 -0.245476 0.386205 -0.367025
    33 1.196320 0.000008 0.000004 0.000000 -0.000162 -0.332870
    34 3.880859 -0.047028 -0.427490 0.125580 0.221647 -0.416549
    35 1.719571 0.000019 0.000015 -0.311129 -0.043739 -1.054626
    36 1.209175 0.000004 0.000003 0.172210 -0.116519 -0.543375
    37 3.863496 -0.144303 -1.324347 -0.141219 0.635538 -0.479029
    38 1.719421 -0.000008 -0.000008 -0.052815 0.006926 -0.449862
    39 1.099667 -0.000004 0.000000 0.156990 -0.328270 -0.887119
    40 0.811503 -0.358881 -1.312776 1.243202 0.551772 -0.740648
    41 1.789776 0.000000 0.000002 -0.000008 0.003711 0.228604
    42 1.207008 0.000007 0.000000 0.000000 0.005667 0.362991
    43 3.772911 -5.489323 -0.527648 4.034818 -0.133223 -1.641906
  time 35
    0 -0.000003 -13.531250 -29.421875 1.570788 0.000007 -0.000007
    1 0.000000 3.345131 -2.981898 1.570789 0.086301 1.570789
    2 4.015625 0.000001 0.000000 0.000000 0.000000 -0.029241
    3 3.520294 0.000014 -0.000001 0.000000 0.000000 0.100332
    4 8.929688 0.000000 0.000000 0.000000 0.000000 0.194095
    5 2.035156 0.997070 1.937500 1.596487 -1.284993 2.943127
    6 6.028151 -0.000031 0.000004 -1.560188 -0.833005 -0.849424
    7 11.692549 0.000005 0.000011 0.048068 0.190603 -1.764256
    8 11.481670 0.000049 -0.000031 1.252315 -0.579418 0.225010
    9 3.858219 -0.135628 -1.192198 -0.462168 -0.183015 -1.143494
    10 1.312561 -0.000008 0.000000 0.000000 0.054403 -0.409014
    11 0.729362 0.000004 -0.000003 -0.000002 0.040753 -0.240990
    12 3.941966 0.050857 -0.435178 -0.058906 -0.190477 -1.052198
    13 1.539095 0.000004 -0.000002 0.000000 0.003735 -0.247814
    14 1.196325 0.000000 -0.000004 -0.000001 0.006169 -0.430818
    15 3.880859 -0.043091 0.427490 -0.476760 -0.093580 -0.824965
    16 1.719580 0.000011 -0.000015 -0.039460 -0.167701 -0.315837
    17 1.209179 -0.000004 0.000000 0.312038 0.209821 -0.320126
    18 3.863477 -0.132587 1.332145 0.316553 -0.532806 -0.147542
    19 1.719426 -0.000004 0.000007 -0.008714 -0.308204 -1.257834
    20 1.099669 -0.000004 0.000000 -0.000002 0.002587 -0.283860
    21 0.807581 -0.343248 1.316678 -1.197390 -0.475295 -0.937730
    22 1.789783 0.000002 0.000006 -0.000002 -0.003712 0.228604
    23 1.207008 0.000009 -0.000002 0.068240 -0.043107 0.237799
    24 2.035156 0.997070 -1.937500 -1.667267 1.282923 2.944210
    25 6.028140 -0.000004 0.000001 1.555773 0.790878 -0.848683
    26 11.692560 0.000021 -0.000004 -0.000436 -0.071704 -1.810628
    27 11.481653 0.000064 0.000015 -1.176675 0.527341 0.158739
    28 3.854337 -0.131714 1.199996 1.185711 -0.224301 -1.641700
    29 1.312565 0.000000 -0.000002 0.122434 -0.179429 -0.573229
    30 0.729366 0.000004 0.000003 0.000000 -0.000110 -0.248950
    31 3.941984 0.050857 0.435164 -0.031435 -0.126224 -1.323235
    32 1.539099 0.000004 0.000002 -0.245476 0.386205 -0.367025
    33 1.196320 0.000008 0.000004 0.000000 -0.000162 -0.332870
    34 3.880859 -0.047028 -0.427490 0.125580 0.221647 -0.416549
    35 1.719571 0.000019 0.000015 -0.311129 -0.043739 -1.054626
    36 1.209175 0.000004 0.000003 0.172210 -0.116519 -0.543375
    37 3.863496 -0.144303 -1.324347 -0.141219 0.635538 -0.479029
    38 1.719421 -0.000008 -0.000008 -0.052815 0.006926 -0.449862
    39 1.099667 -0.000004 0.000000 0.156990 -0.328270 -0.887119
    40 0.811503 -0.358881 -1.312776 1.243202 0.551772 -0.740648
    41 1.789776 0.000000 0.000002 -0.000008 0.003711 0.228604
    42 1.207008 0.000007 0.000000 0.000000 0.005667 0.362991
    43 3.772911 -5.489323 -0.527648 4.034818 -0.133223 -1.641906
  time 36
    0 -0.000003 -13.531250 -29.421875 1.570788 0.000007 -0.000007
    1 0.000000 3.345131 -2.981898 1.570789 0.086301 1.570789
    2 4.015625 0.000001 0.000000 0.000000 0.000000 -0.029241
    3 3.520294 0.000014 -0.000001 0.000000 0.000000 0.100332
    4 8.929688 0.000000 0.000000 0.000000 0.000000 0.194095
    5 2.035156 0.997070 1.937500 1.596487 -1.284993 2.943127
    6 6.028151 -0.000031 0.000004 -1.560285 -0.832907 -0.849376
    7 11.692549 0.000005 0.000011 0.048068 0.190567 -1.764256
    8 11.481670 0.000049 -0.000031 1.252947 -0.579148 0.224780
    9 3.858219 -0.135628 -1.192198 -0.462168 -0.183015 -1.143494
    10 1.312561 -0.000008 0.000000 0.000000 0.054403 -0.409014
    11 0.729362 0.000004 -0.000003 -0.000002 0.040753 -0.240990
    12 3.938059 0.050857 -0.435178 -0.058906 -0.190477 -1.052198
    13 1.539095 0.000004 -0.000002 0.000000 0.003735 -0.247814
    14 1.196325 0.000000 -0.000004 -0.000001 0.006169 -0.430818
    15 3.880859 -0.043091 0.427490 -0.476760 -0.093580 -0.824965
    16 1.719580 0.000011 -0.000015 -0.039460 -0.167701 -0.315837
    17 1.209179 -0.000004 0.000000 0.312038 0.209821 -0.320126
    18 3.863477 -0.132587 1.332145 0.316553 -0.532806 -0.147542
    19 1.719426 -0.000004 0.000007 -0.008714 -0.308204 -1.257834
    20 1.099669 -0.000004 0.000000 -0.000002 0.002587 -0.283860
    21 0.807581 -0.343248 1.320585 -1.197390 -0.475295 -0.937730
    22 1.789783 0.000002 0.000006 -0.000002 -0.003712 0.228604
    23 1.207008 0.000009 -0.000002 0.068240 -0.043107 0.237799
    24 2.035156 0.997070 -1.937500 -1.667267 1.282923 2.944210
    25 6.028140 -0.000004 0.000001 1.555677 0.790803 -0.848743
    26 11.692560 0.000021 -0.000004 -0.000436 -0.071764 -1.810628
    27 11.481653 0.000064 0.000015 -1.176445 0.527538 0.158811
    28 3.854337 -0.131714 1.199996 1.185686 -0.224301 -1.641700
    29 1.312565 0.000000 -0.000002 0.122434 -0.179429 -0.573229
    30 0.729366 0.000004 0.000003 0.000000 -0.000110 -0.248950
    31 3.938077 0.050857 0.435164 -0.031435 -0.126224 -1.323235
    32 1.539099 0.000004 0.000002 -0.245476 0.386205 -0.367025
    33 1.196320 0.000008 0.000004 0.000000 -0.000162 -0.332870
    34 3.880859 -0.047028 -0.427490 0.125580 0.221647 -0.416549
    35 1.719571 0.000019 0.000015 -0.311129 -0.043739 -1.054626
    36 1.209175 0.000004 0.000003 0.172210 -0.116519 -0.543375
    37 3.863496 -0.144303 -1.324347 -0.141219 0.635538 -0.479029
    38 1.719421 -0.000008 -0.000008 -0.052815 0.006926 -0.449862
    39 1.099667 -0.000004 0.000000 0.156990 -0.328270 -0.887119
    40 0.811503 -0.358881 -1.312776 1.243202 0.551772 -0.740648
    41 1.789776 0.000000 0.000002 -0.000008 0.003711 0.228604
    42 1.207008 0.000007 0.000000 0.000000 0.005667 0.362991
    43 3.772911 -5.489323 -0.527648 4.034818 -0.133223 -1.641906
  time 37
    0 -0.000003 -13.531250 -29.421875 1.570788 0.000007 -0.000007
    1 0.000000 3.345131 -2.981898 1.570789 0.086301 1.570789
    2 4.015625 0.000001 0.000000 0.000000 0.000000 -0.029241
    3 3.520294 0.000014 -0.000001 0.000000 0.000000 0.100332
    4 8.929688 0.000000 0.000000 0.000000 0.000000 0.194095
    5 2.035156 0.997070 1.937500 1.596487 -1.284993 2.943127
    6 6.028151 -0.000031 0.000004 -1.560362 -0.832874 -0.849328
    7 11.692549 0.000005 0.000011 0.048068 0.190555 -1.764309
    8 11.481670 0.000049 -0.000031 1.253531 -0.578858 0.224567
    9 3.858219 -0.135628 -1.192198 -0.462168 -0.183015 -1.143494
    10 1.312561 -0.000008 0.000000 0.000000 0.054403 -0.409014
    11 0.729362 0.000004 -0.000003 -0.000002 0.040753 -0.240990
    12 3.938059 0.050857 -0.435178 -0.058906 -0.190477 -1.052198
    13 1.539095 0.000004 -0.000002 0.000000 0.003735 -0.247814
    14 1.196325 0.000000 -0.000004 -0.000001 0.006169 -0.430818
    15 3.880859 -0.043091 0.427490 -0.476760 -0.093580 -0.824965
    16 1.719580 0.000011 -0.000015 -0.039460 -0.167701 -0.315837
    17 1.209179 -0.000004 0.000000 0.312038 0.209821 -0.320126
    18 3.863477 -0.132587 1.332145 0.316553 -0.532806 -0.147542
    19 1.719426 -0.000004 0.000007 -0.008714 -0.308204 -1.257834
    20 1.099669 -0.000004 0.000000 -0.000002 0.002587 -0.283860
    21 0.807581 -0.343248 1.320585 -1.197390 -0.475295 -0.937730
    22 1.789783 0.000002 0.000006 -0.000002 -0.003712 0.228604
    23 1.207008 0.000009 -0.000002 0.068240 -0.043107 0.237799
    24 2.035156 0.997070 -1.937500 -1.667267 1.282923 2.944210
    25 6.028140 -0.000004 0.000001 1.555617 0.790728 -0.848779
    26 11.692560 0.000021 -0.000004 -0.000448 -0.071811 -1.810575
    27 11.481653 0.000064 0.000015 -1.176215 0.527734 0.158883
    28 3.854337 -0.127808 1.199996 1.185686 -0.224301 -1.641700
    29 1.312565 0.000000 -0.000002 0.122434 -0.179429 -0.573229
    30 0.729366 0.000004 0.000003 0.000000 -0.000110 -0.248950
    31 3.941984 0.050857 0.435164 -0.031435 -0.126224 -1.323235
    32 1.539099 0.000004 0.000002 -0.245476 0.386205 -0.367025
    33 1.196320 0.000008 0.000004 0.000000 -0.000162 -0.332870
    34 3.880859 -0.047028 -0.427490 0.125580 0.221647 -0.416549
    35 1.719571 0.000019 0.000015 -0.311129 -0.043739 -1.054626
    36 1.209175 0.000004 0.000003 0.172210 -0.116519 -0.543375
    37 3.863496 -0.144303 -1.324347 -0.141219 0.635538 -0.479029
    38 1.719421 -0.000008 -0.000008 -0.052815 0.006926 -0.449862
    39 1.099667 -0.000004 0.000000 0.156990 -0.328270 -0.887119
    40 0.811503 -0.358881 -1.316682 1.243202 0.551772 -0.740648
    41 1.789776 0.000000 0.000002 -0.000008 0.003711 0.228604
    42 1.207008 0.000007 0.000000 0.000000 0.005667 0.362991
    43 3.772911 -5.489323 -0.527648 4.034818 -0.133223 -1.641906
  time 38
    0 -0.000003 -13.531250 -29.421875 1.570788 0.000007 -0.000007
    1 0.000000 3.345131 -2.981898 1.570789 0.086301 1.570789
    2 4.015625 0.000001 0.000000 0.000000 0.000000 -0.029241
    3 3.520294 0.000014 -0.000001 0.000000 0.000000 0.100332
    4 8.929688 0.000000 0.000000 0.000000 0.000000 0.194095
    5 2.035156 0.997070 1.937500 1.596487 -1.284993 2.943127
    6 6.028151 -0.000031 0.000004 -1.560419 -0.832808 -0.849292
    7 11.692549 0.000005 0.000011 0.048056 0.190531 -1.764309
    8 11.481670 0.000049 -0.000031 1.254115 -0.578568 0.224337
    9 3.858219 -0.135628 -1.192198 -0.462168 -0.183015 -1.143494
    10 1.312561 -0.000008 0.000000 0.000000 0.054403 -0.409014
    11 0.729362 0.000004 -0.000003 -0.000002 0.040753 -0.240990
    12 3.941966 0.050857 -0.435178 -0.058906 -0.190477 -1.052198
    13 1.539095 0.000004 -0.000002 0.000000 0.003735 -0.247814
    14 1.196325 0.000000 -0.000004 -0.000001 0.006169 -0.430818
    15 3.880859 -0.043091 0.427490 -0.476760 -0.093580 -0.824965
    16 1.719580 0.000011 -0.000015 -0.039460 -0.167701 -0.315837
    17 1.209179 -0.000004 0.000000 0.312038 0.209821 -0.320126
    18 3.863477 -0.132587 1.332145 0.316553 -0.532806 -0.147542
    19 1.719426 -0.000004 0.000007 -0.008714 -0.308204 -1.257834
    20 1.099669 -0.000004 0.000000 -0.000002 0.002587 -0.283860
    21 0.807581 -0.343248 1.320585 -1.197390 -0.475295 -0.937730
    22 1.789783 0.000002 0.000006 -0.000002 -0.003712 0.228604
    23 1.207008 0.000009 -0.000002 0.068240 -0.043107 0.237799
    24 2.035156 0.997070 -1.937500 -1.667267 1.282923 2.944210
    25 6.028140 -0.000004 0.000001 1.555582 0.790653 -0.848803
    26 11.692560 0.000021 -0.000004 -0.000448 -0.071847 -1.810575
    27 11.481653 0.000064 0.000015 -1.176012 0.527897 0.158943
    28 3.854337 -0.131714 1.199996 1.185686 -0.224301 -1.641700
    29 1.312565 0.000000 -0.000002 0.122434 -0.179429 -0.573229
    30 0.729366 0.000004 0.000003 0.000000 -0.000110 -0.248950
    31 3.941984 0.050857 0.435164 -0.031435 -0.126224 -1.323235
    32 1.539099 0.000004 0.000002 -0.245476 0.386205 -0.367025
    33 1.196320 0.000008 0.000004 0.000000 -0.000162 -0.332870
    34 3.880859 -0.047028 -0.427490 0.125580 0.221647 -0.416549
    35 1.719571 0.000019 0.000015 -0.311129 -0.043739 -1.054626
    36 1.209175 0.000004 0.000003 0.172210 -0.116519 -0.543375
    37 3.863496 -0.144303 -1.324347 -0.141219 0.635538 -0.479029
    38 1.719421 -0.000008 -0.000008 -0.052815 0.006926 -0.449862
    39 1.099667 -0.000004 0.000000 0.156990 -0.328270 -0.887119
    40 0.811503 -0.358881 -1.312776 1.243202 0.551772 -0.740648
    41 1.789776 0.000000 0.000002 -0.000008 0.003711 0.228604
    42 1.207008 0.000007 0.000000 0.000000 0.005667 0.362991
    43 3.772911 -5.489323 -0.527648 4.034818 -0.133223 -1.641906
  time 39
    0 -0.000003 -13.531250 -29.421875 1.570788 0.000007 -0.000007
    1 0.000000 3.345131 -2.981898 1.570789 0.086301 1.570789
    2 4.015625 0.000001 0.000000 0.000000 0.000000 -0.029241
    3 3.520294 0.000014 -0.000001 0.000000 0.000000 0.100332
    4 8.929688 0.000000 0.000000 0.000000 0.000000 0.194095
    5 2.035156 0.997070 1.937500 1.596487 -1.284993 2.943127
    6 6.028151 -0.000031 0.000004 -1.560458 -0.832775 -0.849280
    7 11.692549 0.000005 0.000011 0.048056 0.190531 -1.764309
    8 11.481670 0.000049 -0.000031 1.254651 -0.578297 0.224107
    9 3.858219 -0.135628 -1.192198 -0.462168 -0.183015 -1.143494
    10 1.312561 -0.000008 0.000000 0.000000 0.054403 -0.409014
    11 0.729362 0.000004 -0.000003 -0.000002 0.040753 -0.240990
    12 3.938059 0.050857 -0.435178 -0.058906 -0.190477 -1.052198
    13 1.539095 0.000004 -0.000002 0.000000 0.003735 -0.247814
    14 1.196325 0.000000 -0.000004 -0.000001 0.006169 -0.430818
    15 3.880859 -0.043091 0.427490 -0.476760 -0.093580 -0.824965
    16 1.719580 0.000011 -0.000015 -0.039460 -0.167701 -0.315837
    17 1.209179 -0.000004 0.000000 0.312038 0.209821 -0.320126
    18 3.863477 -0.132587 1.332145 0.316553 -0.532806 -0.147542
    19 1.719426 -0.000004 0.000007 -0.008714 -0.308204 -1.257834
    20 1.099669 -0.000004 0.000000 -0.000002 0.002587 -0.283860
    21 0.807581 -0.343248 1.316678 -1.197390 -0.475295 -0.937730
    22 1.789783 0.000002 0.000006 -0.000002 -0.003712 0.228604
    23 1.207008 0.000009 -0.000002 0.068240 -0.043107 0.237799
    24 2.035156 0.997070 -1.937500 -1.667267 1.282923 2.944210
    25 6.028140 -0.000004 0.000001 1.555570 0.790578 -0.848815
    26 11.692560 0.000021 -0.000004 -0.000448 -0.071871 -1.810575
    27 11.481653 0.000064 0.000015 -1.175809 0.528061 0.159003
    28 3.854337 -0.131714 1.199996 1.185711 -0.224301 -1.641700
    29 1.312565 0.000000 -0.000002 0.122434 -0.179429 -0.573229
    30 0.729366 0.000004 0.000003 0.000000 -0.000110 -0.248950
    31 3.938077 0.050857 0.435164 -0.031435 -0.126224 -1.323235
    32 1.539099 0.000004 0.000002 -0.245476 0.386205 -0.367025
    33 1.196320 0.000008 0.000004 0.000000 -0.000162 -0.332870
    34 3.880859 -0.047028 -0.427490 0.125580 0.221647 -0.416549
    35 1.719571 0.000019 0.000015 -0.311129 -0.043739 -1.054626
    36 1.209175 0.000004 0.000003 0.172210 -0.116519 -0.543375
    37 3.863496 -0.144303 -1.324347 -0.141219 0.635538 -0.479029
    38 1.719421 -0.000008 -0.000008 -0.052815 0.006926 -0.449862
    39 1.099667 -0.000004 0.000000 0.156990 -0.328270 -0.887119
    40 0.811503 -0.358881 -1.312776 1.243202 0.551772 -0.740648
    41 1.789776 0.000000 0.000002 -0.000008 0.003711 0.228604
    42 1.207008 0.000007 0.000000 0.000000 0.005667 0.362991
    43 3.772911 -5.489323 -0.527648 4.034818 -0.133223 -1.641906
  time 40
    0 -0.000003 -13.531250 -29.421875 1.570788 0.000007 -0.000007
    1 0.000000 3.345131 -2.981898 1.570789 0.086301 1.570789
    2 4.015625 0.000001 0.000000 0.000000 0.000000 -0.029241
    3 3.520294 0.000014 -0.000001 0.000000 0.000000 0.100332
    4 8.929688 0.000000 0.000000 0.000000 0.000000 0.194095
    5 2.035156 0.997070 1.937500 1.596487 -1.284993 2.943127
    6 6.028151 -0.000031 0.000004 -1.560497 -0.832775 -0.849268
    7 11.692549 0.000005 0.000011 0.048056 0.190519 -1.764309
    8 11.481670 0.000049 -0.000031 1.255235 -0.577988 0.223894
    9 3.858219 -0.135628 -1.192198 -0.462168 -0.183015 -1.143494
    10 1.312561 -0.000008 0.000000 0.000000 0.054403 -0.409014
    11 0.729362 0.000004 -0.000003 -0.000002 0.040753 -0.240990
    12 3.938059 0.050857 -0.435178 -0.058906 -0.190477 -1.052198
    13 1.539095 0.000004 -0.000002 0.000000 0.003735 -0.247814
    14 1.196325 0.000000 -0.000004 -0.000001 0.006169 -0.430818
    15 3.880859 -0.043091 0.427490 -0.476760 -0.093580 -0.824965
    16 1.719580 0.000011 -0.000015 -0.039460 -0.167701 -0.315837
    17 1.209179 -0.000004 0.000000 0.312038 0.209821 -0.320126
    18 3.863477 -0.132587 1.332145 0.316553 -0.532806 -0.147542
    19 1.719426 -0.000004 0.000007 -0.008714 -0.308204 -1.257834
    20 1.099669 -0.000004 0.000000 -0.000002 0.002587 -0.283860
    21 0.807581 -0.343248 1.320585 -1.197390 -0.475295 -0.937730
    22 1.789783 0.000002 0.000006 -0.000002 -0.003712 0.228604
    23 1.207008 0.000009 -0.000002 0.068240 -0.043107 0.237799
    24 2.035156 0.997070 -1.937500 -1.667267 1.282923 2.944210
    25 6.028140 -0.000004 0.000001 1.555582 0.790528 -0.848815
    26 11.692560 0.000021 -0.000004 -0.000448 -0.071871 -1.810575
    27 11.481653 0.000064 0.000015 -1.175619 0.528208 0.159063
    28 3.854337 -0.131714 1.199996 1.185711 -0.224301 -1.641700
    29 1.312565 0.000000 -0.000002 0.122434 -0.179429 -0.573229
    30 0.729366 0.000004 0.000003 0.000000 -0.000110 -0.248950
    31 3.941984 0.050857 0.435164 -0.031435 -0.126224 -1.323235
    32 1.539099 0.000004 0.000002 -0.245476 0.386205 -0.367025
    33 1.196320 0.000008 0.000004 0.000000 -0.000162 -0.332870
    34 3.880859 -0.047028 -0.427490 0.125580 0.221647 -0.416549
    35 1.719571 0.000019 0.000015 -0.311129 -0.043739 -1.054626
    36 1.209175 0.000004 0.000003 0.172210 -0.116519 -0.543375
    37 3.863496 -0.144303 -1.324347 -0.141219 0.635538 -0.479029
    38 1.719421 -0.000008 -0.000008 -0.052815 0.006926 -0.449862
    39 1.099667 -0.000004 0.000000 0.156990 -0.328270 -0.887119
    40 0.807596 -0.358881 -1.312776 1.243202 0.551772 -0.740648
    41 1.789776 0.000000 0.000002 -0.000008 0.003711 0.228604
    42 1.207008 0.000007 0.000000 0.000000 0.005667 0.362991
    43 3.772911 -5.489323 -0.527648 4.034818 -0.133223 -1.641886
  time 41
    0 -0.000003 -13.531250 -29.421875 1.570788 0.000007 -0.000007
    1 0.000000 3.345131 -2.981898 1.570789 0.086301 1.570789
    2 4.015625 0.000001 0.000000 0.000000 0.000000 -0.029241
    3 3.520294 0.000014 -0.000001 0.000000 0.000000 0.100332
    4 8.929688 0.000000 0.000000 0.000000 0.000000 0.194095
    5 2.035156 0.997070 1.937500 1.596487 -1.284993 2.943127
    6 6.028151 -0.000031 0.000004 -1.560516 -0.832808 -0.849280
    7 11.692549 0.000005 0.000011 0.048056 0.190519 -1.764309
    8 11.481670 0.000049 -0.000031 1.255819 -0.577679 0.223664
    9 3.858219 -0.135628 -1.192198 -0.462168 -0.183015 -1.143494
    10 1.312561 -0.000008 0.000000 0.000000 0.054403 -0.409014
    11 0.729362 0.000004 -0.000003 -0.000002 0.040753 -0.240990
    12 3.938059 0.050857 -0.435178 -0.058906 -0.190477 -1.052198
    13 1.539095 0.000004 -0.000002 0.000000 0.003735 -0.247814
    14 1.196325 0.000000 -0.000004 -0.000001 0.006169 -0.430818
    15 3.880859 -0.043091 0.427490 -0.476760 -0.093580 -0.824965
    16 1.719580 0.000011 -0.000015 -0.039460 -0.167701 -0.315837
    17 1.209179 -0.000004 0.000000 0.312038 0.209821 -0.320126
    18 3.863477 -0.132587 1.332145 0.316553 -0.532806 -0.147542
    19 1.719426 -0.000004 0.000007 -0.008714 -0.308204 -1.257834
    20 1.099669 -0.000004 0.000000 -0.000002 0.002587 -0.283860
    21 0.807581 -0.343248 1.320585 -1.197414 -0.475319 -0.937680
    22 1.789783 0.000002 0.000006 -0.000002 -0.003712 0.228604
    23 1.207008 0.000009 -0.000002 0.068240 -0.043107 0.237799
    24 2.035156 0.997070 -1.937500 -1.667267 1.282923 2.944210
    25 6.028140 -0.000004 0.000001 1.555605 0.790454 -0.848791
    26 11.692560 0.000021 -0.000004 -0.000448 -0.071871 -1.810575
    27 11.481653 0.000064 0.000015 -1.175429 0.528355 0.159111
    28 3.854337 -0.131714 1.199996 1.185686 -0.224301 -1.641700
    29 1.312565 0.000000 -0.000002 0.122434 -0.179429 -0.573229
    30 0.729366 0.000004 0.000003 0.000000 -0.000110 -0.248950
    31 3.941984 0.050857 0.431258 -0.031435 -0.126224 -1.323235
    32 1.539099 0.000004 0.000002 -0.245476 0.386205 -0.367025
    33 1.196320 0.000008 0.000004 0.000000 -0.000162 -0.332870
    34 3.880859 -0.047028 -0.427490 0.125580 0.221647 -0.416549
    35 1.719571 0.000019 0.000015 -0.311129 -0.043739 -1.054626
    36 1.209175 0.000004 0.000003 0.172210 -0.116519 -0.543375
    37 3.863496 -0.144303 -1.324347 -0.141219 0.635538 -0.479029
    38 1.719421 -0.000008 -0.000008 -0.052815 0.006926 -0.449862
    39 1.099667 -0.000004 0.000000 0.156990 -0.328270 -0.887119
    40 0.807596 -0.358881 -1.316682 1.243202 0.551772 -0.740648
    41 1.789776 0.000000 0.000002 -0.000008 0.003711 0.228604
    42 1.207008 0.000007 0.000000 0.000000 0.005667 0.362991
    43 3.772911 -5.489323 -0.527648 4.034818 -0.133223 -1.641906
  time 42
    0 -0.000003 -13.531250 -29.421875 1.570788 0.000007 -0.000007
    1 0.000000 3.345131 -2.981898 1.570789 0.086301 1.570789
    2 4.015625 0.000001 0.000000 0.000000 0.000000 -0.029241
    3 3.520294 0.000014 -0.000001 0.000000 0.000000 0.100332
    4 8.929688 0.000000 0.000000 0.000000 0.000000 0.194095
    5 2.035156 0.997070 1.937500 1.596487 -1.284993 2.943127
    6 6.028151 -0.000031 0.000004 -1.560516 -0.832841 -0.849292
    7 11.692549 0.000005 0.000011 0.048056 0.190531 -1.764309
    8 11.481670 0.000049 -0.000031 1.256403 -0.577350 0.223418
    9 3.858219 -0.135628 -1.192198 -0.462168 -0.183015 -1.143494
    10 1.312561 -0.000008 0.000000 0.000000 0.054403 -0.409014
    11 0.729362 0.000004 -0.000003 -0.000002 0.040753 -0.240990
    12 3.938059 0.050857 -0.435178 -0.058906 -0.190477 -1.052198
    13 1.539095 0.000004 -0.000002 0.000000 0.003735 -0.247814
    14 1.196325 0.000000 -0.000004 -0.000001 0.006169 -0.430818
    15 3.880859 -0.043091 0.427490 -0.476760 -0.093580 -0.824965
    16 1.719580 0.000011 -0.000015 -0.039460 -0.167701 -0.315837
    17 1.209179 -0.000004 0.000000 0.312038 0.209821 -0.320126
    18 3.863477 -0.132587 1.332145 0.316553 -0.532806 -0.147542
    19 1.719426 -0.000004 0.000007 -0.008714 -0.308204 -1.257834
    20 1.099669 -0.000004 0.000000 -0.000002 0.002587 -0.283860
    21 0.807581 -0.343248 1.320585 -1.197474 -0.475391 -0.937530
    22 1.789783 0.000002 0.000006 -0.000002 -0.003712 0.228604
    23 1.207008 0.000009 -0.000002 0.068240 -0.043107 0.237799
    24 2.035156 0.997070 -1.937500 -1.667267 1.282923 2.944210
    25 6.028140 -0.000004 0.000001 1.555665 0.790404 -0.848755
    26 11.692560 0.000021 -0.000004 -0.000448 -0.071847 -1.810575
    27 11.481653 0.000064 0.000015 -1.175240 0.528502 0.159159
    28 3.854337 -0.131714 1.199996 1.185686 -0.224301 -1.641700
    29 1.312565 0.000000 -0.000002 0.122434 -0.179429 -0.573229
    30 0.729366 0.000004 0.000003 0.000000 -0.000110 -0.248950
    31 3.938077 0.050857 0.435164 -0.031435 -0.126224 -1.323235
    32 1.539099 0.000004 0.000002 -0.245476 0.386205 -0.367025
    33 1.196320 0.000008 0.000004 0.000000 -0.000162 -0.332870
    34 3.880859 -0.047028 -0.427490 0.125580 0.221647 -0.416549
    35 1.719571 0.000019 0.000015 -0.311129 -0.043739 -1.054626
    36 1.209175 0.000004 0.000003 0.172210 -0.116519 -0.543375
    37 3.863496 -0.144303 -1.324347 -0.141219 0.635538 -0.479029
    38 1.719421 -0.000008 -0.000008 -0.052815 0.006926 -0.449862
    39 1.099667 -0.000004 0.000000 0.156990 -0.328270 -0.887119
    40 0.807596 -0.358881 -1.312776 1.243202 0.551772 -0.740648
    41 1.789776 0.000000 0.000002 -0.000008 0.003711 0.228604
    42 1.207008 0.000007 0.000000 0.000000 0.005667 0.362991
    43 3.772911 -5.489323 -0.527648 4.034818 -0.133223 -1.641906
  time 43
    0 -0.000003 -13.531250 -29.421875 1.570788 0.000007 -0.000007
    1 0.000000 3.345131 -2.981898 1.570789 0.086301 1.570789
    2 4.015625 0.000001 0.000000 0.000000 0.000000 -0.029241
    3 3.520294 0.000014 -0.000001 0.000000 0.000000 0.100332
    4 8.929688 0.000000 0.000000 0.000000 0.000000 0.194095
    5 2.035156 0.997070 1.937500 1.596487 -1.284993 2.943127
    6 6.028151 -0.000031 0.000004 -1.560516 -0.832939 -0.849328
    7 11.692549 0.000005 0.000011 0.048056 0.190531 -1.764309
    8 11.481670 0.000049 -0.000031 1.257084 -0.576963 0.223155
    9 3.858219 -0.135628 -1.192198 -0.462168 -0.183015 -1.143494
    10 1.312561 -0.000008 0.000000 0.000000 0.054403 -0.409014
    11 0.729362 0.000004 -0.000003 -0.000002 0.040753 -0.240990
    12 3.938059 0.050857 -0.435178 -0.058906 -0.190477 -1.052198
    13 1.539095 0.000004 -0.000002 0.000000 0.003735 -0.247814
    14 1.196325 0.000000 -0.000004 -0.000001 0.006169 -0.430818
    15 3.880859 -0.043091 0.427490 -0.476760 -0.093580 -0.824965
    16 1.719580 0.000011 -0.000015 -0.039460 -0.167701 -0.315837
    17 1.209179 -0.000004 0.000000 0.312038 0.209821 -0.320126
    18 3.863477 -0.132587 1.332145 0.316553 -0.532806 -0.147542
    19 1.719426 -0.000004 0.000007 -0.008714 -0.308204 -1.257834
    20 1.099669 -0.000004 0.000000 -0.000002 0.002587 -0.283860
    21 0.807581 -0.343248 1.320585 -1.197594 -0.475523 -0.937268
    22 1.789783 0.000002 0.000006 -0.000002 -0.003712 0.228604
    23 1.207008 0.000009 -0.000002 0.068240 -0.043107 0.237799
    24 2.035156 0.997070 -1.937500 -1.667267 1.282923 2.944210
    25 6.028140 -0.000004 0.000001 1.555737 0.790329 -0.848707
    26 11.692560 0.000021 -0.000004 -0.000436 -0.071811 -1.810628
    27 11.481653 0.000064 0.000015 -1.175037 0.528665 0.159219
    28 3.854337 -0.131714 1.199996 1.185686 -0.224301 -1.641700
    29 1.312565 0.000000 -0.000002 0.122434 -0.179429 -0.573229
    30 0.729366 0.000004 0.000003 0.000000 -0.000110 -0.248950
    31 3.938077 0.050857 0.435164 -0.031435 -0.126224 -1.323235
    32 1.539099 0.000004 0.000002 -0.245476 0.386205 -0.367025
    33 1.196320 0.000008 0.000004 0.000000 -0.000162 -0.332870
    34 3.880859 -0.047028 -0.427490 0.125580 0.221647 -0.416549
    35 1.719571 0.000019 0.000015 -0.311129 -0.043739 -1.054626
    36 1.209175 0.000004 0.000003 0.172210 -0.116519 -0.543375
    37 3.863496 -0.144303 -1.324347 -0.141219 0.635538 -0.479029
    38 1.719421 -0.000008 -0.000008 -0.052815 0.006926 -0.449862
    39 1.099667 -0.000004 0.000000 0.156990 -0.328270 -0.887119
    40 0.811503 -0.358881 -1.312776 1.243202 0.551772 -0.740648
    41 1.789776 0.000000 0.000002 -0.000008 0.003711 0.228604
    42 1.207008 0.000007 0.000000 0.000000 0.005667 0.362991
    43 3.772911 -5.489323 -0.527648 4.034818 -0.133223 -1.641906
  time 44
    0 -0.000003 -13.531250 -29.421875 1.570788 0.000007 -0.000007
    1 0.000000 3.345131 -2.981898 1.570789 0.086301 1.570789
    2 4.015625 0.000001 0.000000 0.000000 0.000000 -0.029241
    3 3.520294 0.000014 -0.000001 0.000000 0.000000 0.100332
    4 8.929688 0.000000 0.000000 0.000000 0.000000 0.194095
    5 2.035156 0.997070 1.937500 1.596487 -1.284993 2.943127
    6 6.028151 -0.000031 0.000004 -1.560477 -0.833071 -0.849376
    7 11.692549 0.000005 0.000011 0.048056 0.190531 -1.764309
    8 11.481670 0.000049 -0.000031 1.257765 -0.576557 0.222876
    9 3.858219 -0.135628 -1.192198 -0.462168 -0.183015 -1.143494
    10 1.312561 -0.000008 0.000000 0.000000 0.054403 -0.409014
    11 0.729362 0.000004 -0.000003 -0.000002 0.040753 -0.240990
    12 3.938059 0.050857 -0.435178 -0.058906 -0.190477 -1.052198
    13 1.539095 0.000004 -0.000002 0.000000 0.003735 -0.247814
    14 1.196325 0.000000 -0.000004 -0.000001 0.006169 -0.430818
    15 3.880859 -0.043091 0.427490 -0.476760 -0.093580 -0.824965
    16 1.719580 0.000011 -0.000015 -0.039460 -0.167701 -0.315837
    17 1.209179 -0.000004 0.000000 0.312038 0.209821 -0.320126
    18 3.863477 -0.132587 1.332145 0.316553 -0.532806 -0.147542
    19 1.719426 -0.000004 0.000007 -0.008714 -0.308204 -1.257834
    20 1.099669 -0.000004 0.000000 -0.000002 0.002587 -0.283860
    21 0.807581 -0.343248 1.320585 -1.197761 -0.475703 -0.936919
    22 1.789783 0.000002 0.000006 -0.000002 -0.003712 0.228604
    23 1.207008 0.000009 -0.000002 0.068240 -0.043107 0.237799
    24 2.035156 0.997070 -1.937500 -1.667267 1.282923 2.944210
    25 6.028140 -0.000004 0.000001 1.555833 0.790254 -0.848647
    26 11.692560 0.000021 -0.000004 -0.000436 -0.071764 -1.810628
    27 11.481653 0.000064 0.000015 -1.174834 0.528813 0.159267
    28 3.854337 -0.131714 1.199996 1.185686 -0.224301 -1.641700
    29 1.312565 0.000000 -0.000002 0.122434 -0.179429 -0.573229
    30 0.729366 0.000004 0.000003 0.000000 -0.000110 -0.248950
    31 3.941984 0.050857 0.435164 -0.031435 -0.126224 -1.323235
    32 1.539099 0.000004 0.000002 -0.245476 0.386205 -0.367025
    33 1.196320 0.000008 0.000004 0.000000 -0.000162 -0.332870
    34 3.880859 -0.047028 -0.427490 0.125580 0.221647 -0.416549
    35 1.719571 0.000019 0.000015 -0.311129 -0.043739 -1.054626
    36 1.209175 0.000004 0.000003 0.172210 -0.116519 -0.543375
    37 3.863496 -0.144303 -1.324347 -0.141219 0.635538 -0.479029
    38 1.719421 -0.000008 -0.000008 -0.052815 0.006926 -0.449862
    39 1.099667 -0.000004 0.000000 0.156990 -0.328270 -0.887119
    40 0.807596 -0.358881 -1.316682 1.243202 0.551772 -0.740648
    41 1.789776 0.000000 0.000002 -0.000008 0.003711 0.228604
    42 1.207008 0.000007 0.000000 0.000000 0.005667 0.362991
    43 3.772911 -5.489323 -0.527648 4.034818 -0.133223 -1.641906
  time 45
    0 -0.000003 -13.531250 -29.421875 1.570788 0.000007 -0.000007
    1 0.000000 3.345131 -2.981898 1.570789 0.086301 1.570789
    2 4.015625 0.000001 0.000000 0.000000 0.000000 -0.029241
    3 3.520294 0.000014 -0.000001 0.000000 0.000000 0.100332
    4 8.929688 0.000000 0.000000 0.000000 0.000000 0.194095
    5 2.035156 0.997070 1.937500 1.596487 -1.284993 2.943127
    6 6.028151 -0.000031 0.000004 -1.560439 -0.833235 -0.849424
    7 11.692549 0.000005 0.000011 0.048068 0.190543 -1.764309
    8 11.481670 0.000049 -0.000031 1.258544 -0.576132 0.222564
    9 3.854313 -0.135628 -1.192198 -0.462168 -0.183015 -1.143494
    10 1.312561 -0.000008 0.000000 0.000000 0.054403 -0.409014
    11 0.729362 0.000004 -0.000003 -0.000002 0.040753 -0.240990
    12 3.938059 0.050857 -0.435178 -0.058906 -0.190477 -1.052198
    13 1.539095 0.000004 -0.000002 0.000000 0.003735 -0.247814
    14 1.196325 0.000000 -0.000004 -0.000001 0.006169 -0.430818
    15 3.880859 -0.043091 0.427490 -0.476760 -0.093580 -0.824965
    16 1.719580 0.000011 -0.000015 -0.039460 -0.167701 -0.315837
    17 1.209179 -0.000004 0.000000 0.312038 0.209821 -0.320126
    18 3.863477 -0.132587 1.332145 0.316553 -0.532806 -0.147542
    19 1.719426 -0.000004 0.000007 -0.008714 -0.308204 -1.257834
    20 1.099669 -0.000004 0.000000 -0.000002 0.002587 -0.283860
    21 0.807581 -0.343248 1.320585 -1.197977 -0.475931 -0.936458
    22 1.789783 0.000002 0.000006 -0.000002 -0.003712 0.228604
    23 1.207008 0.000009 -0.000002 0.068240 -0.043107 0.237799
    24 2.035156 0.997070 -1.937500 -1.667267 1.282923 2.944210
    25 6.028140 -0.000004 0.000001 1.555953 0.790179 -0.848574
    26 11.692560 0.000021 -0.000004 -0.000436 -0.071704 -1.810682
    27 11.481653 0.000064 0.000015 -1.174631 0.528960 0.159314
    28 3.854337 -0.131714 1.199996 1.185711 -0.224301 -1.641700
    29 1.312565 0.000000 -0.000002 0.122434 -0.179429 -0.573229
    30 0.729366 0.000004 0.000003 0.000000 -0.000110 -0.248950
    31 3.941984 0.050857 0.435164 -0.031435 -0.126224 -1.323235
    32 1.539099 0.000004 0.000002 -0.245476 0.386205 -0.367025
    33 1.196320 0.000008 0.000004 0.000000 -0.000162 -0.332870
    34 3.880859 -0.047028 -0.427490 0.125580 0.221647 -0.416549
    35 1.719571 0.000019 0.000015 -0.311129 -0.043739 -1.054626
    36 1.209175 0.000004 0.000003 0.172210 -0.116519 -0.543375
    37 3.863496 -0.144303 -1.324347 -0.141219 0.635538 -0.479029
    38 1.719421 -0.000008 -0.000008 -0.052815 0.006926 -0.449862
    39 1.099667 -0.000004 0.000000 0.156990 -0.328270 -0.887119
    40 0.811503 -0.358881 -1.316682 1.243202 0.551772 -0.740648
    41 1.789776 0.000000 0.000002 -0.000008 0.003711 0.228604
    42 1.207008 0.000007 0.000000 0.000000 0.005667 0.362991
    43 3.772911 -5.489323 -0.527648 4.034818 -0.133223 -1.641906
  time 46
    0 -0.000003 -13.531250 -29.421875 1.570788 0.000007 -0.000007
    1 0.000000 3.345131 -2.981898 1.570789 0.086301 1.570789
    2 4.015625 0.000001 0.000000 0.000000 0.000000 -0.029241
    3 3.520294 0.000014 -0.000001 0.000000 0.000000 0.100332
    4 8.929688 0.000000 0.000000 0.000000 0.000000 0.194095
    5 2.035156 0.997070 1.937500 1.596487 -1.284993 2.943127
    6 6.028151 -0.000031 0.000004 -1.560400 -0.833431 -0.849496
    7 11.692549 0.000005 0.000011 0.048068 0.190555 -1.764256
    8 11.481670 0.000049 -0.000031 1.259323 -0.575668 0.222252
    9 3.858219 -0.135628 -1.192198 -0.462168 -0.183015 -1.143494
    10 1.312561 -0.000008 0.000000 0.000000 0.054403 -0.409014
    11 0.729362 0.000004 -0.000003 -0.000002 0.040753 -0.240990
    12 3.938059 0.050857 -0.435178 -0.058906 -0.190477 -1.052198
    13 1.539095 0.000004 -0.000002 0.000000 0.003735 -0.247814
    14 1.196325 0.000000 -0.000004 -0.000001 0.006169 -0.430818
    15 3.880859 -0.043091 0.427490 -0.476760 -0.093580 -0.824965
    16 1.719580 0.000011 -0.000015 -0.039460 -0.167701 -0.315837
    17 1.209179 -0.000004 0.000000 0.312038 0.209821 -0.320126
    18 3.863477 -0.132587 1.332145 0.316553 -0.532806 -0.147542
    19 1.719426 -0.000004 0.000007 -0.008714 -0.308204 -1.257834
    20 1.099669 -0.000004 0.000000 -0.000002 0.002587 -0.283860
    21 0.807581 -0.343248 1.316678 -1.198241 -0.476206 -0.935909
    22 1.789783 0.000002 0.000006 -0.000002 -0.003712 0.228604
    23 1.207008 0.000009 -0.000002 0.068240 -0.043107 0.237799
    24 2.035156 0.997070 -1.937500 -1.667267 1.282923 2.944210
    25 6.028140 -0.000004 0.000001 1.556085 0.790104 -0.848490
    26 11.692560 0.000021 -0.000004 -0.000436 -0.071620 -1.810682
    27 11.481653 0.000064 0.000015 -1.174414 0.529107 0.159362
    28 3.854337 -0.131714 1.199996 1.185711 -0.224301 -1.641700
    29 1.312565 0.000000 -0.000002 0.122434 -0.179429 -0.573229
    30 0.729366 0.000004 0.000003 0.000000 -0.000110 -0.248950
    31 3.941984 0.050857 0.435164 -0.031435 -0.126224 -1.323235
    32 1.539099 0.000004 0.000002 -0.245476 0.386205 -0.367025
    33 1.196320 0.000008 0.000004 0.000000 -0.000162 -0.332870
    34 3.880859 -0.047028 -0.427490 0.125580 0.221647 -0.416549
    35 1.719571 0.000019 0.000015 -0.311129 -0.043739 -1.054626
    36 1.209175 0.000004 0.000003 0.172210 -0.116519 -0.543375
    37 3.863496 -0.144303 -1.324347 -0.141219 0.635538 -0.479029
    38 1.719421 -0.000008 -0.000008 -0.052815 0.006926 -0.449862
    39 1.099667 -0.000004 0.000000 0.156990 -0.328270 -0.887119
    40 0.811503 -0.358881 -1.312776 1.243202 0.551772 -0.740648
    41 1.789776 0.000000 0.000002 -0.000008 0.003711 0.228604
    42 1.207008 0.000007 0.000000 0.000000 0.005667 0.362991
    43 3.772911 -5.489323 -0.527648 4.034818 -0.133223 -1.641906
  time 47
    0 -0.000003 -13.531250 -29.421875 1.570788 0.000007 -0.000007
    1 0.000000 3.345131 -2.981898 1.570789 0.086301 1.570789
    2 4.015625 0.000001 0.000000 0.000000 0.000000 -0.029241
    3 3.520294 0.000014 -0.000001 0.000000 0.000000 0.100332
    4 8.929688 0.000000 0.000000 0.000000 0.000000 0.194095
    5 2.035156 0.997070 1.937500 1.596487 -1.284993 2.943127
    6 6.028151 -0.000031 0.000004 -1.560323 -0.833661 -0.849580
    7 11.692549 0.000005 0.000011 0.048068 0.190567 -1.764256
    8 11.481670 0.000049 -0.000031 1.260150 -0.575166 0.221923
    9 3.858219 -0.135628 -1.192198 -0.462168 -0.183015 -1.143494
    10 1.312561 -0.000008 0.000000 0.000000 0.054403 -0.409014
    11 0.729362 0.000004 -0.000003 -0.000002 0.040753 -0.240990
    12 3.938059 0.050857 -0.435178 -0.058906 -0.190477 -1.052198
    13 1.539095 0.000004 -0.000002 0.000000 0.003735 -0.247814
    14 1.196325 0.000000 -0.000004 -0.000001 0.006169 -0.430818
    15 3.880859 -0.043091 0.427490 -0.476760 -0.093580 -0.824965
    16 1.719580 0.000011 -0.000015 -0.039460 -0.167701 -0.315837
    17 1.209179 -0.000004 0.000000 0.312038 0.209821 -0.320126
    18 3.863477 -0.132587 1.332145 0.316553 -0.532806 -0.147542
    19 1.719426 -0.000004 0.000007 -0.008714 -0.308204 -1.257834
    20 1.099669 -0.000004 0.000000 -0.000002 0.002587 -0.283860
    21 0.807581 -0.343248 1.320585 -1.198552 -0.476530 -0.935247
    22 1.789783 0.000002 0.000006 -0.000002 -0.003712 0.228604
    23 1.207008 0.000009 -0.000002 0.068240 -0.043107 0.237799
    24 2.035156 0.997070 -1.937500 -1.667267 1.282923 2.944210
    25 6.028140 -0.000004 0.000001 1.556253 0.790030 -0.848382
    26 11.692560 0.000021 -0.000004 -0.000436 -0.071536 -1.810736
    27 11.481653 0.000064 0.000015 -1.174197 0.529254 0.159410
    28 3.854337 -0.131714 1.199996 1.185711 -0.224301 -1.641700
    29 1.312565 0.000000 -0.000002 0.122434 -0.179429 -0.573229
    30 0.729366 0.000004 0.000003 0.000000 -0.000110 -0.248950
    31 3.938077 0.050857 0.435164 -0.031435 -0.126224 -1.323235
    32 1.539099 0.000004 0.000002 -0.245476 0.386205 -0.367025
    33 1.196320 0.000008 0.000004 0.000000 -0.000162 -0.332870
    34 3.880859 -0.047028 -0.427490 0.125580 0.221647 -0.416549
    35 1.719571 0.000019 0.000015 -0.311129 -0.043739 -1.054626
    36 1.209175 0.000004 0.000003 0.172210 -0.116519 -0.543375
    37 3.863496 -0.144303 -1.324347 -0.141219 0.635538 -0.479029
    38 1.719421 -0.000008 -0.000008 -0.052815 0.006926 -0.449862
    39 1.099667 -0.000004 0.000000 0.156990 -0.328270 -0.887119
    40 0.811503 -0.358881 -1.312776 1.243202 0.551772 -0.740648
    41 1.789776 0.000000 0.000002 -0.000008 0.003711 0.228604
    42 1.207008 0.000007 0.000000 0.000000 0.005667 0.362991
    43 3.772911 -5.489323 -0.527648 4.034818 -0.133223 -1.641906
  time 48
    0 -0.000003 -13.531250 -29.421875 1.570788 0.000007 -0.000007
    1 0.000000 3.345131 -2.981898 1.570789 0.086301 1.570789
    2 4.015625 0.000001 0.000000 0.000000 0.000000 -0.029241
    3 3.520294 0.000014 -0.000001 0.000000 0.000000 0.100332
    4 8.929688 0.000000 0.000000 0.000000 0.000000 0.194095
    5 2.035156 0.997070 1.937500 1.596487 -1.284993 2.943127
    6 6.028151 -0.000031 0.000004 -1.560246 -0.833956 -0.849675
    7 11.692549 0.000005 0.000011 0.048068 0.190579 -1.764256
    8 11.481670 0.000049 -0.000031 1.260977 -0.574644 0.221578
    9 3.858219 -0.135628 -1.192198 -0.462168 -0.183015 -1.143494
    10 1.312561 -0.000008 0.000000 0.000000 0.054403 -0.409014
    11 0.729362 0.000004 -0.000003 -0.000002 0.040753 -0.240990
    12 3.938059 0.050857 -0.435178 -0.058906 -0.190477 -1.052198
    13 1.539095 0.000004 -0.000002 0.000000 0.003735 -0.247814
    14 1.196325 0.000000 -0.000004 -0.000001 0.006169 -0.430818
    15 3.880859 -0.043091 0.427490 -0.476760 -0.093580 -0.824965
    16 1.719580 0.000011 -0.000015 -0.039460 -0.167701 -0.315837
    17 1.209179 -0.000004 0.000000 0.312038 0.209821 -0.320126
    18 3.863477 -0.132587 1.332145 0.316553 -0.532806 -0.147542
    19 1.719426 -0.000004 0.000007 -0.008714 -0.308204 -1.257834
    20 1.099669 -0.000004 0.000000 -0.000002 0.002587 -0.283860
    21 0.807581 -0.343248 1.316678 -1.198912 -0.476913 -0.934487
    22 1.789783 0.000002 0.000006 -0.000002 -0.003712 0.228604
    23 1.207008 0.000009 -0.000002 0.068240 -0.043107 0.237799
    24 2.035156 0.997070 -1.937500 -1.667267 1.282923 2.944210
    25 6.028140 -0.000004 0.000001 1.556420 0.789955 -0.848261
    26 11.692560 0.000021 -0.000004 -0.000436 -0.071428 -1.810789
    27 11.481653 0.000064 0.000015 -1.173967 0.529401 0.159458
    28 3.854337 -0.131714 1.199996 1.185686 -0.224301 -1.641700
    29 1.312565 0.000000 -0.000002 0.122434 -0.179429 -0.573229
    30 0.729366 0.000004 0.000003 0.000000 -0.000110 -0.248950
    31 3.938077 0.050857 0.435164 -0.031435 -0.126224 -1.323235
    32 1.539099 0.000004 0.000002 -0.245476 0.386205 -0.367025
    33 1.196320 0.000008 0.000004 0.000000 -0.000162 -0.332870
    34 3.880859 -0.047028 -0.427490 0.125580 0.221647 -0.416549
    35 1.719571 0.000019 0.000015 -0.311129 -0.043739 -1.054626
    36 1.209175 0.000004 0.000003 0.172210 -0.116519 -0.543375
    37 3.863496 -0.144303 -1.324347 -0.141219 0.635538 -0.479029
    38 1.719421 -0.000008 -0.000008 -0.052815 0.006926 -0.449862
    39 1.099667 -0.000004 0.000000 0.156990 -0.328270 -0.887119
    40 0.807596 -0.358881 -1.316682 1.243202 0.551772 -0.740648
    41 1.789776 0.000000 0.000002 -0.000008 0.003711 0.228604
    42 1.207008 0.000007 0.000000 0.000000 0.005667 0.362991
    43 3.772911 -5.489323 -0.527648 4.034818 -0.133223 -1.641906
  time 49
    0 -0.000003 -13.531250 -29.421875 1.570788 0.000007 -0.000007
    1 0.000000 3.345131 -2.981898 1.570789 0.086301 1.570789
    2 4.015625 0.000001 0.000000 0.000000 0.000000 -0.029241
    3 3.520294 0.000014 -0.000001 0.000000 0.000000 0.100332
    4 8.929688 0.000000 0.000000 0.000000 0.000000 0.194095
    5 2.035156 0.997070 1.937500 1.596487 -1.284993 2.943127
    6 6.028151 -0.000031 0.000004 -1.560150 -0.834251 -0.849783
    7 11.692549 0.000005 0.000011 0.048080 0.190591 -1.764203
    8 11.481670 0.000049 -0.000031 1.261902 -0.574103 0.221201
    9 3.854313 -0.135628 -1.192198 -0.462168 -0.183015 -1.143494
    10 1.312561 -0.000008 0.000000 0.000000 0.054403 -0.409014
    11 0.729362 0.000004 -0.000003 -0.000002 0.040753 -0.240990
    12 3.938059 0.050857 -0.435178 -0.058906 -0.190477 -1.052198
    13 1.539095 0.000004 -0.000002 0.000000 0.003735 -0.247814
    14 1.196325 0.000000 -0.000004 -0.000001 0.006169 -0.430818
    15 3.880859 -0.043091 0.427490 -0.476760 -0.093580 -0.824965
    16 1.719580 0.000011 -0.000015 -0.039460 -0.167701 -0.315837
    17 1.209179 -0.000004 0.000000 0.312038 0.209821 -0.320126
    18 3.863477 -0.132587 1.332145 0.316553 -0.532806 -0.147542
    19 1.719426 -0.000004 0.000007 -0.008714 -0.308204 -1.257834
    20 1.099669 -0.000004 0.000000 -0.000002 0.002587 -0.283860
    21 0.807581 -0.343248 1.320585 -1.199319 -0.477333 -0.933638
    22 1.789783 0.000002 0.000006 -0.000002 -0.003712 0.228604
    23 1.207008 0.000009 -0.000002 0.068240 -0.043107 0.237799
    24 2.035156 0.997070 -1.937500 -1.667267 1.282923 2.944210
    25 6.028140 -0.000004 0.000001 1.556624 0.789855 -0.848129
    26 11.692560 0.000021 -0.000004 -0.000424 -0.071308 -1.810843
    27 11.481653 0.000064 0.000015 -1.173737 0.529565 0.159506
    28 3.854337 -0.131714 1.199996 1.185711 -0.224301 -1.641700
    29 1.312565 0.000000 -0.000002 0.122434 -0.179429 -0.573229
    30 0.729366 0.000004 0.000003 0.000000 -0.000110 -0.248950
    31 3.941984 0.050857 0.435164 -0.031435 -0.126224 -1.323235
    32 1.539099 0.000004 0.000002 -0.245476 0.386205 -0.367025
    33 1.196320 0.000008 0.000004 0.000000 -0.000162 -0.332870
    34 3.880859 -0.047028 -0.427490 0.125580 0.221647 -0.416549
    35 1.719571 0.000019 0.000015 -0.311129 -0.043739 -1.054626
    36 1.209175 0.000004 0.000003 0.172210 -0.116519 -0.543375
    37 3.867402 -0.144303 -1.324347 -0.141219 0.635538 -0.479029
    38 1.719421 -0.000008 -0.000008 -0.052815 0.006926 -0.449862
    39 1.099667 -0.000004 0.000000 0.156990 -0.328270 -0.887119
    40 0.811503 -0.358881 -1.312776 1.243202 0.551772 -0.740648
    41 1.789776 0.000000 0.000002 -0.000008 0.003711 0.228604
    42 1.207008 0.000007 0.000000 0.000000 0.005667 0.362991
    43 3.772911 -5.489323 -0.527648 4.034818 -0.133223 -1.641906
  time 50
    0 -0.000003 -13.531250 -29.421875 1.570788 0.000007 -0.000007
    1 0.000000 3.345131 -2.981898 1.570789 0.086301 1.570789
    2 4.015625 0.000001 0.000000 0.000000 0.000000 -0.029241
    3 3.520294 0.000014 -0.000001 0.000000 0.000000 0.100332
    4 8.929688 0.000000 0.000000 0.000000 0.000000 0.194095
    5 2.035156 0.997070 1.937500 1.596487 -1.284993 2.943127
    6 6.028151 -0.000031 0.000004 -1.560053 -0.834579 -0.849903
    7 11.692549 0.000005 0.000011 0.048080 0.190615 -1.764203
    8 11.481670 0.000049 -0.000031 1.262778 -0.573523 0.220839
    9 3.858219 -0.135628 -1.192198 -0.462168 -0.183015 -1.143494
    10 1.312561 -0.000008 0.000000 0.000000 0.054403 -0.409014
    11 0.729362 0.000004 -0.000003 -0.000002 0.040753 -0.240990
    12 3.938059 0.050857 -0.435178 -0.058906 -0.190477 -1.052198
    13 1.539095 0.000004 -0.000002 0.000000 0.003735 -0.247814
    14 1.196325 0.000000 -0.000004 -0.000001 0.006169 -0.430818
    15 3.880859 -0.043091 0.427490 -0.476760 -0.093580 -0.824965
    16 1.719580 0.000011 -0.000015 -0.039460 -0.167701 -0.315837
    17 1.209179 -0.000004 0.000000 0.312038 0.209821 -0.320126
    18 3.863477 -0.132587 1.332145 0.316553 -0.532806 -0.147542
    19 1.719426 -0.000004 0.000007 -0.008714 -0.308204 -1.257834
    20 1.099669 -0.000004 0.000000 -0.000002 0.002587 -0.283860
    21 0.807581 -0.343248 1.320585 -1.199751 -0.477800 -0.932715
    22 1.789783 0.000002 0.000006 -0.000002 -0.003712 0.228604
    23 1.207008 0.000009 -0.000002 0.068240 -0.043107 0.237799
    24 2.035156 0.997070 -1.937500 -1.667267 1.282923 2.944210
    25 6.028140 -0.000004 0.000001 1.556840 0.789780 -0.847984
    26 11.692560 0.000021 -0.000004 -0.000424 -0.071188 -1.810950
    27 11.481653 0.000064 0.000015 -1.173520 0.529712 0.159554
    28 3.854337 -0.131714 1.199996 1.185686 -0.224301 -1.641700
    29 1.312565 0.000000 -0.000002 0.122434 -0.179429 -0.573229
    30 0.729366 0.000004 0.000003 0.000000 -0.000110 -0.248950
    31 3.941984 0.050857 0.435164 -0.031435 -0.126224 -1.323235
    32 1.539099 0.000004 0.000002 -0.245476 0.386205 -0.367025
    33 1.196320 0.000008 0.000004 0.000000 -0.000162 -0.332870
    34 3.880859 -0.047028 -0.427490 0.125580 0.221647 -0.416549
    35 1.719571 0.000019 0.000015 -0.311129 -0.043739 -1.054626
    36 1.209175 0.000004 0.000003 0.172210 -0.116519 -0.543375
    37 3.863496 -0.144303 -1.324347 -0.141219 0.635538 -0.479029
    38 1.719421 -0.000008 -0.000008 -0.052815 0.006926 -0.449862
    39 1.099667 -0.000004 0.000000 0.156990 -0.328270 -0.887119
    40 0.811503 -0.358881 -1.312776 1.243202 0.551772 -0.740648
    41 1.789776 0.000000 0.000002 -0.000008 0.003711 0.228604
    42 1.207008 0.000007 0.000000 0.000000 0.005667 0.362991
    43 3.772911 -5.489323 -0.527648 4.034818 -0.133223 -1.641906
  time 51
    0 -0.000003 -13.531250 -29.421875 1.570788 0.000007 -0.000007
    1 0.000000 3.345131 -2.981898 1.570789 0.086301 1.570789
    2 4.015625 0.000001 0.000000 0.000000 0.000000 -0.029241
    3 3.520294 0.000014 -0.000001 0.000000 0.000000 0.100332
    4 8.929688 0.000000 0.000000 0.000000 0.000000 0.194095
    5 2.035156 0.997070 1.937500 1.596487 -1.284993 2.943127
    6 6.028151 -0.000031 0.000004 -1.559918 -0.834940 -0.850035
    7 11.692549 0.000005 0.000011 0.048092 0.190639 -1.764150
    8 11.481670 0.000049 -0.000031 1.263751 -0.572943 0.220445
    9 3.858219 -0.135628 -1.192198 -0.462168 -0.183015 -1.143494
    10 1.312561 -0.000008 0.000000 0.000000 0.054403 -0.409014
    11 0.729362 0.000004 -0.000003 -0.000002 0.040753 -0.240990
    12 3.938059 0.050857 -0.435178 -0.058906 -0.190477 -1.052198
    13 1.539095 0.000004 -0.000002 0.000000 0.003735 -0.247814
    14 1.196325 0.000000 -0.000004 -0.000001 0.006169 -0.430818
    15 3.880859 -0.043091 0.427490 -0.476760 -0.093580 -0.824965
    16 1.719580 0.000011 -0.000015 -0.039460 -0.167701 -0.315837
    17 1.209179 -0.000004 0.000000 0.312038 0.209821 -0.320126
    18 3.863477 -0.132587 1.332145 0.316553 -0.532806 -0.147542
    19 1.719426 -0.000004 0.000007 -0.008714 -0.308204 -1.257834
    20 1.099669 -0.000004 0.000000 -0.000002 0.002587 -0.283860
    21 0.807581 -0.343248 1.320585 -1.200242 -0.478303 -0.931692
    22 1.789783 0.000002 0.000006 -0.000002 -0.003712 0.228604
    23 1.207008 0.000009 -0.000002 0.068240 -0.043107 0.237799
    24 2.035156 0.997070 -1.937500 -1.667267 1.282923 2.944210
    25 6.028140 -0.000004 0.000001 1.557080 0.789705 -0.847828
    26 11.692560 0.000021 -0.000004 -0.000424 -0.071044 -1.811003
    27 11.481653 0.000064 0.000015 -1.173290 0.529842 0.159602
    28 3.854337 -0.127808 1.199996 1.185686 -0.224301 -1.641700
    29 1.312565 0.000000 -0.000002 0.122434 -0.179429 -0.573229
    30 0.729366 0.000004 0.000003 0.000000 -0.000110 -0.248950
    31 3.938077 0.050857 0.435164 -0.031435 -0.126224 -1.323235
    32 1.539099 0.000004 0.000002 -0.245476 0.386205 -0.367025
    33 1.196320 0.000008 0.000004 0.000000 -0.000162 -0.332870
    34 3.880859 -0.047028 -0.427490 0.125580 0.221647 -0.416549
    35 1.719571 0.000019 0.000015 -0.311129 -0.043739 -1.054626
    36 1.209175 0.000004 0.000003 0.172210 -0.116519 -0.543375
    37 3.863496 -0.144303 -1.324347 -0.141219 0.635538 -0.479029
    38 1.719421 -0.000008 -0.000008 -0.052815 0.006926 -0.449862
    39 1.099667 -0.000004 0.000000 0.156990 -0.328270 -0.887119
    40 0.807596 -0.358881 -1.312776 1.243202 0.551772 -0.740648
    41 1.789776 0.000000 0.000002 -0.000008 0.003711 0.228604
    42 1.207008 0.000007 0.000000 0.000000 0.005667 0.362991
    43 3.772911 -5.489323 -0.527648 4.034818 -0.133223 -1.641906
  time 52
    0 -0.000003 -13.531250 -29.421875 1.570788 0.000007 -0.000007
    1 0.000000 3.345131 -2.981898 1.570789 0.086301 1.570789
    2 4.015625 0.000001 0.000000 0.000000 0.000000 -0.029241
    3 3.520294 0.000014 -0.000001 0.000000 0.000000 0.100332
    4 8.929688 0.000000 0.000000 0.000000 0.000000 0.194095
    5 2.035156 0.997070 1.937500 1.596487 -1.284993 2.943127
    6 6.028151 -0.000031 0.000004 -1.559783 -0.835334 -0.850167
    7 11.692549 0.000005 0.000011 0.048092 0.190651 -1.764097
    8 11.481670 0.000049 -0.000031 1.264676 -0.572324 0.220068
    9 3.858219 -0.135628 -1.192198 -0.462168 -0.183015 -1.143494
    10 1.312561 -0.000008 0.000000 0.000000 0.054403 -0.409014
    11 0.729362 0.000004 -0.000003 -0.000002 0.040753 -0.240990
    12 3.938059 0.050857 -0.435178 -0.058906 -0.190477 -1.052198
    13 1.539095 0.000004 -0.000002 0.000000 0.003735 -0.247814
    14 1.196325 0.000000 -0.000004 -0.000001 0.006169 -0.430818
    15 3.880859 -0.043091 0.427490 -0.476760 -0.093580 -0.824965
    16 1.719580 0.000011 -0.000015 -0.039460 -0.167701 -0.315837
    17 1.209179 -0.000004 0.000000 0.312038 0.209821 -0.320126
    18 3.863477 -0.132587 1.332145 0.316553 -0.532806 -0.147542
    19 1.719426 -0.000004 0.000007 -0.008714 -0.308204 -1.257834
    20 1.099669 -0.000004 0.000000 -0.000002 0.002587 -0.283860
    21 0.807581 -0.343248 1.320585 -1.200758 -0.478855 -0.930607
    22 1.789783 0.000002 0.000006 -0.000002 -0.003712 0.228604
    23 1.207008 0.000009 -0.000002 0.068240 -0.043107 0.237799
    24 2.035156 0.997070 -1.937500 -1.667267 1.282923 2.944210
    25 6.028140 -0.000004 0.000001 1.557331 0.789606 -0.847659
    26 11.692560 0.000021 -0.000004 -0.000424 -0.070889 -1.811057
    27 11.481653 0.000064 0.000015 -1.173060 0.529990 0.159638
    28 3.854337 -0.131714 1.199996 1.185711 -0.224301 -1.641700
    29 1.312565 0.000000 -0.000002 0.122434 -0.179429 -0.573229
    30 0.729366 0.000004 0.000003 0.000000 -0.000110 -0.248950
    31 3.941984 0.050857 0.435164 -0.031435 -0.126224 -1.323235
    32 1.539099 0.000004 0.000002 -0.245476 0.386205 -0.367025
    33 1.196320 0.000008 0.000004 0.000000 -0.000162 -0.332870
    34 3.880859 -0.047028 -0.427490 0.125580 0.221647 -0.416549
    35 1.719571 0.000019 0.000015 -0.311129 -0.043739 -1.054626
    36 1.209175 0.000004 0.000003 0.172210 -0.116519 -0.543375
    37 3.863496 -0.144303 -1.324347 -0.141219 0.635538 -0.479029
    38 1.719421 -0.000008 -0.000008 -0.052815 0.006926 -0.449862
    39 1.099667 -0.000004 0.000000 0.156990 -0.328270 -0.887119
    40 0.811503 -0.358881 -1.312776 1.243202 0.551772 -0.740648
    41 1.789776 0.000000 0.000002 -0.000008 0.003711 0.228604
    42 1.207008 0.000007 0.000000 0.000000 0.005667 0.362991
    43 3.772911 -5.489323 -0.527648 4.034818 -0.133223 -1.641906
  time 53
    0 -0.000003 -13.531250 -29.421875 1.570788 0.000007 -0.000007
    1 0.000000 3.345131 -2.981898 1.570789 0.086301 1.570789
    2 4.015625 0.000001 0.000000 0.000000 0.000000 -0.029241
    3 3.520294 0.000014 -0.000001 0.000000 0.000000 0.100332
    4 8.929688 0.000000 0.000000 0.000000 0.000000 0.194095
    5 2.035156 0.997070 1.937500 1.596487 -1.284993 2.943127
    6 6.028151 -0.000031 0.000004 -1.559649 -0.835760 -0.850323
    7 11.692549 0.000005 0.000011 0.048104 0.190675 -1.764097
    8 11.481670 0.000049 -0.000031 1.265649 -0.571706 0.219657
    9 3.858219 -0.135628 -1.192198 -0.462168 -0.183015 -1.143494
    10 1.312561 -0.000008 0.000000 0.000000 0.054403 -0.409014
    11 0.729362 0.000004 -0.000003 -0.000002 0.040753 -0.240990
    12 3.938059 0.050857 -0.435178 -0.058906 -0.190477 -1.052198
    13 1.539095 0.000004 -0.000002 0.000000 0.003735 -0.247814
    14 1.196325 0.000000 -0.000004 -0.000001 0.006169 -0.430818
    15 3.880859 -0.043091 0.427490 -0.476760 -0.093580 -0.824965
    16 1.719580 0.000011 -0.000015 -0.039460 -0.167701 -0.315837
    17 1.209179 -0.000004 0.000000 0.312038 0.209821 -0.320126
    18 3.863477 -0.132587 1.332145 0.316553 -0.532806 -0.147542
    19 1.719426 -0.000004 0.000007 -0.008714 -0.308204 -1.257834
    20 1.099669 -0.000004 0.000000 -0.000002 0.002587 -0.283860
    21 0.807581 -0.343248 1.320585 -1.201309 -0.479418 -0.929447
    22 1.789783 0.000002 0.000006 -0.000002 -0.003712 0.228604
    23 1.207008 0.000009 -0.000002 0.068240 -0.043107 0.237799
    24 2.035156 0.997070 -1.937500 -1.667267 1.282923 2.944210
    25 6.028140 -0.000004 0.000001 1.557595 0.789531 -0.847490
    26 11.692560 0.000021 -0.000004 -0.000412 -0.070733 -1.811164
    27 11.481653 0.000064 0.000015 -1.172830 0.530137 0.159686
    28 3.854337 -0.127808 1.199996 1.185686 -0.224301 -1.641700
    29 1.312565 0.000000 -0.000002 0.122434 -0.179429 -0.573229
    30 0.729366 0.000004 0.000003 0.000000 -0.000110 -0.248950
    31 3.938077 0.050857 0.435164 -0.031435 -0.126224 -1.323235
    32 1.539099 0.000004 0.000002 -0.245476 0.386205 -0.367025
    33 1.196320 0.000008 0.000004 0.000000 -0.000162 -0.332870
    34 3.880859 -0.047028 -0.427490 0.125580 0.221647 -0.416549
    35 1.719571 0.000019 0.000015 -0.311129 -0.043739 -1.054626
    36 1.209175 0.000004 0.000003 0.172210 -0.116519 -0.543375
    37 3.863496 -0.144303 -1.324347 -0.141219 0.635538 -0.479029
    38 1.719421 -0.000008 -0.000008 -0.052815 0.006926 -0.449862
    39 1.099667 -0.000004 0.000000 0.156990 -0.328270 -0.887119
    40 0.807596 -0.358881 -1.312776 1.243202 0.551772 -0.740648
    41 1.789776 0.000000 0.000002 -0.000008 0.003711 0.228604
    42 1.207008 0.000007 0.000000 0.000000 0.005667 0.362991
    43 3.772911 -5.489323 -0.527648 4.034818 -0.133223 -1.641906
  time 54
    0 -0.000003 -13.531250 -29.421875 1.570788 0.000007 -0.000007
    1 0.000000 3.345131 -2.981898 1.570789 0.086301 1.570789
    2 4.015625 0.000001 0.000000 0.000000 0.000000 -0.029241
    3 3.520294 0.000014 -0.000001 0.000000 0.000000 0.100332
    4 8.929688 0.000000 0.000000 0.000000 0.000000 0.194095
    5 2.035156 0.997070 1.937500 1.596487 -1.284993 2.943127
    6 6.028151 -0.000031 0.000004 -1.559494 -0.836187 -0.850478
    7 11.692549 0.000005 0.000011 0.048104 0.190699 -1.764044
    8 11.481670 0.000049 -0.000031 1.266622 -0.571068 0.219263
    9 3.854313 -0.135628 -1.192198 -0.462168 -0.183015 -1.143494
    10 1.312561 -0.000008 0.000000 0.000000 0.054403 -0.409014
    11 0.729362 0.000004 -0.000003 -0.000002 0.040753 -0.240990
    12 3.938059 0.050857 -0.435178 -0.058906 -0.190477 -1.052198
    13 1.539095 0.000004 -0.000002 0.000000 0.003735 -0.247814
    14 1.196325 0.000000 -0.000004 -0.000001 0.006169 -0.430818
    15 3.880859 -0.043091 0.427490 -0.476760 -0.093580 -0.824965
    16 1.719580 0.000011 -0.000015 -0.039460 -0.167701 -0.315837
    17 1.209179 -0.000004 0.000000 0.312038 0.209821 -0.320126
    18 3.863477 -0.132587 1.332145 0.316553 -0.532806 -0.147542
    19 1.719426 -0.000004 0.000007 -0.008714 -0.308204 -1.257834
    20 1.099669 -0.000004 0.000000 -0.000002 0.002587 -0.283860
    21 0.807581 -0.343248 1.320585 -1.201884 -0.480029 -0.928237
    22 1.789783 0.000002 0.000006 -0.000002 -0.003712 0.228604
    23 1.207008 0.000009 -0.000002 0.068240 -0.043107 0.237799
    24 2.035156 0.997070 -1.937500 -1.667267 1.282923 2.944210
    25 6.028140 -0.000004 0.000001 1.557883 0.789456 -0.847298
    26 11.692560 0.000021 -0.000004 -0.000412 -0.070553 -1.811271
    27 11.481653 0.000064 0.000015 -1.172599 0.530267 0.159722
    28 3.854337 -0.131714 1.199996 1.185686 -0.224301 -1.641700
    29 1.312565 0.000000 -0.000002 0.122434 -0.179429 -0.573229
    30 0.729366 0.000004 0.000003 0.000000 -0.000110 -0.248950
    31 3.941984 0.050857 0.435164 -0.031435 -0.126224 -1.323235
    32 1.539099 0.000004 0.000002 -0.245476 0.386205 -0.367025
    33 1.196320 0.000008 0.000004 0.000000 -0.000162 -0.332870
    34 3.880859 -0.047028 -0.427490 0.125580 0.221647 -0.416549
    35 1.719571 0.000019 0.000015 -0.311129 -0.043739 -1.054626
    36 1.209175 0.000004 0.000003 0.172210 -0.116519 -0.543375
    37 3.867402 -0.144303 -1.324347 -0.141219 0.635538 -0.479029
    38 1.719421 -0.000008 -0.000008 -0.052815 0.006926 -0.449862
    39 1.099667 -0.000004 0.000000 0.156990 -0.328270 -0.887119
    40 0.811503 -0.358881 -1.312776 1.243202 0.551772 -0.740648
    41 1.789776 0.000000 0.000002 -0.000008 0.003711 0.228604
    42 1.207008 0.000007 0.000000 0.000000 0.005667 0.362991
    43 3.772911 -5.489323 -0.527648 4.034818 -0.133223 -1.641906
  time 55
    0 -0.000003 -13.531250 -29.421875 1.570788 0.000007 -0.000007
    1 0.000000 3.345131 -2.981898 1.570789 0.086301 1.570789
    2 4.015625 0.000001 0.000000 0.000000 0.000000 -0.029241
    3 3.520294 0.000014 -0.000001 0.000000 0.000000 0.100332
    4 8.929688 0.000000 0.000000 0.000000 0.000000 0.194095
    5 2.035156 0.997070 1.937500 1.596487 -1.284993 2.943127
    6 6.028151 -0.000031 0.000004 -1.559340 -0.836646 -0.850634
    7 11.692549 0.000005 0.000011 0.048116 0.190735 -1.763991
    8 11.481670 0.000049 -0.000031 1.267595 -0.570430 0.218853
    9 3.858219 -0.135628 -1.192198 -0.462168 -0.183015 -1.143494
    10 1.312561 -0.000008 0.000000 0.000000 0.054403 -0.409014
    11 0.729362 0.000004 -0.000003 -0.000002 0.040753 -0.240990
    12 3.938059 0.050857 -0.435178 -0.058906 -0.190477 -1.052198
    13 1.539095 0.000004 -0.000002 0.000000 0.003735 -0.247814
    14 1.196325 0.000000 -0.000004 -0.000001 0.006169 -0.430818
    15 3.880859 -0.043091 0.427490 -0.476760 -0.093580 -0.824965
    16 1.719580 0.000011 -0.000015 -0.039460 -0.167701 -0.315837
    17 1.209179 -0.000004 0.000000 0.312038 0.209821 -0.320126
    18 3.863477 -0.132587 1.332145 0.316553 -0.532806 -0.147542
    19 1.719426 -0.000004 0.000007 -0.008714 -0.308204 -1.257834
    20 1.099669 -0.000004 0.000000 -0.000002 0.002587 -0.283860
    21 0.807581 -0.343248 1.320585 -1.202483 -0.480640 -0.926977
    22 1.789783 0.000002 0.000006 -0.000002 -0.003712 0.228604
    23 1.207008 0.000009 -0.000002 0.068240 -0.043107 0.237799
    24 2.035156 0.997070 -1.937500 -1.667267 1.282923 2.944210
    25 6.028140 -0.000004 0.000001 1.558170 0.789381 -0.847105
    26 11.692560 0.000021 -0.000004 -0.000412 -0.070385 -1.811325
    27 11.481653 0.000064 0.000015 -1.172369 0.530398 0.159758
    28 3.854337 -0.131714 1.199996 1.185711 -0.224301 -1.641700
    29 1.312565 0.000000 -0.000002 0.122434 -0.179429 -0.573229
    30 0.729366 0.000004 0.000003 0.000000 -0.000110 -0.248950
    31 3.938077 0.050857 0.435164 -0.031435 -0.126224 -1.323235
    32 1.539099 0.000004 0.000002 -0.245476 0.386205 -0.367025
    33 1.196320 0.000008 0.000004 0.000000 -0.000162 -0.332870
    34 3.880859 -0.047028 -0.427490 0.125580 0.221647 -0.416549
    35 1.719571 0.000019 0.000015 -0.311129 -0.043739 -1.054626
    36 1.209175 0.000004 0.000003 0.172210 -0.116519 -0.543375
    37 3.863496 -0.144303 -1.324347 -0.141219 0.635538 -0.479029
    38 1.719421 -0.000008 -0.000008 -0.052815 0.006926 -0.449862
    39 1.099667 -0.000004 0.000000 0.156990 -0.328270 -0.887119
    40 0.807596 -0.358881 -1.312776 1.243202 0.551772 -0.740648
    41 1.789776 0.000000 0.000002 -0.000008 0.003711 0.228604
    42 1.207008 0.000007 0.000000 0.000000 0.005667 0.362991
    43 3.772911 -5.489323 -0.527648 4.034818 -0.133223 -1.641906
  time 56
    0 -0.000003 -13.531250 -29.421875 1.570788 0.000007 -0.000007
    1 0.000000 3.345131 -2.981898 1.570789 0.086301 1.570789
    2 4.015625 0.000001 0.000000 0.000000 0.000000 -0.029241
    3 3.520294 0.000014 -0.000001 0.000000 0.000000 0.100332
    4 8.929688 0.000000 0.000000 0.000000 0.000000 0.194095
    5 2.035156 0.997070 1.937500 1.596487 -1.284993 2.943127
    6 6.028151 -0.000031 0.000004 -1.559167 -0.837105 -0.850802
    7 11.692549 0.000005 0.000011 0.048128 0.190759 -1.763938
    8 11.481670 0.000049 -0.000031 1.268569 -0.569792 0.218458
    9 3.858219 -0.135628 -1.192198 -0.462168 -0.183015 -1.143494
    10 1.312561 -0.000008 0.000000 0.000000 0.054403 -0.409014
    11 0.729362 0.000004 -0.000003 -0.000002 0.040753 -0.240990
    12 3.938059 0.050857 -0.435178 -0.058906 -0.190477 -1.052198
    13 1.539095 0.000004 -0.000002 0.000000 0.003735 -0.247814
    14 1.196325 0.000000 -0.000004 -0.000001 0.006169 -0.430818
    15 3.880859 -0.043091 0.427490 -0.476760 -0.093580 -0.824965
    16 1.719580 0.000011 -0.000015 -0.039460 -0.167701 -0.315837
    17 1.209179 -0.000004 0.000000 0.312038 0.209821 -0.320126
    18 3.863477 -0.132587 1.332145 0.316553 -0.532806 -0.147542
    19 1.719426 -0.000004 0.000007 -0.008714 -0.308204 -1.257834
    20 1.099669 -0.000004 0.000000 -0.000002 0.002587 -0.283860
    21 0.807581 -0.343248 1.320585 -1.203095 -0.481288 -0.925692
    22 1.789783 0.000002 0.000006 -0.000002 -0.003712 0.228604
    23 1.207008 0.000009 -0.000002 0.068240 -0.043107 0.237799
    24 2.035156 0.997070 -1.937500 -1.667267 1.282923 2.944210
    25 6.028140 -0.000004 0.000001 1.558470 0.789281 -0.846900
    26 11.692560 0.000021 -0.000004 -0.000400 -0.070194 -1.811432
    27 11.481653 0.000064 0.000015 -1.172153 0.530529 0.159794
    28 3.854337 -0.131714 1.199996 1.185686 -0.224301 -1.641700
    29 1.312565 0.000000 -0.000002 0.122434 -0.179429 -0.573229
    30 0.729366 0.000004 0.000003 0.000000 -0.000110 -0.248950
    31 3.941984 0.050857 0.435164 -0.031435 -0.126224 -1.323235
    32 1.539099 0.000004 0.000002 -0.245476 0.386205 -0.367025
    33 1.196320 0.000008 0.000004 0.000000 -0.000162 -0.332870
    34 3.880859 -0.047028 -0.427490 0.125580 0.221647 -0.416549
    35 1.719571 0.000019 0.000015 -0.311129 -0.043739 -1.054626
    36 1.209175 0.000004 0.000003 0.172210 -0.116519 -0.543375
    37 3.863496 -0.144303 -1.324347 -0.141219 0.635538 -0.479029
    38 1.719421 -0.000008 -0.000008 -0.052815 0.006926 -0.449862
    39 1.099667 -0.000004 0.000000 0.156990 -0.328270 -0.887119
    40 0.811503 -0.358881 -1.312776 1.243202 0.551772 -0.740648
    41 1.789776 0.000000 0.000002 -0.000008 0.003711 0.228604
    42 1.207008 0.000007 0.000000 0.000000 0.005667 0.362991
    43 3.772911 -5.489323 -0.527648 4.034818 -0.133223 -1.641906
  time 57
    0 -0.000003 -13.531250 -29.421875 1.570788 0.000007 -0.000007
    1 0.000000 3.345131 -2.981898 1.570789 0.086301 1.570789
    2 4.015625 0.000001 0.000000 0.000000 0.000000 -0.029241
    3 3.520294 0.000014 -0.000001 0.000000 0.000000 0.100332
    4 8.929688 0.000000 0.000000 0.000000 0.000000 0.194095
    5 2.035156 0.997070 1.937500 1.596487 -1.284993 2.943127
    6 6.028151 -0.000031 0.000004 -1.558993 -0.837564 -0.850982
    7 11.692549 0.000005 0.000011 0.048128 0.190783 -1.763885
    8 11.481670 0.000049 -0.000031 1.269542 -0.569174 0.218064
    9 3.858219 -0.135628 -1.192198 -0.462168 -0.183015 -1.143494
    10 1.312561 -0.000008 0.000000 0.000000 0.054403 -0.409014
    11 0.729362 0.000004 -0.000003 -0.000002 0.040753 -0.240990
    12 3.938059 0.050857 -0.435178 -0.058906 -0.190477 -1.052198
    13 1.539095 0.000004 -0.000002 0.000000 0.003735 -0.247814
    14 1.196325 0.000000 -0.000004 -0.000001 0.006169 -0.430818
    15 3.880859 -0.043091 0.427490 -0.476760 -0.093580 -0.824965
    16 1.719580 0.000011 -0.000015 -0.039460 -0.167701 -0.315837
    17 1.209179 -0.000004 0.000000 0.312038 0.209821 -0.320126
    18 3.863477 -0.132587 1.332145 0.316553 -0.532806 -0.147542
    19 1.719426 -0.000004 0.000007 -0.008714 -0.308204 -1.257834
    20 1.099669 -0.000004 0.000000 -0.000002 0.002587 -0.283860
    21 0.807581 -0.343248 1.320585 -1.203718 -0.481935 -0.924382
    22 1.789783 0.000002 0.000006 -0.000002 -0.003712 0.228604
    23 1.207008 0.000009 -0.000002 0.068240 -0.043107 0.237799
    24 2.035156 0.997070 -1.937500 -1.667267 1.282923 2.944210
    25 6.028140 -0.000004 0.000001 1.558781 0.789207 -0.846695
    26 11.692560 0.000021 -0.000004 -0.000400 -0.070014 -1.811539
    27 11.481653 0.000064 0.000015 -1.171936 0.530643 0.159830
    28 3.854337 -0.131714 1.199996 1.185711 -0.224301 -1.641700
    29 1.312565 0.000000 -0.000002 0.122434 -0.179429 -0.573229
    30 0.729366 0.000004 0.000003 0.000000 -0.000110 -0.248950
    31 3.941984 0.050857 0.435164 -0.031435 -0.126224 -1.323235
    32 1.539099 0.000004 0.000002 -0.245476 0.386205 -0.367025
    33 1.196320 0.000008 0.000004 0.000000 -0.000162 -0.332870
    34 3.880859 -0.047028 -0.427490 0.125580 0.221647 -0.416549
    35 1.719571 0.000019 0.000015 -0.311129 -0.043739 -1.054626
    36 1.209175 0.000004 0.000003 0.172210 -0.116519 -0.543375
    37 3.863496 -0.144303 -1.324347 -0.141219 0.635538 -0.479029
    38 1.719421 -0.000008 -0.000008 -0.052815 0.006926 -0.449862
    39 1.099667 -0.000004 0.000000 0.156990 -0.328270 -0.887119
    40 0.811503 -0.358881 -1.312776 1.243202 0.551772 -0.740648
    41 1.789776 0.000000 0.000002 -0.000008 0.003711 0.228604
    42 1.207008 0.000007 0.000000 0.000000 0.005667 0.362991
    43 3.772911 -5.489323 -0.527648 4.034818 -0.133223 -1.641906
  time 58
    0 -0.000003 -13.531250 -29.421875 1.570788 0.000007 -0.000007
    1 0.000000 3.345131 -2.981898 1.570789 0.086301 1.570789
    2 4.015625 0.000001 0.000000 0.000000 0.000000 -0.029241
    3 3.520294 0.000014 -0.000001 0.000000 0.000000 0.100332
    4 8.929688 0.000000 0.000000 0.000000 0.000000 0.194095
    5 2.035156 0.997070 1.937500 1.596487 -1.284993 2.943127
    6 6.028151 -0.000031 0.000004 -1.558820 -0.838024 -0.851150
    7 11.692549 0.000005 0.000011 0.048140 0.190819 -1.763885
    8 11.481670 0.000049 -0.000031 1.270467 -0.568555 0.217670
    9 3.858219 -0.135628 -1.192198 -0.462168 -0.183015 -1.143494
    10 1.312561 -0.000008 0.000000 0.000000 0.054403 -0.409014
    11 0.729362 0.000004 -0.000003 -0.000002 0.040753 -0.240990
    12 3.938059 0.050857 -0.435178 -0.058906 -0.190477 -1.052198
    13 1.539095 0.000004 -0.000002 0.000000 0.003735 -0.247814
    14 1.196325 0.000000 -0.000004 -0.000001 0.006169 -0.430818
    15 3.880859 -0.043091 0.427490 -0.476760 -0.093580 -0.824965
    16 1.719580 0.000011 -0.000015 -0.039460 -0.167701 -0.315837
    17 1.209179 -0.000004 0.000000 0.312038 0.209821 -0.320126
    18 3.863477 -0.132587 1.332145 0.316553 -0.532806 -0.147542
    19 1.719426 -0.000004 0.000007 -0.008714 -0.308204 -1.257834
    20 1.099669 -0.000004 0.000000 -0.000002 0.002587 -0.283860
    21 0.807581 -0.343248 1.320585 -1.204353 -0.482582 -0.923072
    22 1.789783 0.000002 0.000006 -0.000002 -0.003712 0.228604
    23 1.207008 0.000009 -0.000002 0.068240 -0.043107 0.237799
    24 2.035156 0.997070 -1.937500 -1.667267 1.282923 2.944210
    25 6.028140 -0.000004 0.000001 1.559093 0.789132 -0.846491
    26 11.692560 0.000021 -0.000004 -0.000400 -0.069822 -1.811593
    27 11.481653 0.000064 0.000015 -1.171733 0.530774 0.159866
    28 3.854337 -0.127808 1.199996 1.185711 -0.224301 -1.641700
    29 1.312565 0.000000 -0.000002 0.122434 -0.179429 -0.573229
    30 0.729366 0.000004 0.000003 0.000000 -0.000110 -0.248950
    31 3.938077 0.050857 0.435164 -0.031435 -0.126224 -1.323235
    32 1.539099 0.000004 0.000002 -0.245476 0.386205 -0.367025
    33 1.196320 0.000008 0.000004 0.000000 -0.000162 -0.332870
    34 3.880859 -0.047028 -0.427490 0.125580 0.221647 -0.416549
    35 1.719571 0.000019 0.000015 -0.311129 -0.043739 -1.054626
    36 1.209175 0.000004 0.000003 0.172210 -0.116519 -0.543375
    37 3.863496 -0.144303 -1.324347 -0.141219 0.635538 -0.479029
    38 1.719421 -0.000008 -0.000008 -0.052815 0.006926 -0.449862
    39 1.099667 -0.000004 0.000000 0.156990 -0.328270 -0.887119
    40 0.811503 -0.358881 -1.312776 1.243202 0.551772 -0.740648
    41 1.789776 0.000000 0.000002 -0.000008 0.003711 0.228604
    42 1.207008 0.000007 0.000000 0.000000 0.005667 0.362991
    43 3.772911 -5.489323 -0.527648 4.034818 -0.133223 -1.641906
  time 59
    0 -0.000003 -13.531250 -29.421875 1.570788 0.000007 -0.000007
    1 0.000000 3.345131 -2.981898 1.570789 0.086301 1.570789
    2 4.015625 0.000001 0.000000 0.000000 0.000000 -0.029241
    3 3.520294 0.000014 -0.000001 0.000000 0.000000 0.100332
    4 8.929688 0.000000 0.000000 0.000000 0.000000 0.194095
    5 2.035156 0.997070 1.937500 1.596487 -1.284993 2.943127
    6 6.028151 -0.000031 0.000004 -1.558646 -0.838516 -0.851329
    7 11.692549 0.000005 0.000011 0.048152 0.190854 -1.763832
    8 11.481670 0.000049 -0.000031 1.271391 -0.567937 0.217293
    9 3.858219 -0.135628 -1.192198 -0.462168 -0.183015 -1.143494
    10 1.312561 -0.000008 0.000000 0.000000 0.054403 -0.409014
    11 0.729362 0.000004 -0.000003 -0.000002 0.040753 -0.240990
    12 3.941966 0.050857 -0.435178 -0.058906 -0.190477 -1.052198
    13 1.539095 0.000004 -0.000002 0.000000 0.003735 -0.247814
    14 1.196325 0.000000 -0.000004 -0.000001 0.006169 -0.430818
    15 3.880859 -0.043091 0.427490 -0.476760 -0.093580 -0.824965
    16 1.719580 0.000011 -0.000015 -0.039460 -0.167701 -0.315837
    17 1.209179 -0.000004 0.000000 0.312038 0.209821 -0.320126
    18 3.863477 -0.132587 1.332145 0.316553 -0.532806 -0.147542
    19 1.719426 -0.000004 0.000007 -0.008714 -0.308204 -1.257834
    20 1.099669 -0.000004 0.000000 -0.000002 0.002587 -0.283860
    21 0.807581 -0.343248 1.320585 -1.204976 -0.483217 -0.921750
    22 1.789783 0.000002 0.000006 -0.000002 -0.003712 0.228604
    23 1.207008 0.000009 -0.000002 0.068240 -0.043107 0.237799
    24 2.035156 0.997070 -1.937500 -1.667267 1.282923 2.944210
    25 6.028140 -0.000004 0.000001 1.559417 0.789057 -0.846286
    26 11.692560 0.000021 -0.000004 -0.000388 -0.069630 -1.811700
    27 11.481653 0.000064 0.000015 -1.171530 0.530872 0.159890
    28 3.854337 -0.131714 1.199996 1.185711 -0.224301 -1.641700
    29 1.312565 0.000000 -0.000002 0.122434 -0.179429 -0.573229
    30 0.729366 0.000004 0.000003 0.000000 -0.000110 -0.248950
    31 3.938077 0.050857 0.435164 -0.031435 -0.126224 -1.323235
    32 1.539099 0.000004 0.000002 -0.245476 0.386205 -0.367025
    33 1.196320 0.000008 0.000004 0.000000 -0.000162 -0.332870
    34 3.880859 -0.047028 -0.427490 0.125580 0.221647 -0.416549
    35 1.719571 0.000019 0.000015 -0.311129 -0.043739 -1.054647
    36 1.209175 0.000004 0.000003 0.172210 -0.116519 -0.543375
    37 3.863496 -0.144303 -1.324347 -0.141219 0.635538 -0.479029
    38 1.719421 -0.000008 -0.000008 -0.052815 0.006926 -0.449862
    39 1.099667 -0.000004 0.000000 0.156990 -0.328270 -0.887119
    40 0.807596 -0.358881 -1.312776 1.243202 0.551772 -0.740648
    41 1.789776 0.000000 0.000002 -0.000008 0.003711 0.228604
    42 1.207008 0.000007 0.000000 0.000000 0.005667 0.362991
    43 3.772911 -5.489323 -0.527648 4.034818 -0.133223 -1.641906
  time 60
    0 -0.000003 -13.531250 -29.421875 1.570788 0.000007 -0.000007
    1 0.000000 3.345131 -2.981898 1.570789 0.086301 1.570789
    2 4.015625 0.000001 0.000000 0.000000 0.000000 -0.029241
    3 3.520294 0.000014 -0.000001 0.000000 0.000000 0.100332
    4 8.929688 0.000000 0.000000 0.000000 0.000000 0.194095
    5 2.035156 0.997070 1.937500 1.596487 -1.284993 2.943127
    6 6.028151 -0.000031 0.000004 -1.558473 -0.838975 -0.851509
    7 11.692549 0.000005 0.000011 0.048152 0.190878 -1.763779
    8 11.481670 0.000049 -0.000031 1.272267 -0.567357 0.216931
    9 3.858219 -0.135628 -1.192198 -0.462168 -0.183015 -1.143494
    10 1.312561 -0.000008 0.000000 0.000000 0.054403 -0.409014
    11 0.729362 0.000004 -0.000003 -0.000002 0.040753 -0.240990
    12 3.938059 0.050857 -0.435178 -0.058906 -0.190477 -1.052198
    13 1.539095 0.000004 -0.000002 0.000000 0.003735 -0.247814
    14 1.196325 0.000000 -0.000004 -0.000001 0.006169 -0.430818
    15 3.880859 -0.043091 0.427490 -0.476760 -0.093580 -0.824965
    16 1.719580 0.000011 -0.000015 -0.039460 -0.167701 -0.315837
    17 1.209179 -0.000004 0.000000 0.312036 0.209821 -0.320126
    18 3.863477 -0.132587 1.332145 0.316553 -0.532806 -0.147542
    19 1.719426 -0.000004 0.000007 -0.008714 -0.308204 -1.257834
    20 1.099669 -0.000004 0.000000 -0.000002 0.002587 -0.283860
    21 0.807581 -0.343248 1.320585 -1.205599 -0.483852 -0.920465
    22 1.789783 0.000002 0.000006 -0.000002 -0.003712 0.228604
    23 1.207008 0.000009 -0.000002 0.068240 -0.043107 0.237799
    24 2.035156 0.997070 -1.937500 -1.667267 1.282923 2.944210
    25 6.028140 -0.000004 0.000001 1.559728 0.789007 -0.846069
    26 11.692560 0.000021 -0.000004 -0.000388 -0.069450 -1.811807
    27 11.481653 0.000064 0.000015 -1.171340 0.530987 0.159926
    28 3.854337 -0.131714 1.199996 1.185686 -0.224301 -1.641700
    29 1.312565 0.000000 -0.000002 0.122434 -0.179429 -0.573229
    30 0.729366 0.000004 0.000003 0.000000 -0.000110 -0.248950
    31 3.938077 0.050857 0.435164 -0.031435 -0.126224 -1.323235
    32 1.539099 0.000004 0.000002 -0.245474 0.386205 -0.367027
    33 1.196320 0.000008 0.000004 0.000000 -0.000162 -0.332870
    34 3.880859 -0.047028 -0.427490 0.125578 0.221647 -0.416549
    35 1.719571 0.000019 0.000015 -0.311136 -0.043741 -1.054644
    36 1.209175 0.000004 0.000003 0.172210 -0.116519 -0.543375
    37 3.863496 -0.144303 -1.324347 -0.141219 0.635538 -0.479029
    38 1.719421 -0.000008 -0.000008 -0.052815 0.006926 -0.449862
    39 1.099667 -0.000004 0.000000 0.156990 -0.328270 -0.887119
    40 0.807596 -0.358881 -1.312776 1.243202 0.551772 -0.740648
    41 1.789776 0.000000 0.000002 -0.000008 0.003711 0.228604
    42 1.207008 0.000007 0.000000 0.000000 0.005667 0.362991
    43 3.772911 -5.489323 -0.527648 4.034818 -0.133223 -1.641906
  time 61
    0 -0.000003 -13.531250 -29.421875 1.570788 0.000007 -0.000007
    1 0.000000 3.345131 -2.981898 1.570789 0.086301 1.570789
    2 4.015625 0.000001 0.000000 0.000000 0.000000 -0.029241
    3 3.520294 0.000014 -0.000001 0.000000 0.000000 0.100332
    4 8.929688 0.000000 0.000000 0.000000 0.000000 0.194095
    5 2.035156 0.997070 1.937500 1.596487 -1.284993 2.943127
    6 6.028151 -0.000031 0.000004 -1.558299 -0.839401 -0.851677
    7 11.692549 0.000005 0.000011 0.048164 0.190914 -1.763726
    8 11.481670 0.000049 -0.000031 1.273095 -0.566777 0.216586
    9 3.858219 -0.135628 -1.192198 -0.462168 -0.183015 -1.143494
    10 1.312561 -0.000008 0.000000 0.000000 0.054403 -0.409014
    11 0.729362 0.000004 -0.000003 -0.000002 0.040753 -0.240990
    12 3.938059 0.050857 -0.435178 -0.058906 -0.190477 -1.052198
    13 1.539095 0.000004 -0.000002 0.000000 0.003735 -0.247814
    14 1.196325 0.000000 -0.000004 -0.000001 0.006169 -0.430818
    15 3.880859 -0.043091 0.427490 -0.476760 -0.093580 -0.824965
    16 1.719580 0.000011 -0.000015 -0.039460 -0.167701 -0.315837
    17 1.209179 -0.000004 0.000000 0.312036 0.209821 -0.320126
    18 3.863477 -0.132587 1.332145 0.316553 -0.532806 -0.147542
    19 1.719426 -0.000004 0.000007 -0.008714 -0.308204 -1.257834
    20 1.099669 -0.000004 0.000000 -0.000002 0.002587 -0.283860
    21 0.807581 -0.343248 1.320585 -1.206211 -0.484476 -0.919205
    22 1.789783 0.000002 0.000006 -0.000002 -0.003712 0.228604
    23 1.207008 0.000009 -0.000002 0.068240 -0.043107 0.237799
    24 2.035156 0.997070 -1.937500 -1.667267 1.282923 2.944210
    25 6.028140 -0.000004 0.000001 1.560040 0.788932 -0.845864
    26 11.692560 0.000021 -0.000004 -0.000388 -0.069259 -1.811861
    27 11.481653 0.000064 0.000015 -1.171164 0.531085 0.159950
    28 3.854337 -0.131714 1.199996 1.185686 -0.224301 -1.641700
    29 1.312565 0.000000 -0.000002 0.122434 -0.179429 -0.573229
    30 0.729366 0.000004 0.000003 0.000000 -0.000110 -0.248950
    31 3.938077 0.050857 0.435164 -0.031435 -0.126224 -1.323235
    32 1.539099 0.000004 0.000002 -0.245474 0.386205 -0.367027
    33 1.196320 0.000008 0.000004 0.000000 -0.000162 -0.332870
    34 3.880859 -0.047028 -0.427490 0.125578 0.221647 -0.416549
    35 1.719571 0.000019 0.000015 -0.311136 -0.043741 -1.054644
    36 1.209175 0.000004 0.000003 0.172210 -0.116519 -0.543375
    37 3.863496 -0.144303 -1.324347 -0.141219 0.635538 -0.479029
    38 1.719421 -0.000008 -0.000008 -0.052815 0.006926 -0.449862
    39 1.099667 -0.000004 0.000000 0.156990 -0.328270 -0.887119
    40 0.807596 -0.358881 -1.312776 1.243202 0.551772 -0.740648
    41 1.789776 0.000000 0.000002 -0.000008 0.003711 0.228604
    42 1.207008 0.000007 0.000000 0.000000 0.005667 0.362991
    43 3.772911 -5.489323 -0.527648 4.034818 -0.133223 -1.641906
  time 62
    0 -0.000003 -13.531250 -29.421875 1.570788 0.000007 -0.000007
    1 0.000000 3.345131 -2.981898 1.570789 0.086301 1.570789
    2 4.015625 0.000001 0.000000 0.000000 0.000000 -0.029241
    3 3.520294 0.000014 -0.000001 0.000000 0.000000 0.100332
    4 8.929688 0.000000 0.000000 0.000000 0.000000 0.194095
    5 2.035156 0.997070 1.937500 1.596487 -1.284993 2.943127
    6 6.028151 -0.000031 0.000004 -1.558126 -0.839860 -0.851845
    7 11.692549 0.000005 0.000011 0.048176 0.190950 -1.763673
    8 11.481670 0.000049 -0.000031 1.273873 -0.566236 0.216258
    9 3.858219 -0.135628 -1.192198 -0.462168 -0.183015 -1.143494
    10 1.312561 -0.000008 0.000000 0.000000 0.054403 -0.409014
    11 0.729362 0.000004 -0.000003 -0.000002 0.040753 -0.240990
    12 3.938059 0.050857 -0.435178 -0.058906 -0.190477 -1.052198
    13 1.539095 0.000004 -0.000002 0.000000 0.003735 -0.247814
    14 1.196325 0.000000 -0.000004 -0.000001 0.006169 -0.430818
    15 3.880859 -0.043091 0.427490 -0.476760 -0.093580 -0.824965
    16 1.719580 0.000011 -0.000015 -0.039460 -0.167701 -0.315837
    17 1.209179 -0.000004 0.000000 0.312036 0.209821 -0.320126
    18 3.863477 -0.132587 1.332145 0.316553 -0.532806 -0.147542
    19 1.719426 -0.000004 0.000007 -0.008714 -0.308204 -1.257834
    20 1.099669 -0.000004 0.000000 -0.000002 0.002587 -0.283860
    21 0.807581 -0.343248 1.320585 -1.206798 -0.485075 -0.917982
    22 1.789783 0.000002 0.000006 -0.000002 -0.003712 0.228604
    23 1.207008 0.000009 -0.000002 0.068240 -0.043107 0.237799
    24 2.035156 0.997070 -1.937500 -1.667267 1.282923 2.944210
    25 6.028140 -0.000004 0.000001 1.560351 0.788882 -0.845659
    26 11.692560 0.000021 -0.000004 -0.000377 -0.069079 -1.811968
    27 11.481653 0.000064 0.000015 -1.171002 0.531166 0.159974
    28 3.854337 -0.131714 1.199996 1.185711 -0.224301 -1.641700
    29 1.312565 0.000000 -0.000002 0.122434 -0.179429 -0.573229
    30 0.729366 0.000004 0.000003 0.000000 -0.000110 -0.248950
    31 3.941984 0.050857 0.435164 -0.031435 -0.126224 -1.323235
    32 1.539099 0.000004 0.000002 -0.245474 0.386205 -0.367027
    33 1.196320 0.000008 0.000004 0.000000 -0.000162 -0.332870
    34 3.880859 -0.047028 -0.427490 0.125578 0.221647 -0.416549
    35 1.719571 0.000019 0.000015 -0.311136 -0.043741 -1.054644
    36 1.209175 0.000004 0.000003 0.172210 -0.116519 -0.543375
    37 3.863496 -0.144303 -1.324347 -0.141219 0.635538 -0.479029
    38 1.719421 -0.000008 -0.000008 -0.052815 0.006926 -0.449862
    39 1.099667 -0.000004 0.000000 0.156990 -0.328270 -0.887119
    40 0.811503 -0.358881 -1.312776 1.243202 0.551772 -0.740648
    41 1.789776 0.000000 0.000002 -0.000008 0.003711 0.228604
    42 1.207008 0.000007 0.000000 0.000000 0.005667 0.362991
    43 3.772911 -5.489323 -0.527648 4.034818 -0.133223 -1.641906
  time 63
    0 -0.000003 -13.531250 -29.421875 1.570788 0.000007 -0.000007
    1 0.000000 3.345131 -2.981898 1.570789 0.086301 1.570789
    2 4.015625 0.000001 0.000000 0.000000 0.000000 -0.029241
    3 3.520294 0.000014 -0.000001 0.000000 0.000000 0.100332
    4 8.929688 0.000000 0.000000 0.000000 0.000000 0.194095
    5 2.035156 0.997070 1.937500 1.596487 -1.284993 2.943127
    6 6.028151 -0.000031 0.000004 -1.557972 -0.840254 -0.852012
    7 11.692549 0.000005 0.000011 0.048188 0.190986 -1.763620
    8 11.481670 0.000049 -0.000031 1.274652 -0.565733 0.215946
    9 3.858219 -0.135628 -1.192198 -0.462168 -0.183015 -1.143494
    10 1.312561 -0.000008 0.000000 0.000000 0.054403 -0.409014
    11 0.729362 0.000004 -0.000003 -0.000002 0.040753 -0.240990
    12 3.938059 0.050857 -0.435178 -0.058906 -0.190477 -1.052198
    13 1.539095 0.000004 -0.000002 0.000000 0.003735 -0.247814
    14 1.196325 0.000000 -0.000004 -0.000001 0.006169 -0.430818
    15 3.880859 -0.043091 0.427490 -0.476760 -0.093580 -0.824965
    16 1.719580 0.000011 -0.000015 -0.039460 -0.167701 -0.315837
    17 1.209179 -0.000004 0.000000 0.312036 0.209821 -0.320126
    18 3.863477 -0.132587 1.332145 0.316553 -0.532806 -0.147542
    19 1.719426 -0.000004 0.000007 -0.008714 -0.308204 -1.257834
    20 1.099669 -0.000004 0.000000 -0.000002 0.002587 -0.283860
    21 0.807581 -0.343248 1.316678 -1.207349 -0.485638 -0.916822
    22 1.789783 0.000002 0.000006 -0.000002 -0.003712 0.228604
    23 1.207008 0.000009 -0.000002 0.068240 -0.043107 0.237799
    24 2.035156 0.997070 -1.937500 -1.667267 1.282923 2.944210
    25 6.028140 -0.000004 0.000001 1.560663 0.788807 -0.845467
    26 11.692560 0.000021 -0.000004 -0.000377 -0.068899 -1.812075
    27 11.481653 0.000064 0.000015 -1.170839 0.531248 0.159986
    28 3.854337 -0.131714 1.199996 1.185686 -0.224301 -1.641700
    29 1.312565 0.000000 -0.000002 0.122434 -0.179429 -0.573229
    30 0.729366 0.000004 0.000003 0.000000 -0.000110 -0.248950
    31 3.938077 0.050857 0.435164 -0.031435 -0.126224 -1.323235
    32 1.539099 0.000004 0.000002 -0.245474 0.386205 -0.367027
    33 1.196320 0.000008 0.000004 0.000000 -0.000162 -0.332870
    34 3.880859 -0.047028 -0.427490 0.125578 0.221647 -0.416549
    35 1.719571 0.000019 0.000015 -0.311136 -0.043741 -1.054644
    36 1.209175 0.000004 0.000003 0.172210 -0.116519 -0.543375
    37 3.863496 -0.144303 -1.324347 -0.141219 0.635538 -0.479029
    38 1.719421 -0.000008 -0.000008 -0.052815 0.006926 -0.449862
    39 1.099667 -0.000004 0.000000 0.156990 -0.328270 -0.887119
    40 0.807596 -0.358881 -1.316682 1.243202 0.551772 -0.740648
    41 1.789776 0.000000 0.000002 -0.000008 0.003711 0.228604
    42 1.207008 0.000007 0.000000 0.000000 0.005667 0.362991
    43 3.772911 -5.489323 -0.527648 4.034818 -0.133223 -1.641906
  time 64
    0 -0.000003 -13.531250 -29.421875 1.570788 0.000007 -0.000007
    1 0.000000 3.345131 -2.981898 1.570789 0.086301 1.570789
    2 4.015625 0.000001 0.000000 0.000000 0.000000 -0.029241
    3 3.520294 0.000014 -0.000001 0.000000 0.000000 0.100332
    4 8.929688 0.000000 0.000000 0.000000 0.000000 0.194095
    5 2.035156 0.997070 1.937500 1.596487 -1.284993 2.943127
    6 6.028151 -0.000031 0.000004 -1.557817 -0.840648 -0.852168
    7 11.692549 0.000005 0.000011 0.048188 0.191010 -1.763567
    8 11.481670 0.000049 -0.000031 1.275333 -0.565269 0.215651
    9 3.858219 -0.135628 -1.192198 -0.462168 -0.183015 -1.143494
    10 1.312561 -0.000008 0.000000 0.000000 0.054403 -0.409014
    11 0.729362 0.000004 -0.000003 -0.000002 0.040753 -0.240990
    12 3.941966 0.050857 -0.435178 -0.058906 -0.190477 -1.052198
    13 1.539095 0.000004 -0.000002 0.000000 0.003735 -0.247814
    14 1.196325 0.000000 -0.000004 -0.000001 0.006169 -0.430818
    15 3.880859 -0.043091 0.427490 -0.476760 -0.093580 -0.824965
    16 1.719580 0.000011 -0.000015 -0.039460 -0.167701 -0.315837
    17 1.209179 -0.000004 0.000000 0.312036 0.209821 -0.320126
    18 3.863477 -0.132587 1.332145 0.316553 -0.532806 -0.147542
    19 1.719426 -0.000004 0.000007 -0.008714 -0.308204 -1.257834
    20 1.099669 -0.000004 0.000000 -0.000002 0.002587 -0.283860
    21 0.807581 -0.343248 1.320585 -1.207888 -0.486177 -0.915725
    22 1.789783 0.000002 0.000006 -0.000002 -0.003712 0.228604
    23 1.207008 0.000009 -0.000002 0.068240 -0.043107 0.237799
    24 2.035156 0.997070 -1.937500 -1.667267 1.282923 2.944210
    25 6.028140 -0.000004 0.000001 1.560951 0.788758 -0.845274
    26 11.692560 0.000021 -0.000004 -0.000377 -0.068731 -1.812129
    27 11.481653 0.000064 0.000015 -1.170690 0.531330 0.160010
    28 3.854337 -0.131714 1.199996 1.185686 -0.224301 -1.641700
    29 1.312565 0.000000 -0.000002 0.122434 -0.179429 -0.573229
    30 0.729366 0.000004 0.000003 0.000000 -0.000110 -0.248950
    31 3.941984 0.050857 0.435164 -0.031435 -0.126224 -1.323235
    32 1.539099 0.000004 0.000002 -0.245474 0.386205 -0.367027
    33 1.196320 0.000008 0.000004 0.000000 -0.000162 -0.332870
    34 3.880859 -0.047028 -0.427490 0.125578 0.221647 -0.416549
    35 1.719571 0.000019 0.000015 -0.311136 -0.043741 -1.054644
    36 1.209175 0.000004 0.000003 0.172210 -0.116519 -0.543375
    37 3.863496 -0.144303 -1.324347 -0.141219 0.635538 -0.479029
    38 1.719421 -0.000008 -0.000008 -0.052815 0.006926 -0.449862
    39 1.099667 -0.000004 0.000000 0.156990 -0.328270 -0.887119
    40 0.811503 -0.358881 -1.316682 1.243202 0.551772 -0.740648
    41 1.789776 0.000000 0.000002 -0.000008 0.003711 0.228604
    42 1.207008 0.000007 0.000000 0.000000 0.005667 0.362991
    43 3.772911 -5.489323 -0.527648 4.034818 -0.133223 -1.641906
  time 65
    0 -0.000003 -13.531250 -29.421875 1.570788 0.000007 -0.000007
    1 0.000000 3.345131 -2.981898 1.570789 0.086301 1.570789
    2 4.015625 0.000001 0.000000 0.000000 0.000000 -0.029241
    3 3.520294 0.000014 -0.000001 0.000000 0.000000 0.100332
    4 8.929688 0.000000 0.000000 0.000000 0.000000 0.194095
    5 2.035156 0.997070 1.937500 1.596487 -1.284993 2.943127
    6 6.028151 -0.000031 0.000004 -1.557663 -0.841008 -0.852312
    7 11.692549 0.000005 0.000011 0.048200 0.191046 -1.763514
    8 11.481670 0.000049 -0.000031 1.275966 -0.564825 0.215388
    9 3.858219 -0.135628 -1.192198 -0.462168 -0.183015 -1.143494
    10 1.312561 -0.000008 0.000000 0.000000 0.054403 -0.409014
    11 0.729362 0.000004 -0.000003 -0.000002 0.040753 -0.240990
    12 3.938059 0.050857 -0.435178 -0.058906 -0.190477 -1.052198
    13 1.539095 0.000004 -0.000002 0.000000 0.003735 -0.247814
    14 1.196325 0.000000 -0.000004 -0.000001 0.006169 -0.430818
    15 3.880859 -0.043091 0.427490 -0.476760 -0.093580 -0.824965
    16 1.719580 0.000011 -0.000015 -0.039460 -0.167701 -0.315837
    17 1.209179 -0.000004 0.000000 0.312036 0.209821 -0.320126
    18 3.863477 -0.132587 1.332145 0.316553 -0.532806 -0.147542
    19 1.719426 -0.000004 0.000007 -0.008714 -0.308204 -1.257834
    20 1.099669 -0.000004 0.000000 -0.000002 0.002587 -0.283860
    21 0.807581 -0.343248 1.320585 -1.208380 -0.486681 -0.914702
    22 1.789783 0.000002 0.000006 -0.000002 -0.003712 0.228604
    23 1.207008 0.000009 -0.000002 0.068240 -0.043107 0.237799
    24 2.035156 0.997070 -1.937500 -1.667267 1.282923 2.944210
    25 6.028140 -0.000004 0.000001 1.561238 0.788708 -0.845081
    26 11.692560 0.000021 -0.000004 -0.000377 -0.068576 -1.812182
    27 11.481653 0.000064 0.000015 -1.170555 0.531395 0.160022
    28 3.854337 -0.127808 1.199996 1.185686 -0.224301 -1.641700
    29 1.312565 0.000000 -0.000002 0.122434 -0.179429 -0.573229
    30 0.729366 0.000004 0.000003 0.000000 -0.000110 -0.248950
    31 3.938077 0.050857 0.435164 -0.031435 -0.126224 -1.323235
    32 1.539099 0.000004 0.000002 -0.245474 0.386205 -0.367027
    33 1.196320 0.000008 0.000004 0.000000 -0.000162 -0.332870
    34 3.880859 -0.047028 -0.427490 0.125578 0.221647 -0.416549
    35 1.719571 0.000019 0.000015 -0.311136 -0.043741 -1.054644
    36 1.209175 0.000004 0.000003 0.172210 -0.116519 -0.543375
    37 3.863496 -0.144303 -1.324347 -0.141219 0.635538 -0.479029
    38 1.719421 -0.000008 -0.000008 -0.052815 0.006926 -0.449862
    39 1.099667 -0.000004 0.000000 0.156990 -0.328270 -0.887119
    40 0.807596 -0.358881 -1.312776 1.243202 0.551772 -0.740648
    41 1.789776 0.000000 0.000002 -0.000008 0.003711 0.228604
    42 1.207008 0.000007 0.000000 0.000000 0.005667 0.362991
    43 3.772911 -5.489323 -0.527648 4.034818 -0.133223 -1.641906
  time 66
    0 -0.000003 -13.531250 -29.421875 1.570788 0.000007 -0.000007
    1 0.000000 3.345131 -2.981898 1.570789 0.086301 1.570789
    2 4.015625 0.000001 0.000000 0.000000 0.000000 -0.029241
    3 3.520294 0.000014 -0.000001 0.000000 0.000000 0.100332
    4 8.929688 0.000000 0.000000 0.000000 0.000000 0.194095
    5 2.035156 0.997070 1.937500 1.596487 -1.284993 2.943127
    6 6.028151 -0.000031 0.000004 -1.557528 -0.841336 -0.852456
    7 11.692549 0.000005 0.000011 0.048212 0.191082 -1.763461
    8 11.481670 0.000049 -0.000031 1.276550 -0.564419 0.215141
    9 3.858219 -0.135628 -1.192198 -0.462168 -0.183015 -1.143494
    10 1.312561 -0.000008 0.000000 0.000000 0.054403 -0.409014
    11 0.729362 0.000004 -0.000003 -0.000002 0.040753 -0.240990
    12 3.938059 0.050857 -0.435178 -0.058906 -0.190477 -1.052198
    13 1.539095 0.000004 -0.000002 0.000000 0.003735 -0.247814
    14 1.196325 0.000000 -0.000004 -0.000001 0.006169 -0.430818
    15 3.880859 -0.043091 0.427490 -0.476760 -0.093580 -0.824965
    16 1.719580 0.000011 -0.000015 -0.039460 -0.167701 -0.315837
    17 1.209179 -0.000004 0.000000 0.312036 0.209821 -0.320126
    18 3.863477 -0.132587 1.332145 0.316553 -0.532806 -0.147542
    19 1.719426 -0.000004 0.000007 -0.008714 -0.308204 -1.257834
    20 1.099669 -0.000004 0.000000 -0.000002 0.002587 -0.283860
    21 0.807581 -0.343248 1.320585 -1.208835 -0.487136 -0.913753
    22 1.789783 0.000002 0.000006 -0.000002 -0.003712 0.228604
    23 1.207008 0.000009 -0.000002 0.068240 -0.043107 0.237799
    24 2.035156 0.997070 -1.937500 -1.667267 1.282923 2.944210
    25 6.028140 -0.000004 0.000001 1.561514 0.788683 -0.844913
    26 11.692560 0.000021 -0.000004 -0.000365 -0.068420 -1.812289
    27 11.481653 0.000064 0.000015 -1.170446 0.531461 0.160034
    28 3.854337 -0.131714 1.199996 1.185711 -0.224301 -1.641700
    29 1.312565 0.000000 -0.000002 0.122434 -0.179429 -0.573229
    30 0.729366 0.000004 0.000003 0.000000 -0.000110 -0.248950
    31 3.941984 0.050857 0.435164 -0.031435 -0.126224 -1.323235
    32 1.539099 0.000004 0.000002 -0.245474 0.386205 -0.367027
    33 1.196320 0.000008 0.000004 0.000000 -0.000162 -0.332870
    34 3.880859 -0.047028 -0.427490 0.125578 0.221647 -0.416549
    35 1.719571 0.000019 0.000015 -0.311136 -0.043741 -1.054644
    36 1.209175 0.000004 0.000003 0.172210 -0.116519 -0.543375
    37 3.863496 -0.144303 -1.324347 -0.141219 0.635538 -0.479029
    38 1.719421 -0.000008 -0.000008 -0.052815 0.006926 -0.449862
    39 1.099667 -0.000004 0.000000 0.156990 -0.328270 -0.887119
    40 0.811503 -0.358881 -1.316682 1.243202 0.551772 -0.740648
    41 1.789776 0.000000 0.000002 -0.000008 0.003711 0.228604
    42 1.207008 0.000007 0.000000 0.000000 0.005667 0.362991
    43 3.772911 -5.489323 -0.527648 4.034818 -0.133223 -1.641906
  time 67
    0 -0.000003 -13.531250 -29.421875 1.570788 0.000007 -0.000007
    1 0.000000 3.345131 -2.981898 1.570789 0.086301 1.570789
    2 4.015625 0.000001 0.000000 0.000000 0.000000 -0.029241
    3 3.520294 0.000014 -0.000001 0.000000 0.000000 0.100332
    4 8.929688 0.000000 0.000000 0.000000 0.000000 0.194095
    5 2.035156 0.997070 1.937500 1.596487 -1.284993 2.943127
    6 6.028151 -0.000031 0.000004 -1.557393 -0.841632 -0.852588
    7 11.692549 0.000005 0.000011 0.048212 0.191118 -1.763408
    8 11.481670 0.000049 -0.000031 1.277085 -0.564071 0.214928
    9 3.858219 -0.135628 -1.192198 -0.462168 -0.183015 -1.143494
    10 1.312561 -0.000008 0.000000 0.000000 0.054403 -0.409014
    11 0.729362 0.000004 -0.000003 -0.000002 0.040753 -0.240990
    12 3.941966 0.050857 -0.435178 -0.058906 -0.190477 -1.052198
    13 1.539095 0.000004 -0.000002 0.000000 0.003735 -0.247814
    14 1.196325 0.000000 -0.000004 -0.000001 0.006169 -0.430818
    15 3.880859 -0.043091 0.427490 -0.476760 -0.093580 -0.824965
    16 1.719580 0.000011 -0.000015 -0.039460 -0.167701 -0.315837
    17 1.209179 -0.000004 0.000000 0.312036 0.209821 -0.320126
    18 3.863477 -0.132587 1.332145 0.316553 -0.532806 -0.147542
    19 1.719426 -0.000004 0.000007 -0.008714 -0.308204 -1.257834
    20 1.099669 -0.000004 0.000000 -0.000002 0.002587 -0.283860
    21 0.807581 -0.343248 1.320585 -1.209255 -0.487556 -0.912893
    22 1.789783 0.000002 0.000006 -0.000002 -0.003712 0.228604
    23 1.207008 0.000009 -0.000002 0.068240 -0.043107 0.237799
    24 2.035156 0.997070 -1.937500 -1.667267 1.282923 2.944210
    25 6.028140 -0.000004 0.000001 1.561766 0.788633 -0.844744
    26 11.692560 0.000021 -0.000004 -0.000365 -0.068288 -1.812343
    27 11.481653 0.000064 0.000015 -1.170338 0.531510 0.160058
    28 3.854337 -0.127808 1.199996 1.185711 -0.224301 -1.641700
    29 1.312565 0.000000 -0.000002 0.122434 -0.179429 -0.573229
    30 0.729366 0.000004 0.000003 0.000000 -0.000110 -0.248950
    31 3.941984 0.050857 0.435164 -0.031435 -0.126224 -1.323235
    32 1.539099 0.000004 0.000002 -0.245474 0.386205 -0.367027
    33 1.196320 0.000008 0.000004 0.000000 -0.000162 -0.332870
    34 3.880859 -0.047028 -0.427490 0.125578 0.221647 -0.416549
    35 1.719571 0.000019 0.000015 -0.311136 -0.043741 -1.054644
    36 1.209175 0.000004 0.000003 0.172210 -0.116519 -0.543375
    37 3.863496 -0.144303 -1.324347 -0.141219 0.635538 -0.479029
    38 1.719421 -0.000008 -0.000008 -0.052815 0.006926 -0.449862
    39 1.099667 -0.000004 0.000000 0.156990 -0.328270 -0.887119
    40 0.807596 -0.358881 -1.312776 1.243202 0.551772 -0.740648
    41 1.789776 0.000000 0.000002 -0.000008 0.003711 0.228604
    42 1.207008 0.000007 0.000000 0.000000 0.005667 0.362991
    43 3.772911 -5.489323 -0.527648 4.034818 -0.133223 -1.641906
  time 68
    0 -0.000003 -13.531250 -29.421875 1.570788 0.000007 -0.000007
    1 0.000000 3.345131 -2.981898 1.570789 0.086301 1.570789
    2 4.015625 0.000001 0.000000 0.000000 0.000000 -0.029241
    3 3.520294 0.000014 -0.000001 0.000000 0.000000 0.100332
    4 8.929688 0.000000 0.000000 0.000000 0.000000 0.194095
    5 2.035156 0.997070 1.937500 1.596487 -1.284993 2.943127
    6 6.028151 -0.000031 0.000004 -1.557278 -0.841927 -0.852708
    7 11.692549 0.000005 0.000011 0.048224 0.191154 -1.763355
    8 11.481670 0.000049 -0.000031 1.277523 -0.563742 0.214731
    9 3.858219 -0.135628 -1.192198 -0.462168 -0.183015 -1.143494
    10 1.312561 -0.000008 0.000000 0.000000 0.054403 -0.409014
    11 0.729362 0.000004 -0.000003 -0.000002 0.040753 -0.240990
    12 3.941966 0.050857 -0.435178 -0.058906 -0.190477 -1.052198
    13 1.539095 0.000004 -0.000002 0.000000 0.003735 -0.247814
    14 1.196325 0.000000 -0.000004 -0.000001 0.006169 -0.430818
    15 3.880859 -0.043091 0.427490 -0.476760 -0.093580 -0.824965
    16 1.719580 0.000011 -0.000015 -0.039460 -0.167701 -0.315837
    17 1.209179 -0.000004 0.000000 0.312036 0.209821 -0.320126
    18 3.863477 -0.132587 1.332145 0.316553 -0.532806 -0.147542
    19 1.719426 -0.000004 0.000007 -0.008714 -0.308204 -1.257834
    20 1.099669 -0.000004 0.000000 -0.000002 0.002587 -0.283860
    21 0.807581 -0.343248 1.320585 -1.209614 -0.487927 -0.912132
    22 1.789783 0.000002 0.000006 -0.000002 -0.003712 0.228604
    23 1.207008 0.000009 -0.000002 0.068240 -0.043107 0.237799
    24 2.035156 0.997070 -1.937500 -1.667267 1.282923 2.944210
    25 6.028140 -0.000004 0.000001 1.562017 0.788608 -0.844587
    26 11.692560 0.000021 -0.000004 -0.000365 -0.068156 -1.812397
    27 11.481653 0.000064 0.000015 -1.170243 0.531559 0.160058
    28 3.854337 -0.131714 1.199996 1.185711 -0.224301 -1.641700
    29 1.312565 0.000000 -0.000002 0.122434 -0.179429 -0.573229
    30 0.729366 0.000004 0.000003 0.000000 -0.000110 -0.248950
    31 3.941984 0.050857 0.435164 -0.031435 -0.126224 -1.323235
    32 1.539099 0.000004 0.000002 -0.245474 0.386205 -0.367027
    33 1.196320 0.000008 0.000004 0.000000 -0.000162 -0.332870
    34 3.880859 -0.047028 -0.427490 0.125578 0.221647 -0.416549
    35 1.719571 0.000019 0.000015 -0.311136 -0.043741 -1.054644
    36 1.209175 0.000004 0.000003 0.172210 -0.116519 -0.543375
    37 3.863496 -0.144303 -1.324347 -0.141219 0.635538 -0.479029
    38 1.719421 -0.000008 -0.000008 -0.052815 0.006926 -0.449862
    39 1.099667 -0.000004 0.000000 0.156990 -0.328270 -0.887119
    40 0.811503 -0.358881 -1.312776 1.243202 0.551772 -0.740648
    41 1.789776 0.000000 0.000002 -0.000008 0.003711 0.228604
    42 1.207008 0.000007 0.000000 0.000000 0.005667 0.362991
    43 3.772911 -5.489323 -0.527648 4.034818 -0.133223 -1.641906
  time 69
    0 -0.000003 -13.531250 -29.421875 1.570788 0.000007 -0.000007
    1 0.000000 3.345131 -2.981898 1.570789 0.086301 1.570789
    2 4.015625 0.000001 0.000000 0.000000 0.000000 -0.029241
    3 3.520294 0.000014 -0.000001 0.000000 0.000000 0.100332
    4 8.929688 0.000000 0.000000 0.000000 0.000000 0.194095
    5 2.035156 0.997070 1.937500 1.596487 -1.284993 2.943127
    6 6.028151 -0.000031 0.000004 -1.557162 -0.842156 -0.852815
    7 11.692549 0.000005 0.000011 0.048236 0.191178 -1.763302
    8 11.481670 0.000049 -0.000031 1.277961 -0.563472 0.214567
    9 3.854313 -0.135628 -1.192198 -0.462168 -0.183015 -1.143494
    10 1.312561 -0.000008 0.000000 0.000000 0.054403 -0.409014
    11 0.729362 0.000004 -0.000003 -0.000002 0.040753 -0.240990
    12 3.938059 0.050857 -0.435178 -0.058906 -0.190477 -1.052198
    13 1.539095 0.000004 -0.000002 0.000000 0.003735 -0.247814
    14 1.196325 0.000000 -0.000004 -0.000001 0.006169 -0.430818
    15 3.880859 -0.043091 0.427490 -0.476760 -0.093580 -0.824965
    16 1.719580 0.000011 -0.000015 -0.039460 -0.167701 -0.315837
    17 1.209179 -0.000004 0.000000 0.312036 0.209821 -0.320126
    18 3.863477 -0.132587 1.332145 0.316553 -0.532806 -0.147542
    19 1.719426 -0.000004 0.000007 -0.008714 -0.308204 -1.257834
    20 1.099669 -0.000004 0.000000 -0.000002 0.002587 -0.283860
    21 0.807581 -0.343248 1.320585 -1.209938 -0.488251 -0.911471
    22 1.789783 0.000002 0.000006 -0.000002 -0.003712 0.228604
    23 1.207008 0.000009 -0.000002 0.068240 -0.043107 0.237799
    24 2.035156 0.997070 -1.937500 -1.667267 1.282923 2.944210
    25 6.028140 -0.000004 0.000001 1.562245 0.788583 -0.844443
    26 11.692560 0.000021 -0.000004 -0.000365 -0.068036 -1.812450
    27 11.481653 0.000064 0.000015 -1.170162 0.531608 0.160070
    28 3.854337 -0.127808 1.199996 1.185711 -0.224301 -1.641700
    29 1.312565 0.000000 -0.000002 0.122434 -0.179429 -0.573229
    30 0.729366 0.000004 0.000003 0.000000 -0.000110 -0.248950
    31 3.941984 0.050857 0.435164 -0.031435 -0.126224 -1.323235
    32 1.539099 0.000004 0.000002 -0.245474 0.386205 -0.367027
    33 1.196320 0.000008 0.000004 0.000000 -0.000162 -0.332870
    34 3.880859 -0.047028 -0.427490 0.125578 0.221647 -0.416549
    35 1.719571 0.000019 0.000015 -0.311136 -0.043741 -1.054644
    36 1.209175 0.000004 0.000003 0.172210 -0.116519 -0.543375
    37 3.863496 -0.144303 -1.324347 -0.141219 0.635538 -0.479029
    38 1.719421 -0.000008 -0.000008 -0.052815 0.006926 -0.449862
    39 1.099667 -0.000004 0.000000 0.156990 -0.328270 -0.887119
    40 0.811503 -0.358881 -1.312776 1.243202 0.551772 -0.740648
    41 1.789776 0.000000 0.000002 -0.000008 0.003711 0.228604
    42 1.207008 0.000007 0.000000 0.000000 0.005667 0.362991
    43 3.772911 -5.489323 -0.527648 4.034894 -0.133223 -1.641906
  time 70
    0 -0.000003 -13.531250 -29.421875 1.570788 0.000007 -0.000007
    1 0.000000 3.345131 -2.981898 1.570789 0.086301 1.570789
    2 4.015625 0.000001 0.000000 0.000000 0.000000 -0.029241
    3 3.520294 0.000014 -0.000001 0.000000 0.000000 0.100332
    4 8.929688 0.000000 0.000000 0.000000 0.000000 0.194095
    5 2.035156 0.997070 1.937500 1.596487 -1.284993 2.943127
    6 6.028151 -0.000031 0.000004 -1.557066 -0.842353 -0.852911
    7 11.692549 0.000005 0.000011 0.048248 0.191214 -1.763249
    8 11.481670 0.000049 -0.000031 1.278253 -0.563240 0.214435
    9 3.858219 -0.135628 -1.192198 -0.462168 -0.183015 -1.143494
    10 1.312561 -0.000008 0.000000 0.000000 0.054403 -0.409014
    11 0.729362 0.000004 -0.000003 -0.000002 0.040753 -0.240990
    12 3.938059 0.050857 -0.435178 -0.058906 -0.190477 -1.052198
    13 1.539095 0.000004 -0.000002 0.000000 0.003735 -0.247814
    14 1.196325 0.000000 -0.000004 -0.000001 0.006169 -0.430818
    15 3.880859 -0.043091 0.427490 -0.476760 -0.093580 -0.824965
    16 1.719580 0.000011 -0.000015 -0.039460 -0.167701 -0.315837
    17 1.209179 -0.000004 0.000000 0.312036 0.209821 -0.320126
    18 3.863477 -0.132587 1.332145 0.316553 -0.532806 -0.147542
    19 1.719426 -0.000004 0.000007 -0.008714 -0.308204 -1.257834
    20 1.099669 -0.000004 0.000000 -0.000002 0.002587 -0.283860
    21 0.807581 -0.343248 1.320585 -1.210213 -0.488514 -0.910909
    22 1.789783 0.000002 0.000006 -0.000002 -0.003712 0.228604
    23 1.207008 0.000009 -0.000002 0.068240 -0.043107 0.237799
    24 2.035156 0.997070 -1.937500 -1.667267 1.282923 2.944210
    25 6.028140 -0.000004 0.000001 1.562449 0.788558 -0.844310
    26 11.692560 0.000021 -0.000004 -0.000365 -0.067928 -1.812450
    27 11.481653 0.000064 0.000015 -1.170094 0.531640 0.160082
    28 3.854337 -0.127808 1.199996 1.185711 -0.224301 -1.641700
    29 1.312565 0.000000 -0.000002 0.122434 -0.179429 -0.573229
    30 0.729366 0.000004 0.000003 0.000000 -0.000110 -0.248950
    31 3.941984 0.050857 0.435164 -0.031435 -0.126224 -1.323235
    32 1.539099 0.000004 0.000002 -0.245474 0.386205 -0.367027
    33 1.196320 0.000008 0.000004 0.000000 -0.000162 -0.332870
    34 3.880859 -0.047028 -0.427490 0.125578 0.221647 -0.416549
    35 1.719571 0.000019 0.000015 -0.311136 -0.043741 -1.054644
    36 1.209175 0.000004 0.000003 0.172210 -0.116519 -0.543375
    37 3.863496 -0.144303 -1.324347 -0.141219 0.635538 -0.479029
    38 1.719421 -0.000008 -0.000008 -0.052815 0.006926 -0.449862
    39 1.099667 -0.000004 0.000000 0.156990 -0.328270 -0.887119
    40 0.811503 -0.358881 -1.312776 1.243202 0.551772 -0.740648
    41 1.789776 0.000000 0.000002 -0.000008 0.003711 0.228604
    42 1.207008 0.000007 0.000000 0.000000 0.005667 0.362991
    43 3.772911 -5.489323 -0.527648 4.034818 -0.133223 -1.641906
  time 71
    0 -0.000003 -13.531250 -29.421875 1.570788 0.000007 -0.000007
    1 0.000000 3.345131 -2.981898 1.570789 0.086301 1.570789
    2 4.015625 0.000001 0.000000 0.000000 0.000000 -0.029241
    3 3.520294 0.000014 -0.000001 0.000000 0.000000 0.100332
    4 8.929688 0.000000 0.000000 0.000000 0.000000 0.194095
    5 2.035156 0.997070 1.937500 1.596487 -1.284993 2.943127
    6 6.028151 -0.000031 0.000004 -1.556989 -0.842517 -0.852995
    7 11.692549 0.000005 0.000011 0.048248 0.191250 -1.763249
    8 11.481670 0.000049 -0.000031 1.278545 -0.563047 0.214320
    9 3.858219 -0.135628 -1.192198 -0.462168 -0.183015 -1.143494
    10 1.312561 -0.000008 0.000000 0.000000 0.054403 -0.409014
    11 0.729362 0.000004 -0.000003 -0.000002 0.040753 -0.240990
    12 3.938059 0.050857 -0.435178 -0.058906 -0.190477 -1.052198
    13 1.539095 0.000004 -0.000002 0.000000 0.003735 -0.247814
    14 1.196325 0.000000 -0.000004 -0.000001 0.006169 -0.430818
    15 3.880859 -0.043091 0.427490 -0.476760 -0.093580 -0.824965
    16 1.719580 0.000011 -0.000015 -0.039460 -0.167701 -0.315837
    17 1.209179 -0.000004 0.000000 0.312036 0.209821 -0.320126
    18 3.863477 -0.132587 1.332145 0.316553 -0.532806 -0.147542
    19 1.719426 -0.000004 0.000007 -0.008714 -0.308204 -1.257834
    20 1.099669 -0.000004 0.000000 -0.000002 0.002587 -0.283860
    21 0.807581 -0.343248 1.320585 -1.210441 -0.488742 -0.910448
    22 1.789783 0.000002 0.000006 -0.000002 -0.003712 0.228604
    23 1.207008 0.000009 -0.000002 0.068240 -0.043107 0.237799
    24 2.035156 0.997070 -1.937500 -1.667267 1.282923 2.944210
    25 6.028140 -0.000004 0.000001 1.562652 0.788558 -0.844190
    26 11.692560 0.000021 -0.000004 -0.000353 -0.067845 -1.812504
    27 11.481653 0.000064 0.000015 -1.170040 0.531657 0.160082
    28 3.854337 -0.131714 1.199996 1.185686 -0.224301 -1.641700
    29 1.312565 0.000000 -0.000002 0.122434 -0.179429 -0.573229
    30 0.729366 0.000004 0.000003 0.000000 -0.000110 -0.248950
    31 3.938077 0.050857 0.435164 -0.031435 -0.126224 -1.323235
    32 1.539099 0.000004 0.000002 -0.245474 0.386205 -0.367027
    33 1.196320 0.000008 0.000004 0.000000 -0.000162 -0.332870
    34 3.880859 -0.047028 -0.427490 0.125578 0.221647 -0.416549
    35 1.719571 0.000019 0.000015 -0.311136 -0.043741 -1.054644
    36 1.209175 0.000004 0.000003 0.172210 -0.116519 -0.543375
    37 3.863496 -0.144303 -1.324347 -0.141219 0.635538 -0.479029
    38 1.719421 -0.000008 -0.000008 -0.052815 0.006926 -0.449862
    39 1.099667 -0.000004 0.000000 0.156990 -0.328270 -0.887119
    40 0.807596 -0.358881 -1.316682 1.243202 0.551772 -0.740648
    41 1.789776 0.000000 0.000002 -0.000008 0.003711 0.228604
    42 1.207008 0.000007 0.000000 0.000000 0.005667 0.362991
    43 3.772911 -5.489323 -0.527648 4.034818 -0.133223 -1.641906
  time 72
    0 -0.000003 -13.531250 -29.421875 1.570788 0.000007 -0.000007
    1 0.000000 3.345131 -2.981898 1.570789 0.086301 1.570789
    2 4.015625 0.000001 0.000000 0.000000 0.000000 -0.029241
    3 3.520294 0.000014 -0.000001 0.000000 0.000000 0.100332
    4 8.929688 0.000000 0.000000 0.000000 0.000000 0.194095
    5 2.035156 0.997070 1.937500 1.596487 -1.284993 2.943127
    6 6.028151 -0.000031 0.000004 -1.556911 -0.842616 -0.853067
    7 11.692549 0.000005 0.000011 0.048260 0.191274 -1.763196
    8 11.481670 0.000049 -0.000031 1.278740 -0.562911 0.214238
    9 3.858219 -0.135628 -1.192198 -0.462168 -0.183015 -1.143494
    10 1.312561 -0.000008 0.000000 0.000000 0.054403 -0.409014
    11 0.729362 0.000004 -0.000003 -0.000002 0.040753 -0.240990
    12 3.938059 0.050857 -0.435178 -0.058906 -0.190477 -1.052198
    13 1.539095 0.000004 -0.000002 0.000000 0.003735 -0.247814
    14 1.196325 0.000000 -0.000004 -0.000001 0.006169 -0.430818
    15 3.880859 -0.043091 0.427490 -0.476760 -0.093580 -0.824965
    16 1.719580 0.000011 -0.000015 -0.039460 -0.167701 -0.315837
    17 1.209179 -0.000004 0.000000 0.312036 0.209821 -0.320126
    18 3.863477 -0.132587 1.332145 0.316553 -0.532806 -0.147542
    19 1.719426 -0.000004 0.000007 -0.008714 -0.308204 -1.257834
    20 1.099669 -0.000004 0.000000 -0.000002 0.002587 -0.283860
    21 0.807581 -0.343248 1.320585 -1.210621 -0.488922 -0.910086
    22 1.789783 0.000002 0.000006 -0.000002 -0.003712 0.228604
    23 1.207008 0.000009 -0.000002 0.068240 -0.043107 0.237799
    24 2.035156 0.997070 -1.937500 -1.667267 1.282923 2.944210
    25 6.028140 -0.000004 0.000001 1.562832 0.788533 -0.844069
    26 11.692560 0.000021 -0.000004 -0.000353 -0.067761 -1.812504
    27 11.481653 0.000064 0.000015 -1.170000 0.531690 0.160093
    28 3.854337 -0.127808 1.199996 1.185686 -0.224301 -1.641700
    29 1.312565 0.000000 -0.000002 0.122434 -0.179429 -0.573229
    30 0.729366 0.000004 0.000003 0.000000 -0.000110 -0.248950
    31 3.941984 0.050857 0.435164 -0.031435 -0.126224 -1.323235
    32 1.539099 0.000004 0.000002 -0.245474 0.386205 -0.367027
    33 1.196320 0.000008 0.000004 0.000000 -0.000162 -0.332870
    34 3.880859 -0.047028 -0.427490 0.125578 0.221647 -0.416549
    35 1.719571 0.000019 0.000015 -0.311136 -0.043741 -1.054644
    36 1.209175 0.000004 0.000003 0.172210 -0.116519 -0.543375
    37 3.863496 -0.144303 -1.324347 -0.141219 0.635538 -0.479029
    38 1.719421 -0.000008 -0.000008 -0.052815 0.006926 -0.449862
    39 1.099667 -0.000004 0.000000 0.156990 -0.328270 -0.887119
    40 0.811503 -0.358881 -1.312776 1.243202 0.551772 -0.740648
    41 1.789776 0.000000 0.000002 -0.000008 0.003711 0.228604
    42 1.207008 0.000007 0.000000 0.000000 0.005667 0.362991
    43 3.772911 -5.489323 -0.527648 4.034818 -0.133223 -1.641906
  time 73
    0 -0.000003 -13.531250 -29.421875 1.570788 0.000007 -0.000007
    1 0.000000 3.345131 -2.981898 1.570789 0.086301 1.570789
    2 4.015625 0.000001 0.000000 0.000000 0.000000 -0.029241
    3 3.520294 0.000014 -0.000001 0.000000 0.000000 0.100332
    4 8.929688 0.000000 0.000000 0.000000 0.000000 0.194095
    5 2.035156 0.997070 1.937500 1.596487 -1.284993 2.943127
    6 6.028151 -0.000031 0.000004 -1.556854 -0.842714 -0.853127
    7 11.692549 0.000005 0.000011 0.048260 0.191310 -1.763143
    8 11.481670 0.000049 -0.000031 1.278886 -0.562795 0.214173
    9 3.858219 -0.135628 -1.192198 -0.462168 -0.183015 -1.143494
    10 1.312561 -0.000008 0.000000 0.000000 0.054403 -0.409014
    11 0.729362 0.000004 -0.000003 -0.000002 0.040753 -0.240990
    12 3.938059 0.050857 -0.435178 -0.058906 -0.190477 -1.052198
    13 1.539095 0.000004 -0.000002 0.000000 0.003735 -0.247814
    14 1.196325 0.000000 -0.000004 -0.000001 0.006169 -0.430818
    15 3.880859 -0.043091 0.427490 -0.476760 -0.093580 -0.824965
    16 1.719580 0.000011 -0.000015 -0.039460 -0.167701 -0.315837
    17 1.209179 -0.000004 0.000000 0.312036 0.209821 -0.320126
    18 3.863477 -0.132587 1.332145 0.316553 -0.532806 -0.147542
    19 1.719426 -0.000004 0.000007 -0.008714 -0.308204 -1.257834
    20 1.099669 -0.000004 0.000000 -0.000002 0.002587 -0.283860
    21 0.807581 -0.343248 1.320585 -1.210741 -0.489042 -0.909824
    22 1.789783 0.000002 0.000006 -0.000002 -0.003712 0.228604
    23 1.207008 0.000009 -0.000002 0.068240 -0.043107 0.237799
    24 2.035156 0.997070 -1.937500 -1.667267 1.282923 2.944210
    25 6.028140 -0.000004 0.000001 1.562988 0.788533 -0.843973
    26 11.692560 0.000021 -0.000004 -0.000353 -0.067689 -1.812557
    27 11.481653 0.000064 0.000015 -1.169972 0.531706 0.160093
    28 3.854337 -0.131714 1.199996 1.185686 -0.224301 -1.641700
    29 1.312565 0.000000 -0.000002 0.122434 -0.179429 -0.573229
    30 0.729366 0.000004 0.000003 0.000000 -0.000110 -0.248950
    31 3.938077 0.050857 0.435164 -0.031435 -0.126224 -1.323235
    32 1.539099 0.000004 0.000002 -0.245474 0.386205 -0.367027
    33 1.196320 0.000008 0.000004 0.000000 -0.000162 -0.332870
    34 3.880859 -0.047028 -0.427490 0.125578 0.221647 -0.416549
    35 1.719571 0.000019 0.000015 -0.311136 -0.043741 -1.054644
    36 1.209175 0.000004 0.000003 0.172210 -0.116519 -0.543375
    37 3.863496 -0.144303 -1.324347 -0.141219 0.635538 -0.479029
    38 1.719421 -0.000008 -0.000008 -0.052815 0.006926 -0.449862
    39 1.099667 -0.000004 0.000000 0.156990 -0.328270 -0.887119
    40 0.807596 -0.358881 -1.312776 1.243202 0.551772 -0.740648
    41 1.789776 0.000000 0.000002 -0.000008 0.003711 0.228604
    42 1.207008 0.000007 0.000000 0.000000 0.005667 0.362991
    43 3.772911 -5.489323 -0.527648 4.034818 -0.133223 -1.641906
  time 74
    0 -0.000003 -13.531250 -29.421875 1.570788 0.000007 -0.000007
    1 0.000000 3.345131 -2.981898 1.570789 0.086301 1.570789
    2 4.015625 0.000001 0.000000 0.000000 0.000000 -0.029241
    3 3.520294 0.000014 -0.000001 0.000000 0.000000 0.100332
    4 8.929688 0.000000 0.000000 0.000000 0.000000 0.194095
    5 2.035156 0.997070 1.937500 1.596487 -1.284993 2.943127
    6 6.028151 -0.000031 0.000004 -1.556815 -0.842780 -0.853187
    7 11.692549 0.000005 0.000011 0.048272 0.191334 -1.763090
    8 11.481670 0.000049 -0.000031 1.278983 -0.562737 0.214140
    9 3.858219 -0.135628 -1.192198 -0.462168 -0.183015 -1.143494
    10 1.312561 -0.000008 0.000000 0.000000 0.054403 -0.409014
    11 0.729362 0.000004 -0.000003 -0.000002 0.040753 -0.240990
    12 3.938059 0.050857 -0.435178 -0.058906 -0.190477 -1.052198
    13 1.539095 0.000004 -0.000002 0.000000 0.003735 -0.247814
    14 1.196325 0.000000 -0.000004 -0.000001 0.006169 -0.430818
    15 3.880859 -0.043091 0.427490 -0.476760 -0.093580 -0.824965
    16 1.719580 0.000011 -0.000015 -0.039460 -0.167701 -0.315837
    17 1.209179 -0.000004 0.000000 0.312036 0.209821 -0.320126
    18 3.863477 -0.132587 1.332145 0.316553 -0.532806 -0.147542
    19 1.719426 -0.000004 0.000007 -0.008714 -0.308204 -1.257834
    20 1.099669 -0.000004 0.000000 -0.000002 0.002587 -0.283860
    21 0.807581 -0.343248 1.320585 -1.210813 -0.489114 -0.909674
    22 1.789783 0.000002 0.000006 -0.000002 -0.003712 0.228604
    23 1.207008 0.000009 -0.000002 0.068240 -0.043107 0.237799
    24 2.035156 0.997070 -1.937500 -1.667267 1.282923 2.944210
    25 6.028140 -0.000004 0.000001 1.563132 0.788533 -0.843889
    26 11.692560 0.000021 -0.000004 -0.000353 -0.067641 -1.812557
    27 11.481653 0.000064 0.000015 -1.169945 0.531706 0.160093
    28 3.854337 -0.127808 1.199996 1.185711 -0.224301 -1.641700
    29 1.312565 0.000000 -0.000002 0.122434 -0.179429 -0.573229
    30 0.729366 0.000004 0.000003 0.000000 -0.000110 -0.248950
    31 3.938077 0.050857 0.435164 -0.031435 -0.126224 -1.323235
    32 1.539099 0.000004 0.000002 -0.245474 0.386205 -0.367027
    33 1.196320 0.000008 0.000004 0.000000 -0.000162 -0.332870
    34 3.880859 -0.047028 -0.427490 0.125578 0.221647 -0.416549
    35 1.719571 0.000019 0.000015 -0.311136 -0.043741 -1.054644
    36 1.209175 0.000004 0.000003 0.172210 -0.116519 -0.543375
    37 3.863496 -0.144303 -1.324347 -0.141219 0.635538 -0.479029
    38 1.719421 -0.000008 -0.000008 -0.052815 0.006926 -0.449862
    39 1.099667 -0.000004 0.000000 0.156990 -0.328270 -0.887119
    40 0.807596 -0.358881 -1.316682 1.243202 0.551772 -0.740648
    41 1.789776 0.000000 0.000002 -0.000008 0.003711 0.228604
    42 1.207008 0.000007 0.000000 0.000000 0.005667 0.362991
    43 3.772911 -5.489323 -0.527648 4.034818 -0.133223 -1.641906
  time 75
    0 -0.000003 -13.531250 -29.421875 1.570788 0.000007 -0.000007
    1 0.000000 3.345131 -2.981898 1.570789 0.086301 1.570789
    2 4.015625 0.000001 0.000000 0.000000 0.000000 -0.029241
    3 3.520294 0.000014 -0.000001 0.000000 0.000000 0.100332
    4 8.929688 0.000000 0.000000 0.000000 0.000000 0.194095
    5 2.035156 0.997070 1.937500 1.596487 -1.284993 2.943127
    6 6.028151 -0.000031 0.000004 -1.556777 -0.842780 -0.853223
    7 11.692549 0.000005 0.000011 0.048272 0.191358 -1.763090
    8 11.481670 0.000049 -0.000031 1.279032 -0.562718 0.214123
    9 3.858219 -0.135628 -1.192198 -0.462168 -0.183015 -1.143494
    10 1.312561 -0.000008 0.000000 0.000000 0.054403 -0.409014
    11 0.729362 0.000004 -0.000003 -0.000002 0.040753 -0.240990
    12 3.938059 0.050857 -0.435178 -0.058906 -0.190477 -1.052198
    13 1.539095 0.000004 -0.000002 0.000000 0.003735 -0.247814
    14 1.196325 0.000000 -0.000004 -0.000001 0.006169 -0.430818
    15 3.880859 -0.043091 0.427490 -0.476760 -0.093580 -0.824965
    16 1.719580 0.000011 -0.000015 -0.039460 -0.167701 -0.315837
    17 1.209179 -0.000004 0.000000 0.312036 0.209821 -0.320126
    18 3.863477 -0.132587 1.332145 0.316553 -0.532806 -0.147542
    19 1.719426 -0.000004 0.000007 -0.008714 -0.308204 -1.257834
    20 1.099669 -0.000004 0.000000 -0.000002 0.002587 -0.283860
    21 0.807581 -0.343248 1.320585 -1.210837 -0.489138 -0.909624
    22 1.789783 0.000002 0.000006 -0.000002 -0.003712 0.228604
    23 1.207008 0.000009 -0.000002 0.068240 -0.043107 0.237799
    24 2.035156 0.997070 -1.937500 -1.667267 1.282923 2.944210
    25 6.028140 -0.000004 0.000001 1.563264 0.788533 -0.843816
    26 11.692560 0.000021 -0.000004 -0.000353 -0.067593 -1.812557
    27 11.481653 0.000064 0.000015 -1.169945 0.531706 0.160093
    28 3.854337 -0.131714 1.199996 1.185711 -0.224301 -1.641700
    29 1.312565 0.000000 -0.000002 0.122434 -0.179429 -0.573229
    30 0.729366 0.000004 0.000003 0.000000 -0.000110 -0.248950
    31 3.941984 0.050857 0.435164 -0.031435 -0.126224 -1.323235
    32 1.539099 0.000004 0.000002 -0.245474 0.386205 -0.367027
    33 1.196320 0.000008 0.000004 0.000000 -0.000162 -0.332870
    34 3.880859 -0.047028 -0.427490 0.125578 0.221647 -0.416549
    35 1.719571 0.000019 0.000015 -0.311136 -0.043741 -1.054644
    36 1.209175 0.000004 0.000003 0.172210 -0.116519 -0.543375
    37 3.863496 -0.144303 -1.324347 -0.141219 0.635538 -0.479029
    38 1.719421 -0.000008 -0.000008 -0.052815 0.006926 -0.449862
    39 1.099667 -0.000004 0.000000 0.156990 -0.328270 -0.887119
    40 0.811503 -0.358881 -1.312776 1.243202 0.551772 -0.740648
    41 1.789776 0.000000 0.000002 -0.000008 0.003711 0.228604
    42 1.207008 0.000007 0.000000 0.000000 0.005667 0.362991
    43 3.772911 -5.489323 -0.527648 4.034818 -0.133223 -1.641906
  time 76
    0 -0.000003 -13.531250 -29.421875 1.570788 0.000007 -0.000007
    1 0.000000 3.345131 -2.981898 1.570789 0.086301 1.570789
    2 4.015625 0.000001 0.000000 0.000000 0.000000 -0.029241
    3 3.520294 0.000014 -0.000001 0.000000 0.000000 0.100332
    4 8.929688 0.000000 0.000000 0.000000 0.000000 0.194095
    5 2.035156 0.997070 1.937500 1.596487 -1.284993 2.943127
    6 6.028151 -0.000031 0.000004 -1.556757 -0.842780 -0.853247
    7 11.692549 0.000005 0.000011 0.048284 0.191394 -1.763037
    8 11.481670 0.000049 -0.000031 1.278983 -0.562737 0.214140
    9 3.858219 -0.135628 -1.192198 -0.462168 -0.183015 -1.143494
    10 1.312561 -0.000008 0.000000 0.000000 0.054403 -0.409014
    11 0.729362 0.000004 -0.000003 -0.000002 0.040753 -0.240990
    12 3.938059 0.050857 -0.435178 -0.058906 -0.190477 -1.052198
    13 1.539095 0.000004 -0.000002 0.000000 0.003735 -0.247814
    14 1.196325 0.000000 -0.000004 -0.000001 0.006169 -0.430818
    15 3.880859 -0.043091 0.427490 -0.476760 -0.093580 -0.824965
    16 1.719580 0.000011 -0.000015 -0.039460 -0.167701 -0.315837
    17 1.209179 -0.000004 0.000000 0.312036 0.209821 -0.320126
    18 3.863477 -0.132587 1.332145 0.316553 -0.532806 -0.147542
    19 1.719426 -0.000004 0.000007 -0.008714 -0.308204 -1.257834
    20 1.099669 -0.000004 0.000000 -0.000002 0.002587 -0.283860
    21 0.807581 -0.343248 1.320585 -1.210825 -0.489126 -0.909649
    22 1.789783 0.000002 0.000006 -0.000002 -0.003712 0.228604
    23 1.207008 0.000009 -0.000002 0.068240 -0.043107 0.237799
    24 2.035156 0.997070 -1.937500 -1.667267 1.282923 2.944210
    25 6.028140 -0.000004 0.000001 1.563372 0.788558 -0.843744
    26 11.692560 0.000021 -0.000004 -0.000353 -0.067557 -1.812557
    27 11.481653 0.000064 0.000015 -1.169959 0.531690 0.160093
    28 3.854337 -0.131714 1.199996 1.185711 -0.224301 -1.641700
    29 1.312565 0.000000 -0.000002 0.122434 -0.179429 -0.573229
    30 0.729366 0.000004 0.000003 0.000000 -0.000110 -0.248950
    31 3.938077 0.050857 0.435164 -0.031435 -0.126224 -1.323235
    32 1.539099 0.000004 0.000002 -0.245474 0.386205 -0.367027
    33 1.196320 0.000008 0.000004 0.000000 -0.000162 -0.332870
    34 3.880859 -0.047028 -0.427490 0.125578 0.221647 -0.416549
    35 1.719571 0.000019 0.000015 -0.311136 -0.043741 -1.054644
    36 1.209175 0.000004 0.000003 0.172210 -0.116519 -0.543375
    37 3.863496 -0.144303 -1.324347 -0.141219 0.635538 -0.479029
    38 1.719421 -0.000008 -0.000008 -0.052815 0.006926 -0.449862
    39 1.099667 -0.000004 0.000000 0.156990 -0.328270 -0.887119
    40 0.811503 -0.358881 -1.312776 1.243202 0.551772 -0.740648
    41 1.789776 0.000000 0.000002 -0.000008 0.003711 0.228604
    42 1.207008 0.000007 0.000000 0.000000 0.005667 0.362991
    43 3.772911 -5.489323 -0.527648 4.034818 -0.133223 -1.641906
  time 77
    0 -0.000003 -13.531250 -29.421875 1.570788 0.000007 -0.000007
    1 0.000000 3.345131 -2.981898 1.570789 0.086301 1.570789
    2 4.015625 0.000001 0.000000 0.000000 0.000000 -0.029241
    3 3.520294 0.000014 -0.000001 0.000000 0.000000 0.100332
    4 8.929688 0.000000 0.000000 0.000000 0.000000 0.194095
    5 2.035156 0.997070 1.937500 1.596487 -1.284993 2.943127
    6 6.028151 -0.000031 0.000004 -1.556738 -0.842747 -0.853283
    7 11.692549 0.000005 0.000011 0.048284 0.191418 -1.762984
    8 11.481670 0.000049 -0.000031 1.278837 -0.562815 0.214189
    9 3.858219 -0.135628 -1.192198 -0.462168 -0.183015 -1.143494
    10 1.312561 -0.000008 0.000000 0.000000 0.054403 -0.409014
    11 0.729362 0.000004 -0.000003 -0.000002 0.040753 -0.240990
    12 3.938059 0.050857 -0.435178 -0.058906 -0.190477 -1.052198
    13 1.539095 0.000004 -0.000002 0.000000 0.003735 -0.247814
    14 1.196325 0.000000 -0.000004 -0.000001 0.006169 -0.430818
    15 3.880859 -0.043091 0.427490 -0.476760 -0.093580 -0.824965
    16 1.719580 0.000011 -0.000015 -0.039460 -0.167701 -0.315837
    17 1.209179 -0.000004 0.000000 0.312036 0.209821 -0.320126
    18 3.863477 -0.132587 1.332145 0.316553 -0.532806 -0.147542
    19 1.719426 -0.000004 0.000007 -0.008714 -0.308204 -1.257834
    20 1.099669 -0.000004 0.000000 -0.000002 0.002587 -0.283860
    21 0.807581 -0.343248 1.320585 -1.210789 -0.489090 -0.909737
    22 1.789783 0.000002 0.000006 -0.000002 -0.003712 0.228604
    23 1.207008 0.000009 -0.000002 0.068240 -0.043107 0.237799
    24 2.035156 0.997070 -1.937500 -1.667267 1.282923 2.944210
    25 6.028140 -0.000004 0.000001 1.563491 0.788583 -0.843684
    26 11.692560 0.000021 -0.000004 -0.000353 -0.067521 -1.812557
    27 11.481653 0.000064 0.000015 -1.170000 0.531657 0.160082
    28 3.854337 -0.131714 1.199996 1.185711 -0.224301 -1.641700
    29 1.312565 0.000000 -0.000002 0.122434 -0.179429 -0.573229
    30 0.729366 0.000004 0.000003 0.000000 -0.000110 -0.248950
    31 3.941984 0.050857 0.435164 -0.031435 -0.126224 -1.323235
    32 1.539099 0.000004 0.000002 -0.245474 0.386205 -0.367027
    33 1.196320 0.000008 0.000004 0.000000 -0.000162 -0.332870
    34 3.880859 -0.047028 -0.427490 0.125578 0.221647 -0.416549
    35 1.719571 0.000019 0.000015 -0.311136 -0.043741 -1.054644
    36 1.209175 0.000004 0.000003 0.172210 -0.116519 -0.543375
    37 3.863496 -0.144303 -1.324347 -0.141219 0.635538 -0.479029
    38 1.719421 -0.000008 -0.000008 -0.052815 0.006926 -0.449862
    39 1.099667 -0.000004 0.000000 0.156990 -0.328270 -0.887119
    40 0.807596 -0.358881 -1.312776 1.243202 0.551772 -0.740648
    41 1.789776 0.000000 0.000002 -0.000008 0.003711 0.228604
    42 1.207008 0.000007 0.000000 0.000000 0.005667 0.362991
    43 3.772911 -5.489323 -0.527648 4.034818 -0.133223 -1.641906
  time 78
    0 -0.000003 -13.531250 -29.421875 1.570788 0.000007 -0.000007
    1 0.000000 3.345131 -2.981898 1.570789 0.086301 1.570789
    2 4.015625 0.000001 0.000000 0.000000 0.000000 -0.029241
    3 3.520294 0.000014 -0.000001 0.000000 0.000000 0.100332
    4 8.929688 0.000000 0.000000 0.000000 0.000000 0.194095
    5 2.035156 0.997070 1.937500 1.596487 -1.284993 2.943127
    6 6.028151 -0.000031 0.000004 -1.556699 -0.842714 -0.853319
    7 11.692549 0.000005 0.000011 0.048296 0.191454 -1.762984
    8 11.481670 0.000049 -0.000031 1.278642 -0.562911 0.214271
    9 3.858219 -0.135628 -1.192198 -0.462168 -0.183015 -1.143494
    10 1.312561 -0.000008 0.000000 0.000000 0.054403 -0.409014
    11 0.729362 0.000004 -0.000003 -0.000002 0.040753 -0.240990
    12 3.938059 0.050857 -0.435178 -0.058906 -0.190477 -1.052198
    13 1.539095 0.000004 -0.000002 0.000000 0.003735 -0.247814
    14 1.196325 0.000000 -0.000004 -0.000001 0.006169 -0.430818
    15 3.880859 -0.043091 0.427490 -0.476760 -0.093580 -0.824965
    16 1.719580 0.000011 -0.000015 -0.039460 -0.167701 -0.315837
    17 1.209179 -0.000004 0.000000 0.312036 0.209821 -0.320126
    18 3.867384 -0.132587 1.332145 0.316553 -0.532806 -0.147542
    19 1.719426 -0.000004 0.000007 -0.008714 -0.308204 -1.257834
    20 1.099669 -0.000004 0.000000 -0.000002 0.002587 -0.283860
    21 0.807581 -0.343248 1.320585 -1.210717 -0.489018 -0.909886
    22 1.789783 0.000002 0.000006 -0.000002 -0.003712 0.228604
    23 1.207008 0.000009 -0.000002 0.068240 -0.043107 0.237799
    24 2.035156 0.997070 -1.937500 -1.667267 1.282923 2.944210
    25 6.028140 -0.000004 0.000001 1.563587 0.788608 -0.843624
    26 11.692560 0.000021 -0.000004 -0.000353 -0.067497 -1.812557
    27 11.481653 0.000064 0.000015 -1.170067 0.531608 0.160058
    28 3.854337 -0.127808 1.199996 1.185711 -0.224301 -1.641700
    29 1.312565 0.000000 -0.000002 0.122434 -0.179429 -0.573229
    30 0.729366 0.000004 0.000003 0.000000 -0.000110 -0.248950
    31 3.941984 0.050857 0.435164 -0.031435 -0.126224 -1.323235
    32 1.539099 0.000004 0.000002 -0.245474 0.386205 -0.367027
    33 1.196320 0.000008 0.000004 0.000000 -0.000162 -0.332870
    34 3.880859 -0.047028 -0.427490 0.125578 0.221647 -0.416549
    35 1.719571 0.000019 0.000015 -0.311136 -0.043741 -1.054644
    36 1.209175 0.000004 0.000003 0.172210 -0.116519 -0.543375
    37 3.863496 -0.144303 -1.324347 -0.141219 0.635538 -0.479029
    38 1.719421 -0.000008 -0.000008 -0.052815 0.006926 -0.449862
    39 1.099667 -0.000004 0.000000 0.156990 -0.328270 -0.887119
    40 0.811503 -0.358881 -1.312776 1.243202 0.551772 -0.740648
    41 1.789776 0.000000 0.000002 -0.000008 0.003711 0.228604
    42 1.207008 0.000007 0.000000 0.000000 0.005667 0.362991
    43 3.772911 -5.489323 -0.527648 4.034818 -0.133223 -1.641906
  time 79
    0 -0.000003 -13.531250 -29.421875 1.570788 0.000007 -0.000007
    1 0.000000 3.345131 -2.981898 1.570789 0.086301 1.570789
    2 4.015625 0.000001 0.000000 0.000000 0.000000 -0.029241
    3 3.520294 0.000014 -0.000001 0.000000 0.000000 0.100332
    4 8.929688 0.000000 0.000000 0.000000 0.000000 0.194095
    5 2.035156 0.997070 1.937500 1.596487 -1.284993 2.943127
    6 6.028151 -0.000031 0.000004 -1.556661 -0.842681 -0.853343
    7 11.692549 0.000005 0.000011 0.048308 0.191478 -1.762931
    8 11.481670 0.000049 -0.000031 1.278350 -0.563066 0.214386
    9 3.858219 -0.135628 -1.192198 -0.462168 -0.183015 -1.143494
    10 1.312561 -0.000008 0.000000 0.000000 0.054403 -0.409014
    11 0.729362 0.000004 -0.000003 -0.000002 0.040753 -0.240990
    12 3.941966 0.050857 -0.435178 -0.058906 -0.190477 -1.052198
    13 1.539095 0.000004 -0.000002 0.000000 0.003735 -0.247814
    14 1.196325 0.000000 -0.000004 -0.000001 0.006169 -0.430818
    15 3.880859 -0.043091 0.427490 -0.476760 -0.093580 -0.824965
    16 1.719580 0.000011 -0.000015 -0.039460 -0.167701 -0.315837
    17 1.209179 -0.000004 0.000000 0.312036 0.209821 -0.320126
    18 3.863477 -0.132587 1.332145 0.316553 -0.532806 -0.147542
    19 1.719426 -0.000004 0.000007 -0.008714 -0.308204 -1.257834
    20 1.099669 -0.000004 0.000000 -0.000002 0.002587 -0.283860
    21 0.807581 -0.343248 1.320585 -1.210609 -0.488910 -0.910098
    22 1.789783 0.000002 0.000006 -0.000002 -0.003712 0.228604
    23 1.207008 0.000009 -0.000002 0.068240 -0.043107 0.237799
    24 2.035156 0.997070 -1.937500 -1.667267 1.282923 2.944210
    25 6.028140 -0.000004 0.000001 1.563695 0.788633 -0.843576
    26 11.692560 0.000021 -0.000004 -0.000353 -0.067461 -1.812557
    27 11.481653 0.000064 0.000015 -1.170176 0.531526 0.160034
    28 3.854337 -0.127808 1.199996 1.185686 -0.224301 -1.641700
    29 1.312565 0.000000 -0.000002 0.122434 -0.179429 -0.573229
    30 0.729366 0.000004 0.000003 0.000000 -0.000110 -0.248950
    31 3.941984 0.050857 0.435164 -0.031435 -0.126224 -1.323235
    32 1.539099 0.000004 0.000002 -0.245474 0.386205 -0.367027
    33 1.196320 0.000008 0.000004 0.000000 -0.000162 -0.332870
    34 3.880859 -0.047028 -0.427490 0.125578 0.221647 -0.416549
    35 1.719571 0.000019 0.000015 -0.311136 -0.043741 -1.054644
    36 1.209175 0.000004 0.000003 0.172210 -0.116519 -0.543375
    37 3.863496 -0.144303 -1.324347 -0.141219 0.635538 -0.479029
    38 1.719421 -0.000008 -0.000008 -0.052815 0.006926 -0.449862
    39 1.099667 -0.000004 0.000000 0.156990 -0.328270 -0.887119
    40 0.811503 -0.358881 -1.312776 1.243202 0.551772 -0.740648
    41 1.789776 0.000000 0.000002 -0.000008 0.003711 0.228604
    42 1.207008 0.000007 0.000000 0.000000 0.005667 0.362991
    43 3.772911 -5.489323 -0.527648 4.034818 -0.133223 -1.641906
  time 80
    0 -0.000003 -13.531250 -29.421875 1.570788 0.000007 -0.000007
    1 0.000000 3.345131 -2.981898 1.570789 0.086301 1.570789
    2 4.015625 0.000001 0.000000 0.000000 0.000000 -0.029241
    3 3.520294 0.000014 -0.000001 0.000000 0.000000 0.100332
    4 8.929688 0.000000 0.000000 0.000000 0.000000 0.194095
    5 2.035156 0.997070 1.937500 1.596487 -1.284993 2.943127
    6 6.028151 -0.000031 0.000004 -1.556642 -0.842649 -0.853379
    7 11.692549 0.000005 0.000011 0.048308 0.191514 -1.762878
    8 11.481670 0.000049 -0.000031 1.277961 -0.563279 0.214534
    9 3.858219 -0.135628 -1.192198 -0.462168 -0.183015 -1.143494
    10 1.312561 -0.000008 0.000000 0.000000 0.054403 -0.409014
    11 0.729362 0.000004 -0.000003 -0.000002 0.040753 -0.240990
    12 3.938059 0.050857 -0.435178 -0.058906 -0.190477 -1.052198
    13 1.539095 0.000004 -0.000002 0.000000 0.003735 -0.247814
    14 1.196325 0.000000 -0.000004 -0.000001 0.006169 -0.430818
    15 3.880859 -0.043091 0.427490 -0.476760 -0.093580 -0.824965
    16 1.719580 0.000011 -0.000015 -0.039460 -0.167701 -0.315837
    17 1.209179 -0.000004 0.000000 0.312036 0.209821 -0.320126
    18 3.863477 -0.132587 1.332145 0.316553 -0.532806 -0.147542
    19 1.719426 -0.000004 0.000007 -0.008714 -0.308204 -1.257834
    20 1.099669 -0.000004 0.000000 -0.000002 0.002587 -0.283860
    21 0.807581 -0.343248 1.320585 -1.210477 -0.488778 -0.910360
    22 1.789783 0.000002 0.000006 -0.000002 -0.003712 0.228604
    23 1.207008 0.000009 -0.000002 0.068240 -0.043107 0.237799
    24 2.035156 0.997070 -1.937500 -1.667267 1.282923 2.944210
    25 6.028140 -0.000004 0.000001 1.563779 0.788683 -0.843515
    26 11.692560 0.000021 -0.000004 -0.000353 -0.067425 -1.812557
    27 11.481653 0.000064 0.000015 -1.170311 0.531412 0.159986
    28 3.854337 -0.127808 1.199996 1.185711 -0.224301 -1.641700
    29 1.312565 0.000000 -0.000002 0.122434 -0.179429 -0.573229
    30 0.729366 0.000004 0.000003 0.000000 -0.000110 -0.248950
    31 3.941984 0.050857 0.435164 -0.031435 -0.126224 -1.323235
    32 1.539099 0.000004 0.000002 -0.245474 0.386205 -0.367027
    33 1.196320 0.000008 0.000004 0.000000 -0.000162 -0.332870
    34 3.880859 -0.047028 -0.427490 0.125578 0.221647 -0.416549
    35 1.719571 0.000019 0.000015 -0.311136 -0.043741 -1.054644
    36 1.209175 0.000004 0.000003 0.172210 -0.116519 -0.543375
    37 3.863496 -0.144303 -1.324347 -0.141219 0.635538 -0.479029
    38 1.719421 -0.000008 -0.000008 -0.052815 0.006926 -0.449862
    39 1.099667 -0.000004 0.000000 0.156990 -0.328270 -0.887119
    40 0.811503 -0.358881 -1.312776 1.243202 0.551772 -0.740648
    41 1.789776 0.000000 0.000002 -0.000008 0.003711 0.228604
    42 1.207008 0.000007 0.000000 0.000000 0.005667 0.362991
    43 3.772911 -5.489323 -0.527648 4.034818 -0.133223 -1.641906
  time 81
    0 -0.000003 -13.531250 -29.421875 1.570788 0.000007 -0.000007
    1 0.000000 3.345131 -2.981898 1.570789 0.086301 1.570789
    2 4.015625 0.000001 0.000000 0.000000 0.000000 -0.029241
    3 3.520294 0.000014 -0.000001 0.000000 0.000000 0.100332
    4 8.929688 0.000000 0.000000 0.000000 0.000000 0.194095
    5 2.035156 0.997070 1.937500 1.596487 -1.284993 2.943127
    6 6.028151 -0.000031 0.000004 -1.556603 -0.842616 -0.853403
    7 11.692549 0.000005 0.000011 0.048320 0.191550 -1.762825
    8 11.481670 0.000049 -0.000031 1.277474 -0.563530 0.214715
    9 3.858219 -0.135628 -1.192198 -0.462168 -0.183015 -1.143494
    10 1.312561 -0.000008 0.000000 0.000000 0.054403 -0.409014
    11 0.729362 0.000004 -0.000003 -0.000002 0.040753 -0.240990
    12 3.941966 0.050857 -0.435178 -0.058906 -0.190477 -1.052198
    13 1.539095 0.000004 -0.000002 0.000000 0.003735 -0.247814
    14 1.196325 0.000000 -0.000004 -0.000001 0.006169 -0.430818
    15 3.880859 -0.043091 0.427490 -0.476760 -0.093580 -0.824965
    16 1.719580 0.000011 -0.000015 -0.039460 -0.167701 -0.315837
    17 1.209179 -0.000004 0.000000 0.312036 0.209821 -0.320126
    18 3.863477 -0.132587 1.332145 0.316553 -0.532806 -0.147542
    19 1.719426 -0.000004 0.000007 -0.008714 -0.308204 -1.257834
    20 1.099669 -0.000004 0.000000 -0.000002 0.002587 -0.283860
    21 0.807581 -0.343248 1.320585 -1.210321 -0.488622 -0.910697
    22 1.789783 0.000002 0.000006 -0.000002 -0.003712 0.228604
    23 1.207008 0.000009 -0.000002 0.068240 -0.043107 0.237799
    24 2.035156 0.997070 -1.937500 -1.667267 1.282923 2.944210
    25 6.028140 -0.000004 0.000001 1.563875 0.788758 -0.843467
    26 11.692560 0.000021 -0.000004 -0.000353 -0.067401 -1.812557
    27 11.481653 0.000064 0.000015 -1.170473 0.531281 0.159938
    28 3.854337 -0.131714 1.199996 1.185686 -0.224301 -1.641700
    29 1.312565 0.000000 -0.000002 0.122434 -0.179429 -0.573229
    30 0.729366 0.000004 0.000003 0.000000 -0.000110 -0.248950
    31 3.941984 0.050857 0.435164 -0.031435 -0.126224 -1.323235
    32 1.539099 0.000004 0.000002 -0.245474 0.386205 -0.367027
    33 1.196320 0.000008 0.000004 0.000000 -0.000162 -0.332870
    34 3.880859 -0.047028 -0.427490 0.125578 0.221647 -0.416549
    35 1.719571 0.000019 0.000015 -0.311136 -0.043741 -1.054644
    36 1.209175 0.000004 0.000003 0.172210 -0.116519 -0.543375
    37 3.863496 -0.144303 -1.324347 -0.141219 0.635538 -0.479029
    38 1.719421 -0.000008 -0.000008 -0.052815 0.006926 -0.449862
    39 1.099667 -0.000004 0.000000 0.156990 -0.328270 -0.887119
    40 0.811503 -0.358881 -1.312776 1.243202 0.551772 -0.740648
    41 1.789776 0.000000 0.000002 -0.000008 0.003711 0.228604
    42 1.207008 0.000007 0.000000 0.000000 0.005667 0.362991
    43 3.772911 -5.489323 -0.527648 4.034818 -0.133223 -1.641906
  time 82
    0 -0.000003 -13.531250 -29.421875 1.570788 0.000007 -0.000007
    1 0.000000 3.345131 -2.981898 1.570789 0.086301 1.570789
    2 4.015625 0.000001 0.000000 0.000000 0.000000 -0.029241
    3 3.520294 0.000014 -0.000001 0.000000 0.000000 0.100332
    4 8.929688 0.000000 0.000000 0.000000 0.000000 0.194095
    5 2.035156 0.997070 1.937500 1.596487 -1.284993 2.943127
    6 6.028151 -0.000031 0.000004 -1.556565 -0.842550 -0.853439
    7 11.692549 0.000005 0.000011 0.048320 0.191586 -1.762825
    8 11.481670 0.000049 -0.000031 1.276939 -0.563820 0.214928
    9 3.858219 -0.135628 -1.192198 -0.462168 -0.183015 -1.143494
    10 1.312561 -0.000008 0.000000 0.000000 0.054403 -0.409014
    11 0.729362 0.000004 -0.000003 -0.000002 0.040753 -0.240990
    12 3.938059 0.050857 -0.435178 -0.058906 -0.190477 -1.052198
    13 1.539095 0.000004 -0.000002 0.000000 0.003735 -0.247814
    14 1.196325 0.000000 -0.000004 -0.000001 0.006169 -0.430818
    15 3.880859 -0.043091 0.427490 -0.476760 -0.093580 -0.824965
    16 1.719580 0.000011 -0.000015 -0.039460 -0.167701 -0.315837
    17 1.209179 -0.000004 0.000000 0.312036 0.209821 -0.320126
    18 3.863477 -0.132587 1.332145 0.316553 -0.532806 -0.147542
    19 1.719426 -0.000004 0.000007 -0.008714 -0.308204 -1.257834
    20 1.099669 -0.000004 0.000000 -0.000002 0.002587 -0.283860
    21 0.807581 -0.343248 1.320585 -1.210130 -0.488430 -0.911084
    22 1.789783 0.000002 0.000006 -0.000002 -0.003712 0.228604
    23 1.207008 0.000009 -0.000002 0.068240 -0.043107 0.237799
    24 2.035156 0.997070 -1.937500 -1.667267 1.282923 2.944210
    25 6.028140 -0.000004 0.000001 1.563959 0.788832 -0.843419
    26 11.692560 0.000021 -0.000004 -0.000353 -0.067365 -1.812504
    27 11.481653 0.000064 0.000015 -1.170663 0.531134 0.159890
    28 3.854337 -0.127808 1.199996 1.185686 -0.224301 -1.641700
    29 1.312565 0.000000 -0.000002 0.122434 -0.179429 -0.573229
    30 0.729366 0.000004 0.000003 0.000000 -0.000110 -0.248950
    31 3.941984 0.050857 0.435164 -0.031435 -0.126224 -1.323235
    32 1.539099 0.000004 0.000002 -0.245474 0.386205 -0.367027
    33 1.196320 0.000008 0.000004 0.000000 -0.000162 -0.332870
    34 3.880859 -0.047028 -0.427490 0.125578 0.221647 -0.416549
    35 1.719571 0.000019 0.000015 -0.311136 -0.043741 -1.054644
    36 1.209175 0.000004 0.000003 0.172210 -0.116519 -0.543375
    37 3.863496 -0.144303 -1.324347 -0.141219 0.635538 -0.479029
    38 1.719421 -0.000008 -0.000008 -0.052815 0.006926 -0.449862
    39 1.099667 -0.000004 0.000000 0.156990 -0.328270 -0.887119
    40 0.811503 -0.358881 -1.312776 1.243202 0.551772 -0.740648
    41 1.789776 0.000000 0.000002 -0.000008 0.003711 0.228604
    42 1.207008 0.000007 0.000000 0.000000 0.005667 0.362991
    43 3.772911 -5.489323 -0.527648 4.034818 -0.133223 -1.641906
  time 83
    0 -0.000003 -13.531250 -29.421875 1.570788 0.000007 -0.000007
    1 0.000000 3.345131 -2.981898 1.570789 0.086301 1.570789
    2 4.015625 0.000001 0.000000 0.000000 0.000000 -0.029241
    3 3.520294 0.000014 -0.000001 0.000000 0.000000 0.100332
    4 8.929688 0.000000 0.000000 0.000000 0.000000 0.194095
    5 2.035156 0.997070 1.937500 1.596487 -1.284993 2.943127
    6 6.028151 -0.000031 0.000004 -1.556526 -0.842485 -0.853463
    7 11.692549 0.000005 0.000011 0.048332 0.191621 -1.762772
    8 11.481670 0.000049 -0.000031 1.276306 -0.564148 0.215174
    9 3.858219 -0.135628 -1.192198 -0.462168 -0.183015 -1.143494
    10 1.312561 -0.000008 0.000000 0.000000 0.054403 -0.409014
    11 0.729362 0.000004 -0.000003 -0.000002 0.040753 -0.240990
    12 3.941966 0.050857 -0.435178 -0.058906 -0.190477 -1.052198
    13 1.539095 0.000004 -0.000002 0.000000 0.003735 -0.247814
    14 1.196325 0.000000 -0.000004 -0.000001 0.006169 -0.430818
    15 3.880859 -0.043091 0.427490 -0.476760 -0.093580 -0.824965
    16 1.719580 0.000011 -0.000015 -0.039460 -0.167701 -0.315837
    17 1.209179 -0.000004 0.000000 0.312036 0.209821 -0.320126
    18 3.867384 -0.132587 1.332145 0.316553 -0.532806 -0.147542
    19 1.719426 -0.000004 0.000007 -0.008714 -0.308204 -1.257834
    20 1.099669 -0.000004 0.000000 -0.000002 0.002587 -0.283860
    21 0.807581 -0.343248 1.320585 -1.209914 -0.488215 -0.911521
    22 1.789783 0.000002 0.000006 -0.000002 -0.003712 0.228604
    23 1.207008 0.000009 -0.000002 0.068240 -0.043107 0.237799
    24 2.035156 0.997070 -1.937500 -1.667267 1.282923 2.944210
    25 6.028140 -0.000004 0.000001 1.564031 0.788907 -0.843383
    26 11.692560 0.000021 -0.000004 -0.000365 -0.067341 -1.812504
    27 11.481653 0.000064 0.000015 -1.170880 0.530954 0.159818
    28 3.854337 -0.131714 1.199996 1.185686 -0.224301 -1.641700
    29 1.312565 0.000000 -0.000002 0.122434 -0.179429 -0.573229
    30 0.729366 0.000004 0.000003 0.000000 -0.000110 -0.248950
    31 3.941984 0.050857 0.435164 -0.031435 -0.126224 -1.323235
    32 1.539099 0.000004 0.000002 -0.245474 0.386205 -0.367027
    33 1.196320 0.000008 0.000004 0.000000 -0.000162 -0.332870
    34 3.880859 -0.047028 -0.427490 0.125578 0.221647 -0.416549
    35 1.719571 0.000019 0.000015 -0.311136 -0.043741 -1.054644
    36 1.209175 0.000004 0.000003 0.172210 -0.116519 -0.543375
    37 3.863496 -0.144303 -1.324347 -0.141219 0.635538 -0.479029
    38 1.719421 -0.000008 -0.000008 -0.052815 0.006926 -0.449862
    39 1.099667 -0.000004 0.000000 0.156990 -0.328270 -0.887119
    40 0.811503 -0.358881 -1.312776 1.243202 0.551772 -0.740648
    41 1.789776 0.000000 0.000002 -0.000008 0.003711 0.228604
    42 1.207008 0.000007 0.000000 0.000000 0.005667 0.362991
    43 3.772911 -5.489323 -0.527648 4.034818 -0.133223 -1.641906
  time 84
    0 -0.000003 -13.531250 -29.421875 1.570788 0.000007 -0.000007
    1 0.000000 3.345131 -2.981898 1.570789 0.086301 1.570789
    2 4.015625 0.000001 0.000000 0.000000 0.000000 -0.029241
    3 3.520294 0.000014 -0.000001 0.000000 0.000000 0.100332
    4 8.929688 0.000000 0.000000 0.000000 0.000000 0.194095
    5 2.035156 0.997070 1.937500 1.596487 -1.284993 2.943127
    6 6.028151 -0.000031 0.000004 -1.556468 -0.842419 -0.853487
    7 11.692549 0.000005 0.000011 0.048344 0.191657 -1.762719
    8 11.481670 0.000049 -0.000031 1.275576 -0.564535 0.215470
    9 3.858219 -0.135628 -1.192198 -0.462168 -0.183015 -1.143494
    10 1.312561 -0.000008 0.000000 0.000000 0.054403 -0.409014
    11 0.729362 0.000004 -0.000003 -0.000002 0.040753 -0.240990
    12 3.938059 0.050857 -0.435178 -0.058906 -0.190477 -1.052198
    13 1.539095 0.000004 -0.000002 0.000000 0.003735 -0.247814
    14 1.196325 0.000000 -0.000004 -0.000001 0.006169 -0.430818
    15 3.880859 -0.043091 0.427490 -0.476760 -0.093580 -0.824965
    16 1.719580 0.000011 -0.000015 -0.039460 -0.167701 -0.315837
    17 1.209179 -0.000004 0.000000 0.312036 0.209821 -0.320126
    18 3.863477 -0.132587 1.332145 0.316553 -0.532806 -0.147542
    19 1.719426 -0.000004 0.000007 -0.008714 -0.308204 -1.257834
    20 1.099669 -0.000004 0.000000 -0.000002 0.002587 -0.283860
    21 0.807581 -0.343248 1.320585 -1.209674 -0.487975 -0.912032
    22 1.789783 0.000002 0.000006 -0.000002 -0.003712 0.228604
    23 1.207008 0.000009 -0.000002 0.068240 -0.043107 0.237799
    24 2.035156 0.997070 -1.937500 -1.667267 1.282923 2.944210
    25 6.028140 -0.000004 0.000001 1.564103 0.788982 -0.843347
    26 11.692560 0.000021 -0.000004 -0.000365 -0.067305 -1.812504
    27 11.481653 0.000064 0.000015 -1.171137 0.530758 0.159746
    28 3.854337 -0.131714 1.199996 1.185686 -0.224301 -1.641700
    29 1.312565 0.000000 -0.000002 0.122434 -0.179429 -0.573229
    30 0.729366 0.000004 0.000003 0.000000 -0.000110 -0.248950
    31 3.938077 0.050857 0.435164 -0.031435 -0.126224 -1.323235
    32 1.539099 0.000004 0.000002 -0.245474 0.386205 -0.367027
    33 1.196320 0.000008 0.000004 0.000000 -0.000162 -0.332870
    34 3.880859 -0.047028 -0.427490 0.125578 0.221647 -0.416549
    35 1.719571 0.000019 0.000015 -0.311136 -0.043741 -1.054644
    36 1.209175 0.000004 0.000003 0.172210 -0.116519 -0.543375
    37 3.863496 -0.144303 -1.324347 -0.141219 0.635538 -0.479029
    38 1.719421 -0.000008 -0.000008 -0.052815 0.006926 -0.449862
    39 1.099667 -0.000004 0.000000 0.156990 -0.328270 -0.887119
    40 0.807596 -0.358881 -1.312776 1.243202 0.551772 -0.740648
    41 1.789776 0.000000 0.000002 -0.000008 0.003711 0.228604
    42 1.207008 0.000007 0.000000 0.000000 0.005667 0.362991
    43 3.772911 -5.489323 -0.527648 4.034818 -0.133223 -1.641906
  time 85
    0 -0.000003 -13.531250 -29.421875 1.570788 0.000007 -0.000007
    1 0.000000 3.345131 -2.981898 1.570789 0.086301 1.570789
    2 4.015625 0.000001 0.000000 0.000000 0.000000 -0.029241
    3 3.520294 0.000014 -0.000001 0.000000 0.000000 0.100332
    4 8.929688 0.000000 0.000000 0.000000 0.000000 0.194095
    5 2.035156 0.997070 1.937500 1.596487 -1.284993 2.943127
    6 6.028151 -0.000031 0.000004 -1.556430 -0.842353 -0.853511
    7 11.692549 0.000005 0.000011 0.048344 0.191693 -1.762666
    8 11.481670 0.000049 -0.000031 1.274749 -0.564960 0.215782
    9 3.858219 -0.135628 -1.192198 -0.462168 -0.183015 -1.143494
    10 1.312561 -0.000008 0.000000 0.000000 0.054403 -0.409014
    11 0.729362 0.000004 -0.000003 -0.000002 0.040753 -0.240990
    12 3.941966 0.050857 -0.435178 -0.058906 -0.190477 -1.052198
    13 1.539095 0.000004 -0.000002 0.000000 0.003735 -0.247814
    14 1.196325 0.000000 -0.000004 -0.000001 0.006169 -0.430818
    15 3.880859 -0.043091 0.427490 -0.476760 -0.093580 -0.824965
    16 1.719580 0.000011 -0.000015 -0.039460 -0.167701 -0.315837
    17 1.209179 -0.000004 0.000000 0.312036 0.209821 -0.320126
    18 3.863477 -0.132587 1.332145 0.316553 -0.532806 -0.147542
    19 1.719426 -0.000004 0.000007 -0.008714 -0.308204 -1.257834
    20 1.099669 -0.000004 0.000000 -0.000002 0.002587 -0.283860
    21 0.807581 -0.343248 1.320585 -1.209399 -0.487699 -0.912593
    22 1.789783 0.000002 0.000006 -0.000002 -0.003712 0.228604
    23 1.207008 0.000009 -0.000002 0.068240 -0.043107 0.237799
    24 2.035156 0.997070 -1.937500 -1.667267 1.282923 2.944210
    25 6.028140 -0.000004 0.000001 1.564162 0.789082 -0.843311
    26 11.692560 0.000021 -0.000004 -0.000365 -0.067281 -1.812504
    27 11.481653 0.000064 0.000015 -1.171408 0.530529 0.159674
    28 3.854337 -0.131714 1.199996 1.185686 -0.224301 -1.641700
    29 1.312565 0.000000 -0.000002 0.122434 -0.179429 -0.573229
    30 0.729366 0.000004 0.000003 0.000000 -0.000110 -0.248950
    31 3.941984 0.050857 0.435164 -0.031435 -0.126224 -1.323235
    32 1.539099 0.000004 0.000002 -0.245474 0.386205 -0.367027
    33 1.196320 0.000008 0.000004 0.000000 -0.000162 -0.332870
    34 3.880859 -0.047028 -0.427490 0.125578 0.221647 -0.416549
    35 1.719571 0.000019 0.000015 -0.311136 -0.043741 -1.054644
    36 1.209175 0.000004 0.000003 0.172210 -0.116519 -0.543375
    37 3.863496 -0.144303 -1.324347 -0.141219 0.635538 -0.479029
    38 1.719421 -0.000008 -0.000008 -0.052815 0.006926 -0.449862
    39 1.099667 -0.000004 0.000000 0.156990 -0.328270 -0.887119
    40 0.811503 -0.358881 -1.312776 1.243202 0.551772 -0.740648
    41 1.789776 0.000000 0.000002 -0.000008 0.003711 0.228604
    42 1.207008 0.000007 0.000000 0.000000 0.005667 0.362991
    43 3.772911 -5.489323 -0.527648 4.034818 -0.133223 -1.641906
  time 86
    0 -0.000003 -13.531250 -29.421875 1.570788 0.000007 -0.000007
    1 0.000000 3.345131 -2.981898 1.570789 0.086301 1.570789
    2 4.015625 0.000001 0.000000 0.000000 0.000000 -0.029241
    3 3.520294 0.000014 -0.000001 0.000000 0.000000 0.100332
    4 8.929688 0.000000 0.000000 0.000000 0.000000 0.194095
    5 2.035156 0.997070 1.937500 1.596487 -1.284993 2.943127
    6 6.028151 -0.000031 0.000004 -1.556372 -0.842255 -0.853546
    7 11.692549 0.000005 0.000011 0.048356 0.191741 -1.762613
    8 11.481670 0.000049 -0.000031 1.273873 -0.565424 0.216127
    9 3.858219 -0.135628 -1.192198 -0.462168 -0.183015 -1.143494
    10 1.312561 -0.000008 0.000000 0.000000 0.054403 -0.409014
    11 0.729362 0.000004 -0.000003 -0.000002 0.040753 -0.240990
    12 3.938059 0.050857 -0.435178 -0.058906 -0.190477 -1.052198
    13 1.539095 0.000004 -0.000002 0.000000 0.003735 -0.247814
    14 1.196325 0.000000 -0.000004 -0.000001 0.006169 -0.430818
    15 3.880859 -0.043091 0.427490 -0.476760 -0.093580 -0.824965
    16 1.719580 0.000011 -0.000015 -0.039460 -0.167701 -0.315837
    17 1.209179 -0.000004 0.000000 0.312036 0.209821 -0.320126
    18 3.863477 -0.132587 1.332145 0.316553 -0.532806 -0.147542
    19 1.719426 -0.000004 0.000007 -0.008714 -0.308204 -1.257834
    20 1.099669 -0.000004 0.000000 -0.000002 0.002587 -0.283860
    21 0.807581 -0.343248 1.320585 -1.209099 -0.487400 -0.913205
    22 1.789783 0.000002 0.000006 -0.000002 -0.003712 0.228604
    23 1.207008 0.000009 -0.000002 0.068240 -0.043107 0.237799
    24 2.035156 0.997070 -1.937500 -1.667267 1.282923 2.944210
    25 6.028140 -0.000004 0.000001 1.564222 0.789182 -0.843286
    26 11.692560 0.000021 -0.000004 -0.000365 -0.067257 -1.812504
    27 11.481653 0.000064 0.000015 -1.171706 0.530300 0.159578
    28 3.854337 -0.131714 1.199996 1.185686 -0.224301 -1.641700
    29 1.312565 0.000000 -0.000002 0.122434 -0.179429 -0.573229
    30 0.729366 0.000004 0.000003 0.000000 -0.000110 -0.248950
    31 3.941984 0.050857 0.435164 -0.031435 -0.126224 -1.323235
    32 1.539099 0.000004 0.000002 -0.245474 0.386205 -0.367027
    33 1.196320 0.000008 0.000004 0.000000 -0.000162 -0.332870
    34 3.880859 -0.047028 -0.427490 0.125578 0.221647 -0.416549
    35 1.719571 0.000019 0.000015 -0.311136 -0.043741 -1.054644
    36 1.209175 0.000004 0.000003 0.172210 -0.116519 -0.543375
    37 3.863496 -0.144303 -1.324347 -0.141219 0.635538 -0.479029
    38 1.719421 -0.000008 -0.000008 -0.052815 0.006926 -0.449862
    39 1.099667 -0.000004 0.000000 0.156990 -0.328270 -0.887119
    40 0.811503 -0.358881 -1.312776 1.243202 0.551772 -0.740648
    41 1.789776 0.000000 0.000002 -0.000008 0.003711 0.228604
    42 1.207008 0.000007 0.000000 0.000000 0.005667 0.362991
    43 3.772911 -5.489323 -0.527648 4.034818 -0.133223 -1.641906
  time 87
    0 -0.000003 -13.531250 -29.421875 1.570788 0.000007 -0.000007
    1 0.000000 3.345131 -2.981898 1.570789 0.086301 1.570789
    2 4.015625 0.000001 0.000000 0.000000 0.000000 -0.029241
    3 3.520294 0.000014 -0.000001 0.000000 0.000000 0.100332
    4 8.929688 0.000000 0.000000 0.000000 0.000000 0.194095
    5 2.035156 0.997070 1.937500 1.596487 -1.284993 2.943127
    6 6.028151 -0.000031 0.000004 -1.556333 -0.842156 -0.853570
    7 11.692549 0.000005 0.000011 0.048368 0.191777 -1.762560
    8 11.481670 0.000049 -0.000031 1.272949 -0.565927 0.216488
    9 3.858219 -0.135628 -1.192198 -0.462168 -0.183015 -1.143494
    10 1.312561 -0.000008 0.000000 0.000000 0.054403 -0.409014
    11 0.729362 0.000004 -0.000003 -0.000002 0.040753 -0.240990
    12 3.938059 0.050857 -0.435178 -0.058906 -0.190477 -1.052198
    13 1.539095 0.000004 -0.000002 0.000000 0.003735 -0.247814
    14 1.196325 0.000000 -0.000004 -0.000001 0.006169 -0.430818
    15 3.880859 -0.043091 0.427490 -0.476760 -0.093580 -0.824965
    16 1.719580 0.000011 -0.000015 -0.039460 -0.167701 -0.315837
    17 1.209179 -0.000004 0.000000 0.312036 0.209821 -0.320126
    18 3.863477 -0.132587 1.332145 0.316553 -0.532806 -0.147542
    19 1.719426 -0.000004 0.000007 -0.008714 -0.308204 -1.257834
    20 1.099669 -0.000004 0.000000 -0.000002 0.002587 -0.283860
    21 0.807581 -0.343248 1.320585 -1.208775 -0.487076 -0.913866
    22 1.789783 0.000002 0.000006 -0.000002 -0.003712 0.228604
    23 1.207008 0.000009 -0.000002 0.068240 -0.043107 0.237799
    24 2.035156 0.997070 -1.937500 -1.667267 1.282923 2.944210
    25 6.028140 -0.000004 0.000001 1.564270 0.789306 -0.843262
    26 11.692560 0.000021 -0.000004 -0.000365 -0.067233 -1.812450
    27 11.481653 0.000064 0.000015 -1.172044 0.530022 0.159482
    28 3.854337 -0.131714 1.199996 1.185686 -0.224301 -1.641700
    29 1.312565 0.000000 -0.000002 0.122434 -0.179429 -0.573229
    30 0.729366 0.000004 0.000003 0.000000 -0.000110 -0.248950
    31 3.941984 0.050857 0.435164 -0.031435 -0.126224 -1.323235
    32 1.539099 0.000004 0.000002 -0.245474 0.386205 -0.367027
    33 1.196320 0.000008 0.000004 0.000000 -0.000162 -0.332870
    34 3.880859 -0.047028 -0.427490 0.125578 0.221647 -0.416549
    35 1.719571 0.000019 0.000015 -0.311136 -0.043741 -1.054644
    36 1.209175 0.000004 0.000003 0.172210 -0.116519 -0.543375
    37 3.863496 -0.144303 -1.324347 -0.141219 0.635538 -0.479029
    38 1.719421 -0.000008 -0.000008 -0.052815 0.006926 -0.449862
    39 1.099667 -0.000004 0.000000 0.156990 -0.328270 -0.887119
    40 0.811503 -0.358881 -1.312776 1.243202 0.551772 -0.740648
    41 1.789776 0.000000 0.000002 -0.000008 0.003711 0.228604
    42 1.207008 0.000007 0.000000 0.000000 0.005667 0.362991
    43 3.772911 -5.489323 -0.527648 4.034818 -0.133223 -1.641906
  time 88
    0 -0.000003 -13.531250 -29.421875 1.570788 0.000007 -0.000007
    1 0.000000 3.345131 -2.981898 1.570789 0.086301 1.570789
    2 4.015625 0.000001 0.000000 0.000000 0.000000 -0.029241
    3 3.520294 0.000014 -0.000001 0.000000 0.000000 0.100332
    4 8.929688 0.000000 0.000000 0.000000 0.000000 0.194095
    5 2.035156 0.997070 1.937500 1.596487 -1.284993 2.943127
    6 6.028151 -0.000031 0.000004 -1.556275 -0.842091 -0.853594
    7 11.692549 0.000005 0.000011 0.048380 0.191813 -1.762507
    8 11.481670 0.000049 -0.000031 1.271878 -0.566487 0.216898
    9 3.858219 -0.135628 -1.192198 -0.462168 -0.183015 -1.143494
    10 1.312561 -0.000008 0.000000 0.000000 0.054403 -0.409014
    11 0.729362 0.000004 -0.000003 -0.000002 0.040753 -0.240990
    12 3.938059 0.050857 -0.435178 -0.058906 -0.190477 -1.052198
    13 1.539095 0.000004 -0.000002 0.000000 0.003735 -0.247814
    14 1.196325 0.000000 -0.000004 -0.000001 0.006169 -0.430818
    15 3.880859 -0.043091 0.427490 -0.476760 -0.093580 -0.824965
    16 1.719580 0.000011 -0.000015 -0.039460 -0.167701 -0.315837
    17 1.209179 -0.000004 0.000000 0.312036 0.209821 -0.320126
    18 3.863477 -0.132587 1.332145 0.316553 -0.532806 -0.147542
    19 1.719426 -0.000004 0.000007 -0.008714 -0.308204 -1.257834
    20 1.099669 -0.000004 0.000000 -0.000002 0.002587 -0.283860
    21 0.807581 -0.343248 1.320585 -1.208428 -0.486729 -0.914589
    22 1.789783 0.000002 0.000006 -0.000002 -0.003712 0.228604
    23 1.207008 0.000009 -0.000002 0.068240 -0.043107 0.237799
    24 2.035156 0.997070 -1.937500 -1.667267 1.282923 2.944210
    25 6.028140 -0.000004 0.000001 1.564318 0.789431 -0.843238
    26 11.692560 0.000021 -0.000004 -0.000365 -0.067209 -1.812450
    27 11.481653 0.000064 0.000015 -1.172396 0.529744 0.159386
    28 3.854337 -0.131714 1.199996 1.185711 -0.224301 -1.641700
    29 1.312565 0.000000 -0.000002 0.122434 -0.179429 -0.573229
    30 0.729366 0.000004 0.000003 0.000000 -0.000110 -0.248950
    31 3.941984 0.050857 0.435164 -0.031435 -0.126224 -1.323235
    32 1.539099 0.000004 0.000002 -0.245474 0.386205 -0.367027
    33 1.196320 0.000008 0.000004 0.000000 -0.000162 -0.332870
    34 3.880859 -0.047028 -0.427490 0.125578 0.221647 -0.416549
    35 1.719571 0.000019 0.000015 -0.311136 -0.043741 -1.054644
    36 1.209175 0.000004 0.000003 0.172210 -0.116519 -0.543375
    37 3.867402 -0.144303 -1.324347 -0.141219 0.635538 -0.479029
    38 1.719421 -0.000008 -0.000008 -0.052815 0.006926 -0.449862
    39 1.099667 -0.000004 0.000000 0.156990 -0.328270 -0.887119
    40 0.811503 -0.358881 -1.312776 1.243202 0.551772 -0.740648
    41 1.789776 0.000000 0.000002 -0.000008 0.003711 0.228604
    42 1.207008 0.000007 0.000000 0.000000 0.005667 0.362991
    43 3.772911 -5.489323 -0.527648 4.034818 -0.133223 -1.641906
  time 89
    0 -0.000003 -13.531250 -29.421875 1.570788 0.000007 -0.000007
    1 0.000000 3.345131 -2.981898 1.570789 0.086301 1.570789
    2 4.015625 0.000001 0.000000 0.000000 0.000000 -0.029241
    3 3.520294 0.000014 -0.000001 0.000000 0.000000 0.100332
    4 8.929688 0.000000 0.000000 0.000000 0.000000 0.194095
    5 2.035156 0.997070 1.937500 1.596487 -1.284993 2.943127
    6 6.028151 -0.000031 0.000004 -1.556218 -0.841960 -0.853618
    7 11.692549 0.000005 0.000011 0.048380 0.191861 -1.762454
    8 11.481670 0.000049 -0.000031 1.270807 -0.567067 0.217325
    9 3.858219 -0.135628 -1.192198 -0.462168 -0.183015 -1.143494
    10 1.312561 -0.000008 0.000000 0.000000 0.054403 -0.409014
    11 0.729362 0.000004 -0.000003 -0.000002 0.040753 -0.240990
    12 3.938059 0.050857 -0.435178 -0.058906 -0.190477 -1.052198
    13 1.539095 0.000004 -0.000002 0.000000 0.003735 -0.247814
    14 1.196325 0.000000 -0.000004 -0.000001 0.006169 -0.430818
    15 3.880859 -0.043091 0.427490 -0.476760 -0.093580 -0.824965
    16 1.719580 0.000011 -0.000015 -0.039460 -0.167701 -0.315837
    17 1.209179 -0.000004 0.000000 0.312036 0.209821 -0.320126
    18 3.863477 -0.132587 1.332145 0.316553 -0.532806 -0.147542
    19 1.719426 -0.000004 0.000007 -0.008714 -0.308204 -1.257834
    20 1.099669 -0.000004 0.000000 -0.000002 0.002587 -0.283860
    21 0.807581 -0.343248 1.320585 -1.208056 -0.486357 -0.915363
    22 1.789783 0.000002 0.000006 -0.000002 -0.003712 0.228604
    23 1.207008 0.000009 -0.000002 0.068240 -0.043107 0.237799
    24 2.035156 0.997070 -1.937500 -1.667267 1.282923 2.944210
    25 6.028140 -0.000004 0.000001 1.564366 0.789556 -0.843214
    26 11.692560 0.000021 -0.000004 -0.000365 -0.067185 -1.812450
    27 11.481653 0.000064 0.000015 -1.172775 0.529434 0.159267
    28 3.854337 -0.131714 1.199996 1.185686 -0.224301 -1.641700
    29 1.312565 0.000000 -0.000002 0.122434 -0.179429 -0.573229
    30 0.729366 0.000004 0.000003 0.000000 -0.000110 -0.248950
    31 3.941984 0.050857 0.435164 -0.031435 -0.126224 -1.323235
    32 1.539099 0.000004 0.000002 -0.245474 0.386205 -0.367027
    33 1.196320 0.000008 0.000004 0.000000 -0.000162 -0.332870
    34 3.880859 -0.047028 -0.427490 0.125578 0.221647 -0.416549
    35 1.719571 0.000019 0.000015 -0.311136 -0.043741 -1.054644
    36 1.209175 0.000004 0.000003 0.172210 -0.116519 -0.543375
    37 3.863496 -0.144303 -1.324347 -0.141219 0.635538 -0.479029
    38 1.719421 -0.000008 -0.000008 -0.052815 0.006926 -0.449862
    39 1.099667 -0.000004 0.000000 0.156990 -0.328270 -0.887119
    40 0.811503 -0.358881 -1.312776 1.243202 0.551772 -0.740648
    41 1.789776 0.000000 0.000002 -0.000008 0.003711 0.228604
    42 1.207008 0.000007 0.000000 0.000000 0.005667 0.362991
    43 3.772911 -5.489323 -0.527648 4.034818 -0.133223 -1.641906
  time 90
    0 -0.000003 -13.531250 -29.421875 1.570788 0.000007 -0.000007
    1 0.000000 3.345131 -2.981898 1.570789 0.086301 1.570789
    2 4.015625 0.000001 0.000000 0.000000 0.000000 -0.029241
    3 3.520294 0.000014 -0.000001 0.000000 0.000000 0.100332
    4 8.929688 0.000000 0.000000 0.000000 0.000000 0.194095
    5 2.035156 0.997070 1.937500 1.596487 -1.284993 2.943127
    6 6.028151 -0.000031 0.000004 -1.556160 -0.841861 -0.853630
    7 11.692549 0.000005 0.000011 0.048392 0.191897 -1.762401
    8 11.481670 0.000049 -0.000031 1.269639 -0.567666 0.217785
    9 3.858219 -0.135628 -1.192198 -0.462168 -0.183015 -1.143494
    10 1.312561 -0.000008 0.000000 0.000000 0.054403 -0.409014
    11 0.729362 0.000004 -0.000003 -0.000002 0.040753 -0.240990
    12 3.938059 0.050857 -0.435178 -0.058906 -0.190477 -1.052198
    13 1.539095 0.000004 -0.000002 0.000000 0.003735 -0.247814
    14 1.196325 0.000000 -0.000004 -0.000001 0.006169 -0.430818
    15 3.880859 -0.043091 0.427490 -0.476760 -0.093580 -0.824965
    16 1.719580 0.000011 -0.000015 -0.039460 -0.167701 -0.315837
    17 1.209179 -0.000004 0.000000 0.312038 0.209821 -0.320126
    18 3.863477 -0.132587 1.332145 0.316553 -0.532806 -0.147542
    19 1.719426 -0.000004 0.000007 -0.008714 -0.308204 -1.257834
    20 1.099669 -0.000004 0.000000 -0.000002 0.002587 -0.283860
    21 0.807581 -0.343248 1.320585 -1.207673 -0.485962 -0.916174
    22 1.789783 0.000002 0.000006 -0.000002 -0.003712 0.228604
    23 1.207008 0.000009 -0.000002 0.068240 -0.043107 0.237799
    24 2.035156 0.997070 -1.937500 -1.667267 1.282923 2.944210
    25 6.028140 -0.000004 0.000001 1.564390 0.789705 -0.843202
    26 11.692560 0.000021 -0.000004 -0.000365 -0.067161 -1.812397
    27 11.481653 0.000064 0.000015 -1.173182 0.529123 0.159159
    28 3.854337 -0.131714 1.199996 1.185711 -0.224301 -1.641700
    29 1.312565 0.000000 -0.000002 0.122434 -0.179429 -0.573229
    30 0.729366 0.000004 0.000003 0.000000 -0.000110 -0.248950
    31 3.938077 0.050857 0.435164 -0.031435 -0.126224 -1.323235
    32 1.539099 0.000004 0.000002 -0.245476 0.386205 -0.367027
    33 1.196320 0.000008 0.000004 0.000000 -0.000162 -0.332870
    34 3.880859 -0.047028 -0.427490 0.125580 0.221647 -0.416549
    35 1.719571 0.000019 0.000015 -0.311136 -0.043741 -1.054644
    36 1.209175 0.000004 0.000003 0.172210 -0.116519 -0.543375
    37 3.863281 -0.148193 -1.328125 -0.141216 0.635555 -0.479029
    38 1.719421 -0.000008 -0.000008 -0.052815 0.006926 -0.449862
    39 1.099667 -0.000004 0.000000 0.156990 -0.328270 -0.887119
    40 0.807596 -0.358881 -1.312776 1.243202 0.551772 -0.740648
    41 1.789776 0.000000 0.000002 -0.000008 0.003711 0.228604
    42 1.207008 0.000007 0.000000 0.000000 0.005667 0.362991
    43 3.775391 -5.484375 -0.527832 -2.248284 -0.133216 -1.641882
  time 91
    0 -0.000003 -13.531250 -29.421875 1.570788 0.000007 -0.000007
    1 0.000000 3.345131 -2.981898 1.570789 0.086301 1.570789
    2 4.015625 0.000001 0.000000 0.000000 0.000000 -0.029241
    3 3.520294 0.000014 -0.000001 0.000000 0.000000 0.100332
    4 8.929688 0.000000 0.000000 0.000000 0.000000 0.194095
    5 2.035156 0.997070 1.937500 1.596487 -1.284993 2.943127
    6 6.028151 -0.000031 0.000004 -1.556121 -0.841763 -0.853654
    7 11.692549 0.000005 0.000011 0.048404 0.191945 -1.762401
    8 11.481670 0.000049 -0.000031 1.268423 -0.568323 0.218261
    9 3.858219 -0.135628 -1.192198 -0.462168 -0.183015 -1.143494
    10 1.312561 -0.000008 0.000000 0.000000 0.054403 -0.409014
    11 0.729362 0.000004 -0.000003 -0.000002 0.040753 -0.240990
    12 3.938059 0.050857 -0.435178 -0.058906 -0.190477 -1.052198
    13 1.539095 0.000004 -0.000002 0.000000 0.003735 -0.247814
    14 1.196325 0.000000 -0.000004 -0.000001 0.006169 -0.430818
    15 3.880859 -0.043091 0.427490 -0.476760 -0.093580 -0.824965
    16 1.719580 0.000011 -0.000015 -0.039460 -0.167701 -0.315837
    17 1.209179 -0.000004 0.000000 0.312038 0.209821 -0.320126
    18 3.863477 -0.132587 1.332145 0.316553 -0.532806 -0.147542
    19 1.719426 -0.000004 0.000007 -0.008714 -0.308204 -1.257834
    20 1.099669 -0.000004 0.000000 -0.000002 0.002587 -0.283860
    21 0.807581 -0.343248 1.320585 -1.207253 -0.485542 -0.917022
    22 1.789783 0.000002 0.000006 -0.000002 -0.003712 0.228604
    23 1.207008 0.000009 -0.000002 0.068240 -0.043107 0.237799
    24 2.035156 0.997070 -1.937500 -1.667267 1.282923 2.944210
    25 6.028140 -0.000004 0.000001 1.564426 0.789855 -0.843190
    26 11.692560 0.000021 -0.000004 -0.000365 -0.067137 -1.812397
    27 11.481653 0.000064 0.000015 -1.173601 0.528780 0.159027
    28 3.854337 -0.131714 1.199996 1.185686 -0.224301 -1.641700
    29 1.312565 0.000000 -0.000002 0.122434 -0.179429 -0.573229
    30 0.729366 0.000004 0.000003 0.000000 -0.000110 -0.248950
    31 3.938077 0.050857 0.435164 -0.031435 -0.126224 -1.323235
    32 1.539099 0.000004 0.000002 -0.245476 0.386205 -0.367027
    33 1.196320 0.000008 0.000004 0.000000 -0.000162 -0.332870
    34 3.880859 -0.047028 -0.427490 0.125580 0.221647 -0.416549
    35 1.719571 0.000019 0.000015 -0.311136 -0.043741 -1.054644
    36 1.209175 0.000004 0.000003 0.172210 -0.116519 -0.543375
    37 3.863281 -0.148193 -1.328125 -0.141216 0.635555 -0.479029
    38 1.719421 -0.000008 -0.000008 -0.052815 0.006926 -0.449862
    39 1.099667 -0.000004 0.000000 0.156990 -0.328270 -0.887119
    40 0.811503 -0.358881 -1.312776 1.243202 0.551772 -0.740648
    41 1.789776 0.000000 0.000002 -0.000008 0.003711 0.228604
    42 1.207008 0.000007 0.000000 0.000000 0.005667 0.362991
    43 3.775391 -5.484375 -0.527832 -2.248284 -0.133216 -1.641882
  time 92
    0 -0.000003 -13.531250 -29.421875 1.570788 0.000007 -0.000007
    1 0.000000 3.345131 -2.981898 1.570789 0.086301 1.570789
    2 4.015625 0.000001 0.000000 0.000000 0.000000 -0.029241
    3 3.520294 0.000014 -0.000001 0.000000 0.000000 0.100332
    4 8.929688 0.000000 0.000000 0.000000 0.000000 0.194095
    5 2.035156 0.997070 1.937500 1.596487 -1.284993 2.943127
    6 6.028151 -0.000031 0.000004 -1.556063 -0.841632 -0.853678
    7 11.692549 0.000005 0.000011 0.048404 0.191993 -1.762348
    8 11.481670 0.000049 -0.000031 1.267109 -0.568981 0.218770
    9 3.854313 -0.135628 -1.192198 -0.462168 -0.183015 -1.143494
    10 1.312561 -0.000008 0.000000 0.000000 0.054403 -0.409014
    11 0.729362 0.000004 -0.000003 -0.000002 0.040753 -0.240990
    12 3.938059 0.050857 -0.435178 -0.058906 -0.190477 -1.052198
    13 1.539095 0.000004 -0.000002 0.000000 0.003735 -0.247814
    14 1.196325 0.000000 -0.000004 -0.000001 0.006169 -0.430818
    15 3.880859 -0.043091 0.427490 -0.476760 -0.093580 -0.824965
    16 1.719580 0.000011 -0.000015 -0.039460 -0.167701 -0.315837
    17 1.209179 -0.000004 0.000000 0.312038 0.209821 -0.320126
    18 3.863477 -0.132587 1.332145 0.316553 -0.532806 -0.147542
    19 1.719426 -0.000004 0.000007 -0.008714 -0.308204 -1.257834
    20 1.099669 -0.000004 0.000000 -0.000002 0.002587 -0.283860
    21 0.807581 -0.343248 1.320585 -1.206834 -0.485111 -0.917908
    22 1.789783 0.000002 0.000006 -0.000002 -0.003712 0.228604
    23 1.207008 0.000009 -0.000002 0.068240 -0.043107 0.237799
    24 2.035156 0.997070 -1.937500 -1.667267 1.282923 2.944210
    25 6.028140 -0.000004 0.000001 1.564450 0.790005 -0.843190
    26 11.692560 0.000021 -0.000004 -0.000365 -0.067125 -1.812397
    27 11.481653 0.000064 0.000015 -1.174035 0.528437 0.158907
    28 3.854337 -0.131714 1.199996 1.185686 -0.224301 -1.641700
    29 1.312565 0.000000 -0.000002 0.122434 -0.179429 -0.573229
    30 0.729366 0.000004 0.000003 0.000000 -0.000110 -0.248950
    31 3.938077 0.050857 0.435164 -0.031435 -0.126224 -1.323267
    32 1.539099 0.000004 0.000002 -0.245476 0.386205 -0.367027
    33 1.196320 0.000008 0.000004 0.000000 -0.000162 -0.332870
    34 3.880859 -0.047028 -0.427490 0.125580 0.221647 -0.416549
    35 1.719571 0.000019 0.000015 -0.311136 -0.043741 -1.054644
    36 1.209175 0.000004 0.000003 0.172210 -0.116519 -0.543375
    37 3.863281 -0.148193 -1.328125 -0.141216 0.635555 -0.479029
    38 1.719421 -0.000008 -0.000008 -0.052815 0.006926 -0.449862
    39 1.099667 -0.000004 0.000000 0.156990 -0.328270 -0.887119
    40 0.807596 -0.358881 -1.312776 1.243202 0.551772 -0.740648
    41 1.789776 0.000000 0.000002 -0.000008 0.003711 0.228604
    42 1.207008 0.000007 0.000000 0.000000 0.005667 0.362991
    43 3.775391 -5.484375 -0.527832 -2.248284 -0.133216 -1.641882
  time 93
    0 -0.000003 -13.531250 -29.421875 1.570788 0.000007 -0.000007
    1 0.000000 3.345131 -2.981898 1.570789 0.086301 1.570789
    2 4.015625 0.000001 0.000000 0.000000 0.000000 -0.029241
    3 3.520294 0.000014 -0.000001 0.000000 0.000000 0.100332
    4 8.929688 0.000000 0.000000 0.000000 0.000000 0.194095
    5 2.035156 0.997070 1.937500 1.596487 -1.284993 2.943127
    6 6.028151 -0.000031 0.000004 -1.556006 -0.841500 -0.853702
    7 11.692549 0.000005 0.000011 0.048416 0.192029 -1.762295
    8 11.481670 0.000049 -0.000031 1.265795 -0.569676 0.219279
    9 3.858219 -0.135628 -1.192198 -0.462168 -0.183015 -1.143494
    10 1.312561 -0.000008 0.000000 0.000000 0.054403 -0.409014
    11 0.729362 0.000004 -0.000003 -0.000002 0.040753 -0.240990
    12 3.941966 0.050857 -0.435178 -0.058906 -0.190477 -1.052198
    13 1.539095 0.000004 -0.000002 0.000000 0.003735 -0.247814
    14 1.196325 0.000000 -0.000004 -0.000001 0.006169 -0.430818
    15 3.880859 -0.043091 0.427490 -0.476760 -0.093580 -0.824965
    16 1.719580 0.000011 -0.000015 -0.039460 -0.167701 -0.315837
    17 1.209179 -0.000004 0.000000 0.312038 0.209821 -0.320126
    18 3.863477 -0.132587 1.332145 0.316553 -0.532806 -0.147542
    19 1.719426 -0.000004 0.000007 -0.008714 -0.308204 -1.257834
    20 1.099669 -0.000004 0.000000 -0.000002 0.002587 -0.283860
    21 0.807581 -0.343248 1.320585 -1.206390 -0.484655 -0.918831
    22 1.789783 0.000002 0.000006 -0.000002 -0.003712 0.228604
    23 1.207008 0.000009 -0.000002 0.068240 -0.043107 0.237799
    24 2.035156 0.997070 -1.937500 -1.667267 1.282923 2.944210
    25 6.028140 -0.000004 0.000001 1.564462 0.790154 -0.843178
    26 11.692560 0.000021 -0.000004 -0.000365 -0.067102 -1.812343
    27 11.481653 0.000064 0.000015 -1.174495 0.528061 0.158775
    28 3.854337 -0.131714 1.199996 1.185711 -0.224301 -1.641700
    29 1.312565 0.000000 -0.000002 0.122434 -0.179429 -0.573229
    30 0.729366 0.000004 0.000003 0.000000 -0.000110 -0.248950
    31 3.941984 0.050857 0.435164 -0.031435 -0.126224 -1.323235
    32 1.539099 0.000004 0.000002 -0.245476 0.386205 -0.367027
    33 1.196320 0.000008 0.000004 0.000000 -0.000162 -0.332870
    34 3.880859 -0.047028 -0.427490 0.125580 0.221647 -0.416549
    35 1.719571 0.000019 0.000015 -0.311136 -0.043741 -1.054644
    36 1.209175 0.000004 0.000003 0.172210 -0.116519 -0.543375
    37 3.863281 -0.148193 -1.328125 -0.141216 0.635555 -0.479029
    38 1.719421 -0.000008 -0.000008 -0.052815 0.006926 -0.449862
    39 1.099667 -0.000004 0.000000 0.156990 -0.328270 -0.887119
    40 0.811503 -0.358881 -1.312776 1.243202 0.551772 -0.740648
    41 1.789776 0.000000 0.000002 -0.000008 0.003711 0.228604
    42 1.207008 0.000007 0.000000 0.000000 0.005667 0.362991
    43 3.775391 -5.484375 -0.527832 -2.248284 -0.133216 -1.641882
  time 94
    0 -0.000003 -13.531250 -29.421875 1.570788 0.000007 -0.000007
    1 0.000000 3.345131 -2.981898 1.570789 0.086301 1.570789
    2 4.015625 0.000001 0.000000 0.000000 0.000000 -0.029241
    3 3.520294 0.000014 -0.000001 0.000000 0.000000 0.100332
    4 8.929688 0.000000 0.000000 0.000000 0.000000 0.194095
    5 2.035156 0.997070 1.937500 1.596487 -1.284993 2.943127
    6 6.028151 -0.000031 0.000004 -1.555948 -0.841369 -0.853714
    7 11.692549 0.000005 0.000011 0.048428 0.192077 -1.762242
    8 11.481670 0.000049 -0.000031 1.264432 -0.570411 0.219821
    9 3.858219 -0.135628 -1.192198 -0.462168 -0.183015 -1.143494
    10 1.312561 -0.000008 0.000000 0.000000 0.054403 -0.409014
    11 0.729362 0.000004 -0.000003 -0.000002 0.040753 -0.240990
    12 3.941966 0.050857 -0.435178 -0.058906 -0.190477 -1.052198
    13 1.539095 0.000004 -0.000002 0.000000 0.003735 -0.247814
    14 1.196325 0.000000 -0.000004 -0.000001 0.006169 -0.430818
    15 3.880859 -0.043091 0.427490 -0.476760 -0.093580 -0.824965
    16 1.719580 0.000011 -0.000015 -0.039460 -0.167701 -0.315837
    17 1.209179 -0.000004 0.000000 0.312038 0.209821 -0.320126
    18 3.863477 -0.132587 1.332145 0.316553 -0.532806 -0.147542
    19 1.719426 -0.000004 0.000007 -0.008714 -0.308204 -1.257834
    20 1.099669 -0.000004 0.000000 -0.000002 0.002587 -0.283860
    21 0.807581 -0.343248 1.320585 -1.205935 -0.484200 -0.919766
    22 1.789783 0.000002 0.000006 -0.000002 -0.003712 0.228604
    23 1.207008 0.000009 -0.000002 0.068240 -0.043107 0.237799
    24 2.035156 0.997070 -1.937500 -1.667267 1.282923 2.944210
    25 6.028140 -0.000004 0.000001 1.564474 0.790304 -0.843178
    26 11.692560 0.000021 -0.000004 -0.000365 -0.067090 -1.812343
    27 11.481653 0.000064 0.000015 -1.174956 0.527685 0.158631
    28 3.854337 -0.127808 1.199996 1.185686 -0.224301 -1.641700
    29 1.312565 0.000000 -0.000002 0.122434 -0.179429 -0.573229
    30 0.729366 0.000004 0.000003 0.000000 -0.000110 -0.248950
    31 3.938077 0.050857 0.435164 -0.031435 -0.126224 -1.323235
    32 1.539099 0.000004 0.000002 -0.245476 0.386205 -0.367027
    33 1.196320 0.000008 0.000004 0.000000 -0.000162 -0.332870
    34 3.880859 -0.047028 -0.427490 0.125580 0.221647 -0.416549
    35 1.719571 0.000019 0.000015 -0.311136 -0.043741 -1.054644
    36 1.209175 0.000004 0.000003 0.172210 -0.116519 -0.543375
    37 3.863281 -0.148193 -1.328125 -0.141216 0.635555 -0.479029
    38 1.719421 -0.000008 -0.000008 -0.052815 0.006926 -0.449862
    39 1.099667 -0.000004 0.000000 0.156990 -0.328270 -0.887119
    40 0.807596 -0.358881 -1.312776 1.243202 0.551772 -0.740648
    41 1.789776 0.000000 0.000002 -0.000008 0.003711 0.228604
    42 1.207008 0.000007 0.000000 0.000000 0.005667 0.362991
    43 3.775391 -5.484375 -0.527832 -2.248284 -0.133216 -1.641882
  time 95
    0 -0.000003 -13.531250 -29.421875 1.570788 0.000007 -0.000007
    1 0.000000 3.345131 -2.981898 1.570789 0.086301 1.570789
    2 4.015625 0.000001 0.000000 0.000000 0.000000 -0.029241
    3 3.520294 0.000014 -0.000001 0.000000 0.000000 0.100332
    4 8.929688 0.000000 0.000000 0.000000 0.000000 0.194095
    5 2.035156 0.997070 1.937500 1.596487 -1.284993 2.943127
    6 6.028151 -0.000031 0.000004 -1.555890 -0.841238 -0.853738
    7 11.692549 0.000005 0.000011 0.048440 0.192125 -1.762189
    8 11.481670 0.000049 -0.000031 1.263021 -0.571145 0.220363
    9 3.858219 -0.135628 -1.192198 -0.462168 -0.183015 -1.143494
    10 1.312561 -0.000008 0.000000 0.000000 0.054403 -0.409014
    11 0.729362 0.000004 -0.000003 -0.000002 0.040753 -0.240990
    12 3.941966 0.050857 -0.435178 -0.058906 -0.190477 -1.052198
    13 1.539095 0.000004 -0.000002 0.000000 0.003735 -0.247814
    14 1.196325 0.000000 -0.000004 -0.000001 0.006169 -0.430818
    15 3.880859 -0.043091 0.427490 -0.476760 -0.093580 -0.824965
    16 1.719580 0.000011 -0.000015 -0.039460 -0.167701 -0.315837
    17 1.209179 -0.000004 0.000000 0.312038 0.209821 -0.320126
    18 3.863477 -0.132587 1.332145 0.316553 -0.532806 -0.147542
    19 1.719426 -0.000004 0.000007 -0.008714 -0.308204 -1.257834
    20 1.099669 -0.000004 0.000000 -0.000002 0.002587 -0.283860
    21 0.807581 -0.343248 1.320585 -1.205468 -0.483721 -0.920739
    22 1.789783 0.000002 0.000006 -0.000002 -0.003712 0.228604
    23 1.207008 0.000009 -0.000002 0.068240 -0.043107 0.237799
    24 2.035156 0.997070 -1.937500 -1.667267 1.282923 2.944210
    25 6.028140 -0.000004 0.000001 1.564486 0.790478 -0.843190
    26 11.692560 0.000021 -0.000004 -0.000377 -0.067078 -1.812289
    27 11.481653 0.000064 0.000015 -1.175443 0.527309 0.158500
    28 3.854337 -0.131714 1.199996 1.185711 -0.224301 -1.641700
    29 1.312565 0.000000 -0.000002 0.122434 -0.179429 -0.573229
    30 0.729366 0.000004 0.000003 0.000000 -0.000110 -0.248950
    31 3.941984 0.050857 0.435164 -0.031435 -0.126224 -1.323235
    32 1.539099 0.000004 0.000002 -0.245476 0.386205 -0.367027
    33 1.196320 0.000008 0.000004 0.000000 -0.000162 -0.332870
    34 3.880859 -0.047028 -0.427490 0.125580 0.221647 -0.416549
    35 1.719571 0.000019 0.000015 -0.311136 -0.043741 -1.054644
    36 1.209175 0.000004 0.000003 0.172210 -0.116519 -0.543375
    37 3.863281 -0.148193 -1.328125 -0.141216 0.635555 -0.479029
    38 1.719421 -0.000008 -0.000008 -0.052815 0.006926 -0.449862
    39 1.099667 -0.000004 0.000000 0.156990 -0.328270 -0.887119
    40 0.811503 -0.358881 -1.312776 1.243202 0.551772 -0.740648
    41 1.789776 0.000000 0.000002 -0.000008 0.003711 0.228604
    42 1.207008 0.000007 0.000000 0.000000 0.005667 0.362991
    43 3.775391 -5.484375 -0.527832 -2.248284 -0.133216 -1.641882
  time 96
    0 -0.000003 -13.531250 -29.421875 1.570788 0.000007 -0.000007
    1 0.000000 3.345131 -2.981898 1.570789 0.086301 1.570789
    2 4.015625 0.000001 0.000000 0.000000 0.000000 -0.029241
    3 3.520294 0.000014 -0.000001 0.000000 0.000000 0.100332
    4 8.929688 0.000000 0.000000 0.000000 0.000000 0.194095
    5 2.035156 0.997070 1.937500 1.596487 -1.284993 2.943127
    6 6.028151 -0.000031 0.000004 -1.555832 -0.841107 -0.853750
    7 11.692549 0.000005 0.000011 0.048440 0.192161 -1.762136
    8 11.481670 0.000049 -0.000031 1.261610 -0.571880 0.220922
    9 3.858219 -0.135628 -1.192198 -0.462168 -0.183015 -1.143494
    10 1.312561 -0.000008 0.000000 0.000000 0.054403 -0.409014
    11 0.729362 0.000004 -0.000003 -0.000002 0.040753 -0.240990
    12 3.938059 0.050857 -0.435178 -0.058906 -0.190477 -1.052198
    13 1.539095 0.000004 -0.000002 0.000000 0.003735 -0.247814
    14 1.196325 0.000000 -0.000004 -0.000001 0.006169 -0.430818
    15 3.880859 -0.043091 0.427490 -0.476760 -0.093580 -0.824965
    16 1.719580 0.000011 -0.000015 -0.039460 -0.167701 -0.315837
    17 1.209179 -0.000004 0.000000 0.312038 0.209821 -0.320126
    18 3.863477 -0.132587 1.332145 0.316553 -0.532806 -0.147542
    19 1.719426 -0.000004 0.000007 -0.008714 -0.308204 -1.257834
    20 1.099669 -0.000004 0.000000 -0.000002 0.002587 -0.283860
    21 0.807581 -0.343248 1.320585 -1.205000 -0.483241 -0.921725
    22 1.789783 0.000002 0.000006 -0.000002 -0.003712 0.228604
    23 1.207008 0.000009 -0.000002 0.068240 -0.043107 0.237799
    24 2.035156 0.997070 -1.937500 -1.667267 1.282923 2.944210
    25 6.028140 -0.000004 0.000001 1.564486 0.790628 -0.843190
    26 11.692560 0.000021 -0.000004 -0.000377 -0.067054 -1.812289
    27 11.481653 0.000064 0.000015 -1.175931 0.526916 0.158356
    28 3.854337 -0.127808 1.199996 1.185686 -0.224301 -1.641700
    29 1.312565 0.000000 -0.000002 0.122434 -0.179429 -0.573229
    30 0.729366 0.000004 0.000003 0.000000 -0.000110 -0.248950
    31 3.941984 0.050857 0.435164 -0.031435 -0.126224 -1.323235
    32 1.539099 0.000004 0.000002 -0.245476 0.386205 -0.367027
    33 1.196320 0.000008 0.000004 0.000000 -0.000162 -0.332870
    34 3.880859 -0.047028 -0.427490 0.125580 0.221647 -0.416549
    35 1.719571 0.000019 0.000015 -0.311136 -0.043741 -1.054644
    36 1.209175 0.000004 0.000003 0.172210 -0.116519 -0.543375
    37 3.863281 -0.148193 -1.328125 -0.141216 0.635555 -0.479029
    38 1.719421 -0.000008 -0.000008 -0.052815 0.006926 -0.449862
    39 1.099667 -0.000004 0.000000 0.156990 -0.328270 -0.887119
    40 0.807596 -0.358881 -1.312776 1.243202 0.551772 -0.740648
    41 1.789776 0.000000 0.000002 -0.000008 0.003711 0.228604
    42 1.207008 0.000007 0.000000 0.000000 0.005667 0.362991
    43 3.775391 -5.484375 -0.527832 -2.248284 -0.133216 -1.641882
  time 97
    0 -0.000003 -13.531250 -29.421875 1.570788 0.000007 -0.000007
    1 0.000000 3.345131 -2.981898 1.570789 0.086301 1.570789
    2 4.015625 0.000001 0.000000 0.000000 0.000000 -0.029241
    3 3.520294 0.000014 -0.000001 0.000000 0.000000 0.100332
    4 8.929688 0.000000 0.000000 0.000000 0.000000 0.194095
    5 2.035156 0.997070 1.937500 1.596487 -1.284993 2.943127
    6 6.028151 -0.000031 0.000004 -1.555774 -0.840976 -0.853762
    7 11.692549 0.000005 0.000011 0.048452 0.192209 -1.762083
    8 11.481670 0.000049 -0.000031 1.260150 -0.572634 0.221496
    9 3.854313 -0.135628 -1.192198 -0.462168 -0.183015 -1.143494
    10 1.312561 -0.000008 0.000000 0.000000 0.054403 -0.409014
    11 0.729362 0.000004 -0.000003 -0.000002 0.040753 -0.240990
    12 3.941966 0.050857 -0.435178 -0.058906 -0.190477 -1.052198
    13 1.539095 0.000004 -0.000002 0.000000 0.003735 -0.247814
    14 1.196325 0.000000 -0.000004 -0.000001 0.006169 -0.430818
    15 3.880859 -0.043091 0.427490 -0.476760 -0.093580 -0.824965
    16 1.719580 0.000011 -0.000015 -0.039460 -0.167701 -0.315837
    17 1.209179 -0.000004 0.000000 0.312038 0.209821 -0.320126
    18 3.863477 -0.132587 1.332145 0.316553 -0.532806 -0.147542
    19 1.719426 -0.000004 0.000007 -0.008714 -0.308204 -1.257834
    20 1.099669 -0.000004 0.000000 -0.000002 0.002587 -0.283860
    21 0.807581 -0.343248 1.320585 -1.204521 -0.482750 -0.922723
    22 1.789783 0.000002 0.000006 -0.000002 -0.003712 0.228604
    23 1.207008 0.000009 -0.000002 0.068240 -0.043107 0.237799
    24 2.035156 0.997070 -1.937500 -1.667267 1.282923 2.944210
    25 6.028140 -0.000004 0.000001 1.564486 0.790803 -0.843202
    26 11.692560 0.000021 -0.000004 -0.000377 -0.067042 -1.812289
    27 11.481653 0.000064 0.000015 -1.176418 0.526524 0.158212
    28 3.854337 -0.131714 1.199996 1.185711 -0.224301 -1.641700
    29 1.312565 0.000000 -0.000002 0.122434 -0.179429 -0.573229
    30 0.729366 0.000004 0.000003 0.000000 -0.000110 -0.248950
    31 3.938077 0.050857 0.435164 -0.031435 -0.126224 -1.323235
    32 1.539099 0.000004 0.000002 -0.245476 0.386205 -0.367027
    33 1.196320 0.000008 0.000004 0.000000 -0.000162 -0.332870
    34 3.880859 -0.047028 -0.427490 0.125580 0.221647 -0.416549
    35 1.719571 0.000019 0.000015 -0.311136 -0.043741 -1.054644
    36 1.209175 0.000004 0.000003 0.172210 -0.116519 -0.543375
    37 3.863281 -0.148193 -1.328125 -0.141216 0.635555 -0.479029
    38 1.719421 -0.000008 -0.000008 -0.052815 0.006926 -0.449862
    39 1.099667 -0.000004 0.000000 0.156990 -0.328270 -0.887119
    40 0.807596 -0.358881 -1.312776 1.243202 0.551772 -0.740648
    41 1.789776 0.000000 0.000002 -0.000008 0.003711 0.228604
    42 1.207008 0.000007 0.000000 0.000000 0.005667 0.362991
    43 3.775391 -5.484375 -0.527832 -2.248284 -0.133216 -1.641882
  time 98
    0 -0.000003 -13.531250 -29.421875 1.570788 0.000007 -0.000007
    1 0.000000 3.345131 -2.981898 1.570789 0.086301 1.570789
    2 4.015625 0.000001 0.000000 0.000000 0.000000 -0.029241
    3 3.520294 0.000014 -0.000001 0.000000 0.000000 0.100332
    4 8.929688 0.000000 0.000000 0.000000 0.000000 0.194095
    5 2.035156 0.997070 1.937500 1.596487 -1.284993 2.943127
    6 6.028151 -0.000031 0.000004 -1.555716 -0.840844 -0.853774
    7 11.692549 0.000005 0.000011 0.048464 0.192245 -1.762030
    8 11.481670 0.000049 -0.000031 1.258690 -0.573407 0.222071
    9 3.858219 -0.135628 -1.192198 -0.462168 -0.183015 -1.143494
    10 1.312561 -0.000008 0.000000 0.000000 0.054403 -0.409014
    11 0.729362 0.000004 -0.000003 -0.000002 0.040753 -0.240990
    12 3.938059 0.050857 -0.435178 -0.058906 -0.190477 -1.052198
    13 1.539095 0.000004 -0.000002 0.000000 0.003735 -0.247814
    14 1.196325 0.000000 -0.000004 -0.000001 0.006169 -0.430818
    15 3.880859 -0.043091 0.427490 -0.476760 -0.093580 -0.824965
    16 1.719580 0.000011 -0.000015 -0.039460 -0.167701 -0.315837
    17 1.209179 -0.000004 0.000000 0.312038 0.209821 -0.320126
    18 3.863477 -0.132587 1.332145 0.316553 -0.532806 -0.147542
    19 1.719426 -0.000004 0.000007 -0.008714 -0.308204 -1.257834
    20 1.099669 -0.000004 0.000000 -0.000002 0.002587 -0.283860
    21 0.807581 -0.343248 1.320585 -1.204041 -0.482258 -0.923721
    22 1.789783 0.000002 0.000006 -0.000002 -0.003712 0.228604
    23 1.207008 0.000009 -0.000002 0.068240 -0.043107 0.237799
    24 2.035156 0.997070 -1.937500 -1.667267 1.282923 2.944210
    25 6.028140 -0.000004 0.000001 1.564474 0.790977 -0.843214
    26 11.692560 0.000021 -0.000004 -0.000377 -0.067030 -1.812236
    27 11.481653 0.000064 0.000015 -1.176919 0.526115 0.158068
    28 3.854337 -0.131714 1.199996 1.185686 -0.224301 -1.641700
    29 1.312565 0.000000 -0.000002 0.122434 -0.179429 -0.573229
    30 0.729366 0.000004 0.000003 0.000000 -0.000110 -0.248950
    31 3.938077 0.050857 0.435164 -0.031435 -0.126224 -1.323235
    32 1.539099 0.000004 0.000002 -0.245476 0.386205 -0.367027
    33 1.196320 0.000008 0.000004 0.000000 -0.000162 -0.332870
    34 3.880859 -0.047028 -0.427490 0.125580 0.221647 -0.416549
    35 1.719571 0.000019 0.000015 -0.311136 -0.043741 -1.054644
    36 1.209175 0.000004 0.000003 0.172210 -0.116519 -0.543375
    37 3.863281 -0.148193 -1.328125 -0.141216 0.635555 -0.479029
    38 1.719421 -0.000008 -0.000008 -0.052815 0.006926 -0.449862
    39 1.099667 -0.000004 0.000000 0.156990 -0.328270 -0.887119
    40 0.807596 -0.358881 -1.312776 1.243202 0.551772 -0.740648
    41 1.789776 0.000000 0.000002 -0.000008 0.003711 0.228604
    42 1.207008 0.000007 0.000000 0.000000 0.005667 0.362991
    43 3.775391 -5.484375 -0.527832 -2.248284 -0.133216 -1.641882
  time 99
    0 -0.000003 -13.531250 -29.421875 1.570788 0.000007 -0.000007
    1 0.000000 3.345131 -2.981898 1.570789 0.086301 1.570789
    2 4.015625 0.000001 0.000000 0.000000 0.000000 -0.029241
    3 3.520294 0.000014 -0.000001 0.000000 0.000000 0.100332
    4 8.929688 0.000000 0.000000 0.000000 0.000000 0.194095
    5 2.035156 0.997070 1.937500 1.596487 -1.284993 2.943127
    6 6.028151 -0.000031 0.000004 -1.555659 -0.840713 -0.853786
    7 11.692549 0.000005 0.000011 0.048464 0.192293 -1.761977
    8 11.481670 0.000049 -0.000031 1.257230 -0.574161 0.222629
    9 3.858219 -0.135628 -1.192198 -0.462168 -0.183015 -1.143494
    10 1.312561 -0.000008 0.000000 0.000000 0.054403 -0.409014
    11 0.729362 0.000004 -0.000003 -0.000002 0.040753 -0.240990
    12 3.938059 0.050857 -0.435178 -0.058906 -0.190477 -1.052198
    13 1.539095 0.000004 -0.000002 0.000000 0.003735 -0.247814
    14 1.196325 0.000000 -0.000004 -0.000001 0.006169 -0.430818
    15 3.880859 -0.043091 0.427490 -0.476760 -0.093580 -0.824965
    16 1.719580 0.000011 -0.000015 -0.039460 -0.167701 -0.315837
    17 1.209179 -0.000004 0.000000 0.312038 0.209821 -0.320126
    18 3.863477 -0.132587 1.332145 0.316553 -0.532806 -0.147542
    19 1.719426 -0.000004 0.000007 -0.008714 -0.308204 -1.257834
    20 1.099669 -0.000004 0.000000 -0.000002 0.002587 -0.283860
    21 0.807581 -0.343248 1.320585 -1.203562 -0.481755 -0.924719
    22 1.789783 0.000002 0.000006 -0.000002 -0.003712 0.228604
    23 1.207008 0.000009 -0.000002 0.068240 -0.043107 0.237799
    24 2.035156 0.997070 -1.937500 -1.667267 1.282923 2.944210
    25 6.028140 -0.000004 0.000001 1.564474 0.791152 -0.843226
    26 11.692560 0.000021 -0.000004 -0.000377 -0.067018 -1.812236
    27 11.481653 0.000064 0.000015 -1.177406 0.525723 0.157924
    28 3.854337 -0.131714 1.199996 1.185711 -0.224301 -1.641700
    29 1.312565 0.000000 -0.000002 0.122434 -0.179429 -0.573229
    30 0.729366 0.000004 0.000003 0.000000 -0.000110 -0.248950
    31 3.938077 0.050857 0.435164 -0.031435 -0.126224 -1.323235
    32 1.539099 0.000004 0.000002 -0.245476 0.386205 -0.367027
    33 1.196320 0.000008 0.000004 0.000000 -0.000162 -0.332870
    34 3.880859 -0.047028 -0.427490 0.125580 0.221647 -0.416549
    35 1.719571 0.000019 0.000015 -0.311136 -0.043741 -1.054644
    36 1.209175 0.000004 0.000003 0.172210 -0.116519 -0.543375
    37 3.863281 -0.148193 -1.328125 -0.141216 0.635555 -0.479029
    38 1.719421 -0.000008 -0.000008 -0.052815 0.006926 -0.449862
    39 1.099667 -0.000004 0.000000 0.156990 -0.328270 -0.887119
    40 0.807596 -0.358881 -1.312776 1.243202 0.551772 -0.740648
    41 1.789776 0.000000 0.000002 -0.000008 0.003711 0.228604
    42 1.207008 0.000007 0.000000 0.000000 0.005667 0.362991
    43 3.775391 -5.484375 -0.527832 -2.248284 -0.133216 -1.641882
  time 100
    0 -0.000003 -13.531250 -29.421875 1.570788 0.000007 -0.000007
    1 0.000000 3.345131 -2.981898 1.570789 0.086301 1.570789
    2 4.015625 0.000001 0.000000 0.000000 0.000000 -0.029241
    3 3.520294 0.000014 -0.000001 0.000000 0.000000 0.100332
    4 8.929688 0.000000 0.000000 0.000000 0.000000 0.194095
    5 2.035156 0.997070 1.937500 1.596487 -1.284993 2.943127
    6 6.028151 -0.000031 0.000004 -1.555601 -0.840582 -0.853810
    7 11.692549 0.000005 0.000011 0.048476 0.192329 -1.761977
    8 11.481670 0.000049 -0.000031 1.255770 -0.574915 0.223204
    9 3.858219 -0.135628 -1.192198 -0.462168 -0.183015 -1.143494
    10 1.312561 -0.000008 0.000000 0.000000 0.054403 -0.409014
    11 0.729362 0.000004 -0.000003 -0.000002 0.040753 -0.240990
    12 3.938059 0.050857 -0.435178 -0.058906 -0.190477 -1.052198
    13 1.539095 0.000004 -0.000002 0.000000 0.003735 -0.247814
    14 1.196325 0.000000 -0.000004 -0.000001 0.006169 -0.430818
    15 3.880859 -0.043091 0.427490 -0.476760 -0.093580 -0.824965
    16 1.719580 0.000011 -0.000015 -0.039460 -0.167701 -0.315837
    17 1.209179 -0.000004 0.000000 0.312038 0.209821 -0.320126
    18 3.863477 -0.132587 1.332145 0.316553 -0.532806 -0.147542
    19 1.719426 -0.000004 0.000007 -0.008714 -0.308204 -1.257834
    20 1.099669 -0.000004 0.000000 -0.000002 0.002587 -0.283860
    21 0.807581 -0.343248 1.320585 -1.203083 -0.481264 -0.925717
    22 1.789783 0.000002 0.000006 -0.000002 -0.003712 0.228604
    23 1.207008 0.000009 -0.000002 0.068240 -0.043107 0.237799
    24 2.035156 0.997070 -1.937500 -1.667267 1.282923 2.944210
    25 6.028140 -0.000004 0.000001 1.564462 0.791302 -0.843238
    26 11.692560 0.000021 -0.000004 -0.000377 -0.067018 -1.812182
    27 11.481653 0.000064 0.000015 -1.177908 0.525331 0.157780
    28 3.854337 -0.131714 1.199996 1.185686 -0.224301 -1.641700
    29 1.312565 0.000000 -0.000002 0.122434 -0.179429 -0.573229
    30 0.729366 0.000004 0.000003 0.000000 -0.000110 -0.248950
    31 3.938077 0.050857 0.435164 -0.031435 -0.126224 -1.323235
    32 1.539099 0.000004 0.000002 -0.245476 0.386205 -0.367027
    33 1.196320 0.000008 0.000004 0.000000 -0.000162 -0.332870
    34 3.880859 -0.047028 -0.427490 0.125580 0.221647 -0.416549
    35 1.719571 0.000019 0.000015 -0.311136 -0.043741 -1.054644
    36 1.209175 0.000004 0.000003 0.172210 -0.116519 -0.543375
    37 3.863281 -0.148193 -1.328125 -0.141216 0.635555 -0.479029
    38 1.719421 -0.000008 -0.000008 -0.052815 0.006926 -0.449862
    39 1.099667 -0.000004 0.000000 0.156990 -0.328270 -0.887119
    40 0.811503 -0.358881 -1.312776 1.243202 0.551772 -0.740648
    41 1.789776 0.000000 0.000002 -0.000008 0.003711 0.228604
    42 1.207008 0.000007 0.000000 0.000000 0.005667 0.362991
    43 3.775391 -5.484375 -0.527832 -2.248284 -0.133216 -1.641882
  time 101
    0 -0.000003 -13.531250 -29.421875 1.570788 0.000007 -0.000007
    1 0.000000 3.345131 -2.981898 1.570789 0.086301 1.570789
    2 4.015625 0.000001 0.000000 0.000000 0.000000 -0.029241
    3 3.520294 0.000014 -0.000001 0.000000 0.000000 0.100332
    4 8.929688 0.000000 0.000000 0.000000 0.000000 0.194095
    5 2.035156 0.997070 1.937500 1.596487 -1.284993 2.943127
    6 6.028151 -0.000031 0.000004 -1.555543 -0.840451 -0.853810
    7 11.692549 0.000005 0.000011 0.048488 0.192365 -1.761924
    8 11.481670 0.000049 -0.000031 1.254359 -0.575649 0.223762
    9 3.858219 -0.135628 -1.192198 -0.462168 -0.183015 -1.143494
    10 1.312561 -0.000008 0.000000 0.000000 0.054403 -0.409014
    11 0.729362 0.000004 -0.000003 -0.000002 0.040753 -0.240990
    12 3.938059 0.050857 -0.435178 -0.058906 -0.190477 -1.052198
    13 1.539095 0.000004 -0.000002 0.000000 0.003735 -0.247814
    14 1.196325 0.000000 -0.000004 -0.000001 0.006169 -0.430818
    15 3.880859 -0.043091 0.427490 -0.476760 -0.093580 -0.824965
    16 1.719580 0.000011 -0.000015 -0.039460 -0.167701 -0.315837
    17 1.209179 -0.000004 0.000000 0.312038 0.209821 -0.320126
    18 3.863477 -0.132587 1.332145 0.316553 -0.532806 -0.147542
    19 1.719426 -0.000004 0.000007 -0.008714 -0.308204 -1.257834
    20 1.099669 -0.000004 0.000000 -0.000002 0.002587 -0.283860
    21 0.807581 -0.343248 1.320585 -1.202615 -0.480784 -0.926702
    22 1.789783 0.000002 0.000006 -0.000002 -0.003712 0.228604
    23 1.207008 0.000009 -0.000002 0.068240 -0.043107 0.237799
    24 2.035156 0.997070 -1.937500 -1.667267 1.282923 2.944210
    25 6.028140 -0.000004 0.000001 1.564438 0.791476 -0.843250
    26 11.692560 0.000021 -0.000004 -0.000377 -0.067006 -1.812182
    27 11.481653 0.000064 0.000015 -1.178395 0.524939 0.157637
    28 3.854337 -0.131714 1.199996 1.185686 -0.224301 -1.641700
    29 1.312565 0.000000 -0.000002 0.122434 -0.179429 -0.573229
    30 0.729366 0.000004 0.000003 0.000000 -0.000110 -0.248950
    31 3.938077 0.050857 0.435164 -0.031435 -0.126224 -1.323235
    32 1.539099 0.000004 0.000002 -0.245476 0.386205 -0.367027
    33 1.196320 0.000008 0.000004 0.000000 -0.000162 -0.332870
    34 3.880859 -0.047028 -0.427490 0.125580 0.221647 -0.416549
    35 1.719571 0.000019 0.000015 -0.311136 -0.043741 -1.054644
    36 1.209175 0.000004 0.000003 0.172210 -0.116519 -0.543375
    37 3.863281 -0.148193 -1.328125 -0.141216 0.635555 -0.479029
    38 1.719421 -0.000008 -0.000008 -0.052815 0.006926 -0.449862
    39 1.099667 -0.000004 0.000000 0.156990 -0.328270 -0.887119
    40 0.807596 -0.358881 -1.312776 1.243202 0.551772 -0.740648
    41 1.789776 0.000000 0.000002 -0.000008 0.003711 0.228604
    42 1.207008 0.000007 0.000000 0.000000 0.005667 0.362991
    43 3.775391 -5.484375 -0.527832 -2.248284 -0.133216 -1.641882
  time 102
    0 -0.000003 -13.531250 -29.421875 1.570788 0.000007 -0.000007
    1 0.000000 3.345131 -2.981898 1.570789 0.086301 1.570789
    2 4.015625 0.000001 0.000000 0.000000 0.000000 -0.029241
    3 3.520294 0.000014 -0.000001 0.000000 0.000000 0.100332
    4 8.929688 0.000000 0.000000 0.000000 0.000000 0.194095
    5 2.035156 0.997070 1.937500 1.596487 -1.284993 2.943127
    6 6.028151 -0.000031 0.000004 -1.555485 -0.840320 -0.853822
    7 11.692549 0.000005 0.000011 0.048488 0.192400 -1.761871
    8 11.481670 0.000049 -0.000031 1.252947 -0.576384 0.224321
    9 3.858219 -0.135628 -1.192198 -0.462168 -0.183015 -1.143494
    10 1.312561 -0.000008 0.000000 0.000000 0.054403 -0.409014
    11 0.729362 0.000004 -0.000003 -0.000002 0.040753 -0.240990
    12 3.938059 0.050857 -0.435178 -0.058906 -0.190477 -1.052198
    13 1.539095 0.000004 -0.000002 0.000000 0.003735 -0.247814
    14 1.196325 0.000000 -0.000004 -0.000001 0.006169 -0.430818
    15 3.880859 -0.043091 0.427490 -0.476760 -0.093580 -0.824965
    16 1.719580 0.000011 -0.000015 -0.039460 -0.167701 -0.315837
    17 1.209179 -0.000004 0.000000 0.312038 0.209821 -0.320126
    18 3.863477 -0.132587 1.332145 0.316553 -0.532806 -0.147542
    19 1.719426 -0.000004 0.000007 -0.008714 -0.308204 -1.257834
    20 1.099669 -0.000004 0.000000 -0.000002 0.002587 -0.283860
    21 0.807581 -0.343248 1.320585 -1.202148 -0.480305 -0.927663
    22 1.789783 0.000002 0.000006 -0.000002 -0.003712 0.228604
    23 1.207008 0.000009 -0.000002 0.068240 -0.043107 0.237799
    24 2.035156 0.997070 -1.937500 -1.667267 1.282923 2.944210
    25 6.028140 -0.000004 0.000001 1.564426 0.791651 -0.843274
    26 11.692560 0.000021 -0.000004 -0.000377 -0.066994 -1.812129
    27 11.481653 0.000064 0.000015 -1.178869 0.524546 0.157505
    28 3.854337 -0.131714 1.199996 1.185686 -0.224301 -1.641700
    29 1.312565 0.000000 -0.000002 0.122434 -0.179429 -0.573229
    30 0.729366 0.000004 0.000003 0.000000 -0.000110 -0.248950
    31 3.941984 0.050857 0.435164 -0.031435 -0.126224 -1.323235
    32 1.539099 0.000004 0.000002 -0.245476 0.386205 -0.367027
    33 1.196320 0.000008 0.000004 0.000000 -0.000162 -0.332870
    34 3.880859 -0.047028 -0.427490 0.125580 0.221647 -0.416549
    35 1.719571 0.000019 0.000015 -0.311136 -0.043741 -1.054644
    36 1.209175 0.000004 0.000003 0.172210 -0.116519 -0.543375
    37 3.863281 -0.148193 -1.328125 -0.141216 0.635555 -0.479029
    38 1.719421 -0.000008 -0.000008 -0.052815 0.006926 -0.449862
    39 1.099667 -0.000004 0.000000 0.156990 -0.328270 -0.887119
    40 0.807596 -0.358881 -1.316682 1.243202 0.551772 -0.740648
    41 1.789776 0.000000 0.000002 -0.000008 0.003711 0.228604
    42 1.207008 0.000007 0.000000 0.000000 0.005667 0.362991
    43 3.775391 -5.484375 -0.527832 -2.248284 -0.133216 -1.641882
  time 103
    0 -0.000003 -13.531250 -29.421875 1.570788 0.000007 -0.000007
    1 0.000000 3.345131 -2.981898 1.570789 0.086301 1.570789
    2 4.015625 0.000001 0.000000 0.000000 0.000000 -0.029241
    3 3.520294 0.000014 -0.000001 0.000000 0.000000 0.100332
    4 8.929688 0.000000 0.000000 0.000000 0.000000 0.194095
    5 2.035156 0.997070 1.937500 1.596487 -1.284993 2.943127
    6 6.028151 -0.000031 0.000004 -1.555427 -0.840188 -0.853834
    7 11.692549 0.000005 0.000011 0.048500 0.192436 -1.761818
    8 11.481670 0.000049 -0.000031 1.251536 -0.577099 0.224863
    9 3.858219 -0.135628 -1.192198 -0.462168 -0.183015 -1.143494
    10 1.312561 -0.000008 0.000000 0.000000 0.054403 -0.409014
    11 0.729362 0.000004 -0.000003 -0.000002 0.040753 -0.240990
    12 3.938059 0.050857 -0.435178 -0.058906 -0.190477 -1.052198
    13 1.539095 0.000004 -0.000002 0.000000 0.003735 -0.247814
    14 1.196325 0.000000 -0.000004 -0.000001 0.006169 -0.430818
    15 3.880859 -0.043091 0.427490 -0.476760 -0.093580 -0.824965
    16 1.719580 0.000011 -0.000015 -0.039460 -0.167701 -0.315837
    17 1.209179 -0.000004 0.000000 0.312038 0.209821 -0.320126
    18 3.863477 -0.132587 1.332145 0.316553 -0.532806 -0.147542
    19 1.719426 -0.000004 0.000007 -0.008714 -0.308204 -1.257834
    20 1.099669 -0.000004 0.000000 -0.000002 0.002587 -0.283860
    21 0.807581 -0.343248 1.320585 -1.201704 -0.479838 -0.928611
    22 1.789783 0.000002 0.000006 -0.000002 -0.003712 0.228604
    23 1.207008 0.000009 -0.000002 0.068240 -0.043107 0.237799
    24 2.035156 0.997070 -1.937500 -1.667267 1.282923 2.944210
    25 6.028140 -0.000004 0.000001 1.564402 0.791800 -0.843286
    26 11.692560 0.000021 -0.000004 -0.000377 -0.066994 -1.812129
    27 11.481653 0.000064 0.000015 -1.179343 0.524170 0.157361
    28 3.854337 -0.127808 1.199996 1.185686 -0.224301 -1.641700
    29 1.312565 0.000000 -0.000002 0.122434 -0.179429 -0.573229
    30 0.729366 0.000004 0.000003 0.000000 -0.000110 -0.248950
    31 3.938077 0.050857 0.435164 -0.031435 -0.126224 -1.323235
    32 1.539099 0.000004 0.000002 -0.245476 0.386205 -0.367027
    33 1.196320 0.000008 0.000004 0.000000 -0.000162 -0.332870
    34 3.880859 -0.047028 -0.427490 0.125580 0.221647 -0.416549
    35 1.719571 0.000019 0.000015 -0.311136 -0.043741 -1.054644
    36 1.209175 0.000004 0.000003 0.172210 -0.116519 -0.543375
    37 3.863281 -0.148193 -1.328125 -0.141216 0.635555 -0.479029
    38 1.719421 -0.000008 -0.000008 -0.052815 0.006926 -0.449862
    39 1.099667 -0.000004 0.000000 0.156990 -0.328270 -0.887119
    40 0.807596 -0.358881 -1.312776 1.243202 0.551772 -0.740648
    41 1.789776 0.000000 0.000002 -0.000008 0.003711 0.228604
    42 1.207008 0.000007 0.000000 0.000000 0.005667 0.362991
    43 3.775391 -5.484375 -0.527832 -2.248284 -0.133216 -1.641882
  time 104
    0 -0.000003 -13.531250 -29.421875 1.570788 0.000007 -0.000007
    1 0.000000 3.345131 -2.981898 1.570789 0.086301 1.570789
    2 4.015625 0.000001 0.000000 0.000000 0.000000 -0.029241
    3 3.520294 0.000014 -0.000001 0.000000 0.000000 0.100332
    4 8.929688 0.000000 0.000000 0.000000 0.000000 0.194095
    5 2.035156 0.997070 1.937500 1.596487 -1.284993 2.943127
    6 6.028151 -0.000031 0.000004 -1.555389 -0.840057 -0.853846
    7 11.692549 0.000005 0.000011 0.048500 0.192472 -1.761818
    8 11.481670 0.000049 -0.000031 1.250222 -0.577795 0.225388
    9 3.858219 -0.135628 -1.192198 -0.462168 -0.183015 -1.143494
    10 1.312561 -0.000008 0.000000 0.000000 0.054403 -0.409014
    11 0.729362 0.000004 -0.000003 -0.000002 0.040753 -0.240990
    12 3.941966 0.050857 -0.435178 -0.058906 -0.190477 -1.052198
    13 1.539095 0.000004 -0.000002 0.000000 0.003735 -0.247814
    14 1.196325 0.000000 -0.000004 -0.000001 0.006169 -0.430818
    15 3.880859 -0.043091 0.427490 -0.476760 -0.093580 -0.824965
    16 1.719580 0.000011 -0.000015 -0.039460 -0.167701 -0.315837
    17 1.209179 -0.000004 0.000000 0.312038 0.209821 -0.320126
    18 3.863477 -0.132587 1.332145 0.316553 -0.532806 -0.147542
    19 1.719426 -0.000004 0.000007 -0.008714 -0.308204 -1.257834
    20 1.099669 -0.000004 0.000000 -0.000002 0.002587 -0.283860
    21 0.807581 -0.343248 1.320585 -1.201273 -0.479382 -0.929522
    22 1.789783 0.000002 0.000006 -0.000002 -0.003712 0.228604
    23 1.207008 0.000009 -0.000002 0.068240 -0.043107 0.237799
    24 2.035156 0.997070 -1.937500 -1.667267 1.282923 2.944210
    25 6.028140 -0.000004 0.000001 1.564378 0.791950 -0.843311
    26 11.692560 0.000021 -0.000004 -0.000377 -0.066982 -1.812129
    27 11.481653 0.000064 0.000015 -1.179790 0.523811 0.157229
    28 3.854337 -0.131714 1.199996 1.185711 -0.224301 -1.641700
    29 1.312565 0.000000 -0.000002 0.122434 -0.179429 -0.573229
    30 0.729366 0.000004 0.000003 0.000000 -0.000110 -0.248950
    31 3.941984 0.050857 0.435164 -0.031435 -0.126224 -1.323235
    32 1.539099 0.000004 0.000002 -0.245476 0.386205 -0.367027
    33 1.196320 0.000008 0.000004 0.000000 -0.000162 -0.332870
    34 3.880859 -0.047028 -0.427490 0.125580 0.221647 -0.416549
    35 1.719571 0.000019 0.000015 -0.311136 -0.043741 -1.054644
    36 1.209175 0.000004 0.000003 0.172210 -0.116519 -0.543375
    37 3.863281 -0.148193 -1.328125 -0.141216 0.635555 -0.479029
    38 1.719421 -0.000008 -0.000008 -0.052815 0.006926 -0.449862
    39 1.099667 -0.000004 0.000000 0.156990 -0.328270 -0.887119
    40 0.811503 -0.358881 -1.312776 1.243202 0.551772 -0.740648
    41 1.789776 0.000000 0.000002 -0.000008 0.003711 0.228604
    42 1.207008 0.000007 0.000000 0.000000 0.005667 0.362991
    43 3.775391 -5.484375 -0.527832 -2.248284 -0.133216 -1.641882
  time 105
    0 -0.000003 -13.531250 -29.421875 1.570788 0.000007 -0.000007
    1 0.000000 3.345131 -2.981898 1.570789 0.086301 1.570789
    2 4.015625 0.000001 0.000000 0.000000 0.000000 -0.029241
    3 3.520294 0.000014 -0.000001 0.000000 0.000000 0.100332
    4 8.929688 0.000000 0.000000 0.000000 0.000000 0.194095
    5 2.035156 0.997070 1.937500 1.596487 -1.284993 2.943127
    6 6.028151 -0.000031 0.000004 -1.555331 -0.839959 -0.853858
    7 11.692549 0.000005 0.000011 0.048512 0.192508 -1.761765
    8 11.481670 0.000049 -0.000031 1.248908 -0.578471 0.225897
    9 3.858219 -0.135628 -1.192198 -0.462168 -0.183015 -1.143494
    10 1.312561 -0.000008 0.000000 0.000000 0.054403 -0.409014
    11 0.729362 0.000004 -0.000003 -0.000002 0.040753 -0.240990
    12 3.938059 0.050857 -0.435178 -0.058906 -0.190477 -1.052198
    13 1.539095 0.000004 -0.000002 0.000000 0.003735 -0.247814
    14 1.196325 0.000000 -0.000004 -0.000001 0.006169 -0.430818
    15 3.880859 -0.043091 0.427490 -0.476760 -0.093580 -0.824965
    16 1.719580 0.000011 -0.000015 -0.039460 -0.167701 -0.315837
    17 1.209179 -0.000004 0.000000 0.312038 0.209821 -0.320126
    18 3.863477 -0.132587 1.332145 0.316553 -0.532806 -0.147542
    19 1.719426 -0.000004 0.000007 -0.008714 -0.308204 -1.257834
    20 1.099669 -0.000004 0.000000 -0.000002 0.002587 -0.283860
    21 0.807581 -0.343248 1.320585 -1.200853 -0.478951 -0.930407
    22 1.789783 0.000002 0.000006 -0.000002 -0.003712 0.228604
    23 1.207008 0.000009 -0.000002 0.068240 -0.043107 0.237799
    24 2.035156 0.997070 -1.937500 -1.667267 1.282923 2.944210
    25 6.028140 -0.000004 0.000001 1.564354 0.792100 -0.843323
    26 11.692560 0.000021 -0.000004 -0.000388 -0.066982 -1.812075
    27 11.481653 0.000064 0.000015 -1.180223 0.523451 0.157109
    28 3.854337 -0.131714 1.199996 1.185711 -0.224301 -1.641700
    29 1.312565 0.000000 -0.000002 0.122434 -0.179429 -0.573229
    30 0.729366 0.000004 0.000003 0.000000 -0.000110 -0.248950
    31 3.938077 0.050857 0.435164 -0.031435 -0.126224 -1.323235
    32 1.539099 0.000004 0.000002 -0.245476 0.386205 -0.367027
    33 1.196320 0.000008 0.000004 0.000000 -0.000162 -0.332870
    34 3.880859 -0.047028 -0.427490 0.125580 0.221647 -0.416549
    35 1.719571 0.000019 0.000015 -0.311136 -0.043741 -1.054644
    36 1.209175 0.000004 0.000003 0.172210 -0.116519 -0.543375
    37 3.863281 -0.148193 -1.328125 -0.141216 0.635555 -0.479029
    38 1.719421 -0.000008 -0.000008 -0.052815 0.006926 -0.449862
    39 1.099667 -0.000004 0.000000 0.156990 -0.328270 -0.887119
    40 0.811503 -0.358881 -1.312776 1.243202 0.551772 -0.740648
    41 1.789776 0.000000 0.000002 -0.000008 0.003711 0.228604
    42 1.207008 0.000007 0.000000 0.000000 0.005667 0.362991
    43 3.775391 -5.484375 -0.527832 -2.248284 -0.133216 -1.641882
  time 106
    0 -0.000003 -13.531250 -29.421875 1.570788 0.000007 -0.000007
    1 0.000000 3.345131 -2.981898 1.570789 0.086301 1.570789
    2 4.015625 0.000001 0.000000 0.000000 0.000000 -0.029241
    3 3.520294 0.000014 -0.000001 0.000000 0.000000 0.100332
    4 8.929688 0.000000 0.000000 0.000000 0.000000 0.194095
    5 2.035156 0.997070 1.937500 1.596487 -1.284993 2.943127
    6 6.028151 -0.000031 0.000004 -1.555292 -0.839828 -0.853858
    7 11.692549 0.000005 0.000011 0.048512 0.192544 -1.761712
    8 11.481670 0.000049 -0.000031 1.247692 -0.579109 0.226373
    9 3.858219 -0.135628 -1.192198 -0.462168 -0.183015 -1.143494
    10 1.312561 -0.000008 0.000000 0.000000 0.054403 -0.409014
    11 0.729362 0.000004 -0.000003 -0.000002 0.040753 -0.240990
    12 3.941966 0.050857 -0.435178 -0.058906 -0.190477 -1.052198
    13 1.539095 0.000004 -0.000002 0.000000 0.003735 -0.247814
    14 1.196325 0.000000 -0.000004 -0.000001 0.006169 -0.430818
    15 3.880859 -0.043091 0.427490 -0.476760 -0.093580 -0.824965
    16 1.719580 0.000011 -0.000015 -0.039460 -0.167701 -0.315837
    17 1.209179 -0.000004 0.000000 0.312038 0.209821 -0.320126
    18 3.867384 -0.132587 1.332145 0.316553 -0.532806 -0.147542
    19 1.719426 -0.000004 0.000007 -0.008714 -0.308204 -1.257834
    20 1.099669 -0.000004 0.000000 -0.000002 0.002587 -0.283860
    21 0.807581 -0.343248 1.320585 -1.200446 -0.478531 -0.931256
    22 1.789783 0.000002 0.000006 -0.000002 -0.003712 0.228604
    23 1.207008 0.000009 -0.000002 0.068240 -0.043107 0.237799
    24 2.035156 0.997070 -1.937500 -1.667267 1.282923 2.944210
    25 6.028140 -0.000004 0.000001 1.564342 0.792249 -0.843347
    26 11.692560 0.000021 -0.000004 -0.000388 -0.066970 -1.812075
    27 11.481653 0.000064 0.000015 -1.180643 0.523124 0.156989
    28 3.854337 -0.127808 1.199996 1.185711 -0.224301 -1.641700
    29 1.312565 0.000000 -0.000002 0.122434 -0.179429 -0.573229
    30 0.729366 0.000004 0.000003 0.000000 -0.000110 -0.248950
    31 3.938077 0.050857 0.435164 -0.031435 -0.126224 -1.323235
    32 1.539099 0.000004 0.000002 -0.245476 0.386205 -0.367027
    33 1.196320 0.000008 0.000004 0.000000 -0.000162 -0.332870
    34 3.880859 -0.047028 -0.427490 0.125580 0.221647 -0.416549
    35 1.719571 0.000019 0.000015 -0.311136 -0.043741 -1.054644
    36 1.209175 0.000004 0.000003 0.172210 -0.116519 -0.543375
    37 3.863281 -0.148193 -1.328125 -0.141216 0.635555 -0.479029
    38 1.719421 -0.000008 -0.000008 -0.052815 0.006926 -0.449862
    39 1.099667 -0.000004 0.000000 0.156990 -0.328270 -0.887119
    40 0.807596 -0.358881 -1.312776 1.243202 0.551772 -0.740648
    41 1.789776 0.000000 0.000002 -0.000008 0.003711 0.228604
    42 1.207008 0.000007 0.000000 0.000000 0.005667 0.362991
    43 3.775391 -5.484375 -0.527832 -2.248284 -0.133216 -1.641882
  time 107
    0 -0.000003 -13.531250 -29.421875 1.570788 0.000007 -0.000007
    1 0.000000 3.345131 -2.981898 1.570789 0.086301 1.570789
    2 4.015625 0.000001 0.000000 0.000000 0.000000 -0.029241
    3 3.520294 0.000014 -0.000001 0.000000 0.000000 0.100332
    4 8.929688 0.000000 0.000000 0.000000 0.000000 0.194095
    5 2.035156 0.997070 1.937500 1.596487 -1.284993 2.943127
    6 6.028151 -0.000031 0.000004 -1.555254 -0.839729 -0.853870
    7 11.692549 0.000005 0.000011 0.048524 0.192568 -1.761712
    8 11.481670 0.000049 -0.000031 1.246524 -0.579727 0.226849
    9 3.858219 -0.135628 -1.192198 -0.462168 -0.183015 -1.143494
    10 1.312561 -0.000008 0.000000 0.000000 0.054403 -0.409014
    11 0.729362 0.000004 -0.000003 -0.000002 0.040753 -0.240990
    12 3.941966 0.050857 -0.435178 -0.058906 -0.190477 -1.052198
    13 1.539095 0.000004 -0.000002 0.000000 0.003735 -0.247814
    14 1.196325 0.000000 -0.000004 -0.000001 0.006169 -0.430818
    15 3.880859 -0.043091 0.427490 -0.476760 -0.093580 -0.824965
    16 1.719580 0.000011 -0.000015 -0.039460 -0.167701 -0.315837
    17 1.209179 -0.000004 0.000000 0.312038 0.209821 -0.320126
    18 3.863477 -0.132587 1.332145 0.316553 -0.532806 -0.147542
    19 1.719426 -0.000004 0.000007 -0.008714 -0.308204 -1.257834
    20 1.099669 -0.000004 0.000000 -0.000002 0.002587 -0.283860
    21 0.807581 -0.343248 1.320585 -1.200063 -0.478124 -0.932054
    22 1.789783 0.000002 0.000006 -0.000002 -0.003712 0.228604
    23 1.207008 0.000009 -0.000002 0.068240 -0.043107 0.237799
    24 2.035156 0.997070 -1.937500 -1.667267 1.282923 2.944210
    25 6.028140 -0.000004 0.000001 1.564318 0.792374 -0.843359
    26 11.692560 0.000021 -0.000004 -0.000388 -0.066970 -1.812075
    27 11.481653 0.000064 0.000015 -1.181049 0.522797 0.156870
    28 3.854337 -0.131714 1.199996 1.185686 -0.224301 -1.641700
    29 1.312565 0.000000 -0.000002 0.122434 -0.179429 -0.573229
    30 0.729366 0.000004 0.000003 0.000000 -0.000110 -0.248950
    31 3.941984 0.050857 0.435164 -0.031435 -0.126224 -1.323235
    32 1.539099 0.000004 0.000002 -0.245476 0.386205 -0.367027
    33 1.196320 0.000008 0.000004 0.000000 -0.000162 -0.332870
    34 3.880859 -0.047028 -0.427490 0.125580 0.221647 -0.416549
    35 1.719571 0.000019 0.000015 -0.311136 -0.043741 -1.054644
    36 1.209175 0.000004 0.000003 0.172210 -0.116519 -0.543375
    37 3.863281 -0.148193 -1.328125 -0.141216 0.635555 -0.479029
    38 1.719421 -0.000008 -0.000008 -0.052815 0.006926 -0.449862
    39 1.099667 -0.000004 0.000000 0.156990 -0.328270 -0.887119
    40 0.807596 -0.358881 -1.316682 1.243202 0.551772 -0.740648
    41 1.789776 0.000000 0.000002 -0.000008 0.003711 0.228604
    42 1.207008 0.000007 0.000000 0.000000 0.005667 0.362991
    43 3.775391 -5.484375 -0.527832 -2.248284 -0.133216 -1.641882
  time 108
    0 -0.000003 -13.531250 -29.421875 1.570788 0.000007 -0.000007
    1 0.000000 3.345131 -2.981898 1.570789 0.086301 1.570789
    2 4.015625 0.000001 0.000000 0.000000 0.000000 -0.029241
    3 3.520294 0.000014 -0.000001 0.000000 0.000000 0.100332
    4 8.929688 0.000000 0.000000 0.000000 0.000000 0.194095
    5 2.035156 0.997070 1.937500 1.596487 -1.284993 2.943127
    6 6.028151 -0.000031 0.000004 -1.555215 -0.839631 -0.853870
    7 11.692549 0.000005 0.000011 0.048524 0.192592 -1.761659
    8 11.481670 0.000049 -0.000031 1.245404 -0.580288 0.227276
    9 3.858219 -0.135628 -1.192198 -0.462168 -0.183015 -1.143494
    10 1.312561 -0.000008 0.000000 0.000000 0.054403 -0.409014
    11 0.729362 0.000004 -0.000003 -0.000002 0.040753 -0.240990
    12 3.938059 0.050857 -0.435178 -0.058906 -0.190477 -1.052198
    13 1.539095 0.000004 -0.000002 0.000000 0.003735 -0.247814
    14 1.196325 0.000000 -0.000004 -0.000001 0.006169 -0.430818
    15 3.880859 -0.043091 0.427490 -0.476760 -0.093580 -0.824965
    16 1.719580 0.000011 -0.000015 -0.039460 -0.167701 -0.315837
    17 1.209179 -0.000004 0.000000 0.312038 0.209821 -0.320126
    18 3.863477 -0.132587 1.332145 0.316553 -0.532806 -0.147542
    19 1.719426 -0.000004 0.000007 -0.008714 -0.308204 -1.257834
    20 1.099669 -0.000004 0.000000 -0.000002 0.002587 -0.283860
    21 0.807581 -0.343248 1.320585 -1.199703 -0.477752 -0.932815
    22 1.789783 0.000002 0.000006 -0.000002 -0.003712 0.228604
    23 1.207008 0.000009 -0.000002 0.068240 -0.043107 0.237799
    24 2.035156 0.997070 -1.937500 -1.667267 1.282923 2.944210
    25 6.028140 -0.000004 0.000001 1.564294 0.792499 -0.843383
    26 11.692560 0.000021 -0.000004 -0.000388 -0.066970 -1.812022
    27 11.481653 0.000064 0.000015 -1.181428 0.522487 0.156762
    28 3.854337 -0.127808 1.199996 1.185711 -0.224301 -1.641700
    29 1.312565 0.000000 -0.000002 0.122434 -0.179429 -0.573229
    30 0.729366 0.000004 0.000003 0.000000 -0.000110 -0.248950
    31 3.938077 0.050857 0.435164 -0.031435 -0.126224 -1.323235
    32 1.539099 0.000004 0.000002 -0.245476 0.386205 -0.367027
    33 1.196320 0.000008 0.000004 0.000000 -0.000162 -0.332870
    34 3.880859 -0.047028 -0.427490 0.125580 0.221647 -0.416549
    35 1.719571 0.000019 0.000015 -0.311136 -0.043741 -1.054644
    36 1.209175 0.000004 0.000003 0.172210 -0.116519 -0.543375
    37 3.863281 -0.148193 -1.328125 -0.141216 0.635555 -0.479029
    38 1.719421 -0.000008 -0.000008 -0.052815 0.006926 -0.449862
    39 1.099667 -0.000004 0.000000 0.156990 -0.328270 -0.887119
    40 0.807596 -0.358881 -1.312776 1.243202 0.551772 -0.740648
    41 1.789776 0.000000 0.000002 -0.000008 0.003711 0.228604
    42 1.207008 0.000007 0.000000 0.000000 0.005667 0.362991
    43 3.775391 -5.484375 -0.527832 -2.248284 -0.133216 -1.641882
  time 109
    0 -0.000003 -13.531250 -29.421875 1.570788 0.000007 -0.000007
    1 0.000000 3.345131 -2.981898 1.570789 0.086301 1.570789
    2 4.015625 0.000001 0.000000 0.000000 0.000000 -0.029241
    3 3.520294 0.000014 -0.000001 0.000000 0.000000 0.100332
    4 8.929688 0.000000 0.000000 0.000000 0.000000 0.194095
    5 2.035156 0.997070 1.937500 1.596487 -1.284993 2.943127
    6 6.028151 -0.000031 0.000004 -1.555177 -0.839532 -0.853882
    7 11.692549 0.000005 0.000011 0.048536 0.192616 -1.761659
    8 11.481670 0.000049 -0.000031 1.244334 -0.580829 0.227687
    9 3.858219 -0.135628 -1.192198 -0.462168 -0.183015 -1.143494
    10 1.312561 -0.000008 0.000000 0.000000 0.054403 -0.409014
    11 0.729362 0.000004 -0.000003 -0.000002 0.040753 -0.240990
    12 3.938059 0.050857 -0.435178 -0.058906 -0.190477 -1.052198
    13 1.539095 0.000004 -0.000002 0.000000 0.003735 -0.247814
    14 1.196325 0.000000 -0.000004 -0.000001 0.006169 -0.430818
    15 3.880859 -0.043091 0.427490 -0.476760 -0.093580 -0.824965
    16 1.719580 0.000011 -0.000015 -0.039460 -0.167701 -0.315837
    17 1.209179 -0.000004 0.000000 0.312038 0.209821 -0.320126
    18 3.863477 -0.132587 1.332145 0.316553 -0.532806 -0.147542
    19 1.719426 -0.000004 0.000007 -0.008714 -0.308204 -1.257834
    20 1.099669 -0.000004 0.000000 -0.000002 0.002587 -0.283860
    21 0.807581 -0.343248 1.320585 -1.199367 -0.477393 -0.933526
    22 1.789783 0.000002 0.000006 -0.000002 -0.003712 0.228604
    23 1.207008 0.000009 -0.000002 0.068240 -0.043107 0.237799
    24 2.035156 0.997070 -1.937500 -1.667267 1.282923 2.944210
    25 6.028140 -0.000004 0.000001 1.564270 0.792623 -0.843407
    26 11.692560 0.000021 -0.000004 -0.000388 -0.066958 -1.812022
    27 11.481653 0.000064 0.000015 -1.181780 0.522209 0.156666
    28 3.854337 -0.127808 1.199996 1.185711 -0.224301 -1.641700
    29 1.312565 0.000000 -0.000002 0.122434 -0.179429 -0.573229
    30 0.729366 0.000004 0.000003 0.000000 -0.000110 -0.248950
    31 3.938077 0.050857 0.435164 -0.031435 -0.126224 -1.323235
    32 1.539099 0.000004 0.000002 -0.245476 0.386205 -0.367027
    33 1.196320 0.000008 0.000004 0.000000 -0.000162 -0.332870
    34 3.880859 -0.047028 -0.427490 0.125580 0.221647 -0.416549
    35 1.719571 0.000019 0.000015 -0.311136 -0.043741 -1.054644
    36 1.209175 0.000004 0.000003 0.172210 -0.116519 -0.543375
    37 3.863281 -0.148193 -1.328125 -0.141216 0.635555 -0.479029
    38 1.719421 -0.000008 -0.000008 -0.052815 0.006926 -0.449862
    39 1.099667 -0.000004 0.000000 0.156990 -0.328270 -0.887119
    40 0.807596 -0.358881 -1.312776 1.243202 0.551772 -0.740648
    41 1.789776 0.000000 0.000002 -0.000008 0.003711 0.228604
    42 1.207008 0.000007 0.000000 0.000000 0.005667 0.362991
    43 3.775391 -5.484375 -0.527832 -2.248284 -0.133216 -1.641882
  time 110
    0 -0.000003 -13.531250 -29.421875 1.570788 0.000007 -0.000007
    1 0.000000 3.345131 -2.981898 1.570789 0.086301 1.570789
    2 4.015625 0.000001 0.000000 0.000000 0.000000 -0.029241
    3 3.520294 0.000014 -0.000001 0.000000 0.000000 0.100332
    4 8.929688 0.000000 0.000000 0.000000 0.000000 0.194095
    5 2.035156 0.997070 1.937500 1.596487 -1.284993 2.943127
    6 6.028151 -0.000031 0.000004 -1.555138 -0.839434 -0.853882
    7 11.692549 0.000005 0.000011 0.048536 0.192640 -1.761606
    8 11.481670 0.000049 -0.000031 1.243361 -0.581332 0.228081
    9 3.858219 -0.135628 -1.192198 -0.462168 -0.183015 -1.143494
    10 1.312561 -0.000008 0.000000 0.000000 0.054403 -0.409014
    11 0.729362 0.000004 -0.000003 -0.000002 0.040753 -0.240990
    12 3.938059 0.050857 -0.435178 -0.058906 -0.190477 -1.052198
    13 1.539095 0.000004 -0.000002 0.000000 0.003735 -0.247814
    14 1.196325 0.000000 -0.000004 -0.000001 0.006169 -0.430818
    15 3.880859 -0.043091 0.427490 -0.476760 -0.093580 -0.824965
    16 1.719580 0.000011 -0.000015 -0.039460 -0.167701 -0.315837
    17 1.209179 -0.000004 0.000000 0.312038 0.209821 -0.320126
    18 3.863477 -0.132587 1.332145 0.316553 -0.532806 -0.147542
    19 1.719426 -0.000004 0.000007 -0.008714 -0.308204 -1.257834
    20 1.099669 -0.000004 0.000000 -0.000002 0.002587 -0.283860
    21 0.807581 -0.343248 1.316678 -1.199056 -0.477057 -0.934187
    22 1.789783 0.000002 0.000006 -0.000002 -0.003712 0.228604
    23 1.207008 0.000009 -0.000002 0.068240 -0.043107 0.237799
    24 2.035156 0.997070 -1.937500 -1.667267 1.282923 2.944210
    25 6.028140 -0.000004 0.000001 1.564246 0.792723 -0.843419
    26 11.692560 0.000021 -0.000004 -0.000388 -0.066958 -1.812022
    27 11.481653 0.000064 0.000015 -1.182105 0.521947 0.156570
    28 3.854337 -0.131714 1.199996 1.185686 -0.224301 -1.641700
    29 1.312565 0.000000 -0.000002 0.122434 -0.179429 -0.573229
    30 0.729366 0.000004 0.000003 0.000000 -0.000110 -0.248950
    31 3.941984 0.050857 0.435164 -0.031435 -0.126224 -1.323235
    32 1.539099 0.000004 0.000002 -0.245476 0.386205 -0.367027
    33 1.196320 0.000008 0.000004 0.000000 -0.000162 -0.332870
    34 3.880859 -0.047028 -0.427490 0.125580 0.221647 -0.416549
    35 1.719571 0.000019 0.000015 -0.311136 -0.043741 -1.054644
    36 1.209175 0.000004 0.000003 0.172210 -0.116519 -0.543375
    37 3.863281 -0.148193 -1.328125 -0.141216 0.635555 -0.479029
    38 1.719421 -0.000008 -0.000008 -0.052815 0.006926 -0.449862
    39 1.099667 -0.000004 0.000000 0.156990 -0.328270 -0.887119
    40 0.811503 -0.358881 -1.312776 1.243202 0.551772 -0.740648
    41 1.789776 0.000000 0.000002 -0.000008 0.003711 0.228604
    42 1.207008 0.000007 0.000000 0.000000 0.005667 0.362991
    43 3.775391 -5.484375 -0.527832 -2.248284 -0.133216 -1.641882
  time 111
    0 -0.000003 -13.531250 -29.421875 1.570788 0.000007 -0.000007
    1 0.000000 3.345131 -2.981898 1.570789 0.086301 1.570789
    2 4.015625 0.000001 0.000000 0.000000 0.000000 -0.029241
    3 3.520294 0.000014 -0.000001 0.000000 0.000000 0.100332
    4 8.929688 0.000000 0.000000 0.000000 0.000000 0.194095
    5 2.035156 0.997070 1.937500 1.596487 -1.284993 2.943127
    6 6.028151 -0.000031 0.000004 -1.555100 -0.839368 -0.853882
    7 11.692549 0.000005 0.000011 0.048536 0.192664 -1.761606
    8 11.481670 0.000049 -0.000031 1.242485 -0.581796 0.228426
    9 3.858219 -0.135628 -1.192198 -0.462168 -0.183015 -1.143494
    10 1.312561 -0.000008 0.000000 0.000000 0.054403 -0.409014
    11 0.729362 0.000004 -0.000003 -0.000002 0.040753 -0.240990
    12 3.938059 0.050857 -0.435178 -0.058906 -0.190477 -1.052198
    13 1.539095 0.000004 -0.000002 0.000000 0.003735 -0.247814
    14 1.196325 0.000000 -0.000004 -0.000001 0.006169 -0.430818
    15 3.880859 -0.043091 0.427490 -0.476760 -0.093580 -0.824965
    16 1.719580 0.000011 -0.000015 -0.039460 -0.167701 -0.315837
    17 1.209179 -0.000004 0.000000 0.312038 0.209821 -0.320126
    18 3.863477 -0.132587 1.332145 0.316553 -0.532806 -0.147542
    19 1.719426 -0.000004 0.000007 -0.008714 -0.308204 -1.257834
    20 1.099669 -0.000004 0.000000 -0.000002 0.002587 -0.283860
    21 0.807581 -0.343248 1.320585 -1.198768 -0.476757 -0.934798
    22 1.789783 0.000002 0.000006 -0.000002 -0.003712 0.228604
    23 1.207008 0.000009 -0.000002 0.068240 -0.043107 0.237799
    24 2.035156 0.997070 -1.937500 -1.667267 1.282923 2.944210
    25 6.028140 -0.000004 0.000001 1.564222 0.792823 -0.843443
    26 11.692560 0.000021 -0.000004 -0.000388 -0.066958 -1.811968
    27 11.481653 0.000064 0.000015 -1.182403 0.521702 0.156474
    28 3.854337 -0.131714 1.199996 1.185686 -0.224301 -1.641700
    29 1.312565 0.000000 -0.000002 0.122434 -0.179429 -0.573229
    30 0.729366 0.000004 0.000003 0.000000 -0.000110 -0.248950
    31 3.941984 0.050857 0.435164 -0.031435 -0.126224 -1.323235
    32 1.539099 0.000004 0.000002 -0.245476 0.386205 -0.367027
    33 1.196320 0.000008 0.000004 0.000000 -0.000162 -0.332870
    34 3.880859 -0.047028 -0.427490 0.125580 0.221647 -0.416549
    35 1.719571 0.000019 0.000015 -0.311136 -0.043741 -1.054644
    36 1.209175 0.000004 0.000003 0.172210 -0.116519 -0.543375
    37 3.863281 -0.148193 -1.328125 -0.141216 0.635555 -0.479029
    38 1.719421 -0.000008 -0.000008 -0.052815 0.006926 -0.449862
    39 1.099667 -0.000004 0.000000 0.156990 -0.328270 -0.887119
    40 0.811503 -0.358881 -1.312776 1.243202 0.551772 -0.740648
    41 1.789776 0.000000 0.000002 -0.000008 0.003711 0.228604
    42 1.207008 0.000007 0.000000 0.000000 0.005667 0.362991
    43 3.775391 -5.484375 -0.527832 -2.248284 -0.133216 -1.641882
  time 112
    0 -0.000003 -13.531250 -29.421875 1.570788 0.000007 -0.000007
    1 0.000000 3.345131 -2.981898 1.570789 0.086301 1.570789
    2 4.015625 0.000001 0.000000 0.000000 0.000000 -0.029241
    3 3.520294 0.000014 -0.000001 0.000000 0.000000 0.100332
    4 8.929688 0.000000 0.000000 0.000000 0.000000 0.194095
    5 2.035156 0.997070 1.937500 1.596487 -1.284993 2.943127
    6 6.028151 -0.000031 0.000004 -1.555080 -0.839303 -0.853894
    7 11.692549 0.000005 0.000011 0.048548 0.192688 -1.761553
    8 11.481670 0.000049 -0.000031 1.241657 -0.582221 0.228754
    9 3.858219 -0.135628 -1.192198 -0.462168 -0.183015 -1.143494
    10 1.312561 -0.000008 0.000000 0.000000 0.054403 -0.409014
    11 0.729362 0.000004 -0.000003 -0.000002 0.040753 -0.240990
    12 3.941966 0.050857 -0.435178 -0.058906 -0.190477 -1.052198
    13 1.539095 0.000004 -0.000002 0.000000 0.003735 -0.247814
    14 1.196325 0.000000 -0.000004 -0.000001 0.006169 -0.430818
    15 3.880859 -0.043091 0.427490 -0.476760 -0.093580 -0.824965
    16 1.719580 0.000011 -0.000015 -0.039460 -0.167701 -0.315837
    17 1.209179 -0.000004 0.000000 0.312038 0.209821 -0.320126
    18 3.863477 -0.132587 1.332145 0.316553 -0.532806 -0.147542
    19 1.719426 -0.000004 0.000007 -0.008714 -0.308204 -1.257834
    20 1.099669 -0.000004 0.000000 -0.000002 0.002587 -0.283860
    21 0.807581 -0.343248 1.320585 -1.198505 -0.476482 -0.935347
    22 1.789783 0.000002 0.000006 -0.000002 -0.003712 0.228604
    23 1.207008 0.000009 -0.000002 0.068240 -0.043107 0.237799
    24 2.035156 0.997070 -1.937500 -1.667267 1.282923 2.944210
    25 6.028140 -0.000004 0.000001 1.564198 0.792923 -0.843455
    26 11.692560 0.000021 -0.000004 -0.000388 -0.066958 -1.811968
    27 11.481653 0.000064 0.000015 -1.182688 0.521473 0.156402
    28 3.854337 -0.131714 1.199996 1.185711 -0.224301 -1.641700
    29 1.312565 0.000000 -0.000002 0.122434 -0.179429 -0.573229
    30 0.729366 0.000004 0.000003 0.000000 -0.000110 -0.248950
    31 3.938077 0.050857 0.435164 -0.031435 -0.126224 -1.323235
    32 1.539099 0.000004 0.000002 -0.245476 0.386205 -0.367027
    33 1.196320 0.000008 0.000004 0.000000 -0.000162 -0.332870
    34 3.880859 -0.047028 -0.427490 0.125580 0.221647 -0.416549
    35 1.719571 0.000019 0.000015 -0.311136 -0.043741 -1.054644
    36 1.209175 0.000004 0.000003 0.172210 -0.116519 -0.543375
    37 3.863281 -0.148193 -1.328125 -0.141216 0.635555 -0.479029
    38 1.719421 -0.000008 -0.000008 -0.052815 0.006926 -0.449862
    39 1.099667 -0.000004 0.000000 0.156990 -0.328270 -0.887119
    40 0.807596 -0.358881 -1.312776 1.243202 0.551772 -0.740648
    41 1.789776 0.000000 0.000002 -0.000008 0.003711 0.228604
    42 1.207008 0.000007 0.000000 0.000000 0.005667 0.362991
    43 3.775391 -5.484375 -0.527832 -2.248284 -0.133216 -1.641882
  time 113
    0 -0.000003 -13.531250 -29.421875 1.570788 0.000007 -0.000007
    1 0.000000 3.345131 -2.981898 1.570789 0.086301 1.570789
    2 4.015625 0.000001 0.000000 0.000000 0.000000 -0.029241
    3 3.520294 0.000014 -0.000001 0.000000 0.000000 0.100332
    4 8.929688 0.000000 0.000000 0.000000 0.000000 0.194095
    5 2.035156 0.997070 1.937500 1.596487 -1.284993 2.943127
    6 6.028151 -0.000031 0.000004 -1.555061 -0.839237 -0.853894
    7 11.692549 0.000005 0.000011 0.048548 0.192700 -1.761553
    8 11.481670 0.000049 -0.000031 1.240927 -0.582607 0.229050
    9 3.854313 -0.135628 -1.192198 -0.462168 -0.183015 -1.143494
    10 1.312561 -0.000008 0.000000 0.000000 0.054403 -0.409014
    11 0.729362 0.000004 -0.000003 -0.000002 0.040753 -0.240990
    12 3.938059 0.050857 -0.435178 -0.058906 -0.190477 -1.052198
    13 1.539095 0.000004 -0.000002 0.000000 0.003735 -0.247814
    14 1.196325 0.000000 -0.000004 -0.000001 0.006169 -0.430818
    15 3.880859 -0.043091 0.427490 -0.476760 -0.093580 -0.824965
    16 1.719580 0.000011 -0.000015 -0.039460 -0.167701 -0.315837
    17 1.209179 -0.000004 0.000000 0.312038 0.209821 -0.320126
    18 3.863477 -0.132587 1.332145 0.316553 -0.532806 -0.147542
    19 1.719426 -0.000004 0.000007 -0.008714 -0.308204 -1.257834
    20 1.099669 -0.000004 0.000000 -0.000002 0.002587 -0.283860
    21 0.807581 -0.343248 1.316678 -1.198277 -0.476230 -0.935846
    22 1.789783 0.000002 0.000006 -0.000002 -0.003712 0.228604
    23 1.207008 0.000009 -0.000002 0.068240 -0.043107 0.237799
    24 2.035156 0.997070 -1.937500 -1.667267 1.282923 2.944210
    25 6.028140 -0.000004 0.000001 1.564186 0.793022 -0.843467
    26 11.692560 0.000021 -0.000004 -0.000388 -0.066958 -1.811968
    27 11.481653 0.000064 0.000015 -1.182931 0.521277 0.156330
    28 3.854337 -0.127808 1.199996 1.185686 -0.224301 -1.641700
    29 1.312565 0.000000 -0.000002 0.122434 -0.179429 -0.573229
    30 0.729366 0.000004 0.000003 0.000000 -0.000110 -0.248950
    31 3.938077 0.050857 0.435164 -0.031435 -0.126224 -1.323235
    32 1.539099 0.000004 0.000002 -0.245476 0.386205 -0.367027
    33 1.196320 0.000008 0.000004 0.000000 -0.000162 -0.332870
    34 3.880859 -0.047028 -0.427490 0.125580 0.221647 -0.416549
    35 1.719571 0.000019 0.000015 -0.311136 -0.043741 -1.054644
    36 1.209175 0.000004 0.000003 0.172210 -0.116519 -0.543375
    37 3.863281 -0.148193 -1.328125 -0.141216 0.635555 -0.479029
    38 1.719421 -0.000008 -0.000008 -0.052815 0.006926 -0.449862
    39 1.099667 -0.000004 0.000000 0.156990 -0.328270 -0.887119
    40 0.811503 -0.358881 -1.312776 1.243202 0.551772 -0.740648
    41 1.789776 0.000000 0.000002 -0.000008 0.003711 0.228604
    42 1.207008 0.000007 0.000000 0.000000 0.005667 0.362991
    43 3.775391 -5.484375 -0.527832 -2.248284 -0.133216 -1.641882
  time 114
    0 -0.000003 -13.531250 -29.421875 1.570788 0.000007 -0.000007
    1 0.000000 3.345131 -2.981898 1.570789 0.086301 1.570789
    2 4.015625 0.000001 0.000000 0.000000 0.000000 -0.029241
    3 3.520294 0.000014 -0.000001 0.000000 0.000000 0.100332
    4 8.929688 0.000000 0.000000 0.000000 0.000000 0.194095
    5 2.035156 0.997070 1.937500 1.596487 -1.284993 2.943127
    6 6.028151 -0.000031 0.000004 -1.555023 -0.839172 -0.853894
    7 11.692549 0.000005 0.000011 0.048548 0.192724 -1.761553
    8 11.481670 0.000049 -0.000031 1.240295 -0.582936 0.229296
    9 3.858219 -0.135628 -1.192198 -0.462168 -0.183015 -1.143494
    10 1.312561 -0.000008 0.000000 0.000000 0.054403 -0.409014
    11 0.729362 0.000004 -0.000003 -0.000002 0.040753 -0.240990
    12 3.941966 0.050857 -0.435178 -0.058906 -0.190477 -1.052198
    13 1.539095 0.000004 -0.000002 0.000000 0.003735 -0.247814
    14 1.196325 0.000000 -0.000004 -0.000001 0.006169 -0.430818
    15 3.880859 -0.043091 0.427490 -0.476760 -0.093580 -0.824965
    16 1.719580 0.000011 -0.000015 -0.039460 -0.167701 -0.315837
    17 1.209179 -0.000004 0.000000 0.312038 0.209821 -0.320126
    18 3.863477 -0.132587 1.332145 0.316553 -0.532806 -0.147542
    19 1.719426 -0.000004 0.000007 -0.008714 -0.308204 -1.257834
    20 1.099669 -0.000004 0.000000 -0.000002 0.002587 -0.283860
    21 0.807581 -0.343248 1.316678 -1.198061 -0.476014 -0.936295
    22 1.789783 0.000002 0.000006 -0.000002 -0.003712 0.228604
    23 1.207008 0.000009 -0.000002 0.068240 -0.043107 0.237799
    24 2.035156 0.997070 -1.937500 -1.667267 1.282923 2.944210
    25 6.028140 -0.000004 0.000001 1.564162 0.793072 -0.843479
    26 11.692560 0.000021 -0.000004 -0.000388 -0.066958 -1.811968
    27 11.481653 0.000064 0.000015 -1.183148 0.521097 0.156258
    28 3.854337 -0.131714 1.199996 1.185686 -0.224301 -1.641700
    29 1.312565 0.000000 -0.000002 0.122434 -0.179429 -0.573229
    30 0.729366 0.000004 0.000003 0.000000 -0.000110 -0.248950
    31 3.938077 0.050857 0.435164 -0.031435 -0.126224 -1.323235
    32 1.539099 0.000004 0.000002 -0.245476 0.386205 -0.367027
    33 1.196320 0.000008 0.000004 0.000000 -0.000162 -0.332870
    34 3.880859 -0.047028 -0.427490 0.125580 0.221647 -0.416549
    35 1.719571 0.000019 0.000015 -0.311136 -0.043741 -1.054644
    36 1.209175 0.000004 0.000003 0.172210 -0.116519 -0.543375
    37 3.863281 -0.148193 -1.328125 -0.141216 0.635555 -0.479029
    38 1.719421 -0.000008 -0.000008 -0.052815 0.006926 -0.449862
    39 1.099667 -0.000004 0.000000 0.156990 -0.328270 -0.887119
    40 0.811503 -0.358881 -1.316682 1.243202 0.551772 -0.740648
    41 1.789776 0.000000 0.000002 -0.000008 0.003711 0.228604
    42 1.207008 0.000007 0.000000 0.000000 0.005667 0.362991
    43 3.775391 -5.484375 -0.527832 -2.248284 -0.133216 -1.641882
  time 115
    0 -0.000003 -13.531250 -29.421875 1.570788 0.000007 -0.000007
    1 0.000000 3.345131 -2.981898 1.570789 0.086301 1.570789
    2 4.015625 0.000001 0.000000 0.000000 0.000000 -0.029241
    3 3.520294 0.000014 -0.000001 0.000000 0.000000 0.100332
    4 8.929688 0.000000 0.000000 0.000000 0.000000 0.194095
    5 2.035156 0.997070 1.937500 1.596487 -1.284993 2.943127
    6 6.028151 -0.000031 0.000004 -1.555003 -0.839106 -0.853894
    7 11.692549 0.000005 0.000011 0.048548 0.192736 -1.761500
    8 11.481670 0.000049 -0.000031 1.239711 -0.583226 0.229526
    9 3.858219 -0.135628 -1.192198 -0.462168 -0.183015 -1.143494
    10 1.312561 -0.000008 0.000000 0.000000 0.054403 -0.409014
    11 0.729362 0.000004 -0.000003 -0.000002 0.040753 -0.240990
    12 3.938059 0.050857 -0.435178 -0.058906 -0.190477 -1.052198
    13 1.539095 0.000004 -0.000002 0.000000 0.003735 -0.247814
    14 1.196325 0.000000 -0.000004 -0.000001 0.006169 -0.430818
    15 3.880859 -0.043091 0.427490 -0.476760 -0.093580 -0.824965
    16 1.719580 0.000011 -0.000015 -0.039460 -0.167701 -0.315837
    17 1.209179 -0.000004 0.000000 0.312038 0.209821 -0.320126
    18 3.863477 -0.132587 1.332145 0.316553 -0.532806 -0.147542
    19 1.719426 -0.000004 0.000007 -0.008714 -0.308204 -1.257834
    20 1.099669 -0.000004 0.000000 -0.000002 0.002587 -0.283860
    21 0.807581 -0.343248 1.320585 -1.197881 -0.475823 -0.936670
    22 1.789783 0.000002 0.000006 -0.000002 -0.003712 0.228604
    23 1.207008 0.000009 -0.000002 0.068240 -0.043107 0.237799
    24 2.035156 0.997070 -1.937500 -1.667267 1.282923 2.944210
    25 6.028140 -0.000004 0.000001 1.564150 0.793147 -0.843491
    26 11.692560 0.000021 -0.000004 -0.000388 -0.066958 -1.811968
    27 11.481653 0.000064 0.000015 -1.183338 0.520950 0.156210
    28 3.854337 -0.131714 1.199996 1.185711 -0.224301 -1.641700
    29 1.312565 0.000000 -0.000002 0.122434 -0.179429 -0.573229
    30 0.729366 0.000004 0.000003 0.000000 -0.000110 -0.248950
    31 3.941984 0.050857 0.435164 -0.031435 -0.126224 -1.323267
    32 1.539099 0.000004 0.000002 -0.245476 0.386205 -0.367027
    33 1.196320 0.000008 0.000004 0.000000 -0.000162 -0.332870
    34 3.880859 -0.047028 -0.427490 0.125580 0.221647 -0.416549
    35 1.719571 0.000019 0.000015 -0.311136 -0.043741 -1.054644
    36 1.209175 0.000004 0.000003 0.172210 -0.116519 -0.543375
    37 3.863281 -0.148193 -1.328125 -0.141216 0.635555 -0.479029
    38 1.719421 -0.000008 -0.000008 -0.052815 0.006926 -0.449862
    39 1.099667 -0.000004 0.000000 0.156990 -0.328270 -0.887119
    40 0.807596 -0.358881 -1.312776 1.243202 0.551772 -0.740648
    41 1.789776 0.000000 0.000002 -0.000008 0.003711 0.228604
    42 1.207008 0.000007 0.000000 0.000000 0.005667 0.362991
    43 3.775391 -5.484375 -0.527832 -2.248284 -0.133216 -1.641882
  time 116
    0 -0.000003 -13.531250 -29.421875 1.570788 0.000007 -0.000007
    1 0.000000 3.345131 -2.981898 1.570789 0.086301 1.570789
    2 4.015625 0.000001 0.000000 0.000000 0.000000 -0.029241
    3 3.520294 0.000014 -0.000001 0.000000 0.000000 0.100332
    4 8.929688 0.000000 0.000000 0.000000 0.000000 0.194095
    5 2.035156 0.997070 1.937500 1.596487 -1.284993 2.943127
    6 6.028151 -0.000031 0.000004 -1.555003 -0.839073 -0.853894
    7 11.692549 0.000005 0.000011 0.048560 0.192736 -1.761500
    8 11.481670 0.000049 -0.000031 1.239224 -0.583477 0.229707
    9 3.858219 -0.135628 -1.192198 -0.462168 -0.183015 -1.143494
    10 1.312561 -0.000008 0.000000 0.000000 0.054403 -0.409014
    11 0.729362 0.000004 -0.000003 -0.000002 0.040753 -0.240990
    12 3.938059 0.050857 -0.435178 -0.058906 -0.190477 -1.052198
    13 1.539095 0.000004 -0.000002 0.000000 0.003735 -0.247814
    14 1.196325 0.000000 -0.000004 -0.000001 0.006169 -0.430818
    15 3.880859 -0.043091 0.427490 -0.476760 -0.093580 -0.824965
    16 1.719580 0.000011 -0.000015 -0.039460 -0.167701 -0.315837
    17 1.209179 -0.000004 0.000000 0.312038 0.209821 -0.320126
    18 3.863477 -0.132587 1.332145 0.316553 -0.532806 -0.147542
    19 1.719426 -0.000004 0.000007 -0.008714 -0.308204 -1.257834
    20 1.099669 -0.000004 0.000000 -0.000002 0.002587 -0.283860
    21 0.807581 -0.343248 1.320585 -1.197726 -0.475655 -0.936994
    22 1.789783 0.000002 0.000006 -0.000002 -0.003712 0.228604
    23 1.207008 0.000009 -0.000002 0.068240 -0.043107 0.237799
    24 2.035156 0.997070 -1.937500 -1.667267 1.282923 2.944210
    25 6.028140 -0.000004 0.000001 1.564139 0.793197 -0.843503
    26 11.692560 0.000021 -0.000004 -0.000388 -0.066958 -1.811968
    27 11.481653 0.000064 0.000015 -1.183500 0.520819 0.156163
    28 3.854337 -0.131714 1.199996 1.185686 -0.224301 -1.641700
    29 1.312565 0.000000 -0.000002 0.122434 -0.179429 -0.573229
    30 0.729366 0.000004 0.000003 0.000000 -0.000110 -0.248950
    31 3.941984 0.050857 0.435164 -0.031435 -0.126224 -1.323235
    32 1.539099 0.000004 0.000002 -0.245476 0.386205 -0.367027
    33 1.196320 0.000008 0.000004 0.000000 -0.000162 -0.332870
    34 3.880859 -0.047028 -0.427490 0.125580 0.221647 -0.416549
    35 1.719571 0.000019 0.000015 -0.311136 -0.043741 -1.054644
    36 1.209175 0.000004 0.000003 0.172210 -0.116519 -0.543375
    37 3.863281 -0.148193 -1.328125 -0.141216 0.635555 -0.479029
    38 1.719421 -0.000008 -0.000008 -0.052815 0.006926 -0.449862
    39 1.099667 -0.000004 0.000000 0.156990 -0.328270 -0.887119
    40 0.807596 -0.358881 -1.312776 1.243202 0.551772 -0.740648
    41 1.789776 0.000000 0.000002 -0.000008 0.003711 0.228604
    42 1.207008 0.000007 0.000000 0.000000 0.005667 0.362991
    43 3.775391 -5.484375 -0.527832 -2.248284 -0.133216 -1.641882
  time 117
    0 -0.000003 -13.531250 -29.421875 1.570788 0.000007 -0.000007
    1 0.000000 3.345131 -2.981898 1.570789 0.086301 1.570789
    2 4.015625 0.000001 0.000000 0.000000 0.000000 -0.029241
    3 3.520294 0.000014 -0.000001 0.000000 0.000000 0.100332
    4 8.929688 0.000000 0.000000 0.000000 0.000000 0.194095
    5 2.035156 0.997070 1.937500 1.596487 -1.284993 2.943127
    6 6.028151 -0.000031 0.000004 -1.554984 -0.839040 -0.853894
    7 11.692549 0.000005 0.000011 0.048560 0.192748 -1.761500
    8 11.481670 0.000049 -0.000031 1.238835 -0.583671 0.229871
    9 3.858219 -0.135628 -1.192198 -0.462168 -0.183015 -1.143494
    10 1.312561 -0.000008 0.000000 0.000000 0.054403 -0.409014
    11 0.729362 0.000004 -0.000003 -0.000002 0.040753 -0.240990
    12 3.938059 0.050857 -0.435178 -0.058906 -0.190477 -1.052198
    13 1.539095 0.000004 -0.000002 0.000000 0.003735 -0.247814
    14 1.196325 0.000000 -0.000004 -0.000001 0.006169 -0.430818
    15 3.880859 -0.043091 0.427490 -0.476760 -0.093580 -0.824965
    16 1.719580 0.000011 -0.000015 -0.039460 -0.167701 -0.315837
    17 1.209179 -0.000004 0.000000 0.312038 0.209821 -0.320126
    18 3.863477 -0.132587 1.332145 0.316553 -0.532806 -0.147542
    19 1.719426 -0.000004 0.000007 -0.008714 -0.308204 -1.257834
    20 1.099669 -0.000004 0.000000 -0.000002 0.002587 -0.283860
    21 0.807581 -0.343248 1.320585 -1.197606 -0.475523 -0.937256
    22 1.789783 0.000002 0.000006 -0.000002 -0.003712 0.228604
    23 1.207008 0.000009 -0.000002 0.068240 -0.043107 0.237799
    24 2.035156 0.997070 -1.937500 -1.667267 1.282923 2.944210
    25 6.028140 -0.000004 0.000001 1.564127 0.793247 -0.843515
    26 11.692560 0.000021 -0.000004 -0.000388 -0.066958 -1.811914
    27 11.481653 0.000064 0.000015 -1.183635 0.520705 0.156127
    28 3.854337 -0.131714 1.199996 1.185686 -0.224301 -1.641700
    29 1.312565 0.000000 -0.000002 0.122434 -0.179429 -0.573229
    30 0.729366 0.000004 0.000003 0.000000 -0.000110 -0.248950
    31 3.941984 0.050857 0.435164 -0.031435 -0.126224 -1.323235
    32 1.539099 0.000004 0.000002 -0.245476 0.386205 -0.367027
    33 1.196320 0.000008 0.000004 0.000000 -0.000162 -0.332870
    34 3.880859 -0.047028 -0.427490 0.125580 0.221647 -0.416549
    35 1.719571 0.000019 0.000015 -0.311136 -0.043741 -1.054644
    36 1.209175 0.000004 0.000003 0.172210 -0.116519 -0.543375
    37 3.863281 -0.148193 -1.328125 -0.141216 0.635555 -0.479029
    38 1.719421 -0.000008 -0.000008 -0.052815 0.006926 -0.449862
    39 1.099667 -0.000004 0.000000 0.156990 -0.328270 -0.887119
    40 0.811503 -0.358881 -1.316682 1.243202 0.551772 -0.740648
    41 1.789776 0.000000 0.000002 -0.000008 0.003711 0.228604
    42 1.207008 0.000007 0.000000 0.000000 0.005667 0.362991
    43 3.775391 -5.484375 -0.527832 -2.248284 -0.133216 -1.641882
  time 118
    0 -0.000003 -13.531250 -29.421875 1.570788 0.000007 -0.000007
    1 0.000000 3.345131 -2.981898 1.570789 0.086301 1.570789
    2 4.015625 0.000001 0.000000 0.000000 0.000000 -0.029241
    3 3.520294 0.000014 -0.000001 0.000000 0.000000 0.100332
    4 8.929688 0.000000 0.000000 0.000000 0.000000 0.194095
    5 2.035156 0.997070 1.937500 1.596487 -1.284993 2.943127
    6 6.028151 -0.000031 0.000004 -1.554965 -0.839008 -0.853906
    7 11.692549 0.000005 0.000011 0.048560 0.192760 -1.761500
    8 11.481670 0.000049 -0.000031 1.238543 -0.583825 0.229986
    9 3.854313 -0.135628 -1.192198 -0.462168 -0.183015 -1.143494
    10 1.312561 -0.000008 0.000000 0.000000 0.054403 -0.409014
    11 0.729362 0.000004 -0.000003 -0.000002 0.040753 -0.240990
    12 3.938059 0.050857 -0.435178 -0.058906 -0.190477 -1.052198
    13 1.539095 0.000004 -0.000002 0.000000 0.003735 -0.247814
    14 1.196325 0.000000 -0.000004 -0.000001 0.006169 -0.430818
    15 3.880859 -0.043091 0.427490 -0.476760 -0.093580 -0.824965
    16 1.719580 0.000011 -0.000015 -0.039460 -0.167701 -0.315837
    17 1.209179 -0.000004 0.000000 0.312038 0.209821 -0.320126
    18 3.863477 -0.132587 1.332145 0.316553 -0.532806 -0.147542
    19 1.719426 -0.000004 0.000007 -0.008714 -0.308204 -1.257834
    20 1.099669 -0.000004 0.000000 -0.000002 0.002587 -0.283860
    21 0.807581 -0.343248 1.320585 -1.197510 -0.475427 -0.937468
    22 1.789783 0.000002 0.000006 -0.000002 -0.003712 0.228604
    23 1.207008 0.000009 -0.000002 0.068240 -0.043107 0.237799
    24 2.035156 0.997070 -1.937500 -1.667267 1.282923 2.944210
    25 6.028140 -0.000004 0.000001 1.564115 0.793272 -0.843515
    26 11.692560 0.000021 -0.000004 -0.000388 -0.066958 -1.811914
    27 11.481653 0.000064 0.000015 -1.183730 0.520623 0.156091
    28 3.854337 -0.131714 1.199996 1.185686 -0.224301 -1.641700
    29 1.312565 0.000000 -0.000002 0.122434 -0.179429 -0.573229
    30 0.729366 0.000004 0.000003 0.000000 -0.000110 -0.248950
    31 3.941984 0.050857 0.435164 -0.031435 -0.126224 -1.323235
    32 1.539099 0.000004 0.000002 -0.245476 0.386205 -0.367027
    33 1.196320 0.000008 0.000004 0.000000 -0.000162 -0.332870
    34 3.880859 -0.047028 -0.427490 0.125580 0.221647 -0.416549
    35 1.719571 0.000019 0.000015 -0.311136 -0.043741 -1.054644
    36 1.209175 0.000004 0.000003 0.172210 -0.116519 -0.543375
    37 3.863281 -0.148193 -1.328125 -0.141216 0.635555 -0.479029
    38 1.719421 -0.000008 -0.000008 -0.052815 0.006926 -0.449862
    39 1.099667 -0.000004 0.000000 0.156990 -0.328270 -0.887119
    40 0.811503 -0.358881 -1.312776 1.243202 0.551772 -0.740648
    41 1.789776 0.000000 0.000002 -0.000008 0.003711 0.228604
    42 1.207008 0.000007 0.000000 0.000000 0.005667 0.362991
    43 3.775391 -5.484375 -0.527832 -2.248284 -0.133216 -1.641882
  time 119
    0 -0.000003 -13.531250 -29.421875 1.570788 0.000007 -0.000007
    1 0.000000 3.345131 -2.981898 1.570789 0.086301 1.570789
    2 4.015625 0.000001 0.000000 0.000000 0.000000 -0.029241
    3 3.520294 0.000014 -0.000001 0.000000 0.000000 0.100332
    4 8.929688 0.000000 0.000000 0.000000 0.000000 0.194095
    5 2.035156 0.997070 1.937500 1.596487 -1.284993 2.943127
    6 6.028151 -0.000031 0.000004 -1.554965 -0.839008 -0.853906
    7 11.692549 0.000005 0.000011 0.048560 0.192760 -1.761500
    8 11.481670 0.000049 -0.000031 1.238299 -0.583941 0.230068
    9 3.858219 -0.135628 -1.192198 -0.462168 -0.183015 -1.143494
    10 1.312561 -0.000008 0.000000 0.000000 0.054403 -0.409014
    11 0.729362 0.000004 -0.000003 -0.000002 0.040753 -0.240990
    12 3.938059 0.050857 -0.435178 -0.058906 -0.190477 -1.052198
    13 1.539095 0.000004 -0.000002 0.000000 0.003735 -0.247814
    14 1.196325 0.000000 -0.000004 -0.000001 0.006169 -0.430818
    15 3.880859 -0.043091 0.427490 -0.476760 -0.093580 -0.824965
    16 1.719580 0.000011 -0.000015 -0.039460 -0.167701 -0.315837
    17 1.209179 -0.000004 0.000000 0.312038 0.209821 -0.320126
    18 3.863477 -0.132587 1.332145 0.316553 -0.532806 -0.147542
    19 1.719426 -0.000004 0.000007 -0.008714 -0.308204 -1.257834
    20 1.099669 -0.000004 0.000000 -0.000002 0.002587 -0.283860
    21 0.807581 -0.343248 1.320585 -1.197438 -0.475343 -0.937618
    22 1.789783 0.000002 0.000006 -0.000002 -0.003712 0.228604
    23 1.207008 0.000009 -0.000002 0.068240 -0.043107 0.237799
    24 2.035156 0.997070 -1.937500 -1.667267 1.282923 2.944210
    25 6.028140 -0.000004 0.000001 1.564115 0.793297 -0.843527
    26 11.692560 0.000021 -0.000004 -0.000388 -0.066958 -1.811914
    27 11.481653 0.000064 0.000015 -1.183811 0.520574 0.156079
    28 3.854337 -0.131714 1.199996 1.185686 -0.224301 -1.641700
    29 1.312565 0.000000 -0.000002 0.122434 -0.179429 -0.573229
    30 0.729366 0.000004 0.000003 0.000000 -0.000110 -0.248950
    31 3.941984 0.050857 0.435164 -0.031435 -0.126224 -1.323235
    32 1.539099 0.000004 0.000002 -0.245476 0.386205 -0.367027
    33 1.196320 0.000008 0.000004 0.000000 -0.000162 -0.332870
    34 3.880859 -0.047028 -0.427490 0.125580 0.221647 -0.416549
    35 1.719571 0.000019 0.000015 -0.311136 -0.043741 -1.054644
    36 1.209175 0.000004 0.000003 0.172210 -0.116519 -0.543375
    37 3.863281 -0.148193 -1.328125 -0.141216 0.635555 -0.479029
    38 1.719421 -0.000008 -0.000008 -0.052815 0.006926 -0.449862
    39 1.099667 -0.000004 0.000000 0.156990 -0.328270 -0.887119
    40 0.811503 -0.358881 -1.312776 1.243202 0.551772 -0.740648
    41 1.789776 0.000000 0.000002 -0.000008 0.003711 0.228604
    42 1.207008 0.000007 0.000000 0.000000 0.005667 0.362991
    43 3.775391 -5.484375 -0.527832 -2.248284 -0.133216 -1.641882
  time 120
    0 -0.000003 -13.531250 -29.421875 1.570788 0.000007 -0.000007
    1 0.000000 3.345131 -2.981898 1.570789 0.086301 1.570789
    2 4.015625 0.000001 0.000000 0.000000 0.000000 -0.029241
    3 3.520294 0.000014 -0.000001 0.000000 0.000000 0.100332
    4 8.929688 0.000000 0.000000 0.000000 0.000000 0.194095
    5 2.035156 0.997070 1.937500 1.596487 -1.284993 2.943127
    6 6.028151 -0.000031 0.000004 -1.554946 -0.838995 -0.853906
    7 11.692549 0.000005 0.000011 0.048560 0.192760 -1.761500
    8 11.481670 0.000049 -0.000031 1.238202 -0.583999 0.230117
    9 3.854313 -0.135628 -1.192198 -0.462168 -0.183015 -1.143494
    10 1.312561 -0.000008 0.000000 0.000000 0.054403 -0.409014
    11 0.729362 0.000004 -0.000003 -0.000002 0.040753 -0.240990
    12 3.941406 0.046936 -0.435059 -0.058901 -0.190487 -1.052226
    13 1.539095 0.000004 -0.000002 0.000000 0.003735 -0.247814
    14 1.196325 0.000000 -0.000004 -0.000001 0.006169 -0.430818
    15 3.880859 -0.043091 0.427490 -0.476762 -0.093581 -0.824965
    16 1.719580 0.000011 -0.000015 -0.039460 -0.167701 -0.315837
    17 1.209179 -0.000004 0.000000 0.312038 0.209821 -0.320126
    18 3.863281 -0.136475 1.332031 0.316547 -0.532806 -0.147558
    19 1.719426 -0.000004 0.000007 -0.008714 -0.308204 -1.257834
    20 1.099669 -0.000004 0.000000 -0.000002 0.002587 -0.283860
    21 0.807581 -0.343248 1.320585 -1.197402 -0.475307 -0.937705
    22 1.789783 0.000002 0.000006 -0.000002 -0.003712 0.228604
    23 1.207008 0.000009 -0.000002 0.068240 -0.043107 0.237799
    24 2.035156 0.997070 -1.937500 -1.667267 1.282923 2.944210
    25 6.028140 -0.000004 0.000001 1.564099 0.793330 -0.843531
    26 11.692560 0.000021 -0.000004 -0.000400 -0.066958 -1.811950
    27 11.481653 0.000064 0.000015 -1.183852 0.520541 0.156067
    28 3.857422 -0.131714 1.195313 1.185709 -0.224310 -1.641738
    29 1.312565 0.000000 -0.000002 0.122434 -0.179429 -0.573229
    30 0.729366 0.000004 0.000003 0.000000 -0.000110 -0.248950
    31 3.941406 0.050842 0.431152 -0.031442 -0.126225 -1.323266
    32 1.539099 0.000004 0.000002 -0.245476 0.386205 -0.367027
    33 1.196320 0.000008 0.000004 0.000000 -0.000162 -0.332870
    34 3.880859 -0.047028 -0.427490 0.125580 0.221647 -0.416549
    35 1.719571 0.000019 0.000015 -0.311136 -0.043741 -1.054644
    36 1.209175 0.000004 0.000003 0.172210 -0.116519 -0.543375
    37 3.863281 -0.148193 -1.328125 -0.141216 0.635555 -0.479029
    38 1.719421 -0.000008 -0.000008 -0.052815 0.006926 -0.449862
    39 1.099667 -0.000004 0.000000 0.156990 -0.328270 -0.887119
    40 0.807596 -0.358881 -1.312776 1.243202 0.551772 -0.740648
    41 1.789776 0.000000 0.000002 -0.000008 0.003711 0.228604
    42 1.207008 0.000007 0.000000 0.000000 0.005667 0.362991
    43 3.775391 -5.484375 -0.527832 -2.248284 -0.133216 -1.641882
  time 121
    0 -0.000003 -13.531250 -29.421875 1.570788 0.000007 -0.000007
    1 0.000000 3.345131 -2.981898 1.570789 0.086301 1.570789
    2 4.015625 0.000001 0.000000 0.000000 0.000000 -0.029241
    3 3.520294 0.000014 -0.000001 0.000000 0.000000 0.100332
    4 8.929688 0.000000 0.000000 0.000000 0.000000 0.194095
    5 2.035156 0.997070 1.937500 1.596487 -1.284993 2.943127
    6 6.028151 -0.000031 0.000004 -1.554946 -0.838995 -0.853906
    7 11.692549 0.000005 0.000011 0.048560 0.192772 -1.761500
    8 11.481670 0.000049 -0.000031 1.238153 -0.584038 0.230134
    9 3.858219 -0.135628 -1.192198 -0.462168 -0.183015 -1.143494
    10 1.312561 -0.000008 0.000000 0.000000 0.054403 -0.409014
    11 0.729362 0.000004 -0.000003 -0.000002 0.040753 -0.240990
    12 3.941406 0.046936 -0.435059 -0.058901 -0.190487 -1.052226
    13 1.539095 0.000004 -0.000002 0.000000 0.003735 -0.247814
    14 1.196325 0.000000 -0.000004 -0.000001 0.006169 -0.430818
    15 3.880859 -0.043091 0.427490 -0.476762 -0.093581 -0.824965
    16 1.719580 0.000011 -0.000015 -0.039460 -0.167701 -0.315837
    17 1.209179 -0.000004 0.000000 0.312038 0.209821 -0.320126
    18 3.863281 -0.136475 1.332031 0.316547 -0.532806 -0.147558
    19 1.719426 -0.000004 0.000007 -0.008714 -0.308204 -1.257834
    20 1.099669 -0.000004 0.000000 -0.000002 0.002587 -0.283860
    21 0.807581 -0.343248 1.320585 -1.197390 -0.475295 -0.937730
    22 1.789783 0.000002 0.000006 -0.000002 -0.003712 0.228604
    23 1.207008 0.000009 -0.000002 0.068240 -0.043107 0.237799
    24 2.035156 0.997070 -1.937500 -1.667267 1.282923 2.944210
    25 6.028140 -0.000004 0.000001 1.564099 0.793330 -0.843531
    26 11.692560 0.000021 -0.000004 -0.000400 -0.066958 -1.811950
    27 11.481653 0.000064 0.000015 -1.183866 0.520525 0.156055
    28 3.857422 -0.131714 1.195313 1.185709 -0.224310 -1.641738
    29 1.312565 0.000000 -0.000002 0.122434 -0.179429 -0.573229
    30 0.729366 0.000004 0.000003 0.000000 -0.000110 -0.248950
    31 3.941406 0.050842 0.431152 -0.031442 -0.126225 -1.323266
    32 1.539099 0.000004 0.000002 -0.245476 0.386205 -0.367027
    33 1.196320 0.000008 0.000004 0.000000 -0.000162 -0.332870
    34 3.880859 -0.047028 -0.427490 0.125580 0.221647 -0.416549
    35 1.719571 0.000019 0.000015 -0.311136 -0.043741 -1.054644
    36 1.209175 0.000004 0.000003 0.172210 -0.116519 -0.543375
    37 3.863281 -0.148193 -1.328125 -0.141216 0.635555 -0.479029
    38 1.719421 -0.000008 -0.000008 -0.052815 0.006926 -0.449862
    39 1.099667 -0.000004 0.000000 0.156990 -0.328270 -0.887119
    40 0.811503 -0.358881 -1.312776 1.243202 0.551772 -0.740648
    41 1.789776 0.000000 0.000002 -0.000008 0.003711 0.228604
    42 1.207008 0.000007 0.000000 0.000000 0.005667 0.362991
    43 3.775391 -5.484375 -0.527832 -2.248284 -0.133216 -1.641882
end
