// Created by Crowbar 0.74
version 1
nodes
  0 "ValveBiped.Bip01" -1
  1 "ValveBiped.Bip01_Spine" 0
  2 "ValveBiped.Bip01_Spine1" 1
  3 "ValveBiped.Bip01_Spine2" 2
  4 "ValveBiped.Bip01_Spine4" 3
  5 "ValveBiped.Bip01_L_Clavicle" 4
  6 "ValveBiped.Bip01_L_UpperArm" 5
  7 "ValveBiped.Bip01_L_Forearm" 6
  8 "ValveBiped.Bip01_L_Hand" 7
  9 "ValveBiped.Bip01_L_Finger4" 8
  10 "ValveBiped.Bip01_L_Finger41" 9
  11 "ValveBiped.Bip01_L_Finger42" 10
  12 "ValveBiped.Bip01_L_Finger3" 8
  13 "ValveBiped.Bip01_L_Finger31" 12
  14 "ValveBiped.Bip01_L_Finger32" 13
  15 "ValveBiped.Bip01_L_Finger2" 8
  16 "ValveBiped.Bip01_L_Finger21" 15
  17 "ValveBiped.Bip01_L_Finger22" 16
  18 "ValveBiped.Bip01_L_Finger1" 8
  19 "ValveBiped.Bip01_L_Finger11" 18
  20 "ValveBiped.Bip01_L_Finger12" 19
  21 "ValveBiped.Bip01_L_Finger0" 8
  22 "ValveBiped.Bip01_L_Finger01" 21
  23 "ValveBiped.Bip01_L_Finger02" 22
  24 "ValveBiped.Bip01_R_Clavicle" 4
  25 "ValveBiped.Bip01_R_UpperArm" 24
  26 "ValveBiped.Bip01_R_Forearm" 25
  27 "ValveBiped.Bip01_R_Hand" 26
  28 "ValveBiped.Bip01_R_Finger4" 27
  29 "ValveBiped.Bip01_R_Finger41" 28
  30 "ValveBiped.Bip01_R_Finger42" 29
  31 "ValveBiped.Bip01_R_Finger3" 27
  32 "ValveBiped.Bip01_R_Finger31" 31
  33 "ValveBiped.Bip01_R_Finger32" 32
  34 "ValveBiped.Bip01_R_Finger2" 27
  35 "ValveBiped.Bip01_R_Finger21" 34
  36 "ValveBiped.Bip01_R_Finger22" 35
  37 "ValveBiped.Bip01_R_Finger1" 27
  38 "ValveBiped.Bip01_R_Finger11" 37
  39 "ValveBiped.Bip01_R_Finger12" 38
  40 "ValveBiped.Bip01_R_Finger0" 27
  41 "ValveBiped.Bip01_R_Finger01" 40
  42 "ValveBiped.Bip01_R_Finger02" 41
  43 "ValveBiped.Photograph" 27
  44 "ValveBiped.paper1" 43
  45 "ValveBiped.paper2" 44
  46 "ValveBiped.paper3" 45
  47 "ValveBiped.Camera" 27
end
skeleton
  time 0
    0 0.000000 -0.533595 38.566879 1.570796 0.000000 0.000000
    1 0.000000 3.345131 -2.981898 1.570796 0.083192 1.570795
    2 3.995834 -0.000004 -0.000003 0.000000 -0.000001 -0.028819
    3 3.520294 0.000005 -0.000006 0.000000 0.000000 0.097311
    4 8.921486 -0.000023 -0.000014 0.000000 0.000001 0.186405
    5 2.059525 0.977930 1.937663 1.589735 -1.286517 2.950158
    6 6.028159 -0.000069 0.000009 -1.573852 0.051605 -0.584889
    7 11.692566 0.000046 0.000011 -0.000002 0.000000 -0.060376
    8 11.481682 0.000088 -0.000031 1.568292 -0.038710 0.036026
    9 3.850407 0.126099 -1.223457 -0.363882 0.112047 -0.355498
    10 1.312565 -0.000008 0.000000 -0.000002 0.054404 -0.409012
    11 0.729366 0.000002 -0.000002 -0.000001 0.040754 -0.240990
    12 3.926340 0.316486 -0.462530 -0.101499 0.042182 -0.269683
    13 1.539091 0.000008 -0.000002 0.000000 0.003737 -0.247812
    14 1.196321 0.000000 -0.000002 -0.000001 0.006168 -0.430818
    15 3.881376 0.214695 0.400243 0.090105 -0.011419 -0.132542
    16 1.719578 0.000023 -0.000021 -0.000005 -0.020423 -0.365964
    17 1.209181 -0.000004 -0.000001 0.000001 -0.011427 -0.216116
    18 3.871292 0.117416 1.300888 0.320642 -0.041405 -0.125801
    19 1.719431 -0.000023 0.000019 0.000001 -0.106227 -0.347813
    20 1.099676 0.000000 0.000006 0.000004 -0.067955 -0.234890
    21 0.838837 -0.300282 1.312771 -1.243196 -0.551768 -0.740654
    22 1.789787 0.000006 0.000006 -0.000002 -0.003712 0.228604
    23 1.207012 0.000011 0.000000 -0.000001 -0.005667 0.362993
    24 2.059525 0.977934 -1.937662 -1.661572 1.286515 2.950150
    25 6.028144 -0.000011 0.000002 1.633730 -0.011884 -0.586789
    26 11.692577 0.000001 0.000004 0.000007 0.000000 -0.060376
    27 11.481657 0.000043 0.000019 -1.568296 0.038700 0.036028
    28 3.850428 0.126122 1.223433 0.363879 -0.112040 -0.355490
    29 1.312567 0.000000 0.000000 0.000003 -0.054403 -0.409012
    30 0.729362 0.000004 0.000003 0.000003 -0.040753 -0.240989
    31 3.926355 0.316505 0.462507 0.101498 -0.042175 -0.269674
    32 1.539089 0.000008 0.000003 0.000000 -0.003734 -0.247812
    33 1.196316 0.000004 0.000005 0.000002 -0.006168 -0.430819
    34 3.881388 0.214710 -0.400268 -0.090106 0.011422 -0.132529
    35 1.719567 0.000023 0.000016 0.000005 0.020428 -0.365969
    36 1.209175 0.000008 0.000005 0.000001 0.011427 -0.216117
    37 3.871305 0.117447 -1.300912 -0.320638 0.041414 -0.125803
    38 1.719419 -0.000008 -0.000008 -0.000004 0.106221 -0.347806
    39 1.099667 -0.000004 -0.000001 -0.000004 0.067957 -0.234889
    40 0.838846 -0.300285 -1.312777 1.243203 0.551773 -0.740643
    41 1.789783 -0.000002 -0.000002 -0.000009 0.003711 0.228604
    42 1.207001 0.000009 0.000000 0.000000 0.005667 0.362993
    43 -1.754572 -6.090916 0.038778 1.555189 -0.016469 -2.311228
    44 0.000000 0.196712 0.000000 1.570797 0.000000 0.000001
    45 0.000002 2.032589 0.000000 0.000000 0.000000 0.000000
    46 0.000002 1.571991 0.000000 0.000000 0.000000 0.000000
    47 3.775905 -5.485672 -0.527956 -2.248292 -0.133225 -1.641886
end
triangles
v_hands
  42 -23.433342 -0.305524 35.489307 -0.182680 -0.088775 -0.979156 0.531718 0.823637 1 42 1.000000
  42 -23.065899 -0.039299 35.621510 0.501951 0.572427 -0.648361 0.515782 0.813523 1 42 1.000000
  42 -23.081139 -0.227081 35.550587 0.587109 -0.088452 -0.804661 0.516153 0.822627 1 42 1.000000
v_hands
  41 -23.553932 -0.417981 37.548813 -0.900479 -0.429554 0.067973 0.571763 0.759790 2 41 0.829000 42 0.171000
  41 -23.653559 0.191605 37.776577 -0.844118 0.121446 -0.522221 0.559340 0.741286 1 41 1.000000
  41 -23.617096 -0.021781 37.484711 -0.969745 0.242716 -0.026138 0.556262 0.753199 2 41 0.724000 42 0.276000
v_hands
  42 -23.680983 -0.070522 37.253460 -0.926498 0.309147 0.214544 0.556040 0.762924 1 42 1.000000
  41 -23.553932 -0.417981 37.548813 -0.900479 -0.429554 0.067973 0.571763 0.759790 2 41 0.829000 42 0.171000
  41 -23.617096 -0.021781 37.484711 -0.969745 0.242716 -0.026138 0.556262 0.753199 2 41 0.724000 42 0.276000
v_hands
  41 -23.254148 0.354467 37.363811 -0.324609 0.861834 -0.389706 0.536608 0.750697 2 41 0.724000 42 0.276000
  42 -23.680983 -0.070522 37.253460 -0.926498 0.309147 0.214544 0.556040 0.762924 1 42 1.000000
  41 -23.617096 -0.021781 37.484711 -0.969745 0.242716 -0.026138 0.556262 0.753199 2 41 0.724000 42 0.276000
v_hands
  41 -23.254148 0.354467 37.363811 -0.324609 0.861834 -0.389706 0.536608 0.750697 2 41 0.724000 42 0.276000
  42 -23.281145 0.336037 37.094662 -0.257987 0.966138 0.004504 0.535649 0.761710 1 42 1.000000
  42 -23.680983 -0.070522 37.253460 -0.926498 0.309147 0.214544 0.556040 0.762924 1 42 1.000000
v_hands
  41 -22.771566 0.249933 37.380970 0.581016 0.716021 -0.386956 0.514086 0.747636 2 41 0.724000 42 0.276000
  42 -23.281145 0.336037 37.094662 -0.257987 0.966138 0.004504 0.535649 0.761710 1 42 1.000000
  41 -23.254148 0.354467 37.363811 -0.324609 0.861834 -0.389706 0.536608 0.750697 2 41 0.724000 42 0.276000
v_hands
  41 -22.771566 0.249933 37.380970 0.581016 0.716021 -0.386956 0.514086 0.747636 2 41 0.724000 42 0.276000
  42 -22.745975 0.219381 37.002102 0.639566 0.764877 -0.076930 0.516888 0.763392 1 42 1.000000
  42 -23.281145 0.336037 37.094662 -0.257987 0.966138 0.004504 0.535649 0.761710 1 42 1.000000
v_hands
  41 -22.583115 -0.135695 37.351017 0.978298 0.046916 -0.201819 0.497361 0.743514 2 41 0.829000 42 0.171000
  42 -22.745975 0.219381 37.002102 0.639566 0.764877 -0.076930 0.516888 0.763392 1 42 1.000000
  41 -22.771566 0.249933 37.380970 0.581016 0.716021 -0.386956 0.514086 0.747636 2 41 0.724000 42 0.276000
v_hands
  41 -22.583115 -0.135695 37.351017 0.978298 0.046916 -0.201819 0.497361 0.743514 2 41 0.829000 42 0.171000
  42 -22.606239 -0.192299 36.946793 0.996660 -0.043883 -0.068868 0.499199 0.764817 2 42 0.538000 41 0.462000
  42 -22.745975 0.219381 37.002102 0.639566 0.764877 -0.076930 0.516888 0.763392 1 42 1.000000
v_hands
  42 -22.710976 -0.479677 37.051331 0.771913 -0.632552 -0.063470 0.483272 0.760074 2 42 0.538000 41 0.462000
  42 -22.606239 -0.192299 36.946793 0.996660 -0.043883 -0.068868 0.499199 0.764817 2 42 0.538000 41 0.462000
  41 -22.583115 -0.135695 37.351017 0.978298 0.046916 -0.201819 0.497361 0.743514 2 41 0.829000 42 0.171000
v_hands
  42 -22.647314 -0.185051 36.529770 0.955636 -0.049882 -0.290297 0.497386 0.781099 1 42 1.000000
  42 -22.606239 -0.192299 36.946793 0.996660 -0.043883 -0.068868 0.499199 0.764817 2 42 0.538000 41 0.462000
  42 -22.710976 -0.479677 37.051331 0.771913 -0.632552 -0.063470 0.483272 0.760074 2 42 0.538000 41 0.462000
v_hands
  42 -22.647314 -0.185051 36.529770 0.955636 -0.049882 -0.290297 0.497386 0.781099 1 42 1.000000
  42 -22.710976 -0.479677 37.051331 0.771913 -0.632552 -0.063470 0.483272 0.760074 2 42 0.538000 41 0.462000
  42 -22.738443 -0.452635 36.591816 0.737735 -0.625923 -0.252919 0.486334 0.778907 1 42 1.000000
v_hands
  42 -22.813103 -0.165030 36.199997 0.916179 -0.127504 -0.379945 0.499350 0.794759 1 42 1.000000
  42 -22.647314 -0.185051 36.529770 0.955636 -0.049882 -0.290297 0.497386 0.781099 1 42 1.000000
  42 -22.738443 -0.452635 36.591816 0.737735 -0.625923 -0.252919 0.486334 0.778907 1 42 1.000000
v_hands
  42 -22.813103 -0.165030 36.199997 0.916179 -0.127504 -0.379945 0.499350 0.794759 1 42 1.000000
  42 -22.738443 -0.452635 36.591816 0.737735 -0.625923 -0.252919 0.486334 0.778907 1 42 1.000000
  42 -22.888191 -0.359741 36.241970 0.690268 -0.626972 -0.361159 0.489016 0.793599 1 42 1.000000
v_hands
  42 -22.888191 -0.359741 36.241970 0.690268 -0.626972 -0.361159 0.489016 0.793599 1 42 1.000000
  42 -23.081139 -0.227081 35.550587 0.587109 -0.088452 -0.804661 0.501950 0.818450 1 42 1.000000
  42 -22.813103 -0.165030 36.199997 0.916179 -0.127504 -0.379945 0.499350 0.794759 1 42 1.000000
v_hands
  42 -22.866898 0.111795 36.114456 0.672151 0.637595 -0.376411 0.513549 0.796610 1 42 1.000000
  42 -22.813103 -0.165030 36.199997 0.916179 -0.127504 -0.379945 0.499350 0.794759 1 42 1.000000
  42 -23.081139 -0.227081 35.550587 0.587109 -0.088452 -0.804661 0.501950 0.818450 1 42 1.000000
v_hands
  42 -22.866898 0.111795 36.114456 0.672151 0.637595 -0.376411 0.513549 0.796610 1 42 1.000000
  42 -23.081139 -0.227081 35.550587 0.587109 -0.088452 -0.804661 0.501950 0.818450 1 42 1.000000
  42 -23.065899 -0.039299 35.621510 0.501951 0.572427 -0.648361 0.515782 0.813523 1 42 1.000000
v_hands
  42 -22.866898 0.111795 36.114456 0.672151 0.637595 -0.376411 0.513549 0.796610 1 42 1.000000
  42 -23.065899 -0.039299 35.621510 0.501951 0.572427 -0.648361 0.515782 0.813523 1 42 1.000000
  42 -23.478535 -0.014869 35.610760 -0.324647 0.688604 -0.648405 0.531870 0.814867 1 42 1.000000
v_hands
  42 -23.433342 -0.305524 35.489307 -0.182680 -0.088775 -0.979156 0.531718 0.823637 1 42 1.000000
  42 -23.478535 -0.014869 35.610760 -0.324647 0.688604 -0.648405 0.531870 0.814867 1 42 1.000000
  42 -23.065899 -0.039299 35.621510 0.501951 0.572427 -0.648361 0.515782 0.813523 1 42 1.000000
v_hands
  41 -23.653559 0.191605 37.776577 -0.844118 0.121446 -0.522221 0.559340 0.741286 1 41 1.000000
  41 -23.254148 0.354467 37.363811 -0.324609 0.861834 -0.389706 0.536608 0.750697 2 41 0.724000 42 0.276000
  41 -23.617096 -0.021781 37.484711 -0.969745 0.242716 -0.026138 0.556262 0.753199 2 41 0.724000 42 0.276000
v_hands
  42 -23.725470 -0.340331 35.679577 -0.824041 -0.145738 -0.547464 0.551834 0.819407 1 42 1.000000
  42 -23.478535 -0.014869 35.610760 -0.324647 0.688604 -0.648405 0.531870 0.814867 1 42 1.000000
  42 -23.433342 -0.305524 35.489307 -0.182680 -0.088775 -0.979156 0.531718 0.823637 1 42 1.000000
v_hands
  42 -23.725470 -0.340331 35.679577 -0.824041 -0.145738 -0.547464 0.551834 0.819407 1 42 1.000000
  42 -23.724739 -0.198038 35.775055 -0.846837 0.424460 -0.320469 0.545444 0.814120 1 42 1.000000
  42 -23.478535 -0.014869 35.610760 -0.324647 0.688604 -0.648405 0.531870 0.814867 1 42 1.000000
v_hands
  42 -23.803886 -0.112383 36.320297 -0.905051 0.414611 -0.094766 0.548220 0.791704 1 42 1.000000
  42 -23.724739 -0.198038 35.775055 -0.846837 0.424460 -0.320469 0.545444 0.814120 1 42 1.000000
  42 -23.725470 -0.340331 35.679577 -0.824041 -0.145738 -0.547464 0.551834 0.819407 1 42 1.000000
v_hands
  42 -23.478535 -0.014869 35.610760 -0.324647 0.688604 -0.648405 0.531870 0.814867 1 42 1.000000
  42 -23.724739 -0.198038 35.775055 -0.846837 0.424460 -0.320469 0.545444 0.814120 1 42 1.000000
  42 -23.803886 -0.112383 36.320297 -0.905051 0.414611 -0.094766 0.548220 0.791704 1 42 1.000000
v_hands
  42 -23.478535 -0.014869 35.610760 -0.324647 0.688604 -0.648405 0.531870 0.814867 1 42 1.000000
  42 -23.803886 -0.112383 36.320297 -0.905051 0.414611 -0.094766 0.548220 0.791704 1 42 1.000000
  42 -23.418474 0.201457 36.129280 -0.297000 0.916019 -0.269630 0.529940 0.795009 1 42 1.000000
v_hands
  42 -22.866898 0.111795 36.114456 0.672151 0.637595 -0.376411 0.513549 0.796610 1 42 1.000000
  42 -23.478535 -0.014869 35.610760 -0.324647 0.688604 -0.648405 0.531870 0.814867 1 42 1.000000
  42 -23.418474 0.201457 36.129280 -0.297000 0.916019 -0.269630 0.529940 0.795009 1 42 1.000000
v_hands
  42 -23.360495 0.343822 36.656139 -0.265951 0.961547 -0.068539 0.532787 0.777211 1 42 1.000000
  42 -22.866898 0.111795 36.114456 0.672151 0.637595 -0.376411 0.513549 0.796610 1 42 1.000000
  42 -23.418474 0.201457 36.129280 -0.297000 0.916019 -0.269630 0.529940 0.795009 1 42 1.000000
v_hands
  42 -23.360495 0.343822 36.656139 -0.265951 0.961547 -0.068539 0.532787 0.777211 1 42 1.000000
  42 -22.730305 0.158895 36.606251 0.715059 0.675760 -0.178997 0.513593 0.779264 1 42 1.000000
  42 -22.866898 0.111795 36.114456 0.672151 0.637595 -0.376411 0.513549 0.796610 1 42 1.000000
v_hands
  42 -23.281145 0.336037 37.094662 -0.257987 0.966138 0.004504 0.535649 0.761710 1 42 1.000000
  42 -22.730305 0.158895 36.606251 0.715059 0.675760 -0.178997 0.513593 0.779264 1 42 1.000000
  42 -23.360495 0.343822 36.656139 -0.265951 0.961547 -0.068539 0.532787 0.777211 1 42 1.000000
v_hands
  42 -23.281145 0.336037 37.094662 -0.257987 0.966138 0.004504 0.535649 0.761710 1 42 1.000000
  42 -22.745975 0.219381 37.002102 0.639566 0.764877 -0.076930 0.516888 0.763392 1 42 1.000000
  42 -22.730305 0.158895 36.606251 0.715059 0.675760 -0.178997 0.513593 0.779264 1 42 1.000000
v_hands
  42 -22.745975 0.219381 37.002102 0.639566 0.764877 -0.076930 0.516888 0.763392 1 42 1.000000
  42 -22.606239 -0.192299 36.946793 0.996660 -0.043883 -0.068868 0.499199 0.764817 2 42 0.538000 41 0.462000
  42 -22.730305 0.158895 36.606251 0.715059 0.675760 -0.178997 0.513593 0.779264 1 42 1.000000
v_hands
  42 -22.730305 0.158895 36.606251 0.715059 0.675760 -0.178997 0.513593 0.779264 1 42 1.000000
  42 -22.606239 -0.192299 36.946793 0.996660 -0.043883 -0.068868 0.499199 0.764817 2 42 0.538000 41 0.462000
  42 -22.647314 -0.185051 36.529770 0.955636 -0.049882 -0.290297 0.497386 0.781099 1 42 1.000000
v_hands
  42 -22.730305 0.158895 36.606251 0.715059 0.675760 -0.178997 0.513593 0.779264 1 42 1.000000
  42 -22.647314 -0.185051 36.529770 0.955636 -0.049882 -0.290297 0.497386 0.781099 1 42 1.000000
  42 -22.813103 -0.165030 36.199997 0.916179 -0.127504 -0.379945 0.499350 0.794759 1 42 1.000000
v_hands
  42 -22.730305 0.158895 36.606251 0.715059 0.675760 -0.178997 0.513593 0.779264 1 42 1.000000
  42 -22.813103 -0.165030 36.199997 0.916179 -0.127504 -0.379945 0.499350 0.794759 1 42 1.000000
  42 -22.866898 0.111795 36.114456 0.672151 0.637595 -0.376411 0.513549 0.796610 1 42 1.000000
v_hands
  42 -23.803886 -0.112383 36.320297 -0.905051 0.414611 -0.094766 0.548220 0.791704 1 42 1.000000
  42 -23.725470 -0.340331 35.679577 -0.824041 -0.145738 -0.547464 0.551834 0.819407 1 42 1.000000
  42 -23.803774 -0.416149 36.435814 -0.900198 -0.433738 -0.038914 0.563914 0.792620 1 42 1.000000
v_hands
  42 -23.803774 -0.416149 36.435814 -0.900198 -0.433738 -0.038914 0.563914 0.792620 1 42 1.000000
  42 -23.819746 -0.114810 36.816273 -0.947302 0.291353 0.133162 0.553386 0.778067 1 42 1.000000
  42 -23.803886 -0.112383 36.320297 -0.905051 0.414611 -0.094766 0.548220 0.791704 1 42 1.000000
v_hands
  42 -23.819746 -0.114810 36.816273 -0.947302 0.291353 0.133162 0.553386 0.778067 1 42 1.000000
  42 -23.418474 0.201457 36.129280 -0.297000 0.916019 -0.269630 0.529940 0.795009 1 42 1.000000
  42 -23.803886 -0.112383 36.320297 -0.905051 0.414611 -0.094766 0.548220 0.791704 1 42 1.000000
v_hands
  42 -23.819746 -0.114810 36.816273 -0.947302 0.291353 0.133162 0.553386 0.778067 1 42 1.000000
  42 -23.360495 0.343822 36.656139 -0.265951 0.961547 -0.068539 0.532787 0.777211 1 42 1.000000
  42 -23.418474 0.201457 36.129280 -0.297000 0.916019 -0.269630 0.529940 0.795009 1 42 1.000000
v_hands
  42 -23.680983 -0.070522 37.253460 -0.926498 0.309147 0.214544 0.556040 0.762924 1 42 1.000000
  42 -23.360495 0.343822 36.656139 -0.265951 0.961547 -0.068539 0.532787 0.777211 1 42 1.000000
  42 -23.819746 -0.114810 36.816273 -0.947302 0.291353 0.133162 0.553386 0.778067 1 42 1.000000
v_hands
  42 -23.680983 -0.070522 37.253460 -0.926498 0.309147 0.214544 0.556040 0.762924 1 42 1.000000
  42 -23.281145 0.336037 37.094662 -0.257987 0.966138 0.004504 0.535649 0.761710 1 42 1.000000
  42 -23.360495 0.343822 36.656139 -0.265951 0.961547 -0.068539 0.532787 0.777211 1 42 1.000000
v_hands
  42 -23.803774 -0.416149 36.435814 -0.900198 -0.433738 -0.038914 0.563914 0.792620 1 42 1.000000
  42 -23.746235 -0.473493 36.760777 -0.842165 -0.523034 0.131125 0.566917 0.782902 1 42 1.000000
  42 -23.819746 -0.114810 36.816273 -0.947302 0.291353 0.133162 0.553386 0.778067 1 42 1.000000
v_hands
  42 -23.746235 -0.473493 36.760777 -0.842165 -0.523034 0.131125 0.566917 0.782902 1 42 1.000000
  42 -23.604034 -0.489703 37.272110 -0.818042 -0.515558 0.254966 0.570424 0.767240 2 42 0.538000 41 0.462000
  42 -23.819746 -0.114810 36.816273 -0.947302 0.291353 0.133162 0.553386 0.778067 1 42 1.000000
v_hands
  42 -23.604034 -0.489703 37.272110 -0.818042 -0.515558 0.254966 0.570424 0.767240 2 42 0.538000 41 0.462000
  42 -23.680983 -0.070522 37.253460 -0.926498 0.309147 0.214544 0.556040 0.762924 1 42 1.000000
  42 -23.819746 -0.114810 36.816273 -0.947302 0.291353 0.133162 0.553386 0.778067 1 42 1.000000
v_hands
  42 -23.680983 -0.070522 37.253460 -0.926498 0.309147 0.214544 0.556040 0.762924 1 42 1.000000
  42 -23.604034 -0.489703 37.272110 -0.818042 -0.515558 0.254966 0.570424 0.767240 2 42 0.538000 41 0.462000
  41 -23.553932 -0.417981 37.548813 -0.900479 -0.429554 0.067973 0.571763 0.759790 2 41 0.829000 42 0.171000
v_hands
  27 -21.985485 1.120991 40.050301 0.867079 -0.498019 -0.012289 0.470667 0.634030 2 27 0.688000 26 0.312000
  27 -22.133535 0.605021 39.411652 0.848185 -0.508203 0.149374 0.472177 0.663074 2 27 0.559000 40 0.441000
  27 -21.942047 1.275431 39.532814 0.970626 -0.000843 -0.240592 0.494682 0.650922 1 27 1.000000
v_hands
  27 -21.985485 1.120991 40.050301 0.867079 -0.498019 -0.012289 0.470667 0.634030 2 27 0.688000 26 0.312000
  27 -21.942047 1.275431 39.532814 0.970626 -0.000843 -0.240592 0.494682 0.650922 1 27 1.000000
  27 -21.879192 1.624168 39.997768 0.974914 -0.080331 -0.207580 0.494493 0.630656 1 27 1.000000
v_hands
  27 -22.010708 2.026151 39.726040 0.839906 0.172230 -0.514679 0.509019 0.632847 2 27 0.556000 26 0.444000
  27 -21.879192 1.624168 39.997768 0.974914 -0.080331 -0.207580 0.494493 0.630656 1 27 1.000000
  27 -21.942047 1.275431 39.532814 0.970626 -0.000843 -0.240592 0.494682 0.650922 1 27 1.000000
v_hands
  40 -22.700157 1.690766 38.586052 0.516095 0.496255 -0.698124 0.529529 0.678802 2 40 0.697000 27 0.303000
  27 -22.010708 2.026151 39.726040 0.839906 0.172230 -0.514679 0.509019 0.632847 2 27 0.556000 26 0.444000
  27 -21.942047 1.275431 39.532814 0.970626 -0.000843 -0.240592 0.494682 0.650922 1 27 1.000000
v_hands
  40 -22.700157 1.690766 38.586052 0.516095 0.496255 -0.698124 0.529529 0.678802 2 40 0.697000 27 0.303000
  27 -22.865662 2.446864 39.051205 0.530087 0.265015 -0.805466 0.540356 0.652136 2 27 0.823000 40 0.177000
  27 -22.010708 2.026151 39.726040 0.839906 0.172230 -0.514679 0.509019 0.632847 2 27 0.556000 26 0.444000
v_hands
  40 -22.700157 1.690766 38.586052 0.516095 0.496255 -0.698124 0.529529 0.678802 2 40 0.697000 27 0.303000
  27 -23.416876 2.390345 38.889603 0.445769 0.164920 -0.879824 0.554023 0.661033 2 27 0.823000 40 0.177000
  27 -22.865662 2.446864 39.051205 0.530087 0.265015 -0.805466 0.540356 0.652136 2 27 0.823000 40 0.177000
v_hands
  40 -22.700157 1.690766 38.586052 0.516095 0.496255 -0.698124 0.529529 0.678802 2 40 0.697000 27 0.303000
  40 -23.323242 1.535918 38.310223 0.191707 0.518384 -0.833382 0.547065 0.690192 2 40 0.529000 27 0.471000
  27 -23.416876 2.390345 38.889603 0.445769 0.164920 -0.879824 0.554023 0.661033 2 27 0.823000 40 0.177000
v_hands
  27 -23.416876 2.390345 38.889603 0.445769 0.164920 -0.879824 0.554023 0.661033 2 27 0.823000 40 0.177000
  40 -23.323242 1.535918 38.310223 0.191707 0.518384 -0.833382 0.547065 0.690192 2 40 0.529000 27 0.471000
  27 -23.843554 1.376976 38.088531 0.226773 0.315477 -0.921438 0.564584 0.700891 2 27 0.646000 40 0.354000
v_hands
  40 -23.323242 1.535918 38.310223 0.191707 0.518384 -0.833382 0.547065 0.690192 2 40 0.529000 27 0.471000
  40 -23.618929 0.701333 37.904896 -0.337440 0.299608 -0.892395 0.554725 0.724682 2 40 0.841000 27 0.159000
  27 -23.843554 1.376976 38.088531 0.226773 0.315477 -0.921438 0.564584 0.700891 2 27 0.646000 40 0.354000
v_hands
  27 -23.843554 1.376976 38.088531 0.226773 0.315477 -0.921438 0.564584 0.700891 2 27 0.646000 40 0.354000
  40 -23.618929 0.701333 37.904896 -0.337440 0.299608 -0.892395 0.554725 0.724682 2 40 0.841000 27 0.159000
  27 -24.056295 0.708485 37.986576 -0.140304 -0.178176 -0.973945 0.570631 0.722300 2 27 0.577000 40 0.423000
v_hands
  40 -23.897388 0.315797 38.063492 -0.624073 -0.342303 -0.702397 0.569408 0.733831 2 40 0.769000 27 0.231000
  27 -24.056295 0.708485 37.986576 -0.140304 -0.178176 -0.973945 0.570631 0.722300 2 27 0.577000 40 0.423000
  40 -23.618929 0.701333 37.904896 -0.337440 0.299608 -0.892395 0.554725 0.724682 2 40 0.841000 27 0.159000
v_hands
  40 -23.897388 0.315797 38.063492 -0.624073 -0.342303 -0.702397 0.569408 0.733831 2 40 0.769000 27 0.231000
  27 -24.301851 0.414848 38.238487 -0.290905 -0.781700 -0.551652 0.582301 0.725177 2 27 0.751000 40 0.249000
  27 -24.056295 0.708485 37.986576 -0.140304 -0.178176 -0.973945 0.570631 0.722300 2 27 0.577000 40 0.423000
v_hands
  40 -23.897388 0.315797 38.063492 -0.624073 -0.342303 -0.702397 0.569408 0.733831 2 40 0.769000 27 0.231000
  27 -24.290930 0.329935 38.499962 -0.441628 -0.896892 -0.023443 0.594323 0.723408 2 27 0.751000 40 0.249000
  27 -24.301851 0.414848 38.238487 -0.290905 -0.781700 -0.551652 0.582301 0.725177 2 27 0.751000 40 0.249000
v_hands
  40 -23.897388 0.315797 38.063492 -0.624073 -0.342303 -0.702397 0.569408 0.733831 2 40 0.769000 27 0.231000
  40 -23.944288 0.042767 38.376011 -0.748398 -0.657252 -0.088993 0.584377 0.735457 1 40 1.000000
  27 -24.290930 0.329935 38.499962 -0.441628 -0.896892 -0.023443 0.594323 0.723408 2 27 0.751000 40 0.249000
v_hands
  41 -23.653559 0.191605 37.776577 -0.844118 0.121446 -0.522221 0.559340 0.741286 1 41 1.000000
  40 -23.944288 0.042767 38.376011 -0.748398 -0.657252 -0.088993 0.584377 0.735457 1 40 1.000000
  40 -23.897388 0.315797 38.063492 -0.624073 -0.342303 -0.702397 0.569408 0.733831 2 40 0.769000 27 0.231000
v_hands
  41 -23.653559 0.191605 37.776577 -0.844118 0.121446 -0.522221 0.559340 0.741286 1 41 1.000000
  41 -23.781361 -0.138491 38.159119 -0.840659 -0.505224 -0.195041 0.578979 0.743467 1 41 1.000000
  40 -23.944288 0.042767 38.376011 -0.748398 -0.657252 -0.088993 0.584377 0.735457 1 40 1.000000
v_hands
  41 -23.689526 -0.232420 37.985348 -0.910255 -0.387086 -0.146969 0.575880 0.749668 1 41 1.000000
  41 -23.781361 -0.138491 38.159119 -0.840659 -0.505224 -0.195041 0.578979 0.743467 1 41 1.000000
  41 -23.653559 0.191605 37.776577 -0.844118 0.121446 -0.522221 0.559340 0.741286 1 41 1.000000
v_hands
  41 -23.553932 -0.417981 37.548813 -0.900479 -0.429554 0.067973 0.571763 0.759790 2 41 0.829000 42 0.171000
  41 -23.689526 -0.232420 37.985348 -0.910255 -0.387086 -0.146969 0.575880 0.749668 1 41 1.000000
  41 -23.653559 0.191605 37.776577 -0.844118 0.121446 -0.522221 0.559340 0.741286 1 41 1.000000
v_hands
  40 -23.256340 0.941049 37.959061 -0.050771 0.621526 -0.781746 0.540175 0.713894 2 40 0.841000 27 0.159000
  40 -23.323242 1.535918 38.310223 0.191707 0.518384 -0.833382 0.547065 0.690192 2 40 0.529000 27 0.471000
  40 -22.700157 1.690766 38.586052 0.516095 0.496255 -0.698124 0.529529 0.678802 2 40 0.697000 27 0.303000
v_hands
  40 -23.256340 0.941049 37.959061 -0.050771 0.621526 -0.781746 0.540175 0.713894 2 40 0.841000 27 0.159000
  40 -22.700157 1.690766 38.586052 0.516095 0.496255 -0.698124 0.529529 0.678802 2 40 0.697000 27 0.303000
  40 -22.688282 1.043817 38.154716 0.489617 0.533356 -0.689787 0.521741 0.701005 2 40 0.841000 27 0.159000
v_hands
  40 -23.323242 1.535918 38.310223 0.191707 0.518384 -0.833382 0.547065 0.690192 2 40 0.529000 27 0.471000
  40 -23.256340 0.941049 37.959061 -0.050771 0.621526 -0.781746 0.540175 0.713894 2 40 0.841000 27 0.159000
  40 -23.618929 0.701333 37.904896 -0.337440 0.299608 -0.892395 0.554725 0.724682 2 40 0.841000 27 0.159000
v_hands
  40 -23.256340 0.941049 37.959061 -0.050771 0.621526 -0.781746 0.540175 0.713894 2 40 0.841000 27 0.159000
  41 -23.240915 0.560295 37.547264 -0.200199 0.628574 -0.751542 0.537600 0.738165 1 41 1.000000
  40 -23.618929 0.701333 37.904896 -0.337440 0.299608 -0.892395 0.554725 0.724682 2 40 0.841000 27 0.159000
v_hands
  41 -23.240915 0.560295 37.547264 -0.200199 0.628574 -0.751542 0.537600 0.738165 1 41 1.000000
  40 -23.256340 0.941049 37.959061 -0.050771 0.621526 -0.781746 0.540175 0.713894 2 40 0.841000 27 0.159000
  40 -22.688282 1.043817 38.154716 0.489617 0.533356 -0.689787 0.521741 0.701005 2 40 0.841000 27 0.159000
v_hands
  41 -23.240915 0.560295 37.547264 -0.200199 0.628574 -0.751542 0.537600 0.738165 1 41 1.000000
  40 -22.688282 1.043817 38.154716 0.489617 0.533356 -0.689787 0.521741 0.701005 2 40 0.841000 27 0.159000
  41 -22.629930 0.488840 37.698814 0.597858 0.512278 -0.616552 0.513249 0.727280 1 41 1.000000
v_hands
  41 -22.370352 0.204602 37.929653 0.944204 0.053076 -0.325056 0.495915 0.719066 1 41 1.000000
  41 -22.629930 0.488840 37.698814 0.597858 0.512278 -0.616552 0.513249 0.727280 1 41 1.000000
  40 -22.688282 1.043817 38.154716 0.489617 0.533356 -0.689787 0.521741 0.701005 2 40 0.841000 27 0.159000
v_hands
  41 -22.370352 0.204602 37.929653 0.944204 0.053076 -0.325056 0.495915 0.719066 1 41 1.000000
  40 -22.688282 1.043817 38.154716 0.489617 0.533356 -0.689787 0.521741 0.701005 2 40 0.841000 27 0.159000
  40 -22.148867 0.824023 38.705746 0.934844 0.112206 -0.336863 0.497747 0.684420 2 40 0.697000 27 0.303000
v_hands
  40 -22.700157 1.690766 38.586052 0.516095 0.496255 -0.698124 0.529529 0.678802 2 40 0.697000 27 0.303000
  40 -22.148867 0.824023 38.705746 0.934844 0.112206 -0.336863 0.497747 0.684420 2 40 0.697000 27 0.303000
  40 -22.688282 1.043817 38.154716 0.489617 0.533356 -0.689787 0.521741 0.701005 2 40 0.841000 27 0.159000
v_hands
  40 -22.700157 1.690766 38.586052 0.516095 0.496255 -0.698124 0.529529 0.678802 2 40 0.697000 27 0.303000
  27 -21.942047 1.275431 39.532814 0.970626 -0.000843 -0.240592 0.494682 0.650922 1 27 1.000000
  40 -22.148867 0.824023 38.705746 0.934844 0.112206 -0.336863 0.497747 0.684420 2 40 0.697000 27 0.303000
v_hands
  40 -23.618929 0.701333 37.904896 -0.337440 0.299608 -0.892395 0.554725 0.724682 2 40 0.841000 27 0.159000
  41 -23.653559 0.191605 37.776577 -0.844118 0.121446 -0.522221 0.559340 0.741286 1 41 1.000000
  40 -23.897388 0.315797 38.063492 -0.624073 -0.342303 -0.702397 0.569408 0.733831 2 40 0.769000 27 0.231000
v_hands
  40 -23.618929 0.701333 37.904896 -0.337440 0.299608 -0.892395 0.554725 0.724682 2 40 0.841000 27 0.159000
  41 -23.240915 0.560295 37.547264 -0.200199 0.628574 -0.751542 0.537600 0.738165 1 41 1.000000
  41 -23.653559 0.191605 37.776577 -0.844118 0.121446 -0.522221 0.559340 0.741286 1 41 1.000000
v_hands
  41 -23.653559 0.191605 37.776577 -0.844118 0.121446 -0.522221 0.559340 0.741286 1 41 1.000000
  41 -23.240915 0.560295 37.547264 -0.200199 0.628574 -0.751542 0.537600 0.738165 1 41 1.000000
  41 -23.254148 0.354467 37.363811 -0.324609 0.861834 -0.389706 0.536608 0.750697 2 41 0.724000 42 0.276000
v_hands
  41 -22.629930 0.488840 37.698814 0.597858 0.512278 -0.616552 0.513249 0.727280 1 41 1.000000
  41 -23.254148 0.354467 37.363811 -0.324609 0.861834 -0.389706 0.536608 0.750697 2 41 0.724000 42 0.276000
  41 -23.240915 0.560295 37.547264 -0.200199 0.628574 -0.751542 0.537600 0.738165 1 41 1.000000
v_hands
  41 -22.629930 0.488840 37.698814 0.597858 0.512278 -0.616552 0.513249 0.727280 1 41 1.000000
  41 -22.771566 0.249933 37.380970 0.581016 0.716021 -0.386956 0.514086 0.747636 2 41 0.724000 42 0.276000
  41 -23.254148 0.354467 37.363811 -0.324609 0.861834 -0.389706 0.536608 0.750697 2 41 0.724000 42 0.276000
v_hands
  41 -22.771566 0.249933 37.380970 0.581016 0.716021 -0.386956 0.514086 0.747636 2 41 0.724000 42 0.276000
  41 -22.629930 0.488840 37.698814 0.597858 0.512278 -0.616552 0.513249 0.727280 1 41 1.000000
  41 -22.370352 0.204602 37.929653 0.944204 0.053076 -0.325056 0.495915 0.719066 1 41 1.000000
v_hands
  41 -22.370352 0.204602 37.929653 0.944204 0.053076 -0.325056 0.495915 0.719066 1 41 1.000000
  41 -22.583115 -0.135695 37.351017 0.978298 0.046916 -0.201819 0.497361 0.743514 2 41 0.829000 42 0.171000
  41 -22.771566 0.249933 37.380970 0.581016 0.716021 -0.386956 0.514086 0.747636 2 41 0.724000 42 0.276000
v_hands
  41 -22.511616 -0.323492 37.950096 0.773520 -0.624613 0.107355 0.479349 0.725685 1 41 1.000000
  41 -22.583115 -0.135695 37.351017 0.978298 0.046916 -0.201819 0.497361 0.743514 2 41 0.829000 42 0.171000
  41 -22.370352 0.204602 37.929653 0.944204 0.053076 -0.325056 0.495915 0.719066 1 41 1.000000
v_hands
  41 -22.583115 -0.135695 37.351017 0.978298 0.046916 -0.201819 0.497361 0.743514 2 41 0.829000 42 0.171000
  41 -22.511616 -0.323492 37.950096 0.773520 -0.624613 0.107355 0.479349 0.725685 1 41 1.000000
  41 -22.626101 -0.423593 37.442055 0.818242 -0.568801 -0.083340 0.483266 0.744994 2 41 0.829000 42 0.171000
v_hands
  41 -22.511616 -0.323492 37.950096 0.773520 -0.624613 0.107355 0.479349 0.725685 1 41 1.000000
  41 -22.961504 -0.641075 37.502178 0.305759 -0.944903 0.116917 0.467328 0.747889 2 41 0.829000 42 0.171000
  41 -22.626101 -0.423593 37.442055 0.818242 -0.568801 -0.083340 0.483266 0.744994 2 41 0.829000 42 0.171000
v_hands
  41 -22.961504 -0.641075 37.502178 0.305759 -0.944903 0.116917 0.467328 0.747889 2 41 0.829000 42 0.171000
  42 -22.710976 -0.479677 37.051331 0.771913 -0.632552 -0.063470 0.483272 0.760074 2 42 0.538000 41 0.462000
  41 -22.626101 -0.423593 37.442055 0.818242 -0.568801 -0.083340 0.483266 0.744994 2 41 0.829000 42 0.171000
v_hands
  42 -22.710976 -0.479677 37.051331 0.771913 -0.632552 -0.063470 0.483272 0.760074 2 42 0.538000 41 0.462000
  41 -22.583115 -0.135695 37.351017 0.978298 0.046916 -0.201819 0.497361 0.743514 2 41 0.829000 42 0.171000
  41 -22.626101 -0.423593 37.442055 0.818242 -0.568801 -0.083340 0.483266 0.744994 2 41 0.829000 42 0.171000
v_hands
  42 -23.081139 -0.227081 35.550587 0.587109 -0.088452 -0.804661 0.501950 0.818450 1 42 1.000000
  42 -23.365131 -0.481043 35.586002 0.109386 -0.792732 -0.599676 0.477795 0.822819 1 42 1.000000
  42 -23.433342 -0.305524 35.489307 -0.182680 -0.088775 -0.979156 0.478484 0.828690 1 42 1.000000
v_hands
  42 -23.081139 -0.227081 35.550587 0.587109 -0.088452 -0.804661 0.501950 0.818450 1 42 1.000000
  42 -23.099596 -0.371995 35.664806 0.639527 -0.654957 -0.402538 0.488818 0.815964 1 42 1.000000
  42 -23.365131 -0.481043 35.586002 0.109386 -0.792732 -0.599676 0.477795 0.822819 1 42 1.000000
v_hands
  42 -22.888191 -0.359741 36.241970 0.690268 -0.626972 -0.361159 0.489016 0.793599 1 42 1.000000
  42 -23.099596 -0.371995 35.664806 0.639527 -0.654957 -0.402538 0.488818 0.815964 1 42 1.000000
  42 -23.081139 -0.227081 35.550587 0.587109 -0.088452 -0.804661 0.501950 0.818450 1 42 1.000000
v_hands
  42 -23.208637 -0.560821 36.284294 0.229683 -0.940318 -0.251094 0.475318 0.794926 1 42 1.000000
  42 -23.099596 -0.371995 35.664806 0.639527 -0.654957 -0.402538 0.488818 0.815964 1 42 1.000000
  42 -22.888191 -0.359741 36.241970 0.690268 -0.626972 -0.361159 0.489016 0.793599 1 42 1.000000
v_hands
  42 -22.738443 -0.452635 36.591816 0.737735 -0.625923 -0.252919 0.486334 0.778907 1 42 1.000000
  42 -23.208637 -0.560821 36.284294 0.229683 -0.940318 -0.251094 0.475318 0.794926 1 42 1.000000
  42 -22.888191 -0.359741 36.241970 0.690268 -0.626972 -0.361159 0.489016 0.793599 1 42 1.000000
v_hands
  42 -22.738443 -0.452635 36.591816 0.737735 -0.625923 -0.252919 0.486334 0.778907 1 42 1.000000
  42 -23.097345 -0.691235 36.696808 0.230809 -0.957380 -0.173640 0.472658 0.780371 1 42 1.000000
  42 -23.208637 -0.560821 36.284294 0.229683 -0.940318 -0.251094 0.475318 0.794926 1 42 1.000000
v_hands
  42 -22.710976 -0.479677 37.051331 0.771913 -0.632552 -0.063470 0.483272 0.760074 2 42 0.538000 41 0.462000
  42 -23.097345 -0.691235 36.696808 0.230809 -0.957380 -0.173640 0.472658 0.780371 1 42 1.000000
  42 -22.738443 -0.452635 36.591816 0.737735 -0.625923 -0.252919 0.486334 0.778907 1 42 1.000000
v_hands
  42 -22.710976 -0.479677 37.051331 0.771913 -0.632552 -0.063470 0.483272 0.760074 2 42 0.538000 41 0.462000
  42 -23.012077 -0.682815 37.173347 0.301473 -0.953396 0.012238 0.470302 0.759865 2 42 0.538000 41 0.462000
  42 -23.097345 -0.691235 36.696808 0.230809 -0.957380 -0.173640 0.472658 0.780371 1 42 1.000000
v_hands
  41 -22.961504 -0.641075 37.502178 0.305759 -0.944903 0.116917 0.467328 0.747889 2 41 0.829000 42 0.171000
  42 -23.012077 -0.682815 37.173347 0.301473 -0.953396 0.012238 0.470302 0.759865 2 42 0.538000 41 0.462000
  42 -22.710976 -0.479677 37.051331 0.771913 -0.632552 -0.063470 0.483272 0.760074 2 42 0.538000 41 0.462000
v_hands
  41 -23.363125 -0.654868 37.556667 -0.370717 -0.920282 0.125097 0.452147 0.752754 2 41 0.829000 42 0.171000
  42 -23.012077 -0.682815 37.173347 0.301473 -0.953396 0.012238 0.470302 0.759865 2 42 0.538000 41 0.462000
  41 -22.961504 -0.641075 37.502178 0.305759 -0.944903 0.116917 0.467328 0.747889 2 41 0.829000 42 0.171000
v_hands
  41 -22.902914 -0.508927 38.042114 0.315264 -0.927290 0.201846 0.462627 0.729747 1 41 1.000000
  41 -23.363125 -0.654868 37.556667 -0.370717 -0.920282 0.125097 0.452147 0.752754 2 41 0.829000 42 0.171000
  41 -22.961504 -0.641075 37.502178 0.305759 -0.944903 0.116917 0.467328 0.747889 2 41 0.829000 42 0.171000
v_hands
  41 -22.511616 -0.323492 37.950096 0.773520 -0.624613 0.107355 0.479349 0.725685 1 41 1.000000
  41 -22.902914 -0.508927 38.042114 0.315264 -0.927290 0.201846 0.462627 0.729747 1 41 1.000000
  41 -22.961504 -0.641075 37.502178 0.305759 -0.944903 0.116917 0.467328 0.747889 2 41 0.829000 42 0.171000
v_hands
  41 -22.424101 -0.089750 38.263794 0.847482 -0.522736 0.092309 0.478269 0.712669 2 41 0.541000 40 0.459000
  41 -22.902914 -0.508927 38.042114 0.315264 -0.927290 0.201846 0.462627 0.729747 1 41 1.000000
  41 -22.511616 -0.323492 37.950096 0.773520 -0.624613 0.107355 0.479349 0.725685 1 41 1.000000
v_hands
  41 -22.511616 -0.323492 37.950096 0.773520 -0.624613 0.107355 0.479349 0.725685 1 41 1.000000
  41 -22.370352 0.204602 37.929653 0.944204 0.053076 -0.325056 0.495915 0.719066 1 41 1.000000
  41 -22.424101 -0.089750 38.263794 0.847482 -0.522736 0.092309 0.478269 0.712669 2 41 0.541000 40 0.459000
v_hands
  40 -22.313799 0.172551 38.702164 0.854442 -0.510365 0.097247 0.475888 0.693779 2 40 0.802000 27 0.198000
  41 -22.424101 -0.089750 38.263794 0.847482 -0.522736 0.092309 0.478269 0.712669 2 41 0.541000 40 0.459000
  41 -22.370352 0.204602 37.929653 0.944204 0.053076 -0.325056 0.495915 0.719066 1 41 1.000000
v_hands
  40 -22.313799 0.172551 38.702164 0.854442 -0.510365 0.097247 0.475888 0.693779 2 40 0.802000 27 0.198000
  41 -22.370352 0.204602 37.929653 0.944204 0.053076 -0.325056 0.495915 0.719066 1 41 1.000000
  40 -22.148867 0.824023 38.705746 0.934844 0.112206 -0.336863 0.497747 0.684420 2 40 0.697000 27 0.303000
v_hands
  27 -22.133535 0.605021 39.411652 0.848185 -0.508203 0.149374 0.472177 0.663074 2 27 0.559000 40 0.441000
  40 -22.313799 0.172551 38.702164 0.854442 -0.510365 0.097247 0.475888 0.693779 2 40 0.802000 27 0.198000
  40 -22.148867 0.824023 38.705746 0.934844 0.112206 -0.336863 0.497747 0.684420 2 40 0.697000 27 0.303000
v_hands
  27 -22.133535 0.605021 39.411652 0.848185 -0.508203 0.149374 0.472177 0.663074 2 27 0.559000 40 0.441000
  40 -22.148867 0.824023 38.705746 0.934844 0.112206 -0.336863 0.497747 0.684420 2 40 0.697000 27 0.303000
  27 -21.942047 1.275431 39.532814 0.970626 -0.000843 -0.240592 0.494682 0.650922 1 27 1.000000
v_hands
  42 -23.208637 -0.560821 36.284294 0.229683 -0.940318 -0.251094 0.475318 0.794926 1 42 1.000000
  42 -23.365131 -0.481043 35.586002 0.109386 -0.792732 -0.599676 0.477795 0.822819 1 42 1.000000
  42 -23.099596 -0.371995 35.664806 0.639527 -0.654957 -0.402538 0.488818 0.815964 1 42 1.000000
v_hands
  42 -23.365131 -0.481043 35.586002 0.109386 -0.792732 -0.599676 0.477795 0.822819 1 42 1.000000
  42 -23.208637 -0.560821 36.284294 0.229683 -0.940318 -0.251094 0.475318 0.794926 1 42 1.000000
  42 -23.597345 -0.574240 36.395409 -0.359870 -0.923372 -0.133704 0.458612 0.796905 1 42 1.000000
v_hands
  42 -23.097345 -0.691235 36.696808 0.230809 -0.957380 -0.173640 0.472658 0.780371 1 42 1.000000
  42 -23.597345 -0.574240 36.395409 -0.359870 -0.923372 -0.133704 0.458612 0.796905 1 42 1.000000
  42 -23.208637 -0.560821 36.284294 0.229683 -0.940318 -0.251094 0.475318 0.794926 1 42 1.000000
v_hands
  42 -23.097345 -0.691235 36.696808 0.230809 -0.957380 -0.173640 0.472658 0.780371 1 42 1.000000
  42 -23.517334 -0.671555 36.747070 -0.366355 -0.929688 -0.038264 0.458364 0.784316 1 42 1.000000
  42 -23.597345 -0.574240 36.395409 -0.359870 -0.923372 -0.133704 0.458612 0.796905 1 42 1.000000
v_hands
  42 -23.012077 -0.682815 37.173347 0.301473 -0.953396 0.012238 0.470302 0.759865 2 42 0.538000 41 0.462000
  42 -23.517334 -0.671555 36.747070 -0.366355 -0.929688 -0.038264 0.458364 0.784316 1 42 1.000000
  42 -23.097345 -0.691235 36.696808 0.230809 -0.957380 -0.173640 0.472658 0.780371 1 42 1.000000
v_hands
  42 -23.012077 -0.682815 37.173347 0.301473 -0.953396 0.012238 0.470302 0.759865 2 42 0.538000 41 0.462000
  42 -23.371258 -0.699556 37.222771 -0.300964 -0.947955 0.103934 0.455891 0.763218 2 42 0.538000 41 0.462000
  42 -23.517334 -0.671555 36.747070 -0.366355 -0.929688 -0.038264 0.458364 0.784316 1 42 1.000000
v_hands
  41 -23.363125 -0.654868 37.556667 -0.370717 -0.920282 0.125097 0.452147 0.752754 2 41 0.829000 42 0.171000
  42 -23.371258 -0.699556 37.222771 -0.300964 -0.947955 0.103934 0.455891 0.763218 2 42 0.538000 41 0.462000
  42 -23.012077 -0.682815 37.173347 0.301473 -0.953396 0.012238 0.470302 0.759865 2 42 0.538000 41 0.462000
v_hands
  27 -22.574989 0.245846 39.516544 0.456413 -0.812417 0.362859 0.453810 0.666927 2 27 0.559000 40 0.441000
  27 -22.133535 0.605021 39.411652 0.848185 -0.508203 0.149374 0.472177 0.663074 2 27 0.559000 40 0.441000
  27 -21.985485 1.120991 40.050301 0.867079 -0.498019 -0.012289 0.470667 0.634030 2 27 0.688000 26 0.312000
v_hands
  40 -22.313799 0.172551 38.702164 0.854442 -0.510365 0.097247 0.475888 0.693779 2 40 0.802000 27 0.198000
  27 -22.133535 0.605021 39.411652 0.848185 -0.508203 0.149374 0.472177 0.663074 2 27 0.559000 40 0.441000
  27 -22.574989 0.245846 39.516544 0.456413 -0.812417 0.362859 0.453810 0.666927 2 27 0.559000 40 0.441000
v_hands
  40 -22.313799 0.172551 38.702164 0.854442 -0.510365 0.097247 0.475888 0.693779 2 40 0.802000 27 0.198000
  27 -22.574989 0.245846 39.516544 0.456413 -0.812417 0.362859 0.453810 0.666927 2 27 0.559000 40 0.441000
  40 -22.760084 -0.175933 38.854744 0.345809 -0.821545 0.453299 0.455343 0.699935 2 40 0.802000 27 0.198000
v_hands
  40 -22.760084 -0.175933 38.854744 0.345809 -0.821545 0.453299 0.455343 0.699935 2 40 0.802000 27 0.198000
  41 -22.424101 -0.089750 38.263794 0.847482 -0.522736 0.092309 0.478269 0.712669 2 41 0.541000 40 0.459000
  40 -22.313799 0.172551 38.702164 0.854442 -0.510365 0.097247 0.475888 0.693779 2 40 0.802000 27 0.198000
v_hands
  40 -22.760084 -0.175933 38.854744 0.345809 -0.821545 0.453299 0.455343 0.699935 2 40 0.802000 27 0.198000
  41 -22.817654 -0.397882 38.532021 0.366254 -0.862797 0.348482 0.458261 0.712705 2 41 0.541000 40 0.459000
  41 -22.424101 -0.089750 38.263794 0.847482 -0.522736 0.092309 0.478269 0.712669 2 41 0.541000 40 0.459000
v_hands
  41 -22.424101 -0.089750 38.263794 0.847482 -0.522736 0.092309 0.478269 0.712669 2 41 0.541000 40 0.459000
  41 -22.817654 -0.397882 38.532021 0.366254 -0.862797 0.348482 0.458261 0.712705 2 41 0.541000 40 0.459000
  41 -22.902914 -0.508927 38.042114 0.315264 -0.927290 0.201846 0.462627 0.729747 1 41 1.000000
v_hands
  41 -22.817654 -0.397882 38.532021 0.366254 -0.862797 0.348482 0.458261 0.712705 2 41 0.541000 40 0.459000
  41 -23.466522 -0.557238 38.118057 -0.450123 -0.870867 0.197435 0.440982 0.735258 1 41 1.000000
  41 -22.902914 -0.508927 38.042114 0.315264 -0.927290 0.201846 0.462627 0.729747 1 41 1.000000
v_hands
  41 -22.902914 -0.508927 38.042114 0.315264 -0.927290 0.201846 0.462627 0.729747 1 41 1.000000
  41 -23.466522 -0.557238 38.118057 -0.450123 -0.870867 0.197435 0.440982 0.735258 1 41 1.000000
  41 -23.363125 -0.654868 37.556667 -0.370717 -0.920282 0.125097 0.452147 0.752754 2 41 0.829000 42 0.171000
v_hands
  41 -23.466522 -0.557238 38.118057 -0.450123 -0.870867 0.197435 0.440982 0.735258 1 41 1.000000
  41 -23.553932 -0.417981 37.548813 -0.900479 -0.429554 0.067973 0.445274 0.754935 2 41 0.829000 42 0.171000
  41 -23.363125 -0.654868 37.556667 -0.370717 -0.920282 0.125097 0.452147 0.752754 2 41 0.829000 42 0.171000
v_hands
  41 -23.553932 -0.417981 37.548813 -0.900479 -0.429554 0.067973 0.445274 0.754935 2 41 0.829000 42 0.171000
  42 -23.371258 -0.699556 37.222771 -0.300964 -0.947955 0.103934 0.455891 0.763218 2 42 0.538000 41 0.462000
  41 -23.363125 -0.654868 37.556667 -0.370717 -0.920282 0.125097 0.452147 0.752754 2 41 0.829000 42 0.171000
v_hands
  41 -23.553932 -0.417981 37.548813 -0.900479 -0.429554 0.067973 0.445274 0.754935 2 41 0.829000 42 0.171000
  42 -23.604034 -0.489703 37.272110 -0.818042 -0.515558 0.254966 0.448255 0.764748 2 42 0.538000 41 0.462000
  42 -23.371258 -0.699556 37.222771 -0.300964 -0.947955 0.103934 0.455891 0.763218 2 42 0.538000 41 0.462000
v_hands
  42 -23.371258 -0.699556 37.222771 -0.300964 -0.947955 0.103934 0.455891 0.763218 2 42 0.538000 41 0.462000
  42 -23.604034 -0.489703 37.272110 -0.818042 -0.515558 0.254966 0.448255 0.764748 2 42 0.538000 41 0.462000
  42 -23.517334 -0.671555 36.747070 -0.366355 -0.929688 -0.038264 0.458364 0.784316 1 42 1.000000
v_hands
  42 -23.517334 -0.671555 36.747070 -0.366355 -0.929688 -0.038264 0.458364 0.784316 1 42 1.000000
  42 -23.604034 -0.489703 37.272110 -0.818042 -0.515558 0.254966 0.448255 0.764748 2 42 0.538000 41 0.462000
  42 -23.746235 -0.473493 36.760777 -0.842165 -0.523034 0.131125 0.449908 0.787345 1 42 1.000000
v_hands
  42 -23.517334 -0.671555 36.747070 -0.366355 -0.929688 -0.038264 0.458364 0.784316 1 42 1.000000
  42 -23.746235 -0.473493 36.760777 -0.842165 -0.523034 0.131125 0.449908 0.787345 1 42 1.000000
  42 -23.803774 -0.416149 36.435814 -0.900198 -0.433738 -0.038914 0.451213 0.797409 1 42 1.000000
v_hands
  42 -23.517334 -0.671555 36.747070 -0.366355 -0.929688 -0.038264 0.458364 0.784316 1 42 1.000000
  42 -23.803774 -0.416149 36.435814 -0.900198 -0.433738 -0.038914 0.451213 0.797409 1 42 1.000000
  42 -23.597345 -0.574240 36.395409 -0.359870 -0.923372 -0.133704 0.458612 0.796905 1 42 1.000000
v_hands
  42 -23.612650 -0.517296 35.718338 -0.411061 -0.830490 -0.375919 0.466370 0.821919 1 42 1.000000
  42 -23.597345 -0.574240 36.395409 -0.359870 -0.923372 -0.133704 0.458612 0.796905 1 42 1.000000
  42 -23.803774 -0.416149 36.435814 -0.900198 -0.433738 -0.038914 0.451213 0.797409 1 42 1.000000
v_hands
  42 -23.365131 -0.481043 35.586002 0.109386 -0.792732 -0.599676 0.477795 0.822819 1 42 1.000000
  42 -23.597345 -0.574240 36.395409 -0.359870 -0.923372 -0.133704 0.458612 0.796905 1 42 1.000000
  42 -23.612650 -0.517296 35.718338 -0.411061 -0.830490 -0.375919 0.466370 0.821919 1 42 1.000000
v_hands
  42 -23.612650 -0.517296 35.718338 -0.411061 -0.830490 -0.375919 0.466370 0.821919 1 42 1.000000
  42 -23.433342 -0.305524 35.489307 -0.182680 -0.088775 -0.979156 0.478484 0.828690 1 42 1.000000
  42 -23.365131 -0.481043 35.586002 0.109386 -0.792732 -0.599676 0.477795 0.822819 1 42 1.000000
v_hands
  27 -22.574989 0.245846 39.516544 0.456413 -0.812417 0.362859 0.453810 0.666927 2 27 0.559000 40 0.441000
  27 -21.985485 1.120991 40.050301 0.867079 -0.498019 -0.012289 0.470667 0.634030 2 27 0.688000 26 0.312000
  27 -22.420750 0.731520 40.278667 0.462096 -0.857483 0.226253 0.448253 0.635741 2 27 0.697000 26 0.303000
v_hands
  42 -23.612650 -0.517296 35.718338 -0.411061 -0.830490 -0.375919 0.466370 0.821919 1 42 1.000000
  42 -23.725470 -0.340331 35.679577 -0.824041 -0.145738 -0.547464 0.461690 0.824081 1 42 1.000000
  42 -23.433342 -0.305524 35.489307 -0.182680 -0.088775 -0.979156 0.478484 0.828690 1 42 1.000000
v_hands
  42 -23.612650 -0.517296 35.718338 -0.411061 -0.830490 -0.375919 0.466370 0.821919 1 42 1.000000
  42 -23.803774 -0.416149 36.435814 -0.900198 -0.433738 -0.038914 0.451213 0.797409 1 42 1.000000
  42 -23.725470 -0.340331 35.679577 -0.824041 -0.145738 -0.547464 0.461690 0.824081 1 42 1.000000
v_hands
  27 -22.817371 0.729038 40.483330 0.019649 -0.917633 0.396942 0.430163 0.633920 2 27 0.697000 26 0.303000
  27 -23.397018 0.364955 39.964775 -0.228457 -0.848496 0.477348 0.415957 0.662240 1 27 1.000000
  27 -23.000063 0.221027 39.783760 0.110240 -0.889691 0.443054 0.433313 0.663871 1 27 1.000000
v_hands
  27 -22.817371 0.729038 40.483330 0.019649 -0.917633 0.396942 0.430163 0.633920 2 27 0.697000 26 0.303000
  27 -23.000063 0.221027 39.783760 0.110240 -0.889691 0.443054 0.433313 0.663871 1 27 1.000000
  27 -22.420750 0.731520 40.278667 0.462096 -0.857483 0.226253 0.448253 0.635741 2 27 0.697000 26 0.303000
v_hands
  27 -23.000063 0.221027 39.783760 0.110240 -0.889691 0.443054 0.433313 0.663871 1 27 1.000000
  27 -22.574989 0.245846 39.516544 0.456413 -0.812417 0.362859 0.453810 0.666927 2 27 0.559000 40 0.441000
  27 -22.420750 0.731520 40.278667 0.462096 -0.857483 0.226253 0.448253 0.635741 2 27 0.697000 26 0.303000
v_hands
  27 -22.574989 0.245846 39.516544 0.456413 -0.812417 0.362859 0.453810 0.666927 2 27 0.559000 40 0.441000
  27 -23.000063 0.221027 39.783760 0.110240 -0.889691 0.443054 0.433313 0.663871 1 27 1.000000
  40 -23.477055 -0.124473 38.916012 -0.334628 -0.828533 0.448951 0.428886 0.708442 2 40 0.541000 27 0.459000
v_hands
  27 -22.574989 0.245846 39.516544 0.456413 -0.812417 0.362859 0.453810 0.666927 2 27 0.559000 40 0.441000
  40 -23.477055 -0.124473 38.916012 -0.334628 -0.828533 0.448951 0.428886 0.708442 2 40 0.541000 27 0.459000
  40 -22.760084 -0.175933 38.854744 0.345809 -0.821545 0.453299 0.455343 0.699935 2 40 0.802000 27 0.198000
v_hands
  40 -23.477055 -0.124473 38.916012 -0.334628 -0.828533 0.448951 0.428886 0.708442 2 40 0.541000 27 0.459000
  41 -22.817654 -0.397882 38.532021 0.366254 -0.862797 0.348482 0.458261 0.712705 2 41 0.541000 40 0.459000
  40 -22.760084 -0.175933 38.854744 0.345809 -0.821545 0.453299 0.455343 0.699935 2 40 0.802000 27 0.198000
v_hands
  40 -23.477055 -0.124473 38.916012 -0.334628 -0.828533 0.448951 0.428886 0.708442 2 40 0.541000 27 0.459000
  41 -23.465057 -0.413067 38.486580 -0.395700 -0.831552 0.389797 0.435334 0.723851 2 41 0.541000 40 0.459000
  41 -22.817654 -0.397882 38.532021 0.366254 -0.862797 0.348482 0.458261 0.712705 2 41 0.541000 40 0.459000
v_hands
  41 -22.817654 -0.397882 38.532021 0.366254 -0.862797 0.348482 0.458261 0.712705 2 41 0.541000 40 0.459000
  41 -23.465057 -0.413067 38.486580 -0.395700 -0.831552 0.389797 0.435334 0.723851 2 41 0.541000 40 0.459000
  41 -23.466522 -0.557238 38.118057 -0.450123 -0.870867 0.197435 0.440982 0.735258 1 41 1.000000
v_hands
  41 -23.465057 -0.413067 38.486580 -0.395700 -0.831552 0.389797 0.435334 0.723851 2 41 0.541000 40 0.459000
  41 -23.689526 -0.232420 37.985348 -0.910255 -0.387086 -0.146969 0.434487 0.741621 1 41 1.000000
  41 -23.466522 -0.557238 38.118057 -0.450123 -0.870867 0.197435 0.440982 0.735258 1 41 1.000000
v_hands
  41 -23.466522 -0.557238 38.118057 -0.450123 -0.870867 0.197435 0.440982 0.735258 1 41 1.000000
  41 -23.689526 -0.232420 37.985348 -0.910255 -0.387086 -0.146969 0.434487 0.741621 1 41 1.000000
  41 -23.553932 -0.417981 37.548813 -0.900479 -0.429554 0.067973 0.445274 0.754935 2 41 0.829000 42 0.171000
v_hands
  27 -23.397018 0.364955 39.964775 -0.228457 -0.848496 0.477348 0.415957 0.662240 1 27 1.000000
  40 -23.477055 -0.124473 38.916012 -0.334628 -0.828533 0.448951 0.428886 0.708442 2 40 0.541000 27 0.459000
  27 -23.000063 0.221027 39.783760 0.110240 -0.889691 0.443054 0.433313 0.663871 1 27 1.000000
v_hands
  27 -23.397018 0.364955 39.964775 -0.228457 -0.848496 0.477348 0.415957 0.662240 1 27 1.000000
  27 -24.021236 0.373110 39.092422 -0.466377 -0.827304 0.313146 0.406868 0.707625 1 27 1.000000
  40 -23.477055 -0.124473 38.916012 -0.334628 -0.828533 0.448951 0.428886 0.708442 2 40 0.541000 27 0.459000
v_hands
  27 -24.021236 0.373110 39.092422 -0.466377 -0.827304 0.313146 0.406868 0.707625 1 27 1.000000
  40 -23.944288 0.042767 38.376011 -0.748398 -0.657252 -0.088993 0.419420 0.731784 1 40 1.000000
  40 -23.477055 -0.124473 38.916012 -0.334628 -0.828533 0.448951 0.428886 0.708442 2 40 0.541000 27 0.459000
v_hands
  40 -23.944288 0.042767 38.376011 -0.748398 -0.657252 -0.088993 0.419420 0.731784 1 40 1.000000
  41 -23.465057 -0.413067 38.486580 -0.395700 -0.831552 0.389797 0.435334 0.723851 2 41 0.541000 40 0.459000
  40 -23.477055 -0.124473 38.916012 -0.334628 -0.828533 0.448951 0.428886 0.708442 2 40 0.541000 27 0.459000
v_hands
  40 -23.944288 0.042767 38.376011 -0.748398 -0.657252 -0.088993 0.419420 0.731784 1 40 1.000000
  41 -23.781361 -0.138491 38.159119 -0.840659 -0.505224 -0.195041 0.428407 0.736410 1 41 1.000000
  41 -23.465057 -0.413067 38.486580 -0.395700 -0.831552 0.389797 0.435334 0.723851 2 41 0.541000 40 0.459000
v_hands
  41 -23.465057 -0.413067 38.486580 -0.395700 -0.831552 0.389797 0.435334 0.723851 2 41 0.541000 40 0.459000
  41 -23.781361 -0.138491 38.159119 -0.840659 -0.505224 -0.195041 0.428407 0.736410 1 41 1.000000
  41 -23.689526 -0.232420 37.985348 -0.910255 -0.387086 -0.146969 0.434487 0.741621 1 41 1.000000
v_hands
  27 -24.021236 0.373110 39.092422 -0.466377 -0.827304 0.313146 0.406868 0.707625 1 27 1.000000
  27 -24.290930 0.329935 38.499962 -0.441628 -0.896892 -0.023443 0.404208 0.731319 2 27 0.751000 40 0.249000
  40 -23.944288 0.042767 38.376011 -0.748398 -0.657252 -0.088993 0.419420 0.731784 1 40 1.000000
v_hands
  37 -25.773396 0.897457 36.720673 0.754093 -0.426600 -0.499355 0.284928 0.885088 1 37 1.000000
  37 -25.482454 1.399459 37.064762 0.586278 0.143126 -0.797366 0.302008 0.871204 2 37 0.745000 27 0.255000
  37 -25.559875 0.895427 36.972923 0.651303 -0.446197 -0.613769 0.285696 0.872703 1 37 1.000000
v_hands
  34 -25.795027 1.833739 36.777103 0.640443 -0.513414 -0.571173 0.316290 0.886411 1 34 1.000000
  34 -25.799562 2.336533 36.771980 0.620723 0.568156 -0.540279 0.329426 0.887274 1 34 1.000000
  34 -25.474810 2.346250 37.037037 0.548726 0.051218 -0.834432 0.332100 0.874885 2 34 0.802000 27 0.198000
v_hands
  34 -25.795027 1.833739 36.777103 0.640443 -0.513414 -0.571173 0.316290 0.886411 1 34 1.000000
  34 -25.474810 2.346250 37.037037 0.548726 0.051218 -0.834432 0.332100 0.874885 2 34 0.802000 27 0.198000
  34 -25.501179 1.772328 37.070271 0.545347 -0.144631 -0.825638 0.313641 0.873126 2 34 0.802000 27 0.198000
v_hands
  27 -25.065321 1.491889 37.457317 0.665971 -0.035115 -0.745150 0.307291 0.855995 3 27 0.426403 37 0.423000 34 0.150597
  34 -25.501179 1.772328 37.070271 0.545347 -0.144631 -0.825638 0.313641 0.873126 2 34 0.802000 27 0.198000
  34 -25.474810 2.346250 37.037037 0.548726 0.051218 -0.834432 0.332100 0.874885 2 34 0.802000 27 0.198000
v_hands
  34 -25.501179 1.772328 37.070271 0.545347 -0.144631 -0.825638 0.313641 0.873126 2 34 0.802000 27 0.198000
  27 -25.065321 1.491889 37.457317 0.665971 -0.035115 -0.745150 0.307291 0.855995 3 27 0.426403 37 0.423000 34 0.150597
  37 -25.482454 1.399459 37.064762 0.586278 0.143126 -0.797366 0.302008 0.871204 2 37 0.745000 27 0.255000
v_hands
  37 -25.071434 0.785174 37.454639 0.565158 -0.541741 -0.622184 0.285312 0.850820 2 37 0.694000 27 0.306000
  37 -25.482454 1.399459 37.064762 0.586278 0.143126 -0.797366 0.302008 0.871204 2 37 0.745000 27 0.255000
  27 -25.065321 1.491889 37.457317 0.665971 -0.035115 -0.745150 0.307291 0.855995 3 27 0.426403 37 0.423000 34 0.150597
v_hands
  37 -25.071434 0.785174 37.454639 0.565158 -0.541741 -0.622184 0.285312 0.850820 2 37 0.694000 27 0.306000
  37 -25.559875 0.895427 36.972923 0.651303 -0.446197 -0.613769 0.285696 0.872703 1 37 1.000000
  37 -25.482454 1.399459 37.064762 0.586278 0.143126 -0.797366 0.302008 0.871204 2 37 0.745000 27 0.255000
v_hands
  37 -25.379309 0.631546 37.672241 0.045340 -0.983890 -0.172929 0.275116 0.851663 1 37 1.000000
  37 -25.559875 0.895427 36.972923 0.651303 -0.446197 -0.613769 0.285696 0.872703 1 37 1.000000
  37 -25.071434 0.785174 37.454639 0.565158 -0.541741 -0.622184 0.285312 0.850820 2 37 0.694000 27 0.306000
v_hands
  37 -25.379309 0.631546 37.672241 0.045340 -0.983890 -0.172929 0.275116 0.851663 1 37 1.000000
  37 -25.823605 0.645356 37.172943 0.145247 -0.976156 -0.161316 0.276180 0.874314 1 37 1.000000
  37 -25.559875 0.895427 36.972923 0.651303 -0.446197 -0.613769 0.285696 0.872703 1 37 1.000000
v_hands
  37 -25.823605 0.645356 37.172943 0.145247 -0.976156 -0.161316 0.276180 0.874314 1 37 1.000000
  37 -25.773396 0.897457 36.720673 0.754093 -0.426600 -0.499355 0.284928 0.885088 1 37 1.000000
  37 -25.559875 0.895427 36.972923 0.651303 -0.446197 -0.613769 0.285696 0.872703 1 37 1.000000
v_hands
  37 -26.289541 0.638978 36.552925 0.073755 -0.995314 -0.062535 0.275154 0.893064 1 37 1.000000
  37 -25.773396 0.897457 36.720673 0.754093 -0.426600 -0.499355 0.284928 0.885088 1 37 1.000000
  37 -25.823605 0.645356 37.172943 0.145247 -0.976156 -0.161316 0.276180 0.874314 1 37 1.000000
v_hands
  37 -26.289541 0.638978 36.552925 0.073755 -0.995314 -0.062535 0.275154 0.893064 1 37 1.000000
  38 -26.011589 0.915040 36.076492 0.859409 -0.407100 -0.309332 0.284688 0.905911 2 38 0.937000 39 0.063000
  37 -25.773396 0.897457 36.720673 0.754093 -0.426600 -0.499355 0.284928 0.885088 1 37 1.000000
v_hands
  38 -26.567755 0.743261 35.508499 0.072190 -0.995545 -0.060659 0.275520 0.925560 1 38 1.000000
  38 -26.011589 0.915040 36.076492 0.859409 -0.407100 -0.309332 0.284688 0.905911 2 38 0.937000 39 0.063000
  37 -26.289541 0.638978 36.552925 0.073755 -0.995314 -0.062535 0.275154 0.893064 1 37 1.000000
v_hands
  38 -26.011589 0.915040 36.076492 0.859409 -0.407100 -0.309332 0.284688 0.905911 2 38 0.937000 39 0.063000
  38 -26.567755 0.743261 35.508499 0.072190 -0.995545 -0.060659 0.275520 0.925560 1 38 1.000000
  39 -26.235706 0.916917 35.329628 0.861327 -0.480405 -0.165307 0.284921 0.928229 2 39 0.754000 38 0.246000
v_hands
  39 -26.584562 0.753155 34.845455 0.073069 -0.991425 -0.108335 0.277314 0.937934 1 39 1.000000
  39 -26.235706 0.916917 35.329628 0.861327 -0.480405 -0.165307 0.284921 0.928229 2 39 0.754000 38 0.246000
  38 -26.567755 0.743261 35.508499 0.072190 -0.995545 -0.060659 0.275520 0.925560 1 38 1.000000
v_hands
  39 -26.584562 0.753155 34.845455 0.073069 -0.991425 -0.108335 0.277314 0.937934 1 39 1.000000
  39 -26.281700 0.948134 34.900097 0.912445 -0.380745 -0.149923 0.285953 0.936538 2 39 0.931000 38 0.069000
  39 -26.235706 0.916917 35.329628 0.861327 -0.480405 -0.165307 0.284921 0.928229 2 39 0.754000 38 0.246000
v_hands
  39 -26.539747 0.853662 34.388947 0.271048 -0.721269 -0.637420 0.279786 0.950286 1 39 1.000000
  39 -26.281700 0.948134 34.900097 0.912445 -0.380745 -0.149923 0.285953 0.936538 2 39 0.931000 38 0.069000
  39 -26.584562 0.753155 34.845455 0.073069 -0.991425 -0.108335 0.277314 0.937934 1 39 1.000000
v_hands
  39 -26.539747 0.853662 34.388947 0.271048 -0.721269 -0.637420 0.279786 0.950286 1 39 1.000000
  39 -26.359266 1.000529 34.492069 0.862793 -0.251168 -0.438752 0.286472 0.947783 1 39 1.000000
  39 -26.281700 0.948134 34.900097 0.912445 -0.380745 -0.149923 0.285953 0.936538 2 39 0.931000 38 0.069000
v_hands
  39 -26.559296 1.140708 34.303135 0.306138 0.014718 -0.951873 0.291151 0.957216 1 39 1.000000
  39 -26.359266 1.000529 34.492069 0.862793 -0.251168 -0.438752 0.286472 0.947783 1 39 1.000000
  39 -26.539747 0.853662 34.388947 0.271048 -0.721269 -0.637420 0.279786 0.950286 1 39 1.000000
v_hands
  37 -25.071434 0.785174 37.454639 0.565158 -0.541741 -0.622184 0.285312 0.850820 2 37 0.694000 27 0.306000
  37 -25.212446 0.607818 37.814369 0.064683 -0.982823 -0.172843 0.275367 0.845646 2 37 0.679000 27 0.321000
  37 -25.379309 0.631546 37.672241 0.045340 -0.983890 -0.172929 0.275116 0.851663 1 37 1.000000
v_hands
  27 -25.065321 1.491889 37.457317 0.665971 -0.035115 -0.745150 0.307291 0.855995 3 27 0.426403 37 0.423000 34 0.150597
  27 -24.614195 0.734485 37.995018 0.245509 -0.586892 -0.771546 0.287168 0.828708 1 27 1.000000
  37 -25.071434 0.785174 37.454639 0.565158 -0.541741 -0.622184 0.285312 0.850820 2 37 0.694000 27 0.306000
v_hands
  27 -24.614195 0.734485 37.995018 0.245509 -0.586892 -0.771546 0.287168 0.828708 1 27 1.000000
  37 -25.212446 0.607818 37.814369 0.064683 -0.982823 -0.172843 0.275367 0.845646 2 37 0.679000 27 0.321000
  37 -25.071434 0.785174 37.454639 0.565158 -0.541741 -0.622184 0.285312 0.850820 2 37 0.694000 27 0.306000
v_hands
  27 -24.614195 0.734485 37.995018 0.245509 -0.586892 -0.771546 0.287168 0.828708 1 27 1.000000
  27 -24.829739 0.579317 38.197021 -0.097653 -0.964253 -0.246334 0.276532 0.828125 1 27 1.000000
  37 -25.212446 0.607818 37.814369 0.064683 -0.982823 -0.172843 0.275367 0.845646 2 37 0.679000 27 0.321000
v_hands
  39 -26.235706 0.916917 35.329628 0.861327 -0.480405 -0.165307 0.284921 0.928229 2 39 0.754000 38 0.246000
  39 -26.348757 1.337818 34.921970 0.769531 0.629337 -0.108428 0.299265 0.937626 2 39 0.931000 38 0.069000
  39 -26.280184 1.336065 35.355980 0.754145 0.636015 -0.163554 0.299243 0.929177 2 39 0.754000 38 0.246000
v_hands
  39 -26.235706 0.916917 35.329628 0.861327 -0.480405 -0.165307 0.284921 0.928229 2 39 0.754000 38 0.246000
  39 -26.281700 0.948134 34.900097 0.912445 -0.380745 -0.149923 0.285953 0.936538 2 39 0.931000 38 0.069000
  39 -26.348757 1.337818 34.921970 0.769531 0.629337 -0.108428 0.299265 0.937626 2 39 0.931000 38 0.069000
v_hands
  39 -26.403004 1.291446 34.479530 0.776888 0.487901 -0.397991 0.296403 0.949206 1 39 1.000000
  39 -26.348757 1.337818 34.921970 0.769531 0.629337 -0.108428 0.299265 0.937626 2 39 0.931000 38 0.069000
  39 -26.281700 0.948134 34.900097 0.912445 -0.380745 -0.149923 0.285953 0.936538 2 39 0.931000 38 0.069000
v_hands
  39 -26.403004 1.291446 34.479530 0.776888 0.487901 -0.397991 0.296403 0.949206 1 39 1.000000
  39 -26.281700 0.948134 34.900097 0.912445 -0.380745 -0.149923 0.285953 0.936538 2 39 0.931000 38 0.069000
  39 -26.359266 1.000529 34.492069 0.862793 -0.251168 -0.438752 0.286472 0.947783 1 39 1.000000
v_hands
  39 -26.359266 1.000529 34.492069 0.862793 -0.251168 -0.438752 0.286472 0.947783 1 39 1.000000
  39 -26.559296 1.140708 34.303135 0.306138 0.014718 -0.951873 0.291151 0.957216 1 39 1.000000
  39 -26.403004 1.291446 34.479530 0.776888 0.487901 -0.397991 0.296403 0.949206 1 39 1.000000
v_hands
  39 -26.586433 1.380885 34.365044 0.175903 0.754520 -0.632264 0.301389 0.954832 1 39 1.000000
  39 -26.403004 1.291446 34.479530 0.776888 0.487901 -0.397991 0.296403 0.949206 1 39 1.000000
  39 -26.559296 1.140708 34.303135 0.306138 0.014718 -0.951873 0.291151 0.957216 1 39 1.000000
v_hands
  39 -26.403004 1.291446 34.479530 0.776888 0.487901 -0.397991 0.296403 0.949206 1 39 1.000000
  39 -26.586433 1.380885 34.365044 0.175903 0.754520 -0.632264 0.301389 0.954832 1 39 1.000000
  39 -26.683966 1.480452 34.819019 -0.166634 0.973525 -0.156466 0.304942 0.943247 1 39 1.000000
v_hands
  39 -26.403004 1.291446 34.479530 0.776888 0.487901 -0.397991 0.296403 0.949206 1 39 1.000000
  39 -26.683966 1.480452 34.819019 -0.166634 0.973525 -0.156466 0.304942 0.943247 1 39 1.000000
  39 -26.348757 1.337818 34.921970 0.769531 0.629337 -0.108428 0.299265 0.937626 2 39 0.931000 38 0.069000
v_hands
  38 -26.709980 1.483343 35.516762 -0.112052 0.991938 -0.059193 0.306275 0.926363 2 38 0.535000 39 0.465000
  39 -26.348757 1.337818 34.921970 0.769531 0.629337 -0.108428 0.299265 0.937626 2 39 0.931000 38 0.069000
  39 -26.683966 1.480452 34.819019 -0.166634 0.973525 -0.156466 0.304942 0.943247 1 39 1.000000
v_hands
  38 -26.709980 1.483343 35.516762 -0.112052 0.991938 -0.059193 0.306275 0.926363 2 38 0.535000 39 0.465000
  39 -26.280184 1.336065 35.355980 0.754145 0.636015 -0.163554 0.299243 0.929177 2 39 0.754000 38 0.246000
  39 -26.348757 1.337818 34.921970 0.769531 0.629337 -0.108428 0.299265 0.937626 2 39 0.931000 38 0.069000
v_hands
  38 -26.709980 1.483343 35.516762 -0.112052 0.991938 -0.059193 0.306275 0.926363 2 38 0.535000 39 0.465000
  38 -26.098900 1.373344 36.105637 0.696658 0.671552 -0.252360 0.300343 0.907289 2 38 0.937000 39 0.063000
  39 -26.280184 1.336065 35.355980 0.754145 0.636015 -0.163554 0.299243 0.929177 2 39 0.754000 38 0.246000
v_hands
  38 -26.098900 1.373344 36.105637 0.696658 0.671552 -0.252360 0.300343 0.907289 2 38 0.937000 39 0.063000
  39 -26.235706 0.916917 35.329628 0.861327 -0.480405 -0.165307 0.284921 0.928229 2 39 0.754000 38 0.246000
  39 -26.280184 1.336065 35.355980 0.754145 0.636015 -0.163554 0.299243 0.929177 2 39 0.754000 38 0.246000
v_hands
  38 -26.098900 1.373344 36.105637 0.696658 0.671552 -0.252360 0.300343 0.907289 2 38 0.937000 39 0.063000
  38 -26.011589 0.915040 36.076492 0.859409 -0.407100 -0.309332 0.284688 0.905911 2 38 0.937000 39 0.063000
  39 -26.235706 0.916917 35.329628 0.861327 -0.480405 -0.165307 0.284921 0.928229 2 39 0.754000 38 0.246000
v_hands
  37 -25.773396 0.897457 36.720673 0.754093 -0.426600 -0.499355 0.284928 0.885088 1 37 1.000000
  38 -26.011589 0.915040 36.076492 0.859409 -0.407100 -0.309332 0.284688 0.905911 2 38 0.937000 39 0.063000
  38 -26.098900 1.373344 36.105637 0.696658 0.671552 -0.252360 0.300343 0.907289 2 38 0.937000 39 0.063000
v_hands
  37 -25.773396 0.897457 36.720673 0.754093 -0.426600 -0.499355 0.284928 0.885088 1 37 1.000000
  38 -26.098900 1.373344 36.105637 0.696658 0.671552 -0.252360 0.300343 0.907289 2 38 0.937000 39 0.063000
  37 -25.846819 1.398007 36.729469 0.602509 0.645216 -0.469765 0.302025 0.886705 1 37 1.000000
v_hands
  37 -25.773396 0.897457 36.720673 0.754093 -0.426600 -0.499355 0.284928 0.885088 1 37 1.000000
  37 -25.846819 1.398007 36.729469 0.602509 0.645216 -0.469765 0.302025 0.886705 1 37 1.000000
  37 -25.482454 1.399459 37.064762 0.586278 0.143126 -0.797366 0.302008 0.871204 2 37 0.745000 27 0.255000
v_hands
  37 -25.846819 1.398007 36.729469 0.602509 0.645216 -0.469765 0.302025 0.886705 1 37 1.000000
  37 -26.007576 1.564830 37.036587 -0.091854 0.780602 -0.618242 0.306919 0.885110 1 37 1.000000
  37 -25.482454 1.399459 37.064762 0.586278 0.143126 -0.797366 0.302008 0.871204 2 37 0.745000 27 0.255000
v_hands
  37 -25.482454 1.399459 37.064762 0.586278 0.143126 -0.797366 0.302008 0.871204 2 37 0.745000 27 0.255000
  37 -26.007576 1.564830 37.036587 -0.091854 0.780602 -0.618242 0.306919 0.885110 1 37 1.000000
  34 -26.021936 1.591526 37.040989 -0.205672 -0.820601 -0.533210 0.308390 0.885142 1 34 1.000000
v_hands
  37 -25.482454 1.399459 37.064762 0.586278 0.143126 -0.797366 0.302008 0.871204 2 37 0.745000 27 0.255000
  34 -26.021936 1.591526 37.040989 -0.205672 -0.820601 -0.533210 0.308390 0.885142 1 34 1.000000
  34 -25.501179 1.772328 37.070271 0.545347 -0.144631 -0.825638 0.313641 0.873126 2 34 0.802000 27 0.198000
v_hands
  34 -26.021936 1.591526 37.040989 -0.205672 -0.820601 -0.533210 0.308390 0.885142 1 34 1.000000
  34 -25.795027 1.833739 36.777103 0.640443 -0.513414 -0.571173 0.316290 0.886411 1 34 1.000000
  34 -25.501179 1.772328 37.070271 0.545347 -0.144631 -0.825638 0.313641 0.873126 2 34 0.802000 27 0.198000
v_hands
  34 -26.406584 1.635173 36.636395 0.000827 -0.995739 -0.092210 0.308219 0.898716 1 34 1.000000
  34 -25.795027 1.833739 36.777103 0.640443 -0.513414 -0.571173 0.316290 0.886411 1 34 1.000000
  34 -26.021936 1.591526 37.040989 -0.205672 -0.820601 -0.533210 0.308390 0.885142 1 34 1.000000
v_hands
  34 -26.406584 1.635173 36.636395 0.000827 -0.995739 -0.092210 0.308219 0.898716 1 34 1.000000
  35 -26.172472 1.884191 35.984474 0.815088 -0.527535 -0.239454 0.316436 0.909599 1 35 1.000000
  34 -25.795027 1.833739 36.777103 0.640443 -0.513414 -0.571173 0.316290 0.886411 1 34 1.000000
v_hands
  37 -26.520082 1.570911 36.672413 -0.133773 0.991012 -0.000357 0.307873 0.896615 1 37 1.000000
  38 -26.098900 1.373344 36.105637 0.696658 0.671552 -0.252360 0.300343 0.907289 2 38 0.937000 39 0.063000
  38 -26.709980 1.483343 35.516762 -0.112052 0.991938 -0.059193 0.306275 0.926363 2 38 0.535000 39 0.465000
v_hands
  38 -26.098900 1.373344 36.105637 0.696658 0.671552 -0.252360 0.300343 0.907289 2 38 0.937000 39 0.063000
  37 -26.520082 1.570911 36.672413 -0.133773 0.991012 -0.000357 0.307873 0.896615 1 37 1.000000
  37 -25.846819 1.398007 36.729469 0.602509 0.645216 -0.469765 0.302025 0.886705 1 37 1.000000
v_hands
  37 -26.007576 1.564830 37.036587 -0.091854 0.780602 -0.618242 0.306919 0.885110 1 37 1.000000
  37 -25.846819 1.398007 36.729469 0.602509 0.645216 -0.469765 0.302025 0.886705 1 37 1.000000
  37 -26.520082 1.570911 36.672413 -0.133773 0.991012 -0.000357 0.307873 0.896615 1 37 1.000000
v_hands
  35 -26.656153 1.692184 35.450638 -0.009434 -0.998926 -0.045370 0.310260 0.926007 2 35 0.505000 36 0.495000
  35 -26.172472 1.884191 35.984474 0.815088 -0.527535 -0.239454 0.316436 0.909599 1 35 1.000000
  34 -26.406584 1.635173 36.636395 0.000827 -0.995739 -0.092210 0.308219 0.898716 1 34 1.000000
v_hands
  35 -26.172472 1.884191 35.984474 0.815088 -0.527535 -0.239454 0.316436 0.909599 1 35 1.000000
  35 -26.656153 1.692184 35.450638 -0.009434 -0.998926 -0.045370 0.310260 0.926007 2 35 0.505000 36 0.495000
  36 -26.259129 1.892620 35.078274 0.822671 -0.550939 -0.140282 0.316191 0.937348 2 36 0.799000 35 0.201000
v_hands
  36 -26.751444 1.748623 34.622223 -0.032028 -0.991531 -0.125861 0.309001 0.945915 1 36 1.000000
  36 -26.259129 1.892620 35.078274 0.822671 -0.550939 -0.140282 0.316191 0.937348 2 36 0.799000 35 0.201000
  35 -26.656153 1.692184 35.450638 -0.009434 -0.998926 -0.045370 0.310260 0.926007 2 35 0.505000 36 0.495000
v_hands
  36 -26.751444 1.748623 34.622223 -0.032028 -0.991531 -0.125861 0.309001 0.945915 1 36 1.000000
  36 -26.351414 1.947144 34.527702 0.836313 -0.474253 -0.275073 0.316411 0.946540 1 36 1.000000
  36 -26.259129 1.892620 35.078274 0.822671 -0.550939 -0.140282 0.316191 0.937348 2 36 0.799000 35 0.201000
v_hands
  36 -26.671591 1.843556 34.202225 0.119550 -0.758471 -0.640648 0.309028 0.959388 1 36 1.000000
  36 -26.351414 1.947144 34.527702 0.836313 -0.474253 -0.275073 0.316411 0.946540 1 36 1.000000
  36 -26.751444 1.748623 34.622223 -0.032028 -0.991531 -0.125861 0.309001 0.945915 1 36 1.000000
v_hands
  36 -26.351414 1.947144 34.527702 0.836313 -0.474253 -0.275073 0.316411 0.946540 1 36 1.000000
  36 -26.671591 1.843556 34.202225 0.119550 -0.758471 -0.640648 0.309028 0.959388 1 36 1.000000
  36 -26.488237 1.955342 34.230419 0.696224 -0.383373 -0.606875 0.316383 0.957582 1 36 1.000000
v_hands
  36 -26.638914 2.111184 34.119858 0.194885 0.043514 -0.979860 0.320210 0.962550 1 36 1.000000
  36 -26.488237 1.955342 34.230419 0.696224 -0.383373 -0.606875 0.316383 0.957582 1 36 1.000000
  36 -26.671591 1.843556 34.202225 0.119550 -0.758471 -0.640648 0.309028 0.959388 1 36 1.000000
v_hands
  36 -26.488237 1.955342 34.230419 0.696224 -0.383373 -0.606875 0.316383 0.957582 1 36 1.000000
  36 -26.638914 2.111184 34.119858 0.194885 0.043514 -0.979860 0.320210 0.962550 1 36 1.000000
  36 -26.502485 2.285991 34.243153 0.637512 0.514111 -0.573819 0.325028 0.958021 1 36 1.000000
v_hands
  36 -26.502485 2.285991 34.243153 0.637512 0.514111 -0.573819 0.325028 0.958021 1 36 1.000000
  36 -26.638914 2.111184 34.119858 0.194885 0.043514 -0.979860 0.320210 0.962550 1 36 1.000000
  36 -26.655704 2.338387 34.209114 0.078193 0.760984 -0.644042 0.330485 0.959126 1 36 1.000000
v_hands
  36 -26.695587 2.435964 34.567722 -0.035573 0.985662 -0.164936 0.332373 0.946071 1 36 1.000000
  36 -26.502485 2.285991 34.243153 0.637512 0.514111 -0.573819 0.325028 0.958021 1 36 1.000000
  36 -26.655704 2.338387 34.209114 0.078193 0.760984 -0.644042 0.330485 0.959126 1 36 1.000000
v_hands
  36 -26.695587 2.435964 34.567722 -0.035573 0.985662 -0.164936 0.332373 0.946071 1 36 1.000000
  36 -26.354797 2.313013 34.567188 0.783038 0.568897 -0.251412 0.326015 0.946310 1 36 1.000000
  36 -26.502485 2.285991 34.243153 0.637512 0.514111 -0.573819 0.325028 0.958021 1 36 1.000000
v_hands
  35 -26.676493 2.492291 35.486267 -0.036068 0.998871 -0.030899 0.333690 0.926967 2 35 0.505000 36 0.495000
  36 -26.354797 2.313013 34.567188 0.783038 0.568897 -0.251412 0.326015 0.946310 1 36 1.000000
  36 -26.695587 2.435964 34.567722 -0.035573 0.985662 -0.164936 0.332373 0.946071 1 36 1.000000
v_hands
  35 -26.676493 2.492291 35.486267 -0.036068 0.998871 -0.030899 0.333690 0.926967 2 35 0.505000 36 0.495000
  36 -26.257395 2.308047 35.074791 0.824737 0.552730 -0.119572 0.327066 0.937595 2 36 0.799000 35 0.201000
  36 -26.354797 2.313013 34.567188 0.783038 0.568897 -0.251412 0.326015 0.946310 1 36 1.000000
v_hands
  35 -26.676493 2.492291 35.486267 -0.036068 0.998871 -0.030899 0.333690 0.926967 2 35 0.505000 36 0.495000
  35 -26.181658 2.324701 35.996841 0.772191 0.596599 -0.218609 0.327958 0.910108 1 35 1.000000
  36 -26.257395 2.308047 35.074791 0.824737 0.552730 -0.119572 0.327066 0.937595 2 36 0.799000 35 0.201000
v_hands
  36 -26.257395 2.308047 35.074791 0.824737 0.552730 -0.119572 0.327066 0.937595 2 36 0.799000 35 0.201000
  35 -26.181658 2.324701 35.996841 0.772191 0.596599 -0.218609 0.327958 0.910108 1 35 1.000000
  35 -26.172472 1.884191 35.984474 0.815088 -0.527535 -0.239454 0.316436 0.909599 1 35 1.000000
v_hands
  35 -26.172472 1.884191 35.984474 0.815088 -0.527535 -0.239454 0.316436 0.909599 1 35 1.000000
  35 -26.181658 2.324701 35.996841 0.772191 0.596599 -0.218609 0.327958 0.910108 1 35 1.000000
  34 -25.799562 2.336533 36.771980 0.620723 0.568156 -0.540279 0.329426 0.887274 1 34 1.000000
v_hands
  35 -26.172472 1.884191 35.984474 0.815088 -0.527535 -0.239454 0.316436 0.909599 1 35 1.000000
  34 -25.799562 2.336533 36.771980 0.620723 0.568156 -0.540279 0.329426 0.887274 1 34 1.000000
  34 -25.795027 1.833739 36.777103 0.640443 -0.513414 -0.571173 0.316290 0.886411 1 34 1.000000
v_hands
  36 -26.354797 2.313013 34.567188 0.783038 0.568897 -0.251412 0.326015 0.946310 1 36 1.000000
  36 -26.488237 1.955342 34.230419 0.696224 -0.383373 -0.606875 0.316383 0.957582 1 36 1.000000
  36 -26.502485 2.285991 34.243153 0.637512 0.514111 -0.573819 0.325028 0.958021 1 36 1.000000
v_hands
  36 -26.354797 2.313013 34.567188 0.783038 0.568897 -0.251412 0.326015 0.946310 1 36 1.000000
  36 -26.351414 1.947144 34.527702 0.836313 -0.474253 -0.275073 0.316411 0.946540 1 36 1.000000
  36 -26.488237 1.955342 34.230419 0.696224 -0.383373 -0.606875 0.316383 0.957582 1 36 1.000000
v_hands
  36 -26.354797 2.313013 34.567188 0.783038 0.568897 -0.251412 0.326015 0.946310 1 36 1.000000
  36 -26.259129 1.892620 35.078274 0.822671 -0.550939 -0.140282 0.316191 0.937348 2 36 0.799000 35 0.201000
  36 -26.351414 1.947144 34.527702 0.836313 -0.474253 -0.275073 0.316411 0.946540 1 36 1.000000
v_hands
  36 -26.354797 2.313013 34.567188 0.783038 0.568897 -0.251412 0.326015 0.946310 1 36 1.000000
  36 -26.257395 2.308047 35.074791 0.824737 0.552730 -0.119572 0.327066 0.937595 2 36 0.799000 35 0.201000
  36 -26.259129 1.892620 35.078274 0.822671 -0.550939 -0.140282 0.316191 0.937348 2 36 0.799000 35 0.201000
v_hands
  36 -26.257395 2.308047 35.074791 0.824737 0.552730 -0.119572 0.327066 0.937595 2 36 0.799000 35 0.201000
  35 -26.172472 1.884191 35.984474 0.815088 -0.527535 -0.239454 0.316436 0.909599 1 35 1.000000
  36 -26.259129 1.892620 35.078274 0.822671 -0.550939 -0.140282 0.316191 0.937348 2 36 0.799000 35 0.201000
v_hands
  27 -24.056295 0.708485 37.986576 -0.140304 -0.178176 -0.973945 0.287681 0.813718 2 27 0.577000 40 0.423000
  27 -24.301851 0.414848 38.238487 -0.290905 -0.781700 -0.551652 0.275216 0.813757 2 27 0.751000 40 0.249000
  27 -24.829739 0.579317 38.197021 -0.097653 -0.964253 -0.246334 0.276532 0.828125 1 27 1.000000
v_hands
  27 -24.056295 0.708485 37.986576 -0.140304 -0.178176 -0.973945 0.287681 0.813718 2 27 0.577000 40 0.423000
  27 -24.829739 0.579317 38.197021 -0.097653 -0.964253 -0.246334 0.276532 0.828125 1 27 1.000000
  27 -24.614195 0.734485 37.995018 0.245509 -0.586892 -0.771546 0.287168 0.828708 1 27 1.000000
v_hands
  27 -24.450510 1.398901 37.949055 0.446304 0.023680 -0.894568 0.308012 0.829193 2 27 0.883000 40 0.117000
  27 -24.056295 0.708485 37.986576 -0.140304 -0.178176 -0.973945 0.287681 0.813718 2 27 0.577000 40 0.423000
  27 -24.614195 0.734485 37.995018 0.245509 -0.586892 -0.771546 0.287168 0.828708 1 27 1.000000
v_hands
  27 -25.065321 1.491889 37.457317 0.665971 -0.035115 -0.745150 0.307291 0.855995 3 27 0.426403 37 0.423000 34 0.150597
  27 -24.450510 1.398901 37.949055 0.446304 0.023680 -0.894568 0.308012 0.829193 2 27 0.883000 40 0.117000
  27 -24.614195 0.734485 37.995018 0.245509 -0.586892 -0.771546 0.287168 0.828708 1 27 1.000000
v_hands
  27 -24.450510 1.398901 37.949055 0.446304 0.023680 -0.894568 0.308012 0.829193 2 27 0.883000 40 0.117000
  27 -25.065321 1.491889 37.457317 0.665971 -0.035115 -0.745150 0.307291 0.855995 3 27 0.426403 37 0.423000 34 0.150597
  27 -25.032354 2.466192 37.453556 0.675723 -0.061610 -0.734576 0.338812 0.860940 3 27 0.581593 31 0.213000 34 0.205407
v_hands
  27 -25.065321 1.491889 37.457317 0.665971 -0.035115 -0.745150 0.307291 0.855995 3 27 0.426403 37 0.423000 34 0.150597
  34 -25.474810 2.346250 37.037037 0.548726 0.051218 -0.834432 0.332100 0.874885 2 34 0.802000 27 0.198000
  27 -25.032354 2.466192 37.453556 0.675723 -0.061610 -0.734576 0.338812 0.860940 3 27 0.581593 31 0.213000 34 0.205407
v_hands
  31 -25.430225 2.680934 37.023453 0.663438 -0.305011 -0.683241 0.342657 0.875804 2 31 0.799000 27 0.201000
  27 -25.032354 2.466192 37.453556 0.675723 -0.061610 -0.734576 0.338812 0.860940 3 27 0.581593 31 0.213000 34 0.205407
  34 -25.474810 2.346250 37.037037 0.548726 0.051218 -0.834432 0.332100 0.874885 2 34 0.802000 27 0.198000
v_hands
  34 -25.474810 2.346250 37.037037 0.548726 0.051218 -0.834432 0.332100 0.874885 2 34 0.802000 27 0.198000
  31 -26.009596 2.550397 37.029892 -0.315484 -0.766863 -0.558919 0.337060 0.886963 1 31 1.000000
  31 -25.430225 2.680934 37.023453 0.663438 -0.305011 -0.683241 0.342657 0.875804 2 31 0.799000 27 0.201000
v_hands
  34 -25.474810 2.346250 37.037037 0.548726 0.051218 -0.834432 0.332100 0.874885 2 34 0.802000 27 0.198000
  34 -26.022846 2.525981 37.038795 -0.313004 0.806591 -0.501437 0.336931 0.883847 1 34 1.000000
  31 -26.009596 2.550397 37.029892 -0.315484 -0.766863 -0.558919 0.337060 0.886963 1 31 1.000000
v_hands
  34 -25.799562 2.336533 36.771980 0.620723 0.568156 -0.540279 0.329426 0.887274 1 34 1.000000
  34 -26.022846 2.525981 37.038795 -0.313004 0.806591 -0.501437 0.336931 0.883847 1 34 1.000000
  34 -25.474810 2.346250 37.037037 0.548726 0.051218 -0.834432 0.332100 0.874885 2 34 0.802000 27 0.198000
v_hands
  34 -26.022846 2.525981 37.038795 -0.313004 0.806591 -0.501437 0.336931 0.883847 1 34 1.000000
  34 -25.799562 2.336533 36.771980 0.620723 0.568156 -0.540279 0.329426 0.887274 1 34 1.000000
  34 -26.469757 2.532977 36.666286 -0.082207 0.996491 -0.015749 0.336560 0.901340 1 34 1.000000
v_hands
  35 -26.181658 2.324701 35.996841 0.772191 0.596599 -0.218609 0.327958 0.910108 1 35 1.000000
  34 -26.469757 2.532977 36.666286 -0.082207 0.996491 -0.015749 0.336560 0.901340 1 34 1.000000
  34 -25.799562 2.336533 36.771980 0.620723 0.568156 -0.540279 0.329426 0.887274 1 34 1.000000
v_hands
  34 -26.469757 2.532977 36.666286 -0.082207 0.996491 -0.015749 0.336560 0.901340 1 34 1.000000
  35 -26.181658 2.324701 35.996841 0.772191 0.596599 -0.218609 0.327958 0.910108 1 35 1.000000
  35 -26.676493 2.492291 35.486267 -0.036068 0.998871 -0.030899 0.333690 0.926967 2 35 0.505000 36 0.495000
v_hands
  27 -24.450510 1.398901 37.949055 0.446304 0.023680 -0.894568 0.308012 0.829193 2 27 0.883000 40 0.117000
  27 -23.843554 1.376976 38.088531 0.226773 0.315477 -0.921438 0.309836 0.809969 2 27 0.646000 40 0.354000
  27 -24.056295 0.708485 37.986576 -0.140304 -0.178176 -0.973945 0.287681 0.813718 2 27 0.577000 40 0.423000
v_hands
  27 -23.416876 2.390345 38.889603 0.445769 0.164920 -0.879824 0.345256 0.790255 2 27 0.823000 40 0.177000
  27 -23.843554 1.376976 38.088531 0.226773 0.315477 -0.921438 0.309836 0.809969 2 27 0.646000 40 0.354000
  27 -23.920336 2.310368 38.448204 0.611740 0.038539 -0.790120 0.339782 0.812237 2 27 0.901000 40 0.099000
v_hands
  27 -23.920336 2.310368 38.448204 0.611740 0.038539 -0.790120 0.339782 0.812237 2 27 0.901000 40 0.099000
  27 -23.843554 1.376976 38.088531 0.226773 0.315477 -0.921438 0.309836 0.809969 2 27 0.646000 40 0.354000
  27 -24.450510 1.398901 37.949055 0.446304 0.023680 -0.894568 0.308012 0.829193 2 27 0.883000 40 0.117000
v_hands
  27 -23.920336 2.310368 38.448204 0.611740 0.038539 -0.790120 0.339782 0.812237 2 27 0.901000 40 0.099000
  27 -24.450510 1.398901 37.949055 0.446304 0.023680 -0.894568 0.308012 0.829193 2 27 0.883000 40 0.117000
  27 -24.447187 2.358667 38.018005 0.650214 -0.064365 -0.757020 0.338560 0.832055 1 27 1.000000
v_hands
  27 -24.450510 1.398901 37.949055 0.446304 0.023680 -0.894568 0.308012 0.829193 2 27 0.883000 40 0.117000
  27 -25.032354 2.466192 37.453556 0.675723 -0.061610 -0.734576 0.338812 0.860940 3 27 0.581593 31 0.213000 34 0.205407
  27 -24.447187 2.358667 38.018005 0.650214 -0.064365 -0.757020 0.338560 0.832055 1 27 1.000000
v_hands
  27 -24.425589 3.480542 37.794556 0.621221 -0.052004 -0.781908 0.372967 0.840363 1 27 1.000000
  27 -24.447187 2.358667 38.018005 0.650214 -0.064365 -0.757020 0.338560 0.832055 1 27 1.000000
  27 -25.032354 2.466192 37.453556 0.675723 -0.061610 -0.734576 0.338812 0.860940 3 27 0.581593 31 0.213000 34 0.205407
v_hands
  27 -23.683012 3.578651 38.270592 0.661475 0.043511 -0.748704 0.379555 0.815730 1 27 1.000000
  27 -24.447187 2.358667 38.018005 0.650214 -0.064365 -0.757020 0.338560 0.832055 1 27 1.000000
  27 -24.425589 3.480542 37.794556 0.621221 -0.052004 -0.781908 0.372967 0.840363 1 27 1.000000
v_hands
  27 -24.102442 4.299318 38.149094 0.431348 0.731795 -0.527651 0.405466 0.828837 2 27 0.910000 28 0.090000
  27 -23.683012 3.578651 38.270592 0.661475 0.043511 -0.748704 0.379555 0.815730 1 27 1.000000
  27 -24.425589 3.480542 37.794556 0.621221 -0.052004 -0.781908 0.372967 0.840363 1 27 1.000000
v_hands
  27 -23.171572 3.484168 38.806709 0.709436 0.088272 -0.699220 0.379113 0.791620 1 27 1.000000
  27 -23.683012 3.578651 38.270592 0.661475 0.043511 -0.748704 0.379555 0.815730 1 27 1.000000
  27 -24.102442 4.299318 38.149094 0.431348 0.731795 -0.527651 0.405466 0.828837 2 27 0.910000 28 0.090000
v_hands
  27 -23.171572 3.484168 38.806709 0.709436 0.088272 -0.699220 0.379113 0.791620 1 27 1.000000
  27 -24.102442 4.299318 38.149094 0.431348 0.731795 -0.527651 0.405466 0.828837 2 27 0.910000 28 0.090000
  27 -23.298904 4.216249 38.972290 0.552024 0.722916 -0.415526 0.405080 0.794228 1 27 1.000000
v_hands
  27 -22.565166 4.087857 39.861137 0.637763 0.730128 -0.245299 0.405848 0.758770 2 27 0.556000 26 0.444000
  27 -23.171572 3.484168 38.806709 0.709436 0.088272 -0.699220 0.379113 0.791620 1 27 1.000000
  27 -23.298904 4.216249 38.972290 0.552024 0.722916 -0.415526 0.405080 0.794228 1 27 1.000000
v_hands
  27 -22.565166 4.087857 39.861137 0.637763 0.730128 -0.245299 0.405848 0.758770 2 27 0.556000 26 0.444000
  27 -22.267187 3.382805 39.833092 0.766944 0.269866 -0.582210 0.382879 0.748897 2 27 0.556000 26 0.444000
  27 -23.171572 3.484168 38.806709 0.709436 0.088272 -0.699220 0.379113 0.791620 1 27 1.000000
v_hands
  26 -22.065334 3.335907 40.129520 0.835303 0.349598 -0.424323 0.383011 0.737530 2 26 0.511000 27 0.489000
  27 -22.267187 3.382805 39.833092 0.766944 0.269866 -0.582210 0.382879 0.748897 2 27 0.556000 26 0.444000
  27 -22.565166 4.087857 39.861137 0.637763 0.730128 -0.245299 0.405848 0.758770 2 27 0.556000 26 0.444000
v_hands
  27 -22.134960 2.643237 39.713448 0.742869 0.183155 -0.643894 0.359712 0.745746 2 27 0.556000 26 0.444000
  27 -22.267187 3.382805 39.833092 0.766944 0.269866 -0.582210 0.382879 0.748897 2 27 0.556000 26 0.444000
  26 -22.065334 3.335907 40.129520 0.835303 0.349598 -0.424323 0.383011 0.737530 2 26 0.511000 27 0.489000
v_hands
  27 -22.134960 2.643237 39.713448 0.742869 0.183155 -0.643894 0.359712 0.745746 2 27 0.556000 26 0.444000
  26 -22.065334 3.335907 40.129520 0.835303 0.349598 -0.424323 0.383011 0.737530 2 26 0.511000 27 0.489000
  26 -21.926418 2.687871 40.071911 0.858113 0.170407 -0.484359 0.362939 0.733175 2 26 0.511000 27 0.489000
v_hands
  26 -21.885750 2.141168 39.993000 0.888336 0.086905 -0.450895 0.345679 0.731777 2 26 0.511000 27 0.489000
  27 -22.134960 2.643237 39.713448 0.742869 0.183155 -0.643894 0.359712 0.745746 2 27 0.556000 26 0.444000
  26 -21.926418 2.687871 40.071911 0.858113 0.170407 -0.484359 0.362939 0.733175 2 26 0.511000 27 0.489000
v_hands
  26 -21.926418 2.687871 40.071911 0.858113 0.170407 -0.484359 0.362939 0.733175 2 26 0.511000 27 0.489000
  26 -21.727486 2.081451 40.310539 0.824268 0.059949 -0.563017 0.345355 0.720734 1 26 1.000000
  26 -21.885750 2.141168 39.993000 0.888336 0.086905 -0.450895 0.345679 0.731777 2 26 0.511000 27 0.489000
v_hands
  26 -21.885750 2.141168 39.993000 0.888336 0.086905 -0.450895 0.345679 0.731777 2 26 0.511000 27 0.489000
  26 -21.727486 2.081451 40.310539 0.824268 0.059949 -0.563017 0.345355 0.720734 1 26 1.000000
  27 -21.879192 1.624168 39.997768 0.974914 -0.080331 -0.207580 0.329536 0.729211 1 27 1.000000
v_hands
  26 -21.727486 2.081451 40.310539 0.824268 0.059949 -0.563017 0.345355 0.720734 1 26 1.000000
  27 -21.985485 1.120991 40.050301 0.867079 -0.498019 -0.012289 0.313659 0.727861 2 27 0.688000 26 0.312000
  27 -21.879192 1.624168 39.997768 0.974914 -0.080331 -0.207580 0.329536 0.729211 1 27 1.000000
v_hands
  27 -21.879192 1.624168 39.997768 0.974914 -0.080331 -0.207580 0.329536 0.729211 1 27 1.000000
  27 -22.010708 2.026151 39.726040 0.839906 0.172230 -0.514679 0.340805 0.740156 2 27 0.556000 26 0.444000
  26 -21.885750 2.141168 39.993000 0.888336 0.086905 -0.450895 0.345679 0.731777 2 26 0.511000 27 0.489000
v_hands
  26 -21.885750 2.141168 39.993000 0.888336 0.086905 -0.450895 0.345679 0.731777 2 26 0.511000 27 0.489000
  27 -22.010708 2.026151 39.726040 0.839906 0.172230 -0.514679 0.340805 0.740156 2 27 0.556000 26 0.444000
  27 -22.134960 2.643237 39.713448 0.742869 0.183155 -0.643894 0.359712 0.745746 2 27 0.556000 26 0.444000
v_hands
  27 -22.010708 2.026151 39.726040 0.839906 0.172230 -0.514679 0.340805 0.740156 2 27 0.556000 26 0.444000
  27 -22.865662 2.446864 39.051205 0.530087 0.265015 -0.805466 0.349180 0.775470 2 27 0.823000 40 0.177000
  27 -22.134960 2.643237 39.713448 0.742869 0.183155 -0.643894 0.359712 0.745746 2 27 0.556000 26 0.444000
v_hands
  27 -22.865662 2.446864 39.051205 0.530087 0.265015 -0.805466 0.349180 0.775470 2 27 0.823000 40 0.177000
  27 -22.267187 3.382805 39.833092 0.766944 0.269866 -0.582210 0.382879 0.748897 2 27 0.556000 26 0.444000
  27 -22.134960 2.643237 39.713448 0.742869 0.183155 -0.643894 0.359712 0.745746 2 27 0.556000 26 0.444000
v_hands
  27 -22.865662 2.446864 39.051205 0.530087 0.265015 -0.805466 0.349180 0.775470 2 27 0.823000 40 0.177000
  27 -23.171572 3.484168 38.806709 0.709436 0.088272 -0.699220 0.379113 0.791620 1 27 1.000000
  27 -22.267187 3.382805 39.833092 0.766944 0.269866 -0.582210 0.382879 0.748897 2 27 0.556000 26 0.444000
v_hands
  27 -23.171572 3.484168 38.806709 0.709436 0.088272 -0.699220 0.379113 0.791620 1 27 1.000000
  27 -22.865662 2.446864 39.051205 0.530087 0.265015 -0.805466 0.349180 0.775470 2 27 0.823000 40 0.177000
  27 -23.416876 2.390345 38.889603 0.445769 0.164920 -0.879824 0.345256 0.790255 2 27 0.823000 40 0.177000
v_hands
  27 -23.920336 2.310368 38.448204 0.611740 0.038539 -0.790120 0.339782 0.812237 2 27 0.901000 40 0.099000
  27 -23.171572 3.484168 38.806709 0.709436 0.088272 -0.699220 0.379113 0.791620 1 27 1.000000
  27 -23.416876 2.390345 38.889603 0.445769 0.164920 -0.879824 0.345256 0.790255 2 27 0.823000 40 0.177000
v_hands
  27 -23.920336 2.310368 38.448204 0.611740 0.038539 -0.790120 0.339782 0.812237 2 27 0.901000 40 0.099000
  27 -23.683012 3.578651 38.270592 0.661475 0.043511 -0.748704 0.379555 0.815730 1 27 1.000000
  27 -23.171572 3.484168 38.806709 0.709436 0.088272 -0.699220 0.379113 0.791620 1 27 1.000000
v_hands
  27 -23.683012 3.578651 38.270592 0.661475 0.043511 -0.748704 0.379555 0.815730 1 27 1.000000
  27 -23.920336 2.310368 38.448204 0.611740 0.038539 -0.790120 0.339782 0.812237 2 27 0.901000 40 0.099000
  27 -24.447187 2.358667 38.018005 0.650214 -0.064365 -0.757020 0.338560 0.832055 1 27 1.000000
v_hands
  26 -21.355738 2.947614 40.977959 0.648098 0.328252 -0.687183 0.375820 0.701176 1 26 1.000000
  26 -21.616802 3.650355 41.202515 0.464080 0.735700 -0.493330 0.400492 0.705750 1 26 1.000000
  26 -21.043058 3.663201 41.629387 0.425989 0.701768 -0.571012 0.402495 0.684386 1 26 1.000000
v_hands
  26 -21.616802 3.650355 41.202515 0.464080 0.735700 -0.493330 0.400492 0.705750 1 26 1.000000
  26 -21.355738 2.947614 40.977959 0.648098 0.328252 -0.687183 0.375820 0.701176 1 26 1.000000
  26 -21.685513 2.910197 40.599476 0.789665 0.282307 -0.544731 0.372398 0.716717 1 26 1.000000
v_hands
  26 -21.355738 2.947614 40.977959 0.648098 0.328252 -0.687183 0.375820 0.701176 1 26 1.000000
  26 -21.727486 2.081451 40.310539 0.824268 0.059949 -0.563017 0.345355 0.720734 1 26 1.000000
  26 -21.685513 2.910197 40.599476 0.789665 0.282307 -0.544731 0.372398 0.716717 1 26 1.000000
v_hands
  26 -21.685513 2.910197 40.599476 0.789665 0.282307 -0.544731 0.372398 0.716717 1 26 1.000000
  26 -21.727486 2.081451 40.310539 0.824268 0.059949 -0.563017 0.345355 0.720734 1 26 1.000000
  26 -21.926418 2.687871 40.071911 0.858113 0.170407 -0.484359 0.362939 0.733175 2 26 0.511000 27 0.489000
v_hands
  26 -22.065334 3.335907 40.129520 0.835303 0.349598 -0.424323 0.383011 0.737530 2 26 0.511000 27 0.489000
  26 -21.685513 2.910197 40.599476 0.789665 0.282307 -0.544731 0.372398 0.716717 1 26 1.000000
  26 -21.926418 2.687871 40.071911 0.858113 0.170407 -0.484359 0.362939 0.733175 2 26 0.511000 27 0.489000
v_hands
  26 -21.944233 3.649546 40.828316 0.593989 0.725406 -0.347797 0.399711 0.721312 1 26 1.000000
  26 -21.685513 2.910197 40.599476 0.789665 0.282307 -0.544731 0.372398 0.716717 1 26 1.000000
  26 -22.065334 3.335907 40.129520 0.835303 0.349598 -0.424323 0.383011 0.737530 2 26 0.511000 27 0.489000
v_hands
  26 -21.944233 3.649546 40.828316 0.593989 0.725406 -0.347797 0.399711 0.721312 1 26 1.000000
  26 -22.065334 3.335907 40.129520 0.835303 0.349598 -0.424323 0.383011 0.737530 2 26 0.511000 27 0.489000
  27 -22.231062 3.765798 40.391777 0.681548 0.719387 -0.134072 0.400599 0.737458 2 27 0.607000 26 0.393000
v_hands
  26 -22.065334 3.335907 40.129520 0.835303 0.349598 -0.424323 0.383011 0.737530 2 26 0.511000 27 0.489000
  27 -22.565166 4.087857 39.861137 0.637763 0.730128 -0.245299 0.405848 0.758770 2 27 0.556000 26 0.444000
  27 -22.231062 3.765798 40.391777 0.681548 0.719387 -0.134072 0.400599 0.737458 2 27 0.607000 26 0.393000
v_hands
  26 -21.616802 3.650355 41.202515 0.464080 0.735700 -0.493330 0.400492 0.705750 1 26 1.000000
  26 -21.685513 2.910197 40.599476 0.789665 0.282307 -0.544731 0.372398 0.716717 1 26 1.000000
  26 -21.944233 3.649546 40.828316 0.593989 0.725406 -0.347797 0.399711 0.721312 1 26 1.000000
v_hands
  26 -21.740068 1.335086 40.333755 0.722188 -0.360190 -0.590515 0.322041 0.717089 1 26 1.000000
  27 -22.420750 0.731520 40.278667 0.462096 -0.857483 0.226253 0.297847 0.729401 2 27 0.697000 26 0.303000
  27 -21.985485 1.120991 40.050301 0.867079 -0.498019 -0.012289 0.313659 0.727861 2 27 0.688000 26 0.312000
v_hands
  26 -21.727486 2.081451 40.310539 0.824268 0.059949 -0.563017 0.345355 0.720734 1 26 1.000000
  26 -21.740068 1.335086 40.333755 0.722188 -0.360190 -0.590515 0.322041 0.717089 1 26 1.000000
  27 -21.985485 1.120991 40.050301 0.867079 -0.498019 -0.012289 0.313659 0.727861 2 27 0.688000 26 0.312000
v_hands
  26 -21.374454 2.057274 40.662514 0.690679 0.097262 -0.716591 0.346827 0.705076 1 26 1.000000
  26 -21.740068 1.335086 40.333755 0.722188 -0.360190 -0.590515 0.322041 0.717089 1 26 1.000000
  26 -21.727486 2.081451 40.310539 0.824268 0.059949 -0.563017 0.345355 0.720734 1 26 1.000000
v_hands
  26 -21.355738 2.947614 40.977959 0.648098 0.328252 -0.687183 0.375820 0.701176 1 26 1.000000
  26 -21.374454 2.057274 40.662514 0.690679 0.097262 -0.716591 0.346827 0.705076 1 26 1.000000
  26 -21.727486 2.081451 40.310539 0.824268 0.059949 -0.563017 0.345355 0.720734 1 26 1.000000
v_hands
  26 -21.374454 2.057274 40.662514 0.690679 0.097262 -0.716591 0.346827 0.705076 1 26 1.000000
  26 -21.355738 2.947614 40.977959 0.648098 0.328252 -0.687183 0.375820 0.701176 1 26 1.000000
  26 -20.833183 2.987269 41.454750 0.624940 0.294897 -0.722832 0.380209 0.679391 1 26 1.000000
v_hands
  26 -21.355738 2.947614 40.977959 0.648098 0.328252 -0.687183 0.375820 0.701176 1 26 1.000000
  26 -21.043058 3.663201 41.629387 0.425989 0.701768 -0.571012 0.402495 0.684386 1 26 1.000000
  26 -20.833183 2.987269 41.454750 0.624940 0.294897 -0.722832 0.380209 0.679391 1 26 1.000000
v_hands
  26 -19.803185 3.122548 42.353043 0.605559 0.342014 -0.718557 0.389552 0.640079 1 26 1.000000
  26 -20.833183 2.987269 41.454750 0.624940 0.294897 -0.722832 0.380209 0.679391 1 26 1.000000
  26 -21.043058 3.663201 41.629387 0.425989 0.701768 -0.571012 0.402495 0.684386 1 26 1.000000
v_hands
  26 -19.803185 3.122548 42.353043 0.605559 0.342014 -0.718557 0.389552 0.640079 1 26 1.000000
  26 -21.043058 3.663201 41.629387 0.425989 0.701768 -0.571012 0.402495 0.684386 1 26 1.000000
  26 -20.149157 3.805554 42.600632 0.426714 0.727653 -0.537062 0.413871 0.646199 1 26 1.000000
v_hands
  26 -20.149157 3.805554 42.600632 0.426714 0.727653 -0.537062 0.413871 0.646199 1 26 1.000000
  26 -18.095772 3.297480 43.843987 0.613283 0.362465 -0.701786 0.406037 0.568309 1 26 1.000000
  26 -19.803185 3.122548 42.353043 0.605559 0.342014 -0.718557 0.389552 0.640079 1 26 1.000000
v_hands
  26 -17.853127 2.102764 43.748001 0.673129 -0.004356 -0.739512 0.369028 0.560310 1 26 1.000000
  26 -19.803185 3.122548 42.353043 0.605559 0.342014 -0.718557 0.389552 0.640079 1 26 1.000000
  26 -18.095772 3.297480 43.843987 0.613283 0.362465 -0.701786 0.406037 0.568309 1 26 1.000000
v_hands
  26 -17.853127 2.102764 43.748001 0.673129 -0.004356 -0.739512 0.369028 0.560310 1 26 1.000000
  26 -18.095772 3.297480 43.843987 0.613283 0.362465 -0.701786 0.406037 0.568309 1 26 1.000000
  26 -16.601889 3.476652 45.336582 0.653878 0.375859 -0.656639 0.421085 0.503238 1 26 1.000000
v_hands
  26 -17.853127 2.102764 43.748001 0.673129 -0.004356 -0.739512 0.369028 0.560310 1 26 1.000000
  26 -16.601889 3.476652 45.336582 0.653878 0.375859 -0.656639 0.421085 0.503238 1 26 1.000000
  26 -16.330320 2.189571 45.181965 0.729165 0.008662 -0.684283 0.381070 0.495634 1 26 1.000000
v_hands
  26 -15.077435 3.850365 47.108948 0.685683 0.420965 -0.593824 0.443265 0.431756 1 26 1.000000
  26 -16.330320 2.189571 45.181965 0.729165 0.008662 -0.684283 0.381070 0.495634 1 26 1.000000
  26 -16.601889 3.476652 45.336582 0.653878 0.375859 -0.656639 0.421085 0.503238 1 26 1.000000
v_hands
  26 -15.077435 3.850365 47.108948 0.685683 0.420965 -0.593824 0.443265 0.431756 1 26 1.000000
  26 -14.899657 2.553952 46.962700 0.776584 0.074544 -0.625588 0.402713 0.425816 1 26 1.000000
  26 -16.330320 2.189571 45.181965 0.729165 0.008662 -0.684283 0.381070 0.495634 1 26 1.000000
v_hands
  26 -14.053435 4.104689 48.631447 0.702794 0.511579 -0.494335 0.459400 0.375850 2 26 0.574000 25 0.426000
  26 -14.899657 2.553952 46.962700 0.776584 0.074544 -0.625588 0.402713 0.425816 1 26 1.000000
  26 -15.077435 3.850365 47.108948 0.685683 0.420965 -0.593824 0.443265 0.431756 1 26 1.000000
v_hands
  26 -14.053435 4.104689 48.631447 0.702794 0.511579 -0.494335 0.459400 0.375850 2 26 0.574000 25 0.426000
  25 -13.858223 2.776958 48.304298 0.745196 0.133138 -0.653420 0.417302 0.373723 2 25 0.781000 26 0.219000
  26 -14.899657 2.553952 46.962700 0.776584 0.074544 -0.625588 0.402713 0.425816 1 26 1.000000
v_hands
  26 -14.053435 4.104689 48.631447 0.702794 0.511579 -0.494335 0.459400 0.375850 2 26 0.574000 25 0.426000
  25 -13.229240 2.384043 48.876518 0.729822 0.112587 -0.674303 0.408789 0.345564 2 25 0.572423 26 0.427577
  25 -13.858223 2.776958 48.304298 0.745196 0.133138 -0.653420 0.417302 0.373723 2 25 0.781000 26 0.219000
v_hands
  25 -13.455746 1.040619 48.776176 0.630206 -0.303692 -0.714571 0.365746 0.346527 2 25 0.655000 26 0.345000
  25 -13.858223 2.776958 48.304298 0.745196 0.133138 -0.653420 0.417302 0.373723 2 25 0.781000 26 0.219000
  25 -13.229240 2.384043 48.876518 0.729822 0.112587 -0.674303 0.408789 0.345564 2 25 0.572423 26 0.427577
v_hands
  26 -17.853127 2.102764 43.748001 0.673129 -0.004356 -0.739512 0.369028 0.560310 1 26 1.000000
  26 -19.637489 2.123650 42.260220 0.652802 0.038665 -0.756541 0.359411 0.632061 1 26 1.000000
  26 -19.803185 3.122548 42.353043 0.605559 0.342014 -0.718557 0.389552 0.640079 1 26 1.000000
v_hands
  26 -20.833183 2.987269 41.454750 0.624940 0.294897 -0.722832 0.380209 0.679391 1 26 1.000000
  26 -19.803185 3.122548 42.353043 0.605559 0.342014 -0.718557 0.389552 0.640079 1 26 1.000000
  26 -19.637489 2.123650 42.260220 0.652802 0.038665 -0.756541 0.359411 0.632061 1 26 1.000000
v_hands
  26 -17.980820 0.999745 43.953838 0.552678 -0.552366 -0.624051 0.336684 0.553668 1 26 1.000000
  26 -16.330320 2.189571 45.181965 0.729165 0.008662 -0.684283 0.381070 0.495634 1 26 1.000000
  26 -16.475269 0.912361 45.378052 0.611632 -0.505679 -0.608437 0.344419 0.488793 1 26 1.000000
v_hands
  26 -14.899657 2.553952 46.962700 0.776584 0.074544 -0.625588 0.402713 0.425816 1 26 1.000000
  26 -16.475269 0.912361 45.378052 0.611632 -0.505679 -0.608437 0.344419 0.488793 1 26 1.000000
  26 -16.330320 2.189571 45.181965 0.729165 0.008662 -0.684283 0.381070 0.495634 1 26 1.000000
v_hands
  26 -14.899657 2.553952 46.962700 0.776584 0.074544 -0.625588 0.402713 0.425816 1 26 1.000000
  26 -14.832653 0.982532 47.041927 0.726878 -0.364674 -0.581947 0.354003 0.415521 1 26 1.000000
  26 -16.475269 0.912361 45.378052 0.611632 -0.505679 -0.608437 0.344419 0.488793 1 26 1.000000
v_hands
  26 -14.899657 2.553952 46.962700 0.776584 0.074544 -0.625588 0.402713 0.425816 1 26 1.000000
  26 -13.999887 1.113744 48.287445 0.696209 -0.348099 -0.627790 0.364783 0.369541 2 26 0.796000 25 0.204000
  26 -14.832653 0.982532 47.041927 0.726878 -0.364674 -0.581947 0.354003 0.415521 1 26 1.000000
v_hands
  26 -14.899657 2.553952 46.962700 0.776584 0.074544 -0.625588 0.402713 0.425816 1 26 1.000000
  25 -13.858223 2.776958 48.304298 0.745196 0.133138 -0.653420 0.417302 0.373723 2 25 0.781000 26 0.219000
  26 -13.999887 1.113744 48.287445 0.696209 -0.348099 -0.627790 0.364783 0.369541 2 26 0.796000 25 0.204000
v_hands
  25 -13.455746 1.040619 48.776176 0.630206 -0.303692 -0.714571 0.365746 0.346527 2 25 0.655000 26 0.345000
  26 -13.999887 1.113744 48.287445 0.696209 -0.348099 -0.627790 0.364783 0.369541 2 26 0.796000 25 0.204000
  25 -13.858223 2.776958 48.304298 0.745196 0.133138 -0.653420 0.417302 0.373723 2 25 0.781000 26 0.219000
v_hands
  25 -10.766135 2.548569 51.583565 0.734897 0.210888 -0.644556 0.430345 0.231829 1 25 1.000000
  25 -7.165688 4.145652 57.451992 0.536008 0.733909 -0.417221 0.520192 0.027642 1 25 1.000000
  25 -6.320837 2.409635 56.733974 0.737852 0.248080 -0.627719 0.456511 0.018302 1 25 1.000000
v_hands
  25 -10.766135 2.548569 51.583565 0.734897 0.210888 -0.644556 0.430345 0.231829 1 25 1.000000
  25 -11.284965 4.412996 52.398331 0.492168 0.756373 -0.430895 0.491896 0.231730 1 25 1.000000
  25 -7.165688 4.145652 57.451992 0.536008 0.733909 -0.417221 0.520192 0.027642 1 25 1.000000
v_hands
  25 -10.766135 2.548569 51.583565 0.734897 0.210888 -0.644556 0.430345 0.231829 1 25 1.000000
  25 -13.139100 4.250727 50.237755 0.561479 0.720239 -0.407428 0.475461 0.320274 2 25 0.712000 26 0.288000
  25 -11.284965 4.412996 52.398331 0.492168 0.756373 -0.430895 0.491896 0.231730 1 25 1.000000
v_hands
  25 -10.766135 2.548569 51.583565 0.734897 0.210888 -0.644556 0.430345 0.231829 1 25 1.000000
  25 -13.229240 2.384043 48.876518 0.729822 0.112587 -0.674303 0.408789 0.345564 2 25 0.572423 26 0.427577
  25 -13.139100 4.250727 50.237755 0.561479 0.720239 -0.407428 0.475461 0.320274 2 25 0.712000 26 0.288000
v_hands
  26 -14.053435 4.104689 48.631447 0.702794 0.511579 -0.494335 0.459400 0.375850 2 26 0.574000 25 0.426000
  25 -13.139100 4.250727 50.237755 0.561479 0.720239 -0.407428 0.475461 0.320274 2 25 0.712000 26 0.288000
  25 -13.229240 2.384043 48.876518 0.729822 0.112587 -0.674303 0.408789 0.345564 2 25 0.572423 26 0.427577
v_hands
  25 -13.139100 4.250727 50.237755 0.561479 0.720239 -0.407428 0.475461 0.320274 2 25 0.712000 26 0.288000
  26 -14.053435 4.104689 48.631447 0.702794 0.511579 -0.494335 0.459400 0.375850 2 26 0.574000 25 0.426000
  26 -14.058286 4.629217 49.786484 0.501197 0.843368 -0.193733 0.484217 0.351630 2 26 0.583000 25 0.417000
v_hands
  26 -14.058286 4.629217 49.786484 0.501197 0.843368 -0.193733 0.484217 0.351630 2 26 0.583000 25 0.417000
  26 -14.053435 4.104689 48.631447 0.702794 0.511579 -0.494335 0.459400 0.375850 2 26 0.574000 25 0.426000
  26 -14.775621 4.990338 49.181740 0.389821 0.894858 -0.217415 0.487974 0.381752 2 26 0.778000 25 0.222000
v_hands
  26 -15.705374 4.812604 47.599403 0.389320 0.829264 -0.400939 0.471826 0.437107 1 26 1.000000
  26 -14.775621 4.990338 49.181740 0.389821 0.894858 -0.217415 0.487974 0.381752 2 26 0.778000 25 0.222000
  26 -14.053435 4.104689 48.631447 0.702794 0.511579 -0.494335 0.459400 0.375850 2 26 0.574000 25 0.426000
v_hands
  26 -15.705374 4.812604 47.599403 0.389320 0.829264 -0.400939 0.471826 0.437107 1 26 1.000000
  26 -14.053435 4.104689 48.631447 0.702794 0.511579 -0.494335 0.459400 0.375850 2 26 0.574000 25 0.426000
  26 -15.077435 3.850365 47.108948 0.685683 0.420965 -0.593824 0.443265 0.431756 1 26 1.000000
v_hands
  26 -16.601889 3.476652 45.336582 0.653878 0.375859 -0.656639 0.421085 0.503238 1 26 1.000000
  26 -15.705374 4.812604 47.599403 0.389320 0.829264 -0.400939 0.471826 0.437107 1 26 1.000000
  26 -15.077435 3.850365 47.108948 0.685683 0.420965 -0.593824 0.443265 0.431756 1 26 1.000000
v_hands
  26 -16.601889 3.476652 45.336582 0.653878 0.375859 -0.656639 0.421085 0.503238 1 26 1.000000
  26 -16.996071 4.355544 45.675423 0.431312 0.752919 -0.497074 0.449844 0.507415 1 26 1.000000
  26 -15.705374 4.812604 47.599403 0.389320 0.829264 -0.400939 0.471826 0.437107 1 26 1.000000
v_hands
  26 -18.095772 3.297480 43.843987 0.613283 0.362465 -0.701786 0.406037 0.568309 1 26 1.000000
  26 -16.996071 4.355544 45.675423 0.431312 0.752919 -0.497074 0.449844 0.507415 1 26 1.000000
  26 -16.601889 3.476652 45.336582 0.653878 0.375859 -0.656639 0.421085 0.503238 1 26 1.000000
v_hands
  26 -18.095772 3.297480 43.843987 0.613283 0.362465 -0.701786 0.406037 0.568309 1 26 1.000000
  26 -18.507671 4.111568 44.161564 0.392115 0.753883 -0.527169 0.438763 0.573964 1 26 1.000000
  26 -16.996071 4.355544 45.675423 0.431312 0.752919 -0.497074 0.449844 0.507415 1 26 1.000000
v_hands
  26 -20.149157 3.805554 42.600632 0.426714 0.727653 -0.537062 0.413871 0.646199 1 26 1.000000
  26 -18.507671 4.111568 44.161564 0.392115 0.753883 -0.527169 0.438763 0.573964 1 26 1.000000
  26 -18.095772 3.297480 43.843987 0.613283 0.362465 -0.701786 0.406037 0.568309 1 26 1.000000
v_hands
  26 -14.832653 0.982532 47.041927 0.726878 -0.364674 -0.581947 0.354003 0.415521 1 26 1.000000
  26 -17.290424 0.079161 46.017338 0.205756 -0.919473 -0.335013 0.312814 0.486498 1 26 1.000000
  26 -16.475269 0.912361 45.378052 0.611632 -0.505679 -0.608437 0.344419 0.488793 1 26 1.000000
v_hands
  26 -14.832653 0.982532 47.041927 0.726878 -0.364674 -0.581947 0.354003 0.415521 1 26 1.000000
  26 -15.645317 -0.141160 47.617706 0.371993 -0.869291 -0.325506 0.317515 0.414096 1 26 1.000000
  26 -17.290424 0.079161 46.017338 0.205756 -0.919473 -0.335013 0.312814 0.486498 1 26 1.000000
v_hands
  26 -13.999887 1.113744 48.287445 0.696209 -0.348099 -0.627790 0.364783 0.369541 2 26 0.796000 25 0.204000
  26 -15.645317 -0.141160 47.617706 0.371993 -0.869291 -0.325506 0.317515 0.414096 1 26 1.000000
  26 -14.832653 0.982532 47.041927 0.726878 -0.364674 -0.581947 0.354003 0.415521 1 26 1.000000
v_hands
  26 -13.999887 1.113744 48.287445 0.696209 -0.348099 -0.627790 0.364783 0.369541 2 26 0.796000 25 0.204000
  26 -14.704294 0.074209 48.766834 0.354503 -0.830749 -0.429166 0.323521 0.367877 2 26 0.796000 25 0.204000
  26 -15.645317 -0.141160 47.617706 0.371993 -0.869291 -0.325506 0.317515 0.414096 1 26 1.000000
v_hands
  26 -14.704294 0.074209 48.766834 0.354503 -0.830749 -0.429166 0.323521 0.367877 2 26 0.796000 25 0.204000
  26 -13.999887 1.113744 48.287445 0.696209 -0.348099 -0.627790 0.364783 0.369541 2 26 0.796000 25 0.204000
  25 -13.455746 1.040619 48.776176 0.630206 -0.303692 -0.714571 0.365746 0.346527 2 25 0.655000 26 0.345000
v_hands
  26 -14.704294 0.074209 48.766834 0.354503 -0.830749 -0.429166 0.323521 0.367877 2 26 0.796000 25 0.204000
  25 -13.455746 1.040619 48.776176 0.630206 -0.303692 -0.714571 0.365746 0.346527 2 25 0.655000 26 0.345000
  25 -14.022424 -0.129864 49.194557 0.275392 -0.776606 -0.566606 0.325747 0.343231 2 25 0.946000 26 0.054000
v_hands
  25 -14.022424 -0.129864 49.194557 0.275392 -0.776606 -0.566606 0.325747 0.343231 2 25 0.946000 26 0.054000
  25 -13.455746 1.040619 48.776176 0.630206 -0.303692 -0.714571 0.365746 0.346527 2 25 0.655000 26 0.345000
  25 -10.958628 0.514531 51.507748 0.686783 -0.363393 -0.629503 0.365873 0.228419 1 25 1.000000
v_hands
  25 -14.022424 -0.129864 49.194557 0.275392 -0.776606 -0.566606 0.325747 0.343231 2 25 0.946000 26 0.054000
  25 -10.958628 0.514531 51.507748 0.686783 -0.363393 -0.629503 0.365873 0.228419 1 25 1.000000
  25 -11.859056 -0.860270 52.213051 0.274101 -0.916880 -0.290172 0.317114 0.225247 1 25 1.000000
v_hands
  25 -11.859056 -0.860270 52.213051 0.274101 -0.916880 -0.290172 0.317114 0.225247 1 25 1.000000
  25 -15.254657 -0.470834 50.327103 -0.352801 -0.933786 0.059792 0.259486 0.342592 2 25 0.946000 26 0.054000
  25 -14.022424 -0.129864 49.194557 0.275392 -0.776606 -0.566606 0.325747 0.343231 2 25 0.946000 26 0.054000
v_hands
  25 -11.859056 -0.860270 52.213051 0.274101 -0.916880 -0.290172 0.317114 0.225247 1 25 1.000000
  25 -13.203577 -0.788735 53.383698 -0.385116 -0.881932 0.271811 0.256422 0.226990 1 25 1.000000
  25 -15.254657 -0.470834 50.327103 -0.352801 -0.933786 0.059792 0.259486 0.342592 2 25 0.946000 26 0.054000
v_hands
  25 -13.203577 -0.788735 53.383698 -0.385116 -0.881932 0.271811 0.256422 0.226990 1 25 1.000000
  25 -15.948210 0.744092 51.341911 -0.710615 -0.435245 0.552800 0.210710 0.333373 2 25 0.874000 26 0.126000
  25 -15.254657 -0.470834 50.327103 -0.352801 -0.933786 0.059792 0.259486 0.342592 2 25 0.946000 26 0.054000
v_hands
  25 -13.203577 -0.788735 53.383698 -0.385116 -0.881932 0.271811 0.256422 0.226990 1 25 1.000000
  25 -13.866325 0.592857 54.157806 -0.725846 -0.371062 0.579189 0.213865 0.222871 1 25 1.000000
  25 -15.948210 0.744092 51.341911 -0.710615 -0.435245 0.552800 0.210710 0.333373 2 25 0.874000 26 0.126000
v_hands
  25 -13.900369 2.070597 54.439026 -0.775469 -0.041144 0.630043 0.167064 0.217491 1 25 1.000000
  25 -15.948210 0.744092 51.341911 -0.710615 -0.435245 0.552800 0.210710 0.333373 2 25 0.874000 26 0.126000
  25 -13.866325 0.592857 54.157806 -0.725846 -0.371062 0.579189 0.213865 0.222871 1 25 1.000000
v_hands
  25 -13.900369 2.070597 54.439026 -0.775469 -0.041144 0.630043 0.167064 0.217491 1 25 1.000000
  25 -15.630697 2.347234 52.144505 -0.796116 -0.030976 0.604351 0.159655 0.308300 2 25 0.877000 26 0.123000
  25 -15.948210 0.744092 51.341911 -0.710615 -0.435245 0.552800 0.210710 0.333373 2 25 0.874000 26 0.126000
v_hands
  25 -15.630697 2.347234 52.144505 -0.796116 -0.030976 0.604351 0.159655 0.308300 2 25 0.877000 26 0.123000
  25 -13.900369 2.070597 54.439026 -0.775469 -0.041144 0.630043 0.167064 0.217491 1 25 1.000000
  25 -13.704175 3.536566 54.521973 -0.735050 0.375714 0.564393 0.120635 0.212155 1 25 1.000000
v_hands
  25 -15.630697 2.347234 52.144505 -0.796116 -0.030976 0.604351 0.159655 0.308300 2 25 0.877000 26 0.123000
  25 -13.704175 3.536566 54.521973 -0.735050 0.375714 0.564393 0.120635 0.212155 1 25 1.000000
  25 -15.222099 3.417861 52.512962 -0.698145 0.395739 0.596644 0.125558 0.291556 2 25 0.712000 26 0.288000
v_hands
  25 -13.704175 3.536566 54.521973 -0.735050 0.375714 0.564393 0.120635 0.212155 1 25 1.000000
  25 -14.478153 4.233654 52.047821 -0.406049 0.795660 0.449499 0.091739 0.287979 2 25 0.712000 26 0.288000
  25 -15.222099 3.417861 52.512962 -0.698145 0.395739 0.596644 0.125558 0.291556 2 25 0.712000 26 0.288000
v_hands
  25 -14.478153 4.233654 52.047821 -0.406049 0.795660 0.449499 0.091739 0.287979 2 25 0.712000 26 0.288000
  26 -15.921839 3.984838 51.468460 -0.604743 0.470315 0.642720 0.108217 0.331296 2 26 0.583000 25 0.417000
  25 -15.222099 3.417861 52.512962 -0.698145 0.395739 0.596644 0.125558 0.291556 2 25 0.712000 26 0.288000
v_hands
  26 -14.704294 0.074209 48.766834 0.354503 -0.830749 -0.429166 0.323521 0.367877 2 26 0.796000 25 0.204000
  25 -14.022424 -0.129864 49.194557 0.275392 -0.776606 -0.566606 0.325747 0.343231 2 25 0.946000 26 0.054000
  25 -15.254657 -0.470834 50.327103 -0.352801 -0.933786 0.059792 0.259486 0.342592 2 25 0.946000 26 0.054000
v_hands
  25 -15.630697 2.347234 52.144505 -0.796116 -0.030976 0.604351 0.159655 0.308300 2 25 0.877000 26 0.123000
  26 -16.426460 2.655094 51.126026 -0.687094 0.015401 0.726405 0.150524 0.349262 2 26 0.736000 25 0.264000
  25 -15.948210 0.744092 51.341911 -0.710615 -0.435245 0.552800 0.210710 0.333373 2 25 0.874000 26 0.126000
v_hands
  26 -16.426460 2.655094 51.126026 -0.687094 0.015401 0.726405 0.150524 0.349262 2 26 0.736000 25 0.264000
  25 -15.630697 2.347234 52.144505 -0.796116 -0.030976 0.604351 0.159655 0.308300 2 25 0.877000 26 0.123000
  25 -15.222099 3.417861 52.512962 -0.698145 0.395739 0.596644 0.125558 0.291556 2 25 0.712000 26 0.288000
v_hands
  26 -16.426460 2.655094 51.126026 -0.687094 0.015401 0.726405 0.150524 0.349262 2 26 0.736000 25 0.264000
  25 -15.222099 3.417861 52.512962 -0.698145 0.395739 0.596644 0.125558 0.291556 2 25 0.712000 26 0.288000
  26 -15.921839 3.984838 51.468460 -0.604743 0.470315 0.642720 0.108217 0.331296 2 26 0.583000 25 0.417000
v_hands
  26 -15.289296 4.671246 51.152191 -0.324039 0.798497 0.507347 0.085959 0.326251 2 26 0.583000 25 0.417000
  25 -13.771840 4.648407 51.587227 -0.011605 0.997647 0.067563 0.056183 0.283974 2 25 0.712000 26 0.288000
  26 -14.656047 4.993790 50.805614 0.081724 0.971428 0.222819 0.063068 0.323029 2 26 0.583000 25 0.417000
v_hands
  26 -15.289296 4.671246 51.152191 -0.324039 0.798497 0.507347 0.085959 0.326251 2 26 0.583000 25 0.417000
  25 -14.478153 4.233654 52.047821 -0.406049 0.795660 0.449499 0.091739 0.287979 2 25 0.712000 26 0.288000
  25 -13.771840 4.648407 51.587227 -0.011605 0.997647 0.067563 0.056183 0.283974 2 25 0.712000 26 0.288000
v_hands
  25 -14.478153 4.233654 52.047821 -0.406049 0.795660 0.449499 0.091739 0.287979 2 25 0.712000 26 0.288000
  25 -12.443472 4.974621 53.683586 -0.142057 0.988304 0.055455 0.058382 0.206141 1 25 1.000000
  25 -13.771840 4.648407 51.587227 -0.011605 0.997647 0.067563 0.056183 0.283974 2 25 0.712000 26 0.288000
v_hands
  25 -14.478153 4.233654 52.047821 -0.406049 0.795660 0.449499 0.091739 0.287979 2 25 0.712000 26 0.288000
  25 -13.068436 4.480023 54.107559 -0.552375 0.741758 0.380363 0.090852 0.209517 1 25 1.000000
  25 -12.443472 4.974621 53.683586 -0.142057 0.988304 0.055455 0.058382 0.206141 1 25 1.000000
v_hands
  25 -13.704175 3.536566 54.521973 -0.735050 0.375714 0.564393 0.120635 0.212155 1 25 1.000000
  25 -13.068436 4.480023 54.107559 -0.552375 0.741758 0.380363 0.090852 0.209517 1 25 1.000000
  25 -14.478153 4.233654 52.047821 -0.406049 0.795660 0.449499 0.091739 0.287979 2 25 0.712000 26 0.288000
v_hands
  26 -14.656047 4.993790 50.805614 0.081724 0.971428 0.222819 0.063068 0.323029 2 26 0.583000 25 0.417000
  26 -14.058286 4.629217 49.786484 0.501197 0.843368 -0.193733 0.023420 0.334626 2 26 0.583000 25 0.417000
  26 -14.775621 4.990338 49.181740 0.389821 0.894858 -0.217415 0.032128 0.363705 2 26 0.778000 25 0.222000
v_hands
  25 -13.771840 4.648407 51.587227 -0.011605 0.997647 0.067563 0.056183 0.283974 2 25 0.712000 26 0.288000
  26 -14.058286 4.629217 49.786484 0.501197 0.843368 -0.193733 0.023420 0.334626 2 26 0.583000 25 0.417000
  26 -14.656047 4.993790 50.805614 0.081724 0.971428 0.222819 0.063068 0.323029 2 26 0.583000 25 0.417000
v_hands
  25 -13.771840 4.648407 51.587227 -0.011605 0.997647 0.067563 0.056183 0.283974 2 25 0.712000 26 0.288000
  25 -13.139100 4.250727 50.237755 0.561479 0.720239 -0.407428 0.009577 0.305161 2 25 0.712000 26 0.288000
  26 -14.058286 4.629217 49.786484 0.501197 0.843368 -0.193733 0.023420 0.334626 2 26 0.583000 25 0.417000
v_hands
  25 -13.139100 4.250727 50.237755 0.561479 0.720239 -0.407428 0.009577 0.305161 2 25 0.712000 26 0.288000
  25 -13.771840 4.648407 51.587227 -0.011605 0.997647 0.067563 0.056183 0.283974 2 25 0.712000 26 0.288000
  25 -12.443472 4.974621 53.683586 -0.142057 0.988304 0.055455 0.058382 0.206141 1 25 1.000000
v_hands
  25 -13.139100 4.250727 50.237755 0.561479 0.720239 -0.407428 0.009577 0.305161 2 25 0.712000 26 0.288000
  25 -12.443472 4.974621 53.683586 -0.142057 0.988304 0.055455 0.058382 0.206141 1 25 1.000000
  25 -11.284965 4.412996 52.398331 0.492168 0.756373 -0.430895 0.011075 0.215117 1 25 1.000000
v_hands
  25 -10.766135 2.548569 51.583565 0.734897 0.210888 -0.644556 0.430345 0.231829 1 25 1.000000
  25 -13.455746 1.040619 48.776176 0.630206 -0.303692 -0.714571 0.365746 0.346527 2 25 0.655000 26 0.345000
  25 -13.229240 2.384043 48.876518 0.729822 0.112587 -0.674303 0.408789 0.345564 2 25 0.572423 26 0.427577
v_hands
  25 -10.766135 2.548569 51.583565 0.734897 0.210888 -0.644556 0.430345 0.231829 1 25 1.000000
  25 -10.958628 0.514531 51.507748 0.686783 -0.363393 -0.629503 0.365873 0.228419 1 25 1.000000
  25 -13.455746 1.040619 48.776176 0.630206 -0.303692 -0.714571 0.365746 0.346527 2 25 0.655000 26 0.345000
v_hands
  25 -10.958628 0.514531 51.507748 0.686783 -0.363393 -0.629503 0.365873 0.228419 1 25 1.000000
  25 -10.766135 2.548569 51.583565 0.734897 0.210888 -0.644556 0.430345 0.231829 1 25 1.000000
  25 -6.320837 2.409635 56.733974 0.737852 0.248080 -0.627719 0.456511 0.018302 1 25 1.000000
v_hands
  25 -10.958628 0.514531 51.507748 0.686783 -0.363393 -0.629503 0.365873 0.228419 1 25 1.000000
  25 -6.320837 2.409635 56.733974 0.737852 0.248080 -0.627719 0.456511 0.018302 1 25 1.000000
  25 -6.416290 0.449023 56.808380 0.698101 -0.408494 -0.588037 0.395132 0.009674 1 25 1.000000
v_hands
  25 -6.416290 0.449023 56.808380 0.698101 -0.408494 -0.588037 0.395132 0.009674 1 25 1.000000
  25 -11.859056 -0.860270 52.213051 0.274101 -0.916880 -0.290172 0.317114 0.225247 1 25 1.000000
  25 -10.958628 0.514531 51.507748 0.686783 -0.363393 -0.629503 0.365873 0.228419 1 25 1.000000
v_hands
  25 -6.416290 0.449023 56.808380 0.698101 -0.408494 -0.588037 0.395132 0.009674 1 25 1.000000
  25 -7.288071 -0.670043 57.542007 0.301283 -0.925029 -0.231408 0.335088 0.004845 1 25 1.000000
  25 -11.859056 -0.860270 52.213051 0.274101 -0.916880 -0.290172 0.317114 0.225247 1 25 1.000000
v_hands
  25 -7.288071 -0.670043 57.542007 0.301283 -0.925029 -0.231408 0.335088 0.004845 1 25 1.000000
  25 -13.203577 -0.788735 53.383698 -0.385116 -0.881932 0.271811 0.256422 0.226990 1 25 1.000000
  25 -11.859056 -0.860270 52.213051 0.274101 -0.916880 -0.290172 0.317114 0.225247 1 25 1.000000
v_hands
  25 -7.288071 -0.670043 57.542007 0.301283 -0.925029 -0.231408 0.335088 0.004845 1 25 1.000000
  25 -8.654140 -0.669996 58.697239 -0.348381 -0.878062 0.328082 0.252072 0.005892 1 25 1.000000
  25 -13.203577 -0.788735 53.383698 -0.385116 -0.881932 0.271811 0.256422 0.226990 1 25 1.000000
v_hands
  25 -8.654140 -0.669996 58.697239 -0.348381 -0.878062 0.328082 0.252072 0.005892 1 25 1.000000
  25 -13.866325 0.592857 54.157806 -0.725846 -0.371062 0.579189 0.213865 0.222871 1 25 1.000000
  25 -13.203577 -0.788735 53.383698 -0.385116 -0.881932 0.271811 0.256422 0.226990 1 25 1.000000
v_hands
  25 -8.654140 -0.669996 58.697239 -0.348381 -0.878062 0.328082 0.252072 0.005892 1 25 1.000000
  25 -9.297525 0.660128 59.246391 -0.689427 -0.390619 0.610006 0.208556 0.006800 1 25 1.000000
  25 -13.866325 0.592857 54.157806 -0.725846 -0.371062 0.579189 0.213865 0.222871 1 25 1.000000
v_hands
  25 -9.297525 0.660128 59.246391 -0.689427 -0.390619 0.610006 0.208556 0.006800 1 25 1.000000
  25 -13.900369 2.070597 54.439026 -0.775469 -0.041144 0.630043 0.167064 0.217491 1 25 1.000000
  25 -13.866325 0.592857 54.157806 -0.725846 -0.371062 0.579189 0.213865 0.222871 1 25 1.000000
v_hands
  25 -9.297525 0.660128 59.246391 -0.689427 -0.390619 0.610006 0.208556 0.006800 1 25 1.000000
  25 -9.558553 2.002937 59.471836 -0.757438 -0.139543 0.637821 0.166108 0.007355 1 25 1.000000
  25 -13.900369 2.070597 54.439026 -0.775469 -0.041144 0.630043 0.167064 0.217491 1 25 1.000000
v_hands
  25 -9.558553 2.002937 59.471836 -0.757438 -0.139543 0.637821 0.166108 0.007355 1 25 1.000000
  25 -13.704175 3.536566 54.521973 -0.735050 0.375714 0.564393 0.120635 0.212155 1 25 1.000000
  25 -13.900369 2.070597 54.439026 -0.775469 -0.041144 0.630043 0.167064 0.217491 1 25 1.000000
v_hands
  25 -9.558553 2.002937 59.471836 -0.757438 -0.139543 0.637821 0.166108 0.007355 1 25 1.000000
  25 -9.602657 3.411790 59.512512 -0.726984 0.317752 0.608711 0.121573 0.007937 1 25 1.000000
  25 -13.704175 3.536566 54.521973 -0.735050 0.375714 0.564393 0.120635 0.212155 1 25 1.000000
v_hands
  25 -13.068436 4.480023 54.107559 -0.552375 0.741758 0.380363 0.090852 0.209517 1 25 1.000000
  25 -13.704175 3.536566 54.521973 -0.735050 0.375714 0.564393 0.120635 0.212155 1 25 1.000000
  25 -9.602657 3.411790 59.512512 -0.726984 0.317752 0.608711 0.121573 0.007937 1 25 1.000000
v_hands
  25 -13.068436 4.480023 54.107559 -0.552375 0.741758 0.380363 0.090852 0.209517 1 25 1.000000
  25 -9.602657 3.411790 59.512512 -0.726984 0.317752 0.608711 0.121573 0.007937 1 25 1.000000
  25 -9.013708 4.321041 59.017460 -0.499890 0.747537 0.437376 0.091973 0.008196 1 25 1.000000
v_hands
  25 -12.443472 4.974621 53.683586 -0.142057 0.988304 0.055455 0.058382 0.206141 1 25 1.000000
  25 -13.068436 4.480023 54.107559 -0.552375 0.741758 0.380363 0.090852 0.209517 1 25 1.000000
  25 -9.013708 4.321041 59.017460 -0.499890 0.747537 0.437376 0.091973 0.008196 1 25 1.000000
v_hands
  25 -12.443472 4.974621 53.683586 -0.142057 0.988304 0.055455 0.058382 0.206141 1 25 1.000000
  25 -9.013708 4.321041 59.017460 -0.499890 0.747537 0.437376 0.091973 0.008196 1 25 1.000000
  25 -8.326820 4.908734 58.439041 -0.031324 0.997289 0.066578 0.054732 0.008447 1 25 1.000000
v_hands
  25 -11.284965 4.412996 52.398331 0.492168 0.756373 -0.430895 0.011075 0.215117 1 25 1.000000
  25 -12.443472 4.974621 53.683586 -0.142057 0.988304 0.055455 0.058382 0.206141 1 25 1.000000
  25 -8.326820 4.908734 58.439041 -0.031324 0.997289 0.066578 0.054732 0.008447 1 25 1.000000
v_hands
  25 -11.284965 4.412996 52.398331 0.492168 0.756373 -0.430895 0.011075 0.215117 1 25 1.000000
  25 -8.326820 4.908734 58.439041 -0.031324 0.997289 0.066578 0.054732 0.008447 1 25 1.000000
  25 -7.165688 4.145652 57.451992 0.536008 0.733909 -0.417221 0.005073 0.009164 1 25 1.000000
v_hands
  21 22.148865 0.824025 38.705757 -0.933840 0.088886 -0.346471 0.497747 0.684420 1 21 1.000000
  22 22.629934 0.488836 37.698818 -0.585171 0.504001 -0.635262 0.513249 0.727280 1 22 1.000000
  22 22.370356 0.204599 37.929657 -0.945117 0.026527 -0.325654 0.495915 0.719066 1 22 1.000000
v_hands
  21 22.148865 0.824025 38.705757 -0.933840 0.088886 -0.346471 0.497747 0.684420 1 21 1.000000
  21 22.688286 1.043817 38.154732 -0.482801 0.543401 -0.686745 0.521741 0.701005 3 21 0.610000 22 0.277680 8 0.112320
  22 22.629934 0.488836 37.698818 -0.585171 0.504001 -0.635262 0.513249 0.727280 1 22 1.000000
v_hands
  21 22.760086 -0.175930 38.854759 -0.352881 -0.832741 0.426634 0.455343 0.699935 2 21 0.898000 8 0.102000
  21 22.574993 0.245849 39.516560 -0.498710 -0.781766 0.374340 0.453810 0.666927 2 21 0.850000 8 0.150000
  21 22.133537 0.605024 39.411659 -0.853744 -0.503855 0.131342 0.472177 0.663074 2 21 0.850000 8 0.150000
v_hands
  21 22.760086 -0.175930 38.854759 -0.352881 -0.832741 0.426634 0.455343 0.699935 2 21 0.898000 8 0.102000
  21 22.133537 0.605024 39.411659 -0.853744 -0.503855 0.131342 0.472177 0.663074 2 21 0.850000 8 0.150000
  21 22.313801 0.172554 38.702179 -0.860381 -0.501001 0.093503 0.475888 0.693779 2 21 0.898000 8 0.102000
v_hands
  21 21.942049 1.275434 39.532829 -0.988866 -0.070007 -0.131311 0.494682 0.650922 2 21 0.837495 8 0.162505
  21 22.313801 0.172554 38.702179 -0.860381 -0.501001 0.093503 0.475888 0.693779 2 21 0.898000 8 0.102000
  21 22.133537 0.605024 39.411659 -0.853744 -0.503855 0.131342 0.472177 0.663074 2 21 0.850000 8 0.150000
v_hands
  21 21.942049 1.275434 39.532829 -0.988866 -0.070007 -0.131311 0.494682 0.650922 2 21 0.837495 8 0.162505
  21 22.148865 0.824025 38.705757 -0.933840 0.088886 -0.346471 0.497747 0.684420 1 21 1.000000
  21 22.313801 0.172554 38.702179 -0.860381 -0.501001 0.093503 0.475888 0.693779 2 21 0.898000 8 0.102000
v_hands
  21 22.148865 0.824025 38.705757 -0.933840 0.088886 -0.346471 0.497747 0.684420 1 21 1.000000
  22 22.424105 -0.089753 38.263798 -0.874245 -0.476937 0.090699 0.478269 0.712669 1 22 1.000000
  21 22.313801 0.172554 38.702179 -0.860381 -0.501001 0.093503 0.475888 0.693779 2 21 0.898000 8 0.102000
v_hands
  21 22.148865 0.824025 38.705757 -0.933840 0.088886 -0.346471 0.497747 0.684420 1 21 1.000000
  22 22.370356 0.204599 37.929657 -0.945117 0.026527 -0.325654 0.495915 0.719066 1 22 1.000000
  22 22.424105 -0.089753 38.263798 -0.874245 -0.476937 0.090699 0.478269 0.712669 1 22 1.000000
v_hands
  22 22.424105 -0.089753 38.263798 -0.874245 -0.476937 0.090699 0.478269 0.712669 1 22 1.000000
  22 22.370356 0.204599 37.929657 -0.945117 0.026527 -0.325654 0.495915 0.719066 1 22 1.000000
  22 22.511620 -0.323495 37.950100 -0.783867 -0.620619 0.019612 0.479349 0.725685 1 22 1.000000
v_hands
  22 22.370356 0.204599 37.929657 -0.945117 0.026527 -0.325654 0.495915 0.719066 1 22 1.000000
  22 22.583118 -0.135698 37.351021 -0.975019 0.094616 -0.200964 0.497361 0.743514 1 22 1.000000
  22 22.511620 -0.323495 37.950100 -0.783867 -0.620619 0.019612 0.479349 0.725685 1 22 1.000000
v_hands
  22 22.771574 0.249930 37.380978 -0.600284 0.687610 -0.408475 0.514086 0.747636 1 22 1.000000
  22 22.583118 -0.135698 37.351021 -0.975019 0.094616 -0.200964 0.497361 0.743514 1 22 1.000000
  22 22.370356 0.204599 37.929657 -0.945117 0.026527 -0.325654 0.495915 0.719066 1 22 1.000000
v_hands
  22 22.370356 0.204599 37.929657 -0.945117 0.026527 -0.325654 0.495915 0.719066 1 22 1.000000
  22 22.629934 0.488836 37.698818 -0.585171 0.504001 -0.635262 0.513249 0.727280 1 22 1.000000
  22 22.771574 0.249930 37.380978 -0.600284 0.687610 -0.408475 0.514086 0.747636 1 22 1.000000
v_hands
  22 23.240915 0.560292 37.547268 0.218334 0.641769 -0.735162 0.537600 0.738165 2 22 0.946000 8 0.054000
  22 22.771574 0.249930 37.380978 -0.600284 0.687610 -0.408475 0.514086 0.747636 1 22 1.000000
  22 22.629934 0.488836 37.698818 -0.585171 0.504001 -0.635262 0.513249 0.727280 1 22 1.000000
v_hands
  22 22.629934 0.488836 37.698818 -0.585171 0.504001 -0.635262 0.513249 0.727280 1 22 1.000000
  21 22.688286 1.043817 38.154732 -0.482801 0.543401 -0.686745 0.521741 0.701005 3 21 0.610000 22 0.277680 8 0.112320
  22 23.240915 0.560292 37.547268 0.218334 0.641769 -0.735162 0.537600 0.738165 2 22 0.946000 8 0.054000
v_hands
  21 22.688286 1.043817 38.154732 -0.482801 0.543401 -0.686745 0.521741 0.701005 3 21 0.610000 22 0.277680 8 0.112320
  22 23.256344 0.941046 37.959068 -0.031258 0.580978 -0.813319 0.540175 0.713894 2 22 0.817000 8 0.183000
  22 23.240915 0.560292 37.547268 0.218334 0.641769 -0.735162 0.537600 0.738165 2 22 0.946000 8 0.054000
v_hands
  22 23.618935 0.701330 37.904903 0.366730 0.231335 -0.901107 0.554725 0.724682 2 22 0.817000 8 0.183000
  22 23.240915 0.560292 37.547268 0.218334 0.641769 -0.735162 0.537600 0.738165 2 22 0.946000 8 0.054000
  22 23.256344 0.941046 37.959068 -0.031258 0.580978 -0.813319 0.540175 0.713894 2 22 0.817000 8 0.183000
v_hands
  21 23.897388 0.315799 38.063507 0.630779 -0.219577 -0.744247 0.569408 0.733831 2 21 0.736000 8 0.264000
  22 23.240915 0.560292 37.547268 0.218334 0.641769 -0.735162 0.537600 0.738165 2 22 0.946000 8 0.054000
  22 23.618935 0.701330 37.904903 0.366730 0.231335 -0.901107 0.554725 0.724682 2 22 0.817000 8 0.183000
v_hands
  21 23.897388 0.315799 38.063507 0.630779 -0.219577 -0.744247 0.569408 0.733831 2 21 0.736000 8 0.264000
  22 23.653563 0.191602 37.776581 0.840930 0.177355 -0.511256 0.559340 0.741286 1 22 1.000000
  22 23.240915 0.560292 37.547268 0.218334 0.641769 -0.735162 0.537600 0.738165 2 22 0.946000 8 0.054000
v_hands
  22 23.617102 -0.021784 37.484715 0.962781 0.252740 -0.095787 0.556262 0.753199 1 22 1.000000
  22 23.240915 0.560292 37.547268 0.218334 0.641769 -0.735162 0.537600 0.738165 2 22 0.946000 8 0.054000
  22 23.653563 0.191602 37.776581 0.840930 0.177355 -0.511256 0.559340 0.741286 1 22 1.000000
v_hands
  22 23.617102 -0.021784 37.484715 0.962781 0.252740 -0.095787 0.556262 0.753199 1 22 1.000000
  22 23.254156 0.354464 37.363815 0.339389 0.848451 -0.406135 0.536608 0.750697 1 22 1.000000
  22 23.240915 0.560292 37.547268 0.218334 0.641769 -0.735162 0.537600 0.738165 2 22 0.946000 8 0.054000
v_hands
  22 23.240915 0.560292 37.547268 0.218334 0.641769 -0.735162 0.537600 0.738165 2 22 0.946000 8 0.054000
  22 23.254156 0.354464 37.363815 0.339389 0.848451 -0.406135 0.536608 0.750697 1 22 1.000000
  22 22.771574 0.249930 37.380978 -0.600284 0.687610 -0.408475 0.514086 0.747636 1 22 1.000000
v_hands
  21 22.313801 0.172554 38.702179 -0.860381 -0.501001 0.093503 0.475888 0.693779 2 21 0.898000 8 0.102000
  22 22.817657 -0.397884 38.532024 -0.321165 -0.873795 0.365150 0.458261 0.712705 2 22 0.949000 21 0.051000
  21 22.760086 -0.175930 38.854759 -0.352881 -0.832741 0.426634 0.455343 0.699935 2 21 0.898000 8 0.102000
v_hands
  21 22.313801 0.172554 38.702179 -0.860381 -0.501001 0.093503 0.475888 0.693779 2 21 0.898000 8 0.102000
  22 22.424105 -0.089753 38.263798 -0.874245 -0.476937 0.090699 0.478269 0.712669 1 22 1.000000
  22 22.817657 -0.397884 38.532024 -0.321165 -0.873795 0.365150 0.458261 0.712705 2 22 0.949000 21 0.051000
v_hands
  22 22.511620 -0.323495 37.950100 -0.783867 -0.620619 0.019612 0.479349 0.725685 1 22 1.000000
  22 22.817657 -0.397884 38.532024 -0.321165 -0.873795 0.365150 0.458261 0.712705 2 22 0.949000 21 0.051000
  22 22.424105 -0.089753 38.263798 -0.874245 -0.476937 0.090699 0.478269 0.712669 1 22 1.000000
v_hands
  22 23.254156 0.354464 37.363815 0.339389 0.848451 -0.406135 0.536608 0.750697 1 22 1.000000
  23 22.745981 0.219381 37.002110 -0.671343 0.740149 -0.038441 0.516888 0.763392 1 23 1.000000
  22 22.771574 0.249930 37.380978 -0.600284 0.687610 -0.408475 0.514086 0.747636 1 22 1.000000
v_hands
  22 22.771574 0.249930 37.380978 -0.600284 0.687610 -0.408475 0.514086 0.747636 1 22 1.000000
  23 22.745981 0.219381 37.002110 -0.671343 0.740149 -0.038441 0.516888 0.763392 1 23 1.000000
  23 22.606245 -0.192300 36.946796 -0.997161 -0.014662 -0.073855 0.499199 0.764817 1 23 1.000000
v_hands
  22 22.771574 0.249930 37.380978 -0.600284 0.687610 -0.408475 0.514086 0.747636 1 22 1.000000
  23 22.606245 -0.192300 36.946796 -0.997161 -0.014662 -0.073855 0.499199 0.764817 1 23 1.000000
  22 22.583118 -0.135698 37.351021 -0.975019 0.094616 -0.200964 0.497361 0.743514 1 22 1.000000
v_hands
  22 22.626104 -0.423596 37.442059 -0.808867 -0.586931 -0.035308 0.483266 0.744994 1 22 1.000000
  22 22.583118 -0.135698 37.351021 -0.975019 0.094616 -0.200964 0.497361 0.743514 1 22 1.000000
  23 22.606245 -0.192300 36.946796 -0.997161 -0.014662 -0.073855 0.499199 0.764817 1 23 1.000000
v_hands
  22 22.626104 -0.423596 37.442059 -0.808867 -0.586931 -0.035308 0.483266 0.744994 1 22 1.000000
  22 22.511620 -0.323495 37.950100 -0.783867 -0.620619 0.019612 0.479349 0.725685 1 22 1.000000
  22 22.583118 -0.135698 37.351021 -0.975019 0.094616 -0.200964 0.497361 0.743514 1 22 1.000000
v_hands
  22 22.626104 -0.423596 37.442059 -0.808867 -0.586931 -0.035308 0.483266 0.744994 1 22 1.000000
  22 22.902918 -0.508930 38.042118 -0.278413 -0.942302 0.185883 0.462627 0.729747 1 22 1.000000
  22 22.511620 -0.323495 37.950100 -0.783867 -0.620619 0.019612 0.479349 0.725685 1 22 1.000000
v_hands
  22 22.511620 -0.323495 37.950100 -0.783867 -0.620619 0.019612 0.479349 0.725685 1 22 1.000000
  22 22.902918 -0.508930 38.042118 -0.278413 -0.942302 0.185883 0.462627 0.729747 1 22 1.000000
  22 22.817657 -0.397884 38.532024 -0.321165 -0.873795 0.365150 0.458261 0.712705 2 22 0.949000 21 0.051000
v_hands
  22 22.902918 -0.508930 38.042118 -0.278413 -0.942302 0.185883 0.462627 0.729747 1 22 1.000000
  22 23.465061 -0.413068 38.486588 0.405206 -0.819295 0.405664 0.435334 0.723851 2 22 0.787000 21 0.213000
  22 22.817657 -0.397884 38.532024 -0.321165 -0.873795 0.365150 0.458261 0.712705 2 22 0.949000 21 0.051000
v_hands
  21 22.760086 -0.175930 38.854759 -0.352881 -0.832741 0.426634 0.455343 0.699935 2 21 0.898000 8 0.102000
  22 22.817657 -0.397884 38.532024 -0.321165 -0.873795 0.365150 0.458261 0.712705 2 22 0.949000 21 0.051000
  22 23.465061 -0.413068 38.486588 0.405206 -0.819295 0.405664 0.435334 0.723851 2 22 0.787000 21 0.213000
v_hands
  21 22.760086 -0.175930 38.854759 -0.352881 -0.832741 0.426634 0.455343 0.699935 2 21 0.898000 8 0.102000
  22 23.465061 -0.413068 38.486588 0.405206 -0.819295 0.405664 0.435334 0.723851 2 22 0.787000 21 0.213000
  21 23.477055 -0.124470 38.916031 0.362391 -0.814817 0.452489 0.428886 0.708442 2 21 0.898000 8 0.102000
v_hands
  21 22.760086 -0.175930 38.854759 -0.352881 -0.832741 0.426634 0.455343 0.699935 2 21 0.898000 8 0.102000
  21 23.477055 -0.124470 38.916031 0.362391 -0.814817 0.452489 0.428886 0.708442 2 21 0.898000 8 0.102000
  21 23.000065 0.221029 39.783772 -0.035080 -0.864361 0.501646 0.433313 0.663871 2 21 0.577000 8 0.423000
v_hands
  21 22.760086 -0.175930 38.854759 -0.352881 -0.832741 0.426634 0.455343 0.699935 2 21 0.898000 8 0.102000
  21 23.000065 0.221029 39.783772 -0.035080 -0.864361 0.501646 0.433313 0.663871 2 21 0.577000 8 0.423000
  21 22.574993 0.245849 39.516560 -0.498710 -0.781766 0.374340 0.453810 0.666927 2 21 0.850000 8 0.150000
v_hands
  8 22.420750 0.731520 40.278671 -0.412919 -0.867752 0.276594 0.448253 0.635741 2 8 0.691000 7 0.309000
  21 22.574993 0.245849 39.516560 -0.498710 -0.781766 0.374340 0.453810 0.666927 2 21 0.850000 8 0.150000
  21 23.000065 0.221029 39.783772 -0.035080 -0.864361 0.501646 0.433313 0.663871 2 21 0.577000 8 0.423000
v_hands
  8 22.420750 0.731520 40.278671 -0.412919 -0.867752 0.276594 0.448253 0.635741 2 8 0.691000 7 0.309000
  21 22.133537 0.605024 39.411659 -0.853744 -0.503855 0.131342 0.472177 0.663074 2 21 0.850000 8 0.150000
  21 22.574993 0.245849 39.516560 -0.498710 -0.781766 0.374340 0.453810 0.666927 2 21 0.850000 8 0.150000
v_hands
  8 22.420750 0.731520 40.278671 -0.412919 -0.867752 0.276594 0.448253 0.635741 2 8 0.691000 7 0.309000
  8 21.985485 1.120991 40.050301 -0.867982 -0.486793 -0.098188 0.470667 0.634030 2 8 0.691000 7 0.309000
  21 22.133537 0.605024 39.411659 -0.853744 -0.503855 0.131342 0.472177 0.663074 2 21 0.850000 8 0.150000
v_hands
  8 21.879192 1.624168 39.997772 -0.942329 -0.040332 -0.332248 0.494493 0.630656 2 8 0.691000 7 0.309000
  21 22.133537 0.605024 39.411659 -0.853744 -0.503855 0.131342 0.472177 0.663074 2 21 0.850000 8 0.150000
  8 21.985485 1.120991 40.050301 -0.867982 -0.486793 -0.098188 0.470667 0.634030 2 8 0.691000 7 0.309000
v_hands
  8 21.879192 1.624168 39.997772 -0.942329 -0.040332 -0.332248 0.494493 0.630656 2 8 0.691000 7 0.309000
  21 21.942049 1.275434 39.532829 -0.988866 -0.070007 -0.131311 0.494682 0.650922 2 21 0.837495 8 0.162505
  21 22.133537 0.605024 39.411659 -0.853744 -0.503855 0.131342 0.472177 0.663074 2 21 0.850000 8 0.150000
v_hands
  21 21.942049 1.275434 39.532829 -0.988866 -0.070007 -0.131311 0.494682 0.650922 2 21 0.837495 8 0.162505
  8 21.879192 1.624168 39.997772 -0.942329 -0.040332 -0.332248 0.494493 0.630656 2 8 0.691000 7 0.309000
  8 22.010712 2.026151 39.726051 -0.844447 0.185031 -0.502665 0.509019 0.632847 2 8 0.556000 7 0.444000
v_hands
  22 22.626104 -0.423596 37.442059 -0.808867 -0.586931 -0.035308 0.483266 0.744994 1 22 1.000000
  23 22.606245 -0.192300 36.946796 -0.997161 -0.014662 -0.073855 0.499199 0.764817 1 23 1.000000
  23 22.710979 -0.479678 37.051338 -0.752150 -0.653870 -0.082004 0.483272 0.760074 2 23 0.823000 22 0.177000
v_hands
  8 22.420750 0.731520 40.278671 -0.412919 -0.867752 0.276594 0.448253 0.635741 2 8 0.691000 7 0.309000
  8 23.397018 0.364955 39.964787 0.188762 -0.883497 0.428721 0.415957 0.662240 1 8 1.000000
  8 22.817371 0.729038 40.483337 -0.034201 -0.904904 0.424240 0.430163 0.633920 2 8 0.691000 7 0.309000
v_hands
  8 22.420750 0.731520 40.278671 -0.412919 -0.867752 0.276594 0.448253 0.635741 2 8 0.691000 7 0.309000
  21 23.000065 0.221029 39.783772 -0.035080 -0.864361 0.501646 0.433313 0.663871 2 21 0.577000 8 0.423000
  8 23.397018 0.364955 39.964787 0.188762 -0.883497 0.428721 0.415957 0.662240 1 8 1.000000
v_hands
  21 23.000065 0.221029 39.783772 -0.035080 -0.864361 0.501646 0.433313 0.663871 2 21 0.577000 8 0.423000
  8 24.021236 0.373110 39.092434 0.456826 -0.829846 0.320414 0.406868 0.707625 1 8 1.000000
  8 23.397018 0.364955 39.964787 0.188762 -0.883497 0.428721 0.415957 0.662240 1 8 1.000000
v_hands
  21 23.000065 0.221029 39.783772 -0.035080 -0.864361 0.501646 0.433313 0.663871 2 21 0.577000 8 0.423000
  21 23.477055 -0.124470 38.916031 0.362391 -0.814817 0.452489 0.428886 0.708442 2 21 0.898000 8 0.102000
  8 24.021236 0.373110 39.092434 0.456826 -0.829846 0.320414 0.406868 0.707625 1 8 1.000000
v_hands
  21 23.477055 -0.124470 38.916031 0.362391 -0.814817 0.452489 0.428886 0.708442 2 21 0.898000 8 0.102000
  8 24.290930 0.329936 38.499973 0.515645 -0.856270 0.030202 0.404208 0.731319 2 8 0.838000 21 0.162000
  8 24.021236 0.373110 39.092434 0.456826 -0.829846 0.320414 0.406868 0.707625 1 8 1.000000
v_hands
  21 23.477055 -0.124470 38.916031 0.362391 -0.814817 0.452489 0.428886 0.708442 2 21 0.898000 8 0.102000
  8 23.944290 0.042769 38.376030 0.681526 -0.728882 -0.065210 0.419420 0.731784 2 8 0.508000 21 0.492000
  8 24.290930 0.329936 38.499973 0.515645 -0.856270 0.030202 0.404208 0.731319 2 8 0.838000 21 0.162000
v_hands
  21 23.477055 -0.124470 38.916031 0.362391 -0.814817 0.452489 0.428886 0.708442 2 21 0.898000 8 0.102000
  21 23.781361 -0.138488 38.159126 0.857237 -0.499511 -0.125037 0.428407 0.736410 2 21 0.853000 8 0.147000
  8 23.944290 0.042769 38.376030 0.681526 -0.728882 -0.065210 0.419420 0.731784 2 8 0.508000 21 0.492000
v_hands
  21 23.477055 -0.124470 38.916031 0.362391 -0.814817 0.452489 0.428886 0.708442 2 21 0.898000 8 0.102000
  22 23.465061 -0.413068 38.486588 0.405206 -0.819295 0.405664 0.435334 0.723851 2 22 0.787000 21 0.213000
  21 23.781361 -0.138488 38.159126 0.857237 -0.499511 -0.125037 0.428407 0.736410 2 21 0.853000 8 0.147000
v_hands
  22 23.466526 -0.557241 38.118061 0.411329 -0.889264 0.200046 0.440982 0.735258 1 22 1.000000
  21 23.781361 -0.138488 38.159126 0.857237 -0.499511 -0.125037 0.428407 0.736410 2 21 0.853000 8 0.147000
  22 23.465061 -0.413068 38.486588 0.405206 -0.819295 0.405664 0.435334 0.723851 2 22 0.787000 21 0.213000
v_hands
  22 22.902918 -0.508930 38.042118 -0.278413 -0.942302 0.185883 0.462627 0.729747 1 22 1.000000
  22 23.466526 -0.557241 38.118061 0.411329 -0.889264 0.200046 0.440982 0.735258 1 22 1.000000
  22 23.465061 -0.413068 38.486588 0.405206 -0.819295 0.405664 0.435334 0.723851 2 22 0.787000 21 0.213000
v_hands
  22 22.961508 -0.641079 37.502182 -0.323353 -0.937923 0.125472 0.467328 0.747889 1 22 1.000000
  22 23.466526 -0.557241 38.118061 0.411329 -0.889264 0.200046 0.440982 0.735258 1 22 1.000000
  22 22.902918 -0.508930 38.042118 -0.278413 -0.942302 0.185883 0.462627 0.729747 1 22 1.000000
v_hands
  22 22.626104 -0.423596 37.442059 -0.808867 -0.586931 -0.035308 0.483266 0.744994 1 22 1.000000
  22 22.961508 -0.641079 37.502182 -0.323353 -0.937923 0.125472 0.467328 0.747889 1 22 1.000000
  22 22.902918 -0.508930 38.042118 -0.278413 -0.942302 0.185883 0.462627 0.729747 1 22 1.000000
v_hands
  22 22.626104 -0.423596 37.442059 -0.808867 -0.586931 -0.035308 0.483266 0.744994 1 22 1.000000
  23 23.012081 -0.682816 37.173351 -0.310380 -0.950461 0.016986 0.470302 0.759865 2 23 0.823000 22 0.177000
  22 22.961508 -0.641079 37.502182 -0.323353 -0.937923 0.125472 0.467328 0.747889 1 22 1.000000
v_hands
  22 22.626104 -0.423596 37.442059 -0.808867 -0.586931 -0.035308 0.483266 0.744994 1 22 1.000000
  23 22.710979 -0.479678 37.051338 -0.752150 -0.653870 -0.082004 0.483272 0.760074 2 23 0.823000 22 0.177000
  23 23.012081 -0.682816 37.173351 -0.310380 -0.950461 0.016986 0.470302 0.759865 2 23 0.823000 22 0.177000
v_hands
  23 22.738449 -0.452635 36.591824 -0.731203 -0.629888 -0.261885 0.486334 0.778907 1 23 1.000000
  23 23.012081 -0.682816 37.173351 -0.310380 -0.950461 0.016986 0.470302 0.759865 2 23 0.823000 22 0.177000
  23 22.710979 -0.479678 37.051338 -0.752150 -0.653870 -0.082004 0.483272 0.760074 2 23 0.823000 22 0.177000
v_hands
  23 22.738449 -0.452635 36.591824 -0.731203 -0.629888 -0.261885 0.486334 0.778907 1 23 1.000000
  23 22.710979 -0.479678 37.051338 -0.752150 -0.653870 -0.082004 0.483272 0.760074 2 23 0.823000 22 0.177000
  23 22.606245 -0.192300 36.946796 -0.997161 -0.014662 -0.073855 0.499199 0.764817 1 23 1.000000
v_hands
  23 22.738449 -0.452635 36.591824 -0.731203 -0.629888 -0.261885 0.486334 0.778907 1 23 1.000000
  23 22.606245 -0.192300 36.946796 -0.997161 -0.014662 -0.073855 0.499199 0.764817 1 23 1.000000
  23 22.647320 -0.185051 36.529778 -0.959640 -0.075136 -0.271009 0.497386 0.781099 1 23 1.000000
v_hands
  23 22.647320 -0.185051 36.529778 -0.959640 -0.075136 -0.271009 0.497386 0.781099 1 23 1.000000
  23 22.606245 -0.192300 36.946796 -0.997161 -0.014662 -0.073855 0.499199 0.764817 1 23 1.000000
  23 22.730310 0.158895 36.606258 -0.705683 0.685048 -0.180889 0.513593 0.779264 1 23 1.000000
v_hands
  22 22.961508 -0.641079 37.502182 -0.323353 -0.937923 0.125472 0.467328 0.747889 1 22 1.000000
  22 23.363129 -0.654872 37.556671 0.360215 -0.920845 0.149296 0.452147 0.752754 1 22 1.000000
  22 23.466526 -0.557241 38.118061 0.411329 -0.889264 0.200046 0.440982 0.735258 1 22 1.000000
v_hands
  22 23.466526 -0.557241 38.118061 0.411329 -0.889264 0.200046 0.440982 0.735258 1 22 1.000000
  22 23.689529 -0.232423 37.985352 0.907629 -0.375195 -0.188251 0.434487 0.741621 1 22 1.000000
  21 23.781361 -0.138488 38.159126 0.857237 -0.499511 -0.125037 0.428407 0.736410 2 21 0.853000 8 0.147000
v_hands
  22 23.363129 -0.654872 37.556671 0.360215 -0.920845 0.149296 0.452147 0.752754 1 22 1.000000
  22 23.689529 -0.232423 37.985352 0.907629 -0.375195 -0.188251 0.434487 0.741621 1 22 1.000000
  22 23.466526 -0.557241 38.118061 0.411329 -0.889264 0.200046 0.440982 0.735258 1 22 1.000000
v_hands
  22 23.363129 -0.654872 37.556671 0.360215 -0.920845 0.149296 0.452147 0.752754 1 22 1.000000
  22 23.553940 -0.417985 37.548817 0.901076 -0.424552 0.088415 0.445274 0.754935 1 22 1.000000
  22 23.689529 -0.232423 37.985352 0.907629 -0.375195 -0.188251 0.434487 0.741621 1 22 1.000000
v_hands
  22 23.363129 -0.654872 37.556671 0.360215 -0.920845 0.149296 0.452147 0.752754 1 22 1.000000
  23 23.604038 -0.489704 37.272118 0.842553 -0.487838 0.228296 0.448255 0.764748 1 23 1.000000
  22 23.553940 -0.417985 37.548817 0.901076 -0.424552 0.088415 0.445274 0.754935 1 22 1.000000
v_hands
  22 23.363129 -0.654872 37.556671 0.360215 -0.920845 0.149296 0.452147 0.752754 1 22 1.000000
  23 23.371265 -0.699557 37.222775 0.297162 -0.949813 0.097720 0.455891 0.763218 2 23 0.823000 22 0.177000
  23 23.604038 -0.489704 37.272118 0.842553 -0.487838 0.228296 0.448255 0.764748 1 23 1.000000
v_hands
  22 22.961508 -0.641079 37.502182 -0.323353 -0.937923 0.125472 0.467328 0.747889 1 22 1.000000
  23 23.371265 -0.699557 37.222775 0.297162 -0.949813 0.097720 0.455891 0.763218 2 23 0.823000 22 0.177000
  22 23.363129 -0.654872 37.556671 0.360215 -0.920845 0.149296 0.452147 0.752754 1 22 1.000000
v_hands
  22 22.961508 -0.641079 37.502182 -0.323353 -0.937923 0.125472 0.467328 0.747889 1 22 1.000000
  23 23.012081 -0.682816 37.173351 -0.310380 -0.950461 0.016986 0.470302 0.759865 2 23 0.823000 22 0.177000
  23 23.371265 -0.699557 37.222775 0.297162 -0.949813 0.097720 0.455891 0.763218 2 23 0.823000 22 0.177000
v_hands
  23 22.738449 -0.452635 36.591824 -0.731203 -0.629888 -0.261885 0.486334 0.778907 1 23 1.000000
  23 23.097351 -0.691235 36.696815 -0.236682 -0.952419 -0.192043 0.472658 0.780371 1 23 1.000000
  23 23.012081 -0.682816 37.173351 -0.310380 -0.950461 0.016986 0.470302 0.759865 2 23 0.823000 22 0.177000
v_hands
  23 23.097351 -0.691235 36.696815 -0.236682 -0.952419 -0.192043 0.472658 0.780371 1 23 1.000000
  23 23.371265 -0.699557 37.222775 0.297162 -0.949813 0.097720 0.455891 0.763218 2 23 0.823000 22 0.177000
  23 23.012081 -0.682816 37.173351 -0.310380 -0.950461 0.016986 0.470302 0.759865 2 23 0.823000 22 0.177000
v_hands
  23 23.097351 -0.691235 36.696815 -0.236682 -0.952419 -0.192043 0.472658 0.780371 1 23 1.000000
  23 23.517340 -0.671555 36.747078 0.376040 -0.924977 -0.054877 0.458364 0.784316 1 23 1.000000
  23 23.371265 -0.699557 37.222775 0.297162 -0.949813 0.097720 0.455891 0.763218 2 23 0.823000 22 0.177000
v_hands
  23 23.517340 -0.671555 36.747078 0.376040 -0.924977 -0.054877 0.458364 0.784316 1 23 1.000000
  23 23.604038 -0.489704 37.272118 0.842553 -0.487838 0.228296 0.448255 0.764748 1 23 1.000000
  23 23.371265 -0.699557 37.222775 0.297162 -0.949813 0.097720 0.455891 0.763218 2 23 0.823000 22 0.177000
v_hands
  23 23.746241 -0.473493 36.760784 0.856941 -0.505726 0.099467 0.449908 0.787345 1 23 1.000000
  23 23.604038 -0.489704 37.272118 0.842553 -0.487838 0.228296 0.448255 0.764748 1 23 1.000000
  23 23.517340 -0.671555 36.747078 0.376040 -0.924977 -0.054877 0.458364 0.784316 1 23 1.000000
v_hands
  23 23.360500 0.343823 36.656147 0.253128 0.963642 -0.085560 0.532787 0.777211 1 23 1.000000
  23 22.745981 0.219381 37.002110 -0.671343 0.740149 -0.038441 0.516888 0.763392 1 23 1.000000
  23 23.281151 0.336037 37.094669 0.270586 0.962517 0.018570 0.535649 0.761710 1 23 1.000000
v_hands
  23 23.360500 0.343823 36.656147 0.253128 0.963642 -0.085560 0.532787 0.777211 1 23 1.000000
  23 22.730310 0.158895 36.606258 -0.705683 0.685048 -0.180889 0.513593 0.779264 1 23 1.000000
  23 22.745981 0.219381 37.002110 -0.671343 0.740149 -0.038441 0.516888 0.763392 1 23 1.000000
v_hands
  23 22.730310 0.158895 36.606258 -0.705683 0.685048 -0.180889 0.513593 0.779264 1 23 1.000000
  23 22.606245 -0.192300 36.946796 -0.997161 -0.014662 -0.073855 0.499199 0.764817 1 23 1.000000
  23 22.745981 0.219381 37.002110 -0.671343 0.740149 -0.038441 0.516888 0.763392 1 23 1.000000
v_hands
  23 23.819752 -0.114810 36.816280 0.956202 0.266660 0.120709 0.553386 0.778067 1 23 1.000000
  23 23.281151 0.336037 37.094669 0.270586 0.962517 0.018570 0.535649 0.761710 1 23 1.000000
  23 23.680988 -0.070522 37.253468 0.925339 0.302973 0.227935 0.556040 0.762924 1 23 1.000000
v_hands
  23 23.819752 -0.114810 36.816280 0.956202 0.266660 0.120709 0.553386 0.778067 1 23 1.000000
  23 23.360500 0.343823 36.656147 0.253128 0.963642 -0.085560 0.532787 0.777211 1 23 1.000000
  23 23.281151 0.336037 37.094669 0.270586 0.962517 0.018570 0.535649 0.761710 1 23 1.000000
v_hands
  23 23.803892 -0.112383 36.320305 0.922744 0.372708 -0.098146 0.548220 0.791704 1 23 1.000000
  23 23.360500 0.343823 36.656147 0.253128 0.963642 -0.085560 0.532787 0.777211 1 23 1.000000
  23 23.819752 -0.114810 36.816280 0.956202 0.266660 0.120709 0.553386 0.778067 1 23 1.000000
v_hands
  23 23.803892 -0.112383 36.320305 0.922744 0.372708 -0.098146 0.548220 0.791704 1 23 1.000000
  23 23.418480 0.201457 36.129288 0.278362 0.924884 -0.259045 0.529940 0.795009 1 23 1.000000
  23 23.360500 0.343823 36.656147 0.253128 0.963642 -0.085560 0.532787 0.777211 1 23 1.000000
v_hands
  23 23.418480 0.201457 36.129288 0.278362 0.924884 -0.259045 0.529940 0.795009 1 23 1.000000
  23 22.730310 0.158895 36.606258 -0.705683 0.685048 -0.180889 0.513593 0.779264 1 23 1.000000
  23 23.360500 0.343823 36.656147 0.253128 0.963642 -0.085560 0.532787 0.777211 1 23 1.000000
v_hands
  23 23.418480 0.201457 36.129288 0.278362 0.924884 -0.259045 0.529940 0.795009 1 23 1.000000
  23 23.803892 -0.112383 36.320305 0.922744 0.372708 -0.098146 0.548220 0.791704 1 23 1.000000
  23 23.724745 -0.198038 35.775063 0.848448 0.394146 -0.353249 0.545444 0.814120 1 23 1.000000
v_hands
  23 23.418480 0.201457 36.129288 0.278362 0.924884 -0.259045 0.529940 0.795009 1 23 1.000000
  23 23.724745 -0.198038 35.775063 0.848448 0.394146 -0.353249 0.545444 0.814120 1 23 1.000000
  23 23.478540 -0.014869 35.610767 0.346779 0.662117 -0.664339 0.531870 0.814867 1 23 1.000000
v_hands
  23 22.866903 0.111795 36.114464 -0.649673 0.664697 -0.368921 0.513549 0.796610 1 23 1.000000
  23 22.647320 -0.185051 36.529778 -0.959640 -0.075136 -0.271009 0.497386 0.781099 1 23 1.000000
  23 22.730310 0.158895 36.606258 -0.705683 0.685048 -0.180889 0.513593 0.779264 1 23 1.000000
v_hands
  23 23.418480 0.201457 36.129288 0.278362 0.924884 -0.259045 0.529940 0.795009 1 23 1.000000
  23 22.866903 0.111795 36.114464 -0.649673 0.664697 -0.368921 0.513549 0.796610 1 23 1.000000
  23 22.730310 0.158895 36.606258 -0.705683 0.685048 -0.180889 0.513593 0.779264 1 23 1.000000
v_hands
  23 23.418480 0.201457 36.129288 0.278362 0.924884 -0.259045 0.529940 0.795009 1 23 1.000000
  23 23.065905 -0.039299 35.621517 -0.507133 0.549083 -0.664322 0.515782 0.813523 1 23 1.000000
  23 22.866903 0.111795 36.114464 -0.649673 0.664697 -0.368921 0.513549 0.796610 1 23 1.000000
v_hands
  23 23.418480 0.201457 36.129288 0.278362 0.924884 -0.259045 0.529940 0.795009 1 23 1.000000
  23 23.478540 -0.014869 35.610767 0.346779 0.662117 -0.664339 0.531870 0.814867 1 23 1.000000
  23 23.065905 -0.039299 35.621517 -0.507133 0.549083 -0.664322 0.515782 0.813523 1 23 1.000000
v_hands
  23 23.081144 -0.227081 35.550594 -0.560986 -0.111383 -0.820298 0.516153 0.822627 1 23 1.000000
  23 23.065905 -0.039299 35.621517 -0.507133 0.549083 -0.664322 0.515782 0.813523 1 23 1.000000
  23 23.478540 -0.014869 35.610767 0.346779 0.662117 -0.664339 0.531870 0.814867 1 23 1.000000
v_hands
  23 23.081144 -0.227081 35.550594 -0.560986 -0.111383 -0.820298 0.516153 0.822627 1 23 1.000000
  23 23.478540 -0.014869 35.610767 0.346779 0.662117 -0.664339 0.531870 0.814867 1 23 1.000000
  23 23.433348 -0.305524 35.489315 0.183392 -0.102320 -0.977700 0.531718 0.823637 1 23 1.000000
v_hands
  23 23.433348 -0.305524 35.489315 0.183392 -0.102320 -0.977700 0.531718 0.823637 1 23 1.000000
  23 23.478540 -0.014869 35.610767 0.346779 0.662117 -0.664339 0.531870 0.814867 1 23 1.000000
  23 23.724745 -0.198038 35.775063 0.848448 0.394146 -0.353249 0.545444 0.814120 1 23 1.000000
v_hands
  23 23.433348 -0.305524 35.489315 0.183392 -0.102320 -0.977700 0.531718 0.823637 1 23 1.000000
  23 23.724745 -0.198038 35.775063 0.848448 0.394146 -0.353249 0.545444 0.814120 1 23 1.000000
  23 23.725475 -0.340331 35.679585 0.817984 -0.119428 -0.562707 0.551834 0.819407 1 23 1.000000
v_hands
  23 23.803780 -0.416149 36.435822 0.917704 -0.397265 0.000833 0.563914 0.792620 1 23 1.000000
  23 23.725475 -0.340331 35.679585 0.817984 -0.119428 -0.562707 0.551834 0.819407 1 23 1.000000
  23 23.724745 -0.198038 35.775063 0.848448 0.394146 -0.353249 0.545444 0.814120 1 23 1.000000
v_hands
  23 23.803780 -0.416149 36.435822 0.917704 -0.397265 0.000833 0.563914 0.792620 1 23 1.000000
  23 23.724745 -0.198038 35.775063 0.848448 0.394146 -0.353249 0.545444 0.814120 1 23 1.000000
  23 23.803892 -0.112383 36.320305 0.922744 0.372708 -0.098146 0.548220 0.791704 1 23 1.000000
v_hands
  23 23.803892 -0.112383 36.320305 0.922744 0.372708 -0.098146 0.548220 0.791704 1 23 1.000000
  23 23.746241 -0.473493 36.760784 0.856941 -0.505726 0.099467 0.566917 0.782902 1 23 1.000000
  23 23.803780 -0.416149 36.435822 0.917704 -0.397265 0.000833 0.563914 0.792620 1 23 1.000000
v_hands
  23 23.803892 -0.112383 36.320305 0.922744 0.372708 -0.098146 0.548220 0.791704 1 23 1.000000
  23 23.819752 -0.114810 36.816280 0.956202 0.266660 0.120709 0.553386 0.778067 1 23 1.000000
  23 23.746241 -0.473493 36.760784 0.856941 -0.505726 0.099467 0.566917 0.782902 1 23 1.000000
v_hands
  23 23.819752 -0.114810 36.816280 0.956202 0.266660 0.120709 0.553386 0.778067 1 23 1.000000
  23 23.604038 -0.489704 37.272118 0.842553 -0.487838 0.228296 0.570424 0.767240 1 23 1.000000
  23 23.746241 -0.473493 36.760784 0.856941 -0.505726 0.099467 0.566917 0.782902 1 23 1.000000
v_hands
  23 23.819752 -0.114810 36.816280 0.956202 0.266660 0.120709 0.553386 0.778067 1 23 1.000000
  23 23.680988 -0.070522 37.253468 0.925339 0.302973 0.227935 0.556040 0.762924 1 23 1.000000
  23 23.604038 -0.489704 37.272118 0.842553 -0.487838 0.228296 0.570424 0.767240 1 23 1.000000
v_hands
  22 23.617102 -0.021784 37.484715 0.962781 0.252740 -0.095787 0.556262 0.753199 1 22 1.000000
  23 23.604038 -0.489704 37.272118 0.842553 -0.487838 0.228296 0.570424 0.767240 1 23 1.000000
  23 23.680988 -0.070522 37.253468 0.925339 0.302973 0.227935 0.556040 0.762924 1 23 1.000000
v_hands
  22 23.617102 -0.021784 37.484715 0.962781 0.252740 -0.095787 0.556262 0.753199 1 22 1.000000
  23 23.680988 -0.070522 37.253468 0.925339 0.302973 0.227935 0.556040 0.762924 1 23 1.000000
  23 23.281151 0.336037 37.094669 0.270586 0.962517 0.018570 0.535649 0.761710 1 23 1.000000
v_hands
  22 23.617102 -0.021784 37.484715 0.962781 0.252740 -0.095787 0.556262 0.753199 1 22 1.000000
  23 23.281151 0.336037 37.094669 0.270586 0.962517 0.018570 0.535649 0.761710 1 23 1.000000
  22 23.254156 0.354464 37.363815 0.339389 0.848451 -0.406135 0.536608 0.750697 1 22 1.000000
v_hands
  22 23.254156 0.354464 37.363815 0.339389 0.848451 -0.406135 0.536608 0.750697 1 22 1.000000
  23 23.281151 0.336037 37.094669 0.270586 0.962517 0.018570 0.535649 0.761710 1 23 1.000000
  23 22.745981 0.219381 37.002110 -0.671343 0.740149 -0.038441 0.516888 0.763392 1 23 1.000000
v_hands
  23 23.597351 -0.574240 36.395416 0.377576 -0.915896 -0.136271 0.458612 0.796905 1 23 1.000000
  23 23.803780 -0.416149 36.435822 0.917704 -0.397265 0.000833 0.451213 0.797409 1 23 1.000000
  23 23.746241 -0.473493 36.760784 0.856941 -0.505726 0.099467 0.449908 0.787345 1 23 1.000000
v_hands
  23 23.597351 -0.574240 36.395416 0.377576 -0.915896 -0.136271 0.458612 0.796905 1 23 1.000000
  23 23.746241 -0.473493 36.760784 0.856941 -0.505726 0.099467 0.449908 0.787345 1 23 1.000000
  23 23.517340 -0.671555 36.747078 0.376040 -0.924977 -0.054877 0.458364 0.784316 1 23 1.000000
v_hands
  23 23.208643 -0.560821 36.284302 -0.241576 -0.938322 -0.247370 0.475318 0.794926 1 23 1.000000
  23 23.597351 -0.574240 36.395416 0.377576 -0.915896 -0.136271 0.458612 0.796905 1 23 1.000000
  23 23.517340 -0.671555 36.747078 0.376040 -0.924977 -0.054877 0.458364 0.784316 1 23 1.000000
v_hands
  23 23.208643 -0.560821 36.284302 -0.241576 -0.938322 -0.247370 0.475318 0.794926 1 23 1.000000
  23 23.517340 -0.671555 36.747078 0.376040 -0.924977 -0.054877 0.458364 0.784316 1 23 1.000000
  23 23.097351 -0.691235 36.696815 -0.236682 -0.952419 -0.192043 0.472658 0.780371 1 23 1.000000
v_hands
  23 22.888197 -0.359741 36.241978 -0.687276 -0.632418 -0.357349 0.489016 0.793599 1 23 1.000000
  23 23.208643 -0.560821 36.284302 -0.241576 -0.938322 -0.247370 0.475318 0.794926 1 23 1.000000
  23 23.097351 -0.691235 36.696815 -0.236682 -0.952419 -0.192043 0.472658 0.780371 1 23 1.000000
v_hands
  23 22.888197 -0.359741 36.241978 -0.687276 -0.632418 -0.357349 0.489016 0.793599 1 23 1.000000
  23 23.097351 -0.691235 36.696815 -0.236682 -0.952419 -0.192043 0.472658 0.780371 1 23 1.000000
  23 22.738449 -0.452635 36.591824 -0.731203 -0.629888 -0.261885 0.486334 0.778907 1 23 1.000000
v_hands
  23 22.888197 -0.359741 36.241978 -0.687276 -0.632418 -0.357349 0.489016 0.793599 1 23 1.000000
  23 22.738449 -0.452635 36.591824 -0.731203 -0.629888 -0.261885 0.486334 0.778907 1 23 1.000000
  23 22.647320 -0.185051 36.529778 -0.959640 -0.075136 -0.271009 0.497386 0.781099 1 23 1.000000
v_hands
  23 22.888197 -0.359741 36.241978 -0.687276 -0.632418 -0.357349 0.489016 0.793599 1 23 1.000000
  23 22.647320 -0.185051 36.529778 -0.959640 -0.075136 -0.271009 0.497386 0.781099 1 23 1.000000
  23 22.813108 -0.165030 36.200005 -0.896046 -0.172658 -0.409012 0.499350 0.794759 1 23 1.000000
v_hands
  23 22.866903 0.111795 36.114464 -0.649673 0.664697 -0.368921 0.513549 0.796610 1 23 1.000000
  23 22.813108 -0.165030 36.200005 -0.896046 -0.172658 -0.409012 0.499350 0.794759 1 23 1.000000
  23 22.647320 -0.185051 36.529778 -0.959640 -0.075136 -0.271009 0.497386 0.781099 1 23 1.000000
v_hands
  23 23.065905 -0.039299 35.621517 -0.507133 0.549083 -0.664322 0.515782 0.813523 1 23 1.000000
  23 22.813108 -0.165030 36.200005 -0.896046 -0.172658 -0.409012 0.499350 0.794759 1 23 1.000000
  23 22.866903 0.111795 36.114464 -0.649673 0.664697 -0.368921 0.513549 0.796610 1 23 1.000000
v_hands
  23 23.065905 -0.039299 35.621517 -0.507133 0.549083 -0.664322 0.515782 0.813523 1 23 1.000000
  23 23.081144 -0.227081 35.550594 -0.560986 -0.111383 -0.820298 0.501950 0.818450 1 23 1.000000
  23 22.813108 -0.165030 36.200005 -0.896046 -0.172658 -0.409012 0.499350 0.794759 1 23 1.000000
v_hands
  23 22.813108 -0.165030 36.200005 -0.896046 -0.172658 -0.409012 0.499350 0.794759 1 23 1.000000
  23 23.081144 -0.227081 35.550594 -0.560986 -0.111383 -0.820298 0.501950 0.818450 1 23 1.000000
  23 23.099602 -0.371995 35.664814 -0.599351 -0.672873 -0.433613 0.488818 0.815964 1 23 1.000000
v_hands
  23 23.433348 -0.305524 35.489315 0.183392 -0.102320 -0.977700 0.478484 0.828690 1 23 1.000000
  23 23.099602 -0.371995 35.664814 -0.599351 -0.672873 -0.433613 0.488818 0.815964 1 23 1.000000
  23 23.081144 -0.227081 35.550594 -0.560986 -0.111383 -0.820298 0.501950 0.818450 1 23 1.000000
v_hands
  23 23.433348 -0.305524 35.489315 0.183392 -0.102320 -0.977700 0.478484 0.828690 1 23 1.000000
  23 23.365137 -0.481043 35.586010 -0.130331 -0.763681 -0.632301 0.477795 0.822819 1 23 1.000000
  23 23.099602 -0.371995 35.664814 -0.599351 -0.672873 -0.433613 0.488818 0.815964 1 23 1.000000
v_hands
  23 23.365137 -0.481043 35.586010 -0.130331 -0.763681 -0.632301 0.477795 0.822819 1 23 1.000000
  23 23.433348 -0.305524 35.489315 0.183392 -0.102320 -0.977700 0.478484 0.828690 1 23 1.000000
  23 23.725475 -0.340331 35.679585 0.817984 -0.119428 -0.562707 0.461690 0.824081 1 23 1.000000
v_hands
  23 23.365137 -0.481043 35.586010 -0.130331 -0.763681 -0.632301 0.477795 0.822819 1 23 1.000000
  23 23.725475 -0.340331 35.679585 0.817984 -0.119428 -0.562707 0.461690 0.824081 1 23 1.000000
  23 23.612656 -0.517296 35.718346 0.450851 -0.806112 -0.383298 0.466370 0.821919 1 23 1.000000
v_hands
  23 23.725475 -0.340331 35.679585 0.817984 -0.119428 -0.562707 0.461690 0.824081 1 23 1.000000
  23 23.597351 -0.574240 36.395416 0.377576 -0.915896 -0.136271 0.458612 0.796905 1 23 1.000000
  23 23.612656 -0.517296 35.718346 0.450851 -0.806112 -0.383298 0.466370 0.821919 1 23 1.000000
v_hands
  23 23.612656 -0.517296 35.718346 0.450851 -0.806112 -0.383298 0.466370 0.821919 1 23 1.000000
  23 23.597351 -0.574240 36.395416 0.377576 -0.915896 -0.136271 0.458612 0.796905 1 23 1.000000
  23 23.208643 -0.560821 36.284302 -0.241576 -0.938322 -0.247370 0.475318 0.794926 1 23 1.000000
v_hands
  23 23.612656 -0.517296 35.718346 0.450851 -0.806112 -0.383298 0.466370 0.821919 1 23 1.000000
  23 23.208643 -0.560821 36.284302 -0.241576 -0.938322 -0.247370 0.475318 0.794926 1 23 1.000000
  23 23.365137 -0.481043 35.586010 -0.130331 -0.763681 -0.632301 0.477795 0.822819 1 23 1.000000
v_hands
  23 22.888197 -0.359741 36.241978 -0.687276 -0.632418 -0.357349 0.489016 0.793599 1 23 1.000000
  23 23.365137 -0.481043 35.586010 -0.130331 -0.763681 -0.632301 0.477795 0.822819 1 23 1.000000
  23 23.208643 -0.560821 36.284302 -0.241576 -0.938322 -0.247370 0.475318 0.794926 1 23 1.000000
v_hands
  23 22.888197 -0.359741 36.241978 -0.687276 -0.632418 -0.357349 0.489016 0.793599 1 23 1.000000
  23 23.099602 -0.371995 35.664814 -0.599351 -0.672873 -0.433613 0.488818 0.815964 1 23 1.000000
  23 23.365137 -0.481043 35.586010 -0.130331 -0.763681 -0.632301 0.477795 0.822819 1 23 1.000000
v_hands
  23 22.813108 -0.165030 36.200005 -0.896046 -0.172658 -0.409012 0.499350 0.794759 1 23 1.000000
  23 23.099602 -0.371995 35.664814 -0.599351 -0.672873 -0.433613 0.488818 0.815964 1 23 1.000000
  23 22.888197 -0.359741 36.241978 -0.687276 -0.632418 -0.357349 0.489016 0.793599 1 23 1.000000
v_hands
  23 23.725475 -0.340331 35.679585 0.817984 -0.119428 -0.562707 0.461690 0.824081 1 23 1.000000
  23 23.803780 -0.416149 36.435822 0.917704 -0.397265 0.000833 0.451213 0.797409 1 23 1.000000
  23 23.597351 -0.574240 36.395416 0.377576 -0.915896 -0.136271 0.458612 0.796905 1 23 1.000000
v_hands
  37 -26.418020 1.116304 37.474598 -0.885014 -0.029863 0.464606 0.219065 0.872944 1 37 1.000000
  37 -25.949894 1.010654 38.282558 -0.757148 -0.449742 0.473770 0.216180 0.844045 2 37 0.544000 27 0.456000
  37 -25.974363 1.162385 38.305435 -0.842918 0.048065 0.535891 0.211429 0.844705 2 37 0.544000 27 0.456000
v_hands
  39 -26.584562 0.753155 34.845455 0.073069 -0.991425 -0.108335 0.254391 0.956025 1 39 1.000000
  39 -26.796162 0.843679 34.812599 -0.743165 -0.646942 -0.170797 0.246836 0.959434 1 39 1.000000
  39 -26.675081 0.882550 34.390705 -0.482417 -0.635279 -0.603071 0.248740 0.973659 1 39 1.000000
v_hands
  39 -26.796162 0.843679 34.812599 -0.743165 -0.646942 -0.170797 0.246836 0.959434 1 39 1.000000
  39 -26.584562 0.753155 34.845455 0.073069 -0.991425 -0.108335 0.254391 0.956025 1 39 1.000000
  38 -26.567755 0.743261 35.508499 0.072190 -0.995545 -0.060659 0.252256 0.934940 1 38 1.000000
v_hands
  39 -26.796162 0.843679 34.812599 -0.743165 -0.646942 -0.170797 0.246836 0.959434 1 39 1.000000
  38 -26.567755 0.743261 35.508499 0.072190 -0.995545 -0.060659 0.252256 0.934940 1 38 1.000000
  39 -26.879593 0.813191 35.385704 -0.715212 -0.696812 -0.054083 0.244416 0.940675 2 39 0.697000 38 0.303000
v_hands
  38 -26.872112 0.828326 35.650158 -0.736915 -0.671869 0.074486 0.241990 0.936449 2 38 0.838000 39 0.162000
  39 -26.879593 0.813191 35.385704 -0.715212 -0.696812 -0.054083 0.244416 0.940675 2 39 0.697000 38 0.303000
  38 -26.567755 0.743261 35.508499 0.072190 -0.995545 -0.060659 0.252256 0.934940 1 38 1.000000
v_hands
  38 -26.943211 1.126216 35.673290 -0.997514 -0.016514 0.068502 0.230528 0.937501 2 38 0.838000 39 0.162000
  39 -26.879593 0.813191 35.385704 -0.715212 -0.696812 -0.054083 0.244416 0.940675 2 39 0.697000 38 0.303000
  38 -26.872112 0.828326 35.650158 -0.736915 -0.671869 0.074486 0.241990 0.936449 2 38 0.838000 39 0.162000
v_hands
  38 -26.678658 0.764585 36.587570 -0.656448 -0.736303 0.164115 0.239252 0.899870 1 38 1.000000
  38 -26.943211 1.126216 35.673290 -0.997514 -0.016514 0.068502 0.230528 0.937501 2 38 0.838000 39 0.162000
  38 -26.872112 0.828326 35.650158 -0.736915 -0.671869 0.074486 0.241990 0.936449 2 38 0.838000 39 0.162000
v_hands
  38 -26.678658 0.764585 36.587570 -0.656448 -0.736303 0.164115 0.239252 0.899870 1 38 1.000000
  38 -26.839823 1.101262 36.581818 -0.965680 -0.151555 0.210936 0.226323 0.903808 1 38 1.000000
  38 -26.943211 1.126216 35.673290 -0.997514 -0.016514 0.068502 0.230528 0.937501 2 38 0.838000 39 0.162000
v_hands
  38 -26.708714 1.097714 36.929787 -0.878171 -0.169562 0.447286 0.224568 0.894288 2 38 0.502000 37 0.498000
  38 -26.839823 1.101262 36.581818 -0.965680 -0.151555 0.210936 0.226323 0.903808 1 38 1.000000
  38 -26.678658 0.764585 36.587570 -0.656448 -0.736303 0.164115 0.239252 0.899870 1 38 1.000000
v_hands
  38 -26.685036 1.452734 36.918098 -0.730655 0.555929 0.396340 0.211358 0.895922 2 38 0.502000 37 0.498000
  38 -26.839823 1.101262 36.581818 -0.965680 -0.151555 0.210936 0.226323 0.903808 1 38 1.000000
  38 -26.708714 1.097714 36.929787 -0.878171 -0.169562 0.447286 0.224568 0.894288 2 38 0.502000 37 0.498000
v_hands
  38 -26.708714 1.097714 36.929787 -0.878171 -0.169562 0.447286 0.224568 0.894288 2 38 0.502000 37 0.498000
  37 -26.159018 1.463030 37.596863 -0.933240 0.251024 0.257002 0.202190 0.864135 1 37 1.000000
  38 -26.685036 1.452734 36.918098 -0.730655 0.555929 0.396340 0.211358 0.895922 2 38 0.502000 37 0.498000
v_hands
  38 -26.708714 1.097714 36.929787 -0.878171 -0.169562 0.447286 0.224568 0.894288 2 38 0.502000 37 0.498000
  37 -26.418020 1.116304 37.474598 -0.885014 -0.029863 0.464606 0.219065 0.872944 1 37 1.000000
  37 -26.159018 1.463030 37.596863 -0.933240 0.251024 0.257002 0.202190 0.864135 1 37 1.000000
v_hands
  37 -26.418020 1.116304 37.474598 -0.885014 -0.029863 0.464606 0.219065 0.872944 1 37 1.000000
  37 -25.885519 1.555577 38.214611 -0.891273 -0.139257 0.431556 0.191674 0.846271 2 37 0.601000 27 0.399000
  37 -26.159018 1.463030 37.596863 -0.933240 0.251024 0.257002 0.202190 0.864135 1 37 1.000000
v_hands
  37 -25.885519 1.555577 38.214611 -0.891273 -0.139257 0.431556 0.191674 0.846271 2 37 0.601000 27 0.399000
  37 -26.418020 1.116304 37.474598 -0.885014 -0.029863 0.464606 0.219065 0.872944 1 37 1.000000
  37 -25.974363 1.162385 38.305435 -0.842918 0.048065 0.535891 0.211429 0.844705 2 37 0.544000 27 0.456000
v_hands
  37 -25.788574 1.162847 38.555782 -0.766421 0.016115 0.642136 0.210208 0.835528 2 37 0.532000 27 0.468000
  37 -25.885519 1.555577 38.214611 -0.891273 -0.139257 0.431556 0.191674 0.846271 2 37 0.601000 27 0.399000
  37 -25.974363 1.162385 38.305435 -0.842918 0.048065 0.535891 0.211429 0.844705 2 37 0.544000 27 0.456000
v_hands
  37 -25.974363 1.162385 38.305435 -0.842918 0.048065 0.535891 0.211429 0.844705 2 37 0.544000 27 0.456000
  37 -25.762287 1.003733 38.531315 -0.661622 -0.461101 0.591306 0.216049 0.834718 2 37 0.532000 27 0.468000
  37 -25.788574 1.162847 38.555782 -0.766421 0.016115 0.642136 0.210208 0.835528 2 37 0.532000 27 0.468000
v_hands
  37 -25.949894 1.010654 38.282558 -0.757148 -0.449742 0.473770 0.216180 0.844045 2 37 0.544000 27 0.456000
  37 -25.762287 1.003733 38.531315 -0.661622 -0.461101 0.591306 0.216049 0.834718 2 37 0.532000 27 0.468000
  37 -25.974363 1.162385 38.305435 -0.842918 0.048065 0.535891 0.211429 0.844705 2 37 0.544000 27 0.456000
v_hands
  37 -25.762287 1.003733 38.531315 -0.661622 -0.461101 0.591306 0.216049 0.834718 2 37 0.532000 27 0.468000
  37 -25.949894 1.010654 38.282558 -0.757148 -0.449742 0.473770 0.216180 0.844045 2 37 0.544000 27 0.456000
  37 -25.789406 0.701171 38.028408 -0.448240 -0.861425 0.238805 0.231754 0.845676 1 37 1.000000
v_hands
  37 -25.949894 1.010654 38.282558 -0.757148 -0.449742 0.473770 0.216180 0.844045 2 37 0.544000 27 0.456000
  37 -26.418020 1.116304 37.474598 -0.885014 -0.029863 0.464606 0.219065 0.872944 1 37 1.000000
  37 -25.789406 0.701171 38.028408 -0.448240 -0.861425 0.238805 0.231754 0.845676 1 37 1.000000
v_hands
  37 -25.789406 0.701171 38.028408 -0.448240 -0.861425 0.238805 0.231754 0.845676 1 37 1.000000
  37 -26.418020 1.116304 37.474598 -0.885014 -0.029863 0.464606 0.219065 0.872944 1 37 1.000000
  37 -26.209696 0.745953 37.431767 -0.531372 -0.790677 0.304095 0.235526 0.868616 1 37 1.000000
v_hands
  37 -26.209696 0.745953 37.431767 -0.531372 -0.790677 0.304095 0.235526 0.868616 1 37 1.000000
  37 -26.418020 1.116304 37.474598 -0.885014 -0.029863 0.464606 0.219065 0.872944 1 37 1.000000
  38 -26.708714 1.097714 36.929787 -0.878171 -0.169562 0.447286 0.224568 0.894288 2 38 0.502000 37 0.498000
v_hands
  37 -26.209696 0.745953 37.431767 -0.531372 -0.790677 0.304095 0.235526 0.868616 1 37 1.000000
  38 -26.708714 1.097714 36.929787 -0.878171 -0.169562 0.447286 0.224568 0.894288 2 38 0.502000 37 0.498000
  38 -26.574810 0.762269 36.816818 -0.577792 -0.758933 0.300295 0.236265 0.892938 2 38 0.502000 37 0.498000
v_hands
  38 -26.708714 1.097714 36.929787 -0.878171 -0.169562 0.447286 0.224568 0.894288 2 38 0.502000 37 0.498000
  38 -26.678658 0.764585 36.587570 -0.656448 -0.736303 0.164115 0.239252 0.899870 1 38 1.000000
  38 -26.574810 0.762269 36.816818 -0.577792 -0.758933 0.300295 0.236265 0.892938 2 38 0.502000 37 0.498000
v_hands
  38 -26.574810 0.762269 36.816818 -0.577792 -0.758933 0.300295 0.236265 0.892938 2 38 0.502000 37 0.498000
  38 -26.678658 0.764585 36.587570 -0.656448 -0.736303 0.164115 0.239252 0.899870 1 38 1.000000
  37 -26.289541 0.638978 36.552925 0.073755 -0.995314 -0.062535 0.250031 0.893623 1 37 1.000000
v_hands
  37 -26.289541 0.638978 36.552925 0.073755 -0.995314 -0.062535 0.250031 0.893623 1 37 1.000000
  38 -26.678658 0.764585 36.587570 -0.656448 -0.736303 0.164115 0.239252 0.899870 1 38 1.000000
  38 -26.872112 0.828326 35.650158 -0.736915 -0.671869 0.074486 0.241990 0.936449 2 38 0.838000 39 0.162000
v_hands
  37 -26.289541 0.638978 36.552925 0.073755 -0.995314 -0.062535 0.250031 0.893623 1 37 1.000000
  38 -26.872112 0.828326 35.650158 -0.736915 -0.671869 0.074486 0.241990 0.936449 2 38 0.838000 39 0.162000
  38 -26.567755 0.743261 35.508499 0.072190 -0.995545 -0.060659 0.252256 0.934940 1 38 1.000000
v_hands
  27 -25.155556 0.675472 38.665764 -0.377726 -0.874047 0.305557 0.233329 0.822099 1 27 1.000000
  37 -25.762287 1.003733 38.531315 -0.661622 -0.461101 0.591306 0.216049 0.834718 2 37 0.532000 27 0.468000
  27 -25.591549 0.672465 38.268703 -0.374613 -0.880616 0.290138 0.231161 0.837892 2 27 0.640000 37 0.360000
v_hands
  37 -25.762287 1.003733 38.531315 -0.661622 -0.461101 0.591306 0.216049 0.834718 2 37 0.532000 27 0.468000
  37 -25.789406 0.701171 38.028408 -0.448240 -0.861425 0.238805 0.231754 0.845676 1 37 1.000000
  27 -25.591549 0.672465 38.268703 -0.374613 -0.880616 0.290138 0.231161 0.837892 2 27 0.640000 37 0.360000
v_hands
  37 -25.823605 0.645356 37.172943 0.145247 -0.976156 -0.161316 0.249771 0.864844 1 37 1.000000
  38 -26.574810 0.762269 36.816818 -0.577792 -0.758933 0.300295 0.236265 0.892938 2 38 0.502000 37 0.498000
  37 -26.289541 0.638978 36.552925 0.073755 -0.995314 -0.062535 0.250031 0.893623 1 37 1.000000
v_hands
  37 -25.823605 0.645356 37.172943 0.145247 -0.976156 -0.161316 0.249771 0.864844 1 37 1.000000
  37 -26.209696 0.745953 37.431767 -0.531372 -0.790677 0.304095 0.235526 0.868616 1 37 1.000000
  38 -26.574810 0.762269 36.816818 -0.577792 -0.758933 0.300295 0.236265 0.892938 2 38 0.502000 37 0.498000
v_hands
  37 -25.789406 0.701171 38.028408 -0.448240 -0.861425 0.238805 0.231754 0.845676 1 37 1.000000
  37 -26.209696 0.745953 37.431767 -0.531372 -0.790677 0.304095 0.235526 0.868616 1 37 1.000000
  37 -25.823605 0.645356 37.172943 0.145247 -0.976156 -0.161316 0.249771 0.864844 1 37 1.000000
v_hands
  37 -25.789406 0.701171 38.028408 -0.448240 -0.861425 0.238805 0.231754 0.845676 1 37 1.000000
  37 -25.823605 0.645356 37.172943 0.145247 -0.976156 -0.161316 0.249771 0.864844 1 37 1.000000
  37 -25.379309 0.631546 37.672241 0.045340 -0.983890 -0.172929 0.249316 0.845634 1 37 1.000000
v_hands
  37 -25.212446 0.607818 37.814369 0.064683 -0.982823 -0.172843 0.249295 0.839929 2 37 0.679000 27 0.321000
  37 -25.789406 0.701171 38.028408 -0.448240 -0.861425 0.238805 0.231754 0.845676 1 37 1.000000
  37 -25.379309 0.631546 37.672241 0.045340 -0.983890 -0.172929 0.249316 0.845634 1 37 1.000000
v_hands
  37 -25.212446 0.607818 37.814369 0.064683 -0.982823 -0.172843 0.249295 0.839929 2 37 0.679000 27 0.321000
  27 -25.591549 0.672465 38.268703 -0.374613 -0.880616 0.290138 0.231161 0.837892 2 27 0.640000 37 0.360000
  37 -25.789406 0.701171 38.028408 -0.448240 -0.861425 0.238805 0.231754 0.845676 1 37 1.000000
v_hands
  27 -25.591549 0.672465 38.268703 -0.374613 -0.880616 0.290138 0.231161 0.837892 2 27 0.640000 37 0.360000
  37 -25.212446 0.607818 37.814369 0.064683 -0.982823 -0.172843 0.249295 0.839929 2 37 0.679000 27 0.321000
  27 -24.829739 0.579317 38.197021 -0.097653 -0.964253 -0.246334 0.249689 0.827069 1 27 1.000000
v_hands
  27 -25.591549 0.672465 38.268703 -0.374613 -0.880616 0.290138 0.231161 0.837892 2 27 0.640000 37 0.360000
  27 -24.829739 0.579317 38.197021 -0.097653 -0.964253 -0.246334 0.249689 0.827069 1 27 1.000000
  27 -25.155556 0.675472 38.665764 -0.377726 -0.874047 0.305557 0.233329 0.822099 1 27 1.000000
v_hands
  27 -24.829739 0.579317 38.197021 -0.097653 -0.964253 -0.246334 0.249689 0.827069 1 27 1.000000
  27 -24.290930 0.329935 38.499962 -0.441628 -0.896892 -0.023443 0.258752 0.812198 2 27 0.751000 40 0.249000
  27 -25.155556 0.675472 38.665764 -0.377726 -0.874047 0.305557 0.233329 0.822099 1 27 1.000000
v_hands
  27 -25.155556 0.675472 38.665764 -0.377726 -0.874047 0.305557 0.233329 0.822099 1 27 1.000000
  27 -24.290930 0.329935 38.499962 -0.441628 -0.896892 -0.023443 0.258752 0.812198 2 27 0.751000 40 0.249000
  27 -24.021236 0.373110 39.092422 -0.466377 -0.827304 0.313146 0.254570 0.791277 1 27 1.000000
v_hands
  27 -24.829739 0.579317 38.197021 -0.097653 -0.964253 -0.246334 0.249689 0.827069 1 27 1.000000
  27 -24.301851 0.414848 38.238487 -0.290905 -0.781700 -0.551652 0.265518 0.819803 2 27 0.751000 40 0.249000
  27 -24.290930 0.329935 38.499962 -0.441628 -0.896892 -0.023443 0.258752 0.812198 2 27 0.751000 40 0.249000
v_hands
  27 -23.397018 0.364955 39.964775 -0.228457 -0.848496 0.477348 0.261614 0.757202 1 27 1.000000
  27 -23.290974 0.967731 40.785263 -0.358884 -0.743953 0.563681 0.230093 0.734608 2 27 0.697000 26 0.303000
  27 -23.731691 0.646129 40.272152 -0.450425 -0.698346 0.556265 0.235696 0.757629 1 27 1.000000
v_hands
  27 -24.021236 0.373110 39.092422 -0.466377 -0.827304 0.313146 0.254570 0.791277 1 27 1.000000
  27 -23.397018 0.364955 39.964775 -0.228457 -0.848496 0.477348 0.261614 0.757202 1 27 1.000000
  27 -23.731691 0.646129 40.272152 -0.450425 -0.698346 0.556265 0.235696 0.757629 1 27 1.000000
v_hands
  27 -24.021236 0.373110 39.092422 -0.466377 -0.827304 0.313146 0.254570 0.791277 1 27 1.000000
  27 -23.731691 0.646129 40.272152 -0.450425 -0.698346 0.556265 0.235696 0.757629 1 27 1.000000
  27 -24.487375 0.649685 39.293694 -0.503650 -0.724566 0.470468 0.237168 0.796272 1 27 1.000000
v_hands
  27 -25.155556 0.675472 38.665764 -0.377726 -0.874047 0.305557 0.233329 0.822099 1 27 1.000000
  27 -24.021236 0.373110 39.092422 -0.466377 -0.827304 0.313146 0.254570 0.791277 1 27 1.000000
  27 -24.487375 0.649685 39.293694 -0.503650 -0.724566 0.470468 0.237168 0.796272 1 27 1.000000
v_hands
  27 -24.487375 0.649685 39.293694 -0.503650 -0.724566 0.470468 0.237168 0.796272 1 27 1.000000
  27 -25.228970 0.852071 38.886410 -0.534688 -0.602029 0.593018 0.223306 0.817703 1 27 1.000000
  27 -25.155556 0.675472 38.665764 -0.377726 -0.874047 0.305557 0.233329 0.822099 1 27 1.000000
v_hands
  27 -25.155556 0.675472 38.665764 -0.377726 -0.874047 0.305557 0.233329 0.822099 1 27 1.000000
  27 -25.228970 0.852071 38.886410 -0.534688 -0.602029 0.593018 0.223306 0.817703 1 27 1.000000
  37 -25.762287 1.003733 38.531315 -0.661622 -0.461101 0.591306 0.216049 0.834718 2 37 0.532000 27 0.468000
v_hands
  37 -25.762287 1.003733 38.531315 -0.661622 -0.461101 0.591306 0.216049 0.834718 2 37 0.532000 27 0.468000
  27 -25.228970 0.852071 38.886410 -0.534688 -0.602029 0.593018 0.223306 0.817703 1 27 1.000000
  27 -24.893288 1.414508 39.490871 -0.686553 -0.293701 0.665120 0.196418 0.796736 1 27 1.000000
v_hands
  37 -25.762287 1.003733 38.531315 -0.661622 -0.461101 0.591306 0.216049 0.834718 2 37 0.532000 27 0.468000
  27 -24.893288 1.414508 39.490871 -0.686553 -0.293701 0.665120 0.196418 0.796736 1 27 1.000000
  37 -25.788574 1.162847 38.555782 -0.766421 0.016115 0.642136 0.210208 0.835528 2 37 0.532000 27 0.468000
v_hands
  27 -25.731470 1.508532 38.471478 -0.819104 -0.151946 0.553156 0.194095 0.837957 2 27 0.652000 37 0.348000
  37 -25.788574 1.162847 38.555782 -0.766421 0.016115 0.642136 0.210208 0.835528 2 37 0.532000 27 0.468000
  27 -24.893288 1.414508 39.490871 -0.686553 -0.293701 0.665120 0.196418 0.796736 1 27 1.000000
v_hands
  37 -25.788574 1.162847 38.555782 -0.766421 0.016115 0.642136 0.210208 0.835528 2 37 0.532000 27 0.468000
  27 -25.731470 1.508532 38.471478 -0.819104 -0.151946 0.553156 0.194095 0.837957 2 27 0.652000 37 0.348000
  37 -25.885519 1.555577 38.214611 -0.891273 -0.139257 0.431556 0.191674 0.846271 2 37 0.601000 27 0.399000
v_hands
  27 -25.916710 1.858291 38.620052 -0.785925 -0.281885 0.550330 0.182682 0.836933 2 27 0.574000 34 0.426000
  37 -25.885519 1.555577 38.214611 -0.891273 -0.139257 0.431556 0.191674 0.846271 2 37 0.601000 27 0.399000
  27 -25.731470 1.508532 38.471478 -0.819104 -0.151946 0.553156 0.194095 0.837957 2 27 0.652000 37 0.348000
v_hands
  27 -25.916710 1.858291 38.620052 -0.785925 -0.281885 0.550330 0.182682 0.836933 2 27 0.574000 34 0.426000
  34 -26.062565 1.887011 38.358067 -0.877922 -0.292849 0.378803 0.181912 0.846240 2 34 0.610000 27 0.390000
  37 -25.885519 1.555577 38.214611 -0.891273 -0.139257 0.431556 0.191674 0.846271 2 37 0.601000 27 0.399000
v_hands
  34 -26.062565 1.887011 38.358067 -0.877922 -0.292849 0.378803 0.181912 0.846240 2 34 0.610000 27 0.390000
  27 -25.916710 1.858291 38.620052 -0.785925 -0.281885 0.550330 0.182682 0.836933 2 27 0.574000 34 0.426000
  34 -26.059490 2.150333 38.367584 -0.864608 0.307396 0.397442 0.173584 0.846070 2 34 0.610000 27 0.390000
v_hands
  34 -26.404261 2.065410 37.530449 -0.879962 0.038633 0.473471 0.179196 0.872591 2 34 0.835000 27 0.165000
  34 -26.062565 1.887011 38.358067 -0.877922 -0.292849 0.378803 0.181912 0.846240 2 34 0.610000 27 0.390000
  34 -26.059490 2.150333 38.367584 -0.864608 0.307396 0.397442 0.173584 0.846070 2 34 0.610000 27 0.390000
v_hands
  27 -25.845432 2.493979 38.219196 -0.908538 0.158784 0.386453 0.163038 0.846158 2 27 0.920460 31 0.079540
  34 -26.404261 2.065410 37.530449 -0.879962 0.038633 0.473471 0.179196 0.872591 2 34 0.835000 27 0.165000
  34 -26.059490 2.150333 38.367584 -0.864608 0.307396 0.397442 0.173584 0.846070 2 34 0.610000 27 0.390000
v_hands
  34 -26.404261 2.065410 37.530449 -0.879962 0.038633 0.473471 0.179196 0.872591 2 34 0.835000 27 0.165000
  27 -25.845432 2.493979 38.219196 -0.908538 0.158784 0.386453 0.163038 0.846158 2 27 0.920460 31 0.079540
  34 -26.210323 2.399978 37.608276 -0.849804 0.403584 0.339047 0.165016 0.865892 1 34 1.000000
v_hands
  34 -26.210323 2.399978 37.608276 -0.849804 0.403584 0.339047 0.165016 0.865892 1 34 1.000000
  27 -25.845432 2.493979 38.219196 -0.908538 0.158784 0.386453 0.163038 0.846158 2 27 0.920460 31 0.079540
  31 -26.172251 2.665362 37.549213 -0.950092 -0.189917 0.247502 0.156935 0.869252 1 31 1.000000
v_hands
  34 -26.022846 2.525981 37.038795 -0.313004 0.806591 -0.501437 0.162685 0.875415 1 34 1.000000
  34 -26.210323 2.399978 37.608276 -0.849804 0.403584 0.339047 0.165016 0.865892 1 34 1.000000
  31 -26.172251 2.665362 37.549213 -0.950092 -0.189917 0.247502 0.156935 0.869252 1 31 1.000000
v_hands
  27 -24.893288 1.414508 39.490871 -0.686553 -0.293701 0.665120 0.196418 0.796736 1 27 1.000000
  27 -25.916710 1.858291 38.620052 -0.785925 -0.281885 0.550330 0.182682 0.836933 2 27 0.574000 34 0.426000
  27 -25.731470 1.508532 38.471478 -0.819104 -0.151946 0.553156 0.194095 0.837957 2 27 0.652000 37 0.348000
v_hands
  27 -23.731691 0.646129 40.272152 -0.450425 -0.698346 0.556265 0.235696 0.757629 1 27 1.000000
  27 -23.989023 1.417239 40.503357 -0.735233 -0.321704 0.596606 0.195700 0.759308 2 27 0.919000 26 0.081000
  27 -24.893288 1.414508 39.490871 -0.686553 -0.293701 0.665120 0.196418 0.796736 1 27 1.000000
v_hands
  27 -23.731691 0.646129 40.272152 -0.450425 -0.698346 0.556265 0.235696 0.757629 1 27 1.000000
  27 -24.893288 1.414508 39.490871 -0.686553 -0.293701 0.665120 0.196418 0.796736 1 27 1.000000
  27 -24.487375 0.649685 39.293694 -0.503650 -0.724566 0.470468 0.237168 0.796272 1 27 1.000000
v_hands
  27 -24.893288 1.414508 39.490871 -0.686553 -0.293701 0.665120 0.196418 0.796736 1 27 1.000000
  27 -25.228970 0.852071 38.886410 -0.534688 -0.602029 0.593018 0.223306 0.817703 1 27 1.000000
  27 -24.487375 0.649685 39.293694 -0.503650 -0.724566 0.470468 0.237168 0.796272 1 27 1.000000
v_hands
  34 -26.210323 2.399978 37.608276 -0.849804 0.403584 0.339047 0.165016 0.865892 1 34 1.000000
  34 -26.022846 2.525981 37.038795 -0.313004 0.806591 -0.501437 0.162685 0.875415 1 34 1.000000
  34 -26.469757 2.532977 36.666286 -0.082207 0.996491 -0.015749 0.161686 0.900105 1 34 1.000000
v_hands
  27 -25.788782 2.802337 38.547974 -0.837163 -0.073311 0.542019 0.152777 0.836056 2 27 0.829000 31 0.171000
  27 -25.845432 2.493979 38.219196 -0.908538 0.158784 0.386453 0.163038 0.846158 2 27 0.920460 31 0.079540
  27 -25.729881 2.501816 38.482506 -0.856150 0.151534 0.494009 0.162316 0.836799 1 27 1.000000
v_hands
  34 -26.059490 2.150333 38.367584 -0.864608 0.307396 0.397442 0.173584 0.846070 2 34 0.610000 27 0.390000
  27 -25.729881 2.501816 38.482506 -0.856150 0.151534 0.494009 0.162316 0.836799 1 27 1.000000
  27 -25.845432 2.493979 38.219196 -0.908538 0.158784 0.386453 0.163038 0.846158 2 27 0.920460 31 0.079540
v_hands
  34 -26.059490 2.150333 38.367584 -0.864608 0.307396 0.397442 0.173584 0.846070 2 34 0.610000 27 0.390000
  27 -25.910454 2.143319 38.632381 -0.777827 0.259563 0.572374 0.173666 0.836228 2 27 0.574000 34 0.426000
  27 -25.729881 2.501816 38.482506 -0.856150 0.151534 0.494009 0.162316 0.836799 1 27 1.000000
v_hands
  34 -26.059490 2.150333 38.367584 -0.864608 0.307396 0.397442 0.173584 0.846070 2 34 0.610000 27 0.390000
  27 -25.916710 1.858291 38.620052 -0.785925 -0.281885 0.550330 0.182682 0.836933 2 27 0.574000 34 0.426000
  27 -25.910454 2.143319 38.632381 -0.777827 0.259563 0.572374 0.173666 0.836228 2 27 0.574000 34 0.426000
v_hands
  27 -24.943806 2.354678 39.606071 -0.746977 0.043458 0.663428 0.166674 0.800085 1 27 1.000000
  27 -25.910454 2.143319 38.632381 -0.777827 0.259563 0.572374 0.173666 0.836228 2 27 0.574000 34 0.426000
  27 -25.916710 1.858291 38.620052 -0.785925 -0.281885 0.550330 0.182682 0.836933 2 27 0.574000 34 0.426000
v_hands
  27 -24.943806 2.354678 39.606071 -0.746977 0.043458 0.663428 0.166674 0.800085 1 27 1.000000
  27 -25.916710 1.858291 38.620052 -0.785925 -0.281885 0.550330 0.182682 0.836933 2 27 0.574000 34 0.426000
  27 -24.893288 1.414508 39.490871 -0.686553 -0.293701 0.665120 0.196418 0.796736 1 27 1.000000
v_hands
  27 -24.893288 1.414508 39.490871 -0.686553 -0.293701 0.665120 0.196418 0.796736 1 27 1.000000
  27 -24.083420 2.163169 40.652233 -0.795959 -0.066368 0.601701 0.172097 0.758010 2 27 0.919000 26 0.081000
  27 -24.943806 2.354678 39.606071 -0.746977 0.043458 0.663428 0.166674 0.800085 1 27 1.000000
v_hands
  27 -24.893288 1.414508 39.490871 -0.686553 -0.293701 0.665120 0.196418 0.796736 1 27 1.000000
  27 -23.989023 1.417239 40.503357 -0.735233 -0.321704 0.596606 0.195700 0.759308 2 27 0.919000 26 0.081000
  27 -24.083420 2.163169 40.652233 -0.795959 -0.066368 0.601701 0.172097 0.758010 2 27 0.919000 26 0.081000
v_hands
  27 -23.989023 1.417239 40.503357 -0.735233 -0.321704 0.596606 0.195700 0.759308 2 27 0.919000 26 0.081000
  27 -23.753265 2.109506 41.124062 -0.805097 -0.074208 0.588483 0.173527 0.739864 2 27 0.594439 26 0.405561
  27 -24.083420 2.163169 40.652233 -0.795959 -0.066368 0.601701 0.172097 0.758010 2 27 0.919000 26 0.081000
v_hands
  27 -23.989023 1.417239 40.503357 -0.735233 -0.321704 0.596606 0.195700 0.759308 2 27 0.919000 26 0.081000
  27 -23.628696 1.433416 40.994286 -0.708290 -0.434838 0.556094 0.194906 0.740117 2 27 0.559000 26 0.441000
  27 -23.753265 2.109506 41.124062 -0.805097 -0.074208 0.588483 0.173527 0.739864 2 27 0.594439 26 0.405561
v_hands
  27 -23.731691 0.646129 40.272152 -0.450425 -0.698346 0.556265 0.235696 0.757629 1 27 1.000000
  27 -23.628696 1.433416 40.994286 -0.708290 -0.434838 0.556094 0.194906 0.740117 2 27 0.559000 26 0.441000
  27 -23.989023 1.417239 40.503357 -0.735233 -0.321704 0.596606 0.195700 0.759308 2 27 0.919000 26 0.081000
v_hands
  27 -23.628696 1.433416 40.994286 -0.708290 -0.434838 0.556094 0.194906 0.740117 2 27 0.559000 26 0.441000
  27 -23.731691 0.646129 40.272152 -0.450425 -0.698346 0.556265 0.235696 0.757629 1 27 1.000000
  27 -23.290974 0.967731 40.785263 -0.358884 -0.743953 0.563681 0.230093 0.734608 2 27 0.697000 26 0.303000
v_hands
  27 -25.910454 2.143319 38.632381 -0.777827 0.259563 0.572374 0.173666 0.836228 2 27 0.574000 34 0.426000
  27 -24.943806 2.354678 39.606071 -0.746977 0.043458 0.663428 0.166674 0.800085 1 27 1.000000
  27 -25.729881 2.501816 38.482506 -0.856150 0.151534 0.494009 0.162316 0.836799 1 27 1.000000
v_hands
  27 -24.083420 2.163169 40.652233 -0.795959 -0.066368 0.601701 0.172097 0.758010 2 27 0.919000 26 0.081000
  27 -24.771088 3.124191 39.601780 -0.750499 0.230092 0.619523 0.142299 0.797828 1 27 1.000000
  27 -24.943806 2.354678 39.606071 -0.746977 0.043458 0.663428 0.166674 0.800085 1 27 1.000000
v_hands
  27 -24.083420 2.163169 40.652233 -0.795959 -0.066368 0.601701 0.172097 0.758010 2 27 0.919000 26 0.081000
  27 -23.994692 3.199633 40.732574 -0.742837 0.287988 0.604365 0.139279 0.754740 2 27 0.853000 26 0.147000
  27 -24.771088 3.124191 39.601780 -0.750499 0.230092 0.619523 0.142299 0.797828 1 27 1.000000
v_hands
  27 -23.646839 3.226378 41.113972 -0.752983 0.330273 0.569154 0.138193 0.738444 2 27 0.556721 26 0.443279
  27 -23.994692 3.199633 40.732574 -0.742837 0.287988 0.604365 0.139279 0.754740 2 27 0.853000 26 0.147000
  27 -24.083420 2.163169 40.652233 -0.795959 -0.066368 0.601701 0.172097 0.758010 2 27 0.919000 26 0.081000
v_hands
  27 -23.646839 3.226378 41.113972 -0.752983 0.330273 0.569154 0.138193 0.738444 2 27 0.556721 26 0.443279
  27 -24.083420 2.163169 40.652233 -0.795959 -0.066368 0.601701 0.172097 0.758010 2 27 0.919000 26 0.081000
  27 -23.753265 2.109506 41.124062 -0.805097 -0.074208 0.588483 0.173527 0.739864 2 27 0.594439 26 0.405561
v_hands
  26 -22.155621 3.924250 41.462906 0.203605 0.976163 -0.075175 0.075075 0.708202 1 26 1.000000
  26 -21.616802 3.650355 41.202515 0.464080 0.735700 -0.493330 0.044389 0.700194 1 26 1.000000
  26 -21.944233 3.649546 40.828316 0.593989 0.725406 -0.347797 0.044794 0.715907 1 26 1.000000
v_hands
  26 -22.155621 3.924250 41.462906 0.203605 0.976163 -0.075175 0.075075 0.708202 1 26 1.000000
  26 -21.944233 3.649546 40.828316 0.593989 0.725406 -0.347797 0.044794 0.715907 1 26 1.000000
  26 -22.331350 3.890818 41.205193 0.088629 0.968165 -0.234096 0.074471 0.714706 2 26 0.934000 27 0.066000
v_hands
  26 -22.331350 3.890818 41.205193 0.088629 0.968165 -0.234096 0.074471 0.714706 2 26 0.934000 27 0.066000
  26 -22.567249 3.943045 41.871201 -0.175863 0.946390 0.270958 0.097574 0.701510 1 26 1.000000
  26 -22.155621 3.924250 41.462906 0.203605 0.976163 -0.075175 0.075075 0.708202 1 26 1.000000
v_hands
  26 -22.331350 3.890818 41.205193 0.088629 0.968165 -0.234096 0.074471 0.714706 2 26 0.934000 27 0.066000
  26 -22.780439 3.899753 41.515305 -0.347756 0.937174 0.027774 0.097276 0.714029 2 26 0.934000 27 0.066000
  26 -22.567249 3.943045 41.871201 -0.175863 0.946390 0.270958 0.097574 0.701510 1 26 1.000000
v_hands
  26 -22.780439 3.899753 41.515305 -0.347756 0.937174 0.027774 0.097276 0.714029 2 26 0.934000 27 0.066000
  26 -22.907249 3.612671 42.099815 -0.609356 0.487825 0.625070 0.125458 0.703027 1 26 1.000000
  26 -22.567249 3.943045 41.871201 -0.175863 0.946390 0.270958 0.097574 0.701510 1 26 1.000000
v_hands
  26 -22.780439 3.899753 41.515305 -0.347756 0.937174 0.027774 0.097276 0.714029 2 26 0.934000 27 0.066000
  26 -23.137680 3.601016 41.740986 -0.784709 0.528811 0.323403 0.124935 0.714654 1 26 1.000000
  26 -22.907249 3.612671 42.099815 -0.609356 0.487825 0.625070 0.125458 0.703027 1 26 1.000000
v_hands
  26 -23.137680 3.601016 41.740986 -0.784709 0.528811 0.323403 0.124935 0.714654 1 26 1.000000
  26 -22.780439 3.899753 41.515305 -0.347756 0.937174 0.027774 0.097276 0.714029 2 26 0.934000 27 0.066000
  26 -22.910498 3.831680 41.253777 -0.302708 0.948204 0.096319 0.097706 0.721945 2 26 0.901000 27 0.099000
v_hands
  26 -23.137680 3.601016 41.740986 -0.784709 0.528811 0.323403 0.124935 0.714654 1 26 1.000000
  26 -22.910498 3.831680 41.253777 -0.302708 0.948204 0.096319 0.097706 0.721945 2 26 0.901000 27 0.099000
  26 -23.225208 3.557520 41.499073 -0.761330 0.567669 0.313255 0.124690 0.722075 1 26 1.000000
v_hands
  27 -23.120075 3.853240 40.958466 -0.341820 0.860994 0.376627 0.099816 0.731920 2 27 0.607000 26 0.393000
  26 -23.225208 3.557520 41.499073 -0.761330 0.567669 0.313255 0.124690 0.722075 1 26 1.000000
  26 -22.910498 3.831680 41.253777 -0.302708 0.948204 0.096319 0.097706 0.721945 2 26 0.901000 27 0.099000
v_hands
  27 -23.646839 3.226378 41.113972 -0.752983 0.330273 0.569154 0.138193 0.738444 2 27 0.556721 26 0.443279
  26 -23.225208 3.557520 41.499073 -0.761330 0.567669 0.313255 0.124690 0.722075 1 26 1.000000
  27 -23.120075 3.853240 40.958466 -0.341820 0.860994 0.376627 0.099816 0.731920 2 27 0.607000 26 0.393000
v_hands
  27 -23.523199 3.996615 40.421677 -0.440842 0.740937 0.506627 0.099267 0.753878 1 27 1.000000
  27 -23.646839 3.226378 41.113972 -0.752983 0.330273 0.569154 0.138193 0.738444 2 27 0.556721 26 0.443279
  27 -23.120075 3.853240 40.958466 -0.341820 0.860994 0.376627 0.099816 0.731920 2 27 0.607000 26 0.393000
v_hands
  27 -23.994692 3.199633 40.732574 -0.742837 0.287988 0.604365 0.139279 0.754740 2 27 0.853000 26 0.147000
  27 -23.646839 3.226378 41.113972 -0.752983 0.330273 0.569154 0.138193 0.738444 2 27 0.556721 26 0.443279
  27 -23.523199 3.996615 40.421677 -0.440842 0.740937 0.506627 0.099267 0.753878 1 27 1.000000
v_hands
  27 -24.515163 3.718953 39.597691 -0.676094 0.509920 0.531863 0.123422 0.792956 1 27 1.000000
  27 -23.994692 3.199633 40.732574 -0.742837 0.287988 0.604365 0.139279 0.754740 2 27 0.853000 26 0.147000
  27 -23.523199 3.996615 40.421677 -0.440842 0.740937 0.506627 0.099267 0.753878 1 27 1.000000
v_hands
  27 -23.994692 3.199633 40.732574 -0.742837 0.287988 0.604365 0.139279 0.754740 2 27 0.853000 26 0.147000
  27 -24.515163 3.718953 39.597691 -0.676094 0.509920 0.531863 0.123422 0.792956 1 27 1.000000
  27 -24.771088 3.124191 39.601780 -0.750499 0.230092 0.619523 0.142299 0.797828 1 27 1.000000
v_hands
  27 -24.771088 3.124191 39.601780 -0.750499 0.230092 0.619523 0.142299 0.797828 1 27 1.000000
  27 -24.515163 3.718953 39.597691 -0.676094 0.509920 0.531863 0.123422 0.792956 1 27 1.000000
  27 -25.747660 3.107167 38.548717 -0.761804 0.416061 0.496536 0.143067 0.835106 2 27 0.829000 31 0.171000
v_hands
  27 -25.747660 3.107167 38.548717 -0.761804 0.416061 0.496536 0.143067 0.835106 2 27 0.829000 31 0.171000
  27 -24.943806 2.354678 39.606071 -0.746977 0.043458 0.663428 0.166674 0.800085 1 27 1.000000
  27 -24.771088 3.124191 39.601780 -0.750499 0.230092 0.619523 0.142299 0.797828 1 27 1.000000
v_hands
  27 -25.747660 3.107167 38.548717 -0.761804 0.416061 0.496536 0.143067 0.835106 2 27 0.829000 31 0.171000
  27 -25.788782 2.802337 38.547974 -0.837163 -0.073311 0.542019 0.152777 0.836056 2 27 0.829000 31 0.171000
  27 -24.943806 2.354678 39.606071 -0.746977 0.043458 0.663428 0.166674 0.800085 1 27 1.000000
v_hands
  27 -24.943806 2.354678 39.606071 -0.746977 0.043458 0.663428 0.166674 0.800085 1 27 1.000000
  27 -25.788782 2.802337 38.547974 -0.837163 -0.073311 0.542019 0.152777 0.836056 2 27 0.829000 31 0.171000
  27 -25.729881 2.501816 38.482506 -0.856150 0.151534 0.494009 0.162316 0.836799 1 27 1.000000
v_hands
  27 -24.515163 3.718953 39.597691 -0.676094 0.509920 0.531863 0.123422 0.792956 1 27 1.000000
  27 -23.523199 3.996615 40.421677 -0.440842 0.740937 0.506627 0.099267 0.753878 1 27 1.000000
  27 -24.175310 4.115234 39.497620 -0.517155 0.739042 0.431704 0.100814 0.789541 1 27 1.000000
v_hands
  27 -24.486254 4.355889 38.498093 -0.190705 0.977472 0.090439 0.082903 0.815583 2 27 0.892000 28 0.108000
  27 -24.175310 4.115234 39.497620 -0.517155 0.739042 0.431704 0.100814 0.789541 1 27 1.000000
  27 -23.847393 4.356898 39.352631 -0.138330 0.976578 0.164803 0.080594 0.788270 1 27 1.000000
v_hands
  27 -23.523199 3.996615 40.421677 -0.440842 0.740937 0.506627 0.099267 0.753878 1 27 1.000000
  27 -23.847393 4.356898 39.352631 -0.138330 0.976578 0.164803 0.080594 0.788270 1 27 1.000000
  27 -24.175310 4.115234 39.497620 -0.517155 0.739042 0.431704 0.100814 0.789541 1 27 1.000000
v_hands
  27 -23.523199 3.996615 40.421677 -0.440842 0.740937 0.506627 0.099267 0.753878 1 27 1.000000
  27 -23.095230 4.265774 40.219223 0.036586 0.957061 0.287568 0.076691 0.752951 1 27 1.000000
  27 -23.847393 4.356898 39.352631 -0.138330 0.976578 0.164803 0.080594 0.788270 1 27 1.000000
v_hands
  27 -22.707348 3.993003 40.699402 0.182862 0.940814 0.285359 0.076213 0.733459 2 27 0.607000 26 0.393000
  27 -23.095230 4.265774 40.219223 0.036586 0.957061 0.287568 0.076691 0.752951 1 27 1.000000
  27 -23.523199 3.996615 40.421677 -0.440842 0.740937 0.506627 0.099267 0.753878 1 27 1.000000
v_hands
  27 -22.707348 3.993003 40.699402 0.182862 0.940814 0.285359 0.076213 0.733459 2 27 0.607000 26 0.393000
  27 -23.523199 3.996615 40.421677 -0.440842 0.740937 0.506627 0.099267 0.753878 1 27 1.000000
  27 -23.120075 3.853240 40.958466 -0.341820 0.860994 0.376627 0.099816 0.731920 2 27 0.607000 26 0.393000
v_hands
  27 -23.120075 3.853240 40.958466 -0.341820 0.860994 0.376627 0.099816 0.731920 2 27 0.607000 26 0.393000
  26 -22.443092 3.852107 41.042011 0.137002 0.989247 -0.051183 0.073954 0.720686 2 26 0.901000 27 0.099000
  27 -22.707348 3.993003 40.699402 0.182862 0.940814 0.285359 0.076213 0.733459 2 27 0.607000 26 0.393000
v_hands
  27 -23.120075 3.853240 40.958466 -0.341820 0.860994 0.376627 0.099816 0.731920 2 27 0.607000 26 0.393000
  26 -22.910498 3.831680 41.253777 -0.302708 0.948204 0.096319 0.097706 0.721945 2 26 0.901000 27 0.099000
  26 -22.443092 3.852107 41.042011 0.137002 0.989247 -0.051183 0.073954 0.720686 2 26 0.901000 27 0.099000
v_hands
  26 -22.780439 3.899753 41.515305 -0.347756 0.937174 0.027774 0.097276 0.714029 2 26 0.934000 27 0.066000
  26 -22.443092 3.852107 41.042011 0.137002 0.989247 -0.051183 0.073954 0.720686 2 26 0.901000 27 0.099000
  26 -22.910498 3.831680 41.253777 -0.302708 0.948204 0.096319 0.097706 0.721945 2 26 0.901000 27 0.099000
v_hands
  26 -22.780439 3.899753 41.515305 -0.347756 0.937174 0.027774 0.097276 0.714029 2 26 0.934000 27 0.066000
  26 -22.331350 3.890818 41.205193 0.088629 0.968165 -0.234096 0.074471 0.714706 2 26 0.934000 27 0.066000
  26 -22.443092 3.852107 41.042011 0.137002 0.989247 -0.051183 0.073954 0.720686 2 26 0.901000 27 0.099000
v_hands
  26 -22.443092 3.852107 41.042011 0.137002 0.989247 -0.051183 0.073954 0.720686 2 26 0.901000 27 0.099000
  26 -22.331350 3.890818 41.205193 0.088629 0.968165 -0.234096 0.074471 0.714706 2 26 0.934000 27 0.066000
  26 -21.944233 3.649546 40.828316 0.593989 0.725406 -0.347797 0.044794 0.715907 1 26 1.000000
v_hands
  27 -22.707348 3.993003 40.699402 0.182862 0.940814 0.285359 0.076213 0.733459 2 27 0.607000 26 0.393000
  26 -22.443092 3.852107 41.042011 0.137002 0.989247 -0.051183 0.073954 0.720686 2 26 0.901000 27 0.099000
  26 -21.944233 3.649546 40.828316 0.593989 0.725406 -0.347797 0.044794 0.715907 1 26 1.000000
v_hands
  27 -22.707348 3.993003 40.699402 0.182862 0.940814 0.285359 0.076213 0.733459 2 27 0.607000 26 0.393000
  26 -21.944233 3.649546 40.828316 0.593989 0.725406 -0.347797 0.044794 0.715907 1 26 1.000000
  27 -22.231062 3.765798 40.391777 0.681548 0.719387 -0.134072 0.041690 0.732320 2 27 0.607000 26 0.393000
v_hands
  27 -22.565166 4.087857 39.861137 0.637763 0.730128 -0.245299 0.044606 0.752473 2 27 0.556000 26 0.444000
  27 -22.707348 3.993003 40.699402 0.182862 0.940814 0.285359 0.076213 0.733459 2 27 0.607000 26 0.393000
  27 -22.231062 3.765798 40.391777 0.681548 0.719387 -0.134072 0.041690 0.732320 2 27 0.607000 26 0.393000
v_hands
  27 -22.565166 4.087857 39.861137 0.637763 0.730128 -0.245299 0.044606 0.752473 2 27 0.556000 26 0.444000
  27 -23.095230 4.265774 40.219223 0.036586 0.957061 0.287568 0.076691 0.752951 1 27 1.000000
  27 -22.707348 3.993003 40.699402 0.182862 0.940814 0.285359 0.076213 0.733459 2 27 0.607000 26 0.393000
v_hands
  27 -23.095230 4.265774 40.219223 0.036586 0.957061 0.287568 0.076691 0.752951 1 27 1.000000
  27 -22.565166 4.087857 39.861137 0.637763 0.730128 -0.245299 0.044606 0.752473 2 27 0.556000 26 0.444000
  27 -23.298904 4.216249 38.972290 0.552024 0.722916 -0.415526 0.053752 0.788910 1 27 1.000000
v_hands
  27 -23.095230 4.265774 40.219223 0.036586 0.957061 0.287568 0.076691 0.752951 1 27 1.000000
  27 -23.298904 4.216249 38.972290 0.552024 0.722916 -0.415526 0.053752 0.788910 1 27 1.000000
  27 -23.847393 4.356898 39.352631 -0.138330 0.976578 0.164803 0.080594 0.788270 1 27 1.000000
v_hands
  27 -24.102442 4.299318 38.149094 0.431348 0.731795 -0.527651 0.056891 0.817165 2 27 0.910000 28 0.090000
  27 -23.847393 4.356898 39.352631 -0.138330 0.976578 0.164803 0.080594 0.788270 1 27 1.000000
  27 -23.298904 4.216249 38.972290 0.552024 0.722916 -0.415526 0.053752 0.788910 1 27 1.000000
v_hands
  27 -24.102442 4.299318 38.149094 0.431348 0.731795 -0.527651 0.056891 0.817165 2 27 0.910000 28 0.090000
  27 -24.486254 4.355889 38.498093 -0.190705 0.977472 0.090439 0.082903 0.815583 2 27 0.892000 28 0.108000
  27 -23.847393 4.356898 39.352631 -0.138330 0.976578 0.164803 0.080594 0.788270 1 27 1.000000
v_hands
  27 -24.581663 4.240614 37.720837 0.401181 0.690507 -0.601875 0.058668 0.830198 2 27 0.712000 28 0.288000
  27 -24.486254 4.355889 38.498093 -0.190705 0.977472 0.090439 0.082903 0.815583 2 27 0.892000 28 0.108000
  27 -24.102442 4.299318 38.149094 0.431348 0.731795 -0.527651 0.056891 0.817165 2 27 0.910000 28 0.090000
v_hands
  27 -25.747660 3.107167 38.548717 -0.761804 0.416061 0.496536 0.143067 0.835106 2 27 0.829000 31 0.171000
  27 -24.515163 3.718953 39.597691 -0.676094 0.509920 0.531863 0.123422 0.792956 1 27 1.000000
  27 -25.446629 3.453250 38.354889 -0.796728 0.338016 0.500969 0.128932 0.834755 1 27 1.000000
v_hands
  27 -24.515163 3.718953 39.597691 -0.676094 0.509920 0.531863 0.123422 0.792956 1 27 1.000000
  27 -25.503866 3.742715 38.341625 -0.774547 0.270322 0.571842 0.119465 0.834749 2 27 0.685000 28 0.315000
  27 -25.446629 3.453250 38.354889 -0.796728 0.338016 0.500969 0.128932 0.834755 1 27 1.000000
v_hands
  27 -25.503866 3.742715 38.341625 -0.774547 0.270322 0.571842 0.119465 0.834749 2 27 0.685000 28 0.315000
  27 -24.515163 3.718953 39.597691 -0.676094 0.509920 0.531863 0.123422 0.792956 1 27 1.000000
  27 -24.175310 4.115234 39.497620 -0.517155 0.739042 0.431704 0.100814 0.789541 1 27 1.000000
v_hands
  27 -25.503866 3.742715 38.341625 -0.774547 0.270322 0.571842 0.119465 0.834749 2 27 0.685000 28 0.315000
  27 -24.175310 4.115234 39.497620 -0.517155 0.739042 0.431704 0.100814 0.789541 1 27 1.000000
  27 -24.744825 4.184676 38.656170 -0.480616 0.797426 0.364856 0.095423 0.816922 2 27 0.892000 28 0.108000
v_hands
  27 -24.486254 4.355889 38.498093 -0.190705 0.977472 0.090439 0.082903 0.815583 2 27 0.892000 28 0.108000
  27 -24.744825 4.184676 38.656170 -0.480616 0.797426 0.364856 0.095423 0.816922 2 27 0.892000 28 0.108000
  27 -24.175310 4.115234 39.497620 -0.517155 0.739042 0.431704 0.100814 0.789541 1 27 1.000000
v_hands
  27 -24.934391 4.284495 37.849628 -0.070419 0.988647 -0.132733 0.078889 0.833566 2 27 0.502000 28 0.498000
  27 -24.744825 4.184676 38.656170 -0.480616 0.797426 0.364856 0.095423 0.816922 2 27 0.892000 28 0.108000
  27 -24.486254 4.355889 38.498093 -0.190705 0.977472 0.090439 0.082903 0.815583 2 27 0.892000 28 0.108000
v_hands
  27 -24.581663 4.240614 37.720837 0.401181 0.690507 -0.601875 0.058668 0.830198 2 27 0.712000 28 0.288000
  27 -24.934391 4.284495 37.849628 -0.070419 0.988647 -0.132733 0.078889 0.833566 2 27 0.502000 28 0.498000
  27 -24.486254 4.355889 38.498093 -0.190705 0.977472 0.090439 0.082903 0.815583 2 27 0.892000 28 0.108000
v_hands
  28 -25.040886 3.921282 37.191788 0.683950 0.321145 -0.655040 0.060950 0.841176 2 28 0.796000 27 0.204000
  27 -24.934391 4.284495 37.849628 -0.070419 0.988647 -0.132733 0.078889 0.833566 2 27 0.502000 28 0.498000
  27 -24.581663 4.240614 37.720837 0.401181 0.690507 -0.601875 0.058668 0.830198 2 27 0.712000 28 0.288000
v_hands
  28 -25.040886 3.921282 37.191788 0.683950 0.321145 -0.655040 0.060950 0.841176 2 28 0.796000 27 0.204000
  28 -25.268311 4.238122 37.453693 0.153773 0.973341 -0.170181 0.080278 0.846670 2 28 0.859000 27 0.141000
  27 -24.934391 4.284495 37.849628 -0.070419 0.988647 -0.132733 0.078889 0.833566 2 27 0.502000 28 0.498000
v_hands
  27 -24.934391 4.284495 37.849628 -0.070419 0.988647 -0.132733 0.078889 0.833566 2 27 0.502000 28 0.498000
  28 -25.268311 4.238122 37.453693 0.153773 0.973341 -0.170181 0.080278 0.846670 2 28 0.859000 27 0.141000
  28 -25.567947 4.132483 37.726730 -0.538610 0.775017 0.330526 0.097306 0.847953 1 28 1.000000
v_hands
  28 -25.567947 4.132483 37.726730 -0.538610 0.775017 0.330526 0.097306 0.847953 1 28 1.000000
  28 -25.268311 4.238122 37.453693 0.153773 0.973341 -0.170181 0.080278 0.846670 2 28 0.859000 27 0.141000
  28 -25.705214 4.237971 36.833885 0.060495 0.996756 -0.053079 0.081198 0.873712 1 28 1.000000
v_hands
  28 -25.567947 4.132483 37.726730 -0.538610 0.775017 0.330526 0.097306 0.847953 1 28 1.000000
  28 -25.705214 4.237971 36.833885 0.060495 0.996756 -0.053079 0.081198 0.873712 1 28 1.000000
  28 -25.917297 4.133506 36.995232 -0.601960 0.768404 0.217255 0.093843 0.875871 1 28 1.000000
v_hands
  28 -25.705214 4.237971 36.833885 0.060495 0.996756 -0.053079 0.081198 0.873712 1 28 1.000000
  29 -25.973606 4.149014 36.728470 -0.635711 0.771325 0.030479 0.090488 0.883969 1 29 1.000000
  28 -25.917297 4.133506 36.995232 -0.601960 0.768404 0.217255 0.093843 0.875871 1 28 1.000000
v_hands
  28 -25.917297 4.133506 36.995232 -0.601960 0.768404 0.217255 0.093843 0.875871 1 28 1.000000
  29 -25.973606 4.149014 36.728470 -0.635711 0.771325 0.030479 0.090488 0.883969 1 29 1.000000
  29 -26.118708 3.914331 36.693089 -0.941938 0.334835 -0.025272 0.099404 0.889926 1 29 1.000000
v_hands
  29 -26.118708 3.914331 36.693089 -0.941938 0.334835 -0.025272 0.099404 0.889926 1 29 1.000000
  29 -25.973606 4.149014 36.728470 -0.635711 0.771325 0.030479 0.090488 0.883969 1 29 1.000000
  29 -25.929937 4.108979 36.229359 -0.651169 0.751447 -0.106333 0.085746 0.901799 2 29 0.709000 30 0.291000
v_hands
  29 -26.118708 3.914331 36.693089 -0.941938 0.334835 -0.025272 0.099404 0.889926 1 29 1.000000
  29 -25.929937 4.108979 36.229359 -0.651169 0.751447 -0.106333 0.085746 0.901799 2 29 0.709000 30 0.291000
  29 -26.037640 3.905591 36.233215 -0.938592 0.311000 -0.149412 0.093961 0.906252 2 29 0.709000 30 0.291000
v_hands
  29 -25.929937 4.108979 36.229359 -0.651169 0.751447 -0.106333 0.085746 0.901799 2 29 0.709000 30 0.291000
  29 -25.995136 3.923083 35.972752 -0.923935 0.316697 -0.214584 0.090427 0.915499 2 29 0.520000 30 0.480000
  29 -26.037640 3.905591 36.233215 -0.938592 0.311000 -0.149412 0.093961 0.906252 2 29 0.709000 30 0.291000
v_hands
  29 -26.037640 3.905591 36.233215 -0.938592 0.311000 -0.149412 0.093961 0.906252 2 29 0.709000 30 0.291000
  29 -25.995136 3.923083 35.972752 -0.923935 0.316697 -0.214584 0.090427 0.915499 2 29 0.520000 30 0.480000
  29 -26.023289 3.731397 35.958794 -0.927853 -0.296148 -0.226685 0.098544 0.917925 2 29 0.520000 30 0.480000
v_hands
  27 -25.503866 3.742715 38.341625 -0.774547 0.270322 0.571842 0.119465 0.834749 2 27 0.685000 28 0.315000
  27 -24.744825 4.184676 38.656170 -0.480616 0.797426 0.364856 0.095423 0.816922 2 27 0.892000 28 0.108000
  28 -25.243950 4.198907 38.080494 -0.433411 0.850069 0.299227 0.093794 0.834348 2 28 0.574000 27 0.426000
v_hands
  27 -24.934391 4.284495 37.849628 -0.070419 0.988647 -0.132733 0.078889 0.833566 2 27 0.502000 28 0.498000
  28 -25.243950 4.198907 38.080494 -0.433411 0.850069 0.299227 0.093794 0.834348 2 28 0.574000 27 0.426000
  27 -24.744825 4.184676 38.656170 -0.480616 0.797426 0.364856 0.095423 0.816922 2 27 0.892000 28 0.108000
v_hands
  27 -24.934391 4.284495 37.849628 -0.070419 0.988647 -0.132733 0.078889 0.833566 2 27 0.502000 28 0.498000
  28 -25.567947 4.132483 37.726730 -0.538610 0.775017 0.330526 0.097306 0.847953 1 28 1.000000
  28 -25.243950 4.198907 38.080494 -0.433411 0.850069 0.299227 0.093794 0.834348 2 28 0.574000 27 0.426000
v_hands
  28 -25.567947 4.132483 37.726730 -0.538610 0.775017 0.330526 0.097306 0.847953 1 28 1.000000
  28 -25.798899 3.804428 37.734692 -0.902540 0.200855 0.380891 0.114737 0.854002 1 28 1.000000
  28 -25.243950 4.198907 38.080494 -0.433411 0.850069 0.299227 0.093794 0.834348 2 28 0.574000 27 0.426000
v_hands
  28 -25.243950 4.198907 38.080494 -0.433411 0.850069 0.299227 0.093794 0.834348 2 28 0.574000 27 0.426000
  28 -25.798899 3.804428 37.734692 -0.902540 0.200855 0.380891 0.114737 0.854002 1 28 1.000000
  28 -25.648495 3.746297 38.124874 -0.842832 0.268751 0.466269 0.118638 0.841010 2 28 0.685000 27 0.315000
v_hands
  28 -25.648495 3.746297 38.124874 -0.842832 0.268751 0.466269 0.118638 0.841010 2 28 0.685000 27 0.315000
  27 -25.503866 3.742715 38.341625 -0.774547 0.270322 0.571842 0.119465 0.834749 2 27 0.685000 28 0.315000
  28 -25.243950 4.198907 38.080494 -0.433411 0.850069 0.299227 0.093794 0.834348 2 28 0.574000 27 0.426000
v_hands
  27 -25.446629 3.453250 38.354889 -0.796728 0.338016 0.500969 0.128932 0.834755 1 27 1.000000
  27 -25.503866 3.742715 38.341625 -0.774547 0.270322 0.571842 0.119465 0.834749 2 27 0.685000 28 0.315000
  28 -25.648495 3.746297 38.124874 -0.842832 0.268751 0.466269 0.118638 0.841010 2 28 0.685000 27 0.315000
v_hands
  27 -25.446629 3.453250 38.354889 -0.796728 0.338016 0.500969 0.128932 0.834755 1 27 1.000000
  28 -25.648495 3.746297 38.124874 -0.842832 0.268751 0.466269 0.118638 0.841010 2 28 0.685000 27 0.315000
  27 -25.642126 3.401115 38.069355 -0.837616 0.387184 0.385341 0.130716 0.842662 2 27 0.922000 31 0.078000
v_hands
  27 -25.916882 3.084571 38.260326 -0.809413 0.435547 0.393890 0.144276 0.844821 2 27 0.523000 31 0.477000
  27 -25.446629 3.453250 38.354889 -0.796728 0.338016 0.500969 0.128932 0.834755 1 27 1.000000
  27 -25.642126 3.401115 38.069355 -0.837616 0.387184 0.385341 0.130716 0.842662 2 27 0.922000 31 0.078000
v_hands
  27 -25.642126 3.401115 38.069355 -0.837616 0.387184 0.385341 0.130716 0.842662 2 27 0.922000 31 0.078000
  31 -26.287931 3.011533 37.499466 -0.879532 0.215194 0.424399 0.143667 0.872680 1 31 1.000000
  27 -25.916882 3.084571 38.260326 -0.809413 0.435547 0.393890 0.144276 0.844821 2 27 0.523000 31 0.477000
v_hands
  31 -26.287931 3.011533 37.499466 -0.879532 0.215194 0.424399 0.143667 0.872680 1 31 1.000000
  27 -25.946095 2.800461 38.265572 -0.894079 -0.140004 0.425467 0.152923 0.845843 2 27 0.523000 31 0.477000
  27 -25.916882 3.084571 38.260326 -0.809413 0.435547 0.393890 0.144276 0.844821 2 27 0.523000 31 0.477000
v_hands
  28 -25.648495 3.746297 38.124874 -0.842832 0.268751 0.466269 0.118638 0.841010 2 28 0.685000 27 0.315000
  28 -25.798899 3.804428 37.734692 -0.902540 0.200855 0.380891 0.114737 0.854002 1 28 1.000000
  27 -25.642126 3.401115 38.069355 -0.837616 0.387184 0.385341 0.130716 0.842662 2 27 0.922000 31 0.078000
v_hands
  31 -26.287931 3.011533 37.499466 -0.879532 0.215194 0.424399 0.143667 0.872680 1 31 1.000000
  27 -25.642126 3.401115 38.069355 -0.837616 0.387184 0.385341 0.130716 0.842662 2 27 0.922000 31 0.078000
  27 -25.895468 3.342333 37.669167 -0.630970 0.732572 0.255373 0.132436 0.858448 2 27 0.922000 31 0.078000
v_hands
  27 -25.642126 3.401115 38.069355 -0.837616 0.387184 0.385341 0.130716 0.842662 2 27 0.922000 31 0.078000
  28 -25.738258 3.488500 37.672638 -0.957737 0.194885 0.211564 0.125346 0.854530 1 28 1.000000
  27 -25.895468 3.342333 37.669167 -0.630970 0.732572 0.255373 0.132436 0.858448 2 27 0.922000 31 0.078000
v_hands
  27 -25.642126 3.401115 38.069355 -0.837616 0.387184 0.385341 0.130716 0.842662 2 27 0.922000 31 0.078000
  28 -25.798899 3.804428 37.734692 -0.902540 0.200855 0.380891 0.114737 0.854002 1 28 1.000000
  28 -25.738258 3.488500 37.672638 -0.957737 0.194885 0.211564 0.125346 0.854530 1 28 1.000000
v_hands
  28 -25.738258 3.488500 37.672638 -0.957737 0.194885 0.211564 0.125346 0.854530 1 28 1.000000
  28 -25.798899 3.804428 37.734692 -0.902540 0.200855 0.380891 0.114737 0.854002 1 28 1.000000
  28 -26.093369 3.902759 37.000431 -0.915786 0.299126 0.268065 0.104286 0.880339 1 28 1.000000
v_hands
  30 -25.797247 3.901103 35.356720 -0.887240 0.268297 -0.375262 0.083035 0.936526 1 30 1.000000
  29 -26.023289 3.731397 35.958794 -0.927853 -0.296148 -0.226685 0.098544 0.917925 2 29 0.520000 30 0.480000
  29 -25.995136 3.923083 35.972752 -0.923935 0.316697 -0.214584 0.090427 0.915499 2 29 0.520000 30 0.480000
v_hands
  30 -25.797247 3.901103 35.356720 -0.887240 0.268297 -0.375262 0.083035 0.936526 1 30 1.000000
  30 -25.815985 3.690341 35.366196 -0.860405 -0.380468 -0.339039 0.092092 0.938332 1 30 1.000000
  29 -26.023289 3.731397 35.958794 -0.927853 -0.296148 -0.226685 0.098544 0.917925 2 29 0.520000 30 0.480000
v_hands
  30 -25.633526 3.857078 35.002502 -0.506803 0.203148 -0.837784 0.076740 0.953232 1 30 1.000000
  30 -25.815985 3.690341 35.366196 -0.860405 -0.380468 -0.339039 0.092092 0.938332 1 30 1.000000
  30 -25.797247 3.901103 35.356720 -0.887240 0.268297 -0.375262 0.083035 0.936526 1 30 1.000000
v_hands
  30 -25.633526 3.857078 35.002502 -0.506803 0.203148 -0.837784 0.076740 0.953232 1 30 1.000000
  30 -25.654421 3.686136 35.018845 -0.554603 -0.394754 -0.732519 0.084035 0.954509 1 30 1.000000
  30 -25.815985 3.690341 35.366196 -0.860405 -0.380468 -0.339039 0.092092 0.938332 1 30 1.000000
v_hands
  30 -25.654421 3.686136 35.018845 -0.554603 -0.394754 -0.732519 0.084035 0.954509 1 30 1.000000
  30 -25.633526 3.857078 35.002502 -0.506803 0.203148 -0.837784 0.076740 0.953232 1 30 1.000000
  30 -25.459461 3.828532 34.999172 0.322405 -0.000997 -0.946601 0.074962 0.958347 1 30 1.000000
v_hands
  30 -25.654421 3.686136 35.018845 -0.554603 -0.394754 -0.732519 0.084035 0.954509 1 30 1.000000
  30 -25.459461 3.828532 34.999172 0.322405 -0.000997 -0.946601 0.074962 0.958347 1 30 1.000000
  30 -25.520014 3.612641 35.036537 0.012863 -0.743969 -0.668090 0.087390 0.959505 1 30 1.000000
v_hands
  30 -25.704718 3.572819 35.447487 -0.270814 -0.955940 -0.113305 0.097339 0.939670 1 30 1.000000
  30 -25.654421 3.686136 35.018845 -0.554603 -0.394754 -0.732519 0.084035 0.954509 1 30 1.000000
  30 -25.520014 3.612641 35.036537 0.012863 -0.743969 -0.668090 0.087390 0.959505 1 30 1.000000
v_hands
  30 -25.704718 3.572819 35.447487 -0.270814 -0.955940 -0.113305 0.097339 0.939670 1 30 1.000000
  30 -25.815985 3.690341 35.366196 -0.860405 -0.380468 -0.339039 0.092092 0.938332 1 30 1.000000
  30 -25.654421 3.686136 35.018845 -0.554603 -0.394754 -0.732519 0.084035 0.954509 1 30 1.000000
v_hands
  30 -25.815985 3.690341 35.366196 -0.860405 -0.380468 -0.339039 0.092092 0.938332 1 30 1.000000
  30 -25.704718 3.572819 35.447487 -0.270814 -0.955940 -0.113305 0.097339 0.939670 1 30 1.000000
  29 -25.927956 3.597751 36.134064 -0.386308 -0.918220 -0.087398 0.107693 0.915545 2 29 0.541000 30 0.459000
v_hands
  30 -25.815985 3.690341 35.366196 -0.860405 -0.380468 -0.339039 0.092092 0.938332 1 30 1.000000
  29 -25.927956 3.597751 36.134064 -0.386308 -0.918220 -0.087398 0.107693 0.915545 2 29 0.541000 30 0.459000
  29 -26.023289 3.731397 35.958794 -0.927853 -0.296148 -0.226685 0.098544 0.917925 2 29 0.520000 30 0.480000
v_hands
  29 -26.068264 3.732069 36.233734 -0.948928 -0.272742 -0.158580 0.101718 0.908443 2 29 0.709000 30 0.291000
  29 -26.023289 3.731397 35.958794 -0.927853 -0.296148 -0.226685 0.098544 0.917925 2 29 0.520000 30 0.480000
  29 -25.927956 3.597751 36.134064 -0.386308 -0.918220 -0.087398 0.107693 0.915545 2 29 0.541000 30 0.459000
v_hands
  29 -26.037640 3.905591 36.233215 -0.938592 0.311000 -0.149412 0.093961 0.906252 2 29 0.709000 30 0.291000
  29 -26.023289 3.731397 35.958794 -0.927853 -0.296148 -0.226685 0.098544 0.917925 2 29 0.520000 30 0.480000
  29 -26.068264 3.732069 36.233734 -0.948928 -0.272742 -0.158580 0.101718 0.908443 2 29 0.709000 30 0.291000
v_hands
  29 -26.145588 3.693053 36.700176 -0.934211 -0.350756 -0.064969 0.108410 0.893708 1 29 1.000000
  29 -26.037640 3.905591 36.233215 -0.938592 0.311000 -0.149412 0.093961 0.906252 2 29 0.709000 30 0.291000
  29 -26.068264 3.732069 36.233734 -0.948928 -0.272742 -0.158580 0.101718 0.908443 2 29 0.709000 30 0.291000
v_hands
  29 -26.145588 3.693053 36.700176 -0.934211 -0.350756 -0.064969 0.108410 0.893708 1 29 1.000000
  29 -26.118708 3.914331 36.693089 -0.941938 0.334835 -0.025272 0.099404 0.889926 1 29 1.000000
  29 -26.037640 3.905591 36.233215 -0.938592 0.311000 -0.149412 0.093961 0.906252 2 29 0.709000 30 0.291000
v_hands
  28 -26.093369 3.902759 37.000431 -0.915786 0.299126 0.268065 0.104286 0.880339 1 28 1.000000
  29 -26.118708 3.914331 36.693089 -0.941938 0.334835 -0.025272 0.099404 0.889926 1 29 1.000000
  29 -26.145588 3.693053 36.700176 -0.934211 -0.350756 -0.064969 0.108410 0.893708 1 29 1.000000
v_hands
  28 -25.917297 4.133506 36.995232 -0.601960 0.768404 0.217255 0.093843 0.875871 1 28 1.000000
  29 -26.118708 3.914331 36.693089 -0.941938 0.334835 -0.025272 0.099404 0.889926 1 29 1.000000
  28 -26.093369 3.902759 37.000431 -0.915786 0.299126 0.268065 0.104286 0.880339 1 28 1.000000
v_hands
  28 -26.093369 3.902759 37.000431 -0.915786 0.299126 0.268065 0.104286 0.880339 1 28 1.000000
  28 -25.567947 4.132483 37.726730 -0.538610 0.775017 0.330526 0.097306 0.847953 1 28 1.000000
  28 -25.917297 4.133506 36.995232 -0.601960 0.768404 0.217255 0.093843 0.875871 1 28 1.000000
v_hands
  28 -26.093369 3.902759 37.000431 -0.915786 0.299126 0.268065 0.104286 0.880339 1 28 1.000000
  28 -25.798899 3.804428 37.734692 -0.902540 0.200855 0.380891 0.114737 0.854002 1 28 1.000000
  28 -25.567947 4.132483 37.726730 -0.538610 0.775017 0.330526 0.097306 0.847953 1 28 1.000000
v_hands
  27 -25.895468 3.342333 37.669167 -0.630970 0.732572 0.255373 0.132436 0.858448 2 27 0.922000 31 0.078000
  31 -25.743898 3.434229 37.208233 -0.126323 0.974153 -0.187263 0.126364 0.871791 1 31 1.000000
  31 -26.008959 3.479922 36.688698 0.136244 0.986214 -0.093908 0.123673 0.888477 1 31 1.000000
v_hands
  27 -25.895468 3.342333 37.669167 -0.630970 0.732572 0.255373 0.132436 0.858448 2 27 0.922000 31 0.078000
  28 -25.697584 3.468857 37.206360 -0.497878 -0.624749 -0.601503 0.124737 0.868798 1 28 1.000000
  31 -25.743898 3.434229 37.208233 -0.126323 0.974153 -0.187263 0.126364 0.871791 1 31 1.000000
v_hands
  27 -25.895468 3.342333 37.669167 -0.630970 0.732572 0.255373 0.132436 0.858448 2 27 0.922000 31 0.078000
  28 -25.738258 3.488500 37.672638 -0.957737 0.194885 0.211564 0.125346 0.854530 1 28 1.000000
  28 -25.697584 3.468857 37.206360 -0.497878 -0.624749 -0.601503 0.124737 0.868798 1 28 1.000000
v_hands
  28 -25.697584 3.468857 37.206360 -0.497878 -0.624749 -0.601503 0.124737 0.868798 1 28 1.000000
  28 -25.738258 3.488500 37.672638 -0.957737 0.194885 0.211564 0.125346 0.854530 1 28 1.000000
  28 -26.095167 3.672698 36.976292 -0.871865 -0.401080 0.281044 0.112562 0.886209 1 28 1.000000
v_hands
  28 -25.738258 3.488500 37.672638 -0.957737 0.194885 0.211564 0.125346 0.854530 1 28 1.000000
  28 -26.093369 3.902759 37.000431 -0.915786 0.299126 0.268065 0.104286 0.880339 1 28 1.000000
  28 -26.095167 3.672698 36.976292 -0.871865 -0.401080 0.281044 0.112562 0.886209 1 28 1.000000
v_hands
  28 -26.093369 3.902759 37.000431 -0.915786 0.299126 0.268065 0.104286 0.880339 1 28 1.000000
  29 -26.145588 3.693053 36.700176 -0.934211 -0.350756 -0.064969 0.108410 0.893708 1 29 1.000000
  28 -26.095167 3.672698 36.976292 -0.871865 -0.401080 0.281044 0.112562 0.886209 1 28 1.000000
v_hands
  28 -26.095167 3.672698 36.976292 -0.871865 -0.401080 0.281044 0.112562 0.886209 1 28 1.000000
  29 -26.145588 3.693053 36.700176 -0.934211 -0.350756 -0.064969 0.108410 0.893708 1 29 1.000000
  28 -26.038334 3.578740 36.841427 -0.487927 -0.872645 0.020465 0.117416 0.890106 1 28 1.000000
v_hands
  28 -26.038334 3.578740 36.841427 -0.487927 -0.872645 0.020465 0.117416 0.890106 1 28 1.000000
  29 -26.145588 3.693053 36.700176 -0.934211 -0.350756 -0.064969 0.108410 0.893708 1 29 1.000000
  29 -26.068264 3.732069 36.233734 -0.948928 -0.272742 -0.158580 0.101718 0.908443 2 29 0.709000 30 0.291000
v_hands
  28 -26.038334 3.578740 36.841427 -0.487927 -0.872645 0.020465 0.117416 0.890106 1 28 1.000000
  29 -26.068264 3.732069 36.233734 -0.948928 -0.272742 -0.158580 0.101718 0.908443 2 29 0.709000 30 0.291000
  29 -25.927956 3.597751 36.134064 -0.386308 -0.918220 -0.087398 0.107693 0.915545 2 29 0.541000 30 0.459000
v_hands
  28 -25.697584 3.468857 37.206360 -0.497878 -0.624749 -0.601503 0.124737 0.868798 1 28 1.000000
  28 -26.095167 3.672698 36.976292 -0.871865 -0.401080 0.281044 0.112562 0.886209 1 28 1.000000
  28 -26.038334 3.578740 36.841427 -0.487927 -0.872645 0.020465 0.117416 0.890106 1 28 1.000000
v_hands
  33 -26.546389 3.335804 34.905830 -0.556167 0.800018 -0.225052 0.120327 0.956446 1 33 1.000000
  33 -26.342670 3.376928 34.901192 0.203967 0.973563 -0.102818 0.112276 0.954356 1 33 1.000000
  33 -26.263103 3.319146 34.505501 0.338679 0.777428 -0.530002 0.112517 0.975618 1 33 1.000000
v_hands
  33 -26.342670 3.376928 34.901192 0.203967 0.973563 -0.102818 0.112276 0.954356 1 33 1.000000
  33 -26.546389 3.335804 34.905830 -0.556167 0.800018 -0.225052 0.120327 0.956446 1 33 1.000000
  33 -26.672081 3.344251 35.400337 -0.609640 0.788583 -0.080475 0.123027 0.941186 1 33 1.000000
v_hands
  33 -26.546389 3.335804 34.905830 -0.556167 0.800018 -0.225052 0.120327 0.956446 1 33 1.000000
  33 -26.813927 3.092091 35.418118 -0.980599 0.178286 -0.081482 0.131917 0.943111 1 33 1.000000
  33 -26.672081 3.344251 35.400337 -0.609640 0.788583 -0.080475 0.123027 0.941186 1 33 1.000000
v_hands
  32 -26.637102 3.369449 35.707085 -0.557853 0.827777 0.059881 0.124116 0.930618 1 32 1.000000
  33 -26.672081 3.344251 35.400337 -0.609640 0.788583 -0.080475 0.123027 0.941186 1 33 1.000000
  33 -26.813927 3.092091 35.418118 -0.980599 0.178286 -0.081482 0.131917 0.943111 1 33 1.000000
v_hands
  32 -26.354624 3.403422 35.557297 0.142624 0.987760 -0.063156 0.116403 0.932935 1 32 1.000000
  33 -26.672081 3.344251 35.400337 -0.609640 0.788583 -0.080475 0.123027 0.941186 1 33 1.000000
  32 -26.637102 3.369449 35.707085 -0.557853 0.827777 0.059881 0.124116 0.930618 1 32 1.000000
v_hands
  32 -26.427328 3.373304 36.799622 -0.622024 0.763906 0.171854 0.129712 0.892062 1 32 1.000000
  32 -26.354624 3.403422 35.557297 0.142624 0.987760 -0.063156 0.116403 0.932935 1 32 1.000000
  32 -26.637102 3.369449 35.707085 -0.557853 0.827777 0.059881 0.124116 0.930618 1 32 1.000000
v_hands
  32 -26.427328 3.373304 36.799622 -0.622024 0.763906 0.171854 0.129712 0.892062 1 32 1.000000
  31 -26.008959 3.479922 36.688698 0.136244 0.986214 -0.093908 0.123673 0.888477 1 31 1.000000
  32 -26.354624 3.403422 35.557297 0.142624 0.987760 -0.063156 0.116403 0.932935 1 32 1.000000
v_hands
  31 -26.008959 3.479922 36.688698 0.136244 0.986214 -0.093908 0.123673 0.888477 1 31 1.000000
  32 -26.427328 3.373304 36.799622 -0.622024 0.763906 0.171854 0.129712 0.892062 1 32 1.000000
  31 -26.342287 3.379644 37.011368 -0.553766 0.776442 0.300801 0.130689 0.885317 1 31 1.000000
v_hands
  27 -25.895468 3.342333 37.669167 -0.630970 0.732572 0.255373 0.132436 0.858448 2 27 0.922000 31 0.078000
  31 -26.008959 3.479922 36.688698 0.136244 0.986214 -0.093908 0.123673 0.888477 1 31 1.000000
  31 -26.342287 3.379644 37.011368 -0.553766 0.776442 0.300801 0.130689 0.885317 1 31 1.000000
v_hands
  31 -26.482084 3.040538 37.109863 -0.888315 0.175565 0.424350 0.141651 0.887060 1 31 1.000000
  27 -25.895468 3.342333 37.669167 -0.630970 0.732572 0.255373 0.132436 0.858448 2 27 0.922000 31 0.078000
  31 -26.342287 3.379644 37.011368 -0.553766 0.776442 0.300801 0.130689 0.885317 1 31 1.000000
v_hands
  31 -26.482084 3.040538 37.109863 -0.888315 0.175565 0.424350 0.141651 0.887060 1 31 1.000000
  31 -26.287931 3.011533 37.499466 -0.879532 0.215194 0.424399 0.143667 0.872680 1 31 1.000000
  27 -25.895468 3.342333 37.669167 -0.630970 0.732572 0.255373 0.132436 0.858448 2 27 0.922000 31 0.078000
v_hands
  31 -26.172251 2.665362 37.549213 -0.950092 -0.189917 0.247502 0.156935 0.869252 1 31 1.000000
  31 -26.287931 3.011533 37.499466 -0.879532 0.215194 0.424399 0.143667 0.872680 1 31 1.000000
  31 -26.482084 3.040538 37.109863 -0.888315 0.175565 0.424350 0.141651 0.887060 1 31 1.000000
v_hands
  27 -25.845432 2.493979 38.219196 -0.908538 0.158784 0.386453 0.163038 0.846158 2 27 0.920460 31 0.079540
  31 -26.287931 3.011533 37.499466 -0.879532 0.215194 0.424399 0.143667 0.872680 1 31 1.000000
  31 -26.172251 2.665362 37.549213 -0.950092 -0.189917 0.247502 0.156935 0.869252 1 31 1.000000
v_hands
  27 -25.946095 2.800461 38.265572 -0.894079 -0.140004 0.425467 0.152923 0.845843 2 27 0.523000 31 0.477000
  31 -26.287931 3.011533 37.499466 -0.879532 0.215194 0.424399 0.143667 0.872680 1 31 1.000000
  27 -25.845432 2.493979 38.219196 -0.908538 0.158784 0.386453 0.163038 0.846158 2 27 0.920460 31 0.079540
v_hands
  27 -25.788782 2.802337 38.547974 -0.837163 -0.073311 0.542019 0.152777 0.836056 2 27 0.829000 31 0.171000
  27 -25.946095 2.800461 38.265572 -0.894079 -0.140004 0.425467 0.152923 0.845843 2 27 0.523000 31 0.477000
  27 -25.845432 2.493979 38.219196 -0.908538 0.158784 0.386453 0.163038 0.846158 2 27 0.920460 31 0.079540
v_hands
  27 -25.946095 2.800461 38.265572 -0.894079 -0.140004 0.425467 0.152923 0.845843 2 27 0.523000 31 0.477000
  27 -25.788782 2.802337 38.547974 -0.837163 -0.073311 0.542019 0.152777 0.836056 2 27 0.829000 31 0.171000
  27 -25.916882 3.084571 38.260326 -0.809413 0.435547 0.393890 0.144276 0.844821 2 27 0.523000 31 0.477000
v_hands
  27 -25.916882 3.084571 38.260326 -0.809413 0.435547 0.393890 0.144276 0.844821 2 27 0.523000 31 0.477000
  27 -25.788782 2.802337 38.547974 -0.837163 -0.073311 0.542019 0.152777 0.836056 2 27 0.829000 31 0.171000
  27 -25.747660 3.107167 38.548717 -0.761804 0.416061 0.496536 0.143067 0.835106 2 27 0.829000 31 0.171000
v_hands
  27 -25.916882 3.084571 38.260326 -0.809413 0.435547 0.393890 0.144276 0.844821 2 27 0.523000 31 0.477000
  27 -25.747660 3.107167 38.548717 -0.761804 0.416061 0.496536 0.143067 0.835106 2 27 0.829000 31 0.171000
  27 -25.446629 3.453250 38.354889 -0.796728 0.338016 0.500969 0.128932 0.834755 1 27 1.000000
v_hands
  33 -26.342670 3.376928 34.901192 0.203967 0.973563 -0.102818 0.112276 0.954356 1 33 1.000000
  33 -26.672081 3.344251 35.400337 -0.609640 0.788583 -0.080475 0.123027 0.941186 1 33 1.000000
  32 -26.354624 3.403422 35.557297 0.142624 0.987760 -0.063156 0.116403 0.932935 1 32 1.000000
v_hands
  31 -26.172251 2.665362 37.549213 -0.950092 -0.189917 0.247502 0.156935 0.869252 1 31 1.000000
  31 -26.482084 3.040538 37.109863 -0.888315 0.175565 0.424350 0.141651 0.887060 1 31 1.000000
  31 -26.486708 2.706444 36.984180 -0.717149 -0.644469 0.265248 0.151971 0.890819 1 31 1.000000
v_hands
  31 -26.482084 3.040538 37.109863 -0.888315 0.175565 0.424350 0.141651 0.887060 1 31 1.000000
  32 -26.566517 2.733129 36.797421 -0.783683 -0.596389 0.173669 0.150757 0.897289 1 32 1.000000
  31 -26.486708 2.706444 36.984180 -0.717149 -0.644469 0.265248 0.151971 0.890819 1 31 1.000000
v_hands
  31 -26.482084 3.040538 37.109863 -0.888315 0.175565 0.424350 0.141651 0.887060 1 31 1.000000
  32 -26.596436 3.060544 36.753117 -0.949037 0.201492 0.242343 0.139677 0.898126 1 32 1.000000
  32 -26.566517 2.733129 36.797421 -0.783683 -0.596389 0.173669 0.150757 0.897289 1 32 1.000000
v_hands
  31 -26.342287 3.379644 37.011368 -0.553766 0.776442 0.300801 0.130689 0.885317 1 31 1.000000
  32 -26.596436 3.060544 36.753117 -0.949037 0.201492 0.242343 0.139677 0.898126 1 32 1.000000
  31 -26.482084 3.040538 37.109863 -0.888315 0.175565 0.424350 0.141651 0.887060 1 31 1.000000
v_hands
  31 -26.342287 3.379644 37.011368 -0.553766 0.776442 0.300801 0.130689 0.885317 1 31 1.000000
  32 -26.427328 3.373304 36.799622 -0.622024 0.763906 0.171854 0.129712 0.892062 1 32 1.000000
  32 -26.596436 3.060544 36.753117 -0.949037 0.201492 0.242343 0.139677 0.898126 1 32 1.000000
v_hands
  32 -26.596436 3.060544 36.753117 -0.949037 0.201492 0.242343 0.139677 0.898126 1 32 1.000000
  32 -26.427328 3.373304 36.799622 -0.622024 0.763906 0.171854 0.129712 0.892062 1 32 1.000000
  32 -26.637102 3.369449 35.707085 -0.557853 0.827777 0.059881 0.124116 0.930618 1 32 1.000000
v_hands
  32 -26.596436 3.060544 36.753117 -0.949037 0.201492 0.242343 0.139677 0.898126 1 32 1.000000
  32 -26.637102 3.369449 35.707085 -0.557853 0.827777 0.059881 0.124116 0.930618 1 32 1.000000
  32 -26.798964 3.085739 35.709076 -0.972082 0.206580 0.111273 0.133371 0.935330 1 32 1.000000
v_hands
  32 -26.637102 3.369449 35.707085 -0.557853 0.827777 0.059881 0.124116 0.930618 1 32 1.000000
  33 -26.813927 3.092091 35.418118 -0.980599 0.178286 -0.081482 0.131917 0.943111 1 33 1.000000
  32 -26.798964 3.085739 35.709076 -0.972082 0.206580 0.111273 0.133371 0.935330 1 32 1.000000
v_hands
  32 -26.566517 2.733129 36.797421 -0.783683 -0.596389 0.173669 0.150757 0.897289 1 32 1.000000
  32 -26.596436 3.060544 36.753117 -0.949037 0.201492 0.242343 0.139677 0.898126 1 32 1.000000
  32 -26.798964 3.085739 35.709076 -0.972082 0.206580 0.111273 0.133371 0.935330 1 32 1.000000
v_hands
  34 -26.022846 2.525981 37.038795 -0.313004 0.806591 -0.501437 0.162685 0.875415 1 34 1.000000
  31 -26.172251 2.665362 37.549213 -0.950092 -0.189917 0.247502 0.156935 0.869252 1 31 1.000000
  31 -26.009596 2.550397 37.029892 -0.315484 -0.766863 -0.558919 0.161698 0.883738 1 31 1.000000
v_hands
  31 -26.009596 2.550397 37.029892 -0.315484 -0.766863 -0.558919 0.161698 0.883738 1 31 1.000000
  31 -26.172251 2.665362 37.549213 -0.950092 -0.189917 0.247502 0.156935 0.869252 1 31 1.000000
  31 -26.486708 2.706444 36.984180 -0.717149 -0.644469 0.265248 0.151971 0.890819 1 31 1.000000
v_hands
  31 -26.009596 2.550397 37.029892 -0.315484 -0.766863 -0.558919 0.161698 0.883738 1 31 1.000000
  31 -26.486708 2.706444 36.984180 -0.717149 -0.644469 0.265248 0.151971 0.890819 1 31 1.000000
  31 -26.198915 2.614574 36.690514 -0.065582 -0.989169 -0.131317 0.158671 0.897329 1 31 1.000000
v_hands
  31 -26.486708 2.706444 36.984180 -0.717149 -0.644469 0.265248 0.151971 0.890819 1 31 1.000000
  32 -26.566517 2.733129 36.797421 -0.783683 -0.596389 0.173669 0.150757 0.897289 1 32 1.000000
  31 -26.198915 2.614574 36.690514 -0.065582 -0.989169 -0.131317 0.158671 0.897329 1 31 1.000000
v_hands
  31 -26.198915 2.614574 36.690514 -0.065582 -0.989169 -0.131317 0.158671 0.897329 1 31 1.000000
  32 -26.566517 2.733129 36.797421 -0.783683 -0.596389 0.173669 0.150757 0.897289 1 32 1.000000
  32 -26.775942 2.798508 35.715591 -0.811752 -0.582241 0.045317 0.143022 0.935401 1 32 1.000000
v_hands
  32 -26.566517 2.733129 36.797421 -0.783683 -0.596389 0.173669 0.150757 0.897289 1 32 1.000000
  32 -26.798964 3.085739 35.709076 -0.972082 0.206580 0.111273 0.133371 0.935330 1 32 1.000000
  32 -26.775942 2.798508 35.715591 -0.811752 -0.582241 0.045317 0.143022 0.935401 1 32 1.000000
v_hands
  32 -26.798964 3.085739 35.709076 -0.972082 0.206580 0.111273 0.133371 0.935330 1 32 1.000000
  33 -26.772938 2.824669 35.427071 -0.822439 -0.563091 -0.080758 0.140938 0.942631 1 33 1.000000
  32 -26.775942 2.798508 35.715591 -0.811752 -0.582241 0.045317 0.143022 0.935401 1 32 1.000000
v_hands
  32 -26.798964 3.085739 35.709076 -0.972082 0.206580 0.111273 0.133371 0.935330 1 32 1.000000
  33 -26.813927 3.092091 35.418118 -0.980599 0.178286 -0.081482 0.131917 0.943111 1 33 1.000000
  33 -26.772938 2.824669 35.427071 -0.822439 -0.563091 -0.080758 0.140938 0.942631 1 33 1.000000
v_hands
  33 -26.693132 3.086458 34.869049 -0.914064 0.263336 -0.308448 0.128389 0.959853 1 33 1.000000
  33 -26.772938 2.824669 35.427071 -0.822439 -0.563091 -0.080758 0.140938 0.942631 1 33 1.000000
  33 -26.813927 3.092091 35.418118 -0.980599 0.178286 -0.081482 0.131917 0.943111 1 33 1.000000
v_hands
  33 -26.546389 3.335804 34.905830 -0.556167 0.800018 -0.225052 0.120327 0.956446 1 33 1.000000
  33 -26.693132 3.086458 34.869049 -0.914064 0.263336 -0.308448 0.128389 0.959853 1 33 1.000000
  33 -26.813927 3.092091 35.418118 -0.980599 0.178286 -0.081482 0.131917 0.943111 1 33 1.000000
v_hands
  33 -26.546389 3.335804 34.905830 -0.556167 0.800018 -0.225052 0.120327 0.956446 1 33 1.000000
  33 -26.385935 3.275849 34.508526 -0.453566 0.722259 -0.522130 0.118295 0.973347 1 33 1.000000
  33 -26.693132 3.086458 34.869049 -0.914064 0.263336 -0.308448 0.128389 0.959853 1 33 1.000000
v_hands
  33 -26.546389 3.335804 34.905830 -0.556167 0.800018 -0.225052 0.120327 0.956446 1 33 1.000000
  33 -26.263103 3.319146 34.505501 0.338679 0.777428 -0.530002 0.112517 0.975618 1 33 1.000000
  33 -26.385935 3.275849 34.508526 -0.453566 0.722259 -0.522130 0.118295 0.973347 1 33 1.000000
v_hands
  33 -26.495865 3.070471 34.390385 -0.562233 0.141756 -0.814739 0.124642 0.978065 1 33 1.000000
  33 -26.385935 3.275849 34.508526 -0.453566 0.722259 -0.522130 0.118295 0.973347 1 33 1.000000
  33 -26.263103 3.319146 34.505501 0.338679 0.777428 -0.530002 0.112517 0.975618 1 33 1.000000
v_hands
  33 -26.495865 3.070471 34.390385 -0.562233 0.141756 -0.814739 0.124642 0.978065 1 33 1.000000
  33 -26.263103 3.319146 34.505501 0.338679 0.777428 -0.530002 0.112517 0.975618 1 33 1.000000
  33 -26.326797 3.039733 34.385822 0.309152 -0.028401 -0.950588 0.123270 0.983196 1 33 1.000000
v_hands
  33 -26.495865 3.070471 34.390385 -0.562233 0.141756 -0.814739 0.124642 0.978065 1 33 1.000000
  33 -26.326797 3.039733 34.385822 0.309152 -0.028401 -0.950588 0.123270 0.983196 1 33 1.000000
  33 -26.342983 2.767028 34.483070 0.191404 -0.785564 -0.588433 0.138362 0.980951 1 33 1.000000
v_hands
  33 -26.495865 3.070471 34.390385 -0.562233 0.141756 -0.814739 0.124642 0.978065 1 33 1.000000
  33 -26.342983 2.767028 34.483070 0.191404 -0.785564 -0.588433 0.138362 0.980951 1 33 1.000000
  33 -26.472866 2.823949 34.481846 -0.545352 -0.546734 -0.635353 0.133139 0.977192 1 33 1.000000
v_hands
  33 -26.502579 2.706907 34.883068 -0.090115 -0.992119 -0.087053 0.143031 0.964163 1 33 1.000000
  33 -26.472866 2.823949 34.481846 -0.545352 -0.546734 -0.635353 0.133139 0.977192 1 33 1.000000
  33 -26.342983 2.767028 34.483070 0.191404 -0.785564 -0.588433 0.138362 0.980951 1 33 1.000000
v_hands
  33 -26.502579 2.706907 34.883068 -0.090115 -0.992119 -0.087053 0.143031 0.964163 1 33 1.000000
  33 -26.707329 2.820660 34.866184 -0.844702 -0.457640 -0.277569 0.137158 0.961543 1 33 1.000000
  33 -26.472866 2.823949 34.481846 -0.545352 -0.546734 -0.635353 0.133139 0.977192 1 33 1.000000
v_hands
  33 -26.693132 3.086458 34.869049 -0.914064 0.263336 -0.308448 0.128389 0.959853 1 33 1.000000
  33 -26.707329 2.820660 34.866184 -0.844702 -0.457640 -0.277569 0.137158 0.961543 1 33 1.000000
  33 -26.772938 2.824669 35.427071 -0.822439 -0.563091 -0.080758 0.140938 0.942631 1 33 1.000000
v_hands
  33 -26.472866 2.823949 34.481846 -0.545352 -0.546734 -0.635353 0.133139 0.977192 1 33 1.000000
  33 -26.707329 2.820660 34.866184 -0.844702 -0.457640 -0.277569 0.137158 0.961543 1 33 1.000000
  33 -26.693132 3.086458 34.869049 -0.914064 0.263336 -0.308448 0.128389 0.959853 1 33 1.000000
v_hands
  33 -26.472866 2.823949 34.481846 -0.545352 -0.546734 -0.635353 0.133139 0.977192 1 33 1.000000
  33 -26.693132 3.086458 34.869049 -0.914064 0.263336 -0.308448 0.128389 0.959853 1 33 1.000000
  33 -26.495865 3.070471 34.390385 -0.562233 0.141756 -0.814739 0.124642 0.978065 1 33 1.000000
v_hands
  33 -26.693132 3.086458 34.869049 -0.914064 0.263336 -0.308448 0.128389 0.959853 1 33 1.000000
  33 -26.385935 3.275849 34.508526 -0.453566 0.722259 -0.522130 0.118295 0.973347 1 33 1.000000
  33 -26.495865 3.070471 34.390385 -0.562233 0.141756 -0.814739 0.124642 0.978065 1 33 1.000000
v_hands
  33 -26.707329 2.820660 34.866184 -0.844702 -0.457640 -0.277569 0.137158 0.961543 1 33 1.000000
  33 -26.502579 2.706907 34.883068 -0.090115 -0.992119 -0.087053 0.143031 0.964163 1 33 1.000000
  32 -26.530304 2.701806 35.579735 -0.013738 -0.998406 -0.054744 0.148993 0.937713 1 32 1.000000
v_hands
  33 -26.707329 2.820660 34.866184 -0.844702 -0.457640 -0.277569 0.137158 0.961543 1 33 1.000000
  32 -26.530304 2.701806 35.579735 -0.013738 -0.998406 -0.054744 0.148993 0.937713 1 32 1.000000
  33 -26.772938 2.824669 35.427071 -0.822439 -0.563091 -0.080758 0.140938 0.942631 1 33 1.000000
v_hands
  32 -26.775942 2.798508 35.715591 -0.811752 -0.582241 0.045317 0.143022 0.935401 1 32 1.000000
  33 -26.772938 2.824669 35.427071 -0.822439 -0.563091 -0.080758 0.140938 0.942631 1 33 1.000000
  32 -26.530304 2.701806 35.579735 -0.013738 -0.998406 -0.054744 0.148993 0.937713 1 32 1.000000
v_hands
  31 -26.198915 2.614574 36.690514 -0.065582 -0.989169 -0.131317 0.158671 0.897329 1 31 1.000000
  32 -26.775942 2.798508 35.715591 -0.811752 -0.582241 0.045317 0.143022 0.935401 1 32 1.000000
  32 -26.530304 2.701806 35.579735 -0.013738 -0.998406 -0.054744 0.148993 0.937713 1 32 1.000000
v_hands
  11 26.023285 3.731393 35.958801 0.925249 -0.295467 -0.237937 0.098544 0.917925 2 11 0.799000 10 0.201000
  11 25.927952 3.597747 36.134068 0.381215 -0.919594 -0.094981 0.107693 0.915545 2 11 0.502000 10 0.498000
  11 25.704714 3.572816 35.447487 0.281997 -0.953008 -0.110696 0.097339 0.939670 1 11 1.000000
v_hands
  11 25.927952 3.597747 36.134068 0.381215 -0.919594 -0.094981 0.107693 0.915545 2 11 0.502000 10 0.498000
  11 26.023285 3.731393 35.958801 0.925249 -0.295467 -0.237937 0.098544 0.917925 2 11 0.799000 10 0.201000
  10 26.068262 3.732065 36.233742 0.948673 -0.262631 -0.176194 0.101718 0.908443 2 10 0.805000 11 0.195000
v_hands
  11 25.927952 3.597747 36.134068 0.381215 -0.919594 -0.094981 0.107693 0.915545 2 11 0.502000 10 0.498000
  10 26.068262 3.732065 36.233742 0.948673 -0.262631 -0.176194 0.101718 0.908443 2 10 0.805000 11 0.195000
  10 26.145588 3.693050 36.700188 0.947010 -0.320192 -0.025465 0.108410 0.893708 2 10 0.799000 9 0.201000
v_hands
  11 25.927952 3.597747 36.134068 0.381215 -0.919594 -0.094981 0.107693 0.915545 2 11 0.502000 10 0.498000
  10 26.145588 3.693050 36.700188 0.947010 -0.320192 -0.025465 0.108410 0.893708 2 10 0.799000 9 0.201000
  9 26.038332 3.578738 36.841431 0.492502 -0.870221 -0.012493 0.117416 0.890106 2 9 0.502000 10 0.498000
v_hands
  8 25.642128 3.401114 38.069366 0.839343 0.383721 0.385048 0.130716 0.842662 3 8 0.660046 12 0.177000 9 0.162954
  9 25.798897 3.804427 37.734699 0.895645 0.211138 0.391460 0.114737 0.854002 1 9 1.000000
  8 25.648495 3.746296 38.124882 0.843967 0.273286 0.461557 0.118638 0.841010 2 8 0.610000 9 0.390000
v_hands
  9 25.738256 3.488500 37.672646 0.954657 0.186082 0.232387 0.125346 0.854530 1 9 1.000000
  9 25.798897 3.804427 37.734699 0.895645 0.211138 0.391460 0.114737 0.854002 1 9 1.000000
  8 25.642128 3.401114 38.069366 0.839343 0.383721 0.385048 0.130716 0.842662 3 8 0.660046 12 0.177000 9 0.162954
v_hands
  12 25.895468 3.342332 37.669178 0.627274 0.733757 0.261013 0.132436 0.858448 1 12 1.000000
  9 25.738256 3.488500 37.672646 0.954657 0.186082 0.232387 0.125346 0.854530 1 9 1.000000
  8 25.642128 3.401114 38.069366 0.839343 0.383721 0.385048 0.130716 0.842662 3 8 0.660046 12 0.177000 9 0.162954
v_hands
  12 25.743900 3.434228 37.208244 0.122031 0.960071 -0.251737 0.126364 0.871791 1 12 1.000000
  9 25.738256 3.488500 37.672646 0.954657 0.186082 0.232387 0.125346 0.854530 1 9 1.000000
  12 25.895468 3.342332 37.669178 0.627274 0.733757 0.261013 0.132436 0.858448 1 12 1.000000
v_hands
  12 25.743900 3.434228 37.208244 0.122031 0.960071 -0.251737 0.126364 0.871791 1 12 1.000000
  9 25.697582 3.468857 37.206367 0.428323 -0.643485 -0.634402 0.124737 0.868798 1 9 1.000000
  9 25.738256 3.488500 37.672646 0.954657 0.186082 0.232387 0.125346 0.854530 1 9 1.000000
v_hands
  9 26.038332 3.578738 36.841431 0.492502 -0.870221 -0.012493 0.117416 0.890106 2 9 0.502000 10 0.498000
  9 25.738256 3.488500 37.672646 0.954657 0.186082 0.232387 0.125346 0.854530 1 9 1.000000
  9 25.697582 3.468857 37.206367 0.428323 -0.643485 -0.634402 0.124737 0.868798 1 9 1.000000
v_hands
  9 26.038332 3.578738 36.841431 0.492502 -0.870221 -0.012493 0.117416 0.890106 2 9 0.502000 10 0.498000
  9 26.095165 3.672697 36.976295 0.913658 -0.339422 0.223655 0.112562 0.886209 2 9 0.802000 10 0.198000
  9 25.738256 3.488500 37.672646 0.954657 0.186082 0.232387 0.125346 0.854530 1 9 1.000000
v_hands
  9 26.038332 3.578738 36.841431 0.492502 -0.870221 -0.012493 0.117416 0.890106 2 9 0.502000 10 0.498000
  10 26.145588 3.693050 36.700188 0.947010 -0.320192 -0.025465 0.108410 0.893708 2 10 0.799000 9 0.201000
  9 26.095165 3.672697 36.976295 0.913658 -0.339422 0.223655 0.112562 0.886209 2 9 0.802000 10 0.198000
v_hands
  9 26.095165 3.672697 36.976295 0.913658 -0.339422 0.223655 0.112562 0.886209 2 9 0.802000 10 0.198000
  10 26.145588 3.693050 36.700188 0.947010 -0.320192 -0.025465 0.108410 0.893708 2 10 0.799000 9 0.201000
  10 26.118710 3.914328 36.693100 0.946405 0.321798 -0.027645 0.099404 0.889926 2 10 0.799000 9 0.201000
v_hands
  10 26.068262 3.732065 36.233742 0.948673 -0.262631 -0.176194 0.101718 0.908443 2 10 0.805000 11 0.195000
  10 26.118710 3.914328 36.693100 0.946405 0.321798 -0.027645 0.099404 0.889926 2 10 0.799000 9 0.201000
  10 26.145588 3.693050 36.700188 0.947010 -0.320192 -0.025465 0.108410 0.893708 2 10 0.799000 9 0.201000
v_hands
  10 26.068262 3.732065 36.233742 0.948673 -0.262631 -0.176194 0.101718 0.908443 2 10 0.805000 11 0.195000
  10 26.037638 3.905587 36.233223 0.935093 0.324304 -0.142929 0.093961 0.906252 2 10 0.805000 11 0.195000
  10 26.118710 3.914328 36.693100 0.946405 0.321798 -0.027645 0.099404 0.889926 2 10 0.799000 9 0.201000
v_hands
  10 26.068262 3.732065 36.233742 0.948673 -0.262631 -0.176194 0.101718 0.908443 2 10 0.805000 11 0.195000
  11 25.995132 3.923079 35.972759 0.922536 0.314992 -0.222952 0.090427 0.915499 2 11 0.799000 10 0.201000
  10 26.037638 3.905587 36.233223 0.935093 0.324304 -0.142929 0.093961 0.906252 2 10 0.805000 11 0.195000
v_hands
  10 26.068262 3.732065 36.233742 0.948673 -0.262631 -0.176194 0.101718 0.908443 2 10 0.805000 11 0.195000
  11 26.023285 3.731393 35.958801 0.925249 -0.295467 -0.237937 0.098544 0.917925 2 11 0.799000 10 0.201000
  11 25.995132 3.923079 35.972759 0.922536 0.314992 -0.222952 0.090427 0.915499 2 11 0.799000 10 0.201000
v_hands
  11 25.995132 3.923079 35.972759 0.922536 0.314992 -0.222952 0.090427 0.915499 2 11 0.799000 10 0.201000
  11 26.023285 3.731393 35.958801 0.925249 -0.295467 -0.237937 0.098544 0.917925 2 11 0.799000 10 0.201000
  11 25.815981 3.690337 35.366196 0.854002 -0.389814 -0.344565 0.092092 0.938332 1 11 1.000000
v_hands
  11 26.023285 3.731393 35.958801 0.925249 -0.295467 -0.237937 0.098544 0.917925 2 11 0.799000 10 0.201000
  11 25.704714 3.572816 35.447487 0.281997 -0.953008 -0.110696 0.097339 0.939670 1 11 1.000000
  11 25.815981 3.690337 35.366196 0.854002 -0.389814 -0.344565 0.092092 0.938332 1 11 1.000000
v_hands
  11 25.520008 3.612639 35.036537 0.021516 -0.718923 -0.694756 0.087390 0.959505 1 11 1.000000
  11 25.815981 3.690337 35.366196 0.854002 -0.389814 -0.344565 0.092092 0.938332 1 11 1.000000
  11 25.704714 3.572816 35.447487 0.281997 -0.953008 -0.110696 0.097339 0.939670 1 11 1.000000
v_hands
  9 26.095165 3.672697 36.976295 0.913658 -0.339422 0.223655 0.112562 0.886209 2 9 0.802000 10 0.198000
  10 26.118710 3.914328 36.693100 0.946405 0.321798 -0.027645 0.099404 0.889926 2 10 0.799000 9 0.201000
  9 26.093367 3.902757 37.000435 0.922835 0.288905 0.254772 0.104286 0.880339 2 9 0.802000 10 0.198000
v_hands
  10 26.037638 3.905587 36.233223 0.935093 0.324304 -0.142929 0.093961 0.906252 2 10 0.805000 11 0.195000
  10 25.973608 4.149010 36.728477 0.621069 0.783754 -0.001444 0.090488 0.883969 2 10 0.799000 9 0.201000
  10 26.118710 3.914328 36.693100 0.946405 0.321798 -0.027645 0.099404 0.889926 2 10 0.799000 9 0.201000
v_hands
  9 26.093367 3.902757 37.000435 0.922835 0.288905 0.254772 0.104286 0.880339 2 9 0.802000 10 0.198000
  10 26.118710 3.914328 36.693100 0.946405 0.321798 -0.027645 0.099404 0.889926 2 10 0.799000 9 0.201000
  10 25.973608 4.149010 36.728477 0.621069 0.783754 -0.001444 0.090488 0.883969 2 10 0.799000 9 0.201000
v_hands
  9 26.093367 3.902757 37.000435 0.922835 0.288905 0.254772 0.104286 0.880339 2 9 0.802000 10 0.198000
  10 25.973608 4.149010 36.728477 0.621069 0.783754 -0.001444 0.090488 0.883969 2 10 0.799000 9 0.201000
  9 25.917294 4.133504 36.995239 0.575935 0.780832 0.242074 0.093843 0.875871 2 9 0.802000 10 0.198000
v_hands
  9 25.917294 4.133504 36.995239 0.575935 0.780832 0.242074 0.093843 0.875871 2 9 0.802000 10 0.198000
  9 25.798897 3.804427 37.734699 0.895645 0.211138 0.391460 0.114737 0.854002 1 9 1.000000
  9 26.093367 3.902757 37.000435 0.922835 0.288905 0.254772 0.104286 0.880339 2 9 0.802000 10 0.198000
v_hands
  9 26.095165 3.672697 36.976295 0.913658 -0.339422 0.223655 0.112562 0.886209 2 9 0.802000 10 0.198000
  9 26.093367 3.902757 37.000435 0.922835 0.288905 0.254772 0.104286 0.880339 2 9 0.802000 10 0.198000
  9 25.798897 3.804427 37.734699 0.895645 0.211138 0.391460 0.114737 0.854002 1 9 1.000000
v_hands
  9 26.095165 3.672697 36.976295 0.913658 -0.339422 0.223655 0.112562 0.886209 2 9 0.802000 10 0.198000
  9 25.798897 3.804427 37.734699 0.895645 0.211138 0.391460 0.114737 0.854002 1 9 1.000000
  9 25.738256 3.488500 37.672646 0.954657 0.186082 0.232387 0.125346 0.854530 1 9 1.000000
v_hands
  9 25.917294 4.133504 36.995239 0.575935 0.780832 0.242074 0.093843 0.875871 2 9 0.802000 10 0.198000
  9 25.268305 4.238120 37.453697 -0.057963 0.979091 -0.194991 0.080278 0.846670 1 9 1.000000
  9 25.567945 4.132481 37.726738 0.547136 0.773361 0.320241 0.097306 0.847953 1 9 1.000000
v_hands
  9 25.917294 4.133504 36.995239 0.575935 0.780832 0.242074 0.093843 0.875871 2 9 0.802000 10 0.198000
  9 25.705212 4.237967 36.833893 -0.062013 0.997029 -0.045679 0.081198 0.873712 2 9 0.502000 10 0.498000
  9 25.268305 4.238120 37.453697 -0.057963 0.979091 -0.194991 0.080278 0.846670 1 9 1.000000
v_hands
  9 25.917294 4.133504 36.995239 0.575935 0.780832 0.242074 0.093843 0.875871 2 9 0.802000 10 0.198000
  10 25.973608 4.149010 36.728477 0.621069 0.783754 -0.001444 0.090488 0.883969 2 10 0.799000 9 0.201000
  9 25.705212 4.237967 36.833893 -0.062013 0.997029 -0.045679 0.081198 0.873712 2 9 0.502000 10 0.498000
v_hands
  10 25.929935 4.108976 36.229366 0.652414 0.752317 -0.091517 0.085746 0.901799 2 10 0.805000 11 0.195000
  9 25.705212 4.237967 36.833893 -0.062013 0.997029 -0.045679 0.081198 0.873712 2 9 0.502000 10 0.498000
  10 25.973608 4.149010 36.728477 0.621069 0.783754 -0.001444 0.090488 0.883969 2 10 0.799000 9 0.201000
v_hands
  10 26.037638 3.905587 36.233223 0.935093 0.324304 -0.142929 0.093961 0.906252 2 10 0.805000 11 0.195000
  10 25.929935 4.108976 36.229366 0.652414 0.752317 -0.091517 0.085746 0.901799 2 10 0.805000 11 0.195000
  10 25.973608 4.149010 36.728477 0.621069 0.783754 -0.001444 0.090488 0.883969 2 10 0.799000 9 0.201000
v_hands
  10 26.037638 3.905587 36.233223 0.935093 0.324304 -0.142929 0.093961 0.906252 2 10 0.805000 11 0.195000
  11 25.891357 4.124119 35.992031 0.602132 0.784244 -0.149659 0.082112 0.910360 2 11 0.799000 10 0.201000
  10 25.929935 4.108976 36.229366 0.652414 0.752317 -0.091517 0.085746 0.901799 2 10 0.805000 11 0.195000
v_hands
  10 26.037638 3.905587 36.233223 0.935093 0.324304 -0.142929 0.093961 0.906252 2 10 0.805000 11 0.195000
  11 25.995132 3.923079 35.972759 0.922536 0.314992 -0.222952 0.090427 0.915499 2 11 0.799000 10 0.201000
  11 25.891357 4.124119 35.992031 0.602132 0.784244 -0.149659 0.082112 0.910360 2 11 0.799000 10 0.201000
v_hands
  11 25.891357 4.124119 35.992031 0.602132 0.784244 -0.149659 0.082112 0.910360 2 11 0.799000 10 0.201000
  11 25.995132 3.923079 35.972759 0.922536 0.314992 -0.222952 0.090427 0.915499 2 11 0.799000 10 0.201000
  11 25.797243 3.901100 35.356720 0.891739 0.264824 -0.366974 0.083035 0.936526 1 11 1.000000
v_hands
  11 25.995132 3.923079 35.972759 0.922536 0.314992 -0.222952 0.090427 0.915499 2 11 0.799000 10 0.201000
  11 25.815981 3.690337 35.366196 0.854002 -0.389814 -0.344565 0.092092 0.938332 1 11 1.000000
  11 25.797243 3.901100 35.356720 0.891739 0.264824 -0.366974 0.083035 0.936526 1 11 1.000000
v_hands
  11 25.797243 3.901100 35.356720 0.891739 0.264824 -0.366974 0.083035 0.936526 1 11 1.000000
  11 25.815981 3.690337 35.366196 0.854002 -0.389814 -0.344565 0.092092 0.938332 1 11 1.000000
  11 25.654417 3.686132 35.018845 0.538535 -0.411443 -0.735319 0.084035 0.954509 1 11 1.000000
v_hands
  11 25.520008 3.612639 35.036537 0.021516 -0.718923 -0.694756 0.087390 0.959505 1 11 1.000000
  11 25.654417 3.686132 35.018845 0.538535 -0.411443 -0.735319 0.084035 0.954509 1 11 1.000000
  11 25.815981 3.690337 35.366196 0.854002 -0.389814 -0.344565 0.092092 0.938332 1 11 1.000000
v_hands
  11 25.520008 3.612639 35.036537 0.021516 -0.718923 -0.694756 0.087390 0.959505 1 11 1.000000
  11 25.633522 3.857075 35.002502 0.505048 0.183242 -0.843415 0.076740 0.953232 1 11 1.000000
  11 25.654417 3.686132 35.018845 0.538535 -0.411443 -0.735319 0.084035 0.954509 1 11 1.000000
v_hands
  11 25.520008 3.612639 35.036537 0.021516 -0.718923 -0.694756 0.087390 0.959505 1 11 1.000000
  11 25.459457 3.828528 34.999172 -0.317094 -0.015320 -0.948270 0.074962 0.958347 1 11 1.000000
  11 25.633522 3.857075 35.002502 0.505048 0.183242 -0.843415 0.076740 0.953232 1 11 1.000000
v_hands
  11 25.633522 3.857075 35.002502 0.505048 0.183242 -0.843415 0.076740 0.953232 1 11 1.000000
  11 25.459457 3.828528 34.999172 -0.317094 -0.015320 -0.948270 0.074962 0.958347 1 11 1.000000
  11 25.418331 4.016930 35.054710 -0.343164 0.696774 -0.629877 0.065157 0.950980 1 11 1.000000
v_hands
  11 25.633522 3.857075 35.002502 0.505048 0.183242 -0.843415 0.076740 0.953232 1 11 1.000000
  11 25.418331 4.016930 35.054710 -0.343164 0.696774 -0.629877 0.065157 0.950980 1 11 1.000000
  11 25.581139 4.004784 35.053764 0.355874 0.668819 -0.652713 0.070574 0.949841 1 11 1.000000
v_hands
  11 25.577986 4.130268 35.452358 -0.142767 0.984399 -0.102839 0.070498 0.930212 1 11 1.000000
  11 25.581139 4.004784 35.053764 0.355874 0.668819 -0.652713 0.070574 0.949841 1 11 1.000000
  11 25.418331 4.016930 35.054710 -0.343164 0.696774 -0.629877 0.065157 0.950980 1 11 1.000000
v_hands
  11 25.577986 4.130268 35.452358 -0.142767 0.984399 -0.102839 0.070498 0.930212 1 11 1.000000
  11 25.715094 4.081372 35.394104 0.575951 0.759779 -0.301689 0.075819 0.931709 1 11 1.000000
  11 25.581139 4.004784 35.053764 0.355874 0.668819 -0.652713 0.070574 0.949841 1 11 1.000000
v_hands
  11 25.581139 4.004784 35.053764 0.355874 0.668819 -0.652713 0.070574 0.949841 1 11 1.000000
  11 25.715094 4.081372 35.394104 0.575951 0.759779 -0.301689 0.075819 0.931709 1 11 1.000000
  11 25.797243 3.901100 35.356720 0.891739 0.264824 -0.366974 0.083035 0.936526 1 11 1.000000
v_hands
  11 25.581139 4.004784 35.053764 0.355874 0.668819 -0.652713 0.070574 0.949841 1 11 1.000000
  11 25.797243 3.901100 35.356720 0.891739 0.264824 -0.366974 0.083035 0.936526 1 11 1.000000
  11 25.633522 3.857075 35.002502 0.505048 0.183242 -0.843415 0.076740 0.953232 1 11 1.000000
v_hands
  11 25.797243 3.901100 35.356720 0.891739 0.264824 -0.366974 0.083035 0.936526 1 11 1.000000
  11 25.654417 3.686132 35.018845 0.538535 -0.411443 -0.735319 0.084035 0.954509 1 11 1.000000
  11 25.633522 3.857075 35.002502 0.505048 0.183242 -0.843415 0.076740 0.953232 1 11 1.000000
v_hands
  11 25.891357 4.124119 35.992031 0.602132 0.784244 -0.149659 0.082112 0.910360 2 11 0.799000 10 0.201000
  11 25.797243 3.901100 35.356720 0.891739 0.264824 -0.366974 0.083035 0.936526 1 11 1.000000
  11 25.715094 4.081372 35.394104 0.575951 0.759779 -0.301689 0.075819 0.931709 1 11 1.000000
v_hands
  11 25.691528 4.181045 36.116333 -0.179942 0.983228 -0.029712 0.076652 0.901026 2 11 0.502000 10 0.498000
  11 25.891357 4.124119 35.992031 0.602132 0.784244 -0.149659 0.082112 0.910360 2 11 0.799000 10 0.201000
  11 25.715094 4.081372 35.394104 0.575951 0.759779 -0.301689 0.075819 0.931709 1 11 1.000000
v_hands
  10 25.929935 4.108976 36.229366 0.652414 0.752317 -0.091517 0.085746 0.901799 2 10 0.805000 11 0.195000
  11 25.891357 4.124119 35.992031 0.602132 0.784244 -0.149659 0.082112 0.910360 2 11 0.799000 10 0.201000
  11 25.691528 4.181045 36.116333 -0.179942 0.983228 -0.029712 0.076652 0.901026 2 11 0.502000 10 0.498000
v_hands
  10 25.929935 4.108976 36.229366 0.652414 0.752317 -0.091517 0.085746 0.901799 2 10 0.805000 11 0.195000
  11 25.691528 4.181045 36.116333 -0.179942 0.983228 -0.029712 0.076652 0.901026 2 11 0.502000 10 0.498000
  9 25.705212 4.237967 36.833893 -0.062013 0.997029 -0.045679 0.081198 0.873712 2 9 0.502000 10 0.498000
v_hands
  11 25.691528 4.181045 36.116333 -0.179942 0.983228 -0.029712 0.076652 0.901026 2 11 0.502000 10 0.498000
  11 25.715094 4.081372 35.394104 0.575951 0.759779 -0.301689 0.075819 0.931709 1 11 1.000000
  11 25.577986 4.130268 35.452358 -0.142767 0.984399 -0.102839 0.069627 0.929776 1 11 1.000000
v_hands
  8 25.243952 4.198906 38.080509 0.459605 0.836369 0.298746 0.093794 0.834348 2 8 0.772000 9 0.228000
  9 25.268305 4.238120 37.453697 -0.057963 0.979091 -0.194991 0.080278 0.846670 1 9 1.000000
  8 24.934393 4.284494 37.849640 0.082601 0.994969 -0.056686 0.078889 0.833566 2 8 0.772000 9 0.228000
v_hands
  8 25.243952 4.198906 38.080509 0.459605 0.836369 0.298746 0.093794 0.834348 2 8 0.772000 9 0.228000
  9 25.567945 4.132481 37.726738 0.547136 0.773361 0.320241 0.097306 0.847953 1 9 1.000000
  9 25.268305 4.238120 37.453697 -0.057963 0.979091 -0.194991 0.080278 0.846670 1 9 1.000000
v_hands
  8 22.231062 3.765797 40.391785 -0.690614 0.707097 -0.151878 0.041690 0.732320 2 8 0.691000 7 0.309000
  7 21.944235 3.649546 40.828323 -0.582334 0.724436 -0.368888 0.044794 0.715907 2 7 0.916000 8 0.084000
  7 22.443092 3.852105 41.042015 -0.168630 0.984067 -0.056349 0.073954 0.720686 2 7 0.904000 8 0.096000
v_hands
  8 22.231062 3.765797 40.391785 -0.690614 0.707097 -0.151878 0.041690 0.732320 2 8 0.691000 7 0.309000
  7 22.443092 3.852105 41.042015 -0.168630 0.984067 -0.056349 0.073954 0.720686 2 7 0.904000 8 0.096000
  8 22.707348 3.993001 40.699409 -0.243468 0.940991 0.235074 0.076213 0.733459 2 8 0.691000 7 0.309000
v_hands
  8 22.231062 3.765797 40.391785 -0.690614 0.707097 -0.151878 0.041690 0.732320 2 8 0.691000 7 0.309000
  8 22.707348 3.993001 40.699409 -0.243468 0.940991 0.235074 0.076213 0.733459 2 8 0.691000 7 0.309000
  8 23.095230 4.265775 40.219234 -0.048603 0.969602 0.239810 0.076691 0.752951 1 8 1.000000
v_hands
  8 22.231062 3.765797 40.391785 -0.690614 0.707097 -0.151878 0.041690 0.732320 2 8 0.691000 7 0.309000
  8 23.095230 4.265775 40.219234 -0.048603 0.969602 0.239810 0.076691 0.752951 1 8 1.000000
  8 22.565166 4.087857 39.861145 -0.641631 0.736753 -0.213320 0.044606 0.752473 2 8 0.556000 7 0.444000
v_hands
  8 23.847393 4.356897 39.352642 0.125394 0.977637 0.168823 0.080594 0.788270 1 8 1.000000
  8 22.565166 4.087857 39.861145 -0.641631 0.736753 -0.213320 0.044606 0.752473 2 8 0.556000 7 0.444000
  8 23.095230 4.265775 40.219234 -0.048603 0.969602 0.239810 0.076691 0.752951 1 8 1.000000
v_hands
  8 24.175312 4.115234 39.497631 0.510315 0.737364 0.442575 0.100814 0.789541 1 8 1.000000
  8 23.847393 4.356897 39.352642 0.125394 0.977637 0.168823 0.080594 0.788270 1 8 1.000000
  8 23.095230 4.265775 40.219234 -0.048603 0.969602 0.239810 0.076691 0.752951 1 8 1.000000
v_hands
  8 23.847393 4.356897 39.352642 0.125394 0.977637 0.168823 0.080594 0.788270 1 8 1.000000
  8 24.175312 4.115234 39.497631 0.510315 0.737364 0.442575 0.100814 0.789541 1 8 1.000000
  8 24.744823 4.184675 38.656185 0.485785 0.778230 0.397958 0.095423 0.816922 1 8 1.000000
v_hands
  8 24.744823 4.184675 38.656185 0.485785 0.778230 0.397958 0.095423 0.816922 1 8 1.000000
  8 24.175312 4.115234 39.497631 0.510315 0.737364 0.442575 0.100814 0.789541 1 8 1.000000
  8 25.503868 3.742713 38.341640 0.770290 0.275501 0.575111 0.119465 0.834749 2 8 0.610000 9 0.390000
v_hands
  8 25.243952 4.198906 38.080509 0.459605 0.836369 0.298746 0.093794 0.834348 2 8 0.772000 9 0.228000
  8 24.744823 4.184675 38.656185 0.485785 0.778230 0.397958 0.095423 0.816922 1 8 1.000000
  8 25.503868 3.742713 38.341640 0.770290 0.275501 0.575111 0.119465 0.834749 2 8 0.610000 9 0.390000
v_hands
  8 24.486252 4.355888 38.498104 0.145881 0.984430 0.098062 0.082903 0.815583 1 8 1.000000
  8 24.744823 4.184675 38.656185 0.485785 0.778230 0.397958 0.095423 0.816922 1 8 1.000000
  8 25.243952 4.198906 38.080509 0.459605 0.836369 0.298746 0.093794 0.834348 2 8 0.772000 9 0.228000
v_hands
  8 24.486252 4.355888 38.498104 0.145881 0.984430 0.098062 0.082903 0.815583 1 8 1.000000
  8 25.243952 4.198906 38.080509 0.459605 0.836369 0.298746 0.093794 0.834348 2 8 0.772000 9 0.228000
  8 24.934393 4.284494 37.849640 0.082601 0.994969 -0.056686 0.078889 0.833566 2 8 0.772000 9 0.228000
v_hands
  8 24.102440 4.299317 38.149105 -0.440129 0.763645 -0.472369 0.056891 0.817165 1 8 1.000000
  8 24.486252 4.355888 38.498104 0.145881 0.984430 0.098062 0.082903 0.815583 1 8 1.000000
  8 24.934393 4.284494 37.849640 0.082601 0.994969 -0.056686 0.078889 0.833566 2 8 0.772000 9 0.228000
v_hands
  8 24.102440 4.299317 38.149105 -0.440129 0.763645 -0.472369 0.056891 0.817165 1 8 1.000000
  8 24.934393 4.284494 37.849640 0.082601 0.994969 -0.056686 0.078889 0.833566 2 8 0.772000 9 0.228000
  8 24.581667 4.240612 37.720848 -0.421845 0.685399 -0.593528 0.058668 0.830198 2 8 0.772000 9 0.228000
v_hands
  8 24.581667 4.240612 37.720848 -0.421845 0.685399 -0.593528 0.058668 0.830198 2 8 0.772000 9 0.228000
  8 24.934393 4.284494 37.849640 0.082601 0.994969 -0.056686 0.078889 0.833566 2 8 0.772000 9 0.228000
  9 25.268305 4.238120 37.453697 -0.057963 0.979091 -0.194991 0.080278 0.846670 1 9 1.000000
v_hands
  8 24.581667 4.240612 37.720848 -0.421845 0.685399 -0.593528 0.058668 0.830198 2 8 0.772000 9 0.228000
  9 25.268305 4.238120 37.453697 -0.057963 0.979091 -0.194991 0.080278 0.846670 1 9 1.000000
  9 25.040884 3.921282 37.191795 -0.680245 0.284680 -0.675443 0.060950 0.841176 2 9 0.778000 8 0.222000
v_hands
  8 23.298904 4.216247 38.972301 -0.538615 0.737148 -0.408052 0.053752 0.788910 1 8 1.000000
  8 24.486252 4.355888 38.498104 0.145881 0.984430 0.098062 0.082903 0.815583 1 8 1.000000
  8 24.102440 4.299317 38.149105 -0.440129 0.763645 -0.472369 0.056891 0.817165 1 8 1.000000
v_hands
  8 23.298904 4.216247 38.972301 -0.538615 0.737148 -0.408052 0.053752 0.788910 1 8 1.000000
  8 23.847393 4.356897 39.352642 0.125394 0.977637 0.168823 0.080594 0.788270 1 8 1.000000
  8 24.486252 4.355888 38.498104 0.145881 0.984430 0.098062 0.082903 0.815583 1 8 1.000000
v_hands
  8 23.847393 4.356897 39.352642 0.125394 0.977637 0.168823 0.080594 0.788270 1 8 1.000000
  8 24.744823 4.184675 38.656185 0.485785 0.778230 0.397958 0.095423 0.816922 1 8 1.000000
  8 24.486252 4.355888 38.498104 0.145881 0.984430 0.098062 0.082903 0.815583 1 8 1.000000
v_hands
  8 23.847393 4.356897 39.352642 0.125394 0.977637 0.168823 0.080594 0.788270 1 8 1.000000
  8 23.298904 4.216247 38.972301 -0.538615 0.737148 -0.408052 0.053752 0.788910 1 8 1.000000
  8 22.565166 4.087857 39.861145 -0.641631 0.736753 -0.213320 0.044606 0.752473 2 8 0.556000 7 0.444000
v_hands
  8 25.446630 3.453248 38.354904 0.796069 0.333961 0.504722 0.128932 0.834755 1 8 1.000000
  8 25.503868 3.742713 38.341640 0.770290 0.275501 0.575111 0.119465 0.834749 2 8 0.610000 9 0.390000
  8 24.515163 3.718952 39.597702 0.676092 0.509923 0.531864 0.123422 0.792956 1 8 1.000000
v_hands
  8 24.175312 4.115234 39.497631 0.510315 0.737364 0.442575 0.100814 0.789541 1 8 1.000000
  8 24.515163 3.718952 39.597702 0.676092 0.509923 0.531864 0.123422 0.792956 1 8 1.000000
  8 25.503868 3.742713 38.341640 0.770290 0.275501 0.575111 0.119465 0.834749 2 8 0.610000 9 0.390000
v_hands
  8 24.175312 4.115234 39.497631 0.510315 0.737364 0.442575 0.100814 0.789541 1 8 1.000000
  8 23.523199 3.996614 40.421688 0.473123 0.735248 0.485351 0.099267 0.753878 1 8 1.000000
  8 24.515163 3.718952 39.597702 0.676092 0.509923 0.531864 0.123422 0.792956 1 8 1.000000
v_hands
  8 24.175312 4.115234 39.497631 0.510315 0.737364 0.442575 0.100814 0.789541 1 8 1.000000
  8 23.095230 4.265775 40.219234 -0.048603 0.969602 0.239810 0.076691 0.752951 1 8 1.000000
  8 23.523199 3.996614 40.421688 0.473123 0.735248 0.485351 0.099267 0.753878 1 8 1.000000
v_hands
  8 23.120077 3.853238 40.958466 0.384927 0.830091 0.403459 0.099816 0.731920 2 8 0.691000 7 0.309000
  8 23.523199 3.996614 40.421688 0.473123 0.735248 0.485351 0.099267 0.753878 1 8 1.000000
  8 23.095230 4.265775 40.219234 -0.048603 0.969602 0.239810 0.076691 0.752951 1 8 1.000000
v_hands
  8 23.120077 3.853238 40.958466 0.384927 0.830091 0.403459 0.099816 0.731920 2 8 0.691000 7 0.309000
  8 23.095230 4.265775 40.219234 -0.048603 0.969602 0.239810 0.076691 0.752951 1 8 1.000000
  8 22.707348 3.993001 40.699409 -0.243468 0.940991 0.235074 0.076213 0.733459 2 8 0.691000 7 0.309000
v_hands
  8 22.707348 3.993001 40.699409 -0.243468 0.940991 0.235074 0.076213 0.733459 2 8 0.691000 7 0.309000
  7 22.910498 3.831679 41.253777 0.314290 0.937325 0.150477 0.097706 0.721945 2 7 0.904000 8 0.096000
  8 23.120077 3.853238 40.958466 0.384927 0.830091 0.403459 0.099816 0.731920 2 8 0.691000 7 0.309000
v_hands
  8 22.707348 3.993001 40.699409 -0.243468 0.940991 0.235074 0.076213 0.733459 2 8 0.691000 7 0.309000
  7 22.443092 3.852105 41.042015 -0.168630 0.984067 -0.056349 0.073954 0.720686 2 7 0.904000 8 0.096000
  7 22.910498 3.831679 41.253777 0.314290 0.937325 0.150477 0.097706 0.721945 2 7 0.904000 8 0.096000
v_hands
  7 22.910498 3.831679 41.253777 0.314290 0.937325 0.150477 0.097706 0.721945 2 7 0.904000 8 0.096000
  7 22.443092 3.852105 41.042015 -0.168630 0.984067 -0.056349 0.073954 0.720686 2 7 0.904000 8 0.096000
  7 22.331352 3.890818 41.205196 -0.093136 0.967597 -0.234695 0.074471 0.714706 2 7 0.934000 8 0.066000
v_hands
  7 21.944235 3.649546 40.828323 -0.582334 0.724436 -0.368888 0.044794 0.715907 2 7 0.916000 8 0.084000
  7 22.331352 3.890818 41.205196 -0.093136 0.967597 -0.234695 0.074471 0.714706 2 7 0.934000 8 0.066000
  7 22.443092 3.852105 41.042015 -0.168630 0.984067 -0.056349 0.073954 0.720686 2 7 0.904000 8 0.096000
v_hands
  7 22.331352 3.890818 41.205196 -0.093136 0.967597 -0.234695 0.074471 0.714706 2 7 0.934000 8 0.066000
  7 21.944235 3.649546 40.828323 -0.582334 0.724436 -0.368888 0.044794 0.715907 2 7 0.916000 8 0.084000
  7 21.616804 3.650355 41.202522 -0.470589 0.731609 -0.493248 0.044389 0.700194 1 7 1.000000
v_hands
  7 22.155622 3.924251 41.462917 -0.207619 0.973491 -0.095961 0.075075 0.708202 1 7 1.000000
  7 22.780441 3.899752 41.515312 0.345774 0.938250 0.011264 0.097276 0.714029 2 7 0.934000 8 0.066000
  7 22.331352 3.890818 41.205196 -0.093136 0.967597 -0.234695 0.074471 0.714706 2 7 0.934000 8 0.066000
v_hands
  7 22.910498 3.831679 41.253777 0.314290 0.937325 0.150477 0.097706 0.721945 2 7 0.904000 8 0.096000
  7 22.331352 3.890818 41.205196 -0.093136 0.967597 -0.234695 0.074471 0.714706 2 7 0.934000 8 0.066000
  7 22.780441 3.899752 41.515312 0.345774 0.938250 0.011264 0.097276 0.714029 2 7 0.934000 8 0.066000
v_hands
  7 23.225212 3.557519 41.499084 0.759777 0.575378 0.302785 0.124690 0.722075 2 7 0.904000 8 0.096000
  7 22.910498 3.831679 41.253777 0.314290 0.937325 0.150477 0.097706 0.721945 2 7 0.904000 8 0.096000
  7 22.780441 3.899752 41.515312 0.345774 0.938250 0.011264 0.097276 0.714029 2 7 0.934000 8 0.066000
v_hands
  7 22.910498 3.831679 41.253777 0.314290 0.937325 0.150477 0.097706 0.721945 2 7 0.904000 8 0.096000
  7 23.225212 3.557519 41.499084 0.759777 0.575378 0.302785 0.124690 0.722075 2 7 0.904000 8 0.096000
  8 23.120077 3.853238 40.958466 0.384927 0.830091 0.403459 0.099816 0.731920 2 8 0.691000 7 0.309000
v_hands
  8 23.120077 3.853238 40.958466 0.384927 0.830091 0.403459 0.099816 0.731920 2 8 0.691000 7 0.309000
  7 23.225212 3.557519 41.499084 0.759777 0.575378 0.302785 0.124690 0.722075 2 7 0.904000 8 0.096000
  8 23.646839 3.226377 41.113983 0.746139 0.343725 0.570202 0.138193 0.738444 2 8 0.691000 7 0.309000
v_hands
  8 23.120077 3.853238 40.958466 0.384927 0.830091 0.403459 0.099816 0.731920 2 8 0.691000 7 0.309000
  8 23.646839 3.226377 41.113983 0.746139 0.343725 0.570202 0.138193 0.738444 2 8 0.691000 7 0.309000
  8 23.523199 3.996614 40.421688 0.473123 0.735248 0.485351 0.099267 0.753878 1 8 1.000000
v_hands
  8 23.523199 3.996614 40.421688 0.473123 0.735248 0.485351 0.099267 0.753878 1 8 1.000000
  8 23.646839 3.226377 41.113983 0.746139 0.343725 0.570202 0.138193 0.738444 2 8 0.691000 7 0.309000
  8 23.994692 3.199633 40.732586 0.735887 0.311310 0.601295 0.139279 0.754740 1 8 1.000000
v_hands
  8 23.523199 3.996614 40.421688 0.473123 0.735248 0.485351 0.099267 0.753878 1 8 1.000000
  8 23.994692 3.199633 40.732586 0.735887 0.311310 0.601295 0.139279 0.754740 1 8 1.000000
  8 24.515163 3.718952 39.597702 0.676092 0.509923 0.531864 0.123422 0.792956 1 8 1.000000
v_hands
  8 24.771088 3.124191 39.601791 0.761716 0.248386 0.598408 0.142299 0.797828 1 8 1.000000
  8 24.515163 3.718952 39.597702 0.676092 0.509923 0.531864 0.123422 0.792956 1 8 1.000000
  8 23.994692 3.199633 40.732586 0.735887 0.311310 0.601295 0.139279 0.754740 1 8 1.000000
v_hands
  8 25.747665 3.107166 38.548733 0.759969 0.411445 0.503151 0.143067 0.835106 2 8 0.781000 12 0.219000
  8 24.515163 3.718952 39.597702 0.676092 0.509923 0.531864 0.123422 0.792956 1 8 1.000000
  8 24.771088 3.124191 39.601791 0.761716 0.248386 0.598408 0.142299 0.797828 1 8 1.000000
v_hands
  8 25.446630 3.453248 38.354904 0.796069 0.333961 0.504722 0.128932 0.834755 1 8 1.000000
  8 24.515163 3.718952 39.597702 0.676092 0.509923 0.531864 0.123422 0.792956 1 8 1.000000
  8 25.747665 3.107166 38.548733 0.759969 0.411445 0.503151 0.143067 0.835106 2 8 0.781000 12 0.219000
v_hands
  8 25.642128 3.401114 38.069366 0.839343 0.383721 0.385048 0.130716 0.842662 3 8 0.660046 12 0.177000 9 0.162954
  8 25.446630 3.453248 38.354904 0.796069 0.333961 0.504722 0.128932 0.834755 1 8 1.000000
  8 25.747665 3.107166 38.548733 0.759969 0.411445 0.503151 0.143067 0.835106 2 8 0.781000 12 0.219000
v_hands
  8 25.642128 3.401114 38.069366 0.839343 0.383721 0.385048 0.130716 0.842662 3 8 0.660046 12 0.177000 9 0.162954
  8 25.503868 3.742713 38.341640 0.770290 0.275501 0.575111 0.119465 0.834749 2 8 0.610000 9 0.390000
  8 25.446630 3.453248 38.354904 0.796069 0.333961 0.504722 0.128932 0.834755 1 8 1.000000
v_hands
  8 25.642128 3.401114 38.069366 0.839343 0.383721 0.385048 0.130716 0.842662 3 8 0.660046 12 0.177000 9 0.162954
  8 25.648495 3.746296 38.124882 0.843967 0.273286 0.461557 0.118638 0.841010 2 8 0.610000 9 0.390000
  8 25.503868 3.742713 38.341640 0.770290 0.275501 0.575111 0.119465 0.834749 2 8 0.610000 9 0.390000
v_hands
  8 25.243952 4.198906 38.080509 0.459605 0.836369 0.298746 0.093794 0.834348 2 8 0.772000 9 0.228000
  8 25.503868 3.742713 38.341640 0.770290 0.275501 0.575111 0.119465 0.834749 2 8 0.610000 9 0.390000
  8 25.648495 3.746296 38.124882 0.843967 0.273286 0.461557 0.118638 0.841010 2 8 0.610000 9 0.390000
v_hands
  8 25.648495 3.746296 38.124882 0.843967 0.273286 0.461557 0.118638 0.841010 2 8 0.610000 9 0.390000
  9 25.798897 3.804427 37.734699 0.895645 0.211138 0.391460 0.114737 0.854002 1 9 1.000000
  8 25.243952 4.198906 38.080509 0.459605 0.836369 0.298746 0.093794 0.834348 2 8 0.772000 9 0.228000
v_hands
  8 25.243952 4.198906 38.080509 0.459605 0.836369 0.298746 0.093794 0.834348 2 8 0.772000 9 0.228000
  9 25.798897 3.804427 37.734699 0.895645 0.211138 0.391460 0.114737 0.854002 1 9 1.000000
  9 25.567945 4.132481 37.726738 0.547136 0.773361 0.320241 0.097306 0.847953 1 9 1.000000
v_hands
  9 25.917294 4.133504 36.995239 0.575935 0.780832 0.242074 0.093843 0.875871 2 9 0.802000 10 0.198000
  9 25.567945 4.132481 37.726738 0.547136 0.773361 0.320241 0.097306 0.847953 1 9 1.000000
  9 25.798897 3.804427 37.734699 0.895645 0.211138 0.391460 0.114737 0.854002 1 9 1.000000
v_hands
  7 21.150515 3.995485 43.410332 0.439222 0.881055 0.175576 0.097536 0.634276 1 7 1.000000
  7 21.446320 3.597507 43.857624 0.689003 0.618773 0.377352 0.123695 0.627491 1 7 1.000000
  7 22.462818 3.078824 42.828289 0.767850 0.310646 0.560272 0.141893 0.675117 1 7 1.000000
v_hands
  7 21.150515 3.995485 43.410332 0.439222 0.881055 0.175576 0.097536 0.634276 1 7 1.000000
  7 22.462818 3.078824 42.828289 0.767850 0.310646 0.560272 0.141893 0.675117 1 7 1.000000
  7 22.071346 3.770663 42.509769 0.419635 0.818878 0.391593 0.106638 0.674635 1 7 1.000000
v_hands
  7 20.652782 4.142998 42.997910 0.007674 0.975877 -0.218185 0.063150 0.635258 1 7 1.000000
  7 21.150515 3.995485 43.410332 0.439222 0.881055 0.175576 0.097536 0.634276 1 7 1.000000
  7 22.071346 3.770663 42.509769 0.419635 0.818878 0.391593 0.106638 0.674635 1 7 1.000000
v_hands
  7 20.652782 4.142998 42.997910 0.007674 0.975877 -0.218185 0.063150 0.635258 1 7 1.000000
  7 22.071346 3.770663 42.509769 0.419635 0.818878 0.391593 0.106638 0.674635 1 7 1.000000
  7 21.631588 3.949553 42.137863 0.028133 0.995290 -0.092772 0.072856 0.675932 1 7 1.000000
v_hands
  7 21.631588 3.949553 42.137863 0.028133 0.995290 -0.092772 0.072856 0.675932 1 7 1.000000
  7 22.071346 3.770663 42.509769 0.419635 0.818878 0.391593 0.106638 0.674635 1 7 1.000000
  7 22.344387 3.829050 42.092049 0.174244 0.925824 0.335393 0.100996 0.691056 1 7 1.000000
v_hands
  7 21.631588 3.949553 42.137863 0.028133 0.995290 -0.092772 0.072856 0.675932 1 7 1.000000
  7 22.344387 3.829050 42.092049 0.174244 0.925824 0.335393 0.100996 0.691056 1 7 1.000000
  7 22.045414 3.882040 41.604774 -0.196210 0.979704 -0.041001 0.075608 0.698965 1 7 1.000000
v_hands
  7 22.045414 3.882040 41.604774 -0.196210 0.979704 -0.041001 0.075608 0.698965 1 7 1.000000
  7 22.344387 3.829050 42.092049 0.174244 0.925824 0.335393 0.100996 0.691056 1 7 1.000000
  7 22.567251 3.943044 41.871208 0.174328 0.939464 0.294986 0.097574 0.701510 1 7 1.000000
v_hands
  7 22.045414 3.882040 41.604774 -0.196210 0.979704 -0.041001 0.075608 0.698965 1 7 1.000000
  7 22.567251 3.943044 41.871208 0.174328 0.939464 0.294986 0.097574 0.701510 1 7 1.000000
  7 22.155622 3.924251 41.462917 -0.207619 0.973491 -0.095961 0.075075 0.708202 1 7 1.000000
v_hands
  7 22.155622 3.924251 41.462917 -0.207619 0.973491 -0.095961 0.075075 0.708202 1 7 1.000000
  7 22.567251 3.943044 41.871208 0.174328 0.939464 0.294986 0.097574 0.701510 1 7 1.000000
  7 22.780441 3.899752 41.515312 0.345774 0.938250 0.011264 0.097276 0.714029 2 7 0.934000 8 0.066000
v_hands
  7 22.567251 3.943044 41.871208 0.174328 0.939464 0.294986 0.097574 0.701510 1 7 1.000000
  7 23.137680 3.601015 41.740990 0.781892 0.532310 0.324486 0.124935 0.714654 2 7 0.934000 8 0.066000
  7 22.780441 3.899752 41.515312 0.345774 0.938250 0.011264 0.097276 0.714029 2 7 0.934000 8 0.066000
v_hands
  7 23.225212 3.557519 41.499084 0.759777 0.575378 0.302785 0.124690 0.722075 2 7 0.904000 8 0.096000
  7 22.780441 3.899752 41.515312 0.345774 0.938250 0.011264 0.097276 0.714029 2 7 0.934000 8 0.066000
  7 23.137680 3.601015 41.740990 0.781892 0.532310 0.324486 0.124935 0.714654 2 7 0.934000 8 0.066000
v_hands
  7 23.252636 3.203889 41.655731 0.862238 0.154055 0.482506 0.138593 0.717318 2 7 0.904000 8 0.096000
  7 23.225212 3.557519 41.499084 0.759777 0.575378 0.302785 0.124690 0.722075 2 7 0.904000 8 0.096000
  7 23.137680 3.601015 41.740990 0.781892 0.532310 0.324486 0.124935 0.714654 2 7 0.934000 8 0.066000
v_hands
  8 23.646839 3.226377 41.113983 0.746139 0.343725 0.570202 0.138193 0.738444 2 8 0.691000 7 0.309000
  7 23.225212 3.557519 41.499084 0.759777 0.575378 0.302785 0.124690 0.722075 2 7 0.904000 8 0.096000
  7 23.252636 3.203889 41.655731 0.862238 0.154055 0.482506 0.138593 0.717318 2 7 0.904000 8 0.096000
v_hands
  8 23.753263 2.109505 41.124069 0.800723 -0.101785 0.590324 0.173527 0.739864 2 8 0.691000 7 0.309000
  8 23.646839 3.226377 41.113983 0.746139 0.343725 0.570202 0.138193 0.738444 2 8 0.691000 7 0.309000
  7 23.252636 3.203889 41.655731 0.862238 0.154055 0.482506 0.138593 0.717318 2 7 0.904000 8 0.096000
v_hands
  8 23.753263 2.109505 41.124069 0.800723 -0.101785 0.590324 0.173527 0.739864 2 8 0.691000 7 0.309000
  8 23.994692 3.199633 40.732586 0.735887 0.311310 0.601295 0.139279 0.754740 1 8 1.000000
  8 23.646839 3.226377 41.113983 0.746139 0.343725 0.570202 0.138193 0.738444 2 8 0.691000 7 0.309000
v_hands
  8 23.753263 2.109505 41.124069 0.800723 -0.101785 0.590324 0.173527 0.739864 2 8 0.691000 7 0.309000
  7 23.252636 3.203889 41.655731 0.862238 0.154055 0.482506 0.138593 0.717318 2 7 0.904000 8 0.096000
  7 23.316290 2.055106 41.677986 0.796020 -0.098964 0.597125 0.174918 0.717553 2 7 0.904000 8 0.096000
v_hands
  7 22.498966 2.095732 42.850613 0.823665 -0.137579 0.550134 0.172971 0.672602 1 7 1.000000
  7 23.008331 2.062141 42.068386 0.802358 -0.105643 0.587419 0.174464 0.701850 1 7 1.000000
  7 22.851988 3.068608 42.283329 0.746112 0.126987 0.653599 0.142526 0.693941 1 7 1.000000
v_hands
  7 22.851988 3.068608 42.283329 0.746112 0.126987 0.653599 0.142526 0.693941 1 7 1.000000
  7 23.008331 2.062141 42.068386 0.802358 -0.105643 0.587419 0.174464 0.701850 1 7 1.000000
  7 23.043055 3.135077 42.086212 0.787375 0.101503 0.608060 0.140549 0.706067 1 7 1.000000
v_hands
  7 23.043055 3.135077 42.086212 0.787375 0.101503 0.608060 0.140549 0.706067 1 7 1.000000
  7 23.008331 2.062141 42.068386 0.802358 -0.105643 0.587419 0.174464 0.701850 1 7 1.000000
  7 23.316290 2.055106 41.677986 0.796020 -0.098964 0.597125 0.174918 0.717553 2 7 0.904000 8 0.096000
v_hands
  7 23.043055 3.135077 42.086212 0.787375 0.101503 0.608060 0.140549 0.706067 1 7 1.000000
  7 23.316290 2.055106 41.677986 0.796020 -0.098964 0.597125 0.174918 0.717553 2 7 0.904000 8 0.096000
  7 23.155163 3.160396 41.883942 0.878647 0.121378 0.461787 0.140611 0.711063 1 7 1.000000
v_hands
  7 23.252636 3.203889 41.655731 0.862238 0.154055 0.482506 0.138593 0.717318 2 7 0.904000 8 0.096000
  7 23.155163 3.160396 41.883942 0.878647 0.121378 0.461787 0.140611 0.711063 1 7 1.000000
  7 23.316290 2.055106 41.677986 0.796020 -0.098964 0.597125 0.174918 0.717553 2 7 0.904000 8 0.096000
v_hands
  7 23.252636 3.203889 41.655731 0.862238 0.154055 0.482506 0.138593 0.717318 2 7 0.904000 8 0.096000
  7 23.137680 3.601015 41.740990 0.781892 0.532310 0.324486 0.124935 0.714654 2 7 0.934000 8 0.066000
  7 23.155163 3.160396 41.883942 0.878647 0.121378 0.461787 0.140611 0.711063 1 7 1.000000
v_hands
  7 22.907249 3.612670 42.099823 0.605036 0.511897 0.609831 0.125458 0.703027 1 7 1.000000
  7 23.155163 3.160396 41.883942 0.878647 0.121378 0.461787 0.140611 0.711063 1 7 1.000000
  7 23.137680 3.601015 41.740990 0.781892 0.532310 0.324486 0.124935 0.714654 2 7 0.934000 8 0.066000
v_hands
  7 22.567251 3.943044 41.871208 0.174328 0.939464 0.294986 0.097574 0.701510 1 7 1.000000
  7 22.907249 3.612670 42.099823 0.605036 0.511897 0.609831 0.125458 0.703027 1 7 1.000000
  7 23.137680 3.601015 41.740990 0.781892 0.532310 0.324486 0.124935 0.714654 2 7 0.934000 8 0.066000
v_hands
  7 22.344387 3.829050 42.092049 0.174244 0.925824 0.335393 0.100996 0.691056 1 7 1.000000
  7 22.907249 3.612670 42.099823 0.605036 0.511897 0.609831 0.125458 0.703027 1 7 1.000000
  7 22.567251 3.943044 41.871208 0.174328 0.939464 0.294986 0.097574 0.701510 1 7 1.000000
v_hands
  7 22.344387 3.829050 42.092049 0.174244 0.925824 0.335393 0.100996 0.691056 1 7 1.000000
  7 22.589146 3.631941 42.281326 0.480879 0.634841 0.604757 0.121414 0.689675 1 7 1.000000
  7 22.907249 3.612670 42.099823 0.605036 0.511897 0.609831 0.125458 0.703027 1 7 1.000000
v_hands
  7 22.344387 3.829050 42.092049 0.174244 0.925824 0.335393 0.100996 0.691056 1 7 1.000000
  7 22.071346 3.770663 42.509769 0.419635 0.818878 0.391593 0.106638 0.674635 1 7 1.000000
  7 22.589146 3.631941 42.281326 0.480879 0.634841 0.604757 0.121414 0.689675 1 7 1.000000
v_hands
  7 22.589146 3.631941 42.281326 0.480879 0.634841 0.604757 0.121414 0.689675 1 7 1.000000
  7 22.071346 3.770663 42.509769 0.419635 0.818878 0.391593 0.106638 0.674635 1 7 1.000000
  7 22.462818 3.078824 42.828289 0.767850 0.310646 0.560272 0.141893 0.675117 1 7 1.000000
v_hands
  7 22.851988 3.068608 42.283329 0.746112 0.126987 0.653599 0.142526 0.693941 1 7 1.000000
  7 23.043055 3.135077 42.086212 0.787375 0.101503 0.608060 0.140549 0.706067 1 7 1.000000
  7 22.907249 3.612670 42.099823 0.605036 0.511897 0.609831 0.125458 0.703027 1 7 1.000000
v_hands
  7 22.907249 3.612670 42.099823 0.605036 0.511897 0.609831 0.125458 0.703027 1 7 1.000000
  7 23.043055 3.135077 42.086212 0.787375 0.101503 0.608060 0.140549 0.706067 1 7 1.000000
  7 23.155163 3.160396 41.883942 0.878647 0.121378 0.461787 0.140611 0.711063 1 7 1.000000
v_hands
  8 25.747665 3.107166 38.548733 0.759969 0.411445 0.503151 0.143067 0.835106 2 8 0.781000 12 0.219000
  8 25.788786 2.802336 38.547985 0.827321 -0.059281 0.558593 0.152777 0.836056 2 8 0.781000 12 0.219000
  12 25.916882 3.084569 38.260338 0.808366 0.436834 0.394615 0.144276 0.844821 2 12 0.538000 8 0.462000
v_hands
  8 24.771088 3.124191 39.601791 0.761716 0.248386 0.598408 0.142299 0.797828 1 8 1.000000
  8 25.788786 2.802336 38.547985 0.827321 -0.059281 0.558593 0.152777 0.836056 2 8 0.781000 12 0.219000
  8 25.747665 3.107166 38.548733 0.759969 0.411445 0.503151 0.143067 0.835106 2 8 0.781000 12 0.219000
v_hands
  8 24.771088 3.124191 39.601791 0.761716 0.248386 0.598408 0.142299 0.797828 1 8 1.000000
  8 24.943806 2.354677 39.606083 0.759271 0.020554 0.650449 0.166674 0.800085 1 8 1.000000
  8 25.788786 2.802336 38.547985 0.827321 -0.059281 0.558593 0.152777 0.836056 2 8 0.781000 12 0.219000
v_hands
  8 24.943806 2.354677 39.606083 0.759271 0.020554 0.650449 0.166674 0.800085 1 8 1.000000
  8 24.771088 3.124191 39.601791 0.761716 0.248386 0.598408 0.142299 0.797828 1 8 1.000000
  8 23.994692 3.199633 40.732586 0.735887 0.311310 0.601295 0.139279 0.754740 1 8 1.000000
v_hands
  8 24.943806 2.354677 39.606083 0.759271 0.020554 0.650449 0.166674 0.800085 1 8 1.000000
  8 23.994692 3.199633 40.732586 0.735887 0.311310 0.601295 0.139279 0.754740 1 8 1.000000
  8 24.083420 2.163169 40.652241 0.795912 -0.105394 0.596168 0.172097 0.758010 1 8 1.000000
v_hands
  8 23.753263 2.109505 41.124069 0.800723 -0.101785 0.590324 0.173527 0.739864 2 8 0.691000 7 0.309000
  8 24.083420 2.163169 40.652241 0.795912 -0.105394 0.596168 0.172097 0.758010 1 8 1.000000
  8 23.994692 3.199633 40.732586 0.735887 0.311310 0.601295 0.139279 0.754740 1 8 1.000000
v_hands
  8 24.083420 2.163169 40.652241 0.795912 -0.105394 0.596168 0.172097 0.758010 1 8 1.000000
  8 23.753263 2.109505 41.124069 0.800723 -0.101785 0.590324 0.173527 0.739864 2 8 0.691000 7 0.309000
  8 23.628693 1.433415 40.994286 0.731821 -0.401427 0.550721 0.194906 0.740117 2 8 0.691000 7 0.309000
v_hands
  7 23.316290 2.055106 41.677986 0.796020 -0.098964 0.597125 0.174918 0.717553 2 7 0.904000 8 0.096000
  8 23.628693 1.433415 40.994286 0.731821 -0.401427 0.550721 0.194906 0.740117 2 8 0.691000 7 0.309000
  8 23.753263 2.109505 41.124069 0.800723 -0.101785 0.590324 0.173527 0.739864 2 8 0.691000 7 0.309000
v_hands
  7 23.316290 2.055106 41.677986 0.796020 -0.098964 0.597125 0.174918 0.717553 2 7 0.904000 8 0.096000
  7 23.205591 1.322854 41.581230 0.699876 -0.510784 0.499272 0.198065 0.717270 2 7 0.904000 8 0.096000
  8 23.628693 1.433415 40.994286 0.731821 -0.401427 0.550721 0.194906 0.740117 2 8 0.691000 7 0.309000
v_hands
  7 23.205591 1.322854 41.581230 0.699876 -0.510784 0.499272 0.198065 0.717270 2 7 0.904000 8 0.096000
  7 23.316290 2.055106 41.677986 0.796020 -0.098964 0.597125 0.174918 0.717553 2 7 0.904000 8 0.096000
  7 23.008331 2.062141 42.068386 0.802358 -0.105643 0.587419 0.174464 0.701850 1 7 1.000000
v_hands
  7 23.205591 1.322854 41.581230 0.699876 -0.510784 0.499272 0.198065 0.717270 2 7 0.904000 8 0.096000
  7 23.008331 2.062141 42.068386 0.802358 -0.105643 0.587419 0.174464 0.701850 1 7 1.000000
  7 22.894554 1.293457 41.969009 0.682137 -0.525337 0.508635 0.196073 0.702088 1 7 1.000000
v_hands
  7 22.498966 2.095732 42.850613 0.823665 -0.137579 0.550134 0.172971 0.672602 1 7 1.000000
  7 22.894554 1.293457 41.969009 0.682137 -0.525337 0.508635 0.196073 0.702088 1 7 1.000000
  7 23.008331 2.062141 42.068386 0.802358 -0.105643 0.587419 0.174464 0.701850 1 7 1.000000
v_hands
  7 22.498966 2.095732 42.850613 0.823665 -0.137579 0.550134 0.172971 0.672602 1 7 1.000000
  7 22.269829 1.240405 42.652901 0.669936 -0.568450 0.477546 0.200009 0.672262 1 7 1.000000
  7 22.894554 1.293457 41.969009 0.682137 -0.525337 0.508635 0.196073 0.702088 1 7 1.000000
v_hands
  7 22.269829 1.240405 42.652901 0.669936 -0.568450 0.477546 0.200009 0.672262 1 7 1.000000
  7 22.498966 2.095732 42.850613 0.823665 -0.137579 0.550134 0.172971 0.672602 1 7 1.000000
  7 21.660694 2.086857 44.174076 0.850870 -0.160119 0.500383 0.172530 0.623571 1 7 1.000000
v_hands
  7 22.269829 1.240405 42.652901 0.669936 -0.568450 0.477546 0.200009 0.672262 1 7 1.000000
  7 21.660694 2.086857 44.174076 0.850870 -0.160119 0.500383 0.172530 0.623571 1 7 1.000000
  7 21.505573 1.147723 43.847912 0.712735 -0.572014 0.405967 0.203899 0.627799 1 7 1.000000
v_hands
  7 21.505573 1.147723 43.847912 0.712735 -0.572014 0.405967 0.203899 0.627799 1 7 1.000000
  7 21.660694 2.086857 44.174076 0.850870 -0.160119 0.500383 0.172530 0.623571 1 7 1.000000
  7 20.504732 1.781986 46.070095 0.820611 -0.299110 0.486961 0.181146 0.554114 1 7 1.000000
v_hands
  7 21.505573 1.147723 43.847912 0.712735 -0.572014 0.405967 0.203899 0.627799 1 7 1.000000
  7 20.504732 1.781986 46.070095 0.820611 -0.299110 0.486961 0.181146 0.554114 1 7 1.000000
  7 20.148546 0.904221 45.730129 0.666877 -0.649651 0.365006 0.212591 0.553965 1 7 1.000000
v_hands
  7 19.475901 1.672548 47.792778 0.784144 -0.277310 0.555173 0.183685 0.491524 1 7 1.000000
  7 20.148546 0.904221 45.730129 0.666877 -0.649651 0.365006 0.212591 0.553965 1 7 1.000000
  7 20.504732 1.781986 46.070095 0.820611 -0.299110 0.486961 0.181146 0.554114 1 7 1.000000
v_hands
  7 18.321159 -0.009447 46.804272 0.303892 -0.951098 0.055337 0.253242 0.490340 1 7 1.000000
  7 17.625948 0.387771 49.053791 0.612633 -0.641977 0.461028 0.223291 0.422654 1 7 1.000000
  7 16.724924 -0.427139 48.510269 0.200615 -0.973741 0.107622 0.260646 0.416451 2 7 0.916000 6 0.084000
v_hands
  7 18.321159 -0.009447 46.804272 0.303892 -0.951098 0.055337 0.253242 0.490340 1 7 1.000000
  7 19.045149 0.631476 47.424339 0.640474 -0.658236 0.395624 0.216594 0.491069 1 7 1.000000
  7 17.625948 0.387771 49.053791 0.612633 -0.641977 0.461028 0.223291 0.422654 1 7 1.000000
v_hands
  7 19.045149 0.631476 47.424339 0.640474 -0.658236 0.395624 0.216594 0.491069 1 7 1.000000
  7 18.321159 -0.009447 46.804272 0.303892 -0.951098 0.055337 0.253242 0.490340 1 7 1.000000
  7 19.585657 0.330531 45.176060 0.307536 -0.949177 0.066960 0.249539 0.555506 1 7 1.000000
v_hands
  7 19.045149 0.631476 47.424339 0.640474 -0.658236 0.395624 0.216594 0.491069 1 7 1.000000
  7 19.585657 0.330531 45.176060 0.307536 -0.949177 0.066960 0.249539 0.555506 1 7 1.000000
  7 20.148546 0.904221 45.730129 0.666877 -0.649651 0.365006 0.212591 0.553965 1 7 1.000000
v_hands
  7 20.954536 0.574448 43.358871 0.303042 -0.948079 0.096498 0.246969 0.628277 1 7 1.000000
  7 20.148546 0.904221 45.730129 0.666877 -0.649651 0.365006 0.212591 0.553965 1 7 1.000000
  7 19.585657 0.330531 45.176060 0.307536 -0.949177 0.066960 0.249539 0.555506 1 7 1.000000
v_hands
  7 20.954536 0.574448 43.358871 0.303042 -0.948079 0.096498 0.246969 0.628277 1 7 1.000000
  7 21.505573 1.147723 43.847912 0.712735 -0.572014 0.405967 0.203899 0.627799 1 7 1.000000
  7 20.148546 0.904221 45.730129 0.666877 -0.649651 0.365006 0.212591 0.553965 1 7 1.000000
v_hands
  7 22.269829 1.240405 42.652901 0.669936 -0.568450 0.477546 0.200009 0.672262 1 7 1.000000
  7 21.505573 1.147723 43.847912 0.712735 -0.572014 0.405967 0.203899 0.627799 1 7 1.000000
  7 20.954536 0.574448 43.358871 0.303042 -0.948079 0.096498 0.246969 0.628277 1 7 1.000000
v_hands
  8 23.290974 0.967731 40.785271 0.336896 -0.792698 0.508066 0.230093 0.734608 2 8 0.691000 7 0.309000
  8 23.628693 1.433415 40.994286 0.731821 -0.401427 0.550721 0.194906 0.740117 2 8 0.691000 7 0.309000
  7 23.205591 1.322854 41.581230 0.699876 -0.510784 0.499272 0.198065 0.717270 2 7 0.904000 8 0.096000
v_hands
  8 23.290974 0.967731 40.785271 0.336896 -0.792698 0.508066 0.230093 0.734608 2 8 0.691000 7 0.309000
  7 23.205591 1.322854 41.581230 0.699876 -0.510784 0.499272 0.198065 0.717270 2 7 0.904000 8 0.096000
  7 22.736025 0.851202 41.188347 0.295274 -0.946062 0.133338 0.250062 0.715539 2 7 0.904000 8 0.096000
v_hands
  7 22.736025 0.851202 41.188347 0.295274 -0.946062 0.133338 0.250062 0.715539 2 7 0.904000 8 0.096000
  7 23.205591 1.322854 41.581230 0.699876 -0.510784 0.499272 0.198065 0.717270 2 7 0.904000 8 0.096000
  7 22.894554 1.293457 41.969009 0.682137 -0.525337 0.508635 0.196073 0.702088 1 7 1.000000
v_hands
  7 22.736025 0.851202 41.188347 0.295274 -0.946062 0.133338 0.250062 0.715539 2 7 0.904000 8 0.096000
  7 22.894554 1.293457 41.969009 0.682137 -0.525337 0.508635 0.196073 0.702088 1 7 1.000000
  7 22.469296 0.826617 41.618546 0.328205 -0.924452 0.194088 0.246603 0.701168 1 7 1.000000
v_hands
  7 22.269829 1.240405 42.652901 0.669936 -0.568450 0.477546 0.200009 0.672262 1 7 1.000000
  7 22.469296 0.826617 41.618546 0.328205 -0.924452 0.194088 0.246603 0.701168 1 7 1.000000
  7 22.894554 1.293457 41.969009 0.682137 -0.525337 0.508635 0.196073 0.702088 1 7 1.000000
v_hands
  7 22.269829 1.240405 42.652901 0.669936 -0.568450 0.477546 0.200009 0.672262 1 7 1.000000
  7 21.893267 0.806361 42.339294 0.386274 -0.899375 0.204738 0.245906 0.670649 1 7 1.000000
  7 22.469296 0.826617 41.618546 0.328205 -0.924452 0.194088 0.246603 0.701168 1 7 1.000000
v_hands
  7 22.269829 1.240405 42.652901 0.669936 -0.568450 0.477546 0.200009 0.672262 1 7 1.000000
  7 20.954536 0.574448 43.358871 0.303042 -0.948079 0.096498 0.246969 0.628277 1 7 1.000000
  7 21.893267 0.806361 42.339294 0.386274 -0.899375 0.204738 0.245906 0.670649 1 7 1.000000
v_hands
  7 21.442366 0.712041 41.957920 0.054407 -0.995593 -0.076387 0.283912 0.670556 1 7 1.000000
  7 21.893267 0.806361 42.339294 0.386274 -0.899375 0.204738 0.245906 0.670649 1 7 1.000000
  7 20.954536 0.574448 43.358871 0.303042 -0.948079 0.096498 0.246969 0.628277 1 7 1.000000
v_hands
  7 21.893267 0.806361 42.339294 0.386274 -0.899375 0.204738 0.245906 0.670649 1 7 1.000000
  7 21.442366 0.712041 41.957920 0.054407 -0.995593 -0.076387 0.283912 0.670556 1 7 1.000000
  7 22.030285 0.799290 41.242653 0.007310 -0.996486 -0.083435 0.283735 0.700590 1 7 1.000000
v_hands
  7 21.893267 0.806361 42.339294 0.386274 -0.899375 0.204738 0.245906 0.670649 1 7 1.000000
  7 22.030285 0.799290 41.242653 0.007310 -0.996486 -0.083435 0.283735 0.700590 1 7 1.000000
  7 22.469296 0.826617 41.618546 0.328205 -0.924452 0.194088 0.246603 0.701168 1 7 1.000000
v_hands
  7 22.340000 0.828940 40.853745 -0.042225 -0.998996 -0.014939 0.287237 0.714433 2 7 0.904000 8 0.096000
  7 22.469296 0.826617 41.618546 0.328205 -0.924452 0.194088 0.246603 0.701168 1 7 1.000000
  7 22.030285 0.799290 41.242653 0.007310 -0.996486 -0.083435 0.283735 0.700590 1 7 1.000000
v_hands
  7 22.340000 0.828940 40.853745 -0.042225 -0.998996 -0.014939 0.287237 0.714433 2 7 0.904000 8 0.096000
  7 22.736025 0.851202 41.188347 0.295274 -0.946062 0.133338 0.250062 0.715539 2 7 0.904000 8 0.096000
  7 22.469296 0.826617 41.618546 0.328205 -0.924452 0.194088 0.246603 0.701168 1 7 1.000000
v_hands
  8 23.290974 0.967731 40.785271 0.336896 -0.792698 0.508066 0.230093 0.734608 2 8 0.691000 7 0.309000
  7 22.736025 0.851202 41.188347 0.295274 -0.946062 0.133338 0.250062 0.715539 2 7 0.904000 8 0.096000
  7 22.340000 0.828940 40.853745 -0.042225 -0.998996 -0.014939 0.287237 0.714433 2 7 0.904000 8 0.096000
v_hands
  8 23.731691 0.646129 40.272163 0.449628 -0.694103 0.562188 0.235696 0.757629 1 8 1.000000
  8 23.290974 0.967731 40.785271 0.336896 -0.792698 0.508066 0.230093 0.734608 2 8 0.691000 7 0.309000
  8 22.817371 0.729038 40.483337 -0.034201 -0.904904 0.424240 0.267542 0.731147 2 8 0.691000 7 0.309000
v_hands
  8 23.290974 0.967731 40.785271 0.336896 -0.792698 0.508066 0.230093 0.734608 2 8 0.691000 7 0.309000
  7 22.340000 0.828940 40.853745 -0.042225 -0.998996 -0.014939 0.287237 0.714433 2 7 0.904000 8 0.096000
  8 22.817371 0.729038 40.483337 -0.034201 -0.904904 0.424240 0.267542 0.731147 2 8 0.691000 7 0.309000
v_hands
  7 22.056433 0.896350 40.651569 -0.375323 -0.899662 -0.223028 0.308313 0.714040 2 7 0.904000 8 0.096000
  8 22.817371 0.729038 40.483337 -0.034201 -0.904904 0.424240 0.267542 0.731147 2 8 0.691000 7 0.309000
  7 22.340000 0.828940 40.853745 -0.042225 -0.998996 -0.014939 0.287237 0.714433 2 7 0.904000 8 0.096000
v_hands
  7 22.056433 0.896350 40.651569 -0.375323 -0.899662 -0.223028 0.308313 0.714040 2 7 0.904000 8 0.096000
  7 22.340000 0.828940 40.853745 -0.042225 -0.998996 -0.014939 0.287237 0.714433 2 7 0.904000 8 0.096000
  7 22.030285 0.799290 41.242653 0.007310 -0.996486 -0.083435 0.283735 0.700590 1 7 1.000000
v_hands
  7 22.056433 0.896350 40.651569 -0.375323 -0.899662 -0.223028 0.308313 0.714040 2 7 0.904000 8 0.096000
  7 22.030285 0.799290 41.242653 0.007310 -0.996486 -0.083435 0.283735 0.700590 1 7 1.000000
  7 21.704597 0.864018 40.985664 -0.277331 -0.885555 -0.372666 0.309621 0.698782 1 7 1.000000
v_hands
  7 21.442366 0.712041 41.957920 0.054407 -0.995593 -0.076387 0.283912 0.670556 1 7 1.000000
  7 21.704597 0.864018 40.985664 -0.277331 -0.885555 -0.372666 0.309621 0.698782 1 7 1.000000
  7 22.030285 0.799290 41.242653 0.007310 -0.996486 -0.083435 0.283735 0.700590 1 7 1.000000
v_hands
  7 21.442366 0.712041 41.957920 0.054407 -0.995593 -0.076387 0.283912 0.670556 1 7 1.000000
  7 21.074562 0.778820 41.646126 -0.284021 -0.887767 -0.362217 0.310996 0.669920 1 7 1.000000
  7 21.704597 0.864018 40.985664 -0.277331 -0.885555 -0.372666 0.309621 0.698782 1 7 1.000000
v_hands
  7 21.074562 0.778820 41.646126 -0.284021 -0.887767 -0.362217 0.310996 0.669920 1 7 1.000000
  7 21.442366 0.712041 41.957920 0.054407 -0.995593 -0.076387 0.283912 0.670556 1 7 1.000000
  7 20.954536 0.574448 43.358871 0.303042 -0.948079 0.096498 0.246969 0.628277 1 7 1.000000
v_hands
  7 21.074562 0.778820 41.646126 -0.284021 -0.887767 -0.362217 0.310996 0.669920 1 7 1.000000
  7 20.954536 0.574448 43.358871 0.303042 -0.948079 0.096498 0.246969 0.628277 1 7 1.000000
  7 20.253155 0.627389 42.815903 -0.191257 -0.940156 -0.282006 0.301493 0.625916 1 7 1.000000
v_hands
  7 20.253155 0.627389 42.815903 -0.191257 -0.940156 -0.282006 0.301493 0.625916 1 7 1.000000
  7 20.954536 0.574448 43.358871 0.303042 -0.948079 0.096498 0.246969 0.628277 1 7 1.000000
  7 19.585657 0.330531 45.176060 0.307536 -0.949177 0.066960 0.249539 0.555506 1 7 1.000000
v_hands
  7 20.253155 0.627389 42.815903 -0.191257 -0.940156 -0.282006 0.301493 0.625916 1 7 1.000000
  7 19.585657 0.330531 45.176060 0.307536 -0.949177 0.066960 0.249539 0.555506 1 7 1.000000
  7 18.690399 0.399655 44.485729 -0.163393 -0.934043 -0.317596 0.307451 0.551841 1 7 1.000000
v_hands
  7 18.321159 -0.009447 46.804272 0.303892 -0.951098 0.055337 0.253242 0.490340 1 7 1.000000
  7 18.690399 0.399655 44.485729 -0.163393 -0.934043 -0.317596 0.307451 0.551841 1 7 1.000000
  7 19.585657 0.330531 45.176060 0.307536 -0.949177 0.066960 0.249539 0.555506 1 7 1.000000
v_hands
  7 18.321159 -0.009447 46.804272 0.303892 -0.951098 0.055337 0.253242 0.490340 1 7 1.000000
  7 17.290424 0.079161 46.017349 -0.183784 -0.919177 -0.348335 0.312814 0.486498 1 7 1.000000
  7 18.690399 0.399655 44.485729 -0.163393 -0.934043 -0.317596 0.307451 0.551841 1 7 1.000000
v_hands
  7 17.290424 0.079161 46.017349 -0.183784 -0.919177 -0.348335 0.312814 0.486498 1 7 1.000000
  7 18.321159 -0.009447 46.804272 0.303892 -0.951098 0.055337 0.253242 0.490340 1 7 1.000000
  7 16.724924 -0.427139 48.510269 0.200615 -0.973741 0.107622 0.260646 0.416451 2 7 0.916000 6 0.084000
v_hands
  7 17.290424 0.079161 46.017349 -0.183784 -0.919177 -0.348335 0.312814 0.486498 1 7 1.000000
  7 16.724924 -0.427139 48.510269 0.200615 -0.973741 0.107622 0.260646 0.416451 2 7 0.916000 6 0.084000
  7 15.645315 -0.141160 47.617718 -0.381342 -0.866805 -0.321289 0.317515 0.414096 1 7 1.000000
v_hands
  7 16.475267 0.912361 45.378063 -0.590872 -0.502006 -0.631554 0.344419 0.488793 1 7 1.000000
  7 17.290424 0.079161 46.017349 -0.183784 -0.919177 -0.348335 0.312814 0.486498 1 7 1.000000
  7 15.645315 -0.141160 47.617718 -0.381342 -0.866805 -0.321289 0.317515 0.414096 1 7 1.000000
v_hands
  7 16.475267 0.912361 45.378063 -0.590872 -0.502006 -0.631554 0.344419 0.488793 1 7 1.000000
  7 15.645315 -0.141160 47.617718 -0.381342 -0.866805 -0.321289 0.317515 0.414096 1 7 1.000000
  7 14.832651 0.982533 47.041939 -0.737457 -0.369644 -0.565261 0.354003 0.415521 1 7 1.000000
v_hands
  7 16.330320 2.189570 45.181976 -0.719030 0.030171 -0.694324 0.381070 0.495634 1 7 1.000000
  7 16.475267 0.912361 45.378063 -0.590872 -0.502006 -0.631554 0.344419 0.488793 1 7 1.000000
  7 14.832651 0.982533 47.041939 -0.737457 -0.369644 -0.565261 0.354003 0.415521 1 7 1.000000
v_hands
  7 21.074562 0.778820 41.646126 -0.284021 -0.887767 -0.362217 0.310996 0.669920 1 7 1.000000
  7 21.385942 1.304244 40.684799 -0.640903 -0.390517 -0.660863 0.323304 0.701401 1 7 1.000000
  7 21.704597 0.864018 40.985664 -0.277331 -0.885555 -0.372666 0.309621 0.698782 1 7 1.000000
v_hands
  7 21.740070 1.335084 40.333759 -0.761673 -0.374805 -0.528559 0.322041 0.717089 2 7 0.904000 8 0.096000
  7 21.704597 0.864018 40.985664 -0.277331 -0.885555 -0.372666 0.309621 0.698782 1 7 1.000000
  7 21.385942 1.304244 40.684799 -0.640903 -0.390517 -0.660863 0.323304 0.701401 1 7 1.000000
v_hands
  7 21.740070 1.335084 40.333759 -0.761673 -0.374805 -0.528559 0.322041 0.717089 2 7 0.904000 8 0.096000
  7 22.056433 0.896350 40.651569 -0.375323 -0.899662 -0.223028 0.308313 0.714040 2 7 0.904000 8 0.096000
  7 21.704597 0.864018 40.985664 -0.277331 -0.885555 -0.372666 0.309621 0.698782 1 7 1.000000
v_hands
  7 19.724148 1.153196 42.331200 -0.585836 -0.491739 -0.644196 0.329032 0.627777 1 7 1.000000
  7 20.253155 0.627389 42.815903 -0.191257 -0.940156 -0.282006 0.301493 0.625916 1 7 1.000000
  7 18.690399 0.399655 44.485729 -0.163393 -0.934043 -0.317596 0.307451 0.551841 1 7 1.000000
v_hands
  7 19.724148 1.153196 42.331200 -0.585836 -0.491739 -0.644196 0.329032 0.627777 1 7 1.000000
  7 21.074562 0.778820 41.646126 -0.284021 -0.887767 -0.362217 0.310996 0.669920 1 7 1.000000
  7 20.253155 0.627389 42.815903 -0.191257 -0.940156 -0.282006 0.301493 0.625916 1 7 1.000000
v_hands
  7 19.724148 1.153196 42.331200 -0.585836 -0.491739 -0.644196 0.329032 0.627777 1 7 1.000000
  7 20.753609 1.250537 41.362213 -0.622128 -0.404891 -0.670090 0.325776 0.672190 1 7 1.000000
  7 21.074562 0.778820 41.646126 -0.284021 -0.887767 -0.362217 0.310996 0.669920 1 7 1.000000
v_hands
  7 21.074562 0.778820 41.646126 -0.284021 -0.887767 -0.362217 0.310996 0.669920 1 7 1.000000
  7 20.753609 1.250537 41.362213 -0.622128 -0.404891 -0.670090 0.325776 0.672190 1 7 1.000000
  7 21.385942 1.304244 40.684799 -0.640903 -0.390517 -0.660863 0.323304 0.701401 1 7 1.000000
v_hands
  7 20.753609 1.250537 41.362213 -0.622128 -0.404891 -0.670090 0.325776 0.672190 1 7 1.000000
  7 21.374454 2.057272 40.662521 -0.702313 0.084127 -0.706880 0.346827 0.705076 1 7 1.000000
  7 21.385942 1.304244 40.684799 -0.640903 -0.390517 -0.660863 0.323304 0.701401 1 7 1.000000
v_hands
  7 21.727486 2.081449 40.310547 -0.823850 0.068006 -0.562713 0.345355 0.720734 2 7 0.904000 8 0.096000
  7 21.385942 1.304244 40.684799 -0.640903 -0.390517 -0.660863 0.323304 0.701401 1 7 1.000000
  7 21.374454 2.057272 40.662521 -0.702313 0.084127 -0.706880 0.346827 0.705076 1 7 1.000000
v_hands
  7 21.727486 2.081449 40.310547 -0.823850 0.068006 -0.562713 0.345355 0.720734 2 7 0.904000 8 0.096000
  7 21.740070 1.335084 40.333759 -0.761673 -0.374805 -0.528559 0.322041 0.717089 2 7 0.904000 8 0.096000
  7 21.385942 1.304244 40.684799 -0.640903 -0.390517 -0.660863 0.323304 0.701401 1 7 1.000000
v_hands
  8 21.879192 1.624168 39.997772 -0.942329 -0.040332 -0.332248 0.329536 0.729211 2 8 0.691000 7 0.309000
  7 21.740070 1.335084 40.333759 -0.761673 -0.374805 -0.528559 0.322041 0.717089 2 7 0.904000 8 0.096000
  7 21.727486 2.081449 40.310547 -0.823850 0.068006 -0.562713 0.345355 0.720734 2 7 0.904000 8 0.096000
v_hands
  8 21.879192 1.624168 39.997772 -0.942329 -0.040332 -0.332248 0.329536 0.729211 2 8 0.691000 7 0.309000
  8 21.985485 1.120991 40.050301 -0.867982 -0.486793 -0.098188 0.313659 0.727861 2 8 0.691000 7 0.309000
  7 21.740070 1.335084 40.333759 -0.761673 -0.374805 -0.528559 0.322041 0.717089 2 7 0.904000 8 0.096000
v_hands
  8 21.985485 1.120991 40.050301 -0.867982 -0.486793 -0.098188 0.313659 0.727861 2 8 0.691000 7 0.309000
  7 22.056433 0.896350 40.651569 -0.375323 -0.899662 -0.223028 0.308313 0.714040 2 7 0.904000 8 0.096000
  7 21.740070 1.335084 40.333759 -0.761673 -0.374805 -0.528559 0.322041 0.717089 2 7 0.904000 8 0.096000
v_hands
  8 21.985485 1.120991 40.050301 -0.867982 -0.486793 -0.098188 0.313659 0.727861 2 8 0.691000 7 0.309000
  8 22.420750 0.731520 40.278671 -0.412919 -0.867752 0.276594 0.297847 0.729401 2 8 0.691000 7 0.309000
  7 22.056433 0.896350 40.651569 -0.375323 -0.899662 -0.223028 0.308313 0.714040 2 7 0.904000 8 0.096000
v_hands
  7 22.056433 0.896350 40.651569 -0.375323 -0.899662 -0.223028 0.308313 0.714040 2 7 0.904000 8 0.096000
  8 22.420750 0.731520 40.278671 -0.412919 -0.867752 0.276594 0.297847 0.729401 2 8 0.691000 7 0.309000
  8 22.817371 0.729038 40.483337 -0.034201 -0.904904 0.424240 0.267542 0.731147 2 8 0.691000 7 0.309000
v_hands
  7 21.685513 2.910196 40.599487 -0.780683 0.293857 -0.551528 0.372398 0.716717 2 7 0.928000 8 0.072000
  7 21.727486 2.081449 40.310547 -0.823850 0.068006 -0.562713 0.345355 0.720734 2 7 0.904000 8 0.096000
  7 21.374454 2.057272 40.662521 -0.702313 0.084127 -0.706880 0.346827 0.705076 1 7 1.000000
v_hands
  7 21.685513 2.910196 40.599487 -0.780683 0.293857 -0.551528 0.372398 0.716717 2 7 0.928000 8 0.072000
  7 21.374454 2.057272 40.662521 -0.702313 0.084127 -0.706880 0.346827 0.705076 1 7 1.000000
  7 21.355740 2.947613 40.977966 -0.659083 0.333636 -0.674016 0.375820 0.701176 1 7 1.000000
v_hands
  7 21.944235 3.649546 40.828323 -0.582334 0.724436 -0.368888 0.399711 0.721312 2 7 0.916000 8 0.084000
  7 21.685513 2.910196 40.599487 -0.780683 0.293857 -0.551528 0.372398 0.716717 2 7 0.928000 8 0.072000
  7 21.355740 2.947613 40.977966 -0.659083 0.333636 -0.674016 0.375820 0.701176 1 7 1.000000
v_hands
  7 21.944235 3.649546 40.828323 -0.582334 0.724436 -0.368888 0.399711 0.721312 2 7 0.916000 8 0.084000
  7 21.355740 2.947613 40.977966 -0.659083 0.333636 -0.674016 0.375820 0.701176 1 7 1.000000
  7 21.616804 3.650355 41.202522 -0.470589 0.731609 -0.493248 0.400492 0.705750 1 7 1.000000
v_hands
  7 20.833187 2.987269 41.454758 -0.616449 0.320601 -0.719170 0.380209 0.679391 1 7 1.000000
  7 21.616804 3.650355 41.202522 -0.470589 0.731609 -0.493248 0.400492 0.705750 1 7 1.000000
  7 21.355740 2.947613 40.977966 -0.659083 0.333636 -0.674016 0.375820 0.701176 1 7 1.000000
v_hands
  7 20.833187 2.987269 41.454758 -0.616449 0.320601 -0.719170 0.380209 0.679391 1 7 1.000000
  7 21.043058 3.663200 41.629398 -0.450316 0.693285 -0.562647 0.402495 0.684386 1 7 1.000000
  7 21.616804 3.650355 41.202522 -0.470589 0.731609 -0.493248 0.400492 0.705750 1 7 1.000000
v_hands
  7 20.149157 3.805553 42.600639 -0.406155 0.718148 -0.565067 0.413871 0.646199 1 7 1.000000
  7 21.043058 3.663200 41.629398 -0.450316 0.693285 -0.562647 0.402495 0.684386 1 7 1.000000
  7 20.833187 2.987269 41.454758 -0.616449 0.320601 -0.719170 0.380209 0.679391 1 7 1.000000
v_hands
  7 20.149157 3.805553 42.600639 -0.406155 0.718148 -0.565067 0.413871 0.646199 1 7 1.000000
  7 20.833187 2.987269 41.454758 -0.616449 0.320601 -0.719170 0.380209 0.679391 1 7 1.000000
  7 19.803188 3.122548 42.353054 -0.595398 0.357003 -0.719757 0.389552 0.640079 1 7 1.000000
v_hands
  7 19.803188 3.122548 42.353054 -0.595398 0.357003 -0.719757 0.389552 0.640079 1 7 1.000000
  7 18.507669 4.111567 44.161579 -0.399493 0.746331 -0.532348 0.438763 0.573964 1 7 1.000000
  7 20.149157 3.805553 42.600639 -0.406155 0.718148 -0.565067 0.413871 0.646199 1 7 1.000000
v_hands
  7 19.803188 3.122548 42.353054 -0.595398 0.357003 -0.719757 0.389552 0.640079 1 7 1.000000
  7 18.095772 3.297480 43.843998 -0.609586 0.366784 -0.702762 0.406037 0.568309 1 7 1.000000
  7 18.507669 4.111567 44.161579 -0.399493 0.746331 -0.532348 0.438763 0.573964 1 7 1.000000
v_hands
  7 16.601887 3.476653 45.336594 -0.653906 0.365331 -0.662526 0.421085 0.503238 1 7 1.000000
  7 18.507669 4.111567 44.161579 -0.399493 0.746331 -0.532348 0.438763 0.573964 1 7 1.000000
  7 18.095772 3.297480 43.843998 -0.609586 0.366784 -0.702762 0.406037 0.568309 1 7 1.000000
v_hands
  7 16.330320 2.189570 45.181976 -0.719030 0.030171 -0.694324 0.381070 0.495634 1 7 1.000000
  7 16.601887 3.476653 45.336594 -0.653906 0.365331 -0.662526 0.421085 0.503238 1 7 1.000000
  7 18.095772 3.297480 43.843998 -0.609586 0.366784 -0.702762 0.406037 0.568309 1 7 1.000000
v_hands
  7 16.330320 2.189570 45.181976 -0.719030 0.030171 -0.694324 0.381070 0.495634 1 7 1.000000
  7 18.095772 3.297480 43.843998 -0.609586 0.366784 -0.702762 0.406037 0.568309 1 7 1.000000
  7 17.853127 2.102764 43.748013 -0.661724 -0.011489 -0.749660 0.369028 0.560310 1 7 1.000000
v_hands
  7 16.475267 0.912361 45.378063 -0.590872 -0.502006 -0.631554 0.344419 0.488793 1 7 1.000000
  7 16.330320 2.189570 45.181976 -0.719030 0.030171 -0.694324 0.381070 0.495634 1 7 1.000000
  7 17.853127 2.102764 43.748013 -0.661724 -0.011489 -0.749660 0.369028 0.560310 1 7 1.000000
v_hands
  7 16.475267 0.912361 45.378063 -0.590872 -0.502006 -0.631554 0.344419 0.488793 1 7 1.000000
  7 17.853127 2.102764 43.748013 -0.661724 -0.011489 -0.749660 0.369028 0.560310 1 7 1.000000
  7 17.980820 0.999745 43.953846 -0.540802 -0.542754 -0.642613 0.336684 0.553668 1 7 1.000000
v_hands
  7 17.290424 0.079161 46.017349 -0.183784 -0.919177 -0.348335 0.312814 0.486498 1 7 1.000000
  7 16.475267 0.912361 45.378063 -0.590872 -0.502006 -0.631554 0.344419 0.488793 1 7 1.000000
  7 17.980820 0.999745 43.953846 -0.540802 -0.542754 -0.642613 0.336684 0.553668 1 7 1.000000
v_hands
  7 17.290424 0.079161 46.017349 -0.183784 -0.919177 -0.348335 0.312814 0.486498 1 7 1.000000
  7 17.980820 0.999745 43.953846 -0.540802 -0.542754 -0.642613 0.336684 0.553668 1 7 1.000000
  7 18.690399 0.399655 44.485729 -0.163393 -0.934043 -0.317596 0.307451 0.551841 1 7 1.000000
v_hands
  7 19.724148 1.153196 42.331200 -0.585836 -0.491739 -0.644196 0.329032 0.627777 1 7 1.000000
  7 18.690399 0.399655 44.485729 -0.163393 -0.934043 -0.317596 0.307451 0.551841 1 7 1.000000
  7 17.980820 0.999745 43.953846 -0.540802 -0.542754 -0.642613 0.336684 0.553668 1 7 1.000000
v_hands
  8 22.231062 3.765797 40.391785 -0.690614 0.707097 -0.151878 0.400599 0.737458 2 8 0.691000 7 0.309000
  7 21.685513 2.910196 40.599487 -0.780683 0.293857 -0.551528 0.372398 0.716717 2 7 0.928000 8 0.072000
  7 21.944235 3.649546 40.828323 -0.582334 0.724436 -0.368888 0.399711 0.721312 2 7 0.916000 8 0.084000
v_hands
  7 16.601887 3.476653 45.336594 -0.653906 0.365331 -0.662526 0.421085 0.503238 1 7 1.000000
  7 16.996071 4.355544 45.675434 -0.414056 0.755573 -0.507609 0.449844 0.507415 1 7 1.000000
  7 18.507669 4.111567 44.161579 -0.399493 0.746331 -0.532348 0.438763 0.573964 1 7 1.000000
v_hands
  7 20.753609 1.250537 41.362213 -0.622128 -0.404891 -0.670090 0.325776 0.672190 1 7 1.000000
  7 20.689682 2.065290 41.295227 -0.670096 0.052893 -0.740387 0.351230 0.676142 1 7 1.000000
  7 21.374454 2.057272 40.662521 -0.702313 0.084127 -0.706880 0.346827 0.705076 1 7 1.000000
v_hands
  7 19.637489 2.123650 42.260231 -0.664840 0.028139 -0.746456 0.359411 0.632061 1 7 1.000000
  7 20.689682 2.065290 41.295227 -0.670096 0.052893 -0.740387 0.351230 0.676142 1 7 1.000000
  7 20.753609 1.250537 41.362213 -0.622128 -0.404891 -0.670090 0.325776 0.672190 1 7 1.000000
v_hands
  7 19.637489 2.123650 42.260231 -0.664840 0.028139 -0.746456 0.359411 0.632061 1 7 1.000000
  7 20.753609 1.250537 41.362213 -0.622128 -0.404891 -0.670090 0.325776 0.672190 1 7 1.000000
  7 19.724148 1.153196 42.331200 -0.585836 -0.491739 -0.644196 0.329032 0.627777 1 7 1.000000
v_hands
  7 19.637489 2.123650 42.260231 -0.664840 0.028139 -0.746456 0.359411 0.632061 1 7 1.000000
  7 19.724148 1.153196 42.331200 -0.585836 -0.491739 -0.644196 0.329032 0.627777 1 7 1.000000
  7 17.980820 0.999745 43.953846 -0.540802 -0.542754 -0.642613 0.336684 0.553668 1 7 1.000000
v_hands
  7 19.637489 2.123650 42.260231 -0.664840 0.028139 -0.746456 0.359411 0.632061 1 7 1.000000
  7 17.980820 0.999745 43.953846 -0.540802 -0.542754 -0.642613 0.336684 0.553668 1 7 1.000000
  7 17.853127 2.102764 43.748013 -0.661724 -0.011489 -0.749660 0.369028 0.560310 1 7 1.000000
v_hands
  7 18.095772 3.297480 43.843998 -0.609586 0.366784 -0.702762 0.406037 0.568309 1 7 1.000000
  7 19.637489 2.123650 42.260231 -0.664840 0.028139 -0.746456 0.359411 0.632061 1 7 1.000000
  7 17.853127 2.102764 43.748013 -0.661724 -0.011489 -0.749660 0.369028 0.560310 1 7 1.000000
v_hands
  7 18.095772 3.297480 43.843998 -0.609586 0.366784 -0.702762 0.406037 0.568309 1 7 1.000000
  7 19.803188 3.122548 42.353054 -0.595398 0.357003 -0.719757 0.389552 0.640079 1 7 1.000000
  7 19.637489 2.123650 42.260231 -0.664840 0.028139 -0.746456 0.359411 0.632061 1 7 1.000000
v_hands
  7 20.689682 2.065290 41.295227 -0.670096 0.052893 -0.740387 0.351230 0.676142 1 7 1.000000
  7 19.637489 2.123650 42.260231 -0.664840 0.028139 -0.746456 0.359411 0.632061 1 7 1.000000
  7 19.803188 3.122548 42.353054 -0.595398 0.357003 -0.719757 0.389552 0.640079 1 7 1.000000
v_hands
  7 20.689682 2.065290 41.295227 -0.670096 0.052893 -0.740387 0.351230 0.676142 1 7 1.000000
  7 19.803188 3.122548 42.353054 -0.595398 0.357003 -0.719757 0.389552 0.640079 1 7 1.000000
  7 20.833187 2.987269 41.454758 -0.616449 0.320601 -0.719170 0.380209 0.679391 1 7 1.000000
v_hands
  7 20.689682 2.065290 41.295227 -0.670096 0.052893 -0.740387 0.351230 0.676142 1 7 1.000000
  7 20.833187 2.987269 41.454758 -0.616449 0.320601 -0.719170 0.380209 0.679391 1 7 1.000000
  7 21.355740 2.947613 40.977966 -0.659083 0.333636 -0.674016 0.375820 0.701176 1 7 1.000000
v_hands
  7 20.689682 2.065290 41.295227 -0.670096 0.052893 -0.740387 0.351230 0.676142 1 7 1.000000
  7 21.355740 2.947613 40.977966 -0.659083 0.333636 -0.674016 0.375820 0.701176 1 7 1.000000
  7 21.374454 2.057272 40.662521 -0.702313 0.084127 -0.706880 0.346827 0.705076 1 7 1.000000
v_hands
  7 16.330320 2.189570 45.181976 -0.719030 0.030171 -0.694324 0.381070 0.495634 1 7 1.000000
  7 14.832651 0.982533 47.041939 -0.737457 -0.369644 -0.565261 0.354003 0.415521 1 7 1.000000
  7 14.899654 2.553951 46.962711 -0.768486 0.094605 -0.632834 0.402713 0.425816 1 7 1.000000
v_hands
  7 16.601887 3.476653 45.336594 -0.653906 0.365331 -0.662526 0.421085 0.503238 1 7 1.000000
  7 16.330320 2.189570 45.181976 -0.719030 0.030171 -0.694324 0.381070 0.495634 1 7 1.000000
  7 14.899654 2.553951 46.962711 -0.768486 0.094605 -0.632834 0.402713 0.425816 1 7 1.000000
v_hands
  7 16.601887 3.476653 45.336594 -0.653906 0.365331 -0.662526 0.421085 0.503238 1 7 1.000000
  7 14.899654 2.553951 46.962711 -0.768486 0.094605 -0.632834 0.402713 0.425816 1 7 1.000000
  7 15.077434 3.850366 47.108959 -0.688800 0.425258 -0.587120 0.443265 0.431756 1 7 1.000000
v_hands
  7 15.077434 3.850366 47.108959 -0.688800 0.425258 -0.587120 0.443265 0.431756 1 7 1.000000
  7 16.996071 4.355544 45.675434 -0.414056 0.755573 -0.507609 0.449844 0.507415 1 7 1.000000
  7 16.601887 3.476653 45.336594 -0.653906 0.365331 -0.662526 0.421085 0.503238 1 7 1.000000
v_hands
  7 15.077434 3.850366 47.108959 -0.688800 0.425258 -0.587120 0.443265 0.431756 1 7 1.000000
  7 15.705372 4.812604 47.599415 -0.409067 0.822030 -0.396144 0.471826 0.437107 1 7 1.000000
  7 16.996071 4.355544 45.675434 -0.414056 0.755573 -0.507609 0.449844 0.507415 1 7 1.000000
v_hands
  7 15.077434 3.850366 47.108959 -0.688800 0.425258 -0.587120 0.443265 0.431756 1 7 1.000000
  7 14.775620 4.990340 49.181747 -0.415789 0.895245 -0.160172 0.487974 0.381752 2 7 0.775000 6 0.225000
  7 15.705372 4.812604 47.599415 -0.409067 0.822030 -0.396144 0.471826 0.437107 1 7 1.000000
v_hands
  7 15.077434 3.850366 47.108959 -0.688800 0.425258 -0.587120 0.443265 0.431756 1 7 1.000000
  7 14.053440 4.104690 48.631458 -0.707026 0.511658 -0.488180 0.459400 0.375850 2 7 0.577000 6 0.423000
  7 14.775620 4.990340 49.181747 -0.415789 0.895245 -0.160172 0.487974 0.381752 2 7 0.775000 6 0.225000
v_hands
  7 14.775620 4.990340 49.181747 -0.415789 0.895245 -0.160172 0.487974 0.381752 2 7 0.775000 6 0.225000
  7 14.053440 4.104690 48.631458 -0.707026 0.511658 -0.488180 0.459400 0.375850 2 7 0.577000 6 0.423000
  7 14.058290 4.629218 49.786491 -0.466250 0.863589 -0.191900 0.484217 0.351630 2 7 0.583000 6 0.417000
v_hands
  7 14.058290 4.629218 49.786491 -0.466250 0.863589 -0.191900 0.484217 0.351630 2 7 0.583000 6 0.417000
  7 14.053440 4.104690 48.631458 -0.707026 0.511658 -0.488180 0.459400 0.375850 2 7 0.577000 6 0.423000
  6 13.139107 4.250729 50.237762 -0.569664 0.713450 -0.408010 0.475461 0.320274 2 6 0.709000 7 0.291000
v_hands
  6 13.858231 2.776958 48.304306 -0.775536 0.148648 -0.613554 0.417302 0.373723 2 6 0.769000 7 0.231000
  6 13.139107 4.250729 50.237762 -0.569664 0.713450 -0.408010 0.475461 0.320274 2 6 0.709000 7 0.291000
  7 14.053440 4.104690 48.631458 -0.707026 0.511658 -0.488180 0.459400 0.375850 2 7 0.577000 6 0.423000
v_hands
  7 15.077434 3.850366 47.108959 -0.688800 0.425258 -0.587120 0.443265 0.431756 1 7 1.000000
  6 13.858231 2.776958 48.304306 -0.775536 0.148648 -0.613554 0.417302 0.373723 2 6 0.769000 7 0.231000
  7 14.053440 4.104690 48.631458 -0.707026 0.511658 -0.488180 0.459400 0.375850 2 7 0.577000 6 0.423000
v_hands
  7 15.077434 3.850366 47.108959 -0.688800 0.425258 -0.587120 0.443265 0.431756 1 7 1.000000
  7 14.899654 2.553951 46.962711 -0.768486 0.094605 -0.632834 0.402713 0.425816 1 7 1.000000
  6 13.858231 2.776958 48.304306 -0.775536 0.148648 -0.613554 0.417302 0.373723 2 6 0.769000 7 0.231000
v_hands
  7 14.832651 0.982533 47.041939 -0.737457 -0.369644 -0.565261 0.354003 0.415521 1 7 1.000000
  6 13.858231 2.776958 48.304306 -0.775536 0.148648 -0.613554 0.417302 0.373723 2 6 0.769000 7 0.231000
  7 14.899654 2.553951 46.962711 -0.768486 0.094605 -0.632834 0.402713 0.425816 1 7 1.000000
v_hands
  7 19.475901 1.672548 47.792778 0.784144 -0.277310 0.555173 0.183685 0.491524 1 7 1.000000
  7 19.045149 0.631476 47.424339 0.640474 -0.658236 0.395624 0.216594 0.491069 1 7 1.000000
  7 20.148546 0.904221 45.730129 0.666877 -0.649651 0.365006 0.212591 0.553965 1 7 1.000000
v_hands
  7 19.045149 0.631476 47.424339 0.640474 -0.658236 0.395624 0.216594 0.491069 1 7 1.000000
  7 19.475901 1.672548 47.792778 0.784144 -0.277310 0.555173 0.183685 0.491524 1 7 1.000000
  7 18.085979 1.777918 49.555737 0.744269 -0.195567 0.638605 0.179309 0.420661 1 7 1.000000
v_hands
  7 19.045149 0.631476 47.424339 0.640474 -0.658236 0.395624 0.216594 0.491069 1 7 1.000000
  7 18.085979 1.777918 49.555737 0.744269 -0.195567 0.638605 0.179309 0.420661 1 7 1.000000
  7 17.625948 0.387771 49.053791 0.612633 -0.641977 0.461028 0.223291 0.422654 1 7 1.000000
v_hands
  7 16.526472 0.466309 50.484692 0.606103 -0.559123 0.565703 0.219970 0.365723 2 7 0.805000 6 0.195000
  7 17.625948 0.387771 49.053791 0.612633 -0.641977 0.461028 0.223291 0.422654 1 7 1.000000
  7 18.085979 1.777918 49.555737 0.744269 -0.195567 0.638605 0.179309 0.420661 1 7 1.000000
v_hands
  7 16.724924 -0.427139 48.510269 0.200615 -0.973741 0.107622 0.260646 0.416451 2 7 0.916000 6 0.084000
  7 17.625948 0.387771 49.053791 0.612633 -0.641977 0.461028 0.223291 0.422654 1 7 1.000000
  7 16.526472 0.466309 50.484692 0.606103 -0.559123 0.565703 0.219970 0.365723 2 7 0.805000 6 0.195000
v_hands
  7 16.724924 -0.427139 48.510269 0.200615 -0.973741 0.107622 0.260646 0.416451 2 7 0.916000 6 0.084000
  7 16.526472 0.466309 50.484692 0.606103 -0.559123 0.565703 0.219970 0.365723 2 7 0.805000 6 0.195000
  7 15.710394 -0.365167 49.614357 0.159493 -0.984897 0.067375 0.259968 0.369091 2 7 0.793000 6 0.207000
v_hands
  7 15.645315 -0.141160 47.617718 -0.381342 -0.866805 -0.321289 0.317515 0.414096 1 7 1.000000
  7 16.724924 -0.427139 48.510269 0.200615 -0.973741 0.107622 0.260646 0.416451 2 7 0.916000 6 0.084000
  7 15.710394 -0.365167 49.614357 0.159493 -0.984897 0.067375 0.259968 0.369091 2 7 0.793000 6 0.207000
v_hands
  7 15.645315 -0.141160 47.617718 -0.381342 -0.866805 -0.321289 0.317515 0.414096 1 7 1.000000
  7 15.710394 -0.365167 49.614357 0.159493 -0.984897 0.067375 0.259968 0.369091 2 7 0.793000 6 0.207000
  7 14.704291 0.074208 48.766850 -0.350048 -0.819380 -0.453963 0.323521 0.367877 2 7 0.793000 6 0.207000
v_hands
  7 14.832651 0.982533 47.041939 -0.737457 -0.369644 -0.565261 0.354003 0.415521 1 7 1.000000
  7 15.645315 -0.141160 47.617718 -0.381342 -0.866805 -0.321289 0.317515 0.414096 1 7 1.000000
  7 14.704291 0.074208 48.766850 -0.350048 -0.819380 -0.453963 0.323521 0.367877 2 7 0.793000 6 0.207000
v_hands
  7 14.832651 0.982533 47.041939 -0.737457 -0.369644 -0.565261 0.354003 0.415521 1 7 1.000000
  7 14.704291 0.074208 48.766850 -0.350048 -0.819380 -0.453963 0.323521 0.367877 2 7 0.793000 6 0.207000
  7 13.999885 1.113745 48.287457 -0.697162 -0.330355 -0.636263 0.364783 0.369541 2 7 0.793000 6 0.207000
v_hands
  7 14.832651 0.982533 47.041939 -0.737457 -0.369644 -0.565261 0.354003 0.415521 1 7 1.000000
  7 13.999885 1.113745 48.287457 -0.697162 -0.330355 -0.636263 0.364783 0.369541 2 7 0.793000 6 0.207000
  6 13.858231 2.776958 48.304306 -0.775536 0.148648 -0.613554 0.417302 0.373723 2 6 0.769000 7 0.231000
v_hands
  6 13.229245 2.384043 48.876526 -0.722167 0.138885 -0.677633 0.408789 0.345564 2 6 0.572423 7 0.427577
  6 13.858231 2.776958 48.304306 -0.775536 0.148648 -0.613554 0.417302 0.373723 2 6 0.769000 7 0.231000
  7 13.999885 1.113745 48.287457 -0.697162 -0.330355 -0.636263 0.364783 0.369541 2 7 0.793000 6 0.207000
v_hands
  6 13.858231 2.776958 48.304306 -0.775536 0.148648 -0.613554 0.417302 0.373723 2 6 0.769000 7 0.231000
  6 13.229245 2.384043 48.876526 -0.722167 0.138885 -0.677633 0.408789 0.345564 2 6 0.572423 7 0.427577
  6 13.139107 4.250729 50.237762 -0.569664 0.713450 -0.408010 0.475461 0.320274 2 6 0.709000 7 0.291000
v_hands
  6 11.284974 4.412999 52.398346 -0.478080 0.765324 -0.430950 0.491896 0.231730 1 6 1.000000
  6 13.139107 4.250729 50.237762 -0.569664 0.713450 -0.408010 0.475461 0.320274 2 6 0.709000 7 0.291000
  6 13.229245 2.384043 48.876526 -0.722167 0.138885 -0.677633 0.408789 0.345564 2 6 0.572423 7 0.427577
v_hands
  6 11.284974 4.412999 52.398346 -0.478080 0.765324 -0.430950 0.491896 0.231730 1 6 1.000000
  6 13.229245 2.384043 48.876526 -0.722167 0.138885 -0.677633 0.408789 0.345564 2 6 0.572423 7 0.427577
  6 10.766144 2.548571 51.583572 -0.729878 0.210823 -0.650255 0.430345 0.231829 1 6 1.000000
v_hands
  6 6.320844 2.409636 56.733986 -0.748022 0.236408 -0.620141 0.456511 0.018302 1 6 1.000000
  6 11.284974 4.412999 52.398346 -0.478080 0.765324 -0.430950 0.491896 0.231730 1 6 1.000000
  6 10.766144 2.548571 51.583572 -0.729878 0.210823 -0.650255 0.430345 0.231829 1 6 1.000000
v_hands
  6 6.416296 0.449025 56.808392 -0.687270 -0.414561 -0.596489 0.395132 0.009674 1 6 1.000000
  6 6.320844 2.409636 56.733986 -0.748022 0.236408 -0.620141 0.456511 0.018302 1 6 1.000000
  6 10.766144 2.548571 51.583572 -0.729878 0.210823 -0.650255 0.430345 0.231829 1 6 1.000000
v_hands
  6 6.416296 0.449025 56.808392 -0.687270 -0.414561 -0.596489 0.395132 0.009674 1 6 1.000000
  6 10.766144 2.548571 51.583572 -0.729878 0.210823 -0.650255 0.430345 0.231829 1 6 1.000000
  6 10.958636 0.514533 51.507763 -0.679759 -0.375456 -0.630048 0.365873 0.228419 1 6 1.000000
v_hands
  6 6.320844 2.409636 56.733986 -0.748022 0.236408 -0.620141 0.456511 0.018302 1 6 1.000000
  6 7.165695 4.145655 57.452003 -0.521354 0.749713 -0.407578 0.520192 0.027642 1 6 1.000000
  6 11.284974 4.412999 52.398346 -0.478080 0.765324 -0.430950 0.491896 0.231730 1 6 1.000000
v_hands
  6 15.254668 -0.470832 50.327110 0.269282 -0.956850 0.109199 0.259486 0.342592 2 6 0.943000 7 0.057000
  6 13.866333 0.592858 54.157818 0.729090 -0.383632 0.566792 0.213865 0.222871 1 6 1.000000
  6 13.203587 -0.788735 53.383709 0.404797 -0.880470 0.246804 0.256422 0.226990 1 6 1.000000
v_hands
  6 15.254668 -0.470832 50.327110 0.269282 -0.956850 0.109199 0.259486 0.342592 2 6 0.943000 7 0.057000
  6 15.948218 0.744093 51.341915 0.722177 -0.411531 0.555970 0.210710 0.333373 2 6 0.874000 7 0.126000
  6 13.866333 0.592858 54.157818 0.729090 -0.383632 0.566792 0.213865 0.222871 1 6 1.000000
v_hands
  7 16.526472 0.466309 50.484692 0.606103 -0.559123 0.565703 0.219970 0.365723 2 7 0.805000 6 0.195000
  6 15.948218 0.744093 51.341915 0.722177 -0.411531 0.555970 0.210710 0.333373 2 6 0.874000 7 0.126000
  6 15.254668 -0.470832 50.327110 0.269282 -0.956850 0.109199 0.259486 0.342592 2 6 0.943000 7 0.057000
v_hands
  7 16.526472 0.466309 50.484692 0.606103 -0.559123 0.565703 0.219970 0.365723 2 7 0.805000 6 0.195000
  6 15.254668 -0.470832 50.327110 0.269282 -0.956850 0.109199 0.259486 0.342592 2 6 0.943000 7 0.057000
  7 15.710394 -0.365167 49.614357 0.159493 -0.984897 0.067375 0.259968 0.369091 2 7 0.793000 6 0.207000
v_hands
  7 15.710394 -0.365167 49.614357 0.159493 -0.984897 0.067375 0.259968 0.369091 2 7 0.793000 6 0.207000
  6 15.254668 -0.470832 50.327110 0.269282 -0.956850 0.109199 0.259486 0.342592 2 6 0.943000 7 0.057000
  6 14.022434 -0.129863 49.194565 -0.323179 -0.792788 -0.516762 0.325747 0.343231 2 6 0.946000 7 0.054000
v_hands
  7 15.710394 -0.365167 49.614357 0.159493 -0.984897 0.067375 0.259968 0.369091 2 7 0.793000 6 0.207000
  6 14.022434 -0.129863 49.194565 -0.323179 -0.792788 -0.516762 0.325747 0.343231 2 6 0.946000 7 0.054000
  7 14.704291 0.074208 48.766850 -0.350048 -0.819380 -0.453963 0.323521 0.367877 2 7 0.793000 6 0.207000
v_hands
  6 14.022434 -0.129863 49.194565 -0.323179 -0.792788 -0.516762 0.325747 0.343231 2 6 0.946000 7 0.054000
  7 13.999885 1.113745 48.287457 -0.697162 -0.330355 -0.636263 0.364783 0.369541 2 7 0.793000 6 0.207000
  7 14.704291 0.074208 48.766850 -0.350048 -0.819380 -0.453963 0.323521 0.367877 2 7 0.793000 6 0.207000
v_hands
  6 14.022434 -0.129863 49.194565 -0.323179 -0.792788 -0.516762 0.325747 0.343231 2 6 0.946000 7 0.054000
  6 13.455752 1.040620 48.776176 -0.653840 -0.299297 -0.694920 0.365746 0.346527 2 6 0.655000 7 0.345000
  7 13.999885 1.113745 48.287457 -0.697162 -0.330355 -0.636263 0.364783 0.369541 2 7 0.793000 6 0.207000
v_hands
  6 13.229245 2.384043 48.876526 -0.722167 0.138885 -0.677633 0.408789 0.345564 2 6 0.572423 7 0.427577
  7 13.999885 1.113745 48.287457 -0.697162 -0.330355 -0.636263 0.364783 0.369541 2 7 0.793000 6 0.207000
  6 13.455752 1.040620 48.776176 -0.653840 -0.299297 -0.694920 0.365746 0.346527 2 6 0.655000 7 0.345000
v_hands
  6 13.229245 2.384043 48.876526 -0.722167 0.138885 -0.677633 0.408789 0.345564 2 6 0.572423 7 0.427577
  6 13.455752 1.040620 48.776176 -0.653840 -0.299297 -0.694920 0.365746 0.346527 2 6 0.655000 7 0.345000
  6 10.958636 0.514533 51.507763 -0.679759 -0.375456 -0.630048 0.365873 0.228419 1 6 1.000000
v_hands
  6 13.229245 2.384043 48.876526 -0.722167 0.138885 -0.677633 0.408789 0.345564 2 6 0.572423 7 0.427577
  6 10.958636 0.514533 51.507763 -0.679759 -0.375456 -0.630048 0.365873 0.228419 1 6 1.000000
  6 10.766144 2.548571 51.583572 -0.729878 0.210823 -0.650255 0.430345 0.231829 1 6 1.000000
v_hands
  6 11.859065 -0.860268 52.213062 -0.251039 -0.916189 -0.312372 0.317114 0.225247 1 6 1.000000
  6 10.958636 0.514533 51.507763 -0.679759 -0.375456 -0.630048 0.365873 0.228419 1 6 1.000000
  6 13.455752 1.040620 48.776176 -0.653840 -0.299297 -0.694920 0.365746 0.346527 2 6 0.655000 7 0.345000
v_hands
  6 11.859065 -0.860268 52.213062 -0.251039 -0.916189 -0.312372 0.317114 0.225247 1 6 1.000000
  6 13.455752 1.040620 48.776176 -0.653840 -0.299297 -0.694920 0.365746 0.346527 2 6 0.655000 7 0.345000
  6 14.022434 -0.129863 49.194565 -0.323179 -0.792788 -0.516762 0.325747 0.343231 2 6 0.946000 7 0.054000
v_hands
  6 14.022434 -0.129863 49.194565 -0.323179 -0.792788 -0.516762 0.325747 0.343231 2 6 0.946000 7 0.054000
  6 13.203587 -0.788735 53.383709 0.404797 -0.880470 0.246804 0.256422 0.226990 1 6 1.000000
  6 11.859065 -0.860268 52.213062 -0.251039 -0.916189 -0.312372 0.317114 0.225247 1 6 1.000000
v_hands
  6 14.022434 -0.129863 49.194565 -0.323179 -0.792788 -0.516762 0.325747 0.343231 2 6 0.946000 7 0.054000
  6 15.254668 -0.470832 50.327110 0.269282 -0.956850 0.109199 0.259486 0.342592 2 6 0.943000 7 0.057000
  6 13.203587 -0.788735 53.383709 0.404797 -0.880470 0.246804 0.256422 0.226990 1 6 1.000000
v_hands
  6 10.958636 0.514533 51.507763 -0.679759 -0.375456 -0.630048 0.365873 0.228419 1 6 1.000000
  6 7.288077 -0.670043 57.542019 -0.304399 -0.920801 -0.243858 0.335088 0.004845 1 6 1.000000
  6 6.416296 0.449025 56.808392 -0.687270 -0.414561 -0.596489 0.395132 0.009674 1 6 1.000000
v_hands
  6 10.958636 0.514533 51.507763 -0.679759 -0.375456 -0.630048 0.365873 0.228419 1 6 1.000000
  6 11.859065 -0.860268 52.213062 -0.251039 -0.916189 -0.312372 0.317114 0.225247 1 6 1.000000
  6 7.288077 -0.670043 57.542019 -0.304399 -0.920801 -0.243858 0.335088 0.004845 1 6 1.000000
v_hands
  6 11.859065 -0.860268 52.213062 -0.251039 -0.916189 -0.312372 0.317114 0.225247 1 6 1.000000
  6 8.654147 -0.669995 58.697250 0.355815 -0.874146 0.330552 0.252072 0.005892 1 6 1.000000
  6 7.288077 -0.670043 57.542019 -0.304399 -0.920801 -0.243858 0.335088 0.004845 1 6 1.000000
v_hands
  6 11.859065 -0.860268 52.213062 -0.251039 -0.916189 -0.312372 0.317114 0.225247 1 6 1.000000
  6 13.203587 -0.788735 53.383709 0.404797 -0.880470 0.246804 0.256422 0.226990 1 6 1.000000
  6 8.654147 -0.669995 58.697250 0.355815 -0.874146 0.330552 0.252072 0.005892 1 6 1.000000
v_hands
  6 13.203587 -0.788735 53.383709 0.404797 -0.880470 0.246804 0.256422 0.226990 1 6 1.000000
  6 9.297533 0.660130 59.246403 0.683216 -0.402181 0.609481 0.208556 0.006800 1 6 1.000000
  6 8.654147 -0.669995 58.697250 0.355815 -0.874146 0.330552 0.252072 0.005892 1 6 1.000000
v_hands
  6 13.203587 -0.788735 53.383709 0.404797 -0.880470 0.246804 0.256422 0.226990 1 6 1.000000
  6 13.866333 0.592858 54.157818 0.729090 -0.383632 0.566792 0.213865 0.222871 1 6 1.000000
  6 9.297533 0.660130 59.246403 0.683216 -0.402181 0.609481 0.208556 0.006800 1 6 1.000000
v_hands
  6 13.866333 0.592858 54.157818 0.729090 -0.383632 0.566792 0.213865 0.222871 1 6 1.000000
  6 9.558560 2.002939 59.471848 0.743767 -0.139542 0.653711 0.166108 0.007355 1 6 1.000000
  6 9.297533 0.660130 59.246403 0.683216 -0.402181 0.609481 0.208556 0.006800 1 6 1.000000
v_hands
  6 13.866333 0.592858 54.157818 0.729090 -0.383632 0.566792 0.213865 0.222871 1 6 1.000000
  6 13.900379 2.070599 54.439037 0.782521 -0.037846 0.621473 0.167064 0.217491 1 6 1.000000
  6 9.558560 2.002939 59.471848 0.743767 -0.139542 0.653711 0.166108 0.007355 1 6 1.000000
v_hands
  6 13.900379 2.070599 54.439037 0.782521 -0.037846 0.621473 0.167064 0.217491 1 6 1.000000
  6 9.602665 3.411793 59.512524 0.718871 0.326568 0.613659 0.121573 0.007937 1 6 1.000000
  6 9.558560 2.002939 59.471848 0.743767 -0.139542 0.653711 0.166108 0.007355 1 6 1.000000
v_hands
  6 13.900379 2.070599 54.439037 0.782521 -0.037846 0.621473 0.167064 0.217491 1 6 1.000000
  6 13.704185 3.536569 54.521988 0.732215 0.369158 0.572350 0.120635 0.212155 1 6 1.000000
  6 9.602665 3.411793 59.512524 0.718871 0.326568 0.613659 0.121573 0.007937 1 6 1.000000
v_hands
  6 9.013716 4.321044 59.017471 0.502570 0.746541 0.436004 0.091973 0.008196 1 6 1.000000
  6 9.602665 3.411793 59.512524 0.718871 0.326568 0.613659 0.121573 0.007937 1 6 1.000000
  6 13.704185 3.536569 54.521988 0.732215 0.369158 0.572350 0.120635 0.212155 1 6 1.000000
v_hands
  6 9.013716 4.321044 59.017471 0.502570 0.746541 0.436004 0.091973 0.008196 1 6 1.000000
  6 13.704185 3.536569 54.521988 0.732215 0.369158 0.572350 0.120635 0.212155 1 6 1.000000
  6 13.068446 4.480026 54.107571 0.540978 0.752431 0.375752 0.090852 0.209517 1 6 1.000000
v_hands
  6 8.326827 4.908738 58.439053 0.034590 0.998460 0.043367 0.054732 0.008447 1 6 1.000000
  6 9.013716 4.321044 59.017471 0.502570 0.746541 0.436004 0.091973 0.008196 1 6 1.000000
  6 13.068446 4.480026 54.107571 0.540978 0.752431 0.375752 0.090852 0.209517 1 6 1.000000
v_hands
  6 8.326827 4.908738 58.439053 0.034590 0.998460 0.043367 0.054732 0.008447 1 6 1.000000
  6 13.068446 4.480026 54.107571 0.540978 0.752431 0.375752 0.090852 0.209517 1 6 1.000000
  6 12.443480 4.974625 53.683598 0.141566 0.988709 0.049125 0.058382 0.206141 1 6 1.000000
v_hands
  6 7.165695 4.145655 57.452003 -0.521354 0.749713 -0.407578 0.005073 0.009164 1 6 1.000000
  6 8.326827 4.908738 58.439053 0.034590 0.998460 0.043367 0.054732 0.008447 1 6 1.000000
  6 12.443480 4.974625 53.683598 0.141566 0.988709 0.049125 0.058382 0.206141 1 6 1.000000
v_hands
  6 7.165695 4.145655 57.452003 -0.521354 0.749713 -0.407578 0.005073 0.009164 1 6 1.000000
  6 12.443480 4.974625 53.683598 0.141566 0.988709 0.049125 0.058382 0.206141 1 6 1.000000
  6 11.284974 4.412999 52.398346 -0.478080 0.765324 -0.430950 0.011075 0.215117 1 6 1.000000
v_hands
  6 11.284974 4.412999 52.398346 -0.478080 0.765324 -0.430950 0.011075 0.215117 1 6 1.000000
  6 12.443480 4.974625 53.683598 0.141566 0.988709 0.049125 0.058382 0.206141 1 6 1.000000
  6 13.771845 4.648409 51.587234 -0.002490 0.996696 0.081180 0.056183 0.283974 2 6 0.712000 7 0.288000
v_hands
  6 11.284974 4.412999 52.398346 -0.478080 0.765324 -0.430950 0.011075 0.215117 1 6 1.000000
  6 13.771845 4.648409 51.587234 -0.002490 0.996696 0.081180 0.056183 0.283974 2 6 0.712000 7 0.288000
  6 13.139107 4.250729 50.237762 -0.569664 0.713450 -0.408010 0.009577 0.305161 2 6 0.709000 7 0.291000
v_hands
  6 13.771845 4.648409 51.587234 -0.002490 0.996696 0.081180 0.056183 0.283974 2 6 0.712000 7 0.288000
  6 12.443480 4.974625 53.683598 0.141566 0.988709 0.049125 0.058382 0.206141 1 6 1.000000
  6 13.068446 4.480026 54.107571 0.540978 0.752431 0.375752 0.090852 0.209517 1 6 1.000000
v_hands
  6 15.222105 3.417861 52.512962 0.713053 0.377453 0.590834 0.125558 0.291556 2 6 0.718000 7 0.282000
  6 13.900379 2.070599 54.439037 0.782521 -0.037846 0.621473 0.167064 0.217491 1 6 1.000000
  6 15.630707 2.347235 52.144516 0.798490 -0.019280 0.601699 0.159655 0.308300 2 6 0.874000 7 0.126000
v_hands
  6 15.222105 3.417861 52.512962 0.713053 0.377453 0.590834 0.125558 0.291556 2 6 0.718000 7 0.282000
  6 13.704185 3.536569 54.521988 0.732215 0.369158 0.572350 0.120635 0.212155 1 6 1.000000
  6 13.900379 2.070599 54.439037 0.782521 -0.037846 0.621473 0.167064 0.217491 1 6 1.000000
v_hands
  6 15.222105 3.417861 52.512962 0.713053 0.377453 0.590834 0.125558 0.291556 2 6 0.718000 7 0.282000
  6 13.068446 4.480026 54.107571 0.540978 0.752431 0.375752 0.090852 0.209517 1 6 1.000000
  6 13.704185 3.536569 54.521988 0.732215 0.369158 0.572350 0.120635 0.212155 1 6 1.000000
v_hands
  6 15.222105 3.417861 52.512962 0.713053 0.377453 0.590834 0.125558 0.291556 2 6 0.718000 7 0.282000
  6 14.478161 4.233655 52.047836 0.390652 0.809620 0.438071 0.091739 0.287979 2 6 0.709000 7 0.291000
  6 13.068446 4.480026 54.107571 0.540978 0.752431 0.375752 0.090852 0.209517 1 6 1.000000
v_hands
  6 13.771845 4.648409 51.587234 -0.002490 0.996696 0.081180 0.056183 0.283974 2 6 0.712000 7 0.288000
  6 13.068446 4.480026 54.107571 0.540978 0.752431 0.375752 0.090852 0.209517 1 6 1.000000
  6 14.478161 4.233655 52.047836 0.390652 0.809620 0.438071 0.091739 0.287979 2 6 0.709000 7 0.291000
v_hands
  7 14.656050 4.993791 50.805626 -0.084704 0.975566 0.202720 0.063068 0.323029 2 7 0.583000 6 0.417000
  6 13.771845 4.648409 51.587234 -0.002490 0.996696 0.081180 0.056183 0.283974 2 6 0.712000 7 0.288000
  6 14.478161 4.233655 52.047836 0.390652 0.809620 0.438071 0.091739 0.287979 2 6 0.709000 7 0.291000
v_hands
  7 14.656050 4.993791 50.805626 -0.084704 0.975566 0.202720 0.063068 0.323029 2 7 0.583000 6 0.417000
  6 14.478161 4.233655 52.047836 0.390652 0.809620 0.438071 0.091739 0.287979 2 6 0.709000 7 0.291000
  7 15.289301 4.671247 51.152199 0.322051 0.798062 0.509294 0.085959 0.326251 2 7 0.583000 6 0.417000
v_hands
  7 15.527740 5.147441 49.708694 0.046846 0.988882 0.141132 0.059998 0.367316 2 7 0.775000 6 0.225000
  7 14.656050 4.993791 50.805626 -0.084704 0.975566 0.202720 0.063068 0.323029 2 7 0.583000 6 0.417000
  7 15.289301 4.671247 51.152199 0.322051 0.798062 0.509294 0.085959 0.326251 2 7 0.583000 6 0.417000
v_hands
  7 15.527740 5.147441 49.708694 0.046846 0.988882 0.141132 0.059998 0.367316 2 7 0.775000 6 0.225000
  7 15.289301 4.671247 51.152199 0.322051 0.798062 0.509294 0.085959 0.326251 2 7 0.583000 6 0.417000
  7 16.252733 4.678583 50.245033 0.477508 0.762695 0.436214 0.088358 0.367806 2 7 0.775000 6 0.225000
v_hands
  7 17.185797 4.819241 48.870174 0.472418 0.827083 0.304557 0.084414 0.420081 1 7 1.000000
  7 15.527740 5.147441 49.708694 0.046846 0.988882 0.141132 0.059998 0.367316 2 7 0.775000 6 0.225000
  7 16.252733 4.678583 50.245033 0.477508 0.762695 0.436214 0.088358 0.367806 2 7 0.775000 6 0.225000
v_hands
  7 18.049391 3.523502 49.475281 0.724525 0.354274 0.591230 0.124148 0.422658 1 7 1.000000
  7 17.185797 4.819241 48.870174 0.472418 0.827083 0.304557 0.084414 0.420081 1 7 1.000000
  7 16.252733 4.678583 50.245033 0.477508 0.762695 0.436214 0.088358 0.367806 2 7 0.775000 6 0.225000
v_hands
  7 19.036751 3.980886 47.449257 0.662240 0.641176 0.387726 0.114918 0.491330 1 7 1.000000
  7 17.185797 4.819241 48.870174 0.472418 0.827083 0.304557 0.084414 0.420081 1 7 1.000000
  7 18.049391 3.523502 49.475281 0.724525 0.354274 0.591230 0.124148 0.422658 1 7 1.000000
v_hands
  7 19.519861 2.851332 47.900742 0.806953 0.194229 0.557765 0.146398 0.490377 1 7 1.000000
  7 19.036751 3.980886 47.449257 0.662240 0.641176 0.387726 0.114918 0.491330 1 7 1.000000
  7 18.049391 3.523502 49.475281 0.724525 0.354274 0.591230 0.124148 0.422658 1 7 1.000000
v_hands
  7 19.036751 3.980886 47.449257 0.662240 0.641176 0.387726 0.114918 0.491330 1 7 1.000000
  7 19.519861 2.851332 47.900742 0.806953 0.194229 0.557765 0.146398 0.490377 1 7 1.000000
  7 20.569277 2.539757 46.159153 0.849160 0.109895 0.516575 0.157181 0.553648 1 7 1.000000
v_hands
  7 19.036751 3.980886 47.449257 0.662240 0.641176 0.387726 0.114918 0.491330 1 7 1.000000
  7 20.569277 2.539757 46.159153 0.849160 0.109895 0.516575 0.157181 0.553648 1 7 1.000000
  7 20.257153 3.828477 45.762165 0.681914 0.616973 0.392859 0.121403 0.557221 1 7 1.000000
v_hands
  7 21.666212 2.797136 44.177895 0.837833 0.198295 0.508640 0.150643 0.623358 1 7 1.000000
  7 20.257153 3.828477 45.762165 0.681914 0.616973 0.392859 0.121403 0.557221 1 7 1.000000
  7 20.569277 2.539757 46.159153 0.849160 0.109895 0.516575 0.157181 0.553648 1 7 1.000000
v_hands
  7 21.666212 2.797136 44.177895 0.837833 0.198295 0.508640 0.150643 0.623358 1 7 1.000000
  7 21.446320 3.597507 43.857624 0.689003 0.618773 0.377352 0.123695 0.627491 1 7 1.000000
  7 20.257153 3.828477 45.762165 0.681914 0.616973 0.392859 0.121403 0.557221 1 7 1.000000
v_hands
  7 22.462818 3.078824 42.828289 0.767850 0.310646 0.560272 0.141893 0.675117 1 7 1.000000
  7 21.446320 3.597507 43.857624 0.689003 0.618773 0.377352 0.123695 0.627491 1 7 1.000000
  7 21.666212 2.797136 44.177895 0.837833 0.198295 0.508640 0.150643 0.623358 1 7 1.000000
v_hands
  7 19.036751 3.980886 47.449257 0.662240 0.641176 0.387726 0.114918 0.491330 1 7 1.000000
  7 18.471704 4.549015 46.937996 0.421557 0.890773 0.169744 0.085414 0.492933 1 7 1.000000
  7 17.185797 4.819241 48.870174 0.472418 0.827083 0.304557 0.084414 0.420081 1 7 1.000000
v_hands
  7 18.471704 4.549015 46.937996 0.421557 0.890773 0.169744 0.085414 0.492933 1 7 1.000000
  7 19.036751 3.980886 47.449257 0.662240 0.641176 0.387726 0.114918 0.491330 1 7 1.000000
  7 20.257153 3.828477 45.762165 0.681914 0.616973 0.392859 0.121403 0.557221 1 7 1.000000
v_hands
  7 18.471704 4.549015 46.937996 0.421557 0.890773 0.169744 0.085414 0.492933 1 7 1.000000
  7 20.257153 3.828477 45.762165 0.681914 0.616973 0.392859 0.121403 0.557221 1 7 1.000000
  7 19.724522 4.310803 45.209293 0.393999 0.907480 0.145755 0.087514 0.560193 1 7 1.000000
v_hands
  7 21.446320 3.597507 43.857624 0.689003 0.618773 0.377352 0.123695 0.627491 1 7 1.000000
  7 19.724522 4.310803 45.209293 0.393999 0.907480 0.145755 0.087514 0.560193 1 7 1.000000
  7 20.257153 3.828477 45.762165 0.681914 0.616973 0.392859 0.121403 0.557221 1 7 1.000000
v_hands
  7 21.446320 3.597507 43.857624 0.689003 0.618773 0.377352 0.123695 0.627491 1 7 1.000000
  7 21.150515 3.995485 43.410332 0.439222 0.881055 0.175576 0.097536 0.634276 1 7 1.000000
  7 19.724522 4.310803 45.209293 0.393999 0.907480 0.145755 0.087514 0.560193 1 7 1.000000
v_hands
  7 17.185797 4.819241 48.870174 0.472418 0.827083 0.304557 0.084414 0.420081 1 7 1.000000
  7 16.477316 5.135198 48.182842 0.057119 0.995350 -0.077566 0.055675 0.423618 1 7 1.000000
  7 15.527740 5.147441 49.708694 0.046846 0.988882 0.141132 0.059998 0.367316 2 7 0.775000 6 0.225000
v_hands
  7 18.471704 4.549015 46.937996 0.421557 0.890773 0.169744 0.085414 0.492933 1 7 1.000000
  7 16.477316 5.135198 48.182842 0.057119 0.995350 -0.077566 0.055675 0.423618 1 7 1.000000
  7 17.185797 4.819241 48.870174 0.472418 0.827083 0.304557 0.084414 0.420081 1 7 1.000000
v_hands
  7 18.471704 4.549015 46.937996 0.421557 0.890773 0.169744 0.085414 0.492933 1 7 1.000000
  7 17.852579 4.767251 46.408192 0.059614 0.988585 -0.138365 0.052312 0.495060 1 7 1.000000
  7 16.477316 5.135198 48.182842 0.057119 0.995350 -0.077566 0.055675 0.423618 1 7 1.000000
v_hands
  7 17.852579 4.767251 46.408192 0.059614 0.988585 -0.138365 0.052312 0.495060 1 7 1.000000
  7 18.471704 4.549015 46.937996 0.421557 0.890773 0.169744 0.085414 0.492933 1 7 1.000000
  7 19.724522 4.310803 45.209293 0.393999 0.907480 0.145755 0.087514 0.560193 1 7 1.000000
v_hands
  7 17.852579 4.767251 46.408192 0.059614 0.988585 -0.138365 0.052312 0.495060 1 7 1.000000
  7 19.724522 4.310803 45.209293 0.393999 0.907480 0.145755 0.087514 0.560193 1 7 1.000000
  7 19.157917 4.489944 44.731339 0.026627 0.985970 -0.164784 0.053511 0.564608 1 7 1.000000
v_hands
  7 21.150515 3.995485 43.410332 0.439222 0.881055 0.175576 0.097536 0.634276 1 7 1.000000
  7 19.157917 4.489944 44.731339 0.026627 0.985970 -0.164784 0.053511 0.564608 1 7 1.000000
  7 19.724522 4.310803 45.209293 0.393999 0.907480 0.145755 0.087514 0.560193 1 7 1.000000
v_hands
  7 21.150515 3.995485 43.410332 0.439222 0.881055 0.175576 0.097536 0.634276 1 7 1.000000
  7 20.652782 4.142998 42.997910 0.007674 0.975877 -0.218185 0.063150 0.635258 1 7 1.000000
  7 19.157917 4.489944 44.731339 0.026627 0.985970 -0.164784 0.053511 0.564608 1 7 1.000000
v_hands
  7 16.252733 4.678583 50.245033 0.477508 0.762695 0.436214 0.088358 0.367806 2 7 0.775000 6 0.225000
  7 15.921843 3.984839 51.468468 0.612811 0.460860 0.641927 0.108217 0.331296 2 7 0.583000 6 0.417000
  7 16.912252 3.634109 50.656330 0.673909 0.324955 0.663514 0.119890 0.370979 2 7 0.715000 6 0.285000
v_hands
  7 16.252733 4.678583 50.245033 0.477508 0.762695 0.436214 0.088358 0.367806 2 7 0.775000 6 0.225000
  7 15.289301 4.671247 51.152199 0.322051 0.798062 0.509294 0.085959 0.326251 2 7 0.583000 6 0.417000
  7 15.921843 3.984839 51.468468 0.612811 0.460860 0.641927 0.108217 0.331296 2 7 0.583000 6 0.417000
v_hands
  6 15.222105 3.417861 52.512962 0.713053 0.377453 0.590834 0.125558 0.291556 2 6 0.718000 7 0.282000
  7 15.289301 4.671247 51.152199 0.322051 0.798062 0.509294 0.085959 0.326251 2 7 0.583000 6 0.417000
  6 14.478161 4.233655 52.047836 0.390652 0.809620 0.438071 0.091739 0.287979 2 6 0.709000 7 0.291000
v_hands
  6 15.222105 3.417861 52.512962 0.713053 0.377453 0.590834 0.125558 0.291556 2 6 0.718000 7 0.282000
  7 15.921843 3.984839 51.468468 0.612811 0.460860 0.641927 0.108217 0.331296 2 7 0.583000 6 0.417000
  7 15.289301 4.671247 51.152199 0.322051 0.798062 0.509294 0.085959 0.326251 2 7 0.583000 6 0.417000
v_hands
  7 15.921843 3.984839 51.468468 0.612811 0.460860 0.641927 0.108217 0.331296 2 7 0.583000 6 0.417000
  6 15.222105 3.417861 52.512962 0.713053 0.377453 0.590834 0.125558 0.291556 2 6 0.718000 7 0.282000
  6 15.630707 2.347235 52.144516 0.798490 -0.019280 0.601699 0.159655 0.308300 2 6 0.874000 7 0.126000
v_hands
  7 15.921843 3.984839 51.468468 0.612811 0.460860 0.641927 0.108217 0.331296 2 7 0.583000 6 0.417000
  6 15.630707 2.347235 52.144516 0.798490 -0.019280 0.601699 0.159655 0.308300 2 6 0.874000 7 0.126000
  7 16.426456 2.655095 51.126038 0.691892 -0.014551 0.721855 0.150524 0.349262 2 7 0.742000 6 0.258000
v_hands
  7 16.426456 2.655095 51.126038 0.691892 -0.014551 0.721855 0.150524 0.349262 2 7 0.742000 6 0.258000
  7 16.912252 3.634109 50.656330 0.673909 0.324955 0.663514 0.119890 0.370979 2 7 0.715000 6 0.285000
  7 15.921843 3.984839 51.468468 0.612811 0.460860 0.641927 0.108217 0.331296 2 7 0.583000 6 0.417000
v_hands
  7 17.053623 2.246855 50.669712 0.628864 -0.099682 0.771099 0.163780 0.372911 1 7 1.000000
  7 16.912252 3.634109 50.656330 0.673909 0.324955 0.663514 0.119890 0.370979 2 7 0.715000 6 0.285000
  7 16.426456 2.655095 51.126038 0.691892 -0.014551 0.721855 0.150524 0.349262 2 7 0.742000 6 0.258000
v_hands
  7 17.053623 2.246855 50.669712 0.628864 -0.099682 0.771099 0.163780 0.372911 1 7 1.000000
  7 18.049391 3.523502 49.475281 0.724525 0.354274 0.591230 0.124148 0.422658 1 7 1.000000
  7 16.912252 3.634109 50.656330 0.673909 0.324955 0.663514 0.119890 0.370979 2 7 0.715000 6 0.285000
v_hands
  7 18.049391 3.523502 49.475281 0.724525 0.354274 0.591230 0.124148 0.422658 1 7 1.000000
  7 16.252733 4.678583 50.245033 0.477508 0.762695 0.436214 0.088358 0.367806 2 7 0.775000 6 0.225000
  7 16.912252 3.634109 50.656330 0.673909 0.324955 0.663514 0.119890 0.370979 2 7 0.715000 6 0.285000
v_hands
  7 22.851988 3.068608 42.283329 0.746112 0.126987 0.653599 0.142526 0.693941 1 7 1.000000
  7 22.907249 3.612670 42.099823 0.605036 0.511897 0.609831 0.125458 0.703027 1 7 1.000000
  7 22.589146 3.631941 42.281326 0.480879 0.634841 0.604757 0.121414 0.689675 1 7 1.000000
v_hands
  7 22.589146 3.631941 42.281326 0.480879 0.634841 0.604757 0.121414 0.689675 1 7 1.000000
  7 22.462818 3.078824 42.828289 0.767850 0.310646 0.560272 0.141893 0.675117 1 7 1.000000
  7 22.851988 3.068608 42.283329 0.746112 0.126987 0.653599 0.142526 0.693941 1 7 1.000000
v_hands
  7 22.498966 2.095732 42.850613 0.823665 -0.137579 0.550134 0.172971 0.672602 1 7 1.000000
  7 22.851988 3.068608 42.283329 0.746112 0.126987 0.653599 0.142526 0.693941 1 7 1.000000
  7 22.462818 3.078824 42.828289 0.767850 0.310646 0.560272 0.141893 0.675117 1 7 1.000000
v_hands
  7 22.498966 2.095732 42.850613 0.823665 -0.137579 0.550134 0.172971 0.672602 1 7 1.000000
  7 22.462818 3.078824 42.828289 0.767850 0.310646 0.560272 0.141893 0.675117 1 7 1.000000
  7 21.666212 2.797136 44.177895 0.837833 0.198295 0.508640 0.150643 0.623358 1 7 1.000000
v_hands
  7 22.498966 2.095732 42.850613 0.823665 -0.137579 0.550134 0.172971 0.672602 1 7 1.000000
  7 21.666212 2.797136 44.177895 0.837833 0.198295 0.508640 0.150643 0.623358 1 7 1.000000
  7 21.660694 2.086857 44.174076 0.850870 -0.160119 0.500383 0.172530 0.623571 1 7 1.000000
v_hands
  7 21.660694 2.086857 44.174076 0.850870 -0.160119 0.500383 0.172530 0.623571 1 7 1.000000
  7 21.666212 2.797136 44.177895 0.837833 0.198295 0.508640 0.150643 0.623358 1 7 1.000000
  7 20.569277 2.539757 46.159153 0.849160 0.109895 0.516575 0.157181 0.553648 1 7 1.000000
v_hands
  7 21.660694 2.086857 44.174076 0.850870 -0.160119 0.500383 0.172530 0.623571 1 7 1.000000
  7 20.569277 2.539757 46.159153 0.849160 0.109895 0.516575 0.157181 0.553648 1 7 1.000000
  7 20.504732 1.781986 46.070095 0.820611 -0.299110 0.486961 0.181146 0.554114 1 7 1.000000
v_hands
  7 19.519861 2.851332 47.900742 0.806953 0.194229 0.557765 0.146398 0.490377 1 7 1.000000
  7 20.504732 1.781986 46.070095 0.820611 -0.299110 0.486961 0.181146 0.554114 1 7 1.000000
  7 20.569277 2.539757 46.159153 0.849160 0.109895 0.516575 0.157181 0.553648 1 7 1.000000
v_hands
  7 19.519861 2.851332 47.900742 0.806953 0.194229 0.557765 0.146398 0.490377 1 7 1.000000
  7 19.475901 1.672548 47.792778 0.784144 -0.277310 0.555173 0.183685 0.491524 1 7 1.000000
  7 20.504732 1.781986 46.070095 0.820611 -0.299110 0.486961 0.181146 0.554114 1 7 1.000000
v_hands
  7 19.475901 1.672548 47.792778 0.784144 -0.277310 0.555173 0.183685 0.491524 1 7 1.000000
  7 19.519861 2.851332 47.900742 0.806953 0.194229 0.557765 0.146398 0.490377 1 7 1.000000
  7 18.049391 3.523502 49.475281 0.724525 0.354274 0.591230 0.124148 0.422658 1 7 1.000000
v_hands
  7 19.475901 1.672548 47.792778 0.784144 -0.277310 0.555173 0.183685 0.491524 1 7 1.000000
  7 18.049391 3.523502 49.475281 0.724525 0.354274 0.591230 0.124148 0.422658 1 7 1.000000
  7 18.085979 1.777918 49.555737 0.744269 -0.195567 0.638605 0.179309 0.420661 1 7 1.000000
v_hands
  7 17.053623 2.246855 50.669712 0.628864 -0.099682 0.771099 0.163780 0.372911 1 7 1.000000
  7 18.085979 1.777918 49.555737 0.744269 -0.195567 0.638605 0.179309 0.420661 1 7 1.000000
  7 18.049391 3.523502 49.475281 0.724525 0.354274 0.591230 0.124148 0.422658 1 7 1.000000
v_hands
  7 16.526472 0.466309 50.484692 0.606103 -0.559123 0.565703 0.219970 0.365723 2 7 0.805000 6 0.195000
  7 18.085979 1.777918 49.555737 0.744269 -0.195567 0.638605 0.179309 0.420661 1 7 1.000000
  7 17.053623 2.246855 50.669712 0.628864 -0.099682 0.771099 0.163780 0.372911 1 7 1.000000
v_hands
  7 16.526472 0.466309 50.484692 0.606103 -0.559123 0.565703 0.219970 0.365723 2 7 0.805000 6 0.195000
  7 17.053623 2.246855 50.669712 0.628864 -0.099682 0.771099 0.163780 0.372911 1 7 1.000000
  7 16.426456 2.655095 51.126038 0.691892 -0.014551 0.721855 0.150524 0.349262 2 7 0.742000 6 0.258000
v_hands
  7 16.526472 0.466309 50.484692 0.606103 -0.559123 0.565703 0.219970 0.365723 2 7 0.805000 6 0.195000
  7 16.426456 2.655095 51.126038 0.691892 -0.014551 0.721855 0.150524 0.349262 2 7 0.742000 6 0.258000
  6 15.948218 0.744093 51.341915 0.722177 -0.411531 0.555970 0.210710 0.333373 2 6 0.874000 7 0.126000
v_hands
  6 15.948218 0.744093 51.341915 0.722177 -0.411531 0.555970 0.210710 0.333373 2 6 0.874000 7 0.126000
  7 16.426456 2.655095 51.126038 0.691892 -0.014551 0.721855 0.150524 0.349262 2 7 0.742000 6 0.258000
  6 15.630707 2.347235 52.144516 0.798490 -0.019280 0.601699 0.159655 0.308300 2 6 0.874000 7 0.126000
v_hands
  6 13.866333 0.592858 54.157818 0.729090 -0.383632 0.566792 0.213865 0.222871 1 6 1.000000
  6 15.948218 0.744093 51.341915 0.722177 -0.411531 0.555970 0.210710 0.333373 2 6 0.874000 7 0.126000
  6 15.630707 2.347235 52.144516 0.798490 -0.019280 0.601699 0.159655 0.308300 2 6 0.874000 7 0.126000
v_hands
  6 13.866333 0.592858 54.157818 0.729090 -0.383632 0.566792 0.213865 0.222871 1 6 1.000000
  6 15.630707 2.347235 52.144516 0.798490 -0.019280 0.601699 0.159655 0.308300 2 6 0.874000 7 0.126000
  6 13.900379 2.070599 54.439037 0.782521 -0.037846 0.621473 0.167064 0.217491 1 6 1.000000
v_hands
  11 25.429388 3.612190 35.482838 -0.674116 -0.728873 0.119631 0.373827 0.934257 1 11 1.000000
  11 25.533697 3.624382 35.938972 -0.628533 -0.774229 0.074269 0.374058 0.922954 1 11 1.000000
  11 25.447878 4.001740 35.962029 -0.923741 0.371379 0.093698 0.385998 0.922084 1 11 1.000000
v_hands
  11 25.429388 3.612190 35.482838 -0.674116 -0.728873 0.119631 0.373827 0.934257 1 11 1.000000
  11 25.447878 4.001740 35.962029 -0.923741 0.371379 0.093698 0.385998 0.922084 1 11 1.000000
  11 25.335381 3.975034 35.498009 -0.930634 0.350150 0.106369 0.385638 0.933536 1 11 1.000000
v_hands
  11 25.327572 3.960053 35.103138 -0.884251 0.314205 -0.345507 0.382918 0.942474 1 11 1.000000
  11 25.429388 3.612190 35.482838 -0.674116 -0.728873 0.119631 0.373827 0.934257 1 11 1.000000
  11 25.335381 3.975034 35.498009 -0.930634 0.350150 0.106369 0.385638 0.933536 1 11 1.000000
v_hands
  11 25.327572 3.960053 35.103138 -0.884251 0.314205 -0.345507 0.382918 0.942474 1 11 1.000000
  11 25.402126 3.600652 35.095802 -0.625014 -0.689749 -0.365519 0.374887 0.943362 1 11 1.000000
  11 25.429388 3.612190 35.482838 -0.674116 -0.728873 0.119631 0.373827 0.934257 1 11 1.000000
v_hands
  12 25.430227 2.680933 37.023457 -0.546771 -0.176413 -0.818486 0.342657 0.875804 2 12 0.760000 8 0.240000
  12 25.596581 3.227989 36.865448 -0.709887 0.455146 -0.537496 0.359353 0.883135 1 12 1.000000
  12 25.661230 2.705170 36.832661 -0.549351 -0.610100 -0.570957 0.343094 0.884423 1 12 1.000000
v_hands
  12 25.430227 2.680933 37.023457 -0.546771 -0.176413 -0.818486 0.342657 0.875804 2 12 0.760000 8 0.240000
  12 25.267242 3.217962 37.160690 -0.491002 0.106166 -0.864665 0.360673 0.872440 2 12 0.760000 8 0.240000
  12 25.596581 3.227989 36.865448 -0.709887 0.455146 -0.537496 0.359353 0.883135 1 12 1.000000
v_hands
  9 24.919779 3.347671 37.435234 -0.654934 -0.156611 -0.739280 0.366413 0.860233 3 9 0.415312 8 0.392688 12 0.192000
  12 25.267242 3.217962 37.160690 -0.491002 0.106166 -0.864665 0.360673 0.872440 2 12 0.760000 8 0.240000
  12 25.430227 2.680933 37.023457 -0.546771 -0.176413 -0.818486 0.342657 0.875804 2 12 0.760000 8 0.240000
v_hands
  9 25.150417 3.404705 37.173256 -0.549346 -0.316449 -0.773356 0.367568 0.870900 2 9 0.778000 8 0.222000
  12 25.267242 3.217962 37.160690 -0.491002 0.106166 -0.864665 0.360673 0.872440 2 12 0.760000 8 0.240000
  9 24.919779 3.347671 37.435234 -0.654934 -0.156611 -0.739280 0.366413 0.860233 3 9 0.415312 8 0.392688 12 0.192000
v_hands
  9 24.919779 3.347671 37.435234 -0.654934 -0.156611 -0.739280 0.366413 0.860233 3 9 0.415312 8 0.392688 12 0.192000
  9 25.040884 3.921282 37.191795 -0.680245 0.284680 -0.675443 0.384456 0.870769 2 9 0.778000 8 0.222000
  9 25.150417 3.404705 37.173256 -0.549346 -0.316449 -0.773356 0.367568 0.870900 2 9 0.778000 8 0.222000
v_hands
  9 25.040884 3.921282 37.191795 -0.680245 0.284680 -0.675443 0.384456 0.870769 2 9 0.778000 8 0.222000
  9 25.329454 3.491008 36.948574 -0.440990 -0.743440 -0.502816 0.369752 0.880368 1 9 1.000000
  9 25.150417 3.404705 37.173256 -0.549346 -0.316449 -0.773356 0.367568 0.870900 2 9 0.778000 8 0.222000
v_hands
  9 25.040884 3.921282 37.191795 -0.680245 0.284680 -0.675443 0.384456 0.870769 2 9 0.778000 8 0.222000
  9 25.229034 3.969774 36.969601 -0.774978 0.386333 -0.500156 0.384445 0.878158 1 9 1.000000
  9 25.329454 3.491008 36.948574 -0.440990 -0.743440 -0.502816 0.369752 0.880368 1 9 1.000000
v_hands
  10 25.456079 3.981139 36.506092 -0.911292 0.368316 -0.184094 0.385388 0.892010 1 10 1.000000
  9 25.329454 3.491008 36.948574 -0.440990 -0.743440 -0.502816 0.369752 0.880368 1 9 1.000000
  9 25.229034 3.969774 36.969601 -0.774978 0.386333 -0.500156 0.384445 0.878158 1 9 1.000000
v_hands
  10 25.456079 3.981139 36.506092 -0.911292 0.368316 -0.184094 0.385388 0.892010 1 10 1.000000
  9 25.229034 3.969774 36.969601 -0.774978 0.386333 -0.500156 0.384445 0.878158 1 9 1.000000
  9 25.705212 4.237967 36.833893 -0.062013 0.997029 -0.045679 0.397123 0.888917 2 9 0.502000 10 0.498000
v_hands
  11 25.691528 4.181045 36.116333 -0.179942 0.983228 -0.029712 0.396776 0.911045 2 11 0.502000 10 0.498000
  10 25.456079 3.981139 36.506092 -0.911292 0.368316 -0.184094 0.385388 0.892010 1 10 1.000000
  9 25.705212 4.237967 36.833893 -0.062013 0.997029 -0.045679 0.397123 0.888917 2 9 0.502000 10 0.498000
v_hands
  11 25.447878 4.001740 35.962029 -0.923741 0.371379 0.093698 0.385998 0.922084 1 11 1.000000
  10 25.456079 3.981139 36.506092 -0.911292 0.368316 -0.184094 0.385388 0.892010 1 10 1.000000
  11 25.691528 4.181045 36.116333 -0.179942 0.983228 -0.029712 0.396776 0.911045 2 11 0.502000 10 0.498000
v_hands
  11 25.577986 4.130268 35.452358 -0.142767 0.984399 -0.102839 0.392302 0.931037 1 11 1.000000
  11 25.447878 4.001740 35.962029 -0.923741 0.371379 0.093698 0.385998 0.922084 1 11 1.000000
  11 25.691528 4.181045 36.116333 -0.179942 0.983228 -0.029712 0.396776 0.911045 2 11 0.502000 10 0.498000
v_hands
  11 25.577986 4.130268 35.452358 -0.142767 0.984399 -0.102839 0.392302 0.931037 1 11 1.000000
  11 25.335381 3.975034 35.498009 -0.930634 0.350150 0.106369 0.385638 0.933536 1 11 1.000000
  11 25.447878 4.001740 35.962029 -0.923741 0.371379 0.093698 0.385998 0.922084 1 11 1.000000
v_hands
  11 25.418331 4.016930 35.054710 -0.343164 0.696774 -0.629877 0.386490 0.943631 1 11 1.000000
  11 25.335381 3.975034 35.498009 -0.930634 0.350150 0.106369 0.385638 0.933536 1 11 1.000000
  11 25.577986 4.130268 35.452358 -0.142767 0.984399 -0.102839 0.392302 0.931037 1 11 1.000000
v_hands
  11 25.418331 4.016930 35.054710 -0.343164 0.696774 -0.629877 0.386490 0.943631 1 11 1.000000
  11 25.327572 3.960053 35.103138 -0.884251 0.314205 -0.345507 0.382918 0.942474 1 11 1.000000
  11 25.335381 3.975034 35.498009 -0.930634 0.350150 0.106369 0.385638 0.933536 1 11 1.000000
v_hands
  11 25.459457 3.828528 34.999172 -0.317094 -0.015320 -0.948270 0.379813 0.945781 1 11 1.000000
  11 25.327572 3.960053 35.103138 -0.884251 0.314205 -0.345507 0.382918 0.942474 1 11 1.000000
  11 25.418331 4.016930 35.054710 -0.343164 0.696774 -0.629877 0.386490 0.943631 1 11 1.000000
v_hands
  11 25.459457 3.828528 34.999172 -0.317094 -0.015320 -0.948270 0.379813 0.945781 1 11 1.000000
  11 25.402126 3.600652 35.095802 -0.625014 -0.689749 -0.365519 0.374887 0.943362 1 11 1.000000
  11 25.327572 3.960053 35.103138 -0.884251 0.314205 -0.345507 0.382918 0.942474 1 11 1.000000
v_hands
  11 25.520008 3.612639 35.036537 0.021516 -0.718923 -0.694756 0.369003 0.944835 1 11 1.000000
  11 25.402126 3.600652 35.095802 -0.625014 -0.689749 -0.365519 0.374887 0.943362 1 11 1.000000
  11 25.459457 3.828528 34.999172 -0.317094 -0.015320 -0.948270 0.379813 0.945781 1 11 1.000000
v_hands
  9 24.919779 3.347671 37.435234 -0.654934 -0.156611 -0.739280 0.366413 0.860233 3 9 0.415312 8 0.392688 12 0.192000
  12 25.430227 2.680933 37.023457 -0.546771 -0.176413 -0.818486 0.342657 0.875804 2 12 0.760000 8 0.240000
  8 25.032358 2.466191 37.453575 -0.682834 -0.036621 -0.729655 0.338812 0.860940 3 8 0.635896 12 0.192000 15 0.172104
v_hands
  9 25.040884 3.921282 37.191795 -0.680245 0.284680 -0.675443 0.384456 0.870769 2 9 0.778000 8 0.222000
  9 25.268305 4.238120 37.453697 -0.057963 0.979091 -0.194991 0.398953 0.870541 1 9 1.000000
  9 25.229034 3.969774 36.969601 -0.774978 0.386333 -0.500156 0.384445 0.878158 1 9 1.000000
v_hands
  9 25.705212 4.237967 36.833893 -0.062013 0.997029 -0.045679 0.397123 0.888917 2 9 0.502000 10 0.498000
  9 25.229034 3.969774 36.969601 -0.774978 0.386333 -0.500156 0.384445 0.878158 1 9 1.000000
  9 25.268305 4.238120 37.453697 -0.057963 0.979091 -0.194991 0.398953 0.870541 1 9 1.000000
v_hands
  8 24.447189 2.358666 38.018017 -0.629175 0.004684 -0.777249 0.338560 0.832055 1 8 1.000000
  8 25.032358 2.466191 37.453575 -0.682834 -0.036621 -0.729655 0.338812 0.860940 3 8 0.635896 12 0.192000 15 0.172104
  18 25.065319 1.491888 37.312241 -0.623651 0.045826 -0.780359 0.307291 0.855995 3 18 0.430489 8 0.356511 15 0.213000
v_hands
  9 24.919779 3.347671 37.435234 -0.654934 -0.156611 -0.739280 0.366413 0.860233 3 9 0.415312 8 0.392688 12 0.192000
  8 25.032358 2.466191 37.453575 -0.682834 -0.036621 -0.729655 0.338812 0.860940 3 8 0.635896 12 0.192000 15 0.172104
  8 24.447189 2.358666 38.018017 -0.629175 0.004684 -0.777249 0.338560 0.832055 1 8 1.000000
v_hands
  9 24.919779 3.347671 37.435234 -0.654934 -0.156611 -0.739280 0.366413 0.860233 3 9 0.415312 8 0.392688 12 0.192000
  8 24.447189 2.358666 38.018017 -0.629175 0.004684 -0.777249 0.338560 0.832055 1 8 1.000000
  8 24.425591 3.480541 37.794567 -0.602245 -0.092283 -0.792959 0.372967 0.840363 2 8 0.826000 9 0.174000
v_hands
  9 24.919779 3.347671 37.435234 -0.654934 -0.156611 -0.739280 0.366413 0.860233 3 9 0.415312 8 0.392688 12 0.192000
  8 24.425591 3.480541 37.794567 -0.602245 -0.092283 -0.792959 0.372967 0.840363 2 8 0.826000 9 0.174000
  9 25.040884 3.921282 37.191795 -0.680245 0.284680 -0.675443 0.384456 0.870769 2 9 0.778000 8 0.222000
v_hands
  8 24.581667 4.240612 37.720848 -0.421845 0.685399 -0.593528 0.400084 0.847557 2 8 0.772000 9 0.228000
  9 25.040884 3.921282 37.191795 -0.680245 0.284680 -0.675443 0.384456 0.870769 2 9 0.778000 8 0.222000
  8 24.425591 3.480541 37.794567 -0.602245 -0.092283 -0.792959 0.372967 0.840363 2 8 0.826000 9 0.174000
v_hands
  8 24.581667 4.240612 37.720848 -0.421845 0.685399 -0.593528 0.400084 0.847557 2 8 0.772000 9 0.228000
  8 24.425591 3.480541 37.794567 -0.602245 -0.092283 -0.792959 0.372967 0.840363 2 8 0.826000 9 0.174000
  8 23.683012 3.578649 38.270603 -0.661716 0.024199 -0.749364 0.379555 0.815730 1 8 1.000000
v_hands
  8 24.581667 4.240612 37.720848 -0.421845 0.685399 -0.593528 0.400084 0.847557 2 8 0.772000 9 0.228000
  8 23.683012 3.578649 38.270603 -0.661716 0.024199 -0.749364 0.379555 0.815730 1 8 1.000000
  8 24.102440 4.299317 38.149105 -0.440129 0.763645 -0.472369 0.405466 0.828837 1 8 1.000000
v_hands
  8 23.298904 4.216247 38.972301 -0.538615 0.737148 -0.408052 0.405080 0.794228 1 8 1.000000
  8 24.102440 4.299317 38.149105 -0.440129 0.763645 -0.472369 0.405466 0.828837 1 8 1.000000
  8 23.683012 3.578649 38.270603 -0.661716 0.024199 -0.749364 0.379555 0.815730 1 8 1.000000
v_hands
  8 24.425591 3.480541 37.794567 -0.602245 -0.092283 -0.792959 0.372967 0.840363 2 8 0.826000 9 0.174000
  8 23.920336 2.310366 38.448208 -0.635420 0.081219 -0.767884 0.339782 0.812237 1 8 1.000000
  8 23.683012 3.578649 38.270603 -0.661716 0.024199 -0.749364 0.379555 0.815730 1 8 1.000000
v_hands
  8 24.425591 3.480541 37.794567 -0.602245 -0.092283 -0.792959 0.372967 0.840363 2 8 0.826000 9 0.174000
  8 24.447189 2.358666 38.018017 -0.629175 0.004684 -0.777249 0.338560 0.832055 1 8 1.000000
  8 23.920336 2.310366 38.448208 -0.635420 0.081219 -0.767884 0.339782 0.812237 1 8 1.000000
v_hands
  18 25.559872 0.895426 36.972927 -0.563545 -0.401698 -0.721842 0.285696 0.872703 1 18 1.000000
  18 25.773392 0.897456 36.720676 -0.747848 -0.394542 -0.533909 0.284928 0.885088 1 18 1.000000
  18 25.823601 0.645356 37.172947 -0.102178 -0.983347 -0.150295 0.276180 0.874314 1 18 1.000000
v_hands
  18 25.071434 0.785174 37.309570 -0.539649 -0.556128 -0.632061 0.285312 0.850820 2 18 0.640000 8 0.360000
  18 25.559872 0.895426 36.972927 -0.563545 -0.401698 -0.721842 0.285696 0.872703 1 18 1.000000
  18 25.823601 0.645356 37.172947 -0.102178 -0.983347 -0.150295 0.276180 0.874314 1 18 1.000000
v_hands
  18 25.065319 1.491888 37.312241 -0.623651 0.045826 -0.780359 0.307291 0.855995 3 18 0.430489 8 0.356511 15 0.213000
  18 25.559872 0.895426 36.972927 -0.563545 -0.401698 -0.721842 0.285696 0.872703 1 18 1.000000
  18 25.071434 0.785174 37.309570 -0.539649 -0.556128 -0.632061 0.285312 0.850820 2 18 0.640000 8 0.360000
v_hands
  18 25.071434 0.785174 37.309570 -0.539649 -0.556128 -0.632061 0.285312 0.850820 2 18 0.640000 8 0.360000
  8 24.450510 1.398901 37.949066 -0.500216 -0.039055 -0.865020 0.308012 0.829193 2 8 0.835000 21 0.165000
  18 25.065319 1.491888 37.312241 -0.623651 0.045826 -0.780359 0.307291 0.855995 3 18 0.430489 8 0.356511 15 0.213000
v_hands
  8 24.447189 2.358666 38.018017 -0.629175 0.004684 -0.777249 0.338560 0.832055 1 8 1.000000
  18 25.065319 1.491888 37.312241 -0.623651 0.045826 -0.780359 0.307291 0.855995 3 18 0.430489 8 0.356511 15 0.213000
  8 24.450510 1.398901 37.949066 -0.500216 -0.039055 -0.865020 0.308012 0.829193 2 8 0.835000 21 0.165000
v_hands
  8 24.447189 2.358666 38.018017 -0.629175 0.004684 -0.777249 0.338560 0.832055 1 8 1.000000
  8 24.450510 1.398901 37.949066 -0.500216 -0.039055 -0.865020 0.308012 0.829193 2 8 0.835000 21 0.165000
  8 23.843555 1.376976 38.088539 -0.208389 0.279524 -0.937252 0.309836 0.809969 2 8 0.667000 21 0.333000
v_hands
  8 24.447189 2.358666 38.018017 -0.629175 0.004684 -0.777249 0.338560 0.832055 1 8 1.000000
  8 23.843555 1.376976 38.088539 -0.208389 0.279524 -0.937252 0.309836 0.809969 2 8 0.667000 21 0.333000
  8 23.920336 2.310366 38.448208 -0.635420 0.081219 -0.767884 0.339782 0.812237 1 8 1.000000
v_hands
  8 23.920336 2.310366 38.448208 -0.635420 0.081219 -0.767884 0.339782 0.812237 1 8 1.000000
  8 23.843555 1.376976 38.088539 -0.208389 0.279524 -0.937252 0.309836 0.809969 2 8 0.667000 21 0.333000
  8 23.416876 2.390344 38.889614 -0.445561 0.165124 -0.879892 0.345256 0.790255 1 8 1.000000
v_hands
  8 23.416876 2.390344 38.889614 -0.445561 0.165124 -0.879892 0.345256 0.790255 1 8 1.000000
  8 23.683012 3.578649 38.270603 -0.661716 0.024199 -0.749364 0.379555 0.815730 1 8 1.000000
  8 23.920336 2.310366 38.448208 -0.635420 0.081219 -0.767884 0.339782 0.812237 1 8 1.000000
v_hands
  8 23.416876 2.390344 38.889614 -0.445561 0.165124 -0.879892 0.345256 0.790255 1 8 1.000000
  8 23.171572 3.484166 38.806721 -0.700597 0.090493 -0.707796 0.379113 0.791620 1 8 1.000000
  8 23.683012 3.578649 38.270603 -0.661716 0.024199 -0.749364 0.379555 0.815730 1 8 1.000000
v_hands
  8 23.298904 4.216247 38.972301 -0.538615 0.737148 -0.408052 0.405080 0.794228 1 8 1.000000
  8 23.683012 3.578649 38.270603 -0.661716 0.024199 -0.749364 0.379555 0.815730 1 8 1.000000
  8 23.171572 3.484166 38.806721 -0.700597 0.090493 -0.707796 0.379113 0.791620 1 8 1.000000
v_hands
  8 23.298904 4.216247 38.972301 -0.538615 0.737148 -0.408052 0.405080 0.794228 1 8 1.000000
  8 23.171572 3.484166 38.806721 -0.700597 0.090493 -0.707796 0.379113 0.791620 1 8 1.000000
  8 22.267189 3.382804 39.833099 -0.791354 0.318199 -0.522023 0.382879 0.748897 2 8 0.556000 7 0.444000
v_hands
  8 23.298904 4.216247 38.972301 -0.538615 0.737148 -0.408052 0.405080 0.794228 1 8 1.000000
  8 22.267189 3.382804 39.833099 -0.791354 0.318199 -0.522023 0.382879 0.748897 2 8 0.556000 7 0.444000
  8 22.565166 4.087857 39.861145 -0.641631 0.736753 -0.213320 0.405848 0.758770 2 8 0.556000 7 0.444000
v_hands
  8 22.231062 3.765797 40.391785 -0.690614 0.707097 -0.151878 0.400599 0.737458 2 8 0.691000 7 0.309000
  8 22.565166 4.087857 39.861145 -0.641631 0.736753 -0.213320 0.405848 0.758770 2 8 0.556000 7 0.444000
  8 22.267189 3.382804 39.833099 -0.791354 0.318199 -0.522023 0.382879 0.748897 2 8 0.556000 7 0.444000
v_hands
  8 22.231062 3.765797 40.391785 -0.690614 0.707097 -0.151878 0.400599 0.737458 2 8 0.691000 7 0.309000
  8 22.267189 3.382804 39.833099 -0.791354 0.318199 -0.522023 0.382879 0.748897 2 8 0.556000 7 0.444000
  7 22.065336 3.335906 40.129532 -0.822388 0.392070 -0.412261 0.383011 0.737530 2 7 0.502000 8 0.498000
v_hands
  8 22.231062 3.765797 40.391785 -0.690614 0.707097 -0.151878 0.400599 0.737458 2 8 0.691000 7 0.309000
  7 22.065336 3.335906 40.129532 -0.822388 0.392070 -0.412261 0.383011 0.737530 2 7 0.502000 8 0.498000
  7 21.685513 2.910196 40.599487 -0.780683 0.293857 -0.551528 0.372398 0.716717 2 7 0.928000 8 0.072000
v_hands
  7 21.926418 2.687870 40.071922 -0.858120 0.175091 -0.482673 0.362939 0.733175 2 7 0.502000 8 0.498000
  7 21.685513 2.910196 40.599487 -0.780683 0.293857 -0.551528 0.372398 0.716717 2 7 0.928000 8 0.072000
  7 22.065336 3.335906 40.129532 -0.822388 0.392070 -0.412261 0.383011 0.737530 2 7 0.502000 8 0.498000
v_hands
  7 21.926418 2.687870 40.071922 -0.858120 0.175091 -0.482673 0.362939 0.733175 2 7 0.502000 8 0.498000
  7 21.727486 2.081449 40.310547 -0.823850 0.068006 -0.562713 0.345355 0.720734 2 7 0.904000 8 0.096000
  7 21.685513 2.910196 40.599487 -0.780683 0.293857 -0.551528 0.372398 0.716717 2 7 0.928000 8 0.072000
v_hands
  7 21.926418 2.687870 40.071922 -0.858120 0.175091 -0.482673 0.362939 0.733175 2 7 0.502000 8 0.498000
  7 22.065336 3.335906 40.129532 -0.822388 0.392070 -0.412261 0.383011 0.737530 2 7 0.502000 8 0.498000
  8 22.267189 3.382804 39.833099 -0.791354 0.318199 -0.522023 0.382879 0.748897 2 8 0.556000 7 0.444000
v_hands
  18 25.559872 0.895426 36.972927 -0.563545 -0.401698 -0.721842 0.285696 0.872703 1 18 1.000000
  18 25.846815 1.398006 36.729473 -0.601149 0.617880 -0.506797 0.302025 0.886705 1 18 1.000000
  18 25.773392 0.897456 36.720676 -0.747848 -0.394542 -0.533909 0.284928 0.885088 1 18 1.000000
v_hands
  7 21.885750 2.141168 39.993011 -0.892697 0.079561 -0.443579 0.345679 0.731777 2 7 0.502000 8 0.498000
  7 21.727486 2.081449 40.310547 -0.823850 0.068006 -0.562713 0.345355 0.720734 2 7 0.904000 8 0.096000
  7 21.926418 2.687870 40.071922 -0.858120 0.175091 -0.482673 0.362939 0.733175 2 7 0.502000 8 0.498000
v_hands
  8 21.879192 1.624168 39.997772 -0.942329 -0.040332 -0.332248 0.329536 0.729211 2 8 0.691000 7 0.309000
  7 21.727486 2.081449 40.310547 -0.823850 0.068006 -0.562713 0.345355 0.720734 2 7 0.904000 8 0.096000
  7 21.885750 2.141168 39.993011 -0.892697 0.079561 -0.443579 0.345679 0.731777 2 7 0.502000 8 0.498000
v_hands
  7 21.885750 2.141168 39.993011 -0.892697 0.079561 -0.443579 0.345679 0.731777 2 7 0.502000 8 0.498000
  8 22.010712 2.026151 39.726051 -0.844447 0.185031 -0.502665 0.340805 0.740156 2 8 0.556000 7 0.444000
  8 21.879192 1.624168 39.997772 -0.942329 -0.040332 -0.332248 0.329536 0.729211 2 8 0.691000 7 0.309000
v_hands
  7 21.926418 2.687870 40.071922 -0.858120 0.175091 -0.482673 0.362939 0.733175 2 7 0.502000 8 0.498000
  8 22.010712 2.026151 39.726051 -0.844447 0.185031 -0.502665 0.340805 0.740156 2 8 0.556000 7 0.444000
  7 21.885750 2.141168 39.993011 -0.892697 0.079561 -0.443579 0.345679 0.731777 2 7 0.502000 8 0.498000
v_hands
  7 21.926418 2.687870 40.071922 -0.858120 0.175091 -0.482673 0.362939 0.733175 2 7 0.502000 8 0.498000
  8 22.134960 2.643237 39.713455 -0.764433 0.162466 -0.623897 0.359712 0.745746 2 8 0.556000 7 0.444000
  8 22.010712 2.026151 39.726051 -0.844447 0.185031 -0.502665 0.340805 0.740156 2 8 0.556000 7 0.444000
v_hands
  7 21.926418 2.687870 40.071922 -0.858120 0.175091 -0.482673 0.362939 0.733175 2 7 0.502000 8 0.498000
  8 22.267189 3.382804 39.833099 -0.791354 0.318199 -0.522023 0.382879 0.748897 2 8 0.556000 7 0.444000
  8 22.134960 2.643237 39.713455 -0.764433 0.162466 -0.623897 0.359712 0.745746 2 8 0.556000 7 0.444000
v_hands
  8 22.134960 2.643237 39.713455 -0.764433 0.162466 -0.623897 0.359712 0.745746 2 8 0.556000 7 0.444000
  8 22.267189 3.382804 39.833099 -0.791354 0.318199 -0.522023 0.382879 0.748897 2 8 0.556000 7 0.444000
  8 23.171572 3.484166 38.806721 -0.700597 0.090493 -0.707796 0.379113 0.791620 1 8 1.000000
v_hands
  8 22.134960 2.643237 39.713455 -0.764433 0.162466 -0.623897 0.359712 0.745746 2 8 0.556000 7 0.444000
  8 23.171572 3.484166 38.806721 -0.700597 0.090493 -0.707796 0.379113 0.791620 1 8 1.000000
  8 22.865662 2.446863 39.051216 -0.521308 0.240392 -0.818810 0.349180 0.775470 1 8 1.000000
v_hands
  8 23.416876 2.390344 38.889614 -0.445561 0.165124 -0.879892 0.345256 0.790255 1 8 1.000000
  8 22.865662 2.446863 39.051216 -0.521308 0.240392 -0.818810 0.349180 0.775470 1 8 1.000000
  8 23.171572 3.484166 38.806721 -0.700597 0.090493 -0.707796 0.379113 0.791620 1 8 1.000000
v_hands
  8 22.134960 2.643237 39.713455 -0.764433 0.162466 -0.623897 0.359712 0.745746 2 8 0.556000 7 0.444000
  8 22.865662 2.446863 39.051216 -0.521308 0.240392 -0.818810 0.349180 0.775470 1 8 1.000000
  8 22.010712 2.026151 39.726051 -0.844447 0.185031 -0.502665 0.340805 0.740156 2 8 0.556000 7 0.444000
v_hands
  18 25.071434 0.785174 37.309570 -0.539649 -0.556128 -0.632061 0.285312 0.850820 2 18 0.640000 8 0.360000
  18 25.823601 0.645356 37.172947 -0.102178 -0.983347 -0.150295 0.276180 0.874314 1 18 1.000000
  18 25.379305 0.631545 37.672245 0.000556 -0.994029 -0.109116 0.275116 0.851663 2 18 0.622000 8 0.378000
v_hands
  18 25.379305 0.631545 37.672245 0.000556 -0.994029 -0.109116 0.275116 0.851663 2 18 0.622000 8 0.378000
  18 25.212444 0.607817 37.814373 -0.024185 -0.992005 -0.123861 0.275367 0.845646 2 18 0.799000 8 0.201000
  18 25.071434 0.785174 37.309570 -0.539649 -0.556128 -0.632061 0.285312 0.850820 2 18 0.640000 8 0.360000
v_hands
  18 25.071434 0.785174 37.309570 -0.539649 -0.556128 -0.632061 0.285312 0.850820 2 18 0.640000 8 0.360000
  18 25.212444 0.607817 37.814373 -0.024185 -0.992005 -0.123861 0.275367 0.845646 2 18 0.799000 8 0.201000
  8 24.829741 0.579316 38.197033 0.100921 -0.977678 -0.184282 0.276532 0.828125 1 8 1.000000
v_hands
  18 25.071434 0.785174 37.309570 -0.539649 -0.556128 -0.632061 0.285312 0.850820 2 18 0.640000 8 0.360000
  8 24.829741 0.579316 38.197033 0.100921 -0.977678 -0.184282 0.276532 0.828125 1 8 1.000000
  8 24.614195 0.734485 37.995029 -0.301717 -0.580057 -0.756638 0.287168 0.828708 2 8 0.835000 21 0.165000
v_hands
  8 24.614195 0.734485 37.995029 -0.301717 -0.580057 -0.756638 0.287168 0.828708 2 8 0.835000 21 0.165000
  8 24.829741 0.579316 38.197033 0.100921 -0.977678 -0.184282 0.276532 0.828125 1 8 1.000000
  8 24.301851 0.414848 38.238499 0.367660 -0.738709 -0.564920 0.275216 0.813757 2 8 0.853000 21 0.147000
v_hands
  8 24.614195 0.734485 37.995029 -0.301717 -0.580057 -0.756638 0.287168 0.828708 2 8 0.835000 21 0.165000
  8 24.301851 0.414848 38.238499 0.367660 -0.738709 -0.564920 0.275216 0.813757 2 8 0.853000 21 0.147000
  8 24.056297 0.708486 37.986588 0.110202 -0.231153 -0.966656 0.287681 0.813718 2 8 0.601000 21 0.399000
v_hands
  8 24.614195 0.734485 37.995029 -0.301717 -0.580057 -0.756638 0.287168 0.828708 2 8 0.835000 21 0.165000
  8 24.056297 0.708486 37.986588 0.110202 -0.231153 -0.966656 0.287681 0.813718 2 8 0.601000 21 0.399000
  8 23.843555 1.376976 38.088539 -0.208389 0.279524 -0.937252 0.309836 0.809969 2 8 0.667000 21 0.333000
v_hands
  8 24.614195 0.734485 37.995029 -0.301717 -0.580057 -0.756638 0.287168 0.828708 2 8 0.835000 21 0.165000
  8 23.843555 1.376976 38.088539 -0.208389 0.279524 -0.937252 0.309836 0.809969 2 8 0.667000 21 0.333000
  8 24.450510 1.398901 37.949066 -0.500216 -0.039055 -0.865020 0.308012 0.829193 2 8 0.835000 21 0.165000
v_hands
  18 25.071434 0.785174 37.309570 -0.539649 -0.556128 -0.632061 0.285312 0.850820 2 18 0.640000 8 0.360000
  8 24.614195 0.734485 37.995029 -0.301717 -0.580057 -0.756638 0.287168 0.828708 2 8 0.835000 21 0.165000
  8 24.450510 1.398901 37.949066 -0.500216 -0.039055 -0.865020 0.308012 0.829193 2 8 0.835000 21 0.165000
v_hands
  19 26.567755 0.743258 35.508507 -0.136465 -0.989527 -0.047058 0.275520 0.925560 2 19 0.502000 20 0.498000
  20 26.313055 0.917022 35.330360 -0.885933 -0.459552 -0.062730 0.284921 0.928229 2 20 0.706000 19 0.294000
  20 26.281706 0.948129 34.900101 -0.916276 -0.389090 -0.095114 0.285953 0.936538 1 20 1.000000
v_hands
  19 26.567755 0.743258 35.508507 -0.136465 -0.989527 -0.047058 0.275520 0.925560 2 19 0.502000 20 0.498000
  20 26.281706 0.948129 34.900101 -0.916276 -0.389090 -0.095114 0.285953 0.936538 1 20 1.000000
  20 26.584568 0.753150 34.845459 -0.109732 -0.983855 -0.141382 0.277314 0.937934 1 20 1.000000
v_hands
  20 26.584568 0.753150 34.845459 -0.109732 -0.983855 -0.141382 0.277314 0.937934 1 20 1.000000
  20 26.281706 0.948129 34.900101 -0.916276 -0.389090 -0.095114 0.285953 0.936538 1 20 1.000000
  20 26.359272 1.000524 34.492073 -0.864007 -0.285493 -0.414711 0.286472 0.947783 1 20 1.000000
v_hands
  20 26.584568 0.753150 34.845459 -0.109732 -0.983855 -0.141382 0.277314 0.937934 1 20 1.000000
  20 26.359272 1.000524 34.492073 -0.864007 -0.285493 -0.414711 0.286472 0.947783 1 20 1.000000
  20 26.539753 0.853657 34.388950 -0.271296 -0.737931 -0.617945 0.279786 0.950286 1 20 1.000000
v_hands
  20 26.539753 0.853657 34.388950 -0.271296 -0.737931 -0.617945 0.279786 0.950286 1 20 1.000000
  20 26.359272 1.000524 34.492073 -0.864007 -0.285493 -0.414711 0.286472 0.947783 1 20 1.000000
  20 26.559301 1.140703 34.303139 -0.304325 0.010646 -0.952509 0.291151 0.957216 1 20 1.000000
v_hands
  20 26.403009 1.291441 34.479534 -0.788872 0.463037 -0.404077 0.296403 0.949206 1 20 1.000000
  20 26.559301 1.140703 34.303139 -0.304325 0.010646 -0.952509 0.291151 0.957216 1 20 1.000000
  20 26.359272 1.000524 34.492073 -0.864007 -0.285493 -0.414711 0.286472 0.947783 1 20 1.000000
v_hands
  20 26.559301 1.140703 34.303139 -0.304325 0.010646 -0.952509 0.291151 0.957216 1 20 1.000000
  20 26.403009 1.291441 34.479534 -0.788872 0.463037 -0.404077 0.296403 0.949206 1 20 1.000000
  20 26.586439 1.380880 34.365047 -0.199283 0.727500 -0.656529 0.301389 0.954832 1 20 1.000000
v_hands
  20 26.348763 1.337813 34.921974 -0.790339 0.609951 -0.057647 0.299265 0.937626 1 20 1.000000
  20 26.586439 1.380880 34.365047 -0.199283 0.727500 -0.656529 0.301389 0.954832 1 20 1.000000
  20 26.403009 1.291441 34.479534 -0.788872 0.463037 -0.404077 0.296403 0.949206 1 20 1.000000
v_hands
  20 26.348763 1.337813 34.921974 -0.790339 0.609951 -0.057647 0.299265 0.937626 1 20 1.000000
  20 26.683971 1.480447 34.819023 0.175965 0.979441 -0.098652 0.304942 0.943247 1 20 1.000000
  20 26.586439 1.380880 34.365047 -0.199283 0.727500 -0.656529 0.301389 0.954832 1 20 1.000000
v_hands
  20 26.683971 1.480447 34.819023 0.175965 0.979441 -0.098652 0.304942 0.943247 1 20 1.000000
  20 26.348763 1.337813 34.921974 -0.790339 0.609951 -0.057647 0.299265 0.937626 1 20 1.000000
  20 26.357533 1.336169 35.356709 -0.779704 0.623228 -0.060403 0.299243 0.929177 2 20 0.706000 19 0.294000
v_hands
  20 26.683971 1.480447 34.819023 0.175965 0.979441 -0.098652 0.304942 0.943247 1 20 1.000000
  20 26.357533 1.336169 35.356709 -0.779704 0.623228 -0.060403 0.299243 0.929177 2 20 0.706000 19 0.294000
  19 26.709982 1.483338 35.516769 0.086414 0.994126 -0.065160 0.306275 0.926363 2 19 0.502000 20 0.498000
v_hands
  20 26.357533 1.336169 35.356709 -0.779704 0.623228 -0.060403 0.299243 0.929177 2 20 0.706000 19 0.294000
  19 26.262280 1.377538 36.037277 -0.686396 0.677820 -0.263479 0.300343 0.907289 1 19 1.000000
  19 26.709982 1.483338 35.516769 0.086414 0.994126 -0.065160 0.306275 0.926363 2 19 0.502000 20 0.498000
v_hands
  19 26.709982 1.483338 35.516769 0.086414 0.994126 -0.065160 0.306275 0.926363 2 19 0.502000 20 0.498000
  19 26.262280 1.377538 36.037277 -0.686396 0.677820 -0.263479 0.300343 0.907289 1 19 1.000000
  18 26.520077 1.570909 36.672417 0.125743 0.992012 -0.010034 0.307873 0.896615 2 18 0.502000 19 0.498000
v_hands
  18 25.846815 1.398006 36.729473 -0.601149 0.617880 -0.506797 0.302025 0.886705 1 18 1.000000
  18 26.520077 1.570909 36.672417 0.125743 0.992012 -0.010034 0.307873 0.896615 2 18 0.502000 19 0.498000
  19 26.262280 1.377538 36.037277 -0.686396 0.677820 -0.263479 0.300343 0.907289 1 19 1.000000
v_hands
  18 25.846815 1.398006 36.729473 -0.601149 0.617880 -0.506797 0.302025 0.886705 1 18 1.000000
  19 26.262280 1.377538 36.037277 -0.686396 0.677820 -0.263479 0.300343 0.907289 1 19 1.000000
  19 26.174967 0.919234 36.008125 -0.870516 -0.362225 -0.333158 0.284688 0.905911 1 19 1.000000
v_hands
  18 25.846815 1.398006 36.729473 -0.601149 0.617880 -0.506797 0.302025 0.886705 1 18 1.000000
  19 26.174967 0.919234 36.008125 -0.870516 -0.362225 -0.333158 0.284688 0.905911 1 19 1.000000
  18 25.773392 0.897456 36.720676 -0.747848 -0.394542 -0.533909 0.284928 0.885088 1 18 1.000000
v_hands
  18 25.773392 0.897456 36.720676 -0.747848 -0.394542 -0.533909 0.284928 0.885088 1 18 1.000000
  19 26.174967 0.919234 36.008125 -0.870516 -0.362225 -0.333158 0.284688 0.905911 1 19 1.000000
  18 26.289536 0.638977 36.552925 -0.094398 -0.989564 -0.108865 0.275154 0.893064 2 18 0.502000 19 0.498000
v_hands
  18 25.823601 0.645356 37.172947 -0.102178 -0.983347 -0.150295 0.276180 0.874314 1 18 1.000000
  18 25.773392 0.897456 36.720676 -0.747848 -0.394542 -0.533909 0.284928 0.885088 1 18 1.000000
  18 26.289536 0.638977 36.552925 -0.094398 -0.989564 -0.108865 0.275154 0.893064 2 18 0.502000 19 0.498000
v_hands
  20 26.357533 1.336169 35.356709 -0.779704 0.623228 -0.060403 0.299243 0.929177 2 20 0.706000 19 0.294000
  19 26.174967 0.919234 36.008125 -0.870516 -0.362225 -0.333158 0.284688 0.905911 1 19 1.000000
  19 26.262280 1.377538 36.037277 -0.686396 0.677820 -0.263479 0.300343 0.907289 1 19 1.000000
v_hands
  18 26.289536 0.638977 36.552925 -0.094398 -0.989564 -0.108865 0.275154 0.893064 2 18 0.502000 19 0.498000
  19 26.174967 0.919234 36.008125 -0.870516 -0.362225 -0.333158 0.284688 0.905911 1 19 1.000000
  19 26.567755 0.743258 35.508507 -0.136465 -0.989527 -0.047058 0.275520 0.925560 2 19 0.502000 20 0.498000
v_hands
  20 26.313055 0.917022 35.330360 -0.885933 -0.459552 -0.062730 0.284921 0.928229 2 20 0.706000 19 0.294000
  19 26.567755 0.743258 35.508507 -0.136465 -0.989527 -0.047058 0.275520 0.925560 2 19 0.502000 20 0.498000
  19 26.174967 0.919234 36.008125 -0.870516 -0.362225 -0.333158 0.284688 0.905911 1 19 1.000000
v_hands
  20 26.357533 1.336169 35.356709 -0.779704 0.623228 -0.060403 0.299243 0.929177 2 20 0.706000 19 0.294000
  20 26.313055 0.917022 35.330360 -0.885933 -0.459552 -0.062730 0.284921 0.928229 2 20 0.706000 19 0.294000
  19 26.174967 0.919234 36.008125 -0.870516 -0.362225 -0.333158 0.284688 0.905911 1 19 1.000000
v_hands
  20 26.357533 1.336169 35.356709 -0.779704 0.623228 -0.060403 0.299243 0.929177 2 20 0.706000 19 0.294000
  20 26.281706 0.948129 34.900101 -0.916276 -0.389090 -0.095114 0.285953 0.936538 1 20 1.000000
  20 26.313055 0.917022 35.330360 -0.885933 -0.459552 -0.062730 0.284921 0.928229 2 20 0.706000 19 0.294000
v_hands
  20 26.357533 1.336169 35.356709 -0.779704 0.623228 -0.060403 0.299243 0.929177 2 20 0.706000 19 0.294000
  20 26.348763 1.337813 34.921974 -0.790339 0.609951 -0.057647 0.299265 0.937626 1 20 1.000000
  20 26.281706 0.948129 34.900101 -0.916276 -0.389090 -0.095114 0.285953 0.936538 1 20 1.000000
v_hands
  20 26.359272 1.000524 34.492073 -0.864007 -0.285493 -0.414711 0.286472 0.947783 1 20 1.000000
  20 26.281706 0.948129 34.900101 -0.916276 -0.389090 -0.095114 0.285953 0.936538 1 20 1.000000
  20 26.348763 1.337813 34.921974 -0.790339 0.609951 -0.057647 0.299265 0.937626 1 20 1.000000
v_hands
  20 26.359272 1.000524 34.492073 -0.864007 -0.285493 -0.414711 0.286472 0.947783 1 20 1.000000
  20 26.348763 1.337813 34.921974 -0.790339 0.609951 -0.057647 0.299265 0.937626 1 20 1.000000
  20 26.403009 1.291441 34.479534 -0.788872 0.463037 -0.404077 0.296403 0.949206 1 20 1.000000
v_hands
  18 26.520077 1.570909 36.672417 0.125743 0.992012 -0.010034 0.307873 0.896615 2 18 0.502000 19 0.498000
  18 25.846815 1.398006 36.729473 -0.601149 0.617880 -0.506797 0.302025 0.886705 1 18 1.000000
  18 26.007572 1.564829 37.036591 0.137467 0.745087 -0.652647 0.306919 0.885110 1 18 1.000000
v_hands
  18 25.482450 1.399458 37.064766 -0.468188 0.152860 -0.870307 0.302008 0.871204 2 18 0.868000 8 0.132000
  18 26.007572 1.564829 37.036591 0.137467 0.745087 -0.652647 0.306919 0.885110 1 18 1.000000
  18 25.846815 1.398006 36.729473 -0.601149 0.617880 -0.506797 0.302025 0.886705 1 18 1.000000
v_hands
  18 25.559872 0.895426 36.972927 -0.563545 -0.401698 -0.721842 0.285696 0.872703 1 18 1.000000
  18 25.482450 1.399458 37.064766 -0.468188 0.152860 -0.870307 0.302008 0.871204 2 18 0.868000 8 0.132000
  18 25.846815 1.398006 36.729473 -0.601149 0.617880 -0.506797 0.302025 0.886705 1 18 1.000000
v_hands
  18 25.065319 1.491888 37.312241 -0.623651 0.045826 -0.780359 0.307291 0.855995 3 18 0.430489 8 0.356511 15 0.213000
  18 25.482450 1.399458 37.064766 -0.468188 0.152860 -0.870307 0.302008 0.871204 2 18 0.868000 8 0.132000
  18 25.559872 0.895426 36.972927 -0.563545 -0.401698 -0.721842 0.285696 0.872703 1 18 1.000000
v_hands
  18 25.482450 1.399458 37.064766 -0.468188 0.152860 -0.870307 0.302008 0.871204 2 18 0.868000 8 0.132000
  18 25.065319 1.491888 37.312241 -0.623651 0.045826 -0.780359 0.307291 0.855995 3 18 0.430489 8 0.356511 15 0.213000
  15 25.501183 1.772327 37.070286 -0.495784 -0.096834 -0.863030 0.313641 0.873126 2 15 0.748000 8 0.252000
v_hands
  8 25.032358 2.466191 37.453575 -0.682834 -0.036621 -0.729655 0.338812 0.860940 3 8 0.635896 12 0.192000 15 0.172104
  15 25.501183 1.772327 37.070286 -0.495784 -0.096834 -0.863030 0.313641 0.873126 2 15 0.748000 8 0.252000
  18 25.065319 1.491888 37.312241 -0.623651 0.045826 -0.780359 0.307291 0.855995 3 18 0.430489 8 0.356511 15 0.213000
v_hands
  8 25.032358 2.466191 37.453575 -0.682834 -0.036621 -0.729655 0.338812 0.860940 3 8 0.635896 12 0.192000 15 0.172104
  15 25.474813 2.346249 37.037052 -0.547256 0.034588 -0.836250 0.332100 0.874885 2 15 0.748000 8 0.252000
  15 25.501183 1.772327 37.070286 -0.495784 -0.096834 -0.863030 0.313641 0.873126 2 15 0.748000 8 0.252000
v_hands
  15 25.474813 2.346249 37.037052 -0.547256 0.034588 -0.836250 0.332100 0.874885 2 15 0.748000 8 0.252000
  8 25.032358 2.466191 37.453575 -0.682834 -0.036621 -0.729655 0.338812 0.860940 3 8 0.635896 12 0.192000 15 0.172104
  12 25.430227 2.680933 37.023457 -0.546771 -0.176413 -0.818486 0.342657 0.875804 2 12 0.760000 8 0.240000
v_hands
  12 25.430227 2.680933 37.023457 -0.546771 -0.176413 -0.818486 0.342657 0.875804 2 12 0.760000 8 0.240000
  15 26.022848 2.525979 37.038807 0.285736 0.852187 -0.438329 0.336931 0.883847 1 15 1.000000
  15 25.474813 2.346249 37.037052 -0.547256 0.034588 -0.836250 0.332100 0.874885 2 15 0.748000 8 0.252000
v_hands
  12 25.430227 2.680933 37.023457 -0.546771 -0.176413 -0.818486 0.342657 0.875804 2 12 0.760000 8 0.240000
  12 26.009598 2.550396 37.029903 0.286355 -0.796801 -0.532080 0.337060 0.886963 1 12 1.000000
  15 26.022848 2.525979 37.038807 0.285736 0.852187 -0.438329 0.336931 0.883847 1 15 1.000000
v_hands
  12 25.430227 2.680933 37.023457 -0.546771 -0.176413 -0.818486 0.342657 0.875804 2 12 0.760000 8 0.240000
  12 25.661230 2.705170 36.832661 -0.549351 -0.610100 -0.570957 0.343094 0.884423 1 12 1.000000
  12 26.009598 2.550396 37.029903 0.286355 -0.796801 -0.532080 0.337060 0.886963 1 12 1.000000
v_hands
  12 26.009598 2.550396 37.029903 0.286355 -0.796801 -0.532080 0.337060 0.886963 1 12 1.000000
  12 25.661230 2.705170 36.832661 -0.549351 -0.610100 -0.570957 0.343094 0.884423 1 12 1.000000
  13 26.198917 2.614573 36.690529 0.029675 -0.992099 -0.121893 0.337384 0.893773 2 13 0.505000 12 0.495000
v_hands
  12 25.661230 2.705170 36.832661 -0.549351 -0.610100 -0.570957 0.343094 0.884423 1 12 1.000000
  13 25.987944 2.804844 36.298050 -0.717420 -0.576661 -0.390859 0.344736 0.900551 1 13 1.000000
  13 26.198917 2.614573 36.690529 0.029675 -0.992099 -0.121893 0.337384 0.893773 2 13 0.505000 12 0.495000
v_hands
  13 26.198917 2.614573 36.690529 0.029675 -0.992099 -0.121893 0.337384 0.893773 2 13 0.505000 12 0.495000
  13 25.987944 2.804844 36.298050 -0.717420 -0.576661 -0.390859 0.344736 0.900551 1 13 1.000000
  13 26.530308 2.701804 35.579758 0.038780 -0.998223 -0.045237 0.337011 0.921946 2 13 0.508000 14 0.492000
v_hands
  13 26.163862 2.849169 35.811157 -0.795369 -0.573738 -0.195481 0.344612 0.917496 1 13 1.000000
  13 26.530308 2.701804 35.579758 0.038780 -0.998223 -0.045237 0.337011 0.921946 2 13 0.508000 14 0.492000
  13 25.987944 2.804844 36.298050 -0.717420 -0.576661 -0.390859 0.344736 0.900551 1 13 1.000000
v_hands
  13 26.530308 2.701804 35.579758 0.038780 -0.998223 -0.045237 0.337011 0.921946 2 13 0.508000 14 0.492000
  13 26.163862 2.849169 35.811157 -0.795369 -0.573738 -0.195481 0.344612 0.917496 1 13 1.000000
  14 26.156004 2.847010 35.045757 -0.793525 -0.608086 -0.023434 0.344914 0.937349 1 14 1.000000
v_hands
  14 26.156004 2.847010 35.045757 -0.793525 -0.608086 -0.023434 0.344914 0.937349 1 14 1.000000
  13 26.163862 2.849169 35.811157 -0.795369 -0.573738 -0.195481 0.344612 0.917496 1 13 1.000000
  13 26.111710 3.261385 35.799477 -0.893442 0.415807 -0.169898 0.357529 0.917647 2 13 0.508000 14 0.492000
v_hands
  14 26.156004 2.847010 35.045757 -0.793525 -0.608086 -0.023434 0.344914 0.937349 1 14 1.000000
  13 26.111710 3.261385 35.799477 -0.893442 0.415807 -0.169898 0.357529 0.917647 2 13 0.508000 14 0.492000
  14 26.108646 3.226366 35.057705 -0.913742 0.404999 -0.032431 0.357360 0.936811 1 14 1.000000
v_hands
  13 26.163862 2.849169 35.811157 -0.795369 -0.573738 -0.195481 0.344612 0.917496 1 13 1.000000
  13 25.940569 3.232194 36.290337 -0.865909 0.310627 -0.392062 0.358123 0.900732 1 13 1.000000
  13 26.111710 3.261385 35.799477 -0.893442 0.415807 -0.169898 0.357529 0.917647 2 13 0.508000 14 0.492000
v_hands
  13 26.163862 2.849169 35.811157 -0.795369 -0.573738 -0.195481 0.344612 0.917496 1 13 1.000000
  13 25.987944 2.804844 36.298050 -0.717420 -0.576661 -0.390859 0.344736 0.900551 1 13 1.000000
  13 25.940569 3.232194 36.290337 -0.865909 0.310627 -0.392062 0.358123 0.900732 1 13 1.000000
v_hands
  12 25.661230 2.705170 36.832661 -0.549351 -0.610100 -0.570957 0.343094 0.884423 1 12 1.000000
  13 25.940569 3.232194 36.290337 -0.865909 0.310627 -0.392062 0.358123 0.900732 1 13 1.000000
  13 25.987944 2.804844 36.298050 -0.717420 -0.576661 -0.390859 0.344736 0.900551 1 13 1.000000
v_hands
  12 25.661230 2.705170 36.832661 -0.549351 -0.610100 -0.570957 0.343094 0.884423 1 12 1.000000
  12 25.596581 3.227989 36.865448 -0.709887 0.455146 -0.537496 0.359353 0.883135 1 12 1.000000
  13 25.940569 3.232194 36.290337 -0.865909 0.310627 -0.392062 0.358123 0.900732 1 13 1.000000
v_hands
  14 26.175182 2.875739 34.572819 -0.806656 -0.490181 -0.330195 0.346356 0.948711 1 14 1.000000
  14 26.108646 3.226366 35.057705 -0.913742 0.404999 -0.032431 0.357360 0.936811 1 14 1.000000
  14 26.135479 3.166792 34.571728 -0.903557 0.196992 -0.380499 0.355482 0.948845 1 14 1.000000
v_hands
  14 26.175182 2.875739 34.572819 -0.806656 -0.490181 -0.330195 0.346356 0.948711 1 14 1.000000
  14 26.156004 2.847010 35.045757 -0.793525 -0.608086 -0.023434 0.344914 0.937349 1 14 1.000000
  14 26.108646 3.226366 35.057705 -0.913742 0.404999 -0.032431 0.357360 0.936811 1 14 1.000000
v_hands
  14 26.342670 3.376926 34.901203 -0.158961 0.983226 -0.089433 0.363078 0.938510 1 14 1.000000
  14 26.108646 3.226366 35.057705 -0.913742 0.404999 -0.032431 0.357360 0.936811 1 14 1.000000
  13 26.111710 3.261385 35.799477 -0.893442 0.415807 -0.169898 0.357529 0.917647 2 13 0.508000 14 0.492000
v_hands
  14 26.263103 3.319144 34.505512 -0.286247 0.769663 -0.570685 0.359886 0.952669 1 14 1.000000
  14 26.108646 3.226366 35.057705 -0.913742 0.404999 -0.032431 0.357360 0.936811 1 14 1.000000
  14 26.342670 3.376926 34.901203 -0.158961 0.983226 -0.089433 0.363078 0.938510 1 14 1.000000
v_hands
  14 26.263103 3.319144 34.505512 -0.286247 0.769663 -0.570685 0.359886 0.952669 1 14 1.000000
  14 26.135479 3.166792 34.571728 -0.903557 0.196992 -0.380499 0.355482 0.948845 1 14 1.000000
  14 26.108646 3.226366 35.057705 -0.913742 0.404999 -0.032431 0.357360 0.936811 1 14 1.000000
v_hands
  14 26.263103 3.319144 34.505512 -0.286247 0.769663 -0.570685 0.359886 0.952669 1 14 1.000000
  14 26.326797 3.039731 34.385834 -0.294854 -0.009537 -0.955495 0.350901 0.956294 1 14 1.000000
  14 26.135479 3.166792 34.571728 -0.903557 0.196992 -0.380499 0.355482 0.948845 1 14 1.000000
v_hands
  14 26.135479 3.166792 34.571728 -0.903557 0.196992 -0.380499 0.355482 0.948845 1 14 1.000000
  14 26.326797 3.039731 34.385834 -0.294854 -0.009537 -0.955495 0.350901 0.956294 1 14 1.000000
  14 26.175182 2.875739 34.572819 -0.806656 -0.490181 -0.330195 0.346356 0.948711 1 14 1.000000
v_hands
  14 26.342983 2.767026 34.483082 -0.200807 -0.800185 -0.565138 0.339106 0.953060 1 14 1.000000
  14 26.175182 2.875739 34.572819 -0.806656 -0.490181 -0.330195 0.346356 0.948711 1 14 1.000000
  14 26.326797 3.039731 34.385834 -0.294854 -0.009537 -0.955495 0.350901 0.956294 1 14 1.000000
v_hands
  14 26.175182 2.875739 34.572819 -0.806656 -0.490181 -0.330195 0.346356 0.948711 1 14 1.000000
  14 26.342983 2.767026 34.483082 -0.200807 -0.800185 -0.565138 0.339106 0.953060 1 14 1.000000
  14 26.502579 2.706905 34.883080 0.072974 -0.990558 -0.116059 0.338059 0.939409 1 14 1.000000
v_hands
  14 26.175182 2.875739 34.572819 -0.806656 -0.490181 -0.330195 0.346356 0.948711 1 14 1.000000
  14 26.502579 2.706905 34.883080 0.072974 -0.990558 -0.116059 0.338059 0.939409 1 14 1.000000
  14 26.156004 2.847010 35.045757 -0.793525 -0.608086 -0.023434 0.344914 0.937349 1 14 1.000000
v_hands
  13 26.530308 2.701804 35.579758 0.038780 -0.998223 -0.045237 0.337011 0.921946 2 13 0.508000 14 0.492000
  14 26.156004 2.847010 35.045757 -0.793525 -0.608086 -0.023434 0.344914 0.937349 1 14 1.000000
  14 26.502579 2.706905 34.883080 0.072974 -0.990558 -0.116059 0.338059 0.939409 1 14 1.000000
v_hands
  11 25.704714 3.572816 35.447487 0.281997 -0.953008 -0.110696 0.367050 0.929092 1 11 1.000000
  11 25.402126 3.600652 35.095802 -0.625014 -0.689749 -0.365519 0.374887 0.943362 1 11 1.000000
  11 25.520008 3.612639 35.036537 0.021516 -0.718923 -0.694756 0.369003 0.944835 1 11 1.000000
v_hands
  11 25.704714 3.572816 35.447487 0.281997 -0.953008 -0.110696 0.367050 0.929092 1 11 1.000000
  11 25.429388 3.612190 35.482838 -0.674116 -0.728873 0.119631 0.373827 0.934257 1 11 1.000000
  11 25.402126 3.600652 35.095802 -0.625014 -0.689749 -0.365519 0.374887 0.943362 1 11 1.000000
v_hands
  11 25.927952 3.597747 36.134068 0.381215 -0.919594 -0.094981 0.367006 0.909675 2 11 0.502000 10 0.498000
  11 25.429388 3.612190 35.482838 -0.674116 -0.728873 0.119631 0.373827 0.934257 1 11 1.000000
  11 25.704714 3.572816 35.447487 0.281997 -0.953008 -0.110696 0.367050 0.929092 1 11 1.000000
v_hands
  11 25.927952 3.597747 36.134068 0.381215 -0.919594 -0.094981 0.367006 0.909675 2 11 0.502000 10 0.498000
  11 25.533697 3.624382 35.938972 -0.628533 -0.774229 0.074269 0.374058 0.922954 1 11 1.000000
  11 25.429388 3.612190 35.482838 -0.674116 -0.728873 0.119631 0.373827 0.934257 1 11 1.000000
v_hands
  11 25.533697 3.624382 35.938972 -0.628533 -0.774229 0.074269 0.374058 0.922954 1 11 1.000000
  11 25.927952 3.597747 36.134068 0.381215 -0.919594 -0.094981 0.367006 0.909675 2 11 0.502000 10 0.498000
  10 25.534395 3.594980 36.494991 -0.563447 -0.800334 -0.204922 0.372207 0.893183 1 10 1.000000
v_hands
  11 25.447878 4.001740 35.962029 -0.923741 0.371379 0.093698 0.385998 0.922084 1 11 1.000000
  11 25.533697 3.624382 35.938972 -0.628533 -0.774229 0.074269 0.374058 0.922954 1 11 1.000000
  10 25.534395 3.594980 36.494991 -0.563447 -0.800334 -0.204922 0.372207 0.893183 1 10 1.000000
v_hands
  11 25.447878 4.001740 35.962029 -0.923741 0.371379 0.093698 0.385998 0.922084 1 11 1.000000
  10 25.534395 3.594980 36.494991 -0.563447 -0.800334 -0.204922 0.372207 0.893183 1 10 1.000000
  10 25.456079 3.981139 36.506092 -0.911292 0.368316 -0.184094 0.385388 0.892010 1 10 1.000000
v_hands
  10 25.456079 3.981139 36.506092 -0.911292 0.368316 -0.184094 0.385388 0.892010 1 10 1.000000
  10 25.534395 3.594980 36.494991 -0.563447 -0.800334 -0.204922 0.372207 0.893183 1 10 1.000000
  9 25.329454 3.491008 36.948574 -0.440990 -0.743440 -0.502816 0.369752 0.880368 1 9 1.000000
v_hands
  10 25.534395 3.594980 36.494991 -0.563447 -0.800334 -0.204922 0.372207 0.893183 1 10 1.000000
  9 26.038332 3.578738 36.841431 0.492502 -0.870221 -0.012493 0.366667 0.896891 2 9 0.502000 10 0.498000
  9 25.329454 3.491008 36.948574 -0.440990 -0.743440 -0.502816 0.369752 0.880368 1 9 1.000000
v_hands
  9 25.697582 3.468857 37.206367 0.428323 -0.643485 -0.634402 0.365912 0.880275 1 9 1.000000
  9 25.329454 3.491008 36.948574 -0.440990 -0.743440 -0.502816 0.369752 0.880368 1 9 1.000000
  9 26.038332 3.578738 36.841431 0.492502 -0.870221 -0.012493 0.366667 0.896891 2 9 0.502000 10 0.498000
v_hands
  9 25.150417 3.404705 37.173256 -0.549346 -0.316449 -0.773356 0.367568 0.870900 2 9 0.778000 8 0.222000
  9 25.329454 3.491008 36.948574 -0.440990 -0.743440 -0.502816 0.369752 0.880368 1 9 1.000000
  9 25.697582 3.468857 37.206367 0.428323 -0.643485 -0.634402 0.365912 0.880275 1 9 1.000000
v_hands
  9 25.697582 3.468857 37.206367 0.428323 -0.643485 -0.634402 0.365912 0.880275 1 9 1.000000
  12 25.267242 3.217962 37.160690 -0.491002 0.106166 -0.864665 0.360673 0.872440 2 12 0.760000 8 0.240000
  9 25.150417 3.404705 37.173256 -0.549346 -0.316449 -0.773356 0.367568 0.870900 2 9 0.778000 8 0.222000
v_hands
  9 25.697582 3.468857 37.206367 0.428323 -0.643485 -0.634402 0.365912 0.880275 1 9 1.000000
  12 25.743900 3.434228 37.208244 0.122031 0.960071 -0.251737 0.364605 0.880600 1 12 1.000000
  12 25.267242 3.217962 37.160690 -0.491002 0.106166 -0.864665 0.360673 0.872440 2 12 0.760000 8 0.240000
v_hands
  12 25.267242 3.217962 37.160690 -0.491002 0.106166 -0.864665 0.360673 0.872440 2 12 0.760000 8 0.240000
  12 25.743900 3.434228 37.208244 0.122031 0.960071 -0.251737 0.364605 0.880600 1 12 1.000000
  12 25.596581 3.227989 36.865448 -0.709887 0.455146 -0.537496 0.359353 0.883135 1 12 1.000000
v_hands
  13 26.008961 3.479920 36.688713 -0.217255 0.970060 -0.108557 0.365000 0.895335 2 13 0.505000 12 0.495000
  12 25.596581 3.227989 36.865448 -0.709887 0.455146 -0.537496 0.359353 0.883135 1 12 1.000000
  12 25.743900 3.434228 37.208244 0.122031 0.960071 -0.251737 0.364605 0.880600 1 12 1.000000
v_hands
  12 25.596581 3.227989 36.865448 -0.709887 0.455146 -0.537496 0.359353 0.883135 1 12 1.000000
  13 26.008961 3.479920 36.688713 -0.217255 0.970060 -0.108557 0.365000 0.895335 2 13 0.505000 12 0.495000
  13 25.940569 3.232194 36.290337 -0.865909 0.310627 -0.392062 0.358123 0.900732 1 13 1.000000
v_hands
  13 26.354626 3.403419 35.557312 -0.187447 0.980405 -0.060577 0.363972 0.922257 1 13 1.000000
  13 25.940569 3.232194 36.290337 -0.865909 0.310627 -0.392062 0.358123 0.900732 1 13 1.000000
  13 26.008961 3.479920 36.688713 -0.217255 0.970060 -0.108557 0.365000 0.895335 2 13 0.505000 12 0.495000
v_hands
  13 26.111710 3.261385 35.799477 -0.893442 0.415807 -0.169898 0.357529 0.917647 2 13 0.508000 14 0.492000
  13 25.940569 3.232194 36.290337 -0.865909 0.310627 -0.392062 0.358123 0.900732 1 13 1.000000
  13 26.354626 3.403419 35.557312 -0.187447 0.980405 -0.060577 0.363972 0.922257 1 13 1.000000
v_hands
  14 26.342670 3.376926 34.901203 -0.158961 0.983226 -0.089433 0.363078 0.938510 1 14 1.000000
  13 26.111710 3.261385 35.799477 -0.893442 0.415807 -0.169898 0.357529 0.917647 2 13 0.508000 14 0.492000
  13 26.354626 3.403419 35.557312 -0.187447 0.980405 -0.060577 0.363972 0.922257 1 13 1.000000
v_hands
  9 26.038332 3.578738 36.841431 0.492502 -0.870221 -0.012493 0.366667 0.896891 2 9 0.502000 10 0.498000
  10 25.534395 3.594980 36.494991 -0.563447 -0.800334 -0.204922 0.372207 0.893183 1 10 1.000000
  11 25.927952 3.597747 36.134068 0.381215 -0.919594 -0.094981 0.367006 0.909675 2 11 0.502000 10 0.498000
v_hands
  8 23.843555 1.376976 38.088539 -0.208389 0.279524 -0.937252 0.564584 0.700891 2 8 0.667000 21 0.333000
  8 23.323246 1.535920 38.310238 -0.195074 0.543212 -0.816619 0.547065 0.690192 2 8 0.508000 21 0.492000
  8 23.416876 2.390344 38.889614 -0.445561 0.165124 -0.879892 0.554023 0.661033 1 8 1.000000
v_hands
  8 22.865662 2.446863 39.051216 -0.521308 0.240392 -0.818810 0.540356 0.652136 1 8 1.000000
  8 23.416876 2.390344 38.889614 -0.445561 0.165124 -0.879892 0.554023 0.661033 1 8 1.000000
  8 23.323246 1.535920 38.310238 -0.195074 0.543212 -0.816619 0.547065 0.690192 2 8 0.508000 21 0.492000
v_hands
  8 22.865662 2.446863 39.051216 -0.521308 0.240392 -0.818810 0.540356 0.652136 1 8 1.000000
  8 23.323246 1.535920 38.310238 -0.195074 0.543212 -0.816619 0.547065 0.690192 2 8 0.508000 21 0.492000
  8 22.700159 1.690766 38.586063 -0.502313 0.499471 -0.705840 0.529529 0.678802 2 8 0.667000 21 0.333000
v_hands
  8 22.010712 2.026151 39.726051 -0.844447 0.185031 -0.502665 0.509019 0.632847 2 8 0.556000 7 0.444000
  8 22.865662 2.446863 39.051216 -0.521308 0.240392 -0.818810 0.540356 0.652136 1 8 1.000000
  8 22.700159 1.690766 38.586063 -0.502313 0.499471 -0.705840 0.529529 0.678802 2 8 0.667000 21 0.333000
v_hands
  21 22.148865 0.824025 38.705757 -0.933840 0.088886 -0.346471 0.497747 0.684420 1 21 1.000000
  21 21.942049 1.275434 39.532829 -0.988866 -0.070007 -0.131311 0.494682 0.650922 2 21 0.837495 8 0.162505
  8 22.010712 2.026151 39.726051 -0.844447 0.185031 -0.502665 0.509019 0.632847 2 8 0.556000 7 0.444000
v_hands
  21 22.148865 0.824025 38.705757 -0.933840 0.088886 -0.346471 0.497747 0.684420 1 21 1.000000
  8 22.010712 2.026151 39.726051 -0.844447 0.185031 -0.502665 0.509019 0.632847 2 8 0.556000 7 0.444000
  8 22.700159 1.690766 38.586063 -0.502313 0.499471 -0.705840 0.529529 0.678802 2 8 0.667000 21 0.333000
v_hands
  21 22.688286 1.043817 38.154732 -0.482801 0.543401 -0.686745 0.521741 0.701005 3 21 0.610000 22 0.277680 8 0.112320
  21 22.148865 0.824025 38.705757 -0.933840 0.088886 -0.346471 0.497747 0.684420 1 21 1.000000
  8 22.700159 1.690766 38.586063 -0.502313 0.499471 -0.705840 0.529529 0.678802 2 8 0.667000 21 0.333000
v_hands
  21 22.688286 1.043817 38.154732 -0.482801 0.543401 -0.686745 0.521741 0.701005 3 21 0.610000 22 0.277680 8 0.112320
  8 22.700159 1.690766 38.586063 -0.502313 0.499471 -0.705840 0.529529 0.678802 2 8 0.667000 21 0.333000
  8 23.323246 1.535920 38.310238 -0.195074 0.543212 -0.816619 0.547065 0.690192 2 8 0.508000 21 0.492000
v_hands
  21 22.688286 1.043817 38.154732 -0.482801 0.543401 -0.686745 0.521741 0.701005 3 21 0.610000 22 0.277680 8 0.112320
  8 23.323246 1.535920 38.310238 -0.195074 0.543212 -0.816619 0.547065 0.690192 2 8 0.508000 21 0.492000
  22 23.256344 0.941046 37.959068 -0.031258 0.580978 -0.813319 0.540175 0.713894 2 22 0.817000 8 0.183000
v_hands
  8 23.843555 1.376976 38.088539 -0.208389 0.279524 -0.937252 0.564584 0.700891 2 8 0.667000 21 0.333000
  22 23.256344 0.941046 37.959068 -0.031258 0.580978 -0.813319 0.540175 0.713894 2 22 0.817000 8 0.183000
  8 23.323246 1.535920 38.310238 -0.195074 0.543212 -0.816619 0.547065 0.690192 2 8 0.508000 21 0.492000
v_hands
  8 23.843555 1.376976 38.088539 -0.208389 0.279524 -0.937252 0.564584 0.700891 2 8 0.667000 21 0.333000
  22 23.618935 0.701330 37.904903 0.366730 0.231335 -0.901107 0.554725 0.724682 2 22 0.817000 8 0.183000
  22 23.256344 0.941046 37.959068 -0.031258 0.580978 -0.813319 0.540175 0.713894 2 22 0.817000 8 0.183000
v_hands
  8 24.056297 0.708486 37.986588 0.110202 -0.231153 -0.966656 0.570631 0.722300 2 8 0.601000 21 0.399000
  22 23.618935 0.701330 37.904903 0.366730 0.231335 -0.901107 0.554725 0.724682 2 22 0.817000 8 0.183000
  8 23.843555 1.376976 38.088539 -0.208389 0.279524 -0.937252 0.564584 0.700891 2 8 0.667000 21 0.333000
v_hands
  22 23.618935 0.701330 37.904903 0.366730 0.231335 -0.901107 0.554725 0.724682 2 22 0.817000 8 0.183000
  8 24.056297 0.708486 37.986588 0.110202 -0.231153 -0.966656 0.570631 0.722300 2 8 0.601000 21 0.399000
  8 24.301851 0.414848 38.238499 0.367660 -0.738709 -0.564920 0.582301 0.725177 2 8 0.853000 21 0.147000
v_hands
  22 23.618935 0.701330 37.904903 0.366730 0.231335 -0.901107 0.554725 0.724682 2 22 0.817000 8 0.183000
  8 24.301851 0.414848 38.238499 0.367660 -0.738709 -0.564920 0.582301 0.725177 2 8 0.853000 21 0.147000
  21 23.897388 0.315799 38.063507 0.630779 -0.219577 -0.744247 0.569408 0.733831 2 21 0.736000 8 0.264000
v_hands
  8 24.301851 0.414848 38.238499 0.367660 -0.738709 -0.564920 0.582301 0.725177 2 8 0.853000 21 0.147000
  8 23.944290 0.042769 38.376030 0.681526 -0.728882 -0.065210 0.584377 0.735457 2 8 0.508000 21 0.492000
  21 23.897388 0.315799 38.063507 0.630779 -0.219577 -0.744247 0.569408 0.733831 2 21 0.736000 8 0.264000
v_hands
  21 23.897388 0.315799 38.063507 0.630779 -0.219577 -0.744247 0.569408 0.733831 2 21 0.736000 8 0.264000
  8 23.944290 0.042769 38.376030 0.681526 -0.728882 -0.065210 0.584377 0.735457 2 8 0.508000 21 0.492000
  21 23.781361 -0.138488 38.159126 0.857237 -0.499511 -0.125037 0.578979 0.743467 2 21 0.853000 8 0.147000
v_hands
  21 23.897388 0.315799 38.063507 0.630779 -0.219577 -0.744247 0.569408 0.733831 2 21 0.736000 8 0.264000
  21 23.781361 -0.138488 38.159126 0.857237 -0.499511 -0.125037 0.578979 0.743467 2 21 0.853000 8 0.147000
  22 23.653563 0.191602 37.776581 0.840930 0.177355 -0.511256 0.559340 0.741286 1 22 1.000000
v_hands
  22 23.653563 0.191602 37.776581 0.840930 0.177355 -0.511256 0.559340 0.741286 1 22 1.000000
  21 23.781361 -0.138488 38.159126 0.857237 -0.499511 -0.125037 0.578979 0.743467 2 21 0.853000 8 0.147000
  22 23.689529 -0.232423 37.985352 0.907629 -0.375195 -0.188251 0.575880 0.749668 1 22 1.000000
v_hands
  22 23.617102 -0.021784 37.484715 0.962781 0.252740 -0.095787 0.556262 0.753199 1 22 1.000000
  22 23.653563 0.191602 37.776581 0.840930 0.177355 -0.511256 0.559340 0.741286 1 22 1.000000
  22 23.689529 -0.232423 37.985352 0.907629 -0.375195 -0.188251 0.575880 0.749668 1 22 1.000000
v_hands
  22 23.617102 -0.021784 37.484715 0.962781 0.252740 -0.095787 0.556262 0.753199 1 22 1.000000
  22 23.689529 -0.232423 37.985352 0.907629 -0.375195 -0.188251 0.575880 0.749668 1 22 1.000000
  22 23.553940 -0.417985 37.548817 0.901076 -0.424552 0.088415 0.571763 0.759790 1 22 1.000000
v_hands
  22 23.617102 -0.021784 37.484715 0.962781 0.252740 -0.095787 0.556262 0.753199 1 22 1.000000
  22 23.553940 -0.417985 37.548817 0.901076 -0.424552 0.088415 0.571763 0.759790 1 22 1.000000
  23 23.604038 -0.489704 37.272118 0.842553 -0.487838 0.228296 0.570424 0.767240 1 23 1.000000
v_hands
  8 24.301851 0.414848 38.238499 0.367660 -0.738709 -0.564920 0.582301 0.725177 2 8 0.853000 21 0.147000
  8 24.290930 0.329936 38.499973 0.515645 -0.856270 0.030202 0.594323 0.723408 2 8 0.838000 21 0.162000
  8 23.944290 0.042769 38.376030 0.681526 -0.728882 -0.065210 0.584377 0.735457 2 8 0.508000 21 0.492000
v_hands
  18 26.159014 1.463029 37.596867 0.927013 0.258838 0.271386 0.202190 0.864135 1 18 1.000000
  18 26.007572 1.564829 37.036591 0.137467 0.745087 -0.652647 0.200808 0.882079 1 18 1.000000
  15 26.021938 1.591525 37.041000 0.199126 -0.810523 -0.550819 0.198291 0.876718 1 15 1.000000
v_hands
  15 26.406586 1.635172 36.636406 -0.005355 -0.994073 -0.108582 0.197385 0.895589 2 15 0.502000 16 0.498000
  15 26.207495 1.615422 37.596027 0.865909 -0.432370 0.251510 0.190766 0.866287 1 15 1.000000
  15 26.021938 1.591525 37.041000 0.199126 -0.810523 -0.550819 0.198291 0.876718 1 15 1.000000
v_hands
  18 26.159014 1.463029 37.596867 0.927013 0.258838 0.271386 0.202190 0.864135 1 18 1.000000
  15 26.021938 1.591525 37.041000 0.199126 -0.810523 -0.550819 0.198291 0.876718 1 15 1.000000
  15 26.207495 1.615422 37.596027 0.865909 -0.432370 0.251510 0.190766 0.866287 1 15 1.000000
v_hands
  18 26.159014 1.463029 37.596867 0.927013 0.258838 0.271386 0.202190 0.864135 1 18 1.000000
  15 26.207495 1.615422 37.596027 0.865909 -0.432370 0.251510 0.190766 0.866287 1 15 1.000000
  8 25.885517 1.555575 38.214622 0.894008 -0.135614 0.427035 0.191674 0.846271 1 8 1.000000
v_hands
  18 26.159014 1.463029 37.596867 0.927013 0.258838 0.271386 0.202190 0.864135 1 18 1.000000
  8 25.885517 1.555575 38.214622 0.894008 -0.135614 0.427035 0.191674 0.846271 1 8 1.000000
  18 26.418018 1.116303 37.474602 0.856865 -0.086081 0.508303 0.219065 0.872944 2 18 0.850000 8 0.150000
v_hands
  8 25.974361 1.162383 38.305439 0.845954 0.042235 0.531580 0.211429 0.844705 2 8 0.577000 18 0.423000
  18 26.418018 1.116303 37.474602 0.856865 -0.086081 0.508303 0.219065 0.872944 2 18 0.850000 8 0.150000
  8 25.885517 1.555575 38.214622 0.894008 -0.135614 0.427035 0.191674 0.846271 1 8 1.000000
v_hands
  8 25.974361 1.162383 38.305439 0.845954 0.042235 0.531580 0.211429 0.844705 2 8 0.577000 18 0.423000
  8 25.949890 1.010653 38.282562 0.758862 -0.447590 0.473066 0.216180 0.844045 2 8 0.577000 18 0.423000
  18 26.418018 1.116303 37.474602 0.856865 -0.086081 0.508303 0.219065 0.872944 2 18 0.850000 8 0.150000
v_hands
  8 25.974361 1.162383 38.305439 0.845954 0.042235 0.531580 0.211429 0.844705 2 8 0.577000 18 0.423000
  8 25.762291 1.003731 38.531326 0.646055 -0.443969 0.620890 0.216049 0.834718 2 8 0.697000 18 0.303000
  8 25.949890 1.010653 38.282562 0.758862 -0.447590 0.473066 0.216180 0.844045 2 8 0.577000 18 0.423000
v_hands
  8 25.788578 1.162846 38.555790 0.747093 -0.006532 0.664688 0.210208 0.835528 2 8 0.697000 18 0.303000
  8 25.762291 1.003731 38.531326 0.646055 -0.443969 0.620890 0.216049 0.834718 2 8 0.697000 18 0.303000
  8 25.974361 1.162383 38.305439 0.845954 0.042235 0.531580 0.211429 0.844705 2 8 0.577000 18 0.423000
v_hands
  8 25.788578 1.162846 38.555790 0.747093 -0.006532 0.664688 0.210208 0.835528 2 8 0.697000 18 0.303000
  8 25.228971 0.852071 38.886421 0.547696 -0.587886 0.595331 0.223306 0.817703 1 8 1.000000
  8 25.762291 1.003731 38.531326 0.646055 -0.443969 0.620890 0.216049 0.834718 2 8 0.697000 18 0.303000
v_hands
  8 25.788578 1.162846 38.555790 0.747093 -0.006532 0.664688 0.210208 0.835528 2 8 0.697000 18 0.303000
  8 24.893288 1.414508 39.490883 0.677466 -0.290428 0.675790 0.196418 0.796736 1 8 1.000000
  8 25.228971 0.852071 38.886421 0.547696 -0.587886 0.595331 0.223306 0.817703 1 8 1.000000
v_hands
  8 24.893288 1.414508 39.490883 0.677466 -0.290428 0.675790 0.196418 0.796736 1 8 1.000000
  8 25.788578 1.162846 38.555790 0.747093 -0.006532 0.664688 0.210208 0.835528 2 8 0.697000 18 0.303000
  8 25.731468 1.508530 38.471481 0.814976 -0.145192 0.561011 0.194095 0.837957 1 8 1.000000
v_hands
  8 25.974361 1.162383 38.305439 0.845954 0.042235 0.531580 0.211429 0.844705 2 8 0.577000 18 0.423000
  8 25.731468 1.508530 38.471481 0.814976 -0.145192 0.561011 0.194095 0.837957 1 8 1.000000
  8 25.788578 1.162846 38.555790 0.747093 -0.006532 0.664688 0.210208 0.835528 2 8 0.697000 18 0.303000
v_hands
  8 25.974361 1.162383 38.305439 0.845954 0.042235 0.531580 0.211429 0.844705 2 8 0.577000 18 0.423000
  8 25.885517 1.555575 38.214622 0.894008 -0.135614 0.427035 0.191674 0.846271 1 8 1.000000
  8 25.731468 1.508530 38.471481 0.814976 -0.145192 0.561011 0.194095 0.837957 1 8 1.000000
v_hands
  17 26.656155 1.692183 35.450638 -0.022386 -0.997953 -0.059898 0.194519 0.937598 2 17 0.505000 16 0.495000
  17 26.900076 1.809441 35.398170 0.751419 -0.659820 0.002625 0.189265 0.939665 2 17 0.763000 16 0.237000
  16 26.880823 1.791799 35.600006 0.737560 -0.673621 0.047336 0.189717 0.934971 2 16 0.736000 17 0.264000
v_hands
  17 26.656155 1.692183 35.450638 -0.022386 -0.997953 -0.059898 0.194519 0.937598 2 17 0.505000 16 0.495000
  16 26.880823 1.791799 35.600006 0.737560 -0.673621 0.047336 0.189717 0.934971 2 16 0.736000 17 0.264000
  16 26.724457 1.740818 36.703876 0.701847 -0.695688 0.153064 0.190678 0.899255 2 16 0.742000 15 0.258000
v_hands
  17 26.656155 1.692183 35.450638 -0.022386 -0.997953 -0.059898 0.194519 0.937598 2 17 0.505000 16 0.495000
  16 26.724457 1.740818 36.703876 0.701847 -0.695688 0.153064 0.190678 0.899255 2 16 0.742000 15 0.258000
  15 26.406586 1.635172 36.636406 -0.005355 -0.994073 -0.108582 0.197385 0.895589 2 15 0.502000 16 0.498000
v_hands
  15 26.406586 1.635172 36.636406 -0.005355 -0.994073 -0.108582 0.197385 0.895589 2 15 0.502000 16 0.498000
  16 26.724457 1.740818 36.703876 0.701847 -0.695688 0.153064 0.190678 0.899255 2 16 0.742000 15 0.258000
  15 26.619511 1.712149 36.957272 0.661305 -0.701005 0.266961 0.191570 0.890862 2 15 0.799000 16 0.201000
v_hands
  15 26.406586 1.635172 36.636406 -0.005355 -0.994073 -0.108582 0.197385 0.895589 2 15 0.502000 16 0.498000
  15 26.619511 1.712149 36.957272 0.661305 -0.701005 0.266961 0.191570 0.890862 2 15 0.799000 16 0.201000
  15 26.207495 1.615422 37.596027 0.865909 -0.432370 0.251510 0.190766 0.866287 1 15 1.000000
v_hands
  15 26.619511 1.712149 36.957272 0.661305 -0.701005 0.266961 0.191570 0.890862 2 15 0.799000 16 0.201000
  15 26.404264 2.065409 37.530460 0.877183 0.024321 0.479540 0.179196 0.872591 2 15 0.811000 8 0.189000
  15 26.207495 1.615422 37.596027 0.865909 -0.432370 0.251510 0.190766 0.866287 1 15 1.000000
v_hands
  15 26.207495 1.615422 37.596027 0.865909 -0.432370 0.251510 0.190766 0.866287 1 15 1.000000
  15 26.404264 2.065409 37.530460 0.877183 0.024321 0.479540 0.179196 0.872591 2 15 0.811000 8 0.189000
  8 25.885517 1.555575 38.214622 0.894008 -0.135614 0.427035 0.191674 0.846271 1 8 1.000000
v_hands
  8 25.885517 1.555575 38.214622 0.894008 -0.135614 0.427035 0.191674 0.846271 1 8 1.000000
  15 26.404264 2.065409 37.530460 0.877183 0.024321 0.479540 0.179196 0.872591 2 15 0.811000 8 0.189000
  15 26.062569 1.887009 38.358078 0.878424 -0.291984 0.378308 0.181912 0.846240 2 15 0.505000 8 0.495000
v_hands
  8 25.731468 1.508530 38.471481 0.814976 -0.145192 0.561011 0.194095 0.837957 1 8 1.000000
  8 25.885517 1.555575 38.214622 0.894008 -0.135614 0.427035 0.191674 0.846271 1 8 1.000000
  15 26.062569 1.887009 38.358078 0.878424 -0.291984 0.378308 0.181912 0.846240 2 15 0.505000 8 0.495000
v_hands
  8 25.731468 1.508530 38.471481 0.814976 -0.145192 0.561011 0.194095 0.837957 1 8 1.000000
  15 26.062569 1.887009 38.358078 0.878424 -0.291984 0.378308 0.181912 0.846240 2 15 0.505000 8 0.495000
  8 25.916714 1.858289 38.620064 0.776830 -0.271478 0.568186 0.182682 0.836933 2 8 0.730000 15 0.270000
v_hands
  8 25.731468 1.508530 38.471481 0.814976 -0.145192 0.561011 0.194095 0.837957 1 8 1.000000
  8 25.916714 1.858289 38.620064 0.776830 -0.271478 0.568186 0.182682 0.836933 2 8 0.730000 15 0.270000
  8 24.893288 1.414508 39.490883 0.677466 -0.290428 0.675790 0.196418 0.796736 1 8 1.000000
v_hands
  8 24.893288 1.414508 39.490883 0.677466 -0.290428 0.675790 0.196418 0.796736 1 8 1.000000
  8 25.916714 1.858289 38.620064 0.776830 -0.271478 0.568186 0.182682 0.836933 2 8 0.730000 15 0.270000
  8 25.910458 2.143319 38.632389 0.774191 0.258040 0.577965 0.173666 0.836228 2 8 0.730000 15 0.270000
v_hands
  8 24.893288 1.414508 39.490883 0.677466 -0.290428 0.675790 0.196418 0.796736 1 8 1.000000
  8 25.910458 2.143319 38.632389 0.774191 0.258040 0.577965 0.173666 0.836228 2 8 0.730000 15 0.270000
  8 24.943806 2.354677 39.606083 0.759271 0.020554 0.650449 0.166674 0.800085 1 8 1.000000
v_hands
  8 25.729883 2.501814 38.482517 0.859253 0.124625 0.496138 0.162316 0.836799 1 8 1.000000
  8 24.943806 2.354677 39.606083 0.759271 0.020554 0.650449 0.166674 0.800085 1 8 1.000000
  8 25.910458 2.143319 38.632389 0.774191 0.258040 0.577965 0.173666 0.836228 2 8 0.730000 15 0.270000
v_hands
  8 25.729883 2.501814 38.482517 0.859253 0.124625 0.496138 0.162316 0.836799 1 8 1.000000
  8 25.788786 2.802336 38.547985 0.827321 -0.059281 0.558593 0.152777 0.836056 2 8 0.781000 12 0.219000
  8 24.943806 2.354677 39.606083 0.759271 0.020554 0.650449 0.166674 0.800085 1 8 1.000000
v_hands
  8 25.729883 2.501814 38.482517 0.859253 0.124625 0.496138 0.162316 0.836799 1 8 1.000000
  12 25.946095 2.800459 38.265579 0.899419 -0.130284 0.417218 0.152923 0.845843 2 12 0.538000 8 0.462000
  8 25.788786 2.802336 38.547985 0.827321 -0.059281 0.558593 0.152777 0.836056 2 8 0.781000 12 0.219000
v_hands
  12 25.916882 3.084569 38.260338 0.808366 0.436834 0.394615 0.144276 0.844821 2 12 0.538000 8 0.462000
  8 25.788786 2.802336 38.547985 0.827321 -0.059281 0.558593 0.152777 0.836056 2 8 0.781000 12 0.219000
  12 25.946095 2.800459 38.265579 0.899419 -0.130284 0.417218 0.152923 0.845843 2 12 0.538000 8 0.462000
v_hands
  12 25.916882 3.084569 38.260338 0.808366 0.436834 0.394615 0.144276 0.844821 2 12 0.538000 8 0.462000
  12 25.946095 2.800459 38.265579 0.899419 -0.130284 0.417218 0.152923 0.845843 2 12 0.538000 8 0.462000
  12 26.287933 3.011532 37.499477 0.868846 0.186725 0.458520 0.143667 0.872680 2 12 0.847000 8 0.153000
v_hands
  17 26.900076 1.809441 35.398170 0.751419 -0.659820 0.002625 0.189265 0.939665 2 17 0.763000 16 0.237000
  17 26.656155 1.692183 35.450638 -0.022386 -0.997953 -0.059898 0.194519 0.937598 2 17 0.505000 16 0.495000
  17 26.751446 1.748621 34.622223 0.029163 -0.990974 -0.130846 0.193638 0.969744 1 17 1.000000
v_hands
  16 26.880823 1.791799 35.600006 0.737560 -0.673621 0.047336 0.189717 0.934971 2 16 0.736000 17 0.264000
  16 26.854879 2.063390 36.668762 0.974559 -0.002943 0.224110 0.180061 0.902231 2 16 0.742000 15 0.258000
  16 26.724457 1.740818 36.703876 0.701847 -0.695688 0.153064 0.190678 0.899255 2 16 0.742000 15 0.258000
v_hands
  15 26.619511 1.712149 36.957272 0.661305 -0.701005 0.266961 0.191570 0.890862 2 15 0.799000 16 0.201000
  16 26.724457 1.740818 36.703876 0.701847 -0.695688 0.153064 0.190678 0.899255 2 16 0.742000 15 0.258000
  16 26.854879 2.063390 36.668762 0.974559 -0.002943 0.224110 0.180061 0.902231 2 16 0.742000 15 0.258000
v_hands
  15 26.619511 1.712149 36.957272 0.661305 -0.701005 0.266961 0.191570 0.890862 2 15 0.799000 16 0.201000
  16 26.854879 2.063390 36.668762 0.974559 -0.002943 0.224110 0.180061 0.902231 2 16 0.742000 15 0.258000
  15 26.727686 2.068106 37.001549 0.900378 -0.011854 0.434948 0.179687 0.892323 2 15 0.799000 16 0.201000
v_hands
  15 26.619511 1.712149 36.957272 0.661305 -0.701005 0.266961 0.191570 0.890862 2 15 0.799000 16 0.201000
  15 26.727686 2.068106 37.001549 0.900378 -0.011854 0.434948 0.179687 0.892323 2 15 0.799000 16 0.201000
  15 26.404264 2.065409 37.530460 0.877183 0.024321 0.479540 0.179196 0.872591 2 15 0.811000 8 0.189000
v_hands
  8 25.729883 2.501814 38.482517 0.859253 0.124625 0.496138 0.162316 0.836799 1 8 1.000000
  8 25.845434 2.493978 38.219212 0.911076 0.139007 0.388094 0.163038 0.846158 1 8 1.000000
  12 25.946095 2.800459 38.265579 0.899419 -0.130284 0.417218 0.152923 0.845843 2 12 0.538000 8 0.462000
v_hands
  8 25.845434 2.493978 38.219212 0.911076 0.139007 0.388094 0.163038 0.846158 1 8 1.000000
  8 25.729883 2.501814 38.482517 0.859253 0.124625 0.496138 0.162316 0.836799 1 8 1.000000
  8 25.910458 2.143319 38.632389 0.774191 0.258040 0.577965 0.173666 0.836228 2 8 0.730000 15 0.270000
v_hands
  8 25.845434 2.493978 38.219212 0.911076 0.139007 0.388094 0.163038 0.846158 1 8 1.000000
  8 25.910458 2.143319 38.632389 0.774191 0.258040 0.577965 0.173666 0.836228 2 8 0.730000 15 0.270000
  15 26.059490 2.150332 38.367596 0.856137 0.319998 0.405746 0.173584 0.846070 2 15 0.505000 8 0.495000
v_hands
  8 25.910458 2.143319 38.632389 0.774191 0.258040 0.577965 0.173666 0.836228 2 8 0.730000 15 0.270000
  8 25.916714 1.858289 38.620064 0.776830 -0.271478 0.568186 0.182682 0.836933 2 8 0.730000 15 0.270000
  15 26.059490 2.150332 38.367596 0.856137 0.319998 0.405746 0.173584 0.846070 2 15 0.505000 8 0.495000
v_hands
  15 26.059490 2.150332 38.367596 0.856137 0.319998 0.405746 0.173584 0.846070 2 15 0.505000 8 0.495000
  8 25.916714 1.858289 38.620064 0.776830 -0.271478 0.568186 0.182682 0.836933 2 8 0.730000 15 0.270000
  15 26.062569 1.887009 38.358078 0.878424 -0.291984 0.378308 0.181912 0.846240 2 15 0.505000 8 0.495000
v_hands
  15 26.059490 2.150332 38.367596 0.856137 0.319998 0.405746 0.173584 0.846070 2 15 0.505000 8 0.495000
  15 26.062569 1.887009 38.358078 0.878424 -0.291984 0.378308 0.181912 0.846240 2 15 0.505000 8 0.495000
  15 26.404264 2.065409 37.530460 0.877183 0.024321 0.479540 0.179196 0.872591 2 15 0.811000 8 0.189000
v_hands
  15 26.059490 2.150332 38.367596 0.856137 0.319998 0.405746 0.173584 0.846070 2 15 0.505000 8 0.495000
  15 26.404264 2.065409 37.530460 0.877183 0.024321 0.479540 0.179196 0.872591 2 15 0.811000 8 0.189000
  8 25.845434 2.493978 38.219212 0.911076 0.139007 0.388094 0.163038 0.846158 1 8 1.000000
v_hands
  15 26.210325 2.399977 37.608288 0.848044 0.408663 0.337367 0.165016 0.865892 1 15 1.000000
  8 25.845434 2.493978 38.219212 0.911076 0.139007 0.388094 0.163038 0.846158 1 8 1.000000
  15 26.404264 2.065409 37.530460 0.877183 0.024321 0.479540 0.179196 0.872591 2 15 0.811000 8 0.189000
v_hands
  15 26.638456 2.430511 36.951214 0.650993 0.688033 0.320653 0.167243 0.893222 2 15 0.799000 16 0.201000
  15 26.210325 2.399977 37.608288 0.848044 0.408663 0.337367 0.165016 0.865892 1 15 1.000000
  15 26.404264 2.065409 37.530460 0.877183 0.024321 0.479540 0.179196 0.872591 2 15 0.811000 8 0.189000
v_hands
  15 26.638456 2.430511 36.951214 0.650993 0.688033 0.320653 0.167243 0.893222 2 15 0.799000 16 0.201000
  15 26.404264 2.065409 37.530460 0.877183 0.024321 0.479540 0.179196 0.872591 2 15 0.811000 8 0.189000
  15 26.727686 2.068106 37.001549 0.900378 -0.011854 0.434948 0.179687 0.892323 2 15 0.799000 16 0.201000
v_hands
  15 26.727686 2.068106 37.001549 0.900378 -0.011854 0.434948 0.179687 0.892323 2 15 0.799000 16 0.201000
  16 26.720982 2.409903 36.697250 0.749635 0.642482 0.158947 0.167981 0.900905 2 16 0.742000 15 0.258000
  15 26.638456 2.430511 36.951214 0.650993 0.688033 0.320653 0.167243 0.893222 2 15 0.799000 16 0.201000
v_hands
  15 26.727686 2.068106 37.001549 0.900378 -0.011854 0.434948 0.179687 0.892323 2 15 0.799000 16 0.201000
  16 26.854879 2.063390 36.668762 0.974559 -0.002943 0.224110 0.180061 0.902231 2 16 0.742000 15 0.258000
  16 26.720982 2.409903 36.697250 0.749635 0.642482 0.158947 0.167981 0.900905 2 16 0.742000 15 0.258000
v_hands
  16 26.960260 2.069924 35.700005 0.989966 -0.062883 0.126544 0.180266 0.935359 2 16 0.736000 17 0.264000
  16 26.720982 2.409903 36.697250 0.749635 0.642482 0.158947 0.167981 0.900905 2 16 0.742000 15 0.258000
  16 26.854879 2.063390 36.668762 0.974559 -0.002943 0.224110 0.180061 0.902231 2 16 0.742000 15 0.258000
v_hands
  16 26.880823 1.791799 35.600006 0.737560 -0.673621 0.047336 0.189717 0.934971 2 16 0.736000 17 0.264000
  16 26.960260 2.069924 35.700005 0.989966 -0.062883 0.126544 0.180266 0.935359 2 16 0.736000 17 0.264000
  16 26.854879 2.063390 36.668762 0.974559 -0.002943 0.224110 0.180061 0.902231 2 16 0.742000 15 0.258000
v_hands
  16 26.880823 1.791799 35.600006 0.737560 -0.673621 0.047336 0.189717 0.934971 2 16 0.736000 17 0.264000
  17 26.997597 2.080410 35.392574 0.998108 -0.058256 0.019651 0.180140 0.942708 2 17 0.763000 16 0.237000
  16 26.960260 2.069924 35.700005 0.989966 -0.062883 0.126544 0.180266 0.935359 2 16 0.736000 17 0.264000
v_hands
  16 26.880823 1.791799 35.600006 0.737560 -0.673621 0.047336 0.189717 0.934971 2 16 0.736000 17 0.264000
  17 26.900076 1.809441 35.398170 0.751419 -0.659820 0.002625 0.189265 0.939665 2 17 0.763000 16 0.237000
  17 26.997597 2.080410 35.392574 0.998108 -0.058256 0.019651 0.180140 0.942708 2 17 0.763000 16 0.237000
v_hands
  17 26.997597 2.080410 35.392574 0.998108 -0.058256 0.019651 0.180140 0.942708 2 17 0.763000 16 0.237000
  17 26.900076 1.809441 35.398170 0.751419 -0.659820 0.002625 0.189265 0.939665 2 17 0.763000 16 0.237000
  17 26.892166 1.815980 34.586742 0.769779 -0.624178 -0.133576 0.189690 0.973840 1 17 1.000000
v_hands
  17 26.900076 1.809441 35.398170 0.751419 -0.659820 0.002625 0.189265 0.939665 2 17 0.763000 16 0.237000
  17 26.751446 1.748621 34.622223 0.029163 -0.990974 -0.130846 0.193638 0.969744 1 17 1.000000
  17 26.892166 1.815980 34.586742 0.769779 -0.624178 -0.133576 0.189690 0.973840 1 17 1.000000
v_hands
  17 26.671593 1.843554 34.202225 -0.101233 -0.756801 -0.645758 0.191672 0.993021 1 17 1.000000
  17 26.892166 1.815980 34.586742 0.769779 -0.624178 -0.133576 0.189690 0.973840 1 17 1.000000
  17 26.751446 1.748621 34.622223 0.029163 -0.990974 -0.130846 0.193638 0.969744 1 17 1.000000
v_hands
  8 25.845434 2.493978 38.219212 0.911076 0.139007 0.388094 0.163038 0.846158 1 8 1.000000
  12 26.287933 3.011532 37.499477 0.868846 0.186725 0.458520 0.143667 0.872680 2 12 0.847000 8 0.153000
  12 25.946095 2.800459 38.265579 0.899419 -0.130284 0.417218 0.152923 0.845843 2 12 0.538000 8 0.462000
v_hands
  12 26.172253 2.665361 37.549225 0.949631 -0.197943 0.242941 0.156935 0.869252 1 12 1.000000
  12 26.287933 3.011532 37.499477 0.868846 0.186725 0.458520 0.143667 0.872680 2 12 0.847000 8 0.153000
  8 25.845434 2.493978 38.219212 0.911076 0.139007 0.388094 0.163038 0.846158 1 8 1.000000
v_hands
  12 26.172253 2.665361 37.549225 0.949631 -0.197943 0.242941 0.156935 0.869252 1 12 1.000000
  8 25.845434 2.493978 38.219212 0.911076 0.139007 0.388094 0.163038 0.846158 1 8 1.000000
  15 26.210325 2.399977 37.608288 0.848044 0.408663 0.337367 0.165016 0.865892 1 15 1.000000
v_hands
  12 26.009598 2.550396 37.029903 0.286355 -0.796801 -0.532080 0.161698 0.883738 1 12 1.000000
  12 26.172253 2.665361 37.549225 0.949631 -0.197943 0.242941 0.156935 0.869252 1 12 1.000000
  15 26.210325 2.399977 37.608288 0.848044 0.408663 0.337367 0.165016 0.865892 1 15 1.000000
v_hands
  12 26.009598 2.550396 37.029903 0.286355 -0.796801 -0.532080 0.161698 0.883738 1 12 1.000000
  15 26.210325 2.399977 37.608288 0.848044 0.408663 0.337367 0.165016 0.865892 1 15 1.000000
  15 26.022848 2.525979 37.038807 0.285736 0.852187 -0.438329 0.162685 0.875415 1 15 1.000000
v_hands
  15 26.638456 2.430511 36.951214 0.650993 0.688033 0.320653 0.167243 0.893222 2 15 0.799000 16 0.201000
  15 26.022848 2.525979 37.038807 0.285736 0.852187 -0.438329 0.162685 0.875415 1 15 1.000000
  15 26.210325 2.399977 37.608288 0.848044 0.408663 0.337367 0.165016 0.865892 1 15 1.000000
v_hands
  15 26.638456 2.430511 36.951214 0.650993 0.688033 0.320653 0.167243 0.893222 2 15 0.799000 16 0.201000
  15 26.469757 2.532976 36.666298 0.077009 0.997021 -0.004249 0.161686 0.900105 2 15 0.502000 16 0.498000
  15 26.022848 2.525979 37.038807 0.285736 0.852187 -0.438329 0.162685 0.875415 1 15 1.000000
v_hands
  15 26.638456 2.430511 36.951214 0.650993 0.688033 0.320653 0.167243 0.893222 2 15 0.799000 16 0.201000
  16 26.720982 2.409903 36.697250 0.749635 0.642482 0.158947 0.167981 0.900905 2 16 0.742000 15 0.258000
  15 26.469757 2.532976 36.666298 0.077009 0.997021 -0.004249 0.161686 0.900105 2 15 0.502000 16 0.498000
v_hands
  16 26.915627 2.380725 35.643715 0.787924 0.607310 0.101735 0.169699 0.935642 2 16 0.736000 17 0.264000
  15 26.469757 2.532976 36.666298 0.077009 0.997021 -0.004249 0.161686 0.900105 2 15 0.502000 16 0.498000
  16 26.720982 2.409903 36.697250 0.749635 0.642482 0.158947 0.167981 0.900905 2 16 0.742000 15 0.258000
v_hands
  16 26.960260 2.069924 35.700005 0.989966 -0.062883 0.126544 0.180266 0.935359 2 16 0.736000 17 0.264000
  16 26.915627 2.380725 35.643715 0.787924 0.607310 0.101735 0.169699 0.935642 2 16 0.736000 17 0.264000
  16 26.720982 2.409903 36.697250 0.749635 0.642482 0.158947 0.167981 0.900905 2 16 0.742000 15 0.258000
v_hands
  16 26.960260 2.069924 35.700005 0.989966 -0.062883 0.126544 0.180266 0.935359 2 16 0.736000 17 0.264000
  17 26.940224 2.375857 35.440407 0.795639 0.605626 0.013293 0.170017 0.940486 2 17 0.763000 16 0.237000
  16 26.915627 2.380725 35.643715 0.787924 0.607310 0.101735 0.169699 0.935642 2 16 0.736000 17 0.264000
v_hands
  16 26.960260 2.069924 35.700005 0.989966 -0.062883 0.126544 0.180266 0.935359 2 16 0.736000 17 0.264000
  17 26.997597 2.080410 35.392574 0.998108 -0.058256 0.019651 0.180140 0.942708 2 17 0.763000 16 0.237000
  17 26.940224 2.375857 35.440407 0.795639 0.605626 0.013293 0.170017 0.940486 2 17 0.763000 16 0.237000
v_hands
  17 26.940224 2.375857 35.440407 0.795639 0.605626 0.013293 0.170017 0.940486 2 17 0.763000 16 0.237000
  17 26.997597 2.080410 35.392574 0.998108 -0.058256 0.019651 0.180140 0.942708 2 17 0.763000 16 0.237000
  17 26.924305 2.084328 34.567535 0.996094 -0.012973 -0.087345 0.180606 0.975332 1 17 1.000000
v_hands
  17 26.997597 2.080410 35.392574 0.998108 -0.058256 0.019651 0.180140 0.942708 2 17 0.763000 16 0.237000
  17 26.892166 1.815980 34.586742 0.769779 -0.624178 -0.133576 0.189690 0.973840 1 17 1.000000
  17 26.924305 2.084328 34.567535 0.996094 -0.012973 -0.087345 0.180606 0.975332 1 17 1.000000
v_hands
  17 26.870689 1.888204 34.231903 0.641561 -0.568199 -0.515314 0.187143 0.987611 1 17 1.000000
  17 26.924305 2.084328 34.567535 0.996094 -0.012973 -0.087345 0.180606 0.975332 1 17 1.000000
  17 26.892166 1.815980 34.586742 0.769779 -0.624178 -0.133576 0.189690 0.973840 1 17 1.000000
v_hands
  17 26.671593 1.843554 34.202225 -0.101233 -0.756801 -0.645758 0.191672 0.993021 1 17 1.000000
  17 26.870689 1.888204 34.231903 0.641561 -0.568199 -0.515314 0.187143 0.987611 1 17 1.000000
  17 26.892166 1.815980 34.586742 0.769779 -0.624178 -0.133576 0.189690 0.973840 1 17 1.000000
v_hands
  17 26.870689 1.888204 34.231903 0.641561 -0.568199 -0.515314 0.187143 0.987611 1 17 1.000000
  17 26.671593 1.843554 34.202225 -0.101233 -0.756801 -0.645758 0.191672 0.993021 1 17 1.000000
  17 26.638916 2.111182 34.119858 -0.192474 0.028811 -0.980879 0.179677 0.997022 1 17 1.000000
v_hands
  17 26.870689 1.888204 34.231903 0.641561 -0.568199 -0.515314 0.187143 0.987611 1 17 1.000000
  17 26.638916 2.111182 34.119858 -0.192474 0.028811 -0.980879 0.179677 0.997022 1 17 1.000000
  17 26.895239 2.108063 34.152599 0.692845 0.029437 -0.720485 0.179717 0.989992 1 17 1.000000
v_hands
  17 26.895239 2.108063 34.152599 0.692845 0.029437 -0.720485 0.179717 0.989992 1 17 1.000000
  17 26.924305 2.084328 34.567535 0.996094 -0.012973 -0.087345 0.180606 0.975332 1 17 1.000000
  17 26.870689 1.888204 34.231903 0.641561 -0.568199 -0.515314 0.187143 0.987611 1 17 1.000000
v_hands
  17 26.895239 2.108063 34.152599 0.692845 0.029437 -0.720485 0.179717 0.989992 1 17 1.000000
  17 26.853825 2.318532 34.239986 0.601662 0.628766 -0.492601 0.172498 0.987556 1 17 1.000000
  17 26.924305 2.084328 34.567535 0.996094 -0.012973 -0.087345 0.180606 0.975332 1 17 1.000000
v_hands
  17 26.909870 2.350786 34.588539 0.809974 0.576018 -0.110204 0.171520 0.974755 1 17 1.000000
  17 26.924305 2.084328 34.567535 0.996094 -0.012973 -0.087345 0.180606 0.975332 1 17 1.000000
  17 26.853825 2.318532 34.239986 0.601662 0.628766 -0.492601 0.172498 0.987556 1 17 1.000000
v_hands
  17 26.940224 2.375857 35.440407 0.795639 0.605626 0.013293 0.170017 0.940486 2 17 0.763000 16 0.237000
  17 26.924305 2.084328 34.567535 0.996094 -0.012973 -0.087345 0.180606 0.975332 1 17 1.000000
  17 26.909870 2.350786 34.588539 0.809974 0.576018 -0.110204 0.171520 0.974755 1 17 1.000000
v_hands
  17 26.655706 2.338385 34.209114 -0.103448 0.748334 -0.655206 0.167567 0.992471 1 17 1.000000
  17 26.895239 2.108063 34.152599 0.692845 0.029437 -0.720485 0.179717 0.989992 1 17 1.000000
  17 26.638916 2.111182 34.119858 -0.192474 0.028811 -0.980879 0.179677 0.997022 1 17 1.000000
v_hands
  17 26.655706 2.338385 34.209114 -0.103448 0.748334 -0.655206 0.167567 0.992471 1 17 1.000000
  17 26.853825 2.318532 34.239986 0.601662 0.628766 -0.492601 0.172498 0.987556 1 17 1.000000
  17 26.895239 2.108063 34.152599 0.692845 0.029437 -0.720485 0.179717 0.989992 1 17 1.000000
v_hands
  17 26.695589 2.435962 34.567722 0.005760 0.991924 -0.126700 0.165017 0.970776 1 17 1.000000
  17 26.853825 2.318532 34.239986 0.601662 0.628766 -0.492601 0.172498 0.987556 1 17 1.000000
  17 26.655706 2.338385 34.209114 -0.103448 0.748334 -0.655206 0.167567 0.992471 1 17 1.000000
v_hands
  17 26.695589 2.435962 34.567722 0.005760 0.991924 -0.126700 0.165017 0.970776 1 17 1.000000
  17 26.909870 2.350786 34.588539 0.809974 0.576018 -0.110204 0.171520 0.974755 1 17 1.000000
  17 26.853825 2.318532 34.239986 0.601662 0.628766 -0.492601 0.172498 0.987556 1 17 1.000000
v_hands
  17 26.676495 2.492289 35.486267 0.013538 0.999096 -0.040303 0.163427 0.937927 2 17 0.505000 16 0.495000
  17 26.909870 2.350786 34.588539 0.809974 0.576018 -0.110204 0.171520 0.974755 1 17 1.000000
  17 26.695589 2.435962 34.567722 0.005760 0.991924 -0.126700 0.165017 0.970776 1 17 1.000000
v_hands
  17 26.676495 2.492289 35.486267 0.013538 0.999096 -0.040303 0.163427 0.937927 2 17 0.505000 16 0.495000
  17 26.940224 2.375857 35.440407 0.795639 0.605626 0.013293 0.170017 0.940486 2 17 0.763000 16 0.237000
  17 26.909870 2.350786 34.588539 0.809974 0.576018 -0.110204 0.171520 0.974755 1 17 1.000000
v_hands
  16 26.915627 2.380725 35.643715 0.787924 0.607310 0.101735 0.169699 0.935642 2 16 0.736000 17 0.264000
  17 26.940224 2.375857 35.440407 0.795639 0.605626 0.013293 0.170017 0.940486 2 17 0.763000 16 0.237000
  17 26.676495 2.492289 35.486267 0.013538 0.999096 -0.040303 0.163427 0.937927 2 17 0.505000 16 0.495000
v_hands
  16 26.915627 2.380725 35.643715 0.787924 0.607310 0.101735 0.169699 0.935642 2 16 0.736000 17 0.264000
  17 26.676495 2.492289 35.486267 0.013538 0.999096 -0.040303 0.163427 0.937927 2 17 0.505000 16 0.495000
  15 26.469757 2.532976 36.666298 0.077009 0.997021 -0.004249 0.161686 0.900105 2 15 0.502000 16 0.498000
v_hands
  13 26.198917 2.614573 36.690529 0.029675 -0.992099 -0.121893 0.158671 0.897329 2 13 0.505000 12 0.495000
  12 26.172253 2.665361 37.549225 0.949631 -0.197943 0.242941 0.156935 0.869252 1 12 1.000000
  12 26.009598 2.550396 37.029903 0.286355 -0.796801 -0.532080 0.161698 0.883738 1 12 1.000000
v_hands
  13 26.198917 2.614573 36.690529 0.029675 -0.992099 -0.121893 0.158671 0.897329 2 13 0.505000 12 0.495000
  12 26.486710 2.706443 36.984192 0.716094 -0.649129 0.256593 0.151971 0.890819 2 12 0.781000 13 0.219000
  12 26.172253 2.665361 37.549225 0.949631 -0.197943 0.242941 0.156935 0.869252 1 12 1.000000
v_hands
  12 26.486710 2.706443 36.984192 0.716094 -0.649129 0.256593 0.151971 0.890819 2 12 0.781000 13 0.219000
  12 26.287933 3.011532 37.499477 0.868846 0.186725 0.458520 0.143667 0.872680 2 12 0.847000 8 0.153000
  12 26.172253 2.665361 37.549225 0.949631 -0.197943 0.242941 0.156935 0.869252 1 12 1.000000
v_hands
  12 26.486710 2.706443 36.984192 0.716094 -0.649129 0.256593 0.151971 0.890819 2 12 0.781000 13 0.219000
  12 26.482088 3.040537 37.109879 0.905582 0.160735 0.392537 0.141651 0.887060 2 12 0.781000 13 0.219000
  12 26.287933 3.011532 37.499477 0.868846 0.186725 0.458520 0.143667 0.872680 2 12 0.847000 8 0.153000
v_hands
  12 26.342289 3.379643 37.011379 0.546110 0.787686 0.285157 0.130689 0.885317 2 12 0.781000 13 0.219000
  12 26.287933 3.011532 37.499477 0.868846 0.186725 0.458520 0.143667 0.872680 2 12 0.847000 8 0.153000
  12 26.482088 3.040537 37.109879 0.905582 0.160735 0.392537 0.141651 0.887060 2 12 0.781000 13 0.219000
v_hands
  12 26.482088 3.040537 37.109879 0.905582 0.160735 0.392537 0.141651 0.887060 2 12 0.781000 13 0.219000
  13 26.427330 3.373301 36.799637 0.619246 0.765342 0.175460 0.129712 0.892062 2 13 0.796000 12 0.204000
  12 26.342289 3.379643 37.011379 0.546110 0.787686 0.285157 0.130689 0.885317 2 12 0.781000 13 0.219000
v_hands
  12 26.482088 3.040537 37.109879 0.905582 0.160735 0.392537 0.141651 0.887060 2 12 0.781000 13 0.219000
  13 26.596436 3.060542 36.753132 0.949665 0.189510 0.249444 0.139677 0.898126 2 13 0.796000 12 0.204000
  13 26.427330 3.373301 36.799637 0.619246 0.765342 0.175460 0.129712 0.892062 2 13 0.796000 12 0.204000
v_hands
  13 26.798965 3.085736 35.709091 0.969900 0.212592 0.118739 0.133371 0.935330 2 13 0.805000 14 0.195000
  13 26.427330 3.373301 36.799637 0.619246 0.765342 0.175460 0.129712 0.892062 2 13 0.796000 12 0.204000
  13 26.596436 3.060542 36.753132 0.949665 0.189510 0.249444 0.139677 0.898126 2 13 0.796000 12 0.204000
v_hands
  13 26.775942 2.798505 35.715607 0.810201 -0.583978 0.050435 0.143022 0.935401 2 13 0.805000 14 0.195000
  13 26.798965 3.085736 35.709091 0.969900 0.212592 0.118739 0.133371 0.935330 2 13 0.805000 14 0.195000
  13 26.596436 3.060542 36.753132 0.949665 0.189510 0.249444 0.139677 0.898126 2 13 0.796000 12 0.204000
v_hands
  13 26.775942 2.798505 35.715607 0.810201 -0.583978 0.050435 0.143022 0.935401 2 13 0.805000 14 0.195000
  14 26.813931 3.092089 35.418129 0.978117 0.196950 -0.067058 0.131917 0.943111 2 14 0.808000 13 0.192000
  13 26.798965 3.085736 35.709091 0.969900 0.212592 0.118739 0.133371 0.935330 2 13 0.805000 14 0.195000
v_hands
  13 26.775942 2.798505 35.715607 0.810201 -0.583978 0.050435 0.143022 0.935401 2 13 0.805000 14 0.195000
  14 26.772942 2.824667 35.427086 0.813654 -0.577596 -0.065952 0.140938 0.942631 2 14 0.808000 13 0.192000
  14 26.813931 3.092089 35.418129 0.978117 0.196950 -0.067058 0.131917 0.943111 2 14 0.808000 13 0.192000
v_hands
  14 26.813931 3.092089 35.418129 0.978117 0.196950 -0.067058 0.131917 0.943111 2 14 0.808000 13 0.192000
  14 26.772942 2.824667 35.427086 0.813654 -0.577596 -0.065952 0.140938 0.942631 2 14 0.808000 13 0.192000
  14 26.707329 2.820658 34.866196 0.829413 -0.468234 -0.304681 0.137158 0.961543 1 14 1.000000
v_hands
  14 26.772942 2.824667 35.427086 0.813654 -0.577596 -0.065952 0.140938 0.942631 2 14 0.808000 13 0.192000
  14 26.502579 2.706905 34.883080 0.072974 -0.990558 -0.116059 0.143031 0.964163 1 14 1.000000
  14 26.707329 2.820658 34.866196 0.829413 -0.468234 -0.304681 0.137158 0.961543 1 14 1.000000
v_hands
  14 26.342983 2.767026 34.483082 -0.200807 -0.800185 -0.565138 0.138362 0.980951 1 14 1.000000
  14 26.707329 2.820658 34.866196 0.829413 -0.468234 -0.304681 0.137158 0.961543 1 14 1.000000
  14 26.502579 2.706905 34.883080 0.072974 -0.990558 -0.116059 0.143031 0.964163 1 14 1.000000
v_hands
  12 26.486710 2.706443 36.984192 0.716094 -0.649129 0.256593 0.151971 0.890819 2 12 0.781000 13 0.219000
  13 26.596436 3.060542 36.753132 0.949665 0.189510 0.249444 0.139677 0.898126 2 13 0.796000 12 0.204000
  12 26.482088 3.040537 37.109879 0.905582 0.160735 0.392537 0.141651 0.887060 2 12 0.781000 13 0.219000
v_hands
  12 26.486710 2.706443 36.984192 0.716094 -0.649129 0.256593 0.151971 0.890819 2 12 0.781000 13 0.219000
  13 26.566517 2.733127 36.797436 0.788382 -0.582409 0.198124 0.150757 0.897289 2 13 0.796000 12 0.204000
  13 26.596436 3.060542 36.753132 0.949665 0.189510 0.249444 0.139677 0.898126 2 13 0.796000 12 0.204000
v_hands
  13 26.775942 2.798505 35.715607 0.810201 -0.583978 0.050435 0.143022 0.935401 2 13 0.805000 14 0.195000
  13 26.596436 3.060542 36.753132 0.949665 0.189510 0.249444 0.139677 0.898126 2 13 0.796000 12 0.204000
  13 26.566517 2.733127 36.797436 0.788382 -0.582409 0.198124 0.150757 0.897289 2 13 0.796000 12 0.204000
v_hands
  13 26.530308 2.701804 35.579758 0.038780 -0.998223 -0.045237 0.148993 0.937713 2 13 0.508000 14 0.492000
  13 26.775942 2.798505 35.715607 0.810201 -0.583978 0.050435 0.143022 0.935401 2 13 0.805000 14 0.195000
  13 26.566517 2.733127 36.797436 0.788382 -0.582409 0.198124 0.150757 0.897289 2 13 0.796000 12 0.204000
v_hands
  13 26.530308 2.701804 35.579758 0.038780 -0.998223 -0.045237 0.148993 0.937713 2 13 0.508000 14 0.492000
  14 26.772942 2.824667 35.427086 0.813654 -0.577596 -0.065952 0.140938 0.942631 2 14 0.808000 13 0.192000
  13 26.775942 2.798505 35.715607 0.810201 -0.583978 0.050435 0.143022 0.935401 2 13 0.805000 14 0.195000
v_hands
  14 26.772942 2.824667 35.427086 0.813654 -0.577596 -0.065952 0.140938 0.942631 2 14 0.808000 13 0.192000
  13 26.530308 2.701804 35.579758 0.038780 -0.998223 -0.045237 0.148993 0.937713 2 13 0.508000 14 0.492000
  14 26.502579 2.706905 34.883080 0.072974 -0.990558 -0.116059 0.143031 0.964163 1 14 1.000000
v_hands
  13 26.198917 2.614573 36.690529 0.029675 -0.992099 -0.121893 0.158671 0.897329 2 13 0.505000 12 0.495000
  13 26.566517 2.733127 36.797436 0.788382 -0.582409 0.198124 0.150757 0.897289 2 13 0.796000 12 0.204000
  12 26.486710 2.706443 36.984192 0.716094 -0.649129 0.256593 0.151971 0.890819 2 12 0.781000 13 0.219000
v_hands
  13 26.530308 2.701804 35.579758 0.038780 -0.998223 -0.045237 0.148993 0.937713 2 13 0.508000 14 0.492000
  13 26.566517 2.733127 36.797436 0.788382 -0.582409 0.198124 0.150757 0.897289 2 13 0.796000 12 0.204000
  13 26.198917 2.614573 36.690529 0.029675 -0.992099 -0.121893 0.158671 0.897329 2 13 0.505000 12 0.495000
v_hands
  14 26.326797 3.039731 34.385834 -0.294854 -0.009537 -0.955495 0.123270 0.983196 1 14 1.000000
  14 26.385935 3.275847 34.508537 0.415528 0.709215 -0.569518 0.118295 0.973347 1 14 1.000000
  14 26.495865 3.070469 34.390396 0.546426 0.153677 -0.823287 0.124642 0.978065 1 14 1.000000
v_hands
  14 26.472866 2.823947 34.481857 0.538226 -0.554519 -0.634682 0.133139 0.977192 1 14 1.000000
  14 26.326797 3.039731 34.385834 -0.294854 -0.009537 -0.955495 0.123270 0.983196 1 14 1.000000
  14 26.495865 3.070469 34.390396 0.546426 0.153677 -0.823287 0.124642 0.978065 1 14 1.000000
v_hands
  14 26.472866 2.823947 34.481857 0.538226 -0.554519 -0.634682 0.133139 0.977192 1 14 1.000000
  14 26.342983 2.767026 34.483082 -0.200807 -0.800185 -0.565138 0.138362 0.980951 1 14 1.000000
  14 26.326797 3.039731 34.385834 -0.294854 -0.009537 -0.955495 0.123270 0.983196 1 14 1.000000
v_hands
  14 26.342983 2.767026 34.483082 -0.200807 -0.800185 -0.565138 0.138362 0.980951 1 14 1.000000
  14 26.472866 2.823947 34.481857 0.538226 -0.554519 -0.634682 0.133139 0.977192 1 14 1.000000
  14 26.707329 2.820658 34.866196 0.829413 -0.468234 -0.304681 0.137158 0.961543 1 14 1.000000
v_hands
  14 26.693132 3.086456 34.869061 0.903436 0.272986 -0.330578 0.128389 0.959853 1 14 1.000000
  14 26.707329 2.820658 34.866196 0.829413 -0.468234 -0.304681 0.137158 0.961543 1 14 1.000000
  14 26.472866 2.823947 34.481857 0.538226 -0.554519 -0.634682 0.133139 0.977192 1 14 1.000000
v_hands
  14 26.813931 3.092089 35.418129 0.978117 0.196950 -0.067058 0.131917 0.943111 2 14 0.808000 13 0.192000
  14 26.707329 2.820658 34.866196 0.829413 -0.468234 -0.304681 0.137158 0.961543 1 14 1.000000
  14 26.693132 3.086456 34.869061 0.903436 0.272986 -0.330578 0.128389 0.959853 1 14 1.000000
v_hands
  14 26.672083 3.344249 35.400349 0.602561 0.794423 -0.076241 0.123027 0.941186 2 14 0.808000 13 0.192000
  14 26.813931 3.092089 35.418129 0.978117 0.196950 -0.067058 0.131917 0.943111 2 14 0.808000 13 0.192000
  14 26.693132 3.086456 34.869061 0.903436 0.272986 -0.330578 0.128389 0.959853 1 14 1.000000
v_hands
  13 26.798965 3.085736 35.709091 0.969900 0.212592 0.118739 0.133371 0.935330 2 13 0.805000 14 0.195000
  14 26.813931 3.092089 35.418129 0.978117 0.196950 -0.067058 0.131917 0.943111 2 14 0.808000 13 0.192000
  14 26.672083 3.344249 35.400349 0.602561 0.794423 -0.076241 0.123027 0.941186 2 14 0.808000 13 0.192000
v_hands
  13 26.798965 3.085736 35.709091 0.969900 0.212592 0.118739 0.133371 0.935330 2 13 0.805000 14 0.195000
  14 26.672083 3.344249 35.400349 0.602561 0.794423 -0.076241 0.123027 0.941186 2 14 0.808000 13 0.192000
  13 26.637104 3.369446 35.707100 0.567423 0.822145 0.045914 0.124116 0.930618 2 13 0.805000 14 0.195000
v_hands
  13 26.798965 3.085736 35.709091 0.969900 0.212592 0.118739 0.133371 0.935330 2 13 0.805000 14 0.195000
  13 26.637104 3.369446 35.707100 0.567423 0.822145 0.045914 0.124116 0.930618 2 13 0.805000 14 0.195000
  13 26.427330 3.373301 36.799637 0.619246 0.765342 0.175460 0.129712 0.892062 2 13 0.796000 12 0.204000
v_hands
  13 26.637104 3.369446 35.707100 0.567423 0.822145 0.045914 0.124116 0.930618 2 13 0.805000 14 0.195000
  13 26.008961 3.479920 36.688713 -0.217255 0.970060 -0.108557 0.123673 0.888477 2 13 0.505000 12 0.495000
  13 26.427330 3.373301 36.799637 0.619246 0.765342 0.175460 0.129712 0.892062 2 13 0.796000 12 0.204000
v_hands
  12 26.342289 3.379643 37.011379 0.546110 0.787686 0.285157 0.130689 0.885317 2 12 0.781000 13 0.219000
  13 26.427330 3.373301 36.799637 0.619246 0.765342 0.175460 0.129712 0.892062 2 13 0.796000 12 0.204000
  13 26.008961 3.479920 36.688713 -0.217255 0.970060 -0.108557 0.123673 0.888477 2 13 0.505000 12 0.495000
v_hands
  12 26.342289 3.379643 37.011379 0.546110 0.787686 0.285157 0.130689 0.885317 2 12 0.781000 13 0.219000
  13 26.008961 3.479920 36.688713 -0.217255 0.970060 -0.108557 0.123673 0.888477 2 13 0.505000 12 0.495000
  12 25.743900 3.434228 37.208244 0.122031 0.960071 -0.251737 0.126364 0.871791 1 12 1.000000
v_hands
  12 26.342289 3.379643 37.011379 0.546110 0.787686 0.285157 0.130689 0.885317 2 12 0.781000 13 0.219000
  12 25.743900 3.434228 37.208244 0.122031 0.960071 -0.251737 0.126364 0.871791 1 12 1.000000
  12 25.895468 3.342332 37.669178 0.627274 0.733757 0.261013 0.132436 0.858448 1 12 1.000000
v_hands
  12 26.342289 3.379643 37.011379 0.546110 0.787686 0.285157 0.130689 0.885317 2 12 0.781000 13 0.219000
  12 25.895468 3.342332 37.669178 0.627274 0.733757 0.261013 0.132436 0.858448 1 12 1.000000
  12 26.287933 3.011532 37.499477 0.868846 0.186725 0.458520 0.143667 0.872680 2 12 0.847000 8 0.153000
v_hands
  12 25.895468 3.342332 37.669178 0.627274 0.733757 0.261013 0.132436 0.858448 1 12 1.000000
  8 25.642128 3.401114 38.069366 0.839343 0.383721 0.385048 0.130716 0.842662 3 8 0.660046 12 0.177000 9 0.162954
  12 26.287933 3.011532 37.499477 0.868846 0.186725 0.458520 0.143667 0.872680 2 12 0.847000 8 0.153000
v_hands
  12 25.916882 3.084569 38.260338 0.808366 0.436834 0.394615 0.144276 0.844821 2 12 0.538000 8 0.462000
  12 26.287933 3.011532 37.499477 0.868846 0.186725 0.458520 0.143667 0.872680 2 12 0.847000 8 0.153000
  8 25.642128 3.401114 38.069366 0.839343 0.383721 0.385048 0.130716 0.842662 3 8 0.660046 12 0.177000 9 0.162954
v_hands
  8 25.642128 3.401114 38.069366 0.839343 0.383721 0.385048 0.130716 0.842662 3 8 0.660046 12 0.177000 9 0.162954
  8 25.747665 3.107166 38.548733 0.759969 0.411445 0.503151 0.143067 0.835106 2 8 0.781000 12 0.219000
  12 25.916882 3.084569 38.260338 0.808366 0.436834 0.394615 0.144276 0.844821 2 12 0.538000 8 0.462000
v_hands
  13 26.637104 3.369446 35.707100 0.567423 0.822145 0.045914 0.124116 0.930618 2 13 0.805000 14 0.195000
  13 26.354626 3.403419 35.557312 -0.187447 0.980405 -0.060577 0.116403 0.932935 1 13 1.000000
  13 26.008961 3.479920 36.688713 -0.217255 0.970060 -0.108557 0.123673 0.888477 2 13 0.505000 12 0.495000
v_hands
  13 26.637104 3.369446 35.707100 0.567423 0.822145 0.045914 0.124116 0.930618 2 13 0.805000 14 0.195000
  14 26.672083 3.344249 35.400349 0.602561 0.794423 -0.076241 0.123027 0.941186 2 14 0.808000 13 0.192000
  13 26.354626 3.403419 35.557312 -0.187447 0.980405 -0.060577 0.116403 0.932935 1 13 1.000000
v_hands
  13 26.354626 3.403419 35.557312 -0.187447 0.980405 -0.060577 0.116403 0.932935 1 13 1.000000
  14 26.672083 3.344249 35.400349 0.602561 0.794423 -0.076241 0.123027 0.941186 2 14 0.808000 13 0.192000
  14 26.546389 3.335802 34.905842 0.543175 0.807622 -0.229580 0.120327 0.956446 1 14 1.000000
v_hands
  14 26.672083 3.344249 35.400349 0.602561 0.794423 -0.076241 0.123027 0.941186 2 14 0.808000 13 0.192000
  14 26.693132 3.086456 34.869061 0.903436 0.272986 -0.330578 0.128389 0.959853 1 14 1.000000
  14 26.546389 3.335802 34.905842 0.543175 0.807622 -0.229580 0.120327 0.956446 1 14 1.000000
v_hands
  14 26.693132 3.086456 34.869061 0.903436 0.272986 -0.330578 0.128389 0.959853 1 14 1.000000
  14 26.385935 3.275847 34.508537 0.415528 0.709215 -0.569518 0.118295 0.973347 1 14 1.000000
  14 26.546389 3.335802 34.905842 0.543175 0.807622 -0.229580 0.120327 0.956446 1 14 1.000000
v_hands
  14 26.495865 3.070469 34.390396 0.546426 0.153677 -0.823287 0.124642 0.978065 1 14 1.000000
  14 26.385935 3.275847 34.508537 0.415528 0.709215 -0.569518 0.118295 0.973347 1 14 1.000000
  14 26.693132 3.086456 34.869061 0.903436 0.272986 -0.330578 0.128389 0.959853 1 14 1.000000
v_hands
  14 26.495865 3.070469 34.390396 0.546426 0.153677 -0.823287 0.124642 0.978065 1 14 1.000000
  14 26.693132 3.086456 34.869061 0.903436 0.272986 -0.330578 0.128389 0.959853 1 14 1.000000
  14 26.472866 2.823947 34.481857 0.538226 -0.554519 -0.634682 0.133139 0.977192 1 14 1.000000
v_hands
  13 26.354626 3.403419 35.557312 -0.187447 0.980405 -0.060577 0.116403 0.932935 1 13 1.000000
  14 26.546389 3.335802 34.905842 0.543175 0.807622 -0.229580 0.120327 0.956446 1 14 1.000000
  14 26.342670 3.376926 34.901203 -0.158961 0.983226 -0.089433 0.112276 0.954356 1 14 1.000000
v_hands
  14 26.385935 3.275847 34.508537 0.415528 0.709215 -0.569518 0.118295 0.973347 1 14 1.000000
  14 26.342670 3.376926 34.901203 -0.158961 0.983226 -0.089433 0.112276 0.954356 1 14 1.000000
  14 26.546389 3.335802 34.905842 0.543175 0.807622 -0.229580 0.120327 0.956446 1 14 1.000000
v_hands
  14 26.385935 3.275847 34.508537 0.415528 0.709215 -0.569518 0.118295 0.973347 1 14 1.000000
  14 26.263103 3.319144 34.505512 -0.286247 0.769663 -0.570685 0.112517 0.975618 1 14 1.000000
  14 26.342670 3.376926 34.901203 -0.158961 0.983226 -0.089433 0.112276 0.954356 1 14 1.000000
v_hands
  14 26.326797 3.039731 34.385834 -0.294854 -0.009537 -0.955495 0.123270 0.983196 1 14 1.000000
  14 26.263103 3.319144 34.505512 -0.286247 0.769663 -0.570685 0.112517 0.975618 1 14 1.000000
  14 26.385935 3.275847 34.508537 0.415528 0.709215 -0.569518 0.118295 0.973347 1 14 1.000000
v_hands
  17 26.676495 2.492289 35.486267 0.013538 0.999096 -0.040303 0.333690 0.926967 2 17 0.505000 16 0.495000
  16 26.205776 2.327299 35.993385 -0.775836 0.580438 -0.247327 0.327958 0.910108 1 16 1.000000
  15 26.469757 2.532976 36.666298 0.077009 0.997021 -0.004249 0.336560 0.901340 2 15 0.502000 16 0.498000
v_hands
  15 25.799564 2.336532 36.771992 -0.629236 0.553663 -0.545453 0.329426 0.887274 1 15 1.000000
  15 26.469757 2.532976 36.666298 0.077009 0.997021 -0.004249 0.336560 0.901340 2 15 0.502000 16 0.498000
  16 26.205776 2.327299 35.993385 -0.775836 0.580438 -0.247327 0.327958 0.910108 1 16 1.000000
v_hands
  15 26.469757 2.532976 36.666298 0.077009 0.997021 -0.004249 0.336560 0.901340 2 15 0.502000 16 0.498000
  15 25.799564 2.336532 36.771992 -0.629236 0.553663 -0.545453 0.329426 0.887274 1 15 1.000000
  15 26.022848 2.525979 37.038807 0.285736 0.852187 -0.438329 0.336931 0.883847 1 15 1.000000
v_hands
  15 25.474813 2.346249 37.037052 -0.547256 0.034588 -0.836250 0.332100 0.874885 2 15 0.748000 8 0.252000
  15 26.022848 2.525979 37.038807 0.285736 0.852187 -0.438329 0.336931 0.883847 1 15 1.000000
  15 25.799564 2.336532 36.771992 -0.629236 0.553663 -0.545453 0.329426 0.887274 1 15 1.000000
v_hands
  15 25.501183 1.772327 37.070286 -0.495784 -0.096834 -0.863030 0.313641 0.873126 2 15 0.748000 8 0.252000
  15 25.474813 2.346249 37.037052 -0.547256 0.034588 -0.836250 0.332100 0.874885 2 15 0.748000 8 0.252000
  15 25.799564 2.336532 36.771992 -0.629236 0.553663 -0.545453 0.329426 0.887274 1 15 1.000000
v_hands
  15 25.501183 1.772327 37.070286 -0.495784 -0.096834 -0.863030 0.313641 0.873126 2 15 0.748000 8 0.252000
  15 25.799564 2.336532 36.771992 -0.629236 0.553663 -0.545453 0.329426 0.887274 1 15 1.000000
  15 25.795029 1.833738 36.777115 -0.650111 -0.497540 -0.574291 0.316290 0.886411 1 15 1.000000
v_hands
  15 25.795029 1.833738 36.777115 -0.650111 -0.497540 -0.574291 0.316290 0.886411 1 15 1.000000
  15 25.799564 2.336532 36.771992 -0.629236 0.553663 -0.545453 0.329426 0.887274 1 15 1.000000
  16 26.205776 2.327299 35.993385 -0.775836 0.580438 -0.247327 0.327958 0.910108 1 16 1.000000
v_hands
  15 25.795029 1.833738 36.777115 -0.650111 -0.497540 -0.574291 0.316290 0.886411 1 15 1.000000
  16 26.205776 2.327299 35.993385 -0.775836 0.580438 -0.247327 0.327958 0.910108 1 16 1.000000
  16 26.196592 1.886788 35.981022 -0.821358 -0.502203 -0.270487 0.316436 0.909599 1 16 1.000000
v_hands
  17 26.343327 1.895216 35.081215 -0.839581 -0.533712 -0.101267 0.316191 0.937348 1 17 1.000000
  16 26.196592 1.886788 35.981022 -0.821358 -0.502203 -0.270487 0.316436 0.909599 1 16 1.000000
  16 26.205776 2.327299 35.993385 -0.775836 0.580438 -0.247327 0.327958 0.910108 1 16 1.000000
v_hands
  17 26.343327 1.895216 35.081215 -0.839581 -0.533712 -0.101267 0.316191 0.937348 1 17 1.000000
  16 26.205776 2.327299 35.993385 -0.775836 0.580438 -0.247327 0.327958 0.910108 1 16 1.000000
  17 26.341589 2.310643 35.077732 -0.828498 0.553800 -0.083049 0.327066 0.937595 1 17 1.000000
v_hands
  17 26.341589 2.310643 35.077732 -0.828498 0.553800 -0.083049 0.327066 0.937595 1 17 1.000000
  16 26.205776 2.327299 35.993385 -0.775836 0.580438 -0.247327 0.327958 0.910108 1 16 1.000000
  17 26.676495 2.492289 35.486267 0.013538 0.999096 -0.040303 0.333690 0.926967 2 17 0.505000 16 0.495000
v_hands
  17 26.695589 2.435962 34.567722 0.005760 0.991924 -0.126700 0.332373 0.946071 1 17 1.000000
  17 26.341589 2.310643 35.077732 -0.828498 0.553800 -0.083049 0.327066 0.937595 1 17 1.000000
  17 26.676495 2.492289 35.486267 0.013538 0.999096 -0.040303 0.333690 0.926967 2 17 0.505000 16 0.495000
v_hands
  17 26.671593 1.843554 34.202225 -0.101233 -0.756801 -0.645758 0.309028 0.959388 1 17 1.000000
  17 26.488239 1.955340 34.230419 -0.696473 -0.383172 -0.606717 0.316383 0.957582 1 17 1.000000
  17 26.638916 2.111182 34.119858 -0.192474 0.028811 -0.980879 0.320210 0.962550 1 17 1.000000
v_hands
  17 26.502487 2.285989 34.243153 -0.640001 0.504715 -0.579363 0.325028 0.958021 1 17 1.000000
  17 26.638916 2.111182 34.119858 -0.192474 0.028811 -0.980879 0.320210 0.962550 1 17 1.000000
  17 26.488239 1.955340 34.230419 -0.696473 -0.383172 -0.606717 0.316383 0.957582 1 17 1.000000
v_hands
  17 26.655706 2.338385 34.209114 -0.103448 0.748334 -0.655206 0.330485 0.959126 1 17 1.000000
  17 26.638916 2.111182 34.119858 -0.192474 0.028811 -0.980879 0.320210 0.962550 1 17 1.000000
  17 26.502487 2.285989 34.243153 -0.640001 0.504715 -0.579363 0.325028 0.958021 1 17 1.000000
v_hands
  17 26.655706 2.338385 34.209114 -0.103448 0.748334 -0.655206 0.330485 0.959126 1 17 1.000000
  17 26.502487 2.285989 34.243153 -0.640001 0.504715 -0.579363 0.325028 0.958021 1 17 1.000000
  17 26.354799 2.313011 34.567188 -0.807778 0.559122 -0.186754 0.326015 0.946310 1 17 1.000000
v_hands
  17 26.655706 2.338385 34.209114 -0.103448 0.748334 -0.655206 0.330485 0.959126 1 17 1.000000
  17 26.354799 2.313011 34.567188 -0.807778 0.559122 -0.186754 0.326015 0.946310 1 17 1.000000
  17 26.695589 2.435962 34.567722 0.005760 0.991924 -0.126700 0.332373 0.946071 1 17 1.000000
v_hands
  17 26.695589 2.435962 34.567722 0.005760 0.991924 -0.126700 0.332373 0.946071 1 17 1.000000
  17 26.354799 2.313011 34.567188 -0.807778 0.559122 -0.186754 0.326015 0.946310 1 17 1.000000
  17 26.341589 2.310643 35.077732 -0.828498 0.553800 -0.083049 0.327066 0.937595 1 17 1.000000
v_hands
  17 26.351416 1.947142 34.527702 -0.856223 -0.467731 -0.219339 0.316411 0.946540 1 17 1.000000
  17 26.341589 2.310643 35.077732 -0.828498 0.553800 -0.083049 0.327066 0.937595 1 17 1.000000
  17 26.354799 2.313011 34.567188 -0.807778 0.559122 -0.186754 0.326015 0.946310 1 17 1.000000
v_hands
  17 26.351416 1.947142 34.527702 -0.856223 -0.467731 -0.219339 0.316411 0.946540 1 17 1.000000
  17 26.343327 1.895216 35.081215 -0.839581 -0.533712 -0.101267 0.316191 0.937348 1 17 1.000000
  17 26.341589 2.310643 35.077732 -0.828498 0.553800 -0.083049 0.327066 0.937595 1 17 1.000000
v_hands
  17 26.656155 1.692183 35.450638 -0.022386 -0.997953 -0.059898 0.310260 0.926007 2 17 0.505000 16 0.495000
  17 26.343327 1.895216 35.081215 -0.839581 -0.533712 -0.101267 0.316191 0.937348 1 17 1.000000
  17 26.351416 1.947142 34.527702 -0.856223 -0.467731 -0.219339 0.316411 0.946540 1 17 1.000000
v_hands
  17 26.343327 1.895216 35.081215 -0.839581 -0.533712 -0.101267 0.316191 0.937348 1 17 1.000000
  17 26.656155 1.692183 35.450638 -0.022386 -0.997953 -0.059898 0.310260 0.926007 2 17 0.505000 16 0.495000
  16 26.196592 1.886788 35.981022 -0.821358 -0.502203 -0.270487 0.316436 0.909599 1 16 1.000000
v_hands
  15 26.406586 1.635172 36.636406 -0.005355 -0.994073 -0.108582 0.308219 0.898716 2 15 0.502000 16 0.498000
  16 26.196592 1.886788 35.981022 -0.821358 -0.502203 -0.270487 0.316436 0.909599 1 16 1.000000
  17 26.656155 1.692183 35.450638 -0.022386 -0.997953 -0.059898 0.310260 0.926007 2 17 0.505000 16 0.495000
v_hands
  15 25.795029 1.833738 36.777115 -0.650111 -0.497540 -0.574291 0.316290 0.886411 1 15 1.000000
  16 26.196592 1.886788 35.981022 -0.821358 -0.502203 -0.270487 0.316436 0.909599 1 16 1.000000
  15 26.406586 1.635172 36.636406 -0.005355 -0.994073 -0.108582 0.308219 0.898716 2 15 0.502000 16 0.498000
v_hands
  15 26.021938 1.591525 37.041000 0.199126 -0.810523 -0.550819 0.308390 0.885142 1 15 1.000000
  15 25.795029 1.833738 36.777115 -0.650111 -0.497540 -0.574291 0.316290 0.886411 1 15 1.000000
  15 26.406586 1.635172 36.636406 -0.005355 -0.994073 -0.108582 0.308219 0.898716 2 15 0.502000 16 0.498000
v_hands
  15 25.501183 1.772327 37.070286 -0.495784 -0.096834 -0.863030 0.313641 0.873126 2 15 0.748000 8 0.252000
  15 25.795029 1.833738 36.777115 -0.650111 -0.497540 -0.574291 0.316290 0.886411 1 15 1.000000
  15 26.021938 1.591525 37.041000 0.199126 -0.810523 -0.550819 0.308390 0.885142 1 15 1.000000
v_hands
  15 25.501183 1.772327 37.070286 -0.495784 -0.096834 -0.863030 0.313641 0.873126 2 15 0.748000 8 0.252000
  15 26.021938 1.591525 37.041000 0.199126 -0.810523 -0.550819 0.308390 0.885142 1 15 1.000000
  18 26.007572 1.564829 37.036591 0.137467 0.745087 -0.652647 0.306919 0.885110 1 18 1.000000
v_hands
  15 25.501183 1.772327 37.070286 -0.495784 -0.096834 -0.863030 0.313641 0.873126 2 15 0.748000 8 0.252000
  18 26.007572 1.564829 37.036591 0.137467 0.745087 -0.652647 0.306919 0.885110 1 18 1.000000
  18 25.482450 1.399458 37.064766 -0.468188 0.152860 -0.870307 0.302008 0.871204 2 18 0.868000 8 0.132000
v_hands
  17 26.502487 2.285989 34.243153 -0.640001 0.504715 -0.579363 0.325028 0.958021 1 17 1.000000
  17 26.351416 1.947142 34.527702 -0.856223 -0.467731 -0.219339 0.316411 0.946540 1 17 1.000000
  17 26.354799 2.313011 34.567188 -0.807778 0.559122 -0.186754 0.326015 0.946310 1 17 1.000000
v_hands
  17 26.502487 2.285989 34.243153 -0.640001 0.504715 -0.579363 0.325028 0.958021 1 17 1.000000
  17 26.488239 1.955340 34.230419 -0.696473 -0.383172 -0.606717 0.316383 0.957582 1 17 1.000000
  17 26.351416 1.947142 34.527702 -0.856223 -0.467731 -0.219339 0.316411 0.946540 1 17 1.000000
v_hands
  17 26.488239 1.955340 34.230419 -0.696473 -0.383172 -0.606717 0.316383 0.957582 1 17 1.000000
  17 26.671593 1.843554 34.202225 -0.101233 -0.756801 -0.645758 0.309028 0.959388 1 17 1.000000
  17 26.351416 1.947142 34.527702 -0.856223 -0.467731 -0.219339 0.316411 0.946540 1 17 1.000000
v_hands
  17 26.751446 1.748621 34.622223 0.029163 -0.990974 -0.130846 0.309001 0.945915 1 17 1.000000
  17 26.351416 1.947142 34.527702 -0.856223 -0.467731 -0.219339 0.316411 0.946540 1 17 1.000000
  17 26.671593 1.843554 34.202225 -0.101233 -0.756801 -0.645758 0.309028 0.959388 1 17 1.000000
v_hands
  17 26.656155 1.692183 35.450638 -0.022386 -0.997953 -0.059898 0.310260 0.926007 2 17 0.505000 16 0.495000
  17 26.351416 1.947142 34.527702 -0.856223 -0.467731 -0.219339 0.316411 0.946540 1 17 1.000000
  17 26.751446 1.748621 34.622223 0.029163 -0.990974 -0.130846 0.309001 0.945915 1 17 1.000000
v_hands
  26 -16.252735 4.678583 50.245026 -0.481748 0.770913 0.416667 0.088358 0.367806 2 26 0.778000 25 0.222000
  26 -15.527740 5.147442 49.708683 -0.103447 0.987834 0.116113 0.059998 0.367316 2 26 0.778000 25 0.222000
  26 -16.477318 5.135199 48.182831 -0.044145 0.997348 -0.057854 0.055675 0.423618 1 26 1.000000
v_hands
  25 -14.478153 4.233654 52.047821 -0.406049 0.795660 0.449499 0.091739 0.287979 2 25 0.712000 26 0.288000
  26 -15.289296 4.671246 51.152191 -0.324039 0.798497 0.507347 0.085959 0.326251 2 26 0.583000 25 0.417000
  26 -15.921839 3.984838 51.468460 -0.604743 0.470315 0.642720 0.108217 0.331296 2 26 0.583000 25 0.417000
v_hands
  26 -15.921839 3.984838 51.468460 -0.604743 0.470315 0.642720 0.108217 0.331296 2 26 0.583000 25 0.417000
  26 -15.289296 4.671246 51.152191 -0.324039 0.798497 0.507347 0.085959 0.326251 2 26 0.583000 25 0.417000
  26 -16.252735 4.678583 50.245026 -0.481748 0.770913 0.416667 0.088358 0.367806 2 26 0.778000 25 0.222000
v_hands
  26 -16.252735 4.678583 50.245026 -0.481748 0.770913 0.416667 0.088358 0.367806 2 26 0.778000 25 0.222000
  26 -15.289296 4.671246 51.152191 -0.324039 0.798497 0.507347 0.085959 0.326251 2 26 0.583000 25 0.417000
  26 -14.656047 4.993790 50.805614 0.081724 0.971428 0.222819 0.063068 0.323029 2 26 0.583000 25 0.417000
v_hands
  26 -16.252735 4.678583 50.245026 -0.481748 0.770913 0.416667 0.088358 0.367806 2 26 0.778000 25 0.222000
  26 -14.656047 4.993790 50.805614 0.081724 0.971428 0.222819 0.063068 0.323029 2 26 0.583000 25 0.417000
  26 -15.527740 5.147442 49.708683 -0.103447 0.987834 0.116113 0.059998 0.367316 2 26 0.778000 25 0.222000
v_hands
  26 -14.656047 4.993790 50.805614 0.081724 0.971428 0.222819 0.063068 0.323029 2 26 0.583000 25 0.417000
  26 -14.775621 4.990338 49.181740 0.389821 0.894858 -0.217415 0.032128 0.363705 2 26 0.778000 25 0.222000
  26 -15.527740 5.147442 49.708683 -0.103447 0.987834 0.116113 0.059998 0.367316 2 26 0.778000 25 0.222000
v_hands
  26 -15.527740 5.147442 49.708683 -0.103447 0.987834 0.116113 0.059998 0.367316 2 26 0.778000 25 0.222000
  26 -14.775621 4.990338 49.181740 0.389821 0.894858 -0.217415 0.032128 0.363705 2 26 0.778000 25 0.222000
  26 -15.705374 4.812604 47.599403 0.389320 0.829264 -0.400939 0.025400 0.420974 1 26 1.000000
v_hands
  26 -15.527740 5.147442 49.708683 -0.103447 0.987834 0.116113 0.059998 0.367316 2 26 0.778000 25 0.222000
  26 -15.705374 4.812604 47.599403 0.389320 0.829264 -0.400939 0.025400 0.420974 1 26 1.000000
  26 -16.477318 5.135199 48.182831 -0.044145 0.997348 -0.057854 0.055675 0.423618 1 26 1.000000
v_hands
  26 -16.477318 5.135199 48.182831 -0.044145 0.997348 -0.057854 0.055675 0.423618 1 26 1.000000
  26 -15.705374 4.812604 47.599403 0.389320 0.829264 -0.400939 0.025400 0.420974 1 26 1.000000
  26 -16.996071 4.355544 45.675423 0.431312 0.752919 -0.497074 0.015404 0.493957 1 26 1.000000
v_hands
  26 -16.477318 5.135199 48.182831 -0.044145 0.997348 -0.057854 0.055675 0.423618 1 26 1.000000
  26 -16.996071 4.355544 45.675423 0.431312 0.752919 -0.497074 0.015404 0.493957 1 26 1.000000
  26 -17.852581 4.767252 46.408180 -0.059808 0.988602 -0.138160 0.052312 0.495060 1 26 1.000000
v_hands
  26 -18.507671 4.111568 44.161564 0.392115 0.753883 -0.527169 0.015532 0.561421 1 26 1.000000
  26 -17.852581 4.767252 46.408180 -0.059808 0.988602 -0.138160 0.052312 0.495060 1 26 1.000000
  26 -16.996071 4.355544 45.675423 0.431312 0.752919 -0.497074 0.015404 0.493957 1 26 1.000000
v_hands
  26 -18.507671 4.111568 44.161564 0.392115 0.753883 -0.527169 0.015532 0.561421 1 26 1.000000
  26 -19.157917 4.489945 44.731327 -0.019603 0.985765 -0.166983 0.053511 0.564608 1 26 1.000000
  26 -17.852581 4.767252 46.408180 -0.059808 0.988602 -0.138160 0.052312 0.495060 1 26 1.000000
v_hands
  26 -19.157917 4.489945 44.731327 -0.019603 0.985765 -0.166983 0.053511 0.564608 1 26 1.000000
  26 -18.507671 4.111568 44.161564 0.392115 0.753883 -0.527169 0.015532 0.561421 1 26 1.000000
  26 -20.149157 3.805554 42.600632 0.426714 0.727653 -0.537062 0.030385 0.634988 1 26 1.000000
v_hands
  26 -19.157917 4.489945 44.731327 -0.019603 0.985765 -0.166983 0.053511 0.564608 1 26 1.000000
  26 -20.149157 3.805554 42.600632 0.426714 0.727653 -0.537062 0.030385 0.634988 1 26 1.000000
  26 -20.652779 4.142998 42.997898 0.009564 0.981024 -0.193650 0.063150 0.635258 1 26 1.000000
v_hands
  26 -20.652779 4.142998 42.997898 0.009564 0.981024 -0.193650 0.063150 0.635258 1 26 1.000000
  26 -20.149157 3.805554 42.600632 0.426714 0.727653 -0.537062 0.030385 0.634988 1 26 1.000000
  26 -21.043058 3.663201 41.629387 0.425989 0.701768 -0.571012 0.037406 0.678254 1 26 1.000000
v_hands
  26 -20.652779 4.142998 42.997898 0.009564 0.981024 -0.193650 0.063150 0.635258 1 26 1.000000
  26 -21.043058 3.663201 41.629387 0.425989 0.701768 -0.571012 0.037406 0.678254 1 26 1.000000
  26 -21.631588 3.949554 42.137852 -0.077012 0.990668 -0.112455 0.072856 0.675932 1 26 1.000000
v_hands
  26 -21.631588 3.949554 42.137852 -0.077012 0.990668 -0.112455 0.072856 0.675932 1 26 1.000000
  26 -21.043058 3.663201 41.629387 0.425989 0.701768 -0.571012 0.037406 0.678254 1 26 1.000000
  26 -21.616802 3.650355 41.202515 0.464080 0.735700 -0.493330 0.044389 0.700194 1 26 1.000000
v_hands
  26 -21.631588 3.949554 42.137852 -0.077012 0.990668 -0.112455 0.072856 0.675932 1 26 1.000000
  26 -21.616802 3.650355 41.202515 0.464080 0.735700 -0.493330 0.044389 0.700194 1 26 1.000000
  26 -22.045414 3.882041 41.604767 0.179834 0.983584 -0.014936 0.075608 0.698965 1 26 1.000000
v_hands
  26 -22.045414 3.882041 41.604767 0.179834 0.983584 -0.014936 0.075608 0.698965 1 26 1.000000
  26 -21.616802 3.650355 41.202515 0.464080 0.735700 -0.493330 0.044389 0.700194 1 26 1.000000
  26 -22.155621 3.924250 41.462906 0.203605 0.976163 -0.075175 0.075075 0.708202 1 26 1.000000
v_hands
  26 -16.912254 3.634109 50.656326 -0.680891 0.328033 0.654814 0.119890 0.370979 2 26 0.736000 25 0.264000
  26 -15.921839 3.984838 51.468460 -0.604743 0.470315 0.642720 0.108217 0.331296 2 26 0.583000 25 0.417000
  26 -16.252735 4.678583 50.245026 -0.481748 0.770913 0.416667 0.088358 0.367806 2 26 0.778000 25 0.222000
v_hands
  26 -16.912254 3.634109 50.656326 -0.680891 0.328033 0.654814 0.119890 0.370979 2 26 0.736000 25 0.264000
  26 -16.252735 4.678583 50.245026 -0.481748 0.770913 0.416667 0.088358 0.367806 2 26 0.778000 25 0.222000
  26 -17.185799 4.819241 48.870163 -0.468469 0.828430 0.306986 0.084414 0.420081 1 26 1.000000
v_hands
  26 -16.252735 4.678583 50.245026 -0.481748 0.770913 0.416667 0.088358 0.367806 2 26 0.778000 25 0.222000
  26 -16.477318 5.135199 48.182831 -0.044145 0.997348 -0.057854 0.055675 0.423618 1 26 1.000000
  26 -17.185799 4.819241 48.870163 -0.468469 0.828430 0.306986 0.084414 0.420081 1 26 1.000000
v_hands
  26 -17.185799 4.819241 48.870163 -0.468469 0.828430 0.306986 0.084414 0.420081 1 26 1.000000
  26 -16.477318 5.135199 48.182831 -0.044145 0.997348 -0.057854 0.055675 0.423618 1 26 1.000000
  26 -17.852581 4.767252 46.408180 -0.059808 0.988602 -0.138160 0.052312 0.495060 1 26 1.000000
v_hands
  26 -17.185799 4.819241 48.870163 -0.468469 0.828430 0.306986 0.084414 0.420081 1 26 1.000000
  26 -17.852581 4.767252 46.408180 -0.059808 0.988602 -0.138160 0.052312 0.495060 1 26 1.000000
  26 -18.471706 4.549014 46.937984 -0.423525 0.883382 0.200655 0.085414 0.492933 1 26 1.000000
v_hands
  26 -19.157917 4.489945 44.731327 -0.019603 0.985765 -0.166983 0.053511 0.564608 1 26 1.000000
  26 -18.471706 4.549014 46.937984 -0.423525 0.883382 0.200655 0.085414 0.492933 1 26 1.000000
  26 -17.852581 4.767252 46.408180 -0.059808 0.988602 -0.138160 0.052312 0.495060 1 26 1.000000
v_hands
  26 -19.157917 4.489945 44.731327 -0.019603 0.985765 -0.166983 0.053511 0.564608 1 26 1.000000
  26 -19.724520 4.310803 45.209282 -0.383476 0.910581 0.154234 0.087514 0.560193 1 26 1.000000
  26 -18.471706 4.549014 46.937984 -0.423525 0.883382 0.200655 0.085414 0.492933 1 26 1.000000
v_hands
  26 -19.724520 4.310803 45.209282 -0.383476 0.910581 0.154234 0.087514 0.560193 1 26 1.000000
  26 -19.157917 4.489945 44.731327 -0.019603 0.985765 -0.166983 0.053511 0.564608 1 26 1.000000
  26 -20.652779 4.142998 42.997898 0.009564 0.981024 -0.193650 0.063150 0.635258 1 26 1.000000
v_hands
  26 -19.724520 4.310803 45.209282 -0.383476 0.910581 0.154234 0.087514 0.560193 1 26 1.000000
  26 -20.652779 4.142998 42.997898 0.009564 0.981024 -0.193650 0.063150 0.635258 1 26 1.000000
  26 -21.150513 3.995486 43.410324 -0.406520 0.895911 0.179125 0.097536 0.634276 1 26 1.000000
v_hands
  26 -21.631588 3.949554 42.137852 -0.077012 0.990668 -0.112455 0.072856 0.675932 1 26 1.000000
  26 -21.150513 3.995486 43.410324 -0.406520 0.895911 0.179125 0.097536 0.634276 1 26 1.000000
  26 -20.652779 4.142998 42.997898 0.009564 0.981024 -0.193650 0.063150 0.635258 1 26 1.000000
v_hands
  26 -21.631588 3.949554 42.137852 -0.077012 0.990668 -0.112455 0.072856 0.675932 1 26 1.000000
  26 -22.071346 3.770663 42.509762 -0.463534 0.823460 0.327185 0.106638 0.674635 1 26 1.000000
  26 -21.150513 3.995486 43.410324 -0.406520 0.895911 0.179125 0.097536 0.634276 1 26 1.000000
v_hands
  26 -22.045414 3.882041 41.604767 0.179834 0.983584 -0.014936 0.075608 0.698965 1 26 1.000000
  26 -22.071346 3.770663 42.509762 -0.463534 0.823460 0.327185 0.106638 0.674635 1 26 1.000000
  26 -21.631588 3.949554 42.137852 -0.077012 0.990668 -0.112455 0.072856 0.675932 1 26 1.000000
v_hands
  26 -22.045414 3.882041 41.604767 0.179834 0.983584 -0.014936 0.075608 0.698965 1 26 1.000000
  26 -22.344387 3.829052 42.092041 -0.080915 0.939765 0.332107 0.100996 0.691056 1 26 1.000000
  26 -22.071346 3.770663 42.509762 -0.463534 0.823460 0.327185 0.106638 0.674635 1 26 1.000000
v_hands
  26 -22.589146 3.631941 42.281319 -0.438208 0.513835 0.737528 0.121414 0.689675 1 26 1.000000
  26 -22.071346 3.770663 42.509762 -0.463534 0.823460 0.327185 0.106638 0.674635 1 26 1.000000
  26 -22.344387 3.829052 42.092041 -0.080915 0.939765 0.332107 0.100996 0.691056 1 26 1.000000
v_hands
  26 -22.851986 3.068609 42.283318 -0.723107 0.173957 0.668472 0.142526 0.693941 1 26 1.000000
  26 -22.071346 3.770663 42.509762 -0.463534 0.823460 0.327185 0.106638 0.674635 1 26 1.000000
  26 -22.589146 3.631941 42.281319 -0.438208 0.513835 0.737528 0.121414 0.689675 1 26 1.000000
v_hands
  26 -22.589146 3.631941 42.281319 -0.438208 0.513835 0.737528 0.121414 0.689675 1 26 1.000000
  26 -23.043053 3.135078 42.086205 -0.778308 0.100702 0.619755 0.140549 0.706067 1 26 1.000000
  26 -22.851986 3.068609 42.283318 -0.723107 0.173957 0.668472 0.142526 0.693941 1 26 1.000000
v_hands
  26 -23.043053 3.135078 42.086205 -0.778308 0.100702 0.619755 0.140549 0.706067 1 26 1.000000
  26 -23.008331 2.062142 42.068375 -0.790899 -0.113512 0.601327 0.174464 0.701850 1 26 1.000000
  26 -22.851986 3.068609 42.283318 -0.723107 0.173957 0.668472 0.142526 0.693941 1 26 1.000000
v_hands
  26 -23.155163 3.160396 41.883938 -0.881628 0.104257 0.460286 0.140611 0.711063 1 26 1.000000
  26 -23.008331 2.062142 42.068375 -0.790899 -0.113512 0.601327 0.174464 0.701850 1 26 1.000000
  26 -23.043053 3.135078 42.086205 -0.778308 0.100702 0.619755 0.140549 0.706067 1 26 1.000000
v_hands
  26 -23.155163 3.160396 41.883938 -0.881628 0.104257 0.460286 0.140611 0.711063 1 26 1.000000
  26 -23.316288 2.055106 41.677975 -0.791588 -0.081912 0.605540 0.174918 0.717553 1 26 1.000000
  26 -23.008331 2.062142 42.068375 -0.790899 -0.113512 0.601327 0.174464 0.701850 1 26 1.000000
v_hands
  26 -23.316288 2.055106 41.677975 -0.791588 -0.081912 0.605540 0.174918 0.717553 1 26 1.000000
  26 -23.155163 3.160396 41.883938 -0.881628 0.104257 0.460286 0.140611 0.711063 1 26 1.000000
  26 -23.252634 3.203890 41.655727 -0.852378 0.174097 0.493095 0.138593 0.717318 1 26 1.000000
v_hands
  26 -22.155621 3.924250 41.462906 0.203605 0.976163 -0.075175 0.075075 0.708202 1 26 1.000000
  26 -22.344387 3.829052 42.092041 -0.080915 0.939765 0.332107 0.100996 0.691056 1 26 1.000000
  26 -22.045414 3.882041 41.604767 0.179834 0.983584 -0.014936 0.075608 0.698965 1 26 1.000000
v_hands
  26 -22.155621 3.924250 41.462906 0.203605 0.976163 -0.075175 0.075075 0.708202 1 26 1.000000
  26 -22.567249 3.943045 41.871201 -0.175863 0.946390 0.270958 0.097574 0.701510 1 26 1.000000
  26 -22.344387 3.829052 42.092041 -0.080915 0.939765 0.332107 0.100996 0.691056 1 26 1.000000
v_hands
  26 -22.567249 3.943045 41.871201 -0.175863 0.946390 0.270958 0.097574 0.701510 1 26 1.000000
  26 -22.589146 3.631941 42.281319 -0.438208 0.513835 0.737528 0.121414 0.689675 1 26 1.000000
  26 -22.344387 3.829052 42.092041 -0.080915 0.939765 0.332107 0.100996 0.691056 1 26 1.000000
v_hands
  26 -22.567249 3.943045 41.871201 -0.175863 0.946390 0.270958 0.097574 0.701510 1 26 1.000000
  26 -22.907249 3.612671 42.099815 -0.609356 0.487825 0.625070 0.125458 0.703027 1 26 1.000000
  26 -22.589146 3.631941 42.281319 -0.438208 0.513835 0.737528 0.121414 0.689675 1 26 1.000000
v_hands
  26 -22.589146 3.631941 42.281319 -0.438208 0.513835 0.737528 0.121414 0.689675 1 26 1.000000
  26 -22.907249 3.612671 42.099815 -0.609356 0.487825 0.625070 0.125458 0.703027 1 26 1.000000
  26 -23.043053 3.135078 42.086205 -0.778308 0.100702 0.619755 0.140549 0.706067 1 26 1.000000
v_hands
  26 -23.137680 3.601016 41.740986 -0.784709 0.528811 0.323403 0.124935 0.714654 1 26 1.000000
  26 -23.043053 3.135078 42.086205 -0.778308 0.100702 0.619755 0.140549 0.706067 1 26 1.000000
  26 -22.907249 3.612671 42.099815 -0.609356 0.487825 0.625070 0.125458 0.703027 1 26 1.000000
v_hands
  26 -23.137680 3.601016 41.740986 -0.784709 0.528811 0.323403 0.124935 0.714654 1 26 1.000000
  26 -23.155163 3.160396 41.883938 -0.881628 0.104257 0.460286 0.140611 0.711063 1 26 1.000000
  26 -23.043053 3.135078 42.086205 -0.778308 0.100702 0.619755 0.140549 0.706067 1 26 1.000000
v_hands
  26 -23.155163 3.160396 41.883938 -0.881628 0.104257 0.460286 0.140611 0.711063 1 26 1.000000
  26 -23.137680 3.601016 41.740986 -0.784709 0.528811 0.323403 0.124935 0.714654 1 26 1.000000
  26 -23.225208 3.557520 41.499073 -0.761330 0.567669 0.313255 0.124690 0.722075 1 26 1.000000
v_hands
  26 -23.155163 3.160396 41.883938 -0.881628 0.104257 0.460286 0.140611 0.711063 1 26 1.000000
  26 -23.225208 3.557520 41.499073 -0.761330 0.567669 0.313255 0.124690 0.722075 1 26 1.000000
  26 -23.252634 3.203890 41.655727 -0.852378 0.174097 0.493095 0.138593 0.717318 1 26 1.000000
v_hands
  26 -23.252634 3.203890 41.655727 -0.852378 0.174097 0.493095 0.138593 0.717318 1 26 1.000000
  26 -23.225208 3.557520 41.499073 -0.761330 0.567669 0.313255 0.124690 0.722075 1 26 1.000000
  27 -23.646839 3.226378 41.113972 -0.752983 0.330273 0.569154 0.138193 0.738444 2 27 0.556721 26 0.443279
v_hands
  26 -23.316288 2.055106 41.677975 -0.791588 -0.081912 0.605540 0.174918 0.717553 1 26 1.000000
  26 -23.252634 3.203890 41.655727 -0.852378 0.174097 0.493095 0.138593 0.717318 1 26 1.000000
  27 -23.646839 3.226378 41.113972 -0.752983 0.330273 0.569154 0.138193 0.738444 2 27 0.556721 26 0.443279
v_hands
  26 -23.316288 2.055106 41.677975 -0.791588 -0.081912 0.605540 0.174918 0.717553 1 26 1.000000
  27 -23.646839 3.226378 41.113972 -0.752983 0.330273 0.569154 0.138193 0.738444 2 27 0.556721 26 0.443279
  27 -23.753265 2.109506 41.124062 -0.805097 -0.074208 0.588483 0.173527 0.739864 2 27 0.594439 26 0.405561
v_hands
  27 -23.753265 2.109506 41.124062 -0.805097 -0.074208 0.588483 0.173527 0.739864 2 27 0.594439 26 0.405561
  26 -23.205589 1.322855 41.581226 -0.707534 -0.528985 0.468583 0.198065 0.717270 1 26 1.000000
  26 -23.316288 2.055106 41.677975 -0.791588 -0.081912 0.605540 0.174918 0.717553 1 26 1.000000
v_hands
  27 -23.753265 2.109506 41.124062 -0.805097 -0.074208 0.588483 0.173527 0.739864 2 27 0.594439 26 0.405561
  27 -23.628696 1.433416 40.994286 -0.708290 -0.434838 0.556094 0.194906 0.740117 2 27 0.559000 26 0.441000
  26 -23.205589 1.322855 41.581226 -0.707534 -0.528985 0.468583 0.198065 0.717270 1 26 1.000000
v_hands
  26 -22.736025 0.851204 41.188339 -0.310083 -0.928060 0.206284 0.250062 0.715539 1 26 1.000000
  26 -23.205589 1.322855 41.581226 -0.707534 -0.528985 0.468583 0.198065 0.717270 1 26 1.000000
  27 -23.628696 1.433416 40.994286 -0.708290 -0.434838 0.556094 0.194906 0.740117 2 27 0.559000 26 0.441000
v_hands
  26 -22.736025 0.851204 41.188339 -0.310083 -0.928060 0.206284 0.250062 0.715539 1 26 1.000000
  27 -23.628696 1.433416 40.994286 -0.708290 -0.434838 0.556094 0.194906 0.740117 2 27 0.559000 26 0.441000
  27 -23.290974 0.967731 40.785263 -0.358884 -0.743953 0.563681 0.230093 0.734608 2 27 0.697000 26 0.303000
v_hands
  27 -22.817371 0.729038 40.483330 0.019649 -0.917633 0.396942 0.267542 0.731147 2 27 0.697000 26 0.303000
  26 -22.736025 0.851204 41.188339 -0.310083 -0.928060 0.206284 0.250062 0.715539 1 26 1.000000
  27 -23.290974 0.967731 40.785263 -0.358884 -0.743953 0.563681 0.230093 0.734608 2 27 0.697000 26 0.303000
v_hands
  27 -23.397018 0.364955 39.964775 -0.228457 -0.848496 0.477348 0.261614 0.757202 1 27 1.000000
  27 -22.817371 0.729038 40.483330 0.019649 -0.917633 0.396942 0.267542 0.731147 2 27 0.697000 26 0.303000
  27 -23.290974 0.967731 40.785263 -0.358884 -0.743953 0.563681 0.230093 0.734608 2 27 0.697000 26 0.303000
v_hands
  26 -22.339998 0.828941 40.853737 0.088640 -0.995633 0.029277 0.287237 0.714433 1 26 1.000000
  27 -22.817371 0.729038 40.483330 0.019649 -0.917633 0.396942 0.267542 0.731147 2 27 0.697000 26 0.303000
  27 -22.420750 0.731520 40.278667 0.462096 -0.857483 0.226253 0.297847 0.729401 2 27 0.697000 26 0.303000
v_hands
  27 -22.817371 0.729038 40.483330 0.019649 -0.917633 0.396942 0.267542 0.731147 2 27 0.697000 26 0.303000
  26 -22.339998 0.828941 40.853737 0.088640 -0.995633 0.029277 0.287237 0.714433 1 26 1.000000
  26 -22.736025 0.851204 41.188339 -0.310083 -0.928060 0.206284 0.250062 0.715539 1 26 1.000000
v_hands
  26 -22.030285 0.799292 41.242641 -0.008761 -0.995642 -0.092842 0.283735 0.700590 1 26 1.000000
  26 -22.736025 0.851204 41.188339 -0.310083 -0.928060 0.206284 0.250062 0.715539 1 26 1.000000
  26 -22.339998 0.828941 40.853737 0.088640 -0.995633 0.029277 0.287237 0.714433 1 26 1.000000
v_hands
  26 -22.469296 0.826617 41.618534 -0.333341 -0.923468 0.189977 0.246603 0.701168 1 26 1.000000
  26 -23.205589 1.322855 41.581226 -0.707534 -0.528985 0.468583 0.198065 0.717270 1 26 1.000000
  26 -22.736025 0.851204 41.188339 -0.310083 -0.928060 0.206284 0.250062 0.715539 1 26 1.000000
v_hands
  26 -22.030285 0.799292 41.242641 -0.008761 -0.995642 -0.092842 0.283735 0.700590 1 26 1.000000
  26 -22.469296 0.826617 41.618534 -0.333341 -0.923468 0.189977 0.246603 0.701168 1 26 1.000000
  26 -22.736025 0.851204 41.188339 -0.310083 -0.928060 0.206284 0.250062 0.715539 1 26 1.000000
v_hands
  26 -22.469296 0.826617 41.618534 -0.333341 -0.923468 0.189977 0.246603 0.701168 1 26 1.000000
  26 -22.030285 0.799292 41.242641 -0.008761 -0.995642 -0.092842 0.283735 0.700590 1 26 1.000000
  26 -21.442364 0.712041 41.957909 -0.053628 -0.995594 -0.076915 0.283912 0.670556 1 26 1.000000
v_hands
  26 -20.954535 0.574447 43.358860 -0.297645 -0.948896 0.104896 0.246969 0.628277 1 26 1.000000
  26 -21.893265 0.806363 42.339283 -0.383202 -0.899466 0.210039 0.245906 0.670649 1 26 1.000000
  26 -21.442364 0.712041 41.957909 -0.053628 -0.995594 -0.076915 0.283912 0.670556 1 26 1.000000
v_hands
  26 -22.469296 0.826617 41.618534 -0.333341 -0.923468 0.189977 0.246603 0.701168 1 26 1.000000
  26 -21.442364 0.712041 41.957909 -0.053628 -0.995594 -0.076915 0.283912 0.670556 1 26 1.000000
  26 -21.893265 0.806363 42.339283 -0.383202 -0.899466 0.210039 0.245906 0.670649 1 26 1.000000
v_hands
  26 -22.894554 1.293458 41.968998 -0.676444 -0.502199 0.538720 0.196073 0.702088 1 26 1.000000
  26 -22.469296 0.826617 41.618534 -0.333341 -0.923468 0.189977 0.246603 0.701168 1 26 1.000000
  26 -21.893265 0.806363 42.339283 -0.383202 -0.899466 0.210039 0.245906 0.670649 1 26 1.000000
v_hands
  26 -22.469296 0.826617 41.618534 -0.333341 -0.923468 0.189977 0.246603 0.701168 1 26 1.000000
  26 -22.894554 1.293458 41.968998 -0.676444 -0.502199 0.538720 0.196073 0.702088 1 26 1.000000
  26 -23.205589 1.322855 41.581226 -0.707534 -0.528985 0.468583 0.198065 0.717270 1 26 1.000000
v_hands
  26 -22.894554 1.293458 41.968998 -0.676444 -0.502199 0.538720 0.196073 0.702088 1 26 1.000000
  26 -23.316288 2.055106 41.677975 -0.791588 -0.081912 0.605540 0.174918 0.717553 1 26 1.000000
  26 -23.205589 1.322855 41.581226 -0.707534 -0.528985 0.468583 0.198065 0.717270 1 26 1.000000
v_hands
  26 -15.710394 -0.365168 49.614346 -0.138056 -0.986744 0.085305 0.259968 0.369091 2 26 0.796000 25 0.204000
  25 -15.254657 -0.470834 50.327103 -0.352801 -0.933786 0.059792 0.259486 0.342592 2 25 0.946000 26 0.054000
  25 -15.948210 0.744092 51.341911 -0.710615 -0.435245 0.552800 0.210710 0.333373 2 25 0.874000 26 0.126000
v_hands
  26 -14.704294 0.074209 48.766834 0.354503 -0.830749 -0.429166 0.323521 0.367877 2 26 0.796000 25 0.204000
  25 -15.254657 -0.470834 50.327103 -0.352801 -0.933786 0.059792 0.259486 0.342592 2 25 0.946000 26 0.054000
  26 -15.710394 -0.365168 49.614346 -0.138056 -0.986744 0.085305 0.259968 0.369091 2 26 0.796000 25 0.204000
v_hands
  26 -14.704294 0.074209 48.766834 0.354503 -0.830749 -0.429166 0.323521 0.367877 2 26 0.796000 25 0.204000
  26 -15.710394 -0.365168 49.614346 -0.138056 -0.986744 0.085305 0.259968 0.369091 2 26 0.796000 25 0.204000
  26 -16.724926 -0.427139 48.510258 -0.177657 -0.978222 0.107332 0.260646 0.416451 2 26 0.913184 25 0.086816
v_hands
  26 -14.704294 0.074209 48.766834 0.354503 -0.830749 -0.429166 0.323521 0.367877 2 26 0.796000 25 0.204000
  26 -16.724926 -0.427139 48.510258 -0.177657 -0.978222 0.107332 0.260646 0.416451 2 26 0.913184 25 0.086816
  26 -15.645317 -0.141160 47.617706 0.371993 -0.869291 -0.325506 0.317515 0.414096 1 26 1.000000
v_hands
  26 -15.645317 -0.141160 47.617706 0.371993 -0.869291 -0.325506 0.317515 0.414096 1 26 1.000000
  26 -16.724926 -0.427139 48.510258 -0.177657 -0.978222 0.107332 0.260646 0.416451 2 26 0.913184 25 0.086816
  26 -18.321159 -0.009446 46.804260 -0.294111 -0.954638 0.046523 0.253242 0.490340 1 26 1.000000
v_hands
  26 -15.645317 -0.141160 47.617706 0.371993 -0.869291 -0.325506 0.317515 0.414096 1 26 1.000000
  26 -18.321159 -0.009446 46.804260 -0.294111 -0.954638 0.046523 0.253242 0.490340 1 26 1.000000
  26 -17.290424 0.079161 46.017338 0.205756 -0.919473 -0.335013 0.312814 0.486498 1 26 1.000000
v_hands
  26 -19.585655 0.330531 45.176052 -0.309006 -0.948311 0.072255 0.249539 0.555506 1 26 1.000000
  26 -17.290424 0.079161 46.017338 0.205756 -0.919473 -0.335013 0.312814 0.486498 1 26 1.000000
  26 -18.321159 -0.009446 46.804260 -0.294111 -0.954638 0.046523 0.253242 0.490340 1 26 1.000000
v_hands
  26 -19.585655 0.330531 45.176052 -0.309006 -0.948311 0.072255 0.249539 0.555506 1 26 1.000000
  26 -18.690399 0.399654 44.485718 0.174289 -0.933945 -0.312042 0.307451 0.551841 1 26 1.000000
  26 -17.290424 0.079161 46.017338 0.205756 -0.919473 -0.335013 0.312814 0.486498 1 26 1.000000
v_hands
  26 -18.690399 0.399654 44.485718 0.174289 -0.933945 -0.312042 0.307451 0.551841 1 26 1.000000
  26 -19.585655 0.330531 45.176052 -0.309006 -0.948311 0.072255 0.249539 0.555506 1 26 1.000000
  26 -20.954535 0.574447 43.358860 -0.297645 -0.948896 0.104896 0.246969 0.628277 1 26 1.000000
v_hands
  26 -18.690399 0.399654 44.485718 0.174289 -0.933945 -0.312042 0.307451 0.551841 1 26 1.000000
  26 -20.954535 0.574447 43.358860 -0.297645 -0.948896 0.104896 0.246969 0.628277 1 26 1.000000
  26 -20.253153 0.627389 42.815895 0.193749 -0.934873 -0.297446 0.301493 0.625916 1 26 1.000000
v_hands
  26 -20.253153 0.627389 42.815895 0.193749 -0.934873 -0.297446 0.301493 0.625916 1 26 1.000000
  26 -20.954535 0.574447 43.358860 -0.297645 -0.948896 0.104896 0.246969 0.628277 1 26 1.000000
  26 -21.442364 0.712041 41.957909 -0.053628 -0.995594 -0.076915 0.283912 0.670556 1 26 1.000000
v_hands
  26 -20.253153 0.627389 42.815895 0.193749 -0.934873 -0.297446 0.301493 0.625916 1 26 1.000000
  26 -21.442364 0.712041 41.957909 -0.053628 -0.995594 -0.076915 0.283912 0.670556 1 26 1.000000
  26 -21.074560 0.778822 41.646114 0.316665 -0.874135 -0.368253 0.310996 0.669920 1 26 1.000000
v_hands
  26 -22.030285 0.799292 41.242641 -0.008761 -0.995642 -0.092842 0.283735 0.700590 1 26 1.000000
  26 -21.074560 0.778822 41.646114 0.316665 -0.874135 -0.368253 0.310996 0.669920 1 26 1.000000
  26 -21.442364 0.712041 41.957909 -0.053628 -0.995594 -0.076915 0.283912 0.670556 1 26 1.000000
v_hands
  26 -22.030285 0.799292 41.242641 -0.008761 -0.995642 -0.092842 0.283735 0.700590 1 26 1.000000
  26 -21.704596 0.864018 40.985657 0.289111 -0.880380 -0.375960 0.309621 0.698782 1 26 1.000000
  26 -21.074560 0.778822 41.646114 0.316665 -0.874135 -0.368253 0.310996 0.669920 1 26 1.000000
v_hands
  26 -21.704596 0.864018 40.985657 0.289111 -0.880380 -0.375960 0.309621 0.698782 1 26 1.000000
  26 -22.030285 0.799292 41.242641 -0.008761 -0.995642 -0.092842 0.283735 0.700590 1 26 1.000000
  26 -22.339998 0.828941 40.853737 0.088640 -0.995633 0.029277 0.287237 0.714433 1 26 1.000000
v_hands
  26 -21.704596 0.864018 40.985657 0.289111 -0.880380 -0.375960 0.309621 0.698782 1 26 1.000000
  26 -22.339998 0.828941 40.853737 0.088640 -0.995633 0.029277 0.287237 0.714433 1 26 1.000000
  26 -22.056431 0.896351 40.651566 0.401837 -0.877111 -0.263064 0.308313 0.714040 1 26 1.000000
v_hands
  26 -22.339998 0.828941 40.853737 0.088640 -0.995633 0.029277 0.287237 0.714433 1 26 1.000000
  27 -22.420750 0.731520 40.278667 0.462096 -0.857483 0.226253 0.297847 0.729401 2 27 0.697000 26 0.303000
  26 -22.056431 0.896351 40.651566 0.401837 -0.877111 -0.263064 0.308313 0.714040 1 26 1.000000
v_hands
  26 -21.740068 1.335086 40.333755 0.722188 -0.360190 -0.590515 0.322041 0.717089 1 26 1.000000
  26 -22.056431 0.896351 40.651566 0.401837 -0.877111 -0.263064 0.308313 0.714040 1 26 1.000000
  27 -22.420750 0.731520 40.278667 0.462096 -0.857483 0.226253 0.297847 0.729401 2 27 0.697000 26 0.303000
v_hands
  26 -17.980820 0.999745 43.953838 0.552678 -0.552366 -0.624051 0.336684 0.553668 1 26 1.000000
  26 -17.853127 2.102764 43.748001 0.673129 -0.004356 -0.739512 0.369028 0.560310 1 26 1.000000
  26 -16.330320 2.189571 45.181965 0.729165 0.008662 -0.684283 0.381070 0.495634 1 26 1.000000
v_hands
  26 -17.853127 2.102764 43.748001 0.673129 -0.004356 -0.739512 0.369028 0.560310 1 26 1.000000
  26 -17.980820 0.999745 43.953838 0.552678 -0.552366 -0.624051 0.336684 0.553668 1 26 1.000000
  26 -19.724148 1.153197 42.331188 0.556833 -0.506262 -0.658510 0.329032 0.627777 1 26 1.000000
v_hands
  26 -17.853127 2.102764 43.748001 0.673129 -0.004356 -0.739512 0.369028 0.560310 1 26 1.000000
  26 -19.724148 1.153197 42.331188 0.556833 -0.506262 -0.658510 0.329032 0.627777 1 26 1.000000
  26 -19.637489 2.123650 42.260220 0.652802 0.038665 -0.756541 0.359411 0.632061 1 26 1.000000
v_hands
  26 -19.724148 1.153197 42.331188 0.556833 -0.506262 -0.658510 0.329032 0.627777 1 26 1.000000
  26 -20.689682 2.065291 41.295219 0.681755 0.064687 -0.728715 0.351230 0.676142 1 26 1.000000
  26 -19.637489 2.123650 42.260220 0.652802 0.038665 -0.756541 0.359411 0.632061 1 26 1.000000
v_hands
  26 -20.833183 2.987269 41.454750 0.624940 0.294897 -0.722832 0.380209 0.679391 1 26 1.000000
  26 -19.637489 2.123650 42.260220 0.652802 0.038665 -0.756541 0.359411 0.632061 1 26 1.000000
  26 -20.689682 2.065291 41.295219 0.681755 0.064687 -0.728715 0.351230 0.676142 1 26 1.000000
v_hands
  26 -21.374454 2.057274 40.662514 0.690679 0.097262 -0.716591 0.346827 0.705076 1 26 1.000000
  26 -20.833183 2.987269 41.454750 0.624940 0.294897 -0.722832 0.380209 0.679391 1 26 1.000000
  26 -20.689682 2.065291 41.295219 0.681755 0.064687 -0.728715 0.351230 0.676142 1 26 1.000000
v_hands
  26 -21.385941 1.304245 40.684792 0.629763 -0.405250 -0.662700 0.323304 0.701401 1 26 1.000000
  26 -21.374454 2.057274 40.662514 0.690679 0.097262 -0.716591 0.346827 0.705076 1 26 1.000000
  26 -20.689682 2.065291 41.295219 0.681755 0.064687 -0.728715 0.351230 0.676142 1 26 1.000000
v_hands
  26 -21.374454 2.057274 40.662514 0.690679 0.097262 -0.716591 0.346827 0.705076 1 26 1.000000
  26 -21.385941 1.304245 40.684792 0.629763 -0.405250 -0.662700 0.323304 0.701401 1 26 1.000000
  26 -21.740068 1.335086 40.333755 0.722188 -0.360190 -0.590515 0.322041 0.717089 1 26 1.000000
v_hands
  26 -21.385941 1.304245 40.684792 0.629763 -0.405250 -0.662700 0.323304 0.701401 1 26 1.000000
  26 -22.056431 0.896351 40.651566 0.401837 -0.877111 -0.263064 0.308313 0.714040 1 26 1.000000
  26 -21.740068 1.335086 40.333755 0.722188 -0.360190 -0.590515 0.322041 0.717089 1 26 1.000000
v_hands
  26 -21.385941 1.304245 40.684792 0.629763 -0.405250 -0.662700 0.323304 0.701401 1 26 1.000000
  26 -21.704596 0.864018 40.985657 0.289111 -0.880380 -0.375960 0.309621 0.698782 1 26 1.000000
  26 -22.056431 0.896351 40.651566 0.401837 -0.877111 -0.263064 0.308313 0.714040 1 26 1.000000
v_hands
  26 -21.704596 0.864018 40.985657 0.289111 -0.880380 -0.375960 0.309621 0.698782 1 26 1.000000
  26 -21.385941 1.304245 40.684792 0.629763 -0.405250 -0.662700 0.323304 0.701401 1 26 1.000000
  26 -20.753609 1.250537 41.362206 0.630214 -0.433774 -0.643949 0.325776 0.672190 1 26 1.000000
v_hands
  26 -21.704596 0.864018 40.985657 0.289111 -0.880380 -0.375960 0.309621 0.698782 1 26 1.000000
  26 -20.753609 1.250537 41.362206 0.630214 -0.433774 -0.643949 0.325776 0.672190 1 26 1.000000
  26 -21.074560 0.778822 41.646114 0.316665 -0.874135 -0.368253 0.310996 0.669920 1 26 1.000000
v_hands
  26 -20.253153 0.627389 42.815895 0.193749 -0.934873 -0.297446 0.301493 0.625916 1 26 1.000000
  26 -21.074560 0.778822 41.646114 0.316665 -0.874135 -0.368253 0.310996 0.669920 1 26 1.000000
  26 -20.753609 1.250537 41.362206 0.630214 -0.433774 -0.643949 0.325776 0.672190 1 26 1.000000
v_hands
  26 -20.253153 0.627389 42.815895 0.193749 -0.934873 -0.297446 0.301493 0.625916 1 26 1.000000
  26 -20.753609 1.250537 41.362206 0.630214 -0.433774 -0.643949 0.325776 0.672190 1 26 1.000000
  26 -19.724148 1.153197 42.331188 0.556833 -0.506262 -0.658510 0.329032 0.627777 1 26 1.000000
v_hands
  26 -17.980820 0.999745 43.953838 0.552678 -0.552366 -0.624051 0.336684 0.553668 1 26 1.000000
  26 -20.253153 0.627389 42.815895 0.193749 -0.934873 -0.297446 0.301493 0.625916 1 26 1.000000
  26 -19.724148 1.153197 42.331188 0.556833 -0.506262 -0.658510 0.329032 0.627777 1 26 1.000000
v_hands
  26 -17.980820 0.999745 43.953838 0.552678 -0.552366 -0.624051 0.336684 0.553668 1 26 1.000000
  26 -18.690399 0.399654 44.485718 0.174289 -0.933945 -0.312042 0.307451 0.551841 1 26 1.000000
  26 -20.253153 0.627389 42.815895 0.193749 -0.934873 -0.297446 0.301493 0.625916 1 26 1.000000
v_hands
  26 -18.690399 0.399654 44.485718 0.174289 -0.933945 -0.312042 0.307451 0.551841 1 26 1.000000
  26 -17.980820 0.999745 43.953838 0.552678 -0.552366 -0.624051 0.336684 0.553668 1 26 1.000000
  26 -16.475269 0.912361 45.378052 0.611632 -0.505679 -0.608437 0.344419 0.488793 1 26 1.000000
v_hands
  26 -18.690399 0.399654 44.485718 0.174289 -0.933945 -0.312042 0.307451 0.551841 1 26 1.000000
  26 -16.475269 0.912361 45.378052 0.611632 -0.505679 -0.608437 0.344419 0.488793 1 26 1.000000
  26 -17.290424 0.079161 46.017338 0.205756 -0.919473 -0.335013 0.312814 0.486498 1 26 1.000000
v_hands
  26 -21.385941 1.304245 40.684792 0.629763 -0.405250 -0.662700 0.323304 0.701401 1 26 1.000000
  26 -20.689682 2.065291 41.295219 0.681755 0.064687 -0.728715 0.351230 0.676142 1 26 1.000000
  26 -20.753609 1.250537 41.362206 0.630214 -0.433774 -0.643949 0.325776 0.672190 1 26 1.000000
v_hands
  26 -19.724148 1.153197 42.331188 0.556833 -0.506262 -0.658510 0.329032 0.627777 1 26 1.000000
  26 -20.753609 1.250537 41.362206 0.630214 -0.433774 -0.643949 0.325776 0.672190 1 26 1.000000
  26 -20.689682 2.065291 41.295219 0.681755 0.064687 -0.728715 0.351230 0.676142 1 26 1.000000
v_hands
  39 -26.683966 1.480452 34.819019 -0.166634 0.973525 -0.156466 0.218377 0.961595 1 39 1.000000
  39 -26.883835 1.377447 35.388496 -0.822371 0.564851 -0.068187 0.223577 0.944598 2 39 0.697000 38 0.303000
  38 -26.709980 1.483343 35.516762 -0.112052 0.991938 -0.059193 0.214796 0.940301 2 38 0.535000 39 0.465000
v_hands
  39 -26.683966 1.480452 34.819019 -0.166634 0.973525 -0.156466 0.218377 0.961595 1 39 1.000000
  39 -26.807167 1.360242 34.810703 -0.854459 0.481767 -0.194422 0.226619 0.961424 1 39 1.000000
  39 -26.883835 1.377447 35.388496 -0.822371 0.564851 -0.068187 0.223577 0.944598 2 39 0.697000 38 0.303000
v_hands
  39 -26.807167 1.360242 34.810703 -0.854459 0.481767 -0.194422 0.226619 0.961424 1 39 1.000000
  39 -26.683966 1.480452 34.819019 -0.166634 0.973525 -0.156466 0.218377 0.961595 1 39 1.000000
  39 -26.586433 1.380885 34.365044 0.175903 0.754520 -0.632264 0.223937 0.982546 1 39 1.000000
v_hands
  39 -26.807167 1.360242 34.810703 -0.854459 0.481767 -0.194422 0.226619 0.961424 1 39 1.000000
  39 -26.586433 1.380885 34.365044 0.175903 0.754520 -0.632264 0.223937 0.982546 1 39 1.000000
  39 -26.705647 1.347251 34.367409 -0.552640 0.599973 -0.578464 0.229749 0.977854 1 39 1.000000
v_hands
  39 -26.705647 1.347251 34.367409 -0.552640 0.599973 -0.578464 0.229749 0.977854 1 39 1.000000
  39 -26.586433 1.380885 34.365044 0.175903 0.754520 -0.632264 0.223937 0.982546 1 39 1.000000
  39 -26.559296 1.140708 34.303135 0.306138 0.014718 -0.951873 0.240178 0.986072 1 39 1.000000
v_hands
  39 -26.743172 1.125731 34.315109 -0.640481 -0.041829 -0.766834 0.238800 0.978792 1 39 1.000000
  39 -26.559296 1.140708 34.303135 0.306138 0.014718 -0.951873 0.240178 0.986072 1 39 1.000000
  39 -26.539747 0.853662 34.388947 0.271048 -0.721269 -0.637420 0.256652 0.974279 1 39 1.000000
v_hands
  39 -26.705647 1.347251 34.367409 -0.552640 0.599973 -0.578464 0.229749 0.977854 1 39 1.000000
  39 -26.559296 1.140708 34.303135 0.306138 0.014718 -0.951873 0.240178 0.986072 1 39 1.000000
  39 -26.743172 1.125731 34.315109 -0.640481 -0.041829 -0.766834 0.238800 0.978792 1 39 1.000000
v_hands
  39 -26.852461 1.116731 34.803375 -0.982614 -0.007677 -0.185503 0.236292 0.961293 1 39 1.000000
  39 -26.705647 1.347251 34.367409 -0.552640 0.599973 -0.578464 0.229749 0.977854 1 39 1.000000
  39 -26.743172 1.125731 34.315109 -0.640481 -0.041829 -0.766834 0.238800 0.978792 1 39 1.000000
v_hands
  39 -26.852461 1.116731 34.803375 -0.982614 -0.007677 -0.185503 0.236292 0.961293 1 39 1.000000
  39 -26.807167 1.360242 34.810703 -0.854459 0.481767 -0.194422 0.226619 0.961424 1 39 1.000000
  39 -26.705647 1.347251 34.367409 -0.552640 0.599973 -0.578464 0.229749 0.977854 1 39 1.000000
v_hands
  39 -26.807167 1.360242 34.810703 -0.854459 0.481767 -0.194422 0.226619 0.961424 1 39 1.000000
  39 -26.852461 1.116731 34.803375 -0.982614 -0.007677 -0.185503 0.236292 0.961293 1 39 1.000000
  39 -26.936966 1.125974 35.390259 -0.996742 0.013842 -0.079458 0.232157 0.942697 2 39 0.697000 38 0.303000
v_hands
  39 -26.807167 1.360242 34.810703 -0.854459 0.481767 -0.194422 0.226619 0.961424 1 39 1.000000
  39 -26.936966 1.125974 35.390259 -0.996742 0.013842 -0.079458 0.232157 0.942697 2 39 0.697000 38 0.303000
  39 -26.883835 1.377447 35.388496 -0.822371 0.564851 -0.068187 0.223577 0.944598 2 39 0.697000 38 0.303000
v_hands
  38 -26.883297 1.403528 35.671959 -0.787954 0.615468 0.018120 0.221347 0.937772 2 38 0.838000 39 0.162000
  39 -26.883835 1.377447 35.388496 -0.822371 0.564851 -0.068187 0.223577 0.944598 2 39 0.697000 38 0.303000
  39 -26.936966 1.125974 35.390259 -0.996742 0.013842 -0.079458 0.232157 0.942697 2 39 0.697000 38 0.303000
v_hands
  38 -26.709980 1.483343 35.516762 -0.112052 0.991938 -0.059193 0.214796 0.940301 2 38 0.535000 39 0.465000
  39 -26.883835 1.377447 35.388496 -0.822371 0.564851 -0.068187 0.223577 0.944598 2 39 0.697000 38 0.303000
  38 -26.883297 1.403528 35.671959 -0.787954 0.615468 0.018120 0.221347 0.937772 2 38 0.838000 39 0.162000
v_hands
  38 -26.787058 1.435801 36.624413 -0.816462 0.555819 0.156378 0.214307 0.904685 1 38 1.000000
  38 -26.709980 1.483343 35.516762 -0.112052 0.991938 -0.059193 0.214796 0.940301 2 38 0.535000 39 0.465000
  38 -26.883297 1.403528 35.671959 -0.787954 0.615468 0.018120 0.221347 0.937772 2 38 0.838000 39 0.162000
v_hands
  38 -26.787058 1.435801 36.624413 -0.816462 0.555819 0.156378 0.214307 0.904685 1 38 1.000000
  37 -26.520082 1.570911 36.672413 -0.133773 0.991012 -0.000357 0.207181 0.901730 1 37 1.000000
  38 -26.709980 1.483343 35.516762 -0.112052 0.991938 -0.059193 0.214796 0.940301 2 38 0.535000 39 0.465000
v_hands
  34 -26.062565 1.887011 38.358067 -0.877922 -0.292849 0.378803 0.181912 0.846240 2 34 0.610000 27 0.390000
  34 -26.404261 2.065410 37.530449 -0.879962 0.038633 0.473471 0.179196 0.872591 2 34 0.835000 27 0.165000
  37 -25.885519 1.555577 38.214611 -0.891273 -0.139257 0.431556 0.191674 0.846271 2 37 0.601000 27 0.399000
v_hands
  37 -25.885519 1.555577 38.214611 -0.891273 -0.139257 0.431556 0.191674 0.846271 2 37 0.601000 27 0.399000
  34 -26.404261 2.065410 37.530449 -0.879962 0.038633 0.473471 0.179196 0.872591 2 34 0.835000 27 0.165000
  34 -26.207493 1.615423 37.596016 -0.866582 -0.434648 0.245189 0.190766 0.866287 1 34 1.000000
v_hands
  37 -25.885519 1.555577 38.214611 -0.891273 -0.139257 0.431556 0.191674 0.846271 2 37 0.601000 27 0.399000
  34 -26.207493 1.615423 37.596016 -0.866582 -0.434648 0.245189 0.190766 0.866287 1 34 1.000000
  37 -26.159018 1.463030 37.596863 -0.933240 0.251024 0.257002 0.202190 0.864135 1 37 1.000000
v_hands
  34 -26.207493 1.615423 37.596016 -0.866582 -0.434648 0.245189 0.190766 0.866287 1 34 1.000000
  37 -26.007576 1.564830 37.036587 -0.091854 0.780602 -0.618242 0.200808 0.882079 1 37 1.000000
  37 -26.159018 1.463030 37.596863 -0.933240 0.251024 0.257002 0.202190 0.864135 1 37 1.000000
v_hands
  37 -26.520082 1.570911 36.672413 -0.133773 0.991012 -0.000357 0.207181 0.901730 1 37 1.000000
  37 -26.159018 1.463030 37.596863 -0.933240 0.251024 0.257002 0.202190 0.864135 1 37 1.000000
  37 -26.007576 1.564830 37.036587 -0.091854 0.780602 -0.618242 0.200808 0.882079 1 37 1.000000
v_hands
  37 -26.159018 1.463030 37.596863 -0.933240 0.251024 0.257002 0.202190 0.864135 1 37 1.000000
  37 -26.520082 1.570911 36.672413 -0.133773 0.991012 -0.000357 0.207181 0.901730 1 37 1.000000
  38 -26.685036 1.452734 36.918098 -0.730655 0.555929 0.396340 0.211358 0.895922 2 38 0.502000 37 0.498000
v_hands
  37 -26.520082 1.570911 36.672413 -0.133773 0.991012 -0.000357 0.207181 0.901730 1 37 1.000000
  38 -26.787058 1.435801 36.624413 -0.816462 0.555819 0.156378 0.214307 0.904685 1 38 1.000000
  38 -26.685036 1.452734 36.918098 -0.730655 0.555929 0.396340 0.211358 0.895922 2 38 0.502000 37 0.498000
v_hands
  38 -26.685036 1.452734 36.918098 -0.730655 0.555929 0.396340 0.211358 0.895922 2 38 0.502000 37 0.498000
  38 -26.787058 1.435801 36.624413 -0.816462 0.555819 0.156378 0.214307 0.904685 1 38 1.000000
  38 -26.839823 1.101262 36.581818 -0.965680 -0.151555 0.210936 0.226323 0.903808 1 38 1.000000
v_hands
  38 -26.839823 1.101262 36.581818 -0.965680 -0.151555 0.210936 0.226323 0.903808 1 38 1.000000
  38 -26.787058 1.435801 36.624413 -0.816462 0.555819 0.156378 0.214307 0.904685 1 38 1.000000
  38 -26.883297 1.403528 35.671959 -0.787954 0.615468 0.018120 0.221347 0.937772 2 38 0.838000 39 0.162000
v_hands
  38 -26.839823 1.101262 36.581818 -0.965680 -0.151555 0.210936 0.226323 0.903808 1 38 1.000000
  38 -26.883297 1.403528 35.671959 -0.787954 0.615468 0.018120 0.221347 0.937772 2 38 0.838000 39 0.162000
  38 -26.943211 1.126216 35.673290 -0.997514 -0.016514 0.068502 0.230528 0.937501 2 38 0.838000 39 0.162000
v_hands
  38 -26.883297 1.403528 35.671959 -0.787954 0.615468 0.018120 0.221347 0.937772 2 38 0.838000 39 0.162000
  39 -26.936966 1.125974 35.390259 -0.996742 0.013842 -0.079458 0.232157 0.942697 2 39 0.697000 38 0.303000
  38 -26.943211 1.126216 35.673290 -0.997514 -0.016514 0.068502 0.230528 0.937501 2 38 0.838000 39 0.162000
v_hands
  38 -26.943211 1.126216 35.673290 -0.997514 -0.016514 0.068502 0.230528 0.937501 2 38 0.838000 39 0.162000
  39 -26.936966 1.125974 35.390259 -0.996742 0.013842 -0.079458 0.232157 0.942697 2 39 0.697000 38 0.303000
  39 -26.879593 0.813191 35.385704 -0.715212 -0.696812 -0.054083 0.244416 0.940675 2 39 0.697000 38 0.303000
v_hands
  39 -26.852461 1.116731 34.803375 -0.982614 -0.007677 -0.185503 0.236292 0.961293 1 39 1.000000
  39 -26.879593 0.813191 35.385704 -0.715212 -0.696812 -0.054083 0.244416 0.940675 2 39 0.697000 38 0.303000
  39 -26.936966 1.125974 35.390259 -0.996742 0.013842 -0.079458 0.232157 0.942697 2 39 0.697000 38 0.303000
v_hands
  39 -26.852461 1.116731 34.803375 -0.982614 -0.007677 -0.185503 0.236292 0.961293 1 39 1.000000
  39 -26.796162 0.843679 34.812599 -0.743165 -0.646942 -0.170797 0.246836 0.959434 1 39 1.000000
  39 -26.879593 0.813191 35.385704 -0.715212 -0.696812 -0.054083 0.244416 0.940675 2 39 0.697000 38 0.303000
v_hands
  39 -26.796162 0.843679 34.812599 -0.743165 -0.646942 -0.170797 0.246836 0.959434 1 39 1.000000
  39 -26.852461 1.116731 34.803375 -0.982614 -0.007677 -0.185503 0.236292 0.961293 1 39 1.000000
  39 -26.743172 1.125731 34.315109 -0.640481 -0.041829 -0.766834 0.238800 0.978792 1 39 1.000000
v_hands
  39 -26.796162 0.843679 34.812599 -0.743165 -0.646942 -0.170797 0.246836 0.959434 1 39 1.000000
  39 -26.743172 1.125731 34.315109 -0.640481 -0.041829 -0.766834 0.238800 0.978792 1 39 1.000000
  39 -26.675081 0.882550 34.390705 -0.482417 -0.635279 -0.603071 0.248740 0.973659 1 39 1.000000
v_hands
  39 -26.743172 1.125731 34.315109 -0.640481 -0.041829 -0.766834 0.238800 0.978792 1 39 1.000000
  39 -26.539747 0.853662 34.388947 0.271048 -0.721269 -0.637420 0.256652 0.974279 1 39 1.000000
  39 -26.675081 0.882550 34.390705 -0.482417 -0.635279 -0.603071 0.248740 0.973659 1 39 1.000000
v_hands
  39 -26.584562 0.753155 34.845455 0.073069 -0.991425 -0.108335 0.254391 0.956025 1 39 1.000000
  39 -26.675081 0.882550 34.390705 -0.482417 -0.635279 -0.603071 0.248740 0.973659 1 39 1.000000
  39 -26.539747 0.853662 34.388947 0.271048 -0.721269 -0.637420 0.256652 0.974279 1 39 1.000000
v_hands
  34 -26.207493 1.615423 37.596016 -0.866582 -0.434648 0.245189 0.190766 0.866287 1 34 1.000000
  34 -26.021936 1.591526 37.040989 -0.205672 -0.820601 -0.533210 0.198291 0.876718 1 34 1.000000
  37 -26.007576 1.564830 37.036587 -0.091854 0.780602 -0.618242 0.200808 0.882079 1 37 1.000000
v_hands
  35 -26.676493 2.492291 35.486267 -0.036068 0.998871 -0.030899 0.163427 0.937927 2 35 0.505000 36 0.495000
  36 -26.940222 2.375859 35.440407 -0.790540 0.612125 0.018682 0.170017 0.940486 2 36 0.805000 35 0.195000
  35 -26.915627 2.380727 35.643715 -0.781607 0.617066 0.091212 0.169699 0.935642 2 35 0.799000 36 0.201000
v_hands
  35 -26.720982 2.409905 36.697243 -0.737641 0.657555 0.153318 0.167981 0.900905 2 35 0.802000 34 0.198000
  35 -26.676493 2.492291 35.486267 -0.036068 0.998871 -0.030899 0.163427 0.937927 2 35 0.505000 36 0.495000
  35 -26.915627 2.380727 35.643715 -0.781607 0.617066 0.091212 0.169699 0.935642 2 35 0.799000 36 0.201000
v_hands
  35 -26.720982 2.409905 36.697243 -0.737641 0.657555 0.153318 0.167981 0.900905 2 35 0.802000 34 0.198000
  34 -26.469757 2.532977 36.666286 -0.082207 0.996491 -0.015749 0.161686 0.900105 1 34 1.000000
  35 -26.676493 2.492291 35.486267 -0.036068 0.998871 -0.030899 0.163427 0.937927 2 35 0.505000 36 0.495000
v_hands
  34 -26.469757 2.532977 36.666286 -0.082207 0.996491 -0.015749 0.161686 0.900105 1 34 1.000000
  35 -26.720982 2.409905 36.697243 -0.737641 0.657555 0.153318 0.167981 0.900905 2 35 0.802000 34 0.198000
  34 -26.638451 2.430513 36.951202 -0.657674 0.677369 0.329600 0.167243 0.893222 2 34 0.802000 35 0.198000
v_hands
  34 -26.210323 2.399978 37.608276 -0.849804 0.403584 0.339047 0.165016 0.865892 1 34 1.000000
  34 -26.469757 2.532977 36.666286 -0.082207 0.996491 -0.015749 0.161686 0.900105 1 34 1.000000
  34 -26.638451 2.430513 36.951202 -0.657674 0.677369 0.329600 0.167243 0.893222 2 34 0.802000 35 0.198000
v_hands
  34 -26.727680 2.068107 37.001537 -0.895831 -0.012458 0.444221 0.179687 0.892323 2 34 0.613000 35 0.387000
  34 -26.210323 2.399978 37.608276 -0.849804 0.403584 0.339047 0.165016 0.865892 1 34 1.000000
  34 -26.638451 2.430513 36.951202 -0.657674 0.677369 0.329600 0.167243 0.893222 2 34 0.802000 35 0.198000
v_hands
  34 -26.727680 2.068107 37.001537 -0.895831 -0.012458 0.444221 0.179687 0.892323 2 34 0.613000 35 0.387000
  34 -26.404261 2.065410 37.530449 -0.879962 0.038633 0.473471 0.179196 0.872591 2 34 0.835000 27 0.165000
  34 -26.210323 2.399978 37.608276 -0.849804 0.403584 0.339047 0.165016 0.865892 1 34 1.000000
v_hands
  34 -26.207493 1.615423 37.596016 -0.866582 -0.434648 0.245189 0.190766 0.866287 1 34 1.000000
  34 -26.404261 2.065410 37.530449 -0.879962 0.038633 0.473471 0.179196 0.872591 2 34 0.835000 27 0.165000
  34 -26.727680 2.068107 37.001537 -0.895831 -0.012458 0.444221 0.179687 0.892323 2 34 0.613000 35 0.387000
v_hands
  34 -26.207493 1.615423 37.596016 -0.866582 -0.434648 0.245189 0.190766 0.866287 1 34 1.000000
  34 -26.727680 2.068107 37.001537 -0.895831 -0.012458 0.444221 0.179687 0.892323 2 34 0.613000 35 0.387000
  34 -26.619509 1.712151 36.957260 -0.641703 -0.718886 0.267246 0.191570 0.890862 2 34 0.613000 35 0.387000
v_hands
  34 -26.021936 1.591526 37.040989 -0.205672 -0.820601 -0.533210 0.198291 0.876718 1 34 1.000000
  34 -26.207493 1.615423 37.596016 -0.866582 -0.434648 0.245189 0.190766 0.866287 1 34 1.000000
  34 -26.619509 1.712151 36.957260 -0.641703 -0.718886 0.267246 0.191570 0.890862 2 34 0.613000 35 0.387000
v_hands
  34 -26.021936 1.591526 37.040989 -0.205672 -0.820601 -0.533210 0.198291 0.876718 1 34 1.000000
  34 -26.619509 1.712151 36.957260 -0.641703 -0.718886 0.267246 0.191570 0.890862 2 34 0.613000 35 0.387000
  34 -26.406584 1.635173 36.636395 0.000827 -0.995739 -0.092210 0.197385 0.895589 1 34 1.000000
v_hands
  34 -26.619509 1.712151 36.957260 -0.641703 -0.718886 0.267246 0.191570 0.890862 2 34 0.613000 35 0.387000
  35 -26.724455 1.740820 36.703865 -0.703578 -0.695027 0.148040 0.190678 0.899255 2 35 0.691000 34 0.309000
  34 -26.406584 1.635173 36.636395 0.000827 -0.995739 -0.092210 0.197385 0.895589 1 34 1.000000
v_hands
  34 -26.406584 1.635173 36.636395 0.000827 -0.995739 -0.092210 0.197385 0.895589 1 34 1.000000
  35 -26.724455 1.740820 36.703865 -0.703578 -0.695027 0.148040 0.190678 0.899255 2 35 0.691000 34 0.309000
  35 -26.880823 1.791801 35.599998 -0.738658 -0.672109 0.051511 0.189717 0.934971 2 35 0.799000 36 0.201000
v_hands
  35 -26.724455 1.740820 36.703865 -0.703578 -0.695027 0.148040 0.190678 0.899255 2 35 0.691000 34 0.309000
  35 -26.960258 2.069925 35.700005 -0.990043 -0.084047 0.112919 0.180266 0.935359 2 35 0.799000 36 0.201000
  35 -26.880823 1.791801 35.599998 -0.738658 -0.672109 0.051511 0.189717 0.934971 2 35 0.799000 36 0.201000
v_hands
  35 -26.960258 2.069925 35.700005 -0.990043 -0.084047 0.112919 0.180266 0.935359 2 35 0.799000 36 0.201000
  36 -26.900074 1.809443 35.398170 -0.762317 -0.647178 -0.005851 0.189265 0.939665 2 36 0.805000 35 0.195000
  35 -26.880823 1.791801 35.599998 -0.738658 -0.672109 0.051511 0.189717 0.934971 2 35 0.799000 36 0.201000
v_hands
  35 -26.960258 2.069925 35.700005 -0.990043 -0.084047 0.112919 0.180266 0.935359 2 35 0.799000 36 0.201000
  36 -26.997595 2.080412 35.392574 -0.996359 -0.083375 0.017802 0.180140 0.942708 2 36 0.805000 35 0.195000
  36 -26.900074 1.809443 35.398170 -0.762317 -0.647178 -0.005851 0.189265 0.939665 2 36 0.805000 35 0.195000
v_hands
  36 -26.924303 2.084330 34.567535 -0.996138 -0.030683 -0.082266 0.180606 0.975332 1 36 1.000000
  36 -26.900074 1.809443 35.398170 -0.762317 -0.647178 -0.005851 0.189265 0.939665 2 36 0.805000 35 0.195000
  36 -26.997595 2.080412 35.392574 -0.996359 -0.083375 0.017802 0.180140 0.942708 2 36 0.805000 35 0.195000
v_hands
  36 -26.909868 2.350788 34.588539 -0.791083 0.594387 -0.144542 0.171520 0.974755 1 36 1.000000
  36 -26.924303 2.084330 34.567535 -0.996138 -0.030683 -0.082266 0.180606 0.975332 1 36 1.000000
  36 -26.997595 2.080412 35.392574 -0.996359 -0.083375 0.017802 0.180140 0.942708 2 36 0.805000 35 0.195000
v_hands
  34 -26.727680 2.068107 37.001537 -0.895831 -0.012458 0.444221 0.179687 0.892323 2 34 0.613000 35 0.387000
  35 -26.724455 1.740820 36.703865 -0.703578 -0.695027 0.148040 0.190678 0.899255 2 35 0.691000 34 0.309000
  34 -26.619509 1.712151 36.957260 -0.641703 -0.718886 0.267246 0.191570 0.890862 2 34 0.613000 35 0.387000
v_hands
  34 -26.727680 2.068107 37.001537 -0.895831 -0.012458 0.444221 0.179687 0.892323 2 34 0.613000 35 0.387000
  35 -26.854877 2.063392 36.668758 -0.973254 -0.023648 0.228512 0.180061 0.902231 2 35 0.691000 34 0.309000
  35 -26.724455 1.740820 36.703865 -0.703578 -0.695027 0.148040 0.190678 0.899255 2 35 0.691000 34 0.309000
v_hands
  34 -26.638451 2.430513 36.951202 -0.657674 0.677369 0.329600 0.167243 0.893222 2 34 0.802000 35 0.198000
  35 -26.854877 2.063392 36.668758 -0.973254 -0.023648 0.228512 0.180061 0.902231 2 35 0.691000 34 0.309000
  34 -26.727680 2.068107 37.001537 -0.895831 -0.012458 0.444221 0.179687 0.892323 2 34 0.613000 35 0.387000
v_hands
  34 -26.638451 2.430513 36.951202 -0.657674 0.677369 0.329600 0.167243 0.893222 2 34 0.802000 35 0.198000
  35 -26.720982 2.409905 36.697243 -0.737641 0.657555 0.153318 0.167981 0.900905 2 35 0.802000 34 0.198000
  35 -26.854877 2.063392 36.668758 -0.973254 -0.023648 0.228512 0.180061 0.902231 2 35 0.691000 34 0.309000
v_hands
  35 -26.854877 2.063392 36.668758 -0.973254 -0.023648 0.228512 0.180061 0.902231 2 35 0.691000 34 0.309000
  35 -26.720982 2.409905 36.697243 -0.737641 0.657555 0.153318 0.167981 0.900905 2 35 0.802000 34 0.198000
  35 -26.915627 2.380727 35.643715 -0.781607 0.617066 0.091212 0.169699 0.935642 2 35 0.799000 36 0.201000
v_hands
  35 -26.854877 2.063392 36.668758 -0.973254 -0.023648 0.228512 0.180061 0.902231 2 35 0.691000 34 0.309000
  35 -26.915627 2.380727 35.643715 -0.781607 0.617066 0.091212 0.169699 0.935642 2 35 0.799000 36 0.201000
  35 -26.960258 2.069925 35.700005 -0.990043 -0.084047 0.112919 0.180266 0.935359 2 35 0.799000 36 0.201000
v_hands
  35 -26.915627 2.380727 35.643715 -0.781607 0.617066 0.091212 0.169699 0.935642 2 35 0.799000 36 0.201000
  36 -26.997595 2.080412 35.392574 -0.996359 -0.083375 0.017802 0.180140 0.942708 2 36 0.805000 35 0.195000
  35 -26.960258 2.069925 35.700005 -0.990043 -0.084047 0.112919 0.180266 0.935359 2 35 0.799000 36 0.201000
v_hands
  35 -26.915627 2.380727 35.643715 -0.781607 0.617066 0.091212 0.169699 0.935642 2 35 0.799000 36 0.201000
  36 -26.940222 2.375859 35.440407 -0.790540 0.612125 0.018682 0.170017 0.940486 2 36 0.805000 35 0.195000
  36 -26.997595 2.080412 35.392574 -0.996359 -0.083375 0.017802 0.180140 0.942708 2 36 0.805000 35 0.195000
v_hands
  36 -26.909868 2.350788 34.588539 -0.791083 0.594387 -0.144542 0.171520 0.974755 1 36 1.000000
  36 -26.997595 2.080412 35.392574 -0.996359 -0.083375 0.017802 0.180140 0.942708 2 36 0.805000 35 0.195000
  36 -26.940222 2.375859 35.440407 -0.790540 0.612125 0.018682 0.170017 0.940486 2 36 0.805000 35 0.195000
v_hands
  36 -26.695587 2.435964 34.567722 -0.035573 0.985662 -0.164936 0.165017 0.970776 1 36 1.000000
  36 -26.909868 2.350788 34.588539 -0.791083 0.594387 -0.144542 0.171520 0.974755 1 36 1.000000
  36 -26.940222 2.375859 35.440407 -0.790540 0.612125 0.018682 0.170017 0.940486 2 36 0.805000 35 0.195000
v_hands
  36 -26.655704 2.338387 34.209114 0.078193 0.760984 -0.644042 0.167567 0.992471 1 36 1.000000
  36 -26.909868 2.350788 34.588539 -0.791083 0.594387 -0.144542 0.171520 0.974755 1 36 1.000000
  36 -26.695587 2.435964 34.567722 -0.035573 0.985662 -0.164936 0.165017 0.970776 1 36 1.000000
v_hands
  35 -26.724455 1.740820 36.703865 -0.703578 -0.695027 0.148040 0.190678 0.899255 2 35 0.691000 34 0.309000
  35 -26.854877 2.063392 36.668758 -0.973254 -0.023648 0.228512 0.180061 0.902231 2 35 0.691000 34 0.309000
  35 -26.960258 2.069925 35.700005 -0.990043 -0.084047 0.112919 0.180266 0.935359 2 35 0.799000 36 0.201000
v_hands
  36 -26.695587 2.435964 34.567722 -0.035573 0.985662 -0.164936 0.165017 0.970776 1 36 1.000000
  36 -26.940222 2.375859 35.440407 -0.790540 0.612125 0.018682 0.170017 0.940486 2 36 0.805000 35 0.195000
  35 -26.676493 2.492291 35.486267 -0.036068 0.998871 -0.030899 0.163427 0.937927 2 35 0.505000 36 0.495000
v_hands
  36 -26.924303 2.084330 34.567535 -0.996138 -0.030683 -0.082266 0.180606 0.975332 1 36 1.000000
  36 -26.892164 1.815982 34.586742 -0.789568 -0.605791 -0.097979 0.189690 0.973840 1 36 1.000000
  36 -26.900074 1.809443 35.398170 -0.762317 -0.647178 -0.005851 0.189265 0.939665 2 36 0.805000 35 0.195000
v_hands
  36 -26.892164 1.815982 34.586742 -0.789568 -0.605791 -0.097979 0.189690 0.973840 1 36 1.000000
  36 -26.924303 2.084330 34.567535 -0.996138 -0.030683 -0.082266 0.180606 0.975332 1 36 1.000000
  36 -26.870687 1.888206 34.231903 -0.656240 -0.562497 -0.502938 0.187143 0.987611 1 36 1.000000
v_hands
  36 -26.870687 1.888206 34.231903 -0.656240 -0.562497 -0.502938 0.187143 0.987611 1 36 1.000000
  36 -26.924303 2.084330 34.567535 -0.996138 -0.030683 -0.082266 0.180606 0.975332 1 36 1.000000
  36 -26.895237 2.108065 34.152599 -0.695021 0.052213 -0.717091 0.179717 0.989992 1 36 1.000000
v_hands
  36 -26.924303 2.084330 34.567535 -0.996138 -0.030683 -0.082266 0.180606 0.975332 1 36 1.000000
  36 -26.853823 2.318534 34.239986 -0.575749 0.666442 -0.473675 0.172498 0.987556 1 36 1.000000
  36 -26.895237 2.108065 34.152599 -0.695021 0.052213 -0.717091 0.179717 0.989992 1 36 1.000000
v_hands
  36 -26.853823 2.318534 34.239986 -0.575749 0.666442 -0.473675 0.172498 0.987556 1 36 1.000000
  36 -26.924303 2.084330 34.567535 -0.996138 -0.030683 -0.082266 0.180606 0.975332 1 36 1.000000
  36 -26.909868 2.350788 34.588539 -0.791083 0.594387 -0.144542 0.171520 0.974755 1 36 1.000000
v_hands
  36 -26.655704 2.338387 34.209114 0.078193 0.760984 -0.644042 0.167567 0.992471 1 36 1.000000
  36 -26.853823 2.318534 34.239986 -0.575749 0.666442 -0.473675 0.172498 0.987556 1 36 1.000000
  36 -26.909868 2.350788 34.588539 -0.791083 0.594387 -0.144542 0.171520 0.974755 1 36 1.000000
v_hands
  36 -26.638914 2.111184 34.119858 0.194885 0.043514 -0.979860 0.179677 0.997022 1 36 1.000000
  36 -26.853823 2.318534 34.239986 -0.575749 0.666442 -0.473675 0.172498 0.987556 1 36 1.000000
  36 -26.655704 2.338387 34.209114 0.078193 0.760984 -0.644042 0.167567 0.992471 1 36 1.000000
v_hands
  36 -26.638914 2.111184 34.119858 0.194885 0.043514 -0.979860 0.179677 0.997022 1 36 1.000000
  36 -26.895237 2.108065 34.152599 -0.695021 0.052213 -0.717091 0.179717 0.989992 1 36 1.000000
  36 -26.853823 2.318534 34.239986 -0.575749 0.666442 -0.473675 0.172498 0.987556 1 36 1.000000
v_hands
  36 -26.895237 2.108065 34.152599 -0.695021 0.052213 -0.717091 0.179717 0.989992 1 36 1.000000
  36 -26.638914 2.111184 34.119858 0.194885 0.043514 -0.979860 0.179677 0.997022 1 36 1.000000
  36 -26.671591 1.843556 34.202225 0.119550 -0.758471 -0.640648 0.191672 0.993021 1 36 1.000000
v_hands
  36 -26.895237 2.108065 34.152599 -0.695021 0.052213 -0.717091 0.179717 0.989992 1 36 1.000000
  36 -26.671591 1.843556 34.202225 0.119550 -0.758471 -0.640648 0.191672 0.993021 1 36 1.000000
  36 -26.870687 1.888206 34.231903 -0.656240 -0.562497 -0.502938 0.187143 0.987611 1 36 1.000000
v_hands
  36 -26.751444 1.748623 34.622223 -0.032028 -0.991531 -0.125861 0.193638 0.969744 1 36 1.000000
  36 -26.870687 1.888206 34.231903 -0.656240 -0.562497 -0.502938 0.187143 0.987611 1 36 1.000000
  36 -26.671591 1.843556 34.202225 0.119550 -0.758471 -0.640648 0.191672 0.993021 1 36 1.000000
v_hands
  36 -26.751444 1.748623 34.622223 -0.032028 -0.991531 -0.125861 0.193638 0.969744 1 36 1.000000
  36 -26.892164 1.815982 34.586742 -0.789568 -0.605791 -0.097979 0.189690 0.973840 1 36 1.000000
  36 -26.870687 1.888206 34.231903 -0.656240 -0.562497 -0.502938 0.187143 0.987611 1 36 1.000000
v_hands
  36 -26.892164 1.815982 34.586742 -0.789568 -0.605791 -0.097979 0.189690 0.973840 1 36 1.000000
  36 -26.751444 1.748623 34.622223 -0.032028 -0.991531 -0.125861 0.193638 0.969744 1 36 1.000000
  35 -26.656153 1.692184 35.450638 -0.009434 -0.998926 -0.045370 0.194519 0.937598 2 35 0.505000 36 0.495000
v_hands
  36 -26.892164 1.815982 34.586742 -0.789568 -0.605791 -0.097979 0.189690 0.973840 1 36 1.000000
  35 -26.656153 1.692184 35.450638 -0.009434 -0.998926 -0.045370 0.194519 0.937598 2 35 0.505000 36 0.495000
  36 -26.900074 1.809443 35.398170 -0.762317 -0.647178 -0.005851 0.189265 0.939665 2 36 0.805000 35 0.195000
v_hands
  35 -26.880823 1.791801 35.599998 -0.738658 -0.672109 0.051511 0.189717 0.934971 2 35 0.799000 36 0.201000
  36 -26.900074 1.809443 35.398170 -0.762317 -0.647178 -0.005851 0.189265 0.939665 2 36 0.805000 35 0.195000
  35 -26.656153 1.692184 35.450638 -0.009434 -0.998926 -0.045370 0.194519 0.937598 2 35 0.505000 36 0.495000
v_hands
  34 -26.406584 1.635173 36.636395 0.000827 -0.995739 -0.092210 0.197385 0.895589 1 34 1.000000
  35 -26.880823 1.791801 35.599998 -0.738658 -0.672109 0.051511 0.189717 0.934971 2 35 0.799000 36 0.201000
  35 -26.656153 1.692184 35.450638 -0.009434 -0.998926 -0.045370 0.194519 0.937598 2 35 0.505000 36 0.495000
v_hands
  26 -17.053629 2.246855 50.669701 -0.686591 -0.080834 0.722536 0.163780 0.372911 1 26 1.000000
  26 -17.625950 0.387770 49.053780 -0.596757 -0.630042 0.496919 0.223291 0.422654 1 26 1.000000
  26 -16.526472 0.466309 50.484688 -0.582227 -0.604510 0.543672 0.219970 0.365723 2 26 0.796000 25 0.204000
v_hands
  26 -22.894554 1.293458 41.968998 -0.676444 -0.502199 0.538720 0.196073 0.702088 1 26 1.000000
  26 -23.008331 2.062142 42.068375 -0.790899 -0.113512 0.601327 0.174464 0.701850 1 26 1.000000
  26 -23.316288 2.055106 41.677975 -0.791588 -0.081912 0.605540 0.174918 0.717553 1 26 1.000000
v_hands
  26 -23.008331 2.062142 42.068375 -0.790899 -0.113512 0.601327 0.174464 0.701850 1 26 1.000000
  26 -22.894554 1.293458 41.968998 -0.676444 -0.502199 0.538720 0.196073 0.702088 1 26 1.000000
  26 -22.269827 1.240405 42.652893 -0.692519 -0.549674 0.467200 0.200009 0.672262 1 26 1.000000
v_hands
  26 -22.894554 1.293458 41.968998 -0.676444 -0.502199 0.538720 0.196073 0.702088 1 26 1.000000
  26 -21.893265 0.806363 42.339283 -0.383202 -0.899466 0.210039 0.245906 0.670649 1 26 1.000000
  26 -22.269827 1.240405 42.652893 -0.692519 -0.549674 0.467200 0.200009 0.672262 1 26 1.000000
v_hands
  26 -21.893265 0.806363 42.339283 -0.383202 -0.899466 0.210039 0.245906 0.670649 1 26 1.000000
  26 -21.505569 1.147724 43.847900 -0.703224 -0.565837 0.430470 0.203899 0.627799 1 26 1.000000
  26 -22.269827 1.240405 42.652893 -0.692519 -0.549674 0.467200 0.200009 0.672262 1 26 1.000000
v_hands
  26 -21.893265 0.806363 42.339283 -0.383202 -0.899466 0.210039 0.245906 0.670649 1 26 1.000000
  26 -20.954535 0.574447 43.358860 -0.297645 -0.948896 0.104896 0.246969 0.628277 1 26 1.000000
  26 -21.505569 1.147724 43.847900 -0.703224 -0.565837 0.430470 0.203899 0.627799 1 26 1.000000
v_hands
  26 -19.585655 0.330531 45.176052 -0.309006 -0.948311 0.072255 0.249539 0.555506 1 26 1.000000
  26 -21.505569 1.147724 43.847900 -0.703224 -0.565837 0.430470 0.203899 0.627799 1 26 1.000000
  26 -20.954535 0.574447 43.358860 -0.297645 -0.948896 0.104896 0.246969 0.628277 1 26 1.000000
v_hands
  26 -19.585655 0.330531 45.176052 -0.309006 -0.948311 0.072255 0.249539 0.555506 1 26 1.000000
  26 -20.148546 0.904222 45.730114 -0.676901 -0.643894 0.356659 0.212591 0.553965 1 26 1.000000
  26 -21.505569 1.147724 43.847900 -0.703224 -0.565837 0.430470 0.203899 0.627799 1 26 1.000000
v_hands
  26 -20.148546 0.904222 45.730114 -0.676901 -0.643894 0.356659 0.212591 0.553965 1 26 1.000000
  26 -19.585655 0.330531 45.176052 -0.309006 -0.948311 0.072255 0.249539 0.555506 1 26 1.000000
  26 -18.321159 -0.009446 46.804260 -0.294111 -0.954638 0.046523 0.253242 0.490340 1 26 1.000000
v_hands
  26 -20.148546 0.904222 45.730114 -0.676901 -0.643894 0.356659 0.212591 0.553965 1 26 1.000000
  26 -18.321159 -0.009446 46.804260 -0.294111 -0.954638 0.046523 0.253242 0.490340 1 26 1.000000
  26 -19.045151 0.631476 47.424328 -0.647204 -0.659662 0.382064 0.216594 0.491069 1 26 1.000000
v_hands
  26 -16.724926 -0.427139 48.510258 -0.177657 -0.978222 0.107332 0.260646 0.416451 2 26 0.913184 25 0.086816
  26 -19.045151 0.631476 47.424328 -0.647204 -0.659662 0.382064 0.216594 0.491069 1 26 1.000000
  26 -18.321159 -0.009446 46.804260 -0.294111 -0.954638 0.046523 0.253242 0.490340 1 26 1.000000
v_hands
  26 -16.724926 -0.427139 48.510258 -0.177657 -0.978222 0.107332 0.260646 0.416451 2 26 0.913184 25 0.086816
  26 -17.625950 0.387770 49.053780 -0.596757 -0.630042 0.496919 0.223291 0.422654 1 26 1.000000
  26 -19.045151 0.631476 47.424328 -0.647204 -0.659662 0.382064 0.216594 0.491069 1 26 1.000000
v_hands
  26 -15.710394 -0.365168 49.614346 -0.138056 -0.986744 0.085305 0.259968 0.369091 2 26 0.796000 25 0.204000
  26 -17.625950 0.387770 49.053780 -0.596757 -0.630042 0.496919 0.223291 0.422654 1 26 1.000000
  26 -16.724926 -0.427139 48.510258 -0.177657 -0.978222 0.107332 0.260646 0.416451 2 26 0.913184 25 0.086816
v_hands
  26 -15.710394 -0.365168 49.614346 -0.138056 -0.986744 0.085305 0.259968 0.369091 2 26 0.796000 25 0.204000
  26 -16.526472 0.466309 50.484688 -0.582227 -0.604510 0.543672 0.219970 0.365723 2 26 0.796000 25 0.204000
  26 -17.625950 0.387770 49.053780 -0.596757 -0.630042 0.496919 0.223291 0.422654 1 26 1.000000
v_hands
  26 -15.710394 -0.365168 49.614346 -0.138056 -0.986744 0.085305 0.259968 0.369091 2 26 0.796000 25 0.204000
  25 -15.948210 0.744092 51.341911 -0.710615 -0.435245 0.552800 0.210710 0.333373 2 25 0.874000 26 0.126000
  26 -16.526472 0.466309 50.484688 -0.582227 -0.604510 0.543672 0.219970 0.365723 2 26 0.796000 25 0.204000
v_hands
  25 -15.948210 0.744092 51.341911 -0.710615 -0.435245 0.552800 0.210710 0.333373 2 25 0.874000 26 0.126000
  26 -17.053629 2.246855 50.669701 -0.686591 -0.080834 0.722536 0.163780 0.372911 1 26 1.000000
  26 -16.526472 0.466309 50.484688 -0.582227 -0.604510 0.543672 0.219970 0.365723 2 26 0.796000 25 0.204000
v_hands
  25 -15.948210 0.744092 51.341911 -0.710615 -0.435245 0.552800 0.210710 0.333373 2 25 0.874000 26 0.126000
  26 -16.426460 2.655094 51.126026 -0.687094 0.015401 0.726405 0.150524 0.349262 2 26 0.736000 25 0.264000
  26 -17.053629 2.246855 50.669701 -0.686591 -0.080834 0.722536 0.163780 0.372911 1 26 1.000000
v_hands
  26 -16.426460 2.655094 51.126026 -0.687094 0.015401 0.726405 0.150524 0.349262 2 26 0.736000 25 0.264000
  26 -16.912254 3.634109 50.656326 -0.680891 0.328033 0.654814 0.119890 0.370979 2 26 0.736000 25 0.264000
  26 -17.053629 2.246855 50.669701 -0.686591 -0.080834 0.722536 0.163780 0.372911 1 26 1.000000
v_hands
  26 -15.921839 3.984838 51.468460 -0.604743 0.470315 0.642720 0.108217 0.331296 2 26 0.583000 25 0.417000
  26 -16.912254 3.634109 50.656326 -0.680891 0.328033 0.654814 0.119890 0.370979 2 26 0.736000 25 0.264000
  26 -16.426460 2.655094 51.126026 -0.687094 0.015401 0.726405 0.150524 0.349262 2 26 0.736000 25 0.264000
v_hands
  26 -23.008331 2.062142 42.068375 -0.790899 -0.113512 0.601327 0.174464 0.701850 1 26 1.000000
  26 -22.269827 1.240405 42.652893 -0.692519 -0.549674 0.467200 0.200009 0.672262 1 26 1.000000
  26 -22.498962 2.095733 42.850601 -0.833192 -0.141813 0.534491 0.172971 0.672602 1 26 1.000000
v_hands
  26 -21.505569 1.147724 43.847900 -0.703224 -0.565837 0.430470 0.203899 0.627799 1 26 1.000000
  26 -22.498962 2.095733 42.850601 -0.833192 -0.141813 0.534491 0.172971 0.672602 1 26 1.000000
  26 -22.269827 1.240405 42.652893 -0.692519 -0.549674 0.467200 0.200009 0.672262 1 26 1.000000
v_hands
  26 -21.505569 1.147724 43.847900 -0.703224 -0.565837 0.430470 0.203899 0.627799 1 26 1.000000
  26 -21.660694 2.086857 44.174065 -0.839531 -0.163258 0.518203 0.172530 0.623571 1 26 1.000000
  26 -22.498962 2.095733 42.850601 -0.833192 -0.141813 0.534491 0.172971 0.672602 1 26 1.000000
v_hands
  26 -20.148546 0.904222 45.730114 -0.676901 -0.643894 0.356659 0.212591 0.553965 1 26 1.000000
  26 -21.660694 2.086857 44.174065 -0.839531 -0.163258 0.518203 0.172530 0.623571 1 26 1.000000
  26 -21.505569 1.147724 43.847900 -0.703224 -0.565837 0.430470 0.203899 0.627799 1 26 1.000000
v_hands
  26 -20.148546 0.904222 45.730114 -0.676901 -0.643894 0.356659 0.212591 0.553965 1 26 1.000000
  26 -20.504730 1.781987 46.070080 -0.833555 -0.306659 0.459506 0.181146 0.554114 1 26 1.000000
  26 -21.660694 2.086857 44.174065 -0.839531 -0.163258 0.518203 0.172530 0.623571 1 26 1.000000
v_hands
  26 -20.504730 1.781987 46.070080 -0.833555 -0.306659 0.459506 0.181146 0.554114 1 26 1.000000
  26 -20.148546 0.904222 45.730114 -0.676901 -0.643894 0.356659 0.212591 0.553965 1 26 1.000000
  26 -19.045151 0.631476 47.424328 -0.647204 -0.659662 0.382064 0.216594 0.491069 1 26 1.000000
v_hands
  26 -20.504730 1.781987 46.070080 -0.833555 -0.306659 0.459506 0.181146 0.554114 1 26 1.000000
  26 -19.045151 0.631476 47.424328 -0.647204 -0.659662 0.382064 0.216594 0.491069 1 26 1.000000
  26 -19.475903 1.672548 47.792767 -0.790279 -0.287399 0.541166 0.183685 0.491524 1 26 1.000000
v_hands
  26 -17.625950 0.387770 49.053780 -0.596757 -0.630042 0.496919 0.223291 0.422654 1 26 1.000000
  26 -19.475903 1.672548 47.792767 -0.790279 -0.287399 0.541166 0.183685 0.491524 1 26 1.000000
  26 -19.045151 0.631476 47.424328 -0.647204 -0.659662 0.382064 0.216594 0.491069 1 26 1.000000
v_hands
  26 -17.625950 0.387770 49.053780 -0.596757 -0.630042 0.496919 0.223291 0.422654 1 26 1.000000
  26 -18.085983 1.777918 49.555725 -0.699657 -0.227851 0.677173 0.179309 0.420661 1 26 1.000000
  26 -19.475903 1.672548 47.792767 -0.790279 -0.287399 0.541166 0.183685 0.491524 1 26 1.000000
v_hands
  26 -17.053629 2.246855 50.669701 -0.686591 -0.080834 0.722536 0.163780 0.372911 1 26 1.000000
  26 -18.085983 1.777918 49.555725 -0.699657 -0.227851 0.677173 0.179309 0.420661 1 26 1.000000
  26 -17.625950 0.387770 49.053780 -0.596757 -0.630042 0.496919 0.223291 0.422654 1 26 1.000000
v_hands
  26 -16.912254 3.634109 50.656326 -0.680891 0.328033 0.654814 0.119890 0.370979 2 26 0.736000 25 0.264000
  26 -18.085983 1.777918 49.555725 -0.699657 -0.227851 0.677173 0.179309 0.420661 1 26 1.000000
  26 -17.053629 2.246855 50.669701 -0.686591 -0.080834 0.722536 0.163780 0.372911 1 26 1.000000
v_hands
  26 -16.912254 3.634109 50.656326 -0.680891 0.328033 0.654814 0.119890 0.370979 2 26 0.736000 25 0.264000
  26 -18.049395 3.523503 49.475269 -0.715051 0.375436 0.589704 0.124148 0.422658 1 26 1.000000
  26 -18.085983 1.777918 49.555725 -0.699657 -0.227851 0.677173 0.179309 0.420661 1 26 1.000000
v_hands
  26 -16.912254 3.634109 50.656326 -0.680891 0.328033 0.654814 0.119890 0.370979 2 26 0.736000 25 0.264000
  26 -17.185799 4.819241 48.870163 -0.468469 0.828430 0.306986 0.084414 0.420081 1 26 1.000000
  26 -18.049395 3.523503 49.475269 -0.715051 0.375436 0.589704 0.124148 0.422658 1 26 1.000000
v_hands
  26 -18.049395 3.523503 49.475269 -0.715051 0.375436 0.589704 0.124148 0.422658 1 26 1.000000
  26 -17.185799 4.819241 48.870163 -0.468469 0.828430 0.306986 0.084414 0.420081 1 26 1.000000
  26 -18.471706 4.549014 46.937984 -0.423525 0.883382 0.200655 0.085414 0.492933 1 26 1.000000
v_hands
  26 -18.049395 3.523503 49.475269 -0.715051 0.375436 0.589704 0.124148 0.422658 1 26 1.000000
  26 -18.471706 4.549014 46.937984 -0.423525 0.883382 0.200655 0.085414 0.492933 1 26 1.000000
  26 -19.036751 3.980886 47.449245 -0.604584 0.681503 0.412349 0.114918 0.491330 1 26 1.000000
v_hands
  26 -19.724520 4.310803 45.209282 -0.383476 0.910581 0.154234 0.087514 0.560193 1 26 1.000000
  26 -19.036751 3.980886 47.449245 -0.604584 0.681503 0.412349 0.114918 0.491330 1 26 1.000000
  26 -18.471706 4.549014 46.937984 -0.423525 0.883382 0.200655 0.085414 0.492933 1 26 1.000000
v_hands
  26 -19.724520 4.310803 45.209282 -0.383476 0.910581 0.154234 0.087514 0.560193 1 26 1.000000
  26 -20.257149 3.828476 45.762150 -0.681586 0.625435 0.379832 0.121403 0.557221 1 26 1.000000
  26 -19.036751 3.980886 47.449245 -0.604584 0.681503 0.412349 0.114918 0.491330 1 26 1.000000
v_hands
  26 -20.257149 3.828476 45.762150 -0.681586 0.625435 0.379832 0.121403 0.557221 1 26 1.000000
  26 -19.724520 4.310803 45.209282 -0.383476 0.910581 0.154234 0.087514 0.560193 1 26 1.000000
  26 -21.150513 3.995486 43.410324 -0.406520 0.895911 0.179125 0.097536 0.634276 1 26 1.000000
v_hands
  26 -20.257149 3.828476 45.762150 -0.681586 0.625435 0.379832 0.121403 0.557221 1 26 1.000000
  26 -21.150513 3.995486 43.410324 -0.406520 0.895911 0.179125 0.097536 0.634276 1 26 1.000000
  26 -21.446320 3.597508 43.857613 -0.688176 0.598121 0.410688 0.123695 0.627491 1 26 1.000000
v_hands
  26 -22.071346 3.770663 42.509762 -0.463534 0.823460 0.327185 0.106638 0.674635 1 26 1.000000
  26 -21.446320 3.597508 43.857613 -0.688176 0.598121 0.410688 0.123695 0.627491 1 26 1.000000
  26 -21.150513 3.995486 43.410324 -0.406520 0.895911 0.179125 0.097536 0.634276 1 26 1.000000
v_hands
  26 -22.071346 3.770663 42.509762 -0.463534 0.823460 0.327185 0.106638 0.674635 1 26 1.000000
  26 -22.462816 3.078825 42.828278 -0.793016 0.321957 0.517175 0.141893 0.675117 1 26 1.000000
  26 -21.446320 3.597508 43.857613 -0.688176 0.598121 0.410688 0.123695 0.627491 1 26 1.000000
v_hands
  26 -22.851986 3.068609 42.283318 -0.723107 0.173957 0.668472 0.142526 0.693941 1 26 1.000000
  26 -22.462816 3.078825 42.828278 -0.793016 0.321957 0.517175 0.141893 0.675117 1 26 1.000000
  26 -22.071346 3.770663 42.509762 -0.463534 0.823460 0.327185 0.106638 0.674635 1 26 1.000000
v_hands
  26 -22.462816 3.078825 42.828278 -0.793016 0.321957 0.517175 0.141893 0.675117 1 26 1.000000
  26 -22.851986 3.068609 42.283318 -0.723107 0.173957 0.668472 0.142526 0.693941 1 26 1.000000
  26 -23.008331 2.062142 42.068375 -0.790899 -0.113512 0.601327 0.174464 0.701850 1 26 1.000000
v_hands
  26 -22.462816 3.078825 42.828278 -0.793016 0.321957 0.517175 0.141893 0.675117 1 26 1.000000
  26 -23.008331 2.062142 42.068375 -0.790899 -0.113512 0.601327 0.174464 0.701850 1 26 1.000000
  26 -22.498962 2.095733 42.850601 -0.833192 -0.141813 0.534491 0.172971 0.672602 1 26 1.000000
v_hands
  26 -21.660694 2.086857 44.174065 -0.839531 -0.163258 0.518203 0.172530 0.623571 1 26 1.000000
  26 -22.462816 3.078825 42.828278 -0.793016 0.321957 0.517175 0.141893 0.675117 1 26 1.000000
  26 -22.498962 2.095733 42.850601 -0.833192 -0.141813 0.534491 0.172971 0.672602 1 26 1.000000
v_hands
  26 -21.660694 2.086857 44.174065 -0.839531 -0.163258 0.518203 0.172530 0.623571 1 26 1.000000
  26 -21.666210 2.797137 44.177883 -0.833778 0.195061 0.516494 0.150643 0.623358 1 26 1.000000
  26 -22.462816 3.078825 42.828278 -0.793016 0.321957 0.517175 0.141893 0.675117 1 26 1.000000
v_hands
  26 -20.504730 1.781987 46.070080 -0.833555 -0.306659 0.459506 0.181146 0.554114 1 26 1.000000
  26 -21.666210 2.797137 44.177883 -0.833778 0.195061 0.516494 0.150643 0.623358 1 26 1.000000
  26 -21.660694 2.086857 44.174065 -0.839531 -0.163258 0.518203 0.172530 0.623571 1 26 1.000000
v_hands
  26 -20.504730 1.781987 46.070080 -0.833555 -0.306659 0.459506 0.181146 0.554114 1 26 1.000000
  26 -20.569279 2.539758 46.159142 -0.867921 0.095609 0.487414 0.157181 0.553648 1 26 1.000000
  26 -21.666210 2.797137 44.177883 -0.833778 0.195061 0.516494 0.150643 0.623358 1 26 1.000000
v_hands
  26 -20.569279 2.539758 46.159142 -0.867921 0.095609 0.487414 0.157181 0.553648 1 26 1.000000
  26 -20.504730 1.781987 46.070080 -0.833555 -0.306659 0.459506 0.181146 0.554114 1 26 1.000000
  26 -19.475903 1.672548 47.792767 -0.790279 -0.287399 0.541166 0.183685 0.491524 1 26 1.000000
v_hands
  26 -20.569279 2.539758 46.159142 -0.867921 0.095609 0.487414 0.157181 0.553648 1 26 1.000000
  26 -19.475903 1.672548 47.792767 -0.790279 -0.287399 0.541166 0.183685 0.491524 1 26 1.000000
  26 -19.519863 2.851332 47.900730 -0.807375 0.199678 0.555224 0.146398 0.490377 1 26 1.000000
v_hands
  26 -18.085983 1.777918 49.555725 -0.699657 -0.227851 0.677173 0.179309 0.420661 1 26 1.000000
  26 -19.519863 2.851332 47.900730 -0.807375 0.199678 0.555224 0.146398 0.490377 1 26 1.000000
  26 -19.475903 1.672548 47.792767 -0.790279 -0.287399 0.541166 0.183685 0.491524 1 26 1.000000
v_hands
  26 -18.085983 1.777918 49.555725 -0.699657 -0.227851 0.677173 0.179309 0.420661 1 26 1.000000
  26 -18.049395 3.523503 49.475269 -0.715051 0.375436 0.589704 0.124148 0.422658 1 26 1.000000
  26 -19.519863 2.851332 47.900730 -0.807375 0.199678 0.555224 0.146398 0.490377 1 26 1.000000
v_hands
  26 -18.049395 3.523503 49.475269 -0.715051 0.375436 0.589704 0.124148 0.422658 1 26 1.000000
  26 -19.036751 3.980886 47.449245 -0.604584 0.681503 0.412349 0.114918 0.491330 1 26 1.000000
  26 -19.519863 2.851332 47.900730 -0.807375 0.199678 0.555224 0.146398 0.490377 1 26 1.000000
v_hands
  26 -20.257149 3.828476 45.762150 -0.681586 0.625435 0.379832 0.121403 0.557221 1 26 1.000000
  26 -19.519863 2.851332 47.900730 -0.807375 0.199678 0.555224 0.146398 0.490377 1 26 1.000000
  26 -19.036751 3.980886 47.449245 -0.604584 0.681503 0.412349 0.114918 0.491330 1 26 1.000000
v_hands
  26 -20.257149 3.828476 45.762150 -0.681586 0.625435 0.379832 0.121403 0.557221 1 26 1.000000
  26 -20.569279 2.539758 46.159142 -0.867921 0.095609 0.487414 0.157181 0.553648 1 26 1.000000
  26 -19.519863 2.851332 47.900730 -0.807375 0.199678 0.555224 0.146398 0.490377 1 26 1.000000
v_hands
  26 -20.569279 2.539758 46.159142 -0.867921 0.095609 0.487414 0.157181 0.553648 1 26 1.000000
  26 -20.257149 3.828476 45.762150 -0.681586 0.625435 0.379832 0.121403 0.557221 1 26 1.000000
  26 -21.446320 3.597508 43.857613 -0.688176 0.598121 0.410688 0.123695 0.627491 1 26 1.000000
v_hands
  26 -20.569279 2.539758 46.159142 -0.867921 0.095609 0.487414 0.157181 0.553648 1 26 1.000000
  26 -21.446320 3.597508 43.857613 -0.688176 0.598121 0.410688 0.123695 0.627491 1 26 1.000000
  26 -21.666210 2.797137 44.177883 -0.833778 0.195061 0.516494 0.150643 0.623358 1 26 1.000000
v_hands
  26 -21.666210 2.797137 44.177883 -0.833778 0.195061 0.516494 0.150643 0.623358 1 26 1.000000
  26 -21.446320 3.597508 43.857613 -0.688176 0.598121 0.410688 0.123695 0.627491 1 26 1.000000
  26 -22.462816 3.078825 42.828278 -0.793016 0.321957 0.517175 0.141893 0.675117 1 26 1.000000
v_hands
  30 -25.577990 4.130271 35.452358 0.141359 0.981194 -0.131435 0.069627 0.929776 1 30 1.000000
  29 -25.891359 4.124122 35.992023 -0.606663 0.781814 -0.143969 0.082112 0.910360 2 29 0.520000 30 0.480000
  29 -25.691532 4.181048 36.116333 0.159925 0.986751 -0.027335 0.076652 0.901026 2 29 0.550000 30 0.450000
v_hands
  30 -25.577990 4.130271 35.452358 0.141359 0.981194 -0.131435 0.069627 0.929776 1 30 1.000000
  30 -25.715097 4.081375 35.394104 -0.565024 0.760548 -0.319866 0.075819 0.931709 1 30 1.000000
  29 -25.891359 4.124122 35.992023 -0.606663 0.781814 -0.143969 0.082112 0.910360 2 29 0.520000 30 0.480000
v_hands
  29 -25.973606 4.149014 36.728470 -0.635711 0.771325 0.030479 0.090488 0.883969 1 29 1.000000
  28 -25.705214 4.237971 36.833885 0.060495 0.996756 -0.053079 0.081198 0.873712 1 28 1.000000
  29 -25.691532 4.181048 36.116333 0.159925 0.986751 -0.027335 0.076652 0.901026 2 29 0.550000 30 0.450000
v_hands
  29 -25.973606 4.149014 36.728470 -0.635711 0.771325 0.030479 0.090488 0.883969 1 29 1.000000
  29 -25.691532 4.181048 36.116333 0.159925 0.986751 -0.027335 0.076652 0.901026 2 29 0.550000 30 0.450000
  29 -25.929937 4.108979 36.229359 -0.651169 0.751447 -0.106333 0.085746 0.901799 2 29 0.709000 30 0.291000
v_hands
  29 -25.691532 4.181048 36.116333 0.159925 0.986751 -0.027335 0.076652 0.901026 2 29 0.550000 30 0.450000
  29 -25.891359 4.124122 35.992023 -0.606663 0.781814 -0.143969 0.082112 0.910360 2 29 0.520000 30 0.480000
  29 -25.929937 4.108979 36.229359 -0.651169 0.751447 -0.106333 0.085746 0.901799 2 29 0.709000 30 0.291000
v_hands
  29 -25.929937 4.108979 36.229359 -0.651169 0.751447 -0.106333 0.085746 0.901799 2 29 0.709000 30 0.291000
  29 -25.891359 4.124122 35.992023 -0.606663 0.781814 -0.143969 0.082112 0.910360 2 29 0.520000 30 0.480000
  29 -25.995136 3.923083 35.972752 -0.923935 0.316697 -0.214584 0.090427 0.915499 2 29 0.520000 30 0.480000
v_hands
  30 -25.715097 4.081375 35.394104 -0.565024 0.760548 -0.319866 0.075819 0.931709 1 30 1.000000
  29 -25.995136 3.923083 35.972752 -0.923935 0.316697 -0.214584 0.090427 0.915499 2 29 0.520000 30 0.480000
  29 -25.891359 4.124122 35.992023 -0.606663 0.781814 -0.143969 0.082112 0.910360 2 29 0.520000 30 0.480000
v_hands
  30 -25.715097 4.081375 35.394104 -0.565024 0.760548 -0.319866 0.075819 0.931709 1 30 1.000000
  30 -25.797247 3.901103 35.356720 -0.887240 0.268297 -0.375262 0.083035 0.936526 1 30 1.000000
  29 -25.995136 3.923083 35.972752 -0.923935 0.316697 -0.214584 0.090427 0.915499 2 29 0.520000 30 0.480000
v_hands
  30 -25.633526 3.857078 35.002502 -0.506803 0.203148 -0.837784 0.076740 0.953232 1 30 1.000000
  30 -25.797247 3.901103 35.356720 -0.887240 0.268297 -0.375262 0.083035 0.936526 1 30 1.000000
  30 -25.715097 4.081375 35.394104 -0.565024 0.760548 -0.319866 0.075819 0.931709 1 30 1.000000
v_hands
  30 -25.633526 3.857078 35.002502 -0.506803 0.203148 -0.837784 0.076740 0.953232 1 30 1.000000
  30 -25.715097 4.081375 35.394104 -0.565024 0.760548 -0.319866 0.075819 0.931709 1 30 1.000000
  30 -25.581142 4.004787 35.053764 -0.346300 0.676263 -0.650188 0.070574 0.949841 1 30 1.000000
v_hands
  30 -25.581142 4.004787 35.053764 -0.346300 0.676263 -0.650188 0.070574 0.949841 1 30 1.000000
  30 -25.459461 3.828532 34.999172 0.322405 -0.000997 -0.946601 0.074962 0.958347 1 30 1.000000
  30 -25.633526 3.857078 35.002502 -0.506803 0.203148 -0.837784 0.076740 0.953232 1 30 1.000000
v_hands
  30 -25.581142 4.004787 35.053764 -0.346300 0.676263 -0.650188 0.070574 0.949841 1 30 1.000000
  30 -25.418337 4.016933 35.054710 0.330923 0.701088 -0.631637 0.065157 0.950980 1 30 1.000000
  30 -25.459461 3.828532 34.999172 0.322405 -0.000997 -0.946601 0.074962 0.958347 1 30 1.000000
v_hands
  30 -25.418337 4.016933 35.054710 0.330923 0.701088 -0.631637 0.065157 0.950980 1 30 1.000000
  30 -25.581142 4.004787 35.053764 -0.346300 0.676263 -0.650188 0.070574 0.949841 1 30 1.000000
  30 -25.715097 4.081375 35.394104 -0.565024 0.760548 -0.319866 0.075819 0.931709 1 30 1.000000
v_hands
  30 -25.418337 4.016933 35.054710 0.330923 0.701088 -0.631637 0.065157 0.950980 1 30 1.000000
  30 -25.715097 4.081375 35.394104 -0.565024 0.760548 -0.319866 0.075819 0.931709 1 30 1.000000
  30 -25.577990 4.130271 35.452358 0.141359 0.981194 -0.131435 0.070498 0.930212 1 30 1.000000
v_hands
  33 -26.135479 3.166794 34.571716 0.901754 0.244538 -0.356428 0.355482 0.948845 1 33 1.000000
  33 -26.156004 2.847012 35.045746 0.787616 -0.616165 0.001218 0.344914 0.937349 1 33 1.000000
  33 -26.175182 2.875741 34.572807 0.819813 -0.449956 -0.354184 0.346356 0.948711 1 33 1.000000
v_hands
  33 -26.135479 3.166794 34.571716 0.901754 0.244538 -0.356428 0.355482 0.948845 1 33 1.000000
  33 -26.108646 3.226368 35.057693 0.907324 0.416706 -0.055853 0.357360 0.936811 1 33 1.000000
  33 -26.156004 2.847012 35.045746 0.787616 -0.616165 0.001218 0.344914 0.937349 1 33 1.000000
v_hands
  33 -26.108646 3.226368 35.057693 0.907324 0.416706 -0.055853 0.357360 0.936811 1 33 1.000000
  32 -26.145987 2.890631 35.799568 0.817442 -0.513112 -0.261733 0.344612 0.917496 2 32 0.949000 33 0.051000
  33 -26.156004 2.847012 35.045746 0.787616 -0.616165 0.001218 0.344914 0.937349 1 33 1.000000
v_hands
  33 -26.108646 3.226368 35.057693 0.907324 0.416706 -0.055853 0.357360 0.936811 1 33 1.000000
  32 -26.093832 3.302847 35.787888 0.813726 0.560693 -0.153212 0.357529 0.917647 2 32 0.949000 33 0.051000
  32 -26.145987 2.890631 35.799568 0.817442 -0.513112 -0.261733 0.344612 0.917496 2 32 0.949000 33 0.051000
v_hands
  32 -26.093832 3.302847 35.787888 0.813726 0.560693 -0.153212 0.357529 0.917647 2 32 0.949000 33 0.051000
  32 -25.927458 2.804846 36.298103 0.649614 -0.602760 -0.463338 0.344736 0.900551 1 32 1.000000
  32 -26.145987 2.890631 35.799568 0.817442 -0.513112 -0.261733 0.344612 0.917496 2 32 0.949000 33 0.051000
v_hands
  33 -26.156004 2.847012 35.045746 0.787616 -0.616165 0.001218 0.344914 0.937349 1 33 1.000000
  33 -26.502579 2.706907 34.883068 -0.090115 -0.992119 -0.087053 0.338059 0.939409 1 33 1.000000
  33 -26.342983 2.767028 34.483070 0.191404 -0.785564 -0.588433 0.339106 0.953060 1 33 1.000000
v_hands
  33 -26.156004 2.847012 35.045746 0.787616 -0.616165 0.001218 0.344914 0.937349 1 33 1.000000
  33 -26.342983 2.767028 34.483070 0.191404 -0.785564 -0.588433 0.339106 0.953060 1 33 1.000000
  33 -26.175182 2.875741 34.572807 0.819813 -0.449956 -0.354184 0.346356 0.948711 1 33 1.000000
v_hands
  33 -26.326797 3.039733 34.385822 0.309152 -0.028401 -0.950588 0.350901 0.956294 1 33 1.000000
  33 -26.175182 2.875741 34.572807 0.819813 -0.449956 -0.354184 0.346356 0.948711 1 33 1.000000
  33 -26.342983 2.767028 34.483070 0.191404 -0.785564 -0.588433 0.339106 0.953060 1 33 1.000000
v_hands
  33 -26.175182 2.875741 34.572807 0.819813 -0.449956 -0.354184 0.346356 0.948711 1 33 1.000000
  33 -26.326797 3.039733 34.385822 0.309152 -0.028401 -0.950588 0.350901 0.956294 1 33 1.000000
  33 -26.135479 3.166794 34.571716 0.901754 0.244538 -0.356428 0.355482 0.948845 1 33 1.000000
v_hands
  33 -26.135479 3.166794 34.571716 0.901754 0.244538 -0.356428 0.355482 0.948845 1 33 1.000000
  33 -26.326797 3.039733 34.385822 0.309152 -0.028401 -0.950588 0.350901 0.956294 1 33 1.000000
  33 -26.263103 3.319146 34.505501 0.338679 0.777428 -0.530002 0.359886 0.952669 1 33 1.000000
v_hands
  33 -26.342670 3.376928 34.901192 0.203967 0.973563 -0.102818 0.363078 0.938510 1 33 1.000000
  33 -26.135479 3.166794 34.571716 0.901754 0.244538 -0.356428 0.355482 0.948845 1 33 1.000000
  33 -26.263103 3.319146 34.505501 0.338679 0.777428 -0.530002 0.359886 0.952669 1 33 1.000000
v_hands
  33 -26.342670 3.376928 34.901192 0.203967 0.973563 -0.102818 0.363078 0.938510 1 33 1.000000
  33 -26.108646 3.226368 35.057693 0.907324 0.416706 -0.055853 0.357360 0.936811 1 33 1.000000
  33 -26.135479 3.166794 34.571716 0.901754 0.244538 -0.356428 0.355482 0.948845 1 33 1.000000
v_hands
  32 -26.354624 3.403422 35.557297 0.142624 0.987760 -0.063156 0.363972 0.922257 1 32 1.000000
  33 -26.108646 3.226368 35.057693 0.907324 0.416706 -0.055853 0.357360 0.936811 1 33 1.000000
  33 -26.342670 3.376928 34.901192 0.203967 0.973563 -0.102818 0.363078 0.938510 1 33 1.000000
v_hands
  32 -26.354624 3.403422 35.557297 0.142624 0.987760 -0.063156 0.363972 0.922257 1 32 1.000000
  32 -26.093832 3.302847 35.787888 0.813726 0.560693 -0.153212 0.357529 0.917647 2 32 0.949000 33 0.051000
  33 -26.108646 3.226368 35.057693 0.907324 0.416706 -0.055853 0.357360 0.936811 1 33 1.000000
v_hands
  32 -26.354624 3.403422 35.557297 0.142624 0.987760 -0.063156 0.363972 0.922257 1 32 1.000000
  32 -25.880083 3.232197 36.290390 0.801660 0.384427 -0.457773 0.358123 0.900732 1 32 1.000000
  32 -26.093832 3.302847 35.787888 0.813726 0.560693 -0.153212 0.357529 0.917647 2 32 0.949000 33 0.051000
v_hands
  32 -26.093832 3.302847 35.787888 0.813726 0.560693 -0.153212 0.357529 0.917647 2 32 0.949000 33 0.051000
  32 -25.880083 3.232197 36.290390 0.801660 0.384427 -0.457773 0.358123 0.900732 1 32 1.000000
  32 -25.927458 2.804846 36.298103 0.649614 -0.602760 -0.463338 0.344736 0.900551 1 32 1.000000
v_hands
  32 -25.927458 2.804846 36.298103 0.649614 -0.602760 -0.463338 0.344736 0.900551 1 32 1.000000
  32 -25.880083 3.232197 36.290390 0.801660 0.384427 -0.457773 0.358123 0.900732 1 32 1.000000
  31 -25.474508 3.229853 36.767689 0.748848 0.467349 -0.469907 0.359353 0.883135 2 31 0.853000 27 0.147000
v_hands
  32 -25.927458 2.804846 36.298103 0.649614 -0.602760 -0.463338 0.344736 0.900551 1 32 1.000000
  31 -25.474508 3.229853 36.767689 0.748848 0.467349 -0.469907 0.359353 0.883135 2 31 0.853000 27 0.147000
  31 -25.539158 2.707035 36.734901 0.628253 -0.610919 -0.481743 0.343094 0.884423 2 31 0.853000 27 0.147000
v_hands
  31 -25.539158 2.707035 36.734901 0.628253 -0.610919 -0.481743 0.343094 0.884423 2 31 0.853000 27 0.147000
  31 -25.474508 3.229853 36.767689 0.748848 0.467349 -0.469907 0.359353 0.883135 2 31 0.853000 27 0.147000
  31 -25.267242 3.217963 37.160679 0.604026 0.108374 -0.789562 0.360673 0.872440 2 31 0.568000 27 0.432000
v_hands
  31 -25.474508 3.229853 36.767689 0.748848 0.467349 -0.469907 0.359353 0.883135 2 31 0.853000 27 0.147000
  31 -25.743898 3.434229 37.208233 -0.126323 0.974153 -0.187263 0.364605 0.880600 1 31 1.000000
  31 -25.267242 3.217963 37.160679 0.604026 0.108374 -0.789562 0.360673 0.872440 2 31 0.568000 27 0.432000
v_hands
  28 -25.150419 3.404705 37.173248 0.523872 -0.327043 -0.786512 0.367568 0.870900 2 28 0.942132 27 0.057868
  31 -25.267242 3.217963 37.160679 0.604026 0.108374 -0.789562 0.360673 0.872440 2 31 0.568000 27 0.432000
  31 -25.743898 3.434229 37.208233 -0.126323 0.974153 -0.187263 0.364605 0.880600 1 31 1.000000
v_hands
  28 -25.150419 3.404705 37.173248 0.523872 -0.327043 -0.786512 0.367568 0.870900 2 28 0.942132 27 0.057868
  31 -25.743898 3.434229 37.208233 -0.126323 0.974153 -0.187263 0.364605 0.880600 1 31 1.000000
  28 -25.697584 3.468857 37.206360 -0.497878 -0.624749 -0.601503 0.365912 0.880275 1 28 1.000000
v_hands
  28 -25.697584 3.468857 37.206360 -0.497878 -0.624749 -0.601503 0.365912 0.880275 1 28 1.000000
  28 -25.329456 3.491008 36.948566 0.443743 -0.750049 -0.490427 0.369752 0.880368 1 28 1.000000
  28 -25.150419 3.404705 37.173248 0.523872 -0.327043 -0.786512 0.367568 0.870900 2 28 0.942132 27 0.057868
v_hands
  28 -26.038334 3.578740 36.841427 -0.487927 -0.872645 0.020465 0.366667 0.896891 1 28 1.000000
  28 -25.329456 3.491008 36.948566 0.443743 -0.750049 -0.490427 0.369752 0.880368 1 28 1.000000
  28 -25.697584 3.468857 37.206360 -0.497878 -0.624749 -0.601503 0.365912 0.880275 1 28 1.000000
v_hands
  27 -24.919777 3.347673 37.435219 0.623439 -0.297424 -0.723093 0.366413 0.860233 2 27 0.787000 31 0.213000
  31 -25.267242 3.217963 37.160679 0.604026 0.108374 -0.789562 0.360673 0.872440 2 31 0.568000 27 0.432000
  28 -25.150419 3.404705 37.173248 0.523872 -0.327043 -0.786512 0.367568 0.870900 2 28 0.942132 27 0.057868
v_hands
  28 -25.150419 3.404705 37.173248 0.523872 -0.327043 -0.786512 0.367568 0.870900 2 28 0.942132 27 0.057868
  28 -25.329456 3.491008 36.948566 0.443743 -0.750049 -0.490427 0.369752 0.880368 1 28 1.000000
  28 -25.229036 3.969774 36.969593 0.781024 0.389784 -0.487924 0.384445 0.878158 1 28 1.000000
v_hands
  31 -25.743898 3.434229 37.208233 -0.126323 0.974153 -0.187263 0.364605 0.880600 1 31 1.000000
  31 -25.474508 3.229853 36.767689 0.748848 0.467349 -0.469907 0.359353 0.883135 2 31 0.853000 27 0.147000
  31 -26.008959 3.479922 36.688698 0.136244 0.986214 -0.093908 0.365000 0.895335 1 31 1.000000
v_hands
  32 -25.880083 3.232197 36.290390 0.801660 0.384427 -0.457773 0.358123 0.900732 1 32 1.000000
  31 -26.008959 3.479922 36.688698 0.136244 0.986214 -0.093908 0.365000 0.895335 1 31 1.000000
  31 -25.474508 3.229853 36.767689 0.748848 0.467349 -0.469907 0.359353 0.883135 2 31 0.853000 27 0.147000
v_hands
  31 -26.008959 3.479922 36.688698 0.136244 0.986214 -0.093908 0.365000 0.895335 1 31 1.000000
  32 -25.880083 3.232197 36.290390 0.801660 0.384427 -0.457773 0.358123 0.900732 1 32 1.000000
  32 -26.354624 3.403422 35.557297 0.142624 0.987760 -0.063156 0.363972 0.922257 1 32 1.000000
v_hands
  29 -25.510357 3.594862 36.494034 0.574705 -0.794609 -0.195732 0.372382 0.893197 1 29 1.000000
  29 -25.431404 3.976731 36.518227 0.908136 0.378633 -0.178680 0.384557 0.892455 1 29 1.000000
  28 -25.229036 3.969774 36.969593 0.781024 0.389784 -0.487924 0.384445 0.878158 1 28 1.000000
v_hands
  29 -25.431404 3.976731 36.518227 0.908136 0.378633 -0.178680 0.384557 0.892455 1 29 1.000000
  28 -25.705214 4.237971 36.833885 0.060495 0.996756 -0.053079 0.397123 0.888917 1 28 1.000000
  28 -25.229036 3.969774 36.969593 0.781024 0.389784 -0.487924 0.384445 0.878158 1 28 1.000000
v_hands
  28 -25.268311 4.238122 37.453693 0.153773 0.973341 -0.170181 0.398953 0.870541 2 28 0.859000 27 0.141000
  28 -25.229036 3.969774 36.969593 0.781024 0.389784 -0.487924 0.384445 0.878158 1 28 1.000000
  28 -25.705214 4.237971 36.833885 0.060495 0.996756 -0.053079 0.397123 0.888917 1 28 1.000000
v_hands
  28 -25.229036 3.969774 36.969593 0.781024 0.389784 -0.487924 0.384445 0.878158 1 28 1.000000
  28 -25.268311 4.238122 37.453693 0.153773 0.973341 -0.170181 0.398953 0.870541 2 28 0.859000 27 0.141000
  28 -25.040886 3.921282 37.191788 0.683950 0.321145 -0.655040 0.384456 0.870769 2 28 0.796000 27 0.204000
v_hands
  28 -25.150419 3.404705 37.173248 0.523872 -0.327043 -0.786512 0.367568 0.870900 2 28 0.942132 27 0.057868
  28 -25.229036 3.969774 36.969593 0.781024 0.389784 -0.487924 0.384445 0.878158 1 28 1.000000
  28 -25.040886 3.921282 37.191788 0.683950 0.321145 -0.655040 0.384456 0.870769 2 28 0.796000 27 0.204000
v_hands
  28 -25.150419 3.404705 37.173248 0.523872 -0.327043 -0.786512 0.367568 0.870900 2 28 0.942132 27 0.057868
  28 -25.040886 3.921282 37.191788 0.683950 0.321145 -0.655040 0.384456 0.870769 2 28 0.796000 27 0.204000
  27 -24.425589 3.480542 37.794556 0.621221 -0.052004 -0.781908 0.372967 0.840363 1 27 1.000000
v_hands
  28 -25.150419 3.404705 37.173248 0.523872 -0.327043 -0.786512 0.367568 0.870900 2 28 0.942132 27 0.057868
  27 -24.425589 3.480542 37.794556 0.621221 -0.052004 -0.781908 0.372967 0.840363 1 27 1.000000
  27 -24.919777 3.347673 37.435219 0.623439 -0.297424 -0.723093 0.366413 0.860233 2 27 0.787000 31 0.213000
v_hands
  27 -24.425589 3.480542 37.794556 0.621221 -0.052004 -0.781908 0.372967 0.840363 1 27 1.000000
  27 -25.032354 2.466192 37.453556 0.675723 -0.061610 -0.734576 0.338812 0.860940 3 27 0.581593 31 0.213000 34 0.205407
  27 -24.919777 3.347673 37.435219 0.623439 -0.297424 -0.723093 0.366413 0.860233 2 27 0.787000 31 0.213000
v_hands
  27 -25.032354 2.466192 37.453556 0.675723 -0.061610 -0.734576 0.338812 0.860940 3 27 0.581593 31 0.213000 34 0.205407
  31 -25.267242 3.217963 37.160679 0.604026 0.108374 -0.789562 0.360673 0.872440 2 31 0.568000 27 0.432000
  27 -24.919777 3.347673 37.435219 0.623439 -0.297424 -0.723093 0.366413 0.860233 2 27 0.787000 31 0.213000
v_hands
  27 -25.032354 2.466192 37.453556 0.675723 -0.061610 -0.734576 0.338812 0.860940 3 27 0.581593 31 0.213000 34 0.205407
  31 -25.430225 2.680934 37.023453 0.663438 -0.305011 -0.683241 0.342657 0.875804 2 31 0.799000 27 0.201000
  31 -25.267242 3.217963 37.160679 0.604026 0.108374 -0.789562 0.360673 0.872440 2 31 0.568000 27 0.432000
v_hands
  31 -25.539158 2.707035 36.734901 0.628253 -0.610919 -0.481743 0.343094 0.884423 2 31 0.853000 27 0.147000
  31 -25.267242 3.217963 37.160679 0.604026 0.108374 -0.789562 0.360673 0.872440 2 31 0.568000 27 0.432000
  31 -25.430225 2.680934 37.023453 0.663438 -0.305011 -0.683241 0.342657 0.875804 2 31 0.799000 27 0.201000
v_hands
  31 -26.009596 2.550397 37.029892 -0.315484 -0.766863 -0.558919 0.337060 0.886963 1 31 1.000000
  31 -25.539158 2.707035 36.734901 0.628253 -0.610919 -0.481743 0.343094 0.884423 2 31 0.853000 27 0.147000
  31 -25.430225 2.680934 37.023453 0.663438 -0.305011 -0.683241 0.342657 0.875804 2 31 0.799000 27 0.201000
v_hands
  31 -26.198915 2.614574 36.690514 -0.065582 -0.989169 -0.131317 0.337384 0.893773 1 31 1.000000
  31 -25.539158 2.707035 36.734901 0.628253 -0.610919 -0.481743 0.343094 0.884423 2 31 0.853000 27 0.147000
  31 -26.009596 2.550397 37.029892 -0.315484 -0.766863 -0.558919 0.337060 0.886963 1 31 1.000000
v_hands
  31 -26.198915 2.614574 36.690514 -0.065582 -0.989169 -0.131317 0.337384 0.893773 1 31 1.000000
  32 -25.927458 2.804846 36.298103 0.649614 -0.602760 -0.463338 0.344736 0.900551 1 32 1.000000
  31 -25.539158 2.707035 36.734901 0.628253 -0.610919 -0.481743 0.343094 0.884423 2 31 0.853000 27 0.147000
v_hands
  32 -26.530304 2.701806 35.579735 -0.013738 -0.998406 -0.054744 0.337011 0.921946 1 32 1.000000
  32 -25.927458 2.804846 36.298103 0.649614 -0.602760 -0.463338 0.344736 0.900551 1 32 1.000000
  31 -26.198915 2.614574 36.690514 -0.065582 -0.989169 -0.131317 0.337384 0.893773 1 31 1.000000
v_hands
  32 -25.927458 2.804846 36.298103 0.649614 -0.602760 -0.463338 0.344736 0.900551 1 32 1.000000
  32 -26.530304 2.701806 35.579735 -0.013738 -0.998406 -0.054744 0.337011 0.921946 1 32 1.000000
  32 -26.145987 2.890631 35.799568 0.817442 -0.513112 -0.261733 0.344612 0.917496 2 32 0.949000 33 0.051000
v_hands
  33 -26.502579 2.706907 34.883068 -0.090115 -0.992119 -0.087053 0.338059 0.939409 1 33 1.000000
  32 -26.145987 2.890631 35.799568 0.817442 -0.513112 -0.261733 0.344612 0.917496 2 32 0.949000 33 0.051000
  32 -26.530304 2.701806 35.579735 -0.013738 -0.998406 -0.054744 0.337011 0.921946 1 32 1.000000
v_hands
  33 -26.502579 2.706907 34.883068 -0.090115 -0.992119 -0.087053 0.338059 0.939409 1 33 1.000000
  33 -26.156004 2.847012 35.045746 0.787616 -0.616165 0.001218 0.344914 0.937349 1 33 1.000000
  32 -26.145987 2.890631 35.799568 0.817442 -0.513112 -0.261733 0.344612 0.917496 2 32 0.949000 33 0.051000
v_hands
  28 -25.705214 4.237971 36.833885 0.060495 0.996756 -0.053079 0.397123 0.888917 1 28 1.000000
  29 -25.431404 3.976731 36.518227 0.908136 0.378633 -0.178680 0.384557 0.892455 1 29 1.000000
  29 -25.691532 4.181048 36.116333 0.159925 0.986751 -0.027335 0.396776 0.911045 2 29 0.550000 30 0.450000
v_hands
  27 -24.102442 4.299318 38.149094 0.431348 0.731795 -0.527651 0.405466 0.828837 2 27 0.910000 28 0.090000
  27 -24.425589 3.480542 37.794556 0.621221 -0.052004 -0.781908 0.372967 0.840363 1 27 1.000000
  27 -24.581663 4.240614 37.720837 0.401181 0.690507 -0.601875 0.400084 0.847557 2 27 0.712000 28 0.288000
v_hands
  27 -24.425589 3.480542 37.794556 0.621221 -0.052004 -0.781908 0.372967 0.840363 1 27 1.000000
  28 -25.040886 3.921282 37.191788 0.683950 0.321145 -0.655040 0.384456 0.870769 2 28 0.796000 27 0.204000
  27 -24.581663 4.240614 37.720837 0.401181 0.690507 -0.601875 0.400084 0.847557 2 27 0.712000 28 0.288000
v_hands
  29 -25.510357 3.594862 36.494034 0.574705 -0.794609 -0.195732 0.372382 0.893197 1 29 1.000000
  28 -25.229036 3.969774 36.969593 0.781024 0.389784 -0.487924 0.384445 0.878158 1 28 1.000000
  28 -25.329456 3.491008 36.948566 0.443743 -0.750049 -0.490427 0.369752 0.880368 1 28 1.000000
v_hands
  28 -26.038334 3.578740 36.841427 -0.487927 -0.872645 0.020465 0.366667 0.896891 1 28 1.000000
  29 -25.510357 3.594862 36.494034 0.574705 -0.794609 -0.195732 0.372382 0.893197 1 29 1.000000
  28 -25.329456 3.491008 36.948566 0.443743 -0.750049 -0.490427 0.369752 0.880368 1 28 1.000000
v_hands
  29 -25.927956 3.597751 36.134064 -0.386308 -0.918220 -0.087398 0.367006 0.909675 2 29 0.541000 30 0.459000
  29 -25.510357 3.594862 36.494034 0.574705 -0.794609 -0.195732 0.372382 0.893197 1 29 1.000000
  28 -26.038334 3.578740 36.841427 -0.487927 -0.872645 0.020465 0.366667 0.896891 1 28 1.000000
v_hands
  29 -25.510357 3.594862 36.494034 0.574705 -0.794609 -0.195732 0.372382 0.893197 1 29 1.000000
  29 -25.927956 3.597751 36.134064 -0.386308 -0.918220 -0.087398 0.367006 0.909675 2 29 0.541000 30 0.459000
  30 -25.508579 3.624564 35.939125 0.638707 -0.766127 0.071430 0.374058 0.922954 2 30 0.919000 29 0.081000
v_hands
  30 -25.704718 3.572819 35.447487 -0.270814 -0.955940 -0.113305 0.367050 0.929092 1 30 1.000000
  30 -25.508579 3.624564 35.939125 0.638707 -0.766127 0.071430 0.374058 0.922954 2 30 0.919000 29 0.081000
  29 -25.927956 3.597751 36.134064 -0.386308 -0.918220 -0.087398 0.367006 0.909675 2 29 0.541000 30 0.459000
v_hands
  30 -25.704718 3.572819 35.447487 -0.270814 -0.955940 -0.113305 0.367050 0.929092 1 30 1.000000
  30 -25.429392 3.612193 35.482838 0.661854 -0.744852 0.084530 0.373827 0.934257 1 30 1.000000
  30 -25.508579 3.624564 35.939125 0.638707 -0.766127 0.071430 0.374058 0.922954 2 30 0.919000 29 0.081000
v_hands
  30 -25.520014 3.612641 35.036537 0.012863 -0.743969 -0.668090 0.369003 0.944835 1 30 1.000000
  30 -25.429392 3.612193 35.482838 0.661854 -0.744852 0.084530 0.373827 0.934257 1 30 1.000000
  30 -25.704718 3.572819 35.447487 -0.270814 -0.955940 -0.113305 0.367050 0.929092 1 30 1.000000
v_hands
  30 -25.520014 3.612641 35.036537 0.012863 -0.743969 -0.668090 0.369003 0.944835 1 30 1.000000
  30 -25.402130 3.600654 35.095802 0.586910 -0.731252 -0.347574 0.374887 0.943362 1 30 1.000000
  30 -25.429392 3.612193 35.482838 0.661854 -0.744852 0.084530 0.373827 0.934257 1 30 1.000000
v_hands
  30 -25.459461 3.828532 34.999172 0.322405 -0.000997 -0.946601 0.379813 0.945781 1 30 1.000000
  30 -25.402130 3.600654 35.095802 0.586910 -0.731252 -0.347574 0.374887 0.943362 1 30 1.000000
  30 -25.520014 3.612641 35.036537 0.012863 -0.743969 -0.668090 0.369003 0.944835 1 30 1.000000
v_hands
  30 -25.327576 3.960056 35.103138 0.879367 0.320057 -0.352530 0.382918 0.942474 1 30 1.000000
  30 -25.402130 3.600654 35.095802 0.586910 -0.731252 -0.347574 0.374887 0.943362 1 30 1.000000
  30 -25.459461 3.828532 34.999172 0.322405 -0.000997 -0.946601 0.379813 0.945781 1 30 1.000000
v_hands
  30 -25.418337 4.016933 35.054710 0.330923 0.701088 -0.631637 0.386490 0.943631 1 30 1.000000
  30 -25.327576 3.960056 35.103138 0.879367 0.320057 -0.352530 0.382918 0.942474 1 30 1.000000
  30 -25.459461 3.828532 34.999172 0.322405 -0.000997 -0.946601 0.379813 0.945781 1 30 1.000000
v_hands
  30 -25.577990 4.130271 35.452358 0.141359 0.981194 -0.131435 0.392302 0.931037 1 30 1.000000
  30 -25.327576 3.960056 35.103138 0.879367 0.320057 -0.352530 0.382918 0.942474 1 30 1.000000
  30 -25.418337 4.016933 35.054710 0.330923 0.701088 -0.631637 0.386490 0.943631 1 30 1.000000
v_hands
  30 -25.577990 4.130271 35.452358 0.141359 0.981194 -0.131435 0.392302 0.931037 1 30 1.000000
  30 -25.335384 3.975037 35.498009 0.930946 0.356343 0.079742 0.385638 0.933536 1 30 1.000000
  30 -25.327576 3.960056 35.103138 0.879367 0.320057 -0.352530 0.382918 0.942474 1 30 1.000000
v_hands
  29 -25.691532 4.181048 36.116333 0.159925 0.986751 -0.027335 0.396776 0.911045 2 29 0.550000 30 0.450000
  30 -25.335384 3.975037 35.498009 0.930946 0.356343 0.079742 0.385638 0.933536 1 30 1.000000
  30 -25.577990 4.130271 35.452358 0.141359 0.981194 -0.131435 0.392302 0.931037 1 30 1.000000
v_hands
  29 -25.691532 4.181048 36.116333 0.159925 0.986751 -0.027335 0.396776 0.911045 2 29 0.550000 30 0.450000
  30 -25.422764 4.001919 35.962181 0.919917 0.381377 0.091131 0.385998 0.922084 2 30 0.919000 29 0.081000
  30 -25.335384 3.975037 35.498009 0.930946 0.356343 0.079742 0.385638 0.933536 1 30 1.000000
v_hands
  29 -25.691532 4.181048 36.116333 0.159925 0.986751 -0.027335 0.396776 0.911045 2 29 0.550000 30 0.450000
  29 -25.431404 3.976731 36.518227 0.908136 0.378633 -0.178680 0.384557 0.892455 1 29 1.000000
  30 -25.422764 4.001919 35.962181 0.919917 0.381377 0.091131 0.385998 0.922084 2 30 0.919000 29 0.081000
v_hands
  29 -25.431404 3.976731 36.518227 0.908136 0.378633 -0.178680 0.384557 0.892455 1 29 1.000000
  30 -25.508579 3.624564 35.939125 0.638707 -0.766127 0.071430 0.374058 0.922954 2 30 0.919000 29 0.081000
  30 -25.422764 4.001919 35.962181 0.919917 0.381377 0.091131 0.385998 0.922084 2 30 0.919000 29 0.081000
v_hands
  29 -25.431404 3.976731 36.518227 0.908136 0.378633 -0.178680 0.384557 0.892455 1 29 1.000000
  29 -25.510357 3.594862 36.494034 0.574705 -0.794609 -0.195732 0.372382 0.893197 1 29 1.000000
  30 -25.508579 3.624564 35.939125 0.638707 -0.766127 0.071430 0.374058 0.922954 2 30 0.919000 29 0.081000
v_hands
  30 -25.335384 3.975037 35.498009 0.930946 0.356343 0.079742 0.385638 0.933536 1 30 1.000000
  30 -25.402130 3.600654 35.095802 0.586910 -0.731252 -0.347574 0.374887 0.943362 1 30 1.000000
  30 -25.327576 3.960056 35.103138 0.879367 0.320057 -0.352530 0.382918 0.942474 1 30 1.000000
v_hands
  30 -25.335384 3.975037 35.498009 0.930946 0.356343 0.079742 0.385638 0.933536 1 30 1.000000
  30 -25.429392 3.612193 35.482838 0.661854 -0.744852 0.084530 0.373827 0.934257 1 30 1.000000
  30 -25.402130 3.600654 35.095802 0.586910 -0.731252 -0.347574 0.374887 0.943362 1 30 1.000000
v_hands
  30 -25.335384 3.975037 35.498009 0.930946 0.356343 0.079742 0.385638 0.933536 1 30 1.000000
  30 -25.508579 3.624564 35.939125 0.638707 -0.766127 0.071430 0.374058 0.922954 2 30 0.919000 29 0.081000
  30 -25.429392 3.612193 35.482838 0.661854 -0.744852 0.084530 0.373827 0.934257 1 30 1.000000
v_hands
  30 -25.335384 3.975037 35.498009 0.930946 0.356343 0.079742 0.385638 0.933536 1 30 1.000000
  30 -25.422764 4.001919 35.962181 0.919917 0.381377 0.091131 0.385998 0.922084 2 30 0.919000 29 0.081000
  30 -25.508579 3.624564 35.939125 0.638707 -0.766127 0.071430 0.374058 0.922954 2 30 0.919000 29 0.081000
v_hands
  20 26.883837 1.377443 35.388496 0.807700 0.582604 -0.090520 0.223577 0.944598 2 20 0.703000 19 0.297000
  20 26.852467 1.116726 34.803379 0.981309 -0.020986 -0.191291 0.236292 0.961293 1 20 1.000000
  20 26.807173 1.360237 34.810707 0.863878 0.481434 -0.148109 0.226619 0.961424 1 20 1.000000
v_hands
  20 26.883837 1.377443 35.388496 0.807700 0.582604 -0.090520 0.223577 0.944598 2 20 0.703000 19 0.297000
  20 26.936970 1.125970 35.390266 0.997022 0.005201 -0.076943 0.232157 0.942697 2 20 0.703000 19 0.297000
  20 26.852467 1.116726 34.803379 0.981309 -0.020986 -0.191291 0.236292 0.961293 1 20 1.000000
v_hands
  19 26.943211 1.126212 35.673302 0.999010 -0.014540 0.042047 0.230528 0.937501 2 19 0.811000 20 0.189000
  20 26.936970 1.125970 35.390266 0.997022 0.005201 -0.076943 0.232157 0.942697 2 20 0.703000 19 0.297000
  20 26.883837 1.377443 35.388496 0.807700 0.582604 -0.090520 0.223577 0.944598 2 20 0.703000 19 0.297000
v_hands
  19 26.872112 0.828323 35.650169 0.735247 -0.676053 0.048612 0.241990 0.936449 2 19 0.811000 20 0.189000
  19 26.943211 1.126212 35.673302 0.999010 -0.014540 0.042047 0.230528 0.937501 2 19 0.811000 20 0.189000
  19 26.839821 1.101259 36.581829 0.960197 -0.145867 0.238209 0.226323 0.903808 2 19 0.727000 18 0.273000
v_hands
  19 26.872112 0.828323 35.650169 0.735247 -0.676053 0.048612 0.241990 0.936449 2 19 0.811000 20 0.189000
  20 26.936970 1.125970 35.390266 0.997022 0.005201 -0.076943 0.232157 0.942697 2 20 0.703000 19 0.297000
  19 26.943211 1.126212 35.673302 0.999010 -0.014540 0.042047 0.230528 0.937501 2 19 0.811000 20 0.189000
v_hands
  19 26.872112 0.828323 35.650169 0.735247 -0.676053 0.048612 0.241990 0.936449 2 19 0.811000 20 0.189000
  20 26.879597 0.813186 35.385704 0.734484 -0.677925 -0.030850 0.244416 0.940675 2 20 0.703000 19 0.297000
  20 26.936970 1.125970 35.390266 0.997022 0.005201 -0.076943 0.232157 0.942697 2 20 0.703000 19 0.297000
v_hands
  20 26.936970 1.125970 35.390266 0.997022 0.005201 -0.076943 0.232157 0.942697 2 20 0.703000 19 0.297000
  20 26.879597 0.813186 35.385704 0.734484 -0.677925 -0.030850 0.244416 0.940675 2 20 0.703000 19 0.297000
  20 26.796167 0.843674 34.812603 0.747897 -0.629120 -0.211797 0.246836 0.959434 1 20 1.000000
v_hands
  20 26.936970 1.125970 35.390266 0.997022 0.005201 -0.076943 0.232157 0.942697 2 20 0.703000 19 0.297000
  20 26.796167 0.843674 34.812603 0.747897 -0.629120 -0.211797 0.246836 0.959434 1 20 1.000000
  20 26.852467 1.116726 34.803379 0.981309 -0.020986 -0.191291 0.236292 0.961293 1 20 1.000000
v_hands
  20 26.675087 0.882545 34.390709 0.494377 -0.642914 -0.585024 0.248740 0.973659 1 20 1.000000
  20 26.852467 1.116726 34.803379 0.981309 -0.020986 -0.191291 0.236292 0.961293 1 20 1.000000
  20 26.796167 0.843674 34.812603 0.747897 -0.629120 -0.211797 0.246836 0.959434 1 20 1.000000
v_hands
  20 26.675087 0.882545 34.390709 0.494377 -0.642914 -0.585024 0.248740 0.973659 1 20 1.000000
  20 26.743177 1.125726 34.315113 0.644192 -0.059305 -0.762561 0.238800 0.978792 1 20 1.000000
  20 26.852467 1.116726 34.803379 0.981309 -0.020986 -0.191291 0.236292 0.961293 1 20 1.000000
v_hands
  20 26.743177 1.125726 34.315113 0.644192 -0.059305 -0.762561 0.238800 0.978792 1 20 1.000000
  20 26.807173 1.360237 34.810707 0.863878 0.481434 -0.148109 0.226619 0.961424 1 20 1.000000
  20 26.852467 1.116726 34.803379 0.981309 -0.020986 -0.191291 0.236292 0.961293 1 20 1.000000
v_hands
  20 26.743177 1.125726 34.315113 0.644192 -0.059305 -0.762561 0.238800 0.978792 1 20 1.000000
  20 26.705652 1.347246 34.367413 0.559181 0.553859 -0.616893 0.229749 0.977854 1 20 1.000000
  20 26.807173 1.360237 34.810707 0.863878 0.481434 -0.148109 0.226619 0.961424 1 20 1.000000
v_hands
  18 26.007572 1.564829 37.036591 0.137467 0.745087 -0.652647 0.200808 0.882079 1 18 1.000000
  18 26.159014 1.463029 37.596867 0.927013 0.258838 0.271386 0.202190 0.864135 1 18 1.000000
  18 26.520077 1.570909 36.672417 0.125743 0.992012 -0.010034 0.207181 0.901730 2 18 0.502000 19 0.498000
v_hands
  18 26.685032 1.452732 36.918114 0.738773 0.572788 0.355144 0.211358 0.895922 2 18 0.652000 19 0.348000
  18 26.520077 1.570909 36.672417 0.125743 0.992012 -0.010034 0.207181 0.901730 2 18 0.502000 19 0.498000
  18 26.159014 1.463029 37.596867 0.927013 0.258838 0.271386 0.202190 0.864135 1 18 1.000000
v_hands
  18 26.685032 1.452732 36.918114 0.738773 0.572788 0.355144 0.211358 0.895922 2 18 0.652000 19 0.348000
  18 26.159014 1.463029 37.596867 0.927013 0.258838 0.271386 0.202190 0.864135 1 18 1.000000
  18 26.418018 1.116303 37.474602 0.856865 -0.086081 0.508303 0.219065 0.872944 2 18 0.850000 8 0.150000
v_hands
  18 26.685032 1.452732 36.918114 0.738773 0.572788 0.355144 0.211358 0.895922 2 18 0.652000 19 0.348000
  18 26.418018 1.116303 37.474602 0.856865 -0.086081 0.508303 0.219065 0.872944 2 18 0.850000 8 0.150000
  18 26.708710 1.097711 36.929798 0.893413 -0.192680 0.405817 0.224568 0.894288 2 18 0.652000 19 0.348000
v_hands
  18 26.574814 0.762268 36.816822 0.601371 -0.745942 0.286224 0.236265 0.892938 2 18 0.652000 19 0.348000
  18 26.708710 1.097711 36.929798 0.893413 -0.192680 0.405817 0.224568 0.894288 2 18 0.652000 19 0.348000
  18 26.418018 1.116303 37.474602 0.856865 -0.086081 0.508303 0.219065 0.872944 2 18 0.850000 8 0.150000
v_hands
  18 26.574814 0.762268 36.816822 0.601371 -0.745942 0.286224 0.236265 0.892938 2 18 0.652000 19 0.348000
  19 26.839821 1.101259 36.581829 0.960197 -0.145867 0.238209 0.226323 0.903808 2 19 0.727000 18 0.273000
  18 26.708710 1.097711 36.929798 0.893413 -0.192680 0.405817 0.224568 0.894288 2 18 0.652000 19 0.348000
v_hands
  18 26.574814 0.762268 36.816822 0.601371 -0.745942 0.286224 0.236265 0.892938 2 18 0.652000 19 0.348000
  19 26.678659 0.764583 36.587582 0.650902 -0.736767 0.183033 0.239252 0.899870 2 19 0.727000 18 0.273000
  19 26.839821 1.101259 36.581829 0.960197 -0.145867 0.238209 0.226323 0.903808 2 19 0.727000 18 0.273000
v_hands
  19 26.872112 0.828323 35.650169 0.735247 -0.676053 0.048612 0.241990 0.936449 2 19 0.811000 20 0.189000
  19 26.839821 1.101259 36.581829 0.960197 -0.145867 0.238209 0.226323 0.903808 2 19 0.727000 18 0.273000
  19 26.678659 0.764583 36.587582 0.650902 -0.736767 0.183033 0.239252 0.899870 2 19 0.727000 18 0.273000
v_hands
  19 26.567755 0.743258 35.508507 -0.136465 -0.989527 -0.047058 0.252256 0.934940 2 19 0.502000 20 0.498000
  19 26.872112 0.828323 35.650169 0.735247 -0.676053 0.048612 0.241990 0.936449 2 19 0.811000 20 0.189000
  19 26.678659 0.764583 36.587582 0.650902 -0.736767 0.183033 0.239252 0.899870 2 19 0.727000 18 0.273000
v_hands
  19 26.567755 0.743258 35.508507 -0.136465 -0.989527 -0.047058 0.252256 0.934940 2 19 0.502000 20 0.498000
  20 26.879597 0.813186 35.385704 0.734484 -0.677925 -0.030850 0.244416 0.940675 2 20 0.703000 19 0.297000
  19 26.872112 0.828323 35.650169 0.735247 -0.676053 0.048612 0.241990 0.936449 2 19 0.811000 20 0.189000
v_hands
  20 26.879597 0.813186 35.385704 0.734484 -0.677925 -0.030850 0.244416 0.940675 2 20 0.703000 19 0.297000
  19 26.567755 0.743258 35.508507 -0.136465 -0.989527 -0.047058 0.252256 0.934940 2 19 0.502000 20 0.498000
  20 26.584568 0.753150 34.845459 -0.109732 -0.983855 -0.141382 0.254391 0.956025 1 20 1.000000
v_hands
  20 26.879597 0.813186 35.385704 0.734484 -0.677925 -0.030850 0.244416 0.940675 2 20 0.703000 19 0.297000
  20 26.584568 0.753150 34.845459 -0.109732 -0.983855 -0.141382 0.254391 0.956025 1 20 1.000000
  20 26.796167 0.843674 34.812603 0.747897 -0.629120 -0.211797 0.246836 0.959434 1 20 1.000000
v_hands
  20 26.539753 0.853657 34.388950 -0.271296 -0.737931 -0.617945 0.256652 0.974279 1 20 1.000000
  20 26.796167 0.843674 34.812603 0.747897 -0.629120 -0.211797 0.246836 0.959434 1 20 1.000000
  20 26.584568 0.753150 34.845459 -0.109732 -0.983855 -0.141382 0.254391 0.956025 1 20 1.000000
v_hands
  20 26.539753 0.853657 34.388950 -0.271296 -0.737931 -0.617945 0.256652 0.974279 1 20 1.000000
  20 26.675087 0.882545 34.390709 0.494377 -0.642914 -0.585024 0.248740 0.973659 1 20 1.000000
  20 26.796167 0.843674 34.812603 0.747897 -0.629120 -0.211797 0.246836 0.959434 1 20 1.000000
v_hands
  20 26.675087 0.882545 34.390709 0.494377 -0.642914 -0.585024 0.248740 0.973659 1 20 1.000000
  20 26.539753 0.853657 34.388950 -0.271296 -0.737931 -0.617945 0.256652 0.974279 1 20 1.000000
  20 26.559301 1.140703 34.303139 -0.304325 0.010646 -0.952509 0.240178 0.986072 1 20 1.000000
v_hands
  20 26.675087 0.882545 34.390709 0.494377 -0.642914 -0.585024 0.248740 0.973659 1 20 1.000000
  20 26.559301 1.140703 34.303139 -0.304325 0.010646 -0.952509 0.240178 0.986072 1 20 1.000000
  20 26.743177 1.125726 34.315113 0.644192 -0.059305 -0.762561 0.238800 0.978792 1 20 1.000000
v_hands
  20 26.743177 1.125726 34.315113 0.644192 -0.059305 -0.762561 0.238800 0.978792 1 20 1.000000
  20 26.559301 1.140703 34.303139 -0.304325 0.010646 -0.952509 0.240178 0.986072 1 20 1.000000
  20 26.586439 1.380880 34.365047 -0.199283 0.727500 -0.656529 0.223937 0.982546 1 20 1.000000
v_hands
  20 26.743177 1.125726 34.315113 0.644192 -0.059305 -0.762561 0.238800 0.978792 1 20 1.000000
  20 26.586439 1.380880 34.365047 -0.199283 0.727500 -0.656529 0.223937 0.982546 1 20 1.000000
  20 26.705652 1.347246 34.367413 0.559181 0.553859 -0.616893 0.229749 0.977854 1 20 1.000000
v_hands
  20 26.705652 1.347246 34.367413 0.559181 0.553859 -0.616893 0.229749 0.977854 1 20 1.000000
  20 26.586439 1.380880 34.365047 -0.199283 0.727500 -0.656529 0.223937 0.982546 1 20 1.000000
  20 26.683971 1.480447 34.819023 0.175965 0.979441 -0.098652 0.218377 0.961595 1 20 1.000000
v_hands
  20 26.705652 1.347246 34.367413 0.559181 0.553859 -0.616893 0.229749 0.977854 1 20 1.000000
  20 26.683971 1.480447 34.819023 0.175965 0.979441 -0.098652 0.218377 0.961595 1 20 1.000000
  20 26.807173 1.360237 34.810707 0.863878 0.481434 -0.148109 0.226619 0.961424 1 20 1.000000
v_hands
  19 26.709982 1.483338 35.516769 0.086414 0.994126 -0.065160 0.214796 0.940301 2 19 0.502000 20 0.498000
  20 26.807173 1.360237 34.810707 0.863878 0.481434 -0.148109 0.226619 0.961424 1 20 1.000000
  20 26.683971 1.480447 34.819023 0.175965 0.979441 -0.098652 0.218377 0.961595 1 20 1.000000
v_hands
  19 26.709982 1.483338 35.516769 0.086414 0.994126 -0.065160 0.214796 0.940301 2 19 0.502000 20 0.498000
  20 26.883837 1.377443 35.388496 0.807700 0.582604 -0.090520 0.223577 0.944598 2 20 0.703000 19 0.297000
  20 26.807173 1.360237 34.810707 0.863878 0.481434 -0.148109 0.226619 0.961424 1 20 1.000000
v_hands
  19 26.883297 1.403524 35.671967 0.788355 0.615150 0.009295 0.221347 0.937772 2 19 0.811000 20 0.189000
  20 26.883837 1.377443 35.388496 0.807700 0.582604 -0.090520 0.223577 0.944598 2 20 0.703000 19 0.297000
  19 26.709982 1.483338 35.516769 0.086414 0.994126 -0.065160 0.214796 0.940301 2 19 0.502000 20 0.498000
v_hands
  19 26.943211 1.126212 35.673302 0.999010 -0.014540 0.042047 0.230528 0.937501 2 19 0.811000 20 0.189000
  20 26.883837 1.377443 35.388496 0.807700 0.582604 -0.090520 0.223577 0.944598 2 20 0.703000 19 0.297000
  19 26.883297 1.403524 35.671967 0.788355 0.615150 0.009295 0.221347 0.937772 2 19 0.811000 20 0.189000
v_hands
  19 26.943211 1.126212 35.673302 0.999010 -0.014540 0.042047 0.230528 0.937501 2 19 0.811000 20 0.189000
  19 26.883297 1.403524 35.671967 0.788355 0.615150 0.009295 0.221347 0.937772 2 19 0.811000 20 0.189000
  19 26.787058 1.435798 36.624420 0.816688 0.551676 0.169335 0.214307 0.904685 2 19 0.727000 18 0.273000
v_hands
  19 26.943211 1.126212 35.673302 0.999010 -0.014540 0.042047 0.230528 0.937501 2 19 0.811000 20 0.189000
  19 26.787058 1.435798 36.624420 0.816688 0.551676 0.169335 0.214307 0.904685 2 19 0.727000 18 0.273000
  19 26.839821 1.101259 36.581829 0.960197 -0.145867 0.238209 0.226323 0.903808 2 19 0.727000 18 0.273000
v_hands
  18 26.708710 1.097711 36.929798 0.893413 -0.192680 0.405817 0.224568 0.894288 2 18 0.652000 19 0.348000
  19 26.839821 1.101259 36.581829 0.960197 -0.145867 0.238209 0.226323 0.903808 2 19 0.727000 18 0.273000
  19 26.787058 1.435798 36.624420 0.816688 0.551676 0.169335 0.214307 0.904685 2 19 0.727000 18 0.273000
v_hands
  18 26.708710 1.097711 36.929798 0.893413 -0.192680 0.405817 0.224568 0.894288 2 18 0.652000 19 0.348000
  19 26.787058 1.435798 36.624420 0.816688 0.551676 0.169335 0.214307 0.904685 2 19 0.727000 18 0.273000
  18 26.685032 1.452732 36.918114 0.738773 0.572788 0.355144 0.211358 0.895922 2 18 0.652000 19 0.348000
v_hands
  18 26.685032 1.452732 36.918114 0.738773 0.572788 0.355144 0.211358 0.895922 2 18 0.652000 19 0.348000
  19 26.787058 1.435798 36.624420 0.816688 0.551676 0.169335 0.214307 0.904685 2 19 0.727000 18 0.273000
  18 26.520077 1.570909 36.672417 0.125743 0.992012 -0.010034 0.207181 0.901730 2 18 0.502000 19 0.498000
v_hands
  19 26.883297 1.403524 35.671967 0.788355 0.615150 0.009295 0.221347 0.937772 2 19 0.811000 20 0.189000
  18 26.520077 1.570909 36.672417 0.125743 0.992012 -0.010034 0.207181 0.901730 2 18 0.502000 19 0.498000
  19 26.787058 1.435798 36.624420 0.816688 0.551676 0.169335 0.214307 0.904685 2 19 0.727000 18 0.273000
v_hands
  19 26.883297 1.403524 35.671967 0.788355 0.615150 0.009295 0.221347 0.937772 2 19 0.811000 20 0.189000
  19 26.709982 1.483338 35.516769 0.086414 0.994126 -0.065160 0.214796 0.940301 2 19 0.502000 20 0.498000
  18 26.520077 1.570909 36.672417 0.125743 0.992012 -0.010034 0.207181 0.901730 2 18 0.502000 19 0.498000
v_hands
  19 26.567755 0.743258 35.508507 -0.136465 -0.989527 -0.047058 0.252256 0.934940 2 19 0.502000 20 0.498000
  19 26.678659 0.764583 36.587582 0.650902 -0.736767 0.183033 0.239252 0.899870 2 19 0.727000 18 0.273000
  18 26.289536 0.638977 36.552925 -0.094398 -0.989564 -0.108865 0.250031 0.893623 2 18 0.502000 19 0.498000
v_hands
  18 26.289536 0.638977 36.552925 -0.094398 -0.989564 -0.108865 0.250031 0.893623 2 18 0.502000 19 0.498000
  19 26.678659 0.764583 36.587582 0.650902 -0.736767 0.183033 0.239252 0.899870 2 19 0.727000 18 0.273000
  18 26.574814 0.762268 36.816822 0.601371 -0.745942 0.286224 0.236265 0.892938 2 18 0.652000 19 0.348000
v_hands
  18 26.289536 0.638977 36.552925 -0.094398 -0.989564 -0.108865 0.250031 0.893623 2 18 0.502000 19 0.498000
  18 26.574814 0.762268 36.816822 0.601371 -0.745942 0.286224 0.236265 0.892938 2 18 0.652000 19 0.348000
  18 26.209692 0.745952 37.431770 0.518460 -0.792617 0.320869 0.235526 0.868616 1 18 1.000000
v_hands
  18 26.574814 0.762268 36.816822 0.601371 -0.745942 0.286224 0.236265 0.892938 2 18 0.652000 19 0.348000
  18 26.418018 1.116303 37.474602 0.856865 -0.086081 0.508303 0.219065 0.872944 2 18 0.850000 8 0.150000
  18 26.209692 0.745952 37.431770 0.518460 -0.792617 0.320869 0.235526 0.868616 1 18 1.000000
v_hands
  18 26.209692 0.745952 37.431770 0.518460 -0.792617 0.320869 0.235526 0.868616 1 18 1.000000
  18 26.418018 1.116303 37.474602 0.856865 -0.086081 0.508303 0.219065 0.872944 2 18 0.850000 8 0.150000
  8 25.789406 0.701169 38.028416 0.449029 -0.864295 0.226644 0.231754 0.845676 2 8 0.679000 18 0.321000
v_hands
  8 25.789406 0.701169 38.028416 0.449029 -0.864295 0.226644 0.231754 0.845676 2 8 0.679000 18 0.321000
  18 26.418018 1.116303 37.474602 0.856865 -0.086081 0.508303 0.219065 0.872944 2 18 0.850000 8 0.150000
  8 25.949890 1.010653 38.282562 0.758862 -0.447590 0.473066 0.216180 0.844045 2 8 0.577000 18 0.423000
v_hands
  8 25.591549 0.672464 38.268711 0.361484 -0.885885 0.290754 0.231161 0.837892 1 8 1.000000
  8 25.789406 0.701169 38.028416 0.449029 -0.864295 0.226644 0.231754 0.845676 2 8 0.679000 18 0.321000
  8 25.949890 1.010653 38.282562 0.758862 -0.447590 0.473066 0.216180 0.844045 2 8 0.577000 18 0.423000
v_hands
  8 25.591549 0.672464 38.268711 0.361484 -0.885885 0.290754 0.231161 0.837892 1 8 1.000000
  8 25.949890 1.010653 38.282562 0.758862 -0.447590 0.473066 0.216180 0.844045 2 8 0.577000 18 0.423000
  8 25.762291 1.003731 38.531326 0.646055 -0.443969 0.620890 0.216049 0.834718 2 8 0.697000 18 0.303000
v_hands
  8 25.591549 0.672464 38.268711 0.361484 -0.885885 0.290754 0.231161 0.837892 1 8 1.000000
  8 25.762291 1.003731 38.531326 0.646055 -0.443969 0.620890 0.216049 0.834718 2 8 0.697000 18 0.303000
  8 25.155556 0.675472 38.665775 0.368457 -0.881422 0.295523 0.233329 0.822099 1 8 1.000000
v_hands
  8 25.762291 1.003731 38.531326 0.646055 -0.443969 0.620890 0.216049 0.834718 2 8 0.697000 18 0.303000
  8 25.228971 0.852071 38.886421 0.547696 -0.587886 0.595331 0.223306 0.817703 1 8 1.000000
  8 25.155556 0.675472 38.665775 0.368457 -0.881422 0.295523 0.233329 0.822099 1 8 1.000000
v_hands
  8 25.155556 0.675472 38.665775 0.368457 -0.881422 0.295523 0.233329 0.822099 1 8 1.000000
  8 25.228971 0.852071 38.886421 0.547696 -0.587886 0.595331 0.223306 0.817703 1 8 1.000000
  8 24.487375 0.649685 39.293705 0.505523 -0.729384 0.460918 0.237168 0.796272 1 8 1.000000
v_hands
  8 24.487375 0.649685 39.293705 0.505523 -0.729384 0.460918 0.237168 0.796272 1 8 1.000000
  8 25.228971 0.852071 38.886421 0.547696 -0.587886 0.595331 0.223306 0.817703 1 8 1.000000
  8 24.893288 1.414508 39.490883 0.677466 -0.290428 0.675790 0.196418 0.796736 1 8 1.000000
v_hands
  8 24.487375 0.649685 39.293705 0.505523 -0.729384 0.460918 0.237168 0.796272 1 8 1.000000
  8 24.893288 1.414508 39.490883 0.677466 -0.290428 0.675790 0.196418 0.796736 1 8 1.000000
  8 23.989019 1.417239 40.503361 0.747520 -0.315238 0.584670 0.195700 0.759308 1 8 1.000000
v_hands
  8 24.943806 2.354677 39.606083 0.759271 0.020554 0.650449 0.166674 0.800085 1 8 1.000000
  8 23.989019 1.417239 40.503361 0.747520 -0.315238 0.584670 0.195700 0.759308 1 8 1.000000
  8 24.893288 1.414508 39.490883 0.677466 -0.290428 0.675790 0.196418 0.796736 1 8 1.000000
v_hands
  8 24.943806 2.354677 39.606083 0.759271 0.020554 0.650449 0.166674 0.800085 1 8 1.000000
  8 24.083420 2.163169 40.652241 0.795912 -0.105394 0.596168 0.172097 0.758010 1 8 1.000000
  8 23.989019 1.417239 40.503361 0.747520 -0.315238 0.584670 0.195700 0.759308 1 8 1.000000
v_hands
  8 24.083420 2.163169 40.652241 0.795912 -0.105394 0.596168 0.172097 0.758010 1 8 1.000000
  8 23.628693 1.433415 40.994286 0.731821 -0.401427 0.550721 0.194906 0.740117 2 8 0.691000 7 0.309000
  8 23.989019 1.417239 40.503361 0.747520 -0.315238 0.584670 0.195700 0.759308 1 8 1.000000
v_hands
  8 23.989019 1.417239 40.503361 0.747520 -0.315238 0.584670 0.195700 0.759308 1 8 1.000000
  8 23.628693 1.433415 40.994286 0.731821 -0.401427 0.550721 0.194906 0.740117 2 8 0.691000 7 0.309000
  8 23.731691 0.646129 40.272163 0.449628 -0.694103 0.562188 0.235696 0.757629 1 8 1.000000
v_hands
  8 23.290974 0.967731 40.785271 0.336896 -0.792698 0.508066 0.230093 0.734608 2 8 0.691000 7 0.309000
  8 23.731691 0.646129 40.272163 0.449628 -0.694103 0.562188 0.235696 0.757629 1 8 1.000000
  8 23.628693 1.433415 40.994286 0.731821 -0.401427 0.550721 0.194906 0.740117 2 8 0.691000 7 0.309000
v_hands
  8 24.487375 0.649685 39.293705 0.505523 -0.729384 0.460918 0.237168 0.796272 1 8 1.000000
  8 23.989019 1.417239 40.503361 0.747520 -0.315238 0.584670 0.195700 0.759308 1 8 1.000000
  8 23.731691 0.646129 40.272163 0.449628 -0.694103 0.562188 0.235696 0.757629 1 8 1.000000
v_hands
  18 26.289536 0.638977 36.552925 -0.094398 -0.989564 -0.108865 0.250031 0.893623 2 18 0.502000 19 0.498000
  18 26.209692 0.745952 37.431770 0.518460 -0.792617 0.320869 0.235526 0.868616 1 18 1.000000
  18 25.823601 0.645356 37.172947 -0.102178 -0.983347 -0.150295 0.249771 0.864844 1 18 1.000000
v_hands
  18 25.379305 0.631545 37.672245 0.000556 -0.994029 -0.109116 0.249316 0.845634 2 18 0.622000 8 0.378000
  18 25.823601 0.645356 37.172947 -0.102178 -0.983347 -0.150295 0.249771 0.864844 1 18 1.000000
  18 26.209692 0.745952 37.431770 0.518460 -0.792617 0.320869 0.235526 0.868616 1 18 1.000000
v_hands
  18 25.379305 0.631545 37.672245 0.000556 -0.994029 -0.109116 0.249316 0.845634 2 18 0.622000 8 0.378000
  18 26.209692 0.745952 37.431770 0.518460 -0.792617 0.320869 0.235526 0.868616 1 18 1.000000
  8 25.789406 0.701169 38.028416 0.449029 -0.864295 0.226644 0.231754 0.845676 2 8 0.679000 18 0.321000
v_hands
  18 25.379305 0.631545 37.672245 0.000556 -0.994029 -0.109116 0.249316 0.845634 2 18 0.622000 8 0.378000
  8 25.789406 0.701169 38.028416 0.449029 -0.864295 0.226644 0.231754 0.845676 2 8 0.679000 18 0.321000
  8 25.591549 0.672464 38.268711 0.361484 -0.885885 0.290754 0.231161 0.837892 1 8 1.000000
v_hands
  18 25.379305 0.631545 37.672245 0.000556 -0.994029 -0.109116 0.249316 0.845634 2 18 0.622000 8 0.378000
  8 25.591549 0.672464 38.268711 0.361484 -0.885885 0.290754 0.231161 0.837892 1 8 1.000000
  18 25.212444 0.607817 37.814373 -0.024185 -0.992005 -0.123861 0.249295 0.839929 2 18 0.799000 8 0.201000
v_hands
  8 25.155556 0.675472 38.665775 0.368457 -0.881422 0.295523 0.233329 0.822099 1 8 1.000000
  18 25.212444 0.607817 37.814373 -0.024185 -0.992005 -0.123861 0.249295 0.839929 2 18 0.799000 8 0.201000
  8 25.591549 0.672464 38.268711 0.361484 -0.885885 0.290754 0.231161 0.837892 1 8 1.000000
v_hands
  8 25.155556 0.675472 38.665775 0.368457 -0.881422 0.295523 0.233329 0.822099 1 8 1.000000
  8 24.829741 0.579316 38.197033 0.100921 -0.977678 -0.184282 0.249689 0.827069 1 8 1.000000
  18 25.212444 0.607817 37.814373 -0.024185 -0.992005 -0.123861 0.249295 0.839929 2 18 0.799000 8 0.201000
v_hands
  8 25.155556 0.675472 38.665775 0.368457 -0.881422 0.295523 0.233329 0.822099 1 8 1.000000
  8 24.301851 0.414848 38.238499 0.367660 -0.738709 -0.564920 0.265518 0.819803 2 8 0.853000 21 0.147000
  8 24.829741 0.579316 38.197033 0.100921 -0.977678 -0.184282 0.249689 0.827069 1 8 1.000000
v_hands
  8 25.155556 0.675472 38.665775 0.368457 -0.881422 0.295523 0.233329 0.822099 1 8 1.000000
  8 24.290930 0.329936 38.499973 0.515645 -0.856270 0.030202 0.258752 0.812198 2 8 0.838000 21 0.162000
  8 24.301851 0.414848 38.238499 0.367660 -0.738709 -0.564920 0.265518 0.819803 2 8 0.853000 21 0.147000
v_hands
  8 24.487375 0.649685 39.293705 0.505523 -0.729384 0.460918 0.237168 0.796272 1 8 1.000000
  8 24.290930 0.329936 38.499973 0.515645 -0.856270 0.030202 0.258752 0.812198 2 8 0.838000 21 0.162000
  8 25.155556 0.675472 38.665775 0.368457 -0.881422 0.295523 0.233329 0.822099 1 8 1.000000
v_hands
  8 24.487375 0.649685 39.293705 0.505523 -0.729384 0.460918 0.237168 0.796272 1 8 1.000000
  8 24.021236 0.373110 39.092434 0.456826 -0.829846 0.320414 0.254570 0.791277 1 8 1.000000
  8 24.290930 0.329936 38.499973 0.515645 -0.856270 0.030202 0.258752 0.812198 2 8 0.838000 21 0.162000
v_hands
  8 24.487375 0.649685 39.293705 0.505523 -0.729384 0.460918 0.237168 0.796272 1 8 1.000000
  8 23.397018 0.364955 39.964787 0.188762 -0.883497 0.428721 0.261614 0.757202 1 8 1.000000
  8 24.021236 0.373110 39.092434 0.456826 -0.829846 0.320414 0.254570 0.791277 1 8 1.000000
v_hands
  8 24.487375 0.649685 39.293705 0.505523 -0.729384 0.460918 0.237168 0.796272 1 8 1.000000
  8 23.731691 0.646129 40.272163 0.449628 -0.694103 0.562188 0.235696 0.757629 1 8 1.000000
  8 23.397018 0.364955 39.964787 0.188762 -0.883497 0.428721 0.261614 0.757202 1 8 1.000000
v_hands
  8 23.731691 0.646129 40.272163 0.449628 -0.694103 0.562188 0.235696 0.757629 1 8 1.000000
  8 22.817371 0.729038 40.483337 -0.034201 -0.904904 0.424240 0.267542 0.731147 2 8 0.691000 7 0.309000
  8 23.397018 0.364955 39.964787 0.188762 -0.883497 0.428721 0.261614 0.757202 1 8 1.000000
v_hands
  7 14.656050 4.993791 50.805626 -0.084704 0.975566 0.202720 0.063068 0.323029 2 7 0.583000 6 0.417000
  6 13.139107 4.250729 50.237762 -0.569664 0.713450 -0.408010 0.009577 0.305161 2 6 0.709000 7 0.291000
  6 13.771845 4.648409 51.587234 -0.002490 0.996696 0.081180 0.056183 0.283974 2 6 0.712000 7 0.288000
v_hands
  7 14.656050 4.993791 50.805626 -0.084704 0.975566 0.202720 0.063068 0.323029 2 7 0.583000 6 0.417000
  7 14.058290 4.629218 49.786491 -0.466250 0.863589 -0.191900 0.023420 0.334626 2 7 0.583000 6 0.417000
  6 13.139107 4.250729 50.237762 -0.569664 0.713450 -0.408010 0.009577 0.305161 2 6 0.709000 7 0.291000
v_hands
  7 15.527740 5.147441 49.708694 0.046846 0.988882 0.141132 0.059998 0.367316 2 7 0.775000 6 0.225000
  7 14.058290 4.629218 49.786491 -0.466250 0.863589 -0.191900 0.023420 0.334626 2 7 0.583000 6 0.417000
  7 14.656050 4.993791 50.805626 -0.084704 0.975566 0.202720 0.063068 0.323029 2 7 0.583000 6 0.417000
v_hands
  7 15.527740 5.147441 49.708694 0.046846 0.988882 0.141132 0.059998 0.367316 2 7 0.775000 6 0.225000
  7 14.775620 4.990340 49.181747 -0.415789 0.895245 -0.160172 0.032128 0.363705 2 7 0.775000 6 0.225000
  7 14.058290 4.629218 49.786491 -0.466250 0.863589 -0.191900 0.023420 0.334626 2 7 0.583000 6 0.417000
v_hands
  7 16.477316 5.135198 48.182842 0.057119 0.995350 -0.077566 0.055675 0.423618 1 7 1.000000
  7 14.775620 4.990340 49.181747 -0.415789 0.895245 -0.160172 0.032128 0.363705 2 7 0.775000 6 0.225000
  7 15.527740 5.147441 49.708694 0.046846 0.988882 0.141132 0.059998 0.367316 2 7 0.775000 6 0.225000
v_hands
  7 16.477316 5.135198 48.182842 0.057119 0.995350 -0.077566 0.055675 0.423618 1 7 1.000000
  7 15.705372 4.812604 47.599415 -0.409067 0.822030 -0.396144 0.025400 0.420974 1 7 1.000000
  7 14.775620 4.990340 49.181747 -0.415789 0.895245 -0.160172 0.032128 0.363705 2 7 0.775000 6 0.225000
v_hands
  7 17.852579 4.767251 46.408192 0.059614 0.988585 -0.138365 0.052312 0.495060 1 7 1.000000
  7 15.705372 4.812604 47.599415 -0.409067 0.822030 -0.396144 0.025400 0.420974 1 7 1.000000
  7 16.477316 5.135198 48.182842 0.057119 0.995350 -0.077566 0.055675 0.423618 1 7 1.000000
v_hands
  7 17.852579 4.767251 46.408192 0.059614 0.988585 -0.138365 0.052312 0.495060 1 7 1.000000
  7 16.996071 4.355544 45.675434 -0.414056 0.755573 -0.507609 0.015404 0.493957 1 7 1.000000
  7 15.705372 4.812604 47.599415 -0.409067 0.822030 -0.396144 0.025400 0.420974 1 7 1.000000
v_hands
  7 16.996071 4.355544 45.675434 -0.414056 0.755573 -0.507609 0.015404 0.493957 1 7 1.000000
  7 17.852579 4.767251 46.408192 0.059614 0.988585 -0.138365 0.052312 0.495060 1 7 1.000000
  7 19.157917 4.489944 44.731339 0.026627 0.985970 -0.164784 0.053511 0.564608 1 7 1.000000
v_hands
  7 16.996071 4.355544 45.675434 -0.414056 0.755573 -0.507609 0.015404 0.493957 1 7 1.000000
  7 19.157917 4.489944 44.731339 0.026627 0.985970 -0.164784 0.053511 0.564608 1 7 1.000000
  7 18.507669 4.111567 44.161579 -0.399493 0.746331 -0.532348 0.015532 0.561421 1 7 1.000000
v_hands
  7 20.652782 4.142998 42.997910 0.007674 0.975877 -0.218185 0.063150 0.635258 1 7 1.000000
  7 18.507669 4.111567 44.161579 -0.399493 0.746331 -0.532348 0.015532 0.561421 1 7 1.000000
  7 19.157917 4.489944 44.731339 0.026627 0.985970 -0.164784 0.053511 0.564608 1 7 1.000000
v_hands
  7 20.652782 4.142998 42.997910 0.007674 0.975877 -0.218185 0.063150 0.635258 1 7 1.000000
  7 20.149157 3.805553 42.600639 -0.406155 0.718148 -0.565067 0.030385 0.634988 1 7 1.000000
  7 18.507669 4.111567 44.161579 -0.399493 0.746331 -0.532348 0.015532 0.561421 1 7 1.000000
v_hands
  7 21.631588 3.949553 42.137863 0.028133 0.995290 -0.092772 0.072856 0.675932 1 7 1.000000
  7 20.149157 3.805553 42.600639 -0.406155 0.718148 -0.565067 0.030385 0.634988 1 7 1.000000
  7 20.652782 4.142998 42.997910 0.007674 0.975877 -0.218185 0.063150 0.635258 1 7 1.000000
v_hands
  7 21.631588 3.949553 42.137863 0.028133 0.995290 -0.092772 0.072856 0.675932 1 7 1.000000
  7 21.043058 3.663200 41.629398 -0.450316 0.693285 -0.562647 0.037406 0.678254 1 7 1.000000
  7 20.149157 3.805553 42.600639 -0.406155 0.718148 -0.565067 0.030385 0.634988 1 7 1.000000
v_hands
  7 22.045414 3.882040 41.604774 -0.196210 0.979704 -0.041001 0.075608 0.698965 1 7 1.000000
  7 21.043058 3.663200 41.629398 -0.450316 0.693285 -0.562647 0.037406 0.678254 1 7 1.000000
  7 21.631588 3.949553 42.137863 0.028133 0.995290 -0.092772 0.072856 0.675932 1 7 1.000000
v_hands
  7 22.045414 3.882040 41.604774 -0.196210 0.979704 -0.041001 0.075608 0.698965 1 7 1.000000
  7 21.616804 3.650355 41.202522 -0.470589 0.731609 -0.493248 0.044389 0.700194 1 7 1.000000
  7 21.043058 3.663200 41.629398 -0.450316 0.693285 -0.562647 0.037406 0.678254 1 7 1.000000
v_hands
  7 22.155622 3.924251 41.462917 -0.207619 0.973491 -0.095961 0.075075 0.708202 1 7 1.000000
  7 21.616804 3.650355 41.202522 -0.470589 0.731609 -0.493248 0.044389 0.700194 1 7 1.000000
  7 22.045414 3.882040 41.604774 -0.196210 0.979704 -0.041001 0.075608 0.698965 1 7 1.000000
v_hands
  7 22.331352 3.890818 41.205196 -0.093136 0.967597 -0.234695 0.074471 0.714706 2 7 0.934000 8 0.066000
  7 21.616804 3.650355 41.202522 -0.470589 0.731609 -0.493248 0.044389 0.700194 1 7 1.000000
  7 22.155622 3.924251 41.462917 -0.207619 0.973491 -0.095961 0.075075 0.708202 1 7 1.000000
photograph_sheet
  43 -14.404364 2.513237 35.550747 0.000000 0.000000 -1.000000 0.657000 0.983484 1 43 1.000000
  43 -19.761154 2.477741 35.550747 0.000000 0.000000 -1.000000 0.654630 0.847707 1 43 1.000000
  43 -19.761154 2.513237 35.550747 0.000000 0.000000 -1.000000 0.657000 0.847693 1 43 1.000000
photograph_sheet
  43 -14.404364 2.513237 35.550747 0.000000 0.000000 -1.000000 0.657000 0.983484 1 43 1.000000
  43 -14.404364 2.477741 35.550747 0.000000 0.000000 -1.000000 0.654630 0.983497 1 43 1.000000
  43 -19.761154 2.477741 35.550747 0.000000 0.000000 -1.000000 0.654630 0.847707 1 43 1.000000
photograph_sheet
  46 -19.761150 2.513236 41.942539 -1.000000 0.000000 0.000001 0.657000 0.529570 1 46 1.000000
  46 -19.761150 2.477740 42.415916 -1.000000 0.000000 0.000001 0.654630 0.497978 1 46 1.000000
  46 -19.761150 2.513236 42.415916 -1.000000 0.000000 0.000001 0.657000 0.497965 1 46 1.000000
photograph_sheet
  46 -19.761150 2.513236 41.942539 -1.000000 0.000000 0.000001 0.657000 0.529570 1 46 1.000000
  46 -19.761150 2.477740 41.942539 -1.000000 0.000000 0.000001 0.654630 0.529584 1 46 1.000000
  46 -19.761150 2.477740 42.415916 -1.000000 0.000000 0.000001 0.654630 0.497978 1 46 1.000000
photograph_sheet
  46 -19.761150 2.513236 41.942539 -1.000000 0.000000 0.000001 0.657000 0.529570 1 46 1.000000
  46 -19.761150 2.477740 41.601112 -1.000000 0.000000 0.000001 0.654630 0.552380 1 46 1.000000
  46 -19.761150 2.477740 41.942539 -1.000000 0.000000 0.000001 0.654630 0.529584 1 46 1.000000
photograph_sheet
  46 -19.761150 2.513236 41.942539 -1.000000 0.000000 0.000001 0.657000 0.529570 1 46 1.000000
  46 -19.761150 2.513236 41.601112 -1.000000 0.000000 0.000001 0.657000 0.552366 1 46 1.000000
  46 -19.761150 2.477740 41.601112 -1.000000 0.000000 0.000001 0.654630 0.552380 1 46 1.000000
photograph_sheet
  46 -19.761150 2.513236 41.601112 -1.000000 0.000000 0.000001 0.657000 0.552366 1 46 1.000000
  46 -19.761154 2.477740 41.259686 -1.000000 0.000000 0.000001 0.654630 0.575174 3 46 0.565518 44 0.217241 45 0.217241
  46 -19.761150 2.477740 41.601112 -1.000000 0.000000 0.000001 0.654630 0.552380 1 46 1.000000
photograph_sheet
  46 -19.761150 2.513236 41.601112 -1.000000 0.000000 0.000001 0.657000 0.552366 1 46 1.000000
  46 -19.761154 2.513236 41.259686 -1.000000 0.000000 0.000001 0.657000 0.575160 3 46 0.565518 44 0.217241 45 0.217241
  46 -19.761154 2.477740 41.259686 -1.000000 0.000000 0.000001 0.654630 0.575174 3 46 0.565518 44 0.217241 45 0.217241
photograph_sheet
  44 -19.761158 2.477741 40.712315 -1.000000 0.000000 0.000001 0.654630 0.611718 3 44 0.419438 45 0.419438 46 0.161125
  46 -19.761154 2.477740 41.259686 -1.000000 0.000000 0.000001 0.654630 0.575174 3 46 0.565518 44 0.217241 45 0.217241
  46 -19.761154 2.513236 41.259686 -1.000000 0.000000 0.000001 0.657000 0.575160 3 46 0.565518 44 0.217241 45 0.217241
photograph_sheet
  44 -19.761158 2.477741 40.712315 -1.000000 0.000000 0.000001 0.654630 0.611718 3 44 0.419438 45 0.419438 46 0.161125
  46 -19.761154 2.513236 41.259686 -1.000000 0.000000 0.000001 0.657000 0.575160 3 46 0.565518 44 0.217241 45 0.217241
  44 -19.761158 2.513237 40.712315 -1.000000 0.000000 0.000001 0.657000 0.611704 3 44 0.419438 45 0.419438 46 0.161125
photograph_sheet
  44 -19.761154 2.477740 40.370884 -1.000000 0.000000 0.000001 0.654630 0.634512 2 44 0.500000 45 0.500000
  44 -19.761158 2.477741 40.712315 -1.000000 0.000000 0.000001 0.654630 0.611718 3 44 0.419438 45 0.419438 46 0.161125
  44 -19.761158 2.513237 40.712315 -1.000000 0.000000 0.000001 0.657000 0.611704 3 44 0.419438 45 0.419438 46 0.161125
photograph_sheet
  44 -19.761154 2.477740 40.370884 -1.000000 0.000000 0.000001 0.654630 0.634512 2 44 0.500000 45 0.500000
  44 -19.761158 2.513237 40.712315 -1.000000 0.000000 0.000001 0.657000 0.611704 3 44 0.419438 45 0.419438 46 0.161125
  44 -19.761154 2.513236 40.370884 -1.000000 0.000000 0.000001 0.657000 0.634498 2 44 0.500000 45 0.500000
photograph_sheet
  44 -19.761156 2.477740 40.029457 -1.000000 0.000000 0.000000 0.654630 0.657308 3 44 0.500000 45 0.352750 43 0.147250
  44 -19.761154 2.477740 40.370884 -1.000000 0.000000 0.000001 0.654630 0.634512 2 44 0.500000 45 0.500000
  44 -19.761154 2.513236 40.370884 -1.000000 0.000000 0.000001 0.657000 0.634498 2 44 0.500000 45 0.500000
photograph_sheet
  44 -19.761156 2.477740 40.029457 -1.000000 0.000000 0.000000 0.654630 0.657308 3 44 0.500000 45 0.352750 43 0.147250
  44 -19.761154 2.513236 40.370884 -1.000000 0.000000 0.000001 0.657000 0.634498 2 44 0.500000 45 0.500000
  44 -19.761156 2.513236 40.029457 -1.000000 0.000000 0.000000 0.657000 0.657294 3 44 0.500000 45 0.352750 43 0.147250
photograph_sheet
  44 -19.761156 2.513236 39.552967 -1.000000 0.000000 0.000000 0.657000 0.689108 3 44 0.500000 43 0.352750 45 0.147250
  44 -19.761156 2.477740 40.029457 -1.000000 0.000000 0.000000 0.654630 0.657308 3 44 0.500000 45 0.352750 43 0.147250
  44 -19.761156 2.513236 40.029457 -1.000000 0.000000 0.000000 0.657000 0.657294 3 44 0.500000 45 0.352750 43 0.147250
photograph_sheet
  44 -19.761156 2.513236 39.552967 -1.000000 0.000000 0.000000 0.657000 0.689108 3 44 0.500000 43 0.352750 45 0.147250
  44 -19.761156 2.477740 39.552967 -1.000000 0.000000 0.000000 0.654630 0.689122 3 44 0.500000 43 0.352750 45 0.147250
  44 -19.761156 2.477740 40.029457 -1.000000 0.000000 0.000000 0.654630 0.657308 3 44 0.500000 45 0.352750 43 0.147250
photograph_sheet
  43 -19.761156 2.477741 39.211540 -1.000000 0.000000 0.000000 0.654630 0.711918 2 43 0.500000 44 0.500000
  44 -19.761156 2.477740 39.552967 -1.000000 0.000000 0.000000 0.654630 0.689122 3 44 0.500000 43 0.352750 45 0.147250
  44 -19.761156 2.513236 39.552967 -1.000000 0.000000 0.000000 0.657000 0.689108 3 44 0.500000 43 0.352750 45 0.147250
photograph_sheet
  43 -19.761156 2.477741 39.211540 -1.000000 0.000000 0.000000 0.654630 0.711918 2 43 0.500000 44 0.500000
  44 -19.761156 2.513236 39.552967 -1.000000 0.000000 0.000000 0.657000 0.689108 3 44 0.500000 43 0.352750 45 0.147250
  43 -19.761156 2.513237 39.211540 -1.000000 0.000000 0.000000 0.657000 0.711904 2 43 0.500000 44 0.500000
photograph_sheet
  43 -19.761154 2.477740 38.870110 -1.000000 0.000000 0.000000 0.654630 0.724582 2 43 0.524457 44 0.475543
  43 -19.761156 2.477741 39.211540 -1.000000 0.000000 0.000000 0.654630 0.711918 2 43 0.500000 44 0.500000
  43 -19.761156 2.513237 39.211540 -1.000000 0.000000 0.000000 0.657000 0.711904 2 43 0.500000 44 0.500000
photograph_sheet
  43 -19.761154 2.477740 38.870110 -1.000000 0.000000 0.000000 0.654630 0.724582 2 43 0.524457 44 0.475543
  43 -19.761156 2.513237 39.211540 -1.000000 0.000000 0.000000 0.657000 0.711904 2 43 0.500000 44 0.500000
  43 -19.761154 2.513237 38.870110 -1.000000 0.000000 0.000000 0.657000 0.724568 2 43 0.524457 44 0.475543
photograph_sheet
  43 -19.761154 2.513237 35.550747 -1.000000 0.000000 0.000000 0.657000 0.847693 1 43 1.000000
  43 -19.761154 2.477740 38.870110 -1.000000 0.000000 0.000000 0.654630 0.724582 2 43 0.524457 44 0.475543
  43 -19.761154 2.513237 38.870110 -1.000000 0.000000 0.000000 0.657000 0.724568 2 43 0.524457 44 0.475543
photograph_sheet
  43 -19.761154 2.513237 35.550747 -1.000000 0.000000 0.000000 0.657000 0.847693 1 43 1.000000
  43 -19.761154 2.477741 35.550747 -1.000000 0.000000 0.000000 0.654630 0.847707 1 43 1.000000
  43 -19.761154 2.477740 38.870110 -1.000000 0.000000 0.000000 0.654630 0.724582 2 43 0.524457 44 0.475543
photograph_sheet
  46 -14.404361 2.477740 42.415909 0.000000 -1.000000 0.000000 0.645854 0.501514 1 46 1.000000
  46 -19.761150 2.477740 42.415916 0.000000 -1.000000 0.000000 0.645854 0.996526 1 46 1.000000
  46 -19.761150 2.477740 41.942539 0.000000 -1.000000 0.000000 0.602110 0.996527 1 46 1.000000
photograph_sheet
  46 -14.404361 2.477740 42.415909 0.000000 -1.000000 0.000000 0.645854 0.501514 1 46 1.000000
  46 -19.761150 2.477740 41.942539 0.000000 -1.000000 0.000000 0.602110 0.996527 1 46 1.000000
  46 -14.404361 2.477740 41.942532 0.000000 -1.000000 0.000000 0.602110 0.501514 1 46 1.000000
photograph_sheet
  46 -19.761150 2.477740 41.942539 0.000000 -1.000000 0.000000 0.602110 0.996527 1 46 1.000000
  46 -14.404361 2.477740 41.601105 0.000000 -1.000000 0.000000 0.570559 0.501514 1 46 1.000000
  46 -14.404361 2.477740 41.942532 0.000000 -1.000000 0.000000 0.602110 0.501514 1 46 1.000000
photograph_sheet
  46 -19.761150 2.477740 41.942539 0.000000 -1.000000 0.000000 0.602110 0.996527 1 46 1.000000
  46 -19.761150 2.477740 41.601112 0.000000 -1.000000 0.000000 0.570558 0.996527 1 46 1.000000
  46 -14.404361 2.477740 41.601105 0.000000 -1.000000 0.000000 0.570559 0.501514 1 46 1.000000
photograph_sheet
  46 -19.761150 2.477740 41.601112 0.000000 -1.000000 0.000000 0.570558 0.996527 1 46 1.000000
  46 -14.404364 2.477740 41.259682 0.000000 -1.000000 0.000000 0.539008 0.501514 3 46 0.565518 44 0.217241 45 0.217241
  46 -14.404361 2.477740 41.601105 0.000000 -1.000000 0.000000 0.570559 0.501514 1 46 1.000000
photograph_sheet
  46 -19.761150 2.477740 41.601112 0.000000 -1.000000 0.000000 0.570558 0.996527 1 46 1.000000
  46 -19.761154 2.477740 41.259686 0.000000 -1.000000 0.000000 0.539008 0.996527 3 46 0.565518 44 0.217241 45 0.217241
  46 -14.404364 2.477740 41.259682 0.000000 -1.000000 0.000000 0.539008 0.501514 3 46 0.565518 44 0.217241 45 0.217241
photograph_sheet
  46 -19.761154 2.477740 41.259686 0.000000 -1.000000 0.000000 0.539008 0.996527 3 46 0.565518 44 0.217241 45 0.217241
  44 -14.404366 2.477740 40.712315 0.000000 -1.000000 0.000000 0.488426 0.501514 3 44 0.419438 45 0.419438 46 0.161125
  46 -14.404364 2.477740 41.259682 0.000000 -1.000000 0.000000 0.539008 0.501514 3 46 0.565518 44 0.217241 45 0.217241
photograph_sheet
  46 -19.761154 2.477740 41.259686 0.000000 -1.000000 0.000000 0.539008 0.996527 3 46 0.565518 44 0.217241 45 0.217241
  44 -19.761158 2.477741 40.712315 0.000000 -1.000000 0.000000 0.488426 0.996526 3 44 0.419438 45 0.419438 46 0.161125
  44 -14.404366 2.477740 40.712315 0.000000 -1.000000 0.000000 0.488426 0.501514 3 44 0.419438 45 0.419438 46 0.161125
photograph_sheet
  44 -14.404365 2.477740 40.370884 0.000000 -1.000000 0.000000 0.456876 0.501514 2 44 0.500000 45 0.500000
  44 -14.404366 2.477740 40.712315 0.000000 -1.000000 0.000000 0.488426 0.501514 3 44 0.419438 45 0.419438 46 0.161125
  44 -19.761158 2.477741 40.712315 0.000000 -1.000000 0.000000 0.488426 0.996526 3 44 0.419438 45 0.419438 46 0.161125
photograph_sheet
  44 -14.404365 2.477740 40.370884 0.000000 -1.000000 0.000000 0.456876 0.501514 2 44 0.500000 45 0.500000
  44 -19.761158 2.477741 40.712315 0.000000 -1.000000 0.000000 0.488426 0.996526 3 44 0.419438 45 0.419438 46 0.161125
  44 -19.761154 2.477740 40.370884 0.000000 -1.000000 0.000000 0.456876 0.996526 2 44 0.500000 45 0.500000
photograph_sheet
  44 -14.404364 2.477740 40.029457 0.000000 -1.000000 0.000001 0.425325 0.501514 3 44 0.500000 45 0.352750 43 0.147250
  44 -14.404365 2.477740 40.370884 0.000000 -1.000000 0.000000 0.456876 0.501514 2 44 0.500000 45 0.500000
  44 -19.761154 2.477740 40.370884 0.000000 -1.000000 0.000000 0.456876 0.996526 2 44 0.500000 45 0.500000
photograph_sheet
  44 -14.404364 2.477740 40.029457 0.000000 -1.000000 0.000001 0.425325 0.501514 3 44 0.500000 45 0.352750 43 0.147250
  44 -19.761154 2.477740 40.370884 0.000000 -1.000000 0.000000 0.456876 0.996526 2 44 0.500000 45 0.500000
  44 -19.761156 2.477740 40.029457 0.000000 -1.000000 0.000000 0.425325 0.996526 3 44 0.500000 45 0.352750 43 0.147250
photograph_sheet
  44 -14.404364 2.477740 40.029457 0.000000 -1.000000 0.000001 0.425325 0.501514 3 44 0.500000 45 0.352750 43 0.147250
  44 -19.761156 2.477740 40.029457 0.000000 -1.000000 0.000000 0.425325 0.996526 3 44 0.500000 45 0.352750 43 0.147250
  44 -19.761156 2.477740 39.552967 0.000000 -1.000000 0.000001 0.381293 0.996526 3 44 0.500000 43 0.352750 45 0.147250
photograph_sheet
  44 -14.404364 2.477740 40.029457 0.000000 -1.000000 0.000001 0.425325 0.501514 3 44 0.500000 45 0.352750 43 0.147250
  44 -19.761156 2.477740 39.552967 0.000000 -1.000000 0.000001 0.381293 0.996526 3 44 0.500000 43 0.352750 45 0.147250
  44 -14.404364 2.477740 39.552967 0.000000 -1.000000 0.000001 0.381294 0.501514 3 44 0.500000 43 0.352750 45 0.147250
photograph_sheet
  44 -19.761156 2.477740 39.552967 0.000000 -1.000000 0.000001 0.381293 0.996526 3 44 0.500000 43 0.352750 45 0.147250
  43 -14.404365 2.477740 39.211540 0.000000 -1.000000 0.000000 0.349743 0.501514 2 43 0.500000 44 0.500000
  44 -14.404364 2.477740 39.552967 0.000000 -1.000000 0.000001 0.381294 0.501514 3 44 0.500000 43 0.352750 45 0.147250
photograph_sheet
  44 -19.761156 2.477740 39.552967 0.000000 -1.000000 0.000001 0.381293 0.996526 3 44 0.500000 43 0.352750 45 0.147250
  43 -19.761156 2.477741 39.211540 0.000000 -1.000000 0.000000 0.349743 0.996526 2 43 0.500000 44 0.500000
  43 -14.404365 2.477740 39.211540 0.000000 -1.000000 0.000000 0.349743 0.501514 2 43 0.500000 44 0.500000
photograph_sheet
  43 -19.761156 2.477741 39.211540 0.000000 -1.000000 0.000000 0.349743 0.996526 2 43 0.500000 44 0.500000
  43 -14.404364 2.477740 38.870110 0.000000 -1.000000 0.000000 0.318192 0.501514 2 43 0.524457 44 0.475543
  43 -14.404365 2.477740 39.211540 0.000000 -1.000000 0.000000 0.349743 0.501514 2 43 0.500000 44 0.500000
photograph_sheet
  43 -19.761156 2.477741 39.211540 0.000000 -1.000000 0.000000 0.349743 0.996526 2 43 0.500000 44 0.500000
  43 -19.761154 2.477740 38.870110 0.000000 -1.000000 0.000000 0.318192 0.996526 2 43 0.524457 44 0.475543
  43 -14.404364 2.477740 38.870110 0.000000 -1.000000 0.000000 0.318192 0.501514 2 43 0.524457 44 0.475543
photograph_sheet
  43 -14.404364 2.477740 38.870110 0.000000 -1.000000 0.000000 0.318192 0.501514 2 43 0.524457 44 0.475543
  43 -19.761154 2.477740 38.870110 0.000000 -1.000000 0.000000 0.318192 0.996526 2 43 0.524457 44 0.475543
  43 -19.761154 2.477741 35.550747 0.000000 -1.000000 0.000000 0.011454 0.996526 1 43 1.000000
photograph_sheet
  43 -14.404364 2.477740 38.870110 0.000000 -1.000000 0.000000 0.318192 0.501514 2 43 0.524457 44 0.475543
  43 -19.761154 2.477741 35.550747 0.000000 -1.000000 0.000000 0.011454 0.996526 1 43 1.000000
  43 -14.404364 2.477741 35.550747 0.000000 -1.000000 0.000000 0.011454 0.501514 1 43 1.000000
photograph_sheet
  43 -14.582760 2.513236 39.211540 0.000000 1.000000 0.000000 0.349743 0.483089 2 43 0.500000 44 0.500000
  44 -14.582761 2.513236 39.552967 0.000000 1.000000 -0.000001 0.381293 0.483089 3 44 0.500000 43 0.352750 45 0.147250
  44 -14.404364 2.513236 39.552967 0.000000 1.000000 0.000000 0.381293 0.499574 3 44 0.500000 43 0.352750 45 0.147250
photograph_sheet
  44 -14.404364 2.513236 39.552967 0.000000 1.000000 0.000000 0.381293 0.499574 3 44 0.500000 43 0.352750 45 0.147250
  44 -14.582761 2.513236 39.552967 0.000000 1.000000 -0.000001 0.381293 0.483089 3 44 0.500000 43 0.352750 45 0.147250
  44 -14.582760 2.513236 40.029457 0.000000 1.000000 0.000000 0.425325 0.483089 3 44 0.500000 45 0.352750 43 0.147250
photograph_sheet
  44 -14.404364 2.513236 39.552967 0.000000 1.000000 0.000000 0.381293 0.499574 3 44 0.500000 43 0.352750 45 0.147250
  44 -14.582760 2.513236 40.029457 0.000000 1.000000 0.000000 0.425325 0.483089 3 44 0.500000 45 0.352750 43 0.147250
  44 -14.404364 2.513236 40.029457 0.000000 1.000000 0.000000 0.425325 0.499574 3 44 0.500000 45 0.352750 43 0.147250
photograph_sheet
  44 -14.582760 2.513236 40.029457 0.000000 1.000000 0.000000 0.425325 0.483089 3 44 0.500000 45 0.352750 43 0.147250
  44 -14.404365 2.513236 40.370884 0.000000 1.000000 0.000000 0.456876 0.499574 2 44 0.500000 45 0.500000
  44 -14.404364 2.513236 40.029457 0.000000 1.000000 0.000000 0.425325 0.499574 3 44 0.500000 45 0.352750 43 0.147250
photograph_sheet
  44 -14.582760 2.513236 40.029457 0.000000 1.000000 0.000000 0.425325 0.483089 3 44 0.500000 45 0.352750 43 0.147250
  44 -14.582760 2.513236 40.370884 0.000000 1.000000 0.000000 0.456876 0.483089 2 44 0.500000 45 0.500000
  44 -14.404365 2.513236 40.370884 0.000000 1.000000 0.000000 0.456876 0.499574 2 44 0.500000 45 0.500000
photograph_sheet
  44 -14.582760 2.513236 40.370884 0.000000 1.000000 0.000000 0.456876 0.483089 2 44 0.500000 45 0.500000
  44 -14.404366 2.513236 40.712315 0.000000 1.000000 0.000000 0.488426 0.499574 3 44 0.419438 45 0.419438 46 0.161125
  44 -14.404365 2.513236 40.370884 0.000000 1.000000 0.000000 0.456876 0.499574 2 44 0.500000 45 0.500000
photograph_sheet
  44 -14.582760 2.513236 40.370884 0.000000 1.000000 0.000000 0.456876 0.483089 2 44 0.500000 45 0.500000
  44 -14.582762 2.513236 40.712315 0.000000 1.000000 0.000000 0.488426 0.483089 3 44 0.419438 45 0.419438 46 0.161125
  44 -14.404366 2.513236 40.712315 0.000000 1.000000 0.000000 0.488426 0.499574 3 44 0.419438 45 0.419438 46 0.161125
photograph_sheet
  46 -14.582758 2.513236 41.259682 0.000000 1.000000 0.000000 0.539008 0.483089 3 46 0.565518 44 0.217241 45 0.217241
  44 -14.404366 2.513236 40.712315 0.000000 1.000000 0.000000 0.488426 0.499574 3 44 0.419438 45 0.419438 46 0.161125
  44 -14.582762 2.513236 40.712315 0.000000 1.000000 0.000000 0.488426 0.483089 3 44 0.419438 45 0.419438 46 0.161125
photograph_sheet
  46 -14.582758 2.513236 41.259682 0.000000 1.000000 0.000000 0.539008 0.483089 3 46 0.565518 44 0.217241 45 0.217241
  46 -14.404364 2.513236 41.259682 0.000000 1.000000 0.000000 0.539008 0.499575 3 46 0.565518 44 0.217241 45 0.217241
  44 -14.404366 2.513236 40.712315 0.000000 1.000000 0.000000 0.488426 0.499574 3 44 0.419438 45 0.419438 46 0.161125
photograph_sheet
  46 -14.582756 2.513236 41.601109 0.000000 1.000000 0.000000 0.570559 0.483089 1 46 1.000000
  46 -14.404364 2.513236 41.259682 0.000000 1.000000 0.000000 0.539008 0.499575 3 46 0.565518 44 0.217241 45 0.217241
  46 -14.582758 2.513236 41.259682 0.000000 1.000000 0.000000 0.539008 0.483089 3 46 0.565518 44 0.217241 45 0.217241
photograph_sheet
  46 -14.582756 2.513236 41.601109 0.000000 1.000000 0.000000 0.570559 0.483089 1 46 1.000000
  46 -14.404361 2.513236 41.601105 0.000000 1.000000 0.000000 0.570559 0.499574 1 46 1.000000
  46 -14.404364 2.513236 41.259682 0.000000 1.000000 0.000000 0.539008 0.499575 3 46 0.565518 44 0.217241 45 0.217241
photograph_sheet
  46 -14.582756 2.513236 41.601109 0.000000 1.000000 0.000000 0.570559 0.483089 1 46 1.000000
  46 -14.404361 2.513236 41.942532 0.000000 1.000000 0.000000 0.602110 0.499574 1 46 1.000000
  46 -14.404361 2.513236 41.601105 0.000000 1.000000 0.000000 0.570559 0.499574 1 46 1.000000
photograph_sheet
  46 -14.582756 2.513236 41.601109 0.000000 1.000000 0.000000 0.570559 0.483089 1 46 1.000000
  46 -14.582757 2.513236 41.942535 0.000000 1.000000 -0.000001 0.602110 0.483089 1 46 1.000000
  46 -14.404361 2.513236 41.942532 0.000000 1.000000 0.000000 0.602110 0.499574 1 46 1.000000
photograph_sheet
  46 -14.404361 2.513236 41.942532 0.000000 1.000000 0.000000 0.602110 0.499574 1 46 1.000000
  46 -14.582757 2.513236 41.942535 0.000000 1.000000 -0.000001 0.602110 0.483089 1 46 1.000000
  46 -14.582706 2.513236 42.216156 0.000000 1.000000 0.000000 0.627395 0.483094 1 46 1.000000
photograph_sheet
  46 -14.404361 2.513236 42.415909 0.000000 1.000000 0.000000 0.645854 0.499574 1 46 1.000000
  46 -14.404361 2.513236 41.942532 0.000000 1.000000 0.000000 0.602110 0.499574 1 46 1.000000
  46 -14.582706 2.513236 42.216156 0.000000 1.000000 0.000000 0.627395 0.483094 1 46 1.000000
photograph_sheet
  46 -14.404361 2.513236 42.415909 0.000000 1.000000 0.000000 0.645854 0.499574 1 46 1.000000
  46 -14.582706 2.513236 42.216156 0.000000 1.000000 0.000000 0.627395 0.483094 1 46 1.000000
  46 -19.582569 2.513236 42.215958 0.000000 1.000000 0.000000 0.627376 0.021064 1 46 1.000000
photograph_sheet
  46 -19.582569 2.513236 42.215958 0.000000 1.000000 0.000000 0.627376 0.021064 1 46 1.000000
  46 -19.761150 2.513236 42.415916 0.000000 1.000000 0.000000 0.645854 0.004562 1 46 1.000000
  46 -14.404361 2.513236 42.415909 0.000000 1.000000 0.000000 0.645854 0.499574 1 46 1.000000
photograph_sheet
  46 -19.761150 2.513236 41.942539 0.000000 1.000000 0.000000 0.602110 0.004562 1 46 1.000000
  46 -19.761150 2.513236 42.415916 0.000000 1.000000 0.000000 0.645854 0.004562 1 46 1.000000
  46 -19.582569 2.513236 42.215958 0.000000 1.000000 0.000000 0.627376 0.021064 1 46 1.000000
photograph_sheet
  46 -19.582756 2.513236 41.942539 0.000000 1.000000 0.000000 0.602110 0.021047 1 46 1.000000
  46 -19.761150 2.513236 41.942539 0.000000 1.000000 0.000000 0.602110 0.004562 1 46 1.000000
  46 -19.582569 2.513236 42.215958 0.000000 1.000000 0.000000 0.627376 0.021064 1 46 1.000000
photograph_sheet
  46 -19.761150 2.513236 41.942539 0.000000 1.000000 0.000000 0.602110 0.004562 1 46 1.000000
  46 -19.582756 2.513236 41.942539 0.000000 1.000000 0.000000 0.602110 0.021047 1 46 1.000000
  46 -19.582760 2.513236 41.601112 0.000000 1.000000 0.000000 0.570559 0.021047 1 46 1.000000
photograph_sheet
  46 -19.761150 2.513236 41.942539 0.000000 1.000000 0.000000 0.602110 0.004562 1 46 1.000000
  46 -19.582760 2.513236 41.601112 0.000000 1.000000 0.000000 0.570559 0.021047 1 46 1.000000
  46 -19.761150 2.513236 41.601112 0.000000 1.000000 0.000000 0.570559 0.004562 1 46 1.000000
photograph_sheet
  46 -19.582760 2.513236 41.601112 0.000000 1.000000 0.000000 0.570559 0.021047 1 46 1.000000
  46 -19.761154 2.513236 41.259686 0.000000 1.000000 0.000000 0.539008 0.004562 3 46 0.565518 44 0.217241 45 0.217241
  46 -19.761150 2.513236 41.601112 0.000000 1.000000 0.000000 0.570559 0.004562 1 46 1.000000
photograph_sheet
  46 -19.582760 2.513236 41.601112 0.000000 1.000000 0.000000 0.570559 0.021047 1 46 1.000000
  46 -19.582762 2.513236 41.259686 0.000000 1.000000 0.000000 0.539008 0.021047 3 46 0.565518 44 0.217241 45 0.217241
  46 -19.761154 2.513236 41.259686 0.000000 1.000000 0.000000 0.539008 0.004562 3 46 0.565518 44 0.217241 45 0.217241
photograph_sheet
  46 -19.761154 2.513236 41.259686 0.000000 1.000000 0.000000 0.539008 0.004562 3 46 0.565518 44 0.217241 45 0.217241
  46 -19.582762 2.513236 41.259686 0.000000 1.000000 0.000000 0.539008 0.021047 3 46 0.565518 44 0.217241 45 0.217241
  44 -19.582767 2.513237 40.712315 0.000000 1.000000 0.000000 0.488426 0.021047 3 44 0.419438 45 0.419438 46 0.161125
photograph_sheet
  46 -19.761154 2.513236 41.259686 0.000000 1.000000 0.000000 0.539008 0.004562 3 46 0.565518 44 0.217241 45 0.217241
  44 -19.582767 2.513237 40.712315 0.000000 1.000000 0.000000 0.488426 0.021047 3 44 0.419438 45 0.419438 46 0.161125
  44 -19.761158 2.513237 40.712315 0.000000 1.000000 0.000000 0.488426 0.004562 3 44 0.419438 45 0.419438 46 0.161125
photograph_sheet
  44 -19.582767 2.513237 40.712315 0.000000 1.000000 0.000000 0.488426 0.021047 3 44 0.419438 45 0.419438 46 0.161125
  44 -19.761154 2.513236 40.370884 0.000000 1.000000 0.000000 0.456876 0.004562 2 44 0.500000 45 0.500000
  44 -19.761158 2.513237 40.712315 0.000000 1.000000 0.000000 0.488426 0.004562 3 44 0.419438 45 0.419438 46 0.161125
photograph_sheet
  44 -19.582767 2.513237 40.712315 0.000000 1.000000 0.000000 0.488426 0.021047 3 44 0.419438 45 0.419438 46 0.161125
  44 -19.582764 2.513236 40.370884 0.000000 1.000000 0.000000 0.456876 0.021047 2 44 0.500000 45 0.500000
  44 -19.761154 2.513236 40.370884 0.000000 1.000000 0.000000 0.456876 0.004562 2 44 0.500000 45 0.500000
photograph_sheet
  44 -19.582764 2.513236 40.029457 0.000000 1.000000 0.000000 0.425325 0.021047 3 44 0.500000 45 0.352750 43 0.147250
  44 -19.761154 2.513236 40.370884 0.000000 1.000000 0.000000 0.456876 0.004562 2 44 0.500000 45 0.500000
  44 -19.582764 2.513236 40.370884 0.000000 1.000000 0.000000 0.456876 0.021047 2 44 0.500000 45 0.500000
photograph_sheet
  44 -19.582764 2.513236 40.029457 0.000000 1.000000 0.000000 0.425325 0.021047 3 44 0.500000 45 0.352750 43 0.147250
  44 -19.761156 2.513236 40.029457 0.000000 1.000000 0.000000 0.425325 0.004562 3 44 0.500000 45 0.352750 43 0.147250
  44 -19.761154 2.513236 40.370884 0.000000 1.000000 0.000000 0.456876 0.004562 2 44 0.500000 45 0.500000
photograph_sheet
  44 -19.582766 2.513236 39.552967 0.000000 1.000000 0.000000 0.381293 0.021047 3 44 0.500000 43 0.352750 45 0.147250
  44 -19.761156 2.513236 40.029457 0.000000 1.000000 0.000000 0.425325 0.004562 3 44 0.500000 45 0.352750 43 0.147250
  44 -19.582764 2.513236 40.029457 0.000000 1.000000 0.000000 0.425325 0.021047 3 44 0.500000 45 0.352750 43 0.147250
photograph_sheet
  44 -19.582766 2.513236 39.552967 0.000000 1.000000 0.000000 0.381293 0.021047 3 44 0.500000 43 0.352750 45 0.147250
  44 -19.761156 2.513236 39.552967 0.000000 1.000000 0.000000 0.381293 0.004562 3 44 0.500000 43 0.352750 45 0.147250
  44 -19.761156 2.513236 40.029457 0.000000 1.000000 0.000000 0.425325 0.004562 3 44 0.500000 45 0.352750 43 0.147250
photograph_sheet
  44 -19.582766 2.513236 39.552967 0.000000 1.000000 0.000000 0.381293 0.021047 3 44 0.500000 43 0.352750 45 0.147250
  43 -19.761156 2.513237 39.211540 0.000000 1.000000 0.000000 0.349743 0.004562 2 43 0.500000 44 0.500000
  44 -19.761156 2.513236 39.552967 0.000000 1.000000 0.000000 0.381293 0.004562 3 44 0.500000 43 0.352750 45 0.147250
photograph_sheet
  44 -19.582766 2.513236 39.552967 0.000000 1.000000 0.000000 0.381293 0.021047 3 44 0.500000 43 0.352750 45 0.147250
  43 -19.582764 2.513237 39.211540 0.000000 1.000000 0.000000 0.349743 0.021047 2 43 0.500000 44 0.500000
  43 -19.761156 2.513237 39.211540 0.000000 1.000000 0.000000 0.349743 0.004562 2 43 0.500000 44 0.500000
photograph_sheet
  43 -19.582764 2.513237 39.211540 0.000000 1.000000 0.000000 0.349743 0.021047 2 43 0.500000 44 0.500000
  43 -19.761154 2.513237 38.870110 0.000000 1.000000 0.000000 0.318192 0.004562 2 43 0.524457 44 0.475543
  43 -19.761156 2.513237 39.211540 0.000000 1.000000 0.000000 0.349743 0.004562 2 43 0.500000 44 0.500000
photograph_sheet
  43 -19.582764 2.513237 39.211540 0.000000 1.000000 0.000000 0.349743 0.021047 2 43 0.500000 44 0.500000
  43 -19.582764 2.513237 38.870110 0.000000 1.000000 0.000000 0.318192 0.021047 2 43 0.524457 44 0.475543
  43 -19.761154 2.513237 38.870110 0.000000 1.000000 0.000000 0.318192 0.004562 2 43 0.524457 44 0.475543
photograph_sheet
  43 -19.761154 2.513237 38.870110 0.000000 1.000000 0.000000 0.318192 0.004562 2 43 0.524457 44 0.475543
  43 -19.582764 2.513237 38.870110 0.000000 1.000000 0.000000 0.318192 0.021047 2 43 0.524457 44 0.475543
  43 -19.582539 2.513237 37.216270 0.000000 1.000000 0.000000 0.165363 0.021067 2 43 0.524457 44 0.475543
photograph_sheet
  43 -19.761154 2.513237 35.550747 -0.000001 1.000000 0.000000 0.011454 0.004562 1 43 1.000000
  43 -19.761154 2.513237 38.870110 0.000000 1.000000 0.000000 0.318192 0.004562 2 43 0.524457 44 0.475543
  43 -19.582539 2.513237 37.216270 0.000000 1.000000 0.000000 0.165363 0.021067 2 43 0.524457 44 0.475543
photograph_sheet
  43 -19.761154 2.513237 35.550747 -0.000001 1.000000 0.000000 0.011454 0.004562 1 43 1.000000
  43 -19.582539 2.513237 37.216270 0.000000 1.000000 0.000000 0.165363 0.021067 2 43 0.524457 44 0.475543
  43 -14.404364 2.513237 35.550747 0.000000 1.000000 0.000000 0.011454 0.499574 1 43 1.000000
photograph_sheet
  43 -19.582539 2.513237 37.216270 0.000000 1.000000 0.000000 0.165363 0.021067 2 43 0.524457 44 0.475543
  43 -14.582653 2.513237 37.216400 0.000000 1.000000 0.000000 0.165375 0.483099 2 43 0.524457 44 0.475543
  43 -14.404364 2.513237 35.550747 0.000000 1.000000 0.000000 0.011454 0.499574 1 43 1.000000
photograph_sheet
  43 -14.404364 2.513236 38.870110 0.000000 1.000000 0.000000 0.318192 0.499574 2 43 0.524457 44 0.475543
  43 -14.404364 2.513237 35.550747 0.000000 1.000000 0.000000 0.011454 0.499574 1 43 1.000000
  43 -14.582653 2.513237 37.216400 0.000000 1.000000 0.000000 0.165375 0.483099 2 43 0.524457 44 0.475543
photograph_sheet
  43 -14.582760 2.513236 38.870110 0.000000 1.000000 0.000000 0.318192 0.483089 2 43 0.524457 44 0.475543
  43 -14.404364 2.513236 38.870110 0.000000 1.000000 0.000000 0.318192 0.499574 2 43 0.524457 44 0.475543
  43 -14.582653 2.513237 37.216400 0.000000 1.000000 0.000000 0.165375 0.483099 2 43 0.524457 44 0.475543
photograph_sheet
  43 -14.582760 2.513236 39.211540 0.000000 1.000000 0.000000 0.349743 0.483089 2 43 0.500000 44 0.500000
  43 -14.404364 2.513236 38.870110 0.000000 1.000000 0.000000 0.318192 0.499574 2 43 0.524457 44 0.475543
  43 -14.582760 2.513236 38.870110 0.000000 1.000000 0.000000 0.318192 0.483089 2 43 0.524457 44 0.475543
photograph_sheet
  43 -14.582760 2.513236 39.211540 0.000000 1.000000 0.000000 0.349743 0.483089 2 43 0.500000 44 0.500000
  43 -14.404366 2.513236 39.211540 0.000000 1.000000 0.000000 0.349743 0.499574 2 43 0.500000 44 0.500000
  43 -14.404364 2.513236 38.870110 0.000000 1.000000 0.000000 0.318192 0.499574 2 43 0.524457 44 0.475543
photograph_sheet
  43 -14.582760 2.513236 39.211540 0.000000 1.000000 0.000000 0.349743 0.483089 2 43 0.500000 44 0.500000
  44 -14.404364 2.513236 39.552967 0.000000 1.000000 0.000000 0.381293 0.499574 3 44 0.500000 43 0.352750 45 0.147250
  43 -14.404366 2.513236 39.211540 0.000000 1.000000 0.000000 0.349743 0.499574 2 43 0.500000 44 0.500000
photograph_sheet
  46 -19.761150 2.513236 42.415916 0.000000 0.000000 1.000000 0.657000 0.497965 1 46 1.000000
  46 -14.404361 2.477740 42.415909 0.000000 0.000000 1.000000 0.654630 0.362195 1 46 1.000000
  46 -14.404361 2.513236 42.415909 0.000000 0.000000 1.000000 0.657000 0.362181 1 46 1.000000
photograph_sheet
  46 -19.761150 2.513236 42.415916 0.000000 0.000000 1.000000 0.657000 0.497965 1 46 1.000000
  46 -19.761150 2.477740 42.415916 0.000000 0.000000 1.000000 0.654630 0.497978 1 46 1.000000
  46 -14.404361 2.477740 42.415909 0.000000 0.000000 1.000000 0.654630 0.362195 1 46 1.000000
photograph_sheet
  43 -14.404364 2.513236 38.870110 1.000000 0.000000 0.000000 0.657000 0.135587 2 43 0.524457 44 0.475543
  43 -14.404364 2.477741 35.550747 1.000000 0.000000 0.000000 0.654630 0.012490 1 43 1.000000
  43 -14.404364 2.513237 35.550747 1.000000 0.000000 0.000000 0.657000 0.012476 1 43 1.000000
photograph_sheet
  43 -14.404364 2.513236 38.870110 1.000000 0.000000 0.000000 0.657000 0.135587 2 43 0.524457 44 0.475543
  43 -14.404364 2.477740 38.870110 1.000000 0.000000 0.000000 0.654630 0.135600 2 43 0.524457 44 0.475543
  43 -14.404364 2.477741 35.550747 1.000000 0.000000 0.000000 0.654630 0.012490 1 43 1.000000
photograph_sheet
  43 -14.404365 2.477740 39.211540 1.000000 0.000000 0.000000 0.654630 0.148263 2 43 0.500000 44 0.500000
  43 -14.404364 2.477740 38.870110 1.000000 0.000000 0.000000 0.654630 0.135600 2 43 0.524457 44 0.475543
  43 -14.404364 2.513236 38.870110 1.000000 0.000000 0.000000 0.657000 0.135587 2 43 0.524457 44 0.475543
photograph_sheet
  43 -14.404365 2.477740 39.211540 1.000000 0.000000 0.000000 0.654630 0.148263 2 43 0.500000 44 0.500000
  43 -14.404364 2.513236 38.870110 1.000000 0.000000 0.000000 0.657000 0.135587 2 43 0.524457 44 0.475543
  43 -14.404366 2.513236 39.211540 1.000000 0.000000 0.000000 0.657000 0.148250 2 43 0.500000 44 0.500000
photograph_sheet
  44 -14.404364 2.477740 39.552967 1.000000 0.000000 0.000000 0.654630 0.171058 3 44 0.500000 43 0.352750 45 0.147250
  43 -14.404365 2.477740 39.211540 1.000000 0.000000 0.000000 0.654630 0.148263 2 43 0.500000 44 0.500000
  43 -14.404366 2.513236 39.211540 1.000000 0.000000 0.000000 0.657000 0.148250 2 43 0.500000 44 0.500000
photograph_sheet
  44 -14.404364 2.477740 39.552967 1.000000 0.000000 0.000000 0.654630 0.171058 3 44 0.500000 43 0.352750 45 0.147250
  43 -14.404366 2.513236 39.211540 1.000000 0.000000 0.000000 0.657000 0.148250 2 43 0.500000 44 0.500000
  44 -14.404364 2.513236 39.552967 1.000000 0.000000 0.000000 0.657000 0.171045 3 44 0.500000 43 0.352750 45 0.147250
photograph_sheet
  44 -14.404364 2.513236 39.552967 1.000000 0.000000 0.000000 0.657000 0.171045 3 44 0.500000 43 0.352750 45 0.147250
  44 -14.404364 2.477740 40.029457 1.000000 0.000000 0.000000 0.654630 0.202871 3 44 0.500000 45 0.352750 43 0.147250
  44 -14.404364 2.477740 39.552967 1.000000 0.000000 0.000000 0.654630 0.171058 3 44 0.500000 43 0.352750 45 0.147250
photograph_sheet
  44 -14.404364 2.513236 39.552967 1.000000 0.000000 0.000000 0.657000 0.171045 3 44 0.500000 43 0.352750 45 0.147250
  44 -14.404364 2.513236 40.029457 1.000000 0.000000 0.000000 0.657000 0.202857 3 44 0.500000 45 0.352750 43 0.147250
  44 -14.404364 2.477740 40.029457 1.000000 0.000000 0.000000 0.654630 0.202871 3 44 0.500000 45 0.352750 43 0.147250
photograph_sheet
  44 -14.404364 2.513236 40.029457 1.000000 0.000000 0.000000 0.657000 0.202857 3 44 0.500000 45 0.352750 43 0.147250
  44 -14.404365 2.477740 40.370884 1.000000 0.000000 -0.000001 0.654630 0.225666 2 44 0.500000 45 0.500000
  44 -14.404364 2.477740 40.029457 1.000000 0.000000 0.000000 0.654630 0.202871 3 44 0.500000 45 0.352750 43 0.147250
photograph_sheet
  44 -14.404364 2.513236 40.029457 1.000000 0.000000 0.000000 0.657000 0.202857 3 44 0.500000 45 0.352750 43 0.147250
  44 -14.404365 2.513236 40.370884 1.000000 0.000000 -0.000001 0.657000 0.225652 2 44 0.500000 45 0.500000
  44 -14.404365 2.477740 40.370884 1.000000 0.000000 -0.000001 0.654630 0.225666 2 44 0.500000 45 0.500000
photograph_sheet
  44 -14.404365 2.513236 40.370884 1.000000 0.000000 -0.000001 0.657000 0.225652 2 44 0.500000 45 0.500000
  44 -14.404366 2.477740 40.712315 1.000000 0.000000 -0.000001 0.654630 0.248460 3 44 0.419438 45 0.419438 46 0.161125
  44 -14.404365 2.477740 40.370884 1.000000 0.000000 -0.000001 0.654630 0.225666 2 44 0.500000 45 0.500000
photograph_sheet
  44 -14.404365 2.513236 40.370884 1.000000 0.000000 -0.000001 0.657000 0.225652 2 44 0.500000 45 0.500000
  44 -14.404366 2.513236 40.712315 1.000000 0.000000 -0.000001 0.657000 0.248446 3 44 0.419438 45 0.419438 46 0.161125
  44 -14.404366 2.477740 40.712315 1.000000 0.000000 -0.000001 0.654630 0.248460 3 44 0.419438 45 0.419438 46 0.161125
photograph_sheet
  46 -14.404364 2.477740 41.259682 1.000000 0.000000 -0.000001 0.654630 0.285003 3 46 0.565518 44 0.217241 45 0.217241
  44 -14.404366 2.477740 40.712315 1.000000 0.000000 -0.000001 0.654630 0.248460 3 44 0.419438 45 0.419438 46 0.161125
  44 -14.404366 2.513236 40.712315 1.000000 0.000000 -0.000001 0.657000 0.248446 3 44 0.419438 45 0.419438 46 0.161125
photograph_sheet
  46 -14.404364 2.477740 41.259682 1.000000 0.000000 -0.000001 0.654630 0.285003 3 46 0.565518 44 0.217241 45 0.217241
  44 -14.404366 2.513236 40.712315 1.000000 0.000000 -0.000001 0.657000 0.248446 3 44 0.419438 45 0.419438 46 0.161125
  46 -14.404364 2.513236 41.259682 1.000000 0.000000 -0.000001 0.657000 0.284989 3 46 0.565518 44 0.217241 45 0.217241
photograph_sheet
  46 -14.404361 2.477740 41.601105 1.000000 0.000000 -0.000001 0.654630 0.307796 1 46 1.000000
  46 -14.404364 2.477740 41.259682 1.000000 0.000000 -0.000001 0.654630 0.285003 3 46 0.565518 44 0.217241 45 0.217241
  46 -14.404364 2.513236 41.259682 1.000000 0.000000 -0.000001 0.657000 0.284989 3 46 0.565518 44 0.217241 45 0.217241
photograph_sheet
  46 -14.404361 2.477740 41.601105 1.000000 0.000000 -0.000001 0.654630 0.307796 1 46 1.000000
  46 -14.404364 2.513236 41.259682 1.000000 0.000000 -0.000001 0.657000 0.284989 3 46 0.565518 44 0.217241 45 0.217241
  46 -14.404361 2.513236 41.601105 1.000000 0.000000 -0.000001 0.657000 0.307782 1 46 1.000000
photograph_sheet
  46 -14.404361 2.477740 41.942532 1.000000 0.000000 -0.000001 0.654630 0.330591 1 46 1.000000
  46 -14.404361 2.477740 41.601105 1.000000 0.000000 -0.000001 0.654630 0.307796 1 46 1.000000
  46 -14.404361 2.513236 41.601105 1.000000 0.000000 -0.000001 0.657000 0.307782 1 46 1.000000
photograph_sheet
  46 -14.404361 2.477740 41.942532 1.000000 0.000000 -0.000001 0.654630 0.330591 1 46 1.000000
  46 -14.404361 2.513236 41.601105 1.000000 0.000000 -0.000001 0.657000 0.307782 1 46 1.000000
  46 -14.404361 2.513236 41.942532 1.000000 0.000000 -0.000001 0.657000 0.330577 1 46 1.000000
photograph_sheet
  46 -14.404361 2.513236 42.415909 1.000000 0.000000 -0.000001 0.657000 0.362181 1 46 1.000000
  46 -14.404361 2.477740 41.942532 1.000000 0.000000 -0.000001 0.654630 0.330591 1 46 1.000000
  46 -14.404361 2.513236 41.942532 1.000000 0.000000 -0.000001 0.657000 0.330577 1 46 1.000000
photograph_sheet
  46 -14.404361 2.513236 42.415909 1.000000 0.000000 -0.000001 0.657000 0.362181 1 46 1.000000
  46 -14.404361 2.477740 42.415909 1.000000 0.000000 -0.000001 0.654630 0.362195 1 46 1.000000
  46 -14.404361 2.477740 41.942532 1.000000 0.000000 -0.000001 0.654630 0.330591 1 46 1.000000
photo_capture01
  46 -19.582569 2.513236 42.215958 0.000000 1.000000 0.000000 0.999962 0.999960 1 46 1.000000
  46 -14.582706 2.513236 42.216156 0.000000 1.000000 -0.000001 0.000011 1.000000 1 46 1.000000
  46 -14.582757 2.513236 41.942535 0.000000 1.000000 0.000000 0.000021 0.945274 1 46 1.000000
photo_capture01
  46 -19.582569 2.513236 42.215958 0.000000 1.000000 0.000000 0.999962 0.999960 1 46 1.000000
  46 -14.582757 2.513236 41.942535 0.000000 1.000000 0.000000 0.000021 0.945274 1 46 1.000000
  46 -19.582756 2.513236 41.942539 0.000000 1.000000 0.000001 0.999999 0.945274 1 46 1.000000
photo_capture01
  46 -19.582756 2.513236 41.942539 0.000000 1.000000 0.000001 0.999999 0.945274 1 46 1.000000
  46 -14.582757 2.513236 41.942535 0.000000 1.000000 0.000000 0.000021 0.945274 1 46 1.000000
  46 -14.582756 2.513236 41.601109 0.000000 1.000000 0.000001 0.000021 0.876988 1 46 1.000000
photo_capture01
  46 -19.582756 2.513236 41.942539 0.000000 1.000000 0.000001 0.999999 0.945274 1 46 1.000000
  46 -14.582756 2.513236 41.601109 0.000000 1.000000 0.000001 0.000021 0.876988 1 46 1.000000
  46 -19.582760 2.513236 41.601112 0.000000 1.000000 0.000000 1.000000 0.876988 1 46 1.000000
photo_capture01
  46 -19.582760 2.513236 41.601112 0.000000 1.000000 0.000000 1.000000 0.876988 1 46 1.000000
  46 -14.582756 2.513236 41.601109 0.000000 1.000000 0.000001 0.000021 0.876988 1 46 1.000000
  46 -14.582758 2.513236 41.259682 0.000000 1.000000 0.000000 0.000021 0.808701 3 46 0.565518 44 0.217241 45 0.217241
photo_capture01
  46 -19.582760 2.513236 41.601112 0.000000 1.000000 0.000000 1.000000 0.876988 1 46 1.000000
  46 -14.582758 2.513236 41.259682 0.000000 1.000000 0.000000 0.000021 0.808701 3 46 0.565518 44 0.217241 45 0.217241
  46 -19.582762 2.513236 41.259686 0.000000 1.000000 0.000000 1.000000 0.808701 3 46 0.565518 44 0.217241 45 0.217241
photo_capture01
  46 -19.582762 2.513236 41.259686 0.000000 1.000000 0.000000 1.000000 0.808701 3 46 0.565518 44 0.217241 45 0.217241
  46 -14.582758 2.513236 41.259682 0.000000 1.000000 0.000000 0.000021 0.808701 3 46 0.565518 44 0.217241 45 0.217241
  44 -14.582762 2.513236 40.712315 0.000000 1.000000 0.000000 0.000021 0.699224 3 44 0.419438 45 0.419438 46 0.161125
photo_capture01
  46 -19.582762 2.513236 41.259686 0.000000 1.000000 0.000000 1.000000 0.808701 3 46 0.565518 44 0.217241 45 0.217241
  44 -14.582762 2.513236 40.712315 0.000000 1.000000 0.000000 0.000021 0.699224 3 44 0.419438 45 0.419438 46 0.161125
  44 -19.582767 2.513237 40.712315 0.000000 1.000000 0.000000 1.000000 0.699224 3 44 0.419438 45 0.419438 46 0.161125
photo_capture01
  44 -14.582762 2.513236 40.712315 0.000000 1.000000 0.000000 0.000021 0.699224 3 44 0.419438 45 0.419438 46 0.161125
  44 -19.582764 2.513236 40.370884 0.000000 1.000000 0.000000 1.000000 0.630937 2 44 0.500000 45 0.500000
  44 -19.582767 2.513237 40.712315 0.000000 1.000000 0.000000 1.000000 0.699224 3 44 0.419438 45 0.419438 46 0.161125
photo_capture01
  44 -14.582762 2.513236 40.712315 0.000000 1.000000 0.000000 0.000021 0.699224 3 44 0.419438 45 0.419438 46 0.161125
  44 -14.582760 2.513236 40.370884 0.000000 1.000000 0.000000 0.000021 0.630937 2 44 0.500000 45 0.500000
  44 -19.582764 2.513236 40.370884 0.000000 1.000000 0.000000 1.000000 0.630937 2 44 0.500000 45 0.500000
photo_capture01
  44 -14.582760 2.513236 40.029457 0.000000 1.000000 0.000000 0.000021 0.562650 3 44 0.500000 45 0.352750 43 0.147250
  44 -19.582764 2.513236 40.370884 0.000000 1.000000 0.000000 1.000000 0.630937 2 44 0.500000 45 0.500000
  44 -14.582760 2.513236 40.370884 0.000000 1.000000 0.000000 0.000021 0.630937 2 44 0.500000 45 0.500000
photo_capture01
  44 -14.582760 2.513236 40.029457 0.000000 1.000000 0.000000 0.000021 0.562650 3 44 0.500000 45 0.352750 43 0.147250
  44 -19.582764 2.513236 40.029457 0.000000 1.000000 0.000000 1.000000 0.562650 3 44 0.500000 45 0.352750 43 0.147250
  44 -19.582764 2.513236 40.370884 0.000000 1.000000 0.000000 1.000000 0.630937 2 44 0.500000 45 0.500000
photo_capture01
  44 -14.582761 2.513236 39.552967 0.000000 1.000000 0.000000 0.000021 0.467350 3 44 0.500000 43 0.352750 45 0.147250
  44 -19.582764 2.513236 40.029457 0.000000 1.000000 0.000000 1.000000 0.562650 3 44 0.500000 45 0.352750 43 0.147250
  44 -14.582760 2.513236 40.029457 0.000000 1.000000 0.000000 0.000021 0.562650 3 44 0.500000 45 0.352750 43 0.147250
photo_capture01
  44 -14.582761 2.513236 39.552967 0.000000 1.000000 0.000000 0.000021 0.467350 3 44 0.500000 43 0.352750 45 0.147250
  44 -19.582766 2.513236 39.552967 0.000000 1.000000 -0.000001 1.000000 0.467350 3 44 0.500000 43 0.352750 45 0.147250
  44 -19.582764 2.513236 40.029457 0.000000 1.000000 0.000000 1.000000 0.562650 3 44 0.500000 45 0.352750 43 0.147250
photo_capture01
  43 -19.582764 2.513237 39.211540 0.000000 1.000000 0.000000 1.000000 0.399063 2 43 0.500000 44 0.500000
  44 -19.582766 2.513236 39.552967 0.000000 1.000000 -0.000001 1.000000 0.467350 3 44 0.500000 43 0.352750 45 0.147250
  44 -14.582761 2.513236 39.552967 0.000000 1.000000 0.000000 0.000021 0.467350 3 44 0.500000 43 0.352750 45 0.147250
photo_capture01
  43 -19.582764 2.513237 39.211540 0.000000 1.000000 0.000000 1.000000 0.399063 2 43 0.500000 44 0.500000
  44 -14.582761 2.513236 39.552967 0.000000 1.000000 0.000000 0.000021 0.467350 3 44 0.500000 43 0.352750 45 0.147250
  43 -14.582760 2.513236 39.211540 0.000000 1.000000 -0.000001 0.000021 0.399063 2 43 0.500000 44 0.500000
photo_capture01
  43 -19.582764 2.513237 39.211540 0.000000 1.000000 0.000000 1.000000 0.399063 2 43 0.500000 44 0.500000
  43 -14.582760 2.513236 39.211540 0.000000 1.000000 -0.000001 0.000021 0.399063 2 43 0.500000 44 0.500000
  43 -14.582760 2.513236 38.870110 0.000000 1.000000 0.000000 0.000021 0.330776 2 43 0.524457 44 0.475543
photo_capture01
  43 -19.582764 2.513237 39.211540 0.000000 1.000000 0.000000 1.000000 0.399063 2 43 0.500000 44 0.500000
  43 -14.582760 2.513236 38.870110 0.000000 1.000000 0.000000 0.000021 0.330776 2 43 0.524457 44 0.475543
  43 -19.582764 2.513237 38.870110 0.000000 1.000000 0.000000 1.000000 0.330776 2 43 0.524457 44 0.475543
photo_capture01
  43 -14.582760 2.513236 38.870110 0.000000 1.000000 0.000000 0.000021 0.330776 2 43 0.524457 44 0.475543
  43 -19.582539 2.513237 37.216270 0.000000 1.000000 0.000000 0.999955 0.000000 2 43 0.524457 44 0.475543
  43 -19.582764 2.513237 38.870110 0.000000 1.000000 0.000000 1.000000 0.330776 2 43 0.524457 44 0.475543
photo_capture01
  43 -14.582760 2.513236 38.870110 0.000000 1.000000 0.000000 0.000021 0.330776 2 43 0.524457 44 0.475543
  43 -14.582653 2.513237 37.216400 0.000000 1.000000 0.000000 0.000000 0.000026 2 43 0.524457 44 0.475543
  43 -19.582539 2.513237 37.216270 0.000000 1.000000 0.000000 0.999955 0.000000 2 43 0.524457 44 0.475543
end
