// Created by Crowbar 0.74
version 1
nodes
  0 "root" -1
  1 "spine" 0
  2 "bip_collar_L" 1
  3 "bip_upperArm_L" 2
  4 "bip_lowerArm_L" 3
  5 "bip_hand_L" 4
  6 "bip_thumb_0_L" 5
  7 "bip_thumb_1_L" 6
  8 "bip_thumb_2_L" 7
  9 "bip_index_meta_0_L" 5
  10 "bip_index_0_L" 9
  11 "bip_index_1_L" 10
  12 "bip_index_2_L" 11
  13 "bip_middle_meta_0_L" 5
  14 "bip_middle_0_L" 13
  15 "bip_middle_1_L" 14
  16 "bip_middle_2_L" 15
  17 "bip_ring_meta_0_L" 5
  18 "bip_ring_0_L" 17
  19 "bip_ring_1_L" 18
  20 "bip_ring_2_L" 19
  21 "bip_pinky_meta_0_L" 5
  22 "bip_pinky_0_L" 21
  23 "bip_pinky_1_L" 22
  24 "bip_pinky_2_L" 23
  25 "bip_helper_L" 4
  26 "bip_collar_R" 1
  27 "bip_upperArm_R" 26
  28 "bip_lowerArm_R" 27
  29 "bip_hand_R" 28
  30 "bip_thumb_0_R" 29
  31 "bip_thumb_1_R" 30
  32 "bip_thumb_2_R" 31
  33 "bip_index_meta_0_R" 29
  34 "bip_index_0_R" 33
  35 "bip_index_1_R" 34
  36 "bip_index_2_R" 35
  37 "bip_middle_meta_0_R" 29
  38 "bip_middle_0_R" 37
  39 "bip_middle_1_R" 38
  40 "bip_middle_2_R" 39
  41 "bip_ring_meta_0_R" 29
  42 "bip_ring_0_R" 41
  43 "bip_ring_1_R" 42
  44 "bip_ring_2_R" 43
  45 "bip_pinky_meta_0_R" 29
  46 "bip_pinky_0_R" 45
  47 "bip_pinky_1_R" 46
  48 "bip_pinky_2_R" 47
  49 "bip_helper_R" 28
  50 "weapon_bone_L" 0
end
skeleton
  time 0
    0 0.000000 0.000000 0.000000 0.000000 0.000000 0.000000
    1 0.000000 65.928001 -3.788860 0.000000 0.000000 0.000000
    2 2.328150 0.000000 0.000000 0.000000 0.000000 0.000000
    3 8.600150 -0.022797 -0.051090 -0.118690 0.048663 -2.754282
    4 0.000000 10.075568 -0.000001 0.494195 -0.191051 -0.051355
    5 0.000002 17.373682 0.000000 0.000000 0.000000 0.000000
    6 0.679043 0.802172 1.783102 0.791590 0.071443 2.826561
    7 0.000000 -0.000002 2.508970 0.072756 -0.055066 0.003400
    8 0.000000 0.000001 1.809536 -0.111299 0.000383 -0.005249
    9 0.219777 1.615330 1.611036 -0.507118 1.408360 1.183619
    10 0.000000 -0.000002 3.981597 0.133173 0.103205 0.057575
    11 0.000000 0.000000 2.375985 0.224937 -0.017328 -0.006860
    12 0.000001 -0.000001 1.603097 0.127704 0.070387 0.010803
    13 -0.091869 1.886059 0.634829 2.654201 1.561694 -1.957970
    14 0.000000 0.000000 3.698122 0.152287 0.016828 0.008921
    15 0.000000 0.000001 2.366730 0.175839 -0.002247 -0.000783
    16 0.000001 -0.000001 2.035123 -0.089638 -0.006525 -0.001049
    17 -0.156257 1.870642 -0.501948 2.771319 1.427761 -1.957975
    18 0.000000 0.000001 3.281008 0.086127 -0.023234 -0.009021
    19 0.000000 0.000001 2.688646 0.064973 -0.027356 -0.007994
    20 0.000001 0.000000 1.713443 0.047790 -0.006322 -0.001410
    21 0.146424 1.721204 -1.673858 2.857094 1.366213 -1.957974
    22 -0.000001 0.000000 3.209387 0.040434 0.078585 0.023030
    23 0.000000 0.000001 1.943288 0.247981 -0.029962 -0.007493
    24 0.000000 -0.000001 1.241907 -0.036137 0.049495 -0.000144
    25 0.000000 10.746529 0.000000 0.000000 0.000000 0.000000
    26 -2.328150 0.000000 0.000000 3.141593 0.000000 0.000000
    27 -8.600150 0.022796 0.051090 3.022902 0.048663 -2.754284
    28 0.000021 10.075568 0.000001 0.494195 0.191051 0.051353
    29 0.000001 17.373682 0.000001 0.000000 0.000000 0.000000
    30 -0.679044 0.802172 1.783101 0.791590 -0.071443 -2.826561
    31 0.000001 -0.000001 2.508970 0.072756 0.055066 -0.003400
    32 0.000000 -0.000002 1.809535 -0.111299 -0.000383 0.005249
    33 -0.219778 1.615330 1.611036 -0.507118 -1.408360 -1.183618
    34 -0.000001 -0.000002 3.981597 0.133173 -0.103205 -0.057575
    35 0.000001 0.000000 2.375986 0.224937 0.017328 0.006860
    36 0.000000 0.000000 1.603096 0.127704 -0.070387 -0.010803
    37 0.091868 1.886060 0.634828 2.654199 -1.561694 1.957969
    38 0.000000 0.000000 3.698122 0.152287 -0.016828 -0.008921
    39 -0.000001 0.000001 2.366730 0.175839 0.002247 0.000783
    40 0.000001 0.000001 2.035123 -0.089638 0.006525 0.001049
    41 0.156257 1.870642 -0.501948 2.771319 -1.427761 1.957974
    42 -0.000001 -0.000001 3.281011 0.086127 0.023234 0.009021
    43 -0.000001 0.000000 2.688646 0.064973 0.027356 0.007995
    44 -0.000001 0.000000 1.713443 0.047790 0.006322 0.001410
    45 -0.146424 1.721204 -1.673859 2.857094 -1.366213 1.957974
    46 0.000000 0.000001 3.209387 0.040434 -0.078585 -0.023030
    47 0.000000 0.000000 1.943288 0.247981 0.029962 0.007493
    48 0.000000 0.000000 1.241909 -0.036136 -0.049495 0.000144
    49 0.000002 10.746529 0.000001 0.000000 0.000000 0.000000
    50 0.000000 34.991543 9.481534 0.000000 0.000000 0.000000
end
triangles
v_hands
  18 24.038282 35.150326 2.233991 0.477731 -0.046558 -0.877271 0.648561 0.817646 2 18 0.872800 19 0.127200
  18 24.145102 35.853775 2.505738 0.931019 0.186238 -0.313878 0.674005 0.802964 1 18 1.000000
  18 24.312157 35.391796 2.664009 0.902122 0.269589 -0.336893 0.669652 0.820858 2 18 0.934900 19 0.065100
v_hands
  18 24.038282 35.150326 2.233991 0.477731 -0.046558 -0.877271 0.648561 0.817646 2 18 0.872800 19 0.127200
  18 23.510347 36.157417 1.995751 0.714500 -0.184109 -0.674977 0.657552 0.783974 2 18 0.900249 22 0.099751
  18 24.145102 35.853775 2.505738 0.931019 0.186238 -0.313878 0.674005 0.802964 1 18 1.000000
v_hands
  10 24.382296 38.086887 5.204570 0.951772 0.300101 0.063785 0.808817 0.768120 1 10 1.000000
  10 24.358994 37.894165 5.506069 0.660186 0.494304 0.565524 0.818799 0.778663 1 10 1.000000
  10 24.489832 37.821320 5.389504 0.933324 0.348684 0.085586 0.812434 0.782184 1 10 1.000000
v_hands
  10 24.382296 38.086887 5.204570 0.951772 0.300101 0.063785 0.808817 0.768120 1 10 1.000000
  10 24.271317 38.195049 5.275684 0.723459 0.459755 0.515007 0.811910 0.763551 2 10 0.829158 9 0.170842
  10 24.358994 37.894165 5.506069 0.660186 0.494304 0.565524 0.818799 0.778663 1 10 1.000000
v_hands
  10 24.382296 38.086887 5.204570 0.951772 0.300101 0.063785 0.808817 0.768120 1 10 1.000000
  10 24.414694 37.715065 5.221575 0.917690 0.066517 -0.391689 0.803732 0.781675 1 10 1.000000
  10 24.337694 38.055260 5.021599 0.940295 0.038960 -0.338124 0.801639 0.766327 1 10 1.000000
v_hands
  10 24.382296 38.086887 5.204570 0.951772 0.300101 0.063785 0.808817 0.768120 1 10 1.000000
  10 24.489832 37.821320 5.389504 0.933324 0.348684 0.085586 0.812434 0.782184 1 10 1.000000
  10 24.414694 37.715065 5.221575 0.917690 0.066517 -0.391689 0.803732 0.781675 1 10 1.000000
v_hands
  10 24.186113 36.349060 5.214393 0.106735 -0.447404 -0.887940 0.670070 0.337881 1 10 1.000000
  10 23.560467 36.699142 5.180391 -0.598780 -0.800912 0.001476 0.661615 0.305191 2 10 0.936606 9 0.063394
  10 23.839121 36.949177 4.959485 0.047224 -0.421917 -0.905404 0.674427 0.306400 1 10 1.000000
v_hands
  10 24.186113 36.349060 5.214393 0.106735 -0.447404 -0.887940 0.670070 0.337881 1 10 1.000000
  10 23.781073 36.227505 5.418746 -0.600591 -0.609622 -0.517351 0.650854 0.334826 1 10 1.000000
  10 23.560467 36.699142 5.180391 -0.598780 -0.800912 0.001476 0.661615 0.305191 2 10 0.936606 9 0.063394
v_hands
  10 24.585402 37.042961 6.147696 0.537273 0.536020 0.651169 0.834892 0.814243 1 10 1.000000
  10 23.792706 37.687302 5.953742 0.014345 0.402255 0.915415 0.849554 0.775036 1 10 1.000000
  10 24.213472 36.921894 6.356886 -0.024446 0.431411 0.901824 0.853629 0.813564 1 10 1.000000
v_hands
  10 24.585402 37.042961 6.147696 0.537273 0.536020 0.651169 0.834892 0.814243 1 10 1.000000
  10 24.090651 37.951664 5.665194 0.518241 0.518579 0.680075 0.829665 0.773045 2 10 0.937027 9 0.062973
  10 23.792706 37.687302 5.953742 0.014345 0.402255 0.915415 0.849554 0.775036 1 10 1.000000
v_hands
  10 23.792706 37.687302 5.953742 0.014345 0.402255 0.915415 0.603553 0.274648 1 10 1.000000
  9 23.019375 37.893425 5.720025 -0.452368 0.062125 0.889665 0.623975 0.251929 2 9 0.520777 10 0.479223
  10 23.427366 37.465080 5.887524 -0.515293 -0.068011 0.854311 0.619398 0.274098 1 10 1.000000
v_hands
  10 23.792706 37.687302 5.953742 0.014345 0.402255 0.915415 0.603553 0.274648 1 10 1.000000
  9 23.426006 38.382282 5.707170 0.021820 0.369877 0.928824 0.603678 0.245585 2 9 0.565943 10 0.434057
  9 23.019375 37.893425 5.720025 -0.452368 0.062125 0.889665 0.623975 0.251929 2 9 0.520777 10 0.479223
v_hands
  9 23.428011 39.924862 3.669638 0.912598 0.184891 -0.364665 0.775850 0.671707 1 9 1.000000
  9 23.795630 38.775219 4.142342 0.907594 0.207687 -0.364882 0.777276 0.722781 1 9 1.000000
  13 23.171450 40.023754 3.277510 0.931137 0.207289 -0.300024 0.761229 0.659850 1 13 1.000000
v_hands
  9 23.428011 39.924862 3.669638 0.912598 0.184891 -0.364665 0.775850 0.671707 1 9 1.000000
  9 23.870434 38.992870 4.365042 0.907151 0.238971 -0.346366 0.789296 0.718956 1 9 1.000000
  9 23.795630 38.775219 4.142342 0.907594 0.207687 -0.364882 0.777276 0.722781 1 9 1.000000
v_hands
  9 22.545582 38.862736 5.304531 -0.308967 0.176227 0.934603 0.628928 0.207237 1 9 1.000000
  9 22.274574 39.049213 5.116350 -0.718346 -0.406294 0.564715 0.634880 0.188254 1 9 1.000000
  9 22.552082 38.713333 5.230699 -0.845266 -0.248372 0.473113 0.634806 0.211269 1 9 1.000000
v_hands
  9 22.545582 38.862736 5.304531 -0.308967 0.176227 0.934603 0.628928 0.207237 1 9 1.000000
  9 22.380154 39.129738 5.241371 -0.617241 -0.318264 0.719529 0.628853 0.190511 1 9 1.000000
  9 22.274574 39.049213 5.116350 -0.718346 -0.406294 0.564715 0.634880 0.188254 1 9 1.000000
v_hands
  9 23.343925 40.033489 3.923842 0.734099 0.617843 0.281723 0.785491 0.669815 1 9 1.000000
  9 23.883656 39.093052 4.497080 0.862647 0.499872 0.077250 0.795622 0.717254 1 9 1.000000
  9 23.357208 40.101292 3.720511 0.887902 0.459873 -0.012121 0.779731 0.665165 1 9 1.000000
v_hands
  9 23.343925 40.033489 3.923842 0.734099 0.617843 0.281723 0.785491 0.669815 1 9 1.000000
  9 23.776548 39.139946 4.658188 0.751746 0.588003 0.298548 0.800804 0.716057 1 9 1.000000
  9 23.883656 39.093052 4.497080 0.862647 0.499872 0.077250 0.795622 0.717254 1 9 1.000000
v_hands
  9 22.521093 39.471184 5.065345 0.413115 0.368713 0.832698 0.837078 0.686676 1 9 1.000000
  9 22.380154 39.129738 5.241371 0.295772 0.338436 0.893297 0.850281 0.694795 1 9 1.000000
  9 22.545582 38.862736 5.304531 -0.308967 0.176227 0.934603 0.851447 0.706965 1 9 1.000000
v_hands
  9 22.521093 39.471184 5.065345 0.413115 0.368713 0.832698 0.837078 0.686676 1 9 1.000000
  9 22.285273 39.286152 5.230304 0.517520 0.258501 0.815690 0.850059 0.687892 2 9 0.799639 6 0.200362
  9 22.380154 39.129738 5.241371 0.295772 0.338436 0.893297 0.850281 0.694795 1 9 1.000000
v_hands
  9 23.426006 38.382282 5.707170 0.021820 0.369877 0.928824 0.603678 0.245585 2 9 0.565943 10 0.434057
  9 22.769423 38.309296 5.533964 -0.575373 0.106937 0.810870 0.626521 0.230318 2 9 0.848634 10 0.151366
  9 23.019375 37.893425 5.720025 -0.452368 0.062125 0.889665 0.623975 0.251929 2 9 0.520777 10 0.479223
v_hands
  9 23.426006 38.382282 5.707170 0.021820 0.369877 0.928824 0.603678 0.245585 2 9 0.565943 10 0.434057
  9 23.177092 38.667797 5.558402 -0.070818 0.451679 0.889365 0.608401 0.226349 2 9 0.926845 10 0.073155
  9 22.769423 38.309296 5.533964 -0.575373 0.106937 0.810870 0.626521 0.230318 2 9 0.848634 10 0.151366
v_hands
  9 22.528101 38.431267 4.973552 -0.914035 -0.310202 0.261372 0.651466 0.219029 1 9 1.000000
  9 22.671835 38.168663 5.385920 -0.874941 -0.159871 0.457076 0.635132 0.230821 2 9 0.875409 10 0.124591
  9 22.552082 38.713333 5.230699 -0.845266 -0.248372 0.473113 0.634806 0.211269 1 9 1.000000
v_hands
  9 22.528101 38.431267 4.973552 -0.914035 -0.310202 0.261372 0.651466 0.219029 1 9 1.000000
  9 22.648607 37.912922 5.132116 -0.943558 -0.262319 0.202203 0.651006 0.234497 2 9 0.855751 10 0.144249
  9 22.671835 38.168663 5.385920 -0.874941 -0.159871 0.457076 0.635132 0.230821 2 9 0.875409 10 0.124591
v_hands
  10 23.297968 37.013111 5.521043 -0.717041 -0.560067 0.414943 0.642893 0.284838 2 10 0.879390 9 0.120610
  10 23.351929 36.758396 5.049509 -0.619565 -0.690126 0.373986 0.667696 0.289486 2 10 0.723681 9 0.276319
  10 23.560467 36.699142 5.180391 -0.598780 -0.800912 0.001476 0.661615 0.305191 2 10 0.936606 9 0.063394
v_hands
  10 23.297968 37.013111 5.521043 -0.717041 -0.560067 0.414943 0.642893 0.284838 2 10 0.879390 9 0.120610
  10 23.183735 37.033894 5.448328 -0.602484 -0.632820 0.486366 0.647161 0.280688 2 10 0.736420 9 0.263580
  10 23.351929 36.758396 5.049509 -0.619565 -0.690126 0.373986 0.667696 0.289486 2 10 0.723681 9 0.276319
v_hands
  9 23.019375 37.893425 5.720025 -0.452368 0.062125 0.889665 0.623975 0.251929 2 9 0.520777 10 0.479223
  10 23.245073 37.482616 5.804068 -0.554151 -0.349699 0.755398 0.622633 0.269173 2 10 0.707114 9 0.292886
  10 23.427366 37.465080 5.887524 -0.515293 -0.068011 0.854311 0.619398 0.274098 1 10 1.000000
v_hands
  9 23.019375 37.893425 5.720025 -0.452368 0.062125 0.889665 0.623975 0.251929 2 9 0.520777 10 0.479223
  9 22.951574 37.660690 5.634416 -0.717700 -0.234682 0.655615 0.628604 0.256019 2 9 0.524137 10 0.475863
  10 23.245073 37.482616 5.804068 -0.554151 -0.349699 0.755398 0.622633 0.269173 2 10 0.707114 9 0.292886
v_hands
  9 23.019375 37.893425 5.720025 -0.452368 0.062125 0.889665 0.623975 0.251929 2 9 0.520777 10 0.479223
  9 22.671835 38.168663 5.385920 -0.874941 -0.159871 0.457076 0.635132 0.230821 2 9 0.875409 10 0.124591
  9 22.951574 37.660690 5.634416 -0.717700 -0.234682 0.655615 0.628604 0.256019 2 9 0.524137 10 0.475863
v_hands
  9 23.019375 37.893425 5.720025 -0.452368 0.062125 0.889665 0.623975 0.251929 2 9 0.520777 10 0.479223
  9 22.769423 38.309296 5.533964 -0.575373 0.106937 0.810870 0.626521 0.230318 2 9 0.848634 10 0.151366
  9 22.671835 38.168663 5.385920 -0.874941 -0.159871 0.457076 0.635132 0.230821 2 9 0.875409 10 0.124591
v_hands
  9 23.553963 38.877445 5.363513 0.196362 0.638384 0.744249 0.823114 0.730634 1 9 1.000000
  9 23.426006 38.382282 5.707170 0.021820 0.369877 0.928824 0.843099 0.744260 2 9 0.565943 10 0.434057
  9 23.953453 38.516277 5.420959 0.520831 0.603059 0.604197 0.820754 0.750321 2 9 0.583492 10 0.416508
v_hands
  9 23.553963 38.877445 5.363513 0.196362 0.638384 0.744249 0.823114 0.730634 1 9 1.000000
  9 23.177092 38.667797 5.558402 -0.070818 0.451679 0.889365 0.842235 0.729029 2 9 0.926845 10 0.073155
  9 23.426006 38.382282 5.707170 0.021820 0.369877 0.928824 0.843099 0.744260 2 9 0.565943 10 0.434057
v_hands
  9 23.616045 39.254036 4.865247 0.582342 0.657195 0.478510 0.808100 0.712317 1 9 1.000000
  9 22.789791 40.220924 4.463659 0.629108 0.538370 0.560697 0.801384 0.661771 1 9 1.000000
  9 22.806738 39.379864 4.976273 0.311340 0.581442 0.751660 0.822233 0.696214 1 9 1.000000
v_hands
  9 23.616045 39.254036 4.865247 0.582342 0.657195 0.478510 0.808100 0.712317 1 9 1.000000
  9 23.060928 40.343864 3.937832 0.679398 0.619766 0.392821 0.788038 0.655141 1 9 1.000000
  9 22.789791 40.220924 4.463659 0.629108 0.538370 0.560697 0.801384 0.661771 1 9 1.000000
v_hands
  9 23.883656 39.093052 4.497080 0.862647 0.499872 0.077250 0.795622 0.717254 1 9 1.000000
  9 23.428011 39.924862 3.669638 0.912598 0.184891 -0.364665 0.775850 0.671707 1 9 1.000000
  9 23.357208 40.101292 3.720511 0.887902 0.459873 -0.012121 0.779731 0.665165 1 9 1.000000
v_hands
  9 23.883656 39.093052 4.497080 0.862647 0.499872 0.077250 0.795622 0.717254 1 9 1.000000
  9 23.870434 38.992870 4.365042 0.907151 0.238971 -0.346366 0.789296 0.718956 1 9 1.000000
  9 23.428011 39.924862 3.669638 0.912598 0.184891 -0.364665 0.775850 0.671707 1 9 1.000000
v_hands
  10 24.270634 37.511639 4.861569 0.921597 -0.082798 -0.379213 0.786478 0.782352 1 10 1.000000
  10 24.337694 38.055260 5.021599 0.940295 0.038960 -0.338124 0.801639 0.766327 1 10 1.000000
  10 24.414694 37.715065 5.221575 0.917690 0.066517 -0.391689 0.803732 0.781675 1 10 1.000000
v_hands
  10 24.270634 37.511639 4.861569 0.921597 -0.082798 -0.379213 0.786478 0.782352 1 10 1.000000
  10 24.169880 37.995289 4.623794 0.934405 0.094731 -0.343386 0.785108 0.761156 2 10 0.604631 9 0.395370
  10 24.337694 38.055260 5.021599 0.940295 0.038960 -0.338124 0.801639 0.766327 1 10 1.000000
v_hands
  9 23.426006 38.382282 5.707170 0.021820 0.369877 0.928824 0.843099 0.744260 2 9 0.565943 10 0.434057
  10 24.090651 37.951664 5.665194 0.518241 0.518579 0.680075 0.829665 0.773045 2 10 0.937027 9 0.062973
  9 23.953453 38.516277 5.420959 0.520831 0.603059 0.604197 0.820754 0.750321 2 9 0.583492 10 0.416508
v_hands
  9 23.426006 38.382282 5.707170 0.021820 0.369877 0.928824 0.843099 0.744260 2 9 0.565943 10 0.434057
  10 23.792706 37.687302 5.953742 0.014345 0.402255 0.915415 0.849554 0.775036 1 10 1.000000
  10 24.090651 37.951664 5.665194 0.518241 0.518579 0.680075 0.829665 0.773045 2 10 0.937027 9 0.062973
v_hands
  10 24.090651 37.951664 5.665194 0.518241 0.518579 0.680075 0.829665 0.773045 2 10 0.937027 9 0.062973
  10 24.271317 38.195049 5.275684 0.723459 0.459755 0.515007 0.811910 0.763551 2 10 0.829158 9 0.170842
  9 23.953453 38.516277 5.420959 0.520831 0.603059 0.604197 0.820754 0.750321 2 9 0.583492 10 0.416508
v_hands
  10 24.090651 37.951664 5.665194 0.518241 0.518579 0.680075 0.829665 0.773045 2 10 0.937027 9 0.062973
  10 24.358994 37.894165 5.506069 0.660186 0.494304 0.565524 0.818799 0.778663 1 10 1.000000
  10 24.271317 38.195049 5.275684 0.723459 0.459755 0.515007 0.811910 0.763551 2 10 0.829158 9 0.170842
v_hands
  10 24.271317 38.195049 5.275684 0.723459 0.459755 0.515007 0.811910 0.763551 2 10 0.829158 9 0.170842
  10 24.248983 38.451084 5.133545 0.762987 0.599454 0.241880 0.809001 0.752734 2 10 0.574555 9 0.425445
  9 23.953453 38.516277 5.420959 0.520831 0.603059 0.604197 0.820754 0.750321 2 9 0.583492 10 0.416508
v_hands
  10 24.271317 38.195049 5.275684 0.723459 0.459755 0.515007 0.811910 0.763551 2 10 0.829158 9 0.170842
  10 24.278156 38.353928 5.171006 0.832977 0.400392 0.381884 0.809694 0.756725 2 10 0.703767 9 0.296233
  10 24.248983 38.451084 5.133545 0.762987 0.599454 0.241880 0.809001 0.752734 2 10 0.574555 9 0.425445
v_hands
  10 24.285736 38.371765 4.998432 0.901058 0.400357 -0.166758 0.805284 0.754112 2 10 0.625885 9 0.374116
  10 24.306950 38.202877 4.954130 0.953262 0.091690 -0.287897 0.801334 0.759874 2 10 0.898350 9 0.101650
  10 24.278099 38.269505 4.872177 0.922131 0.163521 -0.350620 0.799291 0.756144 2 10 0.625118 9 0.374882
v_hands
  10 24.285736 38.371765 4.998432 0.901058 0.400357 -0.166758 0.805284 0.754112 2 10 0.625885 9 0.374116
  10 24.335045 38.255852 5.092566 0.961763 0.273858 0.003689 0.807267 0.760107 2 10 0.893267 9 0.106733
  10 24.306950 38.202877 4.954130 0.953262 0.091690 -0.287897 0.801334 0.759874 2 10 0.898350 9 0.101650
v_hands
  10 24.285736 38.371765 4.998432 0.901058 0.400357 -0.166758 0.805284 0.754112 2 10 0.625885 9 0.374116
  9 24.190153 38.508148 5.064315 0.636271 0.763356 0.111565 0.808137 0.749228 2 9 0.673204 10 0.326796
  10 24.248983 38.451084 5.133545 0.762987 0.599454 0.241880 0.809001 0.752734 2 10 0.574555 9 0.425445
v_hands
  10 24.285736 38.371765 4.998432 0.901058 0.400357 -0.166758 0.805284 0.754112 2 10 0.625885 9 0.374116
  9 24.210546 38.476780 4.931197 0.828781 0.549554 -0.105415 0.803991 0.748671 2 9 0.656634 10 0.343366
  9 24.190153 38.508148 5.064315 0.636271 0.763356 0.111565 0.808137 0.749228 2 9 0.673204 10 0.326796
v_hands
  9 24.020523 38.610806 5.017198 0.658609 0.706243 0.259720 0.807760 0.742317 2 9 0.903402 10 0.096598
  9 23.616045 39.254036 4.865247 0.582342 0.657195 0.478510 0.808100 0.712317 1 9 1.000000
  9 23.953453 38.516277 5.420959 0.520831 0.603059 0.604197 0.820754 0.750321 2 9 0.583492 10 0.416508
v_hands
  9 24.020523 38.610806 5.017198 0.658609 0.706243 0.259720 0.807760 0.742317 2 9 0.903402 10 0.096598
  9 23.776548 39.139946 4.658188 0.751746 0.588003 0.298548 0.800804 0.716057 1 9 1.000000
  9 23.616045 39.254036 4.865247 0.582342 0.657195 0.478510 0.808100 0.712317 1 9 1.000000
v_hands
  10 23.812775 36.691238 6.308589 -0.667654 0.045833 0.743059 0.603700 0.327338 1 10 1.000000
  10 23.297968 37.013111 5.521043 -0.717041 -0.560067 0.414943 0.642893 0.284838 2 10 0.879390 9 0.120610
  10 23.687031 36.373402 5.856267 -0.905626 -0.386745 0.173984 0.629935 0.329803 2 10 0.935810 11 0.064190
v_hands
  10 23.812775 36.691238 6.308589 -0.667654 0.045833 0.743059 0.603700 0.327338 1 10 1.000000
  10 23.427366 37.465080 5.887524 -0.515293 -0.068011 0.854311 0.619398 0.274098 1 10 1.000000
  10 23.297968 37.013111 5.521043 -0.717041 -0.560067 0.414943 0.642893 0.284838 2 10 0.879390 9 0.120610
v_hands
  10 24.090651 37.951664 5.665194 0.518241 0.518579 0.680075 0.829665 0.773045 2 10 0.937027 9 0.062973
  10 24.489832 37.821320 5.389504 0.933324 0.348684 0.085586 0.812434 0.782184 1 10 1.000000
  10 24.358994 37.894165 5.506069 0.660186 0.494304 0.565524 0.818799 0.778663 1 10 1.000000
v_hands
  10 24.090651 37.951664 5.665194 0.518241 0.518579 0.680075 0.829665 0.773045 2 10 0.937027 9 0.062973
  10 24.629330 37.427322 5.559248 0.907953 0.411715 0.078173 0.814273 0.800502 1 10 1.000000
  10 24.489832 37.821320 5.389504 0.933324 0.348684 0.085586 0.812434 0.782184 1 10 1.000000
v_hands
  9 23.343925 40.033489 3.923842 0.734099 0.617843 0.281723 0.785491 0.669815 1 9 1.000000
  9 23.616045 39.254036 4.865247 0.582342 0.657195 0.478510 0.808100 0.712317 1 9 1.000000
  9 23.776548 39.139946 4.658188 0.751746 0.588003 0.298548 0.800804 0.716057 1 9 1.000000
v_hands
  9 23.343925 40.033489 3.923842 0.734099 0.617843 0.281723 0.785491 0.669815 1 9 1.000000
  9 23.060928 40.343864 3.937832 0.679398 0.619766 0.392821 0.788038 0.655141 1 9 1.000000
  9 23.616045 39.254036 4.865247 0.582342 0.657195 0.478510 0.808100 0.712317 1 9 1.000000
v_hands
  9 23.616045 39.254036 4.865247 0.582342 0.657195 0.478510 0.808100 0.712317 1 9 1.000000
  9 23.553963 38.877445 5.363513 0.196362 0.638384 0.744249 0.823114 0.730634 1 9 1.000000
  9 23.953453 38.516277 5.420959 0.520831 0.603059 0.604197 0.820754 0.750321 2 9 0.583492 10 0.416508
v_hands
  9 23.616045 39.254036 4.865247 0.582342 0.657195 0.478510 0.808100 0.712317 1 9 1.000000
  9 22.806738 39.379864 4.976273 0.311340 0.581442 0.751660 0.822233 0.696214 1 9 1.000000
  9 23.553963 38.877445 5.363513 0.196362 0.638384 0.744249 0.823114 0.730634 1 9 1.000000
v_hands
  9 22.552082 38.713333 5.230699 -0.845266 -0.248372 0.473113 0.634806 0.211269 1 9 1.000000
  9 22.769423 38.309296 5.533964 -0.575373 0.106937 0.810870 0.626521 0.230318 2 9 0.848634 10 0.151366
  9 22.545582 38.862736 5.304531 -0.308967 0.176227 0.934603 0.628928 0.207237 1 9 1.000000
v_hands
  9 22.552082 38.713333 5.230699 -0.845266 -0.248372 0.473113 0.634806 0.211269 1 9 1.000000
  9 22.671835 38.168663 5.385920 -0.874941 -0.159871 0.457076 0.635132 0.230821 2 9 0.875409 10 0.124591
  9 22.769423 38.309296 5.533964 -0.575373 0.106937 0.810870 0.626521 0.230318 2 9 0.848634 10 0.151366
v_hands
  9 23.357208 40.101292 3.720511 0.887902 0.459873 -0.012121 0.779731 0.665165 1 9 1.000000
  9 23.060928 40.343864 3.937832 0.679398 0.619766 0.392821 0.788038 0.655141 1 9 1.000000
  9 23.343925 40.033489 3.923842 0.734099 0.617843 0.281723 0.785491 0.669815 1 9 1.000000
v_hands
  9 23.357208 40.101292 3.720511 0.887902 0.459873 -0.012121 0.779731 0.665165 1 9 1.000000
  5 22.794338 41.160931 2.711292 0.905935 0.423367 0.006480 0.756276 0.607939 1 5 1.000000
  9 23.060928 40.343864 3.937832 0.679398 0.619766 0.392821 0.788038 0.655141 1 9 1.000000
v_hands
  9 22.692156 39.061317 5.223505 -0.003711 0.486365 0.873748 0.842397 0.703875 1 9 1.000000
  9 23.553963 38.877445 5.363513 0.196362 0.638384 0.744249 0.823114 0.730634 1 9 1.000000
  9 22.806738 39.379864 4.976273 0.311340 0.581442 0.751660 0.822233 0.696214 1 9 1.000000
v_hands
  9 22.692156 39.061317 5.223505 -0.003711 0.486365 0.873748 0.842397 0.703875 1 9 1.000000
  9 23.177092 38.667797 5.558402 -0.070818 0.451679 0.889365 0.842235 0.729029 2 9 0.926845 10 0.073155
  9 23.553963 38.877445 5.363513 0.196362 0.638384 0.744249 0.823114 0.730634 1 9 1.000000
v_hands
  10 24.285736 38.371765 4.998432 0.901058 0.400357 -0.166758 0.805284 0.754112 2 10 0.625885 9 0.374116
  10 24.278156 38.353928 5.171006 0.832977 0.400392 0.381884 0.809694 0.756725 2 10 0.703767 9 0.296233
  10 24.335045 38.255852 5.092566 0.961763 0.273858 0.003689 0.807267 0.760107 2 10 0.893267 9 0.106733
v_hands
  10 24.285736 38.371765 4.998432 0.901058 0.400357 -0.166758 0.805284 0.754112 2 10 0.625885 9 0.374116
  10 24.248983 38.451084 5.133545 0.762987 0.599454 0.241880 0.809001 0.752734 2 10 0.574555 9 0.425445
  10 24.278156 38.353928 5.171006 0.832977 0.400392 0.381884 0.809694 0.756725 2 10 0.703767 9 0.296233
v_hands
  10 24.285736 38.371765 4.998432 0.901058 0.400357 -0.166758 0.805284 0.754112 2 10 0.625885 9 0.374116
  9 24.218836 38.338573 4.835124 0.921524 0.275377 -0.273790 0.798513 0.752443 2 9 0.634983 10 0.365017
  9 24.210546 38.476780 4.931197 0.828781 0.549554 -0.105415 0.803991 0.748671 2 9 0.656634 10 0.343366
v_hands
  10 24.285736 38.371765 4.998432 0.901058 0.400357 -0.166758 0.805284 0.754112 2 10 0.625885 9 0.374116
  10 24.278099 38.269505 4.872177 0.922131 0.163521 -0.350620 0.799291 0.756144 2 10 0.625118 9 0.374882
  9 24.218836 38.338573 4.835124 0.921524 0.275377 -0.273790 0.798513 0.752443 2 9 0.634983 10 0.365017
v_hands
  9 22.571079 38.116531 4.526274 -0.933066 -0.338414 0.121919 0.673773 0.222423 1 9 1.000000
  9 22.648607 37.912922 5.132116 -0.943558 -0.262319 0.202203 0.651006 0.234497 2 9 0.855751 10 0.144249
  9 22.528101 38.431267 4.973552 -0.914035 -0.310202 0.261372 0.651466 0.219029 1 9 1.000000
v_hands
  9 22.571079 38.116531 4.526274 -0.933066 -0.338414 0.121919 0.673773 0.222423 1 9 1.000000
  9 22.630848 37.711216 4.616492 -0.944249 -0.320098 0.077008 0.676381 0.236137 2 9 0.811372 10 0.188628
  9 22.648607 37.912922 5.132116 -0.943558 -0.262319 0.202203 0.651006 0.234497 2 9 0.855751 10 0.144249
v_hands
  9 22.951574 37.660690 5.634416 -0.717700 -0.234682 0.655615 0.628604 0.256019 2 9 0.524137 10 0.475863
  9 22.648607 37.912922 5.132116 -0.943558 -0.262319 0.202203 0.651006 0.234497 2 9 0.855751 10 0.144249
  9 22.921089 37.265274 5.294896 -0.823298 -0.472102 0.315120 0.649912 0.263500 2 9 0.516090 10 0.483910
v_hands
  9 22.951574 37.660690 5.634416 -0.717700 -0.234682 0.655615 0.628604 0.256019 2 9 0.524137 10 0.475863
  9 22.671835 38.168663 5.385920 -0.874941 -0.159871 0.457076 0.635132 0.230821 2 9 0.875409 10 0.124591
  9 22.648607 37.912922 5.132116 -0.943558 -0.262319 0.202203 0.651006 0.234497 2 9 0.855751 10 0.144249
v_hands
  9 22.545582 38.862736 5.304531 -0.308967 0.176227 0.934603 0.628928 0.207237 1 9 1.000000
  9 23.177092 38.667797 5.558402 -0.070818 0.451679 0.889365 0.608401 0.226349 2 9 0.926845 10 0.073155
  9 22.692156 39.061317 5.223505 -0.003711 0.486365 0.873748 0.608573 0.200848 1 9 1.000000
v_hands
  9 22.545582 38.862736 5.304531 -0.308967 0.176227 0.934603 0.628928 0.207237 1 9 1.000000
  9 22.769423 38.309296 5.533964 -0.575373 0.106937 0.810870 0.626521 0.230318 2 9 0.848634 10 0.151366
  9 23.177092 38.667797 5.558402 -0.070818 0.451679 0.889365 0.608401 0.226349 2 9 0.926845 10 0.073155
v_hands
  10 24.585402 37.042961 6.147696 0.537273 0.536020 0.651169 0.834892 0.814243 1 10 1.000000
  10 24.629330 37.427322 5.559248 0.907953 0.411715 0.078173 0.814273 0.800502 1 10 1.000000
  10 24.090651 37.951664 5.665194 0.518241 0.518579 0.680075 0.829665 0.773045 2 10 0.937027 9 0.062973
v_hands
  10 24.585402 37.042961 6.147696 0.537273 0.536020 0.651169 0.834892 0.814243 1 10 1.000000
  10 24.831160 36.995304 5.803943 0.926405 0.372806 0.052815 0.819634 0.817080 1 10 1.000000
  10 24.629330 37.427322 5.559248 0.907953 0.411715 0.078173 0.814273 0.800502 1 10 1.000000
v_hands
  10 24.278099 38.269505 4.872177 0.922131 0.163521 -0.350620 0.799291 0.756144 2 10 0.625118 9 0.374882
  10 24.337694 38.055260 5.021599 0.940295 0.038960 -0.338124 0.801639 0.766327 1 10 1.000000
  10 24.169880 37.995289 4.623794 0.934405 0.094731 -0.343386 0.785108 0.761156 2 10 0.604631 9 0.395370
v_hands
  10 24.278099 38.269505 4.872177 0.922131 0.163521 -0.350620 0.799291 0.756144 2 10 0.625118 9 0.374882
  10 24.306950 38.202877 4.954130 0.953262 0.091690 -0.287897 0.801334 0.759874 2 10 0.898350 9 0.101650
  10 24.337694 38.055260 5.021599 0.940295 0.038960 -0.338124 0.801639 0.766327 1 10 1.000000
v_hands
  9 24.210546 38.476780 4.931197 0.828781 0.549554 -0.105415 0.803991 0.748671 2 9 0.656634 10 0.343366
  9 24.195721 38.495857 4.707552 0.930159 0.245364 -0.273131 0.796438 0.745076 2 9 0.819765 10 0.180235
  9 24.127142 38.594543 4.823449 0.830173 0.552224 0.076556 0.801315 0.742069 2 9 0.903402 10 0.096598
v_hands
  9 24.210546 38.476780 4.931197 0.828781 0.549554 -0.105415 0.803991 0.748671 2 9 0.656634 10 0.343366
  9 24.218836 38.338573 4.835124 0.921524 0.275377 -0.273790 0.798513 0.752443 2 9 0.634983 10 0.365017
  9 24.195721 38.495857 4.707552 0.930159 0.245364 -0.273131 0.796438 0.745076 2 9 0.819765 10 0.180235
v_hands
  10 24.248983 38.451084 5.133545 0.762987 0.599454 0.241880 0.809001 0.752734 2 10 0.574555 9 0.425445
  9 24.020523 38.610806 5.017198 0.658609 0.706243 0.259720 0.807760 0.742317 2 9 0.903402 10 0.096598
  9 23.953453 38.516277 5.420959 0.520831 0.603059 0.604197 0.820754 0.750321 2 9 0.583492 10 0.416508
v_hands
  10 24.248983 38.451084 5.133545 0.762987 0.599454 0.241880 0.809001 0.752734 2 10 0.574555 9 0.425445
  9 24.190153 38.508148 5.064315 0.636271 0.763356 0.111565 0.808137 0.749228 2 9 0.673204 10 0.326796
  9 24.020523 38.610806 5.017198 0.658609 0.706243 0.259720 0.807760 0.742317 2 9 0.903402 10 0.096598
v_hands
  10 24.335045 38.255852 5.092566 0.961763 0.273858 0.003689 0.807267 0.760107 2 10 0.893267 9 0.106733
  10 24.271317 38.195049 5.275684 0.723459 0.459755 0.515007 0.811910 0.763551 2 10 0.829158 9 0.170842
  10 24.382296 38.086887 5.204570 0.951772 0.300101 0.063785 0.808817 0.768120 1 10 1.000000
v_hands
  10 24.335045 38.255852 5.092566 0.961763 0.273858 0.003689 0.807267 0.760107 2 10 0.893267 9 0.106733
  10 24.278156 38.353928 5.171006 0.832977 0.400392 0.381884 0.809694 0.756725 2 10 0.703767 9 0.296233
  10 24.271317 38.195049 5.275684 0.723459 0.459755 0.515007 0.811910 0.763551 2 10 0.829158 9 0.170842
v_hands
  10 24.335045 38.255852 5.092566 0.961763 0.273858 0.003689 0.807267 0.760107 2 10 0.893267 9 0.106733
  10 24.337694 38.055260 5.021599 0.940295 0.038960 -0.338124 0.801639 0.766327 1 10 1.000000
  10 24.306950 38.202877 4.954130 0.953262 0.091690 -0.287897 0.801334 0.759874 2 10 0.898350 9 0.101650
v_hands
  10 24.335045 38.255852 5.092566 0.961763 0.273858 0.003689 0.807267 0.760107 2 10 0.893267 9 0.106733
  10 24.382296 38.086887 5.204570 0.951772 0.300101 0.063785 0.808817 0.768120 1 10 1.000000
  10 24.337694 38.055260 5.021599 0.940295 0.038960 -0.338124 0.801639 0.766327 1 10 1.000000
v_hands
  9 24.210546 38.476780 4.931197 0.828781 0.549554 -0.105415 0.803991 0.748671 2 9 0.656634 10 0.343366
  9 24.020523 38.610806 5.017198 0.658609 0.706243 0.259720 0.807760 0.742317 2 9 0.903402 10 0.096598
  9 24.190153 38.508148 5.064315 0.636271 0.763356 0.111565 0.808137 0.749228 2 9 0.673204 10 0.326796
v_hands
  9 24.210546 38.476780 4.931197 0.828781 0.549554 -0.105415 0.803991 0.748671 2 9 0.656634 10 0.343366
  9 24.127142 38.594543 4.823449 0.830173 0.552224 0.076556 0.801315 0.742069 2 9 0.903402 10 0.096598
  9 24.020523 38.610806 5.017198 0.658609 0.706243 0.259720 0.807760 0.742317 2 9 0.903402 10 0.096598
v_hands
  10 24.278099 38.269505 4.872177 0.922131 0.163521 -0.350620 0.799291 0.756144 2 10 0.625118 9 0.374882
  9 24.195721 38.495857 4.707552 0.930159 0.245364 -0.273131 0.796438 0.745076 2 9 0.819765 10 0.180235
  9 24.218836 38.338573 4.835124 0.921524 0.275377 -0.273790 0.798513 0.752443 2 9 0.634983 10 0.365017
v_hands
  10 24.278099 38.269505 4.872177 0.922131 0.163521 -0.350620 0.799291 0.756144 2 10 0.625118 9 0.374882
  10 24.169880 37.995289 4.623794 0.934405 0.094731 -0.343386 0.785108 0.761156 2 10 0.604631 9 0.395370
  9 24.195721 38.495857 4.707552 0.930159 0.245364 -0.273131 0.796438 0.745076 2 9 0.819765 10 0.180235
v_hands
  9 24.195721 38.495857 4.707552 0.930159 0.245364 -0.273131 0.796438 0.745076 2 9 0.819765 10 0.180235
  9 23.795630 38.775219 4.142342 0.907594 0.207687 -0.364882 0.777276 0.722781 1 9 1.000000
  9 23.870434 38.992870 4.365042 0.907151 0.238971 -0.346366 0.789296 0.718956 1 9 1.000000
v_hands
  9 24.195721 38.495857 4.707552 0.930159 0.245364 -0.273131 0.796438 0.745076 2 9 0.819765 10 0.180235
  10 24.169880 37.995289 4.623794 0.934405 0.094731 -0.343386 0.785108 0.761156 2 10 0.604631 9 0.395370
  9 23.795630 38.775219 4.142342 0.907594 0.207687 -0.364882 0.777276 0.722781 1 9 1.000000
v_hands
  9 24.127142 38.594543 4.823449 0.830173 0.552224 0.076556 0.801315 0.742069 2 9 0.903402 10 0.096598
  9 23.870434 38.992870 4.365042 0.907151 0.238971 -0.346366 0.789296 0.718956 1 9 1.000000
  9 23.883656 39.093052 4.497080 0.862647 0.499872 0.077250 0.795622 0.717254 1 9 1.000000
v_hands
  9 24.127142 38.594543 4.823449 0.830173 0.552224 0.076556 0.801315 0.742069 2 9 0.903402 10 0.096598
  9 24.195721 38.495857 4.707552 0.930159 0.245364 -0.273131 0.796438 0.745076 2 9 0.819765 10 0.180235
  9 23.870434 38.992870 4.365042 0.907151 0.238971 -0.346366 0.789296 0.718956 1 9 1.000000
v_hands
  9 24.127142 38.594543 4.823449 0.830173 0.552224 0.076556 0.801315 0.742069 2 9 0.903402 10 0.096598
  9 23.776548 39.139946 4.658188 0.751746 0.588003 0.298548 0.800804 0.716057 1 9 1.000000
  9 24.020523 38.610806 5.017198 0.658609 0.706243 0.259720 0.807760 0.742317 2 9 0.903402 10 0.096598
v_hands
  9 24.127142 38.594543 4.823449 0.830173 0.552224 0.076556 0.801315 0.742069 2 9 0.903402 10 0.096598
  9 23.883656 39.093052 4.497080 0.862647 0.499872 0.077250 0.795622 0.717254 1 9 1.000000
  9 23.776548 39.139946 4.658188 0.751746 0.588003 0.298548 0.800804 0.716057 1 9 1.000000
v_hands
  9 22.528101 38.431267 4.973552 -0.914035 -0.310202 0.261372 0.651466 0.219029 1 9 1.000000
  9 22.141336 38.777866 4.385546 -0.858159 -0.478165 0.186872 0.668433 0.186149 1 9 1.000000
  9 22.571079 38.116531 4.526274 -0.933066 -0.338414 0.121919 0.673773 0.222423 1 9 1.000000
v_hands
  9 22.528101 38.431267 4.973552 -0.914035 -0.310202 0.261372 0.651466 0.219029 1 9 1.000000
  9 22.222124 38.929695 4.842698 -0.818395 -0.466069 0.336169 0.648002 0.187192 1 9 1.000000
  9 22.141336 38.777866 4.385546 -0.858159 -0.478165 0.186872 0.668433 0.186149 1 9 1.000000
v_hands
  9 22.921089 37.265274 5.294896 -0.823298 -0.472102 0.315120 0.649912 0.263500 2 9 0.516090 10 0.483910
  9 22.630848 37.711216 4.616492 -0.944249 -0.320098 0.077008 0.676381 0.236137 2 9 0.811372 10 0.188628
  9 22.985043 37.116817 4.698323 -0.843531 -0.503730 0.186309 0.680653 0.263080 2 9 0.604022 10 0.395978
v_hands
  9 22.921089 37.265274 5.294896 -0.823298 -0.472102 0.315120 0.649912 0.263500 2 9 0.516090 10 0.483910
  9 22.648607 37.912922 5.132116 -0.943558 -0.262319 0.202203 0.651006 0.234497 2 9 0.855751 10 0.144249
  9 22.630848 37.711216 4.616492 -0.944249 -0.320098 0.077008 0.676381 0.236137 2 9 0.811372 10 0.188628
v_hands
  9 22.692156 39.061317 5.223505 -0.003711 0.486365 0.873748 0.842397 0.703875 1 9 1.000000
  9 22.521093 39.471184 5.065345 0.413115 0.368713 0.832698 0.837078 0.686676 1 9 1.000000
  9 22.545582 38.862736 5.304531 -0.308967 0.176227 0.934603 0.851447 0.706965 1 9 1.000000
v_hands
  9 22.692156 39.061317 5.223505 -0.003711 0.486365 0.873748 0.842397 0.703875 1 9 1.000000
  9 22.806738 39.379864 4.976273 0.311340 0.581442 0.751660 0.822233 0.696214 1 9 1.000000
  9 22.521093 39.471184 5.065345 0.413115 0.368713 0.832698 0.837078 0.686676 1 9 1.000000
v_hands
  9 22.921089 37.265274 5.294896 -0.823298 -0.472102 0.315120 0.649912 0.263500 2 9 0.516090 10 0.483910
  10 23.245073 37.482616 5.804068 -0.554151 -0.349699 0.755398 0.622633 0.269173 2 10 0.707114 9 0.292886
  9 22.951574 37.660690 5.634416 -0.717700 -0.234682 0.655615 0.628604 0.256019 2 9 0.524137 10 0.475863
v_hands
  9 22.921089 37.265274 5.294896 -0.823298 -0.472102 0.315120 0.649912 0.263500 2 9 0.516090 10 0.483910
  10 23.183735 37.033894 5.448328 -0.602484 -0.632820 0.486366 0.647161 0.280688 2 10 0.736420 9 0.263580
  10 23.245073 37.482616 5.804068 -0.554151 -0.349699 0.755398 0.622633 0.269173 2 10 0.707114 9 0.292886
v_hands
  10 23.297968 37.013111 5.521043 -0.717041 -0.560067 0.414943 0.642893 0.284838 2 10 0.879390 9 0.120610
  10 23.245073 37.482616 5.804068 -0.554151 -0.349699 0.755398 0.622633 0.269173 2 10 0.707114 9 0.292886
  10 23.183735 37.033894 5.448328 -0.602484 -0.632820 0.486366 0.647161 0.280688 2 10 0.736420 9 0.263580
v_hands
  10 23.297968 37.013111 5.521043 -0.717041 -0.560067 0.414943 0.642893 0.284838 2 10 0.879390 9 0.120610
  10 23.427366 37.465080 5.887524 -0.515293 -0.068011 0.854311 0.619398 0.274098 1 10 1.000000
  10 23.245073 37.482616 5.804068 -0.554151 -0.349699 0.755398 0.622633 0.269173 2 10 0.707114 9 0.292886
v_hands
  9 22.921089 37.265274 5.294896 -0.823298 -0.472102 0.315120 0.649912 0.263500 2 9 0.516090 10 0.483910
  10 23.351929 36.758396 5.049509 -0.619565 -0.690126 0.373986 0.667696 0.289486 2 10 0.723681 9 0.276319
  10 23.183735 37.033894 5.448328 -0.602484 -0.632820 0.486366 0.647161 0.280688 2 10 0.736420 9 0.263580
v_hands
  9 22.921089 37.265274 5.294896 -0.823298 -0.472102 0.315120 0.649912 0.263500 2 9 0.516090 10 0.483910
  9 22.985043 37.116817 4.698323 -0.843531 -0.503730 0.186309 0.680653 0.263080 2 9 0.604022 10 0.395978
  10 23.351929 36.758396 5.049509 -0.619565 -0.690126 0.373986 0.667696 0.289486 2 10 0.723681 9 0.276319
v_hands
  9 22.552082 38.713333 5.230699 -0.845266 -0.248372 0.473113 0.634806 0.211269 1 9 1.000000
  9 22.222124 38.929695 4.842698 -0.818395 -0.466069 0.336169 0.648002 0.187192 1 9 1.000000
  9 22.528101 38.431267 4.973552 -0.914035 -0.310202 0.261372 0.651466 0.219029 1 9 1.000000
v_hands
  9 22.552082 38.713333 5.230699 -0.845266 -0.248372 0.473113 0.634806 0.211269 1 9 1.000000
  9 22.274574 39.049213 5.116350 -0.718346 -0.406294 0.564715 0.634880 0.188254 1 9 1.000000
  9 22.222124 38.929695 4.842698 -0.818395 -0.466069 0.336169 0.648002 0.187192 1 9 1.000000
v_hands
  10 23.687031 36.373402 5.856267 -0.905626 -0.386745 0.173984 0.629935 0.329803 2 10 0.935810 11 0.064190
  10 23.560467 36.699142 5.180391 -0.598780 -0.800912 0.001476 0.661615 0.305191 2 10 0.936606 9 0.063394
  10 23.781073 36.227505 5.418746 -0.600591 -0.609622 -0.517351 0.650854 0.334826 1 10 1.000000
v_hands
  10 23.687031 36.373402 5.856267 -0.905626 -0.386745 0.173984 0.629935 0.329803 2 10 0.935810 11 0.064190
  10 23.297968 37.013111 5.521043 -0.717041 -0.560067 0.414943 0.642893 0.284838 2 10 0.879390 9 0.120610
  10 23.560467 36.699142 5.180391 -0.598780 -0.800912 0.001476 0.661615 0.305191 2 10 0.936606 9 0.063394
v_hands
  10 24.094473 35.759972 5.682032 -0.589037 -0.565445 -0.577327 0.643529 0.363291 2 10 0.806805 11 0.193195
  10 23.687031 36.373402 5.856267 -0.905626 -0.386745 0.173984 0.629935 0.329803 2 10 0.935810 11 0.064190
  10 23.781073 36.227505 5.418746 -0.600591 -0.609622 -0.517351 0.650854 0.334826 1 10 1.000000
v_hands
  10 24.094473 35.759972 5.682032 -0.589037 -0.565445 -0.577327 0.643529 0.363291 2 10 0.806805 11 0.193195
  10 23.922861 35.847061 6.100339 -0.947823 -0.311977 0.065592 0.620830 0.357092 2 10 0.694292 11 0.305709
  10 23.687031 36.373402 5.856267 -0.905626 -0.386745 0.173984 0.629935 0.329803 2 10 0.935810 11 0.064190
v_hands
  10 24.094473 35.759972 5.682032 -0.589037 -0.565445 -0.577327 0.643529 0.363291 2 10 0.806805 11 0.193195
  10 24.186113 36.349060 5.214393 0.106735 -0.447404 -0.887940 0.670070 0.337881 1 10 1.000000
  10 24.553722 35.803135 5.567954 0.183256 -0.436913 -0.880639 0.663525 0.371595 2 10 0.741175 11 0.258825
v_hands
  10 24.094473 35.759972 5.682032 -0.589037 -0.565445 -0.577327 0.643529 0.363291 2 10 0.806805 11 0.193195
  10 23.781073 36.227505 5.418746 -0.600591 -0.609622 -0.517351 0.650854 0.334826 1 10 1.000000
  10 24.186113 36.349060 5.214393 0.106735 -0.447404 -0.887940 0.670070 0.337881 1 10 1.000000
v_hands
  11 24.054262 35.905041 6.643200 -0.786382 0.163747 0.595643 0.592151 0.361727 2 11 0.613610 10 0.386390
  10 24.398581 36.287052 6.648277 -0.033536 0.406516 0.913028 0.569929 0.344840 2 10 0.784167 11 0.215833
  10 24.018511 36.205994 6.510947 -0.727546 0.094435 0.679529 0.597825 0.349151 2 10 0.832940 11 0.167060
v_hands
  11 24.054262 35.905041 6.643200 -0.786382 0.163747 0.595643 0.592151 0.361727 2 11 0.613610 10 0.386390
  11 24.450094 35.988743 6.787325 -0.042349 0.397904 0.916449 0.565331 0.357532 2 11 0.728817 10 0.271183
  10 24.398581 36.287052 6.648277 -0.033536 0.406516 0.913028 0.569929 0.344840 2 10 0.784167 11 0.215833
v_hands
  10 24.553722 35.803135 5.567954 0.183256 -0.436913 -0.880639 0.663525 0.371595 2 10 0.741175 11 0.258825
  11 24.151464 35.511406 5.813988 -0.600554 -0.447085 -0.662910 0.638579 0.374204 2 11 0.565311 10 0.434689
  10 24.094473 35.759972 5.682032 -0.589037 -0.565445 -0.577327 0.643529 0.363291 2 10 0.806805 11 0.193195
v_hands
  10 24.553722 35.803135 5.567954 0.183256 -0.436913 -0.880639 0.663525 0.371595 2 10 0.741175 11 0.258825
  11 24.633961 35.489243 5.734493 0.197944 -0.419799 -0.885769 0.658754 0.386475 2 11 0.825516 10 0.174484
  11 24.151464 35.511406 5.813988 -0.600554 -0.447085 -0.662910 0.638579 0.374204 2 11 0.565311 10 0.434689
v_hands
  11 24.151464 35.511406 5.813988 -0.600554 -0.447085 -0.662910 0.638579 0.374204 2 11 0.565311 10 0.434689
  10 23.922861 35.847061 6.100339 -0.947823 -0.311977 0.065592 0.620830 0.357092 2 10 0.694292 11 0.305709
  10 24.094473 35.759972 5.682032 -0.589037 -0.565445 -0.577327 0.643529 0.363291 2 10 0.806805 11 0.193195
v_hands
  11 24.151464 35.511406 5.813988 -0.600554 -0.447085 -0.662910 0.638579 0.374204 2 11 0.565311 10 0.434689
  11 23.976393 35.670914 6.189179 -0.980299 -0.185098 -0.068939 0.617168 0.365788 2 11 0.661909 10 0.338092
  10 23.922861 35.847061 6.100339 -0.947823 -0.311977 0.065592 0.620830 0.357092 2 10 0.694292 11 0.305709
v_hands
  10 24.741417 36.689186 5.376335 0.741778 -0.066173 -0.667373 0.803848 0.825003 1 10 1.000000
  10 25.015665 36.190578 6.152493 0.958051 0.280792 0.057396 0.827998 0.845972 2 10 0.660433 11 0.339567
  10 24.930651 36.013412 5.766818 0.793390 -0.085018 -0.602747 0.811981 0.851699 2 10 0.656318 11 0.343682
v_hands
  10 24.741417 36.689186 5.376335 0.741778 -0.066173 -0.667373 0.803848 0.825003 1 10 1.000000
  10 24.831160 36.995304 5.803943 0.926405 0.372806 0.052815 0.819634 0.817080 1 10 1.000000
  10 25.015665 36.190578 6.152493 0.958051 0.280792 0.057396 0.827998 0.845972 2 10 0.660433 11 0.339567
v_hands
  10 24.553722 35.803135 5.567954 0.183256 -0.436913 -0.880639 0.797901 0.857030 2 10 0.741175 11 0.258825
  10 24.741417 36.689186 5.376335 0.741778 -0.066173 -0.667373 0.803848 0.825003 1 10 1.000000
  10 24.930651 36.013412 5.766818 0.793390 -0.085018 -0.602747 0.811981 0.851699 2 10 0.656318 11 0.343682
v_hands
  10 24.553722 35.803135 5.567954 0.183256 -0.436913 -0.880639 0.797901 0.857030 2 10 0.741175 11 0.258825
  10 24.186113 36.349060 5.214393 0.106735 -0.447404 -0.887940 0.784661 0.835211 1 10 1.000000
  10 24.741417 36.689186 5.376335 0.741778 -0.066173 -0.667373 0.803848 0.825003 1 10 1.000000
v_hands
  10 24.213472 36.921894 6.356886 -0.024446 0.431411 0.901824 0.590522 0.317173 1 10 1.000000
  10 24.018511 36.205994 6.510947 -0.727546 0.094435 0.679529 0.597825 0.349151 2 10 0.832940 11 0.167060
  10 24.398581 36.287052 6.648277 -0.033536 0.406516 0.913028 0.569929 0.344840 2 10 0.784167 11 0.215833
v_hands
  10 24.213472 36.921894 6.356886 -0.024446 0.431411 0.901824 0.590522 0.317173 1 10 1.000000
  10 23.812775 36.691238 6.308589 -0.667654 0.045833 0.743059 0.603700 0.327338 1 10 1.000000
  10 24.018511 36.205994 6.510947 -0.727546 0.094435 0.679529 0.597825 0.349151 2 10 0.832940 11 0.167060
v_hands
  11 24.939535 34.358158 6.524043 0.833541 -0.279516 -0.476529 0.827922 0.913210 1 11 1.000000
  11 24.686405 35.031044 5.959849 0.198087 -0.450281 -0.870637 0.805798 0.887856 1 11 1.000000
  11 25.039064 35.240658 6.138634 0.838688 -0.260048 -0.478516 0.817819 0.880860 1 11 1.000000
v_hands
  11 24.939535 34.358158 6.524043 0.833541 -0.279516 -0.476529 0.827922 0.913210 1 11 1.000000
  11 24.693827 34.338093 6.315073 0.194939 -0.436788 -0.878188 0.814670 0.916529 2 11 0.531287 12 0.468713
  11 24.686405 35.031044 5.959849 0.198087 -0.450281 -0.870637 0.805798 0.887856 1 11 1.000000
v_hands
  10 24.930651 36.013412 5.766818 0.793390 -0.085018 -0.602747 0.811981 0.851699 2 10 0.656318 11 0.343682
  11 24.633961 35.489243 5.734493 0.197944 -0.419799 -0.885769 0.799230 0.867758 2 11 0.825516 10 0.174484
  10 24.553722 35.803135 5.567954 0.183256 -0.436913 -0.880639 0.797901 0.857030 2 10 0.741175 11 0.258825
v_hands
  10 24.930651 36.013412 5.766818 0.793390 -0.085018 -0.602747 0.811981 0.851699 2 10 0.656318 11 0.343682
  11 25.011871 35.612522 5.931221 0.816768 -0.164382 -0.553053 0.814766 0.865029 2 11 0.841384 10 0.158616
  11 24.633961 35.489243 5.734493 0.197944 -0.419799 -0.885769 0.799230 0.867758 2 11 0.825516 10 0.174484
v_hands
  10 24.807535 36.344868 6.480457 0.593206 0.461323 0.659763 0.843259 0.840101 2 10 0.708787 11 0.291213
  10 24.213472 36.921894 6.356886 -0.024446 0.431411 0.901824 0.853629 0.813564 1 10 1.000000
  10 24.398581 36.287052 6.648277 -0.033536 0.406516 0.913028 0.859193 0.837628 2 10 0.784167 11 0.215833
v_hands
  10 24.807535 36.344868 6.480457 0.593206 0.461323 0.659763 0.843259 0.840101 2 10 0.708787 11 0.291213
  10 24.585402 37.042961 6.147696 0.537273 0.536020 0.651169 0.834892 0.814243 1 10 1.000000
  10 24.213472 36.921894 6.356886 -0.024446 0.431411 0.901824 0.853629 0.813564 1 10 1.000000
v_hands
  11 24.809988 34.831413 7.126257 0.689704 0.281822 0.666997 0.861430 0.897802 1 11 1.000000
  11 24.489771 35.641304 6.951903 -0.009503 0.369463 0.929197 0.869354 0.870547 1 11 1.000000
  12 24.590134 34.809364 7.260097 0.025873 0.405623 0.913674 0.872654 0.898115 2 12 0.903402 11 0.096598
v_hands
  11 24.809988 34.831413 7.126257 0.689704 0.281822 0.666997 0.861430 0.897802 1 11 1.000000
  11 24.897905 35.620434 6.776329 0.659989 0.263496 0.703551 0.853323 0.865364 1 11 1.000000
  11 24.489771 35.641304 6.951903 -0.009503 0.369463 0.929197 0.869354 0.870547 1 11 1.000000
v_hands
  11 24.069202 35.288940 6.865737 -0.795611 0.142471 0.588816 0.584999 0.389706 1 11 1.000000
  11 23.976393 35.670914 6.189179 -0.980299 -0.185098 -0.068939 0.617168 0.365788 2 11 0.661909 10 0.338092
  11 24.035755 35.042511 6.428755 -0.971109 -0.205703 -0.120966 0.608703 0.397042 1 11 1.000000
v_hands
  11 24.069202 35.288940 6.865737 -0.795611 0.142471 0.588816 0.584999 0.389706 1 11 1.000000
  11 24.054262 35.905041 6.643200 -0.786382 0.163747 0.595643 0.592151 0.361727 2 11 0.613610 10 0.386390
  11 23.976393 35.670914 6.189179 -0.980299 -0.185098 -0.068939 0.617168 0.365788 2 11 0.661909 10 0.338092
v_hands
  10 24.018511 36.205994 6.510947 -0.727546 0.094435 0.679529 0.597825 0.349151 2 10 0.832940 11 0.167060
  10 23.687031 36.373402 5.856267 -0.905626 -0.386745 0.173984 0.629935 0.329803 2 10 0.935810 11 0.064190
  10 23.922861 35.847061 6.100339 -0.947823 -0.311977 0.065592 0.620830 0.357092 2 10 0.694292 11 0.305709
v_hands
  10 24.018511 36.205994 6.510947 -0.727546 0.094435 0.679529 0.597825 0.349151 2 10 0.832940 11 0.167060
  10 23.812775 36.691238 6.308589 -0.667654 0.045833 0.743059 0.603700 0.327338 1 10 1.000000
  10 23.687031 36.373402 5.856267 -0.905626 -0.386745 0.173984 0.629935 0.329803 2 10 0.935810 11 0.064190
v_hands
  11 24.054262 35.905041 6.643200 -0.786382 0.163747 0.595643 0.592151 0.361727 2 11 0.613610 10 0.386390
  10 23.922861 35.847061 6.100339 -0.947823 -0.311977 0.065592 0.620830 0.357092 2 10 0.694292 11 0.305709
  11 23.976393 35.670914 6.189179 -0.980299 -0.185098 -0.068939 0.617168 0.365788 2 11 0.661909 10 0.338092
v_hands
  11 24.054262 35.905041 6.643200 -0.786382 0.163747 0.595643 0.592151 0.361727 2 11 0.613610 10 0.386390
  10 24.018511 36.205994 6.510947 -0.727546 0.094435 0.679529 0.597825 0.349151 2 10 0.832940 11 0.167060
  10 23.922861 35.847061 6.100339 -0.947823 -0.311977 0.065592 0.620830 0.357092 2 10 0.694292 11 0.305709
v_hands
  11 24.809988 34.831413 7.126257 0.689704 0.281822 0.666997 0.861430 0.897802 1 11 1.000000
  11 25.070507 35.429077 6.458934 0.984528 0.001662 0.175219 0.835570 0.873149 1 11 1.000000
  11 24.897905 35.620434 6.776329 0.659989 0.263496 0.703551 0.853323 0.865364 1 11 1.000000
v_hands
  11 24.809988 34.831413 7.126257 0.689704 0.281822 0.666997 0.861430 0.897802 1 11 1.000000
  11 25.050358 34.559444 6.789337 0.992215 -0.005679 0.124410 0.844202 0.907538 2 11 0.821079 12 0.178921
  11 25.070507 35.429077 6.458934 0.984528 0.001662 0.175219 0.835570 0.873149 1 11 1.000000
v_hands
  10 24.807535 36.344868 6.480457 0.593206 0.461323 0.659763 0.843259 0.840101 2 10 0.708787 11 0.291213
  10 24.831160 36.995304 5.803943 0.926405 0.372806 0.052815 0.819634 0.817080 1 10 1.000000
  10 24.585402 37.042961 6.147696 0.537273 0.536020 0.651169 0.834892 0.814243 1 10 1.000000
v_hands
  10 24.807535 36.344868 6.480457 0.593206 0.461323 0.659763 0.843259 0.840101 2 10 0.708787 11 0.291213
  10 25.015665 36.190578 6.152493 0.958051 0.280792 0.057396 0.827998 0.845972 2 10 0.660433 11 0.339567
  10 24.831160 36.995304 5.803943 0.926405 0.372806 0.052815 0.819634 0.817080 1 10 1.000000
v_hands
  11 24.151464 35.511406 5.813988 -0.600554 -0.447085 -0.662910 0.638579 0.374204 2 11 0.565311 10 0.434689
  11 24.035755 35.042511 6.428755 -0.971109 -0.205703 -0.120966 0.608703 0.397042 1 11 1.000000
  11 23.976393 35.670914 6.189179 -0.980299 -0.185098 -0.068939 0.617168 0.365788 2 11 0.661909 10 0.338092
v_hands
  11 24.151464 35.511406 5.813988 -0.600554 -0.447085 -0.662910 0.638579 0.374204 2 11 0.565311 10 0.434689
  11 24.215405 34.882355 6.151357 -0.587148 -0.434884 -0.682739 0.626291 0.406309 1 11 1.000000
  11 24.035755 35.042511 6.428755 -0.971109 -0.205703 -0.120966 0.608703 0.397042 1 11 1.000000
v_hands
  11 24.489771 35.641304 6.951903 -0.009503 0.369463 0.929197 0.560525 0.381464 1 11 1.000000
  11 24.054262 35.905041 6.643200 -0.786382 0.163747 0.595643 0.592151 0.361727 2 11 0.613610 10 0.386390
  11 24.069202 35.288940 6.865737 -0.795611 0.142471 0.588816 0.584999 0.389706 1 11 1.000000
v_hands
  11 24.489771 35.641304 6.951903 -0.009503 0.369463 0.929197 0.560525 0.381464 1 11 1.000000
  11 24.450094 35.988743 6.787325 -0.042349 0.397904 0.916449 0.565331 0.357532 2 11 0.728817 10 0.271183
  11 24.054262 35.905041 6.643200 -0.786382 0.163747 0.595643 0.592151 0.361727 2 11 0.613610 10 0.386390
v_hands
  11 24.897905 35.620434 6.776329 0.659989 0.263496 0.703551 0.853323 0.865364 1 11 1.000000
  11 24.450094 35.988743 6.787325 -0.042349 0.397904 0.916449 0.863855 0.849924 2 11 0.728817 10 0.271183
  11 24.489771 35.641304 6.951903 -0.009503 0.369463 0.929197 0.869354 0.870547 1 11 1.000000
v_hands
  11 24.897905 35.620434 6.776329 0.659989 0.263496 0.703551 0.853323 0.865364 1 11 1.000000
  11 24.891556 36.016819 6.617446 0.623845 0.365074 0.691041 0.847528 0.851877 3 11 0.585235 10 0.281295 12 0.133470
  11 24.450094 35.988743 6.787325 -0.042349 0.397904 0.916449 0.863855 0.849924 2 11 0.728817 10 0.271183
v_hands
  11 24.686405 35.031044 5.959849 0.198087 -0.450281 -0.870637 0.650927 0.407232 1 11 1.000000
  11 24.151464 35.511406 5.813988 -0.600554 -0.447085 -0.662910 0.638579 0.374204 2 11 0.565311 10 0.434689
  11 24.633961 35.489243 5.734493 0.197944 -0.419799 -0.885769 0.658754 0.386475 2 11 0.825516 10 0.174484
v_hands
  11 24.686405 35.031044 5.959849 0.198087 -0.450281 -0.870637 0.650927 0.407232 1 11 1.000000
  11 24.215405 34.882355 6.151357 -0.587148 -0.434884 -0.682739 0.626291 0.406309 1 11 1.000000
  11 24.151464 35.511406 5.813988 -0.600554 -0.447085 -0.662910 0.638579 0.374204 2 11 0.565311 10 0.434689
v_hands
  11 25.039064 35.240658 6.138634 0.838688 -0.260048 -0.478516 0.817819 0.880860 1 11 1.000000
  11 24.633961 35.489243 5.734493 0.197944 -0.419799 -0.885769 0.799230 0.867758 2 11 0.825516 10 0.174484
  11 25.011871 35.612522 5.931221 0.816768 -0.164382 -0.553053 0.814766 0.865029 2 11 0.841384 10 0.158616
v_hands
  11 25.039064 35.240658 6.138634 0.838688 -0.260048 -0.478516 0.817819 0.880860 1 11 1.000000
  11 24.686405 35.031044 5.959849 0.198087 -0.450281 -0.870637 0.805798 0.887856 1 11 1.000000
  11 24.633961 35.489243 5.734493 0.197944 -0.419799 -0.885769 0.799230 0.867758 2 11 0.825516 10 0.174484
v_hands
  11 25.011871 35.612522 5.931221 0.816768 -0.164382 -0.553053 0.814766 0.865029 2 11 0.841384 10 0.158616
  11 25.070507 35.429077 6.458934 0.984528 0.001662 0.175219 0.835570 0.873149 1 11 1.000000
  11 25.039064 35.240658 6.138634 0.838688 -0.260048 -0.478516 0.817819 0.880860 1 11 1.000000
v_hands
  11 25.011871 35.612522 5.931221 0.816768 -0.164382 -0.553053 0.814766 0.865029 2 11 0.841384 10 0.158616
  11 25.138258 35.817371 6.315568 0.983532 0.142615 0.111023 0.831641 0.859114 3 11 0.716028 10 0.178488 12 0.105483
  11 25.070507 35.429077 6.458934 0.984528 0.001662 0.175219 0.835570 0.873149 1 11 1.000000
v_hands
  7 21.982553 40.253803 6.030811 0.988268 -0.151953 0.015365 0.867402 0.662555 1 7 1.000000
  7 21.904438 40.810917 5.948445 0.832029 0.494470 0.251449 0.868637 0.642699 1 7 1.000000
  7 21.880064 40.688824 6.248070 0.795637 0.517001 0.315708 0.878139 0.649924 1 7 1.000000
v_hands
  7 21.982553 40.253803 6.030811 0.988268 -0.151953 0.015365 0.867402 0.662555 1 7 1.000000
  7 21.989069 40.273052 5.791167 0.973872 -0.168840 0.151875 0.859583 0.659107 2 7 0.898804 6 0.101196
  7 21.904438 40.810917 5.948445 0.832029 0.494470 0.251449 0.868637 0.642699 1 7 1.000000
v_hands
  7 21.532423 40.868900 6.358897 0.183880 0.839816 0.510780 0.885803 0.642522 1 7 1.000000
  7 20.829374 40.794155 6.206252 -0.554185 0.744893 0.371502 0.900100 0.620212 1 7 1.000000
  7 20.856649 40.703461 6.476655 -0.525422 0.719229 0.454578 0.907121 0.627972 1 7 1.000000
v_hands
  7 21.532423 40.868900 6.358897 0.183880 0.839816 0.510780 0.885803 0.642522 1 7 1.000000
  7 21.516014 41.030228 6.080056 0.162429 0.895549 0.414256 0.877193 0.634514 2 7 0.925439 6 0.074561
  7 20.829374 40.794155 6.206252 -0.554185 0.744893 0.371502 0.900100 0.620212 1 7 1.000000
v_hands
  7 20.738869 39.497665 6.744418 -0.764237 -0.604614 -0.224462 0.543957 0.132402 1 7 1.000000
  7 21.141943 39.679489 5.875413 -0.257966 -0.907430 -0.331700 0.586006 0.148609 1 7 1.000000
  7 21.298973 39.326424 6.679524 -0.138525 -0.908621 -0.393979 0.548675 0.156034 1 7 1.000000
v_hands
  7 20.738869 39.497665 6.744418 -0.764237 -0.604614 -0.224462 0.543957 0.132402 1 7 1.000000
  7 20.688120 40.012478 5.835044 -0.767419 -0.615956 -0.177947 0.582521 0.130591 1 7 1.000000
  7 21.141943 39.679489 5.875413 -0.257966 -0.907430 -0.331700 0.586006 0.148609 1 7 1.000000
v_hands
  7 20.639791 39.942986 7.034308 -0.987124 0.122510 0.102844 0.937298 0.639335 1 7 1.000000
  7 20.856649 40.703461 6.476655 -0.525422 0.719229 0.454578 0.907121 0.627972 1 7 1.000000
  7 20.566835 40.400158 6.105643 -0.977460 0.097522 0.187244 0.910347 0.612551 1 7 1.000000
v_hands
  7 20.639791 39.942986 7.034308 -0.987124 0.122510 0.102844 0.937298 0.639335 1 7 1.000000
  7 20.866665 40.211514 7.120012 -0.559530 0.773759 0.297025 0.929576 0.646265 2 7 0.855068 8 0.144932
  7 20.856649 40.703461 6.476655 -0.525422 0.719229 0.454578 0.907121 0.627972 1 7 1.000000
v_hands
  7 20.738869 39.497665 6.744418 -0.764237 -0.604614 -0.224462 0.543957 0.132402 1 7 1.000000
  7 20.566835 40.400158 6.105643 -0.977460 0.097522 0.187244 0.572625 0.117901 1 7 1.000000
  7 20.688120 40.012478 5.835044 -0.767419 -0.615956 -0.177947 0.582521 0.130591 1 7 1.000000
v_hands
  7 20.738869 39.497665 6.744418 -0.764237 -0.604614 -0.224462 0.543957 0.132402 1 7 1.000000
  7 20.639791 39.942986 7.034308 -0.987124 0.122510 0.102844 0.534477 0.114944 1 7 1.000000
  7 20.566835 40.400158 6.105643 -0.977460 0.097522 0.187244 0.572625 0.117901 1 7 1.000000
v_hands
  7 21.587732 39.633785 5.923855 0.471682 -0.849079 -0.237869 0.587216 0.164028 1 7 1.000000
  7 21.298973 39.326424 6.679524 -0.138525 -0.908621 -0.393979 0.548675 0.156034 1 7 1.000000
  7 21.141943 39.679489 5.875413 -0.257966 -0.907430 -0.331700 0.586006 0.148609 1 7 1.000000
v_hands
  7 21.587732 39.633785 5.923855 0.471682 -0.849079 -0.237869 0.587216 0.164028 1 7 1.000000
  7 21.737276 39.375332 6.645352 0.559252 -0.741544 -0.370606 0.552962 0.174185 1 7 1.000000
  7 21.298973 39.326424 6.679524 -0.138525 -0.908621 -0.393979 0.548675 0.156034 1 7 1.000000
v_hands
  7 20.566835 40.400158 6.105643 -0.977460 0.097522 0.187244 0.910347 0.612551 1 7 1.000000
  7 20.829374 40.794155 6.206252 -0.554185 0.744893 0.371502 0.900100 0.620212 1 7 1.000000
  7 20.511992 40.467625 5.905593 -0.969081 0.073762 0.235457 0.905966 0.605875 1 7 1.000000
v_hands
  7 20.566835 40.400158 6.105643 -0.977460 0.097522 0.187244 0.910347 0.612551 1 7 1.000000
  7 20.856649 40.703461 6.476655 -0.525422 0.719229 0.454578 0.907121 0.627972 1 7 1.000000
  7 20.829374 40.794155 6.206252 -0.554185 0.744893 0.371502 0.900100 0.620212 1 7 1.000000
v_hands
  7 20.688120 40.012478 5.835044 -0.767419 -0.615956 -0.177947 0.582521 0.130591 1 7 1.000000
  7 20.511992 40.467625 5.905593 -0.969081 0.073762 0.235457 0.578215 0.113910 1 7 1.000000
  7 20.661129 40.047630 5.650908 -0.736316 -0.676585 -0.008495 0.589371 0.129073 2 7 0.949460 6 0.050540
v_hands
  7 20.688120 40.012478 5.835044 -0.767419 -0.615956 -0.177947 0.582521 0.130591 1 7 1.000000
  7 20.566835 40.400158 6.105643 -0.977460 0.097522 0.187244 0.572625 0.117901 1 7 1.000000
  7 20.511992 40.467625 5.905593 -0.969081 0.073762 0.235457 0.578215 0.113910 1 7 1.000000
v_hands
  6 22.137615 40.317806 5.280818 0.909682 0.014753 0.415044 0.840636 0.653555 2 6 0.573351 7 0.426649
  6 21.915056 40.955479 5.642010 0.801981 0.479483 0.356260 0.859101 0.634652 2 6 0.500967 7 0.499033
  7 22.008345 40.284508 5.556304 0.941987 -0.093256 0.322433 0.851663 0.656149 2 7 0.750677 6 0.249323
v_hands
  6 22.137615 40.317806 5.280818 0.909682 0.014753 0.415044 0.840636 0.653555 2 6 0.573351 7 0.426649
  6 21.987028 41.245731 5.212846 0.768942 0.536481 0.347730 0.844081 0.622942 2 6 0.649268 7 0.350732
  6 21.915056 40.955479 5.642010 0.801981 0.479483 0.356260 0.859101 0.634652 2 6 0.500967 7 0.499033
v_hands
  9 22.285273 39.286152 5.230304 -0.413818 -0.480256 0.773375 0.626971 0.183326 2 9 0.799639 6 0.200362
  6 21.854710 39.441105 5.209374 -0.263222 -0.770969 0.579932 0.624129 0.170143 3 6 0.402711 9 0.400676 7 0.196613
  9 22.161650 39.186974 5.106262 -0.520537 -0.587381 0.619696 0.632837 0.181573 2 9 0.828654 6 0.171346
v_hands
  9 22.285273 39.286152 5.230304 -0.413818 -0.480256 0.773375 0.626971 0.183326 2 9 0.799639 6 0.200362
  6 22.014509 39.549805 5.345245 -0.176101 -0.688470 0.703561 0.615513 0.176016 3 6 0.400712 9 0.353517 7 0.245771
  6 21.854710 39.441105 5.209374 -0.263222 -0.770969 0.579932 0.624129 0.170143 3 6 0.402711 9 0.400676 7 0.196613
v_hands
  7 20.651346 39.992920 5.503752 -0.685591 -0.699681 0.201027 0.595366 0.128646 2 7 0.949258 6 0.050742
  7 21.278765 39.727768 5.687771 -0.305308 -0.941008 -0.145916 0.594757 0.152053 2 7 0.897080 6 0.102920
  7 20.661129 40.047630 5.650908 -0.736316 -0.676585 -0.008495 0.589371 0.129073 2 7 0.949460 6 0.050540
v_hands
  7 20.651346 39.992920 5.503752 -0.685591 -0.699681 0.201027 0.595366 0.128646 2 7 0.949258 6 0.050742
  7 21.403042 39.714729 5.541568 -0.265180 -0.951424 0.156432 0.602035 0.155981 2 7 0.694750 6 0.305250
  7 21.278765 39.727768 5.687771 -0.305308 -0.941008 -0.145916 0.594757 0.152053 2 7 0.897080 6 0.102920
v_hands
  9 22.162506 39.026272 4.817904 -0.644425 -0.685401 0.339030 0.647566 0.182732 2 9 0.860207 6 0.139793
  9 22.274574 39.049213 5.116350 -0.718346 -0.406294 0.564715 0.634880 0.188254 1 9 1.000000
  9 22.161650 39.186974 5.106262 -0.520537 -0.587381 0.619696 0.632837 0.181573 2 9 0.828654 6 0.171346
v_hands
  9 22.162506 39.026272 4.817904 -0.644425 -0.685401 0.339030 0.647566 0.182732 2 9 0.860207 6 0.139793
  9 22.222124 38.929695 4.842698 -0.818395 -0.466069 0.336169 0.648002 0.187192 1 9 1.000000
  9 22.274574 39.049213 5.116350 -0.718346 -0.406294 0.564715 0.634880 0.188254 1 9 1.000000
v_hands
  7 21.278765 39.727768 5.687771 -0.305308 -0.941008 -0.145916 0.594757 0.152053 2 7 0.897080 6 0.102920
  7 21.587732 39.633785 5.923855 0.471682 -0.849079 -0.237869 0.587216 0.164028 1 7 1.000000
  7 21.141943 39.679489 5.875413 -0.257966 -0.907430 -0.331700 0.586006 0.148609 1 7 1.000000
v_hands
  7 21.278765 39.727768 5.687771 -0.305308 -0.941008 -0.145916 0.594757 0.152053 2 7 0.897080 6 0.102920
  7 21.655214 39.650379 5.729147 -0.158359 -0.975814 -0.150693 0.594713 0.165679 2 7 0.855104 6 0.144896
  7 21.587732 39.633785 5.923855 0.471682 -0.849079 -0.237869 0.587216 0.164028 1 7 1.000000
v_hands
  6 21.854710 39.441105 5.209374 -0.263222 -0.770969 0.579932 0.624129 0.170143 3 6 0.402711 9 0.400676 7 0.196613
  9 22.162506 39.026272 4.817904 -0.644425 -0.685401 0.339030 0.647566 0.182732 2 9 0.860207 6 0.139793
  9 22.161650 39.186974 5.106262 -0.520537 -0.587381 0.619696 0.632837 0.181573 2 9 0.828654 6 0.171346
v_hands
  6 21.854710 39.441105 5.209374 -0.263222 -0.770969 0.579932 0.624129 0.170143 3 6 0.402711 9 0.400676 7 0.196613
  6 20.697639 39.576233 4.577427 -0.636187 -0.737255 0.227424 0.636747 0.130198 3 6 0.523529 9 0.347023 7 0.129448
  9 22.162506 39.026272 4.817904 -0.644425 -0.685401 0.339030 0.647566 0.182732 2 9 0.860207 6 0.139793
v_hands
  6 20.699602 41.246822 5.188204 -0.595012 0.727231 0.342192 0.872513 0.589740 2 6 0.690007 7 0.309993
  7 20.432152 40.561810 5.583159 -0.961464 0.075020 0.264498 0.898936 0.595413 1 7 1.000000
  7 20.791574 40.892700 5.857795 -0.565593 0.729910 0.383844 0.891411 0.610227 2 7 0.814941 6 0.185059
v_hands
  6 20.699602 41.246822 5.188204 -0.595012 0.727231 0.342192 0.872513 0.589740 2 6 0.690007 7 0.309993
  6 20.260641 40.626873 4.935577 -0.977573 0.013881 0.210138 0.888681 0.576546 2 6 0.698823 7 0.301177
  7 20.432152 40.561810 5.583159 -0.961464 0.075020 0.264498 0.898936 0.595413 1 7 1.000000
v_hands
  6 21.992048 41.383133 4.761591 0.718655 0.641723 0.267817 0.830682 0.612263 2 6 0.791487 7 0.208513
  6 21.547970 41.466034 5.277483 0.123890 0.907257 0.401914 0.851002 0.613734 2 6 0.628185 7 0.371815
  6 21.987028 41.245731 5.212846 0.768942 0.536481 0.347730 0.844081 0.622942 2 6 0.649268 7 0.350732
v_hands
  6 21.992048 41.383133 4.761591 0.718655 0.641723 0.267817 0.830682 0.612263 2 6 0.791487 7 0.208513
  6 21.637310 41.567677 4.624435 0.131276 0.938250 0.320083 0.832278 0.599730 2 6 0.758506 7 0.241494
  6 21.547970 41.466034 5.277483 0.123890 0.907257 0.401914 0.851002 0.613734 2 6 0.628185 7 0.371815
v_hands
  6 21.637310 41.567677 4.624435 0.131276 0.938250 0.320083 0.832278 0.599730 2 6 0.758506 7 0.241494
  6 20.699602 41.246822 5.188204 -0.595012 0.727231 0.342192 0.872513 0.589740 2 6 0.690007 7 0.309993
  6 21.547970 41.466034 5.277483 0.123890 0.907257 0.401914 0.851002 0.613734 2 6 0.628185 7 0.371815
v_hands
  6 21.637310 41.567677 4.624435 0.131276 0.938250 0.320083 0.832278 0.599730 2 6 0.758506 7 0.241494
  6 20.480717 41.645432 4.046782 -0.577691 0.769814 0.271404 0.845072 0.554114 2 6 0.904063 5 0.095937
  6 20.699602 41.246822 5.188204 -0.595012 0.727231 0.342192 0.872513 0.589740 2 6 0.690007 7 0.309993
v_hands
  6 20.697639 39.576233 4.577427 -0.636187 -0.737255 0.227424 0.636747 0.130198 3 6 0.523529 9 0.347023 7 0.129448
  9 22.099625 38.836277 4.348712 -0.691304 -0.709648 0.136011 0.669160 0.181577 2 9 0.943057 6 0.056943
  9 22.162506 39.026272 4.817904 -0.644425 -0.685401 0.339030 0.647566 0.182732 2 9 0.860207 6 0.139793
v_hands
  6 20.697639 39.576233 4.577427 -0.636187 -0.737255 0.227424 0.636747 0.130198 3 6 0.523529 9 0.347023 7 0.129448
  9 20.792637 39.518559 3.748263 -0.711138 -0.702962 -0.011258 0.675438 0.123305 2 9 0.685138 6 0.314862
  9 22.099625 38.836277 4.348712 -0.691304 -0.709648 0.136011 0.669160 0.181577 2 9 0.943057 6 0.056943
v_hands
  7 21.759413 39.638893 5.588502 0.854790 -0.315429 0.412115 0.602955 0.168435 2 7 0.565311 6 0.434689
  7 21.989069 40.273052 5.791167 0.973872 -0.168840 0.151875 0.591708 0.185839 2 7 0.898804 6 0.101196
  7 21.655214 39.650379 5.729147 0.864999 -0.462223 0.195259 0.594713 0.165679 2 7 0.855104 6 0.144896
v_hands
  7 21.759413 39.638893 5.588502 0.854790 -0.315429 0.412115 0.602955 0.168435 2 7 0.565311 6 0.434689
  7 22.008345 40.284508 5.556304 0.941987 -0.093256 0.322433 0.598909 0.188838 2 7 0.750677 6 0.249323
  7 21.989069 40.273052 5.791167 0.973872 -0.168840 0.151875 0.591708 0.185839 2 7 0.898804 6 0.101196
v_hands
  6 21.916903 39.609745 5.420632 -0.116793 -0.878944 0.462402 0.610915 0.173564 2 6 0.663700 7 0.336300
  6 21.854710 39.441105 5.209374 -0.263222 -0.770969 0.579932 0.624129 0.170143 3 6 0.402711 9 0.400676 7 0.196613
  6 22.014509 39.549805 5.345245 -0.176101 -0.688470 0.703561 0.615513 0.176016 3 6 0.400712 9 0.353517 7 0.245771
v_hands
  6 21.916903 39.609745 5.420632 -0.116793 -0.878944 0.462402 0.610915 0.173564 2 6 0.663700 7 0.336300
  6 21.596689 39.589344 5.329755 -0.210785 -0.884886 0.415387 0.614125 0.162395 2 6 0.634197 7 0.365803
  6 21.854710 39.441105 5.209374 -0.263222 -0.770969 0.579932 0.624129 0.170143 3 6 0.402711 9 0.400676 7 0.196613
v_hands
  6 20.260641 40.626873 4.935577 -0.977573 0.013881 0.210138 0.606799 0.097012 2 6 0.698823 7 0.301177
  6 20.697639 39.576233 4.577427 -0.636187 -0.737255 0.227424 0.636747 0.130198 3 6 0.523529 9 0.347023 7 0.129448
  6 20.676834 39.818649 5.178495 -0.659410 -0.701009 0.271597 0.609137 0.127691 2 6 0.648322 7 0.351678
v_hands
  6 20.260641 40.626873 4.935577 -0.977573 0.013881 0.210138 0.606799 0.097012 2 6 0.698823 7 0.301177
  6 20.233677 40.584362 4.086944 -0.994745 -0.087560 0.053058 0.641170 0.089741 3 6 0.829390 5 0.092154 9 0.078456
  6 20.697639 39.576233 4.577427 -0.636187 -0.737255 0.227424 0.636747 0.130198 3 6 0.523529 9 0.347023 7 0.129448
v_hands
  7 21.655214 39.650379 5.729147 -0.158359 -0.975814 -0.150693 0.594713 0.165679 2 7 0.855104 6 0.144896
  7 21.403042 39.714729 5.541568 -0.265180 -0.951424 0.156432 0.602035 0.155981 2 7 0.694750 6 0.305250
  7 21.759413 39.638893 5.588502 -0.166601 -0.981104 0.098380 0.602955 0.168435 2 7 0.565311 6 0.434689
v_hands
  7 21.655214 39.650379 5.729147 -0.158359 -0.975814 -0.150693 0.594713 0.165679 2 7 0.855104 6 0.144896
  7 21.278765 39.727768 5.687771 -0.305308 -0.941008 -0.145916 0.594757 0.152053 2 7 0.897080 6 0.102920
  7 21.403042 39.714729 5.541568 -0.265180 -0.951424 0.156432 0.602035 0.155981 2 7 0.694750 6 0.305250
v_hands
  6 20.676834 39.818649 5.178495 -0.659410 -0.701009 0.271597 0.609137 0.127691 2 6 0.648322 7 0.351678
  7 21.403042 39.714729 5.541568 -0.265180 -0.951424 0.156432 0.602035 0.155981 2 7 0.694750 6 0.305250
  7 20.651346 39.992920 5.503752 -0.685591 -0.699681 0.201027 0.595366 0.128646 2 7 0.949258 6 0.050742
v_hands
  6 20.676834 39.818649 5.178495 -0.659410 -0.701009 0.271597 0.609137 0.127691 2 6 0.648322 7 0.351678
  6 21.596689 39.589344 5.329755 -0.210785 -0.884886 0.415387 0.614125 0.162395 2 6 0.634197 7 0.365803
  7 21.403042 39.714729 5.541568 -0.265180 -0.951424 0.156432 0.602035 0.155981 2 7 0.694750 6 0.305250
v_hands
  6 20.676834 39.818649 5.178495 -0.659410 -0.701009 0.271597 0.609137 0.127691 2 6 0.648322 7 0.351678
  7 20.432152 40.561810 5.583159 -0.961464 0.075020 0.264498 0.586458 0.107937 1 7 1.000000
  6 20.260641 40.626873 4.935577 -0.977573 0.013881 0.210138 0.606799 0.097012 2 6 0.698823 7 0.301177
v_hands
  6 20.676834 39.818649 5.178495 -0.659410 -0.701009 0.271597 0.609137 0.127691 2 6 0.648322 7 0.351678
  7 20.651346 39.992920 5.503752 -0.685591 -0.699681 0.201027 0.595366 0.128646 2 7 0.949258 6 0.050742
  7 20.432152 40.561810 5.583159 -0.961464 0.075020 0.264498 0.586458 0.107937 1 7 1.000000
v_hands
  6 21.987028 41.245731 5.212846 0.768942 0.536481 0.347730 0.844081 0.622942 2 6 0.649268 7 0.350732
  7 21.481962 41.210236 5.713466 0.120854 0.874787 0.469192 0.866685 0.623802 2 7 0.651517 6 0.348483
  6 21.915056 40.955479 5.642010 0.801981 0.479483 0.356260 0.859101 0.634652 2 6 0.500967 7 0.499033
v_hands
  6 21.987028 41.245731 5.212846 0.768942 0.536481 0.347730 0.844081 0.622942 2 6 0.649268 7 0.350732
  6 21.547970 41.466034 5.277483 0.123890 0.907257 0.401914 0.851002 0.613734 2 6 0.628185 7 0.371815
  7 21.481962 41.210236 5.713466 0.120854 0.874787 0.469192 0.866685 0.623802 2 7 0.651517 6 0.348483
v_hands
  9 22.400139 40.326801 4.839521 0.743871 0.330800 0.580712 0.626900 0.205709 2 9 0.517198 6 0.482802
  6 22.014509 39.549805 5.345245 0.754269 0.027709 0.655981 0.615513 0.176016 3 6 0.400712 9 0.353517 7 0.245771
  9 22.285273 39.286152 5.230304 0.517520 0.258501 0.815690 0.626971 0.183326 2 9 0.799639 6 0.200362
v_hands
  9 22.400139 40.326801 4.839521 0.743871 0.330800 0.580712 0.626900 0.205709 2 9 0.517198 6 0.482802
  6 22.218460 40.330601 5.094023 0.870765 0.166392 0.462689 0.615929 0.200079 2 6 0.763458 7 0.236542
  6 22.014509 39.549805 5.345245 0.754269 0.027709 0.655981 0.615513 0.176016 3 6 0.400712 9 0.353517 7 0.245771
v_hands
  7 21.516014 41.030228 6.080056 0.162429 0.895549 0.414256 0.877193 0.634514 2 7 0.925439 6 0.074561
  6 21.915056 40.955479 5.642010 0.801981 0.479483 0.356260 0.859101 0.634652 2 6 0.500967 7 0.499033
  7 21.481962 41.210236 5.713466 0.120854 0.874787 0.469192 0.866685 0.623802 2 7 0.651517 6 0.348483
v_hands
  7 21.516014 41.030228 6.080056 0.162429 0.895549 0.414256 0.877193 0.634514 2 7 0.925439 6 0.074561
  7 21.904438 40.810917 5.948445 0.832029 0.494470 0.251449 0.868637 0.642699 1 7 1.000000
  6 21.915056 40.955479 5.642010 0.801981 0.479483 0.356260 0.859101 0.634652 2 6 0.500967 7 0.499033
v_hands
  7 20.661129 40.047630 5.650908 -0.736316 -0.676585 -0.008495 0.589371 0.129073 2 7 0.949460 6 0.050540
  7 21.141943 39.679489 5.875413 -0.257966 -0.907430 -0.331700 0.586006 0.148609 1 7 1.000000
  7 20.688120 40.012478 5.835044 -0.767419 -0.615956 -0.177947 0.582521 0.130591 1 7 1.000000
v_hands
  7 20.661129 40.047630 5.650908 -0.736316 -0.676585 -0.008495 0.589371 0.129073 2 7 0.949460 6 0.050540
  7 21.278765 39.727768 5.687771 -0.305308 -0.941008 -0.145916 0.594757 0.152053 2 7 0.897080 6 0.102920
  7 21.141943 39.679489 5.875413 -0.257966 -0.907430 -0.331700 0.586006 0.148609 1 7 1.000000
v_hands
  6 21.916903 39.609745 5.420632 0.820701 -0.150640 0.551142 0.610915 0.173564 2 6 0.663700 7 0.336300
  7 22.008345 40.284508 5.556304 0.941987 -0.093256 0.322433 0.598909 0.188838 2 7 0.750677 6 0.249323
  7 21.759413 39.638893 5.588502 0.854790 -0.315429 0.412115 0.602955 0.168435 2 7 0.565311 6 0.434689
v_hands
  6 21.916903 39.609745 5.420632 0.820701 -0.150640 0.551142 0.610915 0.173564 2 6 0.663700 7 0.336300
  6 22.137615 40.317806 5.280818 0.909682 0.014753 0.415044 0.610006 0.195020 2 6 0.573351 7 0.426649
  7 22.008345 40.284508 5.556304 0.941987 -0.093256 0.322433 0.598909 0.188838 2 7 0.750677 6 0.249323
v_hands
  9 22.594967 40.273861 4.651591 0.653359 0.434640 0.619846 0.811309 0.659188 2 9 0.800006 6 0.199994
  9 22.806738 39.379864 4.976273 0.311340 0.581442 0.751660 0.822233 0.696214 1 9 1.000000
  9 22.789791 40.220924 4.463659 0.629108 0.538370 0.560697 0.801384 0.661771 1 9 1.000000
v_hands
  9 22.594967 40.273861 4.651591 0.653359 0.434640 0.619846 0.811309 0.659188 2 9 0.800006 6 0.199994
  9 22.521093 39.471184 5.065345 0.413115 0.368713 0.832698 0.837078 0.686676 1 9 1.000000
  9 22.806738 39.379864 4.976273 0.311340 0.581442 0.751660 0.822233 0.696214 1 9 1.000000
v_hands
  9 22.400139 40.326801 4.839521 0.743871 0.330800 0.580712 0.821486 0.656922 2 9 0.517198 6 0.482802
  9 22.521093 39.471184 5.065345 0.413115 0.368713 0.832698 0.837078 0.686676 1 9 1.000000
  9 22.594967 40.273861 4.651591 0.653359 0.434640 0.619846 0.811309 0.659188 2 9 0.800006 6 0.199994
v_hands
  9 22.400139 40.326801 4.839521 0.743871 0.330800 0.580712 0.821486 0.656922 2 9 0.517198 6 0.482802
  9 22.285273 39.286152 5.230304 0.517520 0.258501 0.815690 0.850059 0.687892 2 9 0.799639 6 0.200362
  9 22.521093 39.471184 5.065345 0.413115 0.368713 0.832698 0.837078 0.686676 1 9 1.000000
v_hands
  7 21.481962 41.210236 5.713466 0.120854 0.874787 0.469192 0.866685 0.623802 2 7 0.651517 6 0.348483
  6 20.699602 41.246822 5.188204 -0.595012 0.727231 0.342192 0.872513 0.589740 2 6 0.690007 7 0.309993
  7 20.791574 40.892700 5.857795 -0.565593 0.729910 0.383844 0.891411 0.610227 2 7 0.814941 6 0.185059
v_hands
  7 21.481962 41.210236 5.713466 0.120854 0.874787 0.469192 0.866685 0.623802 2 7 0.651517 6 0.348483
  6 21.547970 41.466034 5.277483 0.123890 0.907257 0.401914 0.851002 0.613734 2 6 0.628185 7 0.371815
  6 20.699602 41.246822 5.188204 -0.595012 0.727231 0.342192 0.872513 0.589740 2 6 0.690007 7 0.309993
v_hands
  9 22.400139 40.326801 4.839521 0.743871 0.330800 0.580712 0.821025 0.657019 2 9 0.517198 6 0.482802
  6 21.992048 41.383133 4.761591 0.718655 0.641723 0.267817 0.830682 0.612263 2 6 0.791487 7 0.208513
  6 22.218460 40.330601 5.094023 0.870765 0.166392 0.462689 0.833230 0.653582 2 6 0.763458 7 0.236542
v_hands
  9 22.400139 40.326801 4.839521 0.743871 0.330800 0.580712 0.821025 0.657019 2 9 0.517198 6 0.482802
  6 21.997444 41.530918 4.276262 0.633095 0.666528 0.393613 0.816212 0.600608 3 6 0.784502 5 0.131614 7 0.083884
  6 21.992048 41.383133 4.761591 0.718655 0.641723 0.267817 0.830682 0.612263 2 6 0.791487 7 0.208513
v_hands
  6 22.218460 40.330601 5.094023 0.870765 0.166392 0.462689 0.833230 0.653582 2 6 0.763458 7 0.236542
  6 21.987028 41.245731 5.212846 0.768942 0.536481 0.347730 0.844081 0.622942 2 6 0.649268 7 0.350732
  6 22.137615 40.317806 5.280818 0.909682 0.014753 0.415044 0.840636 0.653555 2 6 0.573351 7 0.426649
v_hands
  6 22.218460 40.330601 5.094023 0.870765 0.166392 0.462689 0.833230 0.653582 2 6 0.763458 7 0.236542
  6 21.992048 41.383133 4.761591 0.718655 0.641723 0.267817 0.830682 0.612263 2 6 0.791487 7 0.208513
  6 21.987028 41.245731 5.212846 0.768942 0.536481 0.347730 0.844081 0.622942 2 6 0.649268 7 0.350732
v_hands
  6 22.014509 39.549805 5.345245 0.754269 0.027709 0.655981 0.615513 0.176016 3 6 0.400712 9 0.353517 7 0.245771
  6 22.137615 40.317806 5.280818 0.909682 0.014753 0.415044 0.610006 0.195020 2 6 0.573351 7 0.426649
  6 21.916903 39.609745 5.420632 0.820701 -0.150640 0.551142 0.610915 0.173564 2 6 0.663700 7 0.336300
v_hands
  6 22.014509 39.549805 5.345245 0.754269 0.027709 0.655981 0.615513 0.176016 3 6 0.400712 9 0.353517 7 0.245771
  6 22.218460 40.330601 5.094023 0.870765 0.166392 0.462689 0.615929 0.200079 2 6 0.763458 7 0.236542
  6 22.137615 40.317806 5.280818 0.909682 0.014753 0.415044 0.610006 0.195020 2 6 0.573351 7 0.426649
v_hands
  7 22.008345 40.284508 5.556304 0.941987 -0.093256 0.322433 0.851663 0.656149 2 7 0.750677 6 0.249323
  7 21.904438 40.810917 5.948445 0.832029 0.494470 0.251449 0.868637 0.642699 1 7 1.000000
  7 21.989069 40.273052 5.791167 0.973872 -0.168840 0.151875 0.859583 0.659107 2 7 0.898804 6 0.101196
v_hands
  7 22.008345 40.284508 5.556304 0.941987 -0.093256 0.322433 0.851663 0.656149 2 7 0.750677 6 0.249323
  6 21.915056 40.955479 5.642010 0.801981 0.479483 0.356260 0.859101 0.634652 2 6 0.500967 7 0.499033
  7 21.904438 40.810917 5.948445 0.832029 0.494470 0.251449 0.868637 0.642699 1 7 1.000000
v_hands
  7 21.982553 40.253803 6.030811 0.988268 -0.151953 0.015365 0.583743 0.186603 1 7 1.000000
  7 21.655214 39.650379 5.729147 0.864999 -0.462223 0.195259 0.594713 0.165679 2 7 0.855104 6 0.144896
  7 21.989069 40.273052 5.791167 0.973872 -0.168840 0.151875 0.591708 0.185839 2 7 0.898804 6 0.101196
v_hands
  7 21.982553 40.253803 6.030811 0.988268 -0.151953 0.015365 0.583743 0.186603 1 7 1.000000
  7 21.587732 39.633785 5.923855 0.471682 -0.849079 -0.237869 0.587216 0.164028 1 7 1.000000
  7 21.655214 39.650379 5.729147 0.864999 -0.462223 0.195259 0.594713 0.165679 2 7 0.855104 6 0.144896
v_hands
  7 20.791574 40.892700 5.857795 -0.565593 0.729910 0.383844 0.891411 0.610227 2 7 0.814941 6 0.185059
  7 21.516014 41.030228 6.080056 0.162429 0.895549 0.414256 0.877193 0.634514 2 7 0.925439 6 0.074561
  7 21.481962 41.210236 5.713466 0.120854 0.874787 0.469192 0.866685 0.623802 2 7 0.651517 6 0.348483
v_hands
  7 20.791574 40.892700 5.857795 -0.565593 0.729910 0.383844 0.891411 0.610227 2 7 0.814941 6 0.185059
  7 20.829374 40.794155 6.206252 -0.554185 0.744893 0.371502 0.900100 0.620212 1 7 1.000000
  7 21.516014 41.030228 6.080056 0.162429 0.895549 0.414256 0.877193 0.634514 2 7 0.925439 6 0.074561
v_hands
  7 21.880064 40.688824 6.248070 0.795637 0.517001 0.315708 0.878139 0.649924 1 7 1.000000
  7 21.516014 41.030228 6.080056 0.162429 0.895549 0.414256 0.877193 0.634514 2 7 0.925439 6 0.074561
  7 21.532423 40.868900 6.358897 0.183880 0.839816 0.510780 0.885803 0.642522 1 7 1.000000
v_hands
  7 21.880064 40.688824 6.248070 0.795637 0.517001 0.315708 0.878139 0.649924 1 7 1.000000
  7 21.904438 40.810917 5.948445 0.832029 0.494470 0.251449 0.868637 0.642699 1 7 1.000000
  7 21.516014 41.030228 6.080056 0.162429 0.895549 0.414256 0.877193 0.634514 2 7 0.925439 6 0.074561
v_hands
  7 20.791574 40.892700 5.857795 -0.565593 0.729910 0.383844 0.891411 0.610227 2 7 0.814941 6 0.185059
  7 20.511992 40.467625 5.905593 -0.969081 0.073762 0.235457 0.905966 0.605875 1 7 1.000000
  7 20.829374 40.794155 6.206252 -0.554185 0.744893 0.371502 0.900100 0.620212 1 7 1.000000
v_hands
  7 20.791574 40.892700 5.857795 -0.565593 0.729910 0.383844 0.891411 0.610227 2 7 0.814941 6 0.185059
  7 20.432152 40.561810 5.583159 -0.961464 0.075020 0.264498 0.898936 0.595413 1 7 1.000000
  7 20.511992 40.467625 5.905593 -0.969081 0.073762 0.235457 0.905966 0.605875 1 7 1.000000
v_hands
  7 20.432152 40.561810 5.583159 -0.961464 0.075020 0.264498 0.586458 0.107937 1 7 1.000000
  7 20.661129 40.047630 5.650908 -0.736316 -0.676585 -0.008495 0.589371 0.129073 2 7 0.949460 6 0.050540
  7 20.511992 40.467625 5.905593 -0.969081 0.073762 0.235457 0.578215 0.113910 1 7 1.000000
v_hands
  7 20.432152 40.561810 5.583159 -0.961464 0.075020 0.264498 0.586458 0.107937 1 7 1.000000
  7 20.651346 39.992920 5.503752 -0.685591 -0.699681 0.201027 0.595366 0.128646 2 7 0.949258 6 0.050742
  7 20.661129 40.047630 5.650908 -0.736316 -0.676585 -0.008495 0.589371 0.129073 2 7 0.949460 6 0.050540
v_hands
  7 21.759413 39.638893 5.588502 -0.166601 -0.981104 0.098380 0.602955 0.168435 2 7 0.565311 6 0.434689
  6 21.596689 39.589344 5.329755 -0.210785 -0.884886 0.415387 0.614125 0.162395 2 6 0.634197 7 0.365803
  6 21.916903 39.609745 5.420632 -0.116793 -0.878944 0.462402 0.610915 0.173564 2 6 0.663700 7 0.336300
v_hands
  7 21.759413 39.638893 5.588502 -0.166601 -0.981104 0.098380 0.602955 0.168435 2 7 0.565311 6 0.434689
  7 21.403042 39.714729 5.541568 -0.265180 -0.951424 0.156432 0.602035 0.155981 2 7 0.694750 6 0.305250
  6 21.596689 39.589344 5.329755 -0.210785 -0.884886 0.415387 0.614125 0.162395 2 6 0.634197 7 0.365803
v_hands
  6 21.596689 39.589344 5.329755 -0.210785 -0.884886 0.415387 0.614125 0.162395 2 6 0.634197 7 0.365803
  6 20.697639 39.576233 4.577427 -0.636187 -0.737255 0.227424 0.636747 0.130198 3 6 0.523529 9 0.347023 7 0.129448
  6 21.854710 39.441105 5.209374 -0.263222 -0.770969 0.579932 0.624129 0.170143 3 6 0.402711 9 0.400676 7 0.196613
v_hands
  6 21.596689 39.589344 5.329755 -0.210785 -0.884886 0.415387 0.614125 0.162395 2 6 0.634197 7 0.365803
  6 20.676834 39.818649 5.178495 -0.659410 -0.701009 0.271597 0.609137 0.127691 2 6 0.648322 7 0.351678
  6 20.697639 39.576233 4.577427 -0.636187 -0.737255 0.227424 0.636747 0.130198 3 6 0.523529 9 0.347023 7 0.129448
v_hands
  9 20.792637 39.518559 3.748263 -0.711138 -0.702962 -0.011258 0.675438 0.123305 2 9 0.685138 6 0.314862
  9 22.083286 38.797539 3.701935 -0.702259 -0.711921 -0.000921 0.696499 0.175585 2 9 0.836850 10 0.163150
  9 22.099625 38.836277 4.348712 -0.691304 -0.709648 0.136011 0.669160 0.181577 2 9 0.943057 6 0.056943
v_hands
  9 20.792637 39.518559 3.748263 -0.711138 -0.702962 -0.011258 0.675438 0.123305 2 9 0.685138 6 0.314862
  9 20.891907 39.498749 3.221010 -0.674676 -0.710375 -0.200448 0.700134 0.120998 3 9 0.602285 5 0.228222 6 0.169493
  9 22.083286 38.797539 3.701935 -0.702259 -0.711921 -0.000921 0.696499 0.175585 2 9 0.836850 10 0.163150
v_hands
  9 22.285273 39.286152 5.230304 -0.413818 -0.480256 0.773375 0.626971 0.183326 2 9 0.799639 6 0.200362
  9 22.274574 39.049213 5.116350 -0.718346 -0.406294 0.564715 0.634880 0.188254 1 9 1.000000
  9 22.380154 39.129738 5.241371 -0.617241 -0.318264 0.719529 0.628853 0.190511 1 9 1.000000
v_hands
  9 22.285273 39.286152 5.230304 -0.413818 -0.480256 0.773375 0.626971 0.183326 2 9 0.799639 6 0.200362
  9 22.161650 39.186974 5.106262 -0.520537 -0.587381 0.619696 0.632837 0.181573 2 9 0.828654 6 0.171346
  9 22.274574 39.049213 5.116350 -0.718346 -0.406294 0.564715 0.634880 0.188254 1 9 1.000000
v_hands
  9 22.162506 39.026272 4.817904 -0.644425 -0.685401 0.339030 0.647566 0.182732 2 9 0.860207 6 0.139793
  9 22.141336 38.777866 4.385546 -0.858159 -0.478165 0.186872 0.668433 0.186149 1 9 1.000000
  9 22.222124 38.929695 4.842698 -0.818395 -0.466069 0.336169 0.648002 0.187192 1 9 1.000000
v_hands
  9 22.162506 39.026272 4.817904 -0.644425 -0.685401 0.339030 0.647566 0.182732 2 9 0.860207 6 0.139793
  9 22.099625 38.836277 4.348712 -0.691304 -0.709648 0.136011 0.669160 0.181577 2 9 0.943057 6 0.056943
  9 22.141336 38.777866 4.385546 -0.858159 -0.478165 0.186872 0.668433 0.186149 1 9 1.000000
v_hands
  5 20.066710 41.126476 1.013976 -0.997446 0.045525 0.055036 0.752511 0.021198 1 5 1.000000
  5 20.149744 40.646477 0.131533 -0.893582 0.023786 -0.448269 0.794997 0.021817 1 5 1.000000
  5 20.004364 40.722897 1.151848 -0.990021 -0.047160 0.132792 0.752582 0.032958 1 5 1.000000
v_hands
  5 20.066710 41.126476 1.013976 -0.997446 0.045525 0.055036 0.752511 0.021198 1 5 1.000000
  5 20.212078 40.880589 0.161041 -0.924606 -0.101454 -0.367167 0.792920 0.012804 2 5 0.926800 25 0.073200
  5 20.149744 40.646477 0.131533 -0.893582 0.023786 -0.448269 0.794997 0.021817 1 5 1.000000
v_hands
  5 20.413975 40.605961 2.597239 -0.948810 -0.300222 -0.098112 0.705342 0.069274 3 5 0.689094 6 0.243959 9 0.066946
  6 20.307348 41.114674 3.141118 -0.999888 0.007895 0.012738 0.675547 0.063292 3 6 0.473506 5 0.346175 9 0.180319
  5 20.303341 41.328438 2.793446 -0.998574 0.022609 0.048361 0.685401 0.055017 2 5 0.688080 6 0.311920
v_hands
  5 20.413975 40.605961 2.597239 -0.948810 -0.300222 -0.098112 0.705342 0.069274 3 5 0.689094 6 0.243959 9 0.066946
  5 20.353470 40.582535 2.971694 -0.949479 -0.272835 -0.155083 0.690594 0.076262 3 5 0.443333 6 0.285151 9 0.271517
  6 20.307348 41.114674 3.141118 -0.999888 0.007895 0.012738 0.675547 0.063292 3 6 0.473506 5 0.346175 9 0.180319
v_hands
  5 20.175938 41.576359 1.811050 -0.985138 -0.088628 0.147135 0.716697 0.028619 1 5 1.000000
  5 20.303341 41.328438 2.793446 -0.998574 0.022609 0.048361 0.685401 0.055017 2 5 0.688080 6 0.311920
  5 20.294300 41.820518 2.153026 -0.974788 0.071083 0.211505 0.700215 0.030232 2 5 0.915500 25 0.084500
v_hands
  5 20.175938 41.576359 1.811050 -0.985138 -0.088628 0.147135 0.716697 0.028619 1 5 1.000000
  5 20.413975 40.605961 2.597239 -0.948810 -0.300222 -0.098112 0.705342 0.069274 3 5 0.689094 6 0.243959 9 0.066946
  5 20.303341 41.328438 2.793446 -0.998574 0.022609 0.048361 0.685401 0.055017 2 5 0.688080 6 0.311920
v_hands
  5 20.357901 39.393913 0.081275 -0.832859 -0.335361 -0.440315 0.816094 0.066419 1 5 1.000000
  5 20.740307 40.025188 -0.356573 -0.359144 -0.041195 -0.932373 0.834785 0.041811 1 5 1.000000
  5 20.866432 39.537739 -0.383210 -0.341172 -0.200380 -0.918395 0.843524 0.063541 1 5 1.000000
v_hands
  5 20.357901 39.393913 0.081275 -0.832859 -0.335361 -0.440315 0.816094 0.066419 1 5 1.000000
  5 20.161753 40.285702 0.098000 -0.873863 -0.099921 -0.475792 0.800671 0.034766 1 5 1.000000
  5 20.740307 40.025188 -0.356573 -0.359144 -0.041195 -0.932373 0.834785 0.041811 1 5 1.000000
v_hands
  5 20.161753 40.285702 0.098000 -0.873863 -0.099921 -0.475792 0.800671 0.034766 1 5 1.000000
  5 20.244034 39.397243 0.737069 -0.922465 -0.368360 0.115622 0.787606 0.073983 1 5 1.000000
  5 20.076656 40.404091 0.601689 -0.989079 -0.143550 -0.033395 0.778555 0.035419 1 5 1.000000
v_hands
  5 20.161753 40.285702 0.098000 -0.873863 -0.099921 -0.475792 0.800671 0.034766 1 5 1.000000
  5 20.357901 39.393913 0.081275 -0.832859 -0.335361 -0.440315 0.816094 0.066419 1 5 1.000000
  5 20.244034 39.397243 0.737069 -0.922465 -0.368360 0.115622 0.787606 0.073983 1 5 1.000000
v_hands
  5 20.463831 39.505917 1.400989 -0.849477 -0.368004 0.378104 0.759744 0.084970 1 5 1.000000
  5 20.278603 40.776878 1.732650 -0.936605 -0.174971 0.303571 0.731135 0.046692 1 5 1.000000
  5 20.004364 40.722897 1.151848 -0.990021 -0.047160 0.132792 0.752582 0.032958 1 5 1.000000
v_hands
  5 20.463831 39.505917 1.400989 -0.849477 -0.368004 0.378104 0.759744 0.084970 1 5 1.000000
  5 20.811129 39.634907 2.128444 -0.813010 -0.413296 0.410123 0.733823 0.101997 1 5 1.000000
  5 20.278603 40.776878 1.732650 -0.936605 -0.174971 0.303571 0.731135 0.046692 1 5 1.000000
v_hands
  5 22.586067 40.418415 1.350201 0.909906 0.116636 -0.398080 0.695042 0.614343 1 5 1.000000
  5 22.612579 41.155228 1.536592 0.947068 0.189857 -0.258877 0.713772 0.591277 1 5 1.000000
  5 22.788095 40.766384 1.930551 0.942410 0.205673 -0.263744 0.722864 0.612124 1 5 1.000000
v_hands
  5 22.586067 40.418415 1.350201 0.909906 0.116636 -0.398080 0.695042 0.614343 1 5 1.000000
  5 22.456959 40.768677 1.001314 0.902862 0.059893 -0.425737 0.687366 0.596049 1 5 1.000000
  5 22.612579 41.155228 1.536592 0.947068 0.189857 -0.258877 0.713772 0.591277 1 5 1.000000
v_hands
  6 20.699602 41.246822 5.188204 -0.595012 0.727231 0.342192 0.588450 0.084634 2 6 0.690007 7 0.309993
  6 20.233677 40.584362 4.086944 -0.994745 -0.087560 0.053058 0.641170 0.089741 3 6 0.829390 5 0.092154 9 0.078456
  6 20.260641 40.626873 4.935577 -0.977573 0.013881 0.210138 0.606799 0.097012 2 6 0.698823 7 0.301177
v_hands
  6 20.699602 41.246822 5.188204 -0.595012 0.727231 0.342192 0.588450 0.084634 2 6 0.690007 7 0.309993
  6 20.480717 41.645432 4.046782 -0.577691 0.769814 0.271404 0.634362 0.064128 2 6 0.904063 5 0.095937
  6 20.233677 40.584362 4.086944 -0.994745 -0.087560 0.053058 0.641170 0.089741 3 6 0.829390 5 0.092154 9 0.078456
v_hands
  5 20.357107 41.796211 3.178761 -0.850894 0.467777 0.239090 0.825652 0.528896 2 5 0.703481 6 0.296519
  5 20.663071 42.263718 2.761079 -0.753719 0.497717 0.429168 0.801309 0.524737 2 5 0.912843 6 0.087157
  5 20.412659 42.064678 2.495003 -0.881442 0.390165 0.266142 0.804330 0.512443 3 5 0.844800 25 0.090000 6 0.065200
v_hands
  5 20.357107 41.796211 3.178761 -0.850894 0.467777 0.239090 0.825652 0.528896 2 5 0.703481 6 0.296519
  5 20.673790 41.988056 3.309079 -0.530469 0.731637 0.428146 0.818071 0.539698 2 5 0.773081 6 0.226920
  5 20.663071 42.263718 2.761079 -0.753719 0.497717 0.429168 0.801309 0.524737 2 5 0.912843 6 0.087157
v_hands
  6 21.997444 41.530918 4.276262 0.633095 0.666528 0.393613 0.816212 0.600608 3 6 0.784502 5 0.131614 7 0.083884
  6 21.637310 41.567677 4.624435 0.131276 0.938250 0.320083 0.832278 0.599730 2 6 0.758506 7 0.241494
  6 21.992048 41.383133 4.761591 0.718655 0.641723 0.267817 0.830682 0.612263 2 6 0.791487 7 0.208513
v_hands
  6 21.997444 41.530918 4.276262 0.633095 0.666528 0.393613 0.816212 0.600608 3 6 0.784502 5 0.131614 7 0.083884
  6 21.597715 41.709236 4.231500 0.172480 0.875437 0.451510 0.822166 0.588457 2 6 0.861929 5 0.138071
  6 21.637310 41.567677 4.624435 0.131276 0.938250 0.320083 0.832278 0.599730 2 6 0.758506 7 0.241494
v_hands
  6 20.233677 40.584362 4.086944 -0.994745 -0.087560 0.053058 0.641170 0.089741 3 6 0.829390 5 0.092154 9 0.078456
  9 20.792637 39.518559 3.748263 -0.711138 -0.702962 -0.011258 0.675438 0.123305 2 9 0.685138 6 0.314862
  6 20.697639 39.576233 4.577427 -0.636187 -0.737255 0.227424 0.636747 0.130198 3 6 0.523529 9 0.347023 7 0.129448
v_hands
  6 20.233677 40.584362 4.086944 -0.994745 -0.087560 0.053058 0.641170 0.089741 3 6 0.829390 5 0.092154 9 0.078456
  6 20.287760 40.578861 3.431186 -0.982703 -0.179326 -0.046226 0.669269 0.081578 3 6 0.535665 5 0.317843 9 0.146492
  9 20.792637 39.518559 3.748263 -0.711138 -0.702962 -0.011258 0.675438 0.123305 2 9 0.685138 6 0.314862
v_hands
  5 22.143890 41.980289 3.402244 0.672578 0.637237 0.376255 0.787031 0.577883 2 5 0.786144 6 0.213856
  9 23.060928 40.343864 3.937832 0.679398 0.619766 0.392821 0.788038 0.655141 1 9 1.000000
  5 22.794338 41.160931 2.711292 0.905935 0.423367 0.006480 0.756276 0.607939 1 5 1.000000
v_hands
  5 22.143890 41.980289 3.402244 0.672578 0.637237 0.376255 0.787031 0.577883 2 5 0.786144 6 0.213856
  9 22.789791 40.220924 4.463659 0.629108 0.538370 0.560697 0.801384 0.661771 1 9 1.000000
  9 23.060928 40.343864 3.937832 0.679398 0.619766 0.392821 0.788038 0.655141 1 9 1.000000
v_hands
  5 22.608711 41.526005 2.307141 0.923001 0.384190 0.021625 0.746337 0.587654 1 5 1.000000
  5 22.143890 41.980289 3.402244 0.672578 0.637237 0.376255 0.787031 0.577883 2 5 0.786144 6 0.213856
  5 22.794338 41.160931 2.711292 0.905935 0.423367 0.006480 0.756276 0.607939 1 5 1.000000
v_hands
  5 22.608711 41.526005 2.307141 0.923001 0.384190 0.021625 0.746337 0.587654 1 5 1.000000
  5 22.080324 42.277683 2.950601 0.683941 0.648551 0.334075 0.775170 0.561659 1 5 1.000000
  5 22.143890 41.980289 3.402244 0.672578 0.637237 0.376255 0.787031 0.577883 2 5 0.786144 6 0.213856
v_hands
  5 22.456959 40.768677 1.001314 0.902862 0.059893 -0.425737 0.687366 0.596049 1 5 1.000000
  5 21.856678 40.493446 -0.125295 0.683186 -0.026436 -0.729765 0.637684 0.583439 1 5 1.000000
  5 22.352266 40.919312 0.907414 0.877127 0.121404 -0.464660 0.685479 0.588166 1 5 1.000000
v_hands
  5 22.456959 40.768677 1.001314 0.902862 0.059893 -0.425737 0.687366 0.596049 1 5 1.000000
  5 21.815886 40.281940 -0.130901 0.681493 0.049938 -0.730119 0.633607 0.590172 1 5 1.000000
  5 21.856678 40.493446 -0.125295 0.683186 -0.026436 -0.729765 0.637684 0.583439 1 5 1.000000
v_hands
  5 21.815886 40.281940 -0.130901 0.681493 0.049938 -0.730119 0.633607 0.590172 1 5 1.000000
  5 22.586067 40.418415 1.350201 0.909906 0.116636 -0.398080 0.695042 0.614343 1 5 1.000000
  5 21.860046 39.696339 -0.161308 0.707732 0.101437 -0.699161 0.623470 0.610861 1 5 1.000000
v_hands
  5 21.815886 40.281940 -0.130901 0.681493 0.049938 -0.730119 0.633607 0.590172 1 5 1.000000
  5 22.456959 40.768677 1.001314 0.902862 0.059893 -0.425737 0.687366 0.596049 1 5 1.000000
  5 22.586067 40.418415 1.350201 0.909906 0.116636 -0.398080 0.695042 0.614343 1 5 1.000000
v_hands
  6 21.997444 41.530918 4.276262 0.633095 0.666528 0.393613 0.816212 0.600608 3 6 0.784502 5 0.131614 7 0.083884
  9 22.594967 40.273861 4.651591 0.653359 0.434640 0.619846 0.811309 0.659188 2 9 0.800006 6 0.199994
  5 22.058805 41.651974 3.943866 0.620310 0.615229 0.486527 0.804860 0.593376 2 5 0.547910 6 0.452090
v_hands
  6 21.997444 41.530918 4.276262 0.633095 0.666528 0.393613 0.816212 0.600608 3 6 0.784502 5 0.131614 7 0.083884
  9 22.400139 40.326801 4.839521 0.743871 0.330800 0.580712 0.821025 0.657019 2 9 0.517198 6 0.482802
  9 22.594967 40.273861 4.651591 0.653359 0.434640 0.619846 0.811309 0.659188 2 9 0.800006 6 0.199994
v_hands
  5 21.331890 40.248131 -0.376401 0.201832 0.044972 -0.978387 0.619462 0.581501 1 5 1.000000
  5 21.856678 40.493446 -0.125295 0.683186 -0.026436 -0.729765 0.637684 0.583439 1 5 1.000000
  5 21.815886 40.281940 -0.130901 0.681493 0.049938 -0.730119 0.633607 0.590172 1 5 1.000000
v_hands
  5 21.331890 40.248131 -0.376401 0.201832 0.044972 -0.978387 0.619462 0.581501 1 5 1.000000
  5 21.231436 40.542751 -0.354652 0.145062 -0.087374 -0.985557 0.623955 0.570061 1 5 1.000000
  5 21.856678 40.493446 -0.125295 0.683186 -0.026436 -0.729765 0.637684 0.583439 1 5 1.000000
v_hands
  5 20.811129 39.634907 2.128444 -0.813010 -0.413296 0.410123 0.733823 0.101997 1 5 1.000000
  5 20.332993 40.708210 2.080022 -0.939194 -0.302044 0.163353 0.720091 0.057051 2 5 0.911940 6 0.088060
  5 20.278603 40.776878 1.732650 -0.936605 -0.174971 0.303571 0.731135 0.046692 1 5 1.000000
v_hands
  5 20.811129 39.634907 2.128444 -0.813010 -0.413296 0.410123 0.733823 0.101997 1 5 1.000000
  13 20.998619 39.675907 2.521073 -0.809670 -0.537910 0.234705 0.722010 0.110103 2 13 0.758506 5 0.241494
  5 20.332993 40.708210 2.080022 -0.939194 -0.302044 0.163353 0.720091 0.057051 2 5 0.911940 6 0.088060
v_hands
  5 20.463831 39.505917 1.400989 -0.849477 -0.368004 0.378104 0.759744 0.084970 1 5 1.000000
  5 20.076656 40.404091 0.601689 -0.989079 -0.143550 -0.033395 0.778555 0.035419 1 5 1.000000
  5 20.244034 39.397243 0.737069 -0.922465 -0.368360 0.115622 0.787606 0.073983 1 5 1.000000
v_hands
  5 20.463831 39.505917 1.400989 -0.849477 -0.368004 0.378104 0.759744 0.084970 1 5 1.000000
  5 20.004364 40.722897 1.151848 -0.990021 -0.047160 0.132792 0.752582 0.032958 1 5 1.000000
  5 20.076656 40.404091 0.601689 -0.989079 -0.143550 -0.033395 0.778555 0.035419 1 5 1.000000
v_hands
  6 21.997444 41.530918 4.276262 0.633095 0.666528 0.393613 0.816212 0.600608 3 6 0.784502 5 0.131614 7 0.083884
  6 21.786890 41.806953 4.001717 0.349525 0.770107 0.533636 0.812155 0.585257 2 6 0.665682 5 0.334318
  6 21.597715 41.709236 4.231500 0.172480 0.875437 0.451510 0.822166 0.588457 2 6 0.861929 5 0.138071
v_hands
  6 21.997444 41.530918 4.276262 0.633095 0.666528 0.393613 0.816212 0.600608 3 6 0.784502 5 0.131614 7 0.083884
  5 22.058805 41.651974 3.943866 0.620310 0.615229 0.486527 0.804860 0.593376 2 5 0.547910 6 0.452090
  6 21.786890 41.806953 4.001717 0.349525 0.770107 0.533636 0.812155 0.585257 2 6 0.665682 5 0.334318
v_hands
  5 22.788095 40.766384 1.930551 0.942410 0.205673 -0.263744 0.722864 0.612124 1 5 1.000000
  5 22.608711 41.526005 2.307141 0.923001 0.384190 0.021625 0.746337 0.587654 1 5 1.000000
  5 22.794338 41.160931 2.711292 0.905935 0.423367 0.006480 0.756276 0.607939 1 5 1.000000
v_hands
  5 22.788095 40.766384 1.930551 0.942410 0.205673 -0.263744 0.722864 0.612124 1 5 1.000000
  5 22.612579 41.155228 1.536592 0.947068 0.189857 -0.258877 0.713772 0.591277 1 5 1.000000
  5 22.608711 41.526005 2.307141 0.923001 0.384190 0.021625 0.746337 0.587654 1 5 1.000000
v_hands
  5 21.377314 39.561787 -0.371174 0.175569 -0.052755 -0.983053 0.608923 0.606156 1 5 1.000000
  5 20.740307 40.025188 -0.356573 -0.359144 -0.041195 -0.932373 0.600301 0.580572 1 5 1.000000
  5 21.331890 40.248131 -0.376401 0.201832 0.044972 -0.978387 0.619462 0.581501 1 5 1.000000
v_hands
  5 21.377314 39.561787 -0.371174 0.175569 -0.052755 -0.983053 0.608923 0.606156 1 5 1.000000
  5 20.866432 39.537739 -0.383210 -0.341172 -0.200380 -0.918395 0.594434 0.598091 1 5 1.000000
  5 20.740307 40.025188 -0.356573 -0.359144 -0.041195 -0.932373 0.600301 0.580572 1 5 1.000000
v_hands
  5 21.331890 40.248131 -0.376401 0.201832 0.044972 -0.978387 0.619462 0.581501 1 5 1.000000
  5 21.860046 39.696339 -0.161308 0.707732 0.101437 -0.699161 0.623470 0.610861 1 5 1.000000
  5 21.377314 39.561787 -0.371174 0.175569 -0.052755 -0.983053 0.608923 0.606156 1 5 1.000000
v_hands
  5 21.331890 40.248131 -0.376401 0.201832 0.044972 -0.978387 0.619462 0.581501 1 5 1.000000
  5 21.815886 40.281940 -0.130901 0.681493 0.049938 -0.730119 0.633607 0.590172 1 5 1.000000
  5 21.860046 39.696339 -0.161308 0.707732 0.101437 -0.699161 0.623470 0.610861 1 5 1.000000
v_hands
  5 21.638369 42.247196 3.205860 0.125827 0.837311 0.532050 0.790910 0.559332 2 5 0.882852 6 0.117148
  5 22.143890 41.980289 3.402244 0.672578 0.637237 0.376255 0.787031 0.577883 2 5 0.786144 6 0.213856
  5 22.080324 42.277683 2.950601 0.683941 0.648551 0.334075 0.775170 0.561659 1 5 1.000000
v_hands
  5 21.638369 42.247196 3.205860 0.125827 0.837311 0.532050 0.790910 0.559332 2 5 0.882852 6 0.117148
  5 21.855742 42.018299 3.738173 0.224628 0.841764 0.490892 0.803406 0.576246 3 5 0.435577 6 0.348567 25 0.215856
  5 22.143890 41.980289 3.402244 0.672578 0.637237 0.376255 0.787031 0.577883 2 5 0.786144 6 0.213856
v_hands
  9 22.789791 40.220924 4.463659 0.629108 0.538370 0.560697 0.801384 0.661771 1 9 1.000000
  5 22.058805 41.651974 3.943866 0.620310 0.615229 0.486527 0.804860 0.593376 2 5 0.547910 6 0.452090
  9 22.594967 40.273861 4.651591 0.653359 0.434640 0.619846 0.811309 0.659188 2 9 0.800006 6 0.199994
v_hands
  9 22.789791 40.220924 4.463659 0.629108 0.538370 0.560697 0.801384 0.661771 1 9 1.000000
  5 22.143890 41.980289 3.402244 0.672578 0.637237 0.376255 0.787031 0.577883 2 5 0.786144 6 0.213856
  5 22.058805 41.651974 3.943866 0.620310 0.615229 0.486527 0.804860 0.593376 2 5 0.547910 6 0.452090
v_hands
  5 22.612579 41.155228 1.536592 0.947068 0.189857 -0.258877 0.713772 0.591277 1 5 1.000000
  5 22.530668 41.739506 2.171911 0.939321 0.342708 -0.015092 0.744334 0.577453 1 5 1.000000
  5 22.608711 41.526005 2.307141 0.923001 0.384190 0.021625 0.746337 0.587654 1 5 1.000000
v_hands
  5 22.612579 41.155228 1.536592 0.947068 0.189857 -0.258877 0.713772 0.591277 1 5 1.000000
  5 22.547338 41.342278 1.384976 0.921363 0.224102 -0.317598 0.710908 0.581982 1 5 1.000000
  5 22.530668 41.739506 2.171911 0.939321 0.342708 -0.015092 0.744334 0.577453 1 5 1.000000
v_hands
  5 22.456959 40.768677 1.001314 0.902862 0.059893 -0.425737 0.687366 0.596049 1 5 1.000000
  5 22.547338 41.342278 1.384976 0.921363 0.224102 -0.317598 0.710908 0.581982 1 5 1.000000
  5 22.612579 41.155228 1.536592 0.947068 0.189857 -0.258877 0.713772 0.591277 1 5 1.000000
v_hands
  5 22.456959 40.768677 1.001314 0.902862 0.059893 -0.425737 0.687366 0.596049 1 5 1.000000
  5 22.352266 40.919312 0.907414 0.877127 0.121404 -0.464660 0.685479 0.588166 1 5 1.000000
  5 22.547338 41.342278 1.384976 0.921363 0.224102 -0.317598 0.710908 0.581982 1 5 1.000000
v_hands
  5 21.331890 40.248131 -0.376401 0.201832 0.044972 -0.978387 0.619462 0.581501 1 5 1.000000
  5 20.659788 40.411549 -0.365279 -0.405885 -0.058409 -0.912056 0.603625 0.566321 1 5 1.000000
  5 21.231436 40.542751 -0.354652 0.145062 -0.087374 -0.985557 0.623955 0.570061 1 5 1.000000
v_hands
  5 21.331890 40.248131 -0.376401 0.201832 0.044972 -0.978387 0.619462 0.581501 1 5 1.000000
  5 20.740307 40.025188 -0.356573 -0.359144 -0.041195 -0.932373 0.600301 0.580572 1 5 1.000000
  5 20.659788 40.411549 -0.365279 -0.405885 -0.058409 -0.912056 0.603625 0.566321 1 5 1.000000
v_hands
  5 20.278603 40.776878 1.732650 -0.936605 -0.174971 0.303571 0.731135 0.046692 1 5 1.000000
  5 20.161137 41.468445 1.647149 -0.994483 -0.058007 0.087399 0.723724 0.026946 1 5 1.000000
  5 20.133528 41.311272 1.377166 -0.984454 0.034038 0.172310 0.734791 0.024371 2 5 0.915500 25 0.084500
v_hands
  5 20.278603 40.776878 1.732650 -0.936605 -0.174971 0.303571 0.731135 0.046692 1 5 1.000000
  5 20.332993 40.708210 2.080022 -0.939194 -0.302044 0.163353 0.720091 0.057051 2 5 0.911940 6 0.088060
  5 20.161137 41.468445 1.647149 -0.994483 -0.058007 0.087399 0.723724 0.026946 1 5 1.000000
v_hands
  6 20.287760 40.578861 3.431186 -0.982703 -0.179326 -0.046226 0.669269 0.081578 3 6 0.535665 5 0.317843 9 0.146492
  9 20.891907 39.498749 3.221010 -0.674676 -0.710375 -0.200448 0.700134 0.120998 3 9 0.602285 5 0.228222 6 0.169493
  9 20.792637 39.518559 3.748263 -0.711138 -0.702962 -0.011258 0.675438 0.123305 2 9 0.685138 6 0.314862
v_hands
  6 20.287760 40.578861 3.431186 -0.982703 -0.179326 -0.046226 0.669269 0.081578 3 6 0.535665 5 0.317843 9 0.146492
  5 20.353470 40.582535 2.971694 -0.949479 -0.272835 -0.155083 0.690594 0.076262 3 5 0.443333 6 0.285151 9 0.271517
  9 20.891907 39.498749 3.221010 -0.674676 -0.710375 -0.200448 0.700134 0.120998 3 9 0.602285 5 0.228222 6 0.169493
v_hands
  5 20.161753 40.285702 0.098000 -0.873863 -0.099921 -0.475792 0.800671 0.034766 1 5 1.000000
  5 20.659788 40.411549 -0.365279 -0.405885 -0.058409 -0.912056 0.830198 0.028156 1 5 1.000000
  5 20.740307 40.025188 -0.356573 -0.359144 -0.041195 -0.932373 0.834785 0.041811 1 5 1.000000
v_hands
  5 20.161753 40.285702 0.098000 -0.873863 -0.099921 -0.475792 0.800671 0.034766 1 5 1.000000
  5 20.149744 40.646477 0.131533 -0.893582 0.023786 -0.448269 0.794997 0.021817 1 5 1.000000
  5 20.659788 40.411549 -0.365279 -0.405885 -0.058409 -0.912056 0.830198 0.028156 1 5 1.000000
v_hands
  5 20.076656 40.404091 0.601689 -0.989079 -0.143550 -0.033395 0.778555 0.035419 1 5 1.000000
  5 20.149744 40.646477 0.131533 -0.893582 0.023786 -0.448269 0.794997 0.021817 1 5 1.000000
  5 20.161753 40.285702 0.098000 -0.873863 -0.099921 -0.475792 0.800671 0.034766 1 5 1.000000
v_hands
  5 20.076656 40.404091 0.601689 -0.989079 -0.143550 -0.033395 0.778555 0.035419 1 5 1.000000
  5 20.004364 40.722897 1.151848 -0.990021 -0.047160 0.132792 0.752582 0.032958 1 5 1.000000
  5 20.149744 40.646477 0.131533 -0.893582 0.023786 -0.448269 0.794997 0.021817 1 5 1.000000
v_hands
  5 20.175938 41.576359 1.811050 -0.985138 -0.088628 0.147135 0.716697 0.028619 1 5 1.000000
  5 20.332993 40.708210 2.080022 -0.939194 -0.302044 0.163353 0.720091 0.057051 2 5 0.911940 6 0.088060
  5 20.369293 40.662369 2.311888 -0.934097 -0.339004 0.111973 0.713463 0.062507 2 5 0.911071 6 0.088930
v_hands
  5 20.175938 41.576359 1.811050 -0.985138 -0.088628 0.147135 0.716697 0.028619 1 5 1.000000
  5 20.161137 41.468445 1.647149 -0.994483 -0.058007 0.087399 0.723724 0.026946 1 5 1.000000
  5 20.332993 40.708210 2.080022 -0.939194 -0.302044 0.163353 0.720091 0.057051 2 5 0.911940 6 0.088060
v_hands
  5 20.413975 40.605961 2.597239 -0.948810 -0.300222 -0.098112 0.705342 0.069274 3 5 0.689094 6 0.243959 9 0.066946
  5 20.369293 40.662369 2.311888 -0.934097 -0.339004 0.111973 0.713463 0.062507 2 5 0.911071 6 0.088930
  5 20.390141 40.636047 2.445037 -0.898614 -0.438735 -0.001936 0.710318 0.065634 2 5 0.866820 6 0.133180
v_hands
  5 20.413975 40.605961 2.597239 -0.948810 -0.300222 -0.098112 0.705342 0.069274 3 5 0.689094 6 0.243959 9 0.066946
  5 20.175938 41.576359 1.811050 -0.985138 -0.088628 0.147135 0.716697 0.028619 1 5 1.000000
  5 20.369293 40.662369 2.311888 -0.934097 -0.339004 0.111973 0.713463 0.062507 2 5 0.911071 6 0.088930
v_hands
  6 20.287760 40.578861 3.431186 -0.982703 -0.179326 -0.046226 0.669269 0.081578 3 6 0.535665 5 0.317843 9 0.146492
  6 20.307348 41.114674 3.141118 -0.999888 0.007895 0.012738 0.675547 0.063292 3 6 0.473506 5 0.346175 9 0.180319
  5 20.353470 40.582535 2.971694 -0.949479 -0.272835 -0.155083 0.690594 0.076262 3 5 0.443333 6 0.285151 9 0.271517
v_hands
  6 20.287760 40.578861 3.431186 -0.982703 -0.179326 -0.046226 0.669269 0.081578 3 6 0.535665 5 0.317843 9 0.146492
  6 20.424837 41.690659 3.594704 -0.864845 0.464964 0.189347 0.650567 0.057204 3 6 0.695237 5 0.236739 25 0.068024
  6 20.307348 41.114674 3.141118 -0.999888 0.007895 0.012738 0.675547 0.063292 3 6 0.473506 5 0.346175 9 0.180319
v_hands
  5 20.357107 41.796211 3.178761 -0.850894 0.467777 0.239090 0.665126 0.049495 2 5 0.703481 6 0.296519
  6 20.307348 41.114674 3.141118 -0.999888 0.007895 0.012738 0.675547 0.063292 3 6 0.473506 5 0.346175 9 0.180319
  6 20.424837 41.690659 3.594704 -0.864845 0.464964 0.189347 0.650567 0.057204 3 6 0.695237 5 0.236739 25 0.068024
v_hands
  5 20.357107 41.796211 3.178761 -0.850894 0.467777 0.239090 0.665126 0.049495 2 5 0.703481 6 0.296519
  5 20.303341 41.328438 2.793446 -0.998574 0.022609 0.048361 0.685401 0.055017 2 5 0.688080 6 0.311920
  6 20.307348 41.114674 3.141118 -0.999888 0.007895 0.012738 0.675547 0.063292 3 6 0.473506 5 0.346175 9 0.180319
v_hands
  25 19.464153 42.869404 -0.534603 -0.789930 -0.494505 -0.362595 0.441640 0.835542 2 25 0.914900 5 0.085100
  25 20.238508 41.840000 -0.767570 -0.493097 -0.405749 -0.769560 0.477698 0.876412 2 25 0.621700 5 0.378300
  25 19.838118 41.874996 -0.186781 -0.876533 -0.401064 -0.266152 0.450691 0.880870 2 25 0.596300 5 0.403700
v_hands
  25 19.464153 42.869404 -0.534603 -0.789930 -0.494505 -0.362595 0.441640 0.835542 2 25 0.914900 5 0.085100
  25 19.988691 42.875183 -1.060278 -0.374875 -0.451989 -0.809429 0.464211 0.835910 2 25 0.922800 5 0.077200
  25 20.238508 41.840000 -0.767570 -0.493097 -0.405749 -0.769560 0.477698 0.876412 2 25 0.621700 5 0.378300
v_hands
  25 19.353861 43.068821 0.163836 -0.913060 -0.390434 0.117826 0.412033 0.839992 2 25 0.935500 5 0.064500
  25 19.838118 41.874996 -0.186781 -0.876533 -0.401064 -0.266152 0.450691 0.880870 2 25 0.596300 5 0.403700
  25 19.806622 42.149441 0.582781 -0.950467 -0.277565 0.139894 0.414431 0.884449 2 25 0.650200 5 0.349800
v_hands
  25 19.353861 43.068821 0.163836 -0.913060 -0.390434 0.117826 0.412033 0.839992 2 25 0.935500 5 0.064500
  25 19.464153 42.869404 -0.534603 -0.789930 -0.494505 -0.362595 0.441640 0.835542 2 25 0.914900 5 0.085100
  25 19.838118 41.874996 -0.186781 -0.876533 -0.401064 -0.266152 0.450691 0.880870 2 25 0.596300 5 0.403700
v_hands
  25 20.524351 42.905209 -1.205165 0.205509 -0.273544 -0.939648 0.136113 0.842026 2 25 0.901400 5 0.098600
  25 21.427025 42.157761 -0.652580 0.713926 0.105342 -0.692252 0.161815 0.898398 2 25 0.689500 5 0.310500
  25 20.809351 41.940140 -0.888845 0.102833 -0.222534 -0.969486 0.134273 0.894064 2 25 0.639700 5 0.360300
v_hands
  25 20.524351 42.905209 -1.205165 0.205509 -0.273544 -0.939648 0.136113 0.842026 2 25 0.901400 5 0.098600
  25 21.114571 43.202766 -0.855548 0.798458 0.046896 -0.600221 0.161338 0.846899 1 25 1.000000
  25 21.427025 42.157761 -0.652580 0.713926 0.105342 -0.692252 0.161815 0.898398 2 25 0.689500 5 0.310500
v_hands
  5 20.412659 42.064678 2.495003 -0.881442 0.390165 0.266142 0.352151 0.926443 3 5 0.844800 25 0.090000 6 0.065200
  5 20.652407 42.382423 2.668767 -0.861415 0.215479 0.459927 0.343326 0.921001 3 5 0.812100 25 0.133000 6 0.054900
  5 20.443291 42.220131 2.308223 -0.865450 0.207609 0.455954 0.352568 0.915903 2 5 0.798500 25 0.201500
v_hands
  5 20.412659 42.064678 2.495003 -0.881442 0.390165 0.266142 0.352151 0.926443 3 5 0.844800 25 0.090000 6 0.065200
  5 20.663071 42.263718 2.761079 -0.753719 0.497717 0.429168 0.344147 0.928749 2 5 0.912843 6 0.087157
  5 20.652407 42.382423 2.668767 -0.861415 0.215479 0.459927 0.343326 0.921001 3 5 0.812100 25 0.133000 6 0.054900
v_hands
  5 22.264023 42.466202 1.880730 0.909554 0.409176 0.072706 0.259276 0.927375 2 5 0.807900 25 0.192100
  5 21.792839 42.888214 2.446765 0.626721 0.568295 0.533162 0.285446 0.915925 2 5 0.524500 25 0.475500
  5 21.894508 42.612022 2.636329 0.630465 0.608458 0.481968 0.286500 0.926407 2 5 0.794200 25 0.205800
v_hands
  5 22.264023 42.466202 1.880730 0.909554 0.409176 0.072706 0.259276 0.927375 2 5 0.807900 25 0.192100
  25 22.145468 42.792099 1.768050 0.896059 0.434008 0.093354 0.258624 0.914863 2 25 0.607200 5 0.392800
  5 21.792839 42.888214 2.446765 0.626721 0.568295 0.533162 0.285446 0.915925 2 5 0.524500 25 0.475500
v_hands
  25 20.524351 42.905209 -1.205165 0.205509 -0.273544 -0.939648 0.136113 0.842026 2 25 0.901400 5 0.098600
  25 20.238508 41.840000 -0.767570 -0.493097 -0.405749 -0.769560 0.111204 0.891453 2 25 0.621700 5 0.378300
  25 19.988691 42.875183 -1.060278 -0.374875 -0.451989 -0.809429 0.114015 0.840699 2 25 0.922800 5 0.077200
v_hands
  25 20.524351 42.905209 -1.205165 0.205509 -0.273544 -0.939648 0.136113 0.842026 2 25 0.901400 5 0.098600
  25 20.809351 41.940140 -0.888845 0.102833 -0.222534 -0.969486 0.134273 0.894064 2 25 0.639700 5 0.360300
  25 20.238508 41.840000 -0.767570 -0.493097 -0.405749 -0.769560 0.111204 0.891453 2 25 0.621700 5 0.378300
v_hands
  25 19.806622 42.149441 0.582781 -0.950467 -0.277565 0.139894 0.414431 0.884449 2 25 0.650200 5 0.349800
  25 19.531502 43.335247 0.849295 -0.896652 -0.271480 0.349732 0.382215 0.847183 1 25 1.000000
  25 19.353861 43.068821 0.163836 -0.913060 -0.390434 0.117826 0.412033 0.839992 2 25 0.935500 5 0.064500
v_hands
  25 19.806622 42.149441 0.582781 -0.950467 -0.277565 0.139894 0.414431 0.884449 2 25 0.650200 5 0.349800
  25 19.922861 42.479069 1.329007 -0.940627 -0.169806 0.293915 0.379590 0.888866 2 25 0.656300 5 0.343700
  25 19.531502 43.335247 0.849295 -0.896652 -0.271480 0.349732 0.382215 0.847183 1 25 1.000000
v_hands
  5 21.894508 42.612022 2.636329 0.630465 0.608458 0.481968 0.286500 0.926407 2 5 0.794200 25 0.205800
  5 21.379536 42.815720 2.760534 0.140256 0.578111 0.803813 0.310603 0.916400 2 5 0.588800 25 0.411200
  5 21.483738 42.568062 2.945096 0.130331 0.683532 0.718191 0.311161 0.926282 2 5 0.810126 25 0.189874
v_hands
  5 21.894508 42.612022 2.636329 0.630465 0.608458 0.481968 0.286500 0.926407 2 5 0.794200 25 0.205800
  5 21.792839 42.888214 2.446765 0.626721 0.568295 0.533162 0.285446 0.915925 2 5 0.524500 25 0.475500
  5 21.379536 42.815720 2.760534 0.140256 0.578111 0.803813 0.310603 0.916400 2 5 0.588800 25 0.411200
v_hands
  5 20.812801 42.382744 2.920177 -0.453944 0.569842 0.684992 0.337366 0.926728 2 5 0.927300 25 0.072700
  5 21.379536 42.815720 2.760534 0.140256 0.578111 0.803813 0.310603 0.916400 2 5 0.588800 25 0.411200
  5 20.695210 42.739990 2.696148 -0.639471 0.269100 0.720182 0.337964 0.911127 2 5 0.587500 25 0.412500
v_hands
  5 20.812801 42.382744 2.920177 -0.453944 0.569842 0.684992 0.337366 0.926728 2 5 0.927300 25 0.072700
  5 21.483738 42.568062 2.945096 0.130331 0.683532 0.718191 0.311161 0.926282 2 5 0.810126 25 0.189874
  5 21.379536 42.815720 2.760534 0.140256 0.578111 0.803813 0.310603 0.916400 2 5 0.588800 25 0.411200
v_hands
  5 20.443291 42.220131 2.308223 -0.865450 0.207609 0.455954 0.352568 0.915903 2 5 0.798500 25 0.201500
  5 20.294300 41.820518 2.153026 -0.974788 0.071083 0.211505 0.368353 0.928387 2 5 0.915500 25 0.084500
  5 20.412659 42.064678 2.495003 -0.881442 0.390165 0.266142 0.352151 0.926443 3 5 0.844800 25 0.090000 6 0.065200
v_hands
  5 20.443291 42.220131 2.308223 -0.865450 0.207609 0.455954 0.352568 0.915903 2 5 0.798500 25 0.201500
  5 20.232468 41.979538 2.037982 -0.901282 0.007495 0.433168 0.368621 0.918249 2 5 0.776600 25 0.223400
  5 20.294300 41.820518 2.153026 -0.974788 0.071083 0.211505 0.368353 0.928387 2 5 0.915500 25 0.084500
v_hands
  5 20.004364 40.722897 1.151848 -0.990021 -0.047160 0.132792 0.752582 0.032958 1 5 1.000000
  5 20.133528 41.311272 1.377166 -0.984454 0.034038 0.172310 0.734791 0.024371 2 5 0.915500 25 0.084500
  5 20.066710 41.126476 1.013976 -0.997446 0.045525 0.055036 0.752511 0.021198 1 5 1.000000
v_hands
  5 20.004364 40.722897 1.151848 -0.990021 -0.047160 0.132792 0.752582 0.032958 1 5 1.000000
  5 20.278603 40.776878 1.732650 -0.936605 -0.174971 0.303571 0.731135 0.046692 1 5 1.000000
  5 20.133528 41.311272 1.377166 -0.984454 0.034038 0.172310 0.734791 0.024371 2 5 0.915500 25 0.084500
v_hands
  5 20.066710 41.126476 1.013976 -0.997446 0.045525 0.055036 0.418733 0.924309 1 5 1.000000
  5 20.139795 41.396999 1.288170 -0.984703 -0.046804 0.167836 0.404762 0.920626 2 5 0.873200 25 0.126800
  5 20.057423 41.359543 0.923247 -0.960006 -0.245933 0.133812 0.418002 0.915465 2 5 0.895100 25 0.104900
v_hands
  5 20.066710 41.126476 1.013976 -0.997446 0.045525 0.055036 0.418733 0.924309 1 5 1.000000
  5 20.133528 41.311272 1.377166 -0.984454 0.034038 0.172310 0.403303 0.925787 2 5 0.915500 25 0.084500
  5 20.139795 41.396999 1.288170 -0.984703 -0.046804 0.167836 0.404762 0.920626 2 5 0.873200 25 0.126800
v_hands
  5 21.483738 42.568062 2.945096 0.130331 0.683532 0.718191 0.786614 0.543675 2 5 0.810126 25 0.189874
  5 21.038277 42.098557 3.437565 -0.290879 0.793168 0.535046 0.809340 0.555266 2 5 0.683903 6 0.316097
  5 21.638369 42.247196 3.205860 0.125827 0.837311 0.532050 0.790910 0.559332 2 5 0.882852 6 0.117148
v_hands
  5 21.483738 42.568062 2.945096 0.130331 0.683532 0.718191 0.786614 0.543675 2 5 0.810126 25 0.189874
  5 20.812801 42.382744 2.920177 -0.453944 0.569842 0.684992 0.797972 0.535936 2 5 0.927300 25 0.072700
  5 21.038277 42.098557 3.437565 -0.290879 0.793168 0.535046 0.809340 0.555266 2 5 0.683903 6 0.316097
v_hands
  25 21.181187 44.127430 1.745075 0.544183 0.569454 0.616106 0.283899 0.855370 1 25 1.000000
  25 21.882401 43.310875 1.625824 0.869946 0.484022 0.094428 0.259478 0.890869 2 25 0.817700 5 0.182300
  25 21.482738 44.074417 1.173913 0.877650 0.448248 0.169719 0.256425 0.853119 1 25 1.000000
v_hands
  25 21.181187 44.127430 1.745075 0.544183 0.569454 0.616106 0.283899 0.855370 1 25 1.000000
  25 21.573826 43.383141 2.189791 0.591515 0.594040 0.545185 0.283487 0.894337 2 25 0.789500 5 0.210500
  25 21.882401 43.310875 1.625824 0.869946 0.484022 0.094428 0.259478 0.890869 2 25 0.817700 5 0.182300
v_hands
  25 18.599569 46.208210 0.433863 -0.732808 -0.138860 0.666116 0.356564 0.730172 1 25 1.000000
  25 19.676542 43.502998 1.241695 -0.832708 -0.128203 0.538666 0.369013 0.849061 2 25 0.936400 5 0.063600
  25 19.991758 43.763447 1.593073 -0.785970 -0.055518 0.615767 0.347640 0.852099 2 25 0.934000 5 0.066000
v_hands
  25 18.599569 46.208210 0.433863 -0.732808 -0.138860 0.666116 0.356564 0.730172 1 25 1.000000
  25 18.247095 45.916534 -0.138250 -0.801983 -0.232333 0.550313 0.379511 0.725443 1 25 1.000000
  25 19.676542 43.502998 1.241695 -0.832708 -0.128203 0.538666 0.369013 0.849061 2 25 0.936400 5 0.063600
v_hands
  25 19.991758 43.763447 1.593073 -0.785970 -0.055518 0.615767 0.347640 0.852099 2 25 0.934000 5 0.066000
  25 18.963432 46.352108 0.848761 -0.366654 0.174495 0.913847 0.338443 0.736692 1 25 1.000000
  25 18.599569 46.208210 0.433863 -0.732808 -0.138860 0.666116 0.356564 0.730172 1 25 1.000000
v_hands
  25 19.991758 43.763447 1.593073 -0.785970 -0.055518 0.615767 0.347640 0.852099 2 25 0.934000 5 0.066000
  25 20.233644 43.976109 1.970275 -0.489238 0.221438 0.843571 0.335781 0.852277 2 25 0.932200 5 0.067800
  25 18.963432 46.352108 0.848761 -0.366654 0.174495 0.913847 0.338443 0.736692 1 25 1.000000
v_hands
  5 22.435867 41.635399 1.228575 0.916561 0.201824 -0.345229 0.709119 0.568272 2 5 0.872700 25 0.127300
  5 21.964388 41.703194 0.440645 0.919244 0.153888 -0.362364 0.678073 0.549638 2 5 0.653700 25 0.346300
  5 22.244699 42.125889 0.995692 0.919412 0.199173 -0.339133 0.707071 0.545615 2 5 0.684400 25 0.315600
v_hands
  5 22.435867 41.635399 1.228575 0.916561 0.201824 -0.345229 0.709119 0.568272 2 5 0.872700 25 0.127300
  5 22.087357 41.218399 0.704132 0.903150 0.107018 -0.415772 0.680545 0.571501 1 5 1.000000
  5 21.964388 41.703194 0.440645 0.919244 0.153888 -0.362364 0.678073 0.549638 2 5 0.653700 25 0.346300
v_hands
  5 22.264023 42.466202 1.880730 0.909554 0.409176 0.072706 0.743331 0.544775 2 5 0.807900 25 0.192100
  5 22.435867 41.635399 1.228575 0.916561 0.201824 -0.345229 0.709119 0.568272 2 5 0.872700 25 0.127300
  5 22.244699 42.125889 0.995692 0.919412 0.199173 -0.339133 0.707071 0.545615 2 5 0.684400 25 0.315600
v_hands
  5 22.264023 42.466202 1.880730 0.909554 0.409176 0.072706 0.743331 0.544775 2 5 0.807900 25 0.192100
  5 22.418533 42.014015 2.059052 0.917293 0.395594 0.045586 0.743735 0.564913 2 5 0.909300 25 0.090700
  5 22.435867 41.635399 1.228575 0.916561 0.201824 -0.345229 0.709119 0.568272 2 5 0.872700 25 0.127300
v_hands
  5 20.960165 41.355057 -0.754800 0.062079 -0.365468 -0.928751 0.130948 0.912004 2 5 0.585300 25 0.414700
  5 21.404703 41.295666 -0.555192 0.373499 -0.348821 -0.859548 0.145486 0.923625 2 5 0.685800 25 0.314200
  5 21.017693 41.173862 -0.615022 0.058568 -0.492065 -0.868586 0.130661 0.921698 2 5 0.713000 25 0.287000
v_hands
  5 20.960165 41.355057 -0.754800 0.062079 -0.365468 -0.928751 0.130948 0.912004 2 5 0.585300 25 0.414700
  5 21.371992 41.536034 -0.664516 0.488100 -0.167166 -0.856629 0.148152 0.912843 2 5 0.534700 25 0.465300
  5 21.404703 41.295666 -0.555192 0.373499 -0.348821 -0.859548 0.145486 0.923625 2 5 0.685800 25 0.314200
v_hands
  25 21.762796 41.794827 -0.313156 0.861438 0.242016 -0.446490 0.170782 0.913183 2 25 0.596700 5 0.403300
  5 21.371992 41.536034 -0.664516 0.488100 -0.167166 -0.856629 0.148152 0.912843 2 5 0.534700 25 0.465300
  25 21.427025 42.157761 -0.652580 0.713926 0.105342 -0.692252 0.161815 0.898398 2 25 0.689500 5 0.310500
v_hands
  25 21.762796 41.794827 -0.313156 0.861438 0.242016 -0.446490 0.170782 0.913183 2 25 0.596700 5 0.403300
  5 21.887760 41.499008 -0.241995 0.831075 0.041172 -0.554634 0.169143 0.926417 2 5 0.633800 25 0.366200
  5 21.371992 41.536034 -0.664516 0.488100 -0.167166 -0.856629 0.148152 0.912843 2 5 0.534700 25 0.465300
v_hands
  25 21.164032 43.395802 2.387064 0.140854 0.559164 0.817004 0.309056 0.892721 2 25 0.795100 5 0.204900
  5 20.695210 42.739990 2.696148 -0.639471 0.269100 0.720182 0.337964 0.911127 2 5 0.587500 25 0.412500
  5 21.379536 42.815720 2.760534 0.140256 0.578111 0.803813 0.310603 0.916400 2 5 0.588800 25 0.411200
v_hands
  25 21.164032 43.395802 2.387064 0.140854 0.559164 0.817004 0.309056 0.892721 2 25 0.795100 5 0.204900
  25 20.533260 43.209843 2.422536 -0.548085 0.265226 0.793258 0.337182 0.891304 2 25 0.754300 5 0.245700
  5 20.695210 42.739990 2.696148 -0.639471 0.269100 0.720182 0.337964 0.911127 2 5 0.587500 25 0.412500
v_hands
  25 21.164032 43.395802 2.387064 0.140854 0.559164 0.817004 0.309056 0.892721 2 25 0.795100 5 0.204900
  5 21.792839 42.888214 2.446765 0.626721 0.568295 0.533162 0.285446 0.915925 2 5 0.524500 25 0.475500
  25 21.573826 43.383141 2.189791 0.591515 0.594040 0.545185 0.283487 0.894337 2 25 0.789500 5 0.210500
v_hands
  25 21.164032 43.395802 2.387064 0.140854 0.559164 0.817004 0.309056 0.892721 2 25 0.795100 5 0.204900
  5 21.379536 42.815720 2.760534 0.140256 0.578111 0.803813 0.310603 0.916400 2 5 0.588800 25 0.411200
  5 21.792839 42.888214 2.446765 0.626721 0.568295 0.533162 0.285446 0.915925 2 5 0.524500 25 0.475500
v_hands
  25 21.573826 43.383141 2.189791 0.591515 0.594040 0.545185 0.283487 0.894337 2 25 0.789500 5 0.210500
  25 22.145468 42.792099 1.768050 0.896059 0.434008 0.093354 0.258624 0.914863 2 25 0.607200 5 0.392800
  25 21.882401 43.310875 1.625824 0.869946 0.484022 0.094428 0.259478 0.890869 2 25 0.817700 5 0.182300
v_hands
  25 21.573826 43.383141 2.189791 0.591515 0.594040 0.545185 0.283487 0.894337 2 25 0.789500 5 0.210500
  5 21.792839 42.888214 2.446765 0.626721 0.568295 0.533162 0.285446 0.915925 2 5 0.524500 25 0.475500
  25 22.145468 42.792099 1.768050 0.896059 0.434008 0.093354 0.258624 0.914863 2 25 0.607200 5 0.392800
v_hands
  25 21.882401 43.310875 1.625824 0.869946 0.484022 0.094428 0.259478 0.890869 2 25 0.817700 5 0.182300
  25 22.104876 42.424515 0.861777 0.904447 0.248264 -0.346900 0.222389 0.914513 2 25 0.649600 5 0.350400
  25 21.865215 42.977409 0.623208 0.892238 0.283599 -0.351401 0.220626 0.890345 2 25 0.881700 5 0.118300
v_hands
  25 21.882401 43.310875 1.625824 0.869946 0.484022 0.094428 0.259478 0.890869 2 25 0.817700 5 0.182300
  25 22.145468 42.792099 1.768050 0.896059 0.434008 0.093354 0.258624 0.914863 2 25 0.607200 5 0.392800
  25 22.104876 42.424515 0.861777 0.904447 0.248264 -0.346900 0.222389 0.914513 2 25 0.649600 5 0.350400
v_hands
  25 21.865215 42.977409 0.623208 0.892238 0.283599 -0.351401 0.220626 0.890345 2 25 0.881700 5 0.118300
  25 21.725458 42.192619 0.183144 0.884328 0.245143 -0.397328 0.196314 0.905385 2 25 0.682500 5 0.317500
  25 21.502724 42.667629 -0.079723 0.875135 0.247656 -0.415697 0.193213 0.888211 2 25 0.829300 5 0.170700
v_hands
  25 21.865215 42.977409 0.623208 0.892238 0.283599 -0.351401 0.220626 0.890345 2 25 0.881700 5 0.118300
  25 22.104876 42.424515 0.861777 0.904447 0.248264 -0.346900 0.222389 0.914513 2 25 0.649600 5 0.350400
  25 21.725458 42.192619 0.183144 0.884328 0.245143 -0.397328 0.196314 0.905385 2 25 0.682500 5 0.317500
v_hands
  5 21.964388 41.703194 0.440645 0.919244 0.153888 -0.362364 0.199078 0.930845 2 5 0.653700 25 0.346300
  25 21.762796 41.794827 -0.313156 0.861438 0.242016 -0.446490 0.170782 0.913183 2 25 0.596700 5 0.403300
  25 21.725458 42.192619 0.183144 0.884328 0.245143 -0.397328 0.196314 0.905385 2 25 0.682500 5 0.317500
v_hands
  5 21.964388 41.703194 0.440645 0.919244 0.153888 -0.362364 0.199078 0.930845 2 5 0.653700 25 0.346300
  5 21.887760 41.499008 -0.241995 0.831075 0.041172 -0.554634 0.169143 0.926417 2 5 0.633800 25 0.366200
  25 21.762796 41.794827 -0.313156 0.861438 0.242016 -0.446490 0.170782 0.913183 2 25 0.596700 5 0.403300
v_hands
  25 21.725458 42.192619 0.183144 0.884328 0.245143 -0.397328 0.196314 0.905385 2 25 0.682500 5 0.317500
  25 21.427025 42.157761 -0.652580 0.713926 0.105342 -0.692252 0.161815 0.898398 2 25 0.689500 5 0.310500
  25 21.502724 42.667629 -0.079723 0.875135 0.247656 -0.415697 0.193213 0.888211 2 25 0.829300 5 0.170700
v_hands
  25 21.725458 42.192619 0.183144 0.884328 0.245143 -0.397328 0.196314 0.905385 2 25 0.682500 5 0.317500
  25 21.762796 41.794827 -0.313156 0.861438 0.242016 -0.446490 0.170782 0.913183 2 25 0.596700 5 0.403300
  25 21.427025 42.157761 -0.652580 0.713926 0.105342 -0.692252 0.161815 0.898398 2 25 0.689500 5 0.310500
v_hands
  25 21.427851 43.817787 0.249767 0.926144 0.241177 -0.289984 0.218453 0.849102 1 25 1.000000
  25 21.502724 42.667629 -0.079723 0.875135 0.247656 -0.415697 0.193213 0.888211 2 25 0.829300 5 0.170700
  25 21.140766 43.402477 -0.294714 0.916911 0.185904 -0.353148 0.193395 0.849253 1 25 1.000000
v_hands
  25 21.427851 43.817787 0.249767 0.926144 0.241177 -0.289984 0.218453 0.849102 1 25 1.000000
  25 21.865215 42.977409 0.623208 0.892238 0.283599 -0.351401 0.220626 0.890345 2 25 0.881700 5 0.118300
  25 21.502724 42.667629 -0.079723 0.875135 0.247656 -0.415697 0.193213 0.888211 2 25 0.829300 5 0.170700
v_hands
  25 21.114571 43.202766 -0.855548 0.798458 0.046896 -0.600221 0.161338 0.846899 1 25 1.000000
  25 21.502724 42.667629 -0.079723 0.875135 0.247656 -0.415697 0.193213 0.888211 2 25 0.829300 5 0.170700
  25 21.427025 42.157761 -0.652580 0.713926 0.105342 -0.692252 0.161815 0.898398 2 25 0.689500 5 0.310500
v_hands
  25 21.114571 43.202766 -0.855548 0.798458 0.046896 -0.600221 0.161338 0.846899 1 25 1.000000
  25 21.140766 43.402477 -0.294714 0.916911 0.185904 -0.353148 0.193395 0.849253 1 25 1.000000
  25 21.502724 42.667629 -0.079723 0.875135 0.247656 -0.415697 0.193213 0.888211 2 25 0.829300 5 0.170700
v_hands
  25 21.482738 44.074417 1.173913 0.877650 0.448248 0.169719 0.256425 0.853119 1 25 1.000000
  25 21.865215 42.977409 0.623208 0.892238 0.283599 -0.351401 0.220626 0.890345 2 25 0.881700 5 0.118300
  25 21.427851 43.817787 0.249767 0.926144 0.241177 -0.289984 0.218453 0.849102 1 25 1.000000
v_hands
  25 21.482738 44.074417 1.173913 0.877650 0.448248 0.169719 0.256425 0.853119 1 25 1.000000
  25 21.882401 43.310875 1.625824 0.869946 0.484022 0.094428 0.259478 0.890869 2 25 0.817700 5 0.182300
  25 21.865215 42.977409 0.623208 0.892238 0.283599 -0.351401 0.220626 0.890345 2 25 0.881700 5 0.118300
v_hands
  25 19.676542 43.502998 1.241695 -0.832708 -0.128203 0.538666 0.369013 0.849061 2 25 0.936400 5 0.063600
  25 20.254330 42.907398 1.947448 -0.806238 0.031559 0.590749 0.351452 0.888461 2 25 0.730600 5 0.269400
  25 19.991758 43.763447 1.593073 -0.785970 -0.055518 0.615767 0.347640 0.852099 2 25 0.934000 5 0.066000
v_hands
  25 19.676542 43.502998 1.241695 -0.832708 -0.128203 0.538666 0.369013 0.849061 2 25 0.936400 5 0.063600
  25 20.019789 42.668175 1.700890 -0.861084 -0.022558 0.507962 0.366136 0.889207 2 25 0.670000 5 0.330000
  25 20.254330 42.907398 1.947448 -0.806238 0.031559 0.590749 0.351452 0.888461 2 25 0.730600 5 0.269400
v_hands
  25 20.808058 44.063118 1.984347 0.143730 0.527271 0.837452 0.305857 0.855413 1 25 1.000000
  25 20.533260 43.209843 2.422536 -0.548085 0.265226 0.793258 0.337182 0.891304 2 25 0.754300 5 0.245700
  25 21.164032 43.395802 2.387064 0.140854 0.559164 0.817004 0.309056 0.892721 2 25 0.795100 5 0.204900
v_hands
  25 20.808058 44.063118 1.984347 0.143730 0.527271 0.837452 0.305857 0.855413 1 25 1.000000
  25 20.233644 43.976109 1.970275 -0.489238 0.221438 0.843571 0.335781 0.852277 2 25 0.932200 5 0.067800
  25 20.533260 43.209843 2.422536 -0.548085 0.265226 0.793258 0.337182 0.891304 2 25 0.754300 5 0.245700
v_hands
  25 21.181187 44.127430 1.745075 0.544183 0.569454 0.616106 0.283899 0.855370 1 25 1.000000
  25 21.164032 43.395802 2.387064 0.140854 0.559164 0.817004 0.309056 0.892721 2 25 0.795100 5 0.204900
  25 21.573826 43.383141 2.189791 0.591515 0.594040 0.545185 0.283487 0.894337 2 25 0.789500 5 0.210500
v_hands
  25 21.181187 44.127430 1.745075 0.544183 0.569454 0.616106 0.283899 0.855370 1 25 1.000000
  25 20.808058 44.063118 1.984347 0.143730 0.527271 0.837452 0.305857 0.855413 1 25 1.000000
  25 21.164032 43.395802 2.387064 0.140854 0.559164 0.817004 0.309056 0.892721 2 25 0.795100 5 0.204900
v_hands
  5 21.075222 40.992664 -0.475245 0.072455 -0.359729 -0.930239 0.130373 0.928515 2 5 0.792300 25 0.207700
  5 20.497839 41.064701 -0.457354 -0.489496 -0.523638 -0.697278 0.109647 0.919222 2 5 0.731100 25 0.268900
  5 21.017693 41.173862 -0.615022 0.058568 -0.492065 -0.868586 0.130661 0.921698 2 5 0.713000 25 0.287000
v_hands
  5 21.075222 40.992664 -0.475245 0.072455 -0.359729 -0.930239 0.130373 0.928515 2 5 0.792300 25 0.207700
  5 20.566364 40.859825 -0.375379 -0.475778 -0.297820 -0.827610 0.109235 0.928708 2 5 0.844300 25 0.155700
  5 20.497839 41.064701 -0.457354 -0.489496 -0.523638 -0.697278 0.109647 0.919222 2 5 0.731100 25 0.268900
v_hands
  5 21.075222 40.992664 -0.475245 0.072455 -0.359729 -0.930239 0.625485 0.550681 2 5 0.792300 25 0.207700
  5 20.659788 40.411549 -0.365279 -0.405885 -0.058409 -0.912056 0.603625 0.566321 1 5 1.000000
  5 20.566364 40.859825 -0.375379 -0.475778 -0.297820 -0.827610 0.608251 0.550662 2 5 0.844300 25 0.155700
v_hands
  5 21.075222 40.992664 -0.475245 0.072455 -0.359729 -0.930239 0.625485 0.550681 2 5 0.792300 25 0.207700
  5 21.231436 40.542751 -0.354652 0.145062 -0.087374 -0.985557 0.623955 0.570061 1 5 1.000000
  5 20.659788 40.411549 -0.365279 -0.405885 -0.058409 -0.912056 0.603625 0.566321 1 5 1.000000
v_hands
  5 21.894508 42.612022 2.636329 0.630465 0.608458 0.481968 0.768777 0.543981 2 5 0.794200 25 0.205800
  5 22.418533 42.014015 2.059052 0.917293 0.395594 0.045586 0.743735 0.564913 2 5 0.909300 25 0.090700
  5 22.264023 42.466202 1.880730 0.909554 0.409176 0.072706 0.743331 0.544775 2 5 0.807900 25 0.192100
v_hands
  5 21.894508 42.612022 2.636329 0.630465 0.608458 0.481968 0.768777 0.543981 2 5 0.794200 25 0.205800
  5 22.080324 42.277683 2.950601 0.683941 0.648551 0.334075 0.775170 0.561659 1 5 1.000000
  5 22.418533 42.014015 2.059052 0.917293 0.395594 0.045586 0.743735 0.564913 2 5 0.909300 25 0.090700
v_hands
  5 21.483738 42.568062 2.945096 0.130331 0.683532 0.718191 0.786614 0.543675 2 5 0.810126 25 0.189874
  5 22.080324 42.277683 2.950601 0.683941 0.648551 0.334075 0.775170 0.561659 1 5 1.000000
  5 21.894508 42.612022 2.636329 0.630465 0.608458 0.481968 0.768777 0.543981 2 5 0.794200 25 0.205800
v_hands
  5 21.483738 42.568062 2.945096 0.130331 0.683532 0.718191 0.786614 0.543675 2 5 0.810126 25 0.189874
  5 21.638369 42.247196 3.205860 0.125827 0.837311 0.532050 0.790910 0.559332 2 5 0.882852 6 0.117148
  5 22.080324 42.277683 2.950601 0.683941 0.648551 0.334075 0.775170 0.561659 1 5 1.000000
v_hands
  5 21.038277 42.098557 3.437565 -0.290879 0.793168 0.535046 0.809340 0.555266 2 5 0.683903 6 0.316097
  5 21.855742 42.018299 3.738173 0.224628 0.841764 0.490892 0.803406 0.576246 3 5 0.435577 6 0.348567 25 0.215856
  5 21.638369 42.247196 3.205860 0.125827 0.837311 0.532050 0.790910 0.559332 2 5 0.882852 6 0.117148
v_hands
  5 21.038277 42.098557 3.437565 -0.290879 0.793168 0.535046 0.809340 0.555266 2 5 0.683903 6 0.316097
  6 21.288578 41.850010 3.968008 -0.170479 0.876895 0.449435 0.820469 0.574349 3 6 0.678460 5 0.171236 25 0.150304
  5 21.855742 42.018299 3.738173 0.224628 0.841764 0.490892 0.803406 0.576246 3 5 0.435577 6 0.348567 25 0.215856
v_hands
  6 20.480717 41.645432 4.046782 -0.577691 0.769814 0.271404 0.845072 0.554114 2 6 0.904063 5 0.095937
  6 20.929855 41.886066 3.659476 -0.385430 0.831118 0.400857 0.821709 0.555626 3 6 0.485496 5 0.304722 25 0.209783
  6 20.424837 41.690659 3.594704 -0.864845 0.464964 0.189347 0.835295 0.541366 3 6 0.695237 5 0.236739 25 0.068024
v_hands
  6 20.480717 41.645432 4.046782 -0.577691 0.769814 0.271404 0.845072 0.554114 2 6 0.904063 5 0.095937
  6 21.288578 41.850010 3.968008 -0.170479 0.876895 0.449435 0.820469 0.574349 3 6 0.678460 5 0.171236 25 0.150304
  6 20.929855 41.886066 3.659476 -0.385430 0.831118 0.400857 0.821709 0.555626 3 6 0.485496 5 0.304722 25 0.209783
v_hands
  5 20.566364 40.859825 -0.375379 -0.475778 -0.297820 -0.827610 0.823963 0.012200 2 5 0.844300 25 0.155700
  5 20.149744 40.646477 0.131533 -0.893582 0.023786 -0.448269 0.794997 0.021817 1 5 1.000000
  5 20.212078 40.880589 0.161041 -0.924606 -0.101454 -0.367167 0.792920 0.012804 2 5 0.926800 25 0.073200
v_hands
  5 20.566364 40.859825 -0.375379 -0.475778 -0.297820 -0.827610 0.823963 0.012200 2 5 0.844300 25 0.155700
  5 20.659788 40.411549 -0.365279 -0.405885 -0.058409 -0.912056 0.830198 0.028156 1 5 1.000000
  5 20.149744 40.646477 0.131533 -0.893582 0.023786 -0.448269 0.794997 0.021817 1 5 1.000000
v_hands
  6 21.288578 41.850010 3.968008 -0.170479 0.876895 0.449435 0.820469 0.574349 3 6 0.678460 5 0.171236 25 0.150304
  6 21.786890 41.806953 4.001717 0.349525 0.770107 0.533636 0.812155 0.585257 2 6 0.665682 5 0.334318
  5 21.855742 42.018299 3.738173 0.224628 0.841764 0.490892 0.803406 0.576246 3 5 0.435577 6 0.348567 25 0.215856
v_hands
  6 21.288578 41.850010 3.968008 -0.170479 0.876895 0.449435 0.820469 0.574349 3 6 0.678460 5 0.171236 25 0.150304
  6 21.597715 41.709236 4.231500 0.172480 0.875437 0.451510 0.822166 0.588457 2 6 0.861929 5 0.138071
  6 21.786890 41.806953 4.001717 0.349525 0.770107 0.533636 0.812155 0.585257 2 6 0.665682 5 0.334318
v_hands
  6 21.288578 41.850010 3.968008 -0.170479 0.876895 0.449435 0.820469 0.574349 3 6 0.678460 5 0.171236 25 0.150304
  6 21.637310 41.567677 4.624435 0.131276 0.938250 0.320083 0.832278 0.599730 2 6 0.758506 7 0.241494
  6 21.597715 41.709236 4.231500 0.172480 0.875437 0.451510 0.822166 0.588457 2 6 0.861929 5 0.138071
v_hands
  6 21.288578 41.850010 3.968008 -0.170479 0.876895 0.449435 0.820469 0.574349 3 6 0.678460 5 0.171236 25 0.150304
  6 20.480717 41.645432 4.046782 -0.577691 0.769814 0.271404 0.845072 0.554114 2 6 0.904063 5 0.095937
  6 21.637310 41.567677 4.624435 0.131276 0.938250 0.320083 0.832278 0.599730 2 6 0.758506 7 0.241494
v_hands
  5 21.855742 42.018299 3.738173 0.224628 0.841764 0.490892 0.803406 0.576246 3 5 0.435577 6 0.348567 25 0.215856
  5 22.058805 41.651974 3.943866 0.620310 0.615229 0.486527 0.804860 0.593376 2 5 0.547910 6 0.452090
  5 22.143890 41.980289 3.402244 0.672578 0.637237 0.376255 0.787031 0.577883 2 5 0.786144 6 0.213856
v_hands
  5 21.855742 42.018299 3.738173 0.224628 0.841764 0.490892 0.803406 0.576246 3 5 0.435577 6 0.348567 25 0.215856
  6 21.786890 41.806953 4.001717 0.349525 0.770107 0.533636 0.812155 0.585257 2 6 0.665682 5 0.334318
  5 22.058805 41.651974 3.943866 0.620310 0.615229 0.486527 0.804860 0.593376 2 5 0.547910 6 0.452090
v_hands
  5 22.418533 42.014015 2.059052 0.917293 0.395594 0.045586 0.743735 0.564913 2 5 0.909300 25 0.090700
  5 22.608711 41.526005 2.307141 0.923001 0.384190 0.021625 0.746337 0.587654 1 5 1.000000
  5 22.530668 41.739506 2.171911 0.939321 0.342708 -0.015092 0.744334 0.577453 1 5 1.000000
v_hands
  5 22.418533 42.014015 2.059052 0.917293 0.395594 0.045586 0.743735 0.564913 2 5 0.909300 25 0.090700
  5 22.080324 42.277683 2.950601 0.683941 0.648551 0.334075 0.775170 0.561659 1 5 1.000000
  5 22.608711 41.526005 2.307141 0.923001 0.384190 0.021625 0.746337 0.587654 1 5 1.000000
v_hands
  5 21.947054 41.095058 -0.012832 0.906002 0.049017 -0.420424 0.652336 0.565097 2 5 0.827600 25 0.172400
  5 21.555157 41.055882 -0.438786 0.453006 -0.257777 -0.853426 0.632862 0.555726 2 5 0.846900 25 0.153100
  5 21.887760 41.499008 -0.241995 0.831075 0.041172 -0.554634 0.650402 0.547376 2 5 0.633800 25 0.366200
v_hands
  5 21.947054 41.095058 -0.012832 0.906002 0.049017 -0.420424 0.652336 0.565097 2 5 0.827600 25 0.172400
  5 21.856678 40.493446 -0.125295 0.683186 -0.026436 -0.729765 0.637684 0.583439 1 5 1.000000
  5 21.555157 41.055882 -0.438786 0.453006 -0.257777 -0.853426 0.632862 0.555726 2 5 0.846900 25 0.153100
v_hands
  5 21.555157 41.055882 -0.438786 0.453006 -0.257777 -0.853426 0.632862 0.555726 2 5 0.846900 25 0.153100
  5 21.231436 40.542751 -0.354652 0.145062 -0.087374 -0.985557 0.623955 0.570061 1 5 1.000000
  5 21.075222 40.992664 -0.475245 0.072455 -0.359729 -0.930239 0.625485 0.550681 2 5 0.792300 25 0.207700
v_hands
  5 21.555157 41.055882 -0.438786 0.453006 -0.257777 -0.853426 0.632862 0.555726 2 5 0.846900 25 0.153100
  5 21.856678 40.493446 -0.125295 0.683186 -0.026436 -0.729765 0.637684 0.583439 1 5 1.000000
  5 21.231436 40.542751 -0.354652 0.145062 -0.087374 -0.985557 0.623955 0.570061 1 5 1.000000
v_hands
  5 21.964388 41.703194 0.440645 0.919244 0.153888 -0.362364 0.678073 0.549638 2 5 0.653700 25 0.346300
  5 21.947054 41.095058 -0.012832 0.906002 0.049017 -0.420424 0.652336 0.565097 2 5 0.827600 25 0.172400
  5 21.887760 41.499008 -0.241995 0.831075 0.041172 -0.554634 0.650402 0.547376 2 5 0.633800 25 0.366200
v_hands
  5 21.964388 41.703194 0.440645 0.919244 0.153888 -0.362364 0.678073 0.549638 2 5 0.653700 25 0.346300
  5 22.087357 41.218399 0.704132 0.903150 0.107018 -0.415772 0.680545 0.571501 1 5 1.000000
  5 21.947054 41.095058 -0.012832 0.906002 0.049017 -0.420424 0.652336 0.565097 2 5 0.827600 25 0.172400
v_hands
  5 22.352266 40.919312 0.907414 0.877127 0.121404 -0.464660 0.685479 0.588166 1 5 1.000000
  5 21.947054 41.095058 -0.012832 0.906002 0.049017 -0.420424 0.652336 0.565097 2 5 0.827600 25 0.172400
  5 22.087357 41.218399 0.704132 0.903150 0.107018 -0.415772 0.680545 0.571501 1 5 1.000000
v_hands
  5 22.352266 40.919312 0.907414 0.877127 0.121404 -0.464660 0.685479 0.588166 1 5 1.000000
  5 21.856678 40.493446 -0.125295 0.683186 -0.026436 -0.729765 0.637684 0.583439 1 5 1.000000
  5 21.947054 41.095058 -0.012832 0.906002 0.049017 -0.420424 0.652336 0.565097 2 5 0.827600 25 0.172400
v_hands
  5 22.352266 40.919312 0.907414 0.877127 0.121404 -0.464660 0.685479 0.588166 1 5 1.000000
  5 22.435867 41.635399 1.228575 0.916561 0.201824 -0.345229 0.709119 0.568272 2 5 0.872700 25 0.127300
  5 22.547338 41.342278 1.384976 0.921363 0.224102 -0.317598 0.710908 0.581982 1 5 1.000000
v_hands
  5 22.352266 40.919312 0.907414 0.877127 0.121404 -0.464660 0.685479 0.588166 1 5 1.000000
  5 22.087357 41.218399 0.704132 0.903150 0.107018 -0.415772 0.680545 0.571501 1 5 1.000000
  5 22.435867 41.635399 1.228575 0.916561 0.201824 -0.345229 0.709119 0.568272 2 5 0.872700 25 0.127300
v_hands
  5 22.435867 41.635399 1.228575 0.916561 0.201824 -0.345229 0.709119 0.568272 2 5 0.872700 25 0.127300
  5 22.530668 41.739506 2.171911 0.939321 0.342708 -0.015092 0.744334 0.577453 1 5 1.000000
  5 22.547338 41.342278 1.384976 0.921363 0.224102 -0.317598 0.710908 0.581982 1 5 1.000000
v_hands
  5 22.435867 41.635399 1.228575 0.916561 0.201824 -0.345229 0.709119 0.568272 2 5 0.872700 25 0.127300
  5 22.418533 42.014015 2.059052 0.917293 0.395594 0.045586 0.743735 0.564913 2 5 0.909300 25 0.090700
  5 22.530668 41.739506 2.171911 0.939321 0.342708 -0.015092 0.744334 0.577453 1 5 1.000000
v_hands
  5 22.244699 42.125889 0.995692 0.919412 0.199173 -0.339133 0.223422 0.927840 2 5 0.684400 25 0.315600
  25 22.145468 42.792099 1.768050 0.896059 0.434008 0.093354 0.258624 0.914863 2 25 0.607200 5 0.392800
  5 22.264023 42.466202 1.880730 0.909554 0.409176 0.072706 0.259276 0.927375 2 5 0.807900 25 0.192100
v_hands
  5 22.244699 42.125889 0.995692 0.919412 0.199173 -0.339133 0.223422 0.927840 2 5 0.684400 25 0.315600
  25 22.104876 42.424515 0.861777 0.904447 0.248264 -0.346900 0.222389 0.914513 2 25 0.649600 5 0.350400
  25 22.145468 42.792099 1.768050 0.896059 0.434008 0.093354 0.258624 0.914863 2 25 0.607200 5 0.392800
v_hands
  25 20.809351 41.940140 -0.888845 0.102833 -0.222534 -0.969486 0.134273 0.894064 2 25 0.639700 5 0.360300
  5 21.371992 41.536034 -0.664516 0.488100 -0.167166 -0.856629 0.148152 0.912843 2 5 0.534700 25 0.465300
  5 20.960165 41.355057 -0.754800 0.062079 -0.365468 -0.928751 0.130948 0.912004 2 5 0.585300 25 0.414700
v_hands
  25 20.809351 41.940140 -0.888845 0.102833 -0.222534 -0.969486 0.134273 0.894064 2 25 0.639700 5 0.360300
  25 21.427025 42.157761 -0.652580 0.713926 0.105342 -0.692252 0.161815 0.898398 2 25 0.689500 5 0.310500
  5 21.371992 41.536034 -0.664516 0.488100 -0.167166 -0.856629 0.148152 0.912843 2 5 0.534700 25 0.465300
v_hands
  5 21.964388 41.703194 0.440645 0.919244 0.153888 -0.362364 0.199078 0.930845 2 5 0.653700 25 0.346300
  25 22.104876 42.424515 0.861777 0.904447 0.248264 -0.346900 0.222389 0.914513 2 25 0.649600 5 0.350400
  5 22.244699 42.125889 0.995692 0.919412 0.199173 -0.339133 0.223422 0.927840 2 5 0.684400 25 0.315600
v_hands
  5 21.964388 41.703194 0.440645 0.919244 0.153888 -0.362364 0.199078 0.930845 2 5 0.653700 25 0.346300
  25 21.725458 42.192619 0.183144 0.884328 0.245143 -0.397328 0.196314 0.905385 2 25 0.682500 5 0.317500
  25 22.104876 42.424515 0.861777 0.904447 0.248264 -0.346900 0.222389 0.914513 2 25 0.649600 5 0.350400
v_hands
  5 20.566364 40.859825 -0.375379 -0.475778 -0.297820 -0.827610 0.483720 0.915039 2 5 0.844300 25 0.155700
  5 20.163612 41.109779 0.099443 -0.882786 -0.394519 -0.255035 0.457173 0.911488 2 5 0.782300 25 0.217700
  5 20.497839 41.064701 -0.457354 -0.489496 -0.523638 -0.697278 0.482607 0.906182 2 5 0.731100 25 0.268900
v_hands
  5 20.566364 40.859825 -0.375379 -0.475778 -0.297820 -0.827610 0.483720 0.915039 2 5 0.844300 25 0.155700
  5 20.212078 40.880589 0.161041 -0.924606 -0.101454 -0.367167 0.458704 0.920579 2 5 0.926800 25 0.073200
  5 20.163612 41.109779 0.099443 -0.882786 -0.394519 -0.255035 0.457173 0.911488 2 5 0.782300 25 0.217700
v_hands
  5 20.212078 40.880589 0.161041 -0.924606 -0.101454 -0.367167 0.458704 0.920579 2 5 0.926800 25 0.073200
  5 20.057423 41.359543 0.923247 -0.960006 -0.245933 0.133812 0.418002 0.915465 2 5 0.895100 25 0.104900
  5 20.163612 41.109779 0.099443 -0.882786 -0.394519 -0.255035 0.457173 0.911488 2 5 0.782300 25 0.217700
v_hands
  5 20.212078 40.880589 0.161041 -0.924606 -0.101454 -0.367167 0.458704 0.920579 2 5 0.926800 25 0.073200
  5 20.066710 41.126476 1.013976 -0.997446 0.045525 0.055036 0.418733 0.924309 1 5 1.000000
  5 20.057423 41.359543 0.923247 -0.960006 -0.245933 0.133812 0.418002 0.915465 2 5 0.895100 25 0.104900
v_hands
  25 20.533260 43.209843 2.422536 -0.548085 0.265226 0.793258 0.337182 0.891304 2 25 0.754300 5 0.245700
  5 20.391928 42.460152 2.161898 -0.818522 0.069557 0.570248 0.352985 0.905362 2 5 0.552500 25 0.447500
  5 20.695210 42.739990 2.696148 -0.639471 0.269100 0.720182 0.337964 0.911127 2 5 0.587500 25 0.412500
v_hands
  25 20.533260 43.209843 2.422536 -0.548085 0.265226 0.793258 0.337182 0.891304 2 25 0.754300 5 0.245700
  25 20.254330 42.907398 1.947448 -0.806238 0.031559 0.590749 0.351452 0.888461 2 25 0.730600 5 0.269400
  5 20.391928 42.460152 2.161898 -0.818522 0.069557 0.570248 0.352985 0.905362 2 5 0.552500 25 0.447500
v_hands
  25 20.233644 43.976109 1.970275 -0.489238 0.221438 0.843571 0.335781 0.852277 2 25 0.932200 5 0.067800
  25 20.254330 42.907398 1.947448 -0.806238 0.031559 0.590749 0.351452 0.888461 2 25 0.730600 5 0.269400
  25 20.533260 43.209843 2.422536 -0.548085 0.265226 0.793258 0.337182 0.891304 2 25 0.754300 5 0.245700
v_hands
  25 20.233644 43.976109 1.970275 -0.489238 0.221438 0.843571 0.335781 0.852277 2 25 0.932200 5 0.067800
  25 19.991758 43.763447 1.593073 -0.785970 -0.055518 0.615767 0.347640 0.852099 2 25 0.934000 5 0.066000
  25 20.254330 42.907398 1.947448 -0.806238 0.031559 0.590749 0.351452 0.888461 2 25 0.730600 5 0.269400
v_hands
  6 20.233677 40.584362 4.086944 -0.994745 -0.087560 0.053058 0.641170 0.089741 3 6 0.829390 5 0.092154 9 0.078456
  6 20.424837 41.690659 3.594704 -0.864845 0.464964 0.189347 0.650567 0.057204 3 6 0.695237 5 0.236739 25 0.068024
  6 20.287760 40.578861 3.431186 -0.982703 -0.179326 -0.046226 0.669269 0.081578 3 6 0.535665 5 0.317843 9 0.146492
v_hands
  6 20.233677 40.584362 4.086944 -0.994745 -0.087560 0.053058 0.641170 0.089741 3 6 0.829390 5 0.092154 9 0.078456
  6 20.480717 41.645432 4.046782 -0.577691 0.769814 0.271404 0.634362 0.064128 2 6 0.904063 5 0.095937
  6 20.424837 41.690659 3.594704 -0.864845 0.464964 0.189347 0.650567 0.057204 3 6 0.695237 5 0.236739 25 0.068024
v_hands
  25 20.809351 41.940140 -0.888845 0.102833 -0.222534 -0.969486 0.134273 0.894064 2 25 0.639700 5 0.360300
  5 20.429310 41.269573 -0.539328 -0.505999 -0.493277 -0.707561 0.110058 0.909735 2 5 0.611000 25 0.389000
  25 20.238508 41.840000 -0.767570 -0.493097 -0.405749 -0.769560 0.111204 0.891453 2 25 0.621700 5 0.378300
v_hands
  25 20.809351 41.940140 -0.888845 0.102833 -0.222534 -0.969486 0.134273 0.894064 2 25 0.639700 5 0.360300
  5 20.960165 41.355057 -0.754800 0.062079 -0.365468 -0.928751 0.130948 0.912004 2 5 0.585300 25 0.414700
  5 20.429310 41.269573 -0.539328 -0.505999 -0.493277 -0.707561 0.110058 0.909735 2 5 0.611000 25 0.389000
v_hands
  25 19.838118 41.874996 -0.186781 -0.876533 -0.401064 -0.266152 0.450691 0.880870 2 25 0.596300 5 0.403700
  5 20.429310 41.269573 -0.539328 -0.505999 -0.493277 -0.707561 0.481493 0.897326 2 5 0.611000 25 0.389000
  5 20.055616 41.296646 0.015513 -0.864158 -0.449762 -0.225711 0.455642 0.902398 2 5 0.662800 25 0.337200
v_hands
  25 19.838118 41.874996 -0.186781 -0.876533 -0.401064 -0.266152 0.450691 0.880870 2 25 0.596300 5 0.403700
  25 20.238508 41.840000 -0.767570 -0.493097 -0.405749 -0.769560 0.477698 0.876412 2 25 0.621700 5 0.378300
  5 20.429310 41.269573 -0.539328 -0.505999 -0.493277 -0.707561 0.481493 0.897326 2 5 0.611000 25 0.389000
v_hands
  25 19.806622 42.149441 0.582781 -0.950467 -0.277565 0.139894 0.414431 0.884449 2 25 0.650200 5 0.349800
  5 20.055616 41.296646 0.015513 -0.864158 -0.449762 -0.225711 0.455642 0.902398 2 5 0.662800 25 0.337200
  5 19.961218 41.541382 0.839086 -0.941708 -0.310363 0.129851 0.417270 0.906622 2 5 0.768300 25 0.231700
v_hands
  25 19.806622 42.149441 0.582781 -0.950467 -0.277565 0.139894 0.414431 0.884449 2 25 0.650200 5 0.349800
  25 19.838118 41.874996 -0.186781 -0.876533 -0.401064 -0.266152 0.450691 0.880870 2 25 0.596300 5 0.403700
  5 20.055616 41.296646 0.015513 -0.864158 -0.449762 -0.225711 0.455642 0.902398 2 5 0.662800 25 0.337200
v_hands
  25 19.806622 42.149441 0.582781 -0.950467 -0.277565 0.139894 0.414431 0.884449 2 25 0.650200 5 0.349800
  5 20.035583 41.973915 1.592824 -0.938123 -0.189300 0.289983 0.382132 0.907882 2 5 0.691400 25 0.308600
  25 19.922861 42.479069 1.329007 -0.940627 -0.169806 0.293915 0.379590 0.888866 2 25 0.656300 5 0.343700
v_hands
  25 19.806622 42.149441 0.582781 -0.950467 -0.277565 0.139894 0.414431 0.884449 2 25 0.650200 5 0.349800
  5 19.961218 41.541382 0.839086 -0.941708 -0.310363 0.129851 0.417270 0.906622 2 5 0.768300 25 0.231700
  5 20.035583 41.973915 1.592824 -0.938123 -0.189300 0.289983 0.382132 0.907882 2 5 0.691400 25 0.308600
v_hands
  25 20.019789 42.668175 1.700890 -0.861084 -0.022558 0.507962 0.366136 0.889207 2 25 0.670000 5 0.330000
  5 20.391928 42.460152 2.161898 -0.818522 0.069557 0.570248 0.352985 0.905362 2 5 0.552500 25 0.447500
  25 20.254330 42.907398 1.947448 -0.806238 0.031559 0.590749 0.351452 0.888461 2 25 0.730600 5 0.269400
v_hands
  25 20.019789 42.668175 1.700890 -0.861084 -0.022558 0.507962 0.366136 0.889207 2 25 0.670000 5 0.330000
  5 20.134920 42.187138 1.944750 -0.859860 -0.020818 0.510105 0.368887 0.908110 2 5 0.593300 25 0.406700
  5 20.391928 42.460152 2.161898 -0.818522 0.069557 0.570248 0.352985 0.905362 2 5 0.552500 25 0.447500
v_hands
  5 21.555157 41.055882 -0.438786 0.453006 -0.257777 -0.853426 0.147068 0.933037 2 5 0.846900 25 0.153100
  5 21.371992 41.536034 -0.664516 0.488100 -0.167166 -0.856629 0.148152 0.912843 2 5 0.534700 25 0.465300
  5 21.887760 41.499008 -0.241995 0.831075 0.041172 -0.554634 0.169143 0.926417 2 5 0.633800 25 0.366200
v_hands
  5 21.555157 41.055882 -0.438786 0.453006 -0.257777 -0.853426 0.147068 0.933037 2 5 0.846900 25 0.153100
  5 21.404703 41.295666 -0.555192 0.373499 -0.348821 -0.859548 0.145486 0.923625 2 5 0.685800 25 0.314200
  5 21.371992 41.536034 -0.664516 0.488100 -0.167166 -0.856629 0.148152 0.912843 2 5 0.534700 25 0.465300
v_hands
  5 21.075222 40.992664 -0.475245 0.072455 -0.359729 -0.930239 0.130373 0.928515 2 5 0.792300 25 0.207700
  5 21.404703 41.295666 -0.555192 0.373499 -0.348821 -0.859548 0.145486 0.923625 2 5 0.685800 25 0.314200
  5 21.555157 41.055882 -0.438786 0.453006 -0.257777 -0.853426 0.147068 0.933037 2 5 0.846900 25 0.153100
v_hands
  5 21.075222 40.992664 -0.475245 0.072455 -0.359729 -0.930239 0.130373 0.928515 2 5 0.792300 25 0.207700
  5 21.017693 41.173862 -0.615022 0.058568 -0.492065 -0.868586 0.130661 0.921698 2 5 0.713000 25 0.287000
  5 21.404703 41.295666 -0.555192 0.373499 -0.348821 -0.859548 0.145486 0.923625 2 5 0.685800 25 0.314200
v_hands
  5 20.429310 41.269573 -0.539328 -0.505999 -0.493277 -0.707561 0.110058 0.909735 2 5 0.611000 25 0.389000
  5 21.017693 41.173862 -0.615022 0.058568 -0.492065 -0.868586 0.130661 0.921698 2 5 0.713000 25 0.287000
  5 20.497839 41.064701 -0.457354 -0.489496 -0.523638 -0.697278 0.109647 0.919222 2 5 0.731100 25 0.268900
v_hands
  5 20.429310 41.269573 -0.539328 -0.505999 -0.493277 -0.707561 0.110058 0.909735 2 5 0.611000 25 0.389000
  5 20.960165 41.355057 -0.754800 0.062079 -0.365468 -0.928751 0.130948 0.912004 2 5 0.585300 25 0.414700
  5 21.017693 41.173862 -0.615022 0.058568 -0.492065 -0.868586 0.130661 0.921698 2 5 0.713000 25 0.287000
v_hands
  5 20.055616 41.296646 0.015513 -0.864158 -0.449762 -0.225711 0.455642 0.902398 2 5 0.662800 25 0.337200
  5 20.497839 41.064701 -0.457354 -0.489496 -0.523638 -0.697278 0.482607 0.906182 2 5 0.731100 25 0.268900
  5 20.163612 41.109779 0.099443 -0.882786 -0.394519 -0.255035 0.457173 0.911488 2 5 0.782300 25 0.217700
v_hands
  5 20.055616 41.296646 0.015513 -0.864158 -0.449762 -0.225711 0.455642 0.902398 2 5 0.662800 25 0.337200
  5 20.429310 41.269573 -0.539328 -0.505999 -0.493277 -0.707561 0.481493 0.897326 2 5 0.611000 25 0.389000
  5 20.497839 41.064701 -0.457354 -0.489496 -0.523638 -0.697278 0.482607 0.906182 2 5 0.731100 25 0.268900
v_hands
  5 21.038277 42.098557 3.437565 -0.290879 0.793168 0.535046 0.809340 0.555266 2 5 0.683903 6 0.316097
  6 20.929855 41.886066 3.659476 -0.385430 0.831118 0.400857 0.821709 0.555626 3 6 0.485496 5 0.304722 25 0.209783
  6 21.288578 41.850010 3.968008 -0.170479 0.876895 0.449435 0.820469 0.574349 3 6 0.678460 5 0.171236 25 0.150304
v_hands
  5 21.038277 42.098557 3.437565 -0.290879 0.793168 0.535046 0.809340 0.555266 2 5 0.683903 6 0.316097
  5 20.673790 41.988056 3.309079 -0.530469 0.731637 0.428146 0.818071 0.539698 2 5 0.773081 6 0.226920
  6 20.929855 41.886066 3.659476 -0.385430 0.831118 0.400857 0.821709 0.555626 3 6 0.485496 5 0.304722 25 0.209783
v_hands
  5 19.961218 41.541382 0.839086 -0.941708 -0.310363 0.129851 0.417270 0.906622 2 5 0.768300 25 0.231700
  5 20.163612 41.109779 0.099443 -0.882786 -0.394519 -0.255035 0.457173 0.911488 2 5 0.782300 25 0.217700
  5 20.057423 41.359543 0.923247 -0.960006 -0.245933 0.133812 0.418002 0.915465 2 5 0.895100 25 0.104900
v_hands
  5 19.961218 41.541382 0.839086 -0.941708 -0.310363 0.129851 0.417270 0.906622 2 5 0.768300 25 0.231700
  5 20.055616 41.296646 0.015513 -0.864158 -0.449762 -0.225711 0.455642 0.902398 2 5 0.662800 25 0.337200
  5 20.163612 41.109779 0.099443 -0.882786 -0.394519 -0.255035 0.457173 0.911488 2 5 0.782300 25 0.217700
v_hands
  6 20.424837 41.690659 3.594704 -0.864845 0.464964 0.189347 0.835295 0.541366 3 6 0.695237 5 0.236739 25 0.068024
  5 20.673790 41.988056 3.309079 -0.530469 0.731637 0.428146 0.818071 0.539698 2 5 0.773081 6 0.226920
  5 20.357107 41.796211 3.178761 -0.850894 0.467777 0.239090 0.825652 0.528896 2 5 0.703481 6 0.296519
v_hands
  6 20.424837 41.690659 3.594704 -0.864845 0.464964 0.189347 0.835295 0.541366 3 6 0.695237 5 0.236739 25 0.068024
  6 20.929855 41.886066 3.659476 -0.385430 0.831118 0.400857 0.821709 0.555626 3 6 0.485496 5 0.304722 25 0.209783
  5 20.673790 41.988056 3.309079 -0.530469 0.731637 0.428146 0.818071 0.539698 2 5 0.773081 6 0.226920
v_hands
  5 20.812801 42.382744 2.920177 -0.453944 0.569842 0.684992 0.797972 0.535936 2 5 0.927300 25 0.072700
  5 20.673790 41.988056 3.309079 -0.530469 0.731637 0.428146 0.818071 0.539698 2 5 0.773081 6 0.226920
  5 21.038277 42.098557 3.437565 -0.290879 0.793168 0.535046 0.809340 0.555266 2 5 0.683903 6 0.316097
v_hands
  5 20.812801 42.382744 2.920177 -0.453944 0.569842 0.684992 0.797972 0.535936 2 5 0.927300 25 0.072700
  5 20.663071 42.263718 2.761079 -0.753719 0.497717 0.429168 0.801309 0.524737 2 5 0.912843 6 0.087157
  5 20.673790 41.988056 3.309079 -0.530469 0.731637 0.428146 0.818071 0.539698 2 5 0.773081 6 0.226920
v_hands
  5 20.812801 42.382744 2.920177 -0.453944 0.569842 0.684992 0.337366 0.926728 2 5 0.927300 25 0.072700
  5 20.652407 42.382423 2.668767 -0.861415 0.215479 0.459927 0.343326 0.921001 3 5 0.812100 25 0.133000 6 0.054900
  5 20.663071 42.263718 2.761079 -0.753719 0.497717 0.429168 0.344147 0.928749 2 5 0.912843 6 0.087157
v_hands
  5 20.812801 42.382744 2.920177 -0.453944 0.569842 0.684992 0.337366 0.926728 2 5 0.927300 25 0.072700
  5 20.695210 42.739990 2.696148 -0.639471 0.269100 0.720182 0.337964 0.911127 2 5 0.587500 25 0.412500
  5 20.652407 42.382423 2.668767 -0.861415 0.215479 0.459927 0.343326 0.921001 3 5 0.812100 25 0.133000 6 0.054900
v_hands
  5 20.391928 42.460152 2.161898 -0.818522 0.069557 0.570248 0.352985 0.905362 2 5 0.552500 25 0.447500
  5 20.652407 42.382423 2.668767 -0.861415 0.215479 0.459927 0.343326 0.921001 3 5 0.812100 25 0.133000 6 0.054900
  5 20.695210 42.739990 2.696148 -0.639471 0.269100 0.720182 0.337964 0.911127 2 5 0.587500 25 0.412500
v_hands
  5 20.391928 42.460152 2.161898 -0.818522 0.069557 0.570248 0.352985 0.905362 2 5 0.552500 25 0.447500
  5 20.443291 42.220131 2.308223 -0.865450 0.207609 0.455954 0.352568 0.915903 2 5 0.798500 25 0.201500
  5 20.652407 42.382423 2.668767 -0.861415 0.215479 0.459927 0.343326 0.921001 3 5 0.812100 25 0.133000 6 0.054900
v_hands
  5 20.134920 42.187138 1.944750 -0.859860 -0.020818 0.510105 0.368887 0.908110 2 5 0.593300 25 0.406700
  5 20.443291 42.220131 2.308223 -0.865450 0.207609 0.455954 0.352568 0.915903 2 5 0.798500 25 0.201500
  5 20.391928 42.460152 2.161898 -0.818522 0.069557 0.570248 0.352985 0.905362 2 5 0.552500 25 0.447500
v_hands
  5 20.134920 42.187138 1.944750 -0.859860 -0.020818 0.510105 0.368887 0.908110 2 5 0.593300 25 0.406700
  5 20.232468 41.979538 2.037982 -0.901282 0.007495 0.433168 0.368621 0.918249 2 5 0.776600 25 0.223400
  5 20.443291 42.220131 2.308223 -0.865450 0.207609 0.455954 0.352568 0.915903 2 5 0.798500 25 0.201500
v_hands
  5 20.035583 41.973915 1.592824 -0.938123 -0.189300 0.289983 0.382132 0.907882 2 5 0.691400 25 0.308600
  5 20.057423 41.359543 0.923247 -0.960006 -0.245933 0.133812 0.418002 0.915465 2 5 0.895100 25 0.104900
  5 20.145727 41.739204 1.717395 -0.944195 -0.201406 0.260638 0.382015 0.917618 2 5 0.898300 25 0.101700
v_hands
  5 20.035583 41.973915 1.592824 -0.938123 -0.189300 0.289983 0.382132 0.907882 2 5 0.691400 25 0.308600
  5 19.961218 41.541382 0.839086 -0.941708 -0.310363 0.129851 0.417270 0.906622 2 5 0.768300 25 0.231700
  5 20.057423 41.359543 0.923247 -0.960006 -0.245933 0.133812 0.418002 0.915465 2 5 0.895100 25 0.104900
v_hands
  5 20.175938 41.576359 1.811050 -0.985138 -0.088628 0.147135 0.381899 0.927354 1 5 1.000000
  5 20.172108 41.595600 1.576756 -0.988914 -0.097503 0.111989 0.390154 0.922218 2 5 0.915500 25 0.084500
  5 20.161137 41.468445 1.647149 -0.994483 -0.058007 0.087399 0.390000 0.926819 1 5 1.000000
v_hands
  5 20.175938 41.576359 1.811050 -0.985138 -0.088628 0.147135 0.381899 0.927354 1 5 1.000000
  5 20.145727 41.739204 1.717395 -0.944195 -0.201406 0.260638 0.382015 0.917618 2 5 0.898300 25 0.101700
  5 20.172108 41.595600 1.576756 -0.988914 -0.097503 0.111989 0.390154 0.922218 2 5 0.915500 25 0.084500
v_hands
  5 20.172108 41.595600 1.576756 -0.988914 -0.097503 0.111989 0.390154 0.922218 2 5 0.915500 25 0.084500
  5 20.133528 41.311272 1.377166 -0.984454 0.034038 0.172310 0.403303 0.925787 2 5 0.915500 25 0.084500
  5 20.161137 41.468445 1.647149 -0.994483 -0.058007 0.087399 0.390000 0.926819 1 5 1.000000
v_hands
  5 20.172108 41.595600 1.576756 -0.988914 -0.097503 0.111989 0.390154 0.922218 2 5 0.915500 25 0.084500
  5 20.139795 41.396999 1.288170 -0.984703 -0.046804 0.167836 0.404762 0.920626 2 5 0.873200 25 0.126800
  5 20.133528 41.311272 1.377166 -0.984454 0.034038 0.172310 0.403303 0.925787 2 5 0.915500 25 0.084500
v_hands
  5 20.145727 41.739204 1.717395 -0.944195 -0.201406 0.260638 0.382015 0.917618 2 5 0.898300 25 0.101700
  5 20.139795 41.396999 1.288170 -0.984703 -0.046804 0.167836 0.404762 0.920626 2 5 0.873200 25 0.126800
  5 20.172108 41.595600 1.576756 -0.988914 -0.097503 0.111989 0.390154 0.922218 2 5 0.915500 25 0.084500
v_hands
  5 20.145727 41.739204 1.717395 -0.944195 -0.201406 0.260638 0.382015 0.917618 2 5 0.898300 25 0.101700
  5 20.057423 41.359543 0.923247 -0.960006 -0.245933 0.133812 0.418002 0.915465 2 5 0.895100 25 0.104900
  5 20.139795 41.396999 1.288170 -0.984703 -0.046804 0.167836 0.404762 0.920626 2 5 0.873200 25 0.126800
v_hands
  5 20.412659 42.064678 2.495003 -0.881442 0.390165 0.266142 0.684931 0.032654 3 5 0.844800 25 0.090000 6 0.065200
  5 20.303341 41.328438 2.793446 -0.998574 0.022609 0.048361 0.685401 0.055017 2 5 0.688080 6 0.311920
  5 20.357107 41.796211 3.178761 -0.850894 0.467777 0.239090 0.665126 0.049495 2 5 0.703481 6 0.296519
v_hands
  5 20.412659 42.064678 2.495003 -0.881442 0.390165 0.266142 0.684931 0.032654 3 5 0.844800 25 0.090000 6 0.065200
  5 20.294300 41.820518 2.153026 -0.974788 0.071083 0.211505 0.700215 0.030232 2 5 0.915500 25 0.084500
  5 20.303341 41.328438 2.793446 -0.998574 0.022609 0.048361 0.685401 0.055017 2 5 0.688080 6 0.311920
v_hands
  5 20.175938 41.576359 1.811050 -0.985138 -0.088628 0.147135 0.381899 0.927354 1 5 1.000000
  5 20.232468 41.979538 2.037982 -0.901282 0.007495 0.433168 0.368621 0.918249 2 5 0.776600 25 0.223400
  5 20.145727 41.739204 1.717395 -0.944195 -0.201406 0.260638 0.382015 0.917618 2 5 0.898300 25 0.101700
v_hands
  5 20.175938 41.576359 1.811050 -0.985138 -0.088628 0.147135 0.381899 0.927354 1 5 1.000000
  5 20.294300 41.820518 2.153026 -0.974788 0.071083 0.211505 0.368353 0.928387 2 5 0.915500 25 0.084500
  5 20.232468 41.979538 2.037982 -0.901282 0.007495 0.433168 0.368621 0.918249 2 5 0.776600 25 0.223400
v_hands
  5 20.035583 41.973915 1.592824 -0.938123 -0.189300 0.289983 0.382132 0.907882 2 5 0.691400 25 0.308600
  5 20.232468 41.979538 2.037982 -0.901282 0.007495 0.433168 0.368621 0.918249 2 5 0.776600 25 0.223400
  5 20.134920 42.187138 1.944750 -0.859860 -0.020818 0.510105 0.368887 0.908110 2 5 0.593300 25 0.406700
v_hands
  5 20.035583 41.973915 1.592824 -0.938123 -0.189300 0.289983 0.382132 0.907882 2 5 0.691400 25 0.308600
  5 20.145727 41.739204 1.717395 -0.944195 -0.201406 0.260638 0.382015 0.917618 2 5 0.898300 25 0.101700
  5 20.232468 41.979538 2.037982 -0.901282 0.007495 0.433168 0.368621 0.918249 2 5 0.776600 25 0.223400
v_hands
  25 19.531502 43.335247 0.849295 -0.896652 -0.271480 0.349732 0.382215 0.847183 1 25 1.000000
  25 18.247095 45.916534 -0.138250 -0.801983 -0.232333 0.550313 0.379511 0.725443 1 25 1.000000
  25 18.051323 45.767693 -0.534953 -0.871178 -0.357458 0.336560 0.394338 0.721084 2 25 0.939400 4 0.060600
v_hands
  25 19.531502 43.335247 0.849295 -0.896652 -0.271480 0.349732 0.382215 0.847183 1 25 1.000000
  25 19.676542 43.502998 1.241695 -0.832708 -0.128203 0.538666 0.369013 0.849061 2 25 0.936400 5 0.063600
  25 18.247095 45.916534 -0.138250 -0.801983 -0.232333 0.550313 0.379511 0.725443 1 25 1.000000
v_hands
  25 19.922861 42.479069 1.329007 -0.940627 -0.169806 0.293915 0.379590 0.888866 2 25 0.656300 5 0.343700
  25 19.676542 43.502998 1.241695 -0.832708 -0.128203 0.538666 0.369013 0.849061 2 25 0.936400 5 0.063600
  25 19.531502 43.335247 0.849295 -0.896652 -0.271480 0.349732 0.382215 0.847183 1 25 1.000000
v_hands
  25 19.922861 42.479069 1.329007 -0.940627 -0.169806 0.293915 0.379590 0.888866 2 25 0.656300 5 0.343700
  25 20.019789 42.668175 1.700890 -0.861084 -0.022558 0.507962 0.366136 0.889207 2 25 0.670000 5 0.330000
  25 19.676542 43.502998 1.241695 -0.832708 -0.128203 0.538666 0.369013 0.849061 2 25 0.936400 5 0.063600
v_hands
  5 20.035583 41.973915 1.592824 -0.938123 -0.189300 0.289983 0.382132 0.907882 2 5 0.691400 25 0.308600
  25 20.019789 42.668175 1.700890 -0.861084 -0.022558 0.507962 0.366136 0.889207 2 25 0.670000 5 0.330000
  25 19.922861 42.479069 1.329007 -0.940627 -0.169806 0.293915 0.379590 0.888866 2 25 0.656300 5 0.343700
v_hands
  5 20.035583 41.973915 1.592824 -0.938123 -0.189300 0.289983 0.382132 0.907882 2 5 0.691400 25 0.308600
  5 20.134920 42.187138 1.944750 -0.859860 -0.020818 0.510105 0.368887 0.908110 2 5 0.593300 25 0.406700
  25 20.019789 42.668175 1.700890 -0.861084 -0.022558 0.507962 0.366136 0.889207 2 25 0.670000 5 0.330000
v_hands
  22 22.653860 36.053986 0.454993 0.180015 -0.243899 -0.952947 0.593684 0.756700 2 22 0.897160 21 0.102840
  22 23.015106 35.771076 0.678726 0.481895 -0.008543 -0.876187 0.600608 0.773483 1 22 1.000000
  22 22.798307 35.697292 0.552308 0.201920 -0.118577 -0.972197 0.590155 0.771090 1 22 1.000000
v_hands
  22 22.653860 36.053986 0.454993 0.180015 -0.243899 -0.952947 0.593684 0.756700 2 22 0.897160 21 0.102840
  22 22.902805 36.219604 0.618150 0.410782 -0.152827 -0.898834 0.604649 0.756437 1 22 1.000000
  22 23.015106 35.771076 0.678726 0.481895 -0.008543 -0.876187 0.600608 0.773483 1 22 1.000000
v_hands
  21 21.253342 38.438660 -0.066757 -0.344056 -0.365931 -0.864708 0.583332 0.645444 1 21 1.000000
  5 21.377314 39.561787 -0.371174 0.175569 -0.052755 -0.983053 0.608923 0.606156 1 5 1.000000
  21 21.651978 38.657398 -0.222485 0.098575 -0.194965 -0.975844 0.602200 0.643415 1 21 1.000000
v_hands
  21 21.253342 38.438660 -0.066757 -0.344056 -0.365931 -0.864708 0.583332 0.645444 1 21 1.000000
  5 20.866432 39.537739 -0.383210 -0.341172 -0.200380 -0.918395 0.594434 0.598091 1 5 1.000000
  5 21.377314 39.561787 -0.371174 0.175569 -0.052755 -0.983053 0.608923 0.606156 1 5 1.000000
v_hands
  21 21.573580 37.066059 0.561919 -0.853021 -0.481664 -0.200887 0.846293 0.160614 2 21 0.839696 22 0.160304
  21 21.086327 38.220963 0.989574 -0.833126 -0.472854 0.286896 0.801206 0.122916 1 21 1.000000
  21 20.927795 38.184063 0.284164 -0.796187 -0.502480 -0.337046 0.831330 0.111269 1 21 1.000000
v_hands
  21 21.573580 37.066059 0.561919 -0.853021 -0.481664 -0.200887 0.846293 0.160614 2 21 0.839696 22 0.160304
  21 21.657904 37.151684 1.174934 -0.824376 -0.348444 0.446083 0.817281 0.171635 2 21 0.867391 22 0.132609
  21 21.086327 38.220963 0.989574 -0.833126 -0.472854 0.286896 0.801206 0.122916 1 21 1.000000
v_hands
  21 21.916605 36.387749 0.790289 -0.896581 -0.437267 -0.070279 0.852375 0.186458 2 21 0.525246 22 0.474754
  22 22.259361 35.987862 0.568713 -0.500674 -0.584421 -0.638575 0.878302 0.195065 2 22 0.794083 21 0.205917
  22 22.070061 35.987686 0.932593 -0.785601 -0.618676 0.008389 0.857890 0.203045 2 22 0.809835 21 0.190165
v_hands
  21 21.916605 36.387749 0.790289 -0.896581 -0.437267 -0.070279 0.852375 0.186458 2 21 0.525246 22 0.474754
  21 22.083155 36.335686 0.398933 -0.490423 -0.424388 -0.761170 0.874821 0.178584 3 21 0.568886 22 0.367699 23 0.063415
  22 22.259361 35.987862 0.568713 -0.500674 -0.584421 -0.638575 0.878302 0.195065 2 22 0.794083 21 0.205917
v_hands
  22 23.261736 36.688812 0.822062 0.955531 0.129996 -0.264690 0.623140 0.747636 2 22 0.710207 21 0.289793
  22 23.289867 36.359894 0.966363 0.990171 -0.019895 -0.138438 0.623043 0.761266 1 22 1.000000
  22 23.267473 36.489616 0.788508 0.970268 -0.005117 -0.241979 0.618793 0.754260 1 22 1.000000
v_hands
  22 23.261736 36.688812 0.822062 0.955531 0.129996 -0.264690 0.623140 0.747636 2 22 0.710207 21 0.289793
  22 23.292406 36.744400 1.145078 0.973374 0.147158 -0.175747 0.635504 0.750059 2 22 0.661909 21 0.338092
  22 23.289867 36.359894 0.966363 0.990171 -0.019895 -0.138438 0.623043 0.761266 1 22 1.000000
v_hands
  21 21.916605 36.387749 0.790289 -0.896581 -0.437267 -0.070279 0.852375 0.186458 2 21 0.525246 22 0.474754
  21 21.804405 37.092125 0.291207 -0.419118 -0.382478 -0.823438 0.860890 0.152775 2 21 0.859823 22 0.140177
  21 22.083155 36.335686 0.398933 -0.490423 -0.424388 -0.761170 0.874821 0.178584 3 21 0.568886 22 0.367699 23 0.063415
v_hands
  21 21.916605 36.387749 0.790289 -0.896581 -0.437267 -0.070279 0.852375 0.186458 2 21 0.525246 22 0.474754
  21 21.573580 37.066059 0.561919 -0.853021 -0.481664 -0.200887 0.846293 0.160614 2 21 0.839696 22 0.160304
  21 21.804405 37.092125 0.291207 -0.419118 -0.382478 -0.823438 0.860890 0.152775 2 21 0.859823 22 0.140177
v_hands
  21 22.787661 36.863438 0.502135 0.439844 0.135128 -0.887850 0.609937 0.730929 2 21 0.823498 22 0.176502
  21 22.447409 37.409153 0.213615 0.552839 -0.045526 -0.832043 0.605292 0.703554 2 21 0.911431 22 0.088569
  21 22.651978 37.460258 0.451678 0.655565 0.058635 -0.752859 0.616500 0.707567 2 21 0.858263 22 0.141737
v_hands
  21 22.787661 36.863438 0.502135 0.439844 0.135128 -0.887850 0.609937 0.730929 2 21 0.823498 22 0.176502
  21 22.690649 36.507790 0.462569 0.361397 -0.088718 -0.928182 0.601741 0.741480 2 21 0.627884 22 0.372116
  21 22.447409 37.409153 0.213615 0.552839 -0.045526 -0.832043 0.605292 0.703554 2 21 0.911431 22 0.088569
v_hands
  21 23.124556 36.839314 0.630948 0.645431 0.262788 -0.717190 0.617555 0.738115 2 21 0.661909 22 0.338092
  21 23.175116 37.009705 0.826905 0.867620 0.371819 -0.330131 0.627625 0.735270 2 21 0.710207 22 0.289793
  21 23.225716 36.824570 0.748210 0.875001 0.294441 -0.384289 0.622428 0.741491 2 21 0.660343 22 0.339657
v_hands
  21 23.124556 36.839314 0.630948 0.645431 0.262788 -0.717190 0.617555 0.738115 2 21 0.661909 22 0.338092
  21 23.014071 37.058788 0.639090 0.639894 0.320606 -0.698389 0.620246 0.728989 2 21 0.823640 22 0.176361
  21 23.175116 37.009705 0.826905 0.867620 0.371819 -0.330131 0.627625 0.735270 2 21 0.710207 22 0.289793
v_hands
  5 21.860046 39.696339 -0.161308 0.707732 0.101437 -0.699161 0.623470 0.610861 1 5 1.000000
  21 21.651978 38.657398 -0.222485 0.098575 -0.194965 -0.975844 0.602200 0.643415 1 21 1.000000
  5 21.377314 39.561787 -0.371174 0.175569 -0.052755 -0.983053 0.608923 0.606156 1 5 1.000000
v_hands
  5 21.860046 39.696339 -0.161308 0.707732 0.101437 -0.699161 0.623470 0.610861 1 5 1.000000
  21 22.111521 38.820919 -0.077985 0.582118 0.028763 -0.812595 0.614721 0.645985 1 21 1.000000
  21 21.651978 38.657398 -0.222485 0.098575 -0.194965 -0.975844 0.602200 0.643415 1 21 1.000000
v_hands
  21 21.086327 38.220963 0.989574 -0.833126 -0.472854 0.286896 0.801206 0.122916 1 21 1.000000
  5 20.463831 39.505917 1.400989 -0.849477 -0.368004 0.378104 0.759744 0.084970 1 5 1.000000
  5 20.244034 39.397243 0.737069 -0.922465 -0.368360 0.115622 0.787606 0.073983 1 5 1.000000
v_hands
  21 21.086327 38.220963 0.989574 -0.833126 -0.472854 0.286896 0.801206 0.122916 1 21 1.000000
  21 21.299288 38.314976 1.582124 -0.763701 -0.462945 0.449935 0.774754 0.135457 1 21 1.000000
  5 20.463831 39.505917 1.400989 -0.849477 -0.368004 0.378104 0.759744 0.084970 1 5 1.000000
v_hands
  5 20.811129 39.634907 2.128444 -0.813010 -0.413296 0.410123 0.733823 0.101997 1 5 1.000000
  21 21.299288 38.314976 1.582124 -0.763701 -0.462945 0.449935 0.774754 0.135457 1 21 1.000000
  17 21.573437 38.701729 2.277571 -0.776779 -0.465592 0.424074 0.745371 0.146044 1 17 1.000000
v_hands
  5 20.811129 39.634907 2.128444 -0.813010 -0.413296 0.410123 0.733823 0.101997 1 5 1.000000
  5 20.463831 39.505917 1.400989 -0.849477 -0.368004 0.378104 0.759744 0.084970 1 5 1.000000
  21 21.299288 38.314976 1.582124 -0.763701 -0.462945 0.449935 0.774754 0.135457 1 21 1.000000
v_hands
  21 22.554436 38.201691 0.382892 0.841602 0.127048 -0.524943 0.625195 0.679478 1 21 1.000000
  21 22.111521 38.820919 -0.077985 0.582118 0.028763 -0.812595 0.614721 0.645985 1 21 1.000000
  21 22.312468 38.835232 0.150184 0.836899 0.166363 -0.521462 0.624949 0.651111 1 21 1.000000
v_hands
  21 22.554436 38.201691 0.382892 0.841602 0.127048 -0.524943 0.625195 0.679478 1 21 1.000000
  21 22.447409 37.409153 0.213615 0.552839 -0.045526 -0.832043 0.605292 0.703554 2 21 0.911431 22 0.088569
  21 22.111521 38.820919 -0.077985 0.582118 0.028763 -0.812595 0.614721 0.645985 1 21 1.000000
v_hands
  21 20.927795 38.184063 0.284164 -0.796187 -0.502480 -0.337046 0.831330 0.111269 1 21 1.000000
  5 20.244034 39.397243 0.737069 -0.922465 -0.368360 0.115622 0.787606 0.073983 1 5 1.000000
  5 20.357901 39.393913 0.081275 -0.832859 -0.335361 -0.440315 0.816094 0.066419 1 5 1.000000
v_hands
  21 20.927795 38.184063 0.284164 -0.796187 -0.502480 -0.337046 0.831330 0.111269 1 21 1.000000
  21 21.086327 38.220963 0.989574 -0.833126 -0.472854 0.286896 0.801206 0.122916 1 21 1.000000
  5 20.244034 39.397243 0.737069 -0.922465 -0.368360 0.115622 0.787606 0.073983 1 5 1.000000
v_hands
  22 23.270971 36.030941 1.314028 0.998675 -0.043635 -0.027289 0.629206 0.777057 1 22 1.000000
  18 23.448057 36.892410 1.776604 0.755481 -0.003680 -0.655160 0.661334 0.754781 1 18 1.000000
  18 23.510347 36.157417 1.995751 0.714500 -0.184109 -0.674977 0.657552 0.783974 2 18 0.900249 22 0.099751
v_hands
  22 23.270971 36.030941 1.314028 0.998675 -0.043635 -0.027289 0.629206 0.777057 1 22 1.000000
  22 23.292406 36.744400 1.145078 0.973374 0.147158 -0.175747 0.635504 0.750059 2 22 0.661909 21 0.338092
  18 23.448057 36.892410 1.776604 0.755481 -0.003680 -0.655160 0.661334 0.754781 1 18 1.000000
v_hands
  5 20.357901 39.393913 0.081275 -0.832859 -0.335361 -0.440315 0.816094 0.066419 1 5 1.000000
  21 21.253342 38.438660 -0.066757 -0.344056 -0.365931 -0.864708 0.848060 0.100758 1 21 1.000000
  21 20.927795 38.184063 0.284164 -0.796187 -0.502480 -0.337046 0.831330 0.111269 1 21 1.000000
v_hands
  5 20.357901 39.393913 0.081275 -0.832859 -0.335361 -0.440315 0.816094 0.066419 1 5 1.000000
  5 20.866432 39.537739 -0.383210 -0.341172 -0.200380 -0.918395 0.843524 0.063541 1 5 1.000000
  21 21.253342 38.438660 -0.066757 -0.344056 -0.365931 -0.864708 0.848060 0.100758 1 21 1.000000
v_hands
  21 21.916605 36.387749 0.790289 -0.896581 -0.437267 -0.070279 0.852375 0.186458 2 21 0.525246 22 0.474754
  21 21.657904 37.151684 1.174934 -0.824376 -0.348444 0.446083 0.817281 0.171635 2 21 0.867391 22 0.132609
  21 21.573580 37.066059 0.561919 -0.853021 -0.481664 -0.200887 0.846293 0.160614 2 21 0.839696 22 0.160304
v_hands
  21 21.916605 36.387749 0.790289 -0.896581 -0.437267 -0.070279 0.852375 0.186458 2 21 0.525246 22 0.474754
  22 22.077284 36.394638 1.342224 -0.838719 -0.300265 0.454302 0.828498 0.202866 2 22 0.565311 21 0.434689
  21 21.657904 37.151684 1.174934 -0.824376 -0.348444 0.446083 0.817281 0.171635 2 21 0.867391 22 0.132609
v_hands
  21 22.125271 37.260990 0.198612 0.073477 -0.214485 -0.973959 0.598942 0.703971 2 21 0.924273 22 0.075727
  21 21.253342 38.438660 -0.066757 -0.344056 -0.365931 -0.864708 0.583332 0.645444 1 21 1.000000
  21 21.651978 38.657398 -0.222485 0.098575 -0.194965 -0.975844 0.602200 0.643415 1 21 1.000000
v_hands
  21 22.125271 37.260990 0.198612 0.073477 -0.214485 -0.973959 0.598942 0.703971 2 21 0.924273 22 0.075727
  21 21.804405 37.092125 0.291207 -0.419118 -0.382478 -0.823438 0.584231 0.705032 2 21 0.859823 22 0.140177
  21 21.253342 38.438660 -0.066757 -0.344056 -0.365931 -0.864708 0.583332 0.645444 1 21 1.000000
v_hands
  21 22.554436 38.201691 0.382892 0.841602 0.127048 -0.524943 0.625195 0.679478 1 21 1.000000
  21 22.450232 38.980740 0.550915 0.864939 0.199691 -0.460439 0.642594 0.652860 1 21 1.000000
  21 23.001431 37.554279 1.129612 0.902801 0.243798 -0.354279 0.645103 0.717486 2 21 0.881006 22 0.118994
v_hands
  21 22.554436 38.201691 0.382892 0.841602 0.127048 -0.524943 0.625195 0.679478 1 21 1.000000
  21 22.312468 38.835232 0.150184 0.836899 0.166363 -0.521462 0.624949 0.651111 1 21 1.000000
  21 22.450232 38.980740 0.550915 0.864939 0.199691 -0.460439 0.642594 0.652860 1 21 1.000000
v_hands
  22 22.354145 35.814926 0.710508 -0.582483 -0.438590 -0.684363 0.578640 0.760029 1 22 1.000000
  22 22.653860 36.053986 0.454993 0.180015 -0.243899 -0.952947 0.593684 0.756700 2 22 0.897160 21 0.102840
  22 22.798307 35.697292 0.552308 0.201920 -0.118577 -0.972197 0.590155 0.771090 1 22 1.000000
v_hands
  22 22.354145 35.814926 0.710508 -0.582483 -0.438590 -0.684363 0.578640 0.760029 1 22 1.000000
  22 22.259361 35.987862 0.568713 -0.500674 -0.584421 -0.638575 0.578223 0.752451 2 22 0.794083 21 0.205917
  22 22.653860 36.053986 0.454993 0.180015 -0.243899 -0.952947 0.593684 0.756700 2 22 0.897160 21 0.102840
v_hands
  22 23.204760 36.637947 0.633886 0.744386 0.035408 -0.666809 0.615220 0.746315 2 22 0.710207 21 0.289793
  21 23.225716 36.824570 0.748210 0.875001 0.294441 -0.384289 0.622428 0.741491 2 21 0.660343 22 0.339657
  22 23.261736 36.688812 0.822062 0.955531 0.129996 -0.264690 0.623140 0.747636 2 22 0.710207 21 0.289793
v_hands
  22 23.204760 36.637947 0.633886 0.744386 0.035408 -0.666809 0.615220 0.746315 2 22 0.710207 21 0.289793
  21 23.124556 36.839314 0.630948 0.645431 0.262788 -0.717190 0.617555 0.738115 2 21 0.661909 22 0.338092
  21 23.225716 36.824570 0.748210 0.875001 0.294441 -0.384289 0.622428 0.741491 2 21 0.660343 22 0.339657
v_hands
  22 22.963179 36.563534 0.501825 0.348219 -0.090086 -0.933074 0.606893 0.743879 2 22 0.758506 21 0.241494
  22 22.902805 36.219604 0.618150 0.410782 -0.152827 -0.898834 0.604649 0.756437 1 22 1.000000
  21 22.690649 36.507790 0.462569 0.361397 -0.088718 -0.928182 0.601741 0.741480 2 21 0.627884 22 0.372116
v_hands
  22 22.963179 36.563534 0.501825 0.348219 -0.090086 -0.933074 0.606893 0.743879 2 22 0.758506 21 0.241494
  22 23.038536 36.384377 0.584831 0.359970 -0.274852 -0.891559 0.607629 0.752208 1 22 1.000000
  22 22.902805 36.219604 0.618150 0.410782 -0.152827 -0.898834 0.604649 0.756437 1 22 1.000000
v_hands
  21 21.804405 37.092125 0.291207 -0.419118 -0.382478 -0.823438 0.860890 0.152775 2 21 0.859823 22 0.140177
  21 20.927795 38.184063 0.284164 -0.796187 -0.502480 -0.337046 0.831330 0.111269 1 21 1.000000
  21 21.253342 38.438660 -0.066757 -0.344056 -0.365931 -0.864708 0.848060 0.100758 1 21 1.000000
v_hands
  21 21.804405 37.092125 0.291207 -0.419118 -0.382478 -0.823438 0.860890 0.152775 2 21 0.859823 22 0.140177
  21 21.573580 37.066059 0.561919 -0.853021 -0.481664 -0.200887 0.846293 0.160614 2 21 0.839696 22 0.160304
  21 20.927795 38.184063 0.284164 -0.796187 -0.502480 -0.337046 0.831330 0.111269 1 21 1.000000
v_hands
  21 22.111521 38.820919 -0.077985 0.582118 0.028763 -0.812595 0.614721 0.645985 1 21 1.000000
  21 22.450232 38.980740 0.550915 0.864939 0.199691 -0.460439 0.642594 0.652860 1 21 1.000000
  21 22.312468 38.835232 0.150184 0.836899 0.166363 -0.521462 0.624949 0.651111 1 21 1.000000
v_hands
  21 22.111521 38.820919 -0.077985 0.582118 0.028763 -0.812595 0.614721 0.645985 1 21 1.000000
  5 21.860046 39.696339 -0.161308 0.707732 0.101437 -0.699161 0.623470 0.610861 1 5 1.000000
  21 22.450232 38.980740 0.550915 0.864939 0.199691 -0.460439 0.642594 0.652860 1 21 1.000000
v_hands
  21 22.125271 37.260990 0.198612 0.073477 -0.214485 -0.973959 0.598942 0.703971 2 21 0.924273 22 0.075727
  21 22.690649 36.507790 0.462569 0.361397 -0.088718 -0.928182 0.601741 0.741480 2 21 0.627884 22 0.372116
  21 22.508005 36.415985 0.380526 0.155404 -0.192146 -0.968984 0.595479 0.741095 2 21 0.579585 22 0.420415
v_hands
  21 22.125271 37.260990 0.198612 0.073477 -0.214485 -0.973959 0.598942 0.703971 2 21 0.924273 22 0.075727
  21 22.447409 37.409153 0.213615 0.552839 -0.045526 -0.832043 0.605292 0.703554 2 21 0.911431 22 0.088569
  21 22.690649 36.507790 0.462569 0.361397 -0.088718 -0.928182 0.601741 0.741480 2 21 0.627884 22 0.372116
v_hands
  21 22.991055 36.733673 0.515130 0.338709 0.162701 -0.926717 0.610424 0.738500 2 21 0.667773 22 0.332227
  21 23.014071 37.058788 0.639090 0.639894 0.320606 -0.698389 0.620246 0.728989 2 21 0.823640 22 0.176361
  21 23.124556 36.839314 0.630948 0.645431 0.262788 -0.717190 0.617555 0.738115 2 21 0.661909 22 0.338092
v_hands
  21 22.991055 36.733673 0.515130 0.338709 0.162701 -0.926717 0.610424 0.738500 2 21 0.667773 22 0.332227
  21 22.787661 36.863438 0.502135 0.439844 0.135128 -0.887850 0.609937 0.730929 2 21 0.823498 22 0.176502
  21 23.014071 37.058788 0.639090 0.639894 0.320606 -0.698389 0.620246 0.728989 2 21 0.823640 22 0.176361
v_hands
  21 23.175116 37.009705 0.826905 0.867620 0.371819 -0.330131 0.627625 0.735270 2 21 0.710207 22 0.289793
  21 23.001431 37.554279 1.129612 0.902801 0.243798 -0.354279 0.645103 0.717486 2 21 0.881006 22 0.118994
  22 23.292406 36.744400 1.145078 0.973374 0.147158 -0.175747 0.635504 0.750059 2 22 0.661909 21 0.338092
v_hands
  21 23.175116 37.009705 0.826905 0.867620 0.371819 -0.330131 0.627625 0.735270 2 21 0.710207 22 0.289793
  21 22.869080 37.521664 0.783099 0.880901 0.339298 -0.329985 0.631225 0.712533 2 21 0.855104 22 0.144896
  21 23.001431 37.554279 1.129612 0.902801 0.243798 -0.354279 0.645103 0.717486 2 21 0.881006 22 0.118994
v_hands
  21 23.014071 37.058788 0.639090 0.639894 0.320606 -0.698389 0.620246 0.728989 2 21 0.823640 22 0.176361
  21 22.651978 37.460258 0.451678 0.655565 0.058635 -0.752859 0.616500 0.707567 2 21 0.858263 22 0.141737
  21 22.824234 37.506432 0.624047 0.781333 0.199307 -0.591435 0.625020 0.710495 2 21 0.867436 22 0.132565
v_hands
  21 23.014071 37.058788 0.639090 0.639894 0.320606 -0.698389 0.620246 0.728989 2 21 0.823640 22 0.176361
  21 22.787661 36.863438 0.502135 0.439844 0.135128 -0.887850 0.609937 0.730929 2 21 0.823498 22 0.176502
  21 22.651978 37.460258 0.451678 0.655565 0.058635 -0.752859 0.616500 0.707567 2 21 0.858263 22 0.141737
v_hands
  22 23.261736 36.688812 0.822062 0.955531 0.129996 -0.264690 0.623140 0.747636 2 22 0.710207 21 0.289793
  21 23.175116 37.009705 0.826905 0.867620 0.371819 -0.330131 0.627625 0.735270 2 21 0.710207 22 0.289793
  22 23.292406 36.744400 1.145078 0.973374 0.147158 -0.175747 0.635504 0.750059 2 22 0.661909 21 0.338092
v_hands
  22 23.261736 36.688812 0.822062 0.955531 0.129996 -0.264690 0.623140 0.747636 2 22 0.710207 21 0.289793
  21 23.225716 36.824570 0.748210 0.875001 0.294441 -0.384289 0.622428 0.741491 2 21 0.660343 22 0.339657
  21 23.175116 37.009705 0.826905 0.867620 0.371819 -0.330131 0.627625 0.735270 2 21 0.710207 22 0.289793
v_hands
  22 23.204760 36.637947 0.633886 0.744386 0.035408 -0.666809 0.615220 0.746315 2 22 0.710207 21 0.289793
  22 23.038536 36.384377 0.584831 0.359970 -0.274852 -0.891559 0.607629 0.752208 1 22 1.000000
  22 22.963179 36.563534 0.501825 0.348219 -0.090086 -0.933074 0.606893 0.743879 2 22 0.758506 21 0.241494
v_hands
  22 23.204760 36.637947 0.633886 0.744386 0.035408 -0.666809 0.615220 0.746315 2 22 0.710207 21 0.289793
  22 23.217289 36.377308 0.692509 0.753957 -0.143763 -0.641000 0.613120 0.756299 1 22 1.000000
  22 23.038536 36.384377 0.584831 0.359970 -0.274852 -0.891559 0.607629 0.752208 1 22 1.000000
v_hands
  22 22.077284 36.394638 1.342224 -0.838719 -0.300265 0.454302 0.828498 0.202866 2 22 0.565311 21 0.434689
  21 22.098701 36.806202 1.505570 -0.819760 -0.214319 0.531093 0.812414 0.196765 2 21 0.809194 22 0.190806
  21 21.657904 37.151684 1.174934 -0.824376 -0.348444 0.446083 0.817281 0.171635 2 21 0.867391 22 0.132609
v_hands
  22 22.077284 36.394638 1.342224 -0.838719 -0.300265 0.454302 0.828498 0.202866 2 22 0.565311 21 0.434689
  21 22.291777 36.444351 1.694406 -0.831438 -0.292949 0.472113 0.814305 0.212861 3 21 0.536208 22 0.408297 23 0.055495
  21 22.098701 36.806202 1.505570 -0.819760 -0.214319 0.531093 0.812414 0.196765 2 21 0.809194 22 0.190806
v_hands
  21 22.824234 37.506432 0.624047 0.781333 0.199307 -0.591435 0.625020 0.710495 2 21 0.867436 22 0.132565
  21 22.447409 37.409153 0.213615 0.552839 -0.045526 -0.832043 0.605292 0.703554 2 21 0.911431 22 0.088569
  21 22.554436 38.201691 0.382892 0.841602 0.127048 -0.524943 0.625195 0.679478 1 21 1.000000
v_hands
  21 22.824234 37.506432 0.624047 0.781333 0.199307 -0.591435 0.625020 0.710495 2 21 0.867436 22 0.132565
  21 22.651978 37.460258 0.451678 0.655565 0.058635 -0.752859 0.616500 0.707567 2 21 0.858263 22 0.141737
  21 22.447409 37.409153 0.213615 0.552839 -0.045526 -0.832043 0.605292 0.703554 2 21 0.911431 22 0.088569
v_hands
  21 21.651978 38.657398 -0.222485 0.098575 -0.194965 -0.975844 0.602200 0.643415 1 21 1.000000
  21 22.447409 37.409153 0.213615 0.552839 -0.045526 -0.832043 0.605292 0.703554 2 21 0.911431 22 0.088569
  21 22.125271 37.260990 0.198612 0.073477 -0.214485 -0.973959 0.598942 0.703971 2 21 0.924273 22 0.075727
v_hands
  21 21.651978 38.657398 -0.222485 0.098575 -0.194965 -0.975844 0.602200 0.643415 1 21 1.000000
  21 22.111521 38.820919 -0.077985 0.582118 0.028763 -0.812595 0.614721 0.645985 1 21 1.000000
  21 22.447409 37.409153 0.213615 0.552839 -0.045526 -0.832043 0.605292 0.703554 2 21 0.911431 22 0.088569
v_hands
  22 22.268229 36.056343 1.504401 -0.731565 -0.571071 0.372411 0.833423 0.218844 2 22 0.862383 21 0.137617
  22 22.166285 35.945389 0.988301 -0.853708 -0.520727 -0.005034 0.857767 0.208114 2 22 0.939060 21 0.060940
  22 22.401711 35.935951 1.492965 -0.713140 -0.500019 0.491338 0.839193 0.224732 1 22 1.000000
v_hands
  22 22.268229 36.056343 1.504401 -0.731565 -0.571071 0.372411 0.833423 0.218844 2 22 0.862383 21 0.137617
  22 22.070061 35.987686 0.932593 -0.785601 -0.618676 0.008389 0.857890 0.203045 2 22 0.809835 21 0.190165
  22 22.166285 35.945389 0.988301 -0.853708 -0.520727 -0.005034 0.857767 0.208114 2 22 0.939060 21 0.060940
v_hands
  22 22.661629 35.848351 1.810774 -0.664292 -0.675759 0.319479 0.823521 0.242654 1 22 1.000000
  22 22.401711 35.935951 1.492965 -0.713140 -0.500019 0.491338 0.839193 0.224732 1 22 1.000000
  22 22.756563 35.803249 1.714342 -0.243860 -0.960443 0.134466 0.834468 0.242830 1 22 1.000000
v_hands
  22 22.661629 35.848351 1.810774 -0.664292 -0.675759 0.319479 0.823521 0.242654 1 22 1.000000
  22 22.268229 36.056343 1.504401 -0.731565 -0.571071 0.372411 0.833423 0.218844 2 22 0.862383 21 0.137617
  22 22.401711 35.935951 1.492965 -0.713140 -0.500019 0.491338 0.839193 0.224732 1 22 1.000000
v_hands
  21 21.299288 38.314976 1.582124 -0.763701 -0.462945 0.449935 0.774754 0.135457 1 21 1.000000
  21 21.657904 37.151684 1.174934 -0.824376 -0.348444 0.446083 0.817281 0.171635 2 21 0.867391 22 0.132609
  21 22.036228 37.313572 1.613453 -0.822718 -0.339886 0.455646 0.797339 0.183032 1 21 1.000000
v_hands
  21 21.299288 38.314976 1.582124 -0.763701 -0.462945 0.449935 0.774754 0.135457 1 21 1.000000
  21 21.086327 38.220963 0.989574 -0.833126 -0.472854 0.286896 0.801206 0.122916 1 21 1.000000
  21 21.657904 37.151684 1.174934 -0.824376 -0.348444 0.446083 0.817281 0.171635 2 21 0.867391 22 0.132609
v_hands
  21 22.824234 37.506432 0.624047 0.781333 0.199307 -0.591435 0.625020 0.710495 2 21 0.867436 22 0.132565
  21 23.001431 37.554279 1.129612 0.902801 0.243798 -0.354279 0.645103 0.717486 2 21 0.881006 22 0.118994
  21 22.869080 37.521664 0.783099 0.880901 0.339298 -0.329985 0.631225 0.712533 2 21 0.855104 22 0.144896
v_hands
  21 22.824234 37.506432 0.624047 0.781333 0.199307 -0.591435 0.625020 0.710495 2 21 0.867436 22 0.132565
  21 22.554436 38.201691 0.382892 0.841602 0.127048 -0.524943 0.625195 0.679478 1 21 1.000000
  21 23.001431 37.554279 1.129612 0.902801 0.243798 -0.354279 0.645103 0.717486 2 21 0.881006 22 0.118994
v_hands
  22 22.291059 35.332817 1.037925 -0.957197 -0.288688 -0.020791 0.878881 0.226187 1 22 1.000000
  22 22.401711 35.935951 1.492965 -0.713140 -0.500019 0.491338 0.839193 0.224732 1 22 1.000000
  22 22.166285 35.945389 0.988301 -0.853708 -0.520727 -0.005034 0.857767 0.208114 2 22 0.939060 21 0.060940
v_hands
  22 22.291059 35.332817 1.037925 -0.957197 -0.288688 -0.020791 0.878881 0.226187 1 22 1.000000
  22 22.466751 35.359947 1.532172 -0.730857 -0.204299 0.651237 0.858296 0.242330 1 22 1.000000
  22 22.401711 35.935951 1.492965 -0.713140 -0.500019 0.491338 0.839193 0.224732 1 22 1.000000
v_hands
  22 22.291059 35.332817 1.037925 -0.957197 -0.288688 -0.020791 0.878881 0.226187 1 22 1.000000
  22 22.354145 35.814926 0.710508 -0.582483 -0.438590 -0.684363 0.878335 0.204590 1 22 1.000000
  22 22.472622 35.289536 0.700971 -0.621843 -0.225294 -0.750036 0.896002 0.221050 1 22 1.000000
v_hands
  22 22.291059 35.332817 1.037925 -0.957197 -0.288688 -0.020791 0.878881 0.226187 1 22 1.000000
  22 22.166285 35.945389 0.988301 -0.853708 -0.520727 -0.005034 0.857767 0.208114 2 22 0.939060 21 0.060940
  22 22.354145 35.814926 0.710508 -0.582483 -0.438590 -0.684363 0.878335 0.204590 1 22 1.000000
v_hands
  21 22.869080 37.521664 0.783099 0.880901 0.339298 -0.329985 0.631225 0.712533 2 21 0.855104 22 0.144896
  21 23.014071 37.058788 0.639090 0.639894 0.320606 -0.698389 0.620246 0.728989 2 21 0.823640 22 0.176361
  21 22.824234 37.506432 0.624047 0.781333 0.199307 -0.591435 0.625020 0.710495 2 21 0.867436 22 0.132565
v_hands
  21 22.869080 37.521664 0.783099 0.880901 0.339298 -0.329985 0.631225 0.712533 2 21 0.855104 22 0.144896
  21 23.175116 37.009705 0.826905 0.867620 0.371819 -0.330131 0.627625 0.735270 2 21 0.710207 22 0.289793
  21 23.014071 37.058788 0.639090 0.639894 0.320606 -0.698389 0.620246 0.728989 2 21 0.823640 22 0.176361
v_hands
  22 23.204760 36.637947 0.633886 0.744386 0.035408 -0.666809 0.615220 0.746315 2 22 0.710207 21 0.289793
  22 23.267473 36.489616 0.788508 0.970268 -0.005117 -0.241979 0.618793 0.754260 1 22 1.000000
  22 23.217289 36.377308 0.692509 0.753957 -0.143763 -0.641000 0.613120 0.756299 1 22 1.000000
v_hands
  22 23.204760 36.637947 0.633886 0.744386 0.035408 -0.666809 0.615220 0.746315 2 22 0.710207 21 0.289793
  22 23.261736 36.688812 0.822062 0.955531 0.129996 -0.264690 0.623140 0.747636 2 22 0.710207 21 0.289793
  22 23.267473 36.489616 0.788508 0.970268 -0.005117 -0.241979 0.618793 0.754260 1 22 1.000000
v_hands
  22 23.204760 36.637947 0.633886 0.744386 0.035408 -0.666809 0.615220 0.746315 2 22 0.710207 21 0.289793
  21 22.991055 36.733673 0.515130 0.338709 0.162701 -0.926717 0.610424 0.738500 2 21 0.667773 22 0.332227
  21 23.124556 36.839314 0.630948 0.645431 0.262788 -0.717190 0.617555 0.738115 2 21 0.661909 22 0.338092
v_hands
  22 23.204760 36.637947 0.633886 0.744386 0.035408 -0.666809 0.615220 0.746315 2 22 0.710207 21 0.289793
  22 22.963179 36.563534 0.501825 0.348219 -0.090086 -0.933074 0.606893 0.743879 2 22 0.758506 21 0.241494
  21 22.991055 36.733673 0.515130 0.338709 0.162701 -0.926717 0.610424 0.738500 2 21 0.667773 22 0.332227
v_hands
  5 22.586067 40.418415 1.350201 0.909906 0.116636 -0.398080 0.695042 0.614343 1 5 1.000000
  21 22.450232 38.980740 0.550915 0.864939 0.199691 -0.460439 0.642594 0.652860 1 21 1.000000
  5 21.860046 39.696339 -0.161308 0.707732 0.101437 -0.699161 0.623470 0.610861 1 5 1.000000
v_hands
  5 22.586067 40.418415 1.350201 0.909906 0.116636 -0.398080 0.695042 0.614343 1 5 1.000000
  17 22.739363 39.320652 1.226876 0.894887 0.184033 -0.406581 0.674503 0.653320 1 17 1.000000
  21 22.450232 38.980740 0.550915 0.864939 0.199691 -0.460439 0.642594 0.652860 1 21 1.000000
v_hands
  22 23.270971 36.030941 1.314028 0.998675 -0.043635 -0.027289 0.629206 0.777057 1 22 1.000000
  22 23.289867 36.359894 0.966363 0.990171 -0.019895 -0.138438 0.623043 0.761266 1 22 1.000000
  22 23.292406 36.744400 1.145078 0.973374 0.147158 -0.175747 0.635504 0.750059 2 22 0.661909 21 0.338092
v_hands
  22 23.270971 36.030941 1.314028 0.998675 -0.043635 -0.027289 0.629206 0.777057 1 22 1.000000
  22 23.278017 35.926567 0.983348 0.996024 0.002012 -0.089066 0.616431 0.776424 1 22 1.000000
  22 23.289867 36.359894 0.966363 0.990171 -0.019895 -0.138438 0.623043 0.761266 1 22 1.000000
v_hands
  22 22.963179 36.563534 0.501825 0.348219 -0.090086 -0.933074 0.606893 0.743879 2 22 0.758506 21 0.241494
  21 22.787661 36.863438 0.502135 0.439844 0.135128 -0.887850 0.609937 0.730929 2 21 0.823498 22 0.176502
  21 22.991055 36.733673 0.515130 0.338709 0.162701 -0.926717 0.610424 0.738500 2 21 0.667773 22 0.332227
v_hands
  22 22.963179 36.563534 0.501825 0.348219 -0.090086 -0.933074 0.606893 0.743879 2 22 0.758506 21 0.241494
  21 22.690649 36.507790 0.462569 0.361397 -0.088718 -0.928182 0.601741 0.741480 2 21 0.627884 22 0.372116
  21 22.787661 36.863438 0.502135 0.439844 0.135128 -0.887850 0.609937 0.730929 2 21 0.823498 22 0.176502
v_hands
  21 22.036228 37.313572 1.613453 -0.822718 -0.339886 0.455646 0.797339 0.183032 1 21 1.000000
  21 22.098701 36.806202 1.505570 -0.819760 -0.214319 0.531093 0.812414 0.196765 2 21 0.809194 22 0.190806
  21 22.252237 36.851997 1.828546 -0.910855 -0.223154 0.347197 0.799345 0.205866 1 21 1.000000
v_hands
  21 22.036228 37.313572 1.613453 -0.822718 -0.339886 0.455646 0.797339 0.183032 1 21 1.000000
  21 21.657904 37.151684 1.174934 -0.824376 -0.348444 0.446083 0.817281 0.171635 2 21 0.867391 22 0.132609
  21 22.098701 36.806202 1.505570 -0.819760 -0.214319 0.531093 0.812414 0.196765 2 21 0.809194 22 0.190806
v_hands
  21 22.690649 36.507790 0.462569 0.361397 -0.088718 -0.928182 0.601741 0.741480 2 21 0.627884 22 0.372116
  22 22.653860 36.053986 0.454993 0.180015 -0.243899 -0.952947 0.593684 0.756700 2 22 0.897160 21 0.102840
  21 22.508005 36.415985 0.380526 0.155404 -0.192146 -0.968984 0.595479 0.741095 2 21 0.579585 22 0.420415
v_hands
  21 22.690649 36.507790 0.462569 0.361397 -0.088718 -0.928182 0.601741 0.741480 2 21 0.627884 22 0.372116
  22 22.902805 36.219604 0.618150 0.410782 -0.152827 -0.898834 0.604649 0.756437 1 22 1.000000
  22 22.653860 36.053986 0.454993 0.180015 -0.243899 -0.952947 0.593684 0.756700 2 22 0.897160 21 0.102840
v_hands
  21 22.508005 36.415985 0.380526 0.155404 -0.192146 -0.968984 0.595479 0.741095 2 21 0.579585 22 0.420415
  22 22.259361 35.987862 0.568713 -0.500674 -0.584421 -0.638575 0.578223 0.752451 2 22 0.794083 21 0.205917
  21 22.083155 36.335686 0.398933 -0.490423 -0.424388 -0.761170 0.579273 0.736589 3 21 0.568886 22 0.367699 23 0.063415
v_hands
  21 22.508005 36.415985 0.380526 0.155404 -0.192146 -0.968984 0.595479 0.741095 2 21 0.579585 22 0.420415
  22 22.653860 36.053986 0.454993 0.180015 -0.243899 -0.952947 0.593684 0.756700 2 22 0.897160 21 0.102840
  22 22.259361 35.987862 0.568713 -0.500674 -0.584421 -0.638575 0.578223 0.752451 2 22 0.794083 21 0.205917
v_hands
  22 22.354145 35.814926 0.710508 -0.582483 -0.438590 -0.684363 0.878335 0.204590 1 22 1.000000
  22 22.070061 35.987686 0.932593 -0.785601 -0.618676 0.008389 0.857890 0.203045 2 22 0.809835 21 0.190165
  22 22.259361 35.987862 0.568713 -0.500674 -0.584421 -0.638575 0.878302 0.195065 2 22 0.794083 21 0.205917
v_hands
  22 22.354145 35.814926 0.710508 -0.582483 -0.438590 -0.684363 0.878335 0.204590 1 22 1.000000
  22 22.166285 35.945389 0.988301 -0.853708 -0.520727 -0.005034 0.857767 0.208114 2 22 0.939060 21 0.060940
  22 22.070061 35.987686 0.932593 -0.785601 -0.618676 0.008389 0.857890 0.203045 2 22 0.809835 21 0.190165
v_hands
  22 22.077284 36.394638 1.342224 -0.838719 -0.300265 0.454302 0.828498 0.202866 2 22 0.565311 21 0.434689
  22 22.070061 35.987686 0.932593 -0.785601 -0.618676 0.008389 0.857890 0.203045 2 22 0.809835 21 0.190165
  22 22.268229 36.056343 1.504401 -0.731565 -0.571071 0.372411 0.833423 0.218844 2 22 0.862383 21 0.137617
v_hands
  22 22.077284 36.394638 1.342224 -0.838719 -0.300265 0.454302 0.828498 0.202866 2 22 0.565311 21 0.434689
  21 21.916605 36.387749 0.790289 -0.896581 -0.437267 -0.070279 0.852375 0.186458 2 21 0.525246 22 0.474754
  22 22.070061 35.987686 0.932593 -0.785601 -0.618676 0.008389 0.857890 0.203045 2 22 0.809835 21 0.190165
v_hands
  23 23.296602 34.610458 1.609984 0.622724 0.028042 0.781938 0.864449 0.306978 1 23 1.000000
  22 22.949078 34.863079 1.682735 -0.172293 -0.035182 0.984417 0.867649 0.282712 1 22 1.000000
  23 22.981541 34.593262 1.693226 -0.201945 0.049726 0.978134 0.875978 0.295415 1 23 1.000000
v_hands
  23 23.296602 34.610458 1.609984 0.622724 0.028042 0.781938 0.864449 0.306978 1 23 1.000000
  22 23.314472 34.888706 1.600337 0.599784 0.060270 0.797889 0.854289 0.294218 1 22 1.000000
  22 22.949078 34.863079 1.682735 -0.172293 -0.035182 0.984417 0.867649 0.282712 1 22 1.000000
v_hands
  22 22.689093 34.840214 1.455165 -0.755393 -0.129696 0.642309 0.877852 0.267023 1 22 1.000000
  23 22.981541 34.593262 1.693226 -0.201945 0.049726 0.978134 0.875978 0.295415 1 23 1.000000
  22 22.949078 34.863079 1.682735 -0.172293 -0.035182 0.984417 0.867649 0.282712 1 22 1.000000
v_hands
  22 22.689093 34.840214 1.455165 -0.755393 -0.129696 0.642309 0.877852 0.267023 1 22 1.000000
  23 22.670464 34.554787 1.470383 -0.778516 0.027621 0.627017 0.885867 0.278887 1 23 1.000000
  23 22.981541 34.593262 1.693226 -0.201945 0.049726 0.978134 0.875978 0.295415 1 23 1.000000
v_hands
  22 22.509579 34.793034 1.103526 -0.977218 -0.211857 0.012701 0.893904 0.255241 1 22 1.000000
  23 22.699789 34.517513 0.768679 -0.642077 -0.115190 -0.757937 0.921568 0.258800 1 23 1.000000
  23 22.505840 34.533352 1.159573 -0.999447 -0.032824 -0.005228 0.900336 0.267151 1 23 1.000000
v_hands
  22 22.509579 34.793034 1.103526 -0.977218 -0.211857 0.012701 0.893904 0.255241 1 22 1.000000
  22 22.661818 34.792027 0.742349 -0.643053 -0.208375 -0.736928 0.913306 0.247578 1 22 1.000000
  23 22.699789 34.517513 0.768679 -0.642077 -0.115190 -0.757937 0.921568 0.258800 1 23 1.000000
v_hands
  23 23.473351 33.575752 1.300439 0.998832 -0.031344 -0.036782 0.586202 0.868000 1 23 1.000000
  23 23.352217 34.007637 0.942289 0.808162 -0.159280 -0.567013 0.580757 0.842891 1 23 1.000000
  23 23.487497 34.051216 1.231832 0.997972 -0.060787 0.018897 0.594186 0.847923 1 23 1.000000
v_hands
  23 23.473351 33.575752 1.300439 0.998832 -0.031344 -0.036782 0.586202 0.868000 1 23 1.000000
  24 23.328007 33.510735 1.015247 0.827021 -0.086093 -0.555540 0.572196 0.863354 1 24 1.000000
  23 23.352217 34.007637 0.942289 0.808162 -0.159280 -0.567013 0.580757 0.842891 1 23 1.000000
v_hands
  22 22.661818 34.792027 0.742349 -0.643053 -0.208375 -0.736928 0.564286 0.800901 1 22 1.000000
  22 22.910082 35.234108 0.606399 0.091235 -0.035182 -0.995208 0.583380 0.790840 1 22 1.000000
  23 23.059286 34.665722 0.625587 0.072364 -0.052756 -0.995982 0.575638 0.812052 1 23 1.000000
v_hands
  22 22.661818 34.792027 0.742349 -0.643053 -0.208375 -0.736928 0.564286 0.800901 1 22 1.000000
  22 22.472622 35.289536 0.700971 -0.621843 -0.225294 -0.750036 0.569451 0.781163 1 22 1.000000
  22 22.910082 35.234108 0.606399 0.091235 -0.035182 -0.995208 0.583380 0.790840 1 22 1.000000
v_hands
  23 22.683617 34.033550 1.490387 -0.812660 -0.035049 0.581683 0.902930 0.299887 1 23 1.000000
  23 22.999817 33.643738 1.765681 -0.660603 0.163381 0.732742 0.907564 0.335391 1 23 1.000000
  23 22.987843 34.086308 1.740171 -0.183955 0.035059 0.982309 0.892100 0.316227 1 23 1.000000
v_hands
  23 22.683617 34.033550 1.490387 -0.812660 -0.035049 0.581683 0.902930 0.299887 1 23 1.000000
  23 22.702274 33.592167 1.477665 -0.855387 0.114112 0.505264 0.920495 0.319013 1 23 1.000000
  23 22.999817 33.643738 1.765681 -0.660603 0.163381 0.732742 0.907564 0.335391 1 23 1.000000
v_hands
  23 22.536192 34.046215 1.116767 -0.992375 -0.107081 -0.061036 0.919777 0.283998 1 23 1.000000
  23 22.783255 33.586994 0.831785 -0.559172 -0.123068 -0.819866 0.954799 0.302696 1 23 1.000000
  23 22.636276 33.562935 1.153722 -0.990692 -0.032857 -0.132095 0.935918 0.307862 1 23 1.000000
v_hands
  23 22.536192 34.046215 1.116767 -0.992375 -0.107081 -0.061036 0.919777 0.283998 1 23 1.000000
  23 22.726330 34.035130 0.793354 -0.594532 -0.131549 -0.793238 0.936236 0.282670 1 23 1.000000
  23 22.783255 33.586994 0.831785 -0.559172 -0.123068 -0.819866 0.954799 0.302696 1 23 1.000000
v_hands
  23 22.987843 34.086308 1.740171 -0.183955 0.035059 0.982309 0.892100 0.316227 1 23 1.000000
  23 23.364557 33.704407 1.602717 0.713075 0.049083 0.699368 0.889766 0.344913 1 23 1.000000
  23 23.328873 34.147747 1.628346 0.678479 0.039838 0.733539 0.875559 0.325805 1 23 1.000000
v_hands
  23 22.987843 34.086308 1.740171 -0.183955 0.035059 0.982309 0.892100 0.316227 1 23 1.000000
  23 22.999817 33.643738 1.765681 0.383275 0.072004 0.920823 0.907564 0.335391 1 23 1.000000
  23 23.364557 33.704407 1.602717 0.713075 0.049083 0.699368 0.889766 0.344913 1 23 1.000000
v_hands
  23 23.059286 34.665722 0.625587 0.072364 -0.052756 -0.995982 0.575638 0.812052 1 23 1.000000
  23 22.699789 34.517513 0.768679 -0.642077 -0.115190 -0.757937 0.560000 0.811194 1 23 1.000000
  22 22.661818 34.792027 0.742349 -0.643053 -0.208375 -0.736928 0.564286 0.800901 1 22 1.000000
v_hands
  23 23.059286 34.665722 0.625587 0.072364 -0.052756 -0.995982 0.575638 0.812052 1 23 1.000000
  23 23.094004 34.365913 0.650989 0.118225 -0.141666 -0.982829 0.572392 0.823033 1 23 1.000000
  23 22.699789 34.517513 0.768679 -0.642077 -0.115190 -0.757937 0.560000 0.811194 1 23 1.000000
v_hands
  23 23.124895 33.916695 0.740647 0.246389 -0.164988 -0.955024 0.566890 0.840848 1 23 1.000000
  23 22.783255 33.586994 0.831785 -0.559172 -0.123068 -0.819866 0.547484 0.848505 1 23 1.000000
  23 22.726330 34.035130 0.793354 -0.594532 -0.131549 -0.793238 0.553541 0.830235 1 23 1.000000
v_hands
  23 23.124895 33.916695 0.740647 0.246389 -0.164988 -0.955024 0.566890 0.840848 1 23 1.000000
  23 23.132349 33.498478 0.795057 0.348235 -0.112397 -0.930644 0.560940 0.857917 1 23 1.000000
  23 22.783255 33.586994 0.831785 -0.559172 -0.123068 -0.819866 0.547484 0.848505 1 23 1.000000
v_hands
  22 23.536011 34.856583 1.203225 0.990031 0.082041 0.114489 0.606020 0.818460 1 22 1.000000
  23 23.296602 34.610458 1.609984 0.622724 0.028042 0.781938 0.623239 0.834079 1 23 1.000000
  23 23.530827 34.529564 1.200875 0.994606 -0.045367 0.093280 0.601323 0.829870 1 23 1.000000
v_hands
  22 23.536011 34.856583 1.203225 0.990031 0.082041 0.114489 0.606020 0.818460 1 22 1.000000
  22 23.314472 34.888706 1.600337 0.599784 0.060270 0.797889 0.624035 0.822673 1 22 1.000000
  23 23.296602 34.610458 1.609984 0.622724 0.028042 0.781938 0.623239 0.834079 1 23 1.000000
v_hands
  23 23.487497 34.051216 1.231832 0.997972 -0.060787 0.018897 0.594186 0.847923 1 23 1.000000
  23 23.364557 33.704407 1.602717 0.713075 0.049083 0.699368 0.602444 0.870060 1 23 1.000000
  23 23.473351 33.575752 1.300439 0.998832 -0.031344 -0.036782 0.586202 0.868000 1 23 1.000000
v_hands
  23 23.487497 34.051216 1.231832 0.997972 -0.060787 0.018897 0.594186 0.847923 1 23 1.000000
  23 23.328873 34.147747 1.628346 0.678479 0.039838 0.733539 0.612422 0.852092 1 23 1.000000
  23 23.364557 33.704407 1.602717 0.713075 0.049083 0.699368 0.602444 0.870060 1 23 1.000000
v_hands
  23 23.530827 34.529564 1.200875 0.994606 -0.045367 0.093280 0.601323 0.829870 1 23 1.000000
  22 23.395687 34.765732 0.785677 0.750730 0.068061 -0.657094 0.591374 0.815928 1 22 1.000000
  22 23.536011 34.856583 1.203225 0.990031 0.082041 0.114489 0.606020 0.818460 1 22 1.000000
v_hands
  23 23.530827 34.529564 1.200875 0.994606 -0.045367 0.093280 0.601323 0.829870 1 23 1.000000
  23 23.425882 34.415062 0.810746 0.781754 -0.110733 -0.613677 0.587490 0.827078 1 23 1.000000
  22 23.395687 34.765732 0.785677 0.750730 0.068061 -0.657094 0.591374 0.815928 1 22 1.000000
v_hands
  23 22.505840 34.533352 1.159573 -0.999447 -0.032824 -0.005228 0.900336 0.267151 1 23 1.000000
  23 22.683617 34.033550 1.490387 -0.812660 -0.035049 0.581683 0.902930 0.299887 1 23 1.000000
  23 22.670464 34.554787 1.470383 -0.778516 0.027621 0.627017 0.885867 0.278887 1 23 1.000000
v_hands
  23 22.505840 34.533352 1.159573 -0.999447 -0.032824 -0.005228 0.900336 0.267151 1 23 1.000000
  23 22.536192 34.046215 1.116767 -0.992375 -0.107081 -0.061036 0.919777 0.283998 1 23 1.000000
  23 22.683617 34.033550 1.490387 -0.812660 -0.035049 0.581683 0.902930 0.299887 1 23 1.000000
v_hands
  23 23.094004 34.365913 0.650989 0.118225 -0.141666 -0.982829 0.572392 0.823033 1 23 1.000000
  23 23.352217 34.007637 0.942289 0.808162 -0.159280 -0.567013 0.580757 0.842891 1 23 1.000000
  23 23.124895 33.916695 0.740647 0.246389 -0.164988 -0.955024 0.566890 0.840848 1 23 1.000000
v_hands
  23 23.094004 34.365913 0.650989 0.118225 -0.141666 -0.982829 0.572392 0.823033 1 23 1.000000
  23 23.425882 34.415062 0.810746 0.781754 -0.110733 -0.613677 0.587490 0.827078 1 23 1.000000
  23 23.352217 34.007637 0.942289 0.808162 -0.159280 -0.567013 0.580757 0.842891 1 23 1.000000
v_hands
  23 22.505840 34.533352 1.159573 -0.999447 -0.032824 -0.005228 0.900336 0.267151 1 23 1.000000
  22 22.689093 34.840214 1.455165 -0.755393 -0.129696 0.642309 0.877852 0.267023 1 22 1.000000
  22 22.509579 34.793034 1.103526 -0.977218 -0.211857 0.012701 0.893904 0.255241 1 22 1.000000
v_hands
  23 22.505840 34.533352 1.159573 -0.999447 -0.032824 -0.005228 0.900336 0.267151 1 23 1.000000
  23 22.670464 34.554787 1.470383 -0.778516 0.027621 0.627017 0.885867 0.278887 1 23 1.000000
  22 22.689093 34.840214 1.455165 -0.755393 -0.129696 0.642309 0.877852 0.267023 1 22 1.000000
v_hands
  23 22.636276 33.562935 1.153722 -0.990692 -0.032857 -0.132095 0.935918 0.307862 1 23 1.000000
  23 22.683617 34.033550 1.490387 -0.812660 -0.035049 0.581683 0.902930 0.299887 1 23 1.000000
  23 22.536192 34.046215 1.116767 -0.992375 -0.107081 -0.061036 0.919777 0.283998 1 23 1.000000
v_hands
  23 22.636276 33.562935 1.153722 -0.990692 -0.032857 -0.132095 0.935918 0.307862 1 23 1.000000
  23 22.702274 33.592167 1.477665 -0.855387 0.114112 0.505264 0.920495 0.319013 1 23 1.000000
  23 22.683617 34.033550 1.490387 -0.812660 -0.035049 0.581683 0.902930 0.299887 1 23 1.000000
v_hands
  22 22.910082 35.234108 0.606399 0.091235 -0.035182 -0.995208 0.583380 0.790840 1 22 1.000000
  22 23.395687 34.765732 0.785677 0.750730 0.068061 -0.657094 0.591374 0.815928 1 22 1.000000
  23 23.059286 34.665722 0.625587 0.072364 -0.052756 -0.995982 0.575638 0.812052 1 23 1.000000
v_hands
  22 22.910082 35.234108 0.606399 0.091235 -0.035182 -0.995208 0.583380 0.790840 1 22 1.000000
  22 23.320354 35.402531 0.827844 0.758835 0.144658 -0.635015 0.601884 0.793554 1 22 1.000000
  22 23.395687 34.765732 0.785677 0.750730 0.068061 -0.657094 0.591374 0.815928 1 22 1.000000
v_hands
  23 23.059286 34.665722 0.625587 0.072364 -0.052756 -0.995982 0.575638 0.812052 1 23 1.000000
  23 23.425882 34.415062 0.810746 0.781754 -0.110733 -0.613677 0.587490 0.827078 1 23 1.000000
  23 23.094004 34.365913 0.650989 0.118225 -0.141666 -0.982829 0.572392 0.823033 1 23 1.000000
v_hands
  23 23.059286 34.665722 0.625587 0.072364 -0.052756 -0.995982 0.575638 0.812052 1 23 1.000000
  22 23.395687 34.765732 0.785677 0.750730 0.068061 -0.657094 0.591374 0.815928 1 22 1.000000
  23 23.425882 34.415062 0.810746 0.781754 -0.110733 -0.613677 0.587490 0.827078 1 23 1.000000
v_hands
  21 22.083155 36.335686 0.398933 -0.490423 -0.424388 -0.761170 0.579273 0.736589 3 21 0.568886 22 0.367699 23 0.063415
  21 22.125271 37.260990 0.198612 0.073477 -0.214485 -0.973959 0.598942 0.703971 2 21 0.924273 22 0.075727
  21 22.508005 36.415985 0.380526 0.155404 -0.192146 -0.968984 0.595479 0.741095 2 21 0.579585 22 0.420415
v_hands
  21 22.083155 36.335686 0.398933 -0.490423 -0.424388 -0.761170 0.579273 0.736589 3 21 0.568886 22 0.367699 23 0.063415
  21 21.804405 37.092125 0.291207 -0.419118 -0.382478 -0.823438 0.584231 0.705032 2 21 0.859823 22 0.140177
  21 22.125271 37.260990 0.198612 0.073477 -0.214485 -0.973959 0.598942 0.703971 2 21 0.924273 22 0.075727
v_hands
  23 23.487497 34.051216 1.231832 0.997972 -0.060787 0.018897 0.594186 0.847923 1 23 1.000000
  23 23.425882 34.415062 0.810746 0.781754 -0.110733 -0.613677 0.587490 0.827078 1 23 1.000000
  23 23.530827 34.529564 1.200875 0.994606 -0.045367 0.093280 0.601323 0.829870 1 23 1.000000
v_hands
  23 23.487497 34.051216 1.231832 0.997972 -0.060787 0.018897 0.594186 0.847923 1 23 1.000000
  23 23.352217 34.007637 0.942289 0.808162 -0.159280 -0.567013 0.580757 0.842891 1 23 1.000000
  23 23.425882 34.415062 0.810746 0.781754 -0.110733 -0.613677 0.587490 0.827078 1 23 1.000000
v_hands
  23 23.328873 34.147747 1.628346 0.678479 0.039838 0.733539 0.612422 0.852092 1 23 1.000000
  23 23.530827 34.529564 1.200875 0.994606 -0.045367 0.093280 0.601323 0.829870 1 23 1.000000
  23 23.296602 34.610458 1.609984 0.622724 0.028042 0.781938 0.623239 0.834079 1 23 1.000000
v_hands
  23 23.328873 34.147747 1.628346 0.678479 0.039838 0.733539 0.612422 0.852092 1 23 1.000000
  23 23.487497 34.051216 1.231832 0.997972 -0.060787 0.018897 0.594186 0.847923 1 23 1.000000
  23 23.530827 34.529564 1.200875 0.994606 -0.045367 0.093280 0.601323 0.829870 1 23 1.000000
v_hands
  23 22.981541 34.593262 1.693226 -0.201945 0.049726 0.978134 0.875978 0.295415 1 23 1.000000
  23 23.328873 34.147747 1.628346 0.678479 0.039838 0.733539 0.875559 0.325805 1 23 1.000000
  23 23.296602 34.610458 1.609984 0.622724 0.028042 0.781938 0.864449 0.306978 1 23 1.000000
v_hands
  23 22.981541 34.593262 1.693226 -0.201945 0.049726 0.978134 0.875978 0.295415 1 23 1.000000
  23 22.987843 34.086308 1.740171 -0.183955 0.035059 0.982309 0.892100 0.316227 1 23 1.000000
  23 23.328873 34.147747 1.628346 0.678479 0.039838 0.733539 0.875559 0.325805 1 23 1.000000
v_hands
  23 22.670464 34.554787 1.470383 -0.778516 0.027621 0.627017 0.885867 0.278887 1 23 1.000000
  23 22.987843 34.086308 1.740171 -0.183955 0.035059 0.982309 0.892100 0.316227 1 23 1.000000
  23 22.981541 34.593262 1.693226 -0.201945 0.049726 0.978134 0.875978 0.295415 1 23 1.000000
v_hands
  23 22.670464 34.554787 1.470383 -0.778516 0.027621 0.627017 0.885867 0.278887 1 23 1.000000
  23 22.683617 34.033550 1.490387 -0.812660 -0.035049 0.581683 0.902930 0.299887 1 23 1.000000
  23 22.987843 34.086308 1.740171 -0.183955 0.035059 0.982309 0.892100 0.316227 1 23 1.000000
v_hands
  23 22.536192 34.046215 1.116767 -0.992375 -0.107081 -0.061036 0.919777 0.283998 1 23 1.000000
  23 22.699789 34.517513 0.768679 -0.642077 -0.115190 -0.757937 0.921568 0.258800 1 23 1.000000
  23 22.726330 34.035130 0.793354 -0.594532 -0.131549 -0.793238 0.936236 0.282670 1 23 1.000000
v_hands
  23 22.536192 34.046215 1.116767 -0.992375 -0.107081 -0.061036 0.919777 0.283998 1 23 1.000000
  23 22.505840 34.533352 1.159573 -0.999447 -0.032824 -0.005228 0.900336 0.267151 1 23 1.000000
  23 22.699789 34.517513 0.768679 -0.642077 -0.115190 -0.757937 0.921568 0.258800 1 23 1.000000
v_hands
  23 23.094004 34.365913 0.650989 0.118225 -0.141666 -0.982829 0.572392 0.823033 1 23 1.000000
  23 22.726330 34.035130 0.793354 -0.594532 -0.131549 -0.793238 0.553541 0.830235 1 23 1.000000
  23 22.699789 34.517513 0.768679 -0.642077 -0.115190 -0.757937 0.560000 0.811194 1 23 1.000000
v_hands
  23 23.094004 34.365913 0.650989 0.118225 -0.141666 -0.982829 0.572392 0.823033 1 23 1.000000
  23 23.124895 33.916695 0.740647 0.246389 -0.164988 -0.955024 0.566890 0.840848 1 23 1.000000
  23 22.726330 34.035130 0.793354 -0.594532 -0.131549 -0.793238 0.553541 0.830235 1 23 1.000000
v_hands
  18 22.379917 36.477932 2.048514 -0.911447 -0.348277 0.219016 0.798291 0.222837 2 18 0.845306 22 0.154694
  22 22.661629 35.848351 1.810774 -0.664292 -0.675759 0.319479 0.823521 0.242654 1 22 1.000000
  18 22.777563 35.866077 2.255937 -0.652455 -0.749909 0.109265 0.800357 0.254767 2 18 0.751785 22 0.248215
v_hands
  18 22.379917 36.477932 2.048514 -0.911447 -0.348277 0.219016 0.798291 0.222837 2 18 0.845306 22 0.154694
  21 22.291777 36.444351 1.694406 -0.831438 -0.292949 0.472113 0.814305 0.212861 3 21 0.536208 22 0.408297 23 0.055495
  22 22.661629 35.848351 1.810774 -0.664292 -0.675759 0.319479 0.823521 0.242654 1 22 1.000000
v_hands
  21 22.291777 36.444351 1.694406 -0.831438 -0.292949 0.472113 0.814305 0.212861 3 21 0.536208 22 0.408297 23 0.055495
  22 22.268229 36.056343 1.504401 -0.731565 -0.571071 0.372411 0.833423 0.218844 2 22 0.862383 21 0.137617
  22 22.661629 35.848351 1.810774 -0.664292 -0.675759 0.319479 0.823521 0.242654 1 22 1.000000
v_hands
  21 22.291777 36.444351 1.694406 -0.831438 -0.292949 0.472113 0.814305 0.212861 3 21 0.536208 22 0.408297 23 0.055495
  22 22.077284 36.394638 1.342224 -0.838719 -0.300265 0.454302 0.828498 0.202866 2 22 0.565311 21 0.434689
  22 22.268229 36.056343 1.504401 -0.731565 -0.571071 0.372411 0.833423 0.218844 2 22 0.862383 21 0.137617
v_hands
  21 22.252237 36.851997 1.828546 -0.910855 -0.223154 0.347197 0.799345 0.205866 1 21 1.000000
  21 22.291777 36.444351 1.694406 -0.831438 -0.292949 0.472113 0.814305 0.212861 3 21 0.536208 22 0.408297 23 0.055495
  18 22.379917 36.477932 2.048514 -0.911447 -0.348277 0.219016 0.798291 0.222837 2 18 0.845306 22 0.154694
v_hands
  21 22.252237 36.851997 1.828546 -0.910855 -0.223154 0.347197 0.799345 0.205866 1 21 1.000000
  21 22.098701 36.806202 1.505570 -0.819760 -0.214319 0.531093 0.812414 0.196765 2 21 0.809194 22 0.190806
  21 22.291777 36.444351 1.694406 -0.831438 -0.292949 0.472113 0.814305 0.212861 3 21 0.536208 22 0.408297 23 0.055495
v_hands
  7 20.738869 39.497665 6.744418 -0.764237 -0.604614 -0.224462 0.543957 0.132402 1 7 1.000000
  8 20.667921 39.751892 7.430626 -0.994434 0.105210 -0.005684 0.518936 0.113212 2 8 0.638179 7 0.361821
  7 20.639791 39.942986 7.034308 -0.987124 0.122510 0.102844 0.534477 0.114944 1 7 1.000000
v_hands
  7 20.738869 39.497665 6.744418 -0.764237 -0.604614 -0.224462 0.543957 0.132402 1 7 1.000000
  7 20.817936 39.261703 7.296471 -0.754902 -0.562935 -0.336493 0.522050 0.136070 2 7 0.585134 8 0.414866
  8 20.667921 39.751892 7.430626 -0.994434 0.105210 -0.005684 0.518936 0.113212 2 8 0.638179 7 0.361821
v_hands
  8 21.309601 39.117283 8.882541 -0.057662 -0.896532 0.439211 0.456527 0.162120 1 8 1.000000
  8 20.891020 39.377144 9.053765 -0.588220 -0.671691 0.450364 0.445628 0.137920 1 8 1.000000
  8 20.913544 39.152386 8.749764 -0.483200 -0.788327 0.380864 0.462449 0.144243 1 8 1.000000
v_hands
  8 21.309601 39.117283 8.882541 -0.057662 -0.896532 0.439211 0.456527 0.162120 1 8 1.000000
  8 21.345291 39.347965 9.178345 0.045655 -0.356339 0.933240 0.431275 0.161231 1 8 1.000000
  8 20.891020 39.377144 9.053765 -0.588220 -0.671691 0.450364 0.445628 0.137920 1 8 1.000000
v_hands
  8 21.913385 39.181316 7.428363 0.690404 -0.694041 -0.204080 0.525960 0.184663 1 8 1.000000
  8 22.047071 39.611202 7.399966 0.994138 -0.029570 -0.103994 0.531466 0.195728 2 8 0.564804 7 0.435196
  8 22.044722 39.464893 7.641649 0.998593 -0.053010 -0.001126 0.524251 0.193618 1 8 1.000000
v_hands
  8 21.913385 39.181316 7.428363 0.690404 -0.694041 -0.204080 0.525960 0.184663 1 8 1.000000
  7 21.875496 39.225216 7.261024 0.667183 -0.672513 -0.320302 0.531257 0.183269 2 7 0.583798 8 0.416202
  8 22.047071 39.611202 7.399966 0.994138 -0.029570 -0.103994 0.531466 0.195728 2 8 0.564804 7 0.435196
v_hands
  7 21.875496 39.225216 7.261024 0.667183 -0.672513 -0.320302 0.531257 0.183269 2 7 0.583798 8 0.416202
  7 22.009714 39.777283 6.895557 0.991506 -0.065107 -0.112595 0.545754 0.191031 2 7 0.946690 8 0.053310
  8 22.047071 39.611202 7.399966 0.994138 -0.029570 -0.103994 0.531466 0.195728 2 8 0.564804 7 0.435196
v_hands
  7 21.875496 39.225216 7.261024 0.667183 -0.672513 -0.320302 0.531257 0.183269 2 7 0.583798 8 0.416202
  7 21.737276 39.375332 6.645352 0.559252 -0.741544 -0.370606 0.552962 0.174185 1 7 1.000000
  7 22.009714 39.777283 6.895557 0.991506 -0.065107 -0.112595 0.545754 0.191031 2 7 0.946690 8 0.053310
v_hands
  8 20.784662 39.194752 7.385325 -0.741656 -0.610381 -0.278175 0.518312 0.135685 2 8 0.930791 7 0.069209
  8 20.667921 39.751892 7.430626 -0.994434 0.105210 -0.005684 0.518936 0.113212 2 8 0.638179 7 0.361821
  7 20.817936 39.261703 7.296471 -0.754902 -0.562935 -0.336493 0.522050 0.136070 2 7 0.585134 8 0.414866
v_hands
  8 20.784662 39.194752 7.385325 -0.741656 -0.610381 -0.278175 0.518312 0.135685 2 8 0.930791 7 0.069209
  8 20.637964 39.676346 7.650123 -0.995898 0.089836 0.010775 0.512023 0.114464 2 8 0.938694 7 0.061306
  8 20.667921 39.751892 7.430626 -0.994434 0.105210 -0.005684 0.518936 0.113212 2 8 0.638179 7 0.361821
v_hands
  8 21.345501 39.021343 7.214097 -0.040000 -0.950719 -0.307463 0.528400 0.158970 1 8 1.000000
  7 21.875496 39.225216 7.261024 0.667183 -0.672513 -0.320302 0.531257 0.183269 2 7 0.583798 8 0.416202
  8 21.913385 39.181316 7.428363 0.690404 -0.694041 -0.204080 0.525960 0.184663 1 8 1.000000
v_hands
  8 21.345501 39.021343 7.214097 -0.040000 -0.950719 -0.307463 0.528400 0.158970 1 8 1.000000
  7 21.371058 39.064423 7.111495 -0.046187 -0.899182 -0.435130 0.531302 0.159935 2 7 0.600178 8 0.399822
  7 21.875496 39.225216 7.261024 0.667183 -0.672513 -0.320302 0.531257 0.183269 2 7 0.583798 8 0.416202
v_hands
  8 21.753557 39.473454 8.970249 0.222545 0.941923 0.251503 0.963415 0.719347 1 8 1.000000
  8 21.387083 39.754364 8.242469 0.076536 0.905766 0.416810 0.950410 0.689829 1 8 1.000000
  8 21.444683 39.557457 9.130924 0.114796 0.713255 0.691440 0.973497 0.713421 1 8 1.000000
v_hands
  8 21.753557 39.473454 8.970249 0.222545 0.941923 0.251503 0.963415 0.719347 1 8 1.000000
  8 21.900562 39.690731 8.228391 0.222089 0.879469 0.420964 0.938317 0.704933 1 8 1.000000
  8 21.387083 39.754364 8.242469 0.076536 0.905766 0.416810 0.950410 0.689829 1 8 1.000000
v_hands
  7 22.009714 39.777283 6.895557 0.991506 -0.065107 -0.112595 0.892799 0.688760 2 7 0.946690 8 0.053310
  8 21.910015 40.093040 7.483353 0.751032 0.641172 0.157640 0.915174 0.684097 2 8 0.619908 7 0.380092
  8 22.047071 39.611202 7.399966 0.994138 -0.029570 -0.103994 0.907779 0.700765 2 8 0.564804 7 0.435196
v_hands
  7 22.009714 39.777283 6.895557 0.991506 -0.065107 -0.112595 0.892799 0.688760 2 7 0.946690 8 0.053310
  7 21.827713 40.196217 7.058315 0.759295 0.622606 0.189295 0.904477 0.672730 2 7 0.878296 8 0.121705
  8 21.910015 40.093040 7.483353 0.751032 0.641172 0.157640 0.915174 0.684097 2 8 0.619908 7 0.380092
v_hands
  8 21.444683 39.557457 9.130924 0.114796 0.713255 0.691440 0.973497 0.713421 1 8 1.000000
  8 21.793867 39.294819 8.962876 0.726107 -0.298571 0.619373 0.962430 0.729312 1 8 1.000000
  8 21.753557 39.473454 8.970249 0.763147 0.135223 0.631918 0.963415 0.719347 1 8 1.000000
v_hands
  8 21.444683 39.557457 9.130924 0.114796 0.713255 0.691440 0.973497 0.713421 1 8 1.000000
  8 21.345291 39.347965 9.178345 0.045655 -0.356339 0.933240 0.983877 0.720906 1 8 1.000000
  8 21.793867 39.294819 8.962876 0.726107 -0.298571 0.619373 0.962430 0.729312 1 8 1.000000
v_hands
  7 21.827713 40.196217 7.058315 0.759295 0.622606 0.189295 0.904477 0.672730 2 7 0.878296 8 0.121705
  8 21.514809 40.322433 7.449453 0.115949 0.960095 0.254505 0.920045 0.671236 2 8 0.625569 7 0.374431
  8 21.910015 40.093040 7.483353 0.751032 0.641172 0.157640 0.915174 0.684097 2 8 0.619908 7 0.380092
v_hands
  7 21.827713 40.196217 7.058315 0.759295 0.622606 0.189295 0.904477 0.672730 2 7 0.878296 8 0.121705
  7 21.514000 40.273960 7.135599 0.157502 0.936459 0.313428 0.913649 0.663788 2 7 0.813896 8 0.186105
  8 21.514809 40.322433 7.449453 0.115949 0.960095 0.254505 0.920045 0.671236 2 8 0.625569 7 0.374431
v_hands
  7 20.817936 39.261703 7.296471 -0.754902 -0.562935 -0.336493 0.522050 0.136070 2 7 0.585134 8 0.414866
  7 21.298973 39.326424 6.679524 -0.138525 -0.908621 -0.393979 0.548675 0.156034 1 7 1.000000
  7 21.371058 39.064423 7.111495 -0.046187 -0.899182 -0.435130 0.531302 0.159935 2 7 0.600178 8 0.399822
v_hands
  7 20.817936 39.261703 7.296471 -0.754902 -0.562935 -0.336493 0.522050 0.136070 2 7 0.585134 8 0.414866
  7 20.738869 39.497665 6.744418 -0.764237 -0.604614 -0.224462 0.543957 0.132402 1 7 1.000000
  7 21.298973 39.326424 6.679524 -0.138525 -0.908621 -0.393979 0.548675 0.156034 1 7 1.000000
v_hands
  8 21.334129 38.900738 8.159826 -0.069636 -0.996040 0.055280 0.485594 0.161173 1 8 1.000000
  8 20.913544 39.152386 8.749764 -0.483200 -0.788327 0.380864 0.462449 0.144243 1 8 1.000000
  8 20.812033 39.094780 8.225614 -0.661550 -0.745452 0.081562 0.482243 0.139877 1 8 1.000000
v_hands
  8 21.334129 38.900738 8.159826 -0.069636 -0.996040 0.055280 0.485594 0.161173 1 8 1.000000
  8 21.309601 39.117283 8.882541 -0.057662 -0.896532 0.439211 0.456527 0.162120 1 8 1.000000
  8 20.913544 39.152386 8.749764 -0.483200 -0.788327 0.380864 0.462449 0.144243 1 8 1.000000
v_hands
  8 22.005230 39.349781 8.153899 0.978895 -0.098579 0.179017 0.493432 0.199944 1 8 1.000000
  8 21.646614 39.099934 8.767925 0.404635 -0.806118 0.431791 0.461698 0.178441 1 8 1.000000
  8 21.886871 38.979271 8.220009 0.607220 -0.787580 0.104889 0.486178 0.187373 1 8 1.000000
v_hands
  8 22.005230 39.349781 8.153899 0.978895 -0.098579 0.179017 0.493432 0.199944 1 8 1.000000
  8 21.793867 39.294819 8.962876 0.726107 -0.298571 0.619373 0.450896 0.193512 1 8 1.000000
  8 21.646614 39.099934 8.767925 0.404635 -0.806118 0.431791 0.461698 0.178441 1 8 1.000000
v_hands
  8 20.913544 39.152386 8.749764 -0.483200 -0.788327 0.380864 0.462449 0.144243 1 8 1.000000
  8 20.644373 39.422726 8.327857 -0.973437 0.081916 0.213796 0.480190 0.124756 1 8 1.000000
  8 20.812033 39.094780 8.225614 -0.661550 -0.745452 0.081562 0.482243 0.139877 1 8 1.000000
v_hands
  8 20.913544 39.152386 8.749764 -0.483200 -0.788327 0.380864 0.462449 0.144243 1 8 1.000000
  8 20.891020 39.377144 9.053765 -0.588220 -0.671691 0.450364 0.445628 0.137920 1 8 1.000000
  8 20.644373 39.422726 8.327857 -0.973437 0.081916 0.213796 0.480190 0.124756 1 8 1.000000
v_hands
  8 21.900562 39.690731 8.228391 0.953684 0.220103 0.205040 0.938317 0.704933 1 8 1.000000
  8 21.793867 39.294819 8.962876 0.726107 -0.298571 0.619373 0.962430 0.729312 1 8 1.000000
  8 22.005230 39.349781 8.153899 0.978895 -0.098579 0.179017 0.931784 0.717746 1 8 1.000000
v_hands
  8 21.900562 39.690731 8.228391 0.953684 0.220103 0.205040 0.938317 0.704933 1 8 1.000000
  8 21.753557 39.473454 8.970249 0.763147 0.135223 0.631918 0.963415 0.719347 1 8 1.000000
  8 21.793867 39.294819 8.962876 0.726107 -0.298571 0.619373 0.962430 0.729312 1 8 1.000000
v_hands
  8 20.823599 39.969303 7.842932 -0.576259 0.713963 0.397721 0.951078 0.663885 2 8 0.931854 7 0.068146
  8 20.667921 39.751892 7.430626 -0.994434 0.105210 -0.005684 0.948806 0.650665 2 8 0.638179 7 0.361821
  8 20.637964 39.676346 7.650123 -0.995898 0.089836 0.010775 0.955765 0.655569 2 8 0.938694 7 0.061306
v_hands
  8 20.823599 39.969303 7.842932 -0.576259 0.713963 0.397721 0.951078 0.663885 2 8 0.931854 7 0.068146
  8 20.805357 40.154945 7.499208 -0.612221 0.763430 0.205815 0.940631 0.654131 2 8 0.615914 7 0.384086
  8 20.667921 39.751892 7.430626 -0.994434 0.105210 -0.005684 0.948806 0.650665 2 8 0.638179 7 0.361821
v_hands
  8 21.085087 39.564796 9.010883 -0.381885 0.746312 0.545144 0.978385 0.701453 1 8 1.000000
  8 20.644373 39.422726 8.327857 -0.973437 0.081916 0.213796 0.975247 0.673475 1 8 1.000000
  8 20.891020 39.377144 9.053765 -0.521064 0.541273 0.659936 0.989792 0.698702 1 8 1.000000
v_hands
  8 21.085087 39.564796 9.010883 -0.381885 0.746312 0.545144 0.978385 0.701453 1 8 1.000000
  8 20.825821 39.722576 8.275917 -0.472782 0.798369 0.372938 0.964936 0.675676 1 8 1.000000
  8 20.644373 39.422726 8.327857 -0.973437 0.081916 0.213796 0.975247 0.673475 1 8 1.000000
v_hands
  8 21.930706 39.905025 7.834422 0.722291 0.584246 0.370070 0.925558 0.694403 2 8 0.921172 7 0.078828
  8 22.047071 39.611202 7.399966 0.994138 -0.029570 -0.103994 0.907779 0.700765 2 8 0.564804 7 0.435196
  8 21.910015 40.093040 7.483353 0.751032 0.641172 0.157640 0.915174 0.684097 2 8 0.619908 7 0.380092
v_hands
  8 21.930706 39.905025 7.834422 0.722291 0.584246 0.370070 0.925558 0.694403 2 8 0.921172 7 0.078828
  8 22.044722 39.464893 7.641649 0.998593 -0.053010 -0.001126 0.914985 0.708369 1 8 1.000000
  8 22.047071 39.611202 7.399966 0.994138 -0.029570 -0.103994 0.907779 0.700765 2 8 0.564804 7 0.435196
v_hands
  8 21.452604 40.127914 7.797305 0.082700 0.841931 0.533209 0.932628 0.678967 2 8 0.897015 7 0.102985
  8 20.805357 40.154945 7.499208 -0.612221 0.763430 0.205815 0.940631 0.654131 2 8 0.615914 7 0.384086
  8 20.823599 39.969303 7.842932 -0.576259 0.713963 0.397721 0.951078 0.663885 2 8 0.931854 7 0.068146
v_hands
  8 21.452604 40.127914 7.797305 0.082700 0.841931 0.533209 0.932628 0.678967 2 8 0.897015 7 0.102985
  8 21.514809 40.322433 7.449453 0.115949 0.960095 0.254505 0.920045 0.671236 2 8 0.625569 7 0.374431
  8 20.805357 40.154945 7.499208 -0.612221 0.763430 0.205815 0.940631 0.654131 2 8 0.615914 7 0.384086
v_hands
  8 20.812033 39.094780 8.225614 -0.661550 -0.745452 0.081562 0.482243 0.139877 1 8 1.000000
  8 20.637964 39.676346 7.650123 -0.995898 0.089836 0.010775 0.512023 0.114464 2 8 0.938694 7 0.061306
  8 20.784662 39.194752 7.385325 -0.741656 -0.610381 -0.278175 0.518312 0.135685 2 8 0.930791 7 0.069209
v_hands
  8 20.812033 39.094780 8.225614 -0.661550 -0.745452 0.081562 0.482243 0.139877 1 8 1.000000
  8 20.644373 39.422726 8.327857 -0.973437 0.081916 0.213796 0.480190 0.124756 1 8 1.000000
  8 20.637964 39.676346 7.650123 -0.995898 0.089836 0.010775 0.512023 0.114464 2 8 0.938694 7 0.061306
v_hands
  8 20.784662 39.194752 7.385325 -0.741656 -0.610381 -0.278175 0.518312 0.135685 2 8 0.930791 7 0.069209
  8 21.334129 38.900738 8.159826 -0.069636 -0.996040 0.055280 0.485594 0.161173 1 8 1.000000
  8 20.812033 39.094780 8.225614 -0.661550 -0.745452 0.081562 0.482243 0.139877 1 8 1.000000
v_hands
  8 20.784662 39.194752 7.385325 -0.741656 -0.610381 -0.278175 0.518312 0.135685 2 8 0.930791 7 0.069209
  8 21.345501 39.021343 7.214097 -0.040000 -0.950719 -0.307463 0.528400 0.158970 1 8 1.000000
  8 21.334129 38.900738 8.159826 -0.069636 -0.996040 0.055280 0.485594 0.161173 1 8 1.000000
v_hands
  7 22.009714 39.777283 6.895557 0.991506 -0.065107 -0.112595 0.545754 0.191031 2 7 0.946690 8 0.053310
  7 21.587732 39.633785 5.923855 0.471682 -0.849079 -0.237869 0.587216 0.164028 1 7 1.000000
  7 21.982553 40.253803 6.030811 0.988268 -0.151953 0.015365 0.583743 0.186603 1 7 1.000000
v_hands
  7 22.009714 39.777283 6.895557 0.991506 -0.065107 -0.112595 0.545754 0.191031 2 7 0.946690 8 0.053310
  7 21.737276 39.375332 6.645352 0.559252 -0.741544 -0.370606 0.552962 0.174185 1 7 1.000000
  7 21.587732 39.633785 5.923855 0.471682 -0.849079 -0.237869 0.587216 0.164028 1 7 1.000000
v_hands
  7 21.827713 40.196217 7.058315 0.759295 0.622606 0.189295 0.904477 0.672730 2 7 0.878296 8 0.121705
  7 21.982553 40.253803 6.030811 0.988268 -0.151953 0.015365 0.867402 0.662555 1 7 1.000000
  7 21.880064 40.688824 6.248070 0.795637 0.517001 0.315708 0.878139 0.649924 1 7 1.000000
v_hands
  7 21.827713 40.196217 7.058315 0.759295 0.622606 0.189295 0.904477 0.672730 2 7 0.878296 8 0.121705
  7 22.009714 39.777283 6.895557 0.991506 -0.065107 -0.112595 0.892799 0.688760 2 7 0.946690 8 0.053310
  7 21.982553 40.253803 6.030811 0.988268 -0.151953 0.015365 0.867402 0.662555 1 7 1.000000
v_hands
  7 21.532423 40.868900 6.358897 0.183880 0.839816 0.510780 0.885803 0.642522 1 7 1.000000
  7 21.827713 40.196217 7.058315 0.759295 0.622606 0.189295 0.904477 0.672730 2 7 0.878296 8 0.121705
  7 21.880064 40.688824 6.248070 0.795637 0.517001 0.315708 0.878139 0.649924 1 7 1.000000
v_hands
  7 21.532423 40.868900 6.358897 0.183880 0.839816 0.510780 0.885803 0.642522 1 7 1.000000
  7 21.514000 40.273960 7.135599 0.157502 0.936459 0.313428 0.913649 0.663788 2 7 0.813896 8 0.186105
  7 21.827713 40.196217 7.058315 0.759295 0.622606 0.189295 0.904477 0.672730 2 7 0.878296 8 0.121705
v_hands
  8 21.913385 39.181316 7.428363 0.690404 -0.694041 -0.204080 0.525960 0.184663 1 8 1.000000
  8 22.005230 39.349781 8.153899 0.978895 -0.098579 0.179017 0.493432 0.199944 1 8 1.000000
  8 21.886871 38.979271 8.220009 0.607220 -0.787580 0.104889 0.486178 0.187373 1 8 1.000000
v_hands
  8 21.913385 39.181316 7.428363 0.690404 -0.694041 -0.204080 0.525960 0.184663 1 8 1.000000
  8 22.044722 39.464893 7.641649 0.998593 -0.053010 -0.001126 0.524251 0.193618 1 8 1.000000
  8 22.005230 39.349781 8.153899 0.978895 -0.098579 0.179017 0.493432 0.199944 1 8 1.000000
v_hands
  7 20.639791 39.942986 7.034308 -0.987124 0.122510 0.102844 0.937298 0.639335 1 7 1.000000
  8 20.805357 40.154945 7.499208 -0.612221 0.763430 0.205815 0.940631 0.654131 2 8 0.615914 7 0.384086
  7 20.866665 40.211514 7.120012 -0.559530 0.773759 0.297025 0.929576 0.646265 2 7 0.855068 8 0.144932
v_hands
  7 20.639791 39.942986 7.034308 -0.987124 0.122510 0.102844 0.937298 0.639335 1 7 1.000000
  8 20.667921 39.751892 7.430626 -0.994434 0.105210 -0.005684 0.948806 0.650665 2 8 0.638179 7 0.361821
  8 20.805357 40.154945 7.499208 -0.612221 0.763430 0.205815 0.940631 0.654131 2 8 0.615914 7 0.384086
v_hands
  8 20.825821 39.722576 8.275917 -0.472782 0.798369 0.372938 0.964936 0.675676 1 8 1.000000
  8 20.637964 39.676346 7.650123 -0.995898 0.089836 0.010775 0.955765 0.655569 2 8 0.938694 7 0.061306
  8 20.644373 39.422726 8.327857 -0.973437 0.081916 0.213796 0.975247 0.673475 1 8 1.000000
v_hands
  8 20.825821 39.722576 8.275917 -0.472782 0.798369 0.372938 0.964936 0.675676 1 8 1.000000
  8 20.823599 39.969303 7.842932 -0.576259 0.713963 0.397721 0.951078 0.663885 2 8 0.931854 7 0.068146
  8 20.637964 39.676346 7.650123 -0.995898 0.089836 0.010775 0.955765 0.655569 2 8 0.938694 7 0.061306
v_hands
  7 20.856649 40.703461 6.476655 -0.525422 0.719229 0.454578 0.907121 0.627972 1 7 1.000000
  7 21.514000 40.273960 7.135599 0.157502 0.936459 0.313428 0.913649 0.663788 2 7 0.813896 8 0.186105
  7 21.532423 40.868900 6.358897 0.183880 0.839816 0.510780 0.885803 0.642522 1 7 1.000000
v_hands
  7 20.856649 40.703461 6.476655 -0.525422 0.719229 0.454578 0.907121 0.627972 1 7 1.000000
  7 20.866665 40.211514 7.120012 -0.559530 0.773759 0.297025 0.929576 0.646265 2 7 0.855068 8 0.144932
  7 21.514000 40.273960 7.135599 0.157502 0.936459 0.313428 0.913649 0.663788 2 7 0.813896 8 0.186105
v_hands
  8 21.913385 39.181316 7.428363 0.690404 -0.694041 -0.204080 0.525960 0.184663 1 8 1.000000
  8 21.334129 38.900738 8.159826 -0.069636 -0.996040 0.055280 0.485594 0.161173 1 8 1.000000
  8 21.345501 39.021343 7.214097 -0.040000 -0.950719 -0.307463 0.528400 0.158970 1 8 1.000000
v_hands
  8 21.913385 39.181316 7.428363 0.690404 -0.694041 -0.204080 0.525960 0.184663 1 8 1.000000
  8 21.886871 38.979271 8.220009 0.607220 -0.787580 0.104889 0.486178 0.187373 1 8 1.000000
  8 21.334129 38.900738 8.159826 -0.069636 -0.996040 0.055280 0.485594 0.161173 1 8 1.000000
v_hands
  8 21.930706 39.905025 7.834422 0.722291 0.584246 0.370070 0.925558 0.694403 2 8 0.921172 7 0.078828
  8 21.387083 39.754364 8.242469 0.076536 0.905766 0.416810 0.950410 0.689829 1 8 1.000000
  8 21.900562 39.690731 8.228391 0.222089 0.879469 0.420964 0.938317 0.704933 1 8 1.000000
v_hands
  8 21.930706 39.905025 7.834422 0.722291 0.584246 0.370070 0.925558 0.694403 2 8 0.921172 7 0.078828
  8 21.452604 40.127914 7.797305 0.082700 0.841931 0.533209 0.932628 0.678967 2 8 0.897015 7 0.102985
  8 21.387083 39.754364 8.242469 0.076536 0.905766 0.416810 0.950410 0.689829 1 8 1.000000
v_hands
  8 21.793867 39.294819 8.962876 0.726107 -0.298571 0.619373 0.450896 0.193512 1 8 1.000000
  8 21.309601 39.117283 8.882541 -0.057662 -0.896532 0.439211 0.456527 0.162120 1 8 1.000000
  8 21.646614 39.099934 8.767925 0.404635 -0.806118 0.431791 0.461698 0.178441 1 8 1.000000
v_hands
  8 21.793867 39.294819 8.962876 0.726107 -0.298571 0.619373 0.450896 0.193512 1 8 1.000000
  8 21.345291 39.347965 9.178345 0.045655 -0.356339 0.933240 0.431275 0.161231 1 8 1.000000
  8 21.309601 39.117283 8.882541 -0.057662 -0.896532 0.439211 0.456527 0.162120 1 8 1.000000
v_hands
  7 20.817936 39.261703 7.296471 -0.754902 -0.562935 -0.336493 0.522050 0.136070 2 7 0.585134 8 0.414866
  8 21.345501 39.021343 7.214097 -0.040000 -0.950719 -0.307463 0.528400 0.158970 1 8 1.000000
  8 20.784662 39.194752 7.385325 -0.741656 -0.610381 -0.278175 0.518312 0.135685 2 8 0.930791 7 0.069209
v_hands
  7 20.817936 39.261703 7.296471 -0.754902 -0.562935 -0.336493 0.522050 0.136070 2 7 0.585134 8 0.414866
  7 21.371058 39.064423 7.111495 -0.046187 -0.899182 -0.435130 0.531302 0.159935 2 7 0.600178 8 0.399822
  8 21.345501 39.021343 7.214097 -0.040000 -0.950719 -0.307463 0.528400 0.158970 1 8 1.000000
v_hands
  8 21.085087 39.564796 9.010883 -0.381885 0.746312 0.545144 0.978385 0.701453 1 8 1.000000
  8 21.387083 39.754364 8.242469 0.076536 0.905766 0.416810 0.950410 0.689829 1 8 1.000000
  8 20.825821 39.722576 8.275917 -0.472782 0.798369 0.372938 0.964936 0.675676 1 8 1.000000
v_hands
  8 21.085087 39.564796 9.010883 -0.381885 0.746312 0.545144 0.978385 0.701453 1 8 1.000000
  8 21.444683 39.557457 9.130924 0.114796 0.713255 0.691440 0.973497 0.713421 1 8 1.000000
  8 21.387083 39.754364 8.242469 0.076536 0.905766 0.416810 0.950410 0.689829 1 8 1.000000
v_hands
  8 21.085087 39.564796 9.010883 -0.381885 0.746312 0.545144 0.978385 0.701453 1 8 1.000000
  8 21.345291 39.347965 9.178345 0.045655 -0.356339 0.933240 0.983877 0.720906 1 8 1.000000
  8 21.444683 39.557457 9.130924 0.114796 0.713255 0.691440 0.973497 0.713421 1 8 1.000000
v_hands
  8 21.085087 39.564796 9.010883 -0.381885 0.746312 0.545144 0.978385 0.701453 1 8 1.000000
  8 20.891020 39.377144 9.053765 -0.521064 0.541273 0.659936 0.989792 0.698702 1 8 1.000000
  8 21.345291 39.347965 9.178345 0.045655 -0.356339 0.933240 0.983877 0.720906 1 8 1.000000
v_hands
  7 20.866665 40.211514 7.120012 -0.559530 0.773759 0.297025 0.929576 0.646265 2 7 0.855068 8 0.144932
  8 21.514809 40.322433 7.449453 0.115949 0.960095 0.254505 0.920045 0.671236 2 8 0.625569 7 0.374431
  7 21.514000 40.273960 7.135599 0.157502 0.936459 0.313428 0.913649 0.663788 2 7 0.813896 8 0.186105
v_hands
  7 20.866665 40.211514 7.120012 -0.559530 0.773759 0.297025 0.929576 0.646265 2 7 0.855068 8 0.144932
  8 20.805357 40.154945 7.499208 -0.612221 0.763430 0.205815 0.940631 0.654131 2 8 0.615914 7 0.384086
  8 21.514809 40.322433 7.449453 0.115949 0.960095 0.254505 0.920045 0.671236 2 8 0.625569 7 0.374431
v_hands
  7 21.737276 39.375332 6.645352 0.559252 -0.741544 -0.370606 0.552962 0.174185 1 7 1.000000
  7 21.371058 39.064423 7.111495 -0.046187 -0.899182 -0.435130 0.531302 0.159935 2 7 0.600178 8 0.399822
  7 21.298973 39.326424 6.679524 -0.138525 -0.908621 -0.393979 0.548675 0.156034 1 7 1.000000
v_hands
  7 21.737276 39.375332 6.645352 0.559252 -0.741544 -0.370606 0.552962 0.174185 1 7 1.000000
  7 21.875496 39.225216 7.261024 0.667183 -0.672513 -0.320302 0.531257 0.183269 2 7 0.583798 8 0.416202
  7 21.371058 39.064423 7.111495 -0.046187 -0.899182 -0.435130 0.531302 0.159935 2 7 0.600178 8 0.399822
v_hands
  8 21.646614 39.099934 8.767925 0.404635 -0.806118 0.431791 0.461698 0.178441 1 8 1.000000
  8 21.334129 38.900738 8.159826 -0.069636 -0.996040 0.055280 0.485594 0.161173 1 8 1.000000
  8 21.886871 38.979271 8.220009 0.607220 -0.787580 0.104889 0.486178 0.187373 1 8 1.000000
v_hands
  8 21.646614 39.099934 8.767925 0.404635 -0.806118 0.431791 0.461698 0.178441 1 8 1.000000
  8 21.309601 39.117283 8.882541 -0.057662 -0.896532 0.439211 0.456527 0.162120 1 8 1.000000
  8 21.334129 38.900738 8.159826 -0.069636 -0.996040 0.055280 0.485594 0.161173 1 8 1.000000
v_hands
  8 21.910015 40.093040 7.483353 0.751032 0.641172 0.157640 0.915174 0.684097 2 8 0.619908 7 0.380092
  8 21.452604 40.127914 7.797305 0.082700 0.841931 0.533209 0.932628 0.678967 2 8 0.897015 7 0.102985
  8 21.930706 39.905025 7.834422 0.722291 0.584246 0.370070 0.925558 0.694403 2 8 0.921172 7 0.078828
v_hands
  8 21.910015 40.093040 7.483353 0.751032 0.641172 0.157640 0.915174 0.684097 2 8 0.619908 7 0.380092
  8 21.514809 40.322433 7.449453 0.115949 0.960095 0.254505 0.920045 0.671236 2 8 0.625569 7 0.374431
  8 21.452604 40.127914 7.797305 0.082700 0.841931 0.533209 0.932628 0.678967 2 8 0.897015 7 0.102985
v_hands
  8 21.930706 39.905025 7.834422 0.722291 0.584246 0.370070 0.925558 0.694403 2 8 0.921172 7 0.078828
  8 22.005230 39.349781 8.153899 0.978895 -0.098579 0.179017 0.931784 0.717746 1 8 1.000000
  8 22.044722 39.464893 7.641649 0.998593 -0.053010 -0.001126 0.914985 0.708369 1 8 1.000000
v_hands
  8 21.930706 39.905025 7.834422 0.722291 0.584246 0.370070 0.925558 0.694403 2 8 0.921172 7 0.078828
  8 21.900562 39.690731 8.228391 0.953684 0.220103 0.205040 0.938317 0.704933 1 8 1.000000
  8 22.005230 39.349781 8.153899 0.978895 -0.098579 0.179017 0.931784 0.717746 1 8 1.000000
v_hands
  8 21.387083 39.754364 8.242469 0.076536 0.905766 0.416810 0.950410 0.689829 1 8 1.000000
  8 20.823599 39.969303 7.842932 -0.576259 0.713963 0.397721 0.951078 0.663885 2 8 0.931854 7 0.068146
  8 20.825821 39.722576 8.275917 -0.472782 0.798369 0.372938 0.964936 0.675676 1 8 1.000000
v_hands
  8 21.387083 39.754364 8.242469 0.076536 0.905766 0.416810 0.950410 0.689829 1 8 1.000000
  8 21.452604 40.127914 7.797305 0.082700 0.841931 0.533209 0.932628 0.678967 2 8 0.897015 7 0.102985
  8 20.823599 39.969303 7.842932 -0.576259 0.713963 0.397721 0.951078 0.663885 2 8 0.931854 7 0.068146
v_hands
  15 24.362640 34.822430 5.237803 -0.577464 0.055704 0.814514 0.695114 0.368055 1 15 1.000000
  15 24.945444 34.743958 5.392343 0.147430 0.346175 0.926513 0.670795 0.382723 1 15 1.000000
  15 24.836214 35.023163 5.302990 0.127822 0.350902 0.927647 0.673328 0.370451 1 15 1.000000
v_hands
  15 24.362640 34.822430 5.237803 -0.577464 0.055704 0.814514 0.695114 0.368055 1 15 1.000000
  15 24.428886 34.569954 5.307264 -0.594900 0.181006 0.783154 0.695729 0.380871 1 15 1.000000
  15 24.945444 34.743958 5.392343 0.147430 0.346175 0.926513 0.670795 0.382723 1 15 1.000000
v_hands
  15 24.228743 34.227695 4.515694 -0.821150 -0.355565 -0.446415 0.735489 0.379297 1 15 1.000000
  15 24.217821 34.621208 4.857683 -0.931265 -0.198323 0.305637 0.715895 0.367814 1 15 1.000000
  15 24.161945 34.462475 4.413619 -0.807531 -0.441705 -0.390885 0.736723 0.366894 1 15 1.000000
v_hands
  15 24.228743 34.227695 4.515694 -0.821150 -0.355565 -0.446415 0.735489 0.379297 1 15 1.000000
  15 24.158779 34.387939 4.952043 -0.968796 -0.047727 0.243220 0.716742 0.378532 1 15 1.000000
  15 24.217821 34.621208 4.857683 -0.931265 -0.198323 0.305637 0.715895 0.367814 1 15 1.000000
v_hands
  15 24.518442 34.477081 4.178071 -0.075591 -0.407676 -0.909992 0.756389 0.369732 1 15 1.000000
  15 24.228743 34.227695 4.515694 -0.821150 -0.355565 -0.446415 0.735489 0.379297 1 15 1.000000
  15 24.161945 34.462475 4.413619 -0.807531 -0.441705 -0.390885 0.736723 0.366894 1 15 1.000000
v_hands
  15 24.518442 34.477081 4.178071 -0.075591 -0.407676 -0.909992 0.756389 0.369732 1 15 1.000000
  15 24.616247 34.198372 4.282046 -0.054998 -0.403836 -0.913177 0.756951 0.380646 1 15 1.000000
  15 24.228743 34.227695 4.515694 -0.821150 -0.355565 -0.446415 0.735489 0.379297 1 15 1.000000
v_hands
  15 25.066635 34.405720 4.402716 0.644309 -0.163135 -0.747164 0.727948 0.870499 1 15 1.000000
  15 24.518442 34.477081 4.178071 -0.075591 -0.407676 -0.909992 0.712696 0.860829 1 15 1.000000
  15 24.985559 34.749081 4.280165 0.610571 -0.113842 -0.783737 0.728113 0.859188 1 15 1.000000
v_hands
  15 25.066635 34.405720 4.402716 0.644309 -0.163135 -0.747164 0.727948 0.870499 1 15 1.000000
  15 24.616247 34.198372 4.282046 -0.054998 -0.403836 -0.913177 0.712016 0.870792 1 15 1.000000
  15 24.518442 34.477081 4.178071 -0.075591 -0.407676 -0.909992 0.712696 0.860829 1 15 1.000000
v_hands
  15 24.836214 35.023163 5.302990 0.127822 0.350902 0.927647 0.776199 0.857739 1 15 1.000000
  15 25.207928 34.806377 5.185238 0.801313 0.343650 0.489697 0.761384 0.864223 1 15 1.000000
  15 25.088291 35.163208 5.069458 0.745663 0.442581 0.498104 0.760906 0.852695 1 15 1.000000
v_hands
  15 24.836214 35.023163 5.302990 0.127822 0.350902 0.927647 0.776199 0.857739 1 15 1.000000
  15 24.945444 34.743958 5.392343 0.147430 0.346175 0.926513 0.775569 0.869886 1 15 1.000000
  15 25.207928 34.806377 5.185238 0.801313 0.343650 0.489697 0.761384 0.864223 1 15 1.000000
v_hands
  15 25.207928 34.806377 5.185238 0.801313 0.343650 0.489697 0.761384 0.864223 1 15 1.000000
  15 25.205978 35.012791 4.624692 0.949258 0.217337 -0.227319 0.744544 0.856886 1 15 1.000000
  15 25.088291 35.163208 5.069458 0.745663 0.442581 0.498104 0.760906 0.852695 1 15 1.000000
v_hands
  15 25.207928 34.806377 5.185238 0.801313 0.343650 0.489697 0.761384 0.864223 1 15 1.000000
  15 25.301039 34.686878 4.740568 0.969733 0.106080 -0.219920 0.744725 0.868438 1 15 1.000000
  15 25.205978 35.012791 4.624692 0.949258 0.217337 -0.227319 0.744544 0.856886 1 15 1.000000
v_hands
  15 24.428886 34.569954 5.307264 -0.594900 0.181006 0.783154 0.695729 0.380871 1 15 1.000000
  15 24.301212 33.878845 5.141915 -0.922926 -0.267910 0.276462 0.717136 0.413642 1 15 1.000000
  15 24.531565 34.042435 5.514993 -0.581497 0.087473 0.808832 0.697680 0.412880 1 15 1.000000
v_hands
  15 24.428886 34.569954 5.307264 -0.594900 0.181006 0.783154 0.695729 0.380871 1 15 1.000000
  15 24.158779 34.387939 4.952043 -0.968796 -0.047727 0.243220 0.716742 0.378532 1 15 1.000000
  15 24.301212 33.878845 5.141915 -0.922926 -0.267910 0.276462 0.717136 0.413642 1 15 1.000000
v_hands
  15 25.066635 34.405720 4.402716 0.644309 -0.163135 -0.747164 0.727948 0.870499 1 15 1.000000
  15 25.342741 34.108860 4.952177 0.968137 0.084222 -0.235833 0.743475 0.894167 1 15 1.000000
  15 25.145227 33.861694 4.646470 0.660201 -0.169331 -0.731752 0.727286 0.895828 1 15 1.000000
v_hands
  15 25.066635 34.405720 4.402716 0.644309 -0.163135 -0.747164 0.727948 0.870499 1 15 1.000000
  15 25.301039 34.686878 4.740568 0.969733 0.106080 -0.219920 0.744725 0.868438 1 15 1.000000
  15 25.342741 34.108860 4.952177 0.968137 0.084222 -0.235833 0.743475 0.894167 1 15 1.000000
v_hands
  15 24.428886 34.569954 5.307264 -0.594900 0.181006 0.783154 0.695729 0.380871 1 15 1.000000
  15 24.217821 34.621208 4.857683 -0.931265 -0.198323 0.305637 0.715895 0.367814 1 15 1.000000
  15 24.158779 34.387939 4.952043 -0.968796 -0.047727 0.243220 0.716742 0.378532 1 15 1.000000
v_hands
  15 24.428886 34.569954 5.307264 -0.594900 0.181006 0.783154 0.695729 0.380871 1 15 1.000000
  15 24.362640 34.822430 5.237803 -0.577464 0.055704 0.814514 0.695114 0.368055 1 15 1.000000
  15 24.217821 34.621208 4.857683 -0.931265 -0.198323 0.305637 0.715895 0.367814 1 15 1.000000
v_hands
  15 24.985559 34.749081 4.280165 0.610571 -0.113842 -0.783737 0.728113 0.859188 1 15 1.000000
  15 25.301039 34.686878 4.740568 0.969733 0.106080 -0.219920 0.744725 0.868438 1 15 1.000000
  15 25.066635 34.405720 4.402716 0.644309 -0.163135 -0.747164 0.727948 0.870499 1 15 1.000000
v_hands
  15 24.985559 34.749081 4.280165 0.610571 -0.113842 -0.783737 0.728113 0.859188 1 15 1.000000
  15 25.205978 35.012791 4.624692 0.949258 0.217337 -0.227319 0.744544 0.856886 1 15 1.000000
  15 25.301039 34.686878 4.740568 0.969733 0.106080 -0.219920 0.744725 0.868438 1 15 1.000000
v_hands
  15 25.207928 34.806377 5.185238 0.801313 0.343650 0.489697 0.761384 0.864223 1 15 1.000000
  15 25.342741 34.108860 4.952177 0.968137 0.084222 -0.235833 0.743475 0.894167 1 15 1.000000
  15 25.301039 34.686878 4.740568 0.969733 0.106080 -0.219920 0.744725 0.868438 1 15 1.000000
v_hands
  15 25.207928 34.806377 5.185238 0.801313 0.343650 0.489697 0.761384 0.864223 1 15 1.000000
  15 25.295092 34.211105 5.396905 0.819647 0.316360 0.477593 0.761435 0.886440 1 15 1.000000
  15 25.342741 34.108860 4.952177 0.968137 0.084222 -0.235833 0.743475 0.894167 1 15 1.000000
v_hands
  15 25.295092 34.211105 5.396905 0.819647 0.316360 0.477593 0.761435 0.886440 1 15 1.000000
  15 24.945444 34.743958 5.392343 0.147430 0.346175 0.926513 0.775569 0.869886 1 15 1.000000
  15 25.018784 34.192848 5.580768 0.152078 0.346649 0.925584 0.774564 0.897274 1 15 1.000000
v_hands
  15 25.295092 34.211105 5.396905 0.819647 0.316360 0.477593 0.761435 0.886440 1 15 1.000000
  15 25.207928 34.806377 5.185238 0.801313 0.343650 0.489697 0.761384 0.864223 1 15 1.000000
  15 24.945444 34.743958 5.392343 0.147430 0.346175 0.926513 0.775569 0.869886 1 15 1.000000
v_hands
  15 25.018784 34.192848 5.580768 0.152078 0.346649 0.925584 0.675638 0.415307 1 15 1.000000
  15 24.428886 34.569954 5.307264 -0.594900 0.181006 0.783154 0.695729 0.380871 1 15 1.000000
  15 24.531565 34.042435 5.514993 -0.581497 0.087473 0.808832 0.697680 0.412880 1 15 1.000000
v_hands
  15 25.018784 34.192848 5.580768 0.152078 0.346649 0.925584 0.675638 0.415307 1 15 1.000000
  15 24.945444 34.743958 5.392343 0.147430 0.346175 0.926513 0.670795 0.382723 1 15 1.000000
  15 24.428886 34.569954 5.307264 -0.594900 0.181006 0.783154 0.695729 0.380871 1 15 1.000000
v_hands
  15 24.301212 33.878845 5.141915 -0.922926 -0.267910 0.276462 0.717136 0.413642 1 15 1.000000
  15 24.228743 34.227695 4.515694 -0.821150 -0.355565 -0.446415 0.735489 0.379297 1 15 1.000000
  15 24.399776 33.704208 4.722696 -0.768318 -0.492468 -0.408856 0.736411 0.411569 1 15 1.000000
v_hands
  15 24.301212 33.878845 5.141915 -0.922926 -0.267910 0.276462 0.717136 0.413642 1 15 1.000000
  15 24.158779 34.387939 4.952043 -0.968796 -0.047727 0.243220 0.716742 0.378532 1 15 1.000000
  15 24.228743 34.227695 4.515694 -0.821150 -0.355565 -0.446415 0.735489 0.379297 1 15 1.000000
v_hands
  15 24.399776 33.704208 4.722696 -0.768318 -0.492468 -0.408856 0.736411 0.411569 1 15 1.000000
  15 24.616247 34.198372 4.282046 -0.054998 -0.403836 -0.913177 0.756951 0.380646 1 15 1.000000
  15 24.777775 33.683479 4.512496 -0.034023 -0.434342 -0.900105 0.757898 0.413119 1 15 1.000000
v_hands
  15 24.399776 33.704208 4.722696 -0.768318 -0.492468 -0.408856 0.736411 0.411569 1 15 1.000000
  15 24.228743 34.227695 4.515694 -0.821150 -0.355565 -0.446415 0.735489 0.379297 1 15 1.000000
  15 24.616247 34.198372 4.282046 -0.054998 -0.403836 -0.913177 0.756951 0.380646 1 15 1.000000
v_hands
  15 25.145227 33.861694 4.646470 0.660201 -0.169331 -0.731752 0.727286 0.895828 1 15 1.000000
  15 24.616247 34.198372 4.282046 -0.054998 -0.403836 -0.913177 0.712016 0.870792 1 15 1.000000
  15 25.066635 34.405720 4.402716 0.644309 -0.163135 -0.747164 0.727948 0.870499 1 15 1.000000
v_hands
  15 25.145227 33.861694 4.646470 0.660201 -0.169331 -0.731752 0.727286 0.895828 1 15 1.000000
  15 24.777775 33.683479 4.512496 -0.034023 -0.434342 -0.900105 0.713527 0.896027 1 15 1.000000
  15 24.616247 34.198372 4.282046 -0.054998 -0.403836 -0.913177 0.712016 0.870792 1 15 1.000000
v_hands
  14 24.760689 35.974022 4.751818 0.668735 0.503774 0.546814 0.760448 0.827223 2 14 0.708600 15 0.291400
  14 23.819815 36.761539 4.619766 0.020364 0.384603 0.922857 0.770753 0.813484 1 14 1.000000
  14 24.377438 35.837036 5.039177 0.065983 0.372572 0.925654 0.777350 0.830123 2 14 0.584000 15 0.416000
v_hands
  14 24.760689 35.974022 4.751818 0.668735 0.503774 0.546814 0.760448 0.827223 2 14 0.708600 15 0.291400
  14 24.187305 37.120903 4.381299 0.900063 0.234264 0.367433 0.762637 0.789028 1 14 1.000000
  14 23.819815 36.761539 4.619766 0.020364 0.384603 0.922857 0.770753 0.813484 1 14 1.000000
v_hands
  14 24.760689 35.974022 4.751818 0.668735 0.503774 0.546814 0.760448 0.827223 2 14 0.708600 15 0.291400
  14 24.658232 36.458176 4.013262 0.921342 0.262755 -0.286512 0.742723 0.810721 1 14 1.000000
  14 24.187305 37.120903 4.381299 0.900063 0.234264 0.367433 0.762637 0.789028 1 14 1.000000
v_hands
  14 24.760689 35.974022 4.751818 0.668735 0.503774 0.546814 0.760448 0.827223 2 14 0.708600 15 0.291400
  14 24.907787 35.940384 4.277604 0.923886 0.293331 -0.245747 0.743607 0.825671 2 14 0.803900 15 0.196100
  14 24.658232 36.458176 4.013262 0.921342 0.262755 -0.286512 0.742723 0.810721 1 14 1.000000
v_hands
  14 24.655764 35.626106 3.891045 0.547324 -0.091561 -0.831897 0.727365 0.829121 2 14 0.714300 15 0.285700
  14 23.659279 36.108768 3.559609 -0.142698 -0.398115 -0.906169 0.710348 0.805848 2 14 0.909200 15 0.090800
  14 24.036125 36.671673 3.478935 0.735927 -0.194948 -0.648387 0.722863 0.791670 1 14 1.000000
v_hands
  14 24.655764 35.626106 3.891045 0.547324 -0.091561 -0.831897 0.727365 0.829121 2 14 0.714300 15 0.285700
  14 24.160860 35.241241 3.851907 -0.108746 -0.415715 -0.902970 0.708070 0.836599 2 14 0.543800 15 0.456200
  14 23.659279 36.108768 3.559609 -0.142698 -0.398115 -0.906169 0.710348 0.805848 2 14 0.909200 15 0.090800
v_hands
  14 24.160860 35.241241 3.851907 -0.108746 -0.415715 -0.902970 0.755475 0.335967 2 14 0.543800 15 0.456200
  14 23.411823 35.939308 3.849102 -0.635927 -0.771546 0.017696 0.737539 0.296489 2 14 0.830600 15 0.169400
  14 23.659279 36.108768 3.559609 -0.142698 -0.398115 -0.906169 0.750292 0.300268 2 14 0.909200 15 0.090800
v_hands
  14 24.160860 35.241241 3.851907 -0.108746 -0.415715 -0.902970 0.755475 0.335967 2 14 0.543800 15 0.456200
  14 23.785078 35.136265 4.157619 -0.746997 -0.552033 -0.370480 0.736655 0.334845 2 14 0.515500 15 0.484500
  14 23.411823 35.939308 3.849102 -0.635927 -0.771546 0.017696 0.737539 0.296489 2 14 0.830600 15 0.169400
v_hands
  14 23.734003 35.222984 4.659358 -0.863276 -0.379340 0.332951 0.716120 0.335971 2 14 0.501400 15 0.498600
  14 23.411823 35.939308 3.849102 -0.635927 -0.771546 0.017696 0.737539 0.296489 2 14 0.830600 15 0.169400
  14 23.785078 35.136265 4.157619 -0.746997 -0.552033 -0.370480 0.736655 0.334845 2 14 0.515500 15 0.484500
v_hands
  14 23.734003 35.222984 4.659358 -0.863276 -0.379340 0.332951 0.716120 0.335971 2 14 0.501400 15 0.498600
  14 23.286398 36.198933 4.302420 -0.670137 -0.612454 0.419304 0.713893 0.294452 2 14 0.859700 15 0.140300
  14 23.411823 35.939308 3.849102 -0.635927 -0.771546 0.017696 0.737539 0.296489 2 14 0.830600 15 0.169400
v_hands
  14 24.377438 35.837036 5.039177 0.065983 0.372572 0.925654 0.674798 0.336700 2 14 0.584000 15 0.416000
  14 23.469868 36.408272 4.644862 -0.503034 -0.411826 0.759840 0.692883 0.296316 2 14 0.879800 15 0.120200
  14 23.928904 35.518337 5.004372 -0.549114 -0.013105 0.835645 0.695084 0.336979 2 14 0.518900 15 0.481100
v_hands
  14 24.377438 35.837036 5.039177 0.065983 0.372572 0.925654 0.674798 0.336700 2 14 0.584000 15 0.416000
  14 23.819815 36.761539 4.619766 0.020364 0.384603 0.922857 0.677229 0.306191 1 14 1.000000
  14 23.469868 36.408272 4.644862 -0.503034 -0.411826 0.759840 0.692883 0.296316 2 14 0.879800 15 0.120200
v_hands
  15 24.161945 34.462475 4.413619 -0.807531 -0.441705 -0.390885 0.736723 0.366894 1 15 1.000000
  14 23.734003 35.222984 4.659358 -0.863276 -0.379340 0.332951 0.716120 0.335971 2 14 0.501400 15 0.498600
  14 23.785078 35.136265 4.157619 -0.746997 -0.552033 -0.370480 0.736655 0.334845 2 14 0.515500 15 0.484500
v_hands
  15 24.161945 34.462475 4.413619 -0.807531 -0.441705 -0.390885 0.736723 0.366894 1 15 1.000000
  15 24.217821 34.621208 4.857683 -0.931265 -0.198323 0.305637 0.715895 0.367814 1 15 1.000000
  14 23.734003 35.222984 4.659358 -0.863276 -0.379340 0.332951 0.716120 0.335971 2 14 0.501400 15 0.498600
v_hands
  15 24.362640 34.822430 5.237803 -0.577464 0.055704 0.814514 0.695114 0.368055 1 15 1.000000
  14 24.377438 35.837036 5.039177 0.065983 0.372572 0.925654 0.674798 0.336700 2 14 0.584000 15 0.416000
  14 23.928904 35.518337 5.004372 -0.549114 -0.013105 0.835645 0.695084 0.336979 2 14 0.518900 15 0.481100
v_hands
  15 24.362640 34.822430 5.237803 -0.577464 0.055704 0.814514 0.695114 0.368055 1 15 1.000000
  15 24.836214 35.023163 5.302990 0.127822 0.350902 0.927647 0.673328 0.370451 1 15 1.000000
  14 24.377438 35.837036 5.039177 0.065983 0.372572 0.925654 0.674798 0.336700 2 14 0.584000 15 0.416000
v_hands
  14 24.409391 37.166130 3.731506 0.978687 0.120892 -0.166002 0.743365 0.782636 1 14 1.000000
  14 24.342648 37.041992 4.076807 0.888790 0.330079 0.317962 0.752532 0.790218 1 14 1.000000
  14 24.480310 36.865795 3.837702 0.963215 0.146776 -0.225109 0.742876 0.795412 1 14 1.000000
v_hands
  14 24.409391 37.166130 3.731506 0.978687 0.120892 -0.166002 0.743365 0.782636 1 14 1.000000
  14 24.305408 37.385376 3.953023 0.909104 0.341125 0.239086 0.753475 0.776204 1 14 1.000000
  14 24.342648 37.041992 4.076807 0.888790 0.330079 0.317962 0.752532 0.790218 1 14 1.000000
v_hands
  14 24.655764 35.626106 3.891045 0.547324 -0.091561 -0.831897 0.727365 0.829121 2 14 0.714300 15 0.285700
  15 25.205978 35.012791 4.624692 0.949258 0.217337 -0.227319 0.744544 0.856886 1 15 1.000000
  15 24.985559 34.749081 4.280165 0.610571 -0.113842 -0.783737 0.728113 0.859188 1 15 1.000000
v_hands
  14 24.655764 35.626106 3.891045 0.547324 -0.091561 -0.831897 0.727365 0.829121 2 14 0.714300 15 0.285700
  14 24.907787 35.940384 4.277604 0.923886 0.293331 -0.245747 0.743607 0.825671 2 14 0.803900 15 0.196100
  15 25.205978 35.012791 4.624692 0.949258 0.217337 -0.227319 0.744544 0.856886 1 15 1.000000
v_hands
  15 25.088291 35.163208 5.069458 0.745663 0.442581 0.498104 0.760906 0.852695 1 15 1.000000
  14 24.377438 35.837036 5.039177 0.065983 0.372572 0.925654 0.777350 0.830123 2 14 0.584000 15 0.416000
  15 24.836214 35.023163 5.302990 0.127822 0.350902 0.927647 0.776199 0.857739 1 15 1.000000
v_hands
  15 25.088291 35.163208 5.069458 0.745663 0.442581 0.498104 0.760906 0.852695 1 15 1.000000
  14 24.760689 35.974022 4.751818 0.668735 0.503774 0.546814 0.760448 0.827223 2 14 0.708600 15 0.291400
  14 24.377438 35.837036 5.039177 0.065983 0.372572 0.925654 0.777350 0.830123 2 14 0.584000 15 0.416000
v_hands
  14 24.138754 37.693439 4.037919 0.928373 0.365965 0.064761 0.759661 0.764124 1 14 1.000000
  9 23.795630 38.775219 4.142342 0.907594 0.207687 -0.364882 0.777276 0.722781 1 9 1.000000
  10 24.169880 37.995289 4.623794 0.934405 0.094731 -0.343386 0.785108 0.761156 2 10 0.604631 9 0.395370
v_hands
  14 24.138754 37.693439 4.037919 0.928373 0.365965 0.064761 0.759661 0.764124 1 14 1.000000
  13 23.755152 38.459663 3.635895 0.917791 0.396466 -0.021760 0.754243 0.727060 1 13 1.000000
  9 23.795630 38.775219 4.142342 0.907594 0.207687 -0.364882 0.777276 0.722781 1 9 1.000000
v_hands
  14 24.138754 37.693439 4.037919 0.928373 0.365965 0.064761 0.759661 0.764124 1 14 1.000000
  10 24.270634 37.511639 4.861569 0.921597 -0.082798 -0.379213 0.786478 0.782352 1 10 1.000000
  14 24.187305 37.120903 4.381299 0.900063 0.234264 0.367433 0.762637 0.789028 1 14 1.000000
v_hands
  14 24.138754 37.693439 4.037919 0.928373 0.365965 0.064761 0.759661 0.764124 1 14 1.000000
  10 24.169880 37.995289 4.623794 0.934405 0.094731 -0.343386 0.785108 0.761156 2 10 0.604631 9 0.395370
  10 24.270634 37.511639 4.861569 0.921597 -0.082798 -0.379213 0.786478 0.782352 1 10 1.000000
v_hands
  18 23.830688 36.420948 2.803638 0.958487 0.179930 0.221196 0.693092 0.789146 1 18 1.000000
  14 23.949186 37.315243 3.190343 0.771606 -0.022175 -0.635714 0.722269 0.764325 1 14 1.000000
  14 24.036125 36.671673 3.478935 0.735927 -0.194948 -0.648387 0.722863 0.791670 1 14 1.000000
v_hands
  18 23.830688 36.420948 2.803638 0.958487 0.179930 0.221196 0.693092 0.789146 1 18 1.000000
  18 23.726940 37.125427 2.598306 0.950056 0.311576 0.017728 0.696412 0.760597 1 18 1.000000
  14 23.949186 37.315243 3.190343 0.771606 -0.022175 -0.635714 0.722269 0.764325 1 14 1.000000
v_hands
  15 24.161945 34.462475 4.413619 -0.807531 -0.441705 -0.390885 0.736723 0.366894 1 15 1.000000
  14 24.160860 35.241241 3.851907 -0.108746 -0.415715 -0.902970 0.755475 0.335967 2 14 0.543800 15 0.456200
  15 24.518442 34.477081 4.178071 -0.075591 -0.407676 -0.909992 0.756389 0.369732 1 15 1.000000
v_hands
  15 24.161945 34.462475 4.413619 -0.807531 -0.441705 -0.390885 0.736723 0.366894 1 15 1.000000
  14 23.785078 35.136265 4.157619 -0.746997 -0.552033 -0.370480 0.736655 0.334845 2 14 0.515500 15 0.484500
  14 24.160860 35.241241 3.851907 -0.108746 -0.415715 -0.902970 0.755475 0.335967 2 14 0.543800 15 0.456200
v_hands
  14 24.409391 37.166130 3.731506 0.978687 0.120892 -0.166002 0.743365 0.782636 1 14 1.000000
  14 24.299410 37.319874 3.496536 0.802274 0.054434 -0.594469 0.736611 0.772855 1 14 1.000000
  14 24.364481 37.353836 3.660404 0.940581 0.276765 -0.196746 0.743502 0.774585 1 14 1.000000
v_hands
  14 24.409391 37.166130 3.731506 0.978687 0.120892 -0.166002 0.743365 0.782636 1 14 1.000000
  14 24.238571 37.164486 3.461786 0.750313 -0.110997 -0.651698 0.732232 0.776991 1 14 1.000000
  14 24.299410 37.319874 3.496536 0.802274 0.054434 -0.594469 0.736611 0.772855 1 14 1.000000
v_hands
  15 24.985559 34.749081 4.280165 0.610571 -0.113842 -0.783737 0.728113 0.859188 1 15 1.000000
  14 24.160860 35.241241 3.851907 -0.108746 -0.415715 -0.902970 0.708070 0.836599 2 14 0.543800 15 0.456200
  14 24.655764 35.626106 3.891045 0.547324 -0.091561 -0.831897 0.727365 0.829121 2 14 0.714300 15 0.285700
v_hands
  15 24.985559 34.749081 4.280165 0.610571 -0.113842 -0.783737 0.728113 0.859188 1 15 1.000000
  15 24.518442 34.477081 4.178071 -0.075591 -0.407676 -0.909992 0.712696 0.860829 1 15 1.000000
  14 24.160860 35.241241 3.851907 -0.108746 -0.415715 -0.902970 0.708070 0.836599 2 14 0.543800 15 0.456200
v_hands
  14 24.187305 37.120903 4.381299 0.900063 0.234264 0.367433 0.762637 0.789028 1 14 1.000000
  14 24.305408 37.385376 3.953023 0.909104 0.341125 0.239086 0.753475 0.776204 1 14 1.000000
  14 24.138754 37.693439 4.037919 0.928373 0.365965 0.064761 0.759661 0.764124 1 14 1.000000
v_hands
  14 24.187305 37.120903 4.381299 0.900063 0.234264 0.367433 0.762637 0.789028 1 14 1.000000
  14 24.342648 37.041992 4.076807 0.888790 0.330079 0.317962 0.752532 0.790218 1 14 1.000000
  14 24.305408 37.385376 3.953023 0.909104 0.341125 0.239086 0.753475 0.776204 1 14 1.000000
v_hands
  14 24.655764 35.626106 3.891045 0.547324 -0.091561 -0.831897 0.727365 0.829121 2 14 0.714300 15 0.285700
  14 24.658232 36.458176 4.013262 0.921342 0.262755 -0.286512 0.742723 0.810721 1 14 1.000000
  14 24.907787 35.940384 4.277604 0.923886 0.293331 -0.245747 0.743607 0.825671 2 14 0.803900 15 0.196100
v_hands
  14 24.655764 35.626106 3.891045 0.547324 -0.091561 -0.831897 0.727365 0.829121 2 14 0.714300 15 0.285700
  14 24.036125 36.671673 3.478935 0.735927 -0.194948 -0.648387 0.722863 0.791670 1 14 1.000000
  14 24.658232 36.458176 4.013262 0.921342 0.262755 -0.286512 0.742723 0.810721 1 14 1.000000
v_hands
  14 23.928904 35.518337 5.004372 -0.549114 -0.013105 0.835645 0.695084 0.336979 2 14 0.518900 15 0.481100
  14 23.286398 36.198933 4.302420 -0.670137 -0.612454 0.419304 0.713893 0.294452 2 14 0.859700 15 0.140300
  14 23.734003 35.222984 4.659358 -0.863276 -0.379340 0.332951 0.716120 0.335971 2 14 0.501400 15 0.498600
v_hands
  14 23.928904 35.518337 5.004372 -0.549114 -0.013105 0.835645 0.695084 0.336979 2 14 0.518900 15 0.481100
  14 23.469868 36.408272 4.644862 -0.503034 -0.411826 0.759840 0.692883 0.296316 2 14 0.879800 15 0.120200
  14 23.286398 36.198933 4.302420 -0.670137 -0.612454 0.419304 0.713893 0.294452 2 14 0.859700 15 0.140300
v_hands
  15 24.362640 34.822430 5.237803 -0.577464 0.055704 0.814514 0.695114 0.368055 1 15 1.000000
  14 23.734003 35.222984 4.659358 -0.863276 -0.379340 0.332951 0.716120 0.335971 2 14 0.501400 15 0.498600
  15 24.217821 34.621208 4.857683 -0.931265 -0.198323 0.305637 0.715895 0.367814 1 15 1.000000
v_hands
  15 24.362640 34.822430 5.237803 -0.577464 0.055704 0.814514 0.695114 0.368055 1 15 1.000000
  14 23.928904 35.518337 5.004372 -0.549114 -0.013105 0.835645 0.695084 0.336979 2 14 0.518900 15 0.481100
  14 23.734003 35.222984 4.659358 -0.863276 -0.379340 0.332951 0.716120 0.335971 2 14 0.501400 15 0.498600
v_hands
  14 24.760689 35.974022 4.751818 0.668735 0.503774 0.546814 0.760448 0.827223 2 14 0.708600 15 0.291400
  15 25.205978 35.012791 4.624692 0.949258 0.217337 -0.227319 0.744544 0.856886 1 15 1.000000
  14 24.907787 35.940384 4.277604 0.923886 0.293331 -0.245747 0.743607 0.825671 2 14 0.803900 15 0.196100
v_hands
  14 24.760689 35.974022 4.751818 0.668735 0.503774 0.546814 0.760448 0.827223 2 14 0.708600 15 0.291400
  15 25.088291 35.163208 5.069458 0.745663 0.442581 0.498104 0.760906 0.852695 1 15 1.000000
  15 25.205978 35.012791 4.624692 0.949258 0.217337 -0.227319 0.744544 0.856886 1 15 1.000000
v_hands
  14 23.659279 36.108768 3.559609 0.748616 -0.658154 0.080043 0.750292 0.300268 2 14 0.909200 15 0.090800
  18 23.267933 35.750519 3.338650 0.609117 -0.773474 0.175257 0.762434 0.290958 1 18 1.000000
  18 23.603773 35.960167 3.273974 0.748616 -0.658154 0.080043 0.756155 0.299334 1 18 1.000000
v_hands
  14 23.659279 36.108768 3.559609 0.748616 -0.658154 0.080043 0.750292 0.300268 2 14 0.909200 15 0.090800
  14 23.411823 35.939308 3.849102 0.609116 -0.773474 0.175257 0.737539 0.296489 2 14 0.830600 15 0.169400
  18 23.267933 35.750519 3.338650 0.609117 -0.773474 0.175257 0.762434 0.290958 1 18 1.000000
v_hands
  14 24.207798 37.595284 3.781455 0.857120 0.505964 0.096674 0.749953 0.765410 1 14 1.000000
  14 24.305408 37.385376 3.953023 0.909104 0.341125 0.239086 0.753475 0.776204 1 14 1.000000
  14 24.306944 37.446762 3.779455 0.891180 0.437596 0.119614 0.748511 0.771974 1 14 1.000000
v_hands
  14 24.207798 37.595284 3.781455 0.857120 0.505964 0.096674 0.749953 0.765410 1 14 1.000000
  14 24.138754 37.693439 4.037919 0.928373 0.365965 0.064761 0.759661 0.764124 1 14 1.000000
  14 24.305408 37.385376 3.953023 0.909104 0.341125 0.239086 0.753475 0.776204 1 14 1.000000
v_hands
  14 23.819815 36.761539 4.619766 0.747065 -0.602725 0.280386 0.677229 0.306191 1 14 1.000000
  10 23.560467 36.699142 5.180391 0.719656 -0.643277 0.261323 0.661615 0.305191 2 10 0.936606 9 0.063394
  14 23.469868 36.408272 4.644862 0.719655 -0.643278 0.261323 0.692883 0.296316 2 14 0.879800 15 0.120200
v_hands
  14 23.819815 36.761539 4.619766 0.747065 -0.602725 0.280386 0.677229 0.306191 1 14 1.000000
  10 23.839121 36.949177 4.959485 0.747066 -0.602724 0.280385 0.674427 0.306400 1 10 1.000000
  10 23.560467 36.699142 5.180391 0.719656 -0.643277 0.261323 0.661615 0.305191 2 10 0.936606 9 0.063394
v_hands
  14 23.302038 36.472569 4.673214 -0.602633 -0.604832 0.520587 0.693441 0.291112 1 14 1.000000
  14 23.286398 36.198933 4.302420 -0.670137 -0.612454 0.419304 0.713893 0.294452 2 14 0.859700 15 0.140300
  14 23.469868 36.408272 4.644862 -0.503034 -0.411826 0.759840 0.692883 0.296316 2 14 0.879800 15 0.120200
v_hands
  14 23.302038 36.472569 4.673214 -0.602633 -0.604832 0.520587 0.693441 0.291112 1 14 1.000000
  14 23.172380 36.238159 4.265864 -0.628803 -0.665333 0.402414 0.714927 0.289768 1 14 1.000000
  14 23.286398 36.198933 4.302420 -0.670137 -0.612454 0.419304 0.713893 0.294452 2 14 0.859700 15 0.140300
v_hands
  14 23.172380 36.238159 4.265864 -0.628803 -0.665333 0.402414 0.714927 0.289768 1 14 1.000000
  14 23.411823 35.939308 3.849102 -0.635927 -0.771546 0.017696 0.737539 0.296489 2 14 0.830600 15 0.169400
  14 23.286398 36.198933 4.302420 -0.670137 -0.612454 0.419304 0.713893 0.294452 2 14 0.859700 15 0.140300
v_hands
  14 23.172380 36.238159 4.265864 -0.628803 -0.665333 0.402414 0.714927 0.289768 1 14 1.000000
  14 23.248692 35.976376 3.762751 -0.666783 -0.668025 0.330368 0.739474 0.290653 1 14 1.000000
  14 23.411823 35.939308 3.849102 -0.635927 -0.771546 0.017696 0.737539 0.296489 2 14 0.830600 15 0.169400
v_hands
  10 23.351929 36.758396 5.049509 -0.619565 -0.690126 0.373986 0.667696 0.289486 2 10 0.723681 9 0.276319
  14 23.469868 36.408272 4.644862 -0.503034 -0.411826 0.759840 0.692883 0.296316 2 14 0.879800 15 0.120200
  10 23.560467 36.699142 5.180391 -0.598780 -0.800912 0.001476 0.661615 0.305191 2 10 0.936606 9 0.063394
v_hands
  10 23.351929 36.758396 5.049509 -0.619565 -0.690126 0.373986 0.667696 0.289486 2 10 0.723681 9 0.276319
  14 23.302038 36.472569 4.673214 -0.602633 -0.604832 0.520587 0.693441 0.291112 1 14 1.000000
  14 23.469868 36.408272 4.644862 -0.503034 -0.411826 0.759840 0.692883 0.296316 2 14 0.879800 15 0.120200
v_hands
  18 23.830688 36.420948 2.803638 0.958487 0.179930 0.221196 0.693092 0.789146 1 18 1.000000
  14 23.659279 36.108768 3.559609 0.748616 -0.658154 0.080043 0.710348 0.805848 2 14 0.909200 15 0.090800
  18 23.603773 35.960167 3.273974 0.748616 -0.658154 0.080043 0.704557 0.807006 1 18 1.000000
v_hands
  18 23.830688 36.420948 2.803638 0.958487 0.179930 0.221196 0.693092 0.789146 1 18 1.000000
  14 24.036125 36.671673 3.478935 0.735927 -0.194948 -0.648387 0.722863 0.791670 1 14 1.000000
  14 23.659279 36.108768 3.559609 0.748616 -0.658154 0.080043 0.710348 0.805848 2 14 0.909200 15 0.090800
v_hands
  14 24.364481 37.353836 3.660404 0.940581 0.276765 -0.196746 0.743502 0.774585 1 14 1.000000
  14 24.305408 37.385376 3.953023 0.909104 0.341125 0.239086 0.753475 0.776204 1 14 1.000000
  14 24.409391 37.166130 3.731506 0.978687 0.120892 -0.166002 0.743365 0.782636 1 14 1.000000
v_hands
  14 24.364481 37.353836 3.660404 0.940581 0.276765 -0.196746 0.743502 0.774585 1 14 1.000000
  14 24.306944 37.446762 3.779455 0.891180 0.437596 0.119614 0.748511 0.771974 1 14 1.000000
  14 24.305408 37.385376 3.953023 0.909104 0.341125 0.239086 0.753475 0.776204 1 14 1.000000
v_hands
  14 24.151785 37.430828 3.370355 0.770693 0.099328 -0.629417 0.732508 0.765355 1 14 1.000000
  14 24.238571 37.164486 3.461786 0.750313 -0.110997 -0.651698 0.732232 0.776991 1 14 1.000000
  14 23.949186 37.315243 3.190343 0.771606 -0.022175 -0.635714 0.722269 0.764325 1 14 1.000000
v_hands
  14 24.151785 37.430828 3.370355 0.770693 0.099328 -0.629417 0.732508 0.765355 1 14 1.000000
  14 24.299410 37.319874 3.496536 0.802274 0.054434 -0.594469 0.736611 0.772855 1 14 1.000000
  14 24.238571 37.164486 3.461786 0.750313 -0.110997 -0.651698 0.732232 0.776991 1 14 1.000000
v_hands
  14 24.342648 37.041992 4.076807 0.888790 0.330079 0.317962 0.752532 0.790218 1 14 1.000000
  14 24.658232 36.458176 4.013262 0.921342 0.262755 -0.286512 0.742723 0.810721 1 14 1.000000
  14 24.480310 36.865795 3.837702 0.963215 0.146776 -0.225109 0.742876 0.795412 1 14 1.000000
v_hands
  14 24.342648 37.041992 4.076807 0.888790 0.330079 0.317962 0.752532 0.790218 1 14 1.000000
  14 24.187305 37.120903 4.381299 0.900063 0.234264 0.367433 0.762637 0.789028 1 14 1.000000
  14 24.658232 36.458176 4.013262 0.921342 0.262755 -0.286512 0.742723 0.810721 1 14 1.000000
v_hands
  14 24.480310 36.865795 3.837702 0.963215 0.146776 -0.225109 0.742876 0.795412 1 14 1.000000
  14 24.036125 36.671673 3.478935 0.735927 -0.194948 -0.648387 0.722863 0.791670 1 14 1.000000
  14 24.334312 36.839184 3.642000 0.698501 -0.153803 -0.698885 0.734149 0.791890 1 14 1.000000
v_hands
  14 24.480310 36.865795 3.837702 0.963215 0.146776 -0.225109 0.742876 0.795412 1 14 1.000000
  14 24.658232 36.458176 4.013262 0.921342 0.262755 -0.286512 0.742723 0.810721 1 14 1.000000
  14 24.036125 36.671673 3.478935 0.735927 -0.194948 -0.648387 0.722863 0.791670 1 14 1.000000
v_hands
  14 24.187305 37.120903 4.381299 0.900063 0.234264 0.367433 0.762637 0.789028 1 14 1.000000
  10 23.839121 36.949177 4.959485 0.747066 -0.602724 0.280385 0.774572 0.817382 1 10 1.000000
  14 23.819815 36.761539 4.619766 0.747065 -0.602725 0.280386 0.770753 0.813484 1 14 1.000000
v_hands
  14 24.187305 37.120903 4.381299 0.900063 0.234264 0.367433 0.762637 0.789028 1 14 1.000000
  10 24.270634 37.511639 4.861569 0.921597 -0.082798 -0.379213 0.786478 0.782352 1 10 1.000000
  10 23.839121 36.949177 4.959485 0.747066 -0.602724 0.280385 0.774572 0.817382 1 10 1.000000
v_hands
  14 24.036125 36.671673 3.478935 0.735927 -0.194948 -0.648387 0.722863 0.791670 1 14 1.000000
  14 24.238571 37.164486 3.461786 0.750313 -0.110997 -0.651698 0.732232 0.776991 1 14 1.000000
  14 24.334312 36.839184 3.642000 0.698501 -0.153803 -0.698885 0.734149 0.791890 1 14 1.000000
v_hands
  14 24.036125 36.671673 3.478935 0.735927 -0.194948 -0.648387 0.722863 0.791670 1 14 1.000000
  14 23.949186 37.315243 3.190343 0.771606 -0.022175 -0.635714 0.722269 0.764325 1 14 1.000000
  14 24.238571 37.164486 3.461786 0.750313 -0.110997 -0.651698 0.732232 0.776991 1 14 1.000000
v_hands
  14 24.274675 37.540703 3.583783 0.894506 0.393690 -0.211818 0.742959 0.765859 1 14 1.000000
  14 24.299410 37.319874 3.496536 0.802274 0.054434 -0.594469 0.736611 0.772855 1 14 1.000000
  14 24.151785 37.430828 3.370355 0.770693 0.099328 -0.629417 0.732508 0.765355 1 14 1.000000
v_hands
  14 24.274675 37.540703 3.583783 0.894506 0.393690 -0.211818 0.742959 0.765859 1 14 1.000000
  14 24.364481 37.353836 3.660404 0.940581 0.276765 -0.196746 0.743502 0.774585 1 14 1.000000
  14 24.299410 37.319874 3.496536 0.802274 0.054434 -0.594469 0.736611 0.772855 1 14 1.000000
v_hands
  14 24.334312 36.839184 3.642000 0.698501 -0.153803 -0.698885 0.734149 0.791890 1 14 1.000000
  14 24.409391 37.166130 3.731506 0.978687 0.120892 -0.166002 0.743365 0.782636 1 14 1.000000
  14 24.480310 36.865795 3.837702 0.963215 0.146776 -0.225109 0.742876 0.795412 1 14 1.000000
v_hands
  14 24.334312 36.839184 3.642000 0.698501 -0.153803 -0.698885 0.734149 0.791890 1 14 1.000000
  14 24.238571 37.164486 3.461786 0.750313 -0.110997 -0.651698 0.732232 0.776991 1 14 1.000000
  14 24.409391 37.166130 3.731506 0.978687 0.120892 -0.166002 0.743365 0.782636 1 14 1.000000
v_hands
  14 24.274675 37.540703 3.583783 0.894506 0.393690 -0.211818 0.742959 0.765859 1 14 1.000000
  14 24.306944 37.446762 3.779455 0.891180 0.437596 0.119614 0.748511 0.771974 1 14 1.000000
  14 24.364481 37.353836 3.660404 0.940581 0.276765 -0.196746 0.743502 0.774585 1 14 1.000000
v_hands
  14 24.274675 37.540703 3.583783 0.894506 0.393690 -0.211818 0.742959 0.765859 1 14 1.000000
  14 24.207798 37.595284 3.781455 0.857120 0.505964 0.096674 0.749953 0.765410 1 14 1.000000
  14 24.306944 37.446762 3.779455 0.891180 0.437596 0.119614 0.748511 0.771974 1 14 1.000000
v_hands
  18 23.141138 35.822521 3.386322 -0.657530 -0.632499 0.409390 0.758393 0.284630 1 18 1.000000
  14 22.820353 36.712753 3.425302 -0.898575 -0.381514 0.216819 0.739997 0.252532 1 14 1.000000
  18 22.794899 36.673134 3.307492 -0.865423 -0.305611 0.397046 0.745063 0.251130 1 18 1.000000
v_hands
  18 23.141138 35.822521 3.386322 -0.657530 -0.632499 0.409390 0.758393 0.284630 1 18 1.000000
  14 23.248692 35.976376 3.762751 -0.666783 -0.668025 0.330368 0.739474 0.290653 1 14 1.000000
  14 22.820353 36.712753 3.425302 -0.898575 -0.381514 0.216819 0.739997 0.252532 1 14 1.000000
v_hands
  14 22.963770 37.057888 4.567416 -0.867831 -0.375122 0.325810 0.687839 0.261698 1 14 1.000000
  10 23.351929 36.758396 5.049509 -0.619565 -0.690126 0.373986 0.667696 0.289486 2 10 0.723681 9 0.276319
  9 22.985043 37.116817 4.698323 -0.843531 -0.503730 0.186309 0.680653 0.263080 2 9 0.604022 10 0.395978
v_hands
  14 22.963770 37.057888 4.567416 -0.867831 -0.375122 0.325810 0.687839 0.261698 1 14 1.000000
  14 23.302038 36.472569 4.673214 -0.602633 -0.604832 0.520587 0.693441 0.291112 1 14 1.000000
  10 23.351929 36.758396 5.049509 -0.619565 -0.690126 0.373986 0.667696 0.289486 2 10 0.723681 9 0.276319
v_hands
  14 22.828304 36.743805 4.100974 -0.899715 -0.358313 0.249247 0.713073 0.261659 1 14 1.000000
  14 23.302038 36.472569 4.673214 -0.602633 -0.604832 0.520587 0.693441 0.291112 1 14 1.000000
  14 22.963770 37.057888 4.567416 -0.867831 -0.375122 0.325810 0.687839 0.261698 1 14 1.000000
v_hands
  14 22.828304 36.743805 4.100974 -0.899715 -0.358313 0.249247 0.713073 0.261659 1 14 1.000000
  14 23.172380 36.238159 4.265864 -0.628803 -0.665333 0.402414 0.714927 0.289768 1 14 1.000000
  14 23.302038 36.472569 4.673214 -0.602633 -0.604832 0.520587 0.693441 0.291112 1 14 1.000000
v_hands
  14 22.828304 36.743805 4.100974 -0.899715 -0.358313 0.249247 0.713073 0.261659 1 14 1.000000
  14 23.248692 35.976376 3.762751 -0.666783 -0.668025 0.330368 0.739474 0.290653 1 14 1.000000
  14 23.172380 36.238159 4.265864 -0.628803 -0.665333 0.402414 0.714927 0.289768 1 14 1.000000
v_hands
  14 22.828304 36.743805 4.100974 -0.899715 -0.358313 0.249247 0.713073 0.261659 1 14 1.000000
  14 22.820353 36.712753 3.425302 -0.898575 -0.381514 0.216819 0.739997 0.252532 1 14 1.000000
  14 23.248692 35.976376 3.762751 -0.666783 -0.668025 0.330368 0.739474 0.290653 1 14 1.000000
v_hands
  18 23.267933 35.750519 3.338650 -0.512853 -0.531332 0.674291 0.762434 0.290958 1 18 1.000000
  14 23.248692 35.976376 3.762751 -0.666783 -0.668025 0.330368 0.739474 0.290653 1 14 1.000000
  18 23.141138 35.822521 3.386322 -0.657530 -0.632499 0.409390 0.758393 0.284630 1 18 1.000000
v_hands
  18 23.267933 35.750519 3.338650 -0.512853 -0.531332 0.674291 0.762434 0.290958 1 18 1.000000
  14 23.411823 35.939308 3.849102 -0.635927 -0.771546 0.017696 0.737539 0.296489 2 14 0.830600 15 0.169400
  14 23.248692 35.976376 3.762751 -0.666783 -0.668025 0.330368 0.739474 0.290653 1 14 1.000000
v_hands
  24 22.688663 32.384003 1.396824 -0.863663 -0.503876 -0.013982 0.966677 0.370437 1 24 1.000000
  24 22.816166 32.781059 0.963165 -0.518112 -0.256518 -0.815940 0.975331 0.338963 1 24 1.000000
  24 22.853502 32.189392 1.169101 -0.445575 -0.731796 -0.515691 0.987049 0.377405 1 24 1.000000
v_hands
  24 22.688663 32.384003 1.396824 -0.863663 -0.503876 -0.013982 0.966677 0.370437 1 24 1.000000
  24 22.581047 32.733833 1.328122 -0.978434 -0.175397 -0.109098 0.957790 0.350379 1 24 1.000000
  24 22.816166 32.781059 0.963165 -0.518112 -0.256518 -0.815940 0.975331 0.338963 1 24 1.000000
v_hands
  23 22.636276 33.562935 1.153722 -0.990692 -0.032857 -0.132095 0.935918 0.307862 1 23 1.000000
  24 22.821276 33.245476 0.848491 -0.525498 -0.139112 -0.839345 0.963570 0.317687 1 24 1.000000
  24 22.586832 33.281601 1.214702 -0.987063 0.023719 -0.158566 0.944524 0.320424 1 24 1.000000
v_hands
  23 22.636276 33.562935 1.153722 -0.990692 -0.032857 -0.132095 0.935918 0.307862 1 23 1.000000
  23 22.783255 33.586994 0.831785 -0.559172 -0.123068 -0.819866 0.954799 0.302696 1 23 1.000000
  24 22.821276 33.245476 0.848491 -0.525498 -0.139112 -0.839345 0.963570 0.317687 1 24 1.000000
v_hands
  23 22.999817 33.643738 1.765681 0.383275 0.072004 0.920823 0.907564 0.335391 1 23 1.000000
  24 23.323549 33.395039 1.654974 0.714434 0.131170 0.687298 0.901536 0.359013 1 24 1.000000
  23 23.364557 33.704407 1.602717 0.713075 0.049083 0.699368 0.889766 0.344913 1 23 1.000000
v_hands
  23 22.999817 33.643738 1.765681 0.383275 0.072004 0.920823 0.907564 0.335391 1 23 1.000000
  24 22.968605 33.374317 1.825335 0.403561 0.169092 0.899192 0.913584 0.348487 1 24 1.000000
  24 23.323549 33.395039 1.654974 0.714434 0.131170 0.687298 0.901536 0.359013 1 24 1.000000
v_hands
  24 23.385754 32.923603 1.745521 0.711409 0.066394 0.699635 0.911462 0.389411 1 24 1.000000
  24 23.005085 32.413528 1.846107 -0.072777 -0.415074 0.906872 0.942964 0.392972 1 24 1.000000
  24 23.368156 32.287201 1.723083 0.533682 -0.556942 0.636395 0.949083 0.404989 1 24 1.000000
v_hands
  24 23.385754 32.923603 1.745521 0.711409 0.066394 0.699635 0.911462 0.389411 1 24 1.000000
  24 22.988520 32.846096 1.937178 -0.122112 0.002176 0.992514 0.927132 0.381492 1 24 1.000000
  24 23.005085 32.413528 1.846107 -0.072777 -0.415074 0.906872 0.942964 0.392972 1 24 1.000000
v_hands
  24 23.005085 32.413528 1.846107 -0.072777 -0.415074 0.906872 0.942964 0.392972 1 24 1.000000
  24 23.060835 32.127766 1.523614 -0.009093 -0.988744 0.149339 0.973948 0.396206 1 24 1.000000
  24 23.368156 32.287201 1.723083 0.533682 -0.556942 0.636395 0.949083 0.404989 1 24 1.000000
v_hands
  24 23.005085 32.413528 1.846107 -0.072777 -0.415074 0.906872 0.942964 0.392972 1 24 1.000000
  24 22.867508 32.237038 1.665549 -0.588411 -0.593861 0.548726 0.959085 0.390614 1 24 1.000000
  24 23.060835 32.127766 1.523614 -0.009093 -0.988744 0.149339 0.973948 0.396206 1 24 1.000000
v_hands
  24 22.586832 33.281601 1.214702 -0.987063 0.023719 -0.158566 0.944524 0.320424 1 24 1.000000
  23 22.702274 33.592167 1.477665 -0.855387 0.114112 0.505264 0.920495 0.319013 1 23 1.000000
  23 22.636276 33.562935 1.153722 -0.990692 -0.032857 -0.132095 0.935918 0.307862 1 23 1.000000
v_hands
  24 22.586832 33.281601 1.214702 -0.987063 0.023719 -0.158566 0.944524 0.320424 1 24 1.000000
  24 22.670326 33.398048 1.582713 -0.843097 0.188026 0.503818 0.921994 0.329658 1 24 1.000000
  23 22.702274 33.592167 1.477665 -0.855387 0.114112 0.505264 0.920495 0.319013 1 23 1.000000
v_hands
  24 23.025284 32.253933 1.097708 0.257484 -0.601725 -0.756061 0.539366 0.908414 1 24 1.000000
  24 23.357279 32.835720 1.164329 0.768830 -0.201960 -0.606723 0.561350 0.892237 1 24 1.000000
  24 23.213068 32.195313 1.327780 0.576745 -0.689143 -0.438689 0.547880 0.921944 1 24 1.000000
v_hands
  24 23.025284 32.253933 1.097708 0.257484 -0.601725 -0.756061 0.539366 0.908414 1 24 1.000000
  24 23.074814 32.781048 0.949386 0.316462 -0.286009 -0.904461 0.546937 0.887292 1 24 1.000000
  24 23.357279 32.835720 1.164329 0.768830 -0.201960 -0.606723 0.561350 0.892237 1 24 1.000000
v_hands
  24 23.368156 32.287201 1.723083 0.533682 -0.556942 0.636395 0.567113 0.926582 1 24 1.000000
  24 23.213068 32.195313 1.327780 0.576745 -0.689143 -0.438689 0.547880 0.921944 1 24 1.000000
  24 23.467798 32.311737 1.523450 0.688094 -0.658469 -0.304869 0.562253 0.920472 1 24 1.000000
v_hands
  24 23.368156 32.287201 1.723083 0.533682 -0.556942 0.636395 0.567113 0.926582 1 24 1.000000
  24 23.060835 32.127766 1.523614 -0.009093 -0.988744 0.149339 0.545403 0.928439 1 24 1.000000
  24 23.213068 32.195313 1.327780 0.576745 -0.689143 -0.438689 0.547880 0.921944 1 24 1.000000
v_hands
  24 22.816166 32.781059 0.963165 -0.518112 -0.256518 -0.815940 0.535907 0.884202 1 24 1.000000
  24 23.025284 32.253933 1.097708 0.257484 -0.601725 -0.756061 0.539366 0.908414 1 24 1.000000
  24 22.853502 32.189392 1.169101 -0.445575 -0.731796 -0.515691 0.531655 0.911459 1 24 1.000000
v_hands
  24 22.816166 32.781059 0.963165 -0.518112 -0.256518 -0.815940 0.535907 0.884202 1 24 1.000000
  24 23.074814 32.781048 0.949386 0.316462 -0.286009 -0.904461 0.546937 0.887292 1 24 1.000000
  24 23.025284 32.253933 1.097708 0.257484 -0.601725 -0.756061 0.539366 0.908414 1 24 1.000000
v_hands
  24 23.368156 32.287201 1.723083 0.533682 -0.556942 0.636395 0.567113 0.926582 1 24 1.000000
  24 23.494598 32.819717 1.457996 0.996181 -0.047954 -0.072965 0.572135 0.900494 1 24 1.000000
  24 23.385754 32.923603 1.745521 0.711409 0.066394 0.699635 0.585517 0.904873 1 24 1.000000
v_hands
  24 23.368156 32.287201 1.723083 0.533682 -0.556942 0.636395 0.567113 0.926582 1 24 1.000000
  24 23.467798 32.311737 1.523450 0.917924 -0.020718 0.396215 0.562253 0.920472 1 24 1.000000
  24 23.494598 32.819717 1.457996 0.996181 -0.047954 -0.072965 0.572135 0.900494 1 24 1.000000
v_hands
  24 23.005085 32.413528 1.846107 -0.072777 -0.415074 0.906872 0.942964 0.392972 1 24 1.000000
  24 22.724819 32.720886 1.739174 -0.807486 -0.094170 0.582321 0.938408 0.370902 1 24 1.000000
  24 22.867508 32.237038 1.665549 -0.588411 -0.593861 0.548726 0.959085 0.390614 1 24 1.000000
v_hands
  24 23.005085 32.413528 1.846107 -0.072777 -0.415074 0.906872 0.942964 0.392972 1 24 1.000000
  24 22.988520 32.846096 1.937178 -0.122112 0.002176 0.992514 0.927132 0.381492 1 24 1.000000
  24 22.724819 32.720886 1.739174 -0.807486 -0.094170 0.582321 0.938408 0.370902 1 24 1.000000
v_hands
  23 23.473351 33.575752 1.300439 0.998832 -0.031344 -0.036782 0.586202 0.868000 1 23 1.000000
  24 23.323549 33.395039 1.654974 0.714434 0.131170 0.687298 0.596429 0.884993 1 24 1.000000
  24 23.477869 33.355518 1.332895 0.999291 0.007541 -0.036894 0.581452 0.877600 1 24 1.000000
v_hands
  23 23.473351 33.575752 1.300439 0.998832 -0.031344 -0.036782 0.586202 0.868000 1 23 1.000000
  23 23.364557 33.704407 1.602717 0.713075 0.049083 0.699368 0.602444 0.870060 1 23 1.000000
  24 23.323549 33.395039 1.654974 0.714434 0.131170 0.687298 0.596429 0.884993 1 24 1.000000
v_hands
  24 22.821276 33.245476 0.848491 -0.525498 -0.139112 -0.839345 0.543076 0.863854 1 24 1.000000
  23 23.132349 33.498478 0.795057 0.348235 -0.112397 -0.930644 0.560940 0.857917 1 23 1.000000
  24 23.144173 33.215965 0.832279 0.364727 -0.173420 -0.914822 0.556421 0.869690 1 24 1.000000
v_hands
  24 22.821276 33.245476 0.848491 -0.525498 -0.139112 -0.839345 0.543076 0.863854 1 24 1.000000
  23 22.783255 33.586994 0.831785 -0.559172 -0.123068 -0.819866 0.547484 0.848505 1 23 1.000000
  23 23.132349 33.498478 0.795057 0.348235 -0.112397 -0.930644 0.560940 0.857917 1 23 1.000000
v_hands
  24 23.477869 33.355518 1.332895 0.999291 0.007541 -0.036894 0.581452 0.877600 1 24 1.000000
  24 23.328007 33.510735 1.015247 0.827021 -0.086093 -0.555540 0.572196 0.863354 1 24 1.000000
  23 23.473351 33.575752 1.300439 0.998832 -0.031344 -0.036782 0.586202 0.868000 1 23 1.000000
v_hands
  24 23.477869 33.355518 1.332895 0.999291 0.007541 -0.036894 0.581452 0.877600 1 24 1.000000
  24 23.340302 33.284935 1.070607 0.823206 -0.102584 -0.558398 0.568517 0.873361 1 24 1.000000
  24 23.328007 33.510735 1.015247 0.827021 -0.086093 -0.555540 0.572196 0.863354 1 24 1.000000
v_hands
  24 23.144173 33.215965 0.832279 0.364727 -0.173420 -0.914822 0.556421 0.869690 1 24 1.000000
  24 23.357279 32.835720 1.164329 0.768830 -0.201960 -0.606723 0.561350 0.892237 1 24 1.000000
  24 23.074814 32.781048 0.949386 0.316462 -0.286009 -0.904461 0.546937 0.887292 1 24 1.000000
v_hands
  24 23.144173 33.215965 0.832279 0.364727 -0.173420 -0.914822 0.556421 0.869690 1 24 1.000000
  24 23.340302 33.284935 1.070607 0.823206 -0.102584 -0.558398 0.568517 0.873361 1 24 1.000000
  24 23.357279 32.835720 1.164329 0.768830 -0.201960 -0.606723 0.561350 0.892237 1 24 1.000000
v_hands
  24 22.581047 32.733833 1.328122 -0.978434 -0.175397 -0.109098 0.957790 0.350379 1 24 1.000000
  24 22.670326 33.398048 1.582713 -0.843097 0.188026 0.503818 0.921994 0.329658 1 24 1.000000
  24 22.586832 33.281601 1.214702 -0.987063 0.023719 -0.158566 0.944524 0.320424 1 24 1.000000
v_hands
  24 22.581047 32.733833 1.328122 -0.978434 -0.175397 -0.109098 0.957790 0.350379 1 24 1.000000
  24 22.724819 32.720886 1.739174 -0.807486 -0.094170 0.582321 0.938408 0.370902 1 24 1.000000
  24 22.670326 33.398048 1.582713 -0.843097 0.188026 0.503818 0.921994 0.329658 1 24 1.000000
v_hands
  24 22.688663 32.384003 1.396824 -0.863663 -0.503876 -0.013982 0.966677 0.370437 1 24 1.000000
  24 23.060835 32.127766 1.523614 -0.009093 -0.988744 0.149339 0.973948 0.396206 1 24 1.000000
  24 22.867508 32.237038 1.665549 -0.588411 -0.593861 0.548726 0.959085 0.390614 1 24 1.000000
v_hands
  24 22.688663 32.384003 1.396824 -0.863663 -0.503876 -0.013982 0.966677 0.370437 1 24 1.000000
  24 22.853502 32.189392 1.169101 -0.445575 -0.731796 -0.515691 0.987049 0.377405 1 24 1.000000
  24 23.060835 32.127766 1.523614 -0.009093 -0.988744 0.149339 0.973948 0.396206 1 24 1.000000
v_hands
  23 22.999817 33.643738 1.765681 -0.660603 0.163381 0.732742 0.907564 0.335391 1 23 1.000000
  24 22.670326 33.398048 1.582713 -0.843097 0.188026 0.503818 0.921994 0.329658 1 24 1.000000
  24 22.968605 33.374317 1.825335 -0.634571 0.234492 0.736432 0.913584 0.348487 1 24 1.000000
v_hands
  23 22.999817 33.643738 1.765681 -0.660603 0.163381 0.732742 0.907564 0.335391 1 23 1.000000
  23 22.702274 33.592167 1.477665 -0.855387 0.114112 0.505264 0.920495 0.319013 1 23 1.000000
  24 22.670326 33.398048 1.582713 -0.843097 0.188026 0.503818 0.921994 0.329658 1 24 1.000000
v_hands
  24 23.467798 32.311737 1.523450 0.688094 -0.658469 -0.304869 0.562253 0.920472 1 24 1.000000
  24 23.357279 32.835720 1.164329 0.768830 -0.201960 -0.606723 0.561350 0.892237 1 24 1.000000
  24 23.494598 32.819717 1.457996 0.996181 -0.047954 -0.072965 0.572135 0.900494 1 24 1.000000
v_hands
  24 23.467798 32.311737 1.523450 0.688094 -0.658469 -0.304869 0.562253 0.920472 1 24 1.000000
  24 23.213068 32.195313 1.327780 0.576745 -0.689143 -0.438689 0.547880 0.921944 1 24 1.000000
  24 23.357279 32.835720 1.164329 0.768830 -0.201960 -0.606723 0.561350 0.892237 1 24 1.000000
v_hands
  24 22.853502 32.189392 1.169101 -0.445575 -0.731796 -0.515691 0.531655 0.911459 1 24 1.000000
  24 23.213068 32.195313 1.327780 0.576745 -0.689143 -0.438689 0.547880 0.921944 1 24 1.000000
  24 23.060835 32.127766 1.523614 -0.009093 -0.988744 0.149339 0.545403 0.928439 1 24 1.000000
v_hands
  24 22.853502 32.189392 1.169101 -0.445575 -0.731796 -0.515691 0.531655 0.911459 1 24 1.000000
  24 23.025284 32.253933 1.097708 0.257484 -0.601725 -0.756061 0.539366 0.908414 1 24 1.000000
  24 23.213068 32.195313 1.327780 0.576745 -0.689143 -0.438689 0.547880 0.921944 1 24 1.000000
v_hands
  24 23.074814 32.781048 0.949386 0.316462 -0.286009 -0.904461 0.546937 0.887292 1 24 1.000000
  24 22.821276 33.245476 0.848491 -0.525498 -0.139112 -0.839345 0.543076 0.863854 1 24 1.000000
  24 23.144173 33.215965 0.832279 0.364727 -0.173420 -0.914822 0.556421 0.869690 1 24 1.000000
v_hands
  24 23.074814 32.781048 0.949386 0.316462 -0.286009 -0.904461 0.546937 0.887292 1 24 1.000000
  24 22.816166 32.781059 0.963165 -0.518112 -0.256518 -0.815940 0.535907 0.884202 1 24 1.000000
  24 22.821276 33.245476 0.848491 -0.525498 -0.139112 -0.839345 0.543076 0.863854 1 24 1.000000
v_hands
  23 23.124895 33.916695 0.740647 0.246389 -0.164988 -0.955024 0.566890 0.840848 1 23 1.000000
  24 23.328007 33.510735 1.015247 0.827021 -0.086093 -0.555540 0.572196 0.863354 1 24 1.000000
  23 23.132349 33.498478 0.795057 0.348235 -0.112397 -0.930644 0.560940 0.857917 1 23 1.000000
v_hands
  23 23.124895 33.916695 0.740647 0.246389 -0.164988 -0.955024 0.566890 0.840848 1 23 1.000000
  23 23.352217 34.007637 0.942289 0.808162 -0.159280 -0.567013 0.580757 0.842891 1 23 1.000000
  24 23.328007 33.510735 1.015247 0.827021 -0.086093 -0.555540 0.572196 0.863354 1 24 1.000000
v_hands
  24 22.688663 32.384003 1.396824 -0.863663 -0.503876 -0.013982 0.966677 0.370437 1 24 1.000000
  24 22.724819 32.720886 1.739174 -0.807486 -0.094170 0.582321 0.938408 0.370902 1 24 1.000000
  24 22.581047 32.733833 1.328122 -0.978434 -0.175397 -0.109098 0.957790 0.350379 1 24 1.000000
v_hands
  24 22.688663 32.384003 1.396824 -0.863663 -0.503876 -0.013982 0.966677 0.370437 1 24 1.000000
  24 22.867508 32.237038 1.665549 -0.588411 -0.593861 0.548726 0.959085 0.390614 1 24 1.000000
  24 22.724819 32.720886 1.739174 -0.807486 -0.094170 0.582321 0.938408 0.370902 1 24 1.000000
v_hands
  24 22.816166 32.781059 0.963165 -0.518112 -0.256518 -0.815940 0.975331 0.338963 1 24 1.000000
  24 22.586832 33.281601 1.214702 -0.987063 0.023719 -0.158566 0.944524 0.320424 1 24 1.000000
  24 22.821276 33.245476 0.848491 -0.525498 -0.139112 -0.839345 0.963570 0.317687 1 24 1.000000
v_hands
  24 22.816166 32.781059 0.963165 -0.518112 -0.256518 -0.815940 0.975331 0.338963 1 24 1.000000
  24 22.581047 32.733833 1.328122 -0.978434 -0.175397 -0.109098 0.957790 0.350379 1 24 1.000000
  24 22.586832 33.281601 1.214702 -0.987063 0.023719 -0.158566 0.944524 0.320424 1 24 1.000000
v_hands
  24 22.968605 33.374317 1.825335 -0.634571 0.234492 0.736432 0.913584 0.348487 1 24 1.000000
  24 22.724819 32.720886 1.739174 -0.807486 -0.094170 0.582321 0.938408 0.370902 1 24 1.000000
  24 22.988520 32.846096 1.937178 -0.122112 0.002176 0.992514 0.927132 0.381492 1 24 1.000000
v_hands
  24 22.968605 33.374317 1.825335 -0.634571 0.234492 0.736432 0.913584 0.348487 1 24 1.000000
  24 22.670326 33.398048 1.582713 -0.843097 0.188026 0.503818 0.921994 0.329658 1 24 1.000000
  24 22.724819 32.720886 1.739174 -0.807486 -0.094170 0.582321 0.938408 0.370902 1 24 1.000000
v_hands
  24 23.144173 33.215965 0.832279 0.364727 -0.173420 -0.914822 0.556421 0.869690 1 24 1.000000
  24 23.328007 33.510735 1.015247 0.827021 -0.086093 -0.555540 0.572196 0.863354 1 24 1.000000
  24 23.340302 33.284935 1.070607 0.823206 -0.102584 -0.558398 0.568517 0.873361 1 24 1.000000
v_hands
  24 23.144173 33.215965 0.832279 0.364727 -0.173420 -0.914822 0.556421 0.869690 1 24 1.000000
  23 23.132349 33.498478 0.795057 0.348235 -0.112397 -0.930644 0.560940 0.857917 1 23 1.000000
  24 23.328007 33.510735 1.015247 0.827021 -0.086093 -0.555540 0.572196 0.863354 1 24 1.000000
v_hands
  24 22.968605 33.374317 1.825335 0.403561 0.169092 0.899192 0.913584 0.348487 1 24 1.000000
  24 23.385754 32.923603 1.745521 0.711409 0.066394 0.699635 0.911462 0.389411 1 24 1.000000
  24 23.323549 33.395039 1.654974 0.714434 0.131170 0.687298 0.901536 0.359013 1 24 1.000000
v_hands
  24 22.968605 33.374317 1.825335 0.403561 0.169092 0.899192 0.913584 0.348487 1 24 1.000000
  24 22.988520 32.846096 1.937178 -0.122112 0.002176 0.992514 0.927132 0.381492 1 24 1.000000
  24 23.385754 32.923603 1.745521 0.711409 0.066394 0.699635 0.911462 0.389411 1 24 1.000000
v_hands
  24 23.385754 32.923603 1.745521 0.711409 0.066394 0.699635 0.585517 0.904873 1 24 1.000000
  24 23.477869 33.355518 1.332895 0.999291 0.007541 -0.036894 0.581452 0.877600 1 24 1.000000
  24 23.323549 33.395039 1.654974 0.714434 0.131170 0.687298 0.596429 0.884993 1 24 1.000000
v_hands
  24 23.385754 32.923603 1.745521 0.711409 0.066394 0.699635 0.585517 0.904873 1 24 1.000000
  24 23.494598 32.819717 1.457996 0.996181 -0.047954 -0.072965 0.572135 0.900494 1 24 1.000000
  24 23.477869 33.355518 1.332895 0.999291 0.007541 -0.036894 0.581452 0.877600 1 24 1.000000
v_hands
  24 23.357279 32.835720 1.164329 0.768830 -0.201960 -0.606723 0.561350 0.892237 1 24 1.000000
  24 23.477869 33.355518 1.332895 0.999291 0.007541 -0.036894 0.581452 0.877600 1 24 1.000000
  24 23.494598 32.819717 1.457996 0.996181 -0.047954 -0.072965 0.572135 0.900494 1 24 1.000000
v_hands
  24 23.357279 32.835720 1.164329 0.768830 -0.201960 -0.606723 0.561350 0.892237 1 24 1.000000
  24 23.340302 33.284935 1.070607 0.823206 -0.102584 -0.558398 0.568517 0.873361 1 24 1.000000
  24 23.477869 33.355518 1.332895 0.999291 0.007541 -0.036894 0.581452 0.877600 1 24 1.000000
v_hands
  20 23.963182 32.762028 3.173154 -0.895082 -0.227788 -0.383327 0.840093 0.401792 1 20 1.000000
  19 24.045897 33.342693 2.768073 -0.270940 -0.370363 -0.888495 0.844206 0.377282 1 19 1.000000
  20 24.170538 32.753777 2.966874 -0.293842 -0.337570 -0.894261 0.851612 0.400213 1 20 1.000000
v_hands
  20 23.963182 32.762028 3.173154 -0.895082 -0.227788 -0.383327 0.840093 0.401792 1 20 1.000000
  19 23.749302 33.364788 2.980986 -0.847115 -0.393320 -0.357346 0.832787 0.375919 1 19 1.000000
  19 24.045897 33.342693 2.768073 -0.270940 -0.370363 -0.888495 0.844206 0.377282 1 19 1.000000
v_hands
  20 24.359838 31.547026 3.655301 -0.745475 -0.665078 -0.044026 0.849259 0.462411 1 20 1.000000
  20 24.353376 31.915106 3.265836 -0.266573 -0.460670 -0.846594 0.860388 0.439971 1 20 1.000000
  20 24.589680 31.353474 3.515795 -0.174723 -0.853856 -0.490307 0.862284 0.472151 1 20 1.000000
v_hands
  20 24.359838 31.547026 3.655301 -0.745475 -0.665078 -0.044026 0.849259 0.462411 1 20 1.000000
  20 24.099632 32.009163 3.413396 -0.844582 -0.475576 -0.245983 0.849056 0.436727 1 20 1.000000
  20 24.353376 31.915106 3.265836 -0.266573 -0.460670 -0.846594 0.860388 0.439971 1 20 1.000000
v_hands
  20 24.196970 33.039036 3.965288 -0.538456 0.168369 0.825662 0.803733 0.411591 1 20 1.000000
  20 24.594740 32.880886 4.055357 0.241563 0.279574 0.929239 0.793222 0.428132 1 20 1.000000
  20 24.580992 33.153713 3.963218 0.263933 0.289130 0.920187 0.787740 0.415069 1 20 1.000000
v_hands
  20 24.196970 33.039036 3.965288 -0.538456 0.168369 0.825662 0.803733 0.411591 1 20 1.000000
  20 24.171982 32.792015 4.015481 -0.553486 0.188948 0.811142 0.808890 0.421567 1 20 1.000000
  20 24.594740 32.880886 4.055357 0.241563 0.279574 0.929239 0.793222 0.428132 1 20 1.000000
v_hands
  19 24.432955 33.757492 3.827654 0.299817 0.277398 0.912776 0.778097 0.391744 1 19 1.000000
  20 24.196970 33.039036 3.965288 -0.538456 0.168369 0.825662 0.803733 0.411591 1 20 1.000000
  20 24.580992 33.153713 3.963218 0.263933 0.289130 0.920187 0.787740 0.415069 1 20 1.000000
v_hands
  19 24.432955 33.757492 3.827654 0.299817 0.277398 0.912776 0.778097 0.391744 1 19 1.000000
  19 23.995735 33.644089 3.817907 -0.491064 0.034605 0.870436 0.794628 0.386411 1 19 1.000000
  20 24.196970 33.039036 3.965288 -0.538456 0.168369 0.825662 0.803733 0.411591 1 20 1.000000
v_hands
  20 24.445927 31.551481 3.970710 -0.690812 -0.606505 0.393613 0.838983 0.471622 1 20 1.000000
  20 24.818792 31.656193 4.284713 0.257091 -0.313052 0.914277 0.820704 0.489997 1 20 1.000000
  20 24.462568 31.758884 4.254355 -0.489662 -0.334819 0.805063 0.824388 0.473363 1 20 1.000000
v_hands
  20 24.445927 31.551481 3.970710 -0.690812 -0.606505 0.393613 0.838983 0.471622 1 20 1.000000
  20 24.785614 31.347868 3.920437 -0.421780 -0.805987 0.415315 0.847034 0.489868 1 20 1.000000
  20 24.818792 31.656193 4.284713 0.257091 -0.313052 0.914277 0.820704 0.489997 1 20 1.000000
v_hands
  20 23.963182 32.762028 3.173154 -0.895082 -0.227788 -0.383327 0.840093 0.401792 1 20 1.000000
  20 24.208942 32.496944 3.049121 -0.273831 -0.348392 -0.896459 0.855281 0.412029 1 20 1.000000
  20 23.921268 32.455402 3.281252 -0.899448 -0.224798 -0.374779 0.843676 0.414888 1 20 1.000000
v_hands
  20 23.963182 32.762028 3.173154 -0.895082 -0.227788 -0.383327 0.840093 0.401792 1 20 1.000000
  20 24.170538 32.753777 2.966874 -0.293842 -0.337570 -0.894261 0.851612 0.400213 1 20 1.000000
  20 24.208942 32.496944 3.049121 -0.273831 -0.348392 -0.896459 0.855281 0.412029 1 20 1.000000
v_hands
  20 23.989664 32.836906 3.562316 -0.962757 -0.013046 0.270051 0.823744 0.407912 1 20 1.000000
  20 24.171982 32.792015 4.015481 -0.553486 0.188948 0.811142 0.808890 0.421567 1 20 1.000000
  20 24.196970 33.039036 3.965288 -0.538456 0.168369 0.825662 0.803733 0.411591 1 20 1.000000
v_hands
  20 23.989664 32.836906 3.562316 -0.962757 -0.013046 0.270051 0.823744 0.407912 1 20 1.000000
  20 23.942238 32.655258 3.661542 -0.957033 0.015525 0.289564 0.823739 0.414975 1 20 1.000000
  20 24.171982 32.792015 4.015481 -0.553486 0.188948 0.811142 0.808890 0.421567 1 20 1.000000
v_hands
  20 24.818792 31.656193 4.284713 0.257091 -0.313052 0.914277 0.648095 0.993078 1 20 1.000000
  20 24.940487 31.465424 3.826379 0.898066 -0.417722 -0.137793 0.623905 0.983304 1 20 1.000000
  20 25.004379 31.755093 4.151875 0.891349 -0.130227 0.434210 0.642248 0.981916 1 20 1.000000
v_hands
  20 24.818792 31.656193 4.284713 0.257091 -0.313052 0.914277 0.648095 0.993078 1 20 1.000000
  20 24.785614 31.347868 3.920437 0.628420 -0.772516 0.091138 0.622607 0.994344 1 20 1.000000
  20 24.940487 31.465424 3.826379 0.898066 -0.417722 -0.137793 0.623905 0.983304 1 20 1.000000
v_hands
  19 24.715620 33.678291 3.593631 0.886734 0.260514 0.381884 0.673255 0.897904 1 19 1.000000
  20 24.580992 33.153713 3.963218 0.263933 0.289130 0.920187 0.681544 0.925929 1 20 1.000000
  20 24.831409 33.145283 3.798691 0.876084 0.281132 0.391716 0.666878 0.922324 1 20 1.000000
v_hands
  19 24.715620 33.678291 3.593631 0.886734 0.260514 0.381884 0.673255 0.897904 1 19 1.000000
  19 24.432955 33.757492 3.827654 0.299817 0.277398 0.912776 0.689134 0.898632 1 19 1.000000
  20 24.580992 33.153713 3.963218 0.263933 0.289130 0.920187 0.681544 0.925929 1 20 1.000000
v_hands
  20 25.004379 31.755093 4.151875 0.891349 -0.130227 0.434210 0.642248 0.981916 1 20 1.000000
  20 24.878071 32.112331 3.642478 0.951175 -0.026644 -0.307499 0.634137 0.955992 1 20 1.000000
  20 24.940088 32.207222 4.057890 0.907351 0.172837 0.383200 0.651326 0.964096 1 20 1.000000
v_hands
  20 25.004379 31.755093 4.151875 0.891349 -0.130227 0.434210 0.642248 0.981916 1 20 1.000000
  20 24.940487 31.465424 3.826379 0.898066 -0.417722 -0.137793 0.623905 0.983304 1 20 1.000000
  20 24.878071 32.112331 3.642478 0.951175 -0.026644 -0.307499 0.634137 0.955992 1 20 1.000000
v_hands
  20 24.701063 31.942921 3.286099 0.562484 -0.248009 -0.788735 0.614908 0.951466 1 20 1.000000
  20 24.589680 31.353474 3.515795 -0.174723 -0.853856 -0.490307 0.603112 0.980095 1 20 1.000000
  20 24.353376 31.915106 3.265836 -0.266573 -0.460670 -0.846594 0.599962 0.947314 1 20 1.000000
v_hands
  20 24.701063 31.942921 3.286099 0.562484 -0.248009 -0.788735 0.614908 0.951466 1 20 1.000000
  20 24.782007 31.474876 3.509703 0.597550 -0.492147 -0.633029 0.611983 0.974049 1 20 1.000000
  20 24.589680 31.353474 3.515795 -0.174723 -0.853856 -0.490307 0.603112 0.980095 1 20 1.000000
v_hands
  20 24.820288 33.060780 3.308743 0.935700 0.095687 -0.339572 0.647111 0.913846 1 20 1.000000
  19 24.715620 33.678291 3.593631 0.886734 0.260514 0.381884 0.673255 0.897904 1 19 1.000000
  20 24.831409 33.145283 3.798691 0.876084 0.281132 0.391716 0.666878 0.922324 1 20 1.000000
v_hands
  20 24.820288 33.060780 3.308743 0.935700 0.095687 -0.339572 0.647111 0.913846 1 20 1.000000
  19 24.704035 33.643677 3.155924 0.945284 0.057482 -0.321143 0.654681 0.889454 1 19 1.000000
  19 24.715620 33.678291 3.593631 0.886734 0.260514 0.381884 0.673255 0.897904 1 19 1.000000
v_hands
  20 24.782007 31.474876 3.509703 0.597550 -0.492147 -0.633029 0.611983 0.974049 1 20 1.000000
  20 24.785614 31.347868 3.920437 0.628420 -0.772516 0.091138 0.622607 0.994344 1 20 1.000000
  20 24.589680 31.353474 3.515795 -0.174723 -0.853856 -0.490307 0.603112 0.980095 1 20 1.000000
v_hands
  20 24.782007 31.474876 3.509703 0.597550 -0.492147 -0.633029 0.611983 0.974049 1 20 1.000000
  20 24.940487 31.465424 3.826379 0.898066 -0.417722 -0.137793 0.623905 0.983304 1 20 1.000000
  20 24.785614 31.347868 3.920437 0.628420 -0.772516 0.091138 0.622607 0.994344 1 20 1.000000
v_hands
  20 24.462568 31.758884 4.254355 -0.489662 -0.334819 0.805063 0.824388 0.473363 1 20 1.000000
  20 24.685553 32.341671 4.192076 0.234703 0.236874 0.942765 0.801722 0.454949 1 20 1.000000
  20 24.315601 32.310608 4.151558 -0.540064 0.000592 0.841623 0.813518 0.445692 1 20 1.000000
v_hands
  20 24.462568 31.758884 4.254355 -0.489662 -0.334819 0.805063 0.824388 0.473363 1 20 1.000000
  20 24.818792 31.656193 4.284713 0.257091 -0.313052 0.914277 0.820704 0.489997 1 20 1.000000
  20 24.685553 32.341671 4.192076 0.234703 0.236874 0.942765 0.801722 0.454949 1 20 1.000000
v_hands
  20 24.462568 31.758884 4.254355 -0.489662 -0.334819 0.805063 0.824388 0.473363 1 20 1.000000
  20 24.119661 32.116329 3.805091 -0.895216 -0.276002 0.349873 0.831910 0.440811 1 20 1.000000
  20 24.445927 31.551481 3.970710 -0.690812 -0.606505 0.393613 0.838983 0.471622 1 20 1.000000
v_hands
  20 24.462568 31.758884 4.254355 -0.489662 -0.334819 0.805063 0.824388 0.473363 1 20 1.000000
  20 24.315601 32.310608 4.151558 -0.540064 0.000592 0.841623 0.813518 0.445692 1 20 1.000000
  20 24.119661 32.116329 3.805091 -0.895216 -0.276002 0.349873 0.831910 0.440811 1 20 1.000000
v_hands
  20 23.963182 32.762028 3.173154 -0.895082 -0.227788 -0.383327 0.840093 0.401792 1 20 1.000000
  19 23.716581 33.495895 3.401846 -0.913503 -0.232241 0.334031 0.812555 0.378386 1 19 1.000000
  19 23.749302 33.364788 2.980986 -0.847115 -0.393320 -0.357346 0.832787 0.375919 1 19 1.000000
v_hands
  20 23.963182 32.762028 3.173154 -0.895082 -0.227788 -0.383327 0.840093 0.401792 1 20 1.000000
  20 23.989664 32.836906 3.562316 -0.962757 -0.013046 0.270051 0.823744 0.407912 1 20 1.000000
  19 23.716581 33.495895 3.401846 -0.913503 -0.232241 0.334031 0.812555 0.378386 1 19 1.000000
v_hands
  20 24.618397 32.582493 3.058408 0.510641 -0.218785 -0.831492 0.622837 0.922135 1 20 1.000000
  20 24.170538 32.753777 2.966874 -0.293842 -0.337570 -0.894261 0.609674 0.907528 1 20 1.000000
  20 24.558155 32.833668 2.965532 0.485654 -0.178641 -0.855703 0.625902 0.910872 1 20 1.000000
v_hands
  20 24.618397 32.582493 3.058408 0.510641 -0.218785 -0.831492 0.622837 0.922135 1 20 1.000000
  20 24.208942 32.496944 3.049121 -0.273831 -0.348392 -0.896459 0.604631 0.918371 1 20 1.000000
  20 24.170538 32.753777 2.966874 -0.293842 -0.337570 -0.894261 0.609674 0.907528 1 20 1.000000
v_hands
  20 24.940088 32.207222 4.057890 0.907351 0.172837 0.383200 0.651326 0.964096 1 20 1.000000
  20 24.818792 31.656193 4.284713 0.257091 -0.313052 0.914277 0.648095 0.993078 1 20 1.000000
  20 25.004379 31.755093 4.151875 0.891349 -0.130227 0.434210 0.642248 0.981916 1 20 1.000000
v_hands
  20 24.940088 32.207222 4.057890 0.907351 0.172837 0.383200 0.651326 0.964096 1 20 1.000000
  20 24.685553 32.341671 4.192076 0.234703 0.236874 0.942765 0.667199 0.965295 1 20 1.000000
  20 24.818792 31.656193 4.284713 0.257091 -0.313052 0.914277 0.648095 0.993078 1 20 1.000000
v_hands
  20 24.881405 32.794003 3.396353 0.946910 0.016048 -0.321099 0.644053 0.925346 1 20 1.000000
  20 24.831409 33.145283 3.798691 0.876084 0.281132 0.391716 0.666878 0.922324 1 20 1.000000
  20 24.896505 32.851364 3.831741 0.891283 0.216125 0.398628 0.662772 0.935362 1 20 1.000000
v_hands
  20 24.881405 32.794003 3.396353 0.946910 0.016048 -0.321099 0.644053 0.925346 1 20 1.000000
  20 24.820288 33.060780 3.308743 0.935700 0.095687 -0.339572 0.647111 0.913846 1 20 1.000000
  20 24.831409 33.145283 3.798691 0.876084 0.281132 0.391716 0.666878 0.922324 1 20 1.000000
v_hands
  20 24.831409 33.145283 3.798691 0.876084 0.281132 0.391716 0.666878 0.922324 1 20 1.000000
  20 24.594740 32.880886 4.055357 0.241563 0.279574 0.929239 0.678937 0.941495 1 20 1.000000
  20 24.896505 32.851364 3.831741 0.891283 0.216125 0.398628 0.662772 0.935362 1 20 1.000000
v_hands
  20 24.831409 33.145283 3.798691 0.876084 0.281132 0.391716 0.666878 0.922324 1 20 1.000000
  20 24.580992 33.153713 3.963218 0.263933 0.289130 0.920187 0.681544 0.925929 1 20 1.000000
  20 24.594740 32.880886 4.055357 0.241563 0.279574 0.929239 0.678937 0.941495 1 20 1.000000
v_hands
  20 24.315601 32.310608 4.151558 -0.540064 0.000592 0.841623 0.813518 0.445692 1 20 1.000000
  20 23.942238 32.655258 3.661542 -0.957033 0.015525 0.289564 0.823739 0.414975 1 20 1.000000
  20 24.119661 32.116329 3.805091 -0.895216 -0.276002 0.349873 0.831910 0.440811 1 20 1.000000
v_hands
  20 24.315601 32.310608 4.151558 -0.540064 0.000592 0.841623 0.813518 0.445692 1 20 1.000000
  20 24.171982 32.792015 4.015481 -0.553486 0.188948 0.811142 0.808890 0.421567 1 20 1.000000
  20 23.942238 32.655258 3.661542 -0.957033 0.015525 0.289564 0.823739 0.414975 1 20 1.000000
v_hands
  20 24.618397 32.582493 3.058408 0.510641 -0.218785 -0.831492 0.622837 0.922135 1 20 1.000000
  20 24.878071 32.112331 3.642478 0.951175 -0.026644 -0.307499 0.634137 0.955992 1 20 1.000000
  20 24.701063 31.942921 3.286099 0.562484 -0.248009 -0.788735 0.614908 0.951466 1 20 1.000000
v_hands
  20 24.618397 32.582493 3.058408 0.510641 -0.218785 -0.831492 0.622837 0.922135 1 20 1.000000
  20 24.881405 32.794003 3.396353 0.946910 0.016048 -0.321099 0.644053 0.925346 1 20 1.000000
  20 24.878071 32.112331 3.642478 0.951175 -0.026644 -0.307499 0.634137 0.955992 1 20 1.000000
v_hands
  20 24.589680 31.353474 3.515795 -0.174723 -0.853856 -0.490307 0.862284 0.472151 1 20 1.000000
  20 24.445927 31.551481 3.970710 -0.690812 -0.606505 0.393613 0.838983 0.471622 1 20 1.000000
  20 24.359838 31.547026 3.655301 -0.745475 -0.665078 -0.044026 0.849259 0.462411 1 20 1.000000
v_hands
  20 24.589680 31.353474 3.515795 -0.174723 -0.853856 -0.490307 0.862284 0.472151 1 20 1.000000
  20 24.785614 31.347868 3.920437 -0.421780 -0.805987 0.415315 0.847034 0.489868 1 20 1.000000
  20 24.445927 31.551481 3.970710 -0.690812 -0.606505 0.393613 0.838983 0.471622 1 20 1.000000
v_hands
  20 23.921268 32.455402 3.281252 -0.899448 -0.224798 -0.374779 0.843676 0.414888 1 20 1.000000
  20 23.989664 32.836906 3.562316 -0.962757 -0.013046 0.270051 0.823744 0.407912 1 20 1.000000
  20 23.963182 32.762028 3.173154 -0.895082 -0.227788 -0.383327 0.840093 0.401792 1 20 1.000000
v_hands
  20 23.921268 32.455402 3.281252 -0.899448 -0.224798 -0.374779 0.843676 0.414888 1 20 1.000000
  20 23.942238 32.655258 3.661542 -0.957033 0.015525 0.289564 0.823739 0.414975 1 20 1.000000
  20 23.989664 32.836906 3.562316 -0.962757 -0.013046 0.270051 0.823744 0.407912 1 20 1.000000
v_hands
  19 24.438169 33.421341 2.774459 0.486371 -0.192510 -0.852281 0.632665 0.885681 1 19 1.000000
  20 24.820288 33.060780 3.308743 0.935700 0.095687 -0.339572 0.647111 0.913846 1 20 1.000000
  20 24.558155 32.833668 2.965532 0.485654 -0.178641 -0.855703 0.625902 0.910872 1 20 1.000000
v_hands
  19 24.438169 33.421341 2.774459 0.486371 -0.192510 -0.852281 0.632665 0.885681 1 19 1.000000
  19 24.704035 33.643677 3.155924 0.945284 0.057482 -0.321143 0.654681 0.889454 1 19 1.000000
  20 24.820288 33.060780 3.308743 0.935700 0.095687 -0.339572 0.647111 0.913846 1 20 1.000000
v_hands
  20 24.782007 31.474876 3.509703 0.597550 -0.492147 -0.633029 0.611983 0.974049 1 20 1.000000
  20 24.878071 32.112331 3.642478 0.951175 -0.026644 -0.307499 0.634137 0.955992 1 20 1.000000
  20 24.940487 31.465424 3.826379 0.898066 -0.417722 -0.137793 0.623905 0.983304 1 20 1.000000
v_hands
  20 24.782007 31.474876 3.509703 0.597550 -0.492147 -0.633029 0.611983 0.974049 1 20 1.000000
  20 24.701063 31.942921 3.286099 0.562484 -0.248009 -0.788735 0.614908 0.951466 1 20 1.000000
  20 24.878071 32.112331 3.642478 0.951175 -0.026644 -0.307499 0.634137 0.955992 1 20 1.000000
v_hands
  20 24.359838 31.547026 3.655301 -0.745475 -0.665078 -0.044026 0.849259 0.462411 1 20 1.000000
  20 24.119661 32.116329 3.805091 -0.895216 -0.276002 0.349873 0.831910 0.440811 1 20 1.000000
  20 24.099632 32.009163 3.413396 -0.844582 -0.475576 -0.245983 0.849056 0.436727 1 20 1.000000
v_hands
  20 24.359838 31.547026 3.655301 -0.745475 -0.665078 -0.044026 0.849259 0.462411 1 20 1.000000
  20 24.445927 31.551481 3.970710 -0.690812 -0.606505 0.393613 0.838983 0.471622 1 20 1.000000
  20 24.119661 32.116329 3.805091 -0.895216 -0.276002 0.349873 0.831910 0.440811 1 20 1.000000
v_hands
  19 23.995735 33.644089 3.817907 -0.491064 0.034605 0.870436 0.794628 0.386411 1 19 1.000000
  20 23.989664 32.836906 3.562316 -0.962757 -0.013046 0.270051 0.823744 0.407912 1 20 1.000000
  20 24.196970 33.039036 3.965288 -0.538456 0.168369 0.825662 0.803733 0.411591 1 20 1.000000
v_hands
  19 23.995735 33.644089 3.817907 -0.491064 0.034605 0.870436 0.794628 0.386411 1 19 1.000000
  19 23.716581 33.495895 3.401846 -0.913503 -0.232241 0.334031 0.812555 0.378386 1 19 1.000000
  20 23.989664 32.836906 3.562316 -0.962757 -0.013046 0.270051 0.823744 0.407912 1 20 1.000000
v_hands
  20 24.558155 32.833668 2.965532 0.485654 -0.178641 -0.855703 0.625902 0.910872 1 20 1.000000
  20 24.881405 32.794003 3.396353 0.946910 0.016048 -0.321099 0.644053 0.925346 1 20 1.000000
  20 24.618397 32.582493 3.058408 0.510641 -0.218785 -0.831492 0.622837 0.922135 1 20 1.000000
v_hands
  20 24.558155 32.833668 2.965532 0.485654 -0.178641 -0.855703 0.625902 0.910872 1 20 1.000000
  20 24.820288 33.060780 3.308743 0.935700 0.095687 -0.339572 0.647111 0.913846 1 20 1.000000
  20 24.881405 32.794003 3.396353 0.946910 0.016048 -0.321099 0.644053 0.925346 1 20 1.000000
v_hands
  20 24.618397 32.582493 3.058408 0.510641 -0.218785 -0.831492 0.622837 0.922135 1 20 1.000000
  20 24.353376 31.915106 3.265836 -0.266573 -0.460670 -0.846594 0.599962 0.947314 1 20 1.000000
  20 24.208942 32.496944 3.049121 -0.273831 -0.348392 -0.896459 0.604631 0.918371 1 20 1.000000
v_hands
  20 24.618397 32.582493 3.058408 0.510641 -0.218785 -0.831492 0.622837 0.922135 1 20 1.000000
  20 24.701063 31.942921 3.286099 0.562484 -0.248009 -0.788735 0.614908 0.951466 1 20 1.000000
  20 24.353376 31.915106 3.265836 -0.266573 -0.460670 -0.846594 0.599962 0.947314 1 20 1.000000
v_hands
  20 24.099632 32.009163 3.413396 -0.844582 -0.475576 -0.245983 0.849056 0.436727 1 20 1.000000
  20 24.208942 32.496944 3.049121 -0.273831 -0.348392 -0.896459 0.855281 0.412029 1 20 1.000000
  20 24.353376 31.915106 3.265836 -0.266573 -0.460670 -0.846594 0.860388 0.439971 1 20 1.000000
v_hands
  20 24.099632 32.009163 3.413396 -0.844582 -0.475576 -0.245983 0.849056 0.436727 1 20 1.000000
  20 23.921268 32.455402 3.281252 -0.899448 -0.224798 -0.374779 0.843676 0.414888 1 20 1.000000
  20 24.208942 32.496944 3.049121 -0.273831 -0.348392 -0.896459 0.855281 0.412029 1 20 1.000000
v_hands
  20 24.119661 32.116329 3.805091 -0.895216 -0.276002 0.349873 0.831910 0.440811 1 20 1.000000
  20 23.921268 32.455402 3.281252 -0.899448 -0.224798 -0.374779 0.843676 0.414888 1 20 1.000000
  20 24.099632 32.009163 3.413396 -0.844582 -0.475576 -0.245983 0.849056 0.436727 1 20 1.000000
v_hands
  20 24.119661 32.116329 3.805091 -0.895216 -0.276002 0.349873 0.831910 0.440811 1 20 1.000000
  20 23.942238 32.655258 3.661542 -0.957033 0.015525 0.289564 0.823739 0.414975 1 20 1.000000
  20 23.921268 32.455402 3.281252 -0.899448 -0.224798 -0.374779 0.843676 0.414888 1 20 1.000000
v_hands
  20 24.315601 32.310608 4.151558 -0.540064 0.000592 0.841623 0.813518 0.445692 1 20 1.000000
  20 24.594740 32.880886 4.055357 0.241563 0.279574 0.929239 0.793222 0.428132 1 20 1.000000
  20 24.171982 32.792015 4.015481 -0.553486 0.188948 0.811142 0.808890 0.421567 1 20 1.000000
v_hands
  20 24.315601 32.310608 4.151558 -0.540064 0.000592 0.841623 0.813518 0.445692 1 20 1.000000
  20 24.685553 32.341671 4.192076 0.234703 0.236874 0.942765 0.801722 0.454949 1 20 1.000000
  20 24.594740 32.880886 4.055357 0.241563 0.279574 0.929239 0.793222 0.428132 1 20 1.000000
v_hands
  20 24.685553 32.341671 4.192076 0.234703 0.236874 0.942765 0.667199 0.965295 1 20 1.000000
  20 24.896505 32.851364 3.831741 0.891283 0.216125 0.398628 0.662772 0.935362 1 20 1.000000
  20 24.594740 32.880886 4.055357 0.241563 0.279574 0.929239 0.678937 0.941495 1 20 1.000000
v_hands
  20 24.685553 32.341671 4.192076 0.234703 0.236874 0.942765 0.667199 0.965295 1 20 1.000000
  20 24.940088 32.207222 4.057890 0.907351 0.172837 0.383200 0.651326 0.964096 1 20 1.000000
  20 24.896505 32.851364 3.831741 0.891283 0.216125 0.398628 0.662772 0.935362 1 20 1.000000
v_hands
  20 24.896505 32.851364 3.831741 0.891283 0.216125 0.398628 0.662772 0.935362 1 20 1.000000
  20 24.878071 32.112331 3.642478 0.951175 -0.026644 -0.307499 0.634137 0.955992 1 20 1.000000
  20 24.881405 32.794003 3.396353 0.946910 0.016048 -0.321099 0.644053 0.925346 1 20 1.000000
v_hands
  20 24.896505 32.851364 3.831741 0.891283 0.216125 0.398628 0.662772 0.935362 1 20 1.000000
  20 24.940088 32.207222 4.057890 0.907351 0.172837 0.383200 0.651326 0.964096 1 20 1.000000
  20 24.878071 32.112331 3.642478 0.951175 -0.026644 -0.307499 0.634137 0.955992 1 20 1.000000
v_hands
  20 24.170538 32.753777 2.966874 -0.293842 -0.337570 -0.894261 0.609674 0.907528 1 20 1.000000
  19 24.438169 33.421341 2.774459 0.486371 -0.192510 -0.852281 0.632665 0.885681 1 19 1.000000
  20 24.558155 32.833668 2.965532 0.485654 -0.178641 -0.855703 0.625902 0.910872 1 20 1.000000
v_hands
  20 24.170538 32.753777 2.966874 -0.293842 -0.337570 -0.894261 0.609674 0.907528 1 20 1.000000
  19 24.045897 33.342693 2.768073 -0.270940 -0.370363 -0.888495 0.617129 0.882058 1 19 1.000000
  19 24.438169 33.421341 2.774459 0.486371 -0.192510 -0.852281 0.632665 0.885681 1 19 1.000000
v_hands
  16 25.021612 32.050243 5.475749 -0.672459 -0.713170 -0.197958 0.732878 0.504564 1 16 1.000000
  16 25.110233 32.468887 5.069783 -0.087741 -0.457250 -0.884999 0.754204 0.487554 1 16 1.000000
  16 25.317471 31.861544 5.365490 0.035866 -0.823470 -0.566224 0.743296 0.518885 1 16 1.000000
v_hands
  16 25.021612 32.050243 5.475749 -0.672459 -0.713170 -0.197958 0.732878 0.504564 1 16 1.000000
  16 24.746090 32.505798 5.262695 -0.788541 -0.451391 -0.417672 0.737636 0.479580 1 16 1.000000
  16 25.110233 32.468887 5.069783 -0.087741 -0.457250 -0.884999 0.754204 0.487554 1 16 1.000000
v_hands
  16 24.706211 33.094101 4.985928 -0.809018 -0.385041 -0.444109 0.738903 0.443640 1 16 1.000000
  15 24.777775 33.683479 4.512496 -0.034023 -0.434342 -0.900105 0.757898 0.413119 1 15 1.000000
  16 24.970715 33.084641 4.804663 -0.064900 -0.396635 -0.915679 0.757923 0.444153 1 16 1.000000
v_hands
  16 24.706211 33.094101 4.985928 -0.809018 -0.385041 -0.444109 0.738903 0.443640 1 16 1.000000
  15 24.399776 33.704208 4.722696 -0.768318 -0.492468 -0.408856 0.736411 0.411569 1 15 1.000000
  15 24.777775 33.683479 4.512496 -0.034023 -0.434342 -0.900105 0.757898 0.413119 1 15 1.000000
v_hands
  16 24.791788 33.401661 5.741350 -0.609979 0.085880 0.787750 0.698658 0.445554 1 16 1.000000
  16 25.245838 33.258556 5.849520 0.133128 0.299140 0.944877 0.680455 0.461505 1 16 1.000000
  16 25.207808 33.544807 5.784510 0.141751 0.311801 0.939514 0.677900 0.448248 1 16 1.000000
v_hands
  16 24.791788 33.401661 5.741350 -0.609979 0.085880 0.787750 0.698658 0.445554 1 16 1.000000
  16 24.829172 33.145767 5.799554 -0.605875 0.186764 0.773327 0.700289 0.458421 1 16 1.000000
  16 25.245838 33.258556 5.849520 0.133128 0.299140 0.944877 0.680455 0.461505 1 16 1.000000
v_hands
  16 24.791788 33.401661 5.741350 -0.609979 0.085880 0.787750 0.698658 0.445554 1 16 1.000000
  16 24.649517 33.072041 5.467506 -0.985904 0.013121 0.166793 0.718131 0.454800 1 16 1.000000
  16 24.829172 33.145767 5.799554 -0.605875 0.186764 0.773327 0.700289 0.458421 1 16 1.000000
v_hands
  16 24.791788 33.401661 5.741350 -0.609979 0.085880 0.787750 0.698658 0.445554 1 16 1.000000
  16 24.679638 33.269600 5.367436 -0.965224 -0.157281 0.208818 0.717487 0.442540 1 16 1.000000
  16 24.649517 33.072041 5.467506 -0.985904 0.013121 0.166793 0.718131 0.454800 1 16 1.000000
v_hands
  16 24.706211 33.094101 4.985928 -0.809018 -0.385041 -0.444109 0.738903 0.443640 1 16 1.000000
  16 25.037788 32.791080 4.923653 -0.087876 -0.385048 -0.918703 0.757973 0.459373 1 16 1.000000
  16 24.703863 32.841511 5.088312 -0.825324 -0.267121 -0.497480 0.738285 0.456179 1 16 1.000000
v_hands
  16 24.706211 33.094101 4.985928 -0.809018 -0.385041 -0.444109 0.738903 0.443640 1 16 1.000000
  16 24.970715 33.084641 4.804663 -0.064900 -0.396635 -0.915679 0.757923 0.444153 1 16 1.000000
  16 25.037788 32.791080 4.923653 -0.087876 -0.385048 -0.918703 0.757973 0.459373 1 16 1.000000
v_hands
  15 24.777775 33.683479 4.512496 -0.034023 -0.434342 -0.900105 0.713527 0.896027 1 15 1.000000
  16 25.327742 33.271595 4.888715 0.637658 -0.119324 -0.761021 0.727229 0.921217 1 16 1.000000
  16 24.970715 33.084641 4.804663 -0.064900 -0.396635 -0.915679 0.712656 0.919757 1 16 1.000000
v_hands
  15 24.777775 33.683479 4.512496 -0.034023 -0.434342 -0.900105 0.713527 0.896027 1 15 1.000000
  15 25.145227 33.861694 4.646470 0.660201 -0.169331 -0.731752 0.727286 0.895828 1 15 1.000000
  16 25.327742 33.271595 4.888715 0.637658 -0.119324 -0.761021 0.727229 0.921217 1 16 1.000000
v_hands
  16 25.464861 32.026108 5.374948 0.742132 -0.414371 -0.526816 0.729117 0.978654 1 16 1.000000
  16 25.110233 32.468887 5.069783 -0.087741 -0.457250 -0.884999 0.713785 0.955977 1 16 1.000000
  16 25.442778 32.533714 5.150089 0.695445 -0.250135 -0.673638 0.726587 0.955900 1 16 1.000000
v_hands
  16 25.464861 32.026108 5.374948 0.742132 -0.414371 -0.526816 0.729117 0.978654 1 16 1.000000
  16 25.317471 31.861544 5.365490 0.035866 -0.823470 -0.566224 0.722871 0.983294 1 16 1.000000
  16 25.110233 32.468887 5.069783 -0.087741 -0.457250 -0.884999 0.713785 0.955977 1 16 1.000000
v_hands
  16 25.650057 32.255100 5.892565 0.927237 -0.125822 0.352703 0.752491 0.978714 1 16 1.000000
  16 25.559618 32.692184 5.457908 0.976846 -0.059859 -0.205399 0.742088 0.955574 1 16 1.000000
  16 25.574831 32.906319 5.802885 0.996587 0.000578 -0.082541 0.755974 0.952169 1 16 1.000000
v_hands
  16 25.650057 32.255100 5.892565 0.927237 -0.125822 0.352703 0.752491 0.978714 1 16 1.000000
  16 25.555628 32.002419 5.685816 0.929257 -0.353704 -0.106657 0.740465 0.983333 1 16 1.000000
  16 25.559618 32.692184 5.457908 0.976846 -0.059859 -0.205399 0.742088 0.955574 1 16 1.000000
v_hands
  16 25.443470 33.632965 5.601682 0.803936 0.373158 0.463076 0.758552 0.916201 1 16 1.000000
  15 25.342741 34.108860 4.952177 0.968137 0.084222 -0.235833 0.743475 0.894167 1 15 1.000000
  15 25.295092 34.211105 5.396905 0.819647 0.316360 0.477593 0.761435 0.886440 1 15 1.000000
v_hands
  16 25.443470 33.632965 5.601682 0.803936 0.373158 0.463076 0.758552 0.916201 1 16 1.000000
  16 25.495258 33.458820 5.162911 0.943010 0.171175 -0.285361 0.742167 0.920062 1 16 1.000000
  15 25.342741 34.108860 4.952177 0.968137 0.084222 -0.235833 0.743475 0.894167 1 15 1.000000
v_hands
  16 24.894537 32.782837 5.932622 -0.557442 0.045789 0.828952 0.703064 0.481944 1 16 1.000000
  16 25.016087 32.050880 5.767870 -0.656891 -0.651270 0.379923 0.721049 0.506942 1 16 1.000000
  16 25.144978 32.221699 6.006729 -0.455374 -0.337697 0.823769 0.707984 0.506759 1 16 1.000000
v_hands
  16 24.894537 32.782837 5.932622 -0.557442 0.045789 0.828952 0.703064 0.481944 1 16 1.000000
  16 24.677679 32.698380 5.585602 -0.937819 -0.216103 0.271653 0.720880 0.476898 1 16 1.000000
  16 25.016087 32.050880 5.767870 -0.656891 -0.651270 0.379923 0.721049 0.506942 1 16 1.000000
v_hands
  16 25.144978 32.221699 6.006729 -0.455374 -0.337697 0.823769 0.707984 0.506759 1 16 1.000000
  16 25.319544 32.833942 5.997771 0.188124 0.237367 0.953030 0.685764 0.490181 1 16 1.000000
  16 24.894537 32.782837 5.932622 -0.557442 0.045789 0.828952 0.703064 0.481944 1 16 1.000000
v_hands
  16 25.144978 32.221699 6.006729 -0.455374 -0.337697 0.823769 0.707984 0.506759 1 16 1.000000
  16 25.491367 32.156326 6.078296 0.309705 -0.318705 0.895829 0.699172 0.520835 1 16 1.000000
  16 25.319544 32.833942 5.997771 0.188124 0.237367 0.953030 0.685764 0.490181 1 16 1.000000
v_hands
  16 25.144978 32.221699 6.006729 -0.455374 -0.337697 0.823769 0.707984 0.506759 1 16 1.000000
  16 25.446806 31.875267 5.753157 -0.367537 -0.842888 0.393009 0.721965 0.526522 1 16 1.000000
  16 25.491367 32.156326 6.078296 0.309705 -0.318705 0.895829 0.699172 0.520835 1 16 1.000000
v_hands
  16 25.144978 32.221699 6.006729 -0.455374 -0.337697 0.823769 0.707984 0.506759 1 16 1.000000
  16 25.016087 32.050880 5.767870 -0.656891 -0.651270 0.379923 0.721049 0.506942 1 16 1.000000
  16 25.446806 31.875267 5.753157 -0.367537 -0.842888 0.393009 0.721965 0.526522 1 16 1.000000
v_hands
  15 25.018784 34.192848 5.580768 0.152078 0.346649 0.925584 0.675638 0.415307 1 15 1.000000
  16 24.791788 33.401661 5.741350 -0.609979 0.085880 0.787750 0.698658 0.445554 1 16 1.000000
  16 25.207808 33.544807 5.784510 0.141751 0.311801 0.939514 0.677900 0.448248 1 16 1.000000
v_hands
  15 25.018784 34.192848 5.580768 0.152078 0.346649 0.925584 0.675638 0.415307 1 15 1.000000
  15 24.531565 34.042435 5.514993 -0.581497 0.087473 0.808832 0.697680 0.412880 1 15 1.000000
  16 24.791788 33.401661 5.741350 -0.609979 0.085880 0.787750 0.698658 0.445554 1 16 1.000000
v_hands
  16 24.679638 33.269600 5.367436 -0.965224 -0.157281 0.208818 0.717487 0.442540 1 16 1.000000
  15 24.399776 33.704208 4.722696 -0.768318 -0.492468 -0.408856 0.736411 0.411569 1 15 1.000000
  16 24.706211 33.094101 4.985928 -0.809018 -0.385041 -0.444109 0.738903 0.443640 1 16 1.000000
v_hands
  16 24.679638 33.269600 5.367436 -0.965224 -0.157281 0.208818 0.717487 0.442540 1 16 1.000000
  15 24.301212 33.878845 5.141915 -0.922926 -0.267910 0.276462 0.717136 0.413642 1 15 1.000000
  15 24.399776 33.704208 4.722696 -0.768318 -0.492468 -0.408856 0.736411 0.411569 1 15 1.000000
v_hands
  16 25.427156 32.947880 5.004755 0.653135 -0.182182 -0.735000 0.726792 0.931317 1 16 1.000000
  16 24.970715 33.084641 4.804663 -0.064900 -0.396635 -0.915679 0.712656 0.919757 1 16 1.000000
  16 25.327742 33.271595 4.888715 0.637658 -0.119324 -0.761021 0.727229 0.921217 1 16 1.000000
v_hands
  16 25.427156 32.947880 5.004755 0.653135 -0.182182 -0.735000 0.726792 0.931317 1 16 1.000000
  16 25.037788 32.791080 4.923653 -0.087876 -0.385048 -0.918703 0.710753 0.932669 1 16 1.000000
  16 24.970715 33.084641 4.804663 -0.064900 -0.396635 -0.915679 0.712656 0.919757 1 16 1.000000
v_hands
  16 25.464861 32.026108 5.374948 0.742132 -0.414371 -0.526816 0.729117 0.978654 1 16 1.000000
  16 25.446806 31.875267 5.753157 0.774422 -0.630287 0.054854 0.742489 0.990891 1 16 1.000000
  16 25.317471 31.861544 5.365490 0.035866 -0.823470 -0.566224 0.722871 0.983294 1 16 1.000000
v_hands
  16 25.464861 32.026108 5.374948 0.742132 -0.414371 -0.526816 0.729117 0.978654 1 16 1.000000
  16 25.555628 32.002419 5.685816 0.929257 -0.353704 -0.106657 0.740465 0.983333 1 16 1.000000
  16 25.446806 31.875267 5.753157 0.774422 -0.630287 0.054854 0.742489 0.990891 1 16 1.000000
v_hands
  16 25.650057 32.255100 5.892565 0.927237 -0.125822 0.352703 0.752491 0.978714 1 16 1.000000
  16 25.319544 32.833942 5.997771 0.188124 0.237367 0.953030 0.770477 0.958296 1 16 1.000000
  16 25.491367 32.156326 6.078296 0.309705 -0.318705 0.895829 0.761848 0.983086 1 16 1.000000
v_hands
  16 25.650057 32.255100 5.892565 0.927237 -0.125822 0.352703 0.752491 0.978714 1 16 1.000000
  16 25.574831 32.906319 5.802885 0.530521 0.257876 0.807495 0.755974 0.952169 1 16 1.000000
  16 25.319544 32.833942 5.997771 0.188124 0.237367 0.953030 0.770477 0.958296 1 16 1.000000
v_hands
  16 25.443470 33.632965 5.601682 0.803936 0.373158 0.463076 0.758552 0.916201 1 16 1.000000
  15 25.018784 34.192848 5.580768 0.152078 0.346649 0.925584 0.774564 0.897274 1 15 1.000000
  16 25.207808 33.544807 5.784510 0.141751 0.311801 0.939514 0.772902 0.922868 1 16 1.000000
v_hands
  16 25.443470 33.632965 5.601682 0.803936 0.373158 0.463076 0.758552 0.916201 1 16 1.000000
  15 25.295092 34.211105 5.396905 0.819647 0.316360 0.477593 0.761435 0.886440 1 15 1.000000
  15 25.018784 34.192848 5.580768 0.152078 0.346649 0.925584 0.774564 0.897274 1 15 1.000000
v_hands
  16 25.207808 33.544807 5.784510 0.141751 0.311801 0.939514 0.772902 0.922868 1 16 1.000000
  16 25.554010 33.353088 5.689634 0.430374 0.319598 0.844177 0.759085 0.926570 1 16 1.000000
  16 25.443470 33.632965 5.601682 0.803936 0.373158 0.463076 0.758552 0.916201 1 16 1.000000
v_hands
  16 25.207808 33.544807 5.784510 0.141751 0.311801 0.939514 0.772902 0.922868 1 16 1.000000
  16 25.245838 33.258556 5.849520 0.133128 0.299140 0.944877 0.773345 0.934825 1 16 1.000000
  16 25.554010 33.353088 5.689634 0.430374 0.319598 0.844177 0.759085 0.926570 1 16 1.000000
v_hands
  16 25.554010 33.353088 5.689634 0.986544 0.163477 -0.002509 0.759085 0.926570 1 16 1.000000
  16 25.495258 33.458820 5.162911 0.943010 0.171175 -0.285361 0.742167 0.920062 1 16 1.000000
  16 25.443470 33.632965 5.601682 0.803936 0.373158 0.463076 0.758552 0.916201 1 16 1.000000
v_hands
  16 25.554010 33.353088 5.689634 0.986544 0.163477 -0.002509 0.759085 0.926570 1 16 1.000000
  16 25.593433 33.161285 5.299306 0.970827 0.061422 -0.231782 0.741910 0.929696 1 16 1.000000
  16 25.495258 33.458820 5.162911 0.943010 0.171175 -0.285361 0.742167 0.920062 1 16 1.000000
v_hands
  16 25.574831 32.906319 5.802885 0.530521 0.257876 0.807495 0.755974 0.952169 1 16 1.000000
  16 25.245838 33.258556 5.849520 0.133128 0.299140 0.944877 0.773345 0.934825 1 16 1.000000
  16 25.319544 32.833942 5.997771 0.188124 0.237367 0.953030 0.770477 0.958296 1 16 1.000000
v_hands
  16 25.574831 32.906319 5.802885 0.530521 0.257876 0.807495 0.755974 0.952169 1 16 1.000000
  16 25.554010 33.353088 5.689634 0.430374 0.319598 0.844177 0.759085 0.926570 1 16 1.000000
  16 25.245838 33.258556 5.849520 0.133128 0.299140 0.944877 0.773345 0.934825 1 16 1.000000
v_hands
  16 25.427156 32.947880 5.004755 0.653135 -0.182182 -0.735000 0.726792 0.931317 1 16 1.000000
  16 25.559618 32.692184 5.457908 0.976846 -0.059859 -0.205399 0.742088 0.955574 1 16 1.000000
  16 25.442778 32.533714 5.150089 0.695445 -0.250135 -0.673638 0.726587 0.955900 1 16 1.000000
v_hands
  16 25.427156 32.947880 5.004755 0.653135 -0.182182 -0.735000 0.726792 0.931317 1 16 1.000000
  16 25.593433 33.161285 5.299306 0.970827 0.061422 -0.231782 0.741910 0.929696 1 16 1.000000
  16 25.559618 32.692184 5.457908 0.976846 -0.059859 -0.205399 0.742088 0.955574 1 16 1.000000
v_hands
  16 24.829172 33.145767 5.799554 -0.605875 0.186764 0.773327 0.700289 0.458421 1 16 1.000000
  16 24.677679 32.698380 5.585602 -0.937819 -0.216103 0.271653 0.720880 0.476898 1 16 1.000000
  16 24.894537 32.782837 5.932622 -0.557442 0.045789 0.828952 0.703064 0.481944 1 16 1.000000
v_hands
  16 24.829172 33.145767 5.799554 -0.605875 0.186764 0.773327 0.700289 0.458421 1 16 1.000000
  16 24.649517 33.072041 5.467506 -0.985904 0.013121 0.166793 0.718131 0.454800 1 16 1.000000
  16 24.677679 32.698380 5.585602 -0.937819 -0.216103 0.271653 0.720880 0.476898 1 16 1.000000
v_hands
  16 24.706211 33.094101 4.985928 -0.809018 -0.385041 -0.444109 0.738903 0.443640 1 16 1.000000
  16 24.649517 33.072041 5.467506 -0.985904 0.013121 0.166793 0.718131 0.454800 1 16 1.000000
  16 24.679638 33.269600 5.367436 -0.965224 -0.157281 0.208818 0.717487 0.442540 1 16 1.000000
v_hands
  16 24.706211 33.094101 4.985928 -0.809018 -0.385041 -0.444109 0.738903 0.443640 1 16 1.000000
  16 24.703863 32.841511 5.088312 -0.825324 -0.267121 -0.497480 0.738285 0.456179 1 16 1.000000
  16 24.649517 33.072041 5.467506 -0.985904 0.013121 0.166793 0.718131 0.454800 1 16 1.000000
v_hands
  16 25.574831 32.906319 5.802885 0.996587 0.000578 -0.082541 0.755974 0.952169 1 16 1.000000
  16 25.593433 33.161285 5.299306 0.970827 0.061422 -0.231782 0.741910 0.929696 1 16 1.000000
  16 25.554010 33.353088 5.689634 0.986544 0.163477 -0.002509 0.759085 0.926570 1 16 1.000000
v_hands
  16 25.574831 32.906319 5.802885 0.996587 0.000578 -0.082541 0.755974 0.952169 1 16 1.000000
  16 25.559618 32.692184 5.457908 0.976846 -0.059859 -0.205399 0.742088 0.955574 1 16 1.000000
  16 25.593433 33.161285 5.299306 0.970827 0.061422 -0.231782 0.741910 0.929696 1 16 1.000000
v_hands
  16 25.464861 32.026108 5.374948 0.742132 -0.414371 -0.526816 0.729117 0.978654 1 16 1.000000
  16 25.559618 32.692184 5.457908 0.976846 -0.059859 -0.205399 0.742088 0.955574 1 16 1.000000
  16 25.555628 32.002419 5.685816 0.929257 -0.353704 -0.106657 0.740465 0.983333 1 16 1.000000
v_hands
  16 25.464861 32.026108 5.374948 0.742132 -0.414371 -0.526816 0.729117 0.978654 1 16 1.000000
  16 25.442778 32.533714 5.150089 0.695445 -0.250135 -0.673638 0.726587 0.955900 1 16 1.000000
  16 25.559618 32.692184 5.457908 0.976846 -0.059859 -0.205399 0.742088 0.955574 1 16 1.000000
v_hands
  15 25.145227 33.861694 4.646470 0.660201 -0.169331 -0.731752 0.727286 0.895828 1 15 1.000000
  16 25.495258 33.458820 5.162911 0.943010 0.171175 -0.285361 0.742167 0.920062 1 16 1.000000
  16 25.327742 33.271595 4.888715 0.637658 -0.119324 -0.761021 0.727229 0.921217 1 16 1.000000
v_hands
  15 25.145227 33.861694 4.646470 0.660201 -0.169331 -0.731752 0.727286 0.895828 1 15 1.000000
  15 25.342741 34.108860 4.952177 0.968137 0.084222 -0.235833 0.743475 0.894167 1 15 1.000000
  16 25.495258 33.458820 5.162911 0.943010 0.171175 -0.285361 0.742167 0.920062 1 16 1.000000
v_hands
  16 24.746090 32.505798 5.262695 -0.788541 -0.451391 -0.417672 0.737636 0.479580 1 16 1.000000
  16 25.016087 32.050880 5.767870 -0.656891 -0.651270 0.379923 0.721049 0.506942 1 16 1.000000
  16 24.677679 32.698380 5.585602 -0.937819 -0.216103 0.271653 0.720880 0.476898 1 16 1.000000
v_hands
  16 24.746090 32.505798 5.262695 -0.788541 -0.451391 -0.417672 0.737636 0.479580 1 16 1.000000
  16 25.021612 32.050243 5.475749 -0.672459 -0.713170 -0.197958 0.732878 0.504564 1 16 1.000000
  16 25.016087 32.050880 5.767870 -0.656891 -0.651270 0.379923 0.721049 0.506942 1 16 1.000000
v_hands
  16 25.021612 32.050243 5.475749 -0.672459 -0.713170 -0.197958 0.732878 0.504564 1 16 1.000000
  16 25.446806 31.875267 5.753157 -0.367537 -0.842888 0.393009 0.721965 0.526522 1 16 1.000000
  16 25.016087 32.050880 5.767870 -0.656891 -0.651270 0.379923 0.721049 0.506942 1 16 1.000000
v_hands
  16 25.021612 32.050243 5.475749 -0.672459 -0.713170 -0.197958 0.732878 0.504564 1 16 1.000000
  16 25.317471 31.861544 5.365490 0.035866 -0.823470 -0.566224 0.743296 0.518885 1 16 1.000000
  16 25.446806 31.875267 5.753157 -0.367537 -0.842888 0.393009 0.721965 0.526522 1 16 1.000000
v_hands
  15 24.531565 34.042435 5.514993 -0.581497 0.087473 0.808832 0.697680 0.412880 1 15 1.000000
  16 24.679638 33.269600 5.367436 -0.965224 -0.157281 0.208818 0.717487 0.442540 1 16 1.000000
  16 24.791788 33.401661 5.741350 -0.609979 0.085880 0.787750 0.698658 0.445554 1 16 1.000000
v_hands
  15 24.531565 34.042435 5.514993 -0.581497 0.087473 0.808832 0.697680 0.412880 1 15 1.000000
  15 24.301212 33.878845 5.141915 -0.922926 -0.267910 0.276462 0.717136 0.413642 1 15 1.000000
  16 24.679638 33.269600 5.367436 -0.965224 -0.157281 0.208818 0.717487 0.442540 1 16 1.000000
v_hands
  16 25.442778 32.533714 5.150089 0.695445 -0.250135 -0.673638 0.726587 0.955900 1 16 1.000000
  16 25.037788 32.791080 4.923653 -0.087876 -0.385048 -0.918703 0.710753 0.932669 1 16 1.000000
  16 25.427156 32.947880 5.004755 0.653135 -0.182182 -0.735000 0.726792 0.931317 1 16 1.000000
v_hands
  16 25.442778 32.533714 5.150089 0.695445 -0.250135 -0.673638 0.726587 0.955900 1 16 1.000000
  16 25.110233 32.468887 5.069783 -0.087741 -0.457250 -0.884999 0.713785 0.955977 1 16 1.000000
  16 25.037788 32.791080 4.923653 -0.087876 -0.385048 -0.918703 0.710753 0.932669 1 16 1.000000
v_hands
  16 25.491367 32.156326 6.078296 0.309705 -0.318705 0.895829 0.761848 0.983086 1 16 1.000000
  16 25.555628 32.002419 5.685816 0.929257 -0.353704 -0.106657 0.740465 0.983333 1 16 1.000000
  16 25.650057 32.255100 5.892565 0.927237 -0.125822 0.352703 0.752491 0.978714 1 16 1.000000
v_hands
  16 25.491367 32.156326 6.078296 0.309705 -0.318705 0.895829 0.761848 0.983086 1 16 1.000000
  16 25.446806 31.875267 5.753157 0.774422 -0.630287 0.054854 0.742489 0.990891 1 16 1.000000
  16 25.555628 32.002419 5.685816 0.929257 -0.353704 -0.106657 0.740465 0.983333 1 16 1.000000
v_hands
  16 25.327742 33.271595 4.888715 0.637658 -0.119324 -0.761021 0.727229 0.921217 1 16 1.000000
  16 25.593433 33.161285 5.299306 0.970827 0.061422 -0.231782 0.741910 0.929696 1 16 1.000000
  16 25.427156 32.947880 5.004755 0.653135 -0.182182 -0.735000 0.726792 0.931317 1 16 1.000000
v_hands
  16 25.327742 33.271595 4.888715 0.637658 -0.119324 -0.761021 0.727229 0.921217 1 16 1.000000
  16 25.495258 33.458820 5.162911 0.943010 0.171175 -0.285361 0.742167 0.920062 1 16 1.000000
  16 25.593433 33.161285 5.299306 0.970827 0.061422 -0.231782 0.741910 0.929696 1 16 1.000000
v_hands
  16 24.746090 32.505798 5.262695 -0.788541 -0.451391 -0.417672 0.737636 0.479580 1 16 1.000000
  16 25.037788 32.791080 4.923653 -0.087876 -0.385048 -0.918703 0.757973 0.459373 1 16 1.000000
  16 25.110233 32.468887 5.069783 -0.087741 -0.457250 -0.884999 0.754204 0.487554 1 16 1.000000
v_hands
  16 24.746090 32.505798 5.262695 -0.788541 -0.451391 -0.417672 0.737636 0.479580 1 16 1.000000
  16 24.703863 32.841511 5.088312 -0.825324 -0.267121 -0.497480 0.738285 0.456179 1 16 1.000000
  16 25.037788 32.791080 4.923653 -0.087876 -0.385048 -0.918703 0.757973 0.459373 1 16 1.000000
v_hands
  16 24.677679 32.698380 5.585602 -0.937819 -0.216103 0.271653 0.720880 0.476898 1 16 1.000000
  16 24.703863 32.841511 5.088312 -0.825324 -0.267121 -0.497480 0.738285 0.456179 1 16 1.000000
  16 24.746090 32.505798 5.262695 -0.788541 -0.451391 -0.417672 0.737636 0.479580 1 16 1.000000
v_hands
  16 24.677679 32.698380 5.585602 -0.937819 -0.216103 0.271653 0.720880 0.476898 1 16 1.000000
  16 24.649517 33.072041 5.467506 -0.985904 0.013121 0.166793 0.718131 0.454800 1 16 1.000000
  16 24.703863 32.841511 5.088312 -0.825324 -0.267121 -0.497480 0.738285 0.456179 1 16 1.000000
v_hands
  16 24.894537 32.782837 5.932622 -0.557442 0.045789 0.828952 0.703064 0.481944 1 16 1.000000
  16 25.245838 33.258556 5.849520 0.133128 0.299140 0.944877 0.680455 0.461505 1 16 1.000000
  16 24.829172 33.145767 5.799554 -0.605875 0.186764 0.773327 0.700289 0.458421 1 16 1.000000
v_hands
  16 24.894537 32.782837 5.932622 -0.557442 0.045789 0.828952 0.703064 0.481944 1 16 1.000000
  16 25.319544 32.833942 5.997771 0.188124 0.237367 0.953030 0.685764 0.490181 1 16 1.000000
  16 25.245838 33.258556 5.849520 0.133128 0.299140 0.944877 0.680455 0.461505 1 16 1.000000
v_hands
  21 23.001431 37.554279 1.129612 0.902801 0.243798 -0.354279 0.645103 0.717486 2 21 0.881006 22 0.118994
  17 22.739363 39.320652 1.226876 0.894887 0.184033 -0.406581 0.674503 0.653320 1 17 1.000000
  17 23.226627 37.641121 1.549062 0.829925 0.175353 -0.529600 0.663363 0.722750 2 17 0.845153 21 0.154847
v_hands
  21 23.001431 37.554279 1.129612 0.902801 0.243798 -0.354279 0.645103 0.717486 2 21 0.881006 22 0.118994
  21 22.450232 38.980740 0.550915 0.864939 0.199691 -0.460439 0.642594 0.652860 1 21 1.000000
  17 22.739363 39.320652 1.226876 0.894887 0.184033 -0.406581 0.674503 0.653320 1 17 1.000000
v_hands
  17 23.226627 37.641121 1.549062 0.829925 0.175353 -0.529600 0.663363 0.722750 2 17 0.845153 21 0.154847
  22 23.292406 36.744400 1.145078 0.973374 0.147158 -0.175747 0.635504 0.750059 2 22 0.661909 21 0.338092
  21 23.001431 37.554279 1.129612 0.902801 0.243798 -0.354279 0.645103 0.717486 2 21 0.881006 22 0.118994
v_hands
  17 23.226627 37.641121 1.549062 0.829925 0.175353 -0.529600 0.663363 0.722750 2 17 0.845153 21 0.154847
  18 23.448057 36.892410 1.776604 0.755481 -0.003680 -0.655160 0.661334 0.754781 1 18 1.000000
  22 23.292406 36.744400 1.145078 0.973374 0.147158 -0.175747 0.635504 0.750059 2 22 0.661909 21 0.338092
v_hands
  17 23.456520 37.787304 2.306543 0.931319 0.309954 -0.191240 0.694291 0.730120 1 17 1.000000
  17 23.042654 39.611946 2.105867 0.893302 0.152968 -0.422625 0.712765 0.658146 1 17 1.000000
  13 23.643202 38.024570 2.871033 0.834160 0.097177 -0.542894 0.719597 0.731353 1 13 1.000000
v_hands
  17 23.456520 37.787304 2.306543 0.931319 0.309954 -0.191240 0.694291 0.730120 1 17 1.000000
  17 22.845131 39.425190 1.665914 0.926632 0.188672 -0.325200 0.692461 0.656511 1 17 1.000000
  17 23.042654 39.611946 2.105867 0.893302 0.152968 -0.422625 0.712765 0.658146 1 17 1.000000
v_hands
  17 23.150238 38.387657 1.760352 0.897682 0.302070 -0.320811 0.682018 0.698188 1 17 1.000000
  17 22.739363 39.320652 1.226876 0.894887 0.184033 -0.406581 0.674503 0.653320 1 17 1.000000
  17 22.911711 39.191639 1.523103 0.933485 0.216993 -0.285518 0.684434 0.663868 1 17 1.000000
v_hands
  17 23.150238 38.387657 1.760352 0.897682 0.302070 -0.320811 0.682018 0.698188 1 17 1.000000
  17 23.226627 37.641121 1.549062 0.829925 0.175353 -0.529600 0.663363 0.722750 2 17 0.845153 21 0.154847
  17 22.739363 39.320652 1.226876 0.894887 0.184033 -0.406581 0.674503 0.653320 1 17 1.000000
v_hands
  17 22.739363 39.320652 1.226876 0.894887 0.184033 -0.406581 0.674503 0.653320 1 17 1.000000
  17 22.845131 39.425190 1.665914 0.926632 0.188672 -0.325200 0.692461 0.656511 1 17 1.000000
  17 22.911711 39.191639 1.523103 0.933485 0.216993 -0.285518 0.684434 0.663868 1 17 1.000000
v_hands
  17 22.739363 39.320652 1.226876 0.894887 0.184033 -0.406581 0.674503 0.653320 1 17 1.000000
  5 22.586067 40.418415 1.350201 0.909906 0.116636 -0.398080 0.695042 0.614343 1 5 1.000000
  17 22.845131 39.425190 1.665914 0.926632 0.188672 -0.325200 0.692461 0.656511 1 17 1.000000
v_hands
  18 22.379917 36.477932 2.048514 -0.911447 -0.348277 0.219016 0.798291 0.222837 2 18 0.845306 22 0.154694
  17 22.351217 37.013161 2.543323 -0.935685 -0.208035 0.284983 0.767125 0.219038 1 17 1.000000
  21 22.252237 36.851997 1.828546 -0.910855 -0.223154 0.347197 0.799345 0.205866 1 21 1.000000
v_hands
  18 22.379917 36.477932 2.048514 -0.911447 -0.348277 0.219016 0.798291 0.222837 2 18 0.845306 22 0.154694
  18 22.518248 36.429234 2.762994 -0.900801 -0.307929 0.306164 0.769134 0.242672 1 18 1.000000
  17 22.351217 37.013161 2.543323 -0.935685 -0.208035 0.284983 0.767125 0.219038 1 17 1.000000
v_hands
  17 22.351217 37.013161 2.543323 -0.935685 -0.208035 0.284983 0.767125 0.219038 1 17 1.000000
  17 22.386526 37.601414 3.013561 -0.900161 -0.267944 0.343388 0.739495 0.212250 1 17 1.000000
  17 22.244804 37.498089 2.435294 -0.887179 -0.318405 0.333962 0.762300 0.201553 1 17 1.000000
v_hands
  17 22.351217 37.013161 2.543323 -0.935685 -0.208035 0.284983 0.767125 0.219038 1 17 1.000000
  17 22.509066 37.193047 3.101645 -0.916169 -0.232266 0.326630 0.743105 0.226696 1 17 1.000000
  17 22.386526 37.601414 3.013561 -0.900161 -0.267944 0.343388 0.739495 0.212250 1 17 1.000000
v_hands
  17 23.226627 37.641121 1.549062 0.829925 0.175353 -0.529600 0.663363 0.722750 2 17 0.845153 21 0.154847
  17 23.528587 37.262379 1.815112 0.730425 0.097257 -0.676032 0.669553 0.743483 1 17 1.000000
  18 23.448057 36.892410 1.776604 0.755481 -0.003680 -0.655160 0.661334 0.754781 1 18 1.000000
v_hands
  17 23.226627 37.641121 1.549062 0.829925 0.175353 -0.529600 0.663363 0.722750 2 17 0.845153 21 0.154847
  17 23.346085 37.740093 1.704387 0.737912 0.163645 -0.654757 0.671598 0.722880 1 17 1.000000
  17 23.528587 37.262379 1.815112 0.730425 0.097257 -0.676032 0.669553 0.743483 1 17 1.000000
v_hands
  17 23.456520 37.787304 2.306543 0.931319 0.309954 -0.191240 0.694291 0.730120 1 17 1.000000
  17 23.659105 37.378902 2.246190 0.904141 0.426925 0.016246 0.687694 0.746510 1 17 1.000000
  17 23.459455 37.805984 2.059977 0.901353 0.432990 -0.009095 0.686130 0.726513 1 17 1.000000
v_hands
  17 23.456520 37.787304 2.306543 0.931319 0.309954 -0.191240 0.694291 0.730120 1 17 1.000000
  18 23.726940 37.125427 2.598306 0.950056 0.311576 0.017728 0.696412 0.760597 1 18 1.000000
  17 23.659105 37.378902 2.246190 0.904141 0.426925 0.016246 0.687694 0.746510 1 17 1.000000
v_hands
  18 23.712467 37.048050 1.944680 0.735759 0.077262 -0.672822 0.672470 0.755145 1 18 1.000000
  17 23.528587 37.262379 1.815112 0.730425 0.097257 -0.676032 0.669553 0.743483 1 17 1.000000
  18 23.649578 37.164528 1.971314 0.721905 0.173962 -0.669769 0.674622 0.750512 1 18 1.000000
v_hands
  18 23.712467 37.048050 1.944680 0.735759 0.077262 -0.672822 0.672470 0.755145 1 18 1.000000
  18 23.448057 36.892410 1.776604 0.755481 -0.003680 -0.655160 0.661334 0.754781 1 18 1.000000
  17 23.528587 37.262379 1.815112 0.730425 0.097257 -0.676032 0.669553 0.743483 1 17 1.000000
v_hands
  17 23.700827 37.255154 2.045279 0.871304 0.347894 -0.346120 0.679193 0.748977 1 17 1.000000
  17 23.659105 37.378902 2.246190 0.904141 0.426925 0.016246 0.687694 0.746510 1 17 1.000000
  18 23.708153 37.252472 2.192589 0.892316 0.451389 0.004467 0.684304 0.750965 1 18 1.000000
v_hands
  17 23.700827 37.255154 2.045279 0.871304 0.347894 -0.346120 0.679193 0.748977 1 17 1.000000
  17 23.622732 37.425549 1.976579 0.894574 0.284974 -0.344277 0.678779 0.741088 1 17 1.000000
  17 23.659105 37.378902 2.246190 0.904141 0.426925 0.016246 0.687694 0.746510 1 17 1.000000
v_hands
  17 23.622732 37.425549 1.976579 0.894574 0.284974 -0.344277 0.678779 0.741088 1 17 1.000000
  17 23.346085 37.740093 1.704387 0.737912 0.163645 -0.654757 0.671598 0.722880 1 17 1.000000
  17 23.417732 37.827675 1.852723 0.869476 0.349207 -0.349380 0.678899 0.722644 1 17 1.000000
v_hands
  17 23.622732 37.425549 1.976579 0.894574 0.284974 -0.344277 0.678779 0.741088 1 17 1.000000
  17 23.528587 37.262379 1.815112 0.730425 0.097257 -0.676032 0.669553 0.743483 1 17 1.000000
  17 23.346085 37.740093 1.704387 0.737912 0.163645 -0.654757 0.671598 0.722880 1 17 1.000000
v_hands
  18 23.783184 37.109978 2.093102 0.898022 0.298636 -0.323069 0.679346 0.755792 1 18 1.000000
  18 23.708153 37.252472 2.192589 0.892316 0.451389 0.004467 0.684304 0.750965 1 18 1.000000
  18 23.788246 37.122734 2.311920 0.915617 0.400471 0.035616 0.687148 0.758079 1 18 1.000000
v_hands
  18 23.783184 37.109978 2.093102 0.898022 0.298636 -0.323069 0.679346 0.755792 1 18 1.000000
  17 23.700827 37.255154 2.045279 0.871304 0.347894 -0.346120 0.679193 0.748977 1 17 1.000000
  18 23.708153 37.252472 2.192589 0.892316 0.451389 0.004467 0.684304 0.750965 1 18 1.000000
v_hands
  21 21.299288 38.314976 1.582124 -0.763701 -0.462945 0.449935 0.774754 0.135457 1 21 1.000000
  17 22.244804 37.498089 2.435294 -0.887179 -0.318405 0.333962 0.762300 0.201553 1 17 1.000000
  17 21.573437 38.701729 2.277571 -0.776779 -0.465592 0.424074 0.745371 0.146044 1 17 1.000000
v_hands
  21 21.299288 38.314976 1.582124 -0.763701 -0.462945 0.449935 0.774754 0.135457 1 21 1.000000
  21 22.036228 37.313572 1.613453 -0.822718 -0.339886 0.455646 0.797339 0.183032 1 21 1.000000
  17 22.244804 37.498089 2.435294 -0.887179 -0.318405 0.333962 0.762300 0.201553 1 17 1.000000
v_hands
  17 23.042654 39.611946 2.105867 0.893302 0.152968 -0.422625 0.712765 0.658146 1 17 1.000000
  5 22.586067 40.418415 1.350201 0.909906 0.116636 -0.398080 0.695042 0.614343 1 5 1.000000
  5 22.788095 40.766384 1.930551 0.942410 0.205673 -0.263744 0.722864 0.612124 1 5 1.000000
v_hands
  17 23.042654 39.611946 2.105867 0.893302 0.152968 -0.422625 0.712765 0.658146 1 17 1.000000
  17 22.845131 39.425190 1.665914 0.926632 0.188672 -0.325200 0.692461 0.656511 1 17 1.000000
  5 22.586067 40.418415 1.350201 0.909906 0.116636 -0.398080 0.695042 0.614343 1 5 1.000000
v_hands
  17 23.150238 38.387657 1.760352 0.897682 0.302070 -0.320811 0.682018 0.698188 1 17 1.000000
  17 22.845131 39.425190 1.665914 0.926632 0.188672 -0.325200 0.692461 0.656511 1 17 1.000000
  17 23.456520 37.787304 2.306543 0.931319 0.309954 -0.191240 0.694291 0.730120 1 17 1.000000
v_hands
  17 23.150238 38.387657 1.760352 0.897682 0.302070 -0.320811 0.682018 0.698188 1 17 1.000000
  17 22.911711 39.191639 1.523103 0.933485 0.216993 -0.285518 0.684434 0.663868 1 17 1.000000
  17 22.845131 39.425190 1.665914 0.926632 0.188672 -0.325200 0.692461 0.656511 1 17 1.000000
v_hands
  18 23.649578 37.164528 1.971314 0.721905 0.173962 -0.669769 0.674622 0.750512 1 18 1.000000
  17 23.622732 37.425549 1.976579 0.894574 0.284974 -0.344277 0.678779 0.741088 1 17 1.000000
  17 23.700827 37.255154 2.045279 0.871304 0.347894 -0.346120 0.679193 0.748977 1 17 1.000000
v_hands
  18 23.649578 37.164528 1.971314 0.721905 0.173962 -0.669769 0.674622 0.750512 1 18 1.000000
  17 23.528587 37.262379 1.815112 0.730425 0.097257 -0.676032 0.669553 0.743483 1 17 1.000000
  17 23.622732 37.425549 1.976579 0.894574 0.284974 -0.344277 0.678779 0.741088 1 17 1.000000
v_hands
  18 23.788246 37.122734 2.311920 0.915617 0.400471 0.035616 0.687148 0.758079 1 18 1.000000
  17 23.659105 37.378902 2.246190 0.904141 0.426925 0.016246 0.687694 0.746510 1 17 1.000000
  18 23.726940 37.125427 2.598306 0.950056 0.311576 0.017728 0.696412 0.760597 1 18 1.000000
v_hands
  18 23.788246 37.122734 2.311920 0.915617 0.400471 0.035616 0.687148 0.758079 1 18 1.000000
  18 23.708153 37.252472 2.192589 0.892316 0.451389 0.004467 0.684304 0.750965 1 18 1.000000
  17 23.659105 37.378902 2.246190 0.904141 0.426925 0.016246 0.687694 0.746510 1 17 1.000000
v_hands
  18 23.783184 37.109978 2.093102 0.898022 0.298636 -0.323069 0.679346 0.755792 1 18 1.000000
  18 23.649578 37.164528 1.971314 0.721905 0.173962 -0.669769 0.674622 0.750512 1 18 1.000000
  17 23.700827 37.255154 2.045279 0.871304 0.347894 -0.346120 0.679193 0.748977 1 17 1.000000
v_hands
  18 23.783184 37.109978 2.093102 0.898022 0.298636 -0.323069 0.679346 0.755792 1 18 1.000000
  18 23.712467 37.048050 1.944680 0.735759 0.077262 -0.672822 0.672470 0.755145 1 18 1.000000
  18 23.649578 37.164528 1.971314 0.721905 0.173962 -0.669769 0.674622 0.750512 1 18 1.000000
v_hands
  17 23.459455 37.805984 2.059977 0.901353 0.432990 -0.009095 0.686130 0.726513 1 17 1.000000
  17 23.622732 37.425549 1.976579 0.894574 0.284974 -0.344277 0.678779 0.741088 1 17 1.000000
  17 23.417732 37.827675 1.852723 0.869476 0.349207 -0.349380 0.678899 0.722644 1 17 1.000000
v_hands
  17 23.459455 37.805984 2.059977 0.901353 0.432990 -0.009095 0.686130 0.726513 1 17 1.000000
  17 23.659105 37.378902 2.246190 0.904141 0.426925 0.016246 0.687694 0.746510 1 17 1.000000
  17 23.622732 37.425549 1.976579 0.894574 0.284974 -0.344277 0.678779 0.741088 1 17 1.000000
v_hands
  17 23.417732 37.827675 1.852723 0.869476 0.349207 -0.349380 0.678899 0.722644 1 17 1.000000
  17 23.456520 37.787304 2.306543 0.931319 0.309954 -0.191240 0.694291 0.730120 1 17 1.000000
  17 23.459455 37.805984 2.059977 0.901353 0.432990 -0.009095 0.686130 0.726513 1 17 1.000000
v_hands
  17 23.417732 37.827675 1.852723 0.869476 0.349207 -0.349380 0.678899 0.722644 1 17 1.000000
  17 23.150238 38.387657 1.760352 0.897682 0.302070 -0.320811 0.682018 0.698188 1 17 1.000000
  17 23.456520 37.787304 2.306543 0.931319 0.309954 -0.191240 0.694291 0.730120 1 17 1.000000
v_hands
  17 23.417732 37.827675 1.852723 0.869476 0.349207 -0.349380 0.678899 0.722644 1 17 1.000000
  17 23.226627 37.641121 1.549062 0.829925 0.175353 -0.529600 0.663363 0.722750 2 17 0.845153 21 0.154847
  17 23.150238 38.387657 1.760352 0.897682 0.302070 -0.320811 0.682018 0.698188 1 17 1.000000
v_hands
  17 23.417732 37.827675 1.852723 0.869476 0.349207 -0.349380 0.678899 0.722644 1 17 1.000000
  17 23.346085 37.740093 1.704387 0.737912 0.163645 -0.654757 0.671598 0.722880 1 17 1.000000
  17 23.226627 37.641121 1.549062 0.829925 0.175353 -0.529600 0.663363 0.722750 2 17 0.845153 21 0.154847
v_hands
  17 22.244804 37.498089 2.435294 -0.887179 -0.318405 0.333962 0.762300 0.201553 1 17 1.000000
  21 22.252237 36.851997 1.828546 -0.910855 -0.223154 0.347197 0.799345 0.205866 1 21 1.000000
  17 22.351217 37.013161 2.543323 -0.935685 -0.208035 0.284983 0.767125 0.219038 1 17 1.000000
v_hands
  17 22.244804 37.498089 2.435294 -0.887179 -0.318405 0.333962 0.762300 0.201553 1 17 1.000000
  21 22.036228 37.313572 1.613453 -0.822718 -0.339886 0.455646 0.797339 0.183032 1 21 1.000000
  21 22.252237 36.851997 1.828546 -0.910855 -0.223154 0.347197 0.799345 0.205866 1 21 1.000000
v_hands
  18 22.518248 36.429234 2.762994 -0.900801 -0.307929 0.306164 0.769134 0.242672 1 18 1.000000
  17 22.509066 37.193047 3.101645 -0.916169 -0.232266 0.326630 0.743105 0.226696 1 17 1.000000
  17 22.351217 37.013161 2.543323 -0.935685 -0.208035 0.284983 0.767125 0.219038 1 17 1.000000
v_hands
  18 22.518248 36.429234 2.762994 -0.900801 -0.307929 0.306164 0.769134 0.242672 1 18 1.000000
  18 22.794899 36.673134 3.307492 -0.865423 -0.305611 0.397046 0.745063 0.251130 1 18 1.000000
  17 22.509066 37.193047 3.101645 -0.916169 -0.232266 0.326630 0.743105 0.226696 1 17 1.000000
v_hands
  12 24.387962 33.388840 6.986052 -0.617423 -0.675362 -0.403329 0.588635 0.489458 1 12 1.000000
  12 24.631218 33.513592 6.704326 0.053170 -0.541422 -0.839068 0.607919 0.487476 1 12 1.000000
  12 24.785418 33.148018 7.052994 -0.007441 -0.898602 -0.438700 0.593886 0.511338 1 12 1.000000
v_hands
  12 24.387962 33.388840 6.986052 -0.617423 -0.675362 -0.403329 0.588635 0.489458 1 12 1.000000
  12 24.330603 33.669273 6.792828 -0.654281 -0.450918 -0.607115 0.597535 0.474102 1 12 1.000000
  12 24.631218 33.513592 6.704326 0.053170 -0.541422 -0.839068 0.607919 0.487476 1 12 1.000000
v_hands
  12 24.392103 34.274734 6.458961 -0.580707 -0.377347 -0.721379 0.613713 0.442862 2 12 0.661909 11 0.338092
  12 24.695040 34.042316 6.446673 0.141435 -0.416894 -0.897884 0.630620 0.459069 2 12 0.935455 11 0.064546
  12 24.389057 34.150833 6.507733 -0.611241 -0.315808 -0.725706 0.611656 0.449714 2 12 0.806805 11 0.193195
v_hands
  12 24.392103 34.274734 6.458961 -0.580707 -0.377347 -0.721379 0.613713 0.442862 2 12 0.661909 11 0.338092
  11 24.693827 34.338093 6.315073 0.194939 -0.436788 -0.878188 0.635994 0.443780 2 11 0.531287 12 0.468713
  12 24.695040 34.042316 6.446673 0.141435 -0.416894 -0.897884 0.630620 0.459069 2 12 0.935455 11 0.064546
v_hands
  12 24.228987 34.639690 7.186317 -0.786992 0.212066 0.579371 0.570189 0.427051 2 12 0.696195 11 0.303805
  12 24.570328 34.577602 7.380685 0.020939 0.401657 0.915551 0.548061 0.428724 1 12 1.000000
  12 24.590134 34.809364 7.260097 0.025873 0.405623 0.913674 0.551060 0.413426 2 12 0.903402 11 0.096598
v_hands
  12 24.228987 34.639690 7.186317 -0.786992 0.212066 0.579371 0.570189 0.427051 2 12 0.696195 11 0.303805
  12 24.243593 34.495125 7.267866 -0.785374 0.259074 0.562200 0.566661 0.435449 2 12 0.800610 11 0.199390
  12 24.570328 34.577602 7.380685 0.020939 0.401657 0.915551 0.548061 0.428724 1 12 1.000000
v_hands
  12 24.389057 34.150833 6.507733 -0.611241 -0.315808 -0.725706 0.611656 0.449714 2 12 0.806805 11 0.193195
  12 24.160128 34.367287 6.757644 -0.970515 -0.159313 -0.180886 0.595255 0.436083 2 12 0.541375 11 0.458625
  12 24.392103 34.274734 6.458961 -0.580707 -0.377347 -0.721379 0.613713 0.442862 2 12 0.661909 11 0.338092
v_hands
  12 24.389057 34.150833 6.507733 -0.611241 -0.315808 -0.725706 0.611656 0.449714 2 12 0.806805 11 0.193195
  12 24.137690 34.266193 6.814416 -0.976258 -0.078993 -0.201695 0.592368 0.443770 2 12 0.643103 11 0.356897
  12 24.160128 34.367287 6.757644 -0.970515 -0.159313 -0.180886 0.595255 0.436083 2 12 0.541375 11 0.458625
v_hands
  11 25.039064 35.240658 6.138634 0.838688 -0.260048 -0.478516 0.817819 0.880860 1 11 1.000000
  11 25.050358 34.559444 6.789337 0.992215 -0.005679 0.124410 0.844202 0.907538 2 11 0.821079 12 0.178921
  11 24.939535 34.358158 6.524043 0.833541 -0.279516 -0.476529 0.827922 0.913210 1 11 1.000000
v_hands
  11 25.039064 35.240658 6.138634 0.838688 -0.260048 -0.478516 0.817819 0.880860 1 11 1.000000
  11 25.070507 35.429077 6.458934 0.984528 0.001662 0.175219 0.835570 0.873149 1 11 1.000000
  11 25.050358 34.559444 6.789337 0.992215 -0.005679 0.124410 0.844202 0.907538 2 11 0.821079 12 0.178921
v_hands
  12 24.631218 33.513592 6.704326 0.053170 -0.541422 -0.839068 0.827503 0.955573 1 12 1.000000
  12 24.915586 33.218155 7.064617 0.761686 -0.613194 -0.209350 0.849372 0.962236 1 12 1.000000
  12 24.785418 33.148018 7.052994 -0.007441 -0.898602 -0.438700 0.844577 0.971932 1 12 1.000000
v_hands
  12 24.631218 33.513592 6.704326 0.053170 -0.541422 -0.839068 0.827503 0.955573 1 12 1.000000
  12 24.960146 33.619305 6.829733 0.840927 -0.297668 -0.451923 0.840490 0.946794 1 12 1.000000
  12 24.915586 33.218155 7.064617 0.761686 -0.613194 -0.209350 0.849372 0.962236 1 12 1.000000
v_hands
  12 24.830656 33.445820 7.607715 0.688366 -0.161363 0.707188 0.871803 0.955716 1 12 1.000000
  12 24.953474 33.751003 7.147915 0.987831 -0.019235 0.154337 0.855666 0.941547 1 12 1.000000
  12 24.829988 34.020626 7.439993 0.738515 0.174565 0.651246 0.869688 0.933086 1 12 1.000000
v_hands
  12 24.830656 33.445820 7.607715 0.688366 -0.161363 0.707188 0.871803 0.955716 1 12 1.000000
  12 24.865925 33.233120 7.361769 0.810290 -0.478422 0.338441 0.861712 0.961965 1 12 1.000000
  12 24.953474 33.751003 7.147915 0.987831 -0.019235 0.154337 0.855666 0.941547 1 12 1.000000
v_hands
  11 24.035755 35.042511 6.428755 -0.971109 -0.205703 -0.120966 0.608703 0.397042 1 11 1.000000
  12 24.228987 34.639690 7.186317 -0.786992 0.212066 0.579371 0.570189 0.427051 2 12 0.696195 11 0.303805
  11 24.069202 35.288940 6.865737 -0.795611 0.142471 0.588816 0.584999 0.389706 1 11 1.000000
v_hands
  11 24.035755 35.042511 6.428755 -0.971109 -0.205703 -0.120966 0.608703 0.397042 1 11 1.000000
  12 24.160128 34.367287 6.757644 -0.970515 -0.159313 -0.180886 0.595255 0.436083 2 12 0.541375 11 0.458625
  12 24.228987 34.639690 7.186317 -0.786992 0.212066 0.579371 0.570189 0.427051 2 12 0.696195 11 0.303805
v_hands
  12 24.281441 33.610928 7.477236 -0.816047 -0.224189 0.532736 0.560672 0.479369 1 12 1.000000
  12 24.177092 33.809669 7.042357 -0.975777 -0.184573 -0.117441 0.581863 0.465394 1 12 1.000000
  12 24.274855 33.398216 7.252139 -0.834009 -0.550809 0.032230 0.572742 0.487667 1 12 1.000000
v_hands
  12 24.281441 33.610928 7.477236 -0.816047 -0.224189 0.532736 0.560672 0.479369 1 12 1.000000
  12 24.246910 34.084896 7.413661 -0.816599 0.109564 0.566711 0.561096 0.456621 1 12 1.000000
  12 24.177092 33.809669 7.042357 -0.975777 -0.184573 -0.117441 0.581863 0.465394 1 12 1.000000
v_hands
  11 24.693827 34.338093 6.315073 0.194939 -0.436788 -0.878188 0.635994 0.443780 2 11 0.531287 12 0.468713
  11 24.215405 34.882355 6.151357 -0.587148 -0.434884 -0.682739 0.626291 0.406309 1 11 1.000000
  11 24.686405 35.031044 5.959849 0.198087 -0.450281 -0.870637 0.650927 0.407232 1 11 1.000000
v_hands
  11 24.693827 34.338093 6.315073 0.194939 -0.436788 -0.878188 0.635994 0.443780 2 11 0.531287 12 0.468713
  12 24.392103 34.274734 6.458961 -0.580707 -0.377347 -0.721379 0.613713 0.442862 2 12 0.661909 11 0.338092
  11 24.215405 34.882355 6.151357 -0.587148 -0.434884 -0.682739 0.626291 0.406309 1 11 1.000000
v_hands
  12 24.523710 34.039146 7.585114 -0.041006 0.278829 0.959465 0.540851 0.459997 1 12 1.000000
  12 24.281441 33.610928 7.477236 -0.816047 -0.224189 0.532736 0.560672 0.479369 1 12 1.000000
  12 24.565023 33.420609 7.730829 -0.148386 -0.319826 0.935785 0.545091 0.496350 1 12 1.000000
v_hands
  12 24.523710 34.039146 7.585114 -0.041006 0.278829 0.959465 0.540851 0.459997 1 12 1.000000
  12 24.246910 34.084896 7.413661 -0.816599 0.109564 0.566711 0.561096 0.456621 1 12 1.000000
  12 24.281441 33.610928 7.477236 -0.816047 -0.224189 0.532736 0.560672 0.479369 1 12 1.000000
v_hands
  12 24.590134 34.809364 7.260097 0.025873 0.405623 0.913674 0.551060 0.413426 2 12 0.903402 11 0.096598
  11 24.069202 35.288940 6.865737 -0.795611 0.142471 0.588816 0.584999 0.389706 1 11 1.000000
  12 24.228987 34.639690 7.186317 -0.786992 0.212066 0.579371 0.570189 0.427051 2 12 0.696195 11 0.303805
v_hands
  12 24.590134 34.809364 7.260097 0.025873 0.405623 0.913674 0.551060 0.413426 2 12 0.903402 11 0.096598
  11 24.489771 35.641304 6.951903 -0.009503 0.369463 0.929197 0.560525 0.381464 1 11 1.000000
  11 24.069202 35.288940 6.865737 -0.795611 0.142471 0.588816 0.584999 0.389706 1 11 1.000000
v_hands
  12 24.274855 33.398216 7.252139 -0.834009 -0.550809 0.032230 0.572742 0.487667 1 12 1.000000
  12 24.565023 33.420609 7.730829 -0.148386 -0.319826 0.935785 0.545091 0.496350 1 12 1.000000
  12 24.281441 33.610928 7.477236 -0.816047 -0.224189 0.532736 0.560672 0.479369 1 12 1.000000
v_hands
  12 24.274855 33.398216 7.252139 -0.834009 -0.550809 0.032230 0.572742 0.487667 1 12 1.000000
  12 24.675085 33.146553 7.384835 -0.100734 -0.943065 0.316986 0.567348 0.510278 1 12 1.000000
  12 24.565023 33.420609 7.730829 -0.148386 -0.319826 0.935785 0.545091 0.496350 1 12 1.000000
v_hands
  12 24.865925 33.233120 7.361769 0.810290 -0.478422 0.338441 0.861712 0.961965 1 12 1.000000
  12 24.785418 33.148018 7.052994 -0.007441 -0.898602 -0.438700 0.844577 0.971932 1 12 1.000000
  12 24.915586 33.218155 7.064617 0.761686 -0.613194 -0.209350 0.849372 0.962236 1 12 1.000000
v_hands
  12 24.865925 33.233120 7.361769 0.810290 -0.478422 0.338441 0.861712 0.961965 1 12 1.000000
  12 24.675085 33.146553 7.384835 -0.100734 -0.943065 0.316986 0.866402 0.972957 1 12 1.000000
  12 24.785418 33.148018 7.052994 -0.007441 -0.898602 -0.438700 0.844577 0.971932 1 12 1.000000
v_hands
  11 24.891556 36.016819 6.617446 0.623845 0.365074 0.691041 0.847528 0.851877 3 11 0.585235 10 0.281295 12 0.133470
  10 24.398581 36.287052 6.648277 -0.033536 0.406516 0.913028 0.859193 0.837628 2 10 0.784167 11 0.215833
  11 24.450094 35.988743 6.787325 -0.042349 0.397904 0.916449 0.863855 0.849924 2 11 0.728817 10 0.271183
v_hands
  11 24.891556 36.016819 6.617446 0.623845 0.365074 0.691041 0.847528 0.851877 3 11 0.585235 10 0.281295 12 0.133470
  10 24.807535 36.344868 6.480457 0.593206 0.461323 0.659763 0.843259 0.840101 2 10 0.708787 11 0.291213
  10 24.398581 36.287052 6.648277 -0.033536 0.406516 0.913028 0.859193 0.837628 2 10 0.784167 11 0.215833
v_hands
  12 24.830656 33.445820 7.607715 0.688366 -0.161363 0.707188 0.871803 0.955716 1 12 1.000000
  12 24.523710 34.039146 7.585114 -0.041006 0.278829 0.959465 0.883966 0.932452 1 12 1.000000
  12 24.565023 33.420609 7.730829 -0.148386 -0.319826 0.935785 0.882347 0.959424 1 12 1.000000
v_hands
  12 24.830656 33.445820 7.607715 0.688366 -0.161363 0.707188 0.871803 0.955716 1 12 1.000000
  12 24.829988 34.020626 7.439993 0.738515 0.174565 0.651246 0.869688 0.933086 1 12 1.000000
  12 24.523710 34.039146 7.585114 -0.041006 0.278829 0.959465 0.883966 0.932452 1 12 1.000000
v_hands
  11 24.939535 34.358158 6.524043 0.833541 -0.279516 -0.476529 0.827922 0.913210 1 11 1.000000
  12 25.037821 34.320309 6.895947 0.994958 -0.007519 0.100011 0.847281 0.917051 2 12 0.877032 11 0.122968
  12 24.891729 34.107952 6.619246 0.824137 -0.266059 -0.500011 0.830975 0.923741 2 12 0.917788 11 0.082212
v_hands
  11 24.939535 34.358158 6.524043 0.833541 -0.279516 -0.476529 0.827922 0.913210 1 11 1.000000
  11 25.050358 34.559444 6.789337 0.992215 -0.005679 0.124410 0.844202 0.907538 2 11 0.821079 12 0.178921
  12 25.037821 34.320309 6.895947 0.994958 -0.007519 0.100011 0.847281 0.917051 2 12 0.877032 11 0.122968
v_hands
  12 24.590134 34.809364 7.260097 0.025873 0.405623 0.913674 0.872654 0.898115 2 12 0.903402 11 0.096598
  12 24.830359 34.544342 7.256137 0.708330 0.257922 0.657073 0.865024 0.910110 2 12 0.900316 11 0.099684
  11 24.809988 34.831413 7.126257 0.689704 0.281822 0.666997 0.861430 0.897802 1 11 1.000000
v_hands
  12 24.590134 34.809364 7.260097 0.025873 0.405623 0.913674 0.872654 0.898115 2 12 0.903402 11 0.096598
  12 24.570328 34.577602 7.380685 0.020939 0.401657 0.915551 0.877280 0.908335 1 12 1.000000
  12 24.830359 34.544342 7.256137 0.708330 0.257922 0.657073 0.865024 0.910110 2 12 0.900316 11 0.099684
v_hands
  12 24.695040 34.042316 6.446673 0.141435 -0.416894 -0.897884 0.818256 0.930076 2 12 0.935455 11 0.064546
  11 24.939535 34.358158 6.524043 0.833541 -0.279516 -0.476529 0.827922 0.913210 1 11 1.000000
  12 24.891729 34.107952 6.619246 0.824137 -0.266059 -0.500011 0.830975 0.923741 2 12 0.917788 11 0.082212
v_hands
  12 24.695040 34.042316 6.446673 0.141435 -0.416894 -0.897884 0.818256 0.930076 2 12 0.935455 11 0.064546
  11 24.693827 34.338093 6.315073 0.194939 -0.436788 -0.878188 0.814670 0.916529 2 11 0.531287 12 0.468713
  11 24.939535 34.358158 6.524043 0.833541 -0.279516 -0.476529 0.827922 0.913210 1 11 1.000000
v_hands
  11 24.891556 36.016819 6.617446 0.623845 0.365074 0.691041 0.847528 0.851877 3 11 0.585235 10 0.281295 12 0.133470
  10 25.015665 36.190578 6.152493 0.958051 0.280792 0.057396 0.827998 0.845972 2 10 0.660433 11 0.339567
  10 24.807535 36.344868 6.480457 0.593206 0.461323 0.659763 0.843259 0.840101 2 10 0.708787 11 0.291213
v_hands
  11 24.891556 36.016819 6.617446 0.623845 0.365074 0.691041 0.847528 0.851877 3 11 0.585235 10 0.281295 12 0.133470
  11 25.138258 35.817371 6.315568 0.983532 0.142615 0.111023 0.831641 0.859114 3 11 0.716028 10 0.178488 12 0.105483
  10 25.015665 36.190578 6.152493 0.958051 0.280792 0.057396 0.827998 0.845972 2 10 0.660433 11 0.339567
v_hands
  12 24.246910 34.084896 7.413661 -0.816599 0.109564 0.566711 0.561096 0.456621 1 12 1.000000
  12 24.137690 34.266193 6.814416 -0.976258 -0.078993 -0.201695 0.592368 0.443770 2 12 0.643103 11 0.356897
  12 24.177092 33.809669 7.042357 -0.975777 -0.184573 -0.117441 0.581863 0.465394 1 12 1.000000
v_hands
  12 24.246910 34.084896 7.413661 -0.816599 0.109564 0.566711 0.561096 0.456621 1 12 1.000000
  12 24.243593 34.495125 7.267866 -0.785374 0.259074 0.562200 0.566661 0.435449 2 12 0.800610 11 0.199390
  12 24.137690 34.266193 6.814416 -0.976258 -0.078993 -0.201695 0.592368 0.443770 2 12 0.643103 11 0.356897
v_hands
  12 24.891729 34.107952 6.619246 0.824137 -0.266059 -0.500011 0.830975 0.923741 2 12 0.917788 11 0.082212
  12 24.953474 33.751003 7.147915 0.987831 -0.019235 0.154337 0.855666 0.941547 1 12 1.000000
  12 24.960146 33.619305 6.829733 0.840927 -0.297668 -0.451923 0.840490 0.946794 1 12 1.000000
v_hands
  12 24.891729 34.107952 6.619246 0.824137 -0.266059 -0.500011 0.830975 0.923741 2 12 0.917788 11 0.082212
  12 25.037821 34.320309 6.895947 0.994958 -0.007519 0.100011 0.847281 0.917051 2 12 0.877032 11 0.122968
  12 24.953474 33.751003 7.147915 0.987831 -0.019235 0.154337 0.855666 0.941547 1 12 1.000000
v_hands
  11 24.897905 35.620434 6.776329 0.659989 0.263496 0.703551 0.853323 0.865364 1 11 1.000000
  11 25.138258 35.817371 6.315568 0.983532 0.142615 0.111023 0.831641 0.859114 3 11 0.716028 10 0.178488 12 0.105483
  11 24.891556 36.016819 6.617446 0.623845 0.365074 0.691041 0.847528 0.851877 3 11 0.585235 10 0.281295 12 0.133470
v_hands
  11 24.897905 35.620434 6.776329 0.659989 0.263496 0.703551 0.853323 0.865364 1 11 1.000000
  11 25.070507 35.429077 6.458934 0.984528 0.001662 0.175219 0.835570 0.873149 1 11 1.000000
  11 25.138258 35.817371 6.315568 0.983532 0.142615 0.111023 0.831641 0.859114 3 11 0.716028 10 0.178488 12 0.105483
v_hands
  12 24.243593 34.495125 7.267866 -0.785374 0.259074 0.562200 0.566661 0.435449 2 12 0.800610 11 0.199390
  12 24.160128 34.367287 6.757644 -0.970515 -0.159313 -0.180886 0.595255 0.436083 2 12 0.541375 11 0.458625
  12 24.137690 34.266193 6.814416 -0.976258 -0.078993 -0.201695 0.592368 0.443770 2 12 0.643103 11 0.356897
v_hands
  12 24.243593 34.495125 7.267866 -0.785374 0.259074 0.562200 0.566661 0.435449 2 12 0.800610 11 0.199390
  12 24.228987 34.639690 7.186317 -0.786992 0.212066 0.579371 0.570189 0.427051 2 12 0.696195 11 0.303805
  12 24.160128 34.367287 6.757644 -0.970515 -0.159313 -0.180886 0.595255 0.436083 2 12 0.541375 11 0.458625
v_hands
  12 24.960146 33.619305 6.829733 0.840927 -0.297668 -0.451923 0.840490 0.946794 1 12 1.000000
  12 24.695040 34.042316 6.446673 0.141435 -0.416894 -0.897884 0.818256 0.930076 2 12 0.935455 11 0.064546
  12 24.891729 34.107952 6.619246 0.824137 -0.266059 -0.500011 0.830975 0.923741 2 12 0.917788 11 0.082212
v_hands
  12 24.960146 33.619305 6.829733 0.840927 -0.297668 -0.451923 0.840490 0.946794 1 12 1.000000
  12 24.631218 33.513592 6.704326 0.053170 -0.541422 -0.839068 0.827503 0.955573 1 12 1.000000
  12 24.695040 34.042316 6.446673 0.141435 -0.416894 -0.897884 0.818256 0.930076 2 12 0.935455 11 0.064546
v_hands
  12 24.915586 33.218155 7.064617 0.761686 -0.613194 -0.209350 0.849372 0.962236 1 12 1.000000
  12 24.953474 33.751003 7.147915 0.987831 -0.019235 0.154337 0.855666 0.941547 1 12 1.000000
  12 24.865925 33.233120 7.361769 0.810290 -0.478422 0.338441 0.861712 0.961965 1 12 1.000000
v_hands
  12 24.915586 33.218155 7.064617 0.761686 -0.613194 -0.209350 0.849372 0.962236 1 12 1.000000
  12 24.960146 33.619305 6.829733 0.840927 -0.297668 -0.451923 0.840490 0.946794 1 12 1.000000
  12 24.953474 33.751003 7.147915 0.987831 -0.019235 0.154337 0.855666 0.941547 1 12 1.000000
v_hands
  11 24.215405 34.882355 6.151357 -0.587148 -0.434884 -0.682739 0.626291 0.406309 1 11 1.000000
  12 24.160128 34.367287 6.757644 -0.970515 -0.159313 -0.180886 0.595255 0.436083 2 12 0.541375 11 0.458625
  11 24.035755 35.042511 6.428755 -0.971109 -0.205703 -0.120966 0.608703 0.397042 1 11 1.000000
v_hands
  11 24.215405 34.882355 6.151357 -0.587148 -0.434884 -0.682739 0.626291 0.406309 1 11 1.000000
  12 24.392103 34.274734 6.458961 -0.580707 -0.377347 -0.721379 0.613713 0.442862 2 12 0.661909 11 0.338092
  12 24.160128 34.367287 6.757644 -0.970515 -0.159313 -0.180886 0.595255 0.436083 2 12 0.541375 11 0.458625
v_hands
  12 24.387962 33.388840 6.986052 -0.617423 -0.675362 -0.403329 0.588635 0.489458 1 12 1.000000
  12 24.177092 33.809669 7.042357 -0.975777 -0.184573 -0.117441 0.581863 0.465394 1 12 1.000000
  12 24.330603 33.669273 6.792828 -0.654281 -0.450918 -0.607115 0.597535 0.474102 1 12 1.000000
v_hands
  12 24.387962 33.388840 6.986052 -0.617423 -0.675362 -0.403329 0.588635 0.489458 1 12 1.000000
  12 24.274855 33.398216 7.252139 -0.834009 -0.550809 0.032230 0.572742 0.487667 1 12 1.000000
  12 24.177092 33.809669 7.042357 -0.975777 -0.184573 -0.117441 0.581863 0.465394 1 12 1.000000
v_hands
  12 24.387962 33.388840 6.986052 -0.617423 -0.675362 -0.403329 0.588635 0.489458 1 12 1.000000
  12 24.675085 33.146553 7.384835 -0.100734 -0.943065 0.316986 0.567348 0.510278 1 12 1.000000
  12 24.274855 33.398216 7.252139 -0.834009 -0.550809 0.032230 0.572742 0.487667 1 12 1.000000
v_hands
  12 24.387962 33.388840 6.986052 -0.617423 -0.675362 -0.403329 0.588635 0.489458 1 12 1.000000
  12 24.785418 33.148018 7.052994 -0.007441 -0.898602 -0.438700 0.593886 0.511338 1 12 1.000000
  12 24.675085 33.146553 7.384835 -0.100734 -0.943065 0.316986 0.567348 0.510278 1 12 1.000000
v_hands
  12 24.830656 33.445820 7.607715 0.688366 -0.161363 0.707188 0.871803 0.955716 1 12 1.000000
  12 24.675085 33.146553 7.384835 -0.100734 -0.943065 0.316986 0.866402 0.972957 1 12 1.000000
  12 24.865925 33.233120 7.361769 0.810290 -0.478422 0.338441 0.861712 0.961965 1 12 1.000000
v_hands
  12 24.830656 33.445820 7.607715 0.688366 -0.161363 0.707188 0.871803 0.955716 1 12 1.000000
  12 24.565023 33.420609 7.730829 -0.148386 -0.319826 0.935785 0.882347 0.959424 1 12 1.000000
  12 24.675085 33.146553 7.384835 -0.100734 -0.943065 0.316986 0.866402 0.972957 1 12 1.000000
v_hands
  12 24.830359 34.544342 7.256137 0.708330 0.257922 0.657073 0.865024 0.910110 2 12 0.900316 11 0.099684
  11 25.050358 34.559444 6.789337 0.992215 -0.005679 0.124410 0.844202 0.907538 2 11 0.821079 12 0.178921
  11 24.809988 34.831413 7.126257 0.689704 0.281822 0.666997 0.861430 0.897802 1 11 1.000000
v_hands
  12 24.830359 34.544342 7.256137 0.708330 0.257922 0.657073 0.865024 0.910110 2 12 0.900316 11 0.099684
  12 25.037821 34.320309 6.895947 0.994958 -0.007519 0.100011 0.847281 0.917051 2 12 0.877032 11 0.122968
  11 25.050358 34.559444 6.789337 0.992215 -0.005679 0.124410 0.844202 0.907538 2 11 0.821079 12 0.178921
v_hands
  10 24.930651 36.013412 5.766818 0.793390 -0.085018 -0.602747 0.811981 0.851699 2 10 0.656318 11 0.343682
  11 25.138258 35.817371 6.315568 0.983532 0.142615 0.111023 0.831641 0.859114 3 11 0.716028 10 0.178488 12 0.105483
  11 25.011871 35.612522 5.931221 0.816768 -0.164382 -0.553053 0.814766 0.865029 2 11 0.841384 10 0.158616
v_hands
  10 24.930651 36.013412 5.766818 0.793390 -0.085018 -0.602747 0.811981 0.851699 2 10 0.656318 11 0.343682
  10 25.015665 36.190578 6.152493 0.958051 0.280792 0.057396 0.827998 0.845972 2 10 0.660433 11 0.339567
  11 25.138258 35.817371 6.315568 0.983532 0.142615 0.111023 0.831641 0.859114 3 11 0.716028 10 0.178488 12 0.105483
v_hands
  12 24.330603 33.669273 6.792828 -0.654281 -0.450918 -0.607115 0.597535 0.474102 1 12 1.000000
  12 24.695040 34.042316 6.446673 0.141435 -0.416894 -0.897884 0.630620 0.459069 2 12 0.935455 11 0.064546
  12 24.631218 33.513592 6.704326 0.053170 -0.541422 -0.839068 0.607919 0.487476 1 12 1.000000
v_hands
  12 24.330603 33.669273 6.792828 -0.654281 -0.450918 -0.607115 0.597535 0.474102 1 12 1.000000
  12 24.389057 34.150833 6.507733 -0.611241 -0.315808 -0.725706 0.611656 0.449714 2 12 0.806805 11 0.193195
  12 24.695040 34.042316 6.446673 0.141435 -0.416894 -0.897884 0.630620 0.459069 2 12 0.935455 11 0.064546
v_hands
  12 24.330603 33.669273 6.792828 -0.654281 -0.450918 -0.607115 0.597535 0.474102 1 12 1.000000
  12 24.137690 34.266193 6.814416 -0.976258 -0.078993 -0.201695 0.592368 0.443770 2 12 0.643103 11 0.356897
  12 24.389057 34.150833 6.507733 -0.611241 -0.315808 -0.725706 0.611656 0.449714 2 12 0.806805 11 0.193195
v_hands
  12 24.330603 33.669273 6.792828 -0.654281 -0.450918 -0.607115 0.597535 0.474102 1 12 1.000000
  12 24.177092 33.809669 7.042357 -0.975777 -0.184573 -0.117441 0.581863 0.465394 1 12 1.000000
  12 24.137690 34.266193 6.814416 -0.976258 -0.078993 -0.201695 0.592368 0.443770 2 12 0.643103 11 0.356897
v_hands
  12 24.246910 34.084896 7.413661 -0.816599 0.109564 0.566711 0.561096 0.456621 1 12 1.000000
  12 24.570328 34.577602 7.380685 0.020939 0.401657 0.915551 0.548061 0.428724 1 12 1.000000
  12 24.243593 34.495125 7.267866 -0.785374 0.259074 0.562200 0.566661 0.435449 2 12 0.800610 11 0.199390
v_hands
  12 24.246910 34.084896 7.413661 -0.816599 0.109564 0.566711 0.561096 0.456621 1 12 1.000000
  12 24.523710 34.039146 7.585114 -0.041006 0.278829 0.959465 0.540851 0.459997 1 12 1.000000
  12 24.570328 34.577602 7.380685 0.020939 0.401657 0.915551 0.548061 0.428724 1 12 1.000000
v_hands
  12 24.829988 34.020626 7.439993 0.738515 0.174565 0.651246 0.869688 0.933086 1 12 1.000000
  12 24.570328 34.577602 7.380685 0.020939 0.401657 0.915551 0.877280 0.908335 1 12 1.000000
  12 24.523710 34.039146 7.585114 -0.041006 0.278829 0.959465 0.883966 0.932452 1 12 1.000000
v_hands
  12 24.829988 34.020626 7.439993 0.738515 0.174565 0.651246 0.869688 0.933086 1 12 1.000000
  12 24.830359 34.544342 7.256137 0.708330 0.257922 0.657073 0.865024 0.910110 2 12 0.900316 11 0.099684
  12 24.570328 34.577602 7.380685 0.020939 0.401657 0.915551 0.877280 0.908335 1 12 1.000000
v_hands
  12 24.829988 34.020626 7.439993 0.738515 0.174565 0.651246 0.869688 0.933086 1 12 1.000000
  12 25.037821 34.320309 6.895947 0.994958 -0.007519 0.100011 0.847281 0.917051 2 12 0.877032 11 0.122968
  12 24.830359 34.544342 7.256137 0.708330 0.257922 0.657073 0.865024 0.910110 2 12 0.900316 11 0.099684
v_hands
  12 24.829988 34.020626 7.439993 0.738515 0.174565 0.651246 0.869688 0.933086 1 12 1.000000
  12 24.953474 33.751003 7.147915 0.987831 -0.019235 0.154337 0.855666 0.941547 1 12 1.000000
  12 25.037821 34.320309 6.895947 0.994958 -0.007519 0.100011 0.847281 0.917051 2 12 0.877032 11 0.122968
v_hands
  14 24.274675 37.540703 3.583783 0.894506 0.393690 -0.211818 0.742959 0.765859 1 14 1.000000
  13 24.138412 37.747810 3.650596 0.841687 0.533945 0.080410 0.747197 0.757512 1 13 1.000000
  14 24.207798 37.595284 3.781455 0.857120 0.505964 0.096674 0.749953 0.765410 1 14 1.000000
v_hands
  14 24.274675 37.540703 3.583783 0.894506 0.393690 -0.211818 0.742959 0.765859 1 14 1.000000
  13 24.148912 37.758598 3.471530 0.880474 0.408427 -0.240733 0.741313 0.755108 1 13 1.000000
  13 24.138412 37.747810 3.650596 0.841687 0.533945 0.080410 0.747197 0.757512 1 13 1.000000
v_hands
  13 23.148252 39.980019 2.793398 0.937713 0.326602 -0.118428 0.743586 0.655160 1 13 1.000000
  5 22.794338 41.160931 2.711292 0.905935 0.423367 0.006480 0.756276 0.607939 1 5 1.000000
  13 23.171450 40.023754 3.277510 0.931137 0.207289 -0.300024 0.761229 0.659850 1 13 1.000000
v_hands
  13 23.148252 39.980019 2.793398 0.937713 0.326602 -0.118428 0.743586 0.655160 1 13 1.000000
  5 22.788095 40.766384 1.930551 0.942410 0.205673 -0.263744 0.722864 0.612124 1 5 1.000000
  5 22.794338 41.160931 2.711292 0.905935 0.423367 0.006480 0.756276 0.607939 1 5 1.000000
v_hands
  17 23.042654 39.611946 2.105867 0.893302 0.152968 -0.422625 0.712765 0.658146 1 17 1.000000
  13 23.148252 39.980019 2.793398 0.937713 0.326602 -0.118428 0.743586 0.655160 1 13 1.000000
  13 23.347956 39.571434 2.592209 0.927976 0.266771 -0.260179 0.732101 0.669803 1 13 1.000000
v_hands
  17 23.042654 39.611946 2.105867 0.893302 0.152968 -0.422625 0.712765 0.658146 1 17 1.000000
  5 22.788095 40.766384 1.930551 0.942410 0.205673 -0.263744 0.722864 0.612124 1 5 1.000000
  13 23.148252 39.980019 2.793398 0.937713 0.326602 -0.118428 0.743586 0.655160 1 13 1.000000
v_hands
  13 23.643202 38.024570 2.871033 0.834160 0.097177 -0.542894 0.719597 0.731353 1 13 1.000000
  18 23.726940 37.125427 2.598306 0.950056 0.311576 0.017728 0.696412 0.760597 1 18 1.000000
  17 23.456520 37.787304 2.306543 0.931319 0.309954 -0.191240 0.694291 0.730120 1 17 1.000000
v_hands
  13 23.643202 38.024570 2.871033 0.834160 0.097177 -0.542894 0.719597 0.731353 1 13 1.000000
  14 23.949186 37.315243 3.190343 0.771606 -0.022175 -0.635714 0.722269 0.764325 1 14 1.000000
  18 23.726940 37.125427 2.598306 0.950056 0.311576 0.017728 0.696412 0.760597 1 18 1.000000
v_hands
  13 23.171450 40.023754 3.277510 0.931137 0.207289 -0.300024 0.761229 0.659850 1 13 1.000000
  13 23.755152 38.459663 3.635895 0.917791 0.396466 -0.021760 0.754243 0.727060 1 13 1.000000
  13 23.148252 39.980019 2.793398 0.937713 0.326602 -0.118428 0.743586 0.655160 1 13 1.000000
v_hands
  13 23.171450 40.023754 3.277510 0.931137 0.207289 -0.300024 0.761229 0.659850 1 13 1.000000
  9 23.795630 38.775219 4.142342 0.907594 0.207687 -0.364882 0.777276 0.722781 1 9 1.000000
  13 23.755152 38.459663 3.635895 0.917791 0.396466 -0.021760 0.754243 0.727060 1 13 1.000000
v_hands
  13 23.621563 38.971722 2.890245 0.923088 0.273195 -0.270689 0.735487 0.698233 1 13 1.000000
  17 23.042654 39.611946 2.105867 0.893302 0.152968 -0.422625 0.712765 0.658146 1 17 1.000000
  13 23.347956 39.571434 2.592209 0.927976 0.266771 -0.260179 0.732101 0.669803 1 13 1.000000
v_hands
  13 23.621563 38.971722 2.890245 0.923088 0.273195 -0.270689 0.735487 0.698233 1 13 1.000000
  13 23.643202 38.024570 2.871033 0.834160 0.097177 -0.542894 0.719597 0.731353 1 13 1.000000
  17 23.042654 39.611946 2.105867 0.893302 0.152968 -0.422625 0.712765 0.658146 1 17 1.000000
v_hands
  9 22.985043 37.116817 4.698323 -0.843531 -0.503730 0.186309 0.680653 0.263080 2 9 0.604022 10 0.395978
  13 22.670670 37.611465 4.271274 -0.951022 -0.274786 0.141596 0.692156 0.235623 2 13 0.853347 9 0.146653
  14 22.963770 37.057888 4.567416 -0.867831 -0.375122 0.325810 0.687839 0.261698 1 14 1.000000
v_hands
  9 22.985043 37.116817 4.698323 -0.843531 -0.503730 0.186309 0.680653 0.263080 2 9 0.604022 10 0.395978
  9 22.630848 37.711216 4.616492 -0.944249 -0.320098 0.077008 0.676381 0.236137 2 9 0.811372 10 0.188628
  13 22.670670 37.611465 4.271274 -0.951022 -0.274786 0.141596 0.692156 0.235623 2 13 0.853347 9 0.146653
v_hands
  13 22.650276 37.454994 3.871618 -0.955580 -0.220813 0.195215 0.710073 0.233283 1 13 1.000000
  14 22.820353 36.712753 3.425302 -0.898575 -0.381514 0.216819 0.739997 0.252532 1 14 1.000000
  14 22.828304 36.743805 4.100974 -0.899715 -0.358313 0.249247 0.713073 0.261659 1 14 1.000000
v_hands
  13 22.650276 37.454994 3.871618 -0.955580 -0.220813 0.195215 0.710073 0.233283 1 13 1.000000
  13 22.559914 37.267010 3.370511 -0.938304 -0.252353 0.236439 0.731996 0.229918 1 13 1.000000
  14 22.820353 36.712753 3.425302 -0.898575 -0.381514 0.216819 0.739997 0.252532 1 14 1.000000
v_hands
  13 20.998619 39.675907 2.521073 -0.809670 -0.537910 0.234705 0.722010 0.110103 2 13 0.758506 5 0.241494
  5 20.369293 40.662369 2.311888 -0.934097 -0.339004 0.111973 0.713463 0.062507 2 5 0.911071 6 0.088930
  5 20.332993 40.708210 2.080022 -0.939194 -0.302044 0.163353 0.720091 0.057051 2 5 0.911940 6 0.088060
v_hands
  13 20.998619 39.675907 2.521073 -0.809670 -0.537910 0.234705 0.722010 0.110103 2 13 0.758506 5 0.241494
  13 21.035559 39.666344 2.766858 -0.781247 -0.617574 0.090859 0.714829 0.114487 2 13 0.855104 5 0.144896
  5 20.369293 40.662369 2.311888 -0.934097 -0.339004 0.111973 0.713463 0.062507 2 5 0.911071 6 0.088930
v_hands
  13 21.881475 38.811115 2.967014 -0.800954 -0.489857 0.344256 0.722246 0.161730 1 13 1.000000
  13 21.035559 39.666344 2.766858 -0.781247 -0.617574 0.090859 0.714829 0.114487 2 13 0.855104 5 0.144896
  13 20.998619 39.675907 2.521073 -0.809670 -0.537910 0.234705 0.722010 0.110103 2 13 0.758506 5 0.241494
v_hands
  13 21.881475 38.811115 2.967014 -0.800954 -0.489857 0.344256 0.722246 0.161730 1 13 1.000000
  13 22.031155 38.744564 3.214247 -0.792351 -0.579123 0.191824 0.715259 0.171328 1 13 1.000000
  13 21.035559 39.666344 2.766858 -0.781247 -0.617574 0.090859 0.714829 0.114487 2 13 0.855104 5 0.144896
v_hands
  17 21.573437 38.701729 2.277571 -0.776779 -0.465592 0.424074 0.745371 0.146044 1 17 1.000000
  13 20.998619 39.675907 2.521073 -0.809670 -0.537910 0.234705 0.722010 0.110103 2 13 0.758506 5 0.241494
  5 20.811129 39.634907 2.128444 -0.813010 -0.413296 0.410123 0.733823 0.101997 1 5 1.000000
v_hands
  17 21.573437 38.701729 2.277571 -0.776779 -0.465592 0.424074 0.745371 0.146044 1 17 1.000000
  13 21.881475 38.811115 2.967014 -0.800954 -0.489857 0.344256 0.722246 0.161730 1 13 1.000000
  13 20.998619 39.675907 2.521073 -0.809670 -0.537910 0.234705 0.722010 0.110103 2 13 0.758506 5 0.241494
v_hands
  17 22.244804 37.498089 2.435294 -0.887179 -0.318405 0.333962 0.762300 0.201553 1 17 1.000000
  13 21.881475 38.811115 2.967014 -0.800954 -0.489857 0.344256 0.722246 0.161730 1 13 1.000000
  17 21.573437 38.701729 2.277571 -0.776779 -0.465592 0.424074 0.745371 0.146044 1 17 1.000000
v_hands
  17 22.244804 37.498089 2.435294 -0.887179 -0.318405 0.333962 0.762300 0.201553 1 17 1.000000
  17 22.386526 37.601414 3.013561 -0.900161 -0.267944 0.343388 0.739495 0.212250 1 17 1.000000
  13 21.881475 38.811115 2.967014 -0.800954 -0.489857 0.344256 0.722246 0.161730 1 13 1.000000
v_hands
  13 23.824389 38.349297 3.170017 0.920000 0.267979 -0.285985 0.737121 0.726228 1 13 1.000000
  13 23.643202 38.024570 2.871033 0.834160 0.097177 -0.542894 0.719597 0.731353 1 13 1.000000
  13 23.621563 38.971722 2.890245 0.923088 0.273195 -0.270689 0.735487 0.698233 1 13 1.000000
v_hands
  13 23.824389 38.349297 3.170017 0.920000 0.267979 -0.285985 0.737121 0.726228 1 13 1.000000
  13 23.770550 38.263050 3.002700 0.798598 0.082030 -0.596248 0.729377 0.726440 1 13 1.000000
  13 23.643202 38.024570 2.871033 0.834160 0.097177 -0.542894 0.719597 0.731353 1 13 1.000000
v_hands
  13 23.824389 38.349297 3.170017 0.920000 0.267979 -0.285985 0.737121 0.726228 1 13 1.000000
  13 23.755152 38.459663 3.635895 0.917791 0.396466 -0.021760 0.754243 0.727060 1 13 1.000000
  13 23.861401 38.461555 3.425241 0.912077 0.408512 0.035123 0.748141 0.725939 1 13 1.000000
v_hands
  13 23.824389 38.349297 3.170017 0.920000 0.267979 -0.285985 0.737121 0.726228 1 13 1.000000
  13 23.621563 38.971722 2.890245 0.923088 0.273195 -0.270689 0.735487 0.698233 1 13 1.000000
  13 23.755152 38.459663 3.635895 0.917791 0.396466 -0.021760 0.754243 0.727060 1 13 1.000000
v_hands
  9 23.357208 40.101292 3.720511 0.887902 0.459873 -0.012121 0.779731 0.665165 1 9 1.000000
  13 23.171450 40.023754 3.277510 0.931137 0.207289 -0.300024 0.761229 0.659850 1 13 1.000000
  5 22.794338 41.160931 2.711292 0.905935 0.423367 0.006480 0.756276 0.607939 1 5 1.000000
v_hands
  9 23.357208 40.101292 3.720511 0.887902 0.459873 -0.012121 0.779731 0.665165 1 9 1.000000
  9 23.428011 39.924862 3.669638 0.912598 0.184891 -0.364665 0.775850 0.671707 1 9 1.000000
  13 23.171450 40.023754 3.277510 0.931137 0.207289 -0.300024 0.761229 0.659850 1 13 1.000000
v_hands
  13 23.643202 38.024570 2.871033 0.834160 0.097177 -0.542894 0.719597 0.731353 1 13 1.000000
  13 23.981543 37.650387 3.193635 0.771173 0.106802 -0.627603 0.728195 0.753130 1 13 1.000000
  14 23.949186 37.315243 3.190343 0.771606 -0.022175 -0.635714 0.722269 0.764325 1 14 1.000000
v_hands
  13 23.643202 38.024570 2.871033 0.834160 0.097177 -0.542894 0.719597 0.731353 1 13 1.000000
  13 23.770550 38.263050 3.002700 0.798598 0.082030 -0.596248 0.729377 0.726440 1 13 1.000000
  13 23.981543 37.650387 3.193635 0.771173 0.106802 -0.627603 0.728195 0.753130 1 13 1.000000
v_hands
  14 24.151785 37.430828 3.370355 0.770693 0.099328 -0.629417 0.732508 0.765355 1 14 1.000000
  13 23.981543 37.650387 3.193635 0.771173 0.106802 -0.627603 0.728195 0.753130 1 13 1.000000
  13 24.131281 37.619701 3.363541 0.787422 0.140815 -0.600114 0.735137 0.758391 1 13 1.000000
v_hands
  14 24.151785 37.430828 3.370355 0.770693 0.099328 -0.629417 0.732508 0.765355 1 14 1.000000
  14 23.949186 37.315243 3.190343 0.771606 -0.022175 -0.635714 0.722269 0.764325 1 14 1.000000
  13 23.981543 37.650387 3.193635 0.771173 0.106802 -0.627603 0.728195 0.753130 1 13 1.000000
v_hands
  13 23.621563 38.971722 2.890245 0.923088 0.273195 -0.270689 0.735487 0.698233 1 13 1.000000
  13 23.148252 39.980019 2.793398 0.937713 0.326602 -0.118428 0.743586 0.655160 1 13 1.000000
  13 23.755152 38.459663 3.635895 0.917791 0.396466 -0.021760 0.754243 0.727060 1 13 1.000000
v_hands
  13 23.621563 38.971722 2.890245 0.923088 0.273195 -0.270689 0.735487 0.698233 1 13 1.000000
  13 23.347956 39.571434 2.592209 0.927976 0.266771 -0.260179 0.732101 0.669803 1 13 1.000000
  13 23.148252 39.980019 2.793398 0.937713 0.326602 -0.118428 0.743586 0.655160 1 13 1.000000
v_hands
  13 24.131281 37.619701 3.363541 0.787422 0.140815 -0.600114 0.735137 0.758391 1 13 1.000000
  13 24.042746 37.912220 3.385555 0.893663 0.352444 -0.277758 0.739731 0.747197 1 13 1.000000
  13 24.148912 37.758598 3.471530 0.880474 0.408427 -0.240733 0.741313 0.755108 1 13 1.000000
v_hands
  13 24.131281 37.619701 3.363541 0.787422 0.140815 -0.600114 0.735137 0.758391 1 13 1.000000
  13 23.981543 37.650387 3.193635 0.771173 0.106802 -0.627603 0.728195 0.753130 1 13 1.000000
  13 24.042746 37.912220 3.385555 0.893663 0.352444 -0.277758 0.739731 0.747197 1 13 1.000000
v_hands
  13 24.138412 37.747810 3.650596 0.841687 0.533945 0.080410 0.747197 0.757512 1 13 1.000000
  14 24.138754 37.693439 4.037919 0.928373 0.365965 0.064761 0.759661 0.764124 1 14 1.000000
  14 24.207798 37.595284 3.781455 0.857120 0.505964 0.096674 0.749953 0.765410 1 14 1.000000
v_hands
  13 24.138412 37.747810 3.650596 0.841687 0.533945 0.080410 0.747197 0.757512 1 13 1.000000
  13 24.016300 37.927380 3.697918 0.882976 0.466540 0.051894 0.750463 0.750090 1 13 1.000000
  14 24.138754 37.693439 4.037919 0.928373 0.365965 0.064761 0.759661 0.764124 1 14 1.000000
v_hands
  13 23.755152 38.459663 3.635895 0.917791 0.396466 -0.021760 0.754243 0.727060 1 13 1.000000
  13 24.016300 37.927380 3.697918 0.882976 0.466540 0.051894 0.750463 0.750090 1 13 1.000000
  13 23.861401 38.461555 3.425241 0.912077 0.408512 0.035123 0.748141 0.725939 1 13 1.000000
v_hands
  13 23.755152 38.459663 3.635895 0.917791 0.396466 -0.021760 0.754243 0.727060 1 13 1.000000
  14 24.138754 37.693439 4.037919 0.928373 0.365965 0.064761 0.759661 0.764124 1 14 1.000000
  13 24.016300 37.927380 3.697918 0.882976 0.466540 0.051894 0.750463 0.750090 1 13 1.000000
v_hands
  13 24.148912 37.758598 3.471530 0.880474 0.408427 -0.240733 0.741313 0.755108 1 13 1.000000
  13 24.016300 37.927380 3.697918 0.882976 0.466540 0.051894 0.750463 0.750090 1 13 1.000000
  13 24.138412 37.747810 3.650596 0.841687 0.533945 0.080410 0.747197 0.757512 1 13 1.000000
v_hands
  13 24.148912 37.758598 3.471530 0.880474 0.408427 -0.240733 0.741313 0.755108 1 13 1.000000
  13 24.042746 37.912220 3.385555 0.893663 0.352444 -0.277758 0.739731 0.747197 1 13 1.000000
  13 24.016300 37.927380 3.697918 0.882976 0.466540 0.051894 0.750463 0.750090 1 13 1.000000
v_hands
  13 24.042746 37.912220 3.385555 0.893663 0.352444 -0.277758 0.739731 0.747197 1 13 1.000000
  13 23.770550 38.263050 3.002700 0.798598 0.082030 -0.596248 0.729377 0.726440 1 13 1.000000
  13 23.824389 38.349297 3.170017 0.920000 0.267979 -0.285985 0.737121 0.726228 1 13 1.000000
v_hands
  13 24.042746 37.912220 3.385555 0.893663 0.352444 -0.277758 0.739731 0.747197 1 13 1.000000
  13 23.981543 37.650387 3.193635 0.771173 0.106802 -0.627603 0.728195 0.753130 1 13 1.000000
  13 23.770550 38.263050 3.002700 0.798598 0.082030 -0.596248 0.729377 0.726440 1 13 1.000000
v_hands
  13 23.861401 38.461555 3.425241 0.912077 0.408512 0.035123 0.748141 0.725939 1 13 1.000000
  13 24.042746 37.912220 3.385555 0.893663 0.352444 -0.277758 0.739731 0.747197 1 13 1.000000
  13 23.824389 38.349297 3.170017 0.920000 0.267979 -0.285985 0.737121 0.726228 1 13 1.000000
v_hands
  13 23.861401 38.461555 3.425241 0.912077 0.408512 0.035123 0.748141 0.725939 1 13 1.000000
  13 24.016300 37.927380 3.697918 0.882976 0.466540 0.051894 0.750463 0.750090 1 13 1.000000
  13 24.042746 37.912220 3.385555 0.893663 0.352444 -0.277758 0.739731 0.747197 1 13 1.000000
v_hands
  14 24.274675 37.540703 3.583783 0.894506 0.393690 -0.211818 0.742959 0.765859 1 14 1.000000
  13 24.131281 37.619701 3.363541 0.787422 0.140815 -0.600114 0.735137 0.758391 1 13 1.000000
  13 24.148912 37.758598 3.471530 0.880474 0.408427 -0.240733 0.741313 0.755108 1 13 1.000000
v_hands
  14 24.274675 37.540703 3.583783 0.894506 0.393690 -0.211818 0.742959 0.765859 1 14 1.000000
  14 24.151785 37.430828 3.370355 0.770693 0.099328 -0.629417 0.732508 0.765355 1 14 1.000000
  13 24.131281 37.619701 3.363541 0.787422 0.140815 -0.600114 0.735137 0.758391 1 13 1.000000
v_hands
  13 22.031155 38.744564 3.214247 -0.792351 -0.579123 0.191824 0.715259 0.171328 1 13 1.000000
  17 22.386526 37.601414 3.013561 -0.900161 -0.267944 0.343388 0.739495 0.212250 1 17 1.000000
  13 22.474079 37.682476 3.269670 -0.919822 -0.264758 0.289535 0.729809 0.216023 1 13 1.000000
v_hands
  13 22.031155 38.744564 3.214247 -0.792351 -0.579123 0.191824 0.715259 0.171328 1 13 1.000000
  13 21.881475 38.811115 2.967014 -0.800954 -0.489857 0.344256 0.722246 0.161730 1 13 1.000000
  17 22.386526 37.601414 3.013561 -0.900161 -0.267944 0.343388 0.739495 0.212250 1 17 1.000000
v_hands
  13 22.052597 38.771820 3.524937 -0.686802 -0.726577 -0.019693 0.703072 0.174654 2 13 0.931210 9 0.068790
  9 20.891907 39.498749 3.221010 -0.674676 -0.710375 -0.200448 0.700134 0.120998 3 9 0.602285 5 0.228222 6 0.169493
  13 21.046062 39.582939 2.999879 -0.665188 -0.703576 -0.250010 0.707178 0.119830 3 13 0.626069 5 0.246899 9 0.127032
v_hands
  13 22.052597 38.771820 3.524937 -0.686802 -0.726577 -0.019693 0.703072 0.174654 2 13 0.931210 9 0.068790
  9 22.083286 38.797539 3.701935 -0.702259 -0.711921 -0.000921 0.696499 0.175585 2 9 0.836850 10 0.163150
  9 20.891907 39.498749 3.221010 -0.674676 -0.710375 -0.200448 0.700134 0.120998 3 9 0.602285 5 0.228222 6 0.169493
v_hands
  13 21.046062 39.582939 2.999879 -0.665188 -0.703576 -0.250010 0.707178 0.119830 3 13 0.626069 5 0.246899 9 0.127032
  5 20.353470 40.582535 2.971694 -0.949479 -0.272835 -0.155083 0.690594 0.076262 3 5 0.443333 6 0.285151 9 0.271517
  5 20.413975 40.605961 2.597239 -0.948810 -0.300222 -0.098112 0.705342 0.069274 3 5 0.689094 6 0.243959 9 0.066946
v_hands
  13 21.046062 39.582939 2.999879 -0.665188 -0.703576 -0.250010 0.707178 0.119830 3 13 0.626069 5 0.246899 9 0.127032
  9 20.891907 39.498749 3.221010 -0.674676 -0.710375 -0.200448 0.700134 0.120998 3 9 0.602285 5 0.228222 6 0.169493
  5 20.353470 40.582535 2.971694 -0.949479 -0.272835 -0.155083 0.690594 0.076262 3 5 0.443333 6 0.285151 9 0.271517
v_hands
  13 22.559914 37.267010 3.370511 -0.938304 -0.252353 0.236439 0.731996 0.229918 1 13 1.000000
  18 22.794899 36.673134 3.307492 -0.865423 -0.305611 0.397046 0.745063 0.251130 1 18 1.000000
  14 22.820353 36.712753 3.425302 -0.898575 -0.381514 0.216819 0.739997 0.252532 1 14 1.000000
v_hands
  13 22.559914 37.267010 3.370511 -0.938304 -0.252353 0.236439 0.731996 0.229918 1 13 1.000000
  17 22.509066 37.193047 3.101645 -0.916169 -0.232266 0.326630 0.743105 0.226696 1 17 1.000000
  18 22.794899 36.673134 3.307492 -0.865423 -0.305611 0.397046 0.745063 0.251130 1 18 1.000000
v_hands
  13 22.474079 37.682476 3.269670 -0.919822 -0.264758 0.289535 0.729809 0.216023 1 13 1.000000
  13 22.088314 38.704460 3.500120 -0.846014 -0.501792 0.180182 0.705309 0.176871 1 13 1.000000
  13 22.031155 38.744564 3.214247 -0.792351 -0.579123 0.191824 0.715259 0.171328 1 13 1.000000
v_hands
  13 22.474079 37.682476 3.269670 -0.919822 -0.264758 0.289535 0.729809 0.216023 1 13 1.000000
  13 22.553305 37.834919 3.743357 -0.936351 -0.294252 0.191472 0.709325 0.220303 1 13 1.000000
  13 22.088314 38.704460 3.500120 -0.846014 -0.501792 0.180182 0.705309 0.176871 1 13 1.000000
v_hands
  13 21.046062 39.582939 2.999879 -0.665188 -0.703576 -0.250010 0.707178 0.119830 3 13 0.626069 5 0.246899 9 0.127032
  13 21.943336 38.820465 3.312154 -0.675085 -0.737701 0.007594 0.710131 0.168006 1 13 1.000000
  13 22.052597 38.771820 3.524937 -0.686802 -0.726577 -0.019693 0.703072 0.174654 2 13 0.931210 9 0.068790
v_hands
  13 21.046062 39.582939 2.999879 -0.665188 -0.703576 -0.250010 0.707178 0.119830 3 13 0.626069 5 0.246899 9 0.127032
  13 21.072289 39.647839 2.893957 -0.742398 -0.667633 -0.055775 0.710137 0.117630 3 13 0.715962 5 0.229760 6 0.054278
  13 21.943336 38.820465 3.312154 -0.675085 -0.737701 0.007594 0.710131 0.168006 1 13 1.000000
v_hands
  5 20.413975 40.605961 2.597239 -0.948810 -0.300222 -0.098112 0.705342 0.069274 3 5 0.689094 6 0.243959 9 0.066946
  13 21.072289 39.647839 2.893957 -0.742398 -0.667633 -0.055775 0.710137 0.117630 3 13 0.715962 5 0.229760 6 0.054278
  13 21.046062 39.582939 2.999879 -0.665188 -0.703576 -0.250010 0.707178 0.119830 3 13 0.626069 5 0.246899 9 0.127032
v_hands
  5 20.413975 40.605961 2.597239 -0.948810 -0.300222 -0.098112 0.705342 0.069274 3 5 0.689094 6 0.243959 9 0.066946
  5 20.390141 40.636047 2.445037 -0.898614 -0.438735 -0.001936 0.710318 0.065634 2 5 0.866820 6 0.133180
  13 21.072289 39.647839 2.893957 -0.742398 -0.667633 -0.055775 0.710137 0.117630 3 13 0.715962 5 0.229760 6 0.054278
v_hands
  13 22.052597 38.771820 3.524937 -0.686802 -0.726577 -0.019693 0.703072 0.174654 2 13 0.931210 9 0.068790
  13 22.124828 38.722446 3.722444 -0.869478 -0.473806 0.139702 0.696555 0.179565 1 13 1.000000
  9 22.083286 38.797539 3.701935 -0.702259 -0.711921 -0.000921 0.696499 0.175585 2 9 0.836850 10 0.163150
v_hands
  13 22.052597 38.771820 3.524937 -0.686802 -0.726577 -0.019693 0.703072 0.174654 2 13 0.931210 9 0.068790
  13 22.088314 38.704460 3.500120 -0.846014 -0.501792 0.180182 0.705309 0.176871 1 13 1.000000
  13 22.124828 38.722446 3.722444 -0.869478 -0.473806 0.139702 0.696555 0.179565 1 13 1.000000
v_hands
  13 22.650276 37.454994 3.871618 -0.955580 -0.220813 0.195215 0.710073 0.233283 1 13 1.000000
  13 22.576038 37.916103 4.023767 -0.936339 -0.331733 0.114990 0.697549 0.221967 2 13 0.903402 9 0.096598
  13 22.553305 37.834919 3.743357 -0.936351 -0.294252 0.191472 0.709325 0.220303 1 13 1.000000
v_hands
  13 22.650276 37.454994 3.871618 -0.955580 -0.220813 0.195215 0.710073 0.233283 1 13 1.000000
  13 22.670670 37.611465 4.271274 -0.951022 -0.274786 0.141596 0.692156 0.235623 2 13 0.853347 9 0.146653
  13 22.576038 37.916103 4.023767 -0.936339 -0.331733 0.114990 0.697549 0.221967 2 13 0.903402 9 0.096598
v_hands
  13 22.650276 37.454994 3.871618 -0.955580 -0.220813 0.195215 0.710073 0.233283 1 13 1.000000
  14 22.963770 37.057888 4.567416 -0.867831 -0.375122 0.325810 0.687839 0.261698 1 14 1.000000
  13 22.670670 37.611465 4.271274 -0.951022 -0.274786 0.141596 0.692156 0.235623 2 13 0.853347 9 0.146653
v_hands
  13 22.650276 37.454994 3.871618 -0.955580 -0.220813 0.195215 0.710073 0.233283 1 13 1.000000
  14 22.828304 36.743805 4.100974 -0.899715 -0.358313 0.249247 0.713073 0.261659 1 14 1.000000
  14 22.963770 37.057888 4.567416 -0.867831 -0.375122 0.325810 0.687839 0.261698 1 14 1.000000
v_hands
  9 22.571079 38.116531 4.526274 -0.933066 -0.338414 0.121919 0.673773 0.222423 1 9 1.000000
  13 22.670670 37.611465 4.271274 -0.951022 -0.274786 0.141596 0.692156 0.235623 2 13 0.853347 9 0.146653
  9 22.630848 37.711216 4.616492 -0.944249 -0.320098 0.077008 0.676381 0.236137 2 9 0.811372 10 0.188628
v_hands
  9 22.571079 38.116531 4.526274 -0.933066 -0.338414 0.121919 0.673773 0.222423 1 9 1.000000
  13 22.576038 37.916103 4.023767 -0.936339 -0.331733 0.114990 0.697549 0.221967 2 13 0.903402 9 0.096598
  13 22.670670 37.611465 4.271274 -0.951022 -0.274786 0.141596 0.692156 0.235623 2 13 0.853347 9 0.146653
v_hands
  9 22.141336 38.777866 4.385546 -0.858159 -0.478165 0.186872 0.668433 0.186149 1 9 1.000000
  13 22.576038 37.916103 4.023767 -0.936339 -0.331733 0.114990 0.697549 0.221967 2 13 0.903402 9 0.096598
  9 22.571079 38.116531 4.526274 -0.933066 -0.338414 0.121919 0.673773 0.222423 1 9 1.000000
v_hands
  9 22.141336 38.777866 4.385546 -0.858159 -0.478165 0.186872 0.668433 0.186149 1 9 1.000000
  13 22.124828 38.722446 3.722444 -0.869478 -0.473806 0.139702 0.696555 0.179565 1 13 1.000000
  13 22.576038 37.916103 4.023767 -0.936339 -0.331733 0.114990 0.697549 0.221967 2 13 0.903402 9 0.096598
v_hands
  9 22.099625 38.836277 4.348712 -0.691304 -0.709648 0.136011 0.669160 0.181577 2 9 0.943057 6 0.056943
  13 22.124828 38.722446 3.722444 -0.869478 -0.473806 0.139702 0.696555 0.179565 1 13 1.000000
  9 22.141336 38.777866 4.385546 -0.858159 -0.478165 0.186872 0.668433 0.186149 1 9 1.000000
v_hands
  9 22.099625 38.836277 4.348712 -0.691304 -0.709648 0.136011 0.669160 0.181577 2 9 0.943057 6 0.056943
  9 22.083286 38.797539 3.701935 -0.702259 -0.711921 -0.000921 0.696499 0.175585 2 9 0.836850 10 0.163150
  13 22.124828 38.722446 3.722444 -0.869478 -0.473806 0.139702 0.696555 0.179565 1 13 1.000000
v_hands
  13 22.553305 37.834919 3.743357 -0.936351 -0.294252 0.191472 0.709325 0.220303 1 13 1.000000
  13 22.124828 38.722446 3.722444 -0.869478 -0.473806 0.139702 0.696555 0.179565 1 13 1.000000
  13 22.088314 38.704460 3.500120 -0.846014 -0.501792 0.180182 0.705309 0.176871 1 13 1.000000
v_hands
  13 22.553305 37.834919 3.743357 -0.936351 -0.294252 0.191472 0.709325 0.220303 1 13 1.000000
  13 22.576038 37.916103 4.023767 -0.936339 -0.331733 0.114990 0.697549 0.221967 2 13 0.903402 9 0.096598
  13 22.124828 38.722446 3.722444 -0.869478 -0.473806 0.139702 0.696555 0.179565 1 13 1.000000
v_hands
  13 22.474079 37.682476 3.269670 -0.919822 -0.264758 0.289535 0.729809 0.216023 1 13 1.000000
  13 22.650276 37.454994 3.871618 -0.955580 -0.220813 0.195215 0.710073 0.233283 1 13 1.000000
  13 22.553305 37.834919 3.743357 -0.936351 -0.294252 0.191472 0.709325 0.220303 1 13 1.000000
v_hands
  13 22.474079 37.682476 3.269670 -0.919822 -0.264758 0.289535 0.729809 0.216023 1 13 1.000000
  13 22.559914 37.267010 3.370511 -0.938304 -0.252353 0.236439 0.731996 0.229918 1 13 1.000000
  13 22.650276 37.454994 3.871618 -0.955580 -0.220813 0.195215 0.710073 0.233283 1 13 1.000000
v_hands
  13 22.474079 37.682476 3.269670 -0.919822 -0.264758 0.289535 0.729809 0.216023 1 13 1.000000
  17 22.509066 37.193047 3.101645 -0.916169 -0.232266 0.326630 0.743105 0.226696 1 17 1.000000
  13 22.559914 37.267010 3.370511 -0.938304 -0.252353 0.236439 0.731996 0.229918 1 13 1.000000
v_hands
  13 22.474079 37.682476 3.269670 -0.919822 -0.264758 0.289535 0.729809 0.216023 1 13 1.000000
  17 22.386526 37.601414 3.013561 -0.900161 -0.267944 0.343388 0.739495 0.212250 1 17 1.000000
  17 22.509066 37.193047 3.101645 -0.916169 -0.232266 0.326630 0.743105 0.226696 1 17 1.000000
v_hands
  13 21.943336 38.820465 3.312154 -0.675085 -0.737701 0.007594 0.710131 0.168006 1 13 1.000000
  13 22.088314 38.704460 3.500120 -0.846014 -0.501792 0.180182 0.705309 0.176871 1 13 1.000000
  13 22.052597 38.771820 3.524937 -0.686802 -0.726577 -0.019693 0.703072 0.174654 2 13 0.931210 9 0.068790
v_hands
  13 21.943336 38.820465 3.312154 -0.675085 -0.737701 0.007594 0.710131 0.168006 1 13 1.000000
  13 22.031155 38.744564 3.214247 -0.792351 -0.579123 0.191824 0.715259 0.171328 1 13 1.000000
  13 22.088314 38.704460 3.500120 -0.846014 -0.501792 0.180182 0.705309 0.176871 1 13 1.000000
v_hands
  13 21.035559 39.666344 2.766858 -0.781247 -0.617574 0.090859 0.714829 0.114487 2 13 0.855104 5 0.144896
  13 21.943336 38.820465 3.312154 -0.675085 -0.737701 0.007594 0.710131 0.168006 1 13 1.000000
  13 21.072289 39.647839 2.893957 -0.742398 -0.667633 -0.055775 0.710137 0.117630 3 13 0.715962 5 0.229760 6 0.054278
v_hands
  13 21.035559 39.666344 2.766858 -0.781247 -0.617574 0.090859 0.714829 0.114487 2 13 0.855104 5 0.144896
  13 22.031155 38.744564 3.214247 -0.792351 -0.579123 0.191824 0.715259 0.171328 1 13 1.000000
  13 21.943336 38.820465 3.312154 -0.675085 -0.737701 0.007594 0.710131 0.168006 1 13 1.000000
v_hands
  13 21.035559 39.666344 2.766858 -0.781247 -0.617574 0.090859 0.714829 0.114487 2 13 0.855104 5 0.144896
  5 20.390141 40.636047 2.445037 -0.898614 -0.438735 -0.001936 0.710318 0.065634 2 5 0.866820 6 0.133180
  5 20.369293 40.662369 2.311888 -0.934097 -0.339004 0.111973 0.713463 0.062507 2 5 0.911071 6 0.088930
v_hands
  13 21.035559 39.666344 2.766858 -0.781247 -0.617574 0.090859 0.714829 0.114487 2 13 0.855104 5 0.144896
  13 21.072289 39.647839 2.893957 -0.742398 -0.667633 -0.055775 0.710137 0.117630 3 13 0.715962 5 0.229760 6 0.054278
  5 20.390141 40.636047 2.445037 -0.898614 -0.438735 -0.001936 0.710318 0.065634 2 5 0.866820 6 0.133180
v_hands
  3 16.736797 57.911423 -6.081550 0.858754 0.364695 -0.359916 0.171200 0.371159 1 3 1.000000
  3 15.173547 60.036716 -7.505524 0.470586 -0.043324 -0.881290 0.132080 0.288603 1 3 1.000000
  3 16.066477 60.508476 -6.318475 0.937339 0.230930 -0.260896 0.173086 0.290357 1 3 1.000000
v_hands
  3 16.736797 57.911423 -6.081550 0.858754 0.364695 -0.359916 0.171200 0.371159 1 3 1.000000
  3 15.755822 57.435478 -7.116335 0.408818 0.017972 -0.912439 0.113709 0.367854 1 3 1.000000
  3 15.173547 60.036716 -7.505524 0.470586 -0.043324 -0.881290 0.132080 0.288603 1 3 1.000000
v_hands
  3 16.736797 57.911423 -6.081550 0.858754 0.364695 -0.359916 0.171200 0.371159 1 3 1.000000
  3 15.782299 60.469353 -5.656244 0.903498 0.352170 0.244269 0.194582 0.290174 1 3 1.000000
  3 16.752453 57.718735 -5.146765 0.823421 0.538454 0.179010 0.198156 0.378666 1 3 1.000000
v_hands
  3 16.736797 57.911423 -6.081550 0.858754 0.364695 -0.359916 0.171200 0.371159 1 3 1.000000
  3 16.066477 60.508476 -6.318475 0.937339 0.230930 -0.260896 0.173086 0.290357 1 3 1.000000
  3 15.782299 60.469353 -5.656244 0.903498 0.352170 0.244269 0.194582 0.290174 1 3 1.000000
v_hands
  3 13.373321 56.038670 -5.239147 -0.868393 -0.443750 -0.221314 0.427933 0.385989 1 3 1.000000
  3 11.447605 59.027973 -3.951941 -0.818990 -0.446231 0.360739 0.398512 0.275682 1 3 1.000000
  3 11.450429 58.764427 -5.329823 -0.816301 -0.545122 -0.191035 0.425827 0.276625 1 3 1.000000
v_hands
  3 13.373321 56.038670 -5.239147 -0.868393 -0.443750 -0.221314 0.427933 0.385989 1 3 1.000000
  4 13.407874 55.563782 -3.678681 -0.917848 -0.335960 0.211388 0.393226 0.406250 1 4 1.000000
  3 11.447605 59.027973 -3.951941 -0.818990 -0.446231 0.360739 0.398512 0.275682 1 3 1.000000
v_hands
  3 11.921036 59.205990 -3.579858 -0.680533 -0.262752 0.683985 0.374966 0.281906 1 3 1.000000
  3 13.449411 56.466888 -2.955737 -0.653445 -0.055402 0.754944 0.363915 0.386416 1 3 1.000000
  3 12.394466 59.384007 -3.207778 -0.551971 -0.139519 0.822108 0.356104 0.282848 1 3 1.000000
v_hands
  3 11.921036 59.205990 -3.579858 -0.680533 -0.262752 0.683985 0.374966 0.281906 1 3 1.000000
  4 13.428641 56.015335 -3.317209 -0.834204 -0.208066 0.510698 0.377765 0.396655 1 4 1.000000
  3 13.449411 56.466888 -2.955737 -0.653445 -0.055402 0.754944 0.363915 0.386416 1 3 1.000000
v_hands
  3 13.497066 56.393127 -6.126127 -0.640299 -0.457007 -0.617383 0.458811 0.371909 1 3 1.000000
  3 11.450429 58.764427 -5.329823 -0.816301 -0.545122 -0.191035 0.425827 0.276625 1 3 1.000000
  3 12.121303 58.842983 -6.865892 -0.622072 -0.521960 -0.583595 0.468919 0.274234 1 3 1.000000
v_hands
  3 13.497066 56.393127 -6.126127 -0.640299 -0.457007 -0.617383 0.458811 0.371909 1 3 1.000000
  3 13.373321 56.038670 -5.239147 -0.868393 -0.443750 -0.221314 0.427933 0.385989 1 3 1.000000
  3 11.450429 58.764427 -5.329823 -0.816301 -0.545122 -0.191035 0.425827 0.276625 1 3 1.000000
v_hands
  3 13.497066 56.393127 -6.126127 -0.640299 -0.457007 -0.617383 0.458811 0.371909 1 3 1.000000
  3 13.390540 59.281029 -7.785079 -0.157037 -0.339216 -0.927508 0.503327 0.275988 1 3 1.000000
  3 14.671428 56.579735 -6.941699 -0.167716 -0.311893 -0.935197 0.493724 0.377238 1 3 1.000000
v_hands
  3 13.497066 56.393127 -6.126127 -0.640299 -0.457007 -0.617383 0.458811 0.371909 1 3 1.000000
  3 12.121303 58.842983 -6.865892 -0.622072 -0.521960 -0.583595 0.468919 0.274234 1 3 1.000000
  3 13.390540 59.281029 -7.785079 -0.157037 -0.339216 -0.927508 0.503327 0.275988 1 3 1.000000
v_hands
  3 15.755822 57.435478 -7.116335 0.408818 0.017972 -0.912439 0.113709 0.367854 1 3 1.000000
  3 13.390540 59.281029 -7.785079 -0.157037 -0.339216 -0.927508 0.074123 0.281200 1 3 1.000000
  3 15.173547 60.036716 -7.505524 0.470586 -0.043324 -0.881290 0.132080 0.288603 1 3 1.000000
v_hands
  3 15.755822 57.435478 -7.116335 0.408818 0.017972 -0.912439 0.113709 0.367854 1 3 1.000000
  3 14.671428 56.579735 -6.941699 -0.167716 -0.311893 -0.935197 0.073709 0.379684 1 3 1.000000
  3 13.390540 59.281029 -7.785079 -0.157037 -0.339216 -0.927508 0.074123 0.281200 1 3 1.000000
v_hands
  3 15.484412 60.428341 -4.962079 0.823308 0.366832 0.433125 0.215009 0.290125 1 3 1.000000
  3 16.752453 57.718735 -5.146765 0.823421 0.538454 0.179010 0.198156 0.378666 1 3 1.000000
  3 15.782299 60.469353 -5.656244 0.903498 0.352170 0.244269 0.194582 0.290174 1 3 1.000000
v_hands
  3 15.484412 60.428341 -4.962079 0.823308 0.366832 0.433125 0.215009 0.290125 1 3 1.000000
  4 16.673685 56.891258 -3.504452 0.619510 0.566496 0.543405 0.243698 0.407026 1 4 1.000000
  3 16.752453 57.718735 -5.146765 0.823421 0.538454 0.179010 0.198156 0.378666 1 3 1.000000
v_hands
  4 19.256742 52.493977 -3.150810 0.976066 0.216231 -0.023198 0.213334 0.528608 2 4 0.706600 25 0.293400
  4 19.471220 50.525478 -3.767540 0.841860 -0.079937 -0.533743 0.164023 0.583369 2 4 0.567100 25 0.432900
  4 19.161730 51.953850 -4.472475 0.834557 -0.067706 -0.546745 0.161358 0.529687 2 4 0.731000 25 0.269000
v_hands
  4 19.256742 52.493977 -3.150810 0.976066 0.216231 -0.023198 0.213334 0.528608 2 4 0.706600 25 0.293400
  4 19.554014 51.008434 -2.464536 0.980404 0.191818 -0.044875 0.217587 0.583405 2 4 0.572800 25 0.427200
  4 19.471220 50.525478 -3.767540 0.841860 -0.079937 -0.533743 0.164023 0.583369 2 4 0.567100 25 0.432900
v_hands
  4 14.212947 56.739025 -2.571113 -0.111831 0.193386 0.974728 0.334205 0.388554 1 4 1.000000
  3 14.950702 60.286594 -3.226552 0.509959 0.251906 0.822487 0.256403 0.290933 1 3 1.000000
  3 13.651574 59.918980 -2.743424 -0.090216 0.053437 0.994487 0.309610 0.285517 1 3 1.000000
v_hands
  4 14.212947 56.739025 -2.571113 -0.111831 0.193386 0.974728 0.334205 0.388554 1 4 1.000000
  4 15.468187 56.518799 -2.644211 0.358989 0.372995 0.855570 0.295557 0.407993 1 4 1.000000
  3 14.950702 60.286594 -3.226552 0.509959 0.251906 0.822487 0.256403 0.290933 1 3 1.000000
v_hands
  25 17.714790 48.289753 -3.773041 -0.182622 -0.498686 -0.847326 0.083644 0.624609 2 25 0.636400 4 0.363600
  4 18.214964 50.102913 -4.660625 0.356642 -0.300708 -0.884523 0.112995 0.574813 2 4 0.581700 25 0.418300
  25 18.783798 48.550659 -3.961472 0.368700 -0.317109 -0.873786 0.127276 0.617433 2 25 0.638600 4 0.361400
v_hands
  25 17.714790 48.289753 -3.773041 -0.182622 -0.498686 -0.847326 0.083644 0.624609 2 25 0.636400 4 0.363600
  4 17.052330 49.968048 -4.593194 -0.208280 -0.479004 -0.852745 0.083085 0.567602 2 4 0.596400 25 0.403600
  4 18.214964 50.102913 -4.660625 0.356642 -0.300708 -0.884523 0.112995 0.574813 2 4 0.581700 25 0.418300
v_hands
  4 17.646130 51.655167 -5.359777 0.273121 -0.298926 -0.914357 0.105165 0.521417 2 4 0.773600 25 0.226400
  4 17.793516 53.964649 -5.915601 0.440208 -0.196380 -0.876157 0.131850 0.465869 1 4 1.000000
  4 18.628952 51.761414 -4.684450 0.505121 -0.238500 -0.829440 0.145448 0.527821 2 4 0.757400 25 0.242600
v_hands
  4 17.646130 51.655167 -5.359777 0.273121 -0.298926 -0.914357 0.105165 0.521417 2 4 0.773600 25 0.226400
  4 16.730450 53.689205 -6.110590 0.117286 -0.314834 -0.941872 0.096868 0.465296 1 4 1.000000
  4 17.793516 53.964649 -5.915601 0.440208 -0.196380 -0.876157 0.131850 0.465869 1 4 1.000000
v_hands
  3 14.950702 60.286594 -3.226552 0.509959 0.251906 0.822487 0.256403 0.290933 1 3 1.000000
  4 16.673685 56.891258 -3.504452 0.619510 0.566496 0.543405 0.243698 0.407026 1 4 1.000000
  3 15.484412 60.428341 -4.962079 0.823308 0.366832 0.433125 0.215009 0.290125 1 3 1.000000
v_hands
  3 14.950702 60.286594 -3.226552 0.509959 0.251906 0.822487 0.256403 0.290933 1 3 1.000000
  4 15.468187 56.518799 -2.644211 0.358989 0.372995 0.855570 0.295557 0.407993 1 4 1.000000
  4 16.673685 56.891258 -3.504452 0.619510 0.566496 0.543405 0.243698 0.407026 1 4 1.000000
v_hands
  4 14.212947 56.739025 -2.571113 -0.111831 0.193386 0.974728 0.334205 0.388554 1 4 1.000000
  3 12.394466 59.384007 -3.207778 -0.551971 -0.139519 0.822108 0.356104 0.282848 1 3 1.000000
  3 13.449411 56.466888 -2.955737 -0.653445 -0.055402 0.754944 0.363915 0.386416 1 3 1.000000
v_hands
  4 14.212947 56.739025 -2.571113 -0.111831 0.193386 0.974728 0.334205 0.388554 1 4 1.000000
  3 13.651574 59.918980 -2.743424 -0.090216 0.053437 0.994487 0.309610 0.285517 1 3 1.000000
  3 12.394466 59.384007 -3.207778 -0.551971 -0.139519 0.822108 0.356104 0.282848 1 3 1.000000
v_hands
  4 18.628952 51.761414 -4.684450 0.505121 -0.238500 -0.829440 0.145448 0.527821 2 4 0.757400 25 0.242600
  4 18.214964 50.102913 -4.660625 0.356642 -0.300708 -0.884523 0.112995 0.574813 2 4 0.581700 25 0.418300
  4 17.646130 51.655167 -5.359777 0.273121 -0.298926 -0.914357 0.105165 0.521417 2 4 0.773600 25 0.226400
v_hands
  4 18.628952 51.761414 -4.684450 0.505121 -0.238500 -0.829440 0.145448 0.527821 2 4 0.757400 25 0.242600
  4 19.015223 50.320854 -3.967615 0.593098 -0.206286 -0.778255 0.149052 0.581356 2 4 0.571400 25 0.428600
  4 18.214964 50.102913 -4.660625 0.356642 -0.300708 -0.884523 0.112995 0.574813 2 4 0.581700 25 0.418300
v_hands
  4 14.615030 52.661728 -4.220391 -0.855675 -0.468182 -0.220511 0.428929 0.484368 2 4 0.871500 25 0.128500
  4 15.291437 50.656384 -2.329193 -0.928766 -0.338801 0.150360 0.397364 0.560888 2 4 0.650700 25 0.349300
  4 14.488712 53.059982 -3.085475 -0.915773 -0.388901 0.100579 0.393821 0.481867 2 4 0.844600 25 0.155400
v_hands
  4 14.615030 52.661728 -4.220391 -0.855675 -0.468182 -0.220511 0.428929 0.484368 2 4 0.871500 25 0.128500
  4 15.538099 50.385094 -3.360597 -0.861356 -0.445748 -0.243667 0.429327 0.561052 2 4 0.644500 25 0.355500
  4 15.291437 50.656384 -2.329193 -0.928766 -0.338801 0.150360 0.397364 0.560888 2 4 0.650700 25 0.349300
v_hands
  25 20.330444 46.581982 0.491696 0.465585 0.472044 0.748602 0.285348 0.746015 2 25 0.922600 4 0.077400
  25 21.482738 44.074417 1.173913 0.877650 0.448248 0.169719 0.256425 0.853119 1 25 1.000000
  25 20.678080 46.758362 0.119113 0.865797 0.384758 0.319932 0.255769 0.739023 2 25 0.903400 4 0.096600
v_hands
  25 20.330444 46.581982 0.491696 0.465585 0.472044 0.748602 0.285348 0.746015 2 25 0.922600 4 0.077400
  25 21.181187 44.127430 1.745075 0.544183 0.569454 0.616106 0.283899 0.855370 1 25 1.000000
  25 21.482738 44.074417 1.173913 0.877650 0.448248 0.169719 0.256425 0.853119 1 25 1.000000
v_hands
  25 20.697477 46.623905 -0.583866 0.966909 0.193048 -0.166788 0.225344 0.735154 2 25 0.883700 4 0.116300
  25 21.140766 43.402477 -0.294714 0.916911 0.185904 -0.353148 0.193395 0.849253 1 25 1.000000
  25 20.450264 46.442791 -1.606660 0.933997 0.094130 -0.344658 0.184920 0.725907 2 25 0.857700 4 0.142300
v_hands
  25 20.697477 46.623905 -0.583866 0.966909 0.193048 -0.166788 0.225344 0.735154 2 25 0.883700 4 0.116300
  25 21.427851 43.817787 0.249767 0.926144 0.241177 -0.289984 0.218453 0.849102 1 25 1.000000
  25 21.140766 43.402477 -0.294714 0.916911 0.185904 -0.353148 0.193395 0.849253 1 25 1.000000
v_hands
  25 19.364742 49.771759 -0.701935 0.393329 0.417077 0.819353 0.277687 0.625637 2 25 0.649000 4 0.351000
  25 19.734840 46.477238 0.738408 0.161563 0.440116 0.883286 0.313675 0.743743 2 25 0.925300 4 0.074700
  25 20.330444 46.581982 0.491696 0.465585 0.472044 0.748602 0.285348 0.746015 2 25 0.922600 4 0.077400
v_hands
  25 19.364742 49.771759 -0.701935 0.393329 0.417077 0.819353 0.277687 0.625637 2 25 0.649000 4 0.351000
  25 18.459566 49.600788 -0.369810 0.160436 0.386561 0.908202 0.311079 0.620179 2 25 0.647900 4 0.352100
  25 19.734840 46.477238 0.738408 0.161563 0.440116 0.883286 0.313675 0.743743 2 25 0.925300 4 0.074700
v_hands
  25 20.697477 46.623905 -0.583866 0.966909 0.193048 -0.166788 0.225344 0.735154 2 25 0.883700 4 0.116300
  25 19.831579 49.743092 -1.049137 0.836518 0.372045 0.402269 0.252332 0.627601 2 25 0.646900 4 0.353100
  25 20.678080 46.758362 0.119113 0.865797 0.384758 0.319932 0.255769 0.739023 2 25 0.903400 4 0.096600
v_hands
  25 20.697477 46.623905 -0.583866 0.966909 0.193048 -0.166788 0.225344 0.735154 2 25 0.883700 4 0.116300
  25 19.905165 49.544224 -1.779913 0.975650 0.201298 -0.087102 0.221006 0.626579 2 25 0.628900 4 0.371100
  25 19.831579 49.743092 -1.049137 0.836518 0.372045 0.402269 0.252332 0.627601 2 25 0.646900 4 0.353100
v_hands
  25 19.716450 49.071678 -3.060636 0.889849 0.000812 -0.456254 0.168870 0.626807 2 25 0.612800 4 0.387200
  25 20.268848 46.307632 -2.096576 0.794319 -0.053404 -0.605149 0.164368 0.725429 2 25 0.863000 4 0.137000
  25 19.444662 48.897381 -3.252102 0.703552 -0.134335 -0.697832 0.154109 0.625995 2 25 0.634900 4 0.365100
v_hands
  25 19.716450 49.071678 -3.060636 0.889849 0.000812 -0.456254 0.168870 0.626807 2 25 0.612800 4 0.387200
  25 20.450264 46.442791 -1.606660 0.933997 0.094130 -0.344658 0.184920 0.725907 2 25 0.857700 4 0.142300
  25 20.268848 46.307632 -2.096576 0.794319 -0.053404 -0.605149 0.164368 0.725429 2 25 0.863000 4 0.137000
v_hands
  25 19.576660 45.926697 -2.496401 0.311049 -0.332575 -0.890304 0.130833 0.721930 2 25 0.865200 4 0.134800
  25 19.444662 48.897381 -3.252102 0.703552 -0.134335 -0.697832 0.154109 0.625995 2 25 0.634900 4 0.365100
  25 20.268848 46.307632 -2.096576 0.794319 -0.053404 -0.605149 0.164368 0.725429 2 25 0.863000 4 0.137000
v_hands
  25 19.576660 45.926697 -2.496401 0.311049 -0.332575 -0.890304 0.130833 0.721930 2 25 0.865200 4 0.134800
  25 18.783798 48.550659 -3.961472 0.368700 -0.317109 -0.873786 0.127276 0.617433 2 25 0.638600 4 0.361400
  25 19.444662 48.897381 -3.252102 0.703552 -0.134335 -0.697832 0.154109 0.625995 2 25 0.634900 4 0.365100
v_hands
  4 18.820608 51.448479 -1.220675 0.341749 0.398904 0.850931 0.278064 0.577866 2 4 0.572700 25 0.427300
  4 19.089127 52.796318 -2.190133 0.822353 0.378117 0.425163 0.247186 0.527876 2 4 0.713300 25 0.286700
  4 18.276474 53.125195 -1.739415 0.298252 0.374649 0.877886 0.278442 0.525141 2 4 0.752900 25 0.247100
v_hands
  4 18.820608 51.448479 -1.220675 0.341749 0.398904 0.850931 0.278064 0.577866 2 4 0.572700 25 0.427300
  4 19.460352 51.269711 -1.619637 0.835660 0.354826 0.419249 0.250394 0.583778 2 4 0.559100 25 0.440900
  4 19.089127 52.796318 -2.190133 0.822353 0.378117 0.425163 0.247186 0.527876 2 4 0.713300 25 0.286700
v_hands
  4 19.015223 50.320854 -3.967615 0.593098 -0.206286 -0.778255 0.149052 0.581356 2 4 0.571400 25 0.428600
  25 19.716450 49.071678 -3.060636 0.889849 0.000812 -0.456254 0.168870 0.626807 2 25 0.612800 4 0.387200
  25 19.444662 48.897381 -3.252102 0.703552 -0.134335 -0.697832 0.154109 0.625995 2 25 0.634900 4 0.365100
v_hands
  4 19.015223 50.320854 -3.967615 0.593098 -0.206286 -0.778255 0.149052 0.581356 2 4 0.571400 25 0.428600
  4 19.471220 50.525478 -3.767540 0.841860 -0.079937 -0.533743 0.164023 0.583369 2 4 0.567100 25 0.432900
  25 19.716450 49.071678 -3.060636 0.889849 0.000812 -0.456254 0.168870 0.626807 2 25 0.612800 4 0.387200
v_hands
  3 15.755822 57.435478 -7.116335 0.408818 0.017972 -0.912439 0.113709 0.367854 1 3 1.000000
  4 15.864626 55.599937 -6.863144 0.035170 -0.271660 -0.961750 0.089698 0.412415 1 4 1.000000
  3 14.671428 56.579735 -6.941699 -0.167716 -0.311893 -0.935197 0.073709 0.379684 1 3 1.000000
v_hands
  3 15.755822 57.435478 -7.116335 0.408818 0.017972 -0.912439 0.113709 0.367854 1 3 1.000000
  4 16.937830 55.785156 -6.712893 0.382894 -0.036888 -0.923055 0.123892 0.418116 1 4 1.000000
  4 15.864626 55.599937 -6.863144 0.035170 -0.271660 -0.961750 0.089698 0.412415 1 4 1.000000
v_hands
  4 17.249895 55.261913 -2.259662 0.324087 0.480307 0.815029 0.272899 0.462035 2 4 0.885700 25 0.114300
  4 15.468187 56.518799 -2.644211 0.358989 0.372995 0.855570 0.295557 0.407993 1 4 1.000000
  4 16.190552 55.030315 -2.243459 0.179838 0.383666 0.905791 0.304346 0.457153 2 4 0.894100 25 0.105900
v_hands
  4 17.249895 55.261913 -2.259662 0.324087 0.480307 0.815029 0.272899 0.462035 2 4 0.885700 25 0.114300
  4 16.673685 56.891258 -3.504452 0.619510 0.566496 0.543405 0.243698 0.407026 1 4 1.000000
  4 15.468187 56.518799 -2.644211 0.358989 0.372995 0.855570 0.295557 0.407993 1 4 1.000000
v_hands
  4 17.687557 56.683338 -4.164097 0.686763 0.655113 0.314933 0.217514 0.421245 1 4 1.000000
  3 16.752453 57.718735 -5.146765 0.823421 0.538454 0.179010 0.198156 0.378666 1 3 1.000000
  4 16.673685 56.891258 -3.504452 0.619510 0.566496 0.543405 0.243698 0.407026 1 4 1.000000
v_hands
  4 17.687557 56.683338 -4.164097 0.686763 0.655113 0.314933 0.217514 0.421245 1 4 1.000000
  4 17.736433 56.676105 -5.237387 0.818715 0.574111 0.010120 0.189021 0.416186 1 4 1.000000
  3 16.752453 57.718735 -5.146765 0.823421 0.538454 0.179010 0.198156 0.378666 1 3 1.000000
v_hands
  4 16.937830 55.785156 -6.712893 0.382894 -0.036888 -0.923055 0.123892 0.418116 1 4 1.000000
  3 16.736797 57.911423 -6.081550 0.858754 0.364695 -0.359916 0.171200 0.371159 1 3 1.000000
  4 17.664440 56.438881 -6.002427 0.790838 0.345656 -0.505071 0.162226 0.416533 1 4 1.000000
v_hands
  4 16.937830 55.785156 -6.712893 0.382894 -0.036888 -0.923055 0.123892 0.418116 1 4 1.000000
  3 15.755822 57.435478 -7.116335 0.408818 0.017972 -0.912439 0.113709 0.367854 1 3 1.000000
  3 16.736797 57.911423 -6.081550 0.858754 0.364695 -0.359916 0.171200 0.371159 1 3 1.000000
v_hands
  4 18.820608 51.448479 -1.220675 0.341749 0.398904 0.850931 0.278064 0.577866 2 4 0.572700 25 0.427300
  25 18.459566 49.600788 -0.369810 0.160436 0.386561 0.908202 0.311079 0.620179 2 25 0.647900 4 0.352100
  25 19.364742 49.771759 -0.701935 0.393329 0.417077 0.819353 0.277687 0.625637 2 25 0.649000 4 0.351000
v_hands
  4 18.820608 51.448479 -1.220675 0.341749 0.398904 0.850931 0.278064 0.577866 2 4 0.572700 25 0.427300
  4 17.754822 51.367226 -1.079637 0.144062 0.381288 0.913163 0.312077 0.572851 2 4 0.587200 25 0.412800
  25 18.459566 49.600788 -0.369810 0.160436 0.386561 0.908202 0.311079 0.620179 2 25 0.647900 4 0.352100
v_hands
  4 15.468187 56.518799 -2.644211 0.358989 0.372995 0.855570 0.295557 0.407993 1 4 1.000000
  4 15.098728 54.715233 -1.668930 -0.106972 0.252381 0.961697 0.331921 0.457971 2 4 0.902400 25 0.097600
  4 16.190552 55.030315 -2.243459 0.179838 0.383666 0.905791 0.304346 0.457153 2 4 0.894100 25 0.105900
v_hands
  4 15.468187 56.518799 -2.644211 0.358989 0.372995 0.855570 0.295557 0.407993 1 4 1.000000
  4 14.212947 56.739025 -2.571113 -0.111831 0.193386 0.974728 0.334205 0.388554 1 4 1.000000
  4 15.098728 54.715233 -1.668930 -0.106972 0.252381 0.961697 0.331921 0.457971 2 4 0.902400 25 0.097600
v_hands
  4 18.354584 55.290409 -3.218393 0.777767 0.497675 0.383923 0.239493 0.461632 2 4 0.875500 25 0.124500
  4 16.673685 56.891258 -3.504452 0.619510 0.566496 0.543405 0.243698 0.407026 1 4 1.000000
  4 17.249895 55.261913 -2.259662 0.324087 0.480307 0.815029 0.272899 0.462035 2 4 0.885700 25 0.114300
v_hands
  4 18.354584 55.290409 -3.218393 0.777767 0.497675 0.383923 0.239493 0.461632 2 4 0.875500 25 0.124500
  4 17.687557 56.683338 -4.164097 0.686763 0.655113 0.314933 0.217514 0.421245 1 4 1.000000
  4 16.673685 56.891258 -3.504452 0.619510 0.566496 0.543405 0.243698 0.407026 1 4 1.000000
v_hands
  25 19.364742 49.771759 -0.701935 0.393329 0.417077 0.819353 0.277687 0.625637 2 25 0.649000 4 0.351000
  25 20.678080 46.758362 0.119113 0.865797 0.384758 0.319932 0.255769 0.739023 2 25 0.903400 4 0.096600
  25 19.831579 49.743092 -1.049137 0.836518 0.372045 0.402269 0.252332 0.627601 2 25 0.646900 4 0.353100
v_hands
  25 19.364742 49.771759 -0.701935 0.393329 0.417077 0.819353 0.277687 0.625637 2 25 0.649000 4 0.351000
  25 20.330444 46.581982 0.491696 0.465585 0.472044 0.748602 0.285348 0.746015 2 25 0.922600 4 0.077400
  25 20.678080 46.758362 0.119113 0.865797 0.384758 0.319932 0.255769 0.739023 2 25 0.903400 4 0.096600
v_hands
  4 19.089127 52.796318 -2.190133 0.822353 0.378117 0.425163 0.247186 0.527876 2 4 0.713300 25 0.286700
  4 19.554014 51.008434 -2.464536 0.980404 0.191818 -0.044875 0.217587 0.583405 2 4 0.572800 25 0.427200
  4 19.256742 52.493977 -3.150810 0.976066 0.216231 -0.023198 0.213334 0.528608 2 4 0.706600 25 0.293400
v_hands
  4 19.089127 52.796318 -2.190133 0.822353 0.378117 0.425163 0.247186 0.527876 2 4 0.713300 25 0.286700
  4 19.460352 51.269711 -1.619637 0.835660 0.354826 0.419249 0.250394 0.583778 2 4 0.559100 25 0.440900
  4 19.554014 51.008434 -2.464536 0.980404 0.191818 -0.044875 0.217587 0.583405 2 4 0.572800 25 0.427200
v_hands
  25 19.734840 46.477238 0.738408 0.161563 0.440116 0.883286 0.313675 0.743743 2 25 0.925300 4 0.074700
  25 21.181187 44.127430 1.745075 0.544183 0.569454 0.616106 0.283899 0.855370 1 25 1.000000
  25 20.330444 46.581982 0.491696 0.465585 0.472044 0.748602 0.285348 0.746015 2 25 0.922600 4 0.077400
v_hands
  25 19.734840 46.477238 0.738408 0.161563 0.440116 0.883286 0.313675 0.743743 2 25 0.925300 4 0.074700
  25 20.808058 44.063118 1.984347 0.143730 0.527271 0.837452 0.305857 0.855413 1 25 1.000000
  25 21.181187 44.127430 1.745075 0.544183 0.569454 0.616106 0.283899 0.855370 1 25 1.000000
v_hands
  25 20.524351 42.905209 -1.205165 0.205509 -0.273544 -0.939648 0.136113 0.842026 2 25 0.901400 5 0.098600
  25 20.268848 46.307632 -2.096576 0.794319 -0.053404 -0.605149 0.164368 0.725429 2 25 0.863000 4 0.137000
  25 21.114571 43.202766 -0.855548 0.798458 0.046896 -0.600221 0.161338 0.846899 1 25 1.000000
v_hands
  25 20.524351 42.905209 -1.205165 0.205509 -0.273544 -0.939648 0.136113 0.842026 2 25 0.901400 5 0.098600
  25 19.576660 45.926697 -2.496401 0.311049 -0.332575 -0.890304 0.130833 0.721930 2 25 0.865200 4 0.134800
  25 20.268848 46.307632 -2.096576 0.794319 -0.053404 -0.605149 0.164368 0.725429 2 25 0.863000 4 0.137000
v_hands
  4 17.050074 53.133663 -1.789465 0.144844 0.333215 0.931659 0.308712 0.513616 2 4 0.767500 25 0.232500
  4 17.249895 55.261913 -2.259662 0.324087 0.480307 0.815029 0.272899 0.462035 2 4 0.885700 25 0.114300
  4 16.190552 55.030315 -2.243459 0.179838 0.383666 0.905791 0.304346 0.457153 2 4 0.894100 25 0.105900
v_hands
  4 17.050074 53.133663 -1.789465 0.144844 0.333215 0.931659 0.308712 0.513616 2 4 0.767500 25 0.232500
  4 18.276474 53.125195 -1.739415 0.298252 0.374649 0.877886 0.278442 0.525141 2 4 0.752900 25 0.247100
  4 17.249895 55.261913 -2.259662 0.324087 0.480307 0.815029 0.272899 0.462035 2 4 0.885700 25 0.114300
v_hands
  4 18.354584 55.290409 -3.218393 0.777767 0.497675 0.383923 0.239493 0.461632 2 4 0.875500 25 0.124500
  4 19.256742 52.493977 -3.150810 0.976066 0.216231 -0.023198 0.213334 0.528608 2 4 0.706600 25 0.293400
  4 18.675394 54.865120 -4.480601 0.941621 0.332901 -0.050256 0.191575 0.463971 2 4 0.878600 25 0.121400
v_hands
  4 18.354584 55.290409 -3.218393 0.777767 0.497675 0.383923 0.239493 0.461632 2 4 0.875500 25 0.124500
  4 19.089127 52.796318 -2.190133 0.822353 0.378117 0.425163 0.247186 0.527876 2 4 0.713300 25 0.286700
  4 19.256742 52.493977 -3.150810 0.976066 0.216231 -0.023198 0.213334 0.528608 2 4 0.706600 25 0.293400
v_hands
  25 20.450264 46.442791 -1.606660 0.933997 0.094130 -0.344658 0.184920 0.725907 2 25 0.857700 4 0.142300
  25 21.114571 43.202766 -0.855548 0.798458 0.046896 -0.600221 0.161338 0.846899 1 25 1.000000
  25 20.268848 46.307632 -2.096576 0.794319 -0.053404 -0.605149 0.164368 0.725429 2 25 0.863000 4 0.137000
v_hands
  25 20.450264 46.442791 -1.606660 0.933997 0.094130 -0.344658 0.184920 0.725907 2 25 0.857700 4 0.142300
  25 21.140766 43.402477 -0.294714 0.916911 0.185904 -0.353148 0.193395 0.849253 1 25 1.000000
  25 21.114571 43.202766 -0.855548 0.798458 0.046896 -0.600221 0.161338 0.846899 1 25 1.000000
v_hands
  4 18.597452 54.422546 -5.500369 0.828904 0.080318 -0.553595 0.157904 0.464491 2 4 0.908400 25 0.091600
  4 16.937830 55.785156 -6.712893 0.382894 -0.036888 -0.923055 0.123892 0.418116 1 4 1.000000
  4 17.664440 56.438881 -6.002427 0.790838 0.345656 -0.505071 0.162226 0.416533 1 4 1.000000
v_hands
  4 18.597452 54.422546 -5.500369 0.828904 0.080318 -0.553595 0.157904 0.464491 2 4 0.908400 25 0.091600
  4 17.793516 53.964649 -5.915601 0.440208 -0.196380 -0.876157 0.131850 0.465869 1 4 1.000000
  4 16.937830 55.785156 -6.712893 0.382894 -0.036888 -0.923055 0.123892 0.418116 1 4 1.000000
v_hands
  4 17.664440 56.438881 -6.002427 0.790838 0.345656 -0.505071 0.162226 0.416533 1 4 1.000000
  4 18.675394 54.865120 -4.480601 0.941621 0.332901 -0.050256 0.191575 0.463971 2 4 0.878600 25 0.121400
  4 18.597452 54.422546 -5.500369 0.828904 0.080318 -0.553595 0.157904 0.464491 2 4 0.908400 25 0.091600
v_hands
  4 17.664440 56.438881 -6.002427 0.790838 0.345656 -0.505071 0.162226 0.416533 1 4 1.000000
  4 17.736433 56.676105 -5.237387 0.818715 0.574111 0.010120 0.189021 0.416186 1 4 1.000000
  4 18.675394 54.865120 -4.480601 0.941621 0.332901 -0.050256 0.191575 0.463971 2 4 0.878600 25 0.121400
v_hands
  25 19.734840 46.477238 0.738408 0.161563 0.440116 0.883286 0.313675 0.743743 2 25 0.925300 4 0.074700
  25 20.233644 43.976109 1.970275 -0.489238 0.221438 0.843571 0.335781 0.852277 2 25 0.932200 5 0.067800
  25 20.808058 44.063118 1.984347 0.143730 0.527271 0.837452 0.305857 0.855413 1 25 1.000000
v_hands
  25 19.734840 46.477238 0.738408 0.161563 0.440116 0.883286 0.313675 0.743743 2 25 0.925300 4 0.074700
  25 18.963432 46.352108 0.848761 -0.366654 0.174495 0.913847 0.338443 0.736692 1 25 1.000000
  25 20.233644 43.976109 1.970275 -0.489238 0.221438 0.843571 0.335781 0.852277 2 25 0.932200 5 0.067800
v_hands
  25 18.184137 45.619865 -2.084539 -0.636817 -0.576784 -0.511648 0.444228 0.698591 2 25 0.897000 4 0.103000
  25 19.988691 42.875183 -1.060278 -0.374875 -0.451989 -0.809429 0.464211 0.835910 2 25 0.922800 5 0.077200
  25 19.464153 42.869404 -0.534603 -0.789930 -0.494505 -0.362595 0.441640 0.835542 2 25 0.914900 5 0.085100
v_hands
  25 18.184137 45.619865 -2.084539 -0.636817 -0.576784 -0.511648 0.444228 0.698591 2 25 0.897000 4 0.103000
  25 18.800827 45.716511 -2.414989 -0.221129 -0.516182 -0.827441 0.465348 0.699179 2 25 0.872000 4 0.128000
  25 19.988691 42.875183 -1.060278 -0.374875 -0.451989 -0.809429 0.464211 0.835910 2 25 0.922800 5 0.077200
v_hands
  25 16.773109 49.215805 -0.637862 -0.684439 -0.129967 0.717392 0.358260 0.615648 2 25 0.617500 4 0.382500
  4 16.602737 51.189491 -0.770360 -0.184471 0.230716 0.955374 0.337432 0.569413 2 4 0.610900 25 0.389100
  4 15.938361 50.849846 -1.179520 -0.679730 -0.085881 0.728417 0.363439 0.568968 2 4 0.620700 25 0.379300
v_hands
  25 16.773109 49.215805 -0.637862 -0.684439 -0.129967 0.717392 0.358260 0.615648 2 25 0.617500 4 0.382500
  25 17.426790 49.462723 -0.227903 -0.255092 0.189755 0.948114 0.336700 0.616094 2 25 0.635200 4 0.364800
  4 16.602737 51.189491 -0.770360 -0.184471 0.230716 0.955374 0.337432 0.569413 2 4 0.610900 25 0.389100
v_hands
  25 18.051323 45.767693 -0.534953 -0.871178 -0.357458 0.336560 0.394338 0.721084 2 25 0.939400 4 0.060600
  25 16.438164 48.861721 -1.223042 -0.805920 -0.266136 0.528834 0.381831 0.616689 2 25 0.614300 4 0.385700
  25 16.259041 48.644299 -1.653738 -0.886765 -0.386236 0.253906 0.396787 0.614358 2 25 0.610300 4 0.389700
v_hands
  25 18.051323 45.767693 -0.534953 -0.871178 -0.357458 0.336560 0.394338 0.721084 2 25 0.939400 4 0.060600
  25 18.247095 45.916534 -0.138250 -0.801983 -0.232333 0.550313 0.379511 0.725443 1 25 1.000000
  25 16.438164 48.861721 -1.223042 -0.805920 -0.266136 0.528834 0.381831 0.616689 2 25 0.614300 4 0.385700
v_hands
  4 14.212947 56.739025 -2.571113 -0.111831 0.193386 0.974728 0.334205 0.388554 1 4 1.000000
  4 14.031540 54.860386 -2.252632 -0.715154 -0.075674 0.694859 0.363062 0.439265 2 4 0.924400 25 0.075600
  4 15.098728 54.715233 -1.668930 -0.106972 0.252381 0.961697 0.331921 0.457971 2 4 0.902400 25 0.097600
v_hands
  4 14.212947 56.739025 -2.571113 -0.111831 0.193386 0.974728 0.334205 0.388554 1 4 1.000000
  3 13.449411 56.466888 -2.955737 -0.653445 -0.055402 0.754944 0.363915 0.386416 1 3 1.000000
  4 14.031540 54.860386 -2.252632 -0.715154 -0.075674 0.694859 0.363062 0.439265 2 4 0.924400 25 0.075600
v_hands
  4 13.428641 56.015335 -3.317209 -0.834204 -0.208066 0.510698 0.377765 0.396655 1 4 1.000000
  4 14.031540 54.860386 -2.252632 -0.715154 -0.075674 0.694859 0.363062 0.439265 2 4 0.924400 25 0.075600
  3 13.449411 56.466888 -2.955737 -0.653445 -0.055402 0.754944 0.363915 0.386416 1 3 1.000000
v_hands
  4 13.428641 56.015335 -3.317209 -0.834204 -0.208066 0.510698 0.377765 0.396655 1 4 1.000000
  4 13.775653 54.615707 -2.794444 -0.907466 -0.259199 0.330638 0.378219 0.438156 2 4 0.946400 25 0.053600
  4 14.031540 54.860386 -2.252632 -0.715154 -0.075674 0.694859 0.363062 0.439265 2 4 0.924400 25 0.075600
v_hands
  25 18.800827 45.716511 -2.414989 -0.221129 -0.516182 -0.827441 0.101830 0.722243 2 25 0.872000 4 0.128000
  25 18.783798 48.550659 -3.961472 0.368700 -0.317109 -0.873786 0.127276 0.617433 2 25 0.638600 4 0.361400
  25 19.576660 45.926697 -2.496401 0.311049 -0.332575 -0.890304 0.130833 0.721930 2 25 0.865200 4 0.134800
v_hands
  25 18.800827 45.716511 -2.414989 -0.221129 -0.516182 -0.827441 0.101830 0.722243 2 25 0.872000 4 0.128000
  25 17.714790 48.289753 -3.773041 -0.182622 -0.498686 -0.847326 0.083644 0.624609 2 25 0.636400 4 0.363600
  25 18.783798 48.550659 -3.961472 0.368700 -0.317109 -0.873786 0.127276 0.617433 2 25 0.638600 4 0.361400
v_hands
  4 15.291437 50.656384 -2.329193 -0.928766 -0.338801 0.150360 0.397364 0.560888 2 4 0.650700 25 0.349300
  4 14.663840 52.859077 -2.418123 -0.875405 -0.297959 0.380638 0.379774 0.493572 2 4 0.809400 25 0.190600
  4 14.488712 53.059982 -3.085475 -0.915773 -0.388901 0.100579 0.393821 0.481867 2 4 0.844600 25 0.155400
v_hands
  4 15.291437 50.656384 -2.329193 -0.928766 -0.338801 0.150360 0.397364 0.560888 2 4 0.650700 25 0.349300
  4 15.501198 50.670963 -1.801916 -0.856002 -0.235940 0.459992 0.383583 0.565064 2 4 0.636900 25 0.363100
  4 14.663840 52.859077 -2.418123 -0.875405 -0.297959 0.380638 0.379774 0.493572 2 4 0.809400 25 0.190600
v_hands
  4 13.983322 54.030151 -4.797372 -0.877766 -0.422795 -0.225324 0.432121 0.441660 1 4 1.000000
  3 13.497066 56.393127 -6.126127 -0.640299 -0.457007 -0.617383 0.458811 0.371909 1 3 1.000000
  4 14.695866 53.676918 -5.757874 -0.625769 -0.445302 -0.640406 0.467621 0.449764 1 4 1.000000
v_hands
  4 13.983322 54.030151 -4.797372 -0.877766 -0.422795 -0.225324 0.432121 0.441660 1 4 1.000000
  3 13.373321 56.038670 -5.239147 -0.868393 -0.443750 -0.221314 0.427933 0.385989 1 3 1.000000
  3 13.497066 56.393127 -6.126127 -0.640299 -0.457007 -0.617383 0.458811 0.371909 1 3 1.000000
v_hands
  25 16.349764 48.384506 -2.571744 -0.845953 -0.500497 -0.184029 0.426114 0.612363 2 25 0.625700 4 0.374300
  4 16.216644 50.097622 -4.235018 -0.601895 -0.510726 -0.613907 0.455932 0.566933 2 4 0.612400 25 0.387600
  25 16.953913 48.238949 -3.432059 -0.573671 -0.546972 -0.609691 0.451213 0.614599 2 25 0.638100 4 0.361900
v_hands
  25 16.349764 48.384506 -2.571744 -0.845953 -0.500497 -0.184029 0.426114 0.612363 2 25 0.625700 4 0.374300
  4 15.538099 50.385094 -3.360597 -0.861356 -0.445748 -0.243667 0.429327 0.561052 2 4 0.644500 25 0.355500
  4 16.216644 50.097622 -4.235018 -0.601895 -0.510726 -0.613907 0.455932 0.566933 2 4 0.612400 25 0.387600
v_hands
  25 18.963432 46.352108 0.848761 -0.366654 0.174495 0.913847 0.338443 0.736692 1 25 1.000000
  25 18.459566 49.600788 -0.369810 0.160436 0.386561 0.908202 0.311079 0.620179 2 25 0.647900 4 0.352100
  25 17.426790 49.462723 -0.227903 -0.255092 0.189755 0.948114 0.336700 0.616094 2 25 0.635200 4 0.364800
v_hands
  25 18.963432 46.352108 0.848761 -0.366654 0.174495 0.913847 0.338443 0.736692 1 25 1.000000
  25 19.734840 46.477238 0.738408 0.161563 0.440116 0.883286 0.313675 0.743743 2 25 0.925300 4 0.074700
  25 18.459566 49.600788 -0.369810 0.160436 0.386561 0.908202 0.311079 0.620179 2 25 0.647900 4 0.352100
v_hands
  4 16.389866 51.646343 -5.413348 -0.203309 -0.435093 -0.877131 0.485205 0.515552 2 4 0.802900 25 0.197100
  4 16.216644 50.097622 -4.235018 -0.601895 -0.510726 -0.613907 0.455932 0.566933 2 4 0.612400 25 0.387600
  4 15.479376 51.956306 -5.037975 -0.607940 -0.504789 -0.612859 0.462254 0.500339 2 4 0.846500 25 0.153500
v_hands
  4 16.389866 51.646343 -5.413348 -0.203309 -0.435093 -0.877131 0.485205 0.515552 2 4 0.802900 25 0.197100
  4 17.052330 49.968048 -4.593194 -0.208280 -0.479004 -0.852745 0.479456 0.572966 2 4 0.596400 25 0.403600
  4 16.216644 50.097622 -4.235018 -0.601895 -0.510726 -0.613907 0.455932 0.566933 2 4 0.612400 25 0.387600
v_hands
  25 16.349764 48.384506 -2.571744 -0.845953 -0.500497 -0.184029 0.426114 0.612363 2 25 0.625700 4 0.374300
  25 18.184137 45.619865 -2.084539 -0.636817 -0.576784 -0.511648 0.444228 0.698591 2 25 0.897000 4 0.103000
  25 18.027386 45.523743 -1.341150 -0.869826 -0.492556 -0.028124 0.420405 0.712493 2 25 0.941700 4 0.058300
v_hands
  25 16.349764 48.384506 -2.571744 -0.845953 -0.500497 -0.184029 0.426114 0.612363 2 25 0.625700 4 0.374300
  25 16.953913 48.238949 -3.432059 -0.573671 -0.546972 -0.609691 0.451213 0.614599 2 25 0.638100 4 0.361900
  25 18.184137 45.619865 -2.084539 -0.636817 -0.576784 -0.511648 0.444228 0.698591 2 25 0.897000 4 0.103000
v_hands
  4 14.695866 53.676918 -5.757874 -0.625769 -0.445302 -0.640406 0.467621 0.449764 1 4 1.000000
  3 14.671428 56.579735 -6.941699 -0.167716 -0.311893 -0.935197 0.493724 0.377238 1 3 1.000000
  4 15.652890 53.605049 -5.998086 -0.237399 -0.377730 -0.894964 0.483919 0.460079 1 4 1.000000
v_hands
  4 14.695866 53.676918 -5.757874 -0.625769 -0.445302 -0.640406 0.467621 0.449764 1 4 1.000000
  3 13.497066 56.393127 -6.126127 -0.640299 -0.457007 -0.617383 0.458811 0.371909 1 3 1.000000
  3 14.671428 56.579735 -6.941699 -0.167716 -0.311893 -0.935197 0.493724 0.377238 1 3 1.000000
v_hands
  25 18.051323 45.767693 -0.534953 -0.871178 -0.357458 0.336560 0.394338 0.721084 2 25 0.939400 4 0.060600
  25 19.353861 43.068821 0.163836 -0.913060 -0.390434 0.117826 0.412033 0.839992 2 25 0.935500 5 0.064500
  25 19.531502 43.335247 0.849295 -0.896652 -0.271480 0.349732 0.382215 0.847183 1 25 1.000000
v_hands
  25 18.051323 45.767693 -0.534953 -0.871178 -0.357458 0.336560 0.394338 0.721084 2 25 0.939400 4 0.060600
  25 18.027386 45.523743 -1.341150 -0.869826 -0.492556 -0.028124 0.420405 0.712493 2 25 0.941700 4 0.058300
  25 19.353861 43.068821 0.163836 -0.913060 -0.390434 0.117826 0.412033 0.839992 2 25 0.935500 5 0.064500
v_hands
  4 17.754822 51.367226 -1.079637 0.144062 0.381288 0.913163 0.312077 0.572851 2 4 0.587200 25 0.412800
  25 17.426790 49.462723 -0.227903 -0.255092 0.189755 0.948114 0.336700 0.616094 2 25 0.635200 4 0.364800
  25 18.459566 49.600788 -0.369810 0.160436 0.386561 0.908202 0.311079 0.620179 2 25 0.647900 4 0.352100
v_hands
  4 17.754822 51.367226 -1.079637 0.144062 0.381288 0.913163 0.312077 0.572851 2 4 0.587200 25 0.412800
  4 16.602737 51.189491 -0.770360 -0.184471 0.230716 0.955374 0.337432 0.569413 2 4 0.610900 25 0.389100
  25 17.426790 49.462723 -0.227903 -0.255092 0.189755 0.948114 0.336700 0.616094 2 25 0.635200 4 0.364800
v_hands
  25 18.599569 46.208210 0.433863 -0.732808 -0.138860 0.666116 0.356564 0.730172 1 25 1.000000
  25 17.426790 49.462723 -0.227903 -0.255092 0.189755 0.948114 0.336700 0.616094 2 25 0.635200 4 0.364800
  25 16.773109 49.215805 -0.637862 -0.684439 -0.129967 0.717392 0.358260 0.615648 2 25 0.617500 4 0.382500
v_hands
  25 18.599569 46.208210 0.433863 -0.732808 -0.138860 0.666116 0.356564 0.730172 1 25 1.000000
  25 18.963432 46.352108 0.848761 -0.366654 0.174495 0.913847 0.338443 0.736692 1 25 1.000000
  25 17.426790 49.462723 -0.227903 -0.255092 0.189755 0.948114 0.336700 0.616094 2 25 0.635200 4 0.364800
v_hands
  4 13.983322 54.030151 -4.797372 -0.877766 -0.422795 -0.225324 0.432121 0.441660 1 4 1.000000
  4 13.407874 55.563782 -3.678681 -0.917848 -0.335960 0.211388 0.393226 0.406250 1 4 1.000000
  3 13.373321 56.038670 -5.239147 -0.868393 -0.443750 -0.221314 0.427933 0.385989 1 3 1.000000
v_hands
  4 13.983322 54.030151 -4.797372 -0.877766 -0.422795 -0.225324 0.432121 0.441660 1 4 1.000000
  4 13.645005 54.407318 -3.484889 -0.935374 -0.344708 0.079068 0.394342 0.437336 1 4 1.000000
  4 13.407874 55.563782 -3.678681 -0.917848 -0.335960 0.211388 0.393226 0.406250 1 4 1.000000
v_hands
  25 16.259041 48.644299 -1.653738 -0.886765 -0.386236 0.253906 0.396787 0.614358 2 25 0.610300 4 0.389700
  25 18.027386 45.523743 -1.341150 -0.869826 -0.492556 -0.028124 0.420405 0.712493 2 25 0.941700 4 0.058300
  25 18.051323 45.767693 -0.534953 -0.871178 -0.357458 0.336560 0.394338 0.721084 2 25 0.939400 4 0.060600
v_hands
  25 16.259041 48.644299 -1.653738 -0.886765 -0.386236 0.253906 0.396787 0.614358 2 25 0.610300 4 0.389700
  25 16.349764 48.384506 -2.571744 -0.845953 -0.500497 -0.184029 0.426114 0.612363 2 25 0.625700 4 0.374300
  25 18.027386 45.523743 -1.341150 -0.869826 -0.492556 -0.028124 0.420405 0.712493 2 25 0.941700 4 0.058300
v_hands
  25 19.464153 42.869404 -0.534603 -0.789930 -0.494505 -0.362595 0.441640 0.835542 2 25 0.914900 5 0.085100
  25 18.027386 45.523743 -1.341150 -0.869826 -0.492556 -0.028124 0.420405 0.712493 2 25 0.941700 4 0.058300
  25 18.184137 45.619865 -2.084539 -0.636817 -0.576784 -0.511648 0.444228 0.698591 2 25 0.897000 4 0.103000
v_hands
  25 19.464153 42.869404 -0.534603 -0.789930 -0.494505 -0.362595 0.441640 0.835542 2 25 0.914900 5 0.085100
  25 19.353861 43.068821 0.163836 -0.913060 -0.390434 0.117826 0.412033 0.839992 2 25 0.935500 5 0.064500
  25 18.027386 45.523743 -1.341150 -0.869826 -0.492556 -0.028124 0.420405 0.712493 2 25 0.941700 4 0.058300
v_hands
  4 15.291437 50.656384 -2.329193 -0.928766 -0.338801 0.150360 0.397364 0.560888 2 4 0.650700 25 0.349300
  25 16.349764 48.384506 -2.571744 -0.845953 -0.500497 -0.184029 0.426114 0.612363 2 25 0.625700 4 0.374300
  25 16.259041 48.644299 -1.653738 -0.886765 -0.386236 0.253906 0.396787 0.614358 2 25 0.610300 4 0.389700
v_hands
  4 15.291437 50.656384 -2.329193 -0.928766 -0.338801 0.150360 0.397364 0.560888 2 4 0.650700 25 0.349300
  4 15.538099 50.385094 -3.360597 -0.861356 -0.445748 -0.243667 0.429327 0.561052 2 4 0.644500 25 0.355500
  25 16.349764 48.384506 -2.571744 -0.845953 -0.500497 -0.184029 0.426114 0.612363 2 25 0.625700 4 0.374300
v_hands
  4 15.038603 52.764645 -1.807318 -0.684351 -0.125608 0.718252 0.363564 0.503057 2 4 0.786700 25 0.213300
  4 15.098728 54.715233 -1.668930 -0.106972 0.252381 0.961697 0.331921 0.457971 2 4 0.902400 25 0.097600
  4 14.031540 54.860386 -2.252632 -0.715154 -0.075674 0.694859 0.363062 0.439265 2 4 0.924400 25 0.075600
v_hands
  4 15.038603 52.764645 -1.807318 -0.684351 -0.125608 0.718252 0.363564 0.503057 2 4 0.786700 25 0.213300
  4 15.804585 53.202641 -1.377739 -0.116832 0.207353 0.971264 0.338163 0.503081 2 4 0.775500 25 0.224500
  4 15.098728 54.715233 -1.668930 -0.106972 0.252381 0.961697 0.331921 0.457971 2 4 0.902400 25 0.097600
v_hands
  4 14.695866 53.676918 -5.757874 -0.625769 -0.445302 -0.640406 0.467621 0.449764 1 4 1.000000
  4 14.615030 52.661728 -4.220391 -0.855675 -0.468182 -0.220511 0.428929 0.484368 2 4 0.871500 25 0.128500
  4 13.983322 54.030151 -4.797372 -0.877766 -0.422795 -0.225324 0.432121 0.441660 1 4 1.000000
v_hands
  4 14.695866 53.676918 -5.757874 -0.625769 -0.445302 -0.640406 0.467621 0.449764 1 4 1.000000
  4 15.479376 51.956306 -5.037975 -0.607940 -0.504789 -0.612859 0.462254 0.500339 2 4 0.846500 25 0.153500
  4 14.615030 52.661728 -4.220391 -0.855675 -0.468182 -0.220511 0.428929 0.484368 2 4 0.871500 25 0.128500
v_hands
  4 13.983322 54.030151 -4.797372 -0.877766 -0.422795 -0.225324 0.432121 0.441660 1 4 1.000000
  4 14.488712 53.059982 -3.085475 -0.915773 -0.388901 0.100579 0.393821 0.481867 2 4 0.844600 25 0.155400
  4 13.645005 54.407318 -3.484889 -0.935374 -0.344708 0.079068 0.394342 0.437336 1 4 1.000000
v_hands
  4 13.983322 54.030151 -4.797372 -0.877766 -0.422795 -0.225324 0.432121 0.441660 1 4 1.000000
  4 14.615030 52.661728 -4.220391 -0.855675 -0.468182 -0.220511 0.428929 0.484368 2 4 0.871500 25 0.128500
  4 14.488712 53.059982 -3.085475 -0.915773 -0.388901 0.100579 0.393821 0.481867 2 4 0.844600 25 0.155400
v_hands
  4 17.646130 51.655167 -5.359777 0.273121 -0.298926 -0.914357 0.105165 0.521417 2 4 0.773600 25 0.226400
  4 17.052330 49.968048 -4.593194 -0.208280 -0.479004 -0.852745 0.083085 0.567602 2 4 0.596400 25 0.403600
  4 16.389866 51.646343 -5.413348 -0.203309 -0.435093 -0.877131 0.077367 0.515279 2 4 0.802900 25 0.197100
v_hands
  4 17.646130 51.655167 -5.359777 0.273121 -0.298926 -0.914357 0.105165 0.521417 2 4 0.773600 25 0.226400
  4 18.214964 50.102913 -4.660625 0.356642 -0.300708 -0.884523 0.112995 0.574813 2 4 0.581700 25 0.418300
  4 17.052330 49.968048 -4.593194 -0.208280 -0.479004 -0.852745 0.083085 0.567602 2 4 0.596400 25 0.403600
v_hands
  25 18.184137 45.619865 -2.084539 -0.636817 -0.576784 -0.511648 0.444228 0.698591 2 25 0.897000 4 0.103000
  25 17.714790 48.289753 -3.773041 -0.182622 -0.498686 -0.847326 0.473135 0.618684 2 25 0.636400 4 0.363600
  25 18.800827 45.716511 -2.414989 -0.221129 -0.516182 -0.827441 0.465348 0.699179 2 25 0.872000 4 0.128000
v_hands
  25 18.184137 45.619865 -2.084539 -0.636817 -0.576784 -0.511648 0.444228 0.698591 2 25 0.897000 4 0.103000
  25 16.953913 48.238949 -3.432059 -0.573671 -0.546972 -0.609691 0.451213 0.614599 2 25 0.638100 4 0.361900
  25 17.714790 48.289753 -3.773041 -0.182622 -0.498686 -0.847326 0.473135 0.618684 2 25 0.636400 4 0.363600
v_hands
  25 19.576660 45.926697 -2.496401 0.311049 -0.332575 -0.890304 0.130833 0.721930 2 25 0.865200 4 0.134800
  25 19.988691 42.875183 -1.060278 -0.374875 -0.451989 -0.809429 0.114015 0.840699 2 25 0.922800 5 0.077200
  25 18.800827 45.716511 -2.414989 -0.221129 -0.516182 -0.827441 0.101830 0.722243 2 25 0.872000 4 0.128000
v_hands
  25 19.576660 45.926697 -2.496401 0.311049 -0.332575 -0.890304 0.130833 0.721930 2 25 0.865200 4 0.134800
  25 20.524351 42.905209 -1.205165 0.205509 -0.273544 -0.939648 0.136113 0.842026 2 25 0.901400 5 0.098600
  25 19.988691 42.875183 -1.060278 -0.374875 -0.451989 -0.809429 0.114015 0.840699 2 25 0.922800 5 0.077200
v_hands
  4 15.652890 53.605049 -5.998086 -0.237399 -0.377730 -0.894964 0.071243 0.462496 1 4 1.000000
  4 15.864626 55.599937 -6.863144 0.035170 -0.271660 -0.961750 0.089698 0.412415 1 4 1.000000
  4 16.730450 53.689205 -6.110590 0.117286 -0.314834 -0.941872 0.096868 0.465296 1 4 1.000000
v_hands
  4 15.652890 53.605049 -5.998086 -0.237399 -0.377730 -0.894964 0.071243 0.462496 1 4 1.000000
  3 14.671428 56.579735 -6.941699 -0.167716 -0.311893 -0.935197 0.073709 0.379684 1 3 1.000000
  4 15.864626 55.599937 -6.863144 0.035170 -0.271660 -0.961750 0.089698 0.412415 1 4 1.000000
v_hands
  4 17.050074 53.133663 -1.789465 0.144844 0.333215 0.931659 0.308712 0.513616 2 4 0.767500 25 0.232500
  4 16.602737 51.189491 -0.770360 -0.184471 0.230716 0.955374 0.337432 0.569413 2 4 0.610900 25 0.389100
  4 17.754822 51.367226 -1.079637 0.144062 0.381288 0.913163 0.312077 0.572851 2 4 0.587200 25 0.412800
v_hands
  4 17.050074 53.133663 -1.789465 0.144844 0.333215 0.931659 0.308712 0.513616 2 4 0.767500 25 0.232500
  4 15.804585 53.202641 -1.377739 -0.116832 0.207353 0.971264 0.338163 0.503081 2 4 0.775500 25 0.224500
  4 16.602737 51.189491 -0.770360 -0.184471 0.230716 0.955374 0.337432 0.569413 2 4 0.610900 25 0.389100
v_hands
  4 18.354584 55.290409 -3.218393 0.777767 0.497675 0.383923 0.239493 0.461632 2 4 0.875500 25 0.124500
  4 18.276474 53.125195 -1.739415 0.298252 0.374649 0.877886 0.278442 0.525141 2 4 0.752900 25 0.247100
  4 19.089127 52.796318 -2.190133 0.822353 0.378117 0.425163 0.247186 0.527876 2 4 0.713300 25 0.286700
v_hands
  4 18.354584 55.290409 -3.218393 0.777767 0.497675 0.383923 0.239493 0.461632 2 4 0.875500 25 0.124500
  4 17.249895 55.261913 -2.259662 0.324087 0.480307 0.815029 0.272899 0.462035 2 4 0.885700 25 0.114300
  4 18.276474 53.125195 -1.739415 0.298252 0.374649 0.877886 0.278442 0.525141 2 4 0.752900 25 0.247100
v_hands
  4 16.190552 55.030315 -2.243459 0.179838 0.383666 0.905791 0.304346 0.457153 2 4 0.894100 25 0.105900
  4 15.804585 53.202641 -1.377739 -0.116832 0.207353 0.971264 0.338163 0.503081 2 4 0.775500 25 0.224500
  4 17.050074 53.133663 -1.789465 0.144844 0.333215 0.931659 0.308712 0.513616 2 4 0.767500 25 0.232500
v_hands
  4 16.190552 55.030315 -2.243459 0.179838 0.383666 0.905791 0.304346 0.457153 2 4 0.894100 25 0.105900
  4 15.098728 54.715233 -1.668930 -0.106972 0.252381 0.961697 0.331921 0.457971 2 4 0.902400 25 0.097600
  4 15.804585 53.202641 -1.377739 -0.116832 0.207353 0.971264 0.338163 0.503081 2 4 0.775500 25 0.224500
v_hands
  4 18.597452 54.422546 -5.500369 0.828904 0.080318 -0.553595 0.157904 0.464491 2 4 0.908400 25 0.091600
  4 18.628952 51.761414 -4.684450 0.505121 -0.238500 -0.829440 0.145448 0.527821 2 4 0.757400 25 0.242600
  4 17.793516 53.964649 -5.915601 0.440208 -0.196380 -0.876157 0.131850 0.465869 1 4 1.000000
v_hands
  4 18.597452 54.422546 -5.500369 0.828904 0.080318 -0.553595 0.157904 0.464491 2 4 0.908400 25 0.091600
  4 19.161730 51.953850 -4.472475 0.834557 -0.067706 -0.546745 0.161358 0.529687 2 4 0.731000 25 0.269000
  4 18.628952 51.761414 -4.684450 0.505121 -0.238500 -0.829440 0.145448 0.527821 2 4 0.757400 25 0.242600
v_hands
  4 16.730450 53.689205 -6.110590 0.117286 -0.314834 -0.941872 0.096868 0.465296 1 4 1.000000
  4 16.389866 51.646343 -5.413348 -0.203309 -0.435093 -0.877131 0.077367 0.515279 2 4 0.802900 25 0.197100
  4 15.652890 53.605049 -5.998086 -0.237399 -0.377730 -0.894964 0.071243 0.462496 1 4 1.000000
v_hands
  4 16.730450 53.689205 -6.110590 0.117286 -0.314834 -0.941872 0.096868 0.465296 1 4 1.000000
  4 17.646130 51.655167 -5.359777 0.273121 -0.298926 -0.914357 0.105165 0.521417 2 4 0.773600 25 0.226400
  4 16.389866 51.646343 -5.413348 -0.203309 -0.435093 -0.877131 0.077367 0.515279 2 4 0.802900 25 0.197100
v_hands
  4 16.730450 53.689205 -6.110590 0.117286 -0.314834 -0.941872 0.096868 0.465296 1 4 1.000000
  4 16.937830 55.785156 -6.712893 0.382894 -0.036888 -0.923055 0.123892 0.418116 1 4 1.000000
  4 17.793516 53.964649 -5.915601 0.440208 -0.196380 -0.876157 0.131850 0.465869 1 4 1.000000
v_hands
  4 16.730450 53.689205 -6.110590 0.117286 -0.314834 -0.941872 0.096868 0.465296 1 4 1.000000
  4 15.864626 55.599937 -6.863144 0.035170 -0.271660 -0.961750 0.089698 0.412415 1 4 1.000000
  4 16.937830 55.785156 -6.712893 0.382894 -0.036888 -0.923055 0.123892 0.418116 1 4 1.000000
v_hands
  4 15.479376 51.956306 -5.037975 -0.607940 -0.504789 -0.612859 0.462254 0.500339 2 4 0.846500 25 0.153500
  4 15.652890 53.605049 -5.998086 -0.237399 -0.377730 -0.894964 0.483919 0.460079 1 4 1.000000
  4 16.389866 51.646343 -5.413348 -0.203309 -0.435093 -0.877131 0.485205 0.515552 2 4 0.802900 25 0.197100
v_hands
  4 15.479376 51.956306 -5.037975 -0.607940 -0.504789 -0.612859 0.462254 0.500339 2 4 0.846500 25 0.153500
  4 14.695866 53.676918 -5.757874 -0.625769 -0.445302 -0.640406 0.467621 0.449764 1 4 1.000000
  4 15.652890 53.605049 -5.998086 -0.237399 -0.377730 -0.894964 0.483919 0.460079 1 4 1.000000
v_hands
  4 14.031540 54.860386 -2.252632 -0.715154 -0.075674 0.694859 0.363062 0.439265 2 4 0.924400 25 0.075600
  4 14.663840 52.859077 -2.418123 -0.875405 -0.297959 0.380638 0.379774 0.493572 2 4 0.809400 25 0.190600
  4 15.038603 52.764645 -1.807318 -0.684351 -0.125608 0.718252 0.363564 0.503057 2 4 0.786700 25 0.213300
v_hands
  4 14.031540 54.860386 -2.252632 -0.715154 -0.075674 0.694859 0.363062 0.439265 2 4 0.924400 25 0.075600
  4 13.775653 54.615707 -2.794444 -0.907466 -0.259199 0.330638 0.378219 0.438156 2 4 0.946400 25 0.053600
  4 14.663840 52.859077 -2.418123 -0.875405 -0.297959 0.380638 0.379774 0.493572 2 4 0.809400 25 0.190600
v_hands
  25 20.678080 46.758362 0.119113 0.865797 0.384758 0.319932 0.255769 0.739023 2 25 0.903400 4 0.096600
  25 21.427851 43.817787 0.249767 0.926144 0.241177 -0.289984 0.218453 0.849102 1 25 1.000000
  25 20.697477 46.623905 -0.583866 0.966909 0.193048 -0.166788 0.225344 0.735154 2 25 0.883700 4 0.116300
v_hands
  25 20.678080 46.758362 0.119113 0.865797 0.384758 0.319932 0.255769 0.739023 2 25 0.903400 4 0.096600
  25 21.482738 44.074417 1.173913 0.877650 0.448248 0.169719 0.256425 0.853119 1 25 1.000000
  25 21.427851 43.817787 0.249767 0.926144 0.241177 -0.289984 0.218453 0.849102 1 25 1.000000
v_hands
  25 20.450264 46.442791 -1.606660 0.933997 0.094130 -0.344658 0.184920 0.725907 2 25 0.857700 4 0.142300
  25 19.905165 49.544224 -1.779913 0.975650 0.201298 -0.087102 0.221006 0.626579 2 25 0.628900 4 0.371100
  25 20.697477 46.623905 -0.583866 0.966909 0.193048 -0.166788 0.225344 0.735154 2 25 0.883700 4 0.116300
v_hands
  25 20.450264 46.442791 -1.606660 0.933997 0.094130 -0.344658 0.184920 0.725907 2 25 0.857700 4 0.142300
  25 19.716450 49.071678 -3.060636 0.889849 0.000812 -0.456254 0.168870 0.626807 2 25 0.612800 4 0.387200
  25 19.905165 49.544224 -1.779913 0.975650 0.201298 -0.087102 0.221006 0.626579 2 25 0.628900 4 0.371100
v_hands
  25 19.716450 49.071678 -3.060636 0.889849 0.000812 -0.456254 0.168870 0.626807 2 25 0.612800 4 0.387200
  4 19.554014 51.008434 -2.464536 0.980404 0.191818 -0.044875 0.217587 0.583405 2 4 0.572800 25 0.427200
  25 19.905165 49.544224 -1.779913 0.975650 0.201298 -0.087102 0.221006 0.626579 2 25 0.628900 4 0.371100
v_hands
  25 19.716450 49.071678 -3.060636 0.889849 0.000812 -0.456254 0.168870 0.626807 2 25 0.612800 4 0.387200
  4 19.471220 50.525478 -3.767540 0.841860 -0.079937 -0.533743 0.164023 0.583369 2 4 0.567100 25 0.432900
  4 19.554014 51.008434 -2.464536 0.980404 0.191818 -0.044875 0.217587 0.583405 2 4 0.572800 25 0.427200
v_hands
  4 19.161730 51.953850 -4.472475 0.834557 -0.067706 -0.546745 0.161358 0.529687 2 4 0.731000 25 0.269000
  4 18.675394 54.865120 -4.480601 0.941621 0.332901 -0.050256 0.191575 0.463971 2 4 0.878600 25 0.121400
  4 19.256742 52.493977 -3.150810 0.976066 0.216231 -0.023198 0.213334 0.528608 2 4 0.706600 25 0.293400
v_hands
  4 19.161730 51.953850 -4.472475 0.834557 -0.067706 -0.546745 0.161358 0.529687 2 4 0.731000 25 0.269000
  4 18.597452 54.422546 -5.500369 0.828904 0.080318 -0.553595 0.157904 0.464491 2 4 0.908400 25 0.091600
  4 18.675394 54.865120 -4.480601 0.941621 0.332901 -0.050256 0.191575 0.463971 2 4 0.878600 25 0.121400
v_hands
  4 17.687557 56.683338 -4.164097 0.686763 0.655113 0.314933 0.217514 0.421245 1 4 1.000000
  4 18.675394 54.865120 -4.480601 0.941621 0.332901 -0.050256 0.191575 0.463971 2 4 0.878600 25 0.121400
  4 17.736433 56.676105 -5.237387 0.818715 0.574111 0.010120 0.189021 0.416186 1 4 1.000000
v_hands
  4 17.687557 56.683338 -4.164097 0.686763 0.655113 0.314933 0.217514 0.421245 1 4 1.000000
  4 18.354584 55.290409 -3.218393 0.777767 0.497675 0.383923 0.239493 0.461632 2 4 0.875500 25 0.124500
  4 18.675394 54.865120 -4.480601 0.941621 0.332901 -0.050256 0.191575 0.463971 2 4 0.878600 25 0.121400
v_hands
  4 17.664440 56.438881 -6.002427 0.790838 0.345656 -0.505071 0.162226 0.416533 1 4 1.000000
  3 16.752453 57.718735 -5.146765 0.823421 0.538454 0.179010 0.198156 0.378666 1 3 1.000000
  4 17.736433 56.676105 -5.237387 0.818715 0.574111 0.010120 0.189021 0.416186 1 4 1.000000
v_hands
  4 17.664440 56.438881 -6.002427 0.790838 0.345656 -0.505071 0.162226 0.416533 1 4 1.000000
  3 16.736797 57.911423 -6.081550 0.858754 0.364695 -0.359916 0.171200 0.371159 1 3 1.000000
  3 16.752453 57.718735 -5.146765 0.823421 0.538454 0.179010 0.198156 0.378666 1 3 1.000000
v_hands
  25 18.783798 48.550659 -3.961472 0.368700 -0.317109 -0.873786 0.127276 0.617433 2 25 0.638600 4 0.361400
  4 19.015223 50.320854 -3.967615 0.593098 -0.206286 -0.778255 0.149052 0.581356 2 4 0.571400 25 0.428600
  25 19.444662 48.897381 -3.252102 0.703552 -0.134335 -0.697832 0.154109 0.625995 2 25 0.634900 4 0.365100
v_hands
  25 18.783798 48.550659 -3.961472 0.368700 -0.317109 -0.873786 0.127276 0.617433 2 25 0.638600 4 0.361400
  4 18.214964 50.102913 -4.660625 0.356642 -0.300708 -0.884523 0.112995 0.574813 2 4 0.581700 25 0.418300
  4 19.015223 50.320854 -3.967615 0.593098 -0.206286 -0.778255 0.149052 0.581356 2 4 0.571400 25 0.428600
v_hands
  25 19.364742 49.771759 -0.701935 0.393329 0.417077 0.819353 0.277687 0.625637 2 25 0.649000 4 0.351000
  4 19.460352 51.269711 -1.619637 0.835660 0.354826 0.419249 0.250394 0.583778 2 4 0.559100 25 0.440900
  4 18.820608 51.448479 -1.220675 0.341749 0.398904 0.850931 0.278064 0.577866 2 4 0.572700 25 0.427300
v_hands
  25 19.364742 49.771759 -0.701935 0.393329 0.417077 0.819353 0.277687 0.625637 2 25 0.649000 4 0.351000
  25 19.831579 49.743092 -1.049137 0.836518 0.372045 0.402269 0.252332 0.627601 2 25 0.646900 4 0.353100
  4 19.460352 51.269711 -1.619637 0.835660 0.354826 0.419249 0.250394 0.583778 2 4 0.559100 25 0.440900
v_hands
  4 19.161730 51.953850 -4.472475 0.834557 -0.067706 -0.546745 0.161358 0.529687 2 4 0.731000 25 0.269000
  4 19.015223 50.320854 -3.967615 0.593098 -0.206286 -0.778255 0.149052 0.581356 2 4 0.571400 25 0.428600
  4 18.628952 51.761414 -4.684450 0.505121 -0.238500 -0.829440 0.145448 0.527821 2 4 0.757400 25 0.242600
v_hands
  4 19.161730 51.953850 -4.472475 0.834557 -0.067706 -0.546745 0.161358 0.529687 2 4 0.731000 25 0.269000
  4 19.471220 50.525478 -3.767540 0.841860 -0.079937 -0.533743 0.164023 0.583369 2 4 0.567100 25 0.432900
  4 19.015223 50.320854 -3.967615 0.593098 -0.206286 -0.778255 0.149052 0.581356 2 4 0.571400 25 0.428600
v_hands
  4 18.276474 53.125195 -1.739415 0.298252 0.374649 0.877886 0.278442 0.525141 2 4 0.752900 25 0.247100
  4 17.754822 51.367226 -1.079637 0.144062 0.381288 0.913163 0.312077 0.572851 2 4 0.587200 25 0.412800
  4 18.820608 51.448479 -1.220675 0.341749 0.398904 0.850931 0.278064 0.577866 2 4 0.572700 25 0.427300
v_hands
  4 18.276474 53.125195 -1.739415 0.298252 0.374649 0.877886 0.278442 0.525141 2 4 0.752900 25 0.247100
  4 17.050074 53.133663 -1.789465 0.144844 0.333215 0.931659 0.308712 0.513616 2 4 0.767500 25 0.232500
  4 17.754822 51.367226 -1.079637 0.144062 0.381288 0.913163 0.312077 0.572851 2 4 0.587200 25 0.412800
v_hands
  25 19.905165 49.544224 -1.779913 0.975650 0.201298 -0.087102 0.221006 0.626579 2 25 0.628900 4 0.371100
  4 19.460352 51.269711 -1.619637 0.835660 0.354826 0.419249 0.250394 0.583778 2 4 0.559100 25 0.440900
  25 19.831579 49.743092 -1.049137 0.836518 0.372045 0.402269 0.252332 0.627601 2 25 0.646900 4 0.353100
v_hands
  25 19.905165 49.544224 -1.779913 0.975650 0.201298 -0.087102 0.221006 0.626579 2 25 0.628900 4 0.371100
  4 19.554014 51.008434 -2.464536 0.980404 0.191818 -0.044875 0.217587 0.583405 2 4 0.572800 25 0.427200
  4 19.460352 51.269711 -1.619637 0.835660 0.354826 0.419249 0.250394 0.583778 2 4 0.559100 25 0.440900
v_hands
  4 15.804585 53.202641 -1.377739 -0.116832 0.207353 0.971264 0.338163 0.503081 2 4 0.775500 25 0.224500
  4 15.938361 50.849846 -1.179520 -0.679730 -0.085881 0.728417 0.363439 0.568968 2 4 0.620700 25 0.379300
  4 16.602737 51.189491 -0.770360 -0.184471 0.230716 0.955374 0.337432 0.569413 2 4 0.610900 25 0.389100
v_hands
  4 15.804585 53.202641 -1.377739 -0.116832 0.207353 0.971264 0.338163 0.503081 2 4 0.775500 25 0.224500
  4 15.038603 52.764645 -1.807318 -0.684351 -0.125608 0.718252 0.363564 0.503057 2 4 0.786700 25 0.213300
  4 15.938361 50.849846 -1.179520 -0.679730 -0.085881 0.728417 0.363439 0.568968 2 4 0.620700 25 0.379300
v_hands
  25 16.259041 48.644299 -1.653738 -0.886765 -0.386236 0.253906 0.396787 0.614358 2 25 0.610300 4 0.389700
  4 15.501198 50.670963 -1.801916 -0.856002 -0.235940 0.459992 0.383583 0.565064 2 4 0.636900 25 0.363100
  4 15.291437 50.656384 -2.329193 -0.928766 -0.338801 0.150360 0.397364 0.560888 2 4 0.650700 25 0.349300
v_hands
  25 16.259041 48.644299 -1.653738 -0.886765 -0.386236 0.253906 0.396787 0.614358 2 25 0.610300 4 0.389700
  25 16.438164 48.861721 -1.223042 -0.805920 -0.266136 0.528834 0.381831 0.616689 2 25 0.614300 4 0.385700
  4 15.501198 50.670963 -1.801916 -0.856002 -0.235940 0.459992 0.383583 0.565064 2 4 0.636900 25 0.363100
v_hands
  4 15.479376 51.956306 -5.037975 -0.607940 -0.504789 -0.612859 0.462254 0.500339 2 4 0.846500 25 0.153500
  4 15.538099 50.385094 -3.360597 -0.861356 -0.445748 -0.243667 0.429327 0.561052 2 4 0.644500 25 0.355500
  4 14.615030 52.661728 -4.220391 -0.855675 -0.468182 -0.220511 0.428929 0.484368 2 4 0.871500 25 0.128500
v_hands
  4 15.479376 51.956306 -5.037975 -0.607940 -0.504789 -0.612859 0.462254 0.500339 2 4 0.846500 25 0.153500
  4 16.216644 50.097622 -4.235018 -0.601895 -0.510726 -0.613907 0.455932 0.566933 2 4 0.612400 25 0.387600
  4 15.538099 50.385094 -3.360597 -0.861356 -0.445748 -0.243667 0.429327 0.561052 2 4 0.644500 25 0.355500
v_hands
  25 16.953913 48.238949 -3.432059 -0.573671 -0.546972 -0.609691 0.451213 0.614599 2 25 0.638100 4 0.361900
  4 17.052330 49.968048 -4.593194 -0.208280 -0.479004 -0.852745 0.479456 0.572966 2 4 0.596400 25 0.403600
  25 17.714790 48.289753 -3.773041 -0.182622 -0.498686 -0.847326 0.473135 0.618684 2 25 0.636400 4 0.363600
v_hands
  25 16.953913 48.238949 -3.432059 -0.573671 -0.546972 -0.609691 0.451213 0.614599 2 25 0.638100 4 0.361900
  4 16.216644 50.097622 -4.235018 -0.601895 -0.510726 -0.613907 0.455932 0.566933 2 4 0.612400 25 0.387600
  4 17.052330 49.968048 -4.593194 -0.208280 -0.479004 -0.852745 0.479456 0.572966 2 4 0.596400 25 0.403600
v_hands
  3 11.447605 59.027973 -3.951941 -0.818990 -0.446231 0.360739 0.398512 0.275682 1 3 1.000000
  4 13.428641 56.015335 -3.317209 -0.834204 -0.208066 0.510698 0.377765 0.396655 1 4 1.000000
  3 11.921036 59.205990 -3.579858 -0.680533 -0.262752 0.683985 0.374966 0.281906 1 3 1.000000
v_hands
  3 11.447605 59.027973 -3.951941 -0.818990 -0.446231 0.360739 0.398512 0.275682 1 3 1.000000
  4 13.407874 55.563782 -3.678681 -0.917848 -0.335960 0.211388 0.393226 0.406250 1 4 1.000000
  4 13.428641 56.015335 -3.317209 -0.834204 -0.208066 0.510698 0.377765 0.396655 1 4 1.000000
v_hands
  25 16.773109 49.215805 -0.637862 -0.684439 -0.129967 0.717392 0.358260 0.615648 2 25 0.617500 4 0.382500
  25 18.247095 45.916534 -0.138250 -0.801983 -0.232333 0.550313 0.379511 0.725443 1 25 1.000000
  25 18.599569 46.208210 0.433863 -0.732808 -0.138860 0.666116 0.356564 0.730172 1 25 1.000000
v_hands
  25 16.773109 49.215805 -0.637862 -0.684439 -0.129967 0.717392 0.358260 0.615648 2 25 0.617500 4 0.382500
  25 16.438164 48.861721 -1.223042 -0.805920 -0.266136 0.528834 0.381831 0.616689 2 25 0.614300 4 0.385700
  25 18.247095 45.916534 -0.138250 -0.801983 -0.232333 0.550313 0.379511 0.725443 1 25 1.000000
v_hands
  4 13.407874 55.563782 -3.678681 -0.917848 -0.335960 0.211388 0.393226 0.406250 1 4 1.000000
  4 13.775653 54.615707 -2.794444 -0.907466 -0.259199 0.330638 0.378219 0.438156 2 4 0.946400 25 0.053600
  4 13.428641 56.015335 -3.317209 -0.834204 -0.208066 0.510698 0.377765 0.396655 1 4 1.000000
v_hands
  4 13.407874 55.563782 -3.678681 -0.917848 -0.335960 0.211388 0.393226 0.406250 1 4 1.000000
  4 13.645005 54.407318 -3.484889 -0.935374 -0.344708 0.079068 0.394342 0.437336 1 4 1.000000
  4 13.775653 54.615707 -2.794444 -0.907466 -0.259199 0.330638 0.378219 0.438156 2 4 0.946400 25 0.053600
v_hands
  4 15.038603 52.764645 -1.807318 -0.684351 -0.125608 0.718252 0.363564 0.503057 2 4 0.786700 25 0.213300
  4 15.501198 50.670963 -1.801916 -0.856002 -0.235940 0.459992 0.383583 0.565064 2 4 0.636900 25 0.363100
  4 15.938361 50.849846 -1.179520 -0.679730 -0.085881 0.728417 0.363439 0.568968 2 4 0.620700 25 0.379300
v_hands
  4 15.038603 52.764645 -1.807318 -0.684351 -0.125608 0.718252 0.363564 0.503057 2 4 0.786700 25 0.213300
  4 14.663840 52.859077 -2.418123 -0.875405 -0.297959 0.380638 0.379774 0.493572 2 4 0.809400 25 0.190600
  4 15.501198 50.670963 -1.801916 -0.856002 -0.235940 0.459992 0.383583 0.565064 2 4 0.636900 25 0.363100
v_hands
  4 14.488712 53.059982 -3.085475 -0.915773 -0.388901 0.100579 0.393821 0.481867 2 4 0.844600 25 0.155400
  4 13.775653 54.615707 -2.794444 -0.907466 -0.259199 0.330638 0.378219 0.438156 2 4 0.946400 25 0.053600
  4 13.645005 54.407318 -3.484889 -0.935374 -0.344708 0.079068 0.394342 0.437336 1 4 1.000000
v_hands
  4 14.488712 53.059982 -3.085475 -0.915773 -0.388901 0.100579 0.393821 0.481867 2 4 0.844600 25 0.155400
  4 14.663840 52.859077 -2.418123 -0.875405 -0.297959 0.380638 0.379774 0.493572 2 4 0.809400 25 0.190600
  4 13.775653 54.615707 -2.794444 -0.907466 -0.259199 0.330638 0.378219 0.438156 2 4 0.946400 25 0.053600
v_hands
  4 15.938361 50.849846 -1.179520 -0.679730 -0.085881 0.728417 0.363439 0.568968 2 4 0.620700 25 0.379300
  25 16.438164 48.861721 -1.223042 -0.805920 -0.266136 0.528834 0.381831 0.616689 2 25 0.614300 4 0.385700
  25 16.773109 49.215805 -0.637862 -0.684439 -0.129967 0.717392 0.358260 0.615648 2 25 0.617500 4 0.382500
v_hands
  4 15.938361 50.849846 -1.179520 -0.679730 -0.085881 0.728417 0.363439 0.568968 2 4 0.620700 25 0.379300
  4 15.501198 50.670963 -1.801916 -0.856002 -0.235940 0.459992 0.383583 0.565064 2 4 0.636900 25 0.363100
  25 16.438164 48.861721 -1.223042 -0.805920 -0.266136 0.528834 0.381831 0.616689 2 25 0.614300 4 0.385700
v_hands
  34 -24.741419 36.689182 5.376328 -0.741778 -0.066173 -0.667372 0.803848 0.825003 1 34 1.000000
  34 -23.839123 36.949173 4.959478 -0.047224 -0.421917 -0.905404 0.774572 0.817382 1 34 1.000000
  34 -24.186115 36.349056 5.214386 -0.106735 -0.447404 -0.887940 0.784661 0.835211 1 34 1.000000
v_hands
  34 -24.741419 36.689182 5.376328 -0.741778 -0.066173 -0.667372 0.803848 0.825003 1 34 1.000000
  34 -24.270636 37.511635 4.861563 -0.921597 -0.082798 -0.379213 0.786478 0.782352 1 34 1.000000
  34 -23.839123 36.949173 4.959478 -0.047224 -0.421917 -0.905404 0.774572 0.817382 1 34 1.000000
v_hands
  34 -23.812777 36.691235 6.308583 0.667654 0.045833 0.743059 0.603700 0.327338 1 34 1.000000
  34 -23.792707 37.687298 5.953736 -0.014345 0.402255 0.915415 0.603553 0.274648 1 34 1.000000
  34 -24.213474 36.921890 6.356880 0.024446 0.431411 0.901824 0.590522 0.317173 1 34 1.000000
v_hands
  34 -23.812777 36.691235 6.308583 0.667654 0.045833 0.743059 0.603700 0.327338 1 34 1.000000
  34 -23.427368 37.465076 5.887517 0.515293 -0.068011 0.854311 0.619398 0.274098 1 34 1.000000
  34 -23.792707 37.687298 5.953736 -0.014345 0.402255 0.915415 0.603553 0.274648 1 34 1.000000
v_hands
  34 -23.792707 37.687298 5.953736 -0.014345 0.402255 0.915415 0.849554 0.775036 1 34 1.000000
  34 -24.585403 37.042957 6.147690 -0.537273 0.536020 0.651169 0.834892 0.814243 1 34 1.000000
  34 -24.213474 36.921890 6.356880 0.024446 0.431411 0.901824 0.853629 0.813564 1 34 1.000000
v_hands
  34 -23.792707 37.687298 5.953736 -0.014345 0.402255 0.915415 0.849554 0.775036 1 34 1.000000
  34 -24.090652 37.951660 5.665188 -0.518241 0.518579 0.680075 0.829665 0.773045 2 34 0.937027 33 0.062973
  34 -24.585403 37.042957 6.147690 -0.537273 0.536020 0.651169 0.834892 0.814243 1 34 1.000000
v_hands
  34 -24.741419 36.689182 5.376328 -0.741778 -0.066173 -0.667372 0.803848 0.825003 1 34 1.000000
  34 -24.629332 37.427319 5.559242 -0.907953 0.411715 0.078173 0.814273 0.800502 1 34 1.000000
  34 -24.270636 37.511635 4.861563 -0.921597 -0.082798 -0.379213 0.786478 0.782352 1 34 1.000000
v_hands
  34 -24.741419 36.689182 5.376328 -0.741778 -0.066173 -0.667372 0.803848 0.825003 1 34 1.000000
  34 -24.831161 36.995300 5.803937 -0.926405 0.372806 0.052816 0.819634 0.817080 1 34 1.000000
  34 -24.629332 37.427319 5.559242 -0.907953 0.411715 0.078173 0.814273 0.800502 1 34 1.000000
v_hands
  34 -24.270636 37.511635 4.861563 -0.921597 -0.082798 -0.379213 0.786478 0.782352 1 34 1.000000
  34 -24.337696 38.055256 5.021593 -0.940295 0.038960 -0.338123 0.801639 0.766327 1 34 1.000000
  34 -24.169884 37.995289 4.623788 -0.934405 0.094731 -0.343386 0.785108 0.761156 2 34 0.604631 33 0.395370
v_hands
  34 -24.270636 37.511635 4.861563 -0.921597 -0.082798 -0.379213 0.786478 0.782352 1 34 1.000000
  34 -24.414696 37.715061 5.221569 -0.917690 0.066517 -0.391689 0.803732 0.781675 1 34 1.000000
  34 -24.337696 38.055256 5.021593 -0.940295 0.038960 -0.338123 0.801639 0.766327 1 34 1.000000
v_hands
  34 -24.414696 37.715061 5.221569 -0.917690 0.066517 -0.391689 0.803732 0.781675 1 34 1.000000
  34 -24.629332 37.427319 5.559242 -0.907953 0.411715 0.078173 0.814273 0.800502 1 34 1.000000
  34 -24.489834 37.821316 5.389498 -0.933324 0.348684 0.085587 0.812434 0.782184 1 34 1.000000
v_hands
  34 -24.414696 37.715061 5.221569 -0.917690 0.066517 -0.391689 0.803732 0.781675 1 34 1.000000
  34 -24.270636 37.511635 4.861563 -0.921597 -0.082798 -0.379213 0.786478 0.782352 1 34 1.000000
  34 -24.629332 37.427319 5.559242 -0.907953 0.411715 0.078173 0.814273 0.800502 1 34 1.000000
v_hands
  34 -24.585403 37.042957 6.147690 -0.537273 0.536020 0.651169 0.834892 0.814243 1 34 1.000000
  34 -24.629332 37.427319 5.559242 -0.907953 0.411715 0.078173 0.814273 0.800502 1 34 1.000000
  34 -24.831161 36.995300 5.803937 -0.926405 0.372806 0.052816 0.819634 0.817080 1 34 1.000000
v_hands
  34 -24.585403 37.042957 6.147690 -0.537273 0.536020 0.651169 0.834892 0.814243 1 34 1.000000
  34 -24.090652 37.951660 5.665188 -0.518241 0.518579 0.680075 0.829665 0.773045 2 34 0.937027 33 0.062973
  34 -24.629332 37.427319 5.559242 -0.907953 0.411715 0.078173 0.814273 0.800502 1 34 1.000000
v_hands
  34 -24.358995 37.894161 5.506063 -0.660186 0.494304 0.565524 0.818799 0.778663 1 34 1.000000
  34 -24.382298 38.086884 5.204564 -0.951772 0.300101 0.063785 0.808817 0.768120 1 34 1.000000
  34 -24.489834 37.821316 5.389498 -0.933324 0.348684 0.085587 0.812434 0.782184 1 34 1.000000
v_hands
  34 -24.358995 37.894161 5.506063 -0.660186 0.494304 0.565524 0.818799 0.778663 1 34 1.000000
  34 -24.271318 38.195045 5.275678 -0.723459 0.459755 0.515007 0.811910 0.763551 2 34 0.829158 33 0.170842
  34 -24.382298 38.086884 5.204564 -0.951772 0.300101 0.063785 0.808817 0.768120 1 34 1.000000
v_hands
  34 -24.382298 38.086884 5.204564 -0.951772 0.300101 0.063785 0.808817 0.768120 1 34 1.000000
  34 -24.414696 37.715061 5.221569 -0.917690 0.066517 -0.391689 0.803732 0.781675 1 34 1.000000
  34 -24.489834 37.821316 5.389498 -0.933324 0.348684 0.085587 0.812434 0.782184 1 34 1.000000
v_hands
  34 -24.382298 38.086884 5.204564 -0.951772 0.300101 0.063785 0.808817 0.768120 1 34 1.000000
  34 -24.337696 38.055256 5.021593 -0.940295 0.038960 -0.338123 0.801639 0.766327 1 34 1.000000
  34 -24.414696 37.715061 5.221569 -0.917690 0.066517 -0.391689 0.803732 0.781675 1 34 1.000000
v_hands
  34 -24.186115 36.349056 5.214386 -0.106735 -0.447404 -0.887940 0.670070 0.337881 1 34 1.000000
  34 -23.560471 36.699139 5.180384 0.598780 -0.800912 0.001476 0.661615 0.305191 2 34 0.936606 33 0.063394
  34 -23.781075 36.227501 5.418739 0.600591 -0.609622 -0.517351 0.650854 0.334826 1 34 1.000000
v_hands
  34 -24.186115 36.349056 5.214386 -0.106735 -0.447404 -0.887940 0.670070 0.337881 1 34 1.000000
  34 -23.839123 36.949173 4.959478 -0.047224 -0.421917 -0.905404 0.674427 0.306400 1 34 1.000000
  34 -23.560471 36.699139 5.180384 0.598780 -0.800912 0.001476 0.661615 0.305191 2 34 0.936606 33 0.063394
v_hands
  34 -23.792707 37.687298 5.953736 -0.014345 0.402255 0.915415 0.603553 0.274648 1 34 1.000000
  33 -23.019377 37.893421 5.720019 0.452368 0.062125 0.889665 0.623975 0.251929 2 33 0.523043 34 0.476957
  33 -23.426010 38.382278 5.707165 -0.021820 0.369877 0.928824 0.603678 0.245585 2 33 0.565943 34 0.434057
v_hands
  34 -23.792707 37.687298 5.953736 -0.014345 0.402255 0.915415 0.603553 0.274648 1 34 1.000000
  34 -23.427368 37.465076 5.887517 0.515293 -0.068011 0.854311 0.619398 0.274098 1 34 1.000000
  33 -23.019377 37.893421 5.720019 0.452368 0.062125 0.889665 0.623975 0.251929 2 33 0.523043 34 0.476957
v_hands
  33 -23.795633 38.775219 4.142337 -0.907594 0.207687 -0.364882 0.777276 0.722781 1 33 1.000000
  33 -23.428015 39.924862 3.669633 -0.912598 0.184891 -0.364665 0.775850 0.671707 1 33 1.000000
  37 -23.171455 40.023758 3.277504 -0.931136 0.207292 -0.300025 0.761229 0.659850 1 37 1.000000
v_hands
  33 -23.795633 38.775219 4.142337 -0.907594 0.207687 -0.364882 0.777276 0.722781 1 33 1.000000
  33 -23.870438 38.992870 4.365037 -0.907151 0.238970 -0.346366 0.789296 0.718956 1 33 1.000000
  33 -23.428015 39.924862 3.669633 -0.912598 0.184891 -0.364665 0.775850 0.671707 1 33 1.000000
v_hands
  33 -22.545586 38.862736 5.304526 0.308967 0.176227 0.934603 0.628928 0.207237 1 33 1.000000
  33 -22.274578 39.049213 5.116345 0.718346 -0.406294 0.564715 0.634880 0.188254 1 33 1.000000
  33 -22.380157 39.129738 5.241366 0.617241 -0.318264 0.719528 0.628853 0.190511 1 33 1.000000
v_hands
  33 -22.545586 38.862736 5.304526 0.308967 0.176227 0.934603 0.628928 0.207237 1 33 1.000000
  33 -22.552086 38.713333 5.230694 0.845266 -0.248372 0.473113 0.634806 0.211269 1 33 1.000000
  33 -22.274578 39.049213 5.116345 0.718346 -0.406294 0.564715 0.634880 0.188254 1 33 1.000000
v_hands
  33 -23.883659 39.093052 4.497076 -0.862647 0.499872 0.077251 0.795622 0.717254 1 33 1.000000
  33 -23.343929 40.033489 3.923837 -0.734099 0.617843 0.281723 0.785491 0.669815 1 33 1.000000
  33 -23.357212 40.101292 3.720507 -0.887902 0.459872 -0.012120 0.779731 0.665165 1 33 1.000000
v_hands
  33 -23.883659 39.093052 4.497076 -0.862647 0.499872 0.077251 0.795622 0.717254 1 33 1.000000
  33 -23.776552 39.139946 4.658184 -0.751746 0.588002 0.298549 0.800804 0.716057 1 33 1.000000
  33 -23.343929 40.033489 3.923837 -0.734099 0.617843 0.281723 0.785491 0.669815 1 33 1.000000
v_hands
  33 -22.380157 39.129738 5.241366 -0.295772 0.338436 0.893297 0.850281 0.694795 1 33 1.000000
  33 -22.521097 39.471184 5.065340 -0.413115 0.368713 0.832698 0.837078 0.686676 1 33 1.000000
  33 -22.545586 38.862736 5.304526 0.308967 0.176227 0.934603 0.851447 0.706965 1 33 1.000000
v_hands
  33 -22.380157 39.129738 5.241366 -0.295772 0.338436 0.893297 0.850281 0.694795 1 33 1.000000
  33 -22.285276 39.286152 5.230299 -0.517520 0.258500 0.815690 0.850059 0.687892 2 33 0.799639 30 0.200362
  33 -22.521097 39.471184 5.065340 -0.413115 0.368713 0.832698 0.837078 0.686676 1 33 1.000000
v_hands
  33 -23.426010 38.382278 5.707165 -0.021820 0.369877 0.928824 0.603678 0.245585 2 33 0.565943 34 0.434057
  33 -22.769426 38.309296 5.533959 0.575373 0.106937 0.810870 0.626521 0.230318 2 33 0.848634 34 0.151366
  33 -23.177095 38.667793 5.558397 0.070818 0.451679 0.889365 0.608401 0.226349 2 33 0.926845 34 0.073155
v_hands
  33 -23.426010 38.382278 5.707165 -0.021820 0.369877 0.928824 0.603678 0.245585 2 33 0.565943 34 0.434057
  33 -23.019377 37.893421 5.720019 0.452368 0.062125 0.889665 0.623975 0.251929 2 33 0.523043 34 0.476957
  33 -22.769426 38.309296 5.533959 0.575373 0.106937 0.810870 0.626521 0.230318 2 33 0.848634 34 0.151366
v_hands
  33 -22.528105 38.431267 4.973547 0.914035 -0.310202 0.261372 0.651466 0.219029 1 33 1.000000
  33 -22.671839 38.168663 5.385915 0.874942 -0.159871 0.457076 0.635132 0.230821 2 33 0.871173 34 0.128828
  33 -22.648611 37.912922 5.132110 0.943559 -0.262319 0.202202 0.651006 0.234497 2 33 0.847387 34 0.152613
v_hands
  33 -22.528105 38.431267 4.973547 0.914035 -0.310202 0.261372 0.651466 0.219029 1 33 1.000000
  33 -22.552086 38.713333 5.230694 0.845266 -0.248372 0.473113 0.634806 0.211269 1 33 1.000000
  33 -22.671839 38.168663 5.385915 0.874942 -0.159871 0.457076 0.635132 0.230821 2 33 0.871173 34 0.128828
v_hands
  34 -23.297970 37.013107 5.521036 0.717041 -0.560067 0.414943 0.642893 0.284838 2 34 0.879390 33 0.120610
  34 -23.351931 36.758392 5.049502 0.619565 -0.690126 0.373985 0.667696 0.289486 2 34 0.723681 33 0.276319
  34 -23.183739 37.033894 5.448322 0.602484 -0.632820 0.486366 0.647161 0.280688 2 34 0.736420 33 0.263580
v_hands
  34 -23.297970 37.013107 5.521036 0.717041 -0.560067 0.414943 0.642893 0.284838 2 34 0.879390 33 0.120610
  34 -23.560471 36.699139 5.180384 0.598780 -0.800912 0.001476 0.661615 0.305191 2 34 0.936606 33 0.063394
  34 -23.351931 36.758392 5.049502 0.619565 -0.690126 0.373985 0.667696 0.289486 2 34 0.723681 33 0.276319
v_hands
  33 -23.019377 37.893421 5.720019 0.452368 0.062125 0.889665 0.623975 0.251929 2 33 0.523043 34 0.476957
  34 -23.245075 37.482613 5.804061 0.554151 -0.349699 0.755398 0.622633 0.269173 2 34 0.707114 33 0.292886
  33 -22.951578 37.660690 5.634411 0.717700 -0.234681 0.655615 0.628604 0.256019 2 33 0.523973 34 0.476027
v_hands
  33 -23.019377 37.893421 5.720019 0.452368 0.062125 0.889665 0.623975 0.251929 2 33 0.523043 34 0.476957
  34 -23.427368 37.465076 5.887517 0.515293 -0.068011 0.854311 0.619398 0.274098 1 34 1.000000
  34 -23.245075 37.482613 5.804061 0.554151 -0.349699 0.755398 0.622633 0.269173 2 34 0.707114 33 0.292886
v_hands
  33 -23.019377 37.893421 5.720019 0.452368 0.062125 0.889665 0.623975 0.251929 2 33 0.523043 34 0.476957
  33 -22.671839 38.168663 5.385915 0.874942 -0.159871 0.457076 0.635132 0.230821 2 33 0.871173 34 0.128828
  33 -22.769426 38.309296 5.533959 0.575373 0.106937 0.810870 0.626521 0.230318 2 33 0.848634 34 0.151366
v_hands
  33 -23.019377 37.893421 5.720019 0.452368 0.062125 0.889665 0.623975 0.251929 2 33 0.523043 34 0.476957
  33 -22.951578 37.660690 5.634411 0.717700 -0.234681 0.655615 0.628604 0.256019 2 33 0.523973 34 0.476027
  33 -22.671839 38.168663 5.385915 0.874942 -0.159871 0.457076 0.635132 0.230821 2 33 0.871173 34 0.128828
v_hands
  33 -23.426010 38.382278 5.707165 -0.021820 0.369877 0.928824 0.843099 0.744260 2 33 0.565943 34 0.434057
  33 -23.553967 38.877445 5.363508 -0.196362 0.638384 0.744249 0.823114 0.730634 1 33 1.000000
  33 -23.953455 38.516273 5.420955 -0.520831 0.603059 0.604197 0.820754 0.750321 2 33 0.583492 34 0.416508
v_hands
  33 -23.426010 38.382278 5.707165 -0.021820 0.369877 0.928824 0.843099 0.744260 2 33 0.565943 34 0.434057
  33 -23.177095 38.667793 5.558397 0.070818 0.451679 0.889365 0.842235 0.729029 2 33 0.926845 34 0.073155
  33 -23.553967 38.877445 5.363508 -0.196362 0.638384 0.744249 0.823114 0.730634 1 33 1.000000
v_hands
  33 -23.616049 39.254036 4.865243 -0.582342 0.657195 0.478510 0.808100 0.712317 1 33 1.000000
  33 -22.789795 40.220924 4.463655 -0.629108 0.538369 0.560697 0.801384 0.661771 1 33 1.000000
  33 -23.060932 40.343864 3.937828 -0.679398 0.619765 0.392821 0.788038 0.655141 1 33 1.000000
v_hands
  33 -23.616049 39.254036 4.865243 -0.582342 0.657195 0.478510 0.808100 0.712317 1 33 1.000000
  33 -22.806742 39.379864 4.976268 -0.311340 0.581442 0.751660 0.822233 0.696214 1 33 1.000000
  33 -22.789795 40.220924 4.463655 -0.629108 0.538369 0.560697 0.801384 0.661771 1 33 1.000000
v_hands
  33 -23.428015 39.924862 3.669633 -0.912598 0.184891 -0.364665 0.775850 0.671707 1 33 1.000000
  33 -23.883659 39.093052 4.497076 -0.862647 0.499872 0.077251 0.795622 0.717254 1 33 1.000000
  33 -23.357212 40.101292 3.720507 -0.887902 0.459872 -0.012120 0.779731 0.665165 1 33 1.000000
v_hands
  33 -23.428015 39.924862 3.669633 -0.912598 0.184891 -0.364665 0.775850 0.671707 1 33 1.000000
  33 -23.870438 38.992870 4.365037 -0.907151 0.238970 -0.346366 0.789296 0.718956 1 33 1.000000
  33 -23.883659 39.093052 4.497076 -0.862647 0.499872 0.077251 0.795622 0.717254 1 33 1.000000
v_hands
  34 -24.090652 37.951660 5.665188 -0.518241 0.518579 0.680075 0.829665 0.773045 2 34 0.937027 33 0.062973
  33 -23.426010 38.382278 5.707165 -0.021820 0.369877 0.928824 0.843099 0.744260 2 33 0.565943 34 0.434057
  33 -23.953455 38.516273 5.420955 -0.520831 0.603059 0.604197 0.820754 0.750321 2 33 0.583492 34 0.416508
v_hands
  34 -24.090652 37.951660 5.665188 -0.518241 0.518579 0.680075 0.829665 0.773045 2 34 0.937027 33 0.062973
  34 -23.792707 37.687298 5.953736 -0.014345 0.402255 0.915415 0.849554 0.775036 1 34 1.000000
  33 -23.426010 38.382278 5.707165 -0.021820 0.369877 0.928824 0.843099 0.744260 2 33 0.565943 34 0.434057
v_hands
  34 -24.090652 37.951660 5.665188 -0.518241 0.518579 0.680075 0.829665 0.773045 2 34 0.937027 33 0.062973
  34 -24.271318 38.195045 5.275678 -0.723459 0.459755 0.515007 0.811910 0.763551 2 34 0.829158 33 0.170842
  34 -24.358995 37.894161 5.506063 -0.660186 0.494304 0.565524 0.818799 0.778663 1 34 1.000000
v_hands
  34 -24.090652 37.951660 5.665188 -0.518241 0.518579 0.680075 0.829665 0.773045 2 34 0.937027 33 0.062973
  33 -23.953455 38.516273 5.420955 -0.520831 0.603059 0.604197 0.820754 0.750321 2 33 0.583492 34 0.416508
  34 -24.271318 38.195045 5.275678 -0.723459 0.459755 0.515007 0.811910 0.763551 2 34 0.829158 33 0.170842
v_hands
  34 -24.248987 38.451080 5.133540 -0.762987 0.599454 0.241880 0.809001 0.752734 2 34 0.577772 33 0.422228
  34 -24.271318 38.195045 5.275678 -0.723459 0.459755 0.515007 0.811910 0.763551 2 34 0.829158 33 0.170842
  33 -23.953455 38.516273 5.420955 -0.520831 0.603059 0.604197 0.820754 0.750321 2 33 0.583492 34 0.416508
v_hands
  34 -24.248987 38.451080 5.133540 -0.762987 0.599454 0.241880 0.809001 0.752734 2 34 0.577772 33 0.422228
  34 -24.278158 38.353924 5.171000 -0.832977 0.400392 0.381884 0.809694 0.756725 2 34 0.703767 33 0.296233
  34 -24.271318 38.195045 5.275678 -0.723459 0.459755 0.515007 0.811910 0.763551 2 34 0.829158 33 0.170842
v_hands
  34 -24.285740 38.371765 4.998426 -0.901058 0.400357 -0.166758 0.805284 0.754112 2 34 0.633988 33 0.366013
  34 -24.306952 38.202873 4.954123 -0.953262 0.091689 -0.287897 0.801334 0.759874 2 34 0.898350 33 0.101650
  34 -24.335047 38.255848 5.092560 -0.961763 0.273857 0.003689 0.807267 0.760107 2 34 0.893267 33 0.106733
v_hands
  34 -24.285740 38.371765 4.998426 -0.901058 0.400357 -0.166758 0.805284 0.754112 2 34 0.633988 33 0.366013
  34 -24.278101 38.269501 4.872171 -0.922132 0.163521 -0.350619 0.799291 0.756144 2 34 0.625118 33 0.374882
  34 -24.306952 38.202873 4.954123 -0.953262 0.091689 -0.287897 0.801334 0.759874 2 34 0.898350 33 0.101650
v_hands
  34 -24.285740 38.371765 4.998426 -0.901058 0.400357 -0.166758 0.805284 0.754112 2 34 0.633988 33 0.366013
  33 -24.190157 38.508148 5.064310 -0.636271 0.763356 0.111565 0.808137 0.749228 2 33 0.673204 34 0.326796
  33 -24.210550 38.476780 4.931192 -0.828781 0.549554 -0.105415 0.803991 0.748671 2 33 0.656634 34 0.343366
v_hands
  34 -24.285740 38.371765 4.998426 -0.901058 0.400357 -0.166758 0.805284 0.754112 2 34 0.633988 33 0.366013
  34 -24.248987 38.451080 5.133540 -0.762987 0.599454 0.241880 0.809001 0.752734 2 34 0.577772 33 0.422228
  33 -24.190157 38.508148 5.064310 -0.636271 0.763356 0.111565 0.808137 0.749228 2 33 0.673204 34 0.326796
v_hands
  33 -23.616049 39.254036 4.865243 -0.582342 0.657195 0.478510 0.808100 0.712317 1 33 1.000000
  33 -24.020527 38.610806 5.017193 -0.658609 0.706243 0.259720 0.807760 0.742317 2 33 0.903402 34 0.096598
  33 -23.953455 38.516273 5.420955 -0.520831 0.603059 0.604197 0.820754 0.750321 2 33 0.583492 34 0.416508
v_hands
  33 -23.616049 39.254036 4.865243 -0.582342 0.657195 0.478510 0.808100 0.712317 1 33 1.000000
  33 -23.776552 39.139946 4.658184 -0.751746 0.588002 0.298549 0.800804 0.716057 1 33 1.000000
  33 -24.020527 38.610806 5.017193 -0.658609 0.706243 0.259720 0.807760 0.742317 2 33 0.903402 34 0.096598
v_hands
  34 -23.812777 36.691235 6.308583 0.667654 0.045833 0.743059 0.603700 0.327338 1 34 1.000000
  34 -23.297970 37.013107 5.521036 0.717041 -0.560067 0.414943 0.642893 0.284838 2 34 0.879390 33 0.120610
  34 -23.427368 37.465076 5.887517 0.515293 -0.068011 0.854311 0.619398 0.274098 1 34 1.000000
v_hands
  34 -23.812777 36.691235 6.308583 0.667654 0.045833 0.743059 0.603700 0.327338 1 34 1.000000
  34 -23.687033 36.373398 5.856261 0.905626 -0.386745 0.173984 0.629935 0.329803 2 34 0.935810 35 0.064190
  34 -23.297970 37.013107 5.521036 0.717041 -0.560067 0.414943 0.642893 0.284838 2 34 0.879390 33 0.120610
v_hands
  34 -24.090652 37.951660 5.665188 -0.518241 0.518579 0.680075 0.829665 0.773045 2 34 0.937027 33 0.062973
  34 -24.489834 37.821316 5.389498 -0.933324 0.348684 0.085587 0.812434 0.782184 1 34 1.000000
  34 -24.629332 37.427319 5.559242 -0.907953 0.411715 0.078173 0.814273 0.800502 1 34 1.000000
v_hands
  34 -24.090652 37.951660 5.665188 -0.518241 0.518579 0.680075 0.829665 0.773045 2 34 0.937027 33 0.062973
  34 -24.358995 37.894161 5.506063 -0.660186 0.494304 0.565524 0.818799 0.778663 1 34 1.000000
  34 -24.489834 37.821316 5.389498 -0.933324 0.348684 0.085587 0.812434 0.782184 1 34 1.000000
v_hands
  33 -23.343929 40.033489 3.923837 -0.734099 0.617843 0.281723 0.785491 0.669815 1 33 1.000000
  33 -23.616049 39.254036 4.865243 -0.582342 0.657195 0.478510 0.808100 0.712317 1 33 1.000000
  33 -23.060932 40.343864 3.937828 -0.679398 0.619765 0.392821 0.788038 0.655141 1 33 1.000000
v_hands
  33 -23.343929 40.033489 3.923837 -0.734099 0.617843 0.281723 0.785491 0.669815 1 33 1.000000
  33 -23.776552 39.139946 4.658184 -0.751746 0.588002 0.298549 0.800804 0.716057 1 33 1.000000
  33 -23.616049 39.254036 4.865243 -0.582342 0.657195 0.478510 0.808100 0.712317 1 33 1.000000
v_hands
  33 -23.616049 39.254036 4.865243 -0.582342 0.657195 0.478510 0.808100 0.712317 1 33 1.000000
  33 -23.553967 38.877445 5.363508 -0.196362 0.638384 0.744249 0.823114 0.730634 1 33 1.000000
  33 -22.806742 39.379864 4.976268 -0.311340 0.581442 0.751660 0.822233 0.696214 1 33 1.000000
v_hands
  33 -23.616049 39.254036 4.865243 -0.582342 0.657195 0.478510 0.808100 0.712317 1 33 1.000000
  33 -23.953455 38.516273 5.420955 -0.520831 0.603059 0.604197 0.820754 0.750321 2 33 0.583492 34 0.416508
  33 -23.553967 38.877445 5.363508 -0.196362 0.638384 0.744249 0.823114 0.730634 1 33 1.000000
v_hands
  33 -22.769426 38.309296 5.533959 0.575373 0.106937 0.810870 0.626521 0.230318 2 33 0.848634 34 0.151366
  33 -22.552086 38.713333 5.230694 0.845266 -0.248372 0.473113 0.634806 0.211269 1 33 1.000000
  33 -22.545586 38.862736 5.304526 0.308967 0.176227 0.934603 0.628928 0.207237 1 33 1.000000
v_hands
  33 -22.769426 38.309296 5.533959 0.575373 0.106937 0.810870 0.626521 0.230318 2 33 0.848634 34 0.151366
  33 -22.671839 38.168663 5.385915 0.874942 -0.159871 0.457076 0.635132 0.230821 2 33 0.871173 34 0.128828
  33 -22.552086 38.713333 5.230694 0.845266 -0.248372 0.473113 0.634806 0.211269 1 33 1.000000
v_hands
  33 -23.357212 40.101292 3.720507 -0.887902 0.459872 -0.012120 0.779731 0.665165 1 33 1.000000
  33 -23.060932 40.343864 3.937828 -0.679398 0.619765 0.392821 0.788038 0.655141 1 33 1.000000
  29 -22.794342 41.160931 2.711288 -0.905935 0.423368 0.006480 0.756276 0.607939 1 29 1.000000
v_hands
  33 -23.357212 40.101292 3.720507 -0.887902 0.459872 -0.012120 0.779731 0.665165 1 33 1.000000
  33 -23.343929 40.033489 3.923837 -0.734099 0.617843 0.281723 0.785491 0.669815 1 33 1.000000
  33 -23.060932 40.343864 3.937828 -0.679398 0.619765 0.392821 0.788038 0.655141 1 33 1.000000
v_hands
  33 -23.553967 38.877445 5.363508 -0.196362 0.638384 0.744249 0.823114 0.730634 1 33 1.000000
  33 -22.692160 39.061317 5.223500 0.003711 0.486365 0.873748 0.842397 0.703875 1 33 1.000000
  33 -22.806742 39.379864 4.976268 -0.311340 0.581442 0.751660 0.822233 0.696214 1 33 1.000000
v_hands
  33 -23.553967 38.877445 5.363508 -0.196362 0.638384 0.744249 0.823114 0.730634 1 33 1.000000
  33 -23.177095 38.667793 5.558397 0.070818 0.451679 0.889365 0.842235 0.729029 2 33 0.926845 34 0.073155
  33 -22.692160 39.061317 5.223500 0.003711 0.486365 0.873748 0.842397 0.703875 1 33 1.000000
v_hands
  34 -24.285740 38.371765 4.998426 -0.901058 0.400357 -0.166758 0.805284 0.754112 2 34 0.633988 33 0.366013
  34 -24.278158 38.353924 5.171000 -0.832977 0.400392 0.381884 0.809694 0.756725 2 34 0.703767 33 0.296233
  34 -24.248987 38.451080 5.133540 -0.762987 0.599454 0.241880 0.809001 0.752734 2 34 0.577772 33 0.422228
v_hands
  34 -24.285740 38.371765 4.998426 -0.901058 0.400357 -0.166758 0.805284 0.754112 2 34 0.633988 33 0.366013
  34 -24.335047 38.255848 5.092560 -0.961763 0.273857 0.003689 0.807267 0.760107 2 34 0.893267 33 0.106733
  34 -24.278158 38.353924 5.171000 -0.832977 0.400392 0.381884 0.809694 0.756725 2 34 0.703767 33 0.296233
v_hands
  34 -24.285740 38.371765 4.998426 -0.901058 0.400357 -0.166758 0.805284 0.754112 2 34 0.633988 33 0.366013
  33 -24.218840 38.338573 4.835119 -0.921524 0.275376 -0.273790 0.798513 0.752443 2 33 0.634983 34 0.365017
  34 -24.278101 38.269501 4.872171 -0.922132 0.163521 -0.350619 0.799291 0.756144 2 34 0.625118 33 0.374882
v_hands
  34 -24.285740 38.371765 4.998426 -0.901058 0.400357 -0.166758 0.805284 0.754112 2 34 0.633988 33 0.366013
  33 -24.210550 38.476780 4.931192 -0.828781 0.549554 -0.105415 0.803991 0.748671 2 33 0.656634 34 0.343366
  33 -24.218840 38.338573 4.835119 -0.921524 0.275376 -0.273790 0.798513 0.752443 2 33 0.634983 34 0.365017
v_hands
  33 -22.648611 37.912922 5.132110 0.943559 -0.262319 0.202202 0.651006 0.234497 2 33 0.847387 34 0.152613
  33 -22.571083 38.116531 4.526269 0.933066 -0.338413 0.121918 0.673773 0.222423 1 33 1.000000
  33 -22.528105 38.431267 4.973547 0.914035 -0.310202 0.261372 0.651466 0.219029 1 33 1.000000
v_hands
  33 -22.648611 37.912922 5.132110 0.943559 -0.262319 0.202202 0.651006 0.234497 2 33 0.847387 34 0.152613
  33 -22.630852 37.711216 4.616487 0.944249 -0.320098 0.077008 0.676381 0.236137 2 33 0.811372 34 0.188628
  33 -22.571083 38.116531 4.526269 0.933066 -0.338413 0.121918 0.673773 0.222423 1 33 1.000000
v_hands
  33 -22.648611 37.912922 5.132110 0.943559 -0.262319 0.202202 0.651006 0.234497 2 33 0.847387 34 0.152613
  33 -22.951578 37.660690 5.634411 0.717700 -0.234681 0.655615 0.628604 0.256019 2 33 0.523973 34 0.476027
  33 -22.921093 37.265274 5.294890 0.823298 -0.472102 0.315119 0.649912 0.263500 2 33 0.516090 34 0.483910
v_hands
  33 -22.648611 37.912922 5.132110 0.943559 -0.262319 0.202202 0.651006 0.234497 2 33 0.847387 34 0.152613
  33 -22.671839 38.168663 5.385915 0.874942 -0.159871 0.457076 0.635132 0.230821 2 33 0.871173 34 0.128828
  33 -22.951578 37.660690 5.634411 0.717700 -0.234681 0.655615 0.628604 0.256019 2 33 0.523973 34 0.476027
v_hands
  33 -23.177095 38.667793 5.558397 0.070818 0.451679 0.889365 0.608401 0.226349 2 33 0.926845 34 0.073155
  33 -22.545586 38.862736 5.304526 0.308967 0.176227 0.934603 0.628928 0.207237 1 33 1.000000
  33 -22.692160 39.061317 5.223500 0.003711 0.486365 0.873748 0.608573 0.200848 1 33 1.000000
v_hands
  33 -23.177095 38.667793 5.558397 0.070818 0.451679 0.889365 0.608401 0.226349 2 33 0.926845 34 0.073155
  33 -22.769426 38.309296 5.533959 0.575373 0.106937 0.810870 0.626521 0.230318 2 33 0.848634 34 0.151366
  33 -22.545586 38.862736 5.304526 0.308967 0.176227 0.934603 0.628928 0.207237 1 33 1.000000
v_hands
  34 -24.278101 38.269501 4.872171 -0.922132 0.163521 -0.350619 0.799291 0.756144 2 34 0.625118 33 0.374882
  34 -24.337696 38.055256 5.021593 -0.940295 0.038960 -0.338123 0.801639 0.766327 1 34 1.000000
  34 -24.306952 38.202873 4.954123 -0.953262 0.091689 -0.287897 0.801334 0.759874 2 34 0.898350 33 0.101650
v_hands
  34 -24.278101 38.269501 4.872171 -0.922132 0.163521 -0.350619 0.799291 0.756144 2 34 0.625118 33 0.374882
  34 -24.169884 37.995289 4.623788 -0.934405 0.094731 -0.343386 0.785108 0.761156 2 34 0.604631 33 0.395370
  34 -24.337696 38.055256 5.021593 -0.940295 0.038960 -0.338123 0.801639 0.766327 1 34 1.000000
v_hands
  33 -24.210550 38.476780 4.931192 -0.828781 0.549554 -0.105415 0.803991 0.748671 2 33 0.656634 34 0.343366
  33 -24.195724 38.495857 4.707547 -0.930159 0.245364 -0.273130 0.796438 0.745076 2 33 0.819765 34 0.180235
  33 -24.218840 38.338573 4.835119 -0.921524 0.275376 -0.273790 0.798513 0.752443 2 33 0.634983 34 0.365017
v_hands
  33 -24.210550 38.476780 4.931192 -0.828781 0.549554 -0.105415 0.803991 0.748671 2 33 0.656634 34 0.343366
  33 -24.127146 38.594543 4.823443 -0.830173 0.552224 0.076556 0.801315 0.742069 2 33 0.903402 34 0.096598
  33 -24.195724 38.495857 4.707547 -0.930159 0.245364 -0.273130 0.796438 0.745076 2 33 0.819765 34 0.180235
v_hands
  34 -24.248987 38.451080 5.133540 -0.762987 0.599454 0.241880 0.809001 0.752734 2 34 0.577772 33 0.422228
  33 -24.020527 38.610806 5.017193 -0.658609 0.706243 0.259720 0.807760 0.742317 2 33 0.903402 34 0.096598
  33 -24.190157 38.508148 5.064310 -0.636271 0.763356 0.111565 0.808137 0.749228 2 33 0.673204 34 0.326796
v_hands
  34 -24.248987 38.451080 5.133540 -0.762987 0.599454 0.241880 0.809001 0.752734 2 34 0.577772 33 0.422228
  33 -23.953455 38.516273 5.420955 -0.520831 0.603059 0.604197 0.820754 0.750321 2 33 0.583492 34 0.416508
  33 -24.020527 38.610806 5.017193 -0.658609 0.706243 0.259720 0.807760 0.742317 2 33 0.903402 34 0.096598
v_hands
  34 -24.271318 38.195045 5.275678 -0.723459 0.459755 0.515007 0.811910 0.763551 2 34 0.829158 33 0.170842
  34 -24.335047 38.255848 5.092560 -0.961763 0.273857 0.003689 0.807267 0.760107 2 34 0.893267 33 0.106733
  34 -24.382298 38.086884 5.204564 -0.951772 0.300101 0.063785 0.808817 0.768120 1 34 1.000000
v_hands
  34 -24.271318 38.195045 5.275678 -0.723459 0.459755 0.515007 0.811910 0.763551 2 34 0.829158 33 0.170842
  34 -24.278158 38.353924 5.171000 -0.832977 0.400392 0.381884 0.809694 0.756725 2 34 0.703767 33 0.296233
  34 -24.335047 38.255848 5.092560 -0.961763 0.273857 0.003689 0.807267 0.760107 2 34 0.893267 33 0.106733
v_hands
  34 -24.335047 38.255848 5.092560 -0.961763 0.273857 0.003689 0.807267 0.760107 2 34 0.893267 33 0.106733
  34 -24.337696 38.055256 5.021593 -0.940295 0.038960 -0.338123 0.801639 0.766327 1 34 1.000000
  34 -24.382298 38.086884 5.204564 -0.951772 0.300101 0.063785 0.808817 0.768120 1 34 1.000000
v_hands
  34 -24.335047 38.255848 5.092560 -0.961763 0.273857 0.003689 0.807267 0.760107 2 34 0.893267 33 0.106733
  34 -24.306952 38.202873 4.954123 -0.953262 0.091689 -0.287897 0.801334 0.759874 2 34 0.898350 33 0.101650
  34 -24.337696 38.055256 5.021593 -0.940295 0.038960 -0.338123 0.801639 0.766327 1 34 1.000000
v_hands
  33 -24.210550 38.476780 4.931192 -0.828781 0.549554 -0.105415 0.803991 0.748671 2 33 0.656634 34 0.343366
  33 -24.020527 38.610806 5.017193 -0.658609 0.706243 0.259720 0.807760 0.742317 2 33 0.903402 34 0.096598
  33 -24.127146 38.594543 4.823443 -0.830173 0.552224 0.076556 0.801315 0.742069 2 33 0.903402 34 0.096598
v_hands
  33 -24.210550 38.476780 4.931192 -0.828781 0.549554 -0.105415 0.803991 0.748671 2 33 0.656634 34 0.343366
  33 -24.190157 38.508148 5.064310 -0.636271 0.763356 0.111565 0.808137 0.749228 2 33 0.673204 34 0.326796
  33 -24.020527 38.610806 5.017193 -0.658609 0.706243 0.259720 0.807760 0.742317 2 33 0.903402 34 0.096598
v_hands
  34 -24.278101 38.269501 4.872171 -0.922132 0.163521 -0.350619 0.799291 0.756144 2 34 0.625118 33 0.374882
  33 -24.195724 38.495857 4.707547 -0.930159 0.245364 -0.273130 0.796438 0.745076 2 33 0.819765 34 0.180235
  34 -24.169884 37.995289 4.623788 -0.934405 0.094731 -0.343386 0.785108 0.761156 2 34 0.604631 33 0.395370
v_hands
  34 -24.278101 38.269501 4.872171 -0.922132 0.163521 -0.350619 0.799291 0.756144 2 34 0.625118 33 0.374882
  33 -24.218840 38.338573 4.835119 -0.921524 0.275376 -0.273790 0.798513 0.752443 2 33 0.634983 34 0.365017
  33 -24.195724 38.495857 4.707547 -0.930159 0.245364 -0.273130 0.796438 0.745076 2 33 0.819765 34 0.180235
v_hands
  33 -24.195724 38.495857 4.707547 -0.930159 0.245364 -0.273130 0.796438 0.745076 2 33 0.819765 34 0.180235
  33 -23.795633 38.775219 4.142337 -0.907594 0.207687 -0.364882 0.777276 0.722781 1 33 1.000000
  34 -24.169884 37.995289 4.623788 -0.934405 0.094731 -0.343386 0.785108 0.761156 2 34 0.604631 33 0.395370
v_hands
  33 -24.195724 38.495857 4.707547 -0.930159 0.245364 -0.273130 0.796438 0.745076 2 33 0.819765 34 0.180235
  33 -23.870438 38.992870 4.365037 -0.907151 0.238970 -0.346366 0.789296 0.718956 1 33 1.000000
  33 -23.795633 38.775219 4.142337 -0.907594 0.207687 -0.364882 0.777276 0.722781 1 33 1.000000
v_hands
  33 -24.127146 38.594543 4.823443 -0.830173 0.552224 0.076556 0.801315 0.742069 2 33 0.903402 34 0.096598
  33 -23.870438 38.992870 4.365037 -0.907151 0.238970 -0.346366 0.789296 0.718956 1 33 1.000000
  33 -24.195724 38.495857 4.707547 -0.930159 0.245364 -0.273130 0.796438 0.745076 2 33 0.819765 34 0.180235
v_hands
  33 -24.127146 38.594543 4.823443 -0.830173 0.552224 0.076556 0.801315 0.742069 2 33 0.903402 34 0.096598
  33 -23.883659 39.093052 4.497076 -0.862647 0.499872 0.077251 0.795622 0.717254 1 33 1.000000
  33 -23.870438 38.992870 4.365037 -0.907151 0.238970 -0.346366 0.789296 0.718956 1 33 1.000000
v_hands
  33 -23.776552 39.139946 4.658184 -0.751746 0.588002 0.298549 0.800804 0.716057 1 33 1.000000
  33 -24.127146 38.594543 4.823443 -0.830173 0.552224 0.076556 0.801315 0.742069 2 33 0.903402 34 0.096598
  33 -24.020527 38.610806 5.017193 -0.658609 0.706243 0.259720 0.807760 0.742317 2 33 0.903402 34 0.096598
v_hands
  33 -23.776552 39.139946 4.658184 -0.751746 0.588002 0.298549 0.800804 0.716057 1 33 1.000000
  33 -23.883659 39.093052 4.497076 -0.862647 0.499872 0.077251 0.795622 0.717254 1 33 1.000000
  33 -24.127146 38.594543 4.823443 -0.830173 0.552224 0.076556 0.801315 0.742069 2 33 0.903402 34 0.096598
v_hands
  33 -22.528105 38.431267 4.973547 0.914035 -0.310202 0.261372 0.651466 0.219029 1 33 1.000000
  33 -22.141340 38.777866 4.385540 0.858159 -0.478164 0.186871 0.668433 0.186149 1 33 1.000000
  33 -22.222128 38.929695 4.842693 0.818395 -0.466069 0.336169 0.648002 0.187192 1 33 1.000000
v_hands
  33 -22.528105 38.431267 4.973547 0.914035 -0.310202 0.261372 0.651466 0.219029 1 33 1.000000
  33 -22.571083 38.116531 4.526269 0.933066 -0.338413 0.121918 0.673773 0.222423 1 33 1.000000
  33 -22.141340 38.777866 4.385540 0.858159 -0.478164 0.186871 0.668433 0.186149 1 33 1.000000
v_hands
  33 -22.921093 37.265274 5.294890 0.823298 -0.472102 0.315119 0.649912 0.263500 2 33 0.516090 34 0.483910
  33 -22.630852 37.711216 4.616487 0.944249 -0.320098 0.077008 0.676381 0.236137 2 33 0.811372 34 0.188628
  33 -22.648611 37.912922 5.132110 0.943559 -0.262319 0.202202 0.651006 0.234497 2 33 0.847387 34 0.152613
v_hands
  33 -22.921093 37.265274 5.294890 0.823298 -0.472102 0.315119 0.649912 0.263500 2 33 0.516090 34 0.483910
  33 -22.985044 37.116817 4.698317 0.843531 -0.503730 0.186309 0.680653 0.263080 2 33 0.604022 34 0.395978
  33 -22.630852 37.711216 4.616487 0.944249 -0.320098 0.077008 0.676381 0.236137 2 33 0.811372 34 0.188628
v_hands
  33 -22.692160 39.061317 5.223500 0.003711 0.486365 0.873748 0.842397 0.703875 1 33 1.000000
  33 -22.521097 39.471184 5.065340 -0.413115 0.368713 0.832698 0.837078 0.686676 1 33 1.000000
  33 -22.806742 39.379864 4.976268 -0.311340 0.581442 0.751660 0.822233 0.696214 1 33 1.000000
v_hands
  33 -22.692160 39.061317 5.223500 0.003711 0.486365 0.873748 0.842397 0.703875 1 33 1.000000
  33 -22.545586 38.862736 5.304526 0.308967 0.176227 0.934603 0.851447 0.706965 1 33 1.000000
  33 -22.521097 39.471184 5.065340 -0.413115 0.368713 0.832698 0.837078 0.686676 1 33 1.000000
v_hands
  33 -22.921093 37.265274 5.294890 0.823298 -0.472102 0.315119 0.649912 0.263500 2 33 0.516090 34 0.483910
  34 -23.245075 37.482613 5.804061 0.554151 -0.349699 0.755398 0.622633 0.269173 2 34 0.707114 33 0.292886
  34 -23.183739 37.033894 5.448322 0.602484 -0.632820 0.486366 0.647161 0.280688 2 34 0.736420 33 0.263580
v_hands
  33 -22.921093 37.265274 5.294890 0.823298 -0.472102 0.315119 0.649912 0.263500 2 33 0.516090 34 0.483910
  33 -22.951578 37.660690 5.634411 0.717700 -0.234681 0.655615 0.628604 0.256019 2 33 0.523973 34 0.476027
  34 -23.245075 37.482613 5.804061 0.554151 -0.349699 0.755398 0.622633 0.269173 2 34 0.707114 33 0.292886
v_hands
  34 -23.297970 37.013107 5.521036 0.717041 -0.560067 0.414943 0.642893 0.284838 2 34 0.879390 33 0.120610
  34 -23.245075 37.482613 5.804061 0.554151 -0.349699 0.755398 0.622633 0.269173 2 34 0.707114 33 0.292886
  34 -23.427368 37.465076 5.887517 0.515293 -0.068011 0.854311 0.619398 0.274098 1 34 1.000000
v_hands
  34 -23.297970 37.013107 5.521036 0.717041 -0.560067 0.414943 0.642893 0.284838 2 34 0.879390 33 0.120610
  34 -23.183739 37.033894 5.448322 0.602484 -0.632820 0.486366 0.647161 0.280688 2 34 0.736420 33 0.263580
  34 -23.245075 37.482613 5.804061 0.554151 -0.349699 0.755398 0.622633 0.269173 2 34 0.707114 33 0.292886
v_hands
  33 -22.921093 37.265274 5.294890 0.823298 -0.472102 0.315119 0.649912 0.263500 2 33 0.516090 34 0.483910
  34 -23.351931 36.758392 5.049502 0.619565 -0.690126 0.373985 0.667696 0.289486 2 34 0.723681 33 0.276319
  33 -22.985044 37.116817 4.698317 0.843531 -0.503730 0.186309 0.680653 0.263080 2 33 0.604022 34 0.395978
v_hands
  33 -22.921093 37.265274 5.294890 0.823298 -0.472102 0.315119 0.649912 0.263500 2 33 0.516090 34 0.483910
  34 -23.183739 37.033894 5.448322 0.602484 -0.632820 0.486366 0.647161 0.280688 2 34 0.736420 33 0.263580
  34 -23.351931 36.758392 5.049502 0.619565 -0.690126 0.373985 0.667696 0.289486 2 34 0.723681 33 0.276319
v_hands
  33 -22.222128 38.929695 4.842693 0.818395 -0.466069 0.336169 0.648002 0.187192 1 33 1.000000
  33 -22.552086 38.713333 5.230694 0.845266 -0.248372 0.473113 0.634806 0.211269 1 33 1.000000
  33 -22.528105 38.431267 4.973547 0.914035 -0.310202 0.261372 0.651466 0.219029 1 33 1.000000
v_hands
  33 -22.222128 38.929695 4.842693 0.818395 -0.466069 0.336169 0.648002 0.187192 1 33 1.000000
  33 -22.274578 39.049213 5.116345 0.718346 -0.406294 0.564715 0.634880 0.188254 1 33 1.000000
  33 -22.552086 38.713333 5.230694 0.845266 -0.248372 0.473113 0.634806 0.211269 1 33 1.000000
v_hands
  34 -23.560471 36.699139 5.180384 0.598780 -0.800912 0.001476 0.661615 0.305191 2 34 0.936606 33 0.063394
  34 -23.687033 36.373398 5.856261 0.905626 -0.386745 0.173984 0.629935 0.329803 2 34 0.935810 35 0.064190
  34 -23.781075 36.227501 5.418739 0.600591 -0.609622 -0.517351 0.650854 0.334826 1 34 1.000000
v_hands
  34 -23.560471 36.699139 5.180384 0.598780 -0.800912 0.001476 0.661615 0.305191 2 34 0.936606 33 0.063394
  34 -23.297970 37.013107 5.521036 0.717041 -0.560067 0.414943 0.642893 0.284838 2 34 0.879390 33 0.120610
  34 -23.687033 36.373398 5.856261 0.905626 -0.386745 0.173984 0.629935 0.329803 2 34 0.935810 35 0.064190
v_hands
  34 -24.094475 35.759968 5.682026 0.589037 -0.565445 -0.577328 0.643529 0.363291 2 34 0.806805 35 0.193195
  34 -23.687033 36.373398 5.856261 0.905626 -0.386745 0.173984 0.629935 0.329803 2 34 0.935810 35 0.064190
  34 -23.922863 35.847057 6.100333 0.947823 -0.311976 0.065592 0.620830 0.357092 2 34 0.694292 35 0.305709
v_hands
  34 -24.094475 35.759968 5.682026 0.589037 -0.565445 -0.577328 0.643529 0.363291 2 34 0.806805 35 0.193195
  34 -23.781075 36.227501 5.418739 0.600591 -0.609622 -0.517351 0.650854 0.334826 1 34 1.000000
  34 -23.687033 36.373398 5.856261 0.905626 -0.386745 0.173984 0.629935 0.329803 2 34 0.935810 35 0.064190
v_hands
  34 -24.094475 35.759968 5.682026 0.589037 -0.565445 -0.577328 0.643529 0.363291 2 34 0.806805 35 0.193195
  34 -24.186115 36.349056 5.214386 -0.106735 -0.447404 -0.887940 0.670070 0.337881 1 34 1.000000
  34 -23.781075 36.227501 5.418739 0.600591 -0.609622 -0.517351 0.650854 0.334826 1 34 1.000000
v_hands
  34 -24.094475 35.759968 5.682026 0.589037 -0.565445 -0.577328 0.643529 0.363291 2 34 0.806805 35 0.193195
  34 -24.553722 35.803131 5.567948 -0.183256 -0.436913 -0.880639 0.663525 0.371595 2 34 0.741175 35 0.258825
  34 -24.186115 36.349056 5.214386 -0.106735 -0.447404 -0.887940 0.670070 0.337881 1 34 1.000000
v_hands
  35 -24.054266 35.905037 6.643195 0.786382 0.163747 0.595643 0.592151 0.361727 2 35 0.613610 34 0.386390
  34 -24.398582 36.287048 6.648271 0.033536 0.406516 0.913028 0.569929 0.344840 2 34 0.784167 35 0.215833
  35 -24.450096 35.988739 6.787319 0.042349 0.397904 0.916449 0.565331 0.357532 2 35 0.728817 34 0.271183
v_hands
  35 -24.054266 35.905037 6.643195 0.786382 0.163747 0.595643 0.592151 0.361727 2 35 0.613610 34 0.386390
  34 -24.018513 36.205990 6.510941 0.727546 0.094435 0.679529 0.597825 0.349151 2 34 0.832940 35 0.167060
  34 -24.398582 36.287048 6.648271 0.033536 0.406516 0.913028 0.569929 0.344840 2 34 0.784167 35 0.215833
v_hands
  35 -24.151466 35.511398 5.813982 0.600554 -0.447085 -0.662910 0.638579 0.374204 2 35 0.565311 34 0.434689
  34 -24.553722 35.803131 5.567948 -0.183256 -0.436913 -0.880639 0.663525 0.371595 2 34 0.741175 35 0.258825
  34 -24.094475 35.759968 5.682026 0.589037 -0.565445 -0.577328 0.643529 0.363291 2 34 0.806805 35 0.193195
v_hands
  35 -24.151466 35.511398 5.813982 0.600554 -0.447085 -0.662910 0.638579 0.374204 2 35 0.565311 34 0.434689
  35 -24.633963 35.489239 5.734488 -0.197944 -0.419799 -0.885769 0.658754 0.386475 2 35 0.825516 34 0.174484
  34 -24.553722 35.803131 5.567948 -0.183256 -0.436913 -0.880639 0.663525 0.371595 2 34 0.741175 35 0.258825
v_hands
  35 -24.151466 35.511398 5.813982 0.600554 -0.447085 -0.662910 0.638579 0.374204 2 35 0.565311 34 0.434689
  34 -23.922863 35.847057 6.100333 0.947823 -0.311976 0.065592 0.620830 0.357092 2 34 0.694292 35 0.305709
  35 -23.976395 35.670910 6.189174 0.980299 -0.185097 -0.068939 0.617168 0.365788 2 35 0.661909 34 0.338092
v_hands
  35 -24.151466 35.511398 5.813982 0.600554 -0.447085 -0.662910 0.638579 0.374204 2 35 0.565311 34 0.434689
  34 -24.094475 35.759968 5.682026 0.589037 -0.565445 -0.577328 0.643529 0.363291 2 34 0.806805 35 0.193195
  34 -23.922863 35.847057 6.100333 0.947823 -0.311976 0.065592 0.620830 0.357092 2 34 0.694292 35 0.305709
v_hands
  34 -24.741419 36.689182 5.376328 -0.741778 -0.066173 -0.667372 0.803848 0.825003 1 34 1.000000
  34 -25.015667 36.190575 6.152486 -0.958051 0.280792 0.057396 0.827998 0.845972 2 34 0.660433 35 0.339567
  34 -24.831161 36.995300 5.803937 -0.926405 0.372806 0.052816 0.819634 0.817080 1 34 1.000000
v_hands
  34 -24.741419 36.689182 5.376328 -0.741778 -0.066173 -0.667372 0.803848 0.825003 1 34 1.000000
  34 -24.930653 36.013409 5.766812 -0.793390 -0.085018 -0.602747 0.811981 0.851699 2 34 0.656318 35 0.343682
  34 -25.015667 36.190575 6.152486 -0.958051 0.280792 0.057396 0.827998 0.845972 2 34 0.660433 35 0.339567
v_hands
  34 -24.741419 36.689182 5.376328 -0.741778 -0.066173 -0.667372 0.803848 0.825003 1 34 1.000000
  34 -24.553722 35.803131 5.567948 -0.183256 -0.436913 -0.880639 0.797901 0.857030 2 34 0.741175 35 0.258825
  34 -24.930653 36.013409 5.766812 -0.793390 -0.085018 -0.602747 0.811981 0.851699 2 34 0.656318 35 0.343682
v_hands
  34 -24.741419 36.689182 5.376328 -0.741778 -0.066173 -0.667372 0.803848 0.825003 1 34 1.000000
  34 -24.186115 36.349056 5.214386 -0.106735 -0.447404 -0.887940 0.784661 0.835211 1 34 1.000000
  34 -24.553722 35.803131 5.567948 -0.183256 -0.436913 -0.880639 0.797901 0.857030 2 34 0.741175 35 0.258825
v_hands
  34 -24.018513 36.205990 6.510941 0.727546 0.094435 0.679529 0.597825 0.349151 2 34 0.832940 35 0.167060
  34 -24.213474 36.921890 6.356880 0.024446 0.431411 0.901824 0.590522 0.317173 1 34 1.000000
  34 -24.398582 36.287048 6.648271 0.033536 0.406516 0.913028 0.569929 0.344840 2 34 0.784167 35 0.215833
v_hands
  34 -24.018513 36.205990 6.510941 0.727546 0.094435 0.679529 0.597825 0.349151 2 34 0.832940 35 0.167060
  34 -23.812777 36.691235 6.308583 0.667654 0.045833 0.743059 0.603700 0.327338 1 34 1.000000
  34 -24.213474 36.921890 6.356880 0.024446 0.431411 0.901824 0.590522 0.317173 1 34 1.000000
v_hands
  35 -24.686407 35.031040 5.959844 -0.198087 -0.450281 -0.870637 0.805798 0.887856 1 35 1.000000
  35 -24.939537 34.358154 6.524038 -0.833541 -0.279516 -0.476529 0.827922 0.913210 1 35 1.000000
  35 -25.039066 35.240654 6.138629 -0.838688 -0.260048 -0.478516 0.817819 0.880860 1 35 1.000000
v_hands
  35 -24.686407 35.031040 5.959844 -0.198087 -0.450281 -0.870637 0.805798 0.887856 1 35 1.000000
  35 -24.693829 34.338089 6.315069 -0.194939 -0.436788 -0.878188 0.814670 0.916529 2 35 0.531287 36 0.468713
  35 -24.939537 34.358154 6.524038 -0.833541 -0.279516 -0.476529 0.827922 0.913210 1 35 1.000000
v_hands
  34 -24.930653 36.013409 5.766812 -0.793390 -0.085018 -0.602747 0.811981 0.851699 2 34 0.656318 35 0.343682
  35 -24.633963 35.489239 5.734488 -0.197944 -0.419799 -0.885769 0.799230 0.867758 2 35 0.825516 34 0.174484
  35 -25.011875 35.612518 5.931216 -0.816769 -0.164382 -0.553053 0.814766 0.865029 2 35 0.841384 34 0.158616
v_hands
  34 -24.930653 36.013409 5.766812 -0.793390 -0.085018 -0.602747 0.811981 0.851699 2 34 0.656318 35 0.343682
  34 -24.553722 35.803131 5.567948 -0.183256 -0.436913 -0.880639 0.797901 0.857030 2 34 0.741175 35 0.258825
  35 -24.633963 35.489239 5.734488 -0.197944 -0.419799 -0.885769 0.799230 0.867758 2 35 0.825516 34 0.174484
v_hands
  34 -24.807537 36.344868 6.480452 -0.593206 0.461323 0.659763 0.843259 0.840101 2 34 0.708787 35 0.291213
  34 -24.213474 36.921890 6.356880 0.024446 0.431411 0.901824 0.853629 0.813564 1 34 1.000000
  34 -24.585403 37.042957 6.147690 -0.537273 0.536020 0.651169 0.834892 0.814243 1 34 1.000000
v_hands
  34 -24.807537 36.344868 6.480452 -0.593206 0.461323 0.659763 0.843259 0.840101 2 34 0.708787 35 0.291213
  34 -24.398582 36.287048 6.648271 0.033536 0.406516 0.913028 0.859193 0.837628 2 34 0.784167 35 0.215833
  34 -24.213474 36.921890 6.356880 0.024446 0.431411 0.901824 0.853629 0.813564 1 34 1.000000
v_hands
  35 -24.809990 34.831409 7.126252 -0.689704 0.281821 0.666997 0.861430 0.897802 1 35 1.000000
  35 -24.489773 35.641300 6.951899 0.009503 0.369462 0.929197 0.869354 0.870547 1 35 1.000000
  35 -24.897907 35.620430 6.776324 -0.659989 0.263496 0.703551 0.853323 0.865364 1 35 1.000000
v_hands
  35 -24.809990 34.831409 7.126252 -0.689704 0.281821 0.666997 0.861430 0.897802 1 35 1.000000
  36 -24.590136 34.809361 7.260093 -0.025873 0.405623 0.913674 0.872654 0.898115 2 36 0.903402 35 0.096598
  35 -24.489773 35.641300 6.951899 0.009503 0.369462 0.929197 0.869354 0.870547 1 35 1.000000
v_hands
  35 -24.069204 35.288937 6.865732 0.795611 0.142471 0.588816 0.584999 0.389706 1 35 1.000000
  35 -23.976395 35.670910 6.189174 0.980299 -0.185097 -0.068939 0.617168 0.365788 2 35 0.661909 34 0.338092
  35 -24.054266 35.905037 6.643195 0.786382 0.163747 0.595643 0.592151 0.361727 2 35 0.613610 34 0.386390
v_hands
  35 -24.069204 35.288937 6.865732 0.795611 0.142471 0.588816 0.584999 0.389706 1 35 1.000000
  35 -24.035757 35.042507 6.428750 0.971109 -0.205702 -0.120967 0.608703 0.397042 1 35 1.000000
  35 -23.976395 35.670910 6.189174 0.980299 -0.185097 -0.068939 0.617168 0.365788 2 35 0.661909 34 0.338092
v_hands
  34 -24.018513 36.205990 6.510941 0.727546 0.094435 0.679529 0.597825 0.349151 2 34 0.832940 35 0.167060
  34 -23.687033 36.373398 5.856261 0.905626 -0.386745 0.173984 0.629935 0.329803 2 34 0.935810 35 0.064190
  34 -23.812777 36.691235 6.308583 0.667654 0.045833 0.743059 0.603700 0.327338 1 34 1.000000
v_hands
  34 -24.018513 36.205990 6.510941 0.727546 0.094435 0.679529 0.597825 0.349151 2 34 0.832940 35 0.167060
  34 -23.922863 35.847057 6.100333 0.947823 -0.311976 0.065592 0.620830 0.357092 2 34 0.694292 35 0.305709
  34 -23.687033 36.373398 5.856261 0.905626 -0.386745 0.173984 0.629935 0.329803 2 34 0.935810 35 0.064190
v_hands
  35 -24.054266 35.905037 6.643195 0.786382 0.163747 0.595643 0.592151 0.361727 2 35 0.613610 34 0.386390
  34 -23.922863 35.847057 6.100333 0.947823 -0.311976 0.065592 0.620830 0.357092 2 34 0.694292 35 0.305709
  34 -24.018513 36.205990 6.510941 0.727546 0.094435 0.679529 0.597825 0.349151 2 34 0.832940 35 0.167060
v_hands
  35 -24.054266 35.905037 6.643195 0.786382 0.163747 0.595643 0.592151 0.361727 2 35 0.613610 34 0.386390
  35 -23.976395 35.670910 6.189174 0.980299 -0.185097 -0.068939 0.617168 0.365788 2 35 0.661909 34 0.338092
  34 -23.922863 35.847057 6.100333 0.947823 -0.311976 0.065592 0.620830 0.357092 2 34 0.694292 35 0.305709
v_hands
  35 -25.070509 35.429073 6.458930 -0.984528 0.001661 0.175219 0.835570 0.873149 1 35 1.000000
  35 -24.809990 34.831409 7.126252 -0.689704 0.281821 0.666997 0.861430 0.897802 1 35 1.000000
  35 -24.897907 35.620430 6.776324 -0.659989 0.263496 0.703551 0.853323 0.865364 1 35 1.000000
v_hands
  35 -25.070509 35.429073 6.458930 -0.984528 0.001661 0.175219 0.835570 0.873149 1 35 1.000000
  35 -25.050360 34.559441 6.789333 -0.992215 -0.005679 0.124410 0.844202 0.907538 2 35 0.821079 36 0.178921
  35 -24.809990 34.831409 7.126252 -0.689704 0.281821 0.666997 0.861430 0.897802 1 35 1.000000
v_hands
  34 -24.831161 36.995300 5.803937 -0.926405 0.372806 0.052816 0.819634 0.817080 1 34 1.000000
  34 -24.807537 36.344868 6.480452 -0.593206 0.461323 0.659763 0.843259 0.840101 2 34 0.708787 35 0.291213
  34 -24.585403 37.042957 6.147690 -0.537273 0.536020 0.651169 0.834892 0.814243 1 34 1.000000
v_hands
  34 -24.831161 36.995300 5.803937 -0.926405 0.372806 0.052816 0.819634 0.817080 1 34 1.000000
  34 -25.015667 36.190575 6.152486 -0.958051 0.280792 0.057396 0.827998 0.845972 2 34 0.660433 35 0.339567
  34 -24.807537 36.344868 6.480452 -0.593206 0.461323 0.659763 0.843259 0.840101 2 34 0.708787 35 0.291213
v_hands
  35 -24.151466 35.511398 5.813982 0.600554 -0.447085 -0.662910 0.638579 0.374204 2 35 0.565311 34 0.434689
  35 -24.035757 35.042507 6.428750 0.971109 -0.205702 -0.120967 0.608703 0.397042 1 35 1.000000
  35 -24.215406 34.882351 6.151351 0.587148 -0.434884 -0.682739 0.626291 0.406309 1 35 1.000000
v_hands
  35 -24.151466 35.511398 5.813982 0.600554 -0.447085 -0.662910 0.638579 0.374204 2 35 0.565311 34 0.434689
  35 -23.976395 35.670910 6.189174 0.980299 -0.185097 -0.068939 0.617168 0.365788 2 35 0.661909 34 0.338092
  35 -24.035757 35.042507 6.428750 0.971109 -0.205702 -0.120967 0.608703 0.397042 1 35 1.000000
v_hands
  35 -24.054266 35.905037 6.643195 0.786382 0.163747 0.595643 0.592151 0.361727 2 35 0.613610 34 0.386390
  35 -24.489773 35.641300 6.951899 0.009503 0.369462 0.929197 0.560525 0.381464 1 35 1.000000
  35 -24.069204 35.288937 6.865732 0.795611 0.142471 0.588816 0.584999 0.389706 1 35 1.000000
v_hands
  35 -24.054266 35.905037 6.643195 0.786382 0.163747 0.595643 0.592151 0.361727 2 35 0.613610 34 0.386390
  35 -24.450096 35.988739 6.787319 0.042349 0.397904 0.916449 0.565331 0.357532 2 35 0.728817 34 0.271183
  35 -24.489773 35.641300 6.951899 0.009503 0.369462 0.929197 0.560525 0.381464 1 35 1.000000
v_hands
  35 -24.450096 35.988739 6.787319 0.042349 0.397904 0.916449 0.863855 0.849924 2 35 0.728817 34 0.271183
  35 -24.897907 35.620430 6.776324 -0.659989 0.263496 0.703551 0.853323 0.865364 1 35 1.000000
  35 -24.489773 35.641300 6.951899 0.009503 0.369462 0.929197 0.869354 0.870547 1 35 1.000000
v_hands
  35 -24.450096 35.988739 6.787319 0.042349 0.397904 0.916449 0.863855 0.849924 2 35 0.728817 34 0.271183
  35 -24.891556 36.016815 6.617441 -0.623845 0.365073 0.691041 0.847528 0.851877 3 35 0.623464 34 0.254931 36 0.121604
  35 -24.897907 35.620430 6.776324 -0.659989 0.263496 0.703551 0.853323 0.865364 1 35 1.000000
v_hands
  35 -24.151466 35.511398 5.813982 0.600554 -0.447085 -0.662910 0.638579 0.374204 2 35 0.565311 34 0.434689
  35 -24.686407 35.031040 5.959844 -0.198087 -0.450281 -0.870637 0.650927 0.407232 1 35 1.000000
  35 -24.633963 35.489239 5.734488 -0.197944 -0.419799 -0.885769 0.658754 0.386475 2 35 0.825516 34 0.174484
v_hands
  35 -24.151466 35.511398 5.813982 0.600554 -0.447085 -0.662910 0.638579 0.374204 2 35 0.565311 34 0.434689
  35 -24.215406 34.882351 6.151351 0.587148 -0.434884 -0.682739 0.626291 0.406309 1 35 1.000000
  35 -24.686407 35.031040 5.959844 -0.198087 -0.450281 -0.870637 0.650927 0.407232 1 35 1.000000
v_hands
  35 -24.633963 35.489239 5.734488 -0.197944 -0.419799 -0.885769 0.799230 0.867758 2 35 0.825516 34 0.174484
  35 -25.039066 35.240654 6.138629 -0.838688 -0.260048 -0.478516 0.817819 0.880860 1 35 1.000000
  35 -25.011875 35.612518 5.931216 -0.816769 -0.164382 -0.553053 0.814766 0.865029 2 35 0.841384 34 0.158616
v_hands
  35 -24.633963 35.489239 5.734488 -0.197944 -0.419799 -0.885769 0.799230 0.867758 2 35 0.825516 34 0.174484
  35 -24.686407 35.031040 5.959844 -0.198087 -0.450281 -0.870637 0.805798 0.887856 1 35 1.000000
  35 -25.039066 35.240654 6.138629 -0.838688 -0.260048 -0.478516 0.817819 0.880860 1 35 1.000000
v_hands
  35 -25.011875 35.612518 5.931216 -0.816769 -0.164382 -0.553053 0.814766 0.865029 2 35 0.841384 34 0.158616
  35 -25.070509 35.429073 6.458930 -0.984528 0.001661 0.175219 0.835570 0.873149 1 35 1.000000
  35 -25.138258 35.817364 6.315563 -0.983532 0.142615 0.111024 0.831641 0.859114 3 35 0.739047 34 0.167023 36 0.093931
v_hands
  35 -25.011875 35.612518 5.931216 -0.816769 -0.164382 -0.553053 0.814766 0.865029 2 35 0.841384 34 0.158616
  35 -25.039066 35.240654 6.138629 -0.838688 -0.260048 -0.478516 0.817819 0.880860 1 35 1.000000
  35 -25.070509 35.429073 6.458930 -0.984528 0.001661 0.175219 0.835570 0.873149 1 35 1.000000
v_hands
  31 -21.904442 40.810917 5.948442 -0.832029 0.494470 0.251450 0.868637 0.642699 1 31 1.000000
  31 -21.982557 40.253803 6.030807 -0.988268 -0.151953 0.015365 0.867402 0.662555 1 31 1.000000
  31 -21.880068 40.688824 6.248066 -0.795637 0.517001 0.315708 0.878139 0.649924 1 31 1.000000
v_hands
  31 -21.904442 40.810917 5.948442 -0.832029 0.494470 0.251450 0.868637 0.642699 1 31 1.000000
  31 -21.989073 40.273052 5.791164 -0.973872 -0.168840 0.151875 0.859583 0.659107 2 31 0.898804 30 0.101196
  31 -21.982557 40.253803 6.030807 -0.988268 -0.151953 0.015365 0.867402 0.662555 1 31 1.000000
v_hands
  31 -20.829378 40.794155 6.206249 0.554185 0.744893 0.371502 0.900100 0.620212 1 31 1.000000
  31 -21.532427 40.868900 6.358894 -0.183880 0.839816 0.510780 0.885803 0.642522 1 31 1.000000
  31 -20.856653 40.703461 6.476652 0.525422 0.719229 0.454578 0.907121 0.627972 1 31 1.000000
v_hands
  31 -20.829378 40.794155 6.206249 0.554185 0.744893 0.371502 0.900100 0.620212 1 31 1.000000
  31 -21.516016 41.030228 6.080052 -0.162429 0.895549 0.414257 0.877193 0.634514 2 31 0.927794 30 0.072206
  31 -21.532427 40.868900 6.358894 -0.183880 0.839816 0.510780 0.885803 0.642522 1 31 1.000000
v_hands
  31 -20.738873 39.497665 6.744414 0.764237 -0.604614 -0.224462 0.543957 0.132402 1 31 1.000000
  31 -21.141947 39.679489 5.875410 0.257966 -0.907430 -0.331700 0.586006 0.148609 1 31 1.000000
  31 -20.688124 40.012478 5.835041 0.767419 -0.615956 -0.177947 0.582521 0.130591 1 31 1.000000
v_hands
  31 -20.738873 39.497665 6.744414 0.764237 -0.604614 -0.224462 0.543957 0.132402 1 31 1.000000
  31 -21.298977 39.326424 6.679521 0.138525 -0.908621 -0.393979 0.548675 0.156034 1 31 1.000000
  31 -21.141947 39.679489 5.875410 0.257966 -0.907430 -0.331700 0.586006 0.148609 1 31 1.000000
v_hands
  31 -20.856653 40.703461 6.476652 0.525422 0.719229 0.454578 0.907121 0.627972 1 31 1.000000
  31 -20.639795 39.942986 7.034305 0.987124 0.122510 0.102844 0.937298 0.639335 1 31 1.000000
  31 -20.566839 40.400158 6.105639 0.977460 0.097522 0.187244 0.910347 0.612551 1 31 1.000000
v_hands
  31 -20.856653 40.703461 6.476652 0.525422 0.719229 0.454578 0.907121 0.627972 1 31 1.000000
  31 -20.866669 40.211514 7.120009 0.559530 0.773759 0.297025 0.929576 0.646265 2 31 0.855145 32 0.144855
  31 -20.639795 39.942986 7.034305 0.987124 0.122510 0.102844 0.937298 0.639335 1 31 1.000000
v_hands
  31 -20.566839 40.400158 6.105639 0.977460 0.097522 0.187244 0.572625 0.117901 1 31 1.000000
  31 -20.738873 39.497665 6.744414 0.764237 -0.604614 -0.224462 0.543957 0.132402 1 31 1.000000
  31 -20.688124 40.012478 5.835041 0.767419 -0.615956 -0.177947 0.582521 0.130591 1 31 1.000000
v_hands
  31 -20.566839 40.400158 6.105639 0.977460 0.097522 0.187244 0.572625 0.117901 1 31 1.000000
  31 -20.639795 39.942986 7.034305 0.987124 0.122510 0.102844 0.534477 0.114944 1 31 1.000000
  31 -20.738873 39.497665 6.744414 0.764237 -0.604614 -0.224462 0.543957 0.132402 1 31 1.000000
v_hands
  31 -21.587736 39.633785 5.923851 -0.471682 -0.849079 -0.237869 0.587216 0.164028 1 31 1.000000
  31 -21.298977 39.326424 6.679521 0.138525 -0.908621 -0.393979 0.548675 0.156034 1 31 1.000000
  31 -21.737280 39.375332 6.645349 -0.559252 -0.741544 -0.370606 0.552962 0.174185 1 31 1.000000
v_hands
  31 -21.587736 39.633785 5.923851 -0.471682 -0.849079 -0.237869 0.587216 0.164028 1 31 1.000000
  31 -21.141947 39.679489 5.875410 0.257966 -0.907430 -0.331700 0.586006 0.148609 1 31 1.000000
  31 -21.298977 39.326424 6.679521 0.138525 -0.908621 -0.393979 0.548675 0.156034 1 31 1.000000
v_hands
  31 -20.566839 40.400158 6.105639 0.977460 0.097522 0.187244 0.910347 0.612551 1 31 1.000000
  31 -20.829378 40.794155 6.206249 0.554185 0.744893 0.371502 0.900100 0.620212 1 31 1.000000
  31 -20.856653 40.703461 6.476652 0.525422 0.719229 0.454578 0.907121 0.627972 1 31 1.000000
v_hands
  31 -20.566839 40.400158 6.105639 0.977460 0.097522 0.187244 0.910347 0.612551 1 31 1.000000
  31 -20.511995 40.467625 5.905590 0.969081 0.073762 0.235457 0.905966 0.605875 1 31 1.000000
  31 -20.829378 40.794155 6.206249 0.554185 0.744893 0.371502 0.900100 0.620212 1 31 1.000000
v_hands
  31 -20.688124 40.012478 5.835041 0.767419 -0.615956 -0.177947 0.582521 0.130591 1 31 1.000000
  31 -20.511995 40.467625 5.905590 0.969081 0.073762 0.235457 0.578215 0.113910 1 31 1.000000
  31 -20.566839 40.400158 6.105639 0.977460 0.097522 0.187244 0.572625 0.117901 1 31 1.000000
v_hands
  31 -20.688124 40.012478 5.835041 0.767419 -0.615956 -0.177947 0.582521 0.130591 1 31 1.000000
  31 -20.661133 40.047630 5.650904 0.736315 -0.676585 -0.008495 0.589371 0.129073 2 31 0.949460 30 0.050540
  31 -20.511995 40.467625 5.905590 0.969081 0.073762 0.235457 0.578215 0.113910 1 31 1.000000
v_hands
  30 -21.915060 40.955479 5.642006 -0.801981 0.479483 0.356260 0.859101 0.634652 2 30 0.500967 31 0.499033
  30 -22.137619 40.317806 5.280814 -0.909682 0.014753 0.415044 0.840636 0.653555 2 30 0.573351 31 0.426649
  31 -22.008348 40.284508 5.556300 -0.941987 -0.093256 0.322433 0.851663 0.656149 2 31 0.750677 30 0.249323
v_hands
  30 -21.915060 40.955479 5.642006 -0.801981 0.479483 0.356260 0.859101 0.634652 2 30 0.500967 31 0.499033
  30 -21.987032 41.245731 5.212842 -0.768942 0.536481 0.347730 0.844081 0.622942 2 30 0.649268 31 0.350732
  30 -22.137619 40.317806 5.280814 -0.909682 0.014753 0.415044 0.840636 0.653555 2 30 0.573351 31 0.426649
v_hands
  30 -21.854713 39.441105 5.209369 0.263222 -0.770969 0.579932 0.624129 0.170143 3 30 0.402711 33 0.400676 31 0.196613
  33 -22.285276 39.286152 5.230299 0.413818 -0.480256 0.773375 0.626971 0.183326 2 33 0.799639 30 0.200362
  33 -22.161654 39.186974 5.106256 0.520538 -0.587382 0.619696 0.632837 0.181573 2 33 0.828654 30 0.171346
v_hands
  30 -21.854713 39.441105 5.209369 0.263222 -0.770969 0.579932 0.624129 0.170143 3 30 0.402711 33 0.400676 31 0.196613
  30 -22.014513 39.549805 5.345240 0.176101 -0.688470 0.703561 0.615513 0.176016 3 30 0.400712 33 0.353517 31 0.245771
  33 -22.285276 39.286152 5.230299 0.413818 -0.480256 0.773375 0.626971 0.183326 2 33 0.799639 30 0.200362
v_hands
  31 -21.278769 39.727768 5.687767 0.305308 -0.941008 -0.145916 0.594757 0.152053 2 31 0.897080 30 0.102920
  31 -20.651350 39.992920 5.503748 0.685591 -0.699681 0.201027 0.595366 0.128646 2 31 0.949258 30 0.050742
  31 -20.661133 40.047630 5.650904 0.736315 -0.676585 -0.008495 0.589371 0.129073 2 31 0.949460 30 0.050540
v_hands
  31 -21.278769 39.727768 5.687767 0.305308 -0.941008 -0.145916 0.594757 0.152053 2 31 0.897080 30 0.102920
  31 -21.403046 39.714729 5.541564 0.265180 -0.951425 0.156432 0.602035 0.155981 2 31 0.694750 30 0.305250
  31 -20.651350 39.992920 5.503748 0.685591 -0.699681 0.201027 0.595366 0.128646 2 31 0.949258 30 0.050742
v_hands
  33 -22.162512 39.026272 4.817899 0.644425 -0.685401 0.339029 0.647566 0.182732 2 33 0.860207 30 0.139793
  33 -22.274578 39.049213 5.116345 0.718346 -0.406294 0.564715 0.634880 0.188254 1 33 1.000000
  33 -22.222128 38.929695 4.842693 0.818395 -0.466069 0.336169 0.648002 0.187192 1 33 1.000000
v_hands
  33 -22.162512 39.026272 4.817899 0.644425 -0.685401 0.339029 0.647566 0.182732 2 33 0.860207 30 0.139793
  33 -22.161654 39.186974 5.106256 0.520538 -0.587382 0.619696 0.632837 0.181573 2 33 0.828654 30 0.171346
  33 -22.274578 39.049213 5.116345 0.718346 -0.406294 0.564715 0.634880 0.188254 1 33 1.000000
v_hands
  31 -21.587736 39.633785 5.923851 -0.471682 -0.849079 -0.237869 0.587216 0.164028 1 31 1.000000
  31 -21.278769 39.727768 5.687767 0.305308 -0.941008 -0.145916 0.594757 0.152053 2 31 0.897080 30 0.102920
  31 -21.141947 39.679489 5.875410 0.257966 -0.907430 -0.331700 0.586006 0.148609 1 31 1.000000
v_hands
  31 -21.587736 39.633785 5.923851 -0.471682 -0.849079 -0.237869 0.587216 0.164028 1 31 1.000000
  31 -21.655218 39.650379 5.729143 0.158359 -0.975814 -0.150693 0.594713 0.165679 2 31 0.855104 30 0.144896
  31 -21.278769 39.727768 5.687767 0.305308 -0.941008 -0.145916 0.594757 0.152053 2 31 0.897080 30 0.102920
v_hands
  33 -22.162512 39.026272 4.817899 0.644425 -0.685401 0.339029 0.647566 0.182732 2 33 0.860207 30 0.139793
  30 -21.854713 39.441105 5.209369 0.263222 -0.770969 0.579932 0.624129 0.170143 3 30 0.402711 33 0.400676 31 0.196613
  33 -22.161654 39.186974 5.106256 0.520538 -0.587382 0.619696 0.632837 0.181573 2 33 0.828654 30 0.171346
v_hands
  33 -22.162512 39.026272 4.817899 0.644425 -0.685401 0.339029 0.647566 0.182732 2 33 0.860207 30 0.139793
  30 -20.697643 39.576233 4.577423 0.636187 -0.737255 0.227424 0.636747 0.130198 3 30 0.521027 33 0.350526 31 0.128448
  30 -21.854713 39.441105 5.209369 0.263222 -0.770969 0.579932 0.624129 0.170143 3 30 0.402711 33 0.400676 31 0.196613
v_hands
  30 -20.699608 41.246822 5.188200 0.595012 0.727231 0.342192 0.872513 0.589740 2 30 0.690007 31 0.309993
  31 -20.432156 40.561810 5.583156 0.961464 0.075020 0.264498 0.898936 0.595413 1 31 1.000000
  30 -20.260645 40.626873 4.935573 0.977573 0.013881 0.210138 0.888681 0.576546 2 30 0.698823 31 0.301177
v_hands
  30 -20.699608 41.246822 5.188200 0.595012 0.727231 0.342192 0.872513 0.589740 2 30 0.690007 31 0.309993
  31 -20.791578 40.892700 5.857791 0.565593 0.729910 0.383844 0.891411 0.610227 2 31 0.818803 30 0.181198
  31 -20.432156 40.561810 5.583156 0.961464 0.075020 0.264498 0.898936 0.595413 1 31 1.000000
v_hands
  30 -21.547974 41.466034 5.277478 -0.123890 0.907257 0.401914 0.851002 0.613734 2 30 0.628185 31 0.371815
  30 -21.992052 41.383133 4.761586 -0.718655 0.641723 0.267817 0.830682 0.612263 2 30 0.791487 31 0.208513
  30 -21.987032 41.245731 5.212842 -0.768942 0.536481 0.347730 0.844081 0.622942 2 30 0.649268 31 0.350732
v_hands
  30 -21.547974 41.466034 5.277478 -0.123890 0.907257 0.401914 0.851002 0.613734 2 30 0.628185 31 0.371815
  30 -21.637314 41.567677 4.624431 -0.131276 0.938250 0.320083 0.832278 0.599730 2 30 0.758506 31 0.241494
  30 -21.992052 41.383133 4.761586 -0.718655 0.641723 0.267817 0.830682 0.612263 2 30 0.791487 31 0.208513
v_hands
  30 -20.699608 41.246822 5.188200 0.595012 0.727231 0.342192 0.872513 0.589740 2 30 0.690007 31 0.309993
  30 -21.637314 41.567677 4.624431 -0.131276 0.938250 0.320083 0.832278 0.599730 2 30 0.758506 31 0.241494
  30 -21.547974 41.466034 5.277478 -0.123890 0.907257 0.401914 0.851002 0.613734 2 30 0.628185 31 0.371815
v_hands
  30 -20.699608 41.246822 5.188200 0.595012 0.727231 0.342192 0.872513 0.589740 2 30 0.690007 31 0.309993
  30 -20.480721 41.645432 4.046777 0.577691 0.769813 0.271404 0.845072 0.554114 2 30 0.904063 29 0.095937
  30 -21.637314 41.567677 4.624431 -0.131276 0.938250 0.320083 0.832278 0.599730 2 30 0.758506 31 0.241494
v_hands
  33 -22.099627 38.836277 4.348707 0.691304 -0.709647 0.136011 0.669160 0.181577 2 33 0.943057 30 0.056943
  30 -20.697643 39.576233 4.577423 0.636187 -0.737255 0.227424 0.636747 0.130198 3 30 0.521027 33 0.350526 31 0.128448
  33 -22.162512 39.026272 4.817899 0.644425 -0.685401 0.339029 0.647566 0.182732 2 33 0.860207 30 0.139793
v_hands
  33 -22.099627 38.836277 4.348707 0.691304 -0.709647 0.136011 0.669160 0.181577 2 33 0.943057 30 0.056943
  33 -20.792641 39.518559 3.748257 0.711138 -0.702962 -0.011259 0.675438 0.123305 2 33 0.685138 30 0.314862
  30 -20.697643 39.576233 4.577423 0.636187 -0.737255 0.227424 0.636747 0.130198 3 30 0.521027 33 0.350526 31 0.128448
v_hands
  31 -21.759417 39.638893 5.588498 -0.854790 -0.315429 0.412115 0.602955 0.168435 2 31 0.565311 30 0.434689
  31 -21.989073 40.273052 5.791164 -0.973872 -0.168840 0.151875 0.591708 0.185839 2 31 0.898804 30 0.101196
  31 -22.008348 40.284508 5.556300 -0.941987 -0.093256 0.322433 0.598909 0.188838 2 31 0.750677 30 0.249323
v_hands
  31 -21.759417 39.638893 5.588498 -0.854790 -0.315429 0.412115 0.602955 0.168435 2 31 0.565311 30 0.434689
  31 -21.655218 39.650379 5.729143 -0.864999 -0.462223 0.195259 0.594713 0.165679 2 31 0.855104 30 0.144896
  31 -21.989073 40.273052 5.791164 -0.973872 -0.168840 0.151875 0.591708 0.185839 2 31 0.898804 30 0.101196
v_hands
  30 -21.916906 39.609745 5.420628 0.116793 -0.878945 0.462402 0.610915 0.173564 2 30 0.663700 31 0.336300
  30 -21.854713 39.441105 5.209369 0.263222 -0.770969 0.579932 0.624129 0.170143 3 30 0.402711 33 0.400676 31 0.196613
  30 -21.596693 39.589344 5.329750 0.210785 -0.884886 0.415387 0.614125 0.162395 2 30 0.634197 31 0.365803
v_hands
  30 -21.916906 39.609745 5.420628 0.116793 -0.878945 0.462402 0.610915 0.173564 2 30 0.663700 31 0.336300
  30 -22.014513 39.549805 5.345240 0.176101 -0.688470 0.703561 0.615513 0.176016 3 30 0.400712 33 0.353517 31 0.245771
  30 -21.854713 39.441105 5.209369 0.263222 -0.770969 0.579932 0.624129 0.170143 3 30 0.402711 33 0.400676 31 0.196613
v_hands
  30 -20.260645 40.626873 4.935573 0.977573 0.013881 0.210138 0.606799 0.097012 2 30 0.698823 31 0.301177
  30 -20.697643 39.576233 4.577423 0.636187 -0.737255 0.227424 0.636747 0.130198 3 30 0.521027 33 0.350526 31 0.128448
  30 -20.233681 40.584362 4.086939 0.994745 -0.087560 0.053057 0.641170 0.089741 3 30 0.829390 29 0.092154 33 0.078456
v_hands
  30 -20.260645 40.626873 4.935573 0.977573 0.013881 0.210138 0.606799 0.097012 2 30 0.698823 31 0.301177
  30 -20.676838 39.818649 5.178490 0.659410 -0.701009 0.271596 0.609137 0.127691 2 30 0.652166 31 0.347834
  30 -20.697643 39.576233 4.577423 0.636187 -0.737255 0.227424 0.636747 0.130198 3 30 0.521027 33 0.350526 31 0.128448
v_hands
  31 -21.403046 39.714729 5.541564 0.265180 -0.951425 0.156432 0.602035 0.155981 2 31 0.694750 30 0.305250
  31 -21.655218 39.650379 5.729143 0.158359 -0.975814 -0.150693 0.594713 0.165679 2 31 0.855104 30 0.144896
  31 -21.759417 39.638893 5.588498 0.166601 -0.981104 0.098380 0.602955 0.168435 2 31 0.565311 30 0.434689
v_hands
  31 -21.403046 39.714729 5.541564 0.265180 -0.951425 0.156432 0.602035 0.155981 2 31 0.694750 30 0.305250
  31 -21.278769 39.727768 5.687767 0.305308 -0.941008 -0.145916 0.594757 0.152053 2 31 0.897080 30 0.102920
  31 -21.655218 39.650379 5.729143 0.158359 -0.975814 -0.150693 0.594713 0.165679 2 31 0.855104 30 0.144896
v_hands
  30 -20.676838 39.818649 5.178490 0.659410 -0.701009 0.271596 0.609137 0.127691 2 30 0.652166 31 0.347834
  31 -21.403046 39.714729 5.541564 0.265180 -0.951425 0.156432 0.602035 0.155981 2 31 0.694750 30 0.305250
  30 -21.596693 39.589344 5.329750 0.210785 -0.884886 0.415387 0.614125 0.162395 2 30 0.634197 31 0.365803
v_hands
  30 -20.676838 39.818649 5.178490 0.659410 -0.701009 0.271596 0.609137 0.127691 2 30 0.652166 31 0.347834
  31 -20.651350 39.992920 5.503748 0.685591 -0.699681 0.201027 0.595366 0.128646 2 31 0.949258 30 0.050742
  31 -21.403046 39.714729 5.541564 0.265180 -0.951425 0.156432 0.602035 0.155981 2 31 0.694750 30 0.305250
v_hands
  30 -20.676838 39.818649 5.178490 0.659410 -0.701009 0.271596 0.609137 0.127691 2 30 0.652166 31 0.347834
  31 -20.432156 40.561810 5.583156 0.961464 0.075020 0.264498 0.586458 0.107937 1 31 1.000000
  31 -20.651350 39.992920 5.503748 0.685591 -0.699681 0.201027 0.595366 0.128646 2 31 0.949258 30 0.050742
v_hands
  30 -20.676838 39.818649 5.178490 0.659410 -0.701009 0.271596 0.609137 0.127691 2 30 0.652166 31 0.347834
  30 -20.260645 40.626873 4.935573 0.977573 0.013881 0.210138 0.606799 0.097012 2 30 0.698823 31 0.301177
  31 -20.432156 40.561810 5.583156 0.961464 0.075020 0.264498 0.586458 0.107937 1 31 1.000000
v_hands
  31 -21.481966 41.210236 5.713462 -0.120854 0.874787 0.469192 0.866685 0.623802 2 31 0.651517 30 0.348483
  30 -21.987032 41.245731 5.212842 -0.768942 0.536481 0.347730 0.844081 0.622942 2 30 0.649268 31 0.350732
  30 -21.915060 40.955479 5.642006 -0.801981 0.479483 0.356260 0.859101 0.634652 2 30 0.500967 31 0.499033
v_hands
  31 -21.481966 41.210236 5.713462 -0.120854 0.874787 0.469192 0.866685 0.623802 2 31 0.651517 30 0.348483
  30 -21.547974 41.466034 5.277478 -0.123890 0.907257 0.401914 0.851002 0.613734 2 30 0.628185 31 0.371815
  30 -21.987032 41.245731 5.212842 -0.768942 0.536481 0.347730 0.844081 0.622942 2 30 0.649268 31 0.350732
v_hands
  30 -22.014513 39.549805 5.345240 -0.754268 0.027708 0.655981 0.615513 0.176016 3 30 0.400712 33 0.353517 31 0.245771
  33 -22.400143 40.326801 4.839517 -0.743871 0.330800 0.580712 0.626900 0.205709 2 33 0.517198 30 0.482802
  33 -22.285276 39.286152 5.230299 -0.517520 0.258500 0.815690 0.626971 0.183326 2 33 0.799639 30 0.200362
v_hands
  30 -22.014513 39.549805 5.345240 -0.754268 0.027708 0.655981 0.615513 0.176016 3 30 0.400712 33 0.353517 31 0.245771
  30 -22.218462 40.330601 5.094019 -0.870765 0.166392 0.462689 0.615929 0.200079 2 30 0.765406 31 0.234594
  33 -22.400143 40.326801 4.839517 -0.743871 0.330800 0.580712 0.626900 0.205709 2 33 0.517198 30 0.482802
v_hands
  30 -21.915060 40.955479 5.642006 -0.801981 0.479483 0.356260 0.859101 0.634652 2 30 0.500967 31 0.499033
  31 -21.516016 41.030228 6.080052 -0.162429 0.895549 0.414257 0.877193 0.634514 2 31 0.927794 30 0.072206
  31 -21.481966 41.210236 5.713462 -0.120854 0.874787 0.469192 0.866685 0.623802 2 31 0.651517 30 0.348483
v_hands
  30 -21.915060 40.955479 5.642006 -0.801981 0.479483 0.356260 0.859101 0.634652 2 30 0.500967 31 0.499033
  31 -21.904442 40.810917 5.948442 -0.832029 0.494470 0.251450 0.868637 0.642699 1 31 1.000000
  31 -21.516016 41.030228 6.080052 -0.162429 0.895549 0.414257 0.877193 0.634514 2 31 0.927794 30 0.072206
v_hands
  31 -21.141947 39.679489 5.875410 0.257966 -0.907430 -0.331700 0.586006 0.148609 1 31 1.000000
  31 -20.661133 40.047630 5.650904 0.736315 -0.676585 -0.008495 0.589371 0.129073 2 31 0.949460 30 0.050540
  31 -20.688124 40.012478 5.835041 0.767419 -0.615956 -0.177947 0.582521 0.130591 1 31 1.000000
v_hands
  31 -21.141947 39.679489 5.875410 0.257966 -0.907430 -0.331700 0.586006 0.148609 1 31 1.000000
  31 -21.278769 39.727768 5.687767 0.305308 -0.941008 -0.145916 0.594757 0.152053 2 31 0.897080 30 0.102920
  31 -20.661133 40.047630 5.650904 0.736315 -0.676585 -0.008495 0.589371 0.129073 2 31 0.949460 30 0.050540
v_hands
  31 -22.008348 40.284508 5.556300 -0.941987 -0.093256 0.322433 0.598909 0.188838 2 31 0.750677 30 0.249323
  30 -21.916906 39.609745 5.420628 -0.820701 -0.150640 0.551142 0.610915 0.173564 2 30 0.663700 31 0.336300
  31 -21.759417 39.638893 5.588498 -0.854790 -0.315429 0.412115 0.602955 0.168435 2 31 0.565311 30 0.434689
v_hands
  31 -22.008348 40.284508 5.556300 -0.941987 -0.093256 0.322433 0.598909 0.188838 2 31 0.750677 30 0.249323
  30 -22.137619 40.317806 5.280814 -0.909682 0.014753 0.415044 0.610006 0.195020 2 30 0.573351 31 0.426649
  30 -21.916906 39.609745 5.420628 -0.820701 -0.150640 0.551142 0.610915 0.173564 2 30 0.663700 31 0.336300
v_hands
  33 -22.806742 39.379864 4.976268 -0.311340 0.581442 0.751660 0.822233 0.696214 1 33 1.000000
  33 -22.594971 40.273861 4.651587 -0.653359 0.434640 0.619846 0.811309 0.659188 2 33 0.800006 30 0.199994
  33 -22.789795 40.220924 4.463655 -0.629108 0.538369 0.560697 0.801384 0.661771 1 33 1.000000
v_hands
  33 -22.806742 39.379864 4.976268 -0.311340 0.581442 0.751660 0.822233 0.696214 1 33 1.000000
  33 -22.521097 39.471184 5.065340 -0.413115 0.368713 0.832698 0.837078 0.686676 1 33 1.000000
  33 -22.594971 40.273861 4.651587 -0.653359 0.434640 0.619846 0.811309 0.659188 2 33 0.800006 30 0.199994
v_hands
  33 -22.400143 40.326801 4.839517 -0.743871 0.330800 0.580712 0.821486 0.656922 2 33 0.517198 30 0.482802
  33 -22.521097 39.471184 5.065340 -0.413115 0.368713 0.832698 0.837078 0.686676 1 33 1.000000
  33 -22.285276 39.286152 5.230299 -0.517520 0.258500 0.815690 0.850059 0.687892 2 33 0.799639 30 0.200362
v_hands
  33 -22.400143 40.326801 4.839517 -0.743871 0.330800 0.580712 0.821486 0.656922 2 33 0.517198 30 0.482802
  33 -22.594971 40.273861 4.651587 -0.653359 0.434640 0.619846 0.811309 0.659188 2 33 0.800006 30 0.199994
  33 -22.521097 39.471184 5.065340 -0.413115 0.368713 0.832698 0.837078 0.686676 1 33 1.000000
v_hands
  30 -20.699608 41.246822 5.188200 0.595012 0.727231 0.342192 0.872513 0.589740 2 30 0.690007 31 0.309993
  31 -21.481966 41.210236 5.713462 -0.120854 0.874787 0.469192 0.866685 0.623802 2 31 0.651517 30 0.348483
  31 -20.791578 40.892700 5.857791 0.565593 0.729910 0.383844 0.891411 0.610227 2 31 0.818803 30 0.181198
v_hands
  30 -20.699608 41.246822 5.188200 0.595012 0.727231 0.342192 0.872513 0.589740 2 30 0.690007 31 0.309993
  30 -21.547974 41.466034 5.277478 -0.123890 0.907257 0.401914 0.851002 0.613734 2 30 0.628185 31 0.371815
  31 -21.481966 41.210236 5.713462 -0.120854 0.874787 0.469192 0.866685 0.623802 2 31 0.651517 30 0.348483
v_hands
  33 -22.400143 40.326801 4.839517 -0.743871 0.330800 0.580712 0.821025 0.657019 2 33 0.517198 30 0.482802
  30 -21.992052 41.383133 4.761586 -0.718655 0.641723 0.267817 0.830682 0.612263 2 30 0.791487 31 0.208513
  30 -21.997446 41.530918 4.276258 -0.633095 0.666528 0.393613 0.816212 0.600608 3 30 0.784502 29 0.131614 31 0.083884
v_hands
  33 -22.400143 40.326801 4.839517 -0.743871 0.330800 0.580712 0.821025 0.657019 2 33 0.517198 30 0.482802
  30 -22.218462 40.330601 5.094019 -0.870765 0.166392 0.462689 0.833230 0.653582 2 30 0.765406 31 0.234594
  30 -21.992052 41.383133 4.761586 -0.718655 0.641723 0.267817 0.830682 0.612263 2 30 0.791487 31 0.208513
v_hands
  30 -22.218462 40.330601 5.094019 -0.870765 0.166392 0.462689 0.833230 0.653582 2 30 0.765406 31 0.234594
  30 -21.987032 41.245731 5.212842 -0.768942 0.536481 0.347730 0.844081 0.622942 2 30 0.649268 31 0.350732
  30 -21.992052 41.383133 4.761586 -0.718655 0.641723 0.267817 0.830682 0.612263 2 30 0.791487 31 0.208513
v_hands
  30 -22.218462 40.330601 5.094019 -0.870765 0.166392 0.462689 0.833230 0.653582 2 30 0.765406 31 0.234594
  30 -22.137619 40.317806 5.280814 -0.909682 0.014753 0.415044 0.840636 0.653555 2 30 0.573351 31 0.426649
  30 -21.987032 41.245731 5.212842 -0.768942 0.536481 0.347730 0.844081 0.622942 2 30 0.649268 31 0.350732
v_hands
  30 -22.014513 39.549805 5.345240 -0.754268 0.027708 0.655981 0.615513 0.176016 3 30 0.400712 33 0.353517 31 0.245771
  30 -22.137619 40.317806 5.280814 -0.909682 0.014753 0.415044 0.610006 0.195020 2 30 0.573351 31 0.426649
  30 -22.218462 40.330601 5.094019 -0.870765 0.166392 0.462689 0.615929 0.200079 2 30 0.765406 31 0.234594
v_hands
  30 -22.014513 39.549805 5.345240 -0.754268 0.027708 0.655981 0.615513 0.176016 3 30 0.400712 33 0.353517 31 0.245771
  30 -21.916906 39.609745 5.420628 -0.820701 -0.150640 0.551142 0.610915 0.173564 2 30 0.663700 31 0.336300
  30 -22.137619 40.317806 5.280814 -0.909682 0.014753 0.415044 0.610006 0.195020 2 30 0.573351 31 0.426649
v_hands
  31 -22.008348 40.284508 5.556300 -0.941987 -0.093256 0.322433 0.851663 0.656149 2 31 0.750677 30 0.249323
  31 -21.904442 40.810917 5.948442 -0.832029 0.494470 0.251450 0.868637 0.642699 1 31 1.000000
  30 -21.915060 40.955479 5.642006 -0.801981 0.479483 0.356260 0.859101 0.634652 2 30 0.500967 31 0.499033
v_hands
  31 -22.008348 40.284508 5.556300 -0.941987 -0.093256 0.322433 0.851663 0.656149 2 31 0.750677 30 0.249323
  31 -21.989073 40.273052 5.791164 -0.973872 -0.168840 0.151875 0.859583 0.659107 2 31 0.898804 30 0.101196
  31 -21.904442 40.810917 5.948442 -0.832029 0.494470 0.251450 0.868637 0.642699 1 31 1.000000
v_hands
  31 -21.982557 40.253803 6.030807 -0.988268 -0.151953 0.015365 0.583743 0.186603 1 31 1.000000
  31 -21.655218 39.650379 5.729143 -0.864999 -0.462223 0.195259 0.594713 0.165679 2 31 0.855104 30 0.144896
  31 -21.587736 39.633785 5.923851 -0.471682 -0.849079 -0.237869 0.587216 0.164028 1 31 1.000000
v_hands
  31 -21.982557 40.253803 6.030807 -0.988268 -0.151953 0.015365 0.583743 0.186603 1 31 1.000000
  31 -21.989073 40.273052 5.791164 -0.973872 -0.168840 0.151875 0.591708 0.185839 2 31 0.898804 30 0.101196
  31 -21.655218 39.650379 5.729143 -0.864999 -0.462223 0.195259 0.594713 0.165679 2 31 0.855104 30 0.144896
v_hands
  31 -21.516016 41.030228 6.080052 -0.162429 0.895549 0.414257 0.877193 0.634514 2 31 0.927794 30 0.072206
  31 -20.791578 40.892700 5.857791 0.565593 0.729910 0.383844 0.891411 0.610227 2 31 0.818803 30 0.181198
  31 -21.481966 41.210236 5.713462 -0.120854 0.874787 0.469192 0.866685 0.623802 2 31 0.651517 30 0.348483
v_hands
  31 -21.516016 41.030228 6.080052 -0.162429 0.895549 0.414257 0.877193 0.634514 2 31 0.927794 30 0.072206
  31 -20.829378 40.794155 6.206249 0.554185 0.744893 0.371502 0.900100 0.620212 1 31 1.000000
  31 -20.791578 40.892700 5.857791 0.565593 0.729910 0.383844 0.891411 0.610227 2 31 0.818803 30 0.181198
v_hands
  31 -21.516016 41.030228 6.080052 -0.162429 0.895549 0.414257 0.877193 0.634514 2 31 0.927794 30 0.072206
  31 -21.880068 40.688824 6.248066 -0.795637 0.517001 0.315708 0.878139 0.649924 1 31 1.000000
  31 -21.532427 40.868900 6.358894 -0.183880 0.839816 0.510780 0.885803 0.642522 1 31 1.000000
v_hands
  31 -21.516016 41.030228 6.080052 -0.162429 0.895549 0.414257 0.877193 0.634514 2 31 0.927794 30 0.072206
  31 -21.904442 40.810917 5.948442 -0.832029 0.494470 0.251450 0.868637 0.642699 1 31 1.000000
  31 -21.880068 40.688824 6.248066 -0.795637 0.517001 0.315708 0.878139 0.649924 1 31 1.000000
v_hands
  31 -20.791578 40.892700 5.857791 0.565593 0.729910 0.383844 0.891411 0.610227 2 31 0.818803 30 0.181198
  31 -20.511995 40.467625 5.905590 0.969081 0.073762 0.235457 0.905966 0.605875 1 31 1.000000
  31 -20.432156 40.561810 5.583156 0.961464 0.075020 0.264498 0.898936 0.595413 1 31 1.000000
v_hands
  31 -20.791578 40.892700 5.857791 0.565593 0.729910 0.383844 0.891411 0.610227 2 31 0.818803 30 0.181198
  31 -20.829378 40.794155 6.206249 0.554185 0.744893 0.371502 0.900100 0.620212 1 31 1.000000
  31 -20.511995 40.467625 5.905590 0.969081 0.073762 0.235457 0.905966 0.605875 1 31 1.000000
v_hands
  31 -20.432156 40.561810 5.583156 0.961464 0.075020 0.264498 0.586458 0.107937 1 31 1.000000
  31 -20.661133 40.047630 5.650904 0.736315 -0.676585 -0.008495 0.589371 0.129073 2 31 0.949460 30 0.050540
  31 -20.651350 39.992920 5.503748 0.685591 -0.699681 0.201027 0.595366 0.128646 2 31 0.949258 30 0.050742
v_hands
  31 -20.432156 40.561810 5.583156 0.961464 0.075020 0.264498 0.586458 0.107937 1 31 1.000000
  31 -20.511995 40.467625 5.905590 0.969081 0.073762 0.235457 0.578215 0.113910 1 31 1.000000
  31 -20.661133 40.047630 5.650904 0.736315 -0.676585 -0.008495 0.589371 0.129073 2 31 0.949460 30 0.050540
v_hands
  31 -21.759417 39.638893 5.588498 0.166601 -0.981104 0.098380 0.602955 0.168435 2 31 0.565311 30 0.434689
  30 -21.596693 39.589344 5.329750 0.210785 -0.884886 0.415387 0.614125 0.162395 2 30 0.634197 31 0.365803
  31 -21.403046 39.714729 5.541564 0.265180 -0.951425 0.156432 0.602035 0.155981 2 31 0.694750 30 0.305250
v_hands
  31 -21.759417 39.638893 5.588498 0.166601 -0.981104 0.098380 0.602955 0.168435 2 31 0.565311 30 0.434689
  30 -21.916906 39.609745 5.420628 0.116793 -0.878945 0.462402 0.610915 0.173564 2 30 0.663700 31 0.336300
  30 -21.596693 39.589344 5.329750 0.210785 -0.884886 0.415387 0.614125 0.162395 2 30 0.634197 31 0.365803
v_hands
  30 -21.596693 39.589344 5.329750 0.210785 -0.884886 0.415387 0.614125 0.162395 2 30 0.634197 31 0.365803
  30 -20.697643 39.576233 4.577423 0.636187 -0.737255 0.227424 0.636747 0.130198 3 30 0.521027 33 0.350526 31 0.128448
  30 -20.676838 39.818649 5.178490 0.659410 -0.701009 0.271596 0.609137 0.127691 2 30 0.652166 31 0.347834
v_hands
  30 -21.596693 39.589344 5.329750 0.210785 -0.884886 0.415387 0.614125 0.162395 2 30 0.634197 31 0.365803
  30 -21.854713 39.441105 5.209369 0.263222 -0.770969 0.579932 0.624129 0.170143 3 30 0.402711 33 0.400676 31 0.196613
  30 -20.697643 39.576233 4.577423 0.636187 -0.737255 0.227424 0.636747 0.130198 3 30 0.521027 33 0.350526 31 0.128448
v_hands
  33 -22.285276 39.286152 5.230299 0.413818 -0.480256 0.773375 0.626971 0.183326 2 33 0.799639 30 0.200362
  33 -22.274578 39.049213 5.116345 0.718346 -0.406294 0.564715 0.634880 0.188254 1 33 1.000000
  33 -22.161654 39.186974 5.106256 0.520538 -0.587382 0.619696 0.632837 0.181573 2 33 0.828654 30 0.171346
v_hands
  33 -22.285276 39.286152 5.230299 0.413818 -0.480256 0.773375 0.626971 0.183326 2 33 0.799639 30 0.200362
  33 -22.380157 39.129738 5.241366 0.617241 -0.318264 0.719528 0.628853 0.190511 1 33 1.000000
  33 -22.274578 39.049213 5.116345 0.718346 -0.406294 0.564715 0.634880 0.188254 1 33 1.000000
v_hands
  33 -22.162512 39.026272 4.817899 0.644425 -0.685401 0.339029 0.647566 0.182732 2 33 0.860207 30 0.139793
  33 -22.141340 38.777866 4.385540 0.858159 -0.478164 0.186871 0.668433 0.186149 1 33 1.000000
  33 -22.099627 38.836277 4.348707 0.691304 -0.709647 0.136011 0.669160 0.181577 2 33 0.943057 30 0.056943
v_hands
  33 -22.162512 39.026272 4.817899 0.644425 -0.685401 0.339029 0.647566 0.182732 2 33 0.860207 30 0.139793
  33 -22.222128 38.929695 4.842693 0.818395 -0.466069 0.336169 0.648002 0.187192 1 33 1.000000
  33 -22.141340 38.777866 4.385540 0.858159 -0.478164 0.186871 0.668433 0.186149 1 33 1.000000
v_hands
  29 -20.066713 41.126476 1.013972 0.997446 0.045525 0.055036 0.752511 0.021198 1 29 1.000000
  29 -20.149748 40.646477 0.131529 0.893582 0.023786 -0.448269 0.794997 0.021817 1 29 1.000000
  29 -20.212082 40.880589 0.161037 0.924606 -0.101454 -0.367167 0.792920 0.012804 2 29 0.926800 49 0.073200
v_hands
  29 -20.066713 41.126476 1.013972 0.997446 0.045525 0.055036 0.752511 0.021198 1 29 1.000000
  29 -20.004368 40.722897 1.151843 0.990021 -0.047160 0.132792 0.752582 0.032958 1 29 1.000000
  29 -20.149748 40.646477 0.131529 0.893582 0.023786 -0.448269 0.794997 0.021817 1 29 1.000000
v_hands
  29 -20.413979 40.605961 2.597234 0.948810 -0.300222 -0.098113 0.705342 0.069274 3 29 0.689094 30 0.243959 33 0.066946
  30 -20.307354 41.114674 3.141114 0.999888 0.007895 0.012738 0.675547 0.063292 3 30 0.473506 29 0.346175 33 0.180319
  29 -20.353474 40.582531 2.971689 0.949479 -0.272835 -0.155083 0.690594 0.076262 3 29 0.446575 30 0.284607 33 0.268817
v_hands
  29 -20.413979 40.605961 2.597234 0.948810 -0.300222 -0.098113 0.705342 0.069274 3 29 0.689094 30 0.243959 33 0.066946
  29 -20.303345 41.328438 2.793442 0.998574 0.022609 0.048361 0.685401 0.055017 2 29 0.688080 30 0.311920
  30 -20.307354 41.114674 3.141114 0.999888 0.007895 0.012738 0.675547 0.063292 3 30 0.473506 29 0.346175 33 0.180319
v_hands
  29 -20.175941 41.576359 1.811046 0.985138 -0.088628 0.147135 0.716697 0.028619 1 29 1.000000
  29 -20.303345 41.328438 2.793442 0.998574 0.022609 0.048361 0.685401 0.055017 2 29 0.688080 30 0.311920
  29 -20.413979 40.605961 2.597234 0.948810 -0.300222 -0.098113 0.705342 0.069274 3 29 0.689094 30 0.243959 33 0.066946
v_hands
  29 -20.175941 41.576359 1.811046 0.985138 -0.088628 0.147135 0.716697 0.028619 1 29 1.000000
  29 -20.294304 41.820518 2.153022 0.974788 0.071083 0.211505 0.700215 0.030232 2 29 0.915500 49 0.084500
  29 -20.303345 41.328438 2.793442 0.998574 0.022609 0.048361 0.685401 0.055017 2 29 0.688080 30 0.311920
v_hands
  29 -20.357904 39.393913 0.081270 0.832859 -0.335361 -0.440316 0.816094 0.066419 1 29 1.000000
  29 -20.740311 40.025188 -0.356577 0.359144 -0.041195 -0.932373 0.834785 0.041811 1 29 1.000000
  29 -20.161757 40.285702 0.097995 0.873863 -0.099921 -0.475792 0.800671 0.034766 1 29 1.000000
v_hands
  29 -20.357904 39.393913 0.081270 0.832859 -0.335361 -0.440316 0.816094 0.066419 1 29 1.000000
  29 -20.866436 39.537739 -0.383215 0.341172 -0.200380 -0.918395 0.843524 0.063541 1 29 1.000000
  29 -20.740311 40.025188 -0.356577 0.359144 -0.041195 -0.932373 0.834785 0.041811 1 29 1.000000
v_hands
  29 -20.161757 40.285702 0.097995 0.873863 -0.099921 -0.475792 0.800671 0.034766 1 29 1.000000
  29 -20.244038 39.397243 0.737065 0.922465 -0.368360 0.115621 0.787606 0.073983 1 29 1.000000
  29 -20.357904 39.393913 0.081270 0.832859 -0.335361 -0.440316 0.816094 0.066419 1 29 1.000000
v_hands
  29 -20.161757 40.285702 0.097995 0.873863 -0.099921 -0.475792 0.800671 0.034766 1 29 1.000000
  29 -20.076660 40.404091 0.601685 0.989079 -0.143550 -0.033395 0.778555 0.035419 1 29 1.000000
  29 -20.244038 39.397243 0.737065 0.922465 -0.368360 0.115621 0.787606 0.073983 1 29 1.000000
v_hands
  29 -20.463835 39.505917 1.400985 0.849477 -0.368004 0.378103 0.759744 0.084970 1 29 1.000000
  29 -20.278606 40.776878 1.732646 0.936605 -0.174972 0.303571 0.731135 0.046692 1 29 1.000000
  29 -20.811132 39.634907 2.128440 0.813010 -0.413296 0.410123 0.733823 0.101997 1 29 1.000000
v_hands
  29 -20.463835 39.505917 1.400985 0.849477 -0.368004 0.378103 0.759744 0.084970 1 29 1.000000
  29 -20.004368 40.722897 1.151843 0.990021 -0.047160 0.132792 0.752582 0.032958 1 29 1.000000
  29 -20.278606 40.776878 1.732646 0.936605 -0.174972 0.303571 0.731135 0.046692 1 29 1.000000
v_hands
  29 -22.586071 40.418415 1.350197 -0.909906 0.116636 -0.398080 0.695042 0.614343 1 29 1.000000
  29 -22.612583 41.155228 1.536588 -0.947068 0.189857 -0.258877 0.713772 0.591277 1 29 1.000000
  29 -22.456963 40.768677 1.001310 -0.902862 0.059893 -0.425737 0.687366 0.596049 1 29 1.000000
v_hands
  29 -22.586071 40.418415 1.350197 -0.909906 0.116636 -0.398080 0.695042 0.614343 1 29 1.000000
  29 -22.788099 40.766384 1.930547 -0.942410 0.205674 -0.263744 0.722864 0.612124 1 29 1.000000
  29 -22.612583 41.155228 1.536588 -0.947068 0.189857 -0.258877 0.713772 0.591277 1 29 1.000000
v_hands
  30 -20.699608 41.246822 5.188200 0.595012 0.727231 0.342192 0.588450 0.084634 2 30 0.690007 31 0.309993
  30 -20.233681 40.584362 4.086939 0.994745 -0.087560 0.053057 0.641170 0.089741 3 30 0.829390 29 0.092154 33 0.078456
  30 -20.480721 41.645432 4.046777 0.577691 0.769813 0.271404 0.634362 0.064128 2 30 0.904063 29 0.095937
v_hands
  30 -20.699608 41.246822 5.188200 0.595012 0.727231 0.342192 0.588450 0.084634 2 30 0.690007 31 0.309993
  30 -20.260645 40.626873 4.935573 0.977573 0.013881 0.210138 0.606799 0.097012 2 30 0.698823 31 0.301177
  30 -20.233681 40.584362 4.086939 0.994745 -0.087560 0.053057 0.641170 0.089741 3 30 0.829390 29 0.092154 33 0.078456
v_hands
  29 -20.663074 42.263718 2.761075 0.753719 0.497717 0.429168 0.801309 0.524737 2 29 0.912843 30 0.087157
  29 -20.357111 41.796211 3.178757 0.850894 0.467777 0.239090 0.825652 0.528896 2 29 0.703481 30 0.296519
  29 -20.412663 42.064678 2.495000 0.881442 0.390165 0.266142 0.804330 0.512443 3 29 0.844800 49 0.090000 30 0.065200
v_hands
  29 -20.663074 42.263718 2.761075 0.753719 0.497717 0.429168 0.801309 0.524737 2 29 0.912843 30 0.087157
  29 -20.673794 41.988056 3.309075 0.530469 0.731637 0.428146 0.818071 0.539698 2 29 0.773081 30 0.226920
  29 -20.357111 41.796211 3.178757 0.850894 0.467777 0.239090 0.825652 0.528896 2 29 0.703481 30 0.296519
v_hands
  30 -21.997446 41.530918 4.276258 -0.633095 0.666528 0.393613 0.816212 0.600608 3 30 0.784502 29 0.131614 31 0.083884
  30 -21.637314 41.567677 4.624431 -0.131276 0.938250 0.320083 0.832278 0.599730 2 30 0.758506 31 0.241494
  30 -21.597721 41.709236 4.231496 -0.172480 0.875436 0.451510 0.822166 0.588457 2 30 0.861929 29 0.138071
v_hands
  30 -21.997446 41.530918 4.276258 -0.633095 0.666528 0.393613 0.816212 0.600608 3 30 0.784502 29 0.131614 31 0.083884
  30 -21.992052 41.383133 4.761586 -0.718655 0.641723 0.267817 0.830682 0.612263 2 30 0.791487 31 0.208513
  30 -21.637314 41.567677 4.624431 -0.131276 0.938250 0.320083 0.832278 0.599730 2 30 0.758506 31 0.241494
v_hands
  30 -20.233681 40.584362 4.086939 0.994745 -0.087560 0.053057 0.641170 0.089741 3 30 0.829390 29 0.092154 33 0.078456
  33 -20.792641 39.518559 3.748257 0.711138 -0.702962 -0.011259 0.675438 0.123305 2 33 0.685138 30 0.314862
  30 -20.287764 40.578861 3.431181 0.982703 -0.179326 -0.046227 0.669269 0.081578 3 30 0.535665 29 0.317843 33 0.146492
v_hands
  30 -20.233681 40.584362 4.086939 0.994745 -0.087560 0.053057 0.641170 0.089741 3 30 0.829390 29 0.092154 33 0.078456
  30 -20.697643 39.576233 4.577423 0.636187 -0.737255 0.227424 0.636747 0.130198 3 30 0.521027 33 0.350526 31 0.128448
  33 -20.792641 39.518559 3.748257 0.711138 -0.702962 -0.011259 0.675438 0.123305 2 33 0.685138 30 0.314862
v_hands
  33 -23.060932 40.343864 3.937828 -0.679398 0.619765 0.392821 0.788038 0.655141 1 33 1.000000
  29 -22.143892 41.980289 3.402241 -0.672578 0.637237 0.376255 0.787031 0.577883 2 29 0.786144 30 0.213856
  29 -22.794342 41.160931 2.711288 -0.905935 0.423368 0.006480 0.756276 0.607939 1 29 1.000000
v_hands
  33 -23.060932 40.343864 3.937828 -0.679398 0.619765 0.392821 0.788038 0.655141 1 33 1.000000
  33 -22.789795 40.220924 4.463655 -0.629108 0.538369 0.560697 0.801384 0.661771 1 33 1.000000
  29 -22.143892 41.980289 3.402241 -0.672578 0.637237 0.376255 0.787031 0.577883 2 29 0.786144 30 0.213856
v_hands
  29 -22.143892 41.980289 3.402241 -0.672578 0.637237 0.376255 0.787031 0.577883 2 29 0.786144 30 0.213856
  29 -22.608715 41.526005 2.307137 -0.923001 0.384190 0.021625 0.746337 0.587654 1 29 1.000000
  29 -22.794342 41.160931 2.711288 -0.905935 0.423368 0.006480 0.756276 0.607939 1 29 1.000000
v_hands
  29 -22.143892 41.980289 3.402241 -0.672578 0.637237 0.376255 0.787031 0.577883 2 29 0.786144 30 0.213856
  29 -22.080328 42.277683 2.950598 -0.683941 0.648551 0.334075 0.775170 0.561659 1 29 1.000000
  29 -22.608715 41.526005 2.307137 -0.923001 0.384190 0.021625 0.746337 0.587654 1 29 1.000000
v_hands
  29 -22.456963 40.768677 1.001310 -0.902862 0.059893 -0.425737 0.687366 0.596049 1 29 1.000000
  29 -21.856682 40.493446 -0.125299 -0.683187 -0.026436 -0.729765 0.637684 0.583439 1 29 1.000000
  29 -21.815889 40.281940 -0.130905 -0.681493 0.049938 -0.730119 0.633607 0.590172 1 29 1.000000
v_hands
  29 -22.456963 40.768677 1.001310 -0.902862 0.059893 -0.425737 0.687366 0.596049 1 29 1.000000
  29 -22.352270 40.919312 0.907410 -0.877127 0.121404 -0.464660 0.685479 0.588166 1 29 1.000000
  29 -21.856682 40.493446 -0.125299 -0.683187 -0.026436 -0.729765 0.637684 0.583439 1 29 1.000000
v_hands
  29 -22.586071 40.418415 1.350197 -0.909906 0.116636 -0.398080 0.695042 0.614343 1 29 1.000000
  29 -21.815889 40.281940 -0.130905 -0.681493 0.049938 -0.730119 0.633607 0.590172 1 29 1.000000
  29 -21.860050 39.696339 -0.161313 -0.707732 0.101437 -0.699161 0.623470 0.610861 1 29 1.000000
v_hands
  29 -22.586071 40.418415 1.350197 -0.909906 0.116636 -0.398080 0.695042 0.614343 1 29 1.000000
  29 -22.456963 40.768677 1.001310 -0.902862 0.059893 -0.425737 0.687366 0.596049 1 29 1.000000
  29 -21.815889 40.281940 -0.130905 -0.681493 0.049938 -0.730119 0.633607 0.590172 1 29 1.000000
v_hands
  30 -21.997446 41.530918 4.276258 -0.633095 0.666528 0.393613 0.816212 0.600608 3 30 0.784502 29 0.131614 31 0.083884
  33 -22.594971 40.273861 4.651587 -0.653359 0.434640 0.619846 0.811309 0.659188 2 33 0.800006 30 0.199994
  33 -22.400143 40.326801 4.839517 -0.743871 0.330800 0.580712 0.821025 0.657019 2 33 0.517198 30 0.482802
v_hands
  30 -21.997446 41.530918 4.276258 -0.633095 0.666528 0.393613 0.816212 0.600608 3 30 0.784502 29 0.131614 31 0.083884
  29 -22.058809 41.651974 3.943862 -0.620310 0.615229 0.486527 0.804860 0.593376 2 29 0.547910 30 0.452090
  33 -22.594971 40.273861 4.651587 -0.653359 0.434640 0.619846 0.811309 0.659188 2 33 0.800006 30 0.199994
v_hands
  29 -21.331894 40.248131 -0.376405 -0.201832 0.044972 -0.978387 0.619462 0.581501 1 29 1.000000
  29 -21.856682 40.493446 -0.125299 -0.683187 -0.026436 -0.729765 0.637684 0.583439 1 29 1.000000
  29 -21.231440 40.542751 -0.354656 -0.145062 -0.087374 -0.985557 0.623955 0.570061 1 29 1.000000
v_hands
  29 -21.331894 40.248131 -0.376405 -0.201832 0.044972 -0.978387 0.619462 0.581501 1 29 1.000000
  29 -21.815889 40.281940 -0.130905 -0.681493 0.049938 -0.730119 0.633607 0.590172 1 29 1.000000
  29 -21.856682 40.493446 -0.125299 -0.683187 -0.026436 -0.729765 0.637684 0.583439 1 29 1.000000
v_hands
  29 -20.332996 40.708210 2.080018 0.939194 -0.302044 0.163353 0.720091 0.057051 2 29 0.913788 30 0.086212
  29 -20.811132 39.634907 2.128440 0.813010 -0.413296 0.410123 0.733823 0.101997 1 29 1.000000
  29 -20.278606 40.776878 1.732646 0.936605 -0.174972 0.303571 0.731135 0.046692 1 29 1.000000
v_hands
  29 -20.332996 40.708210 2.080018 0.939194 -0.302044 0.163353 0.720091 0.057051 2 29 0.913788 30 0.086212
  37 -20.998623 39.675907 2.521069 0.809669 -0.537912 0.234705 0.722010 0.110103 2 37 0.758506 29 0.241494
  29 -20.811132 39.634907 2.128440 0.813010 -0.413296 0.410123 0.733823 0.101997 1 29 1.000000
v_hands
  29 -20.463835 39.505917 1.400985 0.849477 -0.368004 0.378103 0.759744 0.084970 1 29 1.000000
  29 -20.076660 40.404091 0.601685 0.989079 -0.143550 -0.033395 0.778555 0.035419 1 29 1.000000
  29 -20.004368 40.722897 1.151843 0.990021 -0.047160 0.132792 0.752582 0.032958 1 29 1.000000
v_hands
  29 -20.463835 39.505917 1.400985 0.849477 -0.368004 0.378103 0.759744 0.084970 1 29 1.000000
  29 -20.244038 39.397243 0.737065 0.922465 -0.368360 0.115621 0.787606 0.073983 1 29 1.000000
  29 -20.076660 40.404091 0.601685 0.989079 -0.143550 -0.033395 0.778555 0.035419 1 29 1.000000
v_hands
  30 -21.997446 41.530918 4.276258 -0.633095 0.666528 0.393613 0.816212 0.600608 3 30 0.784502 29 0.131614 31 0.083884
  30 -21.786894 41.806953 4.001713 -0.349525 0.770107 0.533636 0.812155 0.585257 2 30 0.662251 29 0.337749
  29 -22.058809 41.651974 3.943862 -0.620310 0.615229 0.486527 0.804860 0.593376 2 29 0.547910 30 0.452090
v_hands
  30 -21.997446 41.530918 4.276258 -0.633095 0.666528 0.393613 0.816212 0.600608 3 30 0.784502 29 0.131614 31 0.083884
  30 -21.597721 41.709236 4.231496 -0.172480 0.875436 0.451510 0.822166 0.588457 2 30 0.861929 29 0.138071
  30 -21.786894 41.806953 4.001713 -0.349525 0.770107 0.533636 0.812155 0.585257 2 30 0.662251 29 0.337749
v_hands
  29 -22.788099 40.766384 1.930547 -0.942410 0.205674 -0.263744 0.722864 0.612124 1 29 1.000000
  29 -22.608715 41.526005 2.307137 -0.923001 0.384190 0.021625 0.746337 0.587654 1 29 1.000000
  29 -22.612583 41.155228 1.536588 -0.947068 0.189857 -0.258877 0.713772 0.591277 1 29 1.000000
v_hands
  29 -22.788099 40.766384 1.930547 -0.942410 0.205674 -0.263744 0.722864 0.612124 1 29 1.000000
  29 -22.794342 41.160931 2.711288 -0.905935 0.423368 0.006480 0.756276 0.607939 1 29 1.000000
  29 -22.608715 41.526005 2.307137 -0.923001 0.384190 0.021625 0.746337 0.587654 1 29 1.000000
v_hands
  29 -20.740311 40.025188 -0.356577 0.359144 -0.041195 -0.932373 0.600301 0.580572 1 29 1.000000
  29 -21.377317 39.561787 -0.371179 -0.175569 -0.052755 -0.983053 0.608923 0.606156 1 29 1.000000
  29 -21.331894 40.248131 -0.376405 -0.201832 0.044972 -0.978387 0.619462 0.581501 1 29 1.000000
v_hands
  29 -20.740311 40.025188 -0.356577 0.359144 -0.041195 -0.932373 0.600301 0.580572 1 29 1.000000
  29 -20.866436 39.537739 -0.383215 0.341172 -0.200380 -0.918395 0.594434 0.598091 1 29 1.000000
  29 -21.377317 39.561787 -0.371179 -0.175569 -0.052755 -0.983053 0.608923 0.606156 1 29 1.000000
v_hands
  29 -21.331894 40.248131 -0.376405 -0.201832 0.044972 -0.978387 0.619462 0.581501 1 29 1.000000
  29 -21.860050 39.696339 -0.161313 -0.707732 0.101437 -0.699161 0.623470 0.610861 1 29 1.000000
  29 -21.815889 40.281940 -0.130905 -0.681493 0.049938 -0.730119 0.633607 0.590172 1 29 1.000000
v_hands
  29 -21.331894 40.248131 -0.376405 -0.201832 0.044972 -0.978387 0.619462 0.581501 1 29 1.000000
  29 -21.377317 39.561787 -0.371179 -0.175569 -0.052755 -0.983053 0.608923 0.606156 1 29 1.000000
  29 -21.860050 39.696339 -0.161313 -0.707732 0.101437 -0.699161 0.623470 0.610861 1 29 1.000000
v_hands
  29 -22.143892 41.980289 3.402241 -0.672578 0.637237 0.376255 0.787031 0.577883 2 29 0.786144 30 0.213856
  29 -21.638372 42.247196 3.205856 -0.125827 0.837311 0.532050 0.790910 0.559332 2 29 0.882852 30 0.117148
  29 -22.080328 42.277683 2.950598 -0.683941 0.648551 0.334075 0.775170 0.561659 1 29 1.000000
v_hands
  29 -22.143892 41.980289 3.402241 -0.672578 0.637237 0.376255 0.787031 0.577883 2 29 0.786144 30 0.213856
  29 -21.855745 42.018299 3.738169 -0.224628 0.841764 0.490892 0.803406 0.576246 3 29 0.483435 30 0.407169 49 0.109396
  29 -21.638372 42.247196 3.205856 -0.125827 0.837311 0.532050 0.790910 0.559332 2 29 0.882852 30 0.117148
v_hands
  33 -22.789795 40.220924 4.463655 -0.629108 0.538369 0.560697 0.801384 0.661771 1 33 1.000000
  29 -22.058809 41.651974 3.943862 -0.620310 0.615229 0.486527 0.804860 0.593376 2 29 0.547910 30 0.452090
  29 -22.143892 41.980289 3.402241 -0.672578 0.637237 0.376255 0.787031 0.577883 2 29 0.786144 30 0.213856
v_hands
  33 -22.789795 40.220924 4.463655 -0.629108 0.538369 0.560697 0.801384 0.661771 1 33 1.000000
  33 -22.594971 40.273861 4.651587 -0.653359 0.434640 0.619846 0.811309 0.659188 2 33 0.800006 30 0.199994
  29 -22.058809 41.651974 3.943862 -0.620310 0.615229 0.486527 0.804860 0.593376 2 29 0.547910 30 0.452090
v_hands
  29 -22.530672 41.739506 2.171907 -0.939321 0.342708 -0.015092 0.744334 0.577453 1 29 1.000000
  29 -22.612583 41.155228 1.536588 -0.947068 0.189857 -0.258877 0.713772 0.591277 1 29 1.000000
  29 -22.608715 41.526005 2.307137 -0.923001 0.384190 0.021625 0.746337 0.587654 1 29 1.000000
v_hands
  29 -22.530672 41.739506 2.171907 -0.939321 0.342708 -0.015092 0.744334 0.577453 1 29 1.000000
  29 -22.547342 41.342278 1.384972 -0.921363 0.224103 -0.317598 0.710908 0.581982 1 29 1.000000
  29 -22.612583 41.155228 1.536588 -0.947068 0.189857 -0.258877 0.713772 0.591277 1 29 1.000000
v_hands
  29 -22.547342 41.342278 1.384972 -0.921363 0.224103 -0.317598 0.710908 0.581982 1 29 1.000000
  29 -22.456963 40.768677 1.001310 -0.902862 0.059893 -0.425737 0.687366 0.596049 1 29 1.000000
  29 -22.612583 41.155228 1.536588 -0.947068 0.189857 -0.258877 0.713772 0.591277 1 29 1.000000
v_hands
  29 -22.547342 41.342278 1.384972 -0.921363 0.224103 -0.317598 0.710908 0.581982 1 29 1.000000
  29 -22.352270 40.919312 0.907410 -0.877127 0.121404 -0.464660 0.685479 0.588166 1 29 1.000000
  29 -22.456963 40.768677 1.001310 -0.902862 0.059893 -0.425737 0.687366 0.596049 1 29 1.000000
v_hands
  29 -21.331894 40.248131 -0.376405 -0.201832 0.044972 -0.978387 0.619462 0.581501 1 29 1.000000
  29 -20.659792 40.411549 -0.365283 0.405885 -0.058409 -0.912056 0.603625 0.566321 1 29 1.000000
  29 -20.740311 40.025188 -0.356577 0.359144 -0.041195 -0.932373 0.600301 0.580572 1 29 1.000000
v_hands
  29 -21.331894 40.248131 -0.376405 -0.201832 0.044972 -0.978387 0.619462 0.581501 1 29 1.000000
  29 -21.231440 40.542751 -0.354656 -0.145062 -0.087374 -0.985557 0.623955 0.570061 1 29 1.000000
  29 -20.659792 40.411549 -0.365283 0.405885 -0.058409 -0.912056 0.603625 0.566321 1 29 1.000000
v_hands
  29 -20.161140 41.468445 1.647145 0.994483 -0.058007 0.087399 0.723724 0.026946 1 29 1.000000
  29 -20.278606 40.776878 1.732646 0.936605 -0.174972 0.303571 0.731135 0.046692 1 29 1.000000
  29 -20.133532 41.311272 1.377162 0.984454 0.034038 0.172310 0.734791 0.024371 2 29 0.915500 49 0.084500
v_hands
  29 -20.161140 41.468445 1.647145 0.994483 -0.058007 0.087399 0.723724 0.026946 1 29 1.000000
  29 -20.332996 40.708210 2.080018 0.939194 -0.302044 0.163353 0.720091 0.057051 2 29 0.913788 30 0.086212
  29 -20.278606 40.776878 1.732646 0.936605 -0.174972 0.303571 0.731135 0.046692 1 29 1.000000
v_hands
  33 -20.891912 39.498749 3.221005 0.674676 -0.710374 -0.200449 0.700134 0.120998 3 33 0.602285 29 0.228222 30 0.169493
  30 -20.287764 40.578861 3.431181 0.982703 -0.179326 -0.046227 0.669269 0.081578 3 30 0.535665 29 0.317843 33 0.146492
  33 -20.792641 39.518559 3.748257 0.711138 -0.702962 -0.011259 0.675438 0.123305 2 33 0.685138 30 0.314862
v_hands
  33 -20.891912 39.498749 3.221005 0.674676 -0.710374 -0.200449 0.700134 0.120998 3 33 0.602285 29 0.228222 30 0.169493
  29 -20.353474 40.582531 2.971689 0.949479 -0.272835 -0.155083 0.690594 0.076262 3 29 0.446575 30 0.284607 33 0.268817
  30 -20.287764 40.578861 3.431181 0.982703 -0.179326 -0.046227 0.669269 0.081578 3 30 0.535665 29 0.317843 33 0.146492
v_hands
  29 -20.659792 40.411549 -0.365283 0.405885 -0.058409 -0.912056 0.830198 0.028156 1 29 1.000000
  29 -20.161757 40.285702 0.097995 0.873863 -0.099921 -0.475792 0.800671 0.034766 1 29 1.000000
  29 -20.740311 40.025188 -0.356577 0.359144 -0.041195 -0.932373 0.834785 0.041811 1 29 1.000000
v_hands
  29 -20.659792 40.411549 -0.365283 0.405885 -0.058409 -0.912056 0.830198 0.028156 1 29 1.000000
  29 -20.149748 40.646477 0.131529 0.893582 0.023786 -0.448269 0.794997 0.021817 1 29 1.000000
  29 -20.161757 40.285702 0.097995 0.873863 -0.099921 -0.475792 0.800671 0.034766 1 29 1.000000
v_hands
  29 -20.149748 40.646477 0.131529 0.893582 0.023786 -0.448269 0.794997 0.021817 1 29 1.000000
  29 -20.076660 40.404091 0.601685 0.989079 -0.143550 -0.033395 0.778555 0.035419 1 29 1.000000
  29 -20.161757 40.285702 0.097995 0.873863 -0.099921 -0.475792 0.800671 0.034766 1 29 1.000000
v_hands
  29 -20.149748 40.646477 0.131529 0.893582 0.023786 -0.448269 0.794997 0.021817 1 29 1.000000
  29 -20.004368 40.722897 1.151843 0.990021 -0.047160 0.132792 0.752582 0.032958 1 29 1.000000
  29 -20.076660 40.404091 0.601685 0.989079 -0.143550 -0.033395 0.778555 0.035419 1 29 1.000000
v_hands
  29 -20.332996 40.708210 2.080018 0.939194 -0.302044 0.163353 0.720091 0.057051 2 29 0.913788 30 0.086212
  29 -20.175941 41.576359 1.811046 0.985138 -0.088628 0.147135 0.716697 0.028619 1 29 1.000000
  29 -20.369297 40.662369 2.311883 0.934097 -0.339004 0.111973 0.713463 0.062507 2 29 0.911071 30 0.088930
v_hands
  29 -20.332996 40.708210 2.080018 0.939194 -0.302044 0.163353 0.720091 0.057051 2 29 0.913788 30 0.086212
  29 -20.161140 41.468445 1.647145 0.994483 -0.058007 0.087399 0.723724 0.026946 1 29 1.000000
  29 -20.175941 41.576359 1.811046 0.985138 -0.088628 0.147135 0.716697 0.028619 1 29 1.000000
v_hands
  29 -20.369297 40.662369 2.311883 0.934097 -0.339004 0.111973 0.713463 0.062507 2 29 0.911071 30 0.088930
  29 -20.413979 40.605961 2.597234 0.948810 -0.300222 -0.098113 0.705342 0.069274 3 29 0.689094 30 0.243959 33 0.066946
  29 -20.390144 40.636047 2.445032 0.898614 -0.438735 -0.001936 0.710318 0.065634 2 29 0.866820 30 0.133180
v_hands
  29 -20.369297 40.662369 2.311883 0.934097 -0.339004 0.111973 0.713463 0.062507 2 29 0.911071 30 0.088930
  29 -20.175941 41.576359 1.811046 0.985138 -0.088628 0.147135 0.716697 0.028619 1 29 1.000000
  29 -20.413979 40.605961 2.597234 0.948810 -0.300222 -0.098113 0.705342 0.069274 3 29 0.689094 30 0.243959 33 0.066946
v_hands
  30 -20.287764 40.578861 3.431181 0.982703 -0.179326 -0.046227 0.669269 0.081578 3 30 0.535665 29 0.317843 33 0.146492
  30 -20.307354 41.114674 3.141114 0.999888 0.007895 0.012738 0.675547 0.063292 3 30 0.473506 29 0.346175 33 0.180319
  30 -20.424841 41.690659 3.594699 0.864845 0.464964 0.189347 0.650567 0.057204 3 30 0.696090 29 0.237452 49 0.066458
v_hands
  30 -20.287764 40.578861 3.431181 0.982703 -0.179326 -0.046227 0.669269 0.081578 3 30 0.535665 29 0.317843 33 0.146492
  29 -20.353474 40.582531 2.971689 0.949479 -0.272835 -0.155083 0.690594 0.076262 3 29 0.446575 30 0.284607 33 0.268817
  30 -20.307354 41.114674 3.141114 0.999888 0.007895 0.012738 0.675547 0.063292 3 30 0.473506 29 0.346175 33 0.180319
v_hands
  30 -20.307354 41.114674 3.141114 0.999888 0.007895 0.012738 0.675547 0.063292 3 30 0.473506 29 0.346175 33 0.180319
  29 -20.357111 41.796211 3.178757 0.850894 0.467777 0.239090 0.665126 0.049495 2 29 0.703481 30 0.296519
  30 -20.424841 41.690659 3.594699 0.864845 0.464964 0.189347 0.650567 0.057204 3 30 0.696090 29 0.237452 49 0.066458
v_hands
  30 -20.307354 41.114674 3.141114 0.999888 0.007895 0.012738 0.675547 0.063292 3 30 0.473506 29 0.346175 33 0.180319
  29 -20.303345 41.328438 2.793442 0.998574 0.022609 0.048361 0.685401 0.055017 2 29 0.688080 30 0.311920
  29 -20.357111 41.796211 3.178757 0.850894 0.467777 0.239090 0.665126 0.049495 2 29 0.703481 30 0.296519
v_hands
  49 -19.464157 42.869404 -0.534608 0.789930 -0.494505 -0.362595 0.441640 0.835542 2 49 0.914900 29 0.085100
  49 -20.238514 41.840000 -0.767575 0.493097 -0.405749 -0.769560 0.477698 0.876412 2 49 0.621700 29 0.378300
  49 -19.988697 42.875183 -1.060283 0.374875 -0.451988 -0.809429 0.464211 0.835910 2 49 0.922800 29 0.077200
v_hands
  49 -19.464157 42.869404 -0.534608 0.789930 -0.494505 -0.362595 0.441640 0.835542 2 49 0.914900 29 0.085100
  49 -19.838121 41.874996 -0.186786 0.876533 -0.401064 -0.266152 0.450691 0.880870 2 49 0.596300 29 0.403700
  49 -20.238514 41.840000 -0.767575 0.493097 -0.405749 -0.769560 0.477698 0.876412 2 49 0.621700 29 0.378300
v_hands
  49 -19.353867 43.068821 0.163831 0.913060 -0.390434 0.117826 0.412033 0.839992 2 49 0.935500 29 0.064500
  49 -19.838121 41.874996 -0.186786 0.876533 -0.401064 -0.266152 0.450691 0.880870 2 49 0.596300 29 0.403700
  49 -19.464157 42.869404 -0.534608 0.789930 -0.494505 -0.362595 0.441640 0.835542 2 49 0.914900 29 0.085100
v_hands
  49 -19.353867 43.068821 0.163831 0.913060 -0.390434 0.117826 0.412033 0.839992 2 49 0.935500 29 0.064500
  49 -19.806625 42.149441 0.582776 0.950467 -0.277565 0.139894 0.414431 0.884449 2 49 0.650200 29 0.349800
  49 -19.838121 41.874996 -0.186786 0.876533 -0.401064 -0.266152 0.450691 0.880870 2 49 0.596300 29 0.403700
v_hands
  49 -20.524357 42.905209 -1.205170 -0.205509 -0.273544 -0.939648 0.136113 0.842026 2 49 0.901400 29 0.098600
  49 -21.427029 42.157761 -0.652585 -0.713926 0.105342 -0.692252 0.161815 0.898398 2 49 0.689500 29 0.310500
  49 -21.114576 43.202766 -0.855553 -0.798458 0.046896 -0.600221 0.161338 0.846899 1 49 1.000000
v_hands
  49 -20.524357 42.905209 -1.205170 -0.205509 -0.273544 -0.939648 0.136113 0.842026 2 49 0.901400 29 0.098600
  49 -20.809355 41.940140 -0.888850 -0.102833 -0.222534 -0.969486 0.134273 0.894064 2 49 0.639700 29 0.360300
  49 -21.427029 42.157761 -0.652585 -0.713926 0.105342 -0.692252 0.161815 0.898398 2 49 0.689500 29 0.310500
v_hands
  29 -20.412663 42.064678 2.495000 0.881442 0.390165 0.266142 0.352151 0.926443 3 29 0.844800 49 0.090000 30 0.065200
  29 -20.652409 42.382423 2.668763 0.861415 0.215479 0.459927 0.343326 0.921001 3 29 0.812100 49 0.133000 30 0.054900
  29 -20.663074 42.263718 2.761075 0.753719 0.497717 0.429168 0.344147 0.928749 2 29 0.912843 30 0.087157
v_hands
  29 -20.412663 42.064678 2.495000 0.881442 0.390165 0.266142 0.352151 0.926443 3 29 0.844800 49 0.090000 30 0.065200
  29 -20.443295 42.220131 2.308219 0.865450 0.207609 0.455954 0.352568 0.915903 2 29 0.798500 49 0.201500
  29 -20.652409 42.382423 2.668763 0.861415 0.215479 0.459927 0.343326 0.921001 3 29 0.812100 49 0.133000 30 0.054900
v_hands
  29 -21.792843 42.888214 2.446762 -0.626721 0.568295 0.533162 0.285446 0.915925 2 29 0.524500 49 0.475500
  29 -22.264029 42.466202 1.880727 -0.909554 0.409176 0.072706 0.259276 0.927375 2 29 0.807900 49 0.192100
  29 -21.894514 42.612022 2.636326 -0.630464 0.608458 0.481968 0.286500 0.926407 2 29 0.794200 49 0.205800
v_hands
  29 -21.792843 42.888214 2.446762 -0.626721 0.568295 0.533162 0.285446 0.915925 2 29 0.524500 49 0.475500
  49 -22.145473 42.792099 1.768045 -0.896059 0.434008 0.093355 0.258624 0.914863 2 49 0.607200 29 0.392800
  29 -22.264029 42.466202 1.880727 -0.909554 0.409176 0.072706 0.259276 0.927375 2 29 0.807900 49 0.192100
v_hands
  49 -20.524357 42.905209 -1.205170 -0.205509 -0.273544 -0.939648 0.136113 0.842026 2 49 0.901400 29 0.098600
  49 -20.238514 41.840000 -0.767575 0.493097 -0.405749 -0.769560 0.111204 0.891453 2 49 0.621700 29 0.378300
  49 -20.809355 41.940140 -0.888850 -0.102833 -0.222534 -0.969486 0.134273 0.894064 2 49 0.639700 29 0.360300
v_hands
  49 -20.524357 42.905209 -1.205170 -0.205509 -0.273544 -0.939648 0.136113 0.842026 2 49 0.901400 29 0.098600
  49 -19.988697 42.875183 -1.060283 0.374875 -0.451988 -0.809429 0.114015 0.840699 2 49 0.922800 29 0.077200
  49 -20.238514 41.840000 -0.767575 0.493097 -0.405749 -0.769560 0.111204 0.891453 2 49 0.621700 29 0.378300
v_hands
  49 -19.531507 43.335247 0.849290 0.896652 -0.271480 0.349732 0.382215 0.847183 1 49 1.000000
  49 -19.806625 42.149441 0.582776 0.950467 -0.277565 0.139894 0.414431 0.884449 2 49 0.650200 29 0.349800
  49 -19.353867 43.068821 0.163831 0.913060 -0.390434 0.117826 0.412033 0.839992 2 49 0.935500 29 0.064500
v_hands
  49 -19.531507 43.335247 0.849290 0.896652 -0.271480 0.349732 0.382215 0.847183 1 49 1.000000
  49 -19.922865 42.479069 1.329002 0.940627 -0.169806 0.293915 0.379590 0.888866 2 49 0.656300 29 0.343700
  49 -19.806625 42.149441 0.582776 0.950467 -0.277565 0.139894 0.414431 0.884449 2 49 0.650200 29 0.349800
v_hands
  29 -21.379539 42.815720 2.760530 -0.140256 0.578111 0.803813 0.310603 0.916400 2 29 0.588800 49 0.411200
  29 -21.894514 42.612022 2.636326 -0.630464 0.608458 0.481968 0.286500 0.926407 2 29 0.794200 49 0.205800
  29 -21.483742 42.568066 2.945093 -0.130331 0.683532 0.718191 0.311161 0.926282 2 29 0.813314 49 0.186686
v_hands
  29 -21.379539 42.815720 2.760530 -0.140256 0.578111 0.803813 0.310603 0.916400 2 29 0.588800 49 0.411200
  29 -21.792843 42.888214 2.446762 -0.626721 0.568295 0.533162 0.285446 0.915925 2 29 0.524500 49 0.475500
  29 -21.894514 42.612022 2.636326 -0.630464 0.608458 0.481968 0.286500 0.926407 2 29 0.794200 49 0.205800
v_hands
  29 -20.812807 42.382744 2.920174 0.453944 0.569842 0.684992 0.337366 0.926728 2 29 0.927300 49 0.072700
  29 -21.379539 42.815720 2.760530 -0.140256 0.578111 0.803813 0.310603 0.916400 2 29 0.588800 49 0.411200
  29 -21.483742 42.568066 2.945093 -0.130331 0.683532 0.718191 0.311161 0.926282 2 29 0.813314 49 0.186686
v_hands
  29 -20.812807 42.382744 2.920174 0.453944 0.569842 0.684992 0.337366 0.926728 2 29 0.927300 49 0.072700
  29 -20.695215 42.739990 2.696145 0.639471 0.269100 0.720182 0.337964 0.911127 2 29 0.587500 49 0.412500
  29 -21.379539 42.815720 2.760530 -0.140256 0.578111 0.803813 0.310603 0.916400 2 29 0.588800 49 0.411200
v_hands
  29 -20.294304 41.820518 2.153022 0.974788 0.071083 0.211505 0.368353 0.928387 2 29 0.915500 49 0.084500
  29 -20.443295 42.220131 2.308219 0.865450 0.207609 0.455954 0.352568 0.915903 2 29 0.798500 49 0.201500
  29 -20.412663 42.064678 2.495000 0.881442 0.390165 0.266142 0.352151 0.926443 3 29 0.844800 49 0.090000 30 0.065200
v_hands
  29 -20.294304 41.820518 2.153022 0.974788 0.071083 0.211505 0.368353 0.928387 2 29 0.915500 49 0.084500
  29 -20.232473 41.979538 2.037977 0.901282 0.007495 0.433168 0.368621 0.918249 2 29 0.776600 49 0.223400
  29 -20.443295 42.220131 2.308219 0.865450 0.207609 0.455954 0.352568 0.915903 2 29 0.798500 49 0.201500
v_hands
  29 -20.004368 40.722897 1.151843 0.990021 -0.047160 0.132792 0.752582 0.032958 1 29 1.000000
  29 -20.133532 41.311272 1.377162 0.984454 0.034038 0.172310 0.734791 0.024371 2 29 0.915500 49 0.084500
  29 -20.278606 40.776878 1.732646 0.936605 -0.174972 0.303571 0.731135 0.046692 1 29 1.000000
v_hands
  29 -20.004368 40.722897 1.151843 0.990021 -0.047160 0.132792 0.752582 0.032958 1 29 1.000000
  29 -20.066713 41.126476 1.013972 0.997446 0.045525 0.055036 0.752511 0.021198 1 29 1.000000
  29 -20.133532 41.311272 1.377162 0.984454 0.034038 0.172310 0.734791 0.024371 2 29 0.915500 49 0.084500
v_hands
  29 -20.066713 41.126476 1.013972 0.997446 0.045525 0.055036 0.418733 0.924309 1 29 1.000000
  29 -20.139799 41.396999 1.288166 0.984703 -0.046804 0.167836 0.404762 0.920626 2 29 0.873200 49 0.126800
  29 -20.133532 41.311272 1.377162 0.984454 0.034038 0.172310 0.403303 0.925787 2 29 0.915500 49 0.084500
v_hands
  29 -20.066713 41.126476 1.013972 0.997446 0.045525 0.055036 0.418733 0.924309 1 29 1.000000
  29 -20.057426 41.359543 0.923242 0.960006 -0.245933 0.133812 0.418002 0.915465 2 29 0.895100 49 0.104900
  29 -20.139799 41.396999 1.288166 0.984703 -0.046804 0.167836 0.404762 0.920626 2 29 0.873200 49 0.126800
v_hands
  29 -21.038280 42.098557 3.437561 0.290879 0.793168 0.535046 0.809340 0.555266 2 29 0.683903 30 0.316097
  29 -21.483742 42.568066 2.945093 -0.130331 0.683532 0.718191 0.786614 0.543675 2 29 0.813314 49 0.186686
  29 -21.638372 42.247196 3.205856 -0.125827 0.837311 0.532050 0.790910 0.559332 2 29 0.882852 30 0.117148
v_hands
  29 -21.038280 42.098557 3.437561 0.290879 0.793168 0.535046 0.809340 0.555266 2 29 0.683903 30 0.316097
  29 -20.812807 42.382744 2.920174 0.453944 0.569842 0.684992 0.797972 0.535936 2 29 0.927300 49 0.072700
  29 -21.483742 42.568066 2.945093 -0.130331 0.683532 0.718191 0.786614 0.543675 2 29 0.813314 49 0.186686
v_hands
  49 -21.882406 43.310875 1.625820 -0.869946 0.484022 0.094428 0.259478 0.890869 2 49 0.817700 29 0.182300
  49 -21.181192 44.127430 1.745070 -0.544183 0.569454 0.616106 0.283899 0.855370 1 49 1.000000
  49 -21.482744 44.074417 1.173909 -0.877650 0.448248 0.169719 0.256425 0.853119 1 49 1.000000
v_hands
  49 -21.882406 43.310875 1.625820 -0.869946 0.484022 0.094428 0.259478 0.890869 2 49 0.817700 29 0.182300
  49 -21.573830 43.383141 2.189787 -0.591515 0.594040 0.545185 0.283487 0.894337 2 49 0.789500 29 0.210500
  49 -21.181192 44.127430 1.745070 -0.544183 0.569454 0.616106 0.283899 0.855370 1 49 1.000000
v_hands
  49 -19.676548 43.502998 1.241690 0.832708 -0.128203 0.538666 0.369013 0.849061 2 49 0.936400 29 0.063600
  49 -18.599575 46.208210 0.433858 0.732808 -0.138860 0.666116 0.356564 0.730172 1 49 1.000000
  49 -19.991764 43.763447 1.593068 0.785970 -0.055518 0.615767 0.347640 0.852099 2 49 0.934000 29 0.066000
v_hands
  49 -19.676548 43.502998 1.241690 0.832708 -0.128203 0.538666 0.369013 0.849061 2 49 0.936400 29 0.063600
  49 -18.247101 45.916534 -0.138255 0.801983 -0.232333 0.550313 0.379511 0.725443 1 49 1.000000
  49 -18.599575 46.208210 0.433858 0.732808 -0.138860 0.666116 0.356564 0.730172 1 49 1.000000
v_hands
  49 -18.963438 46.352108 0.848757 0.366654 0.174495 0.913847 0.338443 0.736692 1 49 1.000000
  49 -19.991764 43.763447 1.593068 0.785970 -0.055518 0.615767 0.347640 0.852099 2 49 0.934000 29 0.066000
  49 -18.599575 46.208210 0.433858 0.732808 -0.138860 0.666116 0.356564 0.730172 1 49 1.000000
v_hands
  49 -18.963438 46.352108 0.848757 0.366654 0.174495 0.913847 0.338443 0.736692 1 49 1.000000
  49 -20.233650 43.976109 1.970271 0.489238 0.221438 0.843571 0.335781 0.852277 2 49 0.932200 29 0.067800
  49 -19.991764 43.763447 1.593068 0.785970 -0.055518 0.615767 0.347640 0.852099 2 49 0.934000 29 0.066000
v_hands
  29 -21.964394 41.703194 0.440640 -0.919245 0.153888 -0.362364 0.678073 0.549638 2 29 0.653700 49 0.346300
  29 -22.435871 41.635399 1.228571 -0.916561 0.201824 -0.345229 0.709119 0.568272 2 29 0.872700 49 0.127300
  29 -22.244703 42.125889 0.995688 -0.919412 0.199173 -0.339133 0.707071 0.545615 2 29 0.684400 49 0.315600
v_hands
  29 -21.964394 41.703194 0.440640 -0.919245 0.153888 -0.362364 0.678073 0.549638 2 29 0.653700 49 0.346300
  29 -22.087360 41.218399 0.704128 -0.903150 0.107018 -0.415772 0.680545 0.571501 1 29 1.000000
  29 -22.435871 41.635399 1.228571 -0.916561 0.201824 -0.345229 0.709119 0.568272 2 29 0.872700 49 0.127300
v_hands
  29 -22.264029 42.466202 1.880727 -0.909554 0.409176 0.072706 0.743331 0.544775 2 29 0.807900 49 0.192100
  29 -22.435871 41.635399 1.228571 -0.916561 0.201824 -0.345229 0.709119 0.568272 2 29 0.872700 49 0.127300
  29 -22.418535 42.014015 2.059049 -0.917293 0.395594 0.045587 0.743735 0.564913 2 29 0.909300 49 0.090700
v_hands
  29 -22.264029 42.466202 1.880727 -0.909554 0.409176 0.072706 0.743331 0.544775 2 29 0.807900 49 0.192100
  29 -22.244703 42.125889 0.995688 -0.919412 0.199173 -0.339133 0.707071 0.545615 2 29 0.684400 49 0.315600
  29 -22.435871 41.635399 1.228571 -0.916561 0.201824 -0.345229 0.709119 0.568272 2 29 0.872700 49 0.127300
v_hands
  29 -20.960169 41.355057 -0.754805 -0.062079 -0.365468 -0.928751 0.130948 0.912004 2 29 0.585300 49 0.414700
  29 -21.404707 41.295666 -0.555196 -0.373499 -0.348821 -0.859548 0.145486 0.923625 2 29 0.685800 49 0.314200
  29 -21.371998 41.536034 -0.664521 -0.488100 -0.167166 -0.856629 0.148152 0.912843 2 29 0.534700 49 0.465300
v_hands
  29 -20.960169 41.355057 -0.754805 -0.062079 -0.365468 -0.928751 0.130948 0.912004 2 29 0.585300 49 0.414700
  29 -21.017698 41.173862 -0.615027 -0.058568 -0.492064 -0.868586 0.130661 0.921698 2 29 0.713000 49 0.287000
  29 -21.404707 41.295666 -0.555196 -0.373499 -0.348821 -0.859548 0.145486 0.923625 2 29 0.685800 49 0.314200
v_hands
  49 -21.762800 41.794827 -0.313161 -0.861438 0.242016 -0.446490 0.170782 0.913183 2 49 0.596700 29 0.403300
  29 -21.371998 41.536034 -0.664521 -0.488100 -0.167166 -0.856629 0.148152 0.912843 2 29 0.534700 49 0.465300
  29 -21.887764 41.499008 -0.241999 -0.831075 0.041173 -0.554634 0.169143 0.926417 2 29 0.633800 49 0.366200
v_hands
  49 -21.762800 41.794827 -0.313161 -0.861438 0.242016 -0.446490 0.170782 0.913183 2 49 0.596700 29 0.403300
  49 -21.427029 42.157761 -0.652585 -0.713926 0.105342 -0.692252 0.161815 0.898398 2 49 0.689500 29 0.310500
  29 -21.371998 41.536034 -0.664521 -0.488100 -0.167166 -0.856629 0.148152 0.912843 2 29 0.534700 49 0.465300
v_hands
  49 -21.164040 43.395802 2.387059 -0.140854 0.559164 0.817004 0.309056 0.892721 2 49 0.795100 29 0.204900
  29 -20.695215 42.739990 2.696145 0.639471 0.269100 0.720182 0.337964 0.911127 2 29 0.587500 49 0.412500
  49 -20.533264 43.209843 2.422531 0.548085 0.265226 0.793258 0.337182 0.891304 2 49 0.754300 29 0.245700
v_hands
  49 -21.164040 43.395802 2.387059 -0.140854 0.559164 0.817004 0.309056 0.892721 2 49 0.795100 29 0.204900
  29 -21.379539 42.815720 2.760530 -0.140256 0.578111 0.803813 0.310603 0.916400 2 29 0.588800 49 0.411200
  29 -20.695215 42.739990 2.696145 0.639471 0.269100 0.720182 0.337964 0.911127 2 29 0.587500 49 0.412500
v_hands
  29 -21.792843 42.888214 2.446762 -0.626721 0.568295 0.533162 0.285446 0.915925 2 29 0.524500 49 0.475500
  49 -21.164040 43.395802 2.387059 -0.140854 0.559164 0.817004 0.309056 0.892721 2 49 0.795100 29 0.204900
  49 -21.573830 43.383141 2.189787 -0.591515 0.594040 0.545185 0.283487 0.894337 2 49 0.789500 29 0.210500
v_hands
  29 -21.792843 42.888214 2.446762 -0.626721 0.568295 0.533162 0.285446 0.915925 2 29 0.524500 49 0.475500
  29 -21.379539 42.815720 2.760530 -0.140256 0.578111 0.803813 0.310603 0.916400 2 29 0.588800 49 0.411200
  49 -21.164040 43.395802 2.387059 -0.140854 0.559164 0.817004 0.309056 0.892721 2 49 0.795100 29 0.204900
v_hands
  49 -22.145473 42.792099 1.768045 -0.896059 0.434008 0.093355 0.258624 0.914863 2 49 0.607200 29 0.392800
  49 -21.573830 43.383141 2.189787 -0.591515 0.594040 0.545185 0.283487 0.894337 2 49 0.789500 29 0.210500
  49 -21.882406 43.310875 1.625820 -0.869946 0.484022 0.094428 0.259478 0.890869 2 49 0.817700 29 0.182300
v_hands
  49 -22.145473 42.792099 1.768045 -0.896059 0.434008 0.093355 0.258624 0.914863 2 49 0.607200 29 0.392800
  29 -21.792843 42.888214 2.446762 -0.626721 0.568295 0.533162 0.285446 0.915925 2 29 0.524500 49 0.475500
  49 -21.573830 43.383141 2.189787 -0.591515 0.594040 0.545185 0.283487 0.894337 2 49 0.789500 29 0.210500
v_hands
  49 -22.104879 42.424515 0.861772 -0.904448 0.248264 -0.346900 0.222389 0.914513 2 49 0.649600 29 0.350400
  49 -21.882406 43.310875 1.625820 -0.869946 0.484022 0.094428 0.259478 0.890869 2 49 0.817700 29 0.182300
  49 -21.865221 42.977409 0.623204 -0.892238 0.283599 -0.351401 0.220626 0.890345 2 49 0.881700 29 0.118300
v_hands
  49 -22.104879 42.424515 0.861772 -0.904448 0.248264 -0.346900 0.222389 0.914513 2 49 0.649600 29 0.350400
  49 -22.145473 42.792099 1.768045 -0.896059 0.434008 0.093355 0.258624 0.914863 2 49 0.607200 29 0.392800
  49 -21.882406 43.310875 1.625820 -0.869946 0.484022 0.094428 0.259478 0.890869 2 49 0.817700 29 0.182300
v_hands
  49 -21.725462 42.192619 0.183139 -0.884328 0.245143 -0.397327 0.196314 0.905385 2 49 0.682500 29 0.317500
  49 -21.865221 42.977409 0.623204 -0.892238 0.283599 -0.351401 0.220626 0.890345 2 49 0.881700 29 0.118300
  49 -21.502728 42.667629 -0.079728 -0.875135 0.247656 -0.415697 0.193213 0.888211 2 49 0.829300 29 0.170700
v_hands
  49 -21.725462 42.192619 0.183139 -0.884328 0.245143 -0.397327 0.196314 0.905385 2 49 0.682500 29 0.317500
  49 -22.104879 42.424515 0.861772 -0.904448 0.248264 -0.346900 0.222389 0.914513 2 49 0.649600 29 0.350400
  49 -21.865221 42.977409 0.623204 -0.892238 0.283599 -0.351401 0.220626 0.890345 2 49 0.881700 29 0.118300
v_hands
  29 -21.964394 41.703194 0.440640 -0.919245 0.153888 -0.362364 0.199078 0.930845 2 29 0.653700 49 0.346300
  49 -21.762800 41.794827 -0.313161 -0.861438 0.242016 -0.446490 0.170782 0.913183 2 49 0.596700 29 0.403300
  29 -21.887764 41.499008 -0.241999 -0.831075 0.041173 -0.554634 0.169143 0.926417 2 29 0.633800 49 0.366200
v_hands
  29 -21.964394 41.703194 0.440640 -0.919245 0.153888 -0.362364 0.199078 0.930845 2 29 0.653700 49 0.346300
  49 -21.725462 42.192619 0.183139 -0.884328 0.245143 -0.397327 0.196314 0.905385 2 49 0.682500 29 0.317500
  49 -21.762800 41.794827 -0.313161 -0.861438 0.242016 -0.446490 0.170782 0.913183 2 49 0.596700 29 0.403300
v_hands
  49 -21.427029 42.157761 -0.652585 -0.713926 0.105342 -0.692252 0.161815 0.898398 2 49 0.689500 29 0.310500
  49 -21.725462 42.192619 0.183139 -0.884328 0.245143 -0.397327 0.196314 0.905385 2 49 0.682500 29 0.317500
  49 -21.502728 42.667629 -0.079728 -0.875135 0.247656 -0.415697 0.193213 0.888211 2 49 0.829300 29 0.170700
v_hands
  49 -21.427029 42.157761 -0.652585 -0.713926 0.105342 -0.692252 0.161815 0.898398 2 49 0.689500 29 0.310500
  49 -21.762800 41.794827 -0.313161 -0.861438 0.242016 -0.446490 0.170782 0.913183 2 49 0.596700 29 0.403300
  49 -21.725462 42.192619 0.183139 -0.884328 0.245143 -0.397327 0.196314 0.905385 2 49 0.682500 29 0.317500
v_hands
  49 -21.502728 42.667629 -0.079728 -0.875135 0.247656 -0.415697 0.193213 0.888211 2 49 0.829300 29 0.170700
  49 -21.427856 43.817787 0.249762 -0.926144 0.241177 -0.289984 0.218453 0.849102 1 49 1.000000
  49 -21.140772 43.402477 -0.294719 -0.916911 0.185904 -0.353148 0.193395 0.849253 1 49 1.000000
v_hands
  49 -21.502728 42.667629 -0.079728 -0.875135 0.247656 -0.415697 0.193213 0.888211 2 49 0.829300 29 0.170700
  49 -21.865221 42.977409 0.623204 -0.892238 0.283599 -0.351401 0.220626 0.890345 2 49 0.881700 29 0.118300
  49 -21.427856 43.817787 0.249762 -0.926144 0.241177 -0.289984 0.218453 0.849102 1 49 1.000000
v_hands
  49 -21.114576 43.202766 -0.855553 -0.798458 0.046896 -0.600221 0.161338 0.846899 1 49 1.000000
  49 -21.502728 42.667629 -0.079728 -0.875135 0.247656 -0.415697 0.193213 0.888211 2 49 0.829300 29 0.170700
  49 -21.140772 43.402477 -0.294719 -0.916911 0.185904 -0.353148 0.193395 0.849253 1 49 1.000000
v_hands
  49 -21.114576 43.202766 -0.855553 -0.798458 0.046896 -0.600221 0.161338 0.846899 1 49 1.000000
  49 -21.427029 42.157761 -0.652585 -0.713926 0.105342 -0.692252 0.161815 0.898398 2 49 0.689500 29 0.310500
  49 -21.502728 42.667629 -0.079728 -0.875135 0.247656 -0.415697 0.193213 0.888211 2 49 0.829300 29 0.170700
v_hands
  49 -21.865221 42.977409 0.623204 -0.892238 0.283599 -0.351401 0.220626 0.890345 2 49 0.881700 29 0.118300
  49 -21.482744 44.074417 1.173909 -0.877650 0.448248 0.169719 0.256425 0.853119 1 49 1.000000
  49 -21.427856 43.817787 0.249762 -0.926144 0.241177 -0.289984 0.218453 0.849102 1 49 1.000000
v_hands
  49 -21.865221 42.977409 0.623204 -0.892238 0.283599 -0.351401 0.220626 0.890345 2 49 0.881700 29 0.118300
  49 -21.882406 43.310875 1.625820 -0.869946 0.484022 0.094428 0.259478 0.890869 2 49 0.817700 29 0.182300
  49 -21.482744 44.074417 1.173909 -0.877650 0.448248 0.169719 0.256425 0.853119 1 49 1.000000
v_hands
  49 -20.254333 42.907398 1.947444 0.806238 0.031559 0.590749 0.351452 0.888461 2 49 0.730600 29 0.269400
  49 -19.676548 43.502998 1.241690 0.832708 -0.128203 0.538666 0.369013 0.849061 2 49 0.936400 29 0.063600
  49 -19.991764 43.763447 1.593068 0.785970 -0.055518 0.615767 0.347640 0.852099 2 49 0.934000 29 0.066000
v_hands
  49 -20.254333 42.907398 1.947444 0.806238 0.031559 0.590749 0.351452 0.888461 2 49 0.730600 29 0.269400
  49 -20.019794 42.668175 1.700885 0.861084 -0.022558 0.507962 0.366136 0.889207 2 49 0.670000 29 0.330000
  49 -19.676548 43.502998 1.241690 0.832708 -0.128203 0.538666 0.369013 0.849061 2 49 0.936400 29 0.063600
v_hands
  49 -20.808064 44.063118 1.984342 -0.143730 0.527271 0.837452 0.305857 0.855413 1 49 1.000000
  49 -20.533264 43.209843 2.422531 0.548085 0.265226 0.793258 0.337182 0.891304 2 49 0.754300 29 0.245700
  49 -20.233650 43.976109 1.970271 0.489238 0.221438 0.843571 0.335781 0.852277 2 49 0.932200 29 0.067800
v_hands
  49 -20.808064 44.063118 1.984342 -0.143730 0.527271 0.837452 0.305857 0.855413 1 49 1.000000
  49 -21.164040 43.395802 2.387059 -0.140854 0.559164 0.817004 0.309056 0.892721 2 49 0.795100 29 0.204900
  49 -20.533264 43.209843 2.422531 0.548085 0.265226 0.793258 0.337182 0.891304 2 49 0.754300 29 0.245700
v_hands
  49 -21.181192 44.127430 1.745070 -0.544183 0.569454 0.616106 0.283899 0.855370 1 49 1.000000
  49 -21.164040 43.395802 2.387059 -0.140854 0.559164 0.817004 0.309056 0.892721 2 49 0.795100 29 0.204900
  49 -20.808064 44.063118 1.984342 -0.143730 0.527271 0.837452 0.305857 0.855413 1 49 1.000000
v_hands
  49 -21.181192 44.127430 1.745070 -0.544183 0.569454 0.616106 0.283899 0.855370 1 49 1.000000
  49 -21.573830 43.383141 2.189787 -0.591515 0.594040 0.545185 0.283487 0.894337 2 49 0.789500 29 0.210500
  49 -21.164040 43.395802 2.387059 -0.140854 0.559164 0.817004 0.309056 0.892721 2 49 0.795100 29 0.204900
v_hands
  29 -21.075226 40.992664 -0.475250 -0.072455 -0.359729 -0.930239 0.130373 0.928515 2 29 0.792300 49 0.207700
  29 -20.497843 41.064701 -0.457359 0.489496 -0.523638 -0.697278 0.109647 0.919222 2 29 0.731100 49 0.268900
  29 -20.566370 40.859825 -0.375383 0.475778 -0.297820 -0.827610 0.109235 0.928708 2 29 0.844300 49 0.155700
v_hands
  29 -21.075226 40.992664 -0.475250 -0.072455 -0.359729 -0.930239 0.130373 0.928515 2 29 0.792300 49 0.207700
  29 -21.017698 41.173862 -0.615027 -0.058568 -0.492064 -0.868586 0.130661 0.921698 2 29 0.713000 49 0.287000
  29 -20.497843 41.064701 -0.457359 0.489496 -0.523638 -0.697278 0.109647 0.919222 2 29 0.731100 49 0.268900
v_hands
  29 -21.075226 40.992664 -0.475250 -0.072455 -0.359729 -0.930239 0.625485 0.550681 2 29 0.792300 49 0.207700
  29 -20.659792 40.411549 -0.365283 0.405885 -0.058409 -0.912056 0.603625 0.566321 1 29 1.000000
  29 -21.231440 40.542751 -0.354656 -0.145062 -0.087374 -0.985557 0.623955 0.570061 1 29 1.000000
v_hands
  29 -21.075226 40.992664 -0.475250 -0.072455 -0.359729 -0.930239 0.625485 0.550681 2 29 0.792300 49 0.207700
  29 -20.566370 40.859825 -0.375383 0.475778 -0.297820 -0.827610 0.608251 0.550662 2 29 0.844300 49 0.155700
  29 -20.659792 40.411549 -0.365283 0.405885 -0.058409 -0.912056 0.603625 0.566321 1 29 1.000000
v_hands
  29 -21.894514 42.612022 2.636326 -0.630464 0.608458 0.481968 0.768777 0.543981 2 29 0.794200 49 0.205800
  29 -22.418535 42.014015 2.059049 -0.917293 0.395594 0.045587 0.743735 0.564913 2 29 0.909300 49 0.090700
  29 -22.080328 42.277683 2.950598 -0.683941 0.648551 0.334075 0.775170 0.561659 1 29 1.000000
v_hands
  29 -21.894514 42.612022 2.636326 -0.630464 0.608458 0.481968 0.768777 0.543981 2 29 0.794200 49 0.205800
  29 -22.264029 42.466202 1.880727 -0.909554 0.409176 0.072706 0.743331 0.544775 2 29 0.807900 49 0.192100
  29 -22.418535 42.014015 2.059049 -0.917293 0.395594 0.045587 0.743735 0.564913 2 29 0.909300 49 0.090700
v_hands
  29 -21.483742 42.568066 2.945093 -0.130331 0.683532 0.718191 0.786614 0.543675 2 29 0.813314 49 0.186686
  29 -22.080328 42.277683 2.950598 -0.683941 0.648551 0.334075 0.775170 0.561659 1 29 1.000000
  29 -21.638372 42.247196 3.205856 -0.125827 0.837311 0.532050 0.790910 0.559332 2 29 0.882852 30 0.117148
v_hands
  29 -21.483742 42.568066 2.945093 -0.130331 0.683532 0.718191 0.786614 0.543675 2 29 0.813314 49 0.186686
  29 -21.894514 42.612022 2.636326 -0.630464 0.608458 0.481968 0.768777 0.543981 2 29 0.794200 49 0.205800
  29 -22.080328 42.277683 2.950598 -0.683941 0.648551 0.334075 0.775170 0.561659 1 29 1.000000
v_hands
  29 -21.855745 42.018299 3.738169 -0.224628 0.841764 0.490892 0.803406 0.576246 3 29 0.483435 30 0.407169 49 0.109396
  29 -21.038280 42.098557 3.437561 0.290879 0.793168 0.535046 0.809340 0.555266 2 29 0.683903 30 0.316097
  29 -21.638372 42.247196 3.205856 -0.125827 0.837311 0.532050 0.790910 0.559332 2 29 0.882852 30 0.117148
v_hands
  29 -21.855745 42.018299 3.738169 -0.224628 0.841764 0.490892 0.803406 0.576246 3 29 0.483435 30 0.407169 49 0.109396
  30 -21.288584 41.850010 3.968003 0.170479 0.876895 0.449435 0.820469 0.574349 3 30 0.711089 29 0.165337 49 0.123573
  29 -21.038280 42.098557 3.437561 0.290879 0.793168 0.535046 0.809340 0.555266 2 29 0.683903 30 0.316097
v_hands
  30 -20.480721 41.645432 4.046777 0.577691 0.769813 0.271404 0.845072 0.554114 2 30 0.904063 29 0.095937
  30 -20.929859 41.886070 3.659471 0.385430 0.831118 0.400857 0.821709 0.555626 3 30 0.544402 29 0.271532 49 0.184066
  30 -21.288584 41.850010 3.968003 0.170479 0.876895 0.449435 0.820469 0.574349 3 30 0.711089 29 0.165337 49 0.123573
v_hands
  30 -20.480721 41.645432 4.046777 0.577691 0.769813 0.271404 0.845072 0.554114 2 30 0.904063 29 0.095937
  30 -20.424841 41.690659 3.594699 0.864845 0.464964 0.189347 0.835295 0.541366 3 30 0.696090 29 0.237452 49 0.066458
  30 -20.929859 41.886070 3.659471 0.385430 0.831118 0.400857 0.821709 0.555626 3 30 0.544402 29 0.271532 49 0.184066
v_hands
  29 -20.566370 40.859825 -0.375383 0.475778 -0.297820 -0.827610 0.823963 0.012200 2 29 0.844300 49 0.155700
  29 -20.149748 40.646477 0.131529 0.893582 0.023786 -0.448269 0.794997 0.021817 1 29 1.000000
  29 -20.659792 40.411549 -0.365283 0.405885 -0.058409 -0.912056 0.830198 0.028156 1 29 1.000000
v_hands
  29 -20.566370 40.859825 -0.375383 0.475778 -0.297820 -0.827610 0.823963 0.012200 2 29 0.844300 49 0.155700
  29 -20.212082 40.880589 0.161037 0.924606 -0.101454 -0.367167 0.792920 0.012804 2 29 0.926800 49 0.073200
  29 -20.149748 40.646477 0.131529 0.893582 0.023786 -0.448269 0.794997 0.021817 1 29 1.000000
v_hands
  30 -21.288584 41.850010 3.968003 0.170479 0.876895 0.449435 0.820469 0.574349 3 30 0.711089 29 0.165337 49 0.123573
  30 -21.786894 41.806953 4.001713 -0.349525 0.770107 0.533636 0.812155 0.585257 2 30 0.662251 29 0.337749
  30 -21.597721 41.709236 4.231496 -0.172480 0.875436 0.451510 0.822166 0.588457 2 30 0.861929 29 0.138071
v_hands
  30 -21.288584 41.850010 3.968003 0.170479 0.876895 0.449435 0.820469 0.574349 3 30 0.711089 29 0.165337 49 0.123573
  29 -21.855745 42.018299 3.738169 -0.224628 0.841764 0.490892 0.803406 0.576246 3 29 0.483435 30 0.407169 49 0.109396
  30 -21.786894 41.806953 4.001713 -0.349525 0.770107 0.533636 0.812155 0.585257 2 30 0.662251 29 0.337749
v_hands
  30 -21.288584 41.850010 3.968003 0.170479 0.876895 0.449435 0.820469 0.574349 3 30 0.711089 29 0.165337 49 0.123573
  30 -21.637314 41.567677 4.624431 -0.131276 0.938250 0.320083 0.832278 0.599730 2 30 0.758506 31 0.241494
  30 -20.480721 41.645432 4.046777 0.577691 0.769813 0.271404 0.845072 0.554114 2 30 0.904063 29 0.095937
v_hands
  30 -21.288584 41.850010 3.968003 0.170479 0.876895 0.449435 0.820469 0.574349 3 30 0.711089 29 0.165337 49 0.123573
  30 -21.597721 41.709236 4.231496 -0.172480 0.875436 0.451510 0.822166 0.588457 2 30 0.861929 29 0.138071
  30 -21.637314 41.567677 4.624431 -0.131276 0.938250 0.320083 0.832278 0.599730 2 30 0.758506 31 0.241494
v_hands
  29 -22.058809 41.651974 3.943862 -0.620310 0.615229 0.486527 0.804860 0.593376 2 29 0.547910 30 0.452090
  29 -21.855745 42.018299 3.738169 -0.224628 0.841764 0.490892 0.803406 0.576246 3 29 0.483435 30 0.407169 49 0.109396
  29 -22.143892 41.980289 3.402241 -0.672578 0.637237 0.376255 0.787031 0.577883 2 29 0.786144 30 0.213856
v_hands
  29 -22.058809 41.651974 3.943862 -0.620310 0.615229 0.486527 0.804860 0.593376 2 29 0.547910 30 0.452090
  30 -21.786894 41.806953 4.001713 -0.349525 0.770107 0.533636 0.812155 0.585257 2 30 0.662251 29 0.337749
  29 -21.855745 42.018299 3.738169 -0.224628 0.841764 0.490892 0.803406 0.576246 3 29 0.483435 30 0.407169 49 0.109396
v_hands
  29 -22.608715 41.526005 2.307137 -0.923001 0.384190 0.021625 0.746337 0.587654 1 29 1.000000
  29 -22.418535 42.014015 2.059049 -0.917293 0.395594 0.045587 0.743735 0.564913 2 29 0.909300 49 0.090700
  29 -22.530672 41.739506 2.171907 -0.939321 0.342708 -0.015092 0.744334 0.577453 1 29 1.000000
v_hands
  29 -22.608715 41.526005 2.307137 -0.923001 0.384190 0.021625 0.746337 0.587654 1 29 1.000000
  29 -22.080328 42.277683 2.950598 -0.683941 0.648551 0.334075 0.775170 0.561659 1 29 1.000000
  29 -22.418535 42.014015 2.059049 -0.917293 0.395594 0.045587 0.743735 0.564913 2 29 0.909300 49 0.090700
v_hands
  29 -21.555162 41.055882 -0.438790 -0.453006 -0.257776 -0.853426 0.632862 0.555726 2 29 0.846900 49 0.153100
  29 -21.947060 41.095058 -0.012836 -0.906002 0.049017 -0.420424 0.652336 0.565097 2 29 0.827600 49 0.172400
  29 -21.887764 41.499008 -0.241999 -0.831075 0.041173 -0.554634 0.650402 0.547376 2 29 0.633800 49 0.366200
v_hands
  29 -21.555162 41.055882 -0.438790 -0.453006 -0.257776 -0.853426 0.632862 0.555726 2 29 0.846900 49 0.153100
  29 -21.856682 40.493446 -0.125299 -0.683187 -0.026436 -0.729765 0.637684 0.583439 1 29 1.000000
  29 -21.947060 41.095058 -0.012836 -0.906002 0.049017 -0.420424 0.652336 0.565097 2 29 0.827600 49 0.172400
v_hands
  29 -21.231440 40.542751 -0.354656 -0.145062 -0.087374 -0.985557 0.623955 0.570061 1 29 1.000000
  29 -21.555162 41.055882 -0.438790 -0.453006 -0.257776 -0.853426 0.632862 0.555726 2 29 0.846900 49 0.153100
  29 -21.075226 40.992664 -0.475250 -0.072455 -0.359729 -0.930239 0.625485 0.550681 2 29 0.792300 49 0.207700
v_hands
  29 -21.231440 40.542751 -0.354656 -0.145062 -0.087374 -0.985557 0.623955 0.570061 1 29 1.000000
  29 -21.856682 40.493446 -0.125299 -0.683187 -0.026436 -0.729765 0.637684 0.583439 1 29 1.000000
  29 -21.555162 41.055882 -0.438790 -0.453006 -0.257776 -0.853426 0.632862 0.555726 2 29 0.846900 49 0.153100
v_hands
  29 -21.964394 41.703194 0.440640 -0.919245 0.153888 -0.362364 0.678073 0.549638 2 29 0.653700 49 0.346300
  29 -21.947060 41.095058 -0.012836 -0.906002 0.049017 -0.420424 0.652336 0.565097 2 29 0.827600 49 0.172400
  29 -22.087360 41.218399 0.704128 -0.903150 0.107018 -0.415772 0.680545 0.571501 1 29 1.000000
v_hands
  29 -21.964394 41.703194 0.440640 -0.919245 0.153888 -0.362364 0.678073 0.549638 2 29 0.653700 49 0.346300
  29 -21.887764 41.499008 -0.241999 -0.831075 0.041173 -0.554634 0.650402 0.547376 2 29 0.633800 49 0.366200
  29 -21.947060 41.095058 -0.012836 -0.906002 0.049017 -0.420424 0.652336 0.565097 2 29 0.827600 49 0.172400
v_hands
  29 -22.352270 40.919312 0.907410 -0.877127 0.121404 -0.464660 0.685479 0.588166 1 29 1.000000
  29 -21.947060 41.095058 -0.012836 -0.906002 0.049017 -0.420424 0.652336 0.565097 2 29 0.827600 49 0.172400
  29 -21.856682 40.493446 -0.125299 -0.683187 -0.026436 -0.729765 0.637684 0.583439 1 29 1.000000
v_hands
  29 -22.352270 40.919312 0.907410 -0.877127 0.121404 -0.464660 0.685479 0.588166 1 29 1.000000
  29 -22.087360 41.218399 0.704128 -0.903150 0.107018 -0.415772 0.680545 0.571501 1 29 1.000000
  29 -21.947060 41.095058 -0.012836 -0.906002 0.049017 -0.420424 0.652336 0.565097 2 29 0.827600 49 0.172400
v_hands
  29 -22.435871 41.635399 1.228571 -0.916561 0.201824 -0.345229 0.709119 0.568272 2 29 0.872700 49 0.127300
  29 -22.352270 40.919312 0.907410 -0.877127 0.121404 -0.464660 0.685479 0.588166 1 29 1.000000
  29 -22.547342 41.342278 1.384972 -0.921363 0.224103 -0.317598 0.710908 0.581982 1 29 1.000000
v_hands
  29 -22.435871 41.635399 1.228571 -0.916561 0.201824 -0.345229 0.709119 0.568272 2 29 0.872700 49 0.127300
  29 -22.087360 41.218399 0.704128 -0.903150 0.107018 -0.415772 0.680545 0.571501 1 29 1.000000
  29 -22.352270 40.919312 0.907410 -0.877127 0.121404 -0.464660 0.685479 0.588166 1 29 1.000000
v_hands
  29 -22.435871 41.635399 1.228571 -0.916561 0.201824 -0.345229 0.709119 0.568272 2 29 0.872700 49 0.127300
  29 -22.530672 41.739506 2.171907 -0.939321 0.342708 -0.015092 0.744334 0.577453 1 29 1.000000
  29 -22.418535 42.014015 2.059049 -0.917293 0.395594 0.045587 0.743735 0.564913 2 29 0.909300 49 0.090700
v_hands
  29 -22.435871 41.635399 1.228571 -0.916561 0.201824 -0.345229 0.709119 0.568272 2 29 0.872700 49 0.127300
  29 -22.547342 41.342278 1.384972 -0.921363 0.224103 -0.317598 0.710908 0.581982 1 29 1.000000
  29 -22.530672 41.739506 2.171907 -0.939321 0.342708 -0.015092 0.744334 0.577453 1 29 1.000000
v_hands
  29 -22.244703 42.125889 0.995688 -0.919412 0.199173 -0.339133 0.223422 0.927840 2 29 0.684400 49 0.315600
  49 -22.145473 42.792099 1.768045 -0.896059 0.434008 0.093355 0.258624 0.914863 2 49 0.607200 29 0.392800
  49 -22.104879 42.424515 0.861772 -0.904448 0.248264 -0.346900 0.222389 0.914513 2 49 0.649600 29 0.350400
v_hands
  29 -22.244703 42.125889 0.995688 -0.919412 0.199173 -0.339133 0.223422 0.927840 2 29 0.684400 49 0.315600
  29 -22.264029 42.466202 1.880727 -0.909554 0.409176 0.072706 0.259276 0.927375 2 29 0.807900 49 0.192100
  49 -22.145473 42.792099 1.768045 -0.896059 0.434008 0.093355 0.258624 0.914863 2 49 0.607200 29 0.392800
v_hands
  49 -20.809355 41.940140 -0.888850 -0.102833 -0.222534 -0.969486 0.134273 0.894064 2 49 0.639700 29 0.360300
  29 -21.371998 41.536034 -0.664521 -0.488100 -0.167166 -0.856629 0.148152 0.912843 2 29 0.534700 49 0.465300
  49 -21.427029 42.157761 -0.652585 -0.713926 0.105342 -0.692252 0.161815 0.898398 2 49 0.689500 29 0.310500
v_hands
  49 -20.809355 41.940140 -0.888850 -0.102833 -0.222534 -0.969486 0.134273 0.894064 2 49 0.639700 29 0.360300
  29 -20.960169 41.355057 -0.754805 -0.062079 -0.365468 -0.928751 0.130948 0.912004 2 29 0.585300 49 0.414700
  29 -21.371998 41.536034 -0.664521 -0.488100 -0.167166 -0.856629 0.148152 0.912843 2 29 0.534700 49 0.465300
v_hands
  29 -21.964394 41.703194 0.440640 -0.919245 0.153888 -0.362364 0.199078 0.930845 2 29 0.653700 49 0.346300
  49 -22.104879 42.424515 0.861772 -0.904448 0.248264 -0.346900 0.222389 0.914513 2 49 0.649600 29 0.350400
  49 -21.725462 42.192619 0.183139 -0.884328 0.245143 -0.397327 0.196314 0.905385 2 49 0.682500 29 0.317500
v_hands
  29 -21.964394 41.703194 0.440640 -0.919245 0.153888 -0.362364 0.199078 0.930845 2 29 0.653700 49 0.346300
  29 -22.244703 42.125889 0.995688 -0.919412 0.199173 -0.339133 0.223422 0.927840 2 29 0.684400 49 0.315600
  49 -22.104879 42.424515 0.861772 -0.904448 0.248264 -0.346900 0.222389 0.914513 2 49 0.649600 29 0.350400
v_hands
  29 -20.566370 40.859825 -0.375383 0.475778 -0.297820 -0.827610 0.483720 0.915039 2 29 0.844300 49 0.155700
  29 -20.163618 41.109779 0.099439 0.882786 -0.394519 -0.255035 0.457173 0.911488 2 29 0.782300 49 0.217700
  29 -20.212082 40.880589 0.161037 0.924606 -0.101454 -0.367167 0.458704 0.920579 2 29 0.926800 49 0.073200
v_hands
  29 -20.566370 40.859825 -0.375383 0.475778 -0.297820 -0.827610 0.483720 0.915039 2 29 0.844300 49 0.155700
  29 -20.497843 41.064701 -0.457359 0.489496 -0.523638 -0.697278 0.482607 0.906182 2 29 0.731100 49 0.268900
  29 -20.163618 41.109779 0.099439 0.882786 -0.394519 -0.255035 0.457173 0.911488 2 29 0.782300 49 0.217700
v_hands
  29 -20.212082 40.880589 0.161037 0.924606 -0.101454 -0.367167 0.458704 0.920579 2 29 0.926800 49 0.073200
  29 -20.057426 41.359543 0.923242 0.960006 -0.245933 0.133812 0.418002 0.915465 2 29 0.895100 49 0.104900
  29 -20.066713 41.126476 1.013972 0.997446 0.045525 0.055036 0.418733 0.924309 1 29 1.000000
v_hands
  29 -20.212082 40.880589 0.161037 0.924606 -0.101454 -0.367167 0.458704 0.920579 2 29 0.926800 49 0.073200
  29 -20.163618 41.109779 0.099439 0.882786 -0.394519 -0.255035 0.457173 0.911488 2 29 0.782300 49 0.217700
  29 -20.057426 41.359543 0.923242 0.960006 -0.245933 0.133812 0.418002 0.915465 2 29 0.895100 49 0.104900
v_hands
  49 -20.533264 43.209843 2.422531 0.548085 0.265226 0.793258 0.337182 0.891304 2 49 0.754300 29 0.245700
  29 -20.391932 42.460152 2.161894 0.818522 0.069556 0.570248 0.352985 0.905362 2 29 0.552500 49 0.447500
  49 -20.254333 42.907398 1.947444 0.806238 0.031559 0.590749 0.351452 0.888461 2 49 0.730600 29 0.269400
v_hands
  49 -20.533264 43.209843 2.422531 0.548085 0.265226 0.793258 0.337182 0.891304 2 49 0.754300 29 0.245700
  29 -20.695215 42.739990 2.696145 0.639471 0.269100 0.720182 0.337964 0.911127 2 29 0.587500 49 0.412500
  29 -20.391932 42.460152 2.161894 0.818522 0.069556 0.570248 0.352985 0.905362 2 29 0.552500 49 0.447500
v_hands
  49 -20.233650 43.976109 1.970271 0.489238 0.221438 0.843571 0.335781 0.852277 2 49 0.932200 29 0.067800
  49 -20.254333 42.907398 1.947444 0.806238 0.031559 0.590749 0.351452 0.888461 2 49 0.730600 29 0.269400
  49 -19.991764 43.763447 1.593068 0.785970 -0.055518 0.615767 0.347640 0.852099 2 49 0.934000 29 0.066000
v_hands
  49 -20.233650 43.976109 1.970271 0.489238 0.221438 0.843571 0.335781 0.852277 2 49 0.932200 29 0.067800
  49 -20.533264 43.209843 2.422531 0.548085 0.265226 0.793258 0.337182 0.891304 2 49 0.754300 29 0.245700
  49 -20.254333 42.907398 1.947444 0.806238 0.031559 0.590749 0.351452 0.888461 2 49 0.730600 29 0.269400
v_hands
  30 -20.233681 40.584362 4.086939 0.994745 -0.087560 0.053057 0.641170 0.089741 3 30 0.829390 29 0.092154 33 0.078456
  30 -20.424841 41.690659 3.594699 0.864845 0.464964 0.189347 0.650567 0.057204 3 30 0.696090 29 0.237452 49 0.066458
  30 -20.480721 41.645432 4.046777 0.577691 0.769813 0.271404 0.634362 0.064128 2 30 0.904063 29 0.095937
v_hands
  30 -20.233681 40.584362 4.086939 0.994745 -0.087560 0.053057 0.641170 0.089741 3 30 0.829390 29 0.092154 33 0.078456
  30 -20.287764 40.578861 3.431181 0.982703 -0.179326 -0.046227 0.669269 0.081578 3 30 0.535665 29 0.317843 33 0.146492
  30 -20.424841 41.690659 3.594699 0.864845 0.464964 0.189347 0.650567 0.057204 3 30 0.696090 29 0.237452 49 0.066458
v_hands
  29 -20.429316 41.269573 -0.539333 0.505999 -0.493277 -0.707561 0.110058 0.909735 2 29 0.611000 49 0.389000
  49 -20.809355 41.940140 -0.888850 -0.102833 -0.222534 -0.969486 0.134273 0.894064 2 49 0.639700 29 0.360300
  49 -20.238514 41.840000 -0.767575 0.493097 -0.405749 -0.769560 0.111204 0.891453 2 49 0.621700 29 0.378300
v_hands
  29 -20.429316 41.269573 -0.539333 0.505999 -0.493277 -0.707561 0.110058 0.909735 2 29 0.611000 49 0.389000
  29 -20.960169 41.355057 -0.754805 -0.062079 -0.365468 -0.928751 0.130948 0.912004 2 29 0.585300 49 0.414700
  49 -20.809355 41.940140 -0.888850 -0.102833 -0.222534 -0.969486 0.134273 0.894064 2 49 0.639700 29 0.360300
v_hands
  49 -19.838121 41.874996 -0.186786 0.876533 -0.401064 -0.266152 0.450691 0.880870 2 49 0.596300 29 0.403700
  29 -20.429316 41.269573 -0.539333 0.505999 -0.493277 -0.707561 0.481493 0.897326 2 29 0.611000 49 0.389000
  49 -20.238514 41.840000 -0.767575 0.493097 -0.405749 -0.769560 0.477698 0.876412 2 49 0.621700 29 0.378300
v_hands
  49 -19.838121 41.874996 -0.186786 0.876533 -0.401064 -0.266152 0.450691 0.880870 2 49 0.596300 29 0.403700
  29 -20.055620 41.296646 0.015509 0.864158 -0.449762 -0.225711 0.455642 0.902398 2 29 0.662800 49 0.337200
  29 -20.429316 41.269573 -0.539333 0.505999 -0.493277 -0.707561 0.481493 0.897326 2 29 0.611000 49 0.389000
v_hands
  49 -19.806625 42.149441 0.582776 0.950467 -0.277565 0.139894 0.414431 0.884449 2 49 0.650200 29 0.349800
  29 -20.055620 41.296646 0.015509 0.864158 -0.449762 -0.225711 0.455642 0.902398 2 29 0.662800 49 0.337200
  49 -19.838121 41.874996 -0.186786 0.876533 -0.401064 -0.266152 0.450691 0.880870 2 49 0.596300 29 0.403700
v_hands
  49 -19.806625 42.149441 0.582776 0.950467 -0.277565 0.139894 0.414431 0.884449 2 49 0.650200 29 0.349800
  29 -19.961222 41.541382 0.839082 0.941708 -0.310363 0.129851 0.417270 0.906622 2 29 0.768300 49 0.231700
  29 -20.055620 41.296646 0.015509 0.864158 -0.449762 -0.225711 0.455642 0.902398 2 29 0.662800 49 0.337200
v_hands
  29 -20.035589 41.973915 1.592820 0.938123 -0.189301 0.289982 0.382132 0.907882 2 29 0.691400 49 0.308600
  49 -19.806625 42.149441 0.582776 0.950467 -0.277565 0.139894 0.414431 0.884449 2 49 0.650200 29 0.349800
  49 -19.922865 42.479069 1.329002 0.940627 -0.169806 0.293915 0.379590 0.888866 2 49 0.656300 29 0.343700
v_hands
  29 -20.035589 41.973915 1.592820 0.938123 -0.189301 0.289982 0.382132 0.907882 2 29 0.691400 49 0.308600
  29 -19.961222 41.541382 0.839082 0.941708 -0.310363 0.129851 0.417270 0.906622 2 29 0.768300 49 0.231700
  49 -19.806625 42.149441 0.582776 0.950467 -0.277565 0.139894 0.414431 0.884449 2 49 0.650200 29 0.349800
v_hands
  29 -20.391932 42.460152 2.161894 0.818522 0.069556 0.570248 0.352985 0.905362 2 29 0.552500 49 0.447500
  49 -20.019794 42.668175 1.700885 0.861084 -0.022558 0.507962 0.366136 0.889207 2 49 0.670000 29 0.330000
  49 -20.254333 42.907398 1.947444 0.806238 0.031559 0.590749 0.351452 0.888461 2 49 0.730600 29 0.269400
v_hands
  29 -20.391932 42.460152 2.161894 0.818522 0.069556 0.570248 0.352985 0.905362 2 29 0.552500 49 0.447500
  29 -20.134924 42.187138 1.944745 0.859860 -0.020818 0.510105 0.368887 0.908110 2 29 0.593300 49 0.406700
  49 -20.019794 42.668175 1.700885 0.861084 -0.022558 0.507962 0.366136 0.889207 2 49 0.670000 29 0.330000
v_hands
  29 -21.371998 41.536034 -0.664521 -0.488100 -0.167166 -0.856629 0.148152 0.912843 2 29 0.534700 49 0.465300
  29 -21.555162 41.055882 -0.438790 -0.453006 -0.257776 -0.853426 0.147068 0.933037 2 29 0.846900 49 0.153100
  29 -21.887764 41.499008 -0.241999 -0.831075 0.041173 -0.554634 0.169143 0.926417 2 29 0.633800 49 0.366200
v_hands
  29 -21.371998 41.536034 -0.664521 -0.488100 -0.167166 -0.856629 0.148152 0.912843 2 29 0.534700 49 0.465300
  29 -21.404707 41.295666 -0.555196 -0.373499 -0.348821 -0.859548 0.145486 0.923625 2 29 0.685800 49 0.314200
  29 -21.555162 41.055882 -0.438790 -0.453006 -0.257776 -0.853426 0.147068 0.933037 2 29 0.846900 49 0.153100
v_hands
  29 -21.404707 41.295666 -0.555196 -0.373499 -0.348821 -0.859548 0.145486 0.923625 2 29 0.685800 49 0.314200
  29 -21.075226 40.992664 -0.475250 -0.072455 -0.359729 -0.930239 0.130373 0.928515 2 29 0.792300 49 0.207700
  29 -21.555162 41.055882 -0.438790 -0.453006 -0.257776 -0.853426 0.147068 0.933037 2 29 0.846900 49 0.153100
v_hands
  29 -21.404707 41.295666 -0.555196 -0.373499 -0.348821 -0.859548 0.145486 0.923625 2 29 0.685800 49 0.314200
  29 -21.017698 41.173862 -0.615027 -0.058568 -0.492064 -0.868586 0.130661 0.921698 2 29 0.713000 49 0.287000
  29 -21.075226 40.992664 -0.475250 -0.072455 -0.359729 -0.930239 0.130373 0.928515 2 29 0.792300 49 0.207700
v_hands
  29 -20.429316 41.269573 -0.539333 0.505999 -0.493277 -0.707561 0.110058 0.909735 2 29 0.611000 49 0.389000
  29 -21.017698 41.173862 -0.615027 -0.058568 -0.492064 -0.868586 0.130661 0.921698 2 29 0.713000 49 0.287000
  29 -20.960169 41.355057 -0.754805 -0.062079 -0.365468 -0.928751 0.130948 0.912004 2 29 0.585300 49 0.414700
v_hands
  29 -20.429316 41.269573 -0.539333 0.505999 -0.493277 -0.707561 0.110058 0.909735 2 29 0.611000 49 0.389000
  29 -20.497843 41.064701 -0.457359 0.489496 -0.523638 -0.697278 0.109647 0.919222 2 29 0.731100 49 0.268900
  29 -21.017698 41.173862 -0.615027 -0.058568 -0.492064 -0.868586 0.130661 0.921698 2 29 0.713000 49 0.287000
v_hands
  29 -20.055620 41.296646 0.015509 0.864158 -0.449762 -0.225711 0.455642 0.902398 2 29 0.662800 49 0.337200
  29 -20.497843 41.064701 -0.457359 0.489496 -0.523638 -0.697278 0.482607 0.906182 2 29 0.731100 49 0.268900
  29 -20.429316 41.269573 -0.539333 0.505999 -0.493277 -0.707561 0.481493 0.897326 2 29 0.611000 49 0.389000
v_hands
  29 -20.055620 41.296646 0.015509 0.864158 -0.449762 -0.225711 0.455642 0.902398 2 29 0.662800 49 0.337200
  29 -20.163618 41.109779 0.099439 0.882786 -0.394519 -0.255035 0.457173 0.911488 2 29 0.782300 49 0.217700
  29 -20.497843 41.064701 -0.457359 0.489496 -0.523638 -0.697278 0.482607 0.906182 2 29 0.731100 49 0.268900
v_hands
  29 -21.038280 42.098557 3.437561 0.290879 0.793168 0.535046 0.809340 0.555266 2 29 0.683903 30 0.316097
  30 -20.929859 41.886070 3.659471 0.385430 0.831118 0.400857 0.821709 0.555626 3 30 0.544402 29 0.271532 49 0.184066
  29 -20.673794 41.988056 3.309075 0.530469 0.731637 0.428146 0.818071 0.539698 2 29 0.773081 30 0.226920
v_hands
  29 -21.038280 42.098557 3.437561 0.290879 0.793168 0.535046 0.809340 0.555266 2 29 0.683903 30 0.316097
  30 -21.288584 41.850010 3.968003 0.170479 0.876895 0.449435 0.820469 0.574349 3 30 0.711089 29 0.165337 49 0.123573
  30 -20.929859 41.886070 3.659471 0.385430 0.831118 0.400857 0.821709 0.555626 3 30 0.544402 29 0.271532 49 0.184066
v_hands
  29 -19.961222 41.541382 0.839082 0.941708 -0.310363 0.129851 0.417270 0.906622 2 29 0.768300 49 0.231700
  29 -20.163618 41.109779 0.099439 0.882786 -0.394519 -0.255035 0.457173 0.911488 2 29 0.782300 49 0.217700
  29 -20.055620 41.296646 0.015509 0.864158 -0.449762 -0.225711 0.455642 0.902398 2 29 0.662800 49 0.337200
v_hands
  29 -19.961222 41.541382 0.839082 0.941708 -0.310363 0.129851 0.417270 0.906622 2 29 0.768300 49 0.231700
  29 -20.057426 41.359543 0.923242 0.960006 -0.245933 0.133812 0.418002 0.915465 2 29 0.895100 49 0.104900
  29 -20.163618 41.109779 0.099439 0.882786 -0.394519 -0.255035 0.457173 0.911488 2 29 0.782300 49 0.217700
v_hands
  29 -20.673794 41.988056 3.309075 0.530469 0.731637 0.428146 0.818071 0.539698 2 29 0.773081 30 0.226920
  30 -20.424841 41.690659 3.594699 0.864845 0.464964 0.189347 0.835295 0.541366 3 30 0.696090 29 0.237452 49 0.066458
  29 -20.357111 41.796211 3.178757 0.850894 0.467777 0.239090 0.825652 0.528896 2 29 0.703481 30 0.296519
v_hands
  29 -20.673794 41.988056 3.309075 0.530469 0.731637 0.428146 0.818071 0.539698 2 29 0.773081 30 0.226920
  30 -20.929859 41.886070 3.659471 0.385430 0.831118 0.400857 0.821709 0.555626 3 30 0.544402 29 0.271532 49 0.184066
  30 -20.424841 41.690659 3.594699 0.864845 0.464964 0.189347 0.835295 0.541366 3 30 0.696090 29 0.237452 49 0.066458
v_hands
  29 -20.673794 41.988056 3.309075 0.530469 0.731637 0.428146 0.818071 0.539698 2 29 0.773081 30 0.226920
  29 -20.812807 42.382744 2.920174 0.453944 0.569842 0.684992 0.797972 0.535936 2 29 0.927300 49 0.072700
  29 -21.038280 42.098557 3.437561 0.290879 0.793168 0.535046 0.809340 0.555266 2 29 0.683903 30 0.316097
v_hands
  29 -20.673794 41.988056 3.309075 0.530469 0.731637 0.428146 0.818071 0.539698 2 29 0.773081 30 0.226920
  29 -20.663074 42.263718 2.761075 0.753719 0.497717 0.429168 0.801309 0.524737 2 29 0.912843 30 0.087157
  29 -20.812807 42.382744 2.920174 0.453944 0.569842 0.684992 0.797972 0.535936 2 29 0.927300 49 0.072700
v_hands
  29 -20.812807 42.382744 2.920174 0.453944 0.569842 0.684992 0.337366 0.926728 2 29 0.927300 49 0.072700
  29 -20.652409 42.382423 2.668763 0.861415 0.215479 0.459927 0.343326 0.921001 3 29 0.812100 49 0.133000 30 0.054900
  29 -20.695215 42.739990 2.696145 0.639471 0.269100 0.720182 0.337964 0.911127 2 29 0.587500 49 0.412500
v_hands
  29 -20.812807 42.382744 2.920174 0.453944 0.569842 0.684992 0.337366 0.926728 2 29 0.927300 49 0.072700
  29 -20.663074 42.263718 2.761075 0.753719 0.497717 0.429168 0.344147 0.928749 2 29 0.912843 30 0.087157
  29 -20.652409 42.382423 2.668763 0.861415 0.215479 0.459927 0.343326 0.921001 3 29 0.812100 49 0.133000 30 0.054900
v_hands
  29 -20.652409 42.382423 2.668763 0.861415 0.215479 0.459927 0.343326 0.921001 3 29 0.812100 49 0.133000 30 0.054900
  29 -20.391932 42.460152 2.161894 0.818522 0.069556 0.570248 0.352985 0.905362 2 29 0.552500 49 0.447500
  29 -20.695215 42.739990 2.696145 0.639471 0.269100 0.720182 0.337964 0.911127 2 29 0.587500 49 0.412500
v_hands
  29 -20.652409 42.382423 2.668763 0.861415 0.215479 0.459927 0.343326 0.921001 3 29 0.812100 49 0.133000 30 0.054900
  29 -20.443295 42.220131 2.308219 0.865450 0.207609 0.455954 0.352568 0.915903 2 29 0.798500 49 0.201500
  29 -20.391932 42.460152 2.161894 0.818522 0.069556 0.570248 0.352985 0.905362 2 29 0.552500 49 0.447500
v_hands
  29 -20.443295 42.220131 2.308219 0.865450 0.207609 0.455954 0.352568 0.915903 2 29 0.798500 49 0.201500
  29 -20.134924 42.187138 1.944745 0.859860 -0.020818 0.510105 0.368887 0.908110 2 29 0.593300 49 0.406700
  29 -20.391932 42.460152 2.161894 0.818522 0.069556 0.570248 0.352985 0.905362 2 29 0.552500 49 0.447500
v_hands
  29 -20.443295 42.220131 2.308219 0.865450 0.207609 0.455954 0.352568 0.915903 2 29 0.798500 49 0.201500
  29 -20.232473 41.979538 2.037977 0.901282 0.007495 0.433168 0.368621 0.918249 2 29 0.776600 49 0.223400
  29 -20.134924 42.187138 1.944745 0.859860 -0.020818 0.510105 0.368887 0.908110 2 29 0.593300 49 0.406700
v_hands
  29 -20.035589 41.973915 1.592820 0.938123 -0.189301 0.289982 0.382132 0.907882 2 29 0.691400 49 0.308600
  29 -20.057426 41.359543 0.923242 0.960006 -0.245933 0.133812 0.418002 0.915465 2 29 0.895100 49 0.104900
  29 -19.961222 41.541382 0.839082 0.941708 -0.310363 0.129851 0.417270 0.906622 2 29 0.768300 49 0.231700
v_hands
  29 -20.035589 41.973915 1.592820 0.938123 -0.189301 0.289982 0.382132 0.907882 2 29 0.691400 49 0.308600
  29 -20.145731 41.739204 1.717391 0.944195 -0.201406 0.260638 0.382015 0.917618 2 29 0.898300 49 0.101700
  29 -20.057426 41.359543 0.923242 0.960006 -0.245933 0.133812 0.418002 0.915465 2 29 0.895100 49 0.104900
v_hands
  29 -20.175941 41.576359 1.811046 0.985138 -0.088628 0.147135 0.381899 0.927354 1 29 1.000000
  29 -20.172112 41.595600 1.576752 0.988914 -0.097503 0.111989 0.390154 0.922218 2 29 0.915500 49 0.084500
  29 -20.145731 41.739204 1.717391 0.944195 -0.201406 0.260638 0.382015 0.917618 2 29 0.898300 49 0.101700
v_hands
  29 -20.175941 41.576359 1.811046 0.985138 -0.088628 0.147135 0.381899 0.927354 1 29 1.000000
  29 -20.161140 41.468445 1.647145 0.994483 -0.058007 0.087399 0.390000 0.926819 1 29 1.000000
  29 -20.172112 41.595600 1.576752 0.988914 -0.097503 0.111989 0.390154 0.922218 2 29 0.915500 49 0.084500
v_hands
  29 -20.133532 41.311272 1.377162 0.984454 0.034038 0.172310 0.403303 0.925787 2 29 0.915500 49 0.084500
  29 -20.172112 41.595600 1.576752 0.988914 -0.097503 0.111989 0.390154 0.922218 2 29 0.915500 49 0.084500
  29 -20.161140 41.468445 1.647145 0.994483 -0.058007 0.087399 0.390000 0.926819 1 29 1.000000
v_hands
  29 -20.133532 41.311272 1.377162 0.984454 0.034038 0.172310 0.403303 0.925787 2 29 0.915500 49 0.084500
  29 -20.139799 41.396999 1.288166 0.984703 -0.046804 0.167836 0.404762 0.920626 2 29 0.873200 49 0.126800
  29 -20.172112 41.595600 1.576752 0.988914 -0.097503 0.111989 0.390154 0.922218 2 29 0.915500 49 0.084500
v_hands
  29 -20.145731 41.739204 1.717391 0.944195 -0.201406 0.260638 0.382015 0.917618 2 29 0.898300 49 0.101700
  29 -20.139799 41.396999 1.288166 0.984703 -0.046804 0.167836 0.404762 0.920626 2 29 0.873200 49 0.126800
  29 -20.057426 41.359543 0.923242 0.960006 -0.245933 0.133812 0.418002 0.915465 2 29 0.895100 49 0.104900
v_hands
  29 -20.145731 41.739204 1.717391 0.944195 -0.201406 0.260638 0.382015 0.917618 2 29 0.898300 49 0.101700
  29 -20.172112 41.595600 1.576752 0.988914 -0.097503 0.111989 0.390154 0.922218 2 29 0.915500 49 0.084500
  29 -20.139799 41.396999 1.288166 0.984703 -0.046804 0.167836 0.404762 0.920626 2 29 0.873200 49 0.126800
v_hands
  29 -20.303345 41.328438 2.793442 0.998574 0.022609 0.048361 0.685401 0.055017 2 29 0.688080 30 0.311920
  29 -20.412663 42.064678 2.495000 0.881442 0.390165 0.266142 0.684931 0.032654 3 29 0.844800 49 0.090000 30 0.065200
  29 -20.357111 41.796211 3.178757 0.850894 0.467777 0.239090 0.665126 0.049495 2 29 0.703481 30 0.296519
v_hands
  29 -20.303345 41.328438 2.793442 0.998574 0.022609 0.048361 0.685401 0.055017 2 29 0.688080 30 0.311920
  29 -20.294304 41.820518 2.153022 0.974788 0.071083 0.211505 0.700215 0.030232 2 29 0.915500 49 0.084500
  29 -20.412663 42.064678 2.495000 0.881442 0.390165 0.266142 0.684931 0.032654 3 29 0.844800 49 0.090000 30 0.065200
v_hands
  29 -20.232473 41.979538 2.037977 0.901282 0.007495 0.433168 0.368621 0.918249 2 29 0.776600 49 0.223400
  29 -20.175941 41.576359 1.811046 0.985138 -0.088628 0.147135 0.381899 0.927354 1 29 1.000000
  29 -20.145731 41.739204 1.717391 0.944195 -0.201406 0.260638 0.382015 0.917618 2 29 0.898300 49 0.101700
v_hands
  29 -20.232473 41.979538 2.037977 0.901282 0.007495 0.433168 0.368621 0.918249 2 29 0.776600 49 0.223400
  29 -20.294304 41.820518 2.153022 0.974788 0.071083 0.211505 0.368353 0.928387 2 29 0.915500 49 0.084500
  29 -20.175941 41.576359 1.811046 0.985138 -0.088628 0.147135 0.381899 0.927354 1 29 1.000000
v_hands
  29 -20.035589 41.973915 1.592820 0.938123 -0.189301 0.289982 0.382132 0.907882 2 29 0.691400 49 0.308600
  29 -20.232473 41.979538 2.037977 0.901282 0.007495 0.433168 0.368621 0.918249 2 29 0.776600 49 0.223400
  29 -20.145731 41.739204 1.717391 0.944195 -0.201406 0.260638 0.382015 0.917618 2 29 0.898300 49 0.101700
v_hands
  29 -20.035589 41.973915 1.592820 0.938123 -0.189301 0.289982 0.382132 0.907882 2 29 0.691400 49 0.308600
  29 -20.134924 42.187138 1.944745 0.859860 -0.020818 0.510105 0.368887 0.908110 2 29 0.593300 49 0.406700
  29 -20.232473 41.979538 2.037977 0.901282 0.007495 0.433168 0.368621 0.918249 2 29 0.776600 49 0.223400
v_hands
  49 -18.247101 45.916534 -0.138255 0.801983 -0.232333 0.550313 0.379511 0.725443 1 49 1.000000
  49 -19.531507 43.335247 0.849290 0.896652 -0.271480 0.349732 0.382215 0.847183 1 49 1.000000
  49 -18.051329 45.767693 -0.534958 0.871178 -0.357458 0.336560 0.394338 0.721084 2 49 0.939400 28 0.060600
v_hands
  49 -18.247101 45.916534 -0.138255 0.801983 -0.232333 0.550313 0.379511 0.725443 1 49 1.000000
  49 -19.676548 43.502998 1.241690 0.832708 -0.128203 0.538666 0.369013 0.849061 2 49 0.936400 29 0.063600
  49 -19.531507 43.335247 0.849290 0.896652 -0.271480 0.349732 0.382215 0.847183 1 49 1.000000
v_hands
  49 -19.676548 43.502998 1.241690 0.832708 -0.128203 0.538666 0.369013 0.849061 2 49 0.936400 29 0.063600
  49 -19.922865 42.479069 1.329002 0.940627 -0.169806 0.293915 0.379590 0.888866 2 49 0.656300 29 0.343700
  49 -19.531507 43.335247 0.849290 0.896652 -0.271480 0.349732 0.382215 0.847183 1 49 1.000000
v_hands
  49 -19.676548 43.502998 1.241690 0.832708 -0.128203 0.538666 0.369013 0.849061 2 49 0.936400 29 0.063600
  49 -20.019794 42.668175 1.700885 0.861084 -0.022558 0.507962 0.366136 0.889207 2 49 0.670000 29 0.330000
  49 -19.922865 42.479069 1.329002 0.940627 -0.169806 0.293915 0.379590 0.888866 2 49 0.656300 29 0.343700
v_hands
  49 -20.019794 42.668175 1.700885 0.861084 -0.022558 0.507962 0.366136 0.889207 2 49 0.670000 29 0.330000
  29 -20.035589 41.973915 1.592820 0.938123 -0.189301 0.289982 0.382132 0.907882 2 29 0.691400 49 0.308600
  49 -19.922865 42.479069 1.329002 0.940627 -0.169806 0.293915 0.379590 0.888866 2 49 0.656300 29 0.343700
v_hands
  49 -20.019794 42.668175 1.700885 0.861084 -0.022558 0.507962 0.366136 0.889207 2 49 0.670000 29 0.330000
  29 -20.134924 42.187138 1.944745 0.859860 -0.020818 0.510105 0.368887 0.908110 2 29 0.593300 49 0.406700
  29 -20.035589 41.973915 1.592820 0.938123 -0.189301 0.289982 0.382132 0.907882 2 29 0.691400 49 0.308600
v_hands
  46 -23.038542 36.384377 0.584826 -0.359970 -0.274852 -0.891559 0.607629 0.752208 1 46 1.000000
  46 -23.228975 36.134220 0.747176 -0.761463 -0.133423 -0.634329 0.611161 0.765611 1 46 1.000000
  46 -23.217295 36.377308 0.692503 -0.753957 -0.143763 -0.640999 0.613120 0.756299 1 46 1.000000
v_hands
  46 -23.038542 36.384377 0.584826 -0.359970 -0.274852 -0.891559 0.607629 0.752208 1 46 1.000000
  46 -22.902811 36.219604 0.618144 -0.410782 -0.152826 -0.898834 0.604649 0.756437 1 46 1.000000
  46 -23.228975 36.134220 0.747176 -0.761463 -0.133423 -0.634329 0.611161 0.765611 1 46 1.000000
v_hands
  46 -22.509584 34.793034 1.103520 0.977218 -0.211857 0.012701 0.893904 0.255241 1 46 1.000000
  46 -22.466757 35.359947 1.532166 0.730857 -0.204300 0.651237 0.858296 0.242330 1 46 1.000000
  46 -22.689098 34.840214 1.455159 0.755393 -0.129696 0.642309 0.877852 0.267023 1 46 1.000000
v_hands
  46 -22.509584 34.793034 1.103520 0.977218 -0.211857 0.012701 0.893904 0.255241 1 46 1.000000
  46 -22.291065 35.332817 1.037919 0.957197 -0.288687 -0.020791 0.878881 0.226187 1 46 1.000000
  46 -22.466757 35.359947 1.532166 0.730857 -0.204300 0.651237 0.858296 0.242330 1 46 1.000000
v_hands
  46 -22.949083 34.863079 1.682729 0.172294 -0.035182 0.984417 0.867649 0.282712 1 46 1.000000
  46 -23.218851 35.328724 1.572157 -0.610886 0.088985 0.786702 0.852610 0.277348 1 46 1.000000
  46 -23.314478 34.888706 1.600331 -0.599784 0.060270 0.797889 0.854289 0.294218 1 46 1.000000
v_hands
  46 -22.949083 34.863079 1.682729 0.172294 -0.035182 0.984417 0.867649 0.282712 1 46 1.000000
  46 -22.849968 35.336147 1.708706 0.113600 -0.062632 0.991550 0.852063 0.263642 1 46 1.000000
  46 -23.218851 35.328724 1.572157 -0.610886 0.088985 0.786702 0.852610 0.277348 1 46 1.000000
v_hands
  46 -22.509584 34.793034 1.103520 0.977218 -0.211857 0.012701 0.893904 0.255241 1 46 1.000000
  46 -22.472628 35.289536 0.700965 0.621843 -0.225294 -0.750036 0.896002 0.221050 1 46 1.000000
  46 -22.291065 35.332817 1.037919 0.957197 -0.288687 -0.020791 0.878881 0.226187 1 46 1.000000
v_hands
  46 -22.509584 34.793034 1.103520 0.977218 -0.211857 0.012701 0.893904 0.255241 1 46 1.000000
  46 -22.661823 34.792027 0.742343 0.643053 -0.208375 -0.736928 0.913306 0.247578 1 46 1.000000
  46 -22.472628 35.289536 0.700965 0.621843 -0.225294 -0.750036 0.896002 0.221050 1 46 1.000000
v_hands
  46 -22.910088 35.234108 0.606393 -0.091235 -0.035182 -0.995208 0.583380 0.790840 1 46 1.000000
  46 -22.661823 34.792027 0.742343 0.643053 -0.208375 -0.736928 0.564286 0.800901 1 46 1.000000
  47 -23.059292 34.665722 0.625580 -0.072364 -0.052755 -0.995982 0.575638 0.812052 1 47 1.000000
v_hands
  46 -22.910088 35.234108 0.606393 -0.091235 -0.035182 -0.995208 0.583380 0.790840 1 46 1.000000
  46 -22.472628 35.289536 0.700965 0.621843 -0.225294 -0.750036 0.569451 0.781163 1 46 1.000000
  46 -22.661823 34.792027 0.742343 0.643053 -0.208375 -0.736928 0.564286 0.800901 1 46 1.000000
v_hands
  46 -23.278023 35.926567 0.983343 -0.996024 0.002012 -0.089066 0.616431 0.776424 1 46 1.000000
  46 -23.228975 36.134220 0.747176 -0.761463 -0.133423 -0.634329 0.611161 0.765611 1 46 1.000000
  46 -23.242710 35.848530 0.811433 -0.812583 0.000764 -0.582845 0.608859 0.776555 1 46 1.000000
v_hands
  46 -23.278023 35.926567 0.983343 -0.996024 0.002012 -0.089066 0.616431 0.776424 1 46 1.000000
  46 -23.289873 36.359894 0.966357 -0.990171 -0.019895 -0.138438 0.623043 0.761266 1 46 1.000000
  46 -23.228975 36.134220 0.747176 -0.761463 -0.133423 -0.634329 0.611161 0.765611 1 46 1.000000
v_hands
  46 -23.536016 34.856583 1.203219 -0.990031 0.082040 0.114489 0.606020 0.818460 1 46 1.000000
  46 -23.320360 35.402531 0.827838 -0.758835 0.144659 -0.635015 0.601884 0.793554 1 46 1.000000
  46 -23.395693 34.765732 0.785671 -0.750730 0.068061 -0.657093 0.591374 0.815928 1 46 1.000000
v_hands
  46 -23.536016 34.856583 1.203219 -0.990031 0.082040 0.114489 0.606020 0.818460 1 46 1.000000
  46 -23.443768 35.421749 1.251177 -0.974401 0.183122 0.130415 0.617340 0.799092 1 46 1.000000
  46 -23.320360 35.402531 0.827838 -0.758835 0.144659 -0.635015 0.601884 0.793554 1 46 1.000000
v_hands
  46 -23.314478 34.888706 1.600331 -0.599784 0.060270 0.797889 0.624035 0.822673 1 46 1.000000
  46 -23.443768 35.421749 1.251177 -0.974401 0.183122 0.130415 0.617340 0.799092 1 46 1.000000
  46 -23.536016 34.856583 1.203219 -0.990031 0.082040 0.114489 0.606020 0.818460 1 46 1.000000
v_hands
  46 -23.314478 34.888706 1.600331 -0.599784 0.060270 0.797889 0.624035 0.822673 1 46 1.000000
  46 -23.218851 35.328724 1.572157 -0.610886 0.088985 0.786702 0.631308 0.807446 1 46 1.000000
  46 -23.443768 35.421749 1.251177 -0.974401 0.183122 0.130415 0.617340 0.799092 1 46 1.000000
v_hands
  46 -23.015112 35.771076 0.678720 -0.481895 -0.008543 -0.876187 0.600608 0.773483 1 46 1.000000
  46 -23.281532 35.625534 0.819635 -0.811128 0.107548 -0.574896 0.605611 0.785255 1 46 1.000000
  46 -23.242710 35.848530 0.811433 -0.812583 0.000764 -0.582845 0.608859 0.776555 1 46 1.000000
v_hands
  46 -23.015112 35.771076 0.678720 -0.481895 -0.008543 -0.876187 0.600608 0.773483 1 46 1.000000
  46 -22.798313 35.697292 0.552302 -0.201921 -0.118577 -0.972197 0.590155 0.771090 1 46 1.000000
  46 -23.281532 35.625534 0.819635 -0.811128 0.107548 -0.574896 0.605611 0.785255 1 46 1.000000
v_hands
  46 -22.910088 35.234108 0.606393 -0.091235 -0.035182 -0.995208 0.583380 0.790840 1 46 1.000000
  46 -23.281532 35.625534 0.819635 -0.811128 0.107548 -0.574896 0.605611 0.785255 1 46 1.000000
  46 -22.798313 35.697292 0.552302 -0.201921 -0.118577 -0.972197 0.590155 0.771090 1 46 1.000000
v_hands
  46 -22.910088 35.234108 0.606393 -0.091235 -0.035182 -0.995208 0.583380 0.790840 1 46 1.000000
  46 -23.320360 35.402531 0.827838 -0.758835 0.144659 -0.635015 0.601884 0.793554 1 46 1.000000
  46 -23.281532 35.625534 0.819635 -0.811128 0.107548 -0.574896 0.605611 0.785255 1 46 1.000000
v_hands
  46 -22.466757 35.359947 1.532166 0.730857 -0.204300 0.651237 0.858296 0.242330 1 46 1.000000
  46 -22.756569 35.803249 1.714336 0.098820 -0.021093 0.994882 0.834468 0.242830 1 46 1.000000
  46 -22.849968 35.336147 1.708706 0.113600 -0.062632 0.991550 0.852063 0.263642 1 46 1.000000
v_hands
  46 -22.466757 35.359947 1.532166 0.730857 -0.204300 0.651237 0.858296 0.242330 1 46 1.000000
  46 -22.401716 35.935951 1.492959 0.713140 -0.500019 0.491337 0.839193 0.224732 1 46 1.000000
  46 -22.756569 35.803249 1.714336 0.098820 -0.021093 0.994882 0.834468 0.242830 1 46 1.000000
v_hands
  46 -22.689098 34.840214 1.455159 0.755393 -0.129696 0.642309 0.877852 0.267023 1 46 1.000000
  46 -22.849968 35.336147 1.708706 0.113600 -0.062632 0.991550 0.852063 0.263642 1 46 1.000000
  46 -22.949083 34.863079 1.682729 0.172294 -0.035182 0.984417 0.867649 0.282712 1 46 1.000000
v_hands
  46 -22.689098 34.840214 1.455159 0.755393 -0.129696 0.642309 0.877852 0.267023 1 46 1.000000
  46 -22.466757 35.359947 1.532166 0.730857 -0.204300 0.651237 0.858296 0.242330 1 46 1.000000
  46 -22.849968 35.336147 1.708706 0.113600 -0.062632 0.991550 0.852063 0.263642 1 46 1.000000
v_hands
  46 -23.395693 34.765732 0.785671 -0.750730 0.068061 -0.657093 0.591374 0.815928 1 46 1.000000
  46 -22.910088 35.234108 0.606393 -0.091235 -0.035182 -0.995208 0.583380 0.790840 1 46 1.000000
  47 -23.059292 34.665722 0.625580 -0.072364 -0.052755 -0.995982 0.575638 0.812052 1 47 1.000000
v_hands
  46 -23.395693 34.765732 0.785671 -0.750730 0.068061 -0.657093 0.591374 0.815928 1 46 1.000000
  46 -23.320360 35.402531 0.827838 -0.758835 0.144659 -0.635015 0.601884 0.793554 1 46 1.000000
  46 -22.910088 35.234108 0.606393 -0.091235 -0.035182 -0.995208 0.583380 0.790840 1 46 1.000000
v_hands
  46 -23.281532 35.625534 0.819635 -0.811128 0.107548 -0.574896 0.605611 0.785255 1 46 1.000000
  46 -23.278023 35.926567 0.983343 -0.996024 0.002012 -0.089066 0.616431 0.776424 1 46 1.000000
  46 -23.242710 35.848530 0.811433 -0.812583 0.000764 -0.582845 0.608859 0.776555 1 46 1.000000
v_hands
  46 -23.281532 35.625534 0.819635 -0.811128 0.107548 -0.574896 0.605611 0.785255 1 46 1.000000
  46 -23.270977 36.030941 1.314022 -0.998675 -0.043635 -0.027289 0.629206 0.777057 1 46 1.000000
  46 -23.278023 35.926567 0.983343 -0.996024 0.002012 -0.089066 0.616431 0.776424 1 46 1.000000
v_hands
  46 -23.217295 36.377308 0.692503 -0.753957 -0.143763 -0.640999 0.613120 0.756299 1 46 1.000000
  46 -23.289873 36.359894 0.966357 -0.990171 -0.019895 -0.138438 0.623043 0.761266 1 46 1.000000
  46 -23.267479 36.489616 0.788503 -0.970268 -0.005117 -0.241979 0.618793 0.754260 1 46 1.000000
v_hands
  46 -23.217295 36.377308 0.692503 -0.753957 -0.143763 -0.640999 0.613120 0.756299 1 46 1.000000
  46 -23.228975 36.134220 0.747176 -0.761463 -0.133423 -0.634329 0.611161 0.765611 1 46 1.000000
  46 -23.289873 36.359894 0.966357 -0.990171 -0.019895 -0.138438 0.623043 0.761266 1 46 1.000000
v_hands
  46 -22.401716 35.935951 1.492959 0.713140 -0.500019 0.491337 0.839193 0.224732 1 46 1.000000
  46 -22.661634 35.848351 1.810768 0.664292 -0.675759 0.319479 0.823521 0.242654 1 46 1.000000
  46 -22.756569 35.803249 1.714336 0.243860 -0.960443 0.134465 0.834468 0.242830 1 46 1.000000
v_hands
  46 -22.401716 35.935951 1.492959 0.713140 -0.500019 0.491337 0.839193 0.224732 1 46 1.000000
  46 -22.268234 36.056343 1.504395 0.731565 -0.571071 0.372411 0.833423 0.218844 2 46 0.862227 45 0.137773
  46 -22.661634 35.848351 1.810768 0.664292 -0.675759 0.319479 0.823521 0.242654 1 46 1.000000
v_hands
  46 -22.849968 35.336147 1.708706 0.113600 -0.062632 0.991550 0.852063 0.263642 1 46 1.000000
  46 -23.194475 35.794281 1.597503 -0.722079 -0.493422 0.484909 0.842398 0.255358 1 46 1.000000
  46 -23.218851 35.328724 1.572157 -0.610886 0.088985 0.786702 0.852610 0.277348 1 46 1.000000
v_hands
  46 -22.849968 35.336147 1.708706 0.113600 -0.062632 0.991550 0.852063 0.263642 1 46 1.000000
  46 -22.756569 35.803249 1.714336 0.098820 -0.021093 0.994882 0.834468 0.242830 1 46 1.000000
  46 -23.194475 35.794281 1.597503 -0.722079 -0.493422 0.484909 0.842398 0.255358 1 46 1.000000
v_hands
  46 -22.291065 35.332817 1.037919 0.957197 -0.288687 -0.020791 0.878881 0.226187 1 46 1.000000
  46 -22.401716 35.935951 1.492959 0.713140 -0.500019 0.491337 0.839193 0.224732 1 46 1.000000
  46 -22.466757 35.359947 1.532166 0.730857 -0.204300 0.651237 0.858296 0.242330 1 46 1.000000
v_hands
  46 -22.291065 35.332817 1.037919 0.957197 -0.288687 -0.020791 0.878881 0.226187 1 46 1.000000
  46 -22.166288 35.945389 0.988295 0.853708 -0.520727 -0.005034 0.857767 0.208114 2 46 0.939047 45 0.060953
  46 -22.401716 35.935951 1.492959 0.713140 -0.500019 0.491337 0.839193 0.224732 1 46 1.000000
v_hands
  46 -22.354151 35.814926 0.710502 0.582483 -0.438590 -0.684363 0.878335 0.204590 1 46 1.000000
  46 -22.291065 35.332817 1.037919 0.957197 -0.288687 -0.020791 0.878881 0.226187 1 46 1.000000
  46 -22.472628 35.289536 0.700965 0.621843 -0.225294 -0.750036 0.896002 0.221050 1 46 1.000000
v_hands
  46 -22.354151 35.814926 0.710502 0.582483 -0.438590 -0.684363 0.878335 0.204590 1 46 1.000000
  46 -22.166288 35.945389 0.988295 0.853708 -0.520727 -0.005034 0.857767 0.208114 2 46 0.939047 45 0.060953
  46 -22.291065 35.332817 1.037919 0.957197 -0.288687 -0.020791 0.878881 0.226187 1 46 1.000000
v_hands
  46 -22.798313 35.697292 0.552302 -0.201921 -0.118577 -0.972197 0.590155 0.771090 1 46 1.000000
  46 -22.472628 35.289536 0.700965 0.621843 -0.225294 -0.750036 0.569451 0.781163 1 46 1.000000
  46 -22.910088 35.234108 0.606393 -0.091235 -0.035182 -0.995208 0.583380 0.790840 1 46 1.000000
v_hands
  46 -22.798313 35.697292 0.552302 -0.201921 -0.118577 -0.972197 0.590155 0.771090 1 46 1.000000
  46 -22.354151 35.814926 0.710502 0.582483 -0.438590 -0.684363 0.578640 0.760029 1 46 1.000000
  46 -22.472628 35.289536 0.700965 0.621843 -0.225294 -0.750036 0.569451 0.781163 1 46 1.000000
v_hands
  46 -23.443768 35.421749 1.251177 -0.974401 0.183122 0.130415 0.617340 0.799092 1 46 1.000000
  46 -23.281532 35.625534 0.819635 -0.811128 0.107548 -0.574896 0.605611 0.785255 1 46 1.000000
  46 -23.320360 35.402531 0.827838 -0.758835 0.144659 -0.635015 0.601884 0.793554 1 46 1.000000
v_hands
  46 -23.443768 35.421749 1.251177 -0.974401 0.183122 0.130415 0.617340 0.799092 1 46 1.000000
  46 -23.270977 36.030941 1.314022 -0.998675 -0.043635 -0.027289 0.629206 0.777057 1 46 1.000000
  46 -23.281532 35.625534 0.819635 -0.811128 0.107548 -0.574896 0.605611 0.785255 1 46 1.000000
v_hands
  46 -23.194475 35.794281 1.597503 -0.722079 -0.493422 0.484909 0.638372 0.786456 1 46 1.000000
  46 -23.443768 35.421749 1.251177 -0.974401 0.183122 0.130415 0.617340 0.799092 1 46 1.000000
  46 -23.218851 35.328724 1.572157 -0.610886 0.088985 0.786702 0.631308 0.807446 1 46 1.000000
v_hands
  46 -23.194475 35.794281 1.597503 -0.722079 -0.493422 0.484909 0.638372 0.786456 1 46 1.000000
  46 -23.270977 36.030941 1.314022 -0.998675 -0.043635 -0.027289 0.629206 0.777057 1 46 1.000000
  46 -23.443768 35.421749 1.251177 -0.974401 0.183122 0.130415 0.617340 0.799092 1 46 1.000000
v_hands
  46 -23.228975 36.134220 0.747176 -0.761463 -0.133423 -0.634329 0.611161 0.765611 1 46 1.000000
  46 -23.015112 35.771076 0.678720 -0.481895 -0.008543 -0.876187 0.600608 0.773483 1 46 1.000000
  46 -23.242710 35.848530 0.811433 -0.812583 0.000764 -0.582845 0.608859 0.776555 1 46 1.000000
v_hands
  46 -23.228975 36.134220 0.747176 -0.761463 -0.133423 -0.634329 0.611161 0.765611 1 46 1.000000
  46 -22.902811 36.219604 0.618144 -0.410782 -0.152826 -0.898834 0.604649 0.756437 1 46 1.000000
  46 -23.015112 35.771076 0.678720 -0.481895 -0.008543 -0.876187 0.600608 0.773483 1 46 1.000000
v_hands
  46 -23.289873 36.359894 0.966357 -0.990171 -0.019895 -0.138438 0.623043 0.761266 1 46 1.000000
  46 -23.270977 36.030941 1.314022 -0.998675 -0.043635 -0.027289 0.629206 0.777057 1 46 1.000000
  46 -23.292412 36.744400 1.145072 -0.973374 0.147157 -0.175747 0.635504 0.750059 2 46 0.661909 45 0.338092
v_hands
  46 -23.289873 36.359894 0.966357 -0.990171 -0.019895 -0.138438 0.623043 0.761266 1 46 1.000000
  46 -23.278023 35.926567 0.983343 -0.996024 0.002012 -0.089066 0.616431 0.776424 1 46 1.000000
  46 -23.270977 36.030941 1.314022 -0.998675 -0.043635 -0.027289 0.629206 0.777057 1 46 1.000000
v_hands
  46 -23.015112 35.771076 0.678720 -0.481895 -0.008543 -0.876187 0.600608 0.773483 1 46 1.000000
  46 -22.653864 36.053986 0.454987 -0.180015 -0.243899 -0.952947 0.593684 0.756700 2 46 0.897160 45 0.102840
  46 -22.798313 35.697292 0.552302 -0.201921 -0.118577 -0.972197 0.590155 0.771090 1 46 1.000000
v_hands
  46 -23.015112 35.771076 0.678720 -0.481895 -0.008543 -0.876187 0.600608 0.773483 1 46 1.000000
  46 -22.902811 36.219604 0.618144 -0.410782 -0.152826 -0.898834 0.604649 0.756437 1 46 1.000000
  46 -22.653864 36.053986 0.454987 -0.180015 -0.243899 -0.952947 0.593684 0.756700 2 46 0.897160 45 0.102840
v_hands
  29 -21.377317 39.561787 -0.371179 -0.175569 -0.052755 -0.983053 0.608923 0.606156 1 29 1.000000
  45 -21.253344 38.438660 -0.066762 0.344056 -0.365931 -0.864708 0.583332 0.645444 1 45 1.000000
  45 -21.651979 38.657398 -0.222491 -0.098575 -0.194965 -0.975844 0.602200 0.643415 1 45 1.000000
v_hands
  29 -21.377317 39.561787 -0.371179 -0.175569 -0.052755 -0.983053 0.608923 0.606156 1 29 1.000000
  29 -20.866436 39.537739 -0.383215 0.341172 -0.200380 -0.918395 0.594434 0.598091 1 29 1.000000
  45 -21.253344 38.438660 -0.066762 0.344056 -0.365931 -0.864708 0.583332 0.645444 1 45 1.000000
v_hands
  45 -21.573582 37.066059 0.561913 0.853021 -0.481664 -0.200887 0.846293 0.160614 2 45 0.839696 46 0.160304
  45 -21.086329 38.220963 0.989569 0.833126 -0.472854 0.286896 0.801206 0.122916 1 45 1.000000
  45 -21.657906 37.151684 1.174928 0.824376 -0.348444 0.446083 0.817281 0.171635 2 45 0.867391 46 0.132609
v_hands
  45 -21.573582 37.066059 0.561913 0.853021 -0.481664 -0.200887 0.846293 0.160614 2 45 0.839696 46 0.160304
  45 -20.927797 38.184063 0.284158 0.796187 -0.502480 -0.337047 0.831330 0.111269 1 45 1.000000
  45 -21.086329 38.220963 0.989569 0.833126 -0.472854 0.286896 0.801206 0.122916 1 45 1.000000
v_hands
  45 -21.916609 36.387749 0.790283 0.896581 -0.437267 -0.070280 0.852375 0.186458 2 45 0.527172 46 0.472828
  46 -22.259369 35.987862 0.568707 0.500674 -0.584421 -0.638575 0.878302 0.195065 2 46 0.793339 45 0.206661
  45 -22.083158 36.335686 0.398927 0.490423 -0.424388 -0.761170 0.874821 0.178584 3 45 0.570066 46 0.366776 47 0.063158
v_hands
  45 -21.916609 36.387749 0.790283 0.896581 -0.437267 -0.070280 0.852375 0.186458 2 45 0.527172 46 0.472828
  46 -22.070066 35.987686 0.932587 0.785601 -0.618676 0.008389 0.857890 0.203045 2 46 0.809544 45 0.190456
  46 -22.259369 35.987862 0.568707 0.500674 -0.584421 -0.638575 0.878302 0.195065 2 46 0.793339 45 0.206661
v_hands
  46 -23.261740 36.688812 0.822056 -0.955531 0.129996 -0.264690 0.623140 0.747636 2 46 0.710207 45 0.289793
  46 -23.289873 36.359894 0.966357 -0.990171 -0.019895 -0.138438 0.623043 0.761266 1 46 1.000000
  46 -23.292412 36.744400 1.145072 -0.973374 0.147157 -0.175747 0.635504 0.750059 2 46 0.661909 45 0.338092
v_hands
  46 -23.261740 36.688812 0.822056 -0.955531 0.129996 -0.264690 0.623140 0.747636 2 46 0.710207 45 0.289793
  46 -23.267479 36.489616 0.788503 -0.970268 -0.005117 -0.241979 0.618793 0.754260 1 46 1.000000
  46 -23.289873 36.359894 0.966357 -0.990171 -0.019895 -0.138438 0.623043 0.761266 1 46 1.000000
v_hands
  45 -21.916609 36.387749 0.790283 0.896581 -0.437267 -0.070280 0.852375 0.186458 2 45 0.527172 46 0.472828
  45 -21.804407 37.092125 0.291201 0.419118 -0.382478 -0.823438 0.860890 0.152775 2 45 0.859823 46 0.140177
  45 -21.573582 37.066059 0.561913 0.853021 -0.481664 -0.200887 0.846293 0.160614 2 45 0.839696 46 0.160304
v_hands
  45 -21.916609 36.387749 0.790283 0.896581 -0.437267 -0.070280 0.852375 0.186458 2 45 0.527172 46 0.472828
  45 -22.083158 36.335686 0.398927 0.490423 -0.424388 -0.761170 0.874821 0.178584 3 45 0.570066 46 0.366776 47 0.063158
  45 -21.804407 37.092125 0.291201 0.419118 -0.382478 -0.823438 0.860890 0.152775 2 45 0.859823 46 0.140177
v_hands
  45 -22.447411 37.409153 0.213610 -0.552839 -0.045526 -0.832043 0.605292 0.703554 2 45 0.912311 46 0.087689
  45 -22.787664 36.863438 0.502129 -0.439844 0.135129 -0.887850 0.609937 0.730929 2 45 0.823498 46 0.176502
  45 -22.651981 37.460258 0.451672 -0.655565 0.058635 -0.752859 0.616500 0.707567 2 45 0.858263 46 0.141737
v_hands
  45 -22.447411 37.409153 0.213610 -0.552839 -0.045526 -0.832043 0.605292 0.703554 2 45 0.912311 46 0.087689
  45 -22.690653 36.507790 0.462563 -0.361397 -0.088718 -0.928182 0.601741 0.741480 2 45 0.627884 46 0.372116
  45 -22.787664 36.863438 0.502129 -0.439844 0.135129 -0.887850 0.609937 0.730929 2 45 0.823498 46 0.176502
v_hands
  45 -23.124557 36.839314 0.630942 -0.645431 0.262788 -0.717190 0.617555 0.738115 2 45 0.661909 46 0.338092
  45 -23.175119 37.009705 0.826899 -0.867620 0.371819 -0.330131 0.627625 0.735270 2 45 0.710207 46 0.289793
  45 -23.014072 37.058788 0.639085 -0.639894 0.320606 -0.698389 0.620246 0.728989 2 45 0.823640 46 0.176361
v_hands
  45 -23.124557 36.839314 0.630942 -0.645431 0.262788 -0.717190 0.617555 0.738115 2 45 0.661909 46 0.338092
  45 -23.225719 36.824570 0.748205 -0.875001 0.294441 -0.384289 0.622428 0.741491 2 45 0.660343 46 0.339657
  45 -23.175119 37.009705 0.826899 -0.867620 0.371819 -0.330131 0.627625 0.735270 2 45 0.710207 46 0.289793
v_hands
  45 -21.651979 38.657398 -0.222491 -0.098575 -0.194965 -0.975844 0.602200 0.643415 1 45 1.000000
  29 -21.860050 39.696339 -0.161313 -0.707732 0.101437 -0.699161 0.623470 0.610861 1 29 1.000000
  29 -21.377317 39.561787 -0.371179 -0.175569 -0.052755 -0.983053 0.608923 0.606156 1 29 1.000000
v_hands
  45 -21.651979 38.657398 -0.222491 -0.098575 -0.194965 -0.975844 0.602200 0.643415 1 45 1.000000
  45 -22.111523 38.820919 -0.077990 -0.582118 0.028764 -0.812595 0.614721 0.645985 1 45 1.000000
  29 -21.860050 39.696339 -0.161313 -0.707732 0.101437 -0.699161 0.623470 0.610861 1 29 1.000000
v_hands
  45 -21.086329 38.220963 0.989569 0.833126 -0.472854 0.286896 0.801206 0.122916 1 45 1.000000
  29 -20.463835 39.505917 1.400985 0.849477 -0.368004 0.378103 0.759744 0.084970 1 29 1.000000
  45 -21.299290 38.314976 1.582119 0.763701 -0.462945 0.449935 0.774754 0.135457 1 45 1.000000
v_hands
  45 -21.086329 38.220963 0.989569 0.833126 -0.472854 0.286896 0.801206 0.122916 1 45 1.000000
  29 -20.244038 39.397243 0.737065 0.922465 -0.368360 0.115621 0.787606 0.073983 1 29 1.000000
  29 -20.463835 39.505917 1.400985 0.849477 -0.368004 0.378103 0.759744 0.084970 1 29 1.000000
v_hands
  29 -20.811132 39.634907 2.128440 0.813010 -0.413296 0.410123 0.733823 0.101997 1 29 1.000000
  45 -21.299290 38.314976 1.582119 0.763701 -0.462945 0.449935 0.774754 0.135457 1 45 1.000000
  29 -20.463835 39.505917 1.400985 0.849477 -0.368004 0.378103 0.759744 0.084970 1 29 1.000000
v_hands
  29 -20.811132 39.634907 2.128440 0.813010 -0.413296 0.410123 0.733823 0.101997 1 29 1.000000
  41 -21.573441 38.701729 2.277565 0.776779 -0.465592 0.424073 0.745371 0.146044 1 41 1.000000
  45 -21.299290 38.314976 1.582119 0.763701 -0.462945 0.449935 0.774754 0.135457 1 45 1.000000
v_hands
  45 -22.111523 38.820919 -0.077990 -0.582118 0.028764 -0.812595 0.614721 0.645985 1 45 1.000000
  45 -22.554438 38.201691 0.382887 -0.841602 0.127048 -0.524943 0.625195 0.679478 1 45 1.000000
  45 -22.312469 38.835232 0.150179 -0.836900 0.166363 -0.521462 0.624949 0.651111 1 45 1.000000
v_hands
  45 -22.111523 38.820919 -0.077990 -0.582118 0.028764 -0.812595 0.614721 0.645985 1 45 1.000000
  45 -22.447411 37.409153 0.213610 -0.552839 -0.045526 -0.832043 0.605292 0.703554 2 45 0.912311 46 0.087689
  45 -22.554438 38.201691 0.382887 -0.841602 0.127048 -0.524943 0.625195 0.679478 1 45 1.000000
v_hands
  45 -20.927797 38.184063 0.284158 0.796187 -0.502480 -0.337047 0.831330 0.111269 1 45 1.000000
  29 -20.244038 39.397243 0.737065 0.922465 -0.368360 0.115621 0.787606 0.073983 1 29 1.000000
  45 -21.086329 38.220963 0.989569 0.833126 -0.472854 0.286896 0.801206 0.122916 1 45 1.000000
v_hands
  45 -20.927797 38.184063 0.284158 0.796187 -0.502480 -0.337047 0.831330 0.111269 1 45 1.000000
  29 -20.357904 39.393913 0.081270 0.832859 -0.335361 -0.440316 0.816094 0.066419 1 29 1.000000
  29 -20.244038 39.397243 0.737065 0.922465 -0.368360 0.115621 0.787606 0.073983 1 29 1.000000
v_hands
  29 -20.357904 39.393913 0.081270 0.832859 -0.335361 -0.440316 0.816094 0.066419 1 29 1.000000
  45 -21.253344 38.438660 -0.066762 0.344056 -0.365931 -0.864708 0.848060 0.100758 1 45 1.000000
  29 -20.866436 39.537739 -0.383215 0.341172 -0.200380 -0.918395 0.843524 0.063541 1 29 1.000000
v_hands
  29 -20.357904 39.393913 0.081270 0.832859 -0.335361 -0.440316 0.816094 0.066419 1 29 1.000000
  45 -20.927797 38.184063 0.284158 0.796187 -0.502480 -0.337047 0.831330 0.111269 1 45 1.000000
  45 -21.253344 38.438660 -0.066762 0.344056 -0.365931 -0.864708 0.848060 0.100758 1 45 1.000000
v_hands
  45 -21.916609 36.387749 0.790283 0.896581 -0.437267 -0.070280 0.852375 0.186458 2 45 0.527172 46 0.472828
  45 -21.657906 37.151684 1.174928 0.824376 -0.348444 0.446083 0.817281 0.171635 2 45 0.867391 46 0.132609
  46 -22.077288 36.394638 1.342219 0.838720 -0.300265 0.454302 0.828498 0.202866 2 46 0.565311 45 0.434689
v_hands
  45 -21.916609 36.387749 0.790283 0.896581 -0.437267 -0.070280 0.852375 0.186458 2 45 0.527172 46 0.472828
  45 -21.573582 37.066059 0.561913 0.853021 -0.481664 -0.200887 0.846293 0.160614 2 45 0.839696 46 0.160304
  45 -21.657906 37.151684 1.174928 0.824376 -0.348444 0.446083 0.817281 0.171635 2 45 0.867391 46 0.132609
v_hands
  45 -22.125273 37.260990 0.198607 -0.073477 -0.214485 -0.973959 0.598942 0.703971 2 45 0.922064 46 0.077936
  45 -21.253344 38.438660 -0.066762 0.344056 -0.365931 -0.864708 0.583332 0.645444 1 45 1.000000
  45 -21.804407 37.092125 0.291201 0.419118 -0.382478 -0.823438 0.584231 0.705032 2 45 0.859823 46 0.140177
v_hands
  45 -22.125273 37.260990 0.198607 -0.073477 -0.214485 -0.973959 0.598942 0.703971 2 45 0.922064 46 0.077936
  45 -21.651979 38.657398 -0.222491 -0.098575 -0.194965 -0.975844 0.602200 0.643415 1 45 1.000000
  45 -21.253344 38.438660 -0.066762 0.344056 -0.365931 -0.864708 0.583332 0.645444 1 45 1.000000
v_hands
  45 -22.554438 38.201691 0.382887 -0.841602 0.127048 -0.524943 0.625195 0.679478 1 45 1.000000
  45 -22.450233 38.980740 0.550910 -0.864939 0.199692 -0.460439 0.642594 0.652860 1 45 1.000000
  45 -22.312469 38.835232 0.150179 -0.836900 0.166363 -0.521462 0.624949 0.651111 1 45 1.000000
v_hands
  45 -22.554438 38.201691 0.382887 -0.841602 0.127048 -0.524943 0.625195 0.679478 1 45 1.000000
  45 -23.001432 37.554279 1.129606 -0.902801 0.243798 -0.354278 0.645103 0.717486 2 45 0.876286 46 0.123715
  45 -22.450233 38.980740 0.550910 -0.864939 0.199692 -0.460439 0.642594 0.652860 1 45 1.000000
v_hands
  46 -22.653864 36.053986 0.454987 -0.180015 -0.243899 -0.952947 0.593684 0.756700 2 46 0.897160 45 0.102840
  46 -22.354151 35.814926 0.710502 0.582483 -0.438590 -0.684363 0.578640 0.760029 1 46 1.000000
  46 -22.798313 35.697292 0.552302 -0.201921 -0.118577 -0.972197 0.590155 0.771090 1 46 1.000000
v_hands
  46 -22.653864 36.053986 0.454987 -0.180015 -0.243899 -0.952947 0.593684 0.756700 2 46 0.897160 45 0.102840
  46 -22.259369 35.987862 0.568707 0.500674 -0.584421 -0.638575 0.578223 0.752451 2 46 0.793339 45 0.206661
  46 -22.354151 35.814926 0.710502 0.582483 -0.438590 -0.684363 0.578640 0.760029 1 46 1.000000
v_hands
  46 -23.204763 36.637947 0.633880 -0.744386 0.035408 -0.666809 0.615220 0.746315 2 46 0.710207 45 0.289793
  45 -23.225719 36.824570 0.748205 -0.875001 0.294441 -0.384289 0.622428 0.741491 2 45 0.660343 46 0.339657
  45 -23.124557 36.839314 0.630942 -0.645431 0.262788 -0.717190 0.617555 0.738115 2 45 0.661909 46 0.338092
v_hands
  46 -23.204763 36.637947 0.633880 -0.744386 0.035408 -0.666809 0.615220 0.746315 2 46 0.710207 45 0.289793
  46 -23.261740 36.688812 0.822056 -0.955531 0.129996 -0.264690 0.623140 0.747636 2 46 0.710207 45 0.289793
  45 -23.225719 36.824570 0.748205 -0.875001 0.294441 -0.384289 0.622428 0.741491 2 45 0.660343 46 0.339657
v_hands
  46 -22.963182 36.563534 0.501819 -0.348219 -0.090086 -0.933074 0.606893 0.743879 2 46 0.758506 45 0.241494
  46 -22.902811 36.219604 0.618144 -0.410782 -0.152826 -0.898834 0.604649 0.756437 1 46 1.000000
  46 -23.038542 36.384377 0.584826 -0.359970 -0.274852 -0.891559 0.607629 0.752208 1 46 1.000000
v_hands
  46 -22.963182 36.563534 0.501819 -0.348219 -0.090086 -0.933074 0.606893 0.743879 2 46 0.758506 45 0.241494
  45 -22.690653 36.507790 0.462563 -0.361397 -0.088718 -0.928182 0.601741 0.741480 2 45 0.627884 46 0.372116
  46 -22.902811 36.219604 0.618144 -0.410782 -0.152826 -0.898834 0.604649 0.756437 1 46 1.000000
v_hands
  45 -21.804407 37.092125 0.291201 0.419118 -0.382478 -0.823438 0.860890 0.152775 2 45 0.859823 46 0.140177
  45 -20.927797 38.184063 0.284158 0.796187 -0.502480 -0.337047 0.831330 0.111269 1 45 1.000000
  45 -21.573582 37.066059 0.561913 0.853021 -0.481664 -0.200887 0.846293 0.160614 2 45 0.839696 46 0.160304
v_hands
  45 -21.804407 37.092125 0.291201 0.419118 -0.382478 -0.823438 0.860890 0.152775 2 45 0.859823 46 0.140177
  45 -21.253344 38.438660 -0.066762 0.344056 -0.365931 -0.864708 0.848060 0.100758 1 45 1.000000
  45 -20.927797 38.184063 0.284158 0.796187 -0.502480 -0.337047 0.831330 0.111269 1 45 1.000000
v_hands
  45 -22.111523 38.820919 -0.077990 -0.582118 0.028764 -0.812595 0.614721 0.645985 1 45 1.000000
  45 -22.450233 38.980740 0.550910 -0.864939 0.199692 -0.460439 0.642594 0.652860 1 45 1.000000
  29 -21.860050 39.696339 -0.161313 -0.707732 0.101437 -0.699161 0.623470 0.610861 1 29 1.000000
v_hands
  45 -22.111523 38.820919 -0.077990 -0.582118 0.028764 -0.812595 0.614721 0.645985 1 45 1.000000
  45 -22.312469 38.835232 0.150179 -0.836900 0.166363 -0.521462 0.624949 0.651111 1 45 1.000000
  45 -22.450233 38.980740 0.550910 -0.864939 0.199692 -0.460439 0.642594 0.652860 1 45 1.000000
v_hands
  45 -22.690653 36.507790 0.462563 -0.361397 -0.088718 -0.928182 0.601741 0.741480 2 45 0.627884 46 0.372116
  45 -22.125273 37.260990 0.198607 -0.073477 -0.214485 -0.973959 0.598942 0.703971 2 45 0.922064 46 0.077936
  45 -22.508009 36.415985 0.380520 -0.155404 -0.192145 -0.968984 0.595479 0.741095 2 45 0.579585 46 0.420415
v_hands
  45 -22.690653 36.507790 0.462563 -0.361397 -0.088718 -0.928182 0.601741 0.741480 2 45 0.627884 46 0.372116
  45 -22.447411 37.409153 0.213610 -0.552839 -0.045526 -0.832043 0.605292 0.703554 2 45 0.912311 46 0.087689
  45 -22.125273 37.260990 0.198607 -0.073477 -0.214485 -0.973959 0.598942 0.703971 2 45 0.922064 46 0.077936
v_hands
  45 -23.014072 37.058788 0.639085 -0.639894 0.320606 -0.698389 0.620246 0.728989 2 45 0.823640 46 0.176361
  45 -22.991058 36.733673 0.515124 -0.338709 0.162701 -0.926717 0.610424 0.738500 2 45 0.667773 46 0.332227
  45 -23.124557 36.839314 0.630942 -0.645431 0.262788 -0.717190 0.617555 0.738115 2 45 0.661909 46 0.338092
v_hands
  45 -23.014072 37.058788 0.639085 -0.639894 0.320606 -0.698389 0.620246 0.728989 2 45 0.823640 46 0.176361
  45 -22.787664 36.863438 0.502129 -0.439844 0.135129 -0.887850 0.609937 0.730929 2 45 0.823498 46 0.176502
  45 -22.991058 36.733673 0.515124 -0.338709 0.162701 -0.926717 0.610424 0.738500 2 45 0.667773 46 0.332227
v_hands
  45 -23.175119 37.009705 0.826899 -0.867620 0.371819 -0.330131 0.627625 0.735270 2 45 0.710207 46 0.289793
  45 -23.001432 37.554279 1.129606 -0.902801 0.243798 -0.354278 0.645103 0.717486 2 45 0.876286 46 0.123715
  45 -22.869081 37.521664 0.783093 -0.880901 0.339298 -0.329985 0.631225 0.712533 2 45 0.855104 46 0.144896
v_hands
  45 -23.175119 37.009705 0.826899 -0.867620 0.371819 -0.330131 0.627625 0.735270 2 45 0.710207 46 0.289793
  46 -23.292412 36.744400 1.145072 -0.973374 0.147157 -0.175747 0.635504 0.750059 2 46 0.661909 45 0.338092
  45 -23.001432 37.554279 1.129606 -0.902801 0.243798 -0.354278 0.645103 0.717486 2 45 0.876286 46 0.123715
v_hands
  45 -22.651981 37.460258 0.451672 -0.655565 0.058635 -0.752859 0.616500 0.707567 2 45 0.858263 46 0.141737
  45 -23.014072 37.058788 0.639085 -0.639894 0.320606 -0.698389 0.620246 0.728989 2 45 0.823640 46 0.176361
  45 -22.824236 37.506432 0.624041 -0.781333 0.199307 -0.591435 0.625020 0.710495 2 45 0.867436 46 0.132565
v_hands
  45 -22.651981 37.460258 0.451672 -0.655565 0.058635 -0.752859 0.616500 0.707567 2 45 0.858263 46 0.141737
  45 -22.787664 36.863438 0.502129 -0.439844 0.135129 -0.887850 0.609937 0.730929 2 45 0.823498 46 0.176502
  45 -23.014072 37.058788 0.639085 -0.639894 0.320606 -0.698389 0.620246 0.728989 2 45 0.823640 46 0.176361
v_hands
  46 -23.261740 36.688812 0.822056 -0.955531 0.129996 -0.264690 0.623140 0.747636 2 46 0.710207 45 0.289793
  45 -23.175119 37.009705 0.826899 -0.867620 0.371819 -0.330131 0.627625 0.735270 2 45 0.710207 46 0.289793
  45 -23.225719 36.824570 0.748205 -0.875001 0.294441 -0.384289 0.622428 0.741491 2 45 0.660343 46 0.339657
v_hands
  46 -23.261740 36.688812 0.822056 -0.955531 0.129996 -0.264690 0.623140 0.747636 2 46 0.710207 45 0.289793
  46 -23.292412 36.744400 1.145072 -0.973374 0.147157 -0.175747 0.635504 0.750059 2 46 0.661909 45 0.338092
  45 -23.175119 37.009705 0.826899 -0.867620 0.371819 -0.330131 0.627625 0.735270 2 45 0.710207 46 0.289793
v_hands
  46 -23.204763 36.637947 0.633880 -0.744386 0.035408 -0.666809 0.615220 0.746315 2 46 0.710207 45 0.289793
  46 -23.038542 36.384377 0.584826 -0.359970 -0.274852 -0.891559 0.607629 0.752208 1 46 1.000000
  46 -23.217295 36.377308 0.692503 -0.753957 -0.143763 -0.640999 0.613120 0.756299 1 46 1.000000
v_hands
  46 -23.204763 36.637947 0.633880 -0.744386 0.035408 -0.666809 0.615220 0.746315 2 46 0.710207 45 0.289793
  46 -22.963182 36.563534 0.501819 -0.348219 -0.090086 -0.933074 0.606893 0.743879 2 46 0.758506 45 0.241494
  46 -23.038542 36.384377 0.584826 -0.359970 -0.274852 -0.891559 0.607629 0.752208 1 46 1.000000
v_hands
  46 -22.077288 36.394638 1.342219 0.838720 -0.300265 0.454302 0.828498 0.202866 2 46 0.565311 45 0.434689
  45 -22.098705 36.806202 1.505564 0.819760 -0.214319 0.531093 0.812414 0.196765 2 45 0.809194 46 0.190806
  45 -22.291780 36.444355 1.694400 0.831439 -0.292949 0.472113 0.814305 0.212861 3 45 0.524834 46 0.423298 47 0.051868
v_hands
  46 -22.077288 36.394638 1.342219 0.838720 -0.300265 0.454302 0.828498 0.202866 2 46 0.565311 45 0.434689
  45 -21.657906 37.151684 1.174928 0.824376 -0.348444 0.446083 0.817281 0.171635 2 45 0.867391 46 0.132609
  45 -22.098705 36.806202 1.505564 0.819760 -0.214319 0.531093 0.812414 0.196765 2 45 0.809194 46 0.190806
v_hands
  45 -22.824236 37.506432 0.624041 -0.781333 0.199307 -0.591435 0.625020 0.710495 2 45 0.867436 46 0.132565
  45 -22.447411 37.409153 0.213610 -0.552839 -0.045526 -0.832043 0.605292 0.703554 2 45 0.912311 46 0.087689
  45 -22.651981 37.460258 0.451672 -0.655565 0.058635 -0.752859 0.616500 0.707567 2 45 0.858263 46 0.141737
v_hands
  45 -22.824236 37.506432 0.624041 -0.781333 0.199307 -0.591435 0.625020 0.710495 2 45 0.867436 46 0.132565
  45 -22.554438 38.201691 0.382887 -0.841602 0.127048 -0.524943 0.625195 0.679478 1 45 1.000000
  45 -22.447411 37.409153 0.213610 -0.552839 -0.045526 -0.832043 0.605292 0.703554 2 45 0.912311 46 0.087689
v_hands
  45 -22.447411 37.409153 0.213610 -0.552839 -0.045526 -0.832043 0.605292 0.703554 2 45 0.912311 46 0.087689
  45 -21.651979 38.657398 -0.222491 -0.098575 -0.194965 -0.975844 0.602200 0.643415 1 45 1.000000
  45 -22.125273 37.260990 0.198607 -0.073477 -0.214485 -0.973959 0.598942 0.703971 2 45 0.922064 46 0.077936
v_hands
  45 -22.447411 37.409153 0.213610 -0.552839 -0.045526 -0.832043 0.605292 0.703554 2 45 0.912311 46 0.087689
  45 -22.111523 38.820919 -0.077990 -0.582118 0.028764 -0.812595 0.614721 0.645985 1 45 1.000000
  45 -21.651979 38.657398 -0.222491 -0.098575 -0.194965 -0.975844 0.602200 0.643415 1 45 1.000000
v_hands
  46 -22.166288 35.945389 0.988295 0.853708 -0.520727 -0.005034 0.857767 0.208114 2 46 0.939047 45 0.060953
  46 -22.268234 36.056343 1.504395 0.731565 -0.571071 0.372411 0.833423 0.218844 2 46 0.862227 45 0.137773
  46 -22.401716 35.935951 1.492959 0.713140 -0.500019 0.491337 0.839193 0.224732 1 46 1.000000
v_hands
  46 -22.166288 35.945389 0.988295 0.853708 -0.520727 -0.005034 0.857767 0.208114 2 46 0.939047 45 0.060953
  46 -22.070066 35.987686 0.932587 0.785601 -0.618676 0.008389 0.857890 0.203045 2 46 0.809544 45 0.190456
  46 -22.268234 36.056343 1.504395 0.731565 -0.571071 0.372411 0.833423 0.218844 2 46 0.862227 45 0.137773
v_hands
  45 -21.657906 37.151684 1.174928 0.824376 -0.348444 0.446083 0.817281 0.171635 2 45 0.867391 46 0.132609
  45 -21.299290 38.314976 1.582119 0.763701 -0.462945 0.449935 0.774754 0.135457 1 45 1.000000
  45 -22.036230 37.313572 1.613447 0.822718 -0.339886 0.455646 0.797339 0.183032 1 45 1.000000
v_hands
  45 -21.657906 37.151684 1.174928 0.824376 -0.348444 0.446083 0.817281 0.171635 2 45 0.867391 46 0.132609
  45 -21.086329 38.220963 0.989569 0.833126 -0.472854 0.286896 0.801206 0.122916 1 45 1.000000
  45 -21.299290 38.314976 1.582119 0.763701 -0.462945 0.449935 0.774754 0.135457 1 45 1.000000
v_hands
  45 -22.824236 37.506432 0.624041 -0.781333 0.199307 -0.591435 0.625020 0.710495 2 45 0.867436 46 0.132565
  45 -23.001432 37.554279 1.129606 -0.902801 0.243798 -0.354278 0.645103 0.717486 2 45 0.876286 46 0.123715
  45 -22.554438 38.201691 0.382887 -0.841602 0.127048 -0.524943 0.625195 0.679478 1 45 1.000000
v_hands
  45 -22.824236 37.506432 0.624041 -0.781333 0.199307 -0.591435 0.625020 0.710495 2 45 0.867436 46 0.132565
  45 -22.869081 37.521664 0.783093 -0.880901 0.339298 -0.329985 0.631225 0.712533 2 45 0.855104 46 0.144896
  45 -23.001432 37.554279 1.129606 -0.902801 0.243798 -0.354278 0.645103 0.717486 2 45 0.876286 46 0.123715
v_hands
  45 -23.014072 37.058788 0.639085 -0.639894 0.320606 -0.698389 0.620246 0.728989 2 45 0.823640 46 0.176361
  45 -22.869081 37.521664 0.783093 -0.880901 0.339298 -0.329985 0.631225 0.712533 2 45 0.855104 46 0.144896
  45 -22.824236 37.506432 0.624041 -0.781333 0.199307 -0.591435 0.625020 0.710495 2 45 0.867436 46 0.132565
v_hands
  45 -23.014072 37.058788 0.639085 -0.639894 0.320606 -0.698389 0.620246 0.728989 2 45 0.823640 46 0.176361
  45 -23.175119 37.009705 0.826899 -0.867620 0.371819 -0.330131 0.627625 0.735270 2 45 0.710207 46 0.289793
  45 -22.869081 37.521664 0.783093 -0.880901 0.339298 -0.329985 0.631225 0.712533 2 45 0.855104 46 0.144896
v_hands
  46 -23.204763 36.637947 0.633880 -0.744386 0.035408 -0.666809 0.615220 0.746315 2 46 0.710207 45 0.289793
  46 -23.267479 36.489616 0.788503 -0.970268 -0.005117 -0.241979 0.618793 0.754260 1 46 1.000000
  46 -23.261740 36.688812 0.822056 -0.955531 0.129996 -0.264690 0.623140 0.747636 2 46 0.710207 45 0.289793
v_hands
  46 -23.204763 36.637947 0.633880 -0.744386 0.035408 -0.666809 0.615220 0.746315 2 46 0.710207 45 0.289793
  46 -23.217295 36.377308 0.692503 -0.753957 -0.143763 -0.640999 0.613120 0.756299 1 46 1.000000
  46 -23.267479 36.489616 0.788503 -0.970268 -0.005117 -0.241979 0.618793 0.754260 1 46 1.000000
v_hands
  46 -23.204763 36.637947 0.633880 -0.744386 0.035408 -0.666809 0.615220 0.746315 2 46 0.710207 45 0.289793
  45 -22.991058 36.733673 0.515124 -0.338709 0.162701 -0.926717 0.610424 0.738500 2 45 0.667773 46 0.332227
  46 -22.963182 36.563534 0.501819 -0.348219 -0.090086 -0.933074 0.606893 0.743879 2 46 0.758506 45 0.241494
v_hands
  46 -23.204763 36.637947 0.633880 -0.744386 0.035408 -0.666809 0.615220 0.746315 2 46 0.710207 45 0.289793
  45 -23.124557 36.839314 0.630942 -0.645431 0.262788 -0.717190 0.617555 0.738115 2 45 0.661909 46 0.338092
  45 -22.991058 36.733673 0.515124 -0.338709 0.162701 -0.926717 0.610424 0.738500 2 45 0.667773 46 0.332227
v_hands
  29 -22.586071 40.418415 1.350197 -0.909906 0.116636 -0.398080 0.695042 0.614343 1 29 1.000000
  45 -22.450233 38.980740 0.550910 -0.864939 0.199692 -0.460439 0.642594 0.652860 1 45 1.000000
  41 -22.739367 39.320652 1.226871 -0.894888 0.184033 -0.406581 0.674503 0.653320 1 41 1.000000
v_hands
  29 -22.586071 40.418415 1.350197 -0.909906 0.116636 -0.398080 0.695042 0.614343 1 29 1.000000
  29 -21.860050 39.696339 -0.161313 -0.707732 0.101437 -0.699161 0.623470 0.610861 1 29 1.000000
  45 -22.450233 38.980740 0.550910 -0.864939 0.199692 -0.460439 0.642594 0.652860 1 45 1.000000
v_hands
  46 -22.963182 36.563534 0.501819 -0.348219 -0.090086 -0.933074 0.606893 0.743879 2 46 0.758506 45 0.241494
  45 -22.787664 36.863438 0.502129 -0.439844 0.135129 -0.887850 0.609937 0.730929 2 45 0.823498 46 0.176502
  45 -22.690653 36.507790 0.462563 -0.361397 -0.088718 -0.928182 0.601741 0.741480 2 45 0.627884 46 0.372116
v_hands
  46 -22.963182 36.563534 0.501819 -0.348219 -0.090086 -0.933074 0.606893 0.743879 2 46 0.758506 45 0.241494
  45 -22.991058 36.733673 0.515124 -0.338709 0.162701 -0.926717 0.610424 0.738500 2 45 0.667773 46 0.332227
  45 -22.787664 36.863438 0.502129 -0.439844 0.135129 -0.887850 0.609937 0.730929 2 45 0.823498 46 0.176502
v_hands
  45 -22.036230 37.313572 1.613447 0.822718 -0.339886 0.455646 0.797339 0.183032 1 45 1.000000
  45 -22.098705 36.806202 1.505564 0.819760 -0.214319 0.531093 0.812414 0.196765 2 45 0.809194 46 0.190806
  45 -21.657906 37.151684 1.174928 0.824376 -0.348444 0.446083 0.817281 0.171635 2 45 0.867391 46 0.132609
v_hands
  45 -22.036230 37.313572 1.613447 0.822718 -0.339886 0.455646 0.797339 0.183032 1 45 1.000000
  45 -22.252239 36.851997 1.828541 0.910855 -0.223154 0.347197 0.799345 0.205866 1 45 1.000000
  45 -22.098705 36.806202 1.505564 0.819760 -0.214319 0.531093 0.812414 0.196765 2 45 0.809194 46 0.190806
v_hands
  46 -22.653864 36.053986 0.454987 -0.180015 -0.243899 -0.952947 0.593684 0.756700 2 46 0.897160 45 0.102840
  45 -22.690653 36.507790 0.462563 -0.361397 -0.088718 -0.928182 0.601741 0.741480 2 45 0.627884 46 0.372116
  45 -22.508009 36.415985 0.380520 -0.155404 -0.192145 -0.968984 0.595479 0.741095 2 45 0.579585 46 0.420415
v_hands
  46 -22.653864 36.053986 0.454987 -0.180015 -0.243899 -0.952947 0.593684 0.756700 2 46 0.897160 45 0.102840
  46 -22.902811 36.219604 0.618144 -0.410782 -0.152826 -0.898834 0.604649 0.756437 1 46 1.000000
  45 -22.690653 36.507790 0.462563 -0.361397 -0.088718 -0.928182 0.601741 0.741480 2 45 0.627884 46 0.372116
v_hands
  46 -22.259369 35.987862 0.568707 0.500674 -0.584421 -0.638575 0.578223 0.752451 2 46 0.793339 45 0.206661
  45 -22.508009 36.415985 0.380520 -0.155404 -0.192145 -0.968984 0.595479 0.741095 2 45 0.579585 46 0.420415
  45 -22.083158 36.335686 0.398927 0.490423 -0.424388 -0.761170 0.579273 0.736589 3 45 0.570066 46 0.366776 47 0.063158
v_hands
  46 -22.259369 35.987862 0.568707 0.500674 -0.584421 -0.638575 0.578223 0.752451 2 46 0.793339 45 0.206661
  46 -22.653864 36.053986 0.454987 -0.180015 -0.243899 -0.952947 0.593684 0.756700 2 46 0.897160 45 0.102840
  45 -22.508009 36.415985 0.380520 -0.155404 -0.192145 -0.968984 0.595479 0.741095 2 45 0.579585 46 0.420415
v_hands
  46 -22.354151 35.814926 0.710502 0.582483 -0.438590 -0.684363 0.878335 0.204590 1 46 1.000000
  46 -22.070066 35.987686 0.932587 0.785601 -0.618676 0.008389 0.857890 0.203045 2 46 0.809544 45 0.190456
  46 -22.166288 35.945389 0.988295 0.853708 -0.520727 -0.005034 0.857767 0.208114 2 46 0.939047 45 0.060953
v_hands
  46 -22.354151 35.814926 0.710502 0.582483 -0.438590 -0.684363 0.878335 0.204590 1 46 1.000000
  46 -22.259369 35.987862 0.568707 0.500674 -0.584421 -0.638575 0.878302 0.195065 2 46 0.793339 45 0.206661
  46 -22.070066 35.987686 0.932587 0.785601 -0.618676 0.008389 0.857890 0.203045 2 46 0.809544 45 0.190456
v_hands
  46 -22.077288 36.394638 1.342219 0.838720 -0.300265 0.454302 0.828498 0.202866 2 46 0.565311 45 0.434689
  46 -22.070066 35.987686 0.932587 0.785601 -0.618676 0.008389 0.857890 0.203045 2 46 0.809544 45 0.190456
  45 -21.916609 36.387749 0.790283 0.896581 -0.437267 -0.070280 0.852375 0.186458 2 45 0.527172 46 0.472828
v_hands
  46 -22.077288 36.394638 1.342219 0.838720 -0.300265 0.454302 0.828498 0.202866 2 46 0.565311 45 0.434689
  46 -22.268234 36.056343 1.504395 0.731565 -0.571071 0.372411 0.833423 0.218844 2 46 0.862227 45 0.137773
  46 -22.070066 35.987686 0.932587 0.785601 -0.618676 0.008389 0.857890 0.203045 2 46 0.809544 45 0.190456
v_hands
  46 -22.949083 34.863079 1.682729 0.172294 -0.035182 0.984417 0.867649 0.282712 1 46 1.000000
  47 -23.296608 34.610458 1.609977 -0.622724 0.028042 0.781938 0.864449 0.306978 1 47 1.000000
  47 -22.981546 34.593262 1.693219 0.201945 0.049725 0.978134 0.875978 0.295415 1 47 1.000000
v_hands
  46 -22.949083 34.863079 1.682729 0.172294 -0.035182 0.984417 0.867649 0.282712 1 46 1.000000
  46 -23.314478 34.888706 1.600331 -0.599784 0.060270 0.797889 0.854289 0.294218 1 46 1.000000
  47 -23.296608 34.610458 1.609977 -0.622724 0.028042 0.781938 0.864449 0.306978 1 47 1.000000
v_hands
  47 -22.981546 34.593262 1.693219 0.201945 0.049725 0.978134 0.875978 0.295415 1 47 1.000000
  46 -22.689098 34.840214 1.455159 0.755393 -0.129696 0.642309 0.877852 0.267023 1 46 1.000000
  46 -22.949083 34.863079 1.682729 0.172294 -0.035182 0.984417 0.867649 0.282712 1 46 1.000000
v_hands
  47 -22.981546 34.593262 1.693219 0.201945 0.049725 0.978134 0.875978 0.295415 1 47 1.000000
  47 -22.670469 34.554787 1.470377 0.778516 0.027621 0.627016 0.885867 0.278887 1 47 1.000000
  46 -22.689098 34.840214 1.455159 0.755393 -0.129696 0.642309 0.877852 0.267023 1 46 1.000000
v_hands
  46 -22.509584 34.793034 1.103520 0.977218 -0.211857 0.012701 0.893904 0.255241 1 46 1.000000
  47 -22.699795 34.517513 0.768673 0.642077 -0.115189 -0.757937 0.921568 0.258800 1 47 1.000000
  46 -22.661823 34.792027 0.742343 0.643053 -0.208375 -0.736928 0.913306 0.247578 1 46 1.000000
v_hands
  46 -22.509584 34.793034 1.103520 0.977218 -0.211857 0.012701 0.893904 0.255241 1 46 1.000000
  47 -22.505846 34.533352 1.159567 0.999447 -0.032824 -0.005229 0.900336 0.267151 1 47 1.000000
  47 -22.699795 34.517513 0.768673 0.642077 -0.115189 -0.757937 0.921568 0.258800 1 47 1.000000
v_hands
  47 -23.473356 33.575752 1.300432 -0.998832 -0.031344 -0.036782 0.586202 0.868000 1 47 1.000000
  47 -23.352222 34.007637 0.942282 -0.808162 -0.159280 -0.567013 0.580757 0.842891 1 47 1.000000
  48 -23.328012 33.510735 1.015241 -0.827021 -0.086093 -0.555540 0.572196 0.863354 1 48 1.000000
v_hands
  47 -23.473356 33.575752 1.300432 -0.998832 -0.031344 -0.036782 0.586202 0.868000 1 47 1.000000
  47 -23.487503 34.051216 1.231825 -0.997972 -0.060787 0.018898 0.594186 0.847923 1 47 1.000000
  47 -23.352222 34.007637 0.942282 -0.808162 -0.159280 -0.567013 0.580757 0.842891 1 47 1.000000
v_hands
  47 -22.999823 33.643738 1.765674 0.660603 0.163381 0.732742 0.907564 0.335391 1 47 1.000000
  47 -22.683622 34.033550 1.490381 0.812660 -0.035049 0.581683 0.902930 0.299887 1 47 1.000000
  47 -22.987848 34.086308 1.740164 0.183955 0.035059 0.982309 0.892100 0.316227 1 47 1.000000
v_hands
  47 -22.999823 33.643738 1.765674 0.660603 0.163381 0.732742 0.907564 0.335391 1 47 1.000000
  47 -22.702280 33.592167 1.477658 0.855387 0.114112 0.505264 0.920495 0.319013 1 47 1.000000
  47 -22.683622 34.033550 1.490381 0.812660 -0.035049 0.581683 0.902930 0.299887 1 47 1.000000
v_hands
  47 -22.783260 33.586994 0.831778 0.559172 -0.123068 -0.819866 0.954799 0.302696 1 47 1.000000
  47 -22.536198 34.046215 1.116761 0.992375 -0.107081 -0.061036 0.919777 0.283998 1 47 1.000000
  47 -22.636282 33.562935 1.153715 0.990692 -0.032857 -0.132095 0.935918 0.307862 1 47 1.000000
v_hands
  47 -22.783260 33.586994 0.831778 0.559172 -0.123068 -0.819866 0.954799 0.302696 1 47 1.000000
  47 -22.726336 34.035130 0.793347 0.594532 -0.131549 -0.793238 0.936236 0.282670 1 47 1.000000
  47 -22.536198 34.046215 1.116761 0.992375 -0.107081 -0.061036 0.919777 0.283998 1 47 1.000000
v_hands
  47 -22.987848 34.086308 1.740164 0.183955 0.035059 0.982309 0.892100 0.316227 1 47 1.000000
  47 -23.364563 33.704407 1.602711 -0.713075 0.049083 0.699367 0.889766 0.344913 1 47 1.000000
  47 -22.999823 33.643738 1.765674 -0.383275 0.072004 0.920823 0.907564 0.335391 1 47 1.000000
v_hands
  47 -22.987848 34.086308 1.740164 0.183955 0.035059 0.982309 0.892100 0.316227 1 47 1.000000
  47 -23.328878 34.147747 1.628340 -0.678479 0.039838 0.733539 0.875559 0.325805 1 47 1.000000
  47 -23.364563 33.704407 1.602711 -0.713075 0.049083 0.699367 0.889766 0.344913 1 47 1.000000
v_hands
  47 -23.059292 34.665722 0.625580 -0.072364 -0.052755 -0.995982 0.575638 0.812052 1 47 1.000000
  47 -22.699795 34.517513 0.768673 0.642077 -0.115189 -0.757937 0.560000 0.811194 1 47 1.000000
  47 -23.094009 34.365913 0.650982 -0.118225 -0.141666 -0.982829 0.572392 0.823033 1 47 1.000000
v_hands
  47 -23.059292 34.665722 0.625580 -0.072364 -0.052755 -0.995982 0.575638 0.812052 1 47 1.000000
  46 -22.661823 34.792027 0.742343 0.643053 -0.208375 -0.736928 0.564286 0.800901 1 46 1.000000
  47 -22.699795 34.517513 0.768673 0.642077 -0.115189 -0.757937 0.560000 0.811194 1 47 1.000000
v_hands
  47 -22.783260 33.586994 0.831778 0.559172 -0.123068 -0.819866 0.547484 0.848505 1 47 1.000000
  47 -23.124901 33.916695 0.740640 -0.246389 -0.164988 -0.955024 0.566890 0.840848 1 47 1.000000
  47 -22.726336 34.035130 0.793347 0.594532 -0.131549 -0.793238 0.553541 0.830235 1 47 1.000000
v_hands
  47 -22.783260 33.586994 0.831778 0.559172 -0.123068 -0.819866 0.547484 0.848505 1 47 1.000000
  47 -23.132355 33.498478 0.795050 -0.348235 -0.112397 -0.930644 0.560940 0.857917 1 47 1.000000
  47 -23.124901 33.916695 0.740640 -0.246389 -0.164988 -0.955024 0.566890 0.840848 1 47 1.000000
v_hands
  47 -23.296608 34.610458 1.609977 -0.622724 0.028042 0.781938 0.623239 0.834079 1 47 1.000000
  46 -23.536016 34.856583 1.203219 -0.990031 0.082040 0.114489 0.606020 0.818460 1 46 1.000000
  47 -23.530832 34.529564 1.200869 -0.994606 -0.045367 0.093280 0.601323 0.829870 1 47 1.000000
v_hands
  47 -23.296608 34.610458 1.609977 -0.622724 0.028042 0.781938 0.623239 0.834079 1 47 1.000000
  46 -23.314478 34.888706 1.600331 -0.599784 0.060270 0.797889 0.624035 0.822673 1 46 1.000000
  46 -23.536016 34.856583 1.203219 -0.990031 0.082040 0.114489 0.606020 0.818460 1 46 1.000000
v_hands
  47 -23.364563 33.704407 1.602711 -0.713075 0.049083 0.699367 0.602444 0.870060 1 47 1.000000
  47 -23.487503 34.051216 1.231825 -0.997972 -0.060787 0.018898 0.594186 0.847923 1 47 1.000000
  47 -23.473356 33.575752 1.300432 -0.998832 -0.031344 -0.036782 0.586202 0.868000 1 47 1.000000
v_hands
  47 -23.364563 33.704407 1.602711 -0.713075 0.049083 0.699367 0.602444 0.870060 1 47 1.000000
  47 -23.328878 34.147747 1.628340 -0.678479 0.039838 0.733539 0.612422 0.852092 1 47 1.000000
  47 -23.487503 34.051216 1.231825 -0.997972 -0.060787 0.018898 0.594186 0.847923 1 47 1.000000
v_hands
  47 -23.530832 34.529564 1.200869 -0.994606 -0.045367 0.093280 0.601323 0.829870 1 47 1.000000
  46 -23.395693 34.765732 0.785671 -0.750730 0.068061 -0.657093 0.591374 0.815928 1 46 1.000000
  47 -23.425888 34.415062 0.810739 -0.781754 -0.110733 -0.613677 0.587490 0.827078 1 47 1.000000
v_hands
  47 -23.530832 34.529564 1.200869 -0.994606 -0.045367 0.093280 0.601323 0.829870 1 47 1.000000
  46 -23.536016 34.856583 1.203219 -0.990031 0.082040 0.114489 0.606020 0.818460 1 46 1.000000
  46 -23.395693 34.765732 0.785671 -0.750730 0.068061 -0.657093 0.591374 0.815928 1 46 1.000000
v_hands
  47 -22.505846 34.533352 1.159567 0.999447 -0.032824 -0.005229 0.900336 0.267151 1 47 1.000000
  47 -22.683622 34.033550 1.490381 0.812660 -0.035049 0.581683 0.902930 0.299887 1 47 1.000000
  47 -22.536198 34.046215 1.116761 0.992375 -0.107081 -0.061036 0.919777 0.283998 1 47 1.000000
v_hands
  47 -22.505846 34.533352 1.159567 0.999447 -0.032824 -0.005229 0.900336 0.267151 1 47 1.000000
  47 -22.670469 34.554787 1.470377 0.778516 0.027621 0.627016 0.885867 0.278887 1 47 1.000000
  47 -22.683622 34.033550 1.490381 0.812660 -0.035049 0.581683 0.902930 0.299887 1 47 1.000000
v_hands
  47 -23.352222 34.007637 0.942282 -0.808162 -0.159280 -0.567013 0.580757 0.842891 1 47 1.000000
  47 -23.094009 34.365913 0.650982 -0.118225 -0.141666 -0.982829 0.572392 0.823033 1 47 1.000000
  47 -23.124901 33.916695 0.740640 -0.246389 -0.164988 -0.955024 0.566890 0.840848 1 47 1.000000
v_hands
  47 -23.352222 34.007637 0.942282 -0.808162 -0.159280 -0.567013 0.580757 0.842891 1 47 1.000000
  47 -23.425888 34.415062 0.810739 -0.781754 -0.110733 -0.613677 0.587490 0.827078 1 47 1.000000
  47 -23.094009 34.365913 0.650982 -0.118225 -0.141666 -0.982829 0.572392 0.823033 1 47 1.000000
v_hands
  46 -22.689098 34.840214 1.455159 0.755393 -0.129696 0.642309 0.877852 0.267023 1 46 1.000000
  47 -22.505846 34.533352 1.159567 0.999447 -0.032824 -0.005229 0.900336 0.267151 1 47 1.000000
  46 -22.509584 34.793034 1.103520 0.977218 -0.211857 0.012701 0.893904 0.255241 1 46 1.000000
v_hands
  46 -22.689098 34.840214 1.455159 0.755393 -0.129696 0.642309 0.877852 0.267023 1 46 1.000000
  47 -22.670469 34.554787 1.470377 0.778516 0.027621 0.627016 0.885867 0.278887 1 47 1.000000
  47 -22.505846 34.533352 1.159567 0.999447 -0.032824 -0.005229 0.900336 0.267151 1 47 1.000000
v_hands
  47 -22.683622 34.033550 1.490381 0.812660 -0.035049 0.581683 0.902930 0.299887 1 47 1.000000
  47 -22.636282 33.562935 1.153715 0.990692 -0.032857 -0.132095 0.935918 0.307862 1 47 1.000000
  47 -22.536198 34.046215 1.116761 0.992375 -0.107081 -0.061036 0.919777 0.283998 1 47 1.000000
v_hands
  47 -22.683622 34.033550 1.490381 0.812660 -0.035049 0.581683 0.902930 0.299887 1 47 1.000000
  47 -22.702280 33.592167 1.477658 0.855387 0.114112 0.505264 0.920495 0.319013 1 47 1.000000
  47 -22.636282 33.562935 1.153715 0.990692 -0.032857 -0.132095 0.935918 0.307862 1 47 1.000000
v_hands
  47 -23.425888 34.415062 0.810739 -0.781754 -0.110733 -0.613677 0.587490 0.827078 1 47 1.000000
  47 -23.059292 34.665722 0.625580 -0.072364 -0.052755 -0.995982 0.575638 0.812052 1 47 1.000000
  47 -23.094009 34.365913 0.650982 -0.118225 -0.141666 -0.982829 0.572392 0.823033 1 47 1.000000
v_hands
  47 -23.425888 34.415062 0.810739 -0.781754 -0.110733 -0.613677 0.587490 0.827078 1 47 1.000000
  46 -23.395693 34.765732 0.785671 -0.750730 0.068061 -0.657093 0.591374 0.815928 1 46 1.000000
  47 -23.059292 34.665722 0.625580 -0.072364 -0.052755 -0.995982 0.575638 0.812052 1 47 1.000000
v_hands
  45 -22.125273 37.260990 0.198607 -0.073477 -0.214485 -0.973959 0.598942 0.703971 2 45 0.922064 46 0.077936
  45 -22.083158 36.335686 0.398927 0.490423 -0.424388 -0.761170 0.579273 0.736589 3 45 0.570066 46 0.366776 47 0.063158
  45 -22.508009 36.415985 0.380520 -0.155404 -0.192145 -0.968984 0.595479 0.741095 2 45 0.579585 46 0.420415
v_hands
  45 -22.125273 37.260990 0.198607 -0.073477 -0.214485 -0.973959 0.598942 0.703971 2 45 0.922064 46 0.077936
  45 -21.804407 37.092125 0.291201 0.419118 -0.382478 -0.823438 0.584231 0.705032 2 45 0.859823 46 0.140177
  45 -22.083158 36.335686 0.398927 0.490423 -0.424388 -0.761170 0.579273 0.736589 3 45 0.570066 46 0.366776 47 0.063158
v_hands
  47 -23.487503 34.051216 1.231825 -0.997972 -0.060787 0.018898 0.594186 0.847923 1 47 1.000000
  47 -23.425888 34.415062 0.810739 -0.781754 -0.110733 -0.613677 0.587490 0.827078 1 47 1.000000
  47 -23.352222 34.007637 0.942282 -0.808162 -0.159280 -0.567013 0.580757 0.842891 1 47 1.000000
v_hands
  47 -23.487503 34.051216 1.231825 -0.997972 -0.060787 0.018898 0.594186 0.847923 1 47 1.000000
  47 -23.530832 34.529564 1.200869 -0.994606 -0.045367 0.093280 0.601323 0.829870 1 47 1.000000
  47 -23.425888 34.415062 0.810739 -0.781754 -0.110733 -0.613677 0.587490 0.827078 1 47 1.000000
v_hands
  47 -23.328878 34.147747 1.628340 -0.678479 0.039838 0.733539 0.612422 0.852092 1 47 1.000000
  47 -23.530832 34.529564 1.200869 -0.994606 -0.045367 0.093280 0.601323 0.829870 1 47 1.000000
  47 -23.487503 34.051216 1.231825 -0.997972 -0.060787 0.018898 0.594186 0.847923 1 47 1.000000
v_hands
  47 -23.328878 34.147747 1.628340 -0.678479 0.039838 0.733539 0.612422 0.852092 1 47 1.000000
  47 -23.296608 34.610458 1.609977 -0.622724 0.028042 0.781938 0.623239 0.834079 1 47 1.000000
  47 -23.530832 34.529564 1.200869 -0.994606 -0.045367 0.093280 0.601323 0.829870 1 47 1.000000
v_hands
  47 -22.981546 34.593262 1.693219 0.201945 0.049725 0.978134 0.875978 0.295415 1 47 1.000000
  47 -23.328878 34.147747 1.628340 -0.678479 0.039838 0.733539 0.875559 0.325805 1 47 1.000000
  47 -22.987848 34.086308 1.740164 0.183955 0.035059 0.982309 0.892100 0.316227 1 47 1.000000
v_hands
  47 -22.981546 34.593262 1.693219 0.201945 0.049725 0.978134 0.875978 0.295415 1 47 1.000000
  47 -23.296608 34.610458 1.609977 -0.622724 0.028042 0.781938 0.864449 0.306978 1 47 1.000000
  47 -23.328878 34.147747 1.628340 -0.678479 0.039838 0.733539 0.875559 0.325805 1 47 1.000000
v_hands
  47 -22.987848 34.086308 1.740164 0.183955 0.035059 0.982309 0.892100 0.316227 1 47 1.000000
  47 -22.670469 34.554787 1.470377 0.778516 0.027621 0.627016 0.885867 0.278887 1 47 1.000000
  47 -22.981546 34.593262 1.693219 0.201945 0.049725 0.978134 0.875978 0.295415 1 47 1.000000
v_hands
  47 -22.987848 34.086308 1.740164 0.183955 0.035059 0.982309 0.892100 0.316227 1 47 1.000000
  47 -22.683622 34.033550 1.490381 0.812660 -0.035049 0.581683 0.902930 0.299887 1 47 1.000000
  47 -22.670469 34.554787 1.470377 0.778516 0.027621 0.627016 0.885867 0.278887 1 47 1.000000
v_hands
  47 -22.699795 34.517513 0.768673 0.642077 -0.115189 -0.757937 0.921568 0.258800 1 47 1.000000
  47 -22.536198 34.046215 1.116761 0.992375 -0.107081 -0.061036 0.919777 0.283998 1 47 1.000000
  47 -22.726336 34.035130 0.793347 0.594532 -0.131549 -0.793238 0.936236 0.282670 1 47 1.000000
v_hands
  47 -22.699795 34.517513 0.768673 0.642077 -0.115189 -0.757937 0.921568 0.258800 1 47 1.000000
  47 -22.505846 34.533352 1.159567 0.999447 -0.032824 -0.005229 0.900336 0.267151 1 47 1.000000
  47 -22.536198 34.046215 1.116761 0.992375 -0.107081 -0.061036 0.919777 0.283998 1 47 1.000000
v_hands
  47 -23.094009 34.365913 0.650982 -0.118225 -0.141666 -0.982829 0.572392 0.823033 1 47 1.000000
  47 -22.726336 34.035130 0.793347 0.594532 -0.131549 -0.793238 0.553541 0.830235 1 47 1.000000
  47 -23.124901 33.916695 0.740640 -0.246389 -0.164988 -0.955024 0.566890 0.840848 1 47 1.000000
v_hands
  47 -23.094009 34.365913 0.650982 -0.118225 -0.141666 -0.982829 0.572392 0.823033 1 47 1.000000
  47 -22.699795 34.517513 0.768673 0.642077 -0.115189 -0.757937 0.560000 0.811194 1 47 1.000000
  47 -22.726336 34.035130 0.793347 0.594532 -0.131549 -0.793238 0.553541 0.830235 1 47 1.000000
v_hands
  45 -22.291780 36.444355 1.694400 0.831439 -0.292949 0.472113 0.814305 0.212861 3 45 0.524834 46 0.423298 47 0.051868
  46 -22.268234 36.056343 1.504395 0.731565 -0.571071 0.372411 0.833423 0.218844 2 46 0.862227 45 0.137773
  46 -22.077288 36.394638 1.342219 0.838720 -0.300265 0.454302 0.828498 0.202866 2 46 0.565311 45 0.434689
v_hands
  45 -22.291780 36.444355 1.694400 0.831439 -0.292949 0.472113 0.814305 0.212861 3 45 0.524834 46 0.423298 47 0.051868
  46 -22.661634 35.848351 1.810768 0.664292 -0.675759 0.319479 0.823521 0.242654 1 46 1.000000
  46 -22.268234 36.056343 1.504395 0.731565 -0.571071 0.372411 0.833423 0.218844 2 46 0.862227 45 0.137773
v_hands
  45 -22.291780 36.444355 1.694400 0.831439 -0.292949 0.472113 0.814305 0.212861 3 45 0.524834 46 0.423298 47 0.051868
  45 -22.252239 36.851997 1.828541 0.910855 -0.223154 0.347197 0.799345 0.205866 1 45 1.000000
  42 -22.379925 36.477932 2.048509 0.911447 -0.348278 0.219016 0.798291 0.222837 2 42 0.845306 46 0.154694
v_hands
  45 -22.291780 36.444355 1.694400 0.831439 -0.292949 0.472113 0.814305 0.212861 3 45 0.524834 46 0.423298 47 0.051868
  45 -22.098705 36.806202 1.505564 0.819760 -0.214319 0.531093 0.812414 0.196765 2 45 0.809194 46 0.190806
  45 -22.252239 36.851997 1.828541 0.910855 -0.223154 0.347197 0.799345 0.205866 1 45 1.000000
v_hands
  32 -20.667925 39.751892 7.430622 0.994434 0.105210 -0.005684 0.518936 0.113212 2 32 0.638179 31 0.361821
  31 -20.738873 39.497665 6.744414 0.764237 -0.604614 -0.224462 0.543957 0.132402 1 31 1.000000
  31 -20.639795 39.942986 7.034305 0.987124 0.122510 0.102844 0.534477 0.114944 1 31 1.000000
v_hands
  32 -20.667925 39.751892 7.430622 0.994434 0.105210 -0.005684 0.518936 0.113212 2 32 0.638179 31 0.361821
  31 -20.817940 39.261703 7.296466 0.754902 -0.562935 -0.336493 0.522050 0.136070 2 31 0.585134 32 0.414866
  31 -20.738873 39.497665 6.744414 0.764237 -0.604614 -0.224462 0.543957 0.132402 1 31 1.000000
v_hands
  32 -20.891024 39.377144 9.053760 0.588220 -0.671691 0.450364 0.445628 0.137920 1 32 1.000000
  32 -21.309605 39.117283 8.882535 0.057662 -0.896532 0.439210 0.456527 0.162120 1 32 1.000000
  32 -20.913548 39.152386 8.749759 0.483200 -0.788327 0.380864 0.462449 0.144243 1 32 1.000000
v_hands
  32 -20.891024 39.377144 9.053760 0.588220 -0.671691 0.450364 0.445628 0.137920 1 32 1.000000
  32 -21.345295 39.347965 9.178339 -0.045655 -0.356340 0.933240 0.431275 0.161231 1 32 1.000000
  32 -21.309605 39.117283 8.882535 0.057662 -0.896532 0.439210 0.456527 0.162120 1 32 1.000000
v_hands
  32 -21.913389 39.181316 7.428358 -0.690404 -0.694041 -0.204080 0.525960 0.184663 1 32 1.000000
  32 -22.047075 39.611202 7.399962 -0.994138 -0.029570 -0.103993 0.531466 0.195728 2 32 0.564804 31 0.435196
  31 -21.875502 39.225216 7.261020 -0.667182 -0.672513 -0.320302 0.531257 0.183269 2 31 0.583798 32 0.416202
v_hands
  32 -21.913389 39.181316 7.428358 -0.690404 -0.694041 -0.204080 0.525960 0.184663 1 32 1.000000
  32 -22.044725 39.464893 7.641644 -0.998593 -0.053010 -0.001126 0.524251 0.193618 1 32 1.000000
  32 -22.047075 39.611202 7.399962 -0.994138 -0.029570 -0.103993 0.531466 0.195728 2 32 0.564804 31 0.435196
v_hands
  31 -21.875502 39.225216 7.261020 -0.667182 -0.672513 -0.320302 0.531257 0.183269 2 31 0.583798 32 0.416202
  31 -22.009718 39.777283 6.895553 -0.991506 -0.065108 -0.112595 0.545754 0.191031 2 31 0.946690 32 0.053310
  31 -21.737280 39.375332 6.645349 -0.559252 -0.741544 -0.370606 0.552962 0.174185 1 31 1.000000
v_hands
  31 -21.875502 39.225216 7.261020 -0.667182 -0.672513 -0.320302 0.531257 0.183269 2 31 0.583798 32 0.416202
  32 -22.047075 39.611202 7.399962 -0.994138 -0.029570 -0.103993 0.531466 0.195728 2 32 0.564804 31 0.435196
  31 -22.009718 39.777283 6.895553 -0.991506 -0.065108 -0.112595 0.545754 0.191031 2 31 0.946690 32 0.053310
v_hands
  32 -20.784666 39.194752 7.385320 0.741656 -0.610381 -0.278175 0.518312 0.135685 2 32 0.930791 31 0.069209
  32 -20.667925 39.751892 7.430622 0.994434 0.105210 -0.005684 0.518936 0.113212 2 32 0.638179 31 0.361821
  32 -20.637966 39.676346 7.650118 0.995898 0.089836 0.010775 0.512023 0.114464 2 32 0.938694 31 0.061306
v_hands
  32 -20.784666 39.194752 7.385320 0.741656 -0.610381 -0.278175 0.518312 0.135685 2 32 0.930791 31 0.069209
  31 -20.817940 39.261703 7.296466 0.754902 -0.562935 -0.336493 0.522050 0.136070 2 31 0.585134 32 0.414866
  32 -20.667925 39.751892 7.430622 0.994434 0.105210 -0.005684 0.518936 0.113212 2 32 0.638179 31 0.361821
v_hands
  31 -21.875502 39.225216 7.261020 -0.667182 -0.672513 -0.320302 0.531257 0.183269 2 31 0.583798 32 0.416202
  32 -21.345505 39.021343 7.214092 0.040000 -0.950719 -0.307463 0.528400 0.158970 1 32 1.000000
  32 -21.913389 39.181316 7.428358 -0.690404 -0.694041 -0.204080 0.525960 0.184663 1 32 1.000000
v_hands
  31 -21.875502 39.225216 7.261020 -0.667182 -0.672513 -0.320302 0.531257 0.183269 2 31 0.583798 32 0.416202
  31 -21.371061 39.064423 7.111491 0.046187 -0.899182 -0.435131 0.531302 0.159935 2 31 0.600178 32 0.399822
  32 -21.345505 39.021343 7.214092 0.040000 -0.950719 -0.307463 0.528400 0.158970 1 32 1.000000
v_hands
  32 -21.753561 39.473454 8.970243 -0.222545 0.941923 0.251503 0.963415 0.719347 1 32 1.000000
  32 -21.387087 39.754364 8.242463 -0.076536 0.905766 0.416810 0.950410 0.689829 1 32 1.000000
  32 -21.900566 39.690731 8.228385 -0.222089 0.879469 0.420965 0.938317 0.704933 1 32 1.000000
v_hands
  32 -21.753561 39.473454 8.970243 -0.222545 0.941923 0.251503 0.963415 0.719347 1 32 1.000000
  32 -21.444687 39.557457 9.130919 -0.114796 0.713255 0.691440 0.973497 0.713421 1 32 1.000000
  32 -21.387087 39.754364 8.242463 -0.076536 0.905766 0.416810 0.950410 0.689829 1 32 1.000000
v_hands
  32 -21.910019 40.093040 7.483348 -0.751032 0.641172 0.157640 0.915174 0.684097 2 32 0.619908 31 0.380092
  31 -22.009718 39.777283 6.895553 -0.991506 -0.065108 -0.112595 0.892799 0.688760 2 31 0.946690 32 0.053310
  32 -22.047075 39.611202 7.399962 -0.994138 -0.029570 -0.103993 0.907779 0.700765 2 32 0.564804 31 0.435196
v_hands
  32 -21.910019 40.093040 7.483348 -0.751032 0.641172 0.157640 0.915174 0.684097 2 32 0.619908 31 0.380092
  31 -21.827717 40.196217 7.058312 -0.759295 0.622606 0.189295 0.904477 0.672730 2 31 0.878296 32 0.121705
  31 -22.009718 39.777283 6.895553 -0.991506 -0.065108 -0.112595 0.892799 0.688760 2 31 0.946690 32 0.053310
v_hands
  32 -21.793871 39.294819 8.962871 -0.726107 -0.298572 0.619373 0.962430 0.729312 1 32 1.000000
  32 -21.444687 39.557457 9.130919 -0.114796 0.713255 0.691440 0.973497 0.713421 1 32 1.000000
  32 -21.753561 39.473454 8.970243 -0.763147 0.135223 0.631918 0.963415 0.719347 1 32 1.000000
v_hands
  32 -21.793871 39.294819 8.962871 -0.726107 -0.298572 0.619373 0.962430 0.729312 1 32 1.000000
  32 -21.345295 39.347965 9.178339 -0.045655 -0.356340 0.933240 0.983877 0.720906 1 32 1.000000
  32 -21.444687 39.557457 9.130919 -0.114796 0.713255 0.691440 0.973497 0.713421 1 32 1.000000
v_hands
  31 -21.827717 40.196217 7.058312 -0.759295 0.622606 0.189295 0.904477 0.672730 2 31 0.878296 32 0.121705
  32 -21.514812 40.322433 7.449449 -0.115949 0.960095 0.254505 0.920045 0.671236 2 32 0.625569 31 0.374431
  31 -21.514006 40.273964 7.135595 -0.157502 0.936459 0.313428 0.913649 0.663788 2 31 0.814449 32 0.185551
v_hands
  31 -21.827717 40.196217 7.058312 -0.759295 0.622606 0.189295 0.904477 0.672730 2 31 0.878296 32 0.121705
  32 -21.910019 40.093040 7.483348 -0.751032 0.641172 0.157640 0.915174 0.684097 2 32 0.619908 31 0.380092
  32 -21.514812 40.322433 7.449449 -0.115949 0.960095 0.254505 0.920045 0.671236 2 32 0.625569 31 0.374431
v_hands
  31 -20.817940 39.261703 7.296466 0.754902 -0.562935 -0.336493 0.522050 0.136070 2 31 0.585134 32 0.414866
  31 -21.298977 39.326424 6.679521 0.138525 -0.908621 -0.393979 0.548675 0.156034 1 31 1.000000
  31 -20.738873 39.497665 6.744414 0.764237 -0.604614 -0.224462 0.543957 0.132402 1 31 1.000000
v_hands
  31 -20.817940 39.261703 7.296466 0.754902 -0.562935 -0.336493 0.522050 0.136070 2 31 0.585134 32 0.414866
  31 -21.371061 39.064423 7.111491 0.046187 -0.899182 -0.435131 0.531302 0.159935 2 31 0.600178 32 0.399822
  31 -21.298977 39.326424 6.679521 0.138525 -0.908621 -0.393979 0.548675 0.156034 1 31 1.000000
v_hands
  32 -20.913548 39.152386 8.749759 0.483200 -0.788327 0.380864 0.462449 0.144243 1 32 1.000000
  32 -21.334133 38.900738 8.159821 0.069636 -0.996040 0.055279 0.485594 0.161173 1 32 1.000000
  32 -20.812037 39.094780 8.225608 0.661550 -0.745452 0.081562 0.482243 0.139877 1 32 1.000000
v_hands
  32 -20.913548 39.152386 8.749759 0.483200 -0.788327 0.380864 0.462449 0.144243 1 32 1.000000
  32 -21.309605 39.117283 8.882535 0.057662 -0.896532 0.439210 0.456527 0.162120 1 32 1.000000
  32 -21.334133 38.900738 8.159821 0.069636 -0.996040 0.055279 0.485594 0.161173 1 32 1.000000
v_hands
  32 -21.646618 39.099934 8.767920 -0.404635 -0.806118 0.431791 0.461698 0.178441 1 32 1.000000
  32 -22.005234 39.349781 8.153893 -0.978895 -0.098579 0.179018 0.493432 0.199944 1 32 1.000000
  32 -21.886875 38.979271 8.220003 -0.607219 -0.787580 0.104889 0.486178 0.187373 1 32 1.000000
v_hands
  32 -21.646618 39.099934 8.767920 -0.404635 -0.806118 0.431791 0.461698 0.178441 1 32 1.000000
  32 -21.793871 39.294819 8.962871 -0.726107 -0.298572 0.619373 0.450896 0.193512 1 32 1.000000
  32 -22.005234 39.349781 8.153893 -0.978895 -0.098579 0.179018 0.493432 0.199944 1 32 1.000000
v_hands
  32 -20.644377 39.422726 8.327851 0.973438 0.081916 0.213796 0.480190 0.124756 1 32 1.000000
  32 -20.913548 39.152386 8.749759 0.483200 -0.788327 0.380864 0.462449 0.144243 1 32 1.000000
  32 -20.812037 39.094780 8.225608 0.661550 -0.745452 0.081562 0.482243 0.139877 1 32 1.000000
v_hands
  32 -20.644377 39.422726 8.327851 0.973438 0.081916 0.213796 0.480190 0.124756 1 32 1.000000
  32 -20.891024 39.377144 9.053760 0.588220 -0.671691 0.450364 0.445628 0.137920 1 32 1.000000
  32 -20.913548 39.152386 8.749759 0.483200 -0.788327 0.380864 0.462449 0.144243 1 32 1.000000
v_hands
  32 -21.900566 39.690731 8.228385 -0.953684 0.220103 0.205040 0.938317 0.704933 1 32 1.000000
  32 -21.793871 39.294819 8.962871 -0.726107 -0.298572 0.619373 0.962430 0.729312 1 32 1.000000
  32 -21.753561 39.473454 8.970243 -0.763147 0.135223 0.631918 0.963415 0.719347 1 32 1.000000
v_hands
  32 -21.900566 39.690731 8.228385 -0.953684 0.220103 0.205040 0.938317 0.704933 1 32 1.000000
  32 -22.005234 39.349781 8.153893 -0.978895 -0.098579 0.179018 0.931784 0.717746 1 32 1.000000
  32 -21.793871 39.294819 8.962871 -0.726107 -0.298572 0.619373 0.962430 0.729312 1 32 1.000000
v_hands
  32 -20.823603 39.969303 7.842927 0.576259 0.713963 0.397721 0.951078 0.663885 2 32 0.931854 31 0.068146
  32 -20.667925 39.751892 7.430622 0.994434 0.105210 -0.005684 0.948806 0.650665 2 32 0.638179 31 0.361821
  32 -20.805361 40.154945 7.499204 0.612221 0.763430 0.205815 0.940631 0.654131 2 32 0.615914 31 0.384086
v_hands
  32 -20.823603 39.969303 7.842927 0.576259 0.713963 0.397721 0.951078 0.663885 2 32 0.931854 31 0.068146
  32 -20.637966 39.676346 7.650118 0.995898 0.089836 0.010775 0.955765 0.655569 2 32 0.938694 31 0.061306
  32 -20.667925 39.751892 7.430622 0.994434 0.105210 -0.005684 0.948806 0.650665 2 32 0.638179 31 0.361821
v_hands
  32 -21.085091 39.564796 9.010878 0.381885 0.746312 0.545144 0.978385 0.701453 1 32 1.000000
  32 -20.644377 39.422726 8.327851 0.973438 0.081916 0.213796 0.975247 0.673475 1 32 1.000000
  32 -20.825825 39.722576 8.275911 0.472782 0.798369 0.372938 0.964936 0.675676 1 32 1.000000
v_hands
  32 -21.085091 39.564796 9.010878 0.381885 0.746312 0.545144 0.978385 0.701453 1 32 1.000000
  32 -20.891024 39.377144 9.053760 0.521064 0.541273 0.659936 0.989792 0.698702 1 32 1.000000
  32 -20.644377 39.422726 8.327851 0.973438 0.081916 0.213796 0.975247 0.673475 1 32 1.000000
v_hands
  32 -21.930710 39.905025 7.834417 -0.722291 0.584246 0.370070 0.925558 0.694403 2 32 0.921983 31 0.078017
  32 -22.047075 39.611202 7.399962 -0.994138 -0.029570 -0.103993 0.907779 0.700765 2 32 0.564804 31 0.435196
  32 -22.044725 39.464893 7.641644 -0.998593 -0.053010 -0.001126 0.914985 0.708369 1 32 1.000000
v_hands
  32 -21.930710 39.905025 7.834417 -0.722291 0.584246 0.370070 0.925558 0.694403 2 32 0.921983 31 0.078017
  32 -21.910019 40.093040 7.483348 -0.751032 0.641172 0.157640 0.915174 0.684097 2 32 0.619908 31 0.380092
  32 -22.047075 39.611202 7.399962 -0.994138 -0.029570 -0.103993 0.907779 0.700765 2 32 0.564804 31 0.435196
v_hands
  32 -20.805361 40.154945 7.499204 0.612221 0.763430 0.205815 0.940631 0.654131 2 32 0.615914 31 0.384086
  32 -21.452610 40.127914 7.797299 -0.082700 0.841931 0.533209 0.932628 0.678967 2 32 0.897015 31 0.102985
  32 -20.823603 39.969303 7.842927 0.576259 0.713963 0.397721 0.951078 0.663885 2 32 0.931854 31 0.068146
v_hands
  32 -20.805361 40.154945 7.499204 0.612221 0.763430 0.205815 0.940631 0.654131 2 32 0.615914 31 0.384086
  32 -21.514812 40.322433 7.449449 -0.115949 0.960095 0.254505 0.920045 0.671236 2 32 0.625569 31 0.374431
  32 -21.452610 40.127914 7.797299 -0.082700 0.841931 0.533209 0.932628 0.678967 2 32 0.897015 31 0.102985
v_hands
  32 -20.637966 39.676346 7.650118 0.995898 0.089836 0.010775 0.512023 0.114464 2 32 0.938694 31 0.061306
  32 -20.812037 39.094780 8.225608 0.661550 -0.745452 0.081562 0.482243 0.139877 1 32 1.000000
  32 -20.784666 39.194752 7.385320 0.741656 -0.610381 -0.278175 0.518312 0.135685 2 32 0.930791 31 0.069209
v_hands
  32 -20.637966 39.676346 7.650118 0.995898 0.089836 0.010775 0.512023 0.114464 2 32 0.938694 31 0.061306
  32 -20.644377 39.422726 8.327851 0.973438 0.081916 0.213796 0.480190 0.124756 1 32 1.000000
  32 -20.812037 39.094780 8.225608 0.661550 -0.745452 0.081562 0.482243 0.139877 1 32 1.000000
v_hands
  32 -20.784666 39.194752 7.385320 0.741656 -0.610381 -0.278175 0.518312 0.135685 2 32 0.930791 31 0.069209
  32 -21.334133 38.900738 8.159821 0.069636 -0.996040 0.055279 0.485594 0.161173 1 32 1.000000
  32 -21.345505 39.021343 7.214092 0.040000 -0.950719 -0.307463 0.528400 0.158970 1 32 1.000000
v_hands
  32 -20.784666 39.194752 7.385320 0.741656 -0.610381 -0.278175 0.518312 0.135685 2 32 0.930791 31 0.069209
  32 -20.812037 39.094780 8.225608 0.661550 -0.745452 0.081562 0.482243 0.139877 1 32 1.000000
  32 -21.334133 38.900738 8.159821 0.069636 -0.996040 0.055279 0.485594 0.161173 1 32 1.000000
v_hands
  31 -22.009718 39.777283 6.895553 -0.991506 -0.065108 -0.112595 0.545754 0.191031 2 31 0.946690 32 0.053310
  31 -21.587736 39.633785 5.923851 -0.471682 -0.849079 -0.237869 0.587216 0.164028 1 31 1.000000
  31 -21.737280 39.375332 6.645349 -0.559252 -0.741544 -0.370606 0.552962 0.174185 1 31 1.000000
v_hands
  31 -22.009718 39.777283 6.895553 -0.991506 -0.065108 -0.112595 0.545754 0.191031 2 31 0.946690 32 0.053310
  31 -21.982557 40.253803 6.030807 -0.988268 -0.151953 0.015365 0.583743 0.186603 1 31 1.000000
  31 -21.587736 39.633785 5.923851 -0.471682 -0.849079 -0.237869 0.587216 0.164028 1 31 1.000000
v_hands
  31 -21.827717 40.196217 7.058312 -0.759295 0.622606 0.189295 0.904477 0.672730 2 31 0.878296 32 0.121705
  31 -21.982557 40.253803 6.030807 -0.988268 -0.151953 0.015365 0.867402 0.662555 1 31 1.000000
  31 -22.009718 39.777283 6.895553 -0.991506 -0.065108 -0.112595 0.892799 0.688760 2 31 0.946690 32 0.053310
v_hands
  31 -21.827717 40.196217 7.058312 -0.759295 0.622606 0.189295 0.904477 0.672730 2 31 0.878296 32 0.121705
  31 -21.880068 40.688824 6.248066 -0.795637 0.517001 0.315708 0.878139 0.649924 1 31 1.000000
  31 -21.982557 40.253803 6.030807 -0.988268 -0.151953 0.015365 0.867402 0.662555 1 31 1.000000
v_hands
  31 -21.827717 40.196217 7.058312 -0.759295 0.622606 0.189295 0.904477 0.672730 2 31 0.878296 32 0.121705
  31 -21.532427 40.868900 6.358894 -0.183880 0.839816 0.510780 0.885803 0.642522 1 31 1.000000
  31 -21.880068 40.688824 6.248066 -0.795637 0.517001 0.315708 0.878139 0.649924 1 31 1.000000
v_hands
  31 -21.827717 40.196217 7.058312 -0.759295 0.622606 0.189295 0.904477 0.672730 2 31 0.878296 32 0.121705
  31 -21.514006 40.273964 7.135595 -0.157502 0.936459 0.313428 0.913649 0.663788 2 31 0.814449 32 0.185551
  31 -21.532427 40.868900 6.358894 -0.183880 0.839816 0.510780 0.885803 0.642522 1 31 1.000000
v_hands
  32 -21.913389 39.181316 7.428358 -0.690404 -0.694041 -0.204080 0.525960 0.184663 1 32 1.000000
  32 -22.005234 39.349781 8.153893 -0.978895 -0.098579 0.179018 0.493432 0.199944 1 32 1.000000
  32 -22.044725 39.464893 7.641644 -0.998593 -0.053010 -0.001126 0.524251 0.193618 1 32 1.000000
v_hands
  32 -21.913389 39.181316 7.428358 -0.690404 -0.694041 -0.204080 0.525960 0.184663 1 32 1.000000
  32 -21.886875 38.979271 8.220003 -0.607219 -0.787580 0.104889 0.486178 0.187373 1 32 1.000000
  32 -22.005234 39.349781 8.153893 -0.978895 -0.098579 0.179018 0.493432 0.199944 1 32 1.000000
v_hands
  31 -20.639795 39.942986 7.034305 0.987124 0.122510 0.102844 0.937298 0.639335 1 31 1.000000
  32 -20.805361 40.154945 7.499204 0.612221 0.763430 0.205815 0.940631 0.654131 2 32 0.615914 31 0.384086
  32 -20.667925 39.751892 7.430622 0.994434 0.105210 -0.005684 0.948806 0.650665 2 32 0.638179 31 0.361821
v_hands
  31 -20.639795 39.942986 7.034305 0.987124 0.122510 0.102844 0.937298 0.639335 1 31 1.000000
  31 -20.866669 40.211514 7.120009 0.559530 0.773759 0.297025 0.929576 0.646265 2 31 0.855145 32 0.144855
  32 -20.805361 40.154945 7.499204 0.612221 0.763430 0.205815 0.940631 0.654131 2 32 0.615914 31 0.384086
v_hands
  32 -20.637966 39.676346 7.650118 0.995898 0.089836 0.010775 0.955765 0.655569 2 32 0.938694 31 0.061306
  32 -20.825825 39.722576 8.275911 0.472782 0.798369 0.372938 0.964936 0.675676 1 32 1.000000
  32 -20.644377 39.422726 8.327851 0.973438 0.081916 0.213796 0.975247 0.673475 1 32 1.000000
v_hands
  32 -20.637966 39.676346 7.650118 0.995898 0.089836 0.010775 0.955765 0.655569 2 32 0.938694 31 0.061306
  32 -20.823603 39.969303 7.842927 0.576259 0.713963 0.397721 0.951078 0.663885 2 32 0.931854 31 0.068146
  32 -20.825825 39.722576 8.275911 0.472782 0.798369 0.372938 0.964936 0.675676 1 32 1.000000
v_hands
  31 -20.856653 40.703461 6.476652 0.525422 0.719229 0.454578 0.907121 0.627972 1 31 1.000000
  31 -21.514006 40.273964 7.135595 -0.157502 0.936459 0.313428 0.913649 0.663788 2 31 0.814449 32 0.185551
  31 -20.866669 40.211514 7.120009 0.559530 0.773759 0.297025 0.929576 0.646265 2 31 0.855145 32 0.144855
v_hands
  31 -20.856653 40.703461 6.476652 0.525422 0.719229 0.454578 0.907121 0.627972 1 31 1.000000
  31 -21.532427 40.868900 6.358894 -0.183880 0.839816 0.510780 0.885803 0.642522 1 31 1.000000
  31 -21.514006 40.273964 7.135595 -0.157502 0.936459 0.313428 0.913649 0.663788 2 31 0.814449 32 0.185551
v_hands
  32 -21.913389 39.181316 7.428358 -0.690404 -0.694041 -0.204080 0.525960 0.184663 1 32 1.000000
  32 -21.334133 38.900738 8.159821 0.069636 -0.996040 0.055279 0.485594 0.161173 1 32 1.000000
  32 -21.886875 38.979271 8.220003 -0.607219 -0.787580 0.104889 0.486178 0.187373 1 32 1.000000
v_hands
  32 -21.913389 39.181316 7.428358 -0.690404 -0.694041 -0.204080 0.525960 0.184663 1 32 1.000000
  32 -21.345505 39.021343 7.214092 0.040000 -0.950719 -0.307463 0.528400 0.158970 1 32 1.000000
  32 -21.334133 38.900738 8.159821 0.069636 -0.996040 0.055279 0.485594 0.161173 1 32 1.000000
v_hands
  32 -21.387087 39.754364 8.242463 -0.076536 0.905766 0.416810 0.950410 0.689829 1 32 1.000000
  32 -21.930710 39.905025 7.834417 -0.722291 0.584246 0.370070 0.925558 0.694403 2 32 0.921983 31 0.078017
  32 -21.900566 39.690731 8.228385 -0.222089 0.879469 0.420965 0.938317 0.704933 1 32 1.000000
v_hands
  32 -21.387087 39.754364 8.242463 -0.076536 0.905766 0.416810 0.950410 0.689829 1 32 1.000000
  32 -21.452610 40.127914 7.797299 -0.082700 0.841931 0.533209 0.932628 0.678967 2 32 0.897015 31 0.102985
  32 -21.930710 39.905025 7.834417 -0.722291 0.584246 0.370070 0.925558 0.694403 2 32 0.921983 31 0.078017
v_hands
  32 -21.309605 39.117283 8.882535 0.057662 -0.896532 0.439210 0.456527 0.162120 1 32 1.000000
  32 -21.793871 39.294819 8.962871 -0.726107 -0.298572 0.619373 0.450896 0.193512 1 32 1.000000
  32 -21.646618 39.099934 8.767920 -0.404635 -0.806118 0.431791 0.461698 0.178441 1 32 1.000000
v_hands
  32 -21.309605 39.117283 8.882535 0.057662 -0.896532 0.439210 0.456527 0.162120 1 32 1.000000
  32 -21.345295 39.347965 9.178339 -0.045655 -0.356340 0.933240 0.431275 0.161231 1 32 1.000000
  32 -21.793871 39.294819 8.962871 -0.726107 -0.298572 0.619373 0.450896 0.193512 1 32 1.000000
v_hands
  32 -21.345505 39.021343 7.214092 0.040000 -0.950719 -0.307463 0.528400 0.158970 1 32 1.000000
  31 -20.817940 39.261703 7.296466 0.754902 -0.562935 -0.336493 0.522050 0.136070 2 31 0.585134 32 0.414866
  32 -20.784666 39.194752 7.385320 0.741656 -0.610381 -0.278175 0.518312 0.135685 2 32 0.930791 31 0.069209
v_hands
  32 -21.345505 39.021343 7.214092 0.040000 -0.950719 -0.307463 0.528400 0.158970 1 32 1.000000
  31 -21.371061 39.064423 7.111491 0.046187 -0.899182 -0.435131 0.531302 0.159935 2 31 0.600178 32 0.399822
  31 -20.817940 39.261703 7.296466 0.754902 -0.562935 -0.336493 0.522050 0.136070 2 31 0.585134 32 0.414866
v_hands
  32 -21.387087 39.754364 8.242463 -0.076536 0.905766 0.416810 0.950410 0.689829 1 32 1.000000
  32 -21.085091 39.564796 9.010878 0.381885 0.746312 0.545144 0.978385 0.701453 1 32 1.000000
  32 -20.825825 39.722576 8.275911 0.472782 0.798369 0.372938 0.964936 0.675676 1 32 1.000000
v_hands
  32 -21.387087 39.754364 8.242463 -0.076536 0.905766 0.416810 0.950410 0.689829 1 32 1.000000
  32 -21.444687 39.557457 9.130919 -0.114796 0.713255 0.691440 0.973497 0.713421 1 32 1.000000
  32 -21.085091 39.564796 9.010878 0.381885 0.746312 0.545144 0.978385 0.701453 1 32 1.000000
v_hands
  32 -21.085091 39.564796 9.010878 0.381885 0.746312 0.545144 0.978385 0.701453 1 32 1.000000
  32 -21.345295 39.347965 9.178339 -0.045655 -0.356340 0.933240 0.983877 0.720906 1 32 1.000000
  32 -20.891024 39.377144 9.053760 0.521064 0.541273 0.659936 0.989792 0.698702 1 32 1.000000
v_hands
  32 -21.085091 39.564796 9.010878 0.381885 0.746312 0.545144 0.978385 0.701453 1 32 1.000000
  32 -21.444687 39.557457 9.130919 -0.114796 0.713255 0.691440 0.973497 0.713421 1 32 1.000000
  32 -21.345295 39.347965 9.178339 -0.045655 -0.356340 0.933240 0.983877 0.720906 1 32 1.000000
v_hands
  31 -20.866669 40.211514 7.120009 0.559530 0.773759 0.297025 0.929576 0.646265 2 31 0.855145 32 0.144855
  32 -21.514812 40.322433 7.449449 -0.115949 0.960095 0.254505 0.920045 0.671236 2 32 0.625569 31 0.374431
  32 -20.805361 40.154945 7.499204 0.612221 0.763430 0.205815 0.940631 0.654131 2 32 0.615914 31 0.384086
v_hands
  31 -20.866669 40.211514 7.120009 0.559530 0.773759 0.297025 0.929576 0.646265 2 31 0.855145 32 0.144855
  31 -21.514006 40.273964 7.135595 -0.157502 0.936459 0.313428 0.913649 0.663788 2 31 0.814449 32 0.185551
  32 -21.514812 40.322433 7.449449 -0.115949 0.960095 0.254505 0.920045 0.671236 2 32 0.625569 31 0.374431
v_hands
  31 -21.737280 39.375332 6.645349 -0.559252 -0.741544 -0.370606 0.552962 0.174185 1 31 1.000000
  31 -21.371061 39.064423 7.111491 0.046187 -0.899182 -0.435131 0.531302 0.159935 2 31 0.600178 32 0.399822
  31 -21.875502 39.225216 7.261020 -0.667182 -0.672513 -0.320302 0.531257 0.183269 2 31 0.583798 32 0.416202
v_hands
  31 -21.737280 39.375332 6.645349 -0.559252 -0.741544 -0.370606 0.552962 0.174185 1 31 1.000000
  31 -21.298977 39.326424 6.679521 0.138525 -0.908621 -0.393979 0.548675 0.156034 1 31 1.000000
  31 -21.371061 39.064423 7.111491 0.046187 -0.899182 -0.435131 0.531302 0.159935 2 31 0.600178 32 0.399822
v_hands
  32 -21.334133 38.900738 8.159821 0.069636 -0.996040 0.055279 0.485594 0.161173 1 32 1.000000
  32 -21.646618 39.099934 8.767920 -0.404635 -0.806118 0.431791 0.461698 0.178441 1 32 1.000000
  32 -21.886875 38.979271 8.220003 -0.607219 -0.787580 0.104889 0.486178 0.187373 1 32 1.000000
v_hands
  32 -21.334133 38.900738 8.159821 0.069636 -0.996040 0.055279 0.485594 0.161173 1 32 1.000000
  32 -21.309605 39.117283 8.882535 0.057662 -0.896532 0.439210 0.456527 0.162120 1 32 1.000000
  32 -21.646618 39.099934 8.767920 -0.404635 -0.806118 0.431791 0.461698 0.178441 1 32 1.000000
v_hands
  32 -21.452610 40.127914 7.797299 -0.082700 0.841931 0.533209 0.932628 0.678967 2 32 0.897015 31 0.102985
  32 -21.910019 40.093040 7.483348 -0.751032 0.641172 0.157640 0.915174 0.684097 2 32 0.619908 31 0.380092
  32 -21.930710 39.905025 7.834417 -0.722291 0.584246 0.370070 0.925558 0.694403 2 32 0.921983 31 0.078017
v_hands
  32 -21.452610 40.127914 7.797299 -0.082700 0.841931 0.533209 0.932628 0.678967 2 32 0.897015 31 0.102985
  32 -21.514812 40.322433 7.449449 -0.115949 0.960095 0.254505 0.920045 0.671236 2 32 0.625569 31 0.374431
  32 -21.910019 40.093040 7.483348 -0.751032 0.641172 0.157640 0.915174 0.684097 2 32 0.619908 31 0.380092
v_hands
  32 -21.930710 39.905025 7.834417 -0.722291 0.584246 0.370070 0.925558 0.694403 2 32 0.921983 31 0.078017
  32 -22.005234 39.349781 8.153893 -0.978895 -0.098579 0.179018 0.931784 0.717746 1 32 1.000000
  32 -21.900566 39.690731 8.228385 -0.953684 0.220103 0.205040 0.938317 0.704933 1 32 1.000000
v_hands
  32 -21.930710 39.905025 7.834417 -0.722291 0.584246 0.370070 0.925558 0.694403 2 32 0.921983 31 0.078017
  32 -22.044725 39.464893 7.641644 -0.998593 -0.053010 -0.001126 0.914985 0.708369 1 32 1.000000
  32 -22.005234 39.349781 8.153893 -0.978895 -0.098579 0.179018 0.931784 0.717746 1 32 1.000000
v_hands
  32 -20.823603 39.969303 7.842927 0.576259 0.713963 0.397721 0.951078 0.663885 2 32 0.931854 31 0.068146
  32 -21.387087 39.754364 8.242463 -0.076536 0.905766 0.416810 0.950410 0.689829 1 32 1.000000
  32 -20.825825 39.722576 8.275911 0.472782 0.798369 0.372938 0.964936 0.675676 1 32 1.000000
v_hands
  32 -20.823603 39.969303 7.842927 0.576259 0.713963 0.397721 0.951078 0.663885 2 32 0.931854 31 0.068146
  32 -21.452610 40.127914 7.797299 -0.082700 0.841931 0.533209 0.932628 0.678967 2 32 0.897015 31 0.102985
  32 -21.387087 39.754364 8.242463 -0.076536 0.905766 0.416810 0.950410 0.689829 1 32 1.000000
v_hands
  39 -24.362661 34.822437 5.237792 0.577463 0.055702 0.814514 0.695114 0.368055 1 39 1.000000
  39 -24.945465 34.743965 5.392332 -0.147430 0.346175 0.926513 0.670795 0.382723 1 39 1.000000
  39 -24.428909 34.569962 5.307253 0.594900 0.181004 0.783155 0.695729 0.380871 1 39 1.000000
v_hands
  39 -24.362661 34.822437 5.237792 0.577463 0.055702 0.814514 0.695114 0.368055 1 39 1.000000
  39 -24.836235 35.023170 5.302979 -0.127822 0.350902 0.927647 0.673328 0.370451 1 39 1.000000
  39 -24.945465 34.743965 5.392332 -0.147430 0.346175 0.926513 0.670795 0.382723 1 39 1.000000
v_hands
  39 -24.228765 34.227703 4.515684 0.821149 -0.355567 -0.446414 0.735489 0.379297 1 39 1.000000
  39 -24.217842 34.621216 4.857673 0.931264 -0.198326 0.305638 0.715895 0.367814 1 39 1.000000
  39 -24.158802 34.387947 4.952033 0.968796 -0.047730 0.243221 0.716742 0.378532 1 39 1.000000
v_hands
  39 -24.228765 34.227703 4.515684 0.821149 -0.355567 -0.446414 0.735489 0.379297 1 39 1.000000
  39 -24.161966 34.462482 4.413609 0.807530 -0.441707 -0.390884 0.736723 0.366894 1 39 1.000000
  39 -24.217842 34.621216 4.857673 0.931264 -0.198326 0.305638 0.715895 0.367814 1 39 1.000000
v_hands
  39 -24.228765 34.227703 4.515684 0.821149 -0.355567 -0.446414 0.735489 0.379297 1 39 1.000000
  39 -24.518463 34.477089 4.178060 0.075591 -0.407676 -0.909992 0.756389 0.369732 1 39 1.000000
  39 -24.161966 34.462482 4.413609 0.807530 -0.441707 -0.390884 0.736723 0.366894 1 39 1.000000
v_hands
  39 -24.228765 34.227703 4.515684 0.821149 -0.355567 -0.446414 0.735489 0.379297 1 39 1.000000
  39 -24.616270 34.198380 4.282036 0.054998 -0.403836 -0.913177 0.756951 0.380646 1 39 1.000000
  39 -24.518463 34.477089 4.178060 0.075591 -0.407676 -0.909992 0.756389 0.369732 1 39 1.000000
v_hands
  39 -24.518463 34.477089 4.178060 0.075591 -0.407676 -0.909992 0.712696 0.860829 1 39 1.000000
  39 -25.066656 34.405727 4.402705 -0.644308 -0.163133 -0.747164 0.727948 0.870499 1 39 1.000000
  39 -24.985580 34.749088 4.280154 -0.610570 -0.113840 -0.783737 0.728113 0.859188 1 39 1.000000
v_hands
  39 -24.518463 34.477089 4.178060 0.075591 -0.407676 -0.909992 0.712696 0.860829 1 39 1.000000
  39 -24.616270 34.198380 4.282036 0.054998 -0.403836 -0.913177 0.712016 0.870792 1 39 1.000000
  39 -25.066656 34.405727 4.402705 -0.644308 -0.163133 -0.747164 0.727948 0.870499 1 39 1.000000
v_hands
  39 -25.207949 34.806385 5.185226 -0.801312 0.343652 0.489696 0.761384 0.864223 1 39 1.000000
  39 -24.836235 35.023170 5.302979 -0.127822 0.350902 0.927647 0.776199 0.857739 1 39 1.000000
  39 -25.088312 35.163216 5.069447 -0.745663 0.442583 0.498103 0.760906 0.852695 1 39 1.000000
v_hands
  39 -25.207949 34.806385 5.185226 -0.801312 0.343652 0.489696 0.761384 0.864223 1 39 1.000000
  39 -24.945465 34.743965 5.392332 -0.147430 0.346175 0.926513 0.775569 0.869886 1 39 1.000000
  39 -24.836235 35.023170 5.302979 -0.127822 0.350902 0.927647 0.776199 0.857739 1 39 1.000000
v_hands
  39 -25.207949 34.806385 5.185226 -0.801312 0.343652 0.489696 0.761384 0.864223 1 39 1.000000
  39 -25.205999 35.012798 4.624681 -0.949257 0.217340 -0.227320 0.744544 0.856886 1 39 1.000000
  39 -25.301060 34.686886 4.740556 -0.969732 0.106082 -0.219921 0.744725 0.868438 1 39 1.000000
v_hands
  39 -25.207949 34.806385 5.185226 -0.801312 0.343652 0.489696 0.761384 0.864223 1 39 1.000000
  39 -25.088312 35.163216 5.069447 -0.745663 0.442583 0.498103 0.760906 0.852695 1 39 1.000000
  39 -25.205999 35.012798 4.624681 -0.949257 0.217340 -0.227320 0.744544 0.856886 1 39 1.000000
v_hands
  39 -24.301237 33.878853 5.141905 0.922925 -0.267913 0.276463 0.717136 0.413642 1 39 1.000000
  39 -24.428909 34.569962 5.307253 0.594900 0.181004 0.783155 0.695729 0.380871 1 39 1.000000
  39 -24.531588 34.042442 5.514983 0.581496 0.087471 0.808833 0.697680 0.412880 1 39 1.000000
v_hands
  39 -24.301237 33.878853 5.141905 0.922925 -0.267913 0.276463 0.717136 0.413642 1 39 1.000000
  39 -24.158802 34.387947 4.952033 0.968796 -0.047730 0.243221 0.716742 0.378532 1 39 1.000000
  39 -24.428909 34.569962 5.307253 0.594900 0.181004 0.783155 0.695729 0.380871 1 39 1.000000
v_hands
  39 -25.342764 34.108868 4.952165 -0.968136 0.084225 -0.235834 0.743475 0.894167 1 39 1.000000
  39 -25.066656 34.405727 4.402705 -0.644308 -0.163133 -0.747164 0.727948 0.870499 1 39 1.000000
  39 -25.145250 33.861702 4.646458 -0.660201 -0.169329 -0.731753 0.727286 0.895828 1 39 1.000000
v_hands
  39 -25.342764 34.108868 4.952165 -0.968136 0.084225 -0.235834 0.743475 0.894167 1 39 1.000000
  39 -25.301060 34.686886 4.740556 -0.969732 0.106082 -0.219921 0.744725 0.868438 1 39 1.000000
  39 -25.066656 34.405727 4.402705 -0.644308 -0.163133 -0.747164 0.727948 0.870499 1 39 1.000000
v_hands
  39 -24.428909 34.569962 5.307253 0.594900 0.181004 0.783155 0.695729 0.380871 1 39 1.000000
  39 -24.217842 34.621216 4.857673 0.931264 -0.198326 0.305638 0.715895 0.367814 1 39 1.000000
  39 -24.362661 34.822437 5.237792 0.577463 0.055702 0.814514 0.695114 0.368055 1 39 1.000000
v_hands
  39 -24.428909 34.569962 5.307253 0.594900 0.181004 0.783155 0.695729 0.380871 1 39 1.000000
  39 -24.158802 34.387947 4.952033 0.968796 -0.047730 0.243221 0.716742 0.378532 1 39 1.000000
  39 -24.217842 34.621216 4.857673 0.931264 -0.198326 0.305638 0.715895 0.367814 1 39 1.000000
v_hands
  39 -25.301060 34.686886 4.740556 -0.969732 0.106082 -0.219921 0.744725 0.868438 1 39 1.000000
  39 -24.985580 34.749088 4.280154 -0.610570 -0.113840 -0.783737 0.728113 0.859188 1 39 1.000000
  39 -25.066656 34.405727 4.402705 -0.644308 -0.163133 -0.747164 0.727948 0.870499 1 39 1.000000
v_hands
  39 -25.301060 34.686886 4.740556 -0.969732 0.106082 -0.219921 0.744725 0.868438 1 39 1.000000
  39 -25.205999 35.012798 4.624681 -0.949257 0.217340 -0.227320 0.744544 0.856886 1 39 1.000000
  39 -24.985580 34.749088 4.280154 -0.610570 -0.113840 -0.783737 0.728113 0.859188 1 39 1.000000
v_hands
  39 -25.207949 34.806385 5.185226 -0.801312 0.343652 0.489696 0.761384 0.864223 1 39 1.000000
  39 -25.342764 34.108868 4.952165 -0.968136 0.084225 -0.235834 0.743475 0.894167 1 39 1.000000
  39 -25.295115 34.211113 5.396894 -0.819646 0.316363 0.477592 0.761435 0.886440 1 39 1.000000
v_hands
  39 -25.207949 34.806385 5.185226 -0.801312 0.343652 0.489696 0.761384 0.864223 1 39 1.000000
  39 -25.301060 34.686886 4.740556 -0.969732 0.106082 -0.219921 0.744725 0.868438 1 39 1.000000
  39 -25.342764 34.108868 4.952165 -0.968136 0.084225 -0.235834 0.743475 0.894167 1 39 1.000000
v_hands
  39 -24.945465 34.743965 5.392332 -0.147430 0.346175 0.926513 0.775569 0.869886 1 39 1.000000
  39 -25.295115 34.211113 5.396894 -0.819646 0.316363 0.477592 0.761435 0.886440 1 39 1.000000
  39 -25.018806 34.192856 5.580757 -0.152078 0.346650 0.925584 0.774564 0.897274 1 39 1.000000
v_hands
  39 -24.945465 34.743965 5.392332 -0.147430 0.346175 0.926513 0.775569 0.869886 1 39 1.000000
  39 -25.207949 34.806385 5.185226 -0.801312 0.343652 0.489696 0.761384 0.864223 1 39 1.000000
  39 -25.295115 34.211113 5.396894 -0.819646 0.316363 0.477592 0.761435 0.886440 1 39 1.000000
v_hands
  39 -24.428909 34.569962 5.307253 0.594900 0.181004 0.783155 0.695729 0.380871 1 39 1.000000
  39 -25.018806 34.192856 5.580757 -0.152078 0.346650 0.925584 0.675638 0.415307 1 39 1.000000
  39 -24.531588 34.042442 5.514983 0.581496 0.087471 0.808833 0.697680 0.412880 1 39 1.000000
v_hands
  39 -24.428909 34.569962 5.307253 0.594900 0.181004 0.783155 0.695729 0.380871 1 39 1.000000
  39 -24.945465 34.743965 5.392332 -0.147430 0.346175 0.926513 0.670795 0.382723 1 39 1.000000
  39 -25.018806 34.192856 5.580757 -0.152078 0.346650 0.925584 0.675638 0.415307 1 39 1.000000
v_hands
  39 -24.228765 34.227703 4.515684 0.821149 -0.355567 -0.446414 0.735489 0.379297 1 39 1.000000
  39 -24.301237 33.878853 5.141905 0.922925 -0.267913 0.276463 0.717136 0.413642 1 39 1.000000
  39 -24.399799 33.704216 4.722686 0.768317 -0.492470 -0.408855 0.736411 0.411569 1 39 1.000000
v_hands
  39 -24.228765 34.227703 4.515684 0.821149 -0.355567 -0.446414 0.735489 0.379297 1 39 1.000000
  39 -24.158802 34.387947 4.952033 0.968796 -0.047730 0.243221 0.716742 0.378532 1 39 1.000000
  39 -24.301237 33.878853 5.141905 0.922925 -0.267913 0.276463 0.717136 0.413642 1 39 1.000000
v_hands
  39 -24.616270 34.198380 4.282036 0.054998 -0.403836 -0.913177 0.756951 0.380646 1 39 1.000000
  39 -24.399799 33.704216 4.722686 0.768317 -0.492470 -0.408855 0.736411 0.411569 1 39 1.000000
  39 -24.777798 33.683487 4.512486 0.034023 -0.434342 -0.900105 0.757898 0.413119 1 39 1.000000
v_hands
  39 -24.616270 34.198380 4.282036 0.054998 -0.403836 -0.913177 0.756951 0.380646 1 39 1.000000
  39 -24.228765 34.227703 4.515684 0.821149 -0.355567 -0.446414 0.735489 0.379297 1 39 1.000000
  39 -24.399799 33.704216 4.722686 0.768317 -0.492470 -0.408855 0.736411 0.411569 1 39 1.000000
v_hands
  39 -25.145250 33.861702 4.646458 -0.660201 -0.169329 -0.731753 0.727286 0.895828 1 39 1.000000
  39 -24.616270 34.198380 4.282036 0.054998 -0.403836 -0.913177 0.712016 0.870792 1 39 1.000000
  39 -24.777798 33.683487 4.512486 0.034023 -0.434342 -0.900105 0.713527 0.896027 1 39 1.000000
v_hands
  39 -25.145250 33.861702 4.646458 -0.660201 -0.169329 -0.731753 0.727286 0.895828 1 39 1.000000
  39 -25.066656 34.405727 4.402705 -0.644308 -0.163133 -0.747164 0.727948 0.870499 1 39 1.000000
  39 -24.616270 34.198380 4.282036 0.054998 -0.403836 -0.913177 0.712016 0.870792 1 39 1.000000
v_hands
  38 -23.819830 36.761543 4.619759 -0.020364 0.384603 0.922857 0.770753 0.813484 1 38 1.000000
  38 -24.760706 35.974030 4.751809 -0.668734 0.503776 0.546813 0.760448 0.827223 2 38 0.708600 39 0.291400
  38 -24.377457 35.837040 5.039168 -0.065983 0.372572 0.925654 0.777350 0.830123 2 38 0.584000 39 0.416000
v_hands
  38 -23.819830 36.761543 4.619759 -0.020364 0.384603 0.922857 0.770753 0.813484 1 38 1.000000
  38 -24.187321 37.120907 4.381292 -0.900062 0.234267 0.367432 0.762637 0.789028 1 38 1.000000
  38 -24.760706 35.974030 4.751809 -0.668734 0.503776 0.546813 0.760448 0.827223 2 38 0.708600 39 0.291400
v_hands
  38 -24.760706 35.974030 4.751809 -0.668734 0.503776 0.546813 0.760448 0.827223 2 38 0.708600 39 0.291400
  38 -24.658247 36.458183 4.013254 -0.921341 0.262757 -0.286513 0.742723 0.810721 1 38 1.000000
  38 -24.907806 35.940392 4.277595 -0.923885 0.293333 -0.245748 0.743607 0.825671 2 38 0.803900 39 0.196100
v_hands
  38 -24.760706 35.974030 4.751809 -0.668734 0.503776 0.546813 0.760448 0.827223 2 38 0.708600 39 0.291400
  38 -24.187321 37.120907 4.381292 -0.900062 0.234267 0.367432 0.762637 0.789028 1 38 1.000000
  38 -24.658247 36.458183 4.013254 -0.921341 0.262757 -0.286513 0.742723 0.810721 1 38 1.000000
v_hands
  38 -24.655783 35.626114 3.891036 -0.547323 -0.091559 -0.831898 0.727365 0.829121 2 38 0.714300 39 0.285700
  38 -23.659296 36.108772 3.559602 0.142698 -0.398115 -0.906168 0.710348 0.805848 2 38 0.909200 39 0.090800
  38 -24.160879 35.241245 3.851898 0.108746 -0.415715 -0.902970 0.708070 0.836599 2 38 0.543800 39 0.456200
v_hands
  38 -24.655783 35.626114 3.891036 -0.547323 -0.091559 -0.831898 0.727365 0.829121 2 38 0.714300 39 0.285700
  38 -24.036140 36.671677 3.478928 -0.735927 -0.194946 -0.648388 0.722863 0.791670 1 38 1.000000
  38 -23.659296 36.108772 3.559602 0.142698 -0.398115 -0.906168 0.710348 0.805848 2 38 0.909200 39 0.090800
v_hands
  38 -24.160879 35.241245 3.851898 0.108746 -0.415715 -0.902970 0.755475 0.335967 2 38 0.543800 39 0.456200
  38 -23.411839 35.939312 3.849095 0.635925 -0.771548 0.017696 0.737539 0.296489 2 38 0.830600 39 0.169400
  38 -23.785097 35.136269 4.157611 0.746996 -0.552035 -0.370479 0.736655 0.334845 2 38 0.515500 39 0.484500
v_hands
  38 -24.160879 35.241245 3.851898 0.108746 -0.415715 -0.902970 0.755475 0.335967 2 38 0.543800 39 0.456200
  38 -23.659296 36.108772 3.559602 0.142698 -0.398115 -0.906168 0.750292 0.300268 2 38 0.909200 39 0.090800
  38 -23.411839 35.939312 3.849095 0.635925 -0.771548 0.017696 0.737539 0.296489 2 38 0.830600 39 0.169400
v_hands
  38 -23.411839 35.939312 3.849095 0.635925 -0.771548 0.017696 0.737539 0.296489 2 38 0.830600 39 0.169400
  38 -23.734024 35.222988 4.659349 0.863274 -0.379343 0.332952 0.716120 0.335971 2 38 0.501400 39 0.498600
  38 -23.785097 35.136269 4.157611 0.746996 -0.552035 -0.370479 0.736655 0.334845 2 38 0.515500 39 0.484500
v_hands
  38 -23.411839 35.939312 3.849095 0.635925 -0.771548 0.017696 0.737539 0.296489 2 38 0.830600 39 0.169400
  38 -23.286413 36.198936 4.302413 0.670135 -0.612456 0.419305 0.713893 0.294452 2 38 0.859700 39 0.140300
  38 -23.734024 35.222988 4.659349 0.863274 -0.379343 0.332952 0.716120 0.335971 2 38 0.501400 39 0.498600
v_hands
  38 -23.469885 36.408276 4.644855 0.503032 -0.411827 0.759840 0.692883 0.296316 2 38 0.879800 39 0.120200
  38 -24.377457 35.837040 5.039168 -0.065983 0.372572 0.925654 0.674798 0.336700 2 38 0.584000 39 0.416000
  38 -23.928923 35.518341 5.004364 0.549113 -0.013107 0.835645 0.695084 0.336979 2 38 0.518900 39 0.481100
v_hands
  38 -23.469885 36.408276 4.644855 0.503032 -0.411827 0.759840 0.692883 0.296316 2 38 0.879800 39 0.120200
  38 -23.819830 36.761543 4.619759 -0.020364 0.384603 0.922857 0.677229 0.306191 1 38 1.000000
  38 -24.377457 35.837040 5.039168 -0.065983 0.372572 0.925654 0.674798 0.336700 2 38 0.584000 39 0.416000
v_hands
  39 -24.161966 34.462482 4.413609 0.807530 -0.441707 -0.390884 0.736723 0.366894 1 39 1.000000
  38 -23.734024 35.222988 4.659349 0.863274 -0.379343 0.332952 0.716120 0.335971 2 38 0.501400 39 0.498600
  39 -24.217842 34.621216 4.857673 0.931264 -0.198326 0.305638 0.715895 0.367814 1 39 1.000000
v_hands
  39 -24.161966 34.462482 4.413609 0.807530 -0.441707 -0.390884 0.736723 0.366894 1 39 1.000000
  38 -23.785097 35.136269 4.157611 0.746996 -0.552035 -0.370479 0.736655 0.334845 2 38 0.515500 39 0.484500
  38 -23.734024 35.222988 4.659349 0.863274 -0.379343 0.332952 0.716120 0.335971 2 38 0.501400 39 0.498600
v_hands
  39 -24.362661 34.822437 5.237792 0.577463 0.055702 0.814514 0.695114 0.368055 1 39 1.000000
  38 -24.377457 35.837040 5.039168 -0.065983 0.372572 0.925654 0.674798 0.336700 2 38 0.584000 39 0.416000
  39 -24.836235 35.023170 5.302979 -0.127822 0.350902 0.927647 0.673328 0.370451 1 39 1.000000
v_hands
  39 -24.362661 34.822437 5.237792 0.577463 0.055702 0.814514 0.695114 0.368055 1 39 1.000000
  38 -23.928923 35.518341 5.004364 0.549113 -0.013107 0.835645 0.695084 0.336979 2 38 0.518900 39 0.481100
  38 -24.377457 35.837040 5.039168 -0.065983 0.372572 0.925654 0.674798 0.336700 2 38 0.584000 39 0.416000
v_hands
  38 -24.342663 37.041996 4.076800 -0.888790 0.330081 0.317961 0.752532 0.790218 1 38 1.000000
  38 -24.409405 37.166134 3.731498 -0.978686 0.120895 -0.166003 0.743365 0.782636 1 38 1.000000
  38 -24.480326 36.865799 3.837694 -0.963214 0.146778 -0.225110 0.742876 0.795412 1 38 1.000000
v_hands
  38 -24.342663 37.041996 4.076800 -0.888790 0.330081 0.317961 0.752532 0.790218 1 38 1.000000
  38 -24.305422 37.385380 3.953016 -0.909104 0.341128 0.239085 0.753475 0.776204 1 38 1.000000
  38 -24.409405 37.166134 3.731498 -0.978686 0.120895 -0.166003 0.743365 0.782636 1 38 1.000000
v_hands
  39 -25.205999 35.012798 4.624681 -0.949257 0.217340 -0.227320 0.744544 0.856886 1 39 1.000000
  38 -24.655783 35.626114 3.891036 -0.547323 -0.091559 -0.831898 0.727365 0.829121 2 38 0.714300 39 0.285700
  39 -24.985580 34.749088 4.280154 -0.610570 -0.113840 -0.783737 0.728113 0.859188 1 39 1.000000
v_hands
  39 -25.205999 35.012798 4.624681 -0.949257 0.217340 -0.227320 0.744544 0.856886 1 39 1.000000
  38 -24.907806 35.940392 4.277595 -0.923885 0.293333 -0.245748 0.743607 0.825671 2 38 0.803900 39 0.196100
  38 -24.655783 35.626114 3.891036 -0.547323 -0.091559 -0.831898 0.727365 0.829121 2 38 0.714300 39 0.285700
v_hands
  38 -24.377457 35.837040 5.039168 -0.065983 0.372572 0.925654 0.777350 0.830123 2 38 0.584000 39 0.416000
  39 -25.088312 35.163216 5.069447 -0.745663 0.442583 0.498103 0.760906 0.852695 1 39 1.000000
  39 -24.836235 35.023170 5.302979 -0.127822 0.350902 0.927647 0.776199 0.857739 1 39 1.000000
v_hands
  38 -24.377457 35.837040 5.039168 -0.065983 0.372572 0.925654 0.777350 0.830123 2 38 0.584000 39 0.416000
  38 -24.760706 35.974030 4.751809 -0.668734 0.503776 0.546813 0.760448 0.827223 2 38 0.708600 39 0.291400
  39 -25.088312 35.163216 5.069447 -0.745663 0.442583 0.498103 0.760906 0.852695 1 39 1.000000
v_hands
  33 -23.795633 38.775219 4.142337 -0.907594 0.207687 -0.364882 0.777276 0.722781 1 33 1.000000
  38 -24.138767 37.693443 4.037911 -0.928372 0.365967 0.064760 0.759661 0.764124 1 38 1.000000
  34 -24.169884 37.995289 4.623788 -0.934405 0.094731 -0.343386 0.785108 0.761156 2 34 0.604631 33 0.395370
v_hands
  33 -23.795633 38.775219 4.142337 -0.907594 0.207687 -0.364882 0.777276 0.722781 1 33 1.000000
  37 -23.755163 38.459667 3.635888 -0.917790 0.396468 -0.021761 0.754243 0.727060 1 37 1.000000
  38 -24.138767 37.693443 4.037911 -0.928372 0.365967 0.064760 0.759661 0.764124 1 38 1.000000
v_hands
  34 -24.270636 37.511635 4.861563 -0.921597 -0.082798 -0.379213 0.786478 0.782352 1 34 1.000000
  38 -24.138767 37.693443 4.037911 -0.928372 0.365967 0.064760 0.759661 0.764124 1 38 1.000000
  38 -24.187321 37.120907 4.381292 -0.900062 0.234267 0.367432 0.762637 0.789028 1 38 1.000000
v_hands
  34 -24.270636 37.511635 4.861563 -0.921597 -0.082798 -0.379213 0.786478 0.782352 1 34 1.000000
  34 -24.169884 37.995289 4.623788 -0.934405 0.094731 -0.343386 0.785108 0.761156 2 34 0.604631 33 0.395370
  38 -24.138767 37.693443 4.037911 -0.928372 0.365967 0.064760 0.759661 0.764124 1 38 1.000000
v_hands
  38 -24.160879 35.241245 3.851898 0.108746 -0.415715 -0.902970 0.755475 0.335967 2 38 0.543800 39 0.456200
  39 -24.161966 34.462482 4.413609 0.807530 -0.441707 -0.390884 0.736723 0.366894 1 39 1.000000
  39 -24.518463 34.477089 4.178060 0.075591 -0.407676 -0.909992 0.756389 0.369732 1 39 1.000000
v_hands
  38 -24.160879 35.241245 3.851898 0.108746 -0.415715 -0.902970 0.755475 0.335967 2 38 0.543800 39 0.456200
  38 -23.785097 35.136269 4.157611 0.746996 -0.552035 -0.370479 0.736655 0.334845 2 38 0.515500 39 0.484500
  39 -24.161966 34.462482 4.413609 0.807530 -0.441707 -0.390884 0.736723 0.366894 1 39 1.000000
v_hands
  38 -24.299423 37.319878 3.496529 -0.802273 0.054436 -0.594470 0.736611 0.772855 1 38 1.000000
  38 -24.409405 37.166134 3.731498 -0.978686 0.120895 -0.166003 0.743365 0.782636 1 38 1.000000
  38 -24.364494 37.353840 3.660396 -0.940580 0.276767 -0.196747 0.743502 0.774585 1 38 1.000000
v_hands
  38 -24.299423 37.319878 3.496529 -0.802273 0.054436 -0.594470 0.736611 0.772855 1 38 1.000000
  38 -24.238585 37.164490 3.461778 -0.750312 -0.110995 -0.651699 0.732232 0.776991 1 38 1.000000
  38 -24.409405 37.166134 3.731498 -0.978686 0.120895 -0.166003 0.743365 0.782636 1 38 1.000000
v_hands
  39 -24.985580 34.749088 4.280154 -0.610570 -0.113840 -0.783737 0.728113 0.859188 1 39 1.000000
  38 -24.160879 35.241245 3.851898 0.108746 -0.415715 -0.902970 0.708070 0.836599 2 38 0.543800 39 0.456200
  39 -24.518463 34.477089 4.178060 0.075591 -0.407676 -0.909992 0.712696 0.860829 1 39 1.000000
v_hands
  39 -24.985580 34.749088 4.280154 -0.610570 -0.113840 -0.783737 0.728113 0.859188 1 39 1.000000
  38 -24.655783 35.626114 3.891036 -0.547323 -0.091559 -0.831898 0.727365 0.829121 2 38 0.714300 39 0.285700
  38 -24.160879 35.241245 3.851898 0.108746 -0.415715 -0.902970 0.708070 0.836599 2 38 0.543800 39 0.456200
v_hands
  38 -24.305422 37.385380 3.953016 -0.909104 0.341128 0.239085 0.753475 0.776204 1 38 1.000000
  38 -24.187321 37.120907 4.381292 -0.900062 0.234267 0.367432 0.762637 0.789028 1 38 1.000000
  38 -24.138767 37.693443 4.037911 -0.928372 0.365967 0.064760 0.759661 0.764124 1 38 1.000000
v_hands
  38 -24.305422 37.385380 3.953016 -0.909104 0.341128 0.239085 0.753475 0.776204 1 38 1.000000
  38 -24.342663 37.041996 4.076800 -0.888790 0.330081 0.317961 0.752532 0.790218 1 38 1.000000
  38 -24.187321 37.120907 4.381292 -0.900062 0.234267 0.367432 0.762637 0.789028 1 38 1.000000
v_hands
  38 -24.655783 35.626114 3.891036 -0.547323 -0.091559 -0.831898 0.727365 0.829121 2 38 0.714300 39 0.285700
  38 -24.658247 36.458183 4.013254 -0.921341 0.262757 -0.286513 0.742723 0.810721 1 38 1.000000
  38 -24.036140 36.671677 3.478928 -0.735927 -0.194946 -0.648388 0.722863 0.791670 1 38 1.000000
v_hands
  38 -24.655783 35.626114 3.891036 -0.547323 -0.091559 -0.831898 0.727365 0.829121 2 38 0.714300 39 0.285700
  38 -24.907806 35.940392 4.277595 -0.923885 0.293333 -0.245748 0.743607 0.825671 2 38 0.803900 39 0.196100
  38 -24.658247 36.458183 4.013254 -0.921341 0.262757 -0.286513 0.742723 0.810721 1 38 1.000000
v_hands
  38 -23.928923 35.518341 5.004364 0.549113 -0.013107 0.835645 0.695084 0.336979 2 38 0.518900 39 0.481100
  38 -23.286413 36.198936 4.302413 0.670135 -0.612456 0.419305 0.713893 0.294452 2 38 0.859700 39 0.140300
  38 -23.469885 36.408276 4.644855 0.503032 -0.411827 0.759840 0.692883 0.296316 2 38 0.879800 39 0.120200
v_hands
  38 -23.928923 35.518341 5.004364 0.549113 -0.013107 0.835645 0.695084 0.336979 2 38 0.518900 39 0.481100
  38 -23.734024 35.222988 4.659349 0.863274 -0.379343 0.332952 0.716120 0.335971 2 38 0.501400 39 0.498600
  38 -23.286413 36.198936 4.302413 0.670135 -0.612456 0.419305 0.713893 0.294452 2 38 0.859700 39 0.140300
v_hands
  39 -24.362661 34.822437 5.237792 0.577463 0.055702 0.814514 0.695114 0.368055 1 39 1.000000
  38 -23.734024 35.222988 4.659349 0.863274 -0.379343 0.332952 0.716120 0.335971 2 38 0.501400 39 0.498600
  38 -23.928923 35.518341 5.004364 0.549113 -0.013107 0.835645 0.695084 0.336979 2 38 0.518900 39 0.481100
v_hands
  39 -24.362661 34.822437 5.237792 0.577463 0.055702 0.814514 0.695114 0.368055 1 39 1.000000
  39 -24.217842 34.621216 4.857673 0.931264 -0.198326 0.305638 0.715895 0.367814 1 39 1.000000
  38 -23.734024 35.222988 4.659349 0.863274 -0.379343 0.332952 0.716120 0.335971 2 38 0.501400 39 0.498600
v_hands
  38 -24.760706 35.974030 4.751809 -0.668734 0.503776 0.546813 0.760448 0.827223 2 38 0.708600 39 0.291400
  39 -25.205999 35.012798 4.624681 -0.949257 0.217340 -0.227320 0.744544 0.856886 1 39 1.000000
  39 -25.088312 35.163216 5.069447 -0.745663 0.442583 0.498103 0.760906 0.852695 1 39 1.000000
v_hands
  38 -24.760706 35.974030 4.751809 -0.668734 0.503776 0.546813 0.760448 0.827223 2 38 0.708600 39 0.291400
  38 -24.907806 35.940392 4.277595 -0.923885 0.293333 -0.245748 0.743607 0.825671 2 38 0.803900 39 0.196100
  39 -25.205999 35.012798 4.624681 -0.949257 0.217340 -0.227320 0.744544 0.856886 1 39 1.000000
v_hands
  38 -24.207811 37.595287 3.781447 -0.857119 0.505966 0.096673 0.749953 0.765410 1 38 1.000000
  38 -24.305422 37.385380 3.953016 -0.909104 0.341128 0.239085 0.753475 0.776204 1 38 1.000000
  38 -24.138767 37.693443 4.037911 -0.928372 0.365967 0.064760 0.759661 0.764124 1 38 1.000000
v_hands
  38 -24.207811 37.595287 3.781447 -0.857119 0.505966 0.096673 0.749953 0.765410 1 38 1.000000
  38 -24.306957 37.446766 3.779448 -0.891179 0.437598 0.119613 0.748511 0.771974 1 38 1.000000
  38 -24.305422 37.385380 3.953016 -0.909104 0.341128 0.239085 0.753475 0.776204 1 38 1.000000
v_hands
  38 -23.819830 36.761543 4.619759 -0.747067 -0.602722 0.280385 0.677229 0.306191 1 38 1.000000
  34 -23.560471 36.699139 5.180384 -0.719656 -0.643277 0.261323 0.661615 0.305191 2 34 0.936606 33 0.063394
  34 -23.839123 36.949173 4.959478 -0.747066 -0.602724 0.280386 0.674427 0.306400 1 34 1.000000
v_hands
  38 -23.819830 36.761543 4.619759 -0.747067 -0.602722 0.280385 0.677229 0.306191 1 38 1.000000
  38 -23.469885 36.408276 4.644855 -0.719658 -0.643275 0.261322 0.692883 0.296316 2 38 0.879800 39 0.120200
  34 -23.560471 36.699139 5.180384 -0.719656 -0.643277 0.261323 0.661615 0.305191 2 34 0.936606 33 0.063394
v_hands
  38 -23.286413 36.198936 4.302413 0.670135 -0.612456 0.419305 0.713893 0.294452 2 38 0.859700 39 0.140300
  38 -23.302055 36.472572 4.673208 0.602631 -0.604834 0.520588 0.693441 0.291112 1 38 1.000000
  38 -23.469885 36.408276 4.644855 0.503032 -0.411827 0.759840 0.692883 0.296316 2 38 0.879800 39 0.120200
v_hands
  38 -23.286413 36.198936 4.302413 0.670135 -0.612456 0.419305 0.713893 0.294452 2 38 0.859700 39 0.140300
  38 -23.172398 36.238163 4.265857 0.628801 -0.665335 0.402415 0.714927 0.289768 1 38 1.000000
  38 -23.302055 36.472572 4.673208 0.602631 -0.604834 0.520588 0.693441 0.291112 1 38 1.000000
v_hands
  38 -23.411839 35.939312 3.849095 0.635925 -0.771548 0.017696 0.737539 0.296489 2 38 0.830600 39 0.169400
  38 -23.172398 36.238163 4.265857 0.628801 -0.665335 0.402415 0.714927 0.289768 1 38 1.000000
  38 -23.286413 36.198936 4.302413 0.670135 -0.612456 0.419305 0.713893 0.294452 2 38 0.859700 39 0.140300
v_hands
  38 -23.411839 35.939312 3.849095 0.635925 -0.771548 0.017696 0.737539 0.296489 2 38 0.830600 39 0.169400
  38 -23.248709 35.976379 3.762745 0.666780 -0.668027 0.330369 0.739474 0.290653 1 38 1.000000
  38 -23.172398 36.238163 4.265857 0.628801 -0.665335 0.402415 0.714927 0.289768 1 38 1.000000
v_hands
  38 -23.469885 36.408276 4.644855 0.503032 -0.411827 0.759840 0.692883 0.296316 2 38 0.879800 39 0.120200
  34 -23.351931 36.758392 5.049502 0.619565 -0.690126 0.373985 0.667696 0.289486 2 34 0.723681 33 0.276319
  34 -23.560471 36.699139 5.180384 0.598780 -0.800912 0.001476 0.661615 0.305191 2 34 0.936606 33 0.063394
v_hands
  38 -23.469885 36.408276 4.644855 0.503032 -0.411827 0.759840 0.692883 0.296316 2 38 0.879800 39 0.120200
  38 -23.302055 36.472572 4.673208 0.602631 -0.604834 0.520588 0.693441 0.291112 1 38 1.000000
  34 -23.351931 36.758392 5.049502 0.619565 -0.690126 0.373985 0.667696 0.289486 2 34 0.723681 33 0.276319
v_hands
  38 -24.364494 37.353840 3.660396 -0.940580 0.276767 -0.196747 0.743502 0.774585 1 38 1.000000
  38 -24.305422 37.385380 3.953016 -0.909104 0.341128 0.239085 0.753475 0.776204 1 38 1.000000
  38 -24.306957 37.446766 3.779448 -0.891179 0.437598 0.119613 0.748511 0.771974 1 38 1.000000
v_hands
  38 -24.364494 37.353840 3.660396 -0.940580 0.276767 -0.196747 0.743502 0.774585 1 38 1.000000
  38 -24.409405 37.166134 3.731498 -0.978686 0.120895 -0.166003 0.743365 0.782636 1 38 1.000000
  38 -24.305422 37.385380 3.953016 -0.909104 0.341128 0.239085 0.753475 0.776204 1 38 1.000000
v_hands
  38 -24.151798 37.430832 3.370347 -0.770692 0.099331 -0.629418 0.732508 0.765355 1 38 1.000000
  38 -24.238585 37.164490 3.461778 -0.750312 -0.110995 -0.651699 0.732232 0.776991 1 38 1.000000
  38 -24.299423 37.319878 3.496529 -0.802273 0.054436 -0.594470 0.736611 0.772855 1 38 1.000000
v_hands
  38 -24.151798 37.430832 3.370347 -0.770692 0.099331 -0.629418 0.732508 0.765355 1 38 1.000000
  38 -23.949200 37.315247 3.190336 -0.771605 -0.022173 -0.635715 0.722269 0.764325 1 38 1.000000
  38 -24.238585 37.164490 3.461778 -0.750312 -0.110995 -0.651699 0.732232 0.776991 1 38 1.000000
v_hands
  38 -24.658247 36.458183 4.013254 -0.921341 0.262757 -0.286513 0.742723 0.810721 1 38 1.000000
  38 -24.342663 37.041996 4.076800 -0.888790 0.330081 0.317961 0.752532 0.790218 1 38 1.000000
  38 -24.480326 36.865799 3.837694 -0.963214 0.146778 -0.225110 0.742876 0.795412 1 38 1.000000
v_hands
  38 -24.658247 36.458183 4.013254 -0.921341 0.262757 -0.286513 0.742723 0.810721 1 38 1.000000
  38 -24.187321 37.120907 4.381292 -0.900062 0.234267 0.367432 0.762637 0.789028 1 38 1.000000
  38 -24.342663 37.041996 4.076800 -0.888790 0.330081 0.317961 0.752532 0.790218 1 38 1.000000
v_hands
  38 -24.480326 36.865799 3.837694 -0.963214 0.146778 -0.225110 0.742876 0.795412 1 38 1.000000
  38 -24.036140 36.671677 3.478928 -0.735927 -0.194946 -0.648388 0.722863 0.791670 1 38 1.000000
  38 -24.658247 36.458183 4.013254 -0.921341 0.262757 -0.286513 0.742723 0.810721 1 38 1.000000
v_hands
  38 -24.480326 36.865799 3.837694 -0.963214 0.146778 -0.225110 0.742876 0.795412 1 38 1.000000
  38 -24.334328 36.839188 3.641992 -0.698501 -0.153801 -0.698886 0.734149 0.791890 1 38 1.000000
  38 -24.036140 36.671677 3.478928 -0.735927 -0.194946 -0.648388 0.722863 0.791670 1 38 1.000000
v_hands
  38 -24.187321 37.120907 4.381292 -0.900062 0.234267 0.367432 0.762637 0.789028 1 38 1.000000
  34 -23.839123 36.949173 4.959478 -0.747066 -0.602724 0.280386 0.774572 0.817382 1 34 1.000000
  34 -24.270636 37.511635 4.861563 -0.921597 -0.082798 -0.379213 0.786478 0.782352 1 34 1.000000
v_hands
  38 -24.187321 37.120907 4.381292 -0.900062 0.234267 0.367432 0.762637 0.789028 1 38 1.000000
  38 -23.819830 36.761543 4.619759 -0.747067 -0.602722 0.280385 0.770753 0.813484 1 38 1.000000
  34 -23.839123 36.949173 4.959478 -0.747066 -0.602724 0.280386 0.774572 0.817382 1 34 1.000000
v_hands
  38 -24.036140 36.671677 3.478928 -0.735927 -0.194946 -0.648388 0.722863 0.791670 1 38 1.000000
  38 -24.238585 37.164490 3.461778 -0.750312 -0.110995 -0.651699 0.732232 0.776991 1 38 1.000000
  38 -23.949200 37.315247 3.190336 -0.771605 -0.022173 -0.635715 0.722269 0.764325 1 38 1.000000
v_hands
  38 -24.036140 36.671677 3.478928 -0.735927 -0.194946 -0.648388 0.722863 0.791670 1 38 1.000000
  38 -24.334328 36.839188 3.641992 -0.698501 -0.153801 -0.698886 0.734149 0.791890 1 38 1.000000
  38 -24.238585 37.164490 3.461778 -0.750312 -0.110995 -0.651699 0.732232 0.776991 1 38 1.000000
v_hands
  38 -24.274689 37.540707 3.583775 -0.894504 0.393693 -0.211819 0.742959 0.765859 1 38 1.000000
  38 -24.299423 37.319878 3.496529 -0.802273 0.054436 -0.594470 0.736611 0.772855 1 38 1.000000
  38 -24.364494 37.353840 3.660396 -0.940580 0.276767 -0.196747 0.743502 0.774585 1 38 1.000000
v_hands
  38 -24.274689 37.540707 3.583775 -0.894504 0.393693 -0.211819 0.742959 0.765859 1 38 1.000000
  38 -24.151798 37.430832 3.370347 -0.770692 0.099331 -0.629418 0.732508 0.765355 1 38 1.000000
  38 -24.299423 37.319878 3.496529 -0.802273 0.054436 -0.594470 0.736611 0.772855 1 38 1.000000
v_hands
  38 -24.409405 37.166134 3.731498 -0.978686 0.120895 -0.166003 0.743365 0.782636 1 38 1.000000
  38 -24.334328 36.839188 3.641992 -0.698501 -0.153801 -0.698886 0.734149 0.791890 1 38 1.000000
  38 -24.480326 36.865799 3.837694 -0.963214 0.146778 -0.225110 0.742876 0.795412 1 38 1.000000
v_hands
  38 -24.409405 37.166134 3.731498 -0.978686 0.120895 -0.166003 0.743365 0.782636 1 38 1.000000
  38 -24.238585 37.164490 3.461778 -0.750312 -0.110995 -0.651699 0.732232 0.776991 1 38 1.000000
  38 -24.334328 36.839188 3.641992 -0.698501 -0.153801 -0.698886 0.734149 0.791890 1 38 1.000000
v_hands
  38 -24.274689 37.540707 3.583775 -0.894504 0.393693 -0.211819 0.742959 0.765859 1 38 1.000000
  38 -24.306957 37.446766 3.779448 -0.891179 0.437598 0.119613 0.748511 0.771974 1 38 1.000000
  38 -24.207811 37.595287 3.781447 -0.857119 0.505966 0.096673 0.749953 0.765410 1 38 1.000000
v_hands
  38 -24.274689 37.540707 3.583775 -0.894504 0.393693 -0.211819 0.742959 0.765859 1 38 1.000000
  38 -24.364494 37.353840 3.660396 -0.940580 0.276767 -0.196747 0.743502 0.774585 1 38 1.000000
  38 -24.306957 37.446766 3.779448 -0.891179 0.437598 0.119613 0.748511 0.771974 1 38 1.000000
v_hands
  34 -23.351931 36.758392 5.049502 0.619565 -0.690126 0.373985 0.667696 0.289486 2 34 0.723681 33 0.276319
  38 -22.963785 37.057888 4.567410 0.867830 -0.375124 0.325811 0.687839 0.261698 1 38 1.000000
  33 -22.985044 37.116817 4.698317 0.843531 -0.503730 0.186309 0.680653 0.263080 2 33 0.604022 34 0.395978
v_hands
  34 -23.351931 36.758392 5.049502 0.619565 -0.690126 0.373985 0.667696 0.289486 2 34 0.723681 33 0.276319
  38 -23.302055 36.472572 4.673208 0.602631 -0.604834 0.520588 0.693441 0.291112 1 38 1.000000
  38 -22.963785 37.057888 4.567410 0.867830 -0.375124 0.325811 0.687839 0.261698 1 38 1.000000
v_hands
  38 -23.302055 36.472572 4.673208 0.602631 -0.604834 0.520588 0.693441 0.291112 1 38 1.000000
  38 -22.828320 36.743805 4.100967 0.899714 -0.358316 0.249248 0.713073 0.261659 1 38 1.000000
  38 -22.963785 37.057888 4.567410 0.867830 -0.375124 0.325811 0.687839 0.261698 1 38 1.000000
v_hands
  38 -23.302055 36.472572 4.673208 0.602631 -0.604834 0.520588 0.693441 0.291112 1 38 1.000000
  38 -23.172398 36.238163 4.265857 0.628801 -0.665335 0.402415 0.714927 0.289768 1 38 1.000000
  38 -22.828320 36.743805 4.100967 0.899714 -0.358316 0.249248 0.713073 0.261659 1 38 1.000000
v_hands
  38 -22.828320 36.743805 4.100967 0.899714 -0.358316 0.249248 0.713073 0.261659 1 38 1.000000
  38 -23.248709 35.976379 3.762745 0.666780 -0.668027 0.330369 0.739474 0.290653 1 38 1.000000
  38 -22.820368 36.712753 3.425296 0.898573 -0.381516 0.216820 0.739997 0.252532 1 38 1.000000
v_hands
  38 -22.828320 36.743805 4.100967 0.899714 -0.358316 0.249248 0.713073 0.261659 1 38 1.000000
  38 -23.172398 36.238163 4.265857 0.628801 -0.665335 0.402415 0.714927 0.289768 1 38 1.000000
  38 -23.248709 35.976379 3.762745 0.666780 -0.668027 0.330369 0.739474 0.290653 1 38 1.000000
v_hands
  48 -22.688669 32.384003 1.396817 0.863663 -0.503876 -0.013982 0.966677 0.370437 1 48 1.000000
  48 -22.816172 32.781059 0.963159 0.518112 -0.256518 -0.815940 0.975331 0.338963 1 48 1.000000
  48 -22.581053 32.733833 1.328115 0.978434 -0.175397 -0.109098 0.957790 0.350379 1 48 1.000000
v_hands
  48 -22.688669 32.384003 1.396817 0.863663 -0.503876 -0.013982 0.966677 0.370437 1 48 1.000000
  48 -22.853508 32.189392 1.169094 0.445575 -0.731796 -0.515691 0.987049 0.377405 1 48 1.000000
  48 -22.816172 32.781059 0.963159 0.518112 -0.256518 -0.815940 0.975331 0.338963 1 48 1.000000
v_hands
  48 -22.821281 33.245476 0.848485 0.525498 -0.139112 -0.839345 0.963570 0.317687 1 48 1.000000
  47 -22.636282 33.562935 1.153715 0.990692 -0.032857 -0.132095 0.935918 0.307862 1 47 1.000000
  48 -22.586838 33.281601 1.214695 0.987063 0.023719 -0.158566 0.944524 0.320424 1 48 1.000000
v_hands
  48 -22.821281 33.245476 0.848485 0.525498 -0.139112 -0.839345 0.963570 0.317687 1 48 1.000000
  47 -22.783260 33.586994 0.831778 0.559172 -0.123068 -0.819866 0.954799 0.302696 1 47 1.000000
  47 -22.636282 33.562935 1.153715 0.990692 -0.032857 -0.132095 0.935918 0.307862 1 47 1.000000
v_hands
  47 -22.999823 33.643738 1.765674 -0.383275 0.072004 0.920823 0.907564 0.335391 1 47 1.000000
  48 -23.323555 33.395039 1.654968 -0.714434 0.131170 0.687298 0.901536 0.359013 1 48 1.000000
  48 -22.968611 33.374317 1.825328 -0.403561 0.169092 0.899192 0.913584 0.348487 1 48 1.000000
v_hands
  47 -22.999823 33.643738 1.765674 -0.383275 0.072004 0.920823 0.907564 0.335391 1 47 1.000000
  47 -23.364563 33.704407 1.602711 -0.713075 0.049083 0.699367 0.889766 0.344913 1 47 1.000000
  48 -23.323555 33.395039 1.654968 -0.714434 0.131170 0.687298 0.901536 0.359013 1 48 1.000000
v_hands
  48 -23.385759 32.923603 1.745514 -0.711409 0.066393 0.699635 0.911462 0.389411 1 48 1.000000
  48 -23.005091 32.413528 1.846100 0.072777 -0.415074 0.906872 0.942964 0.392972 1 48 1.000000
  48 -22.988525 32.846096 1.937172 0.122112 0.002176 0.992514 0.927132 0.381492 1 48 1.000000
v_hands
  48 -23.385759 32.923603 1.745514 -0.711409 0.066393 0.699635 0.911462 0.389411 1 48 1.000000
  48 -23.368162 32.287201 1.723076 -0.533682 -0.556942 0.636395 0.949083 0.404989 1 48 1.000000
  48 -23.005091 32.413528 1.846100 0.072777 -0.415074 0.906872 0.942964 0.392972 1 48 1.000000
v_hands
  48 -23.005091 32.413528 1.846100 0.072777 -0.415074 0.906872 0.942964 0.392972 1 48 1.000000
  48 -23.060841 32.127766 1.523607 0.009093 -0.988744 0.149339 0.973948 0.396206 1 48 1.000000
  48 -22.867514 32.237038 1.665543 0.588412 -0.593861 0.548726 0.959085 0.390614 1 48 1.000000
v_hands
  48 -23.005091 32.413528 1.846100 0.072777 -0.415074 0.906872 0.942964 0.392972 1 48 1.000000
  48 -23.368162 32.287201 1.723076 -0.533682 -0.556942 0.636395 0.949083 0.404989 1 48 1.000000
  48 -23.060841 32.127766 1.523607 0.009093 -0.988744 0.149339 0.973948 0.396206 1 48 1.000000
v_hands
  48 -22.586838 33.281601 1.214695 0.987063 0.023719 -0.158566 0.944524 0.320424 1 48 1.000000
  47 -22.702280 33.592167 1.477658 0.855387 0.114112 0.505264 0.920495 0.319013 1 47 1.000000
  48 -22.670332 33.398048 1.582706 0.843097 0.188026 0.503818 0.921994 0.329658 1 48 1.000000
v_hands
  48 -22.586838 33.281601 1.214695 0.987063 0.023719 -0.158566 0.944524 0.320424 1 48 1.000000
  47 -22.636282 33.562935 1.153715 0.990692 -0.032857 -0.132095 0.935918 0.307862 1 47 1.000000
  47 -22.702280 33.592167 1.477658 0.855387 0.114112 0.505264 0.920495 0.319013 1 47 1.000000
v_hands
  48 -23.025290 32.253933 1.097702 -0.257484 -0.601725 -0.756061 0.539366 0.908414 1 48 1.000000
  48 -23.357285 32.835720 1.164322 -0.768830 -0.201960 -0.606723 0.561350 0.892237 1 48 1.000000
  48 -23.074820 32.781048 0.949380 -0.316462 -0.286009 -0.904461 0.546937 0.887292 1 48 1.000000
v_hands
  48 -23.025290 32.253933 1.097702 -0.257484 -0.601725 -0.756061 0.539366 0.908414 1 48 1.000000
  48 -23.213074 32.195313 1.327774 -0.576744 -0.689143 -0.438689 0.547880 0.921944 1 48 1.000000
  48 -23.357285 32.835720 1.164322 -0.768830 -0.201960 -0.606723 0.561350 0.892237 1 48 1.000000
v_hands
  48 -23.213074 32.195313 1.327774 -0.576744 -0.689143 -0.438689 0.547880 0.921944 1 48 1.000000
  48 -23.368162 32.287201 1.723076 -0.533682 -0.556942 0.636395 0.567113 0.926582 1 48 1.000000
  48 -23.467804 32.311737 1.523444 -0.688094 -0.658469 -0.304869 0.562253 0.920472 1 48 1.000000
v_hands
  48 -23.213074 32.195313 1.327774 -0.576744 -0.689143 -0.438689 0.547880 0.921944 1 48 1.000000
  48 -23.060841 32.127766 1.523607 0.009093 -0.988744 0.149339 0.545403 0.928439 1 48 1.000000
  48 -23.368162 32.287201 1.723076 -0.533682 -0.556942 0.636395 0.567113 0.926582 1 48 1.000000
v_hands
  48 -23.025290 32.253933 1.097702 -0.257484 -0.601725 -0.756061 0.539366 0.908414 1 48 1.000000
  48 -22.816172 32.781059 0.963159 0.518112 -0.256518 -0.815940 0.535907 0.884202 1 48 1.000000
  48 -22.853508 32.189392 1.169094 0.445575 -0.731796 -0.515691 0.531655 0.911459 1 48 1.000000
v_hands
  48 -23.025290 32.253933 1.097702 -0.257484 -0.601725 -0.756061 0.539366 0.908414 1 48 1.000000
  48 -23.074820 32.781048 0.949380 -0.316462 -0.286009 -0.904461 0.546937 0.887292 1 48 1.000000
  48 -22.816172 32.781059 0.963159 0.518112 -0.256518 -0.815940 0.535907 0.884202 1 48 1.000000
v_hands
  48 -23.494604 32.819717 1.457990 -0.996181 -0.047954 -0.072965 0.572135 0.900494 1 48 1.000000
  48 -23.368162 32.287201 1.723076 -0.533682 -0.556942 0.636395 0.567113 0.926582 1 48 1.000000
  48 -23.385759 32.923603 1.745514 -0.711409 0.066393 0.699635 0.585517 0.904873 1 48 1.000000
v_hands
  48 -23.494604 32.819717 1.457990 -0.996181 -0.047954 -0.072965 0.572135 0.900494 1 48 1.000000
  48 -23.467804 32.311737 1.523444 -0.917924 -0.020718 0.396215 0.562253 0.920472 1 48 1.000000
  48 -23.368162 32.287201 1.723076 -0.533682 -0.556942 0.636395 0.567113 0.926582 1 48 1.000000
v_hands
  48 -23.005091 32.413528 1.846100 0.072777 -0.415074 0.906872 0.942964 0.392972 1 48 1.000000
  48 -22.724825 32.720886 1.739167 0.807486 -0.094170 0.582321 0.938408 0.370902 1 48 1.000000
  48 -22.988525 32.846096 1.937172 0.122112 0.002176 0.992514 0.927132 0.381492 1 48 1.000000
v_hands
  48 -23.005091 32.413528 1.846100 0.072777 -0.415074 0.906872 0.942964 0.392972 1 48 1.000000
  48 -22.867514 32.237038 1.665543 0.588412 -0.593861 0.548726 0.959085 0.390614 1 48 1.000000
  48 -22.724825 32.720886 1.739167 0.807486 -0.094170 0.582321 0.938408 0.370902 1 48 1.000000
v_hands
  47 -23.473356 33.575752 1.300432 -0.998832 -0.031344 -0.036782 0.586202 0.868000 1 47 1.000000
  48 -23.323555 33.395039 1.654968 -0.714434 0.131170 0.687298 0.596429 0.884993 1 48 1.000000
  47 -23.364563 33.704407 1.602711 -0.713075 0.049083 0.699367 0.602444 0.870060 1 47 1.000000
v_hands
  47 -23.473356 33.575752 1.300432 -0.998832 -0.031344 -0.036782 0.586202 0.868000 1 47 1.000000
  48 -23.477875 33.355518 1.332889 -0.999291 0.007541 -0.036894 0.581452 0.877600 1 48 1.000000
  48 -23.323555 33.395039 1.654968 -0.714434 0.131170 0.687298 0.596429 0.884993 1 48 1.000000
v_hands
  47 -23.132355 33.498478 0.795050 -0.348235 -0.112397 -0.930644 0.560940 0.857917 1 47 1.000000
  48 -22.821281 33.245476 0.848485 0.525498 -0.139112 -0.839345 0.543076 0.863854 1 48 1.000000
  48 -23.144178 33.215965 0.832273 -0.364727 -0.173420 -0.914822 0.556421 0.869690 1 48 1.000000
v_hands
  47 -23.132355 33.498478 0.795050 -0.348235 -0.112397 -0.930644 0.560940 0.857917 1 47 1.000000
  47 -22.783260 33.586994 0.831778 0.559172 -0.123068 -0.819866 0.547484 0.848505 1 47 1.000000
  48 -22.821281 33.245476 0.848485 0.525498 -0.139112 -0.839345 0.543076 0.863854 1 48 1.000000
v_hands
  48 -23.477875 33.355518 1.332889 -0.999291 0.007541 -0.036894 0.581452 0.877600 1 48 1.000000
  48 -23.328012 33.510735 1.015241 -0.827021 -0.086093 -0.555540 0.572196 0.863354 1 48 1.000000
  48 -23.340307 33.284935 1.070600 -0.823206 -0.102584 -0.558398 0.568517 0.873361 1 48 1.000000
v_hands
  48 -23.477875 33.355518 1.332889 -0.999291 0.007541 -0.036894 0.581452 0.877600 1 48 1.000000
  47 -23.473356 33.575752 1.300432 -0.998832 -0.031344 -0.036782 0.586202 0.868000 1 47 1.000000
  48 -23.328012 33.510735 1.015241 -0.827021 -0.086093 -0.555540 0.572196 0.863354 1 48 1.000000
v_hands
  48 -23.357285 32.835720 1.164322 -0.768830 -0.201960 -0.606723 0.561350 0.892237 1 48 1.000000
  48 -23.144178 33.215965 0.832273 -0.364727 -0.173420 -0.914822 0.556421 0.869690 1 48 1.000000
  48 -23.074820 32.781048 0.949380 -0.316462 -0.286009 -0.904461 0.546937 0.887292 1 48 1.000000
v_hands
  48 -23.357285 32.835720 1.164322 -0.768830 -0.201960 -0.606723 0.561350 0.892237 1 48 1.000000
  48 -23.340307 33.284935 1.070600 -0.823206 -0.102584 -0.558398 0.568517 0.873361 1 48 1.000000
  48 -23.144178 33.215965 0.832273 -0.364727 -0.173420 -0.914822 0.556421 0.869690 1 48 1.000000
v_hands
  48 -22.670332 33.398048 1.582706 0.843097 0.188026 0.503818 0.921994 0.329658 1 48 1.000000
  48 -22.581053 32.733833 1.328115 0.978434 -0.175397 -0.109098 0.957790 0.350379 1 48 1.000000
  48 -22.586838 33.281601 1.214695 0.987063 0.023719 -0.158566 0.944524 0.320424 1 48 1.000000
v_hands
  48 -22.670332 33.398048 1.582706 0.843097 0.188026 0.503818 0.921994 0.329658 1 48 1.000000
  48 -22.724825 32.720886 1.739167 0.807486 -0.094170 0.582321 0.938408 0.370902 1 48 1.000000
  48 -22.581053 32.733833 1.328115 0.978434 -0.175397 -0.109098 0.957790 0.350379 1 48 1.000000
v_hands
  48 -22.688669 32.384003 1.396817 0.863663 -0.503876 -0.013982 0.966677 0.370437 1 48 1.000000
  48 -23.060841 32.127766 1.523607 0.009093 -0.988744 0.149339 0.973948 0.396206 1 48 1.000000
  48 -22.853508 32.189392 1.169094 0.445575 -0.731796 -0.515691 0.987049 0.377405 1 48 1.000000
v_hands
  48 -22.688669 32.384003 1.396817 0.863663 -0.503876 -0.013982 0.966677 0.370437 1 48 1.000000
  48 -22.867514 32.237038 1.665543 0.588412 -0.593861 0.548726 0.959085 0.390614 1 48 1.000000
  48 -23.060841 32.127766 1.523607 0.009093 -0.988744 0.149339 0.973948 0.396206 1 48 1.000000
v_hands
  48 -22.670332 33.398048 1.582706 0.843097 0.188026 0.503818 0.921994 0.329658 1 48 1.000000
  47 -22.999823 33.643738 1.765674 0.660603 0.163381 0.732742 0.907564 0.335391 1 47 1.000000
  48 -22.968611 33.374317 1.825328 0.634571 0.234492 0.736432 0.913584 0.348487 1 48 1.000000
v_hands
  48 -22.670332 33.398048 1.582706 0.843097 0.188026 0.503818 0.921994 0.329658 1 48 1.000000
  47 -22.702280 33.592167 1.477658 0.855387 0.114112 0.505264 0.920495 0.319013 1 47 1.000000
  47 -22.999823 33.643738 1.765674 0.660603 0.163381 0.732742 0.907564 0.335391 1 47 1.000000
v_hands
  48 -23.357285 32.835720 1.164322 -0.768830 -0.201960 -0.606723 0.561350 0.892237 1 48 1.000000
  48 -23.467804 32.311737 1.523444 -0.688094 -0.658469 -0.304869 0.562253 0.920472 1 48 1.000000
  48 -23.494604 32.819717 1.457990 -0.996181 -0.047954 -0.072965 0.572135 0.900494 1 48 1.000000
v_hands
  48 -23.357285 32.835720 1.164322 -0.768830 -0.201960 -0.606723 0.561350 0.892237 1 48 1.000000
  48 -23.213074 32.195313 1.327774 -0.576744 -0.689143 -0.438689 0.547880 0.921944 1 48 1.000000
  48 -23.467804 32.311737 1.523444 -0.688094 -0.658469 -0.304869 0.562253 0.920472 1 48 1.000000
v_hands
  48 -22.853508 32.189392 1.169094 0.445575 -0.731796 -0.515691 0.531655 0.911459 1 48 1.000000
  48 -23.213074 32.195313 1.327774 -0.576744 -0.689143 -0.438689 0.547880 0.921944 1 48 1.000000
  48 -23.025290 32.253933 1.097702 -0.257484 -0.601725 -0.756061 0.539366 0.908414 1 48 1.000000
v_hands
  48 -22.853508 32.189392 1.169094 0.445575 -0.731796 -0.515691 0.531655 0.911459 1 48 1.000000
  48 -23.060841 32.127766 1.523607 0.009093 -0.988744 0.149339 0.545403 0.928439 1 48 1.000000
  48 -23.213074 32.195313 1.327774 -0.576744 -0.689143 -0.438689 0.547880 0.921944 1 48 1.000000
v_hands
  48 -23.074820 32.781048 0.949380 -0.316462 -0.286009 -0.904461 0.546937 0.887292 1 48 1.000000
  48 -22.821281 33.245476 0.848485 0.525498 -0.139112 -0.839345 0.543076 0.863854 1 48 1.000000
  48 -22.816172 32.781059 0.963159 0.518112 -0.256518 -0.815940 0.535907 0.884202 1 48 1.000000
v_hands
  48 -23.074820 32.781048 0.949380 -0.316462 -0.286009 -0.904461 0.546937 0.887292 1 48 1.000000
  48 -23.144178 33.215965 0.832273 -0.364727 -0.173420 -0.914822 0.556421 0.869690 1 48 1.000000
  48 -22.821281 33.245476 0.848485 0.525498 -0.139112 -0.839345 0.543076 0.863854 1 48 1.000000
v_hands
  48 -23.328012 33.510735 1.015241 -0.827021 -0.086093 -0.555540 0.572196 0.863354 1 48 1.000000
  47 -23.124901 33.916695 0.740640 -0.246389 -0.164988 -0.955024 0.566890 0.840848 1 47 1.000000
  47 -23.132355 33.498478 0.795050 -0.348235 -0.112397 -0.930644 0.560940 0.857917 1 47 1.000000
v_hands
  48 -23.328012 33.510735 1.015241 -0.827021 -0.086093 -0.555540 0.572196 0.863354 1 48 1.000000
  47 -23.352222 34.007637 0.942282 -0.808162 -0.159280 -0.567013 0.580757 0.842891 1 47 1.000000
  47 -23.124901 33.916695 0.740640 -0.246389 -0.164988 -0.955024 0.566890 0.840848 1 47 1.000000
v_hands
  48 -22.724825 32.720886 1.739167 0.807486 -0.094170 0.582321 0.938408 0.370902 1 48 1.000000
  48 -22.688669 32.384003 1.396817 0.863663 -0.503876 -0.013982 0.966677 0.370437 1 48 1.000000
  48 -22.581053 32.733833 1.328115 0.978434 -0.175397 -0.109098 0.957790 0.350379 1 48 1.000000
v_hands
  48 -22.724825 32.720886 1.739167 0.807486 -0.094170 0.582321 0.938408 0.370902 1 48 1.000000
  48 -22.867514 32.237038 1.665543 0.588412 -0.593861 0.548726 0.959085 0.390614 1 48 1.000000
  48 -22.688669 32.384003 1.396817 0.863663 -0.503876 -0.013982 0.966677 0.370437 1 48 1.000000
v_hands
  48 -22.816172 32.781059 0.963159 0.518112 -0.256518 -0.815940 0.975331 0.338963 1 48 1.000000
  48 -22.586838 33.281601 1.214695 0.987063 0.023719 -0.158566 0.944524 0.320424 1 48 1.000000
  48 -22.581053 32.733833 1.328115 0.978434 -0.175397 -0.109098 0.957790 0.350379 1 48 1.000000
v_hands
  48 -22.816172 32.781059 0.963159 0.518112 -0.256518 -0.815940 0.975331 0.338963 1 48 1.000000
  48 -22.821281 33.245476 0.848485 0.525498 -0.139112 -0.839345 0.963570 0.317687 1 48 1.000000
  48 -22.586838 33.281601 1.214695 0.987063 0.023719 -0.158566 0.944524 0.320424 1 48 1.000000
v_hands
  48 -22.724825 32.720886 1.739167 0.807486 -0.094170 0.582321 0.938408 0.370902 1 48 1.000000
  48 -22.968611 33.374317 1.825328 0.634571 0.234492 0.736432 0.913584 0.348487 1 48 1.000000
  48 -22.988525 32.846096 1.937172 0.122112 0.002176 0.992514 0.927132 0.381492 1 48 1.000000
v_hands
  48 -22.724825 32.720886 1.739167 0.807486 -0.094170 0.582321 0.938408 0.370902 1 48 1.000000
  48 -22.670332 33.398048 1.582706 0.843097 0.188026 0.503818 0.921994 0.329658 1 48 1.000000
  48 -22.968611 33.374317 1.825328 0.634571 0.234492 0.736432 0.913584 0.348487 1 48 1.000000
v_hands
  48 -23.144178 33.215965 0.832273 -0.364727 -0.173420 -0.914822 0.556421 0.869690 1 48 1.000000
  48 -23.328012 33.510735 1.015241 -0.827021 -0.086093 -0.555540 0.572196 0.863354 1 48 1.000000
  47 -23.132355 33.498478 0.795050 -0.348235 -0.112397 -0.930644 0.560940 0.857917 1 47 1.000000
v_hands
  48 -23.144178 33.215965 0.832273 -0.364727 -0.173420 -0.914822 0.556421 0.869690 1 48 1.000000
  48 -23.340307 33.284935 1.070600 -0.823206 -0.102584 -0.558398 0.568517 0.873361 1 48 1.000000
  48 -23.328012 33.510735 1.015241 -0.827021 -0.086093 -0.555540 0.572196 0.863354 1 48 1.000000
v_hands
  48 -22.968611 33.374317 1.825328 -0.403561 0.169092 0.899192 0.913584 0.348487 1 48 1.000000
  48 -23.385759 32.923603 1.745514 -0.711409 0.066393 0.699635 0.911462 0.389411 1 48 1.000000
  48 -22.988525 32.846096 1.937172 0.122112 0.002176 0.992514 0.927132 0.381492 1 48 1.000000
v_hands
  48 -22.968611 33.374317 1.825328 -0.403561 0.169092 0.899192 0.913584 0.348487 1 48 1.000000
  48 -23.323555 33.395039 1.654968 -0.714434 0.131170 0.687298 0.901536 0.359013 1 48 1.000000
  48 -23.385759 32.923603 1.745514 -0.711409 0.066393 0.699635 0.911462 0.389411 1 48 1.000000
v_hands
  48 -23.477875 33.355518 1.332889 -0.999291 0.007541 -0.036894 0.581452 0.877600 1 48 1.000000
  48 -23.385759 32.923603 1.745514 -0.711409 0.066393 0.699635 0.585517 0.904873 1 48 1.000000
  48 -23.323555 33.395039 1.654968 -0.714434 0.131170 0.687298 0.596429 0.884993 1 48 1.000000
v_hands
  48 -23.477875 33.355518 1.332889 -0.999291 0.007541 -0.036894 0.581452 0.877600 1 48 1.000000
  48 -23.494604 32.819717 1.457990 -0.996181 -0.047954 -0.072965 0.572135 0.900494 1 48 1.000000
  48 -23.385759 32.923603 1.745514 -0.711409 0.066393 0.699635 0.585517 0.904873 1 48 1.000000
v_hands
  48 -23.477875 33.355518 1.332889 -0.999291 0.007541 -0.036894 0.581452 0.877600 1 48 1.000000
  48 -23.357285 32.835720 1.164322 -0.768830 -0.201960 -0.606723 0.561350 0.892237 1 48 1.000000
  48 -23.494604 32.819717 1.457990 -0.996181 -0.047954 -0.072965 0.572135 0.900494 1 48 1.000000
v_hands
  48 -23.477875 33.355518 1.332889 -0.999291 0.007541 -0.036894 0.581452 0.877600 1 48 1.000000
  48 -23.340307 33.284935 1.070600 -0.823206 -0.102584 -0.558398 0.568517 0.873361 1 48 1.000000
  48 -23.357285 32.835720 1.164322 -0.768830 -0.201960 -0.606723 0.561350 0.892237 1 48 1.000000
v_hands
  43 -23.897017 33.938831 2.576940 0.261653 -0.356086 -0.897073 0.839822 0.348936 1 43 1.000000
  43 -23.511517 34.278893 2.723831 0.881560 -0.332030 -0.335572 0.821914 0.335001 1 43 1.000000
  43 -23.535627 33.939445 2.827163 0.882136 -0.285737 -0.374421 0.825104 0.349165 1 43 1.000000
v_hands
  43 -23.897017 33.938831 2.576940 0.261653 -0.356086 -0.897073 0.839822 0.348936 1 43 1.000000
  43 -23.843527 34.231556 2.454999 0.255747 -0.367611 -0.894123 0.839250 0.336518 1 43 1.000000
  43 -23.511517 34.278893 2.723831 0.881560 -0.332030 -0.335572 0.821914 0.335001 1 43 1.000000
v_hands
  43 -23.809273 34.476166 3.589135 0.544805 0.100858 0.832475 0.782876 0.352393 1 43 1.000000
  43 -24.287840 34.380680 3.691247 -0.288764 0.289950 0.912439 0.771338 0.367072 1 43 1.000000
  43 -23.843704 34.220032 3.713740 0.524492 0.160629 0.836126 0.783838 0.362487 1 43 1.000000
v_hands
  43 -23.809273 34.476166 3.589135 0.544805 0.100858 0.832475 0.782876 0.352393 1 43 1.000000
  43 -24.261803 34.660473 3.615978 -0.249704 0.314846 0.915707 0.766820 0.358328 1 43 1.000000
  43 -24.287840 34.380680 3.691247 -0.288764 0.289950 0.912439 0.771338 0.367072 1 43 1.000000
v_hands
  43 -23.535627 33.939445 2.827163 0.882136 -0.285737 -0.374421 0.825104 0.349165 1 43 1.000000
  43 -23.577932 34.403473 3.171455 0.935309 -0.128202 0.329788 0.802346 0.341691 1 43 1.000000
  43 -23.568113 34.063675 3.282169 0.945238 -0.057589 0.321261 0.804288 0.353571 1 43 1.000000
v_hands
  43 -23.535627 33.939445 2.827163 0.882136 -0.285737 -0.374421 0.825104 0.349165 1 43 1.000000
  43 -23.511517 34.278893 2.723831 0.881560 -0.332030 -0.335572 0.821914 0.335001 1 43 1.000000
  43 -23.577932 34.403473 3.171455 0.935309 -0.128202 0.329788 0.802346 0.341691 1 43 1.000000
v_hands
  43 -24.300680 34.315830 2.484589 -0.487111 -0.162727 -0.858046 0.641600 0.849712 1 43 1.000000
  43 -24.641083 34.242302 2.954959 -0.950520 0.023249 -0.309793 0.660087 0.864664 1 43 1.000000
  43 -24.595806 34.571495 2.819127 -0.937476 0.127437 -0.323881 0.661398 0.851898 1 43 1.000000
v_hands
  43 -24.300680 34.315830 2.484589 -0.487111 -0.162727 -0.858046 0.641600 0.849712 1 43 1.000000
  43 -24.329205 33.973476 2.580521 -0.481449 -0.225008 -0.847100 0.637937 0.862872 1 43 1.000000
  43 -24.641083 34.242302 2.954959 -0.950520 0.023249 -0.309793 0.660087 0.864664 1 43 1.000000
v_hands
  43 -24.569025 34.635399 3.365041 -0.853875 0.323920 0.407399 0.681001 0.858635 1 43 1.000000
  43 -24.287840 34.380680 3.691247 -0.288764 0.289950 0.912439 0.697044 0.871901 1 43 1.000000
  43 -24.261803 34.660473 3.615978 -0.249704 0.314846 0.915707 0.695449 0.859316 1 43 1.000000
v_hands
  43 -24.569025 34.635399 3.365041 -0.853875 0.323920 0.407399 0.681001 0.858635 1 43 1.000000
  43 -24.632635 34.303299 3.438713 -0.886512 0.229527 0.401763 0.679637 0.871566 1 43 1.000000
  43 -24.287840 34.380680 3.691247 -0.288764 0.289950 0.912439 0.697044 0.871901 1 43 1.000000
v_hands
  43 -24.300680 34.315830 2.484589 -0.487111 -0.162727 -0.858046 0.641600 0.849712 1 43 1.000000
  43 -23.897017 33.938831 2.576940 0.261653 -0.356086 -0.897073 0.622625 0.857337 1 43 1.000000
  43 -24.329205 33.973476 2.580521 -0.481449 -0.225008 -0.847100 0.637937 0.862872 1 43 1.000000
v_hands
  43 -24.300680 34.315830 2.484589 -0.487111 -0.162727 -0.858046 0.641600 0.849712 1 43 1.000000
  43 -23.843527 34.231556 2.454999 0.255747 -0.367611 -0.894123 0.625666 0.844424 1 43 1.000000
  43 -23.897017 33.938831 2.576940 0.261653 -0.356086 -0.897073 0.622625 0.857337 1 43 1.000000
v_hands
  43 -24.704041 33.643677 3.155918 -0.945284 0.057482 -0.321143 0.654681 0.889454 1 43 1.000000
  43 -24.329205 33.973476 2.580521 -0.481449 -0.225008 -0.847100 0.637937 0.862872 1 43 1.000000
  43 -24.438175 33.421341 2.774453 -0.486371 -0.192510 -0.852281 0.632665 0.885681 1 43 1.000000
v_hands
  43 -24.704041 33.643677 3.155918 -0.945284 0.057482 -0.321143 0.654681 0.889454 1 43 1.000000
  43 -24.641083 34.242302 2.954959 -0.950520 0.023249 -0.309793 0.660087 0.864664 1 43 1.000000
  43 -24.329205 33.973476 2.580521 -0.481449 -0.225008 -0.847100 0.637937 0.862872 1 43 1.000000
v_hands
  43 -23.716587 33.495895 3.401840 0.913503 -0.232241 0.334031 0.812555 0.378386 1 43 1.000000
  43 -23.843704 34.220032 3.713740 0.524492 0.160629 0.836126 0.783838 0.362487 1 43 1.000000
  43 -23.995741 33.644089 3.817901 0.491064 0.034605 0.870436 0.794628 0.386411 1 43 1.000000
v_hands
  43 -23.716587 33.495895 3.401840 0.913503 -0.232241 0.334031 0.812555 0.378386 1 43 1.000000
  43 -23.568113 34.063675 3.282169 0.945238 -0.057589 0.321261 0.804288 0.353571 1 43 1.000000
  43 -23.843704 34.220032 3.713740 0.524492 0.160629 0.836126 0.783838 0.362487 1 43 1.000000
v_hands
  43 -23.568113 34.063675 3.282169 0.945238 -0.057589 0.321261 0.804288 0.353571 1 43 1.000000
  43 -23.809273 34.476166 3.589135 0.544805 0.100858 0.832475 0.782876 0.352393 1 43 1.000000
  43 -23.843704 34.220032 3.713740 0.524492 0.160629 0.836126 0.783838 0.362487 1 43 1.000000
v_hands
  43 -23.568113 34.063675 3.282169 0.945238 -0.057589 0.321261 0.804288 0.353571 1 43 1.000000
  43 -23.577932 34.403473 3.171455 0.935309 -0.128202 0.329788 0.802346 0.341691 1 43 1.000000
  43 -23.809273 34.476166 3.589135 0.544805 0.100858 0.832475 0.782876 0.352393 1 43 1.000000
v_hands
  43 -24.569025 34.635399 3.365041 -0.853875 0.323920 0.407399 0.681001 0.858635 1 43 1.000000
  43 -24.641083 34.242302 2.954959 -0.950520 0.023249 -0.309793 0.660087 0.864664 1 43 1.000000
  43 -24.632635 34.303299 3.438713 -0.886512 0.229527 0.401763 0.679637 0.871566 1 43 1.000000
v_hands
  43 -24.569025 34.635399 3.365041 -0.853875 0.323920 0.407399 0.681001 0.858635 1 43 1.000000
  43 -24.595806 34.571495 2.819127 -0.937476 0.127437 -0.323881 0.661398 0.851898 1 43 1.000000
  43 -24.641083 34.242302 2.954959 -0.950520 0.023249 -0.309793 0.660087 0.864664 1 43 1.000000
v_hands
  43 -23.535627 33.939445 2.827163 0.882136 -0.285737 -0.374421 0.825104 0.349165 1 43 1.000000
  43 -23.716587 33.495895 3.401840 0.913503 -0.232241 0.334031 0.812555 0.378386 1 43 1.000000
  43 -23.749308 33.364788 2.980979 0.847115 -0.393320 -0.357346 0.832787 0.375919 1 43 1.000000
v_hands
  43 -23.535627 33.939445 2.827163 0.882136 -0.285737 -0.374421 0.825104 0.349165 1 43 1.000000
  43 -23.568113 34.063675 3.282169 0.945238 -0.057589 0.321261 0.804288 0.353571 1 43 1.000000
  43 -23.716587 33.495895 3.401840 0.913503 -0.232241 0.334031 0.812555 0.378386 1 43 1.000000
v_hands
  43 -23.897017 33.938831 2.576940 0.261653 -0.356086 -0.897073 0.839822 0.348936 1 43 1.000000
  43 -23.749308 33.364788 2.980979 0.847115 -0.393320 -0.357346 0.832787 0.375919 1 43 1.000000
  43 -24.045902 33.342693 2.768066 0.270940 -0.370362 -0.888495 0.844206 0.377282 1 43 1.000000
v_hands
  43 -23.897017 33.938831 2.576940 0.261653 -0.356086 -0.897073 0.839822 0.348936 1 43 1.000000
  43 -23.535627 33.939445 2.827163 0.882136 -0.285737 -0.374421 0.825104 0.349165 1 43 1.000000
  43 -23.749308 33.364788 2.980979 0.847115 -0.393320 -0.357346 0.832787 0.375919 1 43 1.000000
v_hands
  43 -24.329205 33.973476 2.580521 -0.481449 -0.225008 -0.847100 0.637937 0.862872 1 43 1.000000
  43 -24.045902 33.342693 2.768066 0.270940 -0.370362 -0.888495 0.617129 0.882058 1 43 1.000000
  43 -24.438175 33.421341 2.774453 -0.486371 -0.192510 -0.852281 0.632665 0.885681 1 43 1.000000
v_hands
  43 -24.329205 33.973476 2.580521 -0.481449 -0.225008 -0.847100 0.637937 0.862872 1 43 1.000000
  43 -23.897017 33.938831 2.576940 0.261653 -0.356086 -0.897073 0.622625 0.857337 1 43 1.000000
  43 -24.045902 33.342693 2.768066 0.270940 -0.370362 -0.888495 0.617129 0.882058 1 43 1.000000
v_hands
  43 -24.632635 34.303299 3.438713 -0.886512 0.229527 0.401763 0.679637 0.871566 1 43 1.000000
  43 -24.704041 33.643677 3.155918 -0.945284 0.057482 -0.321143 0.654681 0.889454 1 43 1.000000
  43 -24.715626 33.678291 3.593624 -0.886734 0.260514 0.381884 0.673255 0.897904 1 43 1.000000
v_hands
  43 -24.632635 34.303299 3.438713 -0.886512 0.229527 0.401763 0.679637 0.871566 1 43 1.000000
  43 -24.641083 34.242302 2.954959 -0.950520 0.023249 -0.309793 0.660087 0.864664 1 43 1.000000
  43 -24.704041 33.643677 3.155918 -0.945284 0.057482 -0.321143 0.654681 0.889454 1 43 1.000000
v_hands
  43 -24.432961 33.757492 3.827647 -0.299817 0.277398 0.912776 0.689134 0.898632 1 43 1.000000
  43 -24.632635 34.303299 3.438713 -0.886512 0.229527 0.401763 0.679637 0.871566 1 43 1.000000
  43 -24.715626 33.678291 3.593624 -0.886734 0.260514 0.381884 0.673255 0.897904 1 43 1.000000
v_hands
  43 -24.432961 33.757492 3.827647 -0.299817 0.277398 0.912776 0.689134 0.898632 1 43 1.000000
  43 -24.287840 34.380680 3.691247 -0.288764 0.289950 0.912439 0.697044 0.871901 1 43 1.000000
  43 -24.632635 34.303299 3.438713 -0.886512 0.229527 0.401763 0.679637 0.871566 1 43 1.000000
v_hands
  43 -23.843704 34.220032 3.713740 0.524492 0.160629 0.836126 0.783838 0.362487 1 43 1.000000
  43 -24.432961 33.757492 3.827647 -0.299817 0.277398 0.912776 0.778097 0.391744 1 43 1.000000
  43 -23.995741 33.644089 3.817901 0.491064 0.034605 0.870436 0.794628 0.386411 1 43 1.000000
v_hands
  43 -23.843704 34.220032 3.713740 0.524492 0.160629 0.836126 0.783838 0.362487 1 43 1.000000
  43 -24.287840 34.380680 3.691247 -0.288764 0.289950 0.912439 0.771338 0.367072 1 43 1.000000
  43 -24.432961 33.757492 3.827647 -0.299817 0.277398 0.912776 0.778097 0.391744 1 43 1.000000
v_hands
  42 -24.038290 35.150326 2.233986 -0.477731 -0.046558 -0.877271 0.648561 0.817646 2 42 0.872800 43 0.127200
  42 -24.145109 35.853775 2.505733 -0.931019 0.186239 -0.313878 0.674005 0.802964 1 42 1.000000
  42 -23.510355 36.157417 1.995746 -0.714500 -0.184109 -0.674977 0.657552 0.783974 2 42 0.900249 46 0.099751
v_hands
  42 -24.038290 35.150326 2.233986 -0.477731 -0.046558 -0.877271 0.648561 0.817646 2 42 0.872800 43 0.127200
  42 -24.312164 35.391796 2.664004 -0.902122 0.269589 -0.336893 0.669652 0.820858 2 42 0.934900 43 0.065100
  42 -24.145109 35.853775 2.505733 -0.931019 0.186239 -0.313878 0.674005 0.802964 1 42 1.000000
v_hands
  42 -23.589027 34.931084 2.215709 0.239650 -0.343300 -0.908137 0.833783 0.307369 1 42 1.000000
  43 -23.511517 34.278893 2.723831 0.881560 -0.332030 -0.335572 0.821914 0.335001 1 43 1.000000
  43 -23.843527 34.231556 2.454999 0.255747 -0.367611 -0.894123 0.839250 0.336518 1 43 1.000000
v_hands
  42 -23.589027 34.931084 2.215709 0.239650 -0.343300 -0.908137 0.833783 0.307369 1 42 1.000000
  42 -23.278612 34.879990 2.507564 0.832667 -0.434501 -0.343329 0.816245 0.309374 1 42 1.000000
  43 -23.511517 34.278893 2.723831 0.881560 -0.332030 -0.335572 0.821914 0.335001 1 43 1.000000
v_hands
  43 -23.511517 34.278893 2.723831 0.881560 -0.332030 -0.335572 0.821914 0.335001 1 43 1.000000
  42 -23.293938 34.926098 3.055458 0.893633 -0.316429 0.318264 0.793135 0.317444 1 42 1.000000
  43 -23.577932 34.403473 3.171455 0.935309 -0.128202 0.329788 0.802346 0.341691 1 43 1.000000
v_hands
  43 -23.511517 34.278893 2.723831 0.881560 -0.332030 -0.335572 0.821914 0.335001 1 43 1.000000
  42 -23.278612 34.879990 2.507564 0.832667 -0.434501 -0.343329 0.816245 0.309374 1 42 1.000000
  42 -23.293938 34.926098 3.055458 0.893633 -0.316429 0.318264 0.793135 0.317444 1 42 1.000000
v_hands
  42 -23.531000 35.104919 3.460389 0.509591 -0.035133 0.859699 0.774511 0.328411 1 42 1.000000
  43 -24.261803 34.660473 3.615978 -0.249704 0.314846 0.915707 0.766820 0.358328 1 43 1.000000
  43 -23.809273 34.476166 3.589135 0.544805 0.100858 0.832475 0.782876 0.352393 1 43 1.000000
v_hands
  42 -23.531000 35.104919 3.460389 0.509591 -0.035133 0.859699 0.774511 0.328411 1 42 1.000000
  42 -23.911179 35.335873 3.475286 -0.234158 0.337704 0.911661 0.760520 0.331457 1 42 1.000000
  43 -24.261803 34.660473 3.615978 -0.249704 0.314846 0.915707 0.766820 0.358328 1 43 1.000000
v_hands
  43 -24.595806 34.571495 2.819127 -0.937476 0.127437 -0.323881 0.661398 0.851898 1 43 1.000000
  42 -24.038290 35.150326 2.233986 -0.477731 -0.046558 -0.877271 0.648561 0.817646 2 42 0.872800 43 0.127200
  43 -24.300680 34.315830 2.484589 -0.487111 -0.162727 -0.858046 0.641600 0.849712 1 43 1.000000
v_hands
  43 -24.595806 34.571495 2.819127 -0.937476 0.127437 -0.323881 0.661398 0.851898 1 43 1.000000
  42 -24.312164 35.391796 2.664004 -0.902122 0.269589 -0.336893 0.669652 0.820858 2 42 0.934900 43 0.065100
  42 -24.038290 35.150326 2.233986 -0.477731 -0.046558 -0.877271 0.648561 0.817646 2 42 0.872800 43 0.127200
v_hands
  42 -23.830696 36.420948 2.803633 -0.958487 0.179930 0.221196 0.693092 0.789146 1 42 1.000000
  38 -23.949200 37.315247 3.190336 -0.771605 -0.022173 -0.635715 0.722269 0.764325 1 38 1.000000
  42 -23.726948 37.125427 2.598301 -0.950056 0.311576 0.017728 0.696412 0.760597 1 42 1.000000
v_hands
  42 -23.830696 36.420948 2.803633 -0.958487 0.179930 0.221196 0.693092 0.789146 1 42 1.000000
  38 -24.036140 36.671677 3.478928 -0.735927 -0.194946 -0.648388 0.722863 0.791670 1 38 1.000000
  38 -23.949200 37.315247 3.190336 -0.771605 -0.022173 -0.635715 0.722269 0.764325 1 38 1.000000
v_hands
  42 -23.510355 36.157417 1.995746 -0.714500 -0.184109 -0.674977 0.657552 0.783974 2 42 0.900249 46 0.099751
  42 -23.729959 36.749107 2.016537 -0.755648 -0.081462 -0.649892 0.670253 0.766697 1 42 1.000000
  42 -23.448065 36.892410 1.776599 -0.755481 -0.003680 -0.655160 0.661334 0.754781 1 42 1.000000
v_hands
  42 -23.510355 36.157417 1.995746 -0.714500 -0.184109 -0.674977 0.657552 0.783974 2 42 0.900249 46 0.099751
  42 -23.856247 36.232258 2.159766 -0.714516 -0.072529 -0.695849 0.668094 0.787155 1 42 1.000000
  42 -23.729959 36.749107 2.016537 -0.755648 -0.081462 -0.649892 0.670253 0.766697 1 42 1.000000
v_hands
  46 -23.270977 36.030941 1.314022 -0.998675 -0.043635 -0.027289 0.629206 0.777057 1 46 1.000000
  42 -23.448065 36.892410 1.776599 -0.755481 -0.003680 -0.655160 0.661334 0.754781 1 42 1.000000
  46 -23.292412 36.744400 1.145072 -0.973374 0.147157 -0.175747 0.635504 0.750059 2 46 0.661909 45 0.338092
v_hands
  46 -23.270977 36.030941 1.314022 -0.998675 -0.043635 -0.027289 0.629206 0.777057 1 46 1.000000
  42 -23.510355 36.157417 1.995746 -0.714500 -0.184109 -0.674977 0.657552 0.783974 2 42 0.900249 46 0.099751
  42 -23.448065 36.892410 1.776599 -0.755481 -0.003680 -0.655160 0.661334 0.754781 1 42 1.000000
v_hands
  46 -22.756569 35.803249 1.714336 0.243860 -0.960443 0.134465 0.834468 0.242830 1 46 1.000000
  42 -23.256416 35.908997 1.986346 -0.522476 -0.852596 -0.009937 0.834465 0.258776 2 42 0.844717 46 0.155283
  46 -23.194475 35.794281 1.597503 -0.722079 -0.493422 0.484909 0.842398 0.255358 1 46 1.000000
v_hands
  46 -22.756569 35.803249 1.714336 0.243860 -0.960443 0.134465 0.834468 0.242830 1 46 1.000000
  42 -22.946131 35.801498 2.275181 0.496378 -0.857484 -0.135385 0.801930 0.261767 2 42 0.918064 46 0.081937
  42 -23.256416 35.908997 1.986346 -0.522476 -0.852596 -0.009937 0.834465 0.258776 2 42 0.844717 46 0.155283
v_hands
  46 -23.194475 35.794281 1.597503 -0.722079 -0.493422 0.484909 0.638372 0.786456 1 46 1.000000
  42 -23.510355 36.157417 1.995746 -0.714500 -0.184109 -0.674977 0.657552 0.783974 2 42 0.900249 46 0.099751
  46 -23.270977 36.030941 1.314022 -0.998675 -0.043635 -0.027289 0.629206 0.777057 1 46 1.000000
v_hands
  46 -23.194475 35.794281 1.597503 -0.722079 -0.493422 0.484909 0.638372 0.786456 1 46 1.000000
  42 -23.256416 35.908997 1.986346 -0.522476 -0.852596 -0.009937 0.641984 0.788294 2 42 0.844717 46 0.155283
  42 -23.510355 36.157417 1.995746 -0.714500 -0.184109 -0.674977 0.657552 0.783974 2 42 0.900249 46 0.099751
v_hands
  42 -24.038290 35.150326 2.233986 -0.477731 -0.046558 -0.877271 0.648561 0.817646 2 42 0.872800 43 0.127200
  43 -23.843527 34.231556 2.454999 0.255747 -0.367611 -0.894123 0.625666 0.844424 1 43 1.000000
  43 -24.300680 34.315830 2.484589 -0.487111 -0.162727 -0.858046 0.641600 0.849712 1 43 1.000000
v_hands
  42 -24.038290 35.150326 2.233986 -0.477731 -0.046558 -0.877271 0.648561 0.817646 2 42 0.872800 43 0.127200
  42 -23.589027 34.931084 2.215709 0.239650 -0.343300 -0.908137 0.630051 0.817006 1 42 1.000000
  43 -23.843527 34.231556 2.454999 0.255747 -0.367611 -0.894123 0.625666 0.844424 1 43 1.000000
v_hands
  43 -24.261803 34.660473 3.615978 -0.249704 0.314846 0.915707 0.695449 0.859316 1 43 1.000000
  42 -24.292231 35.436867 3.146693 -0.794152 0.447155 0.411552 0.685090 0.828296 1 42 1.000000
  43 -24.569025 34.635399 3.365041 -0.853875 0.323920 0.407399 0.681001 0.858635 1 43 1.000000
v_hands
  43 -24.261803 34.660473 3.615978 -0.249704 0.314846 0.915707 0.695449 0.859316 1 43 1.000000
  42 -23.911179 35.335873 3.475286 -0.234158 0.337704 0.911661 0.703027 0.835256 1 42 1.000000
  42 -24.292231 35.436867 3.146693 -0.794152 0.447155 0.411552 0.685090 0.828296 1 42 1.000000
v_hands
  42 -23.293938 34.926098 3.055458 0.893633 -0.316429 0.318264 0.793135 0.317444 1 42 1.000000
  42 -23.267941 35.750519 3.338645 0.512853 -0.531332 0.674290 0.762434 0.290958 1 42 1.000000
  42 -23.531000 35.104919 3.460389 0.509591 -0.035133 0.859699 0.774511 0.328411 1 42 1.000000
v_hands
  42 -23.293938 34.926098 3.055458 0.893633 -0.316429 0.318264 0.793135 0.317444 1 42 1.000000
  42 -22.940714 35.769684 2.831801 0.711106 -0.671915 0.207022 0.781568 0.272043 1 42 1.000000
  42 -23.267941 35.750519 3.338645 0.512853 -0.531332 0.674290 0.762434 0.290958 1 42 1.000000
v_hands
  42 -23.830696 36.420948 2.803633 -0.958487 0.179930 0.221196 0.693092 0.789146 1 42 1.000000
  42 -23.981018 36.285965 2.393408 -0.947582 0.111792 -0.299315 0.678345 0.791000 1 42 1.000000
  42 -24.145109 35.853775 2.505733 -0.931019 0.186239 -0.313878 0.674005 0.802964 1 42 1.000000
v_hands
  42 -23.830696 36.420948 2.803633 -0.958487 0.179930 0.221196 0.693092 0.789146 1 42 1.000000
  42 -23.973669 36.401169 2.622145 -0.947265 0.260945 0.186003 0.688030 0.789657 1 42 1.000000
  42 -23.981018 36.285965 2.393408 -0.947582 0.111792 -0.299315 0.678345 0.791000 1 42 1.000000
v_hands
  43 -23.577932 34.403473 3.171455 0.935309 -0.128202 0.329788 0.802346 0.341691 1 43 1.000000
  42 -23.531000 35.104919 3.460389 0.509591 -0.035133 0.859699 0.774511 0.328411 1 42 1.000000
  43 -23.809273 34.476166 3.589135 0.544805 0.100858 0.832475 0.782876 0.352393 1 43 1.000000
v_hands
  43 -23.577932 34.403473 3.171455 0.935309 -0.128202 0.329788 0.802346 0.341691 1 43 1.000000
  42 -23.293938 34.926098 3.055458 0.893633 -0.316429 0.318264 0.793135 0.317444 1 42 1.000000
  42 -23.531000 35.104919 3.460389 0.509591 -0.035133 0.859699 0.774511 0.328411 1 42 1.000000
v_hands
  42 -23.267941 35.750519 3.338645 -0.609117 -0.773474 0.175257 0.762434 0.290958 1 42 1.000000
  38 -23.659296 36.108772 3.559602 -0.748618 -0.658152 0.080042 0.750292 0.300268 2 38 0.909200 39 0.090800
  42 -23.603781 35.960167 3.273969 -0.748616 -0.658154 0.080043 0.756155 0.299334 1 42 1.000000
v_hands
  42 -23.267941 35.750519 3.338645 -0.609117 -0.773474 0.175257 0.762434 0.290958 1 42 1.000000
  38 -23.411839 35.939312 3.849095 -0.609119 -0.773472 0.175256 0.737539 0.296489 2 38 0.830600 39 0.169400
  38 -23.659296 36.108772 3.559602 -0.748618 -0.658152 0.080042 0.750292 0.300268 2 38 0.909200 39 0.090800
v_hands
  42 -24.292231 35.436867 3.146693 -0.794152 0.447155 0.411552 0.685090 0.828296 1 42 1.000000
  43 -24.595806 34.571495 2.819127 -0.937476 0.127437 -0.323881 0.661398 0.851898 1 43 1.000000
  43 -24.569025 34.635399 3.365041 -0.853875 0.323920 0.407399 0.681001 0.858635 1 43 1.000000
v_hands
  42 -24.292231 35.436867 3.146693 -0.794152 0.447155 0.411552 0.685090 0.828296 1 42 1.000000
  42 -24.312164 35.391796 2.664004 -0.902122 0.269589 -0.336893 0.669652 0.820858 2 42 0.934900 43 0.065100
  43 -24.595806 34.571495 2.819127 -0.937476 0.127437 -0.323881 0.661398 0.851898 1 43 1.000000
v_hands
  42 -23.835640 36.916862 2.165951 -0.955620 0.048825 -0.290529 0.679261 0.764160 1 42 1.000000
  42 -23.729959 36.749107 2.016537 -0.755648 -0.081462 -0.649892 0.670253 0.766697 1 42 1.000000
  42 -23.838419 36.699329 2.246355 -0.951313 0.055733 -0.303146 0.678511 0.772767 1 42 1.000000
v_hands
  42 -23.835640 36.916862 2.165951 -0.955620 0.048825 -0.290529 0.679261 0.764160 1 42 1.000000
  42 -23.753788 36.932777 2.030401 -0.811767 -0.083191 -0.578025 0.673981 0.760795 1 42 1.000000
  42 -23.729959 36.749107 2.016537 -0.755648 -0.081462 -0.649892 0.670253 0.766697 1 42 1.000000
v_hands
  42 -23.856247 36.232258 2.159766 -0.714516 -0.072529 -0.695849 0.668094 0.787155 1 42 1.000000
  42 -24.145109 35.853775 2.505733 -0.931019 0.186239 -0.313878 0.674005 0.802964 1 42 1.000000
  42 -23.981018 36.285965 2.393408 -0.947582 0.111792 -0.299315 0.678345 0.791000 1 42 1.000000
v_hands
  42 -23.856247 36.232258 2.159766 -0.714516 -0.072529 -0.695849 0.668094 0.787155 1 42 1.000000
  42 -23.510355 36.157417 1.995746 -0.714500 -0.184109 -0.674977 0.657552 0.783974 2 42 0.900249 46 0.099751
  42 -24.145109 35.853775 2.505733 -0.931019 0.186239 -0.313878 0.674005 0.802964 1 42 1.000000
v_hands
  42 -23.783192 37.109978 2.093097 -0.898022 0.298636 -0.323069 0.679346 0.755792 1 42 1.000000
  42 -23.753788 36.932777 2.030401 -0.811767 -0.083191 -0.578025 0.673981 0.760795 1 42 1.000000
  42 -23.835640 36.916862 2.165951 -0.955620 0.048825 -0.290529 0.679261 0.764160 1 42 1.000000
v_hands
  42 -23.783192 37.109978 2.093097 -0.898022 0.298636 -0.323069 0.679346 0.755792 1 42 1.000000
  42 -23.712475 37.048050 1.944675 -0.735759 0.077262 -0.672822 0.672470 0.755145 1 42 1.000000
  42 -23.753788 36.932777 2.030401 -0.811767 -0.083191 -0.578025 0.673981 0.760795 1 42 1.000000
v_hands
  42 -23.783192 37.109978 2.093097 -0.898022 0.298636 -0.323069 0.679346 0.755792 1 42 1.000000
  42 -23.708160 37.252472 2.192584 -0.892316 0.451389 0.004467 0.684304 0.750965 1 42 1.000000
  41 -23.700830 37.255154 2.045273 -0.871304 0.347895 -0.346120 0.679193 0.748977 1 41 1.000000
v_hands
  42 -23.783192 37.109978 2.093097 -0.898022 0.298636 -0.323069 0.679346 0.755792 1 42 1.000000
  42 -23.788254 37.122734 2.311915 -0.915617 0.400471 0.035617 0.687148 0.758079 1 42 1.000000
  42 -23.708160 37.252472 2.192584 -0.892316 0.451389 0.004467 0.684304 0.750965 1 42 1.000000
v_hands
  42 -22.946131 35.801498 2.275181 0.496378 -0.857484 -0.135385 0.801930 0.261767 2 42 0.918064 46 0.081937
  42 -22.825613 35.820663 2.837489 0.670105 -0.711299 0.212159 0.779656 0.267350 1 42 1.000000
  42 -22.940714 35.769684 2.831801 0.711106 -0.671915 0.207022 0.781568 0.272043 1 42 1.000000
v_hands
  42 -22.946131 35.801498 2.275181 0.496378 -0.857484 -0.135385 0.801930 0.261767 2 42 0.918064 46 0.081937
  42 -22.777571 35.866077 2.255932 0.652455 -0.749909 0.109265 0.800357 0.254767 2 42 0.751785 46 0.248215
  42 -22.825613 35.820663 2.837489 0.670105 -0.711299 0.212159 0.779656 0.267350 1 42 1.000000
v_hands
  42 -22.940714 35.769684 2.831801 0.711106 -0.671915 0.207022 0.781568 0.272043 1 42 1.000000
  42 -23.141146 35.822521 3.386317 0.657529 -0.632499 0.409390 0.758393 0.284630 1 42 1.000000
  42 -23.267941 35.750519 3.338645 0.512853 -0.531332 0.674290 0.762434 0.290958 1 42 1.000000
v_hands
  42 -22.940714 35.769684 2.831801 0.711106 -0.671915 0.207022 0.781568 0.272043 1 42 1.000000
  42 -22.825613 35.820663 2.837489 0.670105 -0.711299 0.212159 0.779656 0.267350 1 42 1.000000
  42 -23.141146 35.822521 3.386317 0.657529 -0.632499 0.409390 0.758393 0.284630 1 42 1.000000
v_hands
  42 -24.292231 35.436867 3.146693 -0.794152 0.447155 0.411552 0.685090 0.828296 1 42 1.000000
  42 -24.145109 35.853775 2.505733 -0.931019 0.186239 -0.313878 0.674005 0.802964 1 42 1.000000
  42 -24.312164 35.391796 2.664004 -0.902122 0.269589 -0.336893 0.669652 0.820858 2 42 0.934900 43 0.065100
v_hands
  42 -24.292231 35.436867 3.146693 -0.794152 0.447155 0.411552 0.685090 0.828296 1 42 1.000000
  42 -23.830696 36.420948 2.803633 -0.958487 0.179930 0.221196 0.693092 0.789146 1 42 1.000000
  42 -24.145109 35.853775 2.505733 -0.931019 0.186239 -0.313878 0.674005 0.802964 1 42 1.000000
v_hands
  42 -23.860477 36.865631 2.447615 -0.969463 0.227496 0.091577 0.688395 0.769724 1 42 1.000000
  42 -23.830696 36.420948 2.803633 -0.958487 0.179930 0.221196 0.693092 0.789146 1 42 1.000000
  42 -23.726948 37.125427 2.598301 -0.950056 0.311576 0.017728 0.696412 0.760597 1 42 1.000000
v_hands
  42 -23.860477 36.865631 2.447615 -0.969463 0.227496 0.091577 0.688395 0.769724 1 42 1.000000
  42 -23.973669 36.401169 2.622145 -0.947265 0.260945 0.186003 0.688030 0.789657 1 42 1.000000
  42 -23.830696 36.420948 2.803633 -0.958487 0.179930 0.221196 0.693092 0.789146 1 42 1.000000
v_hands
  42 -23.788254 37.122734 2.311915 -0.915617 0.400471 0.035617 0.687148 0.758079 1 42 1.000000
  42 -23.860477 36.865631 2.447615 -0.969463 0.227496 0.091577 0.688395 0.769724 1 42 1.000000
  42 -23.726948 37.125427 2.598301 -0.950056 0.311576 0.017728 0.696412 0.760597 1 42 1.000000
v_hands
  42 -23.788254 37.122734 2.311915 -0.915617 0.400471 0.035617 0.687148 0.758079 1 42 1.000000
  42 -23.838627 36.979698 2.279249 -0.976272 0.216528 -0.002878 0.684222 0.763387 1 42 1.000000
  42 -23.860477 36.865631 2.447615 -0.969463 0.227496 0.091577 0.688395 0.769724 1 42 1.000000
v_hands
  42 -23.838419 36.699329 2.246355 -0.951313 0.055733 -0.303146 0.678511 0.772767 1 42 1.000000
  42 -23.838627 36.979698 2.279249 -0.976272 0.216528 -0.002878 0.684222 0.763387 1 42 1.000000
  42 -23.835640 36.916862 2.165951 -0.955620 0.048825 -0.290529 0.679261 0.764160 1 42 1.000000
v_hands
  42 -23.838419 36.699329 2.246355 -0.951313 0.055733 -0.303146 0.678511 0.772767 1 42 1.000000
  42 -23.860477 36.865631 2.447615 -0.969463 0.227496 0.091577 0.688395 0.769724 1 42 1.000000
  42 -23.838627 36.979698 2.279249 -0.976272 0.216528 -0.002878 0.684222 0.763387 1 42 1.000000
v_hands
  42 -23.712475 37.048050 1.944675 -0.735759 0.077262 -0.672822 0.672470 0.755145 1 42 1.000000
  42 -23.729959 36.749107 2.016537 -0.755648 -0.081462 -0.649892 0.670253 0.766697 1 42 1.000000
  42 -23.753788 36.932777 2.030401 -0.811767 -0.083191 -0.578025 0.673981 0.760795 1 42 1.000000
v_hands
  42 -23.712475 37.048050 1.944675 -0.735759 0.077262 -0.672822 0.672470 0.755145 1 42 1.000000
  42 -23.448065 36.892410 1.776599 -0.755481 -0.003680 -0.655160 0.661334 0.754781 1 42 1.000000
  42 -23.729959 36.749107 2.016537 -0.755648 -0.081462 -0.649892 0.670253 0.766697 1 42 1.000000
v_hands
  42 -23.783192 37.109978 2.093097 -0.898022 0.298636 -0.323069 0.679346 0.755792 1 42 1.000000
  42 -23.649586 37.164528 1.971309 -0.721905 0.173962 -0.669768 0.674622 0.750512 1 42 1.000000
  42 -23.712475 37.048050 1.944675 -0.735759 0.077262 -0.672822 0.672470 0.755145 1 42 1.000000
v_hands
  42 -23.783192 37.109978 2.093097 -0.898022 0.298636 -0.323069 0.679346 0.755792 1 42 1.000000
  41 -23.700830 37.255154 2.045273 -0.871304 0.347895 -0.346120 0.679193 0.748977 1 41 1.000000
  42 -23.649586 37.164528 1.971309 -0.721905 0.173962 -0.669768 0.674622 0.750512 1 42 1.000000
v_hands
  42 -23.603781 35.960167 3.273969 -0.230133 0.371939 0.899278 0.704557 0.807006 1 42 1.000000
  42 -24.292231 35.436867 3.146693 -0.794152 0.447155 0.411552 0.685090 0.828296 1 42 1.000000
  42 -23.911179 35.335873 3.475286 -0.234158 0.337704 0.911661 0.703027 0.835256 1 42 1.000000
v_hands
  42 -23.603781 35.960167 3.273969 -0.230133 0.371939 0.899278 0.704557 0.807006 1 42 1.000000
  42 -23.830696 36.420948 2.803633 -0.958487 0.179930 0.221196 0.693092 0.789146 1 42 1.000000
  42 -24.292231 35.436867 3.146693 -0.794152 0.447155 0.411552 0.685090 0.828296 1 42 1.000000
v_hands
  42 -23.267941 35.750519 3.338645 0.512853 -0.531332 0.674290 0.762434 0.290958 1 42 1.000000
  42 -23.911179 35.335873 3.475286 -0.234158 0.337704 0.911661 0.760520 0.331457 1 42 1.000000
  42 -23.531000 35.104919 3.460389 0.509591 -0.035133 0.859699 0.774511 0.328411 1 42 1.000000
v_hands
  42 -23.267941 35.750519 3.338645 0.512853 -0.531332 0.674290 0.762434 0.290958 1 42 1.000000
  42 -23.603781 35.960167 3.273969 -0.230133 0.371939 0.899278 0.756155 0.299334 1 42 1.000000
  42 -23.911179 35.335873 3.475286 -0.234158 0.337704 0.911661 0.760520 0.331457 1 42 1.000000
v_hands
  42 -23.278612 34.879990 2.507564 0.832667 -0.434501 -0.343329 0.816245 0.309374 1 42 1.000000
  42 -22.940714 35.769684 2.831801 0.711106 -0.671915 0.207022 0.781568 0.272043 1 42 1.000000
  42 -23.293938 34.926098 3.055458 0.893633 -0.316429 0.318264 0.793135 0.317444 1 42 1.000000
v_hands
  42 -23.278612 34.879990 2.507564 0.832667 -0.434501 -0.343329 0.816245 0.309374 1 42 1.000000
  42 -22.946131 35.801498 2.275181 0.496378 -0.857484 -0.135385 0.801930 0.261767 2 42 0.918064 46 0.081937
  42 -22.940714 35.769684 2.831801 0.711106 -0.671915 0.207022 0.781568 0.272043 1 42 1.000000
v_hands
  42 -23.589027 34.931084 2.215709 0.239650 -0.343300 -0.908137 0.833783 0.307369 1 42 1.000000
  42 -22.946131 35.801498 2.275181 0.496378 -0.857484 -0.135385 0.801930 0.261767 2 42 0.918064 46 0.081937
  42 -23.278612 34.879990 2.507564 0.832667 -0.434501 -0.343329 0.816245 0.309374 1 42 1.000000
v_hands
  42 -23.589027 34.931084 2.215709 0.239650 -0.343300 -0.908137 0.833783 0.307369 1 42 1.000000
  42 -23.256416 35.908997 1.986346 0.234884 -0.296530 -0.925689 0.834465 0.258776 2 42 0.844717 46 0.155283
  42 -22.946131 35.801498 2.275181 0.496378 -0.857484 -0.135385 0.801930 0.261767 2 42 0.918064 46 0.081937
v_hands
  42 -24.038290 35.150326 2.233986 -0.477731 -0.046558 -0.877271 0.648561 0.817646 2 42 0.872800 43 0.127200
  42 -23.256416 35.908997 1.986346 0.234884 -0.296530 -0.925689 0.641984 0.788294 2 42 0.844717 46 0.155283
  42 -23.589027 34.931084 2.215709 0.239650 -0.343300 -0.908137 0.630051 0.817006 1 42 1.000000
v_hands
  42 -24.038290 35.150326 2.233986 -0.477731 -0.046558 -0.877271 0.648561 0.817646 2 42 0.872800 43 0.127200
  42 -23.510355 36.157417 1.995746 -0.714500 -0.184109 -0.674977 0.657552 0.783974 2 42 0.900249 46 0.099751
  42 -23.256416 35.908997 1.986346 0.234884 -0.296530 -0.925689 0.641984 0.788294 2 42 0.844717 46 0.155283
v_hands
  42 -23.830696 36.420948 2.803633 -0.958487 0.179930 0.221196 0.693092 0.789146 1 42 1.000000
  38 -23.659296 36.108772 3.559602 -0.748618 -0.658152 0.080042 0.710348 0.805848 2 38 0.909200 39 0.090800
  38 -24.036140 36.671677 3.478928 -0.735927 -0.194946 -0.648388 0.722863 0.791670 1 38 1.000000
v_hands
  42 -23.830696 36.420948 2.803633 -0.958487 0.179930 0.221196 0.693092 0.789146 1 42 1.000000
  42 -23.603781 35.960167 3.273969 -0.748616 -0.658154 0.080043 0.704557 0.807006 1 42 1.000000
  38 -23.659296 36.108772 3.559602 -0.748618 -0.658152 0.080042 0.710348 0.805848 2 38 0.909200 39 0.090800
v_hands
  42 -23.973669 36.401169 2.622145 -0.947265 0.260945 0.186003 0.688030 0.789657 1 42 1.000000
  42 -23.838419 36.699329 2.246355 -0.951313 0.055733 -0.303146 0.678511 0.772767 1 42 1.000000
  42 -23.981018 36.285965 2.393408 -0.947582 0.111792 -0.299315 0.678345 0.791000 1 42 1.000000
v_hands
  42 -23.973669 36.401169 2.622145 -0.947265 0.260945 0.186003 0.688030 0.789657 1 42 1.000000
  42 -23.860477 36.865631 2.447615 -0.969463 0.227496 0.091577 0.688395 0.769724 1 42 1.000000
  42 -23.838419 36.699329 2.246355 -0.951313 0.055733 -0.303146 0.678511 0.772767 1 42 1.000000
v_hands
  42 -23.783192 37.109978 2.093097 -0.898022 0.298636 -0.323069 0.679346 0.755792 1 42 1.000000
  42 -23.838627 36.979698 2.279249 -0.976272 0.216528 -0.002878 0.684222 0.763387 1 42 1.000000
  42 -23.788254 37.122734 2.311915 -0.915617 0.400471 0.035617 0.687148 0.758079 1 42 1.000000
v_hands
  42 -23.783192 37.109978 2.093097 -0.898022 0.298636 -0.323069 0.679346 0.755792 1 42 1.000000
  42 -23.835640 36.916862 2.165951 -0.955620 0.048825 -0.290529 0.679261 0.764160 1 42 1.000000
  42 -23.838627 36.979698 2.279249 -0.976272 0.216528 -0.002878 0.684222 0.763387 1 42 1.000000
v_hands
  42 -23.838419 36.699329 2.246355 -0.951313 0.055733 -0.303146 0.678511 0.772767 1 42 1.000000
  42 -23.856247 36.232258 2.159766 -0.714516 -0.072529 -0.695849 0.668094 0.787155 1 42 1.000000
  42 -23.981018 36.285965 2.393408 -0.947582 0.111792 -0.299315 0.678345 0.791000 1 42 1.000000
v_hands
  42 -23.838419 36.699329 2.246355 -0.951313 0.055733 -0.303146 0.678511 0.772767 1 42 1.000000
  42 -23.729959 36.749107 2.016537 -0.755648 -0.081462 -0.649892 0.670253 0.766697 1 42 1.000000
  42 -23.856247 36.232258 2.159766 -0.714516 -0.072529 -0.695849 0.668094 0.787155 1 42 1.000000
v_hands
  46 -22.756569 35.803249 1.714336 0.243860 -0.960443 0.134465 0.834468 0.242830 1 46 1.000000
  42 -22.777571 35.866077 2.255932 0.652455 -0.749909 0.109265 0.800357 0.254767 2 42 0.751785 46 0.248215
  42 -22.946131 35.801498 2.275181 0.496378 -0.857484 -0.135385 0.801930 0.261767 2 42 0.918064 46 0.081937
v_hands
  46 -22.756569 35.803249 1.714336 0.243860 -0.960443 0.134465 0.834468 0.242830 1 46 1.000000
  46 -22.661634 35.848351 1.810768 0.664292 -0.675759 0.319479 0.823521 0.242654 1 46 1.000000
  42 -22.777571 35.866077 2.255932 0.652455 -0.749909 0.109265 0.800357 0.254767 2 42 0.751785 46 0.248215
v_hands
  38 -22.820368 36.712753 3.425296 0.898573 -0.381516 0.216820 0.739997 0.252532 1 38 1.000000
  42 -23.141146 35.822521 3.386317 0.657529 -0.632499 0.409390 0.758393 0.284630 1 42 1.000000
  42 -22.794907 36.673134 3.307487 0.865423 -0.305611 0.397046 0.745063 0.251130 1 42 1.000000
v_hands
  38 -22.820368 36.712753 3.425296 0.898573 -0.381516 0.216820 0.739997 0.252532 1 38 1.000000
  38 -23.248709 35.976379 3.762745 0.666780 -0.668027 0.330369 0.739474 0.290653 1 38 1.000000
  42 -23.141146 35.822521 3.386317 0.657529 -0.632499 0.409390 0.758393 0.284630 1 42 1.000000
v_hands
  42 -23.267941 35.750519 3.338645 0.512853 -0.531332 0.674290 0.762434 0.290958 1 42 1.000000
  38 -23.248709 35.976379 3.762745 0.666780 -0.668027 0.330369 0.739474 0.290653 1 38 1.000000
  38 -23.411839 35.939312 3.849095 0.635925 -0.771548 0.017696 0.737539 0.296489 2 38 0.830600 39 0.169400
v_hands
  42 -23.267941 35.750519 3.338645 0.512853 -0.531332 0.674290 0.762434 0.290958 1 42 1.000000
  42 -23.141146 35.822521 3.386317 0.657529 -0.632499 0.409390 0.758393 0.284630 1 42 1.000000
  38 -23.248709 35.976379 3.762745 0.666780 -0.668027 0.330369 0.739474 0.290653 1 38 1.000000
v_hands
  42 -22.794907 36.673134 3.307487 0.865423 -0.305611 0.397046 0.745063 0.251130 1 42 1.000000
  42 -22.825613 35.820663 2.837489 0.670105 -0.711299 0.212159 0.779656 0.267350 1 42 1.000000
  42 -22.518255 36.429234 2.762989 0.900801 -0.307929 0.306164 0.769134 0.242672 1 42 1.000000
v_hands
  42 -22.794907 36.673134 3.307487 0.865423 -0.305611 0.397046 0.745063 0.251130 1 42 1.000000
  42 -23.141146 35.822521 3.386317 0.657529 -0.632499 0.409390 0.758393 0.284630 1 42 1.000000
  42 -22.825613 35.820663 2.837489 0.670105 -0.711299 0.212159 0.779656 0.267350 1 42 1.000000
v_hands
  42 -22.518255 36.429234 2.762989 0.900801 -0.307929 0.306164 0.769134 0.242672 1 42 1.000000
  42 -22.777571 35.866077 2.255932 0.652455 -0.749909 0.109265 0.800357 0.254767 2 42 0.751785 46 0.248215
  42 -22.379925 36.477932 2.048509 0.911447 -0.348278 0.219016 0.798291 0.222837 2 42 0.845306 46 0.154694
v_hands
  42 -22.518255 36.429234 2.762989 0.900801 -0.307929 0.306164 0.769134 0.242672 1 42 1.000000
  42 -22.825613 35.820663 2.837489 0.670105 -0.711299 0.212159 0.779656 0.267350 1 42 1.000000
  42 -22.777571 35.866077 2.255932 0.652455 -0.749909 0.109265 0.800357 0.254767 2 42 0.751785 46 0.248215
v_hands
  42 -22.379925 36.477932 2.048509 0.911447 -0.348278 0.219016 0.798291 0.222837 2 42 0.845306 46 0.154694
  46 -22.661634 35.848351 1.810768 0.664292 -0.675759 0.319479 0.823521 0.242654 1 46 1.000000
  45 -22.291780 36.444355 1.694400 0.831439 -0.292949 0.472113 0.814305 0.212861 3 45 0.524834 46 0.423298 47 0.051868
v_hands
  42 -22.379925 36.477932 2.048509 0.911447 -0.348278 0.219016 0.798291 0.222837 2 42 0.845306 46 0.154694
  42 -22.777571 35.866077 2.255932 0.652455 -0.749909 0.109265 0.800357 0.254767 2 42 0.751785 46 0.248215
  46 -22.661634 35.848351 1.810768 0.664292 -0.675759 0.319479 0.823521 0.242654 1 46 1.000000
v_hands
  44 -23.963186 32.762028 3.173148 0.895082 -0.227788 -0.383327 0.840093 0.401792 1 44 1.000000
  43 -24.045902 33.342693 2.768066 0.270940 -0.370362 -0.888495 0.844206 0.377282 1 43 1.000000
  43 -23.749308 33.364788 2.980979 0.847115 -0.393320 -0.357346 0.832787 0.375919 1 43 1.000000
v_hands
  44 -23.963186 32.762028 3.173148 0.895082 -0.227788 -0.383327 0.840093 0.401792 1 44 1.000000
  44 -24.170542 32.753777 2.966868 0.293842 -0.337570 -0.894261 0.851612 0.400213 1 44 1.000000
  43 -24.045902 33.342693 2.768066 0.270940 -0.370362 -0.888495 0.844206 0.377282 1 43 1.000000
v_hands
  44 -24.359842 31.547026 3.655294 0.745475 -0.665078 -0.044026 0.849259 0.462411 1 44 1.000000
  44 -24.353380 31.915106 3.265829 0.266573 -0.460670 -0.846594 0.860388 0.439971 1 44 1.000000
  44 -24.099636 32.009163 3.413390 0.844582 -0.475576 -0.245983 0.849056 0.436727 1 44 1.000000
v_hands
  44 -24.359842 31.547026 3.655294 0.745475 -0.665078 -0.044026 0.849259 0.462411 1 44 1.000000
  44 -24.589684 31.353474 3.515788 0.174723 -0.853856 -0.490307 0.862284 0.472151 1 44 1.000000
  44 -24.353380 31.915106 3.265829 0.266573 -0.460670 -0.846594 0.860388 0.439971 1 44 1.000000
v_hands
  44 -24.196974 33.039036 3.965282 0.538456 0.168369 0.825662 0.803733 0.411591 1 44 1.000000
  44 -24.594744 32.880886 4.055350 -0.241563 0.279574 0.929239 0.793222 0.428132 1 44 1.000000
  44 -24.171986 32.792015 4.015475 0.553486 0.188948 0.811142 0.808890 0.421567 1 44 1.000000
v_hands
  44 -24.196974 33.039036 3.965282 0.538456 0.168369 0.825662 0.803733 0.411591 1 44 1.000000
  44 -24.580996 33.153713 3.963212 -0.263933 0.289130 0.920187 0.787740 0.415069 1 44 1.000000
  44 -24.594744 32.880886 4.055350 -0.241563 0.279574 0.929239 0.793222 0.428132 1 44 1.000000
v_hands
  43 -24.432961 33.757492 3.827647 -0.299817 0.277398 0.912776 0.778097 0.391744 1 43 1.000000
  44 -24.196974 33.039036 3.965282 0.538456 0.168369 0.825662 0.803733 0.411591 1 44 1.000000
  43 -23.995741 33.644089 3.817901 0.491064 0.034605 0.870436 0.794628 0.386411 1 43 1.000000
v_hands
  43 -24.432961 33.757492 3.827647 -0.299817 0.277398 0.912776 0.778097 0.391744 1 43 1.000000
  44 -24.580996 33.153713 3.963212 -0.263933 0.289130 0.920187 0.787740 0.415069 1 44 1.000000
  44 -24.196974 33.039036 3.965282 0.538456 0.168369 0.825662 0.803733 0.411591 1 44 1.000000
v_hands
  44 -24.818796 31.656193 4.284707 -0.257091 -0.313052 0.914277 0.820704 0.489997 1 44 1.000000
  44 -24.445930 31.551481 3.970704 0.690812 -0.606505 0.393612 0.838983 0.471622 1 44 1.000000
  44 -24.462572 31.758884 4.254348 0.489662 -0.334819 0.805063 0.824388 0.473363 1 44 1.000000
v_hands
  44 -24.818796 31.656193 4.284707 -0.257091 -0.313052 0.914277 0.820704 0.489997 1 44 1.000000
  44 -24.785618 31.347868 3.920430 0.421780 -0.805987 0.415315 0.847034 0.489868 1 44 1.000000
  44 -24.445930 31.551481 3.970704 0.690812 -0.606505 0.393612 0.838983 0.471622 1 44 1.000000
v_hands
  44 -23.963186 32.762028 3.173148 0.895082 -0.227788 -0.383327 0.840093 0.401792 1 44 1.000000
  44 -24.208946 32.496944 3.049114 0.273831 -0.348392 -0.896459 0.855281 0.412029 1 44 1.000000
  44 -24.170542 32.753777 2.966868 0.293842 -0.337570 -0.894261 0.851612 0.400213 1 44 1.000000
v_hands
  44 -23.963186 32.762028 3.173148 0.895082 -0.227788 -0.383327 0.840093 0.401792 1 44 1.000000
  44 -23.921272 32.455402 3.281245 0.899448 -0.224798 -0.374779 0.843676 0.414888 1 44 1.000000
  44 -24.208946 32.496944 3.049114 0.273831 -0.348392 -0.896459 0.855281 0.412029 1 44 1.000000
v_hands
  44 -24.171986 32.792015 4.015475 0.553486 0.188948 0.811142 0.808890 0.421567 1 44 1.000000
  44 -23.989668 32.836906 3.562310 0.962757 -0.013046 0.270051 0.823744 0.407912 1 44 1.000000
  44 -24.196974 33.039036 3.965282 0.538456 0.168369 0.825662 0.803733 0.411591 1 44 1.000000
v_hands
  44 -24.171986 32.792015 4.015475 0.553486 0.188948 0.811142 0.808890 0.421567 1 44 1.000000
  44 -23.942242 32.655258 3.661536 0.957033 0.015525 0.289564 0.823739 0.414975 1 44 1.000000
  44 -23.989668 32.836906 3.562310 0.962757 -0.013046 0.270051 0.823744 0.407912 1 44 1.000000
v_hands
  44 -24.818796 31.656193 4.284707 -0.257091 -0.313052 0.914277 0.648095 0.993078 1 44 1.000000
  44 -24.940491 31.465424 3.826372 -0.898066 -0.417721 -0.137793 0.623905 0.983304 1 44 1.000000
  44 -24.785618 31.347868 3.920430 -0.628420 -0.772516 0.091138 0.622607 0.994344 1 44 1.000000
v_hands
  44 -24.818796 31.656193 4.284707 -0.257091 -0.313052 0.914277 0.648095 0.993078 1 44 1.000000
  44 -25.004383 31.755093 4.151869 -0.891349 -0.130227 0.434210 0.642248 0.981916 1 44 1.000000
  44 -24.940491 31.465424 3.826372 -0.898066 -0.417721 -0.137793 0.623905 0.983304 1 44 1.000000
v_hands
  44 -24.580996 33.153713 3.963212 -0.263933 0.289130 0.920187 0.681544 0.925929 1 44 1.000000
  43 -24.715626 33.678291 3.593624 -0.886734 0.260514 0.381884 0.673255 0.897904 1 43 1.000000
  44 -24.831413 33.145283 3.798685 -0.876084 0.281132 0.391716 0.666878 0.922324 1 44 1.000000
v_hands
  44 -24.580996 33.153713 3.963212 -0.263933 0.289130 0.920187 0.681544 0.925929 1 44 1.000000
  43 -24.432961 33.757492 3.827647 -0.299817 0.277398 0.912776 0.689134 0.898632 1 43 1.000000
  43 -24.715626 33.678291 3.593624 -0.886734 0.260514 0.381884 0.673255 0.897904 1 43 1.000000
v_hands
  44 -24.878075 32.112331 3.642472 -0.951175 -0.026644 -0.307499 0.634137 0.955992 1 44 1.000000
  44 -25.004383 31.755093 4.151869 -0.891349 -0.130227 0.434210 0.642248 0.981916 1 44 1.000000
  44 -24.940092 32.207222 4.057884 -0.907351 0.172837 0.383200 0.651326 0.964096 1 44 1.000000
v_hands
  44 -24.878075 32.112331 3.642472 -0.951175 -0.026644 -0.307499 0.634137 0.955992 1 44 1.000000
  44 -24.940491 31.465424 3.826372 -0.898066 -0.417721 -0.137793 0.623905 0.983304 1 44 1.000000
  44 -25.004383 31.755093 4.151869 -0.891349 -0.130227 0.434210 0.642248 0.981916 1 44 1.000000
v_hands
  44 -24.589684 31.353474 3.515788 0.174723 -0.853856 -0.490307 0.603112 0.980095 1 44 1.000000
  44 -24.701067 31.942921 3.286093 -0.562484 -0.248009 -0.788735 0.614908 0.951466 1 44 1.000000
  44 -24.353380 31.915106 3.265829 0.266573 -0.460670 -0.846594 0.599962 0.947314 1 44 1.000000
v_hands
  44 -24.589684 31.353474 3.515788 0.174723 -0.853856 -0.490307 0.603112 0.980095 1 44 1.000000
  44 -24.782011 31.474876 3.509696 -0.597550 -0.492147 -0.633029 0.611983 0.974049 1 44 1.000000
  44 -24.701067 31.942921 3.286093 -0.562484 -0.248009 -0.788735 0.614908 0.951466 1 44 1.000000
v_hands
  43 -24.715626 33.678291 3.593624 -0.886734 0.260514 0.381884 0.673255 0.897904 1 43 1.000000
  44 -24.820292 33.060780 3.308737 -0.935700 0.095687 -0.339572 0.647111 0.913846 1 44 1.000000
  44 -24.831413 33.145283 3.798685 -0.876084 0.281132 0.391716 0.666878 0.922324 1 44 1.000000
v_hands
  43 -24.715626 33.678291 3.593624 -0.886734 0.260514 0.381884 0.673255 0.897904 1 43 1.000000
  43 -24.704041 33.643677 3.155918 -0.945284 0.057482 -0.321143 0.654681 0.889454 1 43 1.000000
  44 -24.820292 33.060780 3.308737 -0.935700 0.095687 -0.339572 0.647111 0.913846 1 44 1.000000
v_hands
  44 -24.785618 31.347868 3.920430 -0.628420 -0.772516 0.091138 0.622607 0.994344 1 44 1.000000
  44 -24.782011 31.474876 3.509696 -0.597550 -0.492147 -0.633029 0.611983 0.974049 1 44 1.000000
  44 -24.589684 31.353474 3.515788 0.174723 -0.853856 -0.490307 0.603112 0.980095 1 44 1.000000
v_hands
  44 -24.785618 31.347868 3.920430 -0.628420 -0.772516 0.091138 0.622607 0.994344 1 44 1.000000
  44 -24.940491 31.465424 3.826372 -0.898066 -0.417721 -0.137793 0.623905 0.983304 1 44 1.000000
  44 -24.782011 31.474876 3.509696 -0.597550 -0.492147 -0.633029 0.611983 0.974049 1 44 1.000000
v_hands
  44 -24.685556 32.341671 4.192070 -0.234703 0.236874 0.942765 0.801722 0.454949 1 44 1.000000
  44 -24.462572 31.758884 4.254348 0.489662 -0.334819 0.805063 0.824388 0.473363 1 44 1.000000
  44 -24.315605 32.310608 4.151552 0.540064 0.000592 0.841623 0.813518 0.445692 1 44 1.000000
v_hands
  44 -24.685556 32.341671 4.192070 -0.234703 0.236874 0.942765 0.801722 0.454949 1 44 1.000000
  44 -24.818796 31.656193 4.284707 -0.257091 -0.313052 0.914277 0.820704 0.489997 1 44 1.000000
  44 -24.462572 31.758884 4.254348 0.489662 -0.334819 0.805063 0.824388 0.473363 1 44 1.000000
v_hands
  44 -24.462572 31.758884 4.254348 0.489662 -0.334819 0.805063 0.824388 0.473363 1 44 1.000000
  44 -24.119665 32.116329 3.805085 0.895216 -0.276002 0.349873 0.831910 0.440811 1 44 1.000000
  44 -24.315605 32.310608 4.151552 0.540064 0.000592 0.841623 0.813518 0.445692 1 44 1.000000
v_hands
  44 -24.462572 31.758884 4.254348 0.489662 -0.334819 0.805063 0.824388 0.473363 1 44 1.000000
  44 -24.445930 31.551481 3.970704 0.690812 -0.606505 0.393612 0.838983 0.471622 1 44 1.000000
  44 -24.119665 32.116329 3.805085 0.895216 -0.276002 0.349873 0.831910 0.440811 1 44 1.000000
v_hands
  44 -23.963186 32.762028 3.173148 0.895082 -0.227788 -0.383327 0.840093 0.401792 1 44 1.000000
  43 -23.716587 33.495895 3.401840 0.913503 -0.232241 0.334031 0.812555 0.378386 1 43 1.000000
  44 -23.989668 32.836906 3.562310 0.962757 -0.013046 0.270051 0.823744 0.407912 1 44 1.000000
v_hands
  44 -23.963186 32.762028 3.173148 0.895082 -0.227788 -0.383327 0.840093 0.401792 1 44 1.000000
  43 -23.749308 33.364788 2.980979 0.847115 -0.393320 -0.357346 0.832787 0.375919 1 43 1.000000
  43 -23.716587 33.495895 3.401840 0.913503 -0.232241 0.334031 0.812555 0.378386 1 43 1.000000
v_hands
  44 -24.170542 32.753777 2.966868 0.293842 -0.337570 -0.894261 0.609674 0.907528 1 44 1.000000
  44 -24.618401 32.582493 3.058402 -0.510641 -0.218785 -0.831492 0.622837 0.922135 1 44 1.000000
  44 -24.558159 32.833668 2.965525 -0.485654 -0.178640 -0.855703 0.625902 0.910872 1 44 1.000000
v_hands
  44 -24.170542 32.753777 2.966868 0.293842 -0.337570 -0.894261 0.609674 0.907528 1 44 1.000000
  44 -24.208946 32.496944 3.049114 0.273831 -0.348392 -0.896459 0.604631 0.918371 1 44 1.000000
  44 -24.618401 32.582493 3.058402 -0.510641 -0.218785 -0.831492 0.622837 0.922135 1 44 1.000000
v_hands
  44 -24.818796 31.656193 4.284707 -0.257091 -0.313052 0.914277 0.648095 0.993078 1 44 1.000000
  44 -24.940092 32.207222 4.057884 -0.907351 0.172837 0.383200 0.651326 0.964096 1 44 1.000000
  44 -25.004383 31.755093 4.151869 -0.891349 -0.130227 0.434210 0.642248 0.981916 1 44 1.000000
v_hands
  44 -24.818796 31.656193 4.284707 -0.257091 -0.313052 0.914277 0.648095 0.993078 1 44 1.000000
  44 -24.685556 32.341671 4.192070 -0.234703 0.236874 0.942765 0.667199 0.965295 1 44 1.000000
  44 -24.940092 32.207222 4.057884 -0.907351 0.172837 0.383200 0.651326 0.964096 1 44 1.000000
v_hands
  44 -24.831413 33.145283 3.798685 -0.876084 0.281132 0.391716 0.666878 0.922324 1 44 1.000000
  44 -24.881409 32.794003 3.396347 -0.946910 0.016048 -0.321099 0.644053 0.925346 1 44 1.000000
  44 -24.896509 32.851364 3.831735 -0.891283 0.216125 0.398628 0.662772 0.935362 1 44 1.000000
v_hands
  44 -24.831413 33.145283 3.798685 -0.876084 0.281132 0.391716 0.666878 0.922324 1 44 1.000000
  44 -24.820292 33.060780 3.308737 -0.935700 0.095687 -0.339572 0.647111 0.913846 1 44 1.000000
  44 -24.881409 32.794003 3.396347 -0.946910 0.016048 -0.321099 0.644053 0.925346 1 44 1.000000
v_hands
  44 -24.831413 33.145283 3.798685 -0.876084 0.281132 0.391716 0.666878 0.922324 1 44 1.000000
  44 -24.594744 32.880886 4.055350 -0.241563 0.279574 0.929239 0.678937 0.941495 1 44 1.000000
  44 -24.580996 33.153713 3.963212 -0.263933 0.289130 0.920187 0.681544 0.925929 1 44 1.000000
v_hands
  44 -24.831413 33.145283 3.798685 -0.876084 0.281132 0.391716 0.666878 0.922324 1 44 1.000000
  44 -24.896509 32.851364 3.831735 -0.891283 0.216125 0.398628 0.662772 0.935362 1 44 1.000000
  44 -24.594744 32.880886 4.055350 -0.241563 0.279574 0.929239 0.678937 0.941495 1 44 1.000000
v_hands
  44 -24.315605 32.310608 4.151552 0.540064 0.000592 0.841623 0.813518 0.445692 1 44 1.000000
  44 -23.942242 32.655258 3.661536 0.957033 0.015525 0.289564 0.823739 0.414975 1 44 1.000000
  44 -24.171986 32.792015 4.015475 0.553486 0.188948 0.811142 0.808890 0.421567 1 44 1.000000
v_hands
  44 -24.315605 32.310608 4.151552 0.540064 0.000592 0.841623 0.813518 0.445692 1 44 1.000000
  44 -24.119665 32.116329 3.805085 0.895216 -0.276002 0.349873 0.831910 0.440811 1 44 1.000000
  44 -23.942242 32.655258 3.661536 0.957033 0.015525 0.289564 0.823739 0.414975 1 44 1.000000
v_hands
  44 -24.878075 32.112331 3.642472 -0.951175 -0.026644 -0.307499 0.634137 0.955992 1 44 1.000000
  44 -24.618401 32.582493 3.058402 -0.510641 -0.218785 -0.831492 0.622837 0.922135 1 44 1.000000
  44 -24.701067 31.942921 3.286093 -0.562484 -0.248009 -0.788735 0.614908 0.951466 1 44 1.000000
v_hands
  44 -24.878075 32.112331 3.642472 -0.951175 -0.026644 -0.307499 0.634137 0.955992 1 44 1.000000
  44 -24.881409 32.794003 3.396347 -0.946910 0.016048 -0.321099 0.644053 0.925346 1 44 1.000000
  44 -24.618401 32.582493 3.058402 -0.510641 -0.218785 -0.831492 0.622837 0.922135 1 44 1.000000
v_hands
  44 -24.445930 31.551481 3.970704 0.690812 -0.606505 0.393612 0.838983 0.471622 1 44 1.000000
  44 -24.589684 31.353474 3.515788 0.174723 -0.853856 -0.490307 0.862284 0.472151 1 44 1.000000
  44 -24.359842 31.547026 3.655294 0.745475 -0.665078 -0.044026 0.849259 0.462411 1 44 1.000000
v_hands
  44 -24.445930 31.551481 3.970704 0.690812 -0.606505 0.393612 0.838983 0.471622 1 44 1.000000
  44 -24.785618 31.347868 3.920430 0.421780 -0.805987 0.415315 0.847034 0.489868 1 44 1.000000
  44 -24.589684 31.353474 3.515788 0.174723 -0.853856 -0.490307 0.862284 0.472151 1 44 1.000000
v_hands
  44 -23.989668 32.836906 3.562310 0.962757 -0.013046 0.270051 0.823744 0.407912 1 44 1.000000
  44 -23.921272 32.455402 3.281245 0.899448 -0.224798 -0.374779 0.843676 0.414888 1 44 1.000000
  44 -23.963186 32.762028 3.173148 0.895082 -0.227788 -0.383327 0.840093 0.401792 1 44 1.000000
v_hands
  44 -23.989668 32.836906 3.562310 0.962757 -0.013046 0.270051 0.823744 0.407912 1 44 1.000000
  44 -23.942242 32.655258 3.661536 0.957033 0.015525 0.289564 0.823739 0.414975 1 44 1.000000
  44 -23.921272 32.455402 3.281245 0.899448 -0.224798 -0.374779 0.843676 0.414888 1 44 1.000000
v_hands
  44 -24.820292 33.060780 3.308737 -0.935700 0.095687 -0.339572 0.647111 0.913846 1 44 1.000000
  43 -24.438175 33.421341 2.774453 -0.486371 -0.192510 -0.852281 0.632665 0.885681 1 43 1.000000
  44 -24.558159 32.833668 2.965525 -0.485654 -0.178640 -0.855703 0.625902 0.910872 1 44 1.000000
v_hands
  44 -24.820292 33.060780 3.308737 -0.935700 0.095687 -0.339572 0.647111 0.913846 1 44 1.000000
  43 -24.704041 33.643677 3.155918 -0.945284 0.057482 -0.321143 0.654681 0.889454 1 43 1.000000
  43 -24.438175 33.421341 2.774453 -0.486371 -0.192510 -0.852281 0.632665 0.885681 1 43 1.000000
v_hands
  44 -24.782011 31.474876 3.509696 -0.597550 -0.492147 -0.633029 0.611983 0.974049 1 44 1.000000
  44 -24.878075 32.112331 3.642472 -0.951175 -0.026644 -0.307499 0.634137 0.955992 1 44 1.000000
  44 -24.701067 31.942921 3.286093 -0.562484 -0.248009 -0.788735 0.614908 0.951466 1 44 1.000000
v_hands
  44 -24.782011 31.474876 3.509696 -0.597550 -0.492147 -0.633029 0.611983 0.974049 1 44 1.000000
  44 -24.940491 31.465424 3.826372 -0.898066 -0.417721 -0.137793 0.623905 0.983304 1 44 1.000000
  44 -24.878075 32.112331 3.642472 -0.951175 -0.026644 -0.307499 0.634137 0.955992 1 44 1.000000
v_hands
  44 -24.119665 32.116329 3.805085 0.895216 -0.276002 0.349873 0.831910 0.440811 1 44 1.000000
  44 -24.359842 31.547026 3.655294 0.745475 -0.665078 -0.044026 0.849259 0.462411 1 44 1.000000
  44 -24.099636 32.009163 3.413390 0.844582 -0.475576 -0.245983 0.849056 0.436727 1 44 1.000000
v_hands
  44 -24.119665 32.116329 3.805085 0.895216 -0.276002 0.349873 0.831910 0.440811 1 44 1.000000
  44 -24.445930 31.551481 3.970704 0.690812 -0.606505 0.393612 0.838983 0.471622 1 44 1.000000
  44 -24.359842 31.547026 3.655294 0.745475 -0.665078 -0.044026 0.849259 0.462411 1 44 1.000000
v_hands
  44 -23.989668 32.836906 3.562310 0.962757 -0.013046 0.270051 0.823744 0.407912 1 44 1.000000
  43 -23.995741 33.644089 3.817901 0.491064 0.034605 0.870436 0.794628 0.386411 1 43 1.000000
  44 -24.196974 33.039036 3.965282 0.538456 0.168369 0.825662 0.803733 0.411591 1 44 1.000000
v_hands
  44 -23.989668 32.836906 3.562310 0.962757 -0.013046 0.270051 0.823744 0.407912 1 44 1.000000
  43 -23.716587 33.495895 3.401840 0.913503 -0.232241 0.334031 0.812555 0.378386 1 43 1.000000
  43 -23.995741 33.644089 3.817901 0.491064 0.034605 0.870436 0.794628 0.386411 1 43 1.000000
v_hands
  44 -24.881409 32.794003 3.396347 -0.946910 0.016048 -0.321099 0.644053 0.925346 1 44 1.000000
  44 -24.558159 32.833668 2.965525 -0.485654 -0.178640 -0.855703 0.625902 0.910872 1 44 1.000000
  44 -24.618401 32.582493 3.058402 -0.510641 -0.218785 -0.831492 0.622837 0.922135 1 44 1.000000
v_hands
  44 -24.881409 32.794003 3.396347 -0.946910 0.016048 -0.321099 0.644053 0.925346 1 44 1.000000
  44 -24.820292 33.060780 3.308737 -0.935700 0.095687 -0.339572 0.647111 0.913846 1 44 1.000000
  44 -24.558159 32.833668 2.965525 -0.485654 -0.178640 -0.855703 0.625902 0.910872 1 44 1.000000
v_hands
  44 -24.618401 32.582493 3.058402 -0.510641 -0.218785 -0.831492 0.622837 0.922135 1 44 1.000000
  44 -24.353380 31.915106 3.265829 0.266573 -0.460670 -0.846594 0.599962 0.947314 1 44 1.000000
  44 -24.701067 31.942921 3.286093 -0.562484 -0.248009 -0.788735 0.614908 0.951466 1 44 1.000000
v_hands
  44 -24.618401 32.582493 3.058402 -0.510641 -0.218785 -0.831492 0.622837 0.922135 1 44 1.000000
  44 -24.208946 32.496944 3.049114 0.273831 -0.348392 -0.896459 0.604631 0.918371 1 44 1.000000
  44 -24.353380 31.915106 3.265829 0.266573 -0.460670 -0.846594 0.599962 0.947314 1 44 1.000000
v_hands
  44 -24.208946 32.496944 3.049114 0.273831 -0.348392 -0.896459 0.855281 0.412029 1 44 1.000000
  44 -24.099636 32.009163 3.413390 0.844582 -0.475576 -0.245983 0.849056 0.436727 1 44 1.000000
  44 -24.353380 31.915106 3.265829 0.266573 -0.460670 -0.846594 0.860388 0.439971 1 44 1.000000
v_hands
  44 -24.208946 32.496944 3.049114 0.273831 -0.348392 -0.896459 0.855281 0.412029 1 44 1.000000
  44 -23.921272 32.455402 3.281245 0.899448 -0.224798 -0.374779 0.843676 0.414888 1 44 1.000000
  44 -24.099636 32.009163 3.413390 0.844582 -0.475576 -0.245983 0.849056 0.436727 1 44 1.000000
v_hands
  44 -23.921272 32.455402 3.281245 0.899448 -0.224798 -0.374779 0.843676 0.414888 1 44 1.000000
  44 -24.119665 32.116329 3.805085 0.895216 -0.276002 0.349873 0.831910 0.440811 1 44 1.000000
  44 -24.099636 32.009163 3.413390 0.844582 -0.475576 -0.245983 0.849056 0.436727 1 44 1.000000
v_hands
  44 -23.921272 32.455402 3.281245 0.899448 -0.224798 -0.374779 0.843676 0.414888 1 44 1.000000
  44 -23.942242 32.655258 3.661536 0.957033 0.015525 0.289564 0.823739 0.414975 1 44 1.000000
  44 -24.119665 32.116329 3.805085 0.895216 -0.276002 0.349873 0.831910 0.440811 1 44 1.000000
v_hands
  44 -24.594744 32.880886 4.055350 -0.241563 0.279574 0.929239 0.793222 0.428132 1 44 1.000000
  44 -24.315605 32.310608 4.151552 0.540064 0.000592 0.841623 0.813518 0.445692 1 44 1.000000
  44 -24.171986 32.792015 4.015475 0.553486 0.188948 0.811142 0.808890 0.421567 1 44 1.000000
v_hands
  44 -24.594744 32.880886 4.055350 -0.241563 0.279574 0.929239 0.793222 0.428132 1 44 1.000000
  44 -24.685556 32.341671 4.192070 -0.234703 0.236874 0.942765 0.801722 0.454949 1 44 1.000000
  44 -24.315605 32.310608 4.151552 0.540064 0.000592 0.841623 0.813518 0.445692 1 44 1.000000
v_hands
  44 -24.685556 32.341671 4.192070 -0.234703 0.236874 0.942765 0.667199 0.965295 1 44 1.000000
  44 -24.896509 32.851364 3.831735 -0.891283 0.216125 0.398628 0.662772 0.935362 1 44 1.000000
  44 -24.940092 32.207222 4.057884 -0.907351 0.172837 0.383200 0.651326 0.964096 1 44 1.000000
v_hands
  44 -24.685556 32.341671 4.192070 -0.234703 0.236874 0.942765 0.667199 0.965295 1 44 1.000000
  44 -24.594744 32.880886 4.055350 -0.241563 0.279574 0.929239 0.678937 0.941495 1 44 1.000000
  44 -24.896509 32.851364 3.831735 -0.891283 0.216125 0.398628 0.662772 0.935362 1 44 1.000000
v_hands
  44 -24.896509 32.851364 3.831735 -0.891283 0.216125 0.398628 0.662772 0.935362 1 44 1.000000
  44 -24.878075 32.112331 3.642472 -0.951175 -0.026644 -0.307499 0.634137 0.955992 1 44 1.000000
  44 -24.940092 32.207222 4.057884 -0.907351 0.172837 0.383200 0.651326 0.964096 1 44 1.000000
v_hands
  44 -24.896509 32.851364 3.831735 -0.891283 0.216125 0.398628 0.662772 0.935362 1 44 1.000000
  44 -24.881409 32.794003 3.396347 -0.946910 0.016048 -0.321099 0.644053 0.925346 1 44 1.000000
  44 -24.878075 32.112331 3.642472 -0.951175 -0.026644 -0.307499 0.634137 0.955992 1 44 1.000000
v_hands
  44 -24.170542 32.753777 2.966868 0.293842 -0.337570 -0.894261 0.609674 0.907528 1 44 1.000000
  43 -24.438175 33.421341 2.774453 -0.486371 -0.192510 -0.852281 0.632665 0.885681 1 43 1.000000
  43 -24.045902 33.342693 2.768066 0.270940 -0.370362 -0.888495 0.617129 0.882058 1 43 1.000000
v_hands
  44 -24.170542 32.753777 2.966868 0.293842 -0.337570 -0.894261 0.609674 0.907528 1 44 1.000000
  44 -24.558159 32.833668 2.965525 -0.485654 -0.178640 -0.855703 0.625902 0.910872 1 44 1.000000
  43 -24.438175 33.421341 2.774453 -0.486371 -0.192510 -0.852281 0.632665 0.885681 1 43 1.000000
v_hands
  40 -25.021643 32.050251 5.475740 0.672457 -0.713172 -0.197957 0.732878 0.504564 1 40 1.000000
  40 -25.110262 32.468895 5.069775 0.087741 -0.457250 -0.884999 0.754204 0.487554 1 40 1.000000
  40 -24.746119 32.505806 5.262687 0.788540 -0.451393 -0.417671 0.737636 0.479580 1 40 1.000000
v_hands
  40 -25.021643 32.050251 5.475740 0.672457 -0.713172 -0.197957 0.732878 0.504564 1 40 1.000000
  40 -25.317501 31.861553 5.365481 -0.035868 -0.823470 -0.566224 0.743296 0.518885 1 40 1.000000
  40 -25.110262 32.468895 5.069775 0.087741 -0.457250 -0.884999 0.754204 0.487554 1 40 1.000000
v_hands
  40 -24.706238 33.094109 4.985919 0.809018 -0.385043 -0.444108 0.738903 0.443640 1 40 1.000000
  39 -24.777798 33.683487 4.512486 0.034023 -0.434342 -0.900105 0.757898 0.413119 1 39 1.000000
  39 -24.399799 33.704216 4.722686 0.768317 -0.492470 -0.408855 0.736411 0.411569 1 39 1.000000
v_hands
  40 -24.706238 33.094109 4.985919 0.809018 -0.385043 -0.444108 0.738903 0.443640 1 40 1.000000
  40 -24.970741 33.084648 4.804655 0.064900 -0.396636 -0.915679 0.757923 0.444153 1 40 1.000000
  39 -24.777798 33.683487 4.512486 0.034023 -0.434342 -0.900105 0.757898 0.413119 1 39 1.000000
v_hands
  40 -24.791815 33.401669 5.741341 0.609979 0.085878 0.787750 0.698658 0.445554 1 40 1.000000
  40 -25.245867 33.258564 5.849511 -0.133128 0.299141 0.944876 0.680455 0.461505 1 40 1.000000
  40 -24.829201 33.145775 5.799546 0.605874 0.186762 0.773328 0.700289 0.458421 1 40 1.000000
v_hands
  40 -24.791815 33.401669 5.741341 0.609979 0.085878 0.787750 0.698658 0.445554 1 40 1.000000
  40 -25.207834 33.544815 5.784501 -0.141751 0.311801 0.939514 0.677900 0.448248 1 40 1.000000
  40 -25.245867 33.258564 5.849511 -0.133128 0.299141 0.944876 0.680455 0.461505 1 40 1.000000
v_hands
  40 -24.791815 33.401669 5.741341 0.609979 0.085878 0.787750 0.698658 0.445554 1 40 1.000000
  40 -24.649546 33.072048 5.467497 0.985904 0.013119 0.166794 0.718131 0.454800 1 40 1.000000
  40 -24.679665 33.269608 5.367427 0.965223 -0.157284 0.208819 0.717487 0.442540 1 40 1.000000
v_hands
  40 -24.791815 33.401669 5.741341 0.609979 0.085878 0.787750 0.698658 0.445554 1 40 1.000000
  40 -24.829201 33.145775 5.799546 0.605874 0.186762 0.773328 0.700289 0.458421 1 40 1.000000
  40 -24.649546 33.072048 5.467497 0.985904 0.013119 0.166794 0.718131 0.454800 1 40 1.000000
v_hands
  40 -24.706238 33.094109 4.985919 0.809018 -0.385043 -0.444108 0.738903 0.443640 1 40 1.000000
  40 -25.037817 32.791088 4.923644 0.087876 -0.385048 -0.918703 0.757973 0.459373 1 40 1.000000
  40 -24.970741 33.084648 4.804655 0.064900 -0.396636 -0.915679 0.757923 0.444153 1 40 1.000000
v_hands
  40 -24.706238 33.094109 4.985919 0.809018 -0.385043 -0.444108 0.738903 0.443640 1 40 1.000000
  40 -24.703892 32.841518 5.088304 0.825324 -0.267123 -0.497479 0.738285 0.456179 1 40 1.000000
  40 -25.037817 32.791088 4.923644 0.087876 -0.385048 -0.918703 0.757973 0.459373 1 40 1.000000
v_hands
  40 -25.327768 33.271603 4.888706 -0.637657 -0.119322 -0.761022 0.727229 0.921217 1 40 1.000000
  39 -24.777798 33.683487 4.512486 0.034023 -0.434342 -0.900105 0.713527 0.896027 1 39 1.000000
  40 -24.970741 33.084648 4.804655 0.064900 -0.396636 -0.915679 0.712656 0.919757 1 40 1.000000
v_hands
  40 -25.327768 33.271603 4.888706 -0.637657 -0.119322 -0.761022 0.727229 0.921217 1 40 1.000000
  39 -25.145250 33.861702 4.646458 -0.660201 -0.169329 -0.731753 0.727286 0.895828 1 39 1.000000
  39 -24.777798 33.683487 4.512486 0.034023 -0.434342 -0.900105 0.713527 0.896027 1 39 1.000000
v_hands
  40 -25.110262 32.468895 5.069775 0.087741 -0.457250 -0.884999 0.713785 0.955977 1 40 1.000000
  40 -25.464891 32.026115 5.374938 -0.742133 -0.414369 -0.526817 0.729117 0.978654 1 40 1.000000
  40 -25.442806 32.533722 5.150080 -0.695445 -0.250133 -0.673639 0.726587 0.955900 1 40 1.000000
v_hands
  40 -25.110262 32.468895 5.069775 0.087741 -0.457250 -0.884999 0.713785 0.955977 1 40 1.000000
  40 -25.317501 31.861553 5.365481 -0.035868 -0.823470 -0.566224 0.722871 0.983294 1 40 1.000000
  40 -25.464891 32.026115 5.374938 -0.742133 -0.414369 -0.526817 0.729117 0.978654 1 40 1.000000
v_hands
  40 -25.650087 32.255108 5.892556 -0.927238 -0.125819 0.352702 0.752491 0.978714 1 40 1.000000
  40 -25.559647 32.692192 5.457898 -0.976846 -0.059856 -0.205400 0.742088 0.955574 1 40 1.000000
  40 -25.555658 32.002426 5.685807 -0.929257 -0.353701 -0.106658 0.740465 0.983333 1 40 1.000000
v_hands
  40 -25.650087 32.255108 5.892556 -0.927238 -0.125819 0.352702 0.752491 0.978714 1 40 1.000000
  40 -25.574860 32.906326 5.802875 -0.996587 0.000581 -0.082543 0.755974 0.952169 1 40 1.000000
  40 -25.559647 32.692192 5.457898 -0.976846 -0.059856 -0.205400 0.742088 0.955574 1 40 1.000000
v_hands
  39 -25.342764 34.108868 4.952165 -0.968136 0.084225 -0.235834 0.743475 0.894167 1 39 1.000000
  40 -25.443497 33.632973 5.601673 -0.803935 0.373161 0.463075 0.758552 0.916201 1 40 1.000000
  39 -25.295115 34.211113 5.396894 -0.819646 0.316363 0.477592 0.761435 0.886440 1 39 1.000000
v_hands
  39 -25.342764 34.108868 4.952165 -0.968136 0.084225 -0.235834 0.743475 0.894167 1 39 1.000000
  40 -25.495285 33.458828 5.162902 -0.943009 0.171178 -0.285362 0.742167 0.920062 1 40 1.000000
  40 -25.443497 33.632973 5.601673 -0.803935 0.373161 0.463075 0.758552 0.916201 1 40 1.000000
v_hands
  40 -25.016117 32.050888 5.767862 0.656889 -0.651272 0.379924 0.721049 0.506942 1 40 1.000000
  40 -24.894566 32.782845 5.932613 0.557441 0.045787 0.828953 0.703064 0.481944 1 40 1.000000
  40 -25.145008 32.221706 6.006720 0.455372 -0.337699 0.823769 0.707984 0.506759 1 40 1.000000
v_hands
  40 -25.016117 32.050888 5.767862 0.656889 -0.651272 0.379924 0.721049 0.506942 1 40 1.000000
  40 -24.677708 32.698387 5.585594 0.937818 -0.216105 0.271655 0.720880 0.476898 1 40 1.000000
  40 -24.894566 32.782845 5.932613 0.557441 0.045787 0.828953 0.703064 0.481944 1 40 1.000000
v_hands
  40 -25.319572 32.833950 5.997762 -0.188124 0.237367 0.953030 0.685764 0.490181 1 40 1.000000
  40 -25.145008 32.221706 6.006720 0.455372 -0.337699 0.823769 0.707984 0.506759 1 40 1.000000
  40 -24.894566 32.782845 5.932613 0.557441 0.045787 0.828953 0.703064 0.481944 1 40 1.000000
v_hands
  40 -25.319572 32.833950 5.997762 -0.188124 0.237367 0.953030 0.685764 0.490181 1 40 1.000000
  40 -25.491398 32.156334 6.078287 -0.309707 -0.318704 0.895829 0.699172 0.520835 1 40 1.000000
  40 -25.145008 32.221706 6.006720 0.455372 -0.337699 0.823769 0.707984 0.506759 1 40 1.000000
v_hands
  40 -25.145008 32.221706 6.006720 0.455372 -0.337699 0.823769 0.707984 0.506759 1 40 1.000000
  40 -25.446836 31.875277 5.753148 0.367534 -0.842889 0.393009 0.721965 0.526522 1 40 1.000000
  40 -25.016117 32.050888 5.767862 0.656889 -0.651272 0.379924 0.721049 0.506942 1 40 1.000000
v_hands
  40 -25.145008 32.221706 6.006720 0.455372 -0.337699 0.823769 0.707984 0.506759 1 40 1.000000
  40 -25.491398 32.156334 6.078287 -0.309707 -0.318704 0.895829 0.699172 0.520835 1 40 1.000000
  40 -25.446836 31.875277 5.753148 0.367534 -0.842889 0.393009 0.721965 0.526522 1 40 1.000000
v_hands
  40 -24.791815 33.401669 5.741341 0.609979 0.085878 0.787750 0.698658 0.445554 1 40 1.000000
  39 -25.018806 34.192856 5.580757 -0.152078 0.346650 0.925584 0.675638 0.415307 1 39 1.000000
  40 -25.207834 33.544815 5.784501 -0.141751 0.311801 0.939514 0.677900 0.448248 1 40 1.000000
v_hands
  40 -24.791815 33.401669 5.741341 0.609979 0.085878 0.787750 0.698658 0.445554 1 40 1.000000
  39 -24.531588 34.042442 5.514983 0.581496 0.087471 0.808833 0.697680 0.412880 1 39 1.000000
  39 -25.018806 34.192856 5.580757 -0.152078 0.346650 0.925584 0.675638 0.415307 1 39 1.000000
v_hands
  39 -24.399799 33.704216 4.722686 0.768317 -0.492470 -0.408855 0.736411 0.411569 1 39 1.000000
  40 -24.679665 33.269608 5.367427 0.965223 -0.157284 0.208819 0.717487 0.442540 1 40 1.000000
  40 -24.706238 33.094109 4.985919 0.809018 -0.385043 -0.444108 0.738903 0.443640 1 40 1.000000
v_hands
  39 -24.399799 33.704216 4.722686 0.768317 -0.492470 -0.408855 0.736411 0.411569 1 39 1.000000
  39 -24.301237 33.878853 5.141905 0.922925 -0.267913 0.276463 0.717136 0.413642 1 39 1.000000
  40 -24.679665 33.269608 5.367427 0.965223 -0.157284 0.208819 0.717487 0.442540 1 40 1.000000
v_hands
  40 -24.970741 33.084648 4.804655 0.064900 -0.396636 -0.915679 0.712656 0.919757 1 40 1.000000
  40 -25.427185 32.947887 5.004746 -0.653134 -0.182180 -0.735000 0.726792 0.931317 1 40 1.000000
  40 -25.327768 33.271603 4.888706 -0.637657 -0.119322 -0.761022 0.727229 0.921217 1 40 1.000000
v_hands
  40 -24.970741 33.084648 4.804655 0.064900 -0.396636 -0.915679 0.712656 0.919757 1 40 1.000000
  40 -25.037817 32.791088 4.923644 0.087876 -0.385048 -0.918703 0.710753 0.932669 1 40 1.000000
  40 -25.427185 32.947887 5.004746 -0.653134 -0.182180 -0.735000 0.726792 0.931317 1 40 1.000000
v_hands
  40 -25.464891 32.026115 5.374938 -0.742133 -0.414369 -0.526817 0.729117 0.978654 1 40 1.000000
  40 -25.446836 31.875277 5.753148 -0.774423 -0.630285 0.054853 0.742489 0.990891 1 40 1.000000
  40 -25.555658 32.002426 5.685807 -0.929257 -0.353701 -0.106658 0.740465 0.983333 1 40 1.000000
v_hands
  40 -25.464891 32.026115 5.374938 -0.742133 -0.414369 -0.526817 0.729117 0.978654 1 40 1.000000
  40 -25.317501 31.861553 5.365481 -0.035868 -0.823470 -0.566224 0.722871 0.983294 1 40 1.000000
  40 -25.446836 31.875277 5.753148 -0.774423 -0.630285 0.054853 0.742489 0.990891 1 40 1.000000
v_hands
  40 -25.650087 32.255108 5.892556 -0.927238 -0.125819 0.352702 0.752491 0.978714 1 40 1.000000
  40 -25.319572 32.833950 5.997762 -0.188124 0.237367 0.953030 0.770477 0.958296 1 40 1.000000
  40 -25.574860 32.906326 5.802875 -0.530521 0.257877 0.807494 0.755974 0.952169 1 40 1.000000
v_hands
  40 -25.650087 32.255108 5.892556 -0.927238 -0.125819 0.352702 0.752491 0.978714 1 40 1.000000
  40 -25.491398 32.156334 6.078287 -0.309707 -0.318704 0.895829 0.761848 0.983086 1 40 1.000000
  40 -25.319572 32.833950 5.997762 -0.188124 0.237367 0.953030 0.770477 0.958296 1 40 1.000000
v_hands
  40 -25.443497 33.632973 5.601673 -0.803935 0.373161 0.463075 0.758552 0.916201 1 40 1.000000
  39 -25.018806 34.192856 5.580757 -0.152078 0.346650 0.925584 0.774564 0.897274 1 39 1.000000
  39 -25.295115 34.211113 5.396894 -0.819646 0.316363 0.477592 0.761435 0.886440 1 39 1.000000
v_hands
  40 -25.443497 33.632973 5.601673 -0.803935 0.373161 0.463075 0.758552 0.916201 1 40 1.000000
  40 -25.207834 33.544815 5.784501 -0.141751 0.311801 0.939514 0.772902 0.922868 1 40 1.000000
  39 -25.018806 34.192856 5.580757 -0.152078 0.346650 0.925584 0.774564 0.897274 1 39 1.000000
v_hands
  40 -25.554037 33.353096 5.689625 -0.430374 0.319599 0.844177 0.759085 0.926570 1 40 1.000000
  40 -25.207834 33.544815 5.784501 -0.141751 0.311801 0.939514 0.772902 0.922868 1 40 1.000000
  40 -25.443497 33.632973 5.601673 -0.803935 0.373161 0.463075 0.758552 0.916201 1 40 1.000000
v_hands
  40 -25.554037 33.353096 5.689625 -0.430374 0.319599 0.844177 0.759085 0.926570 1 40 1.000000
  40 -25.245867 33.258564 5.849511 -0.133128 0.299141 0.944876 0.773345 0.934825 1 40 1.000000
  40 -25.207834 33.544815 5.784501 -0.141751 0.311801 0.939514 0.772902 0.922868 1 40 1.000000
v_hands
  40 -25.554037 33.353096 5.689625 -0.986543 0.163480 -0.002510 0.759085 0.926570 1 40 1.000000
  40 -25.495285 33.458828 5.162902 -0.943009 0.171178 -0.285362 0.742167 0.920062 1 40 1.000000
  40 -25.593460 33.161293 5.299297 -0.970826 0.061425 -0.231783 0.741910 0.929696 1 40 1.000000
v_hands
  40 -25.554037 33.353096 5.689625 -0.986543 0.163480 -0.002510 0.759085 0.926570 1 40 1.000000
  40 -25.443497 33.632973 5.601673 -0.803935 0.373161 0.463075 0.758552 0.916201 1 40 1.000000
  40 -25.495285 33.458828 5.162902 -0.943009 0.171178 -0.285362 0.742167 0.920062 1 40 1.000000
v_hands
  40 -25.574860 32.906326 5.802875 -0.530521 0.257877 0.807494 0.755974 0.952169 1 40 1.000000
  40 -25.245867 33.258564 5.849511 -0.133128 0.299141 0.944876 0.773345 0.934825 1 40 1.000000
  40 -25.554037 33.353096 5.689625 -0.430374 0.319599 0.844177 0.759085 0.926570 1 40 1.000000
v_hands
  40 -25.574860 32.906326 5.802875 -0.530521 0.257877 0.807494 0.755974 0.952169 1 40 1.000000
  40 -25.319572 32.833950 5.997762 -0.188124 0.237367 0.953030 0.770477 0.958296 1 40 1.000000
  40 -25.245867 33.258564 5.849511 -0.133128 0.299141 0.944876 0.773345 0.934825 1 40 1.000000
v_hands
  40 -25.559647 32.692192 5.457898 -0.976846 -0.059856 -0.205400 0.742088 0.955574 1 40 1.000000
  40 -25.427185 32.947887 5.004746 -0.653134 -0.182180 -0.735000 0.726792 0.931317 1 40 1.000000
  40 -25.442806 32.533722 5.150080 -0.695445 -0.250133 -0.673639 0.726587 0.955900 1 40 1.000000
v_hands
  40 -25.559647 32.692192 5.457898 -0.976846 -0.059856 -0.205400 0.742088 0.955574 1 40 1.000000
  40 -25.593460 33.161293 5.299297 -0.970826 0.061425 -0.231783 0.741910 0.929696 1 40 1.000000
  40 -25.427185 32.947887 5.004746 -0.653134 -0.182180 -0.735000 0.726792 0.931317 1 40 1.000000
v_hands
  40 -24.677708 32.698387 5.585594 0.937818 -0.216105 0.271655 0.720880 0.476898 1 40 1.000000
  40 -24.829201 33.145775 5.799546 0.605874 0.186762 0.773328 0.700289 0.458421 1 40 1.000000
  40 -24.894566 32.782845 5.932613 0.557441 0.045787 0.828953 0.703064 0.481944 1 40 1.000000
v_hands
  40 -24.677708 32.698387 5.585594 0.937818 -0.216105 0.271655 0.720880 0.476898 1 40 1.000000
  40 -24.649546 33.072048 5.467497 0.985904 0.013119 0.166794 0.718131 0.454800 1 40 1.000000
  40 -24.829201 33.145775 5.799546 0.605874 0.186762 0.773328 0.700289 0.458421 1 40 1.000000
v_hands
  40 -24.706238 33.094109 4.985919 0.809018 -0.385043 -0.444108 0.738903 0.443640 1 40 1.000000
  40 -24.649546 33.072048 5.467497 0.985904 0.013119 0.166794 0.718131 0.454800 1 40 1.000000
  40 -24.703892 32.841518 5.088304 0.825324 -0.267123 -0.497479 0.738285 0.456179 1 40 1.000000
v_hands
  40 -24.706238 33.094109 4.985919 0.809018 -0.385043 -0.444108 0.738903 0.443640 1 40 1.000000
  40 -24.679665 33.269608 5.367427 0.965223 -0.157284 0.208819 0.717487 0.442540 1 40 1.000000
  40 -24.649546 33.072048 5.467497 0.985904 0.013119 0.166794 0.718131 0.454800 1 40 1.000000
v_hands
  40 -25.574860 32.906326 5.802875 -0.996587 0.000581 -0.082543 0.755974 0.952169 1 40 1.000000
  40 -25.593460 33.161293 5.299297 -0.970826 0.061425 -0.231783 0.741910 0.929696 1 40 1.000000
  40 -25.559647 32.692192 5.457898 -0.976846 -0.059856 -0.205400 0.742088 0.955574 1 40 1.000000
v_hands
  40 -25.574860 32.906326 5.802875 -0.996587 0.000581 -0.082543 0.755974 0.952169 1 40 1.000000
  40 -25.554037 33.353096 5.689625 -0.986543 0.163480 -0.002510 0.759085 0.926570 1 40 1.000000
  40 -25.593460 33.161293 5.299297 -0.970826 0.061425 -0.231783 0.741910 0.929696 1 40 1.000000
v_hands
  40 -25.464891 32.026115 5.374938 -0.742133 -0.414369 -0.526817 0.729117 0.978654 1 40 1.000000
  40 -25.559647 32.692192 5.457898 -0.976846 -0.059856 -0.205400 0.742088 0.955574 1 40 1.000000
  40 -25.442806 32.533722 5.150080 -0.695445 -0.250133 -0.673639 0.726587 0.955900 1 40 1.000000
v_hands
  40 -25.464891 32.026115 5.374938 -0.742133 -0.414369 -0.526817 0.729117 0.978654 1 40 1.000000
  40 -25.555658 32.002426 5.685807 -0.929257 -0.353701 -0.106658 0.740465 0.983333 1 40 1.000000
  40 -25.559647 32.692192 5.457898 -0.976846 -0.059856 -0.205400 0.742088 0.955574 1 40 1.000000
v_hands
  40 -25.495285 33.458828 5.162902 -0.943009 0.171178 -0.285362 0.742167 0.920062 1 40 1.000000
  39 -25.145250 33.861702 4.646458 -0.660201 -0.169329 -0.731753 0.727286 0.895828 1 39 1.000000
  40 -25.327768 33.271603 4.888706 -0.637657 -0.119322 -0.761022 0.727229 0.921217 1 40 1.000000
v_hands
  40 -25.495285 33.458828 5.162902 -0.943009 0.171178 -0.285362 0.742167 0.920062 1 40 1.000000
  39 -25.342764 34.108868 4.952165 -0.968136 0.084225 -0.235834 0.743475 0.894167 1 39 1.000000
  39 -25.145250 33.861702 4.646458 -0.660201 -0.169329 -0.731753 0.727286 0.895828 1 39 1.000000
v_hands
  40 -24.746119 32.505806 5.262687 0.788540 -0.451393 -0.417671 0.737636 0.479580 1 40 1.000000
  40 -25.016117 32.050888 5.767862 0.656889 -0.651272 0.379924 0.721049 0.506942 1 40 1.000000
  40 -25.021643 32.050251 5.475740 0.672457 -0.713172 -0.197957 0.732878 0.504564 1 40 1.000000
v_hands
  40 -24.746119 32.505806 5.262687 0.788540 -0.451393 -0.417671 0.737636 0.479580 1 40 1.000000
  40 -24.677708 32.698387 5.585594 0.937818 -0.216105 0.271655 0.720880 0.476898 1 40 1.000000
  40 -25.016117 32.050888 5.767862 0.656889 -0.651272 0.379924 0.721049 0.506942 1 40 1.000000
v_hands
  40 -25.021643 32.050251 5.475740 0.672457 -0.713172 -0.197957 0.732878 0.504564 1 40 1.000000
  40 -25.446836 31.875277 5.753148 0.367534 -0.842889 0.393009 0.721965 0.526522 1 40 1.000000
  40 -25.317501 31.861553 5.365481 -0.035868 -0.823470 -0.566224 0.743296 0.518885 1 40 1.000000
v_hands
  40 -25.021643 32.050251 5.475740 0.672457 -0.713172 -0.197957 0.732878 0.504564 1 40 1.000000
  40 -25.016117 32.050888 5.767862 0.656889 -0.651272 0.379924 0.721049 0.506942 1 40 1.000000
  40 -25.446836 31.875277 5.753148 0.367534 -0.842889 0.393009 0.721965 0.526522 1 40 1.000000
v_hands
  40 -24.679665 33.269608 5.367427 0.965223 -0.157284 0.208819 0.717487 0.442540 1 40 1.000000
  39 -24.531588 34.042442 5.514983 0.581496 0.087471 0.808833 0.697680 0.412880 1 39 1.000000
  40 -24.791815 33.401669 5.741341 0.609979 0.085878 0.787750 0.698658 0.445554 1 40 1.000000
v_hands
  40 -24.679665 33.269608 5.367427 0.965223 -0.157284 0.208819 0.717487 0.442540 1 40 1.000000
  39 -24.301237 33.878853 5.141905 0.922925 -0.267913 0.276463 0.717136 0.413642 1 39 1.000000
  39 -24.531588 34.042442 5.514983 0.581496 0.087471 0.808833 0.697680 0.412880 1 39 1.000000
v_hands
  40 -25.037817 32.791088 4.923644 0.087876 -0.385048 -0.918703 0.710753 0.932669 1 40 1.000000
  40 -25.442806 32.533722 5.150080 -0.695445 -0.250133 -0.673639 0.726587 0.955900 1 40 1.000000
  40 -25.427185 32.947887 5.004746 -0.653134 -0.182180 -0.735000 0.726792 0.931317 1 40 1.000000
v_hands
  40 -25.037817 32.791088 4.923644 0.087876 -0.385048 -0.918703 0.710753 0.932669 1 40 1.000000
  40 -25.110262 32.468895 5.069775 0.087741 -0.457250 -0.884999 0.713785 0.955977 1 40 1.000000
  40 -25.442806 32.533722 5.150080 -0.695445 -0.250133 -0.673639 0.726587 0.955900 1 40 1.000000
v_hands
  40 -25.555658 32.002426 5.685807 -0.929257 -0.353701 -0.106658 0.740465 0.983333 1 40 1.000000
  40 -25.491398 32.156334 6.078287 -0.309707 -0.318704 0.895829 0.761848 0.983086 1 40 1.000000
  40 -25.650087 32.255108 5.892556 -0.927238 -0.125819 0.352702 0.752491 0.978714 1 40 1.000000
v_hands
  40 -25.555658 32.002426 5.685807 -0.929257 -0.353701 -0.106658 0.740465 0.983333 1 40 1.000000
  40 -25.446836 31.875277 5.753148 -0.774423 -0.630285 0.054853 0.742489 0.990891 1 40 1.000000
  40 -25.491398 32.156334 6.078287 -0.309707 -0.318704 0.895829 0.761848 0.983086 1 40 1.000000
v_hands
  40 -25.593460 33.161293 5.299297 -0.970826 0.061425 -0.231783 0.741910 0.929696 1 40 1.000000
  40 -25.327768 33.271603 4.888706 -0.637657 -0.119322 -0.761022 0.727229 0.921217 1 40 1.000000
  40 -25.427185 32.947887 5.004746 -0.653134 -0.182180 -0.735000 0.726792 0.931317 1 40 1.000000
v_hands
  40 -25.593460 33.161293 5.299297 -0.970826 0.061425 -0.231783 0.741910 0.929696 1 40 1.000000
  40 -25.495285 33.458828 5.162902 -0.943009 0.171178 -0.285362 0.742167 0.920062 1 40 1.000000
  40 -25.327768 33.271603 4.888706 -0.637657 -0.119322 -0.761022 0.727229 0.921217 1 40 1.000000
v_hands
  40 -25.037817 32.791088 4.923644 0.087876 -0.385048 -0.918703 0.757973 0.459373 1 40 1.000000
  40 -24.746119 32.505806 5.262687 0.788540 -0.451393 -0.417671 0.737636 0.479580 1 40 1.000000
  40 -25.110262 32.468895 5.069775 0.087741 -0.457250 -0.884999 0.754204 0.487554 1 40 1.000000
v_hands
  40 -25.037817 32.791088 4.923644 0.087876 -0.385048 -0.918703 0.757973 0.459373 1 40 1.000000
  40 -24.703892 32.841518 5.088304 0.825324 -0.267123 -0.497479 0.738285 0.456179 1 40 1.000000
  40 -24.746119 32.505806 5.262687 0.788540 -0.451393 -0.417671 0.737636 0.479580 1 40 1.000000
v_hands
  40 -24.703892 32.841518 5.088304 0.825324 -0.267123 -0.497479 0.738285 0.456179 1 40 1.000000
  40 -24.677708 32.698387 5.585594 0.937818 -0.216105 0.271655 0.720880 0.476898 1 40 1.000000
  40 -24.746119 32.505806 5.262687 0.788540 -0.451393 -0.417671 0.737636 0.479580 1 40 1.000000
v_hands
  40 -24.703892 32.841518 5.088304 0.825324 -0.267123 -0.497479 0.738285 0.456179 1 40 1.000000
  40 -24.649546 33.072048 5.467497 0.985904 0.013119 0.166794 0.718131 0.454800 1 40 1.000000
  40 -24.677708 32.698387 5.585594 0.937818 -0.216105 0.271655 0.720880 0.476898 1 40 1.000000
v_hands
  40 -25.245867 33.258564 5.849511 -0.133128 0.299141 0.944876 0.680455 0.461505 1 40 1.000000
  40 -24.894566 32.782845 5.932613 0.557441 0.045787 0.828953 0.703064 0.481944 1 40 1.000000
  40 -24.829201 33.145775 5.799546 0.605874 0.186762 0.773328 0.700289 0.458421 1 40 1.000000
v_hands
  40 -25.245867 33.258564 5.849511 -0.133128 0.299141 0.944876 0.680455 0.461505 1 40 1.000000
  40 -25.319572 32.833950 5.997762 -0.188124 0.237367 0.953030 0.685764 0.490181 1 40 1.000000
  40 -24.894566 32.782845 5.932613 0.557441 0.045787 0.828953 0.703064 0.481944 1 40 1.000000
v_hands
  45 -23.001432 37.554279 1.129606 -0.902801 0.243798 -0.354278 0.645103 0.717486 2 45 0.876286 46 0.123715
  41 -22.739367 39.320652 1.226871 -0.894888 0.184033 -0.406581 0.674503 0.653320 1 41 1.000000
  45 -22.450233 38.980740 0.550910 -0.864939 0.199692 -0.460439 0.642594 0.652860 1 45 1.000000
v_hands
  45 -23.001432 37.554279 1.129606 -0.902801 0.243798 -0.354278 0.645103 0.717486 2 45 0.876286 46 0.123715
  41 -23.226629 37.641121 1.549057 -0.829925 0.175353 -0.529599 0.663363 0.722750 2 41 0.845153 45 0.154847
  41 -22.739367 39.320652 1.226871 -0.894888 0.184033 -0.406581 0.674503 0.653320 1 41 1.000000
v_hands
  46 -23.292412 36.744400 1.145072 -0.973374 0.147157 -0.175747 0.635504 0.750059 2 46 0.661909 45 0.338092
  41 -23.226629 37.641121 1.549057 -0.829925 0.175353 -0.529599 0.663363 0.722750 2 41 0.845153 45 0.154847
  45 -23.001432 37.554279 1.129606 -0.902801 0.243798 -0.354278 0.645103 0.717486 2 45 0.876286 46 0.123715
v_hands
  46 -23.292412 36.744400 1.145072 -0.973374 0.147157 -0.175747 0.635504 0.750059 2 46 0.661909 45 0.338092
  42 -23.448065 36.892410 1.776599 -0.755481 -0.003680 -0.655160 0.661334 0.754781 1 42 1.000000
  41 -23.226629 37.641121 1.549057 -0.829925 0.175353 -0.529599 0.663363 0.722750 2 41 0.845153 45 0.154847
v_hands
  41 -23.456524 37.787304 2.306537 -0.931319 0.309954 -0.191240 0.694291 0.730120 1 41 1.000000
  41 -23.042658 39.611946 2.105862 -0.893302 0.152968 -0.422625 0.712765 0.658146 1 41 1.000000
  41 -22.845135 39.425190 1.665908 -0.926632 0.188672 -0.325200 0.692461 0.656511 1 41 1.000000
v_hands
  41 -23.456524 37.787304 2.306537 -0.931319 0.309954 -0.191240 0.694291 0.730120 1 41 1.000000
  37 -23.643215 38.024574 2.871027 -0.834159 0.097179 -0.542895 0.719597 0.731353 1 37 1.000000
  41 -23.042658 39.611946 2.105862 -0.893302 0.152968 -0.422625 0.712765 0.658146 1 41 1.000000
v_hands
  41 -22.739367 39.320652 1.226871 -0.894888 0.184033 -0.406581 0.674503 0.653320 1 41 1.000000
  41 -23.150242 38.387657 1.760347 -0.897682 0.302070 -0.320811 0.682018 0.698188 1 41 1.000000
  41 -22.911715 39.191639 1.523097 -0.933485 0.216993 -0.285518 0.684434 0.663868 1 41 1.000000
v_hands
  41 -22.739367 39.320652 1.226871 -0.894888 0.184033 -0.406581 0.674503 0.653320 1 41 1.000000
  41 -23.226629 37.641121 1.549057 -0.829925 0.175353 -0.529599 0.663363 0.722750 2 41 0.845153 45 0.154847
  41 -23.150242 38.387657 1.760347 -0.897682 0.302070 -0.320811 0.682018 0.698188 1 41 1.000000
v_hands
  41 -22.845135 39.425190 1.665908 -0.926632 0.188672 -0.325200 0.692461 0.656511 1 41 1.000000
  41 -22.739367 39.320652 1.226871 -0.894888 0.184033 -0.406581 0.674503 0.653320 1 41 1.000000
  41 -22.911715 39.191639 1.523097 -0.933485 0.216993 -0.285518 0.684434 0.663868 1 41 1.000000
v_hands
  41 -22.845135 39.425190 1.665908 -0.926632 0.188672 -0.325200 0.692461 0.656511 1 41 1.000000
  29 -22.586071 40.418415 1.350197 -0.909906 0.116636 -0.398080 0.695042 0.614343 1 29 1.000000
  41 -22.739367 39.320652 1.226871 -0.894888 0.184033 -0.406581 0.674503 0.653320 1 41 1.000000
v_hands
  42 -22.379925 36.477932 2.048509 0.911447 -0.348278 0.219016 0.798291 0.222837 2 42 0.845306 46 0.154694
  41 -22.351221 37.013161 2.543317 0.935685 -0.208036 0.284983 0.767125 0.219038 1 41 1.000000
  42 -22.518255 36.429234 2.762989 0.900801 -0.307929 0.306164 0.769134 0.242672 1 42 1.000000
v_hands
  42 -22.379925 36.477932 2.048509 0.911447 -0.348278 0.219016 0.798291 0.222837 2 42 0.845306 46 0.154694
  45 -22.252239 36.851997 1.828541 0.910855 -0.223154 0.347197 0.799345 0.205866 1 45 1.000000
  41 -22.351221 37.013161 2.543317 0.935685 -0.208036 0.284983 0.767125 0.219038 1 41 1.000000
v_hands
  41 -22.386530 37.601414 3.013556 0.900161 -0.267945 0.343388 0.739495 0.212250 1 41 1.000000
  41 -22.351221 37.013161 2.543317 0.935685 -0.208036 0.284983 0.767125 0.219038 1 41 1.000000
  41 -22.244808 37.498089 2.435288 0.887179 -0.318405 0.333962 0.762300 0.201553 1 41 1.000000
v_hands
  41 -22.386530 37.601414 3.013556 0.900161 -0.267945 0.343388 0.739495 0.212250 1 41 1.000000
  41 -22.509069 37.193047 3.101640 0.916169 -0.232266 0.326630 0.743105 0.226696 1 41 1.000000
  41 -22.351221 37.013161 2.543317 0.935685 -0.208036 0.284983 0.767125 0.219038 1 41 1.000000
v_hands
  41 -23.528591 37.262379 1.815107 -0.730425 0.097257 -0.676032 0.669553 0.743483 1 41 1.000000
  41 -23.226629 37.641121 1.549057 -0.829925 0.175353 -0.529599 0.663363 0.722750 2 41 0.845153 45 0.154847
  42 -23.448065 36.892410 1.776599 -0.755481 -0.003680 -0.655160 0.661334 0.754781 1 42 1.000000
v_hands
  41 -23.528591 37.262379 1.815107 -0.730425 0.097257 -0.676032 0.669553 0.743483 1 41 1.000000
  41 -23.346088 37.740093 1.704381 -0.737912 0.163645 -0.654757 0.671598 0.722880 1 41 1.000000
  41 -23.226629 37.641121 1.549057 -0.829925 0.175353 -0.529599 0.663363 0.722750 2 41 0.845153 45 0.154847
v_hands
  41 -23.456524 37.787304 2.306537 -0.931319 0.309954 -0.191240 0.694291 0.730120 1 41 1.000000
  41 -23.659109 37.378902 2.246184 -0.904141 0.426925 0.016246 0.687694 0.746510 1 41 1.000000
  42 -23.726948 37.125427 2.598301 -0.950056 0.311576 0.017728 0.696412 0.760597 1 42 1.000000
v_hands
  41 -23.456524 37.787304 2.306537 -0.931319 0.309954 -0.191240 0.694291 0.730120 1 41 1.000000
  41 -23.459459 37.805984 2.059972 -0.901353 0.432990 -0.009095 0.686130 0.726513 1 41 1.000000
  41 -23.659109 37.378902 2.246184 -0.904141 0.426925 0.016246 0.687694 0.746510 1 41 1.000000
v_hands
  42 -23.712475 37.048050 1.944675 -0.735759 0.077262 -0.672822 0.672470 0.755145 1 42 1.000000
  41 -23.528591 37.262379 1.815107 -0.730425 0.097257 -0.676032 0.669553 0.743483 1 41 1.000000
  42 -23.448065 36.892410 1.776599 -0.755481 -0.003680 -0.655160 0.661334 0.754781 1 42 1.000000
v_hands
  42 -23.712475 37.048050 1.944675 -0.735759 0.077262 -0.672822 0.672470 0.755145 1 42 1.000000
  42 -23.649586 37.164528 1.971309 -0.721905 0.173962 -0.669768 0.674622 0.750512 1 42 1.000000
  41 -23.528591 37.262379 1.815107 -0.730425 0.097257 -0.676032 0.669553 0.743483 1 41 1.000000
v_hands
  41 -23.700830 37.255154 2.045273 -0.871304 0.347895 -0.346120 0.679193 0.748977 1 41 1.000000
  41 -23.659109 37.378902 2.246184 -0.904141 0.426925 0.016246 0.687694 0.746510 1 41 1.000000
  41 -23.622736 37.425549 1.976573 -0.894574 0.284974 -0.344276 0.678779 0.741088 1 41 1.000000
v_hands
  41 -23.700830 37.255154 2.045273 -0.871304 0.347895 -0.346120 0.679193 0.748977 1 41 1.000000
  42 -23.708160 37.252472 2.192584 -0.892316 0.451389 0.004467 0.684304 0.750965 1 42 1.000000
  41 -23.659109 37.378902 2.246184 -0.904141 0.426925 0.016246 0.687694 0.746510 1 41 1.000000
v_hands
  41 -23.346088 37.740093 1.704381 -0.737912 0.163645 -0.654757 0.671598 0.722880 1 41 1.000000
  41 -23.622736 37.425549 1.976573 -0.894574 0.284974 -0.344276 0.678779 0.741088 1 41 1.000000
  41 -23.417736 37.827675 1.852717 -0.869476 0.349207 -0.349380 0.678899 0.722644 1 41 1.000000
v_hands
  41 -23.346088 37.740093 1.704381 -0.737912 0.163645 -0.654757 0.671598 0.722880 1 41 1.000000
  41 -23.528591 37.262379 1.815107 -0.730425 0.097257 -0.676032 0.669553 0.743483 1 41 1.000000
  41 -23.622736 37.425549 1.976573 -0.894574 0.284974 -0.344276 0.678779 0.741088 1 41 1.000000
v_hands
  45 -21.299290 38.314976 1.582119 0.763701 -0.462945 0.449935 0.774754 0.135457 1 45 1.000000
  41 -22.244808 37.498089 2.435288 0.887179 -0.318405 0.333962 0.762300 0.201553 1 41 1.000000
  45 -22.036230 37.313572 1.613447 0.822718 -0.339886 0.455646 0.797339 0.183032 1 45 1.000000
v_hands
  45 -21.299290 38.314976 1.582119 0.763701 -0.462945 0.449935 0.774754 0.135457 1 45 1.000000
  41 -21.573441 38.701729 2.277565 0.776779 -0.465592 0.424073 0.745371 0.146044 1 41 1.000000
  41 -22.244808 37.498089 2.435288 0.887179 -0.318405 0.333962 0.762300 0.201553 1 41 1.000000
v_hands
  29 -22.586071 40.418415 1.350197 -0.909906 0.116636 -0.398080 0.695042 0.614343 1 29 1.000000
  41 -23.042658 39.611946 2.105862 -0.893302 0.152968 -0.422625 0.712765 0.658146 1 41 1.000000
  29 -22.788099 40.766384 1.930547 -0.942410 0.205674 -0.263744 0.722864 0.612124 1 29 1.000000
v_hands
  29 -22.586071 40.418415 1.350197 -0.909906 0.116636 -0.398080 0.695042 0.614343 1 29 1.000000
  41 -22.845135 39.425190 1.665908 -0.926632 0.188672 -0.325200 0.692461 0.656511 1 41 1.000000
  41 -23.042658 39.611946 2.105862 -0.893302 0.152968 -0.422625 0.712765 0.658146 1 41 1.000000
v_hands
  41 -23.150242 38.387657 1.760347 -0.897682 0.302070 -0.320811 0.682018 0.698188 1 41 1.000000
  41 -22.845135 39.425190 1.665908 -0.926632 0.188672 -0.325200 0.692461 0.656511 1 41 1.000000
  41 -22.911715 39.191639 1.523097 -0.933485 0.216993 -0.285518 0.684434 0.663868 1 41 1.000000
v_hands
  41 -23.150242 38.387657 1.760347 -0.897682 0.302070 -0.320811 0.682018 0.698188 1 41 1.000000
  41 -23.456524 37.787304 2.306537 -0.931319 0.309954 -0.191240 0.694291 0.730120 1 41 1.000000
  41 -22.845135 39.425190 1.665908 -0.926632 0.188672 -0.325200 0.692461 0.656511 1 41 1.000000
v_hands
  41 -23.622736 37.425549 1.976573 -0.894574 0.284974 -0.344276 0.678779 0.741088 1 41 1.000000
  42 -23.649586 37.164528 1.971309 -0.721905 0.173962 -0.669768 0.674622 0.750512 1 42 1.000000
  41 -23.700830 37.255154 2.045273 -0.871304 0.347895 -0.346120 0.679193 0.748977 1 41 1.000000
v_hands
  41 -23.622736 37.425549 1.976573 -0.894574 0.284974 -0.344276 0.678779 0.741088 1 41 1.000000
  41 -23.528591 37.262379 1.815107 -0.730425 0.097257 -0.676032 0.669553 0.743483 1 41 1.000000
  42 -23.649586 37.164528 1.971309 -0.721905 0.173962 -0.669768 0.674622 0.750512 1 42 1.000000
v_hands
  42 -23.788254 37.122734 2.311915 -0.915617 0.400471 0.035617 0.687148 0.758079 1 42 1.000000
  41 -23.659109 37.378902 2.246184 -0.904141 0.426925 0.016246 0.687694 0.746510 1 41 1.000000
  42 -23.708160 37.252472 2.192584 -0.892316 0.451389 0.004467 0.684304 0.750965 1 42 1.000000
v_hands
  42 -23.788254 37.122734 2.311915 -0.915617 0.400471 0.035617 0.687148 0.758079 1 42 1.000000
  42 -23.726948 37.125427 2.598301 -0.950056 0.311576 0.017728 0.696412 0.760597 1 42 1.000000
  41 -23.659109 37.378902 2.246184 -0.904141 0.426925 0.016246 0.687694 0.746510 1 41 1.000000
v_hands
  41 -23.622736 37.425549 1.976573 -0.894574 0.284974 -0.344276 0.678779 0.741088 1 41 1.000000
  41 -23.459459 37.805984 2.059972 -0.901353 0.432990 -0.009095 0.686130 0.726513 1 41 1.000000
  41 -23.417736 37.827675 1.852717 -0.869476 0.349207 -0.349380 0.678899 0.722644 1 41 1.000000
v_hands
  41 -23.622736 37.425549 1.976573 -0.894574 0.284974 -0.344276 0.678779 0.741088 1 41 1.000000
  41 -23.659109 37.378902 2.246184 -0.904141 0.426925 0.016246 0.687694 0.746510 1 41 1.000000
  41 -23.459459 37.805984 2.059972 -0.901353 0.432990 -0.009095 0.686130 0.726513 1 41 1.000000
v_hands
  41 -23.417736 37.827675 1.852717 -0.869476 0.349207 -0.349380 0.678899 0.722644 1 41 1.000000
  41 -23.456524 37.787304 2.306537 -0.931319 0.309954 -0.191240 0.694291 0.730120 1 41 1.000000
  41 -23.150242 38.387657 1.760347 -0.897682 0.302070 -0.320811 0.682018 0.698188 1 41 1.000000
v_hands
  41 -23.417736 37.827675 1.852717 -0.869476 0.349207 -0.349380 0.678899 0.722644 1 41 1.000000
  41 -23.459459 37.805984 2.059972 -0.901353 0.432990 -0.009095 0.686130 0.726513 1 41 1.000000
  41 -23.456524 37.787304 2.306537 -0.931319 0.309954 -0.191240 0.694291 0.730120 1 41 1.000000
v_hands
  41 -23.417736 37.827675 1.852717 -0.869476 0.349207 -0.349380 0.678899 0.722644 1 41 1.000000
  41 -23.226629 37.641121 1.549057 -0.829925 0.175353 -0.529599 0.663363 0.722750 2 41 0.845153 45 0.154847
  41 -23.346088 37.740093 1.704381 -0.737912 0.163645 -0.654757 0.671598 0.722880 1 41 1.000000
v_hands
  41 -23.417736 37.827675 1.852717 -0.869476 0.349207 -0.349380 0.678899 0.722644 1 41 1.000000
  41 -23.150242 38.387657 1.760347 -0.897682 0.302070 -0.320811 0.682018 0.698188 1 41 1.000000
  41 -23.226629 37.641121 1.549057 -0.829925 0.175353 -0.529599 0.663363 0.722750 2 41 0.845153 45 0.154847
v_hands
  41 -22.244808 37.498089 2.435288 0.887179 -0.318405 0.333962 0.762300 0.201553 1 41 1.000000
  45 -22.252239 36.851997 1.828541 0.910855 -0.223154 0.347197 0.799345 0.205866 1 45 1.000000
  45 -22.036230 37.313572 1.613447 0.822718 -0.339886 0.455646 0.797339 0.183032 1 45 1.000000
v_hands
  41 -22.244808 37.498089 2.435288 0.887179 -0.318405 0.333962 0.762300 0.201553 1 41 1.000000
  41 -22.351221 37.013161 2.543317 0.935685 -0.208036 0.284983 0.767125 0.219038 1 41 1.000000
  45 -22.252239 36.851997 1.828541 0.910855 -0.223154 0.347197 0.799345 0.205866 1 45 1.000000
v_hands
  42 -22.518255 36.429234 2.762989 0.900801 -0.307929 0.306164 0.769134 0.242672 1 42 1.000000
  41 -22.509069 37.193047 3.101640 0.916169 -0.232266 0.326630 0.743105 0.226696 1 41 1.000000
  42 -22.794907 36.673134 3.307487 0.865423 -0.305611 0.397046 0.745063 0.251130 1 42 1.000000
v_hands
  42 -22.518255 36.429234 2.762989 0.900801 -0.307929 0.306164 0.769134 0.242672 1 42 1.000000
  41 -22.351221 37.013161 2.543317 0.935685 -0.208036 0.284983 0.767125 0.219038 1 41 1.000000
  41 -22.509069 37.193047 3.101640 0.916169 -0.232266 0.326630 0.743105 0.226696 1 41 1.000000
v_hands
  36 -24.387964 33.388836 6.986048 0.617423 -0.675362 -0.403330 0.588635 0.489458 1 36 1.000000
  36 -24.631220 33.513588 6.704322 -0.053170 -0.541422 -0.839068 0.607919 0.487476 1 36 1.000000
  36 -24.330605 33.669270 6.792824 0.654281 -0.450917 -0.607115 0.597535 0.474102 1 36 1.000000
v_hands
  36 -24.387964 33.388836 6.986048 0.617423 -0.675362 -0.403330 0.588635 0.489458 1 36 1.000000
  36 -24.785419 33.148014 7.052991 0.007442 -0.898602 -0.438700 0.593886 0.511338 1 36 1.000000
  36 -24.631220 33.513588 6.704322 -0.053170 -0.541422 -0.839068 0.607919 0.487476 1 36 1.000000
v_hands
  36 -24.695042 34.042313 6.446670 -0.141435 -0.416893 -0.897884 0.630620 0.459069 2 36 0.935455 35 0.064546
  36 -24.392103 34.274731 6.458956 0.580707 -0.377347 -0.721380 0.613713 0.442862 2 36 0.661909 35 0.338092
  36 -24.389059 34.150829 6.507729 0.611241 -0.315808 -0.725706 0.611656 0.449714 2 36 0.806805 35 0.193195
v_hands
  36 -24.695042 34.042313 6.446670 -0.141435 -0.416893 -0.897884 0.630620 0.459069 2 36 0.935455 35 0.064546
  35 -24.693829 34.338089 6.315069 -0.194939 -0.436788 -0.878188 0.635994 0.443780 2 35 0.531287 36 0.468713
  36 -24.392103 34.274731 6.458956 0.580707 -0.377347 -0.721380 0.613713 0.442862 2 36 0.661909 35 0.338092
v_hands
  36 -24.228989 34.639687 7.186313 0.786992 0.212067 0.579371 0.570189 0.427051 2 36 0.696195 35 0.303805
  36 -24.570330 34.577599 7.380682 -0.020939 0.401657 0.915551 0.548061 0.428724 1 36 1.000000
  36 -24.243595 34.495121 7.267863 0.785374 0.259074 0.562200 0.566661 0.435449 2 36 0.800610 35 0.199390
v_hands
  36 -24.228989 34.639687 7.186313 0.786992 0.212067 0.579371 0.570189 0.427051 2 36 0.696195 35 0.303805
  36 -24.590136 34.809361 7.260093 -0.025873 0.405623 0.913674 0.551060 0.413426 2 36 0.903402 35 0.096598
  36 -24.570330 34.577599 7.380682 -0.020939 0.401657 0.915551 0.548061 0.428724 1 36 1.000000
v_hands
  36 -24.389059 34.150829 6.507729 0.611241 -0.315808 -0.725706 0.611656 0.449714 2 36 0.806805 35 0.193195
  36 -24.160130 34.367283 6.757640 0.970515 -0.159313 -0.180886 0.595255 0.436083 2 36 0.541375 35 0.458625
  36 -24.137691 34.266190 6.814412 0.976258 -0.078993 -0.201695 0.592368 0.443770 2 36 0.643103 35 0.356897
v_hands
  36 -24.389059 34.150829 6.507729 0.611241 -0.315808 -0.725706 0.611656 0.449714 2 36 0.806805 35 0.193195
  36 -24.392103 34.274731 6.458956 0.580707 -0.377347 -0.721380 0.613713 0.442862 2 36 0.661909 35 0.338092
  36 -24.160130 34.367283 6.757640 0.970515 -0.159313 -0.180886 0.595255 0.436083 2 36 0.541375 35 0.458625
v_hands
  35 -25.039066 35.240654 6.138629 -0.838688 -0.260048 -0.478516 0.817819 0.880860 1 35 1.000000
  35 -25.050360 34.559441 6.789333 -0.992215 -0.005679 0.124410 0.844202 0.907538 2 35 0.821079 36 0.178921
  35 -25.070509 35.429073 6.458930 -0.984528 0.001661 0.175219 0.835570 0.873149 1 35 1.000000
v_hands
  35 -25.039066 35.240654 6.138629 -0.838688 -0.260048 -0.478516 0.817819 0.880860 1 35 1.000000
  35 -24.939537 34.358154 6.524038 -0.833541 -0.279516 -0.476529 0.827922 0.913210 1 35 1.000000
  35 -25.050360 34.559441 6.789333 -0.992215 -0.005679 0.124410 0.844202 0.907538 2 35 0.821079 36 0.178921
v_hands
  36 -24.915588 33.218151 7.064613 -0.761686 -0.613194 -0.209350 0.849372 0.962236 1 36 1.000000
  36 -24.631220 33.513588 6.704322 -0.053170 -0.541422 -0.839068 0.827503 0.955573 1 36 1.000000
  36 -24.785419 33.148014 7.052991 0.007442 -0.898602 -0.438700 0.844577 0.971932 1 36 1.000000
v_hands
  36 -24.915588 33.218151 7.064613 -0.761686 -0.613194 -0.209350 0.849372 0.962236 1 36 1.000000
  36 -24.960148 33.619301 6.829730 -0.840927 -0.297669 -0.451923 0.840490 0.946794 1 36 1.000000
  36 -24.631220 33.513588 6.704322 -0.053170 -0.541422 -0.839068 0.827503 0.955573 1 36 1.000000
v_hands
  36 -24.830658 33.445816 7.607711 -0.688366 -0.161363 0.707188 0.871803 0.955716 1 36 1.000000
  36 -24.953476 33.750999 7.147911 -0.987831 -0.019235 0.154338 0.855666 0.941547 1 36 1.000000
  36 -24.865927 33.233116 7.361766 -0.810290 -0.478422 0.338441 0.861712 0.961965 1 36 1.000000
v_hands
  36 -24.830658 33.445816 7.607711 -0.688366 -0.161363 0.707188 0.871803 0.955716 1 36 1.000000
  36 -24.829990 34.020622 7.439990 -0.738515 0.174565 0.651246 0.869688 0.933086 1 36 1.000000
  36 -24.953476 33.750999 7.147911 -0.987831 -0.019235 0.154338 0.855666 0.941547 1 36 1.000000
v_hands
  36 -24.228989 34.639687 7.186313 0.786992 0.212067 0.579371 0.570189 0.427051 2 36 0.696195 35 0.303805
  35 -24.035757 35.042507 6.428750 0.971109 -0.205702 -0.120967 0.608703 0.397042 1 35 1.000000
  35 -24.069204 35.288937 6.865732 0.795611 0.142471 0.588816 0.584999 0.389706 1 35 1.000000
v_hands
  36 -24.228989 34.639687 7.186313 0.786992 0.212067 0.579371 0.570189 0.427051 2 36 0.696195 35 0.303805
  36 -24.160130 34.367283 6.757640 0.970515 -0.159313 -0.180886 0.595255 0.436083 2 36 0.541375 35 0.458625
  35 -24.035757 35.042507 6.428750 0.971109 -0.205702 -0.120967 0.608703 0.397042 1 35 1.000000
v_hands
  36 -24.281443 33.610924 7.477232 0.816047 -0.224188 0.532735 0.560672 0.479369 1 36 1.000000
  36 -24.177094 33.809666 7.042353 0.975777 -0.184572 -0.117441 0.581863 0.465394 1 36 1.000000
  36 -24.246912 34.084892 7.413658 0.816599 0.109564 0.566711 0.561096 0.456621 1 36 1.000000
v_hands
  36 -24.281443 33.610924 7.477232 0.816047 -0.224188 0.532735 0.560672 0.479369 1 36 1.000000
  36 -24.274857 33.398212 7.252135 0.834009 -0.550809 0.032229 0.572742 0.487667 1 36 1.000000
  36 -24.177094 33.809666 7.042353 0.975777 -0.184572 -0.117441 0.581863 0.465394 1 36 1.000000
v_hands
  35 -24.215406 34.882351 6.151351 0.587148 -0.434884 -0.682739 0.626291 0.406309 1 35 1.000000
  35 -24.693829 34.338089 6.315069 -0.194939 -0.436788 -0.878188 0.635994 0.443780 2 35 0.531287 36 0.468713
  35 -24.686407 35.031040 5.959844 -0.198087 -0.450281 -0.870637 0.650927 0.407232 1 35 1.000000
v_hands
  35 -24.215406 34.882351 6.151351 0.587148 -0.434884 -0.682739 0.626291 0.406309 1 35 1.000000
  36 -24.392103 34.274731 6.458956 0.580707 -0.377347 -0.721380 0.613713 0.442862 2 36 0.661909 35 0.338092
  35 -24.693829 34.338089 6.315069 -0.194939 -0.436788 -0.878188 0.635994 0.443780 2 35 0.531287 36 0.468713
v_hands
  36 -24.281443 33.610924 7.477232 0.816047 -0.224188 0.532735 0.560672 0.479369 1 36 1.000000
  36 -24.523712 34.039143 7.585111 0.041006 0.278829 0.959465 0.540851 0.459997 1 36 1.000000
  36 -24.565025 33.420605 7.730825 0.148386 -0.319826 0.935784 0.545091 0.496350 1 36 1.000000
v_hands
  36 -24.281443 33.610924 7.477232 0.816047 -0.224188 0.532735 0.560672 0.479369 1 36 1.000000
  36 -24.246912 34.084892 7.413658 0.816599 0.109564 0.566711 0.561096 0.456621 1 36 1.000000
  36 -24.523712 34.039143 7.585111 0.041006 0.278829 0.959465 0.540851 0.459997 1 36 1.000000
v_hands
  36 -24.590136 34.809361 7.260093 -0.025873 0.405623 0.913674 0.551060 0.413426 2 36 0.903402 35 0.096598
  35 -24.069204 35.288937 6.865732 0.795611 0.142471 0.588816 0.584999 0.389706 1 35 1.000000
  35 -24.489773 35.641300 6.951899 0.009503 0.369462 0.929197 0.560525 0.381464 1 35 1.000000
v_hands
  36 -24.590136 34.809361 7.260093 -0.025873 0.405623 0.913674 0.551060 0.413426 2 36 0.903402 35 0.096598
  36 -24.228989 34.639687 7.186313 0.786992 0.212067 0.579371 0.570189 0.427051 2 36 0.696195 35 0.303805
  35 -24.069204 35.288937 6.865732 0.795611 0.142471 0.588816 0.584999 0.389706 1 35 1.000000
v_hands
  36 -24.565025 33.420605 7.730825 0.148386 -0.319826 0.935784 0.545091 0.496350 1 36 1.000000
  36 -24.274857 33.398212 7.252135 0.834009 -0.550809 0.032229 0.572742 0.487667 1 36 1.000000
  36 -24.281443 33.610924 7.477232 0.816047 -0.224188 0.532735 0.560672 0.479369 1 36 1.000000
v_hands
  36 -24.565025 33.420605 7.730825 0.148386 -0.319826 0.935784 0.545091 0.496350 1 36 1.000000
  36 -24.675087 33.146549 7.384832 0.100735 -0.943065 0.316986 0.567348 0.510278 1 36 1.000000
  36 -24.274857 33.398212 7.252135 0.834009 -0.550809 0.032229 0.572742 0.487667 1 36 1.000000
v_hands
  36 -24.785419 33.148014 7.052991 0.007442 -0.898602 -0.438700 0.844577 0.971932 1 36 1.000000
  36 -24.865927 33.233116 7.361766 -0.810290 -0.478422 0.338441 0.861712 0.961965 1 36 1.000000
  36 -24.915588 33.218151 7.064613 -0.761686 -0.613194 -0.209350 0.849372 0.962236 1 36 1.000000
v_hands
  36 -24.785419 33.148014 7.052991 0.007442 -0.898602 -0.438700 0.844577 0.971932 1 36 1.000000
  36 -24.675087 33.146549 7.384832 0.100735 -0.943065 0.316986 0.866402 0.972957 1 36 1.000000
  36 -24.865927 33.233116 7.361766 -0.810290 -0.478422 0.338441 0.861712 0.961965 1 36 1.000000
v_hands
  35 -24.891556 36.016815 6.617441 -0.623845 0.365073 0.691041 0.847528 0.851877 3 35 0.623464 34 0.254931 36 0.121604
  34 -24.398582 36.287048 6.648271 0.033536 0.406516 0.913028 0.859193 0.837628 2 34 0.784167 35 0.215833
  34 -24.807537 36.344868 6.480452 -0.593206 0.461323 0.659763 0.843259 0.840101 2 34 0.708787 35 0.291213
v_hands
  35 -24.891556 36.016815 6.617441 -0.623845 0.365073 0.691041 0.847528 0.851877 3 35 0.623464 34 0.254931 36 0.121604
  35 -24.450096 35.988739 6.787319 0.042349 0.397904 0.916449 0.863855 0.849924 2 35 0.728817 34 0.271183
  34 -24.398582 36.287048 6.648271 0.033536 0.406516 0.913028 0.859193 0.837628 2 34 0.784167 35 0.215833
v_hands
  36 -24.830658 33.445816 7.607711 -0.688366 -0.161363 0.707188 0.871803 0.955716 1 36 1.000000
  36 -24.523712 34.039143 7.585111 0.041006 0.278829 0.959465 0.883966 0.932452 1 36 1.000000
  36 -24.829990 34.020622 7.439990 -0.738515 0.174565 0.651246 0.869688 0.933086 1 36 1.000000
v_hands
  36 -24.830658 33.445816 7.607711 -0.688366 -0.161363 0.707188 0.871803 0.955716 1 36 1.000000
  36 -24.565025 33.420605 7.730825 0.148386 -0.319826 0.935784 0.882347 0.959424 1 36 1.000000
  36 -24.523712 34.039143 7.585111 0.041006 0.278829 0.959465 0.883966 0.932452 1 36 1.000000
v_hands
  35 -24.939537 34.358154 6.524038 -0.833541 -0.279516 -0.476529 0.827922 0.913210 1 35 1.000000
  36 -25.037825 34.320305 6.895944 -0.994958 -0.007519 0.100011 0.847281 0.917051 2 36 0.877032 35 0.122968
  35 -25.050360 34.559441 6.789333 -0.992215 -0.005679 0.124410 0.844202 0.907538 2 35 0.821079 36 0.178921
v_hands
  35 -24.939537 34.358154 6.524038 -0.833541 -0.279516 -0.476529 0.827922 0.913210 1 35 1.000000
  36 -24.891731 34.107948 6.619243 -0.824137 -0.266060 -0.500010 0.830975 0.923741 2 36 0.917788 35 0.082212
  36 -25.037825 34.320305 6.895944 -0.994958 -0.007519 0.100011 0.847281 0.917051 2 36 0.877032 35 0.122968
v_hands
  36 -24.830360 34.544338 7.256134 -0.708330 0.257921 0.657073 0.865024 0.910110 2 36 0.900316 35 0.099684
  36 -24.590136 34.809361 7.260093 -0.025873 0.405623 0.913674 0.872654 0.898115 2 36 0.903402 35 0.096598
  35 -24.809990 34.831409 7.126252 -0.689704 0.281821 0.666997 0.861430 0.897802 1 35 1.000000
v_hands
  36 -24.830360 34.544338 7.256134 -0.708330 0.257921 0.657073 0.865024 0.910110 2 36 0.900316 35 0.099684
  36 -24.570330 34.577599 7.380682 -0.020939 0.401657 0.915551 0.877280 0.908335 1 36 1.000000
  36 -24.590136 34.809361 7.260093 -0.025873 0.405623 0.913674 0.872654 0.898115 2 36 0.903402 35 0.096598
v_hands
  35 -24.939537 34.358154 6.524038 -0.833541 -0.279516 -0.476529 0.827922 0.913210 1 35 1.000000
  36 -24.695042 34.042313 6.446670 -0.141435 -0.416893 -0.897884 0.818256 0.930076 2 36 0.935455 35 0.064546
  36 -24.891731 34.107948 6.619243 -0.824137 -0.266060 -0.500010 0.830975 0.923741 2 36 0.917788 35 0.082212
v_hands
  35 -24.939537 34.358154 6.524038 -0.833541 -0.279516 -0.476529 0.827922 0.913210 1 35 1.000000
  35 -24.693829 34.338089 6.315069 -0.194939 -0.436788 -0.878188 0.814670 0.916529 2 35 0.531287 36 0.468713
  36 -24.695042 34.042313 6.446670 -0.141435 -0.416893 -0.897884 0.818256 0.930076 2 36 0.935455 35 0.064546
v_hands
  35 -24.891556 36.016815 6.617441 -0.623845 0.365073 0.691041 0.847528 0.851877 3 35 0.623464 34 0.254931 36 0.121604
  34 -25.015667 36.190575 6.152486 -0.958051 0.280792 0.057396 0.827998 0.845972 2 34 0.660433 35 0.339567
  35 -25.138258 35.817364 6.315563 -0.983532 0.142615 0.111024 0.831641 0.859114 3 35 0.739047 34 0.167023 36 0.093931
v_hands
  35 -24.891556 36.016815 6.617441 -0.623845 0.365073 0.691041 0.847528 0.851877 3 35 0.623464 34 0.254931 36 0.121604
  34 -24.807537 36.344868 6.480452 -0.593206 0.461323 0.659763 0.843259 0.840101 2 34 0.708787 35 0.291213
  34 -25.015667 36.190575 6.152486 -0.958051 0.280792 0.057396 0.827998 0.845972 2 34 0.660433 35 0.339567
v_hands
  36 -24.246912 34.084892 7.413658 0.816599 0.109564 0.566711 0.561096 0.456621 1 36 1.000000
  36 -24.137691 34.266190 6.814412 0.976258 -0.078993 -0.201695 0.592368 0.443770 2 36 0.643103 35 0.356897
  36 -24.243595 34.495121 7.267863 0.785374 0.259074 0.562200 0.566661 0.435449 2 36 0.800610 35 0.199390
v_hands
  36 -24.246912 34.084892 7.413658 0.816599 0.109564 0.566711 0.561096 0.456621 1 36 1.000000
  36 -24.177094 33.809666 7.042353 0.975777 -0.184572 -0.117441 0.581863 0.465394 1 36 1.000000
  36 -24.137691 34.266190 6.814412 0.976258 -0.078993 -0.201695 0.592368 0.443770 2 36 0.643103 35 0.356897
v_hands
  36 -24.953476 33.750999 7.147911 -0.987831 -0.019235 0.154338 0.855666 0.941547 1 36 1.000000
  36 -24.891731 34.107948 6.619243 -0.824137 -0.266060 -0.500010 0.830975 0.923741 2 36 0.917788 35 0.082212
  36 -24.960148 33.619301 6.829730 -0.840927 -0.297669 -0.451923 0.840490 0.946794 1 36 1.000000
v_hands
  36 -24.953476 33.750999 7.147911 -0.987831 -0.019235 0.154338 0.855666 0.941547 1 36 1.000000
  36 -25.037825 34.320305 6.895944 -0.994958 -0.007519 0.100011 0.847281 0.917051 2 36 0.877032 35 0.122968
  36 -24.891731 34.107948 6.619243 -0.824137 -0.266060 -0.500010 0.830975 0.923741 2 36 0.917788 35 0.082212
v_hands
  35 -25.138258 35.817364 6.315563 -0.983532 0.142615 0.111024 0.831641 0.859114 3 35 0.739047 34 0.167023 36 0.093931
  35 -24.897907 35.620430 6.776324 -0.659989 0.263496 0.703551 0.853323 0.865364 1 35 1.000000
  35 -24.891556 36.016815 6.617441 -0.623845 0.365073 0.691041 0.847528 0.851877 3 35 0.623464 34 0.254931 36 0.121604
v_hands
  35 -25.138258 35.817364 6.315563 -0.983532 0.142615 0.111024 0.831641 0.859114 3 35 0.739047 34 0.167023 36 0.093931
  35 -25.070509 35.429073 6.458930 -0.984528 0.001661 0.175219 0.835570 0.873149 1 35 1.000000
  35 -24.897907 35.620430 6.776324 -0.659989 0.263496 0.703551 0.853323 0.865364 1 35 1.000000
v_hands
  36 -24.243595 34.495121 7.267863 0.785374 0.259074 0.562200 0.566661 0.435449 2 36 0.800610 35 0.199390
  36 -24.160130 34.367283 6.757640 0.970515 -0.159313 -0.180886 0.595255 0.436083 2 36 0.541375 35 0.458625
  36 -24.228989 34.639687 7.186313 0.786992 0.212067 0.579371 0.570189 0.427051 2 36 0.696195 35 0.303805
v_hands
  36 -24.243595 34.495121 7.267863 0.785374 0.259074 0.562200 0.566661 0.435449 2 36 0.800610 35 0.199390
  36 -24.137691 34.266190 6.814412 0.976258 -0.078993 -0.201695 0.592368 0.443770 2 36 0.643103 35 0.356897
  36 -24.160130 34.367283 6.757640 0.970515 -0.159313 -0.180886 0.595255 0.436083 2 36 0.541375 35 0.458625
v_hands
  36 -24.960148 33.619301 6.829730 -0.840927 -0.297669 -0.451923 0.840490 0.946794 1 36 1.000000
  36 -24.695042 34.042313 6.446670 -0.141435 -0.416893 -0.897884 0.818256 0.930076 2 36 0.935455 35 0.064546
  36 -24.631220 33.513588 6.704322 -0.053170 -0.541422 -0.839068 0.827503 0.955573 1 36 1.000000
v_hands
  36 -24.960148 33.619301 6.829730 -0.840927 -0.297669 -0.451923 0.840490 0.946794 1 36 1.000000
  36 -24.891731 34.107948 6.619243 -0.824137 -0.266060 -0.500010 0.830975 0.923741 2 36 0.917788 35 0.082212
  36 -24.695042 34.042313 6.446670 -0.141435 -0.416893 -0.897884 0.818256 0.930076 2 36 0.935455 35 0.064546
v_hands
  36 -24.915588 33.218151 7.064613 -0.761686 -0.613194 -0.209350 0.849372 0.962236 1 36 1.000000
  36 -24.953476 33.750999 7.147911 -0.987831 -0.019235 0.154338 0.855666 0.941547 1 36 1.000000
  36 -24.960148 33.619301 6.829730 -0.840927 -0.297669 -0.451923 0.840490 0.946794 1 36 1.000000
v_hands
  36 -24.915588 33.218151 7.064613 -0.761686 -0.613194 -0.209350 0.849372 0.962236 1 36 1.000000
  36 -24.865927 33.233116 7.361766 -0.810290 -0.478422 0.338441 0.861712 0.961965 1 36 1.000000
  36 -24.953476 33.750999 7.147911 -0.987831 -0.019235 0.154338 0.855666 0.941547 1 36 1.000000
v_hands
  35 -24.215406 34.882351 6.151351 0.587148 -0.434884 -0.682739 0.626291 0.406309 1 35 1.000000
  36 -24.160130 34.367283 6.757640 0.970515 -0.159313 -0.180886 0.595255 0.436083 2 36 0.541375 35 0.458625
  36 -24.392103 34.274731 6.458956 0.580707 -0.377347 -0.721380 0.613713 0.442862 2 36 0.661909 35 0.338092
v_hands
  35 -24.215406 34.882351 6.151351 0.587148 -0.434884 -0.682739 0.626291 0.406309 1 35 1.000000
  35 -24.035757 35.042507 6.428750 0.971109 -0.205702 -0.120967 0.608703 0.397042 1 35 1.000000
  36 -24.160130 34.367283 6.757640 0.970515 -0.159313 -0.180886 0.595255 0.436083 2 36 0.541375 35 0.458625
v_hands
  36 -24.177094 33.809666 7.042353 0.975777 -0.184572 -0.117441 0.581863 0.465394 1 36 1.000000
  36 -24.387964 33.388836 6.986048 0.617423 -0.675362 -0.403330 0.588635 0.489458 1 36 1.000000
  36 -24.330605 33.669270 6.792824 0.654281 -0.450917 -0.607115 0.597535 0.474102 1 36 1.000000
v_hands
  36 -24.177094 33.809666 7.042353 0.975777 -0.184572 -0.117441 0.581863 0.465394 1 36 1.000000
  36 -24.274857 33.398212 7.252135 0.834009 -0.550809 0.032229 0.572742 0.487667 1 36 1.000000
  36 -24.387964 33.388836 6.986048 0.617423 -0.675362 -0.403330 0.588635 0.489458 1 36 1.000000
v_hands
  36 -24.387964 33.388836 6.986048 0.617423 -0.675362 -0.403330 0.588635 0.489458 1 36 1.000000
  36 -24.675087 33.146549 7.384832 0.100735 -0.943065 0.316986 0.567348 0.510278 1 36 1.000000
  36 -24.785419 33.148014 7.052991 0.007442 -0.898602 -0.438700 0.593886 0.511338 1 36 1.000000
v_hands
  36 -24.387964 33.388836 6.986048 0.617423 -0.675362 -0.403330 0.588635 0.489458 1 36 1.000000
  36 -24.274857 33.398212 7.252135 0.834009 -0.550809 0.032229 0.572742 0.487667 1 36 1.000000
  36 -24.675087 33.146549 7.384832 0.100735 -0.943065 0.316986 0.567348 0.510278 1 36 1.000000
v_hands
  36 -24.830658 33.445816 7.607711 -0.688366 -0.161363 0.707188 0.871803 0.955716 1 36 1.000000
  36 -24.675087 33.146549 7.384832 0.100735 -0.943065 0.316986 0.866402 0.972957 1 36 1.000000
  36 -24.565025 33.420605 7.730825 0.148386 -0.319826 0.935784 0.882347 0.959424 1 36 1.000000
v_hands
  36 -24.830658 33.445816 7.607711 -0.688366 -0.161363 0.707188 0.871803 0.955716 1 36 1.000000
  36 -24.865927 33.233116 7.361766 -0.810290 -0.478422 0.338441 0.861712 0.961965 1 36 1.000000
  36 -24.675087 33.146549 7.384832 0.100735 -0.943065 0.316986 0.866402 0.972957 1 36 1.000000
v_hands
  35 -25.050360 34.559441 6.789333 -0.992215 -0.005679 0.124410 0.844202 0.907538 2 35 0.821079 36 0.178921
  36 -24.830360 34.544338 7.256134 -0.708330 0.257921 0.657073 0.865024 0.910110 2 36 0.900316 35 0.099684
  35 -24.809990 34.831409 7.126252 -0.689704 0.281821 0.666997 0.861430 0.897802 1 35 1.000000
v_hands
  35 -25.050360 34.559441 6.789333 -0.992215 -0.005679 0.124410 0.844202 0.907538 2 35 0.821079 36 0.178921
  36 -25.037825 34.320305 6.895944 -0.994958 -0.007519 0.100011 0.847281 0.917051 2 36 0.877032 35 0.122968
  36 -24.830360 34.544338 7.256134 -0.708330 0.257921 0.657073 0.865024 0.910110 2 36 0.900316 35 0.099684
v_hands
  35 -25.138258 35.817364 6.315563 -0.983532 0.142615 0.111024 0.831641 0.859114 3 35 0.739047 34 0.167023 36 0.093931
  34 -24.930653 36.013409 5.766812 -0.793390 -0.085018 -0.602747 0.811981 0.851699 2 34 0.656318 35 0.343682
  35 -25.011875 35.612518 5.931216 -0.816769 -0.164382 -0.553053 0.814766 0.865029 2 35 0.841384 34 0.158616
v_hands
  35 -25.138258 35.817364 6.315563 -0.983532 0.142615 0.111024 0.831641 0.859114 3 35 0.739047 34 0.167023 36 0.093931
  34 -25.015667 36.190575 6.152486 -0.958051 0.280792 0.057396 0.827998 0.845972 2 34 0.660433 35 0.339567
  34 -24.930653 36.013409 5.766812 -0.793390 -0.085018 -0.602747 0.811981 0.851699 2 34 0.656318 35 0.343682
v_hands
  36 -24.695042 34.042313 6.446670 -0.141435 -0.416893 -0.897884 0.630620 0.459069 2 36 0.935455 35 0.064546
  36 -24.330605 33.669270 6.792824 0.654281 -0.450917 -0.607115 0.597535 0.474102 1 36 1.000000
  36 -24.631220 33.513588 6.704322 -0.053170 -0.541422 -0.839068 0.607919 0.487476 1 36 1.000000
v_hands
  36 -24.695042 34.042313 6.446670 -0.141435 -0.416893 -0.897884 0.630620 0.459069 2 36 0.935455 35 0.064546
  36 -24.389059 34.150829 6.507729 0.611241 -0.315808 -0.725706 0.611656 0.449714 2 36 0.806805 35 0.193195
  36 -24.330605 33.669270 6.792824 0.654281 -0.450917 -0.607115 0.597535 0.474102 1 36 1.000000
v_hands
  36 -24.330605 33.669270 6.792824 0.654281 -0.450917 -0.607115 0.597535 0.474102 1 36 1.000000
  36 -24.137691 34.266190 6.814412 0.976258 -0.078993 -0.201695 0.592368 0.443770 2 36 0.643103 35 0.356897
  36 -24.177094 33.809666 7.042353 0.975777 -0.184572 -0.117441 0.581863 0.465394 1 36 1.000000
v_hands
  36 -24.330605 33.669270 6.792824 0.654281 -0.450917 -0.607115 0.597535 0.474102 1 36 1.000000
  36 -24.389059 34.150829 6.507729 0.611241 -0.315808 -0.725706 0.611656 0.449714 2 36 0.806805 35 0.193195
  36 -24.137691 34.266190 6.814412 0.976258 -0.078993 -0.201695 0.592368 0.443770 2 36 0.643103 35 0.356897
v_hands
  36 -24.246912 34.084892 7.413658 0.816599 0.109564 0.566711 0.561096 0.456621 1 36 1.000000
  36 -24.570330 34.577599 7.380682 -0.020939 0.401657 0.915551 0.548061 0.428724 1 36 1.000000
  36 -24.523712 34.039143 7.585111 0.041006 0.278829 0.959465 0.540851 0.459997 1 36 1.000000
v_hands
  36 -24.246912 34.084892 7.413658 0.816599 0.109564 0.566711 0.561096 0.456621 1 36 1.000000
  36 -24.243595 34.495121 7.267863 0.785374 0.259074 0.562200 0.566661 0.435449 2 36 0.800610 35 0.199390
  36 -24.570330 34.577599 7.380682 -0.020939 0.401657 0.915551 0.548061 0.428724 1 36 1.000000
v_hands
  36 -24.570330 34.577599 7.380682 -0.020939 0.401657 0.915551 0.877280 0.908335 1 36 1.000000
  36 -24.829990 34.020622 7.439990 -0.738515 0.174565 0.651246 0.869688 0.933086 1 36 1.000000
  36 -24.523712 34.039143 7.585111 0.041006 0.278829 0.959465 0.883966 0.932452 1 36 1.000000
v_hands
  36 -24.570330 34.577599 7.380682 -0.020939 0.401657 0.915551 0.877280 0.908335 1 36 1.000000
  36 -24.830360 34.544338 7.256134 -0.708330 0.257921 0.657073 0.865024 0.910110 2 36 0.900316 35 0.099684
  36 -24.829990 34.020622 7.439990 -0.738515 0.174565 0.651246 0.869688 0.933086 1 36 1.000000
v_hands
  36 -24.829990 34.020622 7.439990 -0.738515 0.174565 0.651246 0.869688 0.933086 1 36 1.000000
  36 -25.037825 34.320305 6.895944 -0.994958 -0.007519 0.100011 0.847281 0.917051 2 36 0.877032 35 0.122968
  36 -24.953476 33.750999 7.147911 -0.987831 -0.019235 0.154338 0.855666 0.941547 1 36 1.000000
v_hands
  36 -24.829990 34.020622 7.439990 -0.738515 0.174565 0.651246 0.869688 0.933086 1 36 1.000000
  36 -24.830360 34.544338 7.256134 -0.708330 0.257921 0.657073 0.865024 0.910110 2 36 0.900316 35 0.099684
  36 -25.037825 34.320305 6.895944 -0.994958 -0.007519 0.100011 0.847281 0.917051 2 36 0.877032 35 0.122968
v_hands
  38 -24.274689 37.540707 3.583775 -0.894504 0.393693 -0.211819 0.742959 0.765859 1 38 1.000000
  37 -24.138426 37.747814 3.650589 -0.841686 0.533947 0.080410 0.747197 0.757512 1 37 1.000000
  37 -24.148926 37.758602 3.471523 -0.880473 0.408429 -0.240734 0.741313 0.755108 1 37 1.000000
v_hands
  38 -24.274689 37.540707 3.583775 -0.894504 0.393693 -0.211819 0.742959 0.765859 1 38 1.000000
  38 -24.207811 37.595287 3.781447 -0.857119 0.505966 0.096673 0.749953 0.765410 1 38 1.000000
  37 -24.138426 37.747814 3.650589 -0.841686 0.533947 0.080410 0.747197 0.757512 1 37 1.000000
v_hands
  37 -23.148258 39.980022 2.793393 -0.937712 0.326605 -0.118429 0.743586 0.655160 1 37 1.000000
  29 -22.794342 41.160931 2.711288 -0.905935 0.423368 0.006480 0.756276 0.607939 1 29 1.000000
  29 -22.788099 40.766384 1.930547 -0.942410 0.205674 -0.263744 0.722864 0.612124 1 29 1.000000
v_hands
  37 -23.148258 39.980022 2.793393 -0.937712 0.326605 -0.118429 0.743586 0.655160 1 37 1.000000
  37 -23.171455 40.023758 3.277504 -0.931136 0.207292 -0.300025 0.761229 0.659850 1 37 1.000000
  29 -22.794342 41.160931 2.711288 -0.905935 0.423368 0.006480 0.756276 0.607939 1 29 1.000000
v_hands
  37 -23.148258 39.980022 2.793393 -0.937712 0.326605 -0.118429 0.743586 0.655160 1 37 1.000000
  41 -23.042658 39.611946 2.105862 -0.893302 0.152968 -0.422625 0.712765 0.658146 1 41 1.000000
  37 -23.347961 39.571438 2.592203 -0.927975 0.266773 -0.260180 0.732101 0.669803 1 37 1.000000
v_hands
  37 -23.148258 39.980022 2.793393 -0.937712 0.326605 -0.118429 0.743586 0.655160 1 37 1.000000
  29 -22.788099 40.766384 1.930547 -0.942410 0.205674 -0.263744 0.722864 0.612124 1 29 1.000000
  41 -23.042658 39.611946 2.105862 -0.893302 0.152968 -0.422625 0.712765 0.658146 1 41 1.000000
v_hands
  37 -23.643215 38.024574 2.871027 -0.834159 0.097179 -0.542895 0.719597 0.731353 1 37 1.000000
  42 -23.726948 37.125427 2.598301 -0.950056 0.311576 0.017728 0.696412 0.760597 1 42 1.000000
  38 -23.949200 37.315247 3.190336 -0.771605 -0.022173 -0.635715 0.722269 0.764325 1 38 1.000000
v_hands
  37 -23.643215 38.024574 2.871027 -0.834159 0.097179 -0.542895 0.719597 0.731353 1 37 1.000000
  41 -23.456524 37.787304 2.306537 -0.931319 0.309954 -0.191240 0.694291 0.730120 1 41 1.000000
  42 -23.726948 37.125427 2.598301 -0.950056 0.311576 0.017728 0.696412 0.760597 1 42 1.000000
v_hands
  37 -23.171455 40.023758 3.277504 -0.931136 0.207292 -0.300025 0.761229 0.659850 1 37 1.000000
  37 -23.755163 38.459667 3.635888 -0.917790 0.396468 -0.021761 0.754243 0.727060 1 37 1.000000
  33 -23.795633 38.775219 4.142337 -0.907594 0.207687 -0.364882 0.777276 0.722781 1 33 1.000000
v_hands
  37 -23.171455 40.023758 3.277504 -0.931136 0.207292 -0.300025 0.761229 0.659850 1 37 1.000000
  37 -23.148258 39.980022 2.793393 -0.937712 0.326605 -0.118429 0.743586 0.655160 1 37 1.000000
  37 -23.755163 38.459667 3.635888 -0.917790 0.396468 -0.021761 0.754243 0.727060 1 37 1.000000
v_hands
  41 -23.042658 39.611946 2.105862 -0.893302 0.152968 -0.422625 0.712765 0.658146 1 41 1.000000
  37 -23.621572 38.971725 2.890239 -0.923087 0.273198 -0.270690 0.735487 0.698233 1 37 1.000000
  37 -23.347961 39.571438 2.592203 -0.927975 0.266773 -0.260180 0.732101 0.669803 1 37 1.000000
v_hands
  41 -23.042658 39.611946 2.105862 -0.893302 0.152968 -0.422625 0.712765 0.658146 1 41 1.000000
  37 -23.643215 38.024574 2.871027 -0.834159 0.097179 -0.542895 0.719597 0.731353 1 37 1.000000
  37 -23.621572 38.971725 2.890239 -0.923087 0.273198 -0.270690 0.735487 0.698233 1 37 1.000000
v_hands
  33 -22.985044 37.116817 4.698317 0.843531 -0.503730 0.186309 0.680653 0.263080 2 33 0.604022 34 0.395978
  37 -22.670683 37.611465 4.271268 0.951021 -0.274789 0.141597 0.692156 0.235623 2 37 0.853347 33 0.146653
  33 -22.630852 37.711216 4.616487 0.944249 -0.320098 0.077008 0.676381 0.236137 2 33 0.811372 34 0.188628
v_hands
  33 -22.985044 37.116817 4.698317 0.843531 -0.503730 0.186309 0.680653 0.263080 2 33 0.604022 34 0.395978
  38 -22.963785 37.057888 4.567410 0.867830 -0.375124 0.325811 0.687839 0.261698 1 38 1.000000
  37 -22.670683 37.611465 4.271268 0.951021 -0.274789 0.141597 0.692156 0.235623 2 37 0.853347 33 0.146653
v_hands
  38 -22.820368 36.712753 3.425296 0.898573 -0.381516 0.216820 0.739997 0.252532 1 38 1.000000
  37 -22.650291 37.454994 3.871612 0.955579 -0.220816 0.195216 0.710073 0.233283 1 37 1.000000
  38 -22.828320 36.743805 4.100967 0.899714 -0.358316 0.249248 0.713073 0.261659 1 38 1.000000
v_hands
  38 -22.820368 36.712753 3.425296 0.898573 -0.381516 0.216820 0.739997 0.252532 1 38 1.000000
  37 -22.559929 37.267010 3.370505 0.938303 -0.252356 0.236440 0.731996 0.229918 1 37 1.000000
  37 -22.650291 37.454994 3.871612 0.955579 -0.220816 0.195216 0.710073 0.233283 1 37 1.000000
v_hands
  29 -20.369297 40.662369 2.311883 0.934097 -0.339004 0.111973 0.713463 0.062507 2 29 0.911071 30 0.088930
  37 -20.998623 39.675907 2.521069 0.809669 -0.537912 0.234705 0.722010 0.110103 2 37 0.758506 29 0.241494
  29 -20.332996 40.708210 2.080018 0.939194 -0.302044 0.163353 0.720091 0.057051 2 29 0.913788 30 0.086212
v_hands
  29 -20.369297 40.662369 2.311883 0.934097 -0.339004 0.111973 0.713463 0.062507 2 29 0.911071 30 0.088930
  37 -21.035563 39.666340 2.766855 0.781245 -0.617576 0.090860 0.714829 0.114487 2 37 0.855104 29 0.144896
  37 -20.998623 39.675907 2.521069 0.809669 -0.537912 0.234705 0.722010 0.110103 2 37 0.758506 29 0.241494
v_hands
  37 -21.035563 39.666340 2.766855 0.781245 -0.617576 0.090860 0.714829 0.114487 2 37 0.855104 29 0.144896
  37 -21.881485 38.811115 2.967010 0.800952 -0.489860 0.344257 0.722246 0.161730 1 37 1.000000
  37 -20.998623 39.675907 2.521069 0.809669 -0.537912 0.234705 0.722010 0.110103 2 37 0.758506 29 0.241494
v_hands
  37 -21.035563 39.666340 2.766855 0.781245 -0.617576 0.090860 0.714829 0.114487 2 37 0.855104 29 0.144896
  37 -22.031164 38.744564 3.214242 0.792349 -0.579125 0.191824 0.715259 0.171328 1 37 1.000000
  37 -21.881485 38.811115 2.967010 0.800952 -0.489860 0.344257 0.722246 0.161730 1 37 1.000000
v_hands
  41 -21.573441 38.701729 2.277565 0.776779 -0.465592 0.424073 0.745371 0.146044 1 41 1.000000
  37 -20.998623 39.675907 2.521069 0.809669 -0.537912 0.234705 0.722010 0.110103 2 37 0.758506 29 0.241494
  37 -21.881485 38.811115 2.967010 0.800952 -0.489860 0.344257 0.722246 0.161730 1 37 1.000000
v_hands
  41 -21.573441 38.701729 2.277565 0.776779 -0.465592 0.424073 0.745371 0.146044 1 41 1.000000
  29 -20.811132 39.634907 2.128440 0.813010 -0.413296 0.410123 0.733823 0.101997 1 29 1.000000
  37 -20.998623 39.675907 2.521069 0.809669 -0.537912 0.234705 0.722010 0.110103 2 37 0.758506 29 0.241494
v_hands
  41 -22.244808 37.498089 2.435288 0.887179 -0.318405 0.333962 0.762300 0.201553 1 41 1.000000
  37 -21.881485 38.811115 2.967010 0.800952 -0.489860 0.344257 0.722246 0.161730 1 37 1.000000
  41 -22.386530 37.601414 3.013556 0.900161 -0.267945 0.343388 0.739495 0.212250 1 41 1.000000
v_hands
  41 -22.244808 37.498089 2.435288 0.887179 -0.318405 0.333962 0.762300 0.201553 1 41 1.000000
  41 -21.573441 38.701729 2.277565 0.776779 -0.465592 0.424073 0.745371 0.146044 1 41 1.000000
  37 -21.881485 38.811115 2.967010 0.800952 -0.489860 0.344257 0.722246 0.161730 1 37 1.000000
v_hands
  37 -23.824400 38.349300 3.170011 -0.919999 0.267981 -0.285986 0.737121 0.726228 1 37 1.000000
  37 -23.643215 38.024574 2.871027 -0.834159 0.097179 -0.542895 0.719597 0.731353 1 37 1.000000
  37 -23.770561 38.263054 3.002694 -0.798597 0.082032 -0.596249 0.729377 0.726440 1 37 1.000000
v_hands
  37 -23.824400 38.349300 3.170011 -0.919999 0.267981 -0.285986 0.737121 0.726228 1 37 1.000000
  37 -23.621572 38.971725 2.890239 -0.923087 0.273198 -0.270690 0.735487 0.698233 1 37 1.000000
  37 -23.643215 38.024574 2.871027 -0.834159 0.097179 -0.542895 0.719597 0.731353 1 37 1.000000
v_hands
  37 -23.755163 38.459667 3.635888 -0.917790 0.396468 -0.021761 0.754243 0.727060 1 37 1.000000
  37 -23.824400 38.349300 3.170011 -0.919999 0.267981 -0.285986 0.737121 0.726228 1 37 1.000000
  37 -23.861412 38.461559 3.425235 -0.912076 0.408514 0.035122 0.748141 0.725939 1 37 1.000000
v_hands
  37 -23.755163 38.459667 3.635888 -0.917790 0.396468 -0.021761 0.754243 0.727060 1 37 1.000000
  37 -23.621572 38.971725 2.890239 -0.923087 0.273198 -0.270690 0.735487 0.698233 1 37 1.000000
  37 -23.824400 38.349300 3.170011 -0.919999 0.267981 -0.285986 0.737121 0.726228 1 37 1.000000
v_hands
  33 -23.357212 40.101292 3.720507 -0.887902 0.459872 -0.012120 0.779731 0.665165 1 33 1.000000
  37 -23.171455 40.023758 3.277504 -0.931136 0.207292 -0.300025 0.761229 0.659850 1 37 1.000000
  33 -23.428015 39.924862 3.669633 -0.912598 0.184891 -0.364665 0.775850 0.671707 1 33 1.000000
v_hands
  33 -23.357212 40.101292 3.720507 -0.887902 0.459872 -0.012120 0.779731 0.665165 1 33 1.000000
  29 -22.794342 41.160931 2.711288 -0.905935 0.423368 0.006480 0.756276 0.607939 1 29 1.000000
  37 -23.171455 40.023758 3.277504 -0.931136 0.207292 -0.300025 0.761229 0.659850 1 37 1.000000
v_hands
  37 -23.981556 37.650391 3.193628 -0.771172 0.106804 -0.627604 0.728195 0.753130 1 37 1.000000
  37 -23.643215 38.024574 2.871027 -0.834159 0.097179 -0.542895 0.719597 0.731353 1 37 1.000000
  38 -23.949200 37.315247 3.190336 -0.771605 -0.022173 -0.635715 0.722269 0.764325 1 38 1.000000
v_hands
  37 -23.981556 37.650391 3.193628 -0.771172 0.106804 -0.627604 0.728195 0.753130 1 37 1.000000
  37 -23.770561 38.263054 3.002694 -0.798597 0.082032 -0.596249 0.729377 0.726440 1 37 1.000000
  37 -23.643215 38.024574 2.871027 -0.834159 0.097179 -0.542895 0.719597 0.731353 1 37 1.000000
v_hands
  38 -24.151798 37.430832 3.370347 -0.770692 0.099331 -0.629418 0.732508 0.765355 1 38 1.000000
  37 -23.981556 37.650391 3.193628 -0.771172 0.106804 -0.627604 0.728195 0.753130 1 37 1.000000
  38 -23.949200 37.315247 3.190336 -0.771605 -0.022173 -0.635715 0.722269 0.764325 1 38 1.000000
v_hands
  38 -24.151798 37.430832 3.370347 -0.770692 0.099331 -0.629418 0.732508 0.765355 1 38 1.000000
  37 -24.131294 37.619705 3.363533 -0.787421 0.140817 -0.600115 0.735137 0.758391 1 37 1.000000
  37 -23.981556 37.650391 3.193628 -0.771172 0.106804 -0.627604 0.728195 0.753130 1 37 1.000000
v_hands
  37 -23.621572 38.971725 2.890239 -0.923087 0.273198 -0.270690 0.735487 0.698233 1 37 1.000000
  37 -23.148258 39.980022 2.793393 -0.937712 0.326605 -0.118429 0.743586 0.655160 1 37 1.000000
  37 -23.347961 39.571438 2.592203 -0.927975 0.266773 -0.260180 0.732101 0.669803 1 37 1.000000
v_hands
  37 -23.621572 38.971725 2.890239 -0.923087 0.273198 -0.270690 0.735487 0.698233 1 37 1.000000
  37 -23.755163 38.459667 3.635888 -0.917790 0.396468 -0.021761 0.754243 0.727060 1 37 1.000000
  37 -23.148258 39.980022 2.793393 -0.937712 0.326605 -0.118429 0.743586 0.655160 1 37 1.000000
v_hands
  37 -24.042759 37.912224 3.385548 -0.893662 0.352447 -0.277759 0.739731 0.747197 1 37 1.000000
  37 -24.131294 37.619705 3.363533 -0.787421 0.140817 -0.600115 0.735137 0.758391 1 37 1.000000
  37 -24.148926 37.758602 3.471523 -0.880473 0.408429 -0.240734 0.741313 0.755108 1 37 1.000000
v_hands
  37 -24.042759 37.912224 3.385548 -0.893662 0.352447 -0.277759 0.739731 0.747197 1 37 1.000000
  37 -23.981556 37.650391 3.193628 -0.771172 0.106804 -0.627604 0.728195 0.753130 1 37 1.000000
  37 -24.131294 37.619705 3.363533 -0.787421 0.140817 -0.600115 0.735137 0.758391 1 37 1.000000
v_hands
  38 -24.138767 37.693443 4.037911 -0.928372 0.365967 0.064760 0.759661 0.764124 1 38 1.000000
  37 -24.138426 37.747814 3.650589 -0.841686 0.533947 0.080410 0.747197 0.757512 1 37 1.000000
  38 -24.207811 37.595287 3.781447 -0.857119 0.505966 0.096673 0.749953 0.765410 1 38 1.000000
v_hands
  38 -24.138767 37.693443 4.037911 -0.928372 0.365967 0.064760 0.759661 0.764124 1 38 1.000000
  37 -24.016314 37.927383 3.697911 -0.882975 0.466543 0.051893 0.750463 0.750090 1 37 1.000000
  37 -24.138426 37.747814 3.650589 -0.841686 0.533947 0.080410 0.747197 0.757512 1 37 1.000000
v_hands
  37 -23.755163 38.459667 3.635888 -0.917790 0.396468 -0.021761 0.754243 0.727060 1 37 1.000000
  37 -24.016314 37.927383 3.697911 -0.882975 0.466543 0.051893 0.750463 0.750090 1 37 1.000000
  38 -24.138767 37.693443 4.037911 -0.928372 0.365967 0.064760 0.759661 0.764124 1 38 1.000000
v_hands
  37 -23.755163 38.459667 3.635888 -0.917790 0.396468 -0.021761 0.754243 0.727060 1 37 1.000000
  37 -23.861412 38.461559 3.425235 -0.912076 0.408514 0.035122 0.748141 0.725939 1 37 1.000000
  37 -24.016314 37.927383 3.697911 -0.882975 0.466543 0.051893 0.750463 0.750090 1 37 1.000000
v_hands
  37 -24.148926 37.758602 3.471523 -0.880473 0.408429 -0.240734 0.741313 0.755108 1 37 1.000000
  37 -24.016314 37.927383 3.697911 -0.882975 0.466543 0.051893 0.750463 0.750090 1 37 1.000000
  37 -24.042759 37.912224 3.385548 -0.893662 0.352447 -0.277759 0.739731 0.747197 1 37 1.000000
v_hands
  37 -24.148926 37.758602 3.471523 -0.880473 0.408429 -0.240734 0.741313 0.755108 1 37 1.000000
  37 -24.138426 37.747814 3.650589 -0.841686 0.533947 0.080410 0.747197 0.757512 1 37 1.000000
  37 -24.016314 37.927383 3.697911 -0.882975 0.466543 0.051893 0.750463 0.750090 1 37 1.000000
v_hands
  37 -23.770561 38.263054 3.002694 -0.798597 0.082032 -0.596249 0.729377 0.726440 1 37 1.000000
  37 -24.042759 37.912224 3.385548 -0.893662 0.352447 -0.277759 0.739731 0.747197 1 37 1.000000
  37 -23.824400 38.349300 3.170011 -0.919999 0.267981 -0.285986 0.737121 0.726228 1 37 1.000000
v_hands
  37 -23.770561 38.263054 3.002694 -0.798597 0.082032 -0.596249 0.729377 0.726440 1 37 1.000000
  37 -23.981556 37.650391 3.193628 -0.771172 0.106804 -0.627604 0.728195 0.753130 1 37 1.000000
  37 -24.042759 37.912224 3.385548 -0.893662 0.352447 -0.277759 0.739731 0.747197 1 37 1.000000
v_hands
  37 -24.042759 37.912224 3.385548 -0.893662 0.352447 -0.277759 0.739731 0.747197 1 37 1.000000
  37 -23.861412 38.461559 3.425235 -0.912076 0.408514 0.035122 0.748141 0.725939 1 37 1.000000
  37 -23.824400 38.349300 3.170011 -0.919999 0.267981 -0.285986 0.737121 0.726228 1 37 1.000000
v_hands
  37 -24.042759 37.912224 3.385548 -0.893662 0.352447 -0.277759 0.739731 0.747197 1 37 1.000000
  37 -24.016314 37.927383 3.697911 -0.882975 0.466543 0.051893 0.750463 0.750090 1 37 1.000000
  37 -23.861412 38.461559 3.425235 -0.912076 0.408514 0.035122 0.748141 0.725939 1 37 1.000000
v_hands
  38 -24.274689 37.540707 3.583775 -0.894504 0.393693 -0.211819 0.742959 0.765859 1 38 1.000000
  37 -24.131294 37.619705 3.363533 -0.787421 0.140817 -0.600115 0.735137 0.758391 1 37 1.000000
  38 -24.151798 37.430832 3.370347 -0.770692 0.099331 -0.629418 0.732508 0.765355 1 38 1.000000
v_hands
  38 -24.274689 37.540707 3.583775 -0.894504 0.393693 -0.211819 0.742959 0.765859 1 38 1.000000
  37 -24.148926 37.758602 3.471523 -0.880473 0.408429 -0.240734 0.741313 0.755108 1 37 1.000000
  37 -24.131294 37.619705 3.363533 -0.787421 0.140817 -0.600115 0.735137 0.758391 1 37 1.000000
v_hands
  37 -22.031164 38.744564 3.214242 0.792349 -0.579125 0.191824 0.715259 0.171328 1 37 1.000000
  41 -22.386530 37.601414 3.013556 0.900161 -0.267945 0.343388 0.739495 0.212250 1 41 1.000000
  37 -21.881485 38.811115 2.967010 0.800952 -0.489860 0.344257 0.722246 0.161730 1 37 1.000000
v_hands
  37 -22.031164 38.744564 3.214242 0.792349 -0.579125 0.191824 0.715259 0.171328 1 37 1.000000
  37 -22.474092 37.682476 3.269665 0.919821 -0.264761 0.289536 0.729809 0.216023 1 37 1.000000
  41 -22.386530 37.601414 3.013556 0.900161 -0.267945 0.343388 0.739495 0.212250 1 41 1.000000
v_hands
  33 -20.891912 39.498749 3.221005 0.674676 -0.710374 -0.200449 0.700134 0.120998 3 33 0.602285 29 0.228222 30 0.169493
  37 -22.052607 38.771820 3.524933 0.686800 -0.726579 -0.019692 0.703072 0.174654 2 37 0.931210 33 0.068790
  37 -21.046068 39.582935 2.999876 0.665187 -0.703577 -0.250010 0.707178 0.119830 3 37 0.626069 29 0.246899 33 0.127032
v_hands
  33 -20.891912 39.498749 3.221005 0.674676 -0.710374 -0.200449 0.700134 0.120998 3 33 0.602285 29 0.228222 30 0.169493
  33 -22.083292 38.797539 3.701930 0.702258 -0.711922 -0.000921 0.696499 0.175585 3 33 0.486471 37 0.420154 34 0.093375
  37 -22.052607 38.771820 3.524933 0.686800 -0.726579 -0.019692 0.703072 0.174654 2 37 0.931210 33 0.068790
v_hands
  29 -20.353474 40.582531 2.971689 0.949479 -0.272835 -0.155083 0.690594 0.076262 3 29 0.446575 30 0.284607 33 0.268817
  37 -21.046068 39.582935 2.999876 0.665187 -0.703577 -0.250010 0.707178 0.119830 3 37 0.626069 29 0.246899 33 0.127032
  29 -20.413979 40.605961 2.597234 0.948810 -0.300222 -0.098113 0.705342 0.069274 3 29 0.689094 30 0.243959 33 0.066946
v_hands
  29 -20.353474 40.582531 2.971689 0.949479 -0.272835 -0.155083 0.690594 0.076262 3 29 0.446575 30 0.284607 33 0.268817
  33 -20.891912 39.498749 3.221005 0.674676 -0.710374 -0.200449 0.700134 0.120998 3 33 0.602285 29 0.228222 30 0.169493
  37 -21.046068 39.582935 2.999876 0.665187 -0.703577 -0.250010 0.707178 0.119830 3 37 0.626069 29 0.246899 33 0.127032
v_hands
  33 -22.083292 38.797539 3.701930 0.702258 -0.711922 -0.000921 0.696499 0.175585 3 33 0.486471 37 0.420154 34 0.093375
  33 -20.792641 39.518559 3.748257 0.711138 -0.702962 -0.011259 0.675438 0.123305 2 33 0.685138 30 0.314862
  33 -22.099627 38.836277 4.348707 0.691304 -0.709647 0.136011 0.669160 0.181577 2 33 0.943057 30 0.056943
v_hands
  33 -22.083292 38.797539 3.701930 0.702258 -0.711922 -0.000921 0.696499 0.175585 3 33 0.486471 37 0.420154 34 0.093375
  33 -20.891912 39.498749 3.221005 0.674676 -0.710374 -0.200449 0.700134 0.120998 3 33 0.602285 29 0.228222 30 0.169493
  33 -20.792641 39.518559 3.748257 0.711138 -0.702962 -0.011259 0.675438 0.123305 2 33 0.685138 30 0.314862
v_hands
  42 -22.794907 36.673134 3.307487 0.865423 -0.305611 0.397046 0.745063 0.251130 1 42 1.000000
  37 -22.559929 37.267010 3.370505 0.938303 -0.252356 0.236440 0.731996 0.229918 1 37 1.000000
  38 -22.820368 36.712753 3.425296 0.898573 -0.381516 0.216820 0.739997 0.252532 1 38 1.000000
v_hands
  42 -22.794907 36.673134 3.307487 0.865423 -0.305611 0.397046 0.745063 0.251130 1 42 1.000000
  41 -22.509069 37.193047 3.101640 0.916169 -0.232266 0.326630 0.743105 0.226696 1 41 1.000000
  37 -22.559929 37.267010 3.370505 0.938303 -0.252356 0.236440 0.731996 0.229918 1 37 1.000000
v_hands
  37 -22.474092 37.682476 3.269665 0.919821 -0.264761 0.289536 0.729809 0.216023 1 37 1.000000
  37 -22.088324 38.704460 3.500115 0.846012 -0.501794 0.180183 0.705309 0.176871 1 37 1.000000
  37 -22.553316 37.834919 3.743351 0.936350 -0.294255 0.191473 0.709325 0.220303 1 37 1.000000
v_hands
  37 -22.474092 37.682476 3.269665 0.919821 -0.264761 0.289536 0.729809 0.216023 1 37 1.000000
  37 -22.031164 38.744564 3.214242 0.792349 -0.579125 0.191824 0.715259 0.171328 1 37 1.000000
  37 -22.088324 38.704460 3.500115 0.846012 -0.501794 0.180183 0.705309 0.176871 1 37 1.000000
v_hands
  37 -21.943346 38.820465 3.312150 0.675083 -0.737703 0.007595 0.710131 0.168006 1 37 1.000000
  37 -21.046068 39.582935 2.999876 0.665187 -0.703577 -0.250010 0.707178 0.119830 3 37 0.626069 29 0.246899 33 0.127032
  37 -22.052607 38.771820 3.524933 0.686800 -0.726579 -0.019692 0.703072 0.174654 2 37 0.931210 33 0.068790
v_hands
  37 -21.943346 38.820465 3.312150 0.675083 -0.737703 0.007595 0.710131 0.168006 1 37 1.000000
  37 -21.072294 39.647835 2.893954 0.742396 -0.667635 -0.055775 0.710137 0.117630 3 37 0.715962 29 0.229760 30 0.054278
  37 -21.046068 39.582935 2.999876 0.665187 -0.703577 -0.250010 0.707178 0.119830 3 37 0.626069 29 0.246899 33 0.127032
v_hands
  37 -21.072294 39.647835 2.893954 0.742396 -0.667635 -0.055775 0.710137 0.117630 3 37 0.715962 29 0.229760 30 0.054278
  29 -20.413979 40.605961 2.597234 0.948810 -0.300222 -0.098113 0.705342 0.069274 3 29 0.689094 30 0.243959 33 0.066946
  37 -21.046068 39.582935 2.999876 0.665187 -0.703577 -0.250010 0.707178 0.119830 3 37 0.626069 29 0.246899 33 0.127032
v_hands
  37 -21.072294 39.647835 2.893954 0.742396 -0.667635 -0.055775 0.710137 0.117630 3 37 0.715962 29 0.229760 30 0.054278
  29 -20.390144 40.636047 2.445032 0.898614 -0.438735 -0.001936 0.710318 0.065634 2 29 0.866820 30 0.133180
  29 -20.413979 40.605961 2.597234 0.948810 -0.300222 -0.098113 0.705342 0.069274 3 29 0.689094 30 0.243959 33 0.066946
v_hands
  37 -22.052607 38.771820 3.524933 0.686800 -0.726579 -0.019692 0.703072 0.174654 2 37 0.931210 33 0.068790
  37 -22.124838 38.722446 3.722440 0.869476 -0.473808 0.139703 0.696555 0.179565 1 37 1.000000
  37 -22.088324 38.704460 3.500115 0.846012 -0.501794 0.180183 0.705309 0.176871 1 37 1.000000
v_hands
  37 -22.052607 38.771820 3.524933 0.686800 -0.726579 -0.019692 0.703072 0.174654 2 37 0.931210 33 0.068790
  33 -22.083292 38.797539 3.701930 0.702258 -0.711922 -0.000921 0.696499 0.175585 3 33 0.486471 37 0.420154 34 0.093375
  37 -22.124838 38.722446 3.722440 0.869476 -0.473808 0.139703 0.696555 0.179565 1 37 1.000000
v_hands
  37 -22.576050 37.916103 4.023761 0.936338 -0.331735 0.114991 0.697549 0.221967 2 37 0.903402 33 0.096598
  37 -22.650291 37.454994 3.871612 0.955579 -0.220816 0.195216 0.710073 0.233283 1 37 1.000000
  37 -22.553316 37.834919 3.743351 0.936350 -0.294255 0.191473 0.709325 0.220303 1 37 1.000000
v_hands
  37 -22.576050 37.916103 4.023761 0.936338 -0.331735 0.114991 0.697549 0.221967 2 37 0.903402 33 0.096598
  37 -22.670683 37.611465 4.271268 0.951021 -0.274789 0.141597 0.692156 0.235623 2 37 0.853347 33 0.146653
  37 -22.650291 37.454994 3.871612 0.955579 -0.220816 0.195216 0.710073 0.233283 1 37 1.000000
v_hands
  37 -22.650291 37.454994 3.871612 0.955579 -0.220816 0.195216 0.710073 0.233283 1 37 1.000000
  38 -22.963785 37.057888 4.567410 0.867830 -0.375124 0.325811 0.687839 0.261698 1 38 1.000000
  38 -22.828320 36.743805 4.100967 0.899714 -0.358316 0.249248 0.713073 0.261659 1 38 1.000000
v_hands
  37 -22.650291 37.454994 3.871612 0.955579 -0.220816 0.195216 0.710073 0.233283 1 37 1.000000
  37 -22.670683 37.611465 4.271268 0.951021 -0.274789 0.141597 0.692156 0.235623 2 37 0.853347 33 0.146653
  38 -22.963785 37.057888 4.567410 0.867830 -0.375124 0.325811 0.687839 0.261698 1 38 1.000000
v_hands
  37 -22.670683 37.611465 4.271268 0.951021 -0.274789 0.141597 0.692156 0.235623 2 37 0.853347 33 0.146653
  33 -22.571083 38.116531 4.526269 0.933066 -0.338413 0.121918 0.673773 0.222423 1 33 1.000000
  33 -22.630852 37.711216 4.616487 0.944249 -0.320098 0.077008 0.676381 0.236137 2 33 0.811372 34 0.188628
v_hands
  37 -22.670683 37.611465 4.271268 0.951021 -0.274789 0.141597 0.692156 0.235623 2 37 0.853347 33 0.146653
  37 -22.576050 37.916103 4.023761 0.936338 -0.331735 0.114991 0.697549 0.221967 2 37 0.903402 33 0.096598
  33 -22.571083 38.116531 4.526269 0.933066 -0.338413 0.121918 0.673773 0.222423 1 33 1.000000
v_hands
  37 -22.576050 37.916103 4.023761 0.936338 -0.331735 0.114991 0.697549 0.221967 2 37 0.903402 33 0.096598
  33 -22.141340 38.777866 4.385540 0.858159 -0.478164 0.186871 0.668433 0.186149 1 33 1.000000
  33 -22.571083 38.116531 4.526269 0.933066 -0.338413 0.121918 0.673773 0.222423 1 33 1.000000
v_hands
  37 -22.576050 37.916103 4.023761 0.936338 -0.331735 0.114991 0.697549 0.221967 2 37 0.903402 33 0.096598
  37 -22.124838 38.722446 3.722440 0.869476 -0.473808 0.139703 0.696555 0.179565 1 37 1.000000
  33 -22.141340 38.777866 4.385540 0.858159 -0.478164 0.186871 0.668433 0.186149 1 33 1.000000
v_hands
  33 -22.099627 38.836277 4.348707 0.691304 -0.709647 0.136011 0.669160 0.181577 2 33 0.943057 30 0.056943
  37 -22.124838 38.722446 3.722440 0.869476 -0.473808 0.139703 0.696555 0.179565 1 37 1.000000
  33 -22.083292 38.797539 3.701930 0.702258 -0.711922 -0.000921 0.696499 0.175585 3 33 0.486471 37 0.420154 34 0.093375
v_hands
  33 -22.099627 38.836277 4.348707 0.691304 -0.709647 0.136011 0.669160 0.181577 2 33 0.943057 30 0.056943
  33 -22.141340 38.777866 4.385540 0.858159 -0.478164 0.186871 0.668433 0.186149 1 33 1.000000
  37 -22.124838 38.722446 3.722440 0.869476 -0.473808 0.139703 0.696555 0.179565 1 37 1.000000
v_hands
  37 -22.553316 37.834919 3.743351 0.936350 -0.294255 0.191473 0.709325 0.220303 1 37 1.000000
  37 -22.124838 38.722446 3.722440 0.869476 -0.473808 0.139703 0.696555 0.179565 1 37 1.000000
  37 -22.576050 37.916103 4.023761 0.936338 -0.331735 0.114991 0.697549 0.221967 2 37 0.903402 33 0.096598
v_hands
  37 -22.553316 37.834919 3.743351 0.936350 -0.294255 0.191473 0.709325 0.220303 1 37 1.000000
  37 -22.088324 38.704460 3.500115 0.846012 -0.501794 0.180183 0.705309 0.176871 1 37 1.000000
  37 -22.124838 38.722446 3.722440 0.869476 -0.473808 0.139703 0.696555 0.179565 1 37 1.000000
v_hands
  37 -22.650291 37.454994 3.871612 0.955579 -0.220816 0.195216 0.710073 0.233283 1 37 1.000000
  37 -22.474092 37.682476 3.269665 0.919821 -0.264761 0.289536 0.729809 0.216023 1 37 1.000000
  37 -22.553316 37.834919 3.743351 0.936350 -0.294255 0.191473 0.709325 0.220303 1 37 1.000000
v_hands
  37 -22.650291 37.454994 3.871612 0.955579 -0.220816 0.195216 0.710073 0.233283 1 37 1.000000
  37 -22.559929 37.267010 3.370505 0.938303 -0.252356 0.236440 0.731996 0.229918 1 37 1.000000
  37 -22.474092 37.682476 3.269665 0.919821 -0.264761 0.289536 0.729809 0.216023 1 37 1.000000
v_hands
  37 -22.474092 37.682476 3.269665 0.919821 -0.264761 0.289536 0.729809 0.216023 1 37 1.000000
  41 -22.509069 37.193047 3.101640 0.916169 -0.232266 0.326630 0.743105 0.226696 1 41 1.000000
  41 -22.386530 37.601414 3.013556 0.900161 -0.267945 0.343388 0.739495 0.212250 1 41 1.000000
v_hands
  37 -22.474092 37.682476 3.269665 0.919821 -0.264761 0.289536 0.729809 0.216023 1 37 1.000000
  37 -22.559929 37.267010 3.370505 0.938303 -0.252356 0.236440 0.731996 0.229918 1 37 1.000000
  41 -22.509069 37.193047 3.101640 0.916169 -0.232266 0.326630 0.743105 0.226696 1 41 1.000000
v_hands
  37 -22.088324 38.704460 3.500115 0.846012 -0.501794 0.180183 0.705309 0.176871 1 37 1.000000
  37 -21.943346 38.820465 3.312150 0.675083 -0.737703 0.007595 0.710131 0.168006 1 37 1.000000
  37 -22.052607 38.771820 3.524933 0.686800 -0.726579 -0.019692 0.703072 0.174654 2 37 0.931210 33 0.068790
v_hands
  37 -22.088324 38.704460 3.500115 0.846012 -0.501794 0.180183 0.705309 0.176871 1 37 1.000000
  37 -22.031164 38.744564 3.214242 0.792349 -0.579125 0.191824 0.715259 0.171328 1 37 1.000000
  37 -21.943346 38.820465 3.312150 0.675083 -0.737703 0.007595 0.710131 0.168006 1 37 1.000000
v_hands
  37 -21.035563 39.666340 2.766855 0.781245 -0.617576 0.090860 0.714829 0.114487 2 37 0.855104 29 0.144896
  37 -21.943346 38.820465 3.312150 0.675083 -0.737703 0.007595 0.710131 0.168006 1 37 1.000000
  37 -22.031164 38.744564 3.214242 0.792349 -0.579125 0.191824 0.715259 0.171328 1 37 1.000000
v_hands
  37 -21.035563 39.666340 2.766855 0.781245 -0.617576 0.090860 0.714829 0.114487 2 37 0.855104 29 0.144896
  37 -21.072294 39.647835 2.893954 0.742396 -0.667635 -0.055775 0.710137 0.117630 3 37 0.715962 29 0.229760 30 0.054278
  37 -21.943346 38.820465 3.312150 0.675083 -0.737703 0.007595 0.710131 0.168006 1 37 1.000000
v_hands
  29 -20.390144 40.636047 2.445032 0.898614 -0.438735 -0.001936 0.710318 0.065634 2 29 0.866820 30 0.133180
  37 -21.035563 39.666340 2.766855 0.781245 -0.617576 0.090860 0.714829 0.114487 2 37 0.855104 29 0.144896
  29 -20.369297 40.662369 2.311883 0.934097 -0.339004 0.111973 0.713463 0.062507 2 29 0.911071 30 0.088930
v_hands
  29 -20.390144 40.636047 2.445032 0.898614 -0.438735 -0.001936 0.710318 0.065634 2 29 0.866820 30 0.133180
  37 -21.072294 39.647835 2.893954 0.742396 -0.667635 -0.055775 0.710137 0.117630 3 37 0.715962 29 0.229760 30 0.054278
  37 -21.035563 39.666340 2.766855 0.781245 -0.617576 0.090860 0.714829 0.114487 2 37 0.855104 29 0.144896
v_hands
  27 -16.736797 57.911423 -6.081550 -0.858754 0.364695 -0.359915 0.171200 0.371159 1 27 1.000000
  27 -15.173547 60.036716 -7.505524 -0.470586 -0.043324 -0.881290 0.132080 0.288603 1 27 1.000000
  27 -15.755822 57.435478 -7.116336 -0.408818 0.017972 -0.912439 0.113709 0.367854 1 27 1.000000
v_hands
  27 -16.736797 57.911423 -6.081550 -0.858754 0.364695 -0.359915 0.171200 0.371159 1 27 1.000000
  27 -16.066477 60.508476 -6.318475 -0.937339 0.230930 -0.260896 0.173086 0.290357 1 27 1.000000
  27 -15.173547 60.036716 -7.505524 -0.470586 -0.043324 -0.881290 0.132080 0.288603 1 27 1.000000
v_hands
  27 -16.736797 57.911423 -6.081550 -0.858754 0.364695 -0.359915 0.171200 0.371159 1 27 1.000000
  27 -15.782299 60.469353 -5.656244 -0.903498 0.352170 0.244268 0.194582 0.290174 1 27 1.000000
  27 -16.066477 60.508476 -6.318475 -0.937339 0.230930 -0.260896 0.173086 0.290357 1 27 1.000000
v_hands
  27 -16.736797 57.911423 -6.081550 -0.858754 0.364695 -0.359915 0.171200 0.371159 1 27 1.000000
  27 -16.752453 57.718735 -5.146766 -0.823421 0.538454 0.179010 0.198156 0.378666 1 27 1.000000
  27 -15.782299 60.469353 -5.656244 -0.903498 0.352170 0.244268 0.194582 0.290174 1 27 1.000000
v_hands
  27 -13.373321 56.038670 -5.239149 0.868393 -0.443750 -0.221314 0.427933 0.385989 1 27 1.000000
  27 -11.447605 59.027973 -3.951942 0.818990 -0.446231 0.360738 0.398512 0.275682 1 27 1.000000
  28 -13.407872 55.563782 -3.678684 0.917848 -0.335960 0.211388 0.393226 0.406250 1 28 1.000000
v_hands
  27 -13.373321 56.038670 -5.239149 0.868393 -0.443750 -0.221314 0.427933 0.385989 1 27 1.000000
  27 -11.450429 58.764427 -5.329824 0.816301 -0.545122 -0.191035 0.425827 0.276625 1 27 1.000000
  27 -11.447605 59.027973 -3.951942 0.818990 -0.446231 0.360738 0.398512 0.275682 1 27 1.000000
v_hands
  27 -13.449411 56.466888 -2.955739 0.653445 -0.055402 0.754944 0.363915 0.386416 1 27 1.000000
  27 -11.921036 59.205990 -3.579859 0.680533 -0.262752 0.683985 0.374966 0.281906 1 27 1.000000
  27 -12.394466 59.384007 -3.207779 0.551972 -0.139519 0.822108 0.356104 0.282848 1 27 1.000000
v_hands
  27 -13.449411 56.466888 -2.955739 0.653445 -0.055402 0.754944 0.363915 0.386416 1 27 1.000000
  28 -13.428639 56.015335 -3.317211 0.834204 -0.208066 0.510698 0.377765 0.396655 1 28 1.000000
  27 -11.921036 59.205990 -3.579859 0.680533 -0.262752 0.683985 0.374966 0.281906 1 27 1.000000
v_hands
  27 -11.450429 58.764427 -5.329824 0.816301 -0.545122 -0.191035 0.425827 0.276625 1 27 1.000000
  27 -13.497066 56.393127 -6.126128 0.640299 -0.457007 -0.617383 0.458811 0.371909 1 27 1.000000
  27 -12.121303 58.842983 -6.865892 0.622072 -0.521960 -0.583595 0.468919 0.274234 1 27 1.000000
v_hands
  27 -11.450429 58.764427 -5.329824 0.816301 -0.545122 -0.191035 0.425827 0.276625 1 27 1.000000
  27 -13.373321 56.038670 -5.239149 0.868393 -0.443750 -0.221314 0.427933 0.385989 1 27 1.000000
  27 -13.497066 56.393127 -6.126128 0.640299 -0.457007 -0.617383 0.458811 0.371909 1 27 1.000000
v_hands
  27 -13.497066 56.393127 -6.126128 0.640299 -0.457007 -0.617383 0.458811 0.371909 1 27 1.000000
  27 -13.390540 59.281029 -7.785079 0.157037 -0.339216 -0.927508 0.503327 0.275988 1 27 1.000000
  27 -12.121303 58.842983 -6.865892 0.622072 -0.521960 -0.583595 0.468919 0.274234 1 27 1.000000
v_hands
  27 -13.497066 56.393127 -6.126128 0.640299 -0.457007 -0.617383 0.458811 0.371909 1 27 1.000000
  27 -14.671428 56.579735 -6.941699 0.167716 -0.311893 -0.935197 0.493724 0.377238 1 27 1.000000
  27 -13.390540 59.281029 -7.785079 0.157037 -0.339216 -0.927508 0.503327 0.275988 1 27 1.000000
v_hands
  27 -15.755822 57.435478 -7.116336 -0.408818 0.017972 -0.912439 0.113709 0.367854 1 27 1.000000
  27 -13.390540 59.281029 -7.785079 0.157037 -0.339216 -0.927508 0.074123 0.281200 1 27 1.000000
  27 -14.671428 56.579735 -6.941699 0.167716 -0.311893 -0.935197 0.073709 0.379684 1 27 1.000000
v_hands
  27 -15.755822 57.435478 -7.116336 -0.408818 0.017972 -0.912439 0.113709 0.367854 1 27 1.000000
  27 -15.173547 60.036716 -7.505524 -0.470586 -0.043324 -0.881290 0.132080 0.288603 1 27 1.000000
  27 -13.390540 59.281029 -7.785079 0.157037 -0.339216 -0.927508 0.074123 0.281200 1 27 1.000000
v_hands
  27 -15.484413 60.428341 -4.962080 -0.823308 0.366832 0.433125 0.215009 0.290125 1 27 1.000000
  27 -16.752453 57.718735 -5.146766 -0.823421 0.538454 0.179010 0.198156 0.378666 1 27 1.000000
  28 -16.673683 56.891258 -3.504454 -0.619510 0.566496 0.543405 0.243698 0.407026 1 28 1.000000
v_hands
  27 -15.484413 60.428341 -4.962080 -0.823308 0.366832 0.433125 0.215009 0.290125 1 27 1.000000
  27 -15.782299 60.469353 -5.656244 -0.903498 0.352170 0.244268 0.194582 0.290174 1 27 1.000000
  27 -16.752453 57.718735 -5.146766 -0.823421 0.538454 0.179010 0.198156 0.378666 1 27 1.000000
v_hands
  28 -19.471222 50.525478 -3.767544 -0.841860 -0.079937 -0.533743 0.164023 0.583369 2 28 0.567100 49 0.432900
  28 -19.256744 52.493977 -3.150812 -0.976066 0.216231 -0.023198 0.213334 0.528608 2 28 0.706600 49 0.293400
  28 -19.161732 51.953850 -4.472478 -0.834557 -0.067706 -0.546745 0.161358 0.529687 2 28 0.731000 49 0.269000
v_hands
  28 -19.471222 50.525478 -3.767544 -0.841860 -0.079937 -0.533743 0.164023 0.583369 2 28 0.567100 49 0.432900
  28 -19.554016 51.008434 -2.464540 -0.980404 0.191818 -0.044875 0.217587 0.583405 2 28 0.572800 49 0.427200
  28 -19.256744 52.493977 -3.150812 -0.976066 0.216231 -0.023198 0.213334 0.528608 2 28 0.706600 49 0.293400
v_hands
  27 -14.950702 60.286594 -3.226553 -0.509959 0.251906 0.822487 0.256403 0.290933 1 27 1.000000
  28 -14.212945 56.739025 -2.571115 0.111831 0.193386 0.974728 0.334205 0.388554 1 28 1.000000
  27 -13.651574 59.918980 -2.743425 0.090217 0.053437 0.994487 0.309610 0.285517 1 27 1.000000
v_hands
  27 -14.950702 60.286594 -3.226553 -0.509959 0.251906 0.822487 0.256403 0.290933 1 27 1.000000
  28 -15.468185 56.518799 -2.644213 -0.358989 0.372995 0.855570 0.295557 0.407993 1 28 1.000000
  28 -14.212945 56.739025 -2.571115 0.111831 0.193386 0.974728 0.334205 0.388554 1 28 1.000000
v_hands
  28 -18.214968 50.102913 -4.660629 -0.356642 -0.300708 -0.884523 0.112995 0.574813 2 28 0.581700 49 0.418300
  49 -17.714794 48.289753 -3.773045 0.182622 -0.498686 -0.847326 0.083644 0.624609 2 49 0.636400 28 0.363600
  49 -18.783802 48.550659 -3.961476 -0.368700 -0.317108 -0.873786 0.127276 0.617433 2 49 0.638600 28 0.361400
v_hands
  28 -18.214968 50.102913 -4.660629 -0.356642 -0.300708 -0.884523 0.112995 0.574813 2 28 0.581700 49 0.418300
  28 -17.052332 49.968048 -4.593198 0.208280 -0.479004 -0.852745 0.083085 0.567602 2 28 0.596400 49 0.403600
  49 -17.714794 48.289753 -3.773045 0.182622 -0.498686 -0.847326 0.083644 0.624609 2 49 0.636400 28 0.363600
v_hands
  28 -17.793514 53.964649 -5.915604 -0.440208 -0.196380 -0.876157 0.131850 0.465869 1 28 1.000000
  28 -17.646132 51.655167 -5.359780 -0.273121 -0.298926 -0.914357 0.105165 0.521417 2 28 0.773600 49 0.226400
  28 -18.628952 51.761414 -4.684453 -0.505121 -0.238500 -0.829440 0.145448 0.527821 2 28 0.757400 49 0.242600
v_hands
  28 -17.793514 53.964649 -5.915604 -0.440208 -0.196380 -0.876157 0.131850 0.465869 1 28 1.000000
  28 -16.730450 53.689205 -6.110593 -0.117286 -0.314834 -0.941872 0.096868 0.465296 1 28 1.000000
  28 -17.646132 51.655167 -5.359780 -0.273121 -0.298926 -0.914357 0.105165 0.521417 2 28 0.773600 49 0.226400
v_hands
  27 -14.950702 60.286594 -3.226553 -0.509959 0.251906 0.822487 0.256403 0.290933 1 27 1.000000
  28 -16.673683 56.891258 -3.504454 -0.619510 0.566496 0.543405 0.243698 0.407026 1 28 1.000000
  28 -15.468185 56.518799 -2.644213 -0.358989 0.372995 0.855570 0.295557 0.407993 1 28 1.000000
v_hands
  27 -14.950702 60.286594 -3.226553 -0.509959 0.251906 0.822487 0.256403 0.290933 1 27 1.000000
  27 -15.484413 60.428341 -4.962080 -0.823308 0.366832 0.433125 0.215009 0.290125 1 27 1.000000
  28 -16.673683 56.891258 -3.504454 -0.619510 0.566496 0.543405 0.243698 0.407026 1 28 1.000000
v_hands
  27 -12.394466 59.384007 -3.207779 0.551972 -0.139519 0.822108 0.356104 0.282848 1 27 1.000000
  28 -14.212945 56.739025 -2.571115 0.111831 0.193386 0.974728 0.334205 0.388554 1 28 1.000000
  27 -13.449411 56.466888 -2.955739 0.653445 -0.055402 0.754944 0.363915 0.386416 1 27 1.000000
v_hands
  27 -12.394466 59.384007 -3.207779 0.551972 -0.139519 0.822108 0.356104 0.282848 1 27 1.000000
  27 -13.651574 59.918980 -2.743425 0.090217 0.053437 0.994487 0.309610 0.285517 1 27 1.000000
  28 -14.212945 56.739025 -2.571115 0.111831 0.193386 0.974728 0.334205 0.388554 1 28 1.000000
v_hands
  28 -18.628952 51.761414 -4.684453 -0.505121 -0.238500 -0.829440 0.145448 0.527821 2 28 0.757400 49 0.242600
  28 -18.214968 50.102913 -4.660629 -0.356642 -0.300708 -0.884523 0.112995 0.574813 2 28 0.581700 49 0.418300
  28 -19.015224 50.320854 -3.967619 -0.593098 -0.206286 -0.778255 0.149052 0.581356 2 28 0.571400 49 0.428600
v_hands
  28 -18.628952 51.761414 -4.684453 -0.505121 -0.238500 -0.829440 0.145448 0.527821 2 28 0.757400 49 0.242600
  28 -17.646132 51.655167 -5.359780 -0.273121 -0.298926 -0.914357 0.105165 0.521417 2 28 0.773600 49 0.226400
  28 -18.214968 50.102913 -4.660629 -0.356642 -0.300708 -0.884523 0.112995 0.574813 2 28 0.581700 49 0.418300
v_hands
  28 -15.291438 50.656384 -2.329196 0.928766 -0.338801 0.150360 0.397364 0.560888 2 28 0.650700 49 0.349300
  28 -14.615029 52.661728 -4.220395 0.855675 -0.468182 -0.220512 0.428929 0.484368 2 28 0.871500 49 0.128500
  28 -14.488713 53.059982 -3.085478 0.915773 -0.388901 0.100579 0.393821 0.481867 2 28 0.844600 49 0.155400
v_hands
  28 -15.291438 50.656384 -2.329196 0.928766 -0.338801 0.150360 0.397364 0.560888 2 28 0.650700 49 0.349300
  28 -15.538100 50.385094 -3.360601 0.861356 -0.445748 -0.243667 0.429327 0.561052 2 28 0.644500 49 0.355500
  28 -14.615029 52.661728 -4.220395 0.855675 -0.468182 -0.220512 0.428929 0.484368 2 28 0.871500 49 0.128500
v_hands
  49 -20.330450 46.581982 0.491692 -0.465585 0.472044 0.748602 0.285348 0.746015 2 49 0.922600 28 0.077400
  49 -21.482744 44.074417 1.173909 -0.877650 0.448248 0.169719 0.256425 0.853119 1 49 1.000000
  49 -21.181192 44.127430 1.745070 -0.544183 0.569454 0.616106 0.283899 0.855370 1 49 1.000000
v_hands
  49 -20.330450 46.581982 0.491692 -0.465585 0.472044 0.748602 0.285348 0.746015 2 49 0.922600 28 0.077400
  49 -20.678083 46.758362 0.119109 -0.865797 0.384758 0.319933 0.255769 0.739023 2 49 0.903400 28 0.096600
  49 -21.482744 44.074417 1.173909 -0.877650 0.448248 0.169719 0.256425 0.853119 1 49 1.000000
v_hands
  49 -21.140772 43.402477 -0.294719 -0.916911 0.185904 -0.353148 0.193395 0.849253 1 49 1.000000
  49 -20.697481 46.623905 -0.583870 -0.966909 0.193048 -0.166788 0.225344 0.735154 2 49 0.883700 28 0.116300
  49 -20.450268 46.442787 -1.606664 -0.933997 0.094130 -0.344658 0.184920 0.725907 2 49 0.857700 28 0.142300
v_hands
  49 -21.140772 43.402477 -0.294719 -0.916911 0.185904 -0.353148 0.193395 0.849253 1 49 1.000000
  49 -21.427856 43.817787 0.249762 -0.926144 0.241177 -0.289984 0.218453 0.849102 1 49 1.000000
  49 -20.697481 46.623905 -0.583870 -0.966909 0.193048 -0.166788 0.225344 0.735154 2 49 0.883700 28 0.116300
v_hands
  49 -19.364746 49.771759 -0.701939 -0.393329 0.417076 0.819353 0.277687 0.625637 2 49 0.649000 28 0.351000
  49 -19.734844 46.477234 0.738404 -0.161563 0.440116 0.883286 0.313675 0.743743 2 49 0.925300 28 0.074700
  49 -18.459570 49.600784 -0.369813 -0.160436 0.386561 0.908202 0.311079 0.620179 2 49 0.647900 28 0.352100
v_hands
  49 -19.364746 49.771759 -0.701939 -0.393329 0.417076 0.819353 0.277687 0.625637 2 49 0.649000 28 0.351000
  49 -20.330450 46.581982 0.491692 -0.465585 0.472044 0.748602 0.285348 0.746015 2 49 0.922600 28 0.077400
  49 -19.734844 46.477234 0.738404 -0.161563 0.440116 0.883286 0.313675 0.743743 2 49 0.925300 28 0.074700
v_hands
  49 -19.831583 49.743092 -1.049141 -0.836518 0.372045 0.402269 0.252332 0.627601 2 49 0.646900 28 0.353100
  49 -20.697481 46.623905 -0.583870 -0.966909 0.193048 -0.166788 0.225344 0.735154 2 49 0.883700 28 0.116300
  49 -20.678083 46.758362 0.119109 -0.865797 0.384758 0.319933 0.255769 0.739023 2 49 0.903400 28 0.096600
v_hands
  49 -19.831583 49.743092 -1.049141 -0.836518 0.372045 0.402269 0.252332 0.627601 2 49 0.646900 28 0.353100
  49 -19.905169 49.544224 -1.779917 -0.975650 0.201298 -0.087102 0.221006 0.626579 2 49 0.628900 28 0.371100
  49 -20.697481 46.623905 -0.583870 -0.966909 0.193048 -0.166788 0.225344 0.735154 2 49 0.883700 28 0.116300
v_hands
  49 -20.268854 46.307632 -2.096580 -0.794319 -0.053404 -0.605149 0.164368 0.725429 2 49 0.863000 28 0.137000
  49 -19.716454 49.071678 -3.060639 -0.889849 0.000812 -0.456254 0.168870 0.626807 2 49 0.612800 28 0.387200
  49 -19.444666 48.897377 -3.252106 -0.703552 -0.134335 -0.697832 0.154109 0.625995 2 49 0.634900 28 0.365100
v_hands
  49 -20.268854 46.307632 -2.096580 -0.794319 -0.053404 -0.605149 0.164368 0.725429 2 49 0.863000 28 0.137000
  49 -20.450268 46.442787 -1.606664 -0.933997 0.094130 -0.344658 0.184920 0.725907 2 49 0.857700 28 0.142300
  49 -19.716454 49.071678 -3.060639 -0.889849 0.000812 -0.456254 0.168870 0.626807 2 49 0.612800 28 0.387200
v_hands
  49 -19.444666 48.897377 -3.252106 -0.703552 -0.134335 -0.697832 0.154109 0.625995 2 49 0.634900 28 0.365100
  49 -19.576664 45.926697 -2.496405 -0.311049 -0.332575 -0.890304 0.130833 0.721930 2 49 0.865200 28 0.134800
  49 -20.268854 46.307632 -2.096580 -0.794319 -0.053404 -0.605149 0.164368 0.725429 2 49 0.863000 28 0.137000
v_hands
  49 -19.444666 48.897377 -3.252106 -0.703552 -0.134335 -0.697832 0.154109 0.625995 2 49 0.634900 28 0.365100
  49 -18.783802 48.550659 -3.961476 -0.368700 -0.317108 -0.873786 0.127276 0.617433 2 49 0.638600 28 0.361400
  49 -19.576664 45.926697 -2.496405 -0.311049 -0.332575 -0.890304 0.130833 0.721930 2 49 0.865200 28 0.134800
v_hands
  28 -19.089128 52.796318 -2.190136 -0.822353 0.378117 0.425163 0.247186 0.527876 2 28 0.713300 49 0.286700
  28 -18.820610 51.448479 -1.220678 -0.341749 0.398904 0.850931 0.278064 0.577866 2 28 0.572700 49 0.427300
  28 -18.276476 53.125195 -1.739418 -0.298252 0.374649 0.877886 0.278442 0.525141 2 28 0.752900 49 0.247100
v_hands
  28 -19.089128 52.796318 -2.190136 -0.822353 0.378117 0.425163 0.247186 0.527876 2 28 0.713300 49 0.286700
  28 -19.460354 51.269711 -1.619640 -0.835660 0.354826 0.419249 0.250394 0.583778 2 28 0.559100 49 0.440900
  28 -18.820610 51.448479 -1.220678 -0.341749 0.398904 0.850931 0.278064 0.577866 2 28 0.572700 49 0.427300
v_hands
  49 -19.716454 49.071678 -3.060639 -0.889849 0.000812 -0.456254 0.168870 0.626807 2 49 0.612800 28 0.387200
  28 -19.015224 50.320854 -3.967619 -0.593098 -0.206286 -0.778255 0.149052 0.581356 2 28 0.571400 49 0.428600
  49 -19.444666 48.897377 -3.252106 -0.703552 -0.134335 -0.697832 0.154109 0.625995 2 49 0.634900 28 0.365100
v_hands
  49 -19.716454 49.071678 -3.060639 -0.889849 0.000812 -0.456254 0.168870 0.626807 2 49 0.612800 28 0.387200
  28 -19.471222 50.525478 -3.767544 -0.841860 -0.079937 -0.533743 0.164023 0.583369 2 28 0.567100 49 0.432900
  28 -19.015224 50.320854 -3.967619 -0.593098 -0.206286 -0.778255 0.149052 0.581356 2 28 0.571400 49 0.428600
v_hands
  27 -15.755822 57.435478 -7.116336 -0.408818 0.017972 -0.912439 0.113709 0.367854 1 27 1.000000
  28 -15.864624 55.599937 -6.863147 -0.035170 -0.271660 -0.961750 0.089698 0.412415 1 28 1.000000
  28 -16.937828 55.785156 -6.712896 -0.382894 -0.036888 -0.923055 0.123892 0.418116 1 28 1.000000
v_hands
  27 -15.755822 57.435478 -7.116336 -0.408818 0.017972 -0.912439 0.113709 0.367854 1 27 1.000000
  27 -14.671428 56.579735 -6.941699 0.167716 -0.311893 -0.935197 0.073709 0.379684 1 27 1.000000
  28 -15.864624 55.599937 -6.863147 -0.035170 -0.271660 -0.961750 0.089698 0.412415 1 28 1.000000
v_hands
  28 -15.468185 56.518799 -2.644213 -0.358989 0.372995 0.855570 0.295557 0.407993 1 28 1.000000
  28 -17.249895 55.261913 -2.259665 -0.324087 0.480307 0.815029 0.272899 0.462035 2 28 0.885700 49 0.114300
  28 -16.190552 55.030315 -2.243461 -0.179838 0.383666 0.905792 0.304346 0.457153 2 28 0.894100 49 0.105900
v_hands
  28 -15.468185 56.518799 -2.644213 -0.358989 0.372995 0.855570 0.295557 0.407993 1 28 1.000000
  28 -16.673683 56.891258 -3.504454 -0.619510 0.566496 0.543405 0.243698 0.407026 1 28 1.000000
  28 -17.249895 55.261913 -2.259665 -0.324087 0.480307 0.815029 0.272899 0.462035 2 28 0.885700 49 0.114300
v_hands
  28 -17.687555 56.683338 -4.164099 -0.686763 0.655113 0.314933 0.217514 0.421245 1 28 1.000000
  27 -16.752453 57.718735 -5.146766 -0.823421 0.538454 0.179010 0.198156 0.378666 1 27 1.000000
  28 -17.736431 56.676105 -5.237389 -0.818715 0.574111 0.010120 0.189021 0.416186 1 28 1.000000
v_hands
  28 -17.687555 56.683338 -4.164099 -0.686763 0.655113 0.314933 0.217514 0.421245 1 28 1.000000
  28 -16.673683 56.891258 -3.504454 -0.619510 0.566496 0.543405 0.243698 0.407026 1 28 1.000000
  27 -16.752453 57.718735 -5.146766 -0.823421 0.538454 0.179010 0.198156 0.378666 1 27 1.000000
v_hands
  27 -16.736797 57.911423 -6.081550 -0.858754 0.364695 -0.359915 0.171200 0.371159 1 27 1.000000
  28 -16.937828 55.785156 -6.712896 -0.382894 -0.036888 -0.923055 0.123892 0.418116 1 28 1.000000
  28 -17.664438 56.438881 -6.002429 -0.790838 0.345656 -0.505071 0.162226 0.416533 1 28 1.000000
v_hands
  27 -16.736797 57.911423 -6.081550 -0.858754 0.364695 -0.359915 0.171200 0.371159 1 27 1.000000
  27 -15.755822 57.435478 -7.116336 -0.408818 0.017972 -0.912439 0.113709 0.367854 1 27 1.000000
  28 -16.937828 55.785156 -6.712896 -0.382894 -0.036888 -0.923055 0.123892 0.418116 1 28 1.000000
v_hands
  49 -18.459570 49.600784 -0.369813 -0.160436 0.386561 0.908202 0.311079 0.620179 2 49 0.647900 28 0.352100
  28 -18.820610 51.448479 -1.220678 -0.341749 0.398904 0.850931 0.278064 0.577866 2 28 0.572700 49 0.427300
  49 -19.364746 49.771759 -0.701939 -0.393329 0.417076 0.819353 0.277687 0.625637 2 49 0.649000 28 0.351000
v_hands
  49 -18.459570 49.600784 -0.369813 -0.160436 0.386561 0.908202 0.311079 0.620179 2 49 0.647900 28 0.352100
  28 -17.754824 51.367226 -1.079641 -0.144062 0.381287 0.913163 0.312077 0.572851 2 28 0.587200 49 0.412800
  28 -18.820610 51.448479 -1.220678 -0.341749 0.398904 0.850931 0.278064 0.577866 2 28 0.572700 49 0.427300
v_hands
  28 -15.098727 54.715233 -1.668932 0.106972 0.252381 0.961697 0.331921 0.457971 2 28 0.902400 49 0.097600
  28 -15.468185 56.518799 -2.644213 -0.358989 0.372995 0.855570 0.295557 0.407993 1 28 1.000000
  28 -16.190552 55.030315 -2.243461 -0.179838 0.383666 0.905792 0.304346 0.457153 2 28 0.894100 49 0.105900
v_hands
  28 -15.098727 54.715233 -1.668932 0.106972 0.252381 0.961697 0.331921 0.457971 2 28 0.902400 49 0.097600
  28 -14.212945 56.739025 -2.571115 0.111831 0.193386 0.974728 0.334205 0.388554 1 28 1.000000
  28 -15.468185 56.518799 -2.644213 -0.358989 0.372995 0.855570 0.295557 0.407993 1 28 1.000000
v_hands
  28 -16.673683 56.891258 -3.504454 -0.619510 0.566496 0.543405 0.243698 0.407026 1 28 1.000000
  28 -18.354584 55.290409 -3.218396 -0.777767 0.497675 0.383923 0.239493 0.461632 2 28 0.875500 49 0.124500
  28 -17.249895 55.261913 -2.259665 -0.324087 0.480307 0.815029 0.272899 0.462035 2 28 0.885700 49 0.114300
v_hands
  28 -16.673683 56.891258 -3.504454 -0.619510 0.566496 0.543405 0.243698 0.407026 1 28 1.000000
  28 -17.687555 56.683338 -4.164099 -0.686763 0.655113 0.314933 0.217514 0.421245 1 28 1.000000
  28 -18.354584 55.290409 -3.218396 -0.777767 0.497675 0.383923 0.239493 0.461632 2 28 0.875500 49 0.124500
v_hands
  49 -19.364746 49.771759 -0.701939 -0.393329 0.417076 0.819353 0.277687 0.625637 2 49 0.649000 28 0.351000
  49 -20.678083 46.758362 0.119109 -0.865797 0.384758 0.319933 0.255769 0.739023 2 49 0.903400 28 0.096600
  49 -20.330450 46.581982 0.491692 -0.465585 0.472044 0.748602 0.285348 0.746015 2 49 0.922600 28 0.077400
v_hands
  49 -19.364746 49.771759 -0.701939 -0.393329 0.417076 0.819353 0.277687 0.625637 2 49 0.649000 28 0.351000
  49 -19.831583 49.743092 -1.049141 -0.836518 0.372045 0.402269 0.252332 0.627601 2 49 0.646900 28 0.353100
  49 -20.678083 46.758362 0.119109 -0.865797 0.384758 0.319933 0.255769 0.739023 2 49 0.903400 28 0.096600
v_hands
  28 -19.089128 52.796318 -2.190136 -0.822353 0.378117 0.425163 0.247186 0.527876 2 28 0.713300 49 0.286700
  28 -19.554016 51.008434 -2.464540 -0.980404 0.191818 -0.044875 0.217587 0.583405 2 28 0.572800 49 0.427200
  28 -19.460354 51.269711 -1.619640 -0.835660 0.354826 0.419249 0.250394 0.583778 2 28 0.559100 49 0.440900
v_hands
  28 -19.089128 52.796318 -2.190136 -0.822353 0.378117 0.425163 0.247186 0.527876 2 28 0.713300 49 0.286700
  28 -19.256744 52.493977 -3.150812 -0.976066 0.216231 -0.023198 0.213334 0.528608 2 28 0.706600 49 0.293400
  28 -19.554016 51.008434 -2.464540 -0.980404 0.191818 -0.044875 0.217587 0.583405 2 28 0.572800 49 0.427200
v_hands
  49 -21.181192 44.127430 1.745070 -0.544183 0.569454 0.616106 0.283899 0.855370 1 49 1.000000
  49 -19.734844 46.477234 0.738404 -0.161563 0.440116 0.883286 0.313675 0.743743 2 49 0.925300 28 0.074700
  49 -20.330450 46.581982 0.491692 -0.465585 0.472044 0.748602 0.285348 0.746015 2 49 0.922600 28 0.077400
v_hands
  49 -21.181192 44.127430 1.745070 -0.544183 0.569454 0.616106 0.283899 0.855370 1 49 1.000000
  49 -20.808064 44.063118 1.984342 -0.143730 0.527271 0.837452 0.305857 0.855413 1 49 1.000000
  49 -19.734844 46.477234 0.738404 -0.161563 0.440116 0.883286 0.313675 0.743743 2 49 0.925300 28 0.074700
v_hands
  49 -20.524357 42.905209 -1.205170 -0.205509 -0.273544 -0.939648 0.136113 0.842026 2 49 0.901400 29 0.098600
  49 -20.268854 46.307632 -2.096580 -0.794319 -0.053404 -0.605149 0.164368 0.725429 2 49 0.863000 28 0.137000
  49 -19.576664 45.926697 -2.496405 -0.311049 -0.332575 -0.890304 0.130833 0.721930 2 49 0.865200 28 0.134800
v_hands
  49 -20.524357 42.905209 -1.205170 -0.205509 -0.273544 -0.939648 0.136113 0.842026 2 49 0.901400 29 0.098600
  49 -21.114576 43.202766 -0.855553 -0.798458 0.046896 -0.600221 0.161338 0.846899 1 49 1.000000
  49 -20.268854 46.307632 -2.096580 -0.794319 -0.053404 -0.605149 0.164368 0.725429 2 49 0.863000 28 0.137000
v_hands
  28 -17.249895 55.261913 -2.259665 -0.324087 0.480307 0.815029 0.272899 0.462035 2 28 0.885700 49 0.114300
  28 -17.050074 53.133663 -1.789468 -0.144844 0.333214 0.931659 0.308712 0.513616 2 28 0.767500 49 0.232500
  28 -16.190552 55.030315 -2.243461 -0.179838 0.383666 0.905792 0.304346 0.457153 2 28 0.894100 49 0.105900
v_hands
  28 -17.249895 55.261913 -2.259665 -0.324087 0.480307 0.815029 0.272899 0.462035 2 28 0.885700 49 0.114300
  28 -18.276476 53.125195 -1.739418 -0.298252 0.374649 0.877886 0.278442 0.525141 2 28 0.752900 49 0.247100
  28 -17.050074 53.133663 -1.789468 -0.144844 0.333214 0.931659 0.308712 0.513616 2 28 0.767500 49 0.232500
v_hands
  28 -18.354584 55.290409 -3.218396 -0.777767 0.497675 0.383923 0.239493 0.461632 2 28 0.875500 49 0.124500
  28 -19.256744 52.493977 -3.150812 -0.976066 0.216231 -0.023198 0.213334 0.528608 2 28 0.706600 49 0.293400
  28 -19.089128 52.796318 -2.190136 -0.822353 0.378117 0.425163 0.247186 0.527876 2 28 0.713300 49 0.286700
v_hands
  28 -18.354584 55.290409 -3.218396 -0.777767 0.497675 0.383923 0.239493 0.461632 2 28 0.875500 49 0.124500
  28 -18.675392 54.865120 -4.480603 -0.941621 0.332901 -0.050256 0.191575 0.463971 2 28 0.878600 49 0.121400
  28 -19.256744 52.493977 -3.150812 -0.976066 0.216231 -0.023198 0.213334 0.528608 2 28 0.706600 49 0.293400
v_hands
  49 -20.450268 46.442787 -1.606664 -0.933997 0.094130 -0.344658 0.184920 0.725907 2 49 0.857700 28 0.142300
  49 -21.114576 43.202766 -0.855553 -0.798458 0.046896 -0.600221 0.161338 0.846899 1 49 1.000000
  49 -21.140772 43.402477 -0.294719 -0.916911 0.185904 -0.353148 0.193395 0.849253 1 49 1.000000
v_hands
  49 -20.450268 46.442787 -1.606664 -0.933997 0.094130 -0.344658 0.184920 0.725907 2 49 0.857700 28 0.142300
  49 -20.268854 46.307632 -2.096580 -0.794319 -0.053404 -0.605149 0.164368 0.725429 2 49 0.863000 28 0.137000
  49 -21.114576 43.202766 -0.855553 -0.798458 0.046896 -0.600221 0.161338 0.846899 1 49 1.000000
v_hands
  28 -18.597452 54.422546 -5.500372 -0.828904 0.080318 -0.553594 0.157904 0.464491 2 28 0.908400 49 0.091600
  28 -16.937828 55.785156 -6.712896 -0.382894 -0.036888 -0.923055 0.123892 0.418116 1 28 1.000000
  28 -17.793514 53.964649 -5.915604 -0.440208 -0.196380 -0.876157 0.131850 0.465869 1 28 1.000000
v_hands
  28 -18.597452 54.422546 -5.500372 -0.828904 0.080318 -0.553594 0.157904 0.464491 2 28 0.908400 49 0.091600
  28 -17.664438 56.438881 -6.002429 -0.790838 0.345656 -0.505071 0.162226 0.416533 1 28 1.000000
  28 -16.937828 55.785156 -6.712896 -0.382894 -0.036888 -0.923055 0.123892 0.418116 1 28 1.000000
v_hands
  28 -18.675392 54.865120 -4.480603 -0.941621 0.332901 -0.050256 0.191575 0.463971 2 28 0.878600 49 0.121400
  28 -17.664438 56.438881 -6.002429 -0.790838 0.345656 -0.505071 0.162226 0.416533 1 28 1.000000
  28 -18.597452 54.422546 -5.500372 -0.828904 0.080318 -0.553594 0.157904 0.464491 2 28 0.908400 49 0.091600
v_hands
  28 -18.675392 54.865120 -4.480603 -0.941621 0.332901 -0.050256 0.191575 0.463971 2 28 0.878600 49 0.121400
  28 -17.736431 56.676105 -5.237389 -0.818715 0.574111 0.010120 0.189021 0.416186 1 28 1.000000
  28 -17.664438 56.438881 -6.002429 -0.790838 0.345656 -0.505071 0.162226 0.416533 1 28 1.000000
v_hands
  49 -20.233650 43.976109 1.970271 0.489238 0.221438 0.843571 0.335781 0.852277 2 49 0.932200 29 0.067800
  49 -19.734844 46.477234 0.738404 -0.161563 0.440116 0.883286 0.313675 0.743743 2 49 0.925300 28 0.074700
  49 -20.808064 44.063118 1.984342 -0.143730 0.527271 0.837452 0.305857 0.855413 1 49 1.000000
v_hands
  49 -20.233650 43.976109 1.970271 0.489238 0.221438 0.843571 0.335781 0.852277 2 49 0.932200 29 0.067800
  49 -18.963438 46.352108 0.848757 0.366654 0.174495 0.913847 0.338443 0.736692 1 49 1.000000
  49 -19.734844 46.477234 0.738404 -0.161563 0.440116 0.883286 0.313675 0.743743 2 49 0.925300 28 0.074700
v_hands
  49 -18.184141 45.619865 -2.084544 0.636817 -0.576784 -0.511648 0.444228 0.698591 2 49 0.897000 28 0.103000
  49 -19.988697 42.875183 -1.060283 0.374875 -0.451988 -0.809429 0.464211 0.835910 2 49 0.922800 29 0.077200
  49 -18.800831 45.716507 -2.414994 0.221129 -0.516182 -0.827441 0.465348 0.699179 2 49 0.872000 28 0.128000
v_hands
  49 -18.184141 45.619865 -2.084544 0.636817 -0.576784 -0.511648 0.444228 0.698591 2 49 0.897000 28 0.103000
  49 -19.464157 42.869404 -0.534608 0.789930 -0.494505 -0.362595 0.441640 0.835542 2 49 0.914900 29 0.085100
  49 -19.988697 42.875183 -1.060283 0.374875 -0.451988 -0.809429 0.464211 0.835910 2 49 0.922800 29 0.077200
v_hands
  49 -16.773113 49.215805 -0.637866 0.684439 -0.129967 0.717392 0.358260 0.615648 2 49 0.617500 28 0.382500
  28 -16.602739 51.189491 -0.770363 0.184471 0.230716 0.955374 0.337432 0.569413 2 28 0.610900 49 0.389100
  49 -17.426794 49.462723 -0.227906 0.255092 0.189755 0.948114 0.336700 0.616094 2 49 0.635200 28 0.364800
v_hands
  49 -16.773113 49.215805 -0.637866 0.684439 -0.129967 0.717392 0.358260 0.615648 2 49 0.617500 28 0.382500
  28 -15.938363 50.849846 -1.179523 0.679730 -0.085882 0.728417 0.363439 0.568968 2 28 0.620700 49 0.379300
  28 -16.602739 51.189491 -0.770363 0.184471 0.230716 0.955374 0.337432 0.569413 2 28 0.610900 49 0.389100
v_hands
  49 -18.051329 45.767693 -0.534958 0.871178 -0.357458 0.336560 0.394338 0.721084 2 49 0.939400 28 0.060600
  49 -16.438168 48.861721 -1.223046 0.805920 -0.266136 0.528833 0.381831 0.616689 2 49 0.614300 28 0.385700
  49 -18.247101 45.916534 -0.138255 0.801983 -0.232333 0.550313 0.379511 0.725443 1 49 1.000000
v_hands
  49 -18.051329 45.767693 -0.534958 0.871178 -0.357458 0.336560 0.394338 0.721084 2 49 0.939400 28 0.060600
  49 -16.259045 48.644299 -1.653742 0.886765 -0.386236 0.253906 0.396787 0.614358 2 49 0.610300 28 0.389700
  49 -16.438168 48.861721 -1.223046 0.805920 -0.266136 0.528833 0.381831 0.616689 2 49 0.614300 28 0.385700
v_hands
  28 -14.031539 54.860386 -2.252635 0.715154 -0.075675 0.694859 0.363062 0.439265 2 28 0.924400 49 0.075600
  28 -14.212945 56.739025 -2.571115 0.111831 0.193386 0.974728 0.334205 0.388554 1 28 1.000000
  28 -15.098727 54.715233 -1.668932 0.106972 0.252381 0.961697 0.331921 0.457971 2 28 0.902400 49 0.097600
v_hands
  28 -14.031539 54.860386 -2.252635 0.715154 -0.075675 0.694859 0.363062 0.439265 2 28 0.924400 49 0.075600
  27 -13.449411 56.466888 -2.955739 0.653445 -0.055402 0.754944 0.363915 0.386416 1 27 1.000000
  28 -14.212945 56.739025 -2.571115 0.111831 0.193386 0.974728 0.334205 0.388554 1 28 1.000000
v_hands
  28 -14.031539 54.860386 -2.252635 0.715154 -0.075675 0.694859 0.363062 0.439265 2 28 0.924400 49 0.075600
  28 -13.428639 56.015335 -3.317211 0.834204 -0.208066 0.510698 0.377765 0.396655 1 28 1.000000
  27 -13.449411 56.466888 -2.955739 0.653445 -0.055402 0.754944 0.363915 0.386416 1 27 1.000000
v_hands
  28 -14.031539 54.860386 -2.252635 0.715154 -0.075675 0.694859 0.363062 0.439265 2 28 0.924400 49 0.075600
  28 -13.775651 54.615707 -2.794447 0.907466 -0.259199 0.330638 0.378219 0.438156 2 28 0.946400 49 0.053600
  28 -13.428639 56.015335 -3.317211 0.834204 -0.208066 0.510698 0.377765 0.396655 1 28 1.000000
v_hands
  49 -18.783802 48.550659 -3.961476 -0.368700 -0.317108 -0.873786 0.127276 0.617433 2 49 0.638600 28 0.361400
  49 -18.800831 45.716507 -2.414994 0.221129 -0.516182 -0.827441 0.101830 0.722243 2 49 0.872000 28 0.128000
  49 -19.576664 45.926697 -2.496405 -0.311049 -0.332575 -0.890304 0.130833 0.721930 2 49 0.865200 28 0.134800
v_hands
  49 -18.783802 48.550659 -3.961476 -0.368700 -0.317108 -0.873786 0.127276 0.617433 2 49 0.638600 28 0.361400
  49 -17.714794 48.289753 -3.773045 0.182622 -0.498686 -0.847326 0.083644 0.624609 2 49 0.636400 28 0.363600
  49 -18.800831 45.716507 -2.414994 0.221129 -0.516182 -0.827441 0.101830 0.722243 2 49 0.872000 28 0.128000
v_hands
  28 -14.663840 52.859077 -2.418126 0.875406 -0.297959 0.380638 0.379774 0.493572 2 28 0.809400 49 0.190600
  28 -15.291438 50.656384 -2.329196 0.928766 -0.338801 0.150360 0.397364 0.560888 2 28 0.650700 49 0.349300
  28 -14.488713 53.059982 -3.085478 0.915773 -0.388901 0.100579 0.393821 0.481867 2 28 0.844600 49 0.155400
v_hands
  28 -14.663840 52.859077 -2.418126 0.875406 -0.297959 0.380638 0.379774 0.493572 2 28 0.809400 49 0.190600
  28 -15.501199 50.670963 -1.801920 0.856002 -0.235940 0.459992 0.383583 0.565064 2 28 0.636900 49 0.363100
  28 -15.291438 50.656384 -2.329196 0.928766 -0.338801 0.150360 0.397364 0.560888 2 28 0.650700 49 0.349300
v_hands
  27 -13.497066 56.393127 -6.126128 0.640299 -0.457007 -0.617383 0.458811 0.371909 1 27 1.000000
  28 -13.983320 54.030151 -4.797375 0.877766 -0.422795 -0.225324 0.432121 0.441660 1 28 1.000000
  28 -14.695864 53.676918 -5.757877 0.625769 -0.445302 -0.640406 0.467621 0.449764 1 28 1.000000
v_hands
  27 -13.497066 56.393127 -6.126128 0.640299 -0.457007 -0.617383 0.458811 0.371909 1 27 1.000000
  27 -13.373321 56.038670 -5.239149 0.868393 -0.443750 -0.221314 0.427933 0.385989 1 27 1.000000
  28 -13.983320 54.030151 -4.797375 0.877766 -0.422795 -0.225324 0.432121 0.441660 1 28 1.000000
v_hands
  49 -16.349768 48.384506 -2.571748 0.845953 -0.500497 -0.184029 0.426114 0.612363 2 49 0.625700 28 0.374300
  28 -16.216646 50.097622 -4.235023 0.601895 -0.510726 -0.613907 0.455932 0.566933 2 28 0.612400 49 0.387600
  28 -15.538100 50.385094 -3.360601 0.861356 -0.445748 -0.243667 0.429327 0.561052 2 28 0.644500 49 0.355500
v_hands
  49 -16.349768 48.384506 -2.571748 0.845953 -0.500497 -0.184029 0.426114 0.612363 2 49 0.625700 28 0.374300
  49 -16.953917 48.238949 -3.432064 0.573670 -0.546972 -0.609692 0.451213 0.614599 2 49 0.638100 28 0.361900
  28 -16.216646 50.097622 -4.235023 0.601895 -0.510726 -0.613907 0.455932 0.566933 2 28 0.612400 49 0.387600
v_hands
  49 -18.459570 49.600784 -0.369813 -0.160436 0.386561 0.908202 0.311079 0.620179 2 49 0.647900 28 0.352100
  49 -18.963438 46.352108 0.848757 0.366654 0.174495 0.913847 0.338443 0.736692 1 49 1.000000
  49 -17.426794 49.462723 -0.227906 0.255092 0.189755 0.948114 0.336700 0.616094 2 49 0.635200 28 0.364800
v_hands
  49 -18.459570 49.600784 -0.369813 -0.160436 0.386561 0.908202 0.311079 0.620179 2 49 0.647900 28 0.352100
  49 -19.734844 46.477234 0.738404 -0.161563 0.440116 0.883286 0.313675 0.743743 2 49 0.925300 28 0.074700
  49 -18.963438 46.352108 0.848757 0.366654 0.174495 0.913847 0.338443 0.736692 1 49 1.000000
v_hands
  28 -16.389868 51.646343 -5.413352 0.203309 -0.435093 -0.877131 0.485205 0.515552 2 28 0.802900 49 0.197100
  28 -16.216646 50.097622 -4.235023 0.601895 -0.510726 -0.613907 0.455932 0.566933 2 28 0.612400 49 0.387600
  28 -17.052332 49.968048 -4.593198 0.208280 -0.479004 -0.852745 0.479456 0.572966 2 28 0.596400 49 0.403600
v_hands
  28 -16.389868 51.646343 -5.413352 0.203309 -0.435093 -0.877131 0.485205 0.515552 2 28 0.802900 49 0.197100
  28 -15.479376 51.956306 -5.037978 0.607940 -0.504789 -0.612859 0.462254 0.500339 2 28 0.846500 49 0.153500
  28 -16.216646 50.097622 -4.235023 0.601895 -0.510726 -0.613907 0.455932 0.566933 2 28 0.612400 49 0.387600
v_hands
  49 -18.184141 45.619865 -2.084544 0.636817 -0.576784 -0.511648 0.444228 0.698591 2 49 0.897000 28 0.103000
  49 -16.349768 48.384506 -2.571748 0.845953 -0.500497 -0.184029 0.426114 0.612363 2 49 0.625700 28 0.374300
  49 -18.027391 45.523743 -1.341154 0.869826 -0.492556 -0.028124 0.420405 0.712493 2 49 0.941700 28 0.058300
v_hands
  49 -18.184141 45.619865 -2.084544 0.636817 -0.576784 -0.511648 0.444228 0.698591 2 49 0.897000 28 0.103000
  49 -16.953917 48.238949 -3.432064 0.573670 -0.546972 -0.609692 0.451213 0.614599 2 49 0.638100 28 0.361900
  49 -16.349768 48.384506 -2.571748 0.845953 -0.500497 -0.184029 0.426114 0.612363 2 49 0.625700 28 0.374300
v_hands
  27 -14.671428 56.579735 -6.941699 0.167716 -0.311893 -0.935197 0.493724 0.377238 1 27 1.000000
  28 -14.695864 53.676918 -5.757877 0.625769 -0.445302 -0.640406 0.467621 0.449764 1 28 1.000000
  28 -15.652888 53.605049 -5.998089 0.237399 -0.377730 -0.894965 0.483919 0.460079 1 28 1.000000
v_hands
  27 -14.671428 56.579735 -6.941699 0.167716 -0.311893 -0.935197 0.493724 0.377238 1 27 1.000000
  27 -13.497066 56.393127 -6.126128 0.640299 -0.457007 -0.617383 0.458811 0.371909 1 27 1.000000
  28 -14.695864 53.676918 -5.757877 0.625769 -0.445302 -0.640406 0.467621 0.449764 1 28 1.000000
v_hands
  49 -18.051329 45.767693 -0.534958 0.871178 -0.357458 0.336560 0.394338 0.721084 2 49 0.939400 28 0.060600
  49 -19.353867 43.068821 0.163831 0.913060 -0.390434 0.117826 0.412033 0.839992 2 49 0.935500 29 0.064500
  49 -18.027391 45.523743 -1.341154 0.869826 -0.492556 -0.028124 0.420405 0.712493 2 49 0.941700 28 0.058300
v_hands
  49 -18.051329 45.767693 -0.534958 0.871178 -0.357458 0.336560 0.394338 0.721084 2 49 0.939400 28 0.060600
  49 -19.531507 43.335247 0.849290 0.896652 -0.271480 0.349732 0.382215 0.847183 1 49 1.000000
  49 -19.353867 43.068821 0.163831 0.913060 -0.390434 0.117826 0.412033 0.839992 2 49 0.935500 29 0.064500
v_hands
  49 -17.426794 49.462723 -0.227906 0.255092 0.189755 0.948114 0.336700 0.616094 2 49 0.635200 28 0.364800
  28 -17.754824 51.367226 -1.079641 -0.144062 0.381287 0.913163 0.312077 0.572851 2 28 0.587200 49 0.412800
  49 -18.459570 49.600784 -0.369813 -0.160436 0.386561 0.908202 0.311079 0.620179 2 49 0.647900 28 0.352100
v_hands
  49 -17.426794 49.462723 -0.227906 0.255092 0.189755 0.948114 0.336700 0.616094 2 49 0.635200 28 0.364800
  28 -16.602739 51.189491 -0.770363 0.184471 0.230716 0.955374 0.337432 0.569413 2 28 0.610900 49 0.389100
  28 -17.754824 51.367226 -1.079641 -0.144062 0.381287 0.913163 0.312077 0.572851 2 28 0.587200 49 0.412800
v_hands
  49 -17.426794 49.462723 -0.227906 0.255092 0.189755 0.948114 0.336700 0.616094 2 49 0.635200 28 0.364800
  49 -18.599575 46.208210 0.433858 0.732808 -0.138860 0.666116 0.356564 0.730172 1 49 1.000000
  49 -16.773113 49.215805 -0.637866 0.684439 -0.129967 0.717392 0.358260 0.615648 2 49 0.617500 28 0.382500
v_hands
  49 -17.426794 49.462723 -0.227906 0.255092 0.189755 0.948114 0.336700 0.616094 2 49 0.635200 28 0.364800
  49 -18.963438 46.352108 0.848757 0.366654 0.174495 0.913847 0.338443 0.736692 1 49 1.000000
  49 -18.599575 46.208210 0.433858 0.732808 -0.138860 0.666116 0.356564 0.730172 1 49 1.000000
v_hands
  28 -13.407872 55.563782 -3.678684 0.917848 -0.335960 0.211388 0.393226 0.406250 1 28 1.000000
  28 -13.983320 54.030151 -4.797375 0.877766 -0.422795 -0.225324 0.432121 0.441660 1 28 1.000000
  27 -13.373321 56.038670 -5.239149 0.868393 -0.443750 -0.221314 0.427933 0.385989 1 27 1.000000
v_hands
  28 -13.407872 55.563782 -3.678684 0.917848 -0.335960 0.211388 0.393226 0.406250 1 28 1.000000
  28 -13.645003 54.407318 -3.484892 0.935374 -0.344708 0.079068 0.394342 0.437336 1 28 1.000000
  28 -13.983320 54.030151 -4.797375 0.877766 -0.422795 -0.225324 0.432121 0.441660 1 28 1.000000
v_hands
  49 -18.027391 45.523743 -1.341154 0.869826 -0.492556 -0.028124 0.420405 0.712493 2 49 0.941700 28 0.058300
  49 -16.259045 48.644299 -1.653742 0.886765 -0.386236 0.253906 0.396787 0.614358 2 49 0.610300 28 0.389700
  49 -18.051329 45.767693 -0.534958 0.871178 -0.357458 0.336560 0.394338 0.721084 2 49 0.939400 28 0.060600
v_hands
  49 -18.027391 45.523743 -1.341154 0.869826 -0.492556 -0.028124 0.420405 0.712493 2 49 0.941700 28 0.058300
  49 -16.349768 48.384506 -2.571748 0.845953 -0.500497 -0.184029 0.426114 0.612363 2 49 0.625700 28 0.374300
  49 -16.259045 48.644299 -1.653742 0.886765 -0.386236 0.253906 0.396787 0.614358 2 49 0.610300 28 0.389700
v_hands
  49 -18.027391 45.523743 -1.341154 0.869826 -0.492556 -0.028124 0.420405 0.712493 2 49 0.941700 28 0.058300
  49 -19.464157 42.869404 -0.534608 0.789930 -0.494505 -0.362595 0.441640 0.835542 2 49 0.914900 29 0.085100
  49 -18.184141 45.619865 -2.084544 0.636817 -0.576784 -0.511648 0.444228 0.698591 2 49 0.897000 28 0.103000
v_hands
  49 -18.027391 45.523743 -1.341154 0.869826 -0.492556 -0.028124 0.420405 0.712493 2 49 0.941700 28 0.058300
  49 -19.353867 43.068821 0.163831 0.913060 -0.390434 0.117826 0.412033 0.839992 2 49 0.935500 29 0.064500
  49 -19.464157 42.869404 -0.534608 0.789930 -0.494505 -0.362595 0.441640 0.835542 2 49 0.914900 29 0.085100
v_hands
  49 -16.349768 48.384506 -2.571748 0.845953 -0.500497 -0.184029 0.426114 0.612363 2 49 0.625700 28 0.374300
  28 -15.291438 50.656384 -2.329196 0.928766 -0.338801 0.150360 0.397364 0.560888 2 28 0.650700 49 0.349300
  49 -16.259045 48.644299 -1.653742 0.886765 -0.386236 0.253906 0.396787 0.614358 2 49 0.610300 28 0.389700
v_hands
  49 -16.349768 48.384506 -2.571748 0.845953 -0.500497 -0.184029 0.426114 0.612363 2 49 0.625700 28 0.374300
  28 -15.538100 50.385094 -3.360601 0.861356 -0.445748 -0.243667 0.429327 0.561052 2 28 0.644500 49 0.355500
  28 -15.291438 50.656384 -2.329196 0.928766 -0.338801 0.150360 0.397364 0.560888 2 28 0.650700 49 0.349300
v_hands
  28 -15.098727 54.715233 -1.668932 0.106972 0.252381 0.961697 0.331921 0.457971 2 28 0.902400 49 0.097600
  28 -15.038603 52.764645 -1.807321 0.684351 -0.125608 0.718252 0.363564 0.503057 2 28 0.786700 49 0.213300
  28 -14.031539 54.860386 -2.252635 0.715154 -0.075675 0.694859 0.363062 0.439265 2 28 0.924400 49 0.075600
v_hands
  28 -15.098727 54.715233 -1.668932 0.106972 0.252381 0.961697 0.331921 0.457971 2 28 0.902400 49 0.097600
  28 -15.804587 53.202641 -1.377741 0.116832 0.207353 0.971264 0.338163 0.503081 2 28 0.775500 49 0.224500
  28 -15.038603 52.764645 -1.807321 0.684351 -0.125608 0.718252 0.363564 0.503057 2 28 0.786700 49 0.213300
v_hands
  28 -14.695864 53.676918 -5.757877 0.625769 -0.445302 -0.640406 0.467621 0.449764 1 28 1.000000
  28 -14.615029 52.661728 -4.220395 0.855675 -0.468182 -0.220512 0.428929 0.484368 2 28 0.871500 49 0.128500
  28 -15.479376 51.956306 -5.037978 0.607940 -0.504789 -0.612859 0.462254 0.500339 2 28 0.846500 49 0.153500
v_hands
  28 -14.695864 53.676918 -5.757877 0.625769 -0.445302 -0.640406 0.467621 0.449764 1 28 1.000000
  28 -13.983320 54.030151 -4.797375 0.877766 -0.422795 -0.225324 0.432121 0.441660 1 28 1.000000
  28 -14.615029 52.661728 -4.220395 0.855675 -0.468182 -0.220512 0.428929 0.484368 2 28 0.871500 49 0.128500
v_hands
  28 -13.983320 54.030151 -4.797375 0.877766 -0.422795 -0.225324 0.432121 0.441660 1 28 1.000000
  28 -14.488713 53.059982 -3.085478 0.915773 -0.388901 0.100579 0.393821 0.481867 2 28 0.844600 49 0.155400
  28 -14.615029 52.661728 -4.220395 0.855675 -0.468182 -0.220512 0.428929 0.484368 2 28 0.871500 49 0.128500
v_hands
  28 -13.983320 54.030151 -4.797375 0.877766 -0.422795 -0.225324 0.432121 0.441660 1 28 1.000000
  28 -13.645003 54.407318 -3.484892 0.935374 -0.344708 0.079068 0.394342 0.437336 1 28 1.000000
  28 -14.488713 53.059982 -3.085478 0.915773 -0.388901 0.100579 0.393821 0.481867 2 28 0.844600 49 0.155400
v_hands
  28 -17.646132 51.655167 -5.359780 -0.273121 -0.298926 -0.914357 0.105165 0.521417 2 28 0.773600 49 0.226400
  28 -17.052332 49.968048 -4.593198 0.208280 -0.479004 -0.852745 0.083085 0.567602 2 28 0.596400 49 0.403600
  28 -18.214968 50.102913 -4.660629 -0.356642 -0.300708 -0.884523 0.112995 0.574813 2 28 0.581700 49 0.418300
v_hands
  28 -17.646132 51.655167 -5.359780 -0.273121 -0.298926 -0.914357 0.105165 0.521417 2 28 0.773600 49 0.226400
  28 -16.389868 51.646343 -5.413352 0.203309 -0.435093 -0.877131 0.077367 0.515279 2 28 0.802900 49 0.197100
  28 -17.052332 49.968048 -4.593198 0.208280 -0.479004 -0.852745 0.083085 0.567602 2 28 0.596400 49 0.403600
v_hands
  49 -18.184141 45.619865 -2.084544 0.636817 -0.576784 -0.511648 0.444228 0.698591 2 49 0.897000 28 0.103000
  49 -17.714794 48.289753 -3.773045 0.182622 -0.498686 -0.847326 0.473135 0.618684 2 49 0.636400 28 0.363600
  49 -16.953917 48.238949 -3.432064 0.573670 -0.546972 -0.609692 0.451213 0.614599 2 49 0.638100 28 0.361900
v_hands
  49 -18.184141 45.619865 -2.084544 0.636817 -0.576784 -0.511648 0.444228 0.698591 2 49 0.897000 28 0.103000
  49 -18.800831 45.716507 -2.414994 0.221129 -0.516182 -0.827441 0.465348 0.699179 2 49 0.872000 28 0.128000
  49 -17.714794 48.289753 -3.773045 0.182622 -0.498686 -0.847326 0.473135 0.618684 2 49 0.636400 28 0.363600
v_hands
  49 -19.576664 45.926697 -2.496405 -0.311049 -0.332575 -0.890304 0.130833 0.721930 2 49 0.865200 28 0.134800
  49 -19.988697 42.875183 -1.060283 0.374875 -0.451988 -0.809429 0.114015 0.840699 2 49 0.922800 29 0.077200
  49 -20.524357 42.905209 -1.205170 -0.205509 -0.273544 -0.939648 0.136113 0.842026 2 49 0.901400 29 0.098600
v_hands
  49 -19.576664 45.926697 -2.496405 -0.311049 -0.332575 -0.890304 0.130833 0.721930 2 49 0.865200 28 0.134800
  49 -18.800831 45.716507 -2.414994 0.221129 -0.516182 -0.827441 0.101830 0.722243 2 49 0.872000 28 0.128000
  49 -19.988697 42.875183 -1.060283 0.374875 -0.451988 -0.809429 0.114015 0.840699 2 49 0.922800 29 0.077200
v_hands
  28 -15.864624 55.599937 -6.863147 -0.035170 -0.271660 -0.961750 0.089698 0.412415 1 28 1.000000
  28 -15.652888 53.605049 -5.998089 0.237399 -0.377730 -0.894965 0.071243 0.462496 1 28 1.000000
  28 -16.730450 53.689205 -6.110593 -0.117286 -0.314834 -0.941872 0.096868 0.465296 1 28 1.000000
v_hands
  28 -15.864624 55.599937 -6.863147 -0.035170 -0.271660 -0.961750 0.089698 0.412415 1 28 1.000000
  27 -14.671428 56.579735 -6.941699 0.167716 -0.311893 -0.935197 0.073709 0.379684 1 27 1.000000
  28 -15.652888 53.605049 -5.998089 0.237399 -0.377730 -0.894965 0.071243 0.462496 1 28 1.000000
v_hands
  28 -17.050074 53.133663 -1.789468 -0.144844 0.333214 0.931659 0.308712 0.513616 2 28 0.767500 49 0.232500
  28 -16.602739 51.189491 -0.770363 0.184471 0.230716 0.955374 0.337432 0.569413 2 28 0.610900 49 0.389100
  28 -15.804587 53.202641 -1.377741 0.116832 0.207353 0.971264 0.338163 0.503081 2 28 0.775500 49 0.224500
v_hands
  28 -17.050074 53.133663 -1.789468 -0.144844 0.333214 0.931659 0.308712 0.513616 2 28 0.767500 49 0.232500
  28 -17.754824 51.367226 -1.079641 -0.144062 0.381287 0.913163 0.312077 0.572851 2 28 0.587200 49 0.412800
  28 -16.602739 51.189491 -0.770363 0.184471 0.230716 0.955374 0.337432 0.569413 2 28 0.610900 49 0.389100
v_hands
  28 -18.276476 53.125195 -1.739418 -0.298252 0.374649 0.877886 0.278442 0.525141 2 28 0.752900 49 0.247100
  28 -18.354584 55.290409 -3.218396 -0.777767 0.497675 0.383923 0.239493 0.461632 2 28 0.875500 49 0.124500
  28 -19.089128 52.796318 -2.190136 -0.822353 0.378117 0.425163 0.247186 0.527876 2 28 0.713300 49 0.286700
v_hands
  28 -18.276476 53.125195 -1.739418 -0.298252 0.374649 0.877886 0.278442 0.525141 2 28 0.752900 49 0.247100
  28 -17.249895 55.261913 -2.259665 -0.324087 0.480307 0.815029 0.272899 0.462035 2 28 0.885700 49 0.114300
  28 -18.354584 55.290409 -3.218396 -0.777767 0.497675 0.383923 0.239493 0.461632 2 28 0.875500 49 0.124500
v_hands
  28 -15.804587 53.202641 -1.377741 0.116832 0.207353 0.971264 0.338163 0.503081 2 28 0.775500 49 0.224500
  28 -16.190552 55.030315 -2.243461 -0.179838 0.383666 0.905792 0.304346 0.457153 2 28 0.894100 49 0.105900
  28 -17.050074 53.133663 -1.789468 -0.144844 0.333214 0.931659 0.308712 0.513616 2 28 0.767500 49 0.232500
v_hands
  28 -15.804587 53.202641 -1.377741 0.116832 0.207353 0.971264 0.338163 0.503081 2 28 0.775500 49 0.224500
  28 -15.098727 54.715233 -1.668932 0.106972 0.252381 0.961697 0.331921 0.457971 2 28 0.902400 49 0.097600
  28 -16.190552 55.030315 -2.243461 -0.179838 0.383666 0.905792 0.304346 0.457153 2 28 0.894100 49 0.105900
v_hands
  28 -18.597452 54.422546 -5.500372 -0.828904 0.080318 -0.553594 0.157904 0.464491 2 28 0.908400 49 0.091600
  28 -18.628952 51.761414 -4.684453 -0.505121 -0.238500 -0.829440 0.145448 0.527821 2 28 0.757400 49 0.242600
  28 -19.161732 51.953850 -4.472478 -0.834557 -0.067706 -0.546745 0.161358 0.529687 2 28 0.731000 49 0.269000
v_hands
  28 -18.597452 54.422546 -5.500372 -0.828904 0.080318 -0.553594 0.157904 0.464491 2 28 0.908400 49 0.091600
  28 -17.793514 53.964649 -5.915604 -0.440208 -0.196380 -0.876157 0.131850 0.465869 1 28 1.000000
  28 -18.628952 51.761414 -4.684453 -0.505121 -0.238500 -0.829440 0.145448 0.527821 2 28 0.757400 49 0.242600
v_hands
  28 -16.730450 53.689205 -6.110593 -0.117286 -0.314834 -0.941872 0.096868 0.465296 1 28 1.000000
  28 -16.389868 51.646343 -5.413352 0.203309 -0.435093 -0.877131 0.077367 0.515279 2 28 0.802900 49 0.197100
  28 -17.646132 51.655167 -5.359780 -0.273121 -0.298926 -0.914357 0.105165 0.521417 2 28 0.773600 49 0.226400
v_hands
  28 -16.730450 53.689205 -6.110593 -0.117286 -0.314834 -0.941872 0.096868 0.465296 1 28 1.000000
  28 -15.652888 53.605049 -5.998089 0.237399 -0.377730 -0.894965 0.071243 0.462496 1 28 1.000000
  28 -16.389868 51.646343 -5.413352 0.203309 -0.435093 -0.877131 0.077367 0.515279 2 28 0.802900 49 0.197100
v_hands
  28 -16.730450 53.689205 -6.110593 -0.117286 -0.314834 -0.941872 0.096868 0.465296 1 28 1.000000
  28 -16.937828 55.785156 -6.712896 -0.382894 -0.036888 -0.923055 0.123892 0.418116 1 28 1.000000
  28 -15.864624 55.599937 -6.863147 -0.035170 -0.271660 -0.961750 0.089698 0.412415 1 28 1.000000
v_hands
  28 -16.730450 53.689205 -6.110593 -0.117286 -0.314834 -0.941872 0.096868 0.465296 1 28 1.000000
  28 -17.793514 53.964649 -5.915604 -0.440208 -0.196380 -0.876157 0.131850 0.465869 1 28 1.000000
  28 -16.937828 55.785156 -6.712896 -0.382894 -0.036888 -0.923055 0.123892 0.418116 1 28 1.000000
v_hands
  28 -15.479376 51.956306 -5.037978 0.607940 -0.504789 -0.612859 0.462254 0.500339 2 28 0.846500 49 0.153500
  28 -15.652888 53.605049 -5.998089 0.237399 -0.377730 -0.894965 0.483919 0.460079 1 28 1.000000
  28 -14.695864 53.676918 -5.757877 0.625769 -0.445302 -0.640406 0.467621 0.449764 1 28 1.000000
v_hands
  28 -15.479376 51.956306 -5.037978 0.607940 -0.504789 -0.612859 0.462254 0.500339 2 28 0.846500 49 0.153500
  28 -16.389868 51.646343 -5.413352 0.203309 -0.435093 -0.877131 0.485205 0.515552 2 28 0.802900 49 0.197100
  28 -15.652888 53.605049 -5.998089 0.237399 -0.377730 -0.894965 0.483919 0.460079 1 28 1.000000
v_hands
  28 -14.663840 52.859077 -2.418126 0.875406 -0.297959 0.380638 0.379774 0.493572 2 28 0.809400 49 0.190600
  28 -14.031539 54.860386 -2.252635 0.715154 -0.075675 0.694859 0.363062 0.439265 2 28 0.924400 49 0.075600
  28 -15.038603 52.764645 -1.807321 0.684351 -0.125608 0.718252 0.363564 0.503057 2 28 0.786700 49 0.213300
v_hands
  28 -14.663840 52.859077 -2.418126 0.875406 -0.297959 0.380638 0.379774 0.493572 2 28 0.809400 49 0.190600
  28 -13.775651 54.615707 -2.794447 0.907466 -0.259199 0.330638 0.378219 0.438156 2 28 0.946400 49 0.053600
  28 -14.031539 54.860386 -2.252635 0.715154 -0.075675 0.694859 0.363062 0.439265 2 28 0.924400 49 0.075600
v_hands
  49 -20.678083 46.758362 0.119109 -0.865797 0.384758 0.319933 0.255769 0.739023 2 49 0.903400 28 0.096600
  49 -21.427856 43.817787 0.249762 -0.926144 0.241177 -0.289984 0.218453 0.849102 1 49 1.000000
  49 -21.482744 44.074417 1.173909 -0.877650 0.448248 0.169719 0.256425 0.853119 1 49 1.000000
v_hands
  49 -20.678083 46.758362 0.119109 -0.865797 0.384758 0.319933 0.255769 0.739023 2 49 0.903400 28 0.096600
  49 -20.697481 46.623905 -0.583870 -0.966909 0.193048 -0.166788 0.225344 0.735154 2 49 0.883700 28 0.116300
  49 -21.427856 43.817787 0.249762 -0.926144 0.241177 -0.289984 0.218453 0.849102 1 49 1.000000
v_hands
  49 -20.450268 46.442787 -1.606664 -0.933997 0.094130 -0.344658 0.184920 0.725907 2 49 0.857700 28 0.142300
  49 -19.905169 49.544224 -1.779917 -0.975650 0.201298 -0.087102 0.221006 0.626579 2 49 0.628900 28 0.371100
  49 -19.716454 49.071678 -3.060639 -0.889849 0.000812 -0.456254 0.168870 0.626807 2 49 0.612800 28 0.387200
v_hands
  49 -20.450268 46.442787 -1.606664 -0.933997 0.094130 -0.344658 0.184920 0.725907 2 49 0.857700 28 0.142300
  49 -20.697481 46.623905 -0.583870 -0.966909 0.193048 -0.166788 0.225344 0.735154 2 49 0.883700 28 0.116300
  49 -19.905169 49.544224 -1.779917 -0.975650 0.201298 -0.087102 0.221006 0.626579 2 49 0.628900 28 0.371100
v_hands
  49 -19.716454 49.071678 -3.060639 -0.889849 0.000812 -0.456254 0.168870 0.626807 2 49 0.612800 28 0.387200
  28 -19.554016 51.008434 -2.464540 -0.980404 0.191818 -0.044875 0.217587 0.583405 2 28 0.572800 49 0.427200
  28 -19.471222 50.525478 -3.767544 -0.841860 -0.079937 -0.533743 0.164023 0.583369 2 28 0.567100 49 0.432900
v_hands
  49 -19.716454 49.071678 -3.060639 -0.889849 0.000812 -0.456254 0.168870 0.626807 2 49 0.612800 28 0.387200
  49 -19.905169 49.544224 -1.779917 -0.975650 0.201298 -0.087102 0.221006 0.626579 2 49 0.628900 28 0.371100
  28 -19.554016 51.008434 -2.464540 -0.980404 0.191818 -0.044875 0.217587 0.583405 2 28 0.572800 49 0.427200
v_hands
  28 -19.161732 51.953850 -4.472478 -0.834557 -0.067706 -0.546745 0.161358 0.529687 2 28 0.731000 49 0.269000
  28 -18.675392 54.865120 -4.480603 -0.941621 0.332901 -0.050256 0.191575 0.463971 2 28 0.878600 49 0.121400
  28 -18.597452 54.422546 -5.500372 -0.828904 0.080318 -0.553594 0.157904 0.464491 2 28 0.908400 49 0.091600
v_hands
  28 -19.161732 51.953850 -4.472478 -0.834557 -0.067706 -0.546745 0.161358 0.529687 2 28 0.731000 49 0.269000
  28 -19.256744 52.493977 -3.150812 -0.976066 0.216231 -0.023198 0.213334 0.528608 2 28 0.706600 49 0.293400
  28 -18.675392 54.865120 -4.480603 -0.941621 0.332901 -0.050256 0.191575 0.463971 2 28 0.878600 49 0.121400
v_hands
  28 -17.687555 56.683338 -4.164099 -0.686763 0.655113 0.314933 0.217514 0.421245 1 28 1.000000
  28 -18.675392 54.865120 -4.480603 -0.941621 0.332901 -0.050256 0.191575 0.463971 2 28 0.878600 49 0.121400
  28 -18.354584 55.290409 -3.218396 -0.777767 0.497675 0.383923 0.239493 0.461632 2 28 0.875500 49 0.124500
v_hands
  28 -17.687555 56.683338 -4.164099 -0.686763 0.655113 0.314933 0.217514 0.421245 1 28 1.000000
  28 -17.736431 56.676105 -5.237389 -0.818715 0.574111 0.010120 0.189021 0.416186 1 28 1.000000
  28 -18.675392 54.865120 -4.480603 -0.941621 0.332901 -0.050256 0.191575 0.463971 2 28 0.878600 49 0.121400
v_hands
  28 -17.664438 56.438881 -6.002429 -0.790838 0.345656 -0.505071 0.162226 0.416533 1 28 1.000000
  27 -16.752453 57.718735 -5.146766 -0.823421 0.538454 0.179010 0.198156 0.378666 1 27 1.000000
  27 -16.736797 57.911423 -6.081550 -0.858754 0.364695 -0.359915 0.171200 0.371159 1 27 1.000000
v_hands
  28 -17.664438 56.438881 -6.002429 -0.790838 0.345656 -0.505071 0.162226 0.416533 1 28 1.000000
  28 -17.736431 56.676105 -5.237389 -0.818715 0.574111 0.010120 0.189021 0.416186 1 28 1.000000
  27 -16.752453 57.718735 -5.146766 -0.823421 0.538454 0.179010 0.198156 0.378666 1 27 1.000000
v_hands
  28 -19.015224 50.320854 -3.967619 -0.593098 -0.206286 -0.778255 0.149052 0.581356 2 28 0.571400 49 0.428600
  49 -18.783802 48.550659 -3.961476 -0.368700 -0.317108 -0.873786 0.127276 0.617433 2 49 0.638600 28 0.361400
  49 -19.444666 48.897377 -3.252106 -0.703552 -0.134335 -0.697832 0.154109 0.625995 2 49 0.634900 28 0.365100
v_hands
  28 -19.015224 50.320854 -3.967619 -0.593098 -0.206286 -0.778255 0.149052 0.581356 2 28 0.571400 49 0.428600
  28 -18.214968 50.102913 -4.660629 -0.356642 -0.300708 -0.884523 0.112995 0.574813 2 28 0.581700 49 0.418300
  49 -18.783802 48.550659 -3.961476 -0.368700 -0.317108 -0.873786 0.127276 0.617433 2 49 0.638600 28 0.361400
v_hands
  49 -19.364746 49.771759 -0.701939 -0.393329 0.417076 0.819353 0.277687 0.625637 2 49 0.649000 28 0.351000
  28 -19.460354 51.269711 -1.619640 -0.835660 0.354826 0.419249 0.250394 0.583778 2 28 0.559100 49 0.440900
  49 -19.831583 49.743092 -1.049141 -0.836518 0.372045 0.402269 0.252332 0.627601 2 49 0.646900 28 0.353100
v_hands
  49 -19.364746 49.771759 -0.701939 -0.393329 0.417076 0.819353 0.277687 0.625637 2 49 0.649000 28 0.351000
  28 -18.820610 51.448479 -1.220678 -0.341749 0.398904 0.850931 0.278064 0.577866 2 28 0.572700 49 0.427300
  28 -19.460354 51.269711 -1.619640 -0.835660 0.354826 0.419249 0.250394 0.583778 2 28 0.559100 49 0.440900
v_hands
  28 -19.015224 50.320854 -3.967619 -0.593098 -0.206286 -0.778255 0.149052 0.581356 2 28 0.571400 49 0.428600
  28 -19.161732 51.953850 -4.472478 -0.834557 -0.067706 -0.546745 0.161358 0.529687 2 28 0.731000 49 0.269000
  28 -18.628952 51.761414 -4.684453 -0.505121 -0.238500 -0.829440 0.145448 0.527821 2 28 0.757400 49 0.242600
v_hands
  28 -19.015224 50.320854 -3.967619 -0.593098 -0.206286 -0.778255 0.149052 0.581356 2 28 0.571400 49 0.428600
  28 -19.471222 50.525478 -3.767544 -0.841860 -0.079937 -0.533743 0.164023 0.583369 2 28 0.567100 49 0.432900
  28 -19.161732 51.953850 -4.472478 -0.834557 -0.067706 -0.546745 0.161358 0.529687 2 28 0.731000 49 0.269000
v_hands
  28 -18.276476 53.125195 -1.739418 -0.298252 0.374649 0.877886 0.278442 0.525141 2 28 0.752900 49 0.247100
  28 -17.754824 51.367226 -1.079641 -0.144062 0.381287 0.913163 0.312077 0.572851 2 28 0.587200 49 0.412800
  28 -17.050074 53.133663 -1.789468 -0.144844 0.333214 0.931659 0.308712 0.513616 2 28 0.767500 49 0.232500
v_hands
  28 -18.276476 53.125195 -1.739418 -0.298252 0.374649 0.877886 0.278442 0.525141 2 28 0.752900 49 0.247100
  28 -18.820610 51.448479 -1.220678 -0.341749 0.398904 0.850931 0.278064 0.577866 2 28 0.572700 49 0.427300
  28 -17.754824 51.367226 -1.079641 -0.144062 0.381287 0.913163 0.312077 0.572851 2 28 0.587200 49 0.412800
v_hands
  28 -19.460354 51.269711 -1.619640 -0.835660 0.354826 0.419249 0.250394 0.583778 2 28 0.559100 49 0.440900
  49 -19.905169 49.544224 -1.779917 -0.975650 0.201298 -0.087102 0.221006 0.626579 2 49 0.628900 28 0.371100
  49 -19.831583 49.743092 -1.049141 -0.836518 0.372045 0.402269 0.252332 0.627601 2 49 0.646900 28 0.353100
v_hands
  28 -19.460354 51.269711 -1.619640 -0.835660 0.354826 0.419249 0.250394 0.583778 2 28 0.559100 49 0.440900
  28 -19.554016 51.008434 -2.464540 -0.980404 0.191818 -0.044875 0.217587 0.583405 2 28 0.572800 49 0.427200
  49 -19.905169 49.544224 -1.779917 -0.975650 0.201298 -0.087102 0.221006 0.626579 2 49 0.628900 28 0.371100
v_hands
  28 -15.804587 53.202641 -1.377741 0.116832 0.207353 0.971264 0.338163 0.503081 2 28 0.775500 49 0.224500
  28 -15.938363 50.849846 -1.179523 0.679730 -0.085882 0.728417 0.363439 0.568968 2 28 0.620700 49 0.379300
  28 -15.038603 52.764645 -1.807321 0.684351 -0.125608 0.718252 0.363564 0.503057 2 28 0.786700 49 0.213300
v_hands
  28 -15.804587 53.202641 -1.377741 0.116832 0.207353 0.971264 0.338163 0.503081 2 28 0.775500 49 0.224500
  28 -16.602739 51.189491 -0.770363 0.184471 0.230716 0.955374 0.337432 0.569413 2 28 0.610900 49 0.389100
  28 -15.938363 50.849846 -1.179523 0.679730 -0.085882 0.728417 0.363439 0.568968 2 28 0.620700 49 0.379300
v_hands
  49 -16.259045 48.644299 -1.653742 0.886765 -0.386236 0.253906 0.396787 0.614358 2 49 0.610300 28 0.389700
  28 -15.501199 50.670963 -1.801920 0.856002 -0.235940 0.459992 0.383583 0.565064 2 28 0.636900 49 0.363100
  49 -16.438168 48.861721 -1.223046 0.805920 -0.266136 0.528833 0.381831 0.616689 2 49 0.614300 28 0.385700
v_hands
  49 -16.259045 48.644299 -1.653742 0.886765 -0.386236 0.253906 0.396787 0.614358 2 49 0.610300 28 0.389700
  28 -15.291438 50.656384 -2.329196 0.928766 -0.338801 0.150360 0.397364 0.560888 2 28 0.650700 49 0.349300
  28 -15.501199 50.670963 -1.801920 0.856002 -0.235940 0.459992 0.383583 0.565064 2 28 0.636900 49 0.363100
v_hands
  28 -15.538100 50.385094 -3.360601 0.861356 -0.445748 -0.243667 0.429327 0.561052 2 28 0.644500 49 0.355500
  28 -15.479376 51.956306 -5.037978 0.607940 -0.504789 -0.612859 0.462254 0.500339 2 28 0.846500 49 0.153500
  28 -14.615029 52.661728 -4.220395 0.855675 -0.468182 -0.220512 0.428929 0.484368 2 28 0.871500 49 0.128500
v_hands
  28 -15.538100 50.385094 -3.360601 0.861356 -0.445748 -0.243667 0.429327 0.561052 2 28 0.644500 49 0.355500
  28 -16.216646 50.097622 -4.235023 0.601895 -0.510726 -0.613907 0.455932 0.566933 2 28 0.612400 49 0.387600
  28 -15.479376 51.956306 -5.037978 0.607940 -0.504789 -0.612859 0.462254 0.500339 2 28 0.846500 49 0.153500
v_hands
  28 -17.052332 49.968048 -4.593198 0.208280 -0.479004 -0.852745 0.479456 0.572966 2 28 0.596400 49 0.403600
  49 -16.953917 48.238949 -3.432064 0.573670 -0.546972 -0.609692 0.451213 0.614599 2 49 0.638100 28 0.361900
  49 -17.714794 48.289753 -3.773045 0.182622 -0.498686 -0.847326 0.473135 0.618684 2 49 0.636400 28 0.363600
v_hands
  28 -17.052332 49.968048 -4.593198 0.208280 -0.479004 -0.852745 0.479456 0.572966 2 28 0.596400 49 0.403600
  28 -16.216646 50.097622 -4.235023 0.601895 -0.510726 -0.613907 0.455932 0.566933 2 28 0.612400 49 0.387600
  49 -16.953917 48.238949 -3.432064 0.573670 -0.546972 -0.609692 0.451213 0.614599 2 49 0.638100 28 0.361900
v_hands
  27 -11.447605 59.027973 -3.951942 0.818990 -0.446231 0.360738 0.398512 0.275682 1 27 1.000000
  28 -13.428639 56.015335 -3.317211 0.834204 -0.208066 0.510698 0.377765 0.396655 1 28 1.000000
  28 -13.407872 55.563782 -3.678684 0.917848 -0.335960 0.211388 0.393226 0.406250 1 28 1.000000
v_hands
  27 -11.447605 59.027973 -3.951942 0.818990 -0.446231 0.360738 0.398512 0.275682 1 27 1.000000
  27 -11.921036 59.205990 -3.579859 0.680533 -0.262752 0.683985 0.374966 0.281906 1 27 1.000000
  28 -13.428639 56.015335 -3.317211 0.834204 -0.208066 0.510698 0.377765 0.396655 1 28 1.000000
v_hands
  49 -18.247101 45.916534 -0.138255 0.801983 -0.232333 0.550313 0.379511 0.725443 1 49 1.000000
  49 -16.773113 49.215805 -0.637866 0.684439 -0.129967 0.717392 0.358260 0.615648 2 49 0.617500 28 0.382500
  49 -18.599575 46.208210 0.433858 0.732808 -0.138860 0.666116 0.356564 0.730172 1 49 1.000000
v_hands
  49 -18.247101 45.916534 -0.138255 0.801983 -0.232333 0.550313 0.379511 0.725443 1 49 1.000000
  49 -16.438168 48.861721 -1.223046 0.805920 -0.266136 0.528833 0.381831 0.616689 2 49 0.614300 28 0.385700
  49 -16.773113 49.215805 -0.637866 0.684439 -0.129967 0.717392 0.358260 0.615648 2 49 0.617500 28 0.382500
v_hands
  28 -13.407872 55.563782 -3.678684 0.917848 -0.335960 0.211388 0.393226 0.406250 1 28 1.000000
  28 -13.775651 54.615707 -2.794447 0.907466 -0.259199 0.330638 0.378219 0.438156 2 28 0.946400 49 0.053600
  28 -13.645003 54.407318 -3.484892 0.935374 -0.344708 0.079068 0.394342 0.437336 1 28 1.000000
v_hands
  28 -13.407872 55.563782 -3.678684 0.917848 -0.335960 0.211388 0.393226 0.406250 1 28 1.000000
  28 -13.428639 56.015335 -3.317211 0.834204 -0.208066 0.510698 0.377765 0.396655 1 28 1.000000
  28 -13.775651 54.615707 -2.794447 0.907466 -0.259199 0.330638 0.378219 0.438156 2 28 0.946400 49 0.053600
v_hands
  28 -15.501199 50.670963 -1.801920 0.856002 -0.235940 0.459992 0.383583 0.565064 2 28 0.636900 49 0.363100
  28 -15.038603 52.764645 -1.807321 0.684351 -0.125608 0.718252 0.363564 0.503057 2 28 0.786700 49 0.213300
  28 -15.938363 50.849846 -1.179523 0.679730 -0.085882 0.728417 0.363439 0.568968 2 28 0.620700 49 0.379300
v_hands
  28 -15.501199 50.670963 -1.801920 0.856002 -0.235940 0.459992 0.383583 0.565064 2 28 0.636900 49 0.363100
  28 -14.663840 52.859077 -2.418126 0.875406 -0.297959 0.380638 0.379774 0.493572 2 28 0.809400 49 0.190600
  28 -15.038603 52.764645 -1.807321 0.684351 -0.125608 0.718252 0.363564 0.503057 2 28 0.786700 49 0.213300
v_hands
  28 -13.775651 54.615707 -2.794447 0.907466 -0.259199 0.330638 0.378219 0.438156 2 28 0.946400 49 0.053600
  28 -14.488713 53.059982 -3.085478 0.915773 -0.388901 0.100579 0.393821 0.481867 2 28 0.844600 49 0.155400
  28 -13.645003 54.407318 -3.484892 0.935374 -0.344708 0.079068 0.394342 0.437336 1 28 1.000000
v_hands
  28 -13.775651 54.615707 -2.794447 0.907466 -0.259199 0.330638 0.378219 0.438156 2 28 0.946400 49 0.053600
  28 -14.663840 52.859077 -2.418126 0.875406 -0.297959 0.380638 0.379774 0.493572 2 28 0.809400 49 0.190600
  28 -14.488713 53.059982 -3.085478 0.915773 -0.388901 0.100579 0.393821 0.481867 2 28 0.844600 49 0.155400
v_hands
  49 -16.438168 48.861721 -1.223046 0.805920 -0.266136 0.528833 0.381831 0.616689 2 49 0.614300 28 0.385700
  28 -15.938363 50.849846 -1.179523 0.679730 -0.085882 0.728417 0.363439 0.568968 2 28 0.620700 49 0.379300
  49 -16.773113 49.215805 -0.637866 0.684439 -0.129967 0.717392 0.358260 0.615648 2 49 0.617500 28 0.382500
v_hands
  49 -16.438168 48.861721 -1.223046 0.805920 -0.266136 0.528833 0.381831 0.616689 2 49 0.614300 28 0.385700
  28 -15.501199 50.670963 -1.801920 0.856002 -0.235940 0.459992 0.383583 0.565064 2 28 0.636900 49 0.363100
  28 -15.938363 50.849846 -1.179523 0.679730 -0.085882 0.728417 0.363439 0.568968 2 28 0.620700 49 0.379300
v_hands
  22 23.228970 36.134220 0.747181 0.761463 -0.133423 -0.634329 0.611161 0.765611 1 22 1.000000
  22 23.038536 36.384377 0.584831 0.359970 -0.274852 -0.891559 0.607629 0.752208 1 22 1.000000
  22 23.217289 36.377308 0.692509 0.753957 -0.143763 -0.641000 0.613120 0.756299 1 22 1.000000
v_hands
  22 23.228970 36.134220 0.747181 0.761463 -0.133423 -0.634329 0.611161 0.765611 1 22 1.000000
  22 22.902805 36.219604 0.618150 0.410782 -0.152827 -0.898834 0.604649 0.756437 1 22 1.000000
  22 23.038536 36.384377 0.584831 0.359970 -0.274852 -0.891559 0.607629 0.752208 1 22 1.000000
v_hands
  19 23.511511 34.278893 2.723838 -0.881560 -0.332030 -0.335572 0.821914 0.335001 1 19 1.000000
  18 23.589020 34.931084 2.215714 -0.239650 -0.343301 -0.908137 0.833783 0.307369 1 18 1.000000
  19 23.843521 34.231556 2.455006 -0.255747 -0.367611 -0.894122 0.839250 0.336518 1 19 1.000000
v_hands
  19 23.511511 34.278893 2.723838 -0.881560 -0.332030 -0.335572 0.821914 0.335001 1 19 1.000000
  18 23.278605 34.879990 2.507569 -0.832667 -0.434501 -0.343329 0.816245 0.309374 1 18 1.000000
  18 23.589020 34.931084 2.215714 -0.239650 -0.343301 -0.908137 0.833783 0.307369 1 18 1.000000
v_hands
  19 23.511511 34.278893 2.723838 -0.881560 -0.332030 -0.335572 0.821914 0.335001 1 19 1.000000
  18 23.293930 34.926098 3.055463 -0.893633 -0.316429 0.318264 0.793135 0.317444 1 18 1.000000
  18 23.278605 34.879990 2.507569 -0.832667 -0.434501 -0.343329 0.816245 0.309374 1 18 1.000000
v_hands
  19 23.511511 34.278893 2.723838 -0.881560 -0.332030 -0.335572 0.821914 0.335001 1 19 1.000000
  19 23.577927 34.403473 3.171461 -0.935309 -0.128202 0.329789 0.802346 0.341691 1 19 1.000000
  18 23.293930 34.926098 3.055463 -0.893633 -0.316429 0.318264 0.793135 0.317444 1 18 1.000000
v_hands
  19 24.261797 34.660473 3.615984 0.249704 0.314846 0.915707 0.766820 0.358328 1 19 1.000000
  18 23.530993 35.104919 3.460394 -0.509591 -0.035133 0.859699 0.774511 0.328411 1 18 1.000000
  19 23.809267 34.476166 3.589142 -0.544805 0.100858 0.832475 0.782876 0.352393 1 19 1.000000
v_hands
  19 24.261797 34.660473 3.615984 0.249704 0.314846 0.915707 0.766820 0.358328 1 19 1.000000
  18 23.911171 35.335873 3.475291 0.234158 0.337704 0.911661 0.760520 0.331457 1 18 1.000000
  18 23.530993 35.104919 3.460394 -0.509591 -0.035133 0.859699 0.774511 0.328411 1 18 1.000000
v_hands
  22 22.509579 34.793034 1.103526 -0.977218 -0.211857 0.012701 0.893904 0.255241 1 22 1.000000
  22 22.466751 35.359947 1.532172 -0.730857 -0.204299 0.651237 0.858296 0.242330 1 22 1.000000
  22 22.291059 35.332817 1.037925 -0.957197 -0.288688 -0.020791 0.878881 0.226187 1 22 1.000000
v_hands
  22 22.509579 34.793034 1.103526 -0.977218 -0.211857 0.012701 0.893904 0.255241 1 22 1.000000
  22 22.689093 34.840214 1.455165 -0.755393 -0.129696 0.642309 0.877852 0.267023 1 22 1.000000
  22 22.466751 35.359947 1.532172 -0.730857 -0.204299 0.651237 0.858296 0.242330 1 22 1.000000
v_hands
  22 22.949078 34.863079 1.682735 -0.172293 -0.035182 0.984417 0.867649 0.282712 1 22 1.000000
  22 23.218845 35.328724 1.572163 0.610886 0.088986 0.786702 0.852610 0.277348 1 22 1.000000
  22 22.849962 35.336147 1.708712 -0.113600 -0.062632 0.991550 0.852063 0.263642 1 22 1.000000
v_hands
  22 22.949078 34.863079 1.682735 -0.172293 -0.035182 0.984417 0.867649 0.282712 1 22 1.000000
  22 23.314472 34.888706 1.600337 0.599784 0.060270 0.797889 0.854289 0.294218 1 22 1.000000
  22 23.218845 35.328724 1.572163 0.610886 0.088986 0.786702 0.852610 0.277348 1 22 1.000000
v_hands
  22 22.509579 34.793034 1.103526 -0.977218 -0.211857 0.012701 0.893904 0.255241 1 22 1.000000
  22 22.472622 35.289536 0.700971 -0.621843 -0.225294 -0.750036 0.896002 0.221050 1 22 1.000000
  22 22.661818 34.792027 0.742349 -0.643053 -0.208375 -0.736928 0.913306 0.247578 1 22 1.000000
v_hands
  22 22.509579 34.793034 1.103526 -0.977218 -0.211857 0.012701 0.893904 0.255241 1 22 1.000000
  22 22.291059 35.332817 1.037925 -0.957197 -0.288688 -0.020791 0.878881 0.226187 1 22 1.000000
  22 22.472622 35.289536 0.700971 -0.621843 -0.225294 -0.750036 0.896002 0.221050 1 22 1.000000
v_hands
  19 23.511511 34.278893 2.723838 -0.881560 -0.332030 -0.335572 0.821914 0.335001 1 19 1.000000
  19 23.897011 33.938831 2.576947 -0.261653 -0.356086 -0.897073 0.839822 0.348936 1 19 1.000000
  19 23.535622 33.939445 2.827170 -0.882136 -0.285737 -0.374421 0.825104 0.349165 1 19 1.000000
v_hands
  19 23.511511 34.278893 2.723838 -0.881560 -0.332030 -0.335572 0.821914 0.335001 1 19 1.000000
  19 23.843521 34.231556 2.455006 -0.255747 -0.367611 -0.894122 0.839250 0.336518 1 19 1.000000
  19 23.897011 33.938831 2.576947 -0.261653 -0.356086 -0.897073 0.839822 0.348936 1 19 1.000000
v_hands
  19 23.809267 34.476166 3.589142 -0.544805 0.100858 0.832475 0.782876 0.352393 1 19 1.000000
  19 24.287834 34.380680 3.691253 0.288764 0.289950 0.912438 0.771338 0.367072 1 19 1.000000
  19 24.261797 34.660473 3.615984 0.249704 0.314846 0.915707 0.766820 0.358328 1 19 1.000000
v_hands
  19 23.809267 34.476166 3.589142 -0.544805 0.100858 0.832475 0.782876 0.352393 1 19 1.000000
  19 23.843699 34.220032 3.713747 -0.524492 0.160630 0.836126 0.783838 0.362487 1 19 1.000000
  19 24.287834 34.380680 3.691253 0.288764 0.289950 0.912438 0.771338 0.367072 1 19 1.000000
v_hands
  19 23.535622 33.939445 2.827170 -0.882136 -0.285737 -0.374421 0.825104 0.349165 1 19 1.000000
  19 23.577927 34.403473 3.171461 -0.935309 -0.128202 0.329789 0.802346 0.341691 1 19 1.000000
  19 23.511511 34.278893 2.723838 -0.881560 -0.332030 -0.335572 0.821914 0.335001 1 19 1.000000
v_hands
  19 23.535622 33.939445 2.827170 -0.882136 -0.285737 -0.374421 0.825104 0.349165 1 19 1.000000
  19 23.568108 34.063675 3.282176 -0.945238 -0.057589 0.321261 0.804288 0.353571 1 19 1.000000
  19 23.577927 34.403473 3.171461 -0.935309 -0.128202 0.329789 0.802346 0.341691 1 19 1.000000
v_hands
  18 24.038282 35.150326 2.233991 0.477731 -0.046558 -0.877271 0.648561 0.817646 2 18 0.872800 19 0.127200
  19 24.595800 34.571495 2.819134 0.937476 0.127437 -0.323881 0.661398 0.851898 1 19 1.000000
  19 24.300674 34.315830 2.484596 0.487111 -0.162727 -0.858046 0.641600 0.849712 1 19 1.000000
v_hands
  18 24.038282 35.150326 2.233991 0.477731 -0.046558 -0.877271 0.648561 0.817646 2 18 0.872800 19 0.127200
  18 24.312157 35.391796 2.664009 0.902122 0.269589 -0.336893 0.669652 0.820858 2 18 0.934900 19 0.065100
  19 24.595800 34.571495 2.819134 0.937476 0.127437 -0.323881 0.661398 0.851898 1 19 1.000000
v_hands
  18 23.510347 36.157417 1.995751 0.714500 -0.184109 -0.674977 0.657552 0.783974 2 18 0.900249 22 0.099751
  18 23.729952 36.749107 2.016542 0.755648 -0.081462 -0.649892 0.670253 0.766697 1 18 1.000000
  18 23.856239 36.232258 2.159771 0.714516 -0.072529 -0.695849 0.668094 0.787155 1 18 1.000000
v_hands
  18 23.510347 36.157417 1.995751 0.714500 -0.184109 -0.674977 0.657552 0.783974 2 18 0.900249 22 0.099751
  18 23.448057 36.892410 1.776604 0.755481 -0.003680 -0.655160 0.661334 0.754781 1 18 1.000000
  18 23.729952 36.749107 2.016542 0.755648 -0.081462 -0.649892 0.670253 0.766697 1 18 1.000000
v_hands
  18 23.256411 35.908997 1.986351 0.522476 -0.852596 -0.009937 0.834465 0.258776 2 18 0.844717 22 0.155283
  22 22.756563 35.803249 1.714342 -0.243860 -0.960443 0.134466 0.834468 0.242830 1 22 1.000000
  22 23.194469 35.794281 1.597509 0.722079 -0.493422 0.484909 0.842398 0.255358 1 22 1.000000
v_hands
  18 23.256411 35.908997 1.986351 0.522476 -0.852596 -0.009937 0.834465 0.258776 2 18 0.844717 22 0.155283
  18 22.946125 35.801498 2.275186 -0.496378 -0.857484 -0.135385 0.801930 0.261767 2 18 0.918064 22 0.081937
  22 22.756563 35.803249 1.714342 -0.243860 -0.960443 0.134466 0.834468 0.242830 1 22 1.000000
v_hands
  18 23.510347 36.157417 1.995751 0.714500 -0.184109 -0.674977 0.657552 0.783974 2 18 0.900249 22 0.099751
  22 23.194469 35.794281 1.597509 0.722079 -0.493422 0.484909 0.638372 0.786456 1 22 1.000000
  22 23.270971 36.030941 1.314028 0.998675 -0.043635 -0.027289 0.629206 0.777057 1 22 1.000000
v_hands
  18 23.510347 36.157417 1.995751 0.714500 -0.184109 -0.674977 0.657552 0.783974 2 18 0.900249 22 0.099751
  18 23.256411 35.908997 1.986351 0.522476 -0.852596 -0.009937 0.641984 0.788294 2 18 0.844717 22 0.155283
  22 23.194469 35.794281 1.597509 0.722079 -0.493422 0.484909 0.638372 0.786456 1 22 1.000000
v_hands
  22 23.228970 36.134220 0.747181 0.761463 -0.133423 -0.634329 0.611161 0.765611 1 22 1.000000
  22 23.278017 35.926567 0.983348 0.996024 0.002012 -0.089066 0.616431 0.776424 1 22 1.000000
  22 23.242704 35.848530 0.811439 0.812583 0.000764 -0.582845 0.608859 0.776555 1 22 1.000000
v_hands
  22 23.228970 36.134220 0.747181 0.761463 -0.133423 -0.634329 0.611161 0.765611 1 22 1.000000
  22 23.289867 36.359894 0.966363 0.990171 -0.019895 -0.138438 0.623043 0.761266 1 22 1.000000
  22 23.278017 35.926567 0.983348 0.996024 0.002012 -0.089066 0.616431 0.776424 1 22 1.000000
v_hands
  19 23.843521 34.231556 2.455006 -0.255747 -0.367611 -0.894122 0.625666 0.844424 1 19 1.000000
  18 24.038282 35.150326 2.233991 0.477731 -0.046558 -0.877271 0.648561 0.817646 2 18 0.872800 19 0.127200
  19 24.300674 34.315830 2.484596 0.487111 -0.162727 -0.858046 0.641600 0.849712 1 19 1.000000
v_hands
  19 23.843521 34.231556 2.455006 -0.255747 -0.367611 -0.894122 0.625666 0.844424 1 19 1.000000
  18 23.589020 34.931084 2.215714 -0.239650 -0.343301 -0.908137 0.630051 0.817006 1 18 1.000000
  18 24.038282 35.150326 2.233991 0.477731 -0.046558 -0.877271 0.648561 0.817646 2 18 0.872800 19 0.127200
v_hands
  22 23.536011 34.856583 1.203225 0.990031 0.082041 0.114489 0.606020 0.818460 1 22 1.000000
  22 23.320354 35.402531 0.827844 0.758835 0.144658 -0.635015 0.601884 0.793554 1 22 1.000000
  22 23.443762 35.421749 1.251183 0.974401 0.183122 0.130415 0.617340 0.799092 1 22 1.000000
v_hands
  22 23.536011 34.856583 1.203225 0.990031 0.082041 0.114489 0.606020 0.818460 1 22 1.000000
  22 23.395687 34.765732 0.785677 0.750730 0.068061 -0.657094 0.591374 0.815928 1 22 1.000000
  22 23.320354 35.402531 0.827844 0.758835 0.144658 -0.635015 0.601884 0.793554 1 22 1.000000
v_hands
  18 24.292223 35.436867 3.146698 0.794152 0.447155 0.411552 0.685090 0.828296 1 18 1.000000
  19 24.261797 34.660473 3.615984 0.249704 0.314846 0.915707 0.695449 0.859316 1 19 1.000000
  19 24.569019 34.635399 3.365047 0.853875 0.323920 0.407399 0.681001 0.858635 1 19 1.000000
v_hands
  18 24.292223 35.436867 3.146698 0.794152 0.447155 0.411552 0.685090 0.828296 1 18 1.000000
  18 23.911171 35.335873 3.475291 0.234158 0.337704 0.911661 0.703027 0.835256 1 18 1.000000
  19 24.261797 34.660473 3.615984 0.249704 0.314846 0.915707 0.695449 0.859316 1 19 1.000000
v_hands
  22 23.443762 35.421749 1.251183 0.974401 0.183122 0.130415 0.617340 0.799092 1 22 1.000000
  22 23.314472 34.888706 1.600337 0.599784 0.060270 0.797889 0.624035 0.822673 1 22 1.000000
  22 23.536011 34.856583 1.203225 0.990031 0.082041 0.114489 0.606020 0.818460 1 22 1.000000
v_hands
  22 23.443762 35.421749 1.251183 0.974401 0.183122 0.130415 0.617340 0.799092 1 22 1.000000
  22 23.218845 35.328724 1.572163 0.610886 0.088986 0.786702 0.631308 0.807446 1 22 1.000000
  22 23.314472 34.888706 1.600337 0.599784 0.060270 0.797889 0.624035 0.822673 1 22 1.000000
v_hands
  22 23.281527 35.625534 0.819641 0.811128 0.107548 -0.574896 0.605611 0.785255 1 22 1.000000
  22 23.015106 35.771076 0.678726 0.481895 -0.008543 -0.876187 0.600608 0.773483 1 22 1.000000
  22 23.242704 35.848530 0.811439 0.812583 0.000764 -0.582845 0.608859 0.776555 1 22 1.000000
v_hands
  22 23.281527 35.625534 0.819641 0.811128 0.107548 -0.574896 0.605611 0.785255 1 22 1.000000
  22 22.798307 35.697292 0.552308 0.201920 -0.118577 -0.972197 0.590155 0.771090 1 22 1.000000
  22 23.015106 35.771076 0.678726 0.481895 -0.008543 -0.876187 0.600608 0.773483 1 22 1.000000
v_hands
  19 24.300674 34.315830 2.484596 0.487111 -0.162727 -0.858046 0.641600 0.849712 1 19 1.000000
  19 24.641077 34.242302 2.954965 0.950520 0.023249 -0.309793 0.660087 0.864664 1 19 1.000000
  19 24.329199 33.973476 2.580528 0.481449 -0.225008 -0.847100 0.637937 0.862872 1 19 1.000000
v_hands
  19 24.300674 34.315830 2.484596 0.487111 -0.162727 -0.858046 0.641600 0.849712 1 19 1.000000
  19 24.595800 34.571495 2.819134 0.937476 0.127437 -0.323881 0.661398 0.851898 1 19 1.000000
  19 24.641077 34.242302 2.954965 0.950520 0.023249 -0.309793 0.660087 0.864664 1 19 1.000000
v_hands
  19 24.569019 34.635399 3.365047 0.853875 0.323920 0.407399 0.681001 0.858635 1 19 1.000000
  19 24.287834 34.380680 3.691253 0.288764 0.289950 0.912438 0.697044 0.871901 1 19 1.000000
  19 24.632629 34.303299 3.438719 0.886512 0.229527 0.401763 0.679637 0.871566 1 19 1.000000
v_hands
  19 24.569019 34.635399 3.365047 0.853875 0.323920 0.407399 0.681001 0.858635 1 19 1.000000
  19 24.261797 34.660473 3.615984 0.249704 0.314846 0.915707 0.695449 0.859316 1 19 1.000000
  19 24.287834 34.380680 3.691253 0.288764 0.289950 0.912438 0.697044 0.871901 1 19 1.000000
v_hands
  19 23.897011 33.938831 2.576947 -0.261653 -0.356086 -0.897073 0.622625 0.857337 1 19 1.000000
  19 24.300674 34.315830 2.484596 0.487111 -0.162727 -0.858046 0.641600 0.849712 1 19 1.000000
  19 24.329199 33.973476 2.580528 0.481449 -0.225008 -0.847100 0.637937 0.862872 1 19 1.000000
v_hands
  19 23.897011 33.938831 2.576947 -0.261653 -0.356086 -0.897073 0.622625 0.857337 1 19 1.000000
  19 23.843521 34.231556 2.455006 -0.255747 -0.367611 -0.894122 0.625666 0.844424 1 19 1.000000
  19 24.300674 34.315830 2.484596 0.487111 -0.162727 -0.858046 0.641600 0.849712 1 19 1.000000
v_hands
  19 24.329199 33.973476 2.580528 0.481449 -0.225008 -0.847100 0.637937 0.862872 1 19 1.000000
  19 24.704035 33.643677 3.155924 0.945284 0.057482 -0.321143 0.654681 0.889454 1 19 1.000000
  19 24.438169 33.421341 2.774459 0.486371 -0.192510 -0.852281 0.632665 0.885681 1 19 1.000000
v_hands
  19 24.329199 33.973476 2.580528 0.481449 -0.225008 -0.847100 0.637937 0.862872 1 19 1.000000
  19 24.641077 34.242302 2.954965 0.950520 0.023249 -0.309793 0.660087 0.864664 1 19 1.000000
  19 24.704035 33.643677 3.155924 0.945284 0.057482 -0.321143 0.654681 0.889454 1 19 1.000000
v_hands
  19 23.843699 34.220032 3.713747 -0.524492 0.160630 0.836126 0.783838 0.362487 1 19 1.000000
  19 23.716581 33.495895 3.401846 -0.913503 -0.232241 0.334031 0.812555 0.378386 1 19 1.000000
  19 23.995735 33.644089 3.817907 -0.491064 0.034605 0.870436 0.794628 0.386411 1 19 1.000000
v_hands
  19 23.843699 34.220032 3.713747 -0.524492 0.160630 0.836126 0.783838 0.362487 1 19 1.000000
  19 23.568108 34.063675 3.282176 -0.945238 -0.057589 0.321261 0.804288 0.353571 1 19 1.000000
  19 23.716581 33.495895 3.401846 -0.913503 -0.232241 0.334031 0.812555 0.378386 1 19 1.000000
v_hands
  22 22.910082 35.234108 0.606399 0.091235 -0.035182 -0.995208 0.583380 0.790840 1 22 1.000000
  22 23.281527 35.625534 0.819641 0.811128 0.107548 -0.574896 0.605611 0.785255 1 22 1.000000
  22 23.320354 35.402531 0.827844 0.758835 0.144658 -0.635015 0.601884 0.793554 1 22 1.000000
v_hands
  22 22.910082 35.234108 0.606399 0.091235 -0.035182 -0.995208 0.583380 0.790840 1 22 1.000000
  22 22.798307 35.697292 0.552308 0.201920 -0.118577 -0.972197 0.590155 0.771090 1 22 1.000000
  22 23.281527 35.625534 0.819641 0.811128 0.107548 -0.574896 0.605611 0.785255 1 22 1.000000
v_hands
  22 22.756563 35.803249 1.714342 -0.098820 -0.021093 0.994882 0.834468 0.242830 1 22 1.000000
  22 22.466751 35.359947 1.532172 -0.730857 -0.204299 0.651237 0.858296 0.242330 1 22 1.000000
  22 22.849962 35.336147 1.708712 -0.113600 -0.062632 0.991550 0.852063 0.263642 1 22 1.000000
v_hands
  22 22.756563 35.803249 1.714342 -0.098820 -0.021093 0.994882 0.834468 0.242830 1 22 1.000000
  22 22.401711 35.935951 1.492965 -0.713140 -0.500019 0.491338 0.839193 0.224732 1 22 1.000000
  22 22.466751 35.359947 1.532172 -0.730857 -0.204299 0.651237 0.858296 0.242330 1 22 1.000000
v_hands
  18 23.267933 35.750519 3.338650 -0.512853 -0.531332 0.674291 0.762434 0.290958 1 18 1.000000
  18 23.293930 34.926098 3.055463 -0.893633 -0.316429 0.318264 0.793135 0.317444 1 18 1.000000
  18 23.530993 35.104919 3.460394 -0.509591 -0.035133 0.859699 0.774511 0.328411 1 18 1.000000
v_hands
  18 23.267933 35.750519 3.338650 -0.512853 -0.531332 0.674291 0.762434 0.290958 1 18 1.000000
  18 22.940706 35.769684 2.831806 -0.711106 -0.671915 0.207022 0.781568 0.272043 1 18 1.000000
  18 23.293930 34.926098 3.055463 -0.893633 -0.316429 0.318264 0.793135 0.317444 1 18 1.000000
v_hands
  18 23.830688 36.420948 2.803638 0.958487 0.179930 0.221196 0.693092 0.789146 1 18 1.000000
  18 23.981010 36.285965 2.393413 0.947582 0.111792 -0.299315 0.678345 0.791000 1 18 1.000000
  18 23.973661 36.401169 2.622150 0.947265 0.260945 0.186003 0.688030 0.789657 1 18 1.000000
v_hands
  18 23.830688 36.420948 2.803638 0.958487 0.179930 0.221196 0.693092 0.789146 1 18 1.000000
  18 24.145102 35.853775 2.505738 0.931019 0.186238 -0.313878 0.674005 0.802964 1 18 1.000000
  18 23.981010 36.285965 2.393413 0.947582 0.111792 -0.299315 0.678345 0.791000 1 18 1.000000
v_hands
  18 23.530993 35.104919 3.460394 -0.509591 -0.035133 0.859699 0.774511 0.328411 1 18 1.000000
  19 23.577927 34.403473 3.171461 -0.935309 -0.128202 0.329789 0.802346 0.341691 1 19 1.000000
  19 23.809267 34.476166 3.589142 -0.544805 0.100858 0.832475 0.782876 0.352393 1 19 1.000000
v_hands
  18 23.530993 35.104919 3.460394 -0.509591 -0.035133 0.859699 0.774511 0.328411 1 18 1.000000
  18 23.293930 34.926098 3.055463 -0.893633 -0.316429 0.318264 0.793135 0.317444 1 18 1.000000
  19 23.577927 34.403473 3.171461 -0.935309 -0.128202 0.329789 0.802346 0.341691 1 19 1.000000
v_hands
  22 22.849962 35.336147 1.708712 -0.113600 -0.062632 0.991550 0.852063 0.263642 1 22 1.000000
  22 22.689093 34.840214 1.455165 -0.755393 -0.129696 0.642309 0.877852 0.267023 1 22 1.000000
  22 22.949078 34.863079 1.682735 -0.172293 -0.035182 0.984417 0.867649 0.282712 1 22 1.000000
v_hands
  22 22.849962 35.336147 1.708712 -0.113600 -0.062632 0.991550 0.852063 0.263642 1 22 1.000000
  22 22.466751 35.359947 1.532172 -0.730857 -0.204299 0.651237 0.858296 0.242330 1 22 1.000000
  22 22.689093 34.840214 1.455165 -0.755393 -0.129696 0.642309 0.877852 0.267023 1 22 1.000000
v_hands
  19 23.809267 34.476166 3.589142 -0.544805 0.100858 0.832475 0.782876 0.352393 1 19 1.000000
  19 23.568108 34.063675 3.282176 -0.945238 -0.057589 0.321261 0.804288 0.353571 1 19 1.000000
  19 23.843699 34.220032 3.713747 -0.524492 0.160630 0.836126 0.783838 0.362487 1 19 1.000000
v_hands
  19 23.809267 34.476166 3.589142 -0.544805 0.100858 0.832475 0.782876 0.352393 1 19 1.000000
  19 23.577927 34.403473 3.171461 -0.935309 -0.128202 0.329789 0.802346 0.341691 1 19 1.000000
  19 23.568108 34.063675 3.282176 -0.945238 -0.057589 0.321261 0.804288 0.353571 1 19 1.000000
v_hands
  18 24.292223 35.436867 3.146698 0.794152 0.447155 0.411552 0.685090 0.828296 1 18 1.000000
  19 24.595800 34.571495 2.819134 0.937476 0.127437 -0.323881 0.661398 0.851898 1 19 1.000000
  18 24.312157 35.391796 2.664009 0.902122 0.269589 -0.336893 0.669652 0.820858 2 18 0.934900 19 0.065100
v_hands
  18 24.292223 35.436867 3.146698 0.794152 0.447155 0.411552 0.685090 0.828296 1 18 1.000000
  19 24.569019 34.635399 3.365047 0.853875 0.323920 0.407399 0.681001 0.858635 1 19 1.000000
  19 24.595800 34.571495 2.819134 0.937476 0.127437 -0.323881 0.661398 0.851898 1 19 1.000000
v_hands
  18 23.835632 36.916862 2.165956 0.955620 0.048825 -0.290529 0.679261 0.764160 1 18 1.000000
  18 23.729952 36.749107 2.016542 0.755648 -0.081462 -0.649892 0.670253 0.766697 1 18 1.000000
  18 23.753780 36.932777 2.030406 0.811767 -0.083191 -0.578025 0.673981 0.760795 1 18 1.000000
v_hands
  18 23.835632 36.916862 2.165956 0.955620 0.048825 -0.290529 0.679261 0.764160 1 18 1.000000
  18 23.838411 36.699329 2.246360 0.951313 0.055733 -0.303146 0.678511 0.772767 1 18 1.000000
  18 23.729952 36.749107 2.016542 0.755648 -0.081462 -0.649892 0.670253 0.766697 1 18 1.000000
v_hands
  19 24.569019 34.635399 3.365047 0.853875 0.323920 0.407399 0.681001 0.858635 1 19 1.000000
  19 24.641077 34.242302 2.954965 0.950520 0.023249 -0.309793 0.660087 0.864664 1 19 1.000000
  19 24.595800 34.571495 2.819134 0.937476 0.127437 -0.323881 0.661398 0.851898 1 19 1.000000
v_hands
  19 24.569019 34.635399 3.365047 0.853875 0.323920 0.407399 0.681001 0.858635 1 19 1.000000
  19 24.632629 34.303299 3.438719 0.886512 0.229527 0.401763 0.679637 0.871566 1 19 1.000000
  19 24.641077 34.242302 2.954965 0.950520 0.023249 -0.309793 0.660087 0.864664 1 19 1.000000
v_hands
  22 23.278017 35.926567 0.983348 0.996024 0.002012 -0.089066 0.616431 0.776424 1 22 1.000000
  22 23.281527 35.625534 0.819641 0.811128 0.107548 -0.574896 0.605611 0.785255 1 22 1.000000
  22 23.242704 35.848530 0.811439 0.812583 0.000764 -0.582845 0.608859 0.776555 1 22 1.000000
v_hands
  22 23.278017 35.926567 0.983348 0.996024 0.002012 -0.089066 0.616431 0.776424 1 22 1.000000
  22 23.270971 36.030941 1.314028 0.998675 -0.043635 -0.027289 0.629206 0.777057 1 22 1.000000
  22 23.281527 35.625534 0.819641 0.811128 0.107548 -0.574896 0.605611 0.785255 1 22 1.000000
v_hands
  22 23.217289 36.377308 0.692509 0.753957 -0.143763 -0.641000 0.613120 0.756299 1 22 1.000000
  22 23.289867 36.359894 0.966363 0.990171 -0.019895 -0.138438 0.623043 0.761266 1 22 1.000000
  22 23.228970 36.134220 0.747181 0.761463 -0.133423 -0.634329 0.611161 0.765611 1 22 1.000000
v_hands
  22 23.217289 36.377308 0.692509 0.753957 -0.143763 -0.641000 0.613120 0.756299 1 22 1.000000
  22 23.267473 36.489616 0.788508 0.970268 -0.005117 -0.241979 0.618793 0.754260 1 22 1.000000
  22 23.289867 36.359894 0.966363 0.990171 -0.019895 -0.138438 0.623043 0.761266 1 22 1.000000
v_hands
  18 24.145102 35.853775 2.505738 0.931019 0.186238 -0.313878 0.674005 0.802964 1 18 1.000000
  18 23.856239 36.232258 2.159771 0.714516 -0.072529 -0.695849 0.668094 0.787155 1 18 1.000000
  18 23.981010 36.285965 2.393413 0.947582 0.111792 -0.299315 0.678345 0.791000 1 18 1.000000
v_hands
  18 24.145102 35.853775 2.505738 0.931019 0.186238 -0.313878 0.674005 0.802964 1 18 1.000000
  18 23.510347 36.157417 1.995751 0.714500 -0.184109 -0.674977 0.657552 0.783974 2 18 0.900249 22 0.099751
  18 23.856239 36.232258 2.159771 0.714516 -0.072529 -0.695849 0.668094 0.787155 1 18 1.000000
v_hands
  18 23.783184 37.109978 2.093102 0.898022 0.298636 -0.323069 0.679346 0.755792 1 18 1.000000
  18 23.753780 36.932777 2.030406 0.811767 -0.083191 -0.578025 0.673981 0.760795 1 18 1.000000
  18 23.712467 37.048050 1.944680 0.735759 0.077262 -0.672822 0.672470 0.755145 1 18 1.000000
v_hands
  18 23.783184 37.109978 2.093102 0.898022 0.298636 -0.323069 0.679346 0.755792 1 18 1.000000
  18 23.835632 36.916862 2.165956 0.955620 0.048825 -0.290529 0.679261 0.764160 1 18 1.000000
  18 23.753780 36.932777 2.030406 0.811767 -0.083191 -0.578025 0.673981 0.760795 1 18 1.000000
v_hands
  18 22.825605 35.820663 2.837494 -0.670106 -0.711299 0.212159 0.779656 0.267350 1 18 1.000000
  18 22.946125 35.801498 2.275186 -0.496378 -0.857484 -0.135385 0.801930 0.261767 2 18 0.918064 22 0.081937
  18 22.940706 35.769684 2.831806 -0.711106 -0.671915 0.207022 0.781568 0.272043 1 18 1.000000
v_hands
  18 22.825605 35.820663 2.837494 -0.670106 -0.711299 0.212159 0.779656 0.267350 1 18 1.000000
  18 22.777563 35.866077 2.255937 -0.652455 -0.749909 0.109265 0.800357 0.254767 2 18 0.751785 22 0.248215
  18 22.946125 35.801498 2.275186 -0.496378 -0.857484 -0.135385 0.801930 0.261767 2 18 0.918064 22 0.081937
v_hands
  18 23.141138 35.822521 3.386322 -0.657530 -0.632499 0.409390 0.758393 0.284630 1 18 1.000000
  18 22.940706 35.769684 2.831806 -0.711106 -0.671915 0.207022 0.781568 0.272043 1 18 1.000000
  18 23.267933 35.750519 3.338650 -0.512853 -0.531332 0.674291 0.762434 0.290958 1 18 1.000000
v_hands
  18 23.141138 35.822521 3.386322 -0.657530 -0.632499 0.409390 0.758393 0.284630 1 18 1.000000
  18 22.825605 35.820663 2.837494 -0.670106 -0.711299 0.212159 0.779656 0.267350 1 18 1.000000
  18 22.940706 35.769684 2.831806 -0.711106 -0.671915 0.207022 0.781568 0.272043 1 18 1.000000
v_hands
  18 24.292223 35.436867 3.146698 0.794152 0.447155 0.411552 0.685090 0.828296 1 18 1.000000
  18 24.145102 35.853775 2.505738 0.931019 0.186238 -0.313878 0.674005 0.802964 1 18 1.000000
  18 23.830688 36.420948 2.803638 0.958487 0.179930 0.221196 0.693092 0.789146 1 18 1.000000
v_hands
  18 24.292223 35.436867 3.146698 0.794152 0.447155 0.411552 0.685090 0.828296 1 18 1.000000
  18 24.312157 35.391796 2.664009 0.902122 0.269589 -0.336893 0.669652 0.820858 2 18 0.934900 19 0.065100
  18 24.145102 35.853775 2.505738 0.931019 0.186238 -0.313878 0.674005 0.802964 1 18 1.000000
v_hands
  18 23.830688 36.420948 2.803638 0.958487 0.179930 0.221196 0.693092 0.789146 1 18 1.000000
  18 23.860470 36.865631 2.447620 0.969463 0.227495 0.091577 0.688395 0.769724 1 18 1.000000
  18 23.726940 37.125427 2.598306 0.950056 0.311576 0.017728 0.696412 0.760597 1 18 1.000000
v_hands
  18 23.830688 36.420948 2.803638 0.958487 0.179930 0.221196 0.693092 0.789146 1 18 1.000000
  18 23.973661 36.401169 2.622150 0.947265 0.260945 0.186003 0.688030 0.789657 1 18 1.000000
  18 23.860470 36.865631 2.447620 0.969463 0.227495 0.091577 0.688395 0.769724 1 18 1.000000
v_hands
  18 23.788246 37.122734 2.311920 0.915617 0.400471 0.035616 0.687148 0.758079 1 18 1.000000
  18 23.860470 36.865631 2.447620 0.969463 0.227495 0.091577 0.688395 0.769724 1 18 1.000000
  18 23.838619 36.979698 2.279254 0.976272 0.216527 -0.002878 0.684222 0.763387 1 18 1.000000
v_hands
  18 23.788246 37.122734 2.311920 0.915617 0.400471 0.035616 0.687148 0.758079 1 18 1.000000
  18 23.726940 37.125427 2.598306 0.950056 0.311576 0.017728 0.696412 0.760597 1 18 1.000000
  18 23.860470 36.865631 2.447620 0.969463 0.227495 0.091577 0.688395 0.769724 1 18 1.000000
v_hands
  18 23.838619 36.979698 2.279254 0.976272 0.216527 -0.002878 0.684222 0.763387 1 18 1.000000
  18 23.838411 36.699329 2.246360 0.951313 0.055733 -0.303146 0.678511 0.772767 1 18 1.000000
  18 23.835632 36.916862 2.165956 0.955620 0.048825 -0.290529 0.679261 0.764160 1 18 1.000000
v_hands
  18 23.838619 36.979698 2.279254 0.976272 0.216527 -0.002878 0.684222 0.763387 1 18 1.000000
  18 23.860470 36.865631 2.447620 0.969463 0.227495 0.091577 0.688395 0.769724 1 18 1.000000
  18 23.838411 36.699329 2.246360 0.951313 0.055733 -0.303146 0.678511 0.772767 1 18 1.000000
v_hands
  18 23.712467 37.048050 1.944680 0.735759 0.077262 -0.672822 0.672470 0.755145 1 18 1.000000
  18 23.729952 36.749107 2.016542 0.755648 -0.081462 -0.649892 0.670253 0.766697 1 18 1.000000
  18 23.448057 36.892410 1.776604 0.755481 -0.003680 -0.655160 0.661334 0.754781 1 18 1.000000
v_hands
  18 23.712467 37.048050 1.944680 0.735759 0.077262 -0.672822 0.672470 0.755145 1 18 1.000000
  18 23.753780 36.932777 2.030406 0.811767 -0.083191 -0.578025 0.673981 0.760795 1 18 1.000000
  18 23.729952 36.749107 2.016542 0.755648 -0.081462 -0.649892 0.670253 0.766697 1 18 1.000000
v_hands
  18 24.292223 35.436867 3.146698 0.794152 0.447155 0.411552 0.685090 0.828296 1 18 1.000000
  18 23.603773 35.960167 3.273974 0.230133 0.371939 0.899278 0.704557 0.807006 1 18 1.000000
  18 23.911171 35.335873 3.475291 0.234158 0.337704 0.911661 0.703027 0.835256 1 18 1.000000
v_hands
  18 24.292223 35.436867 3.146698 0.794152 0.447155 0.411552 0.685090 0.828296 1 18 1.000000
  18 23.830688 36.420948 2.803638 0.958487 0.179930 0.221196 0.693092 0.789146 1 18 1.000000
  18 23.603773 35.960167 3.273974 0.230133 0.371939 0.899278 0.704557 0.807006 1 18 1.000000
v_hands
  18 23.911171 35.335873 3.475291 0.234158 0.337704 0.911661 0.760520 0.331457 1 18 1.000000
  18 23.267933 35.750519 3.338650 -0.512853 -0.531332 0.674291 0.762434 0.290958 1 18 1.000000
  18 23.530993 35.104919 3.460394 -0.509591 -0.035133 0.859699 0.774511 0.328411 1 18 1.000000
v_hands
  18 23.911171 35.335873 3.475291 0.234158 0.337704 0.911661 0.760520 0.331457 1 18 1.000000
  18 23.603773 35.960167 3.273974 0.230133 0.371939 0.899278 0.756155 0.299334 1 18 1.000000
  18 23.267933 35.750519 3.338650 -0.512853 -0.531332 0.674291 0.762434 0.290958 1 18 1.000000
v_hands
  18 23.278605 34.879990 2.507569 -0.832667 -0.434501 -0.343329 0.816245 0.309374 1 18 1.000000
  18 22.940706 35.769684 2.831806 -0.711106 -0.671915 0.207022 0.781568 0.272043 1 18 1.000000
  18 22.946125 35.801498 2.275186 -0.496378 -0.857484 -0.135385 0.801930 0.261767 2 18 0.918064 22 0.081937
v_hands
  18 23.278605 34.879990 2.507569 -0.832667 -0.434501 -0.343329 0.816245 0.309374 1 18 1.000000
  18 23.293930 34.926098 3.055463 -0.893633 -0.316429 0.318264 0.793135 0.317444 1 18 1.000000
  18 22.940706 35.769684 2.831806 -0.711106 -0.671915 0.207022 0.781568 0.272043 1 18 1.000000
v_hands
  18 23.589020 34.931084 2.215714 -0.239650 -0.343301 -0.908137 0.833783 0.307369 1 18 1.000000
  18 22.946125 35.801498 2.275186 -0.496378 -0.857484 -0.135385 0.801930 0.261767 2 18 0.918064 22 0.081937
  18 23.256411 35.908997 1.986351 -0.234884 -0.296530 -0.925688 0.834465 0.258776 2 18 0.844717 22 0.155283
v_hands
  18 23.589020 34.931084 2.215714 -0.239650 -0.343301 -0.908137 0.833783 0.307369 1 18 1.000000
  18 23.278605 34.879990 2.507569 -0.832667 -0.434501 -0.343329 0.816245 0.309374 1 18 1.000000
  18 22.946125 35.801498 2.275186 -0.496378 -0.857484 -0.135385 0.801930 0.261767 2 18 0.918064 22 0.081937
v_hands
  18 24.038282 35.150326 2.233991 0.477731 -0.046558 -0.877271 0.648561 0.817646 2 18 0.872800 19 0.127200
  18 23.256411 35.908997 1.986351 -0.234884 -0.296530 -0.925688 0.641984 0.788294 2 18 0.844717 22 0.155283
  18 23.510347 36.157417 1.995751 0.714500 -0.184109 -0.674977 0.657552 0.783974 2 18 0.900249 22 0.099751
v_hands
  18 24.038282 35.150326 2.233991 0.477731 -0.046558 -0.877271 0.648561 0.817646 2 18 0.872800 19 0.127200
  18 23.589020 34.931084 2.215714 -0.239650 -0.343301 -0.908137 0.630051 0.817006 1 18 1.000000
  18 23.256411 35.908997 1.986351 -0.234884 -0.296530 -0.925688 0.641984 0.788294 2 18 0.844717 22 0.155283
v_hands
  22 22.849962 35.336147 1.708712 -0.113600 -0.062632 0.991550 0.852063 0.263642 1 22 1.000000
  22 23.194469 35.794281 1.597509 0.722079 -0.493422 0.484909 0.842398 0.255358 1 22 1.000000
  22 22.756563 35.803249 1.714342 -0.098820 -0.021093 0.994882 0.834468 0.242830 1 22 1.000000
v_hands
  22 22.849962 35.336147 1.708712 -0.113600 -0.062632 0.991550 0.852063 0.263642 1 22 1.000000
  22 23.218845 35.328724 1.572163 0.610886 0.088986 0.786702 0.852610 0.277348 1 22 1.000000
  22 23.194469 35.794281 1.597509 0.722079 -0.493422 0.484909 0.842398 0.255358 1 22 1.000000
v_hands
  22 22.472622 35.289536 0.700971 -0.621843 -0.225294 -0.750036 0.569451 0.781163 1 22 1.000000
  22 22.798307 35.697292 0.552308 0.201920 -0.118577 -0.972197 0.590155 0.771090 1 22 1.000000
  22 22.910082 35.234108 0.606399 0.091235 -0.035182 -0.995208 0.583380 0.790840 1 22 1.000000
v_hands
  22 22.472622 35.289536 0.700971 -0.621843 -0.225294 -0.750036 0.569451 0.781163 1 22 1.000000
  22 22.354145 35.814926 0.710508 -0.582483 -0.438590 -0.684363 0.578640 0.760029 1 22 1.000000
  22 22.798307 35.697292 0.552308 0.201920 -0.118577 -0.972197 0.590155 0.771090 1 22 1.000000
v_hands
  22 23.443762 35.421749 1.251183 0.974401 0.183122 0.130415 0.617340 0.799092 1 22 1.000000
  22 23.281527 35.625534 0.819641 0.811128 0.107548 -0.574896 0.605611 0.785255 1 22 1.000000
  22 23.270971 36.030941 1.314028 0.998675 -0.043635 -0.027289 0.629206 0.777057 1 22 1.000000
v_hands
  22 23.443762 35.421749 1.251183 0.974401 0.183122 0.130415 0.617340 0.799092 1 22 1.000000
  22 23.320354 35.402531 0.827844 0.758835 0.144658 -0.635015 0.601884 0.793554 1 22 1.000000
  22 23.281527 35.625534 0.819641 0.811128 0.107548 -0.574896 0.605611 0.785255 1 22 1.000000
v_hands
  22 23.443762 35.421749 1.251183 0.974401 0.183122 0.130415 0.617340 0.799092 1 22 1.000000
  22 23.194469 35.794281 1.597509 0.722079 -0.493422 0.484909 0.638372 0.786456 1 22 1.000000
  22 23.218845 35.328724 1.572163 0.610886 0.088986 0.786702 0.631308 0.807446 1 22 1.000000
v_hands
  22 23.443762 35.421749 1.251183 0.974401 0.183122 0.130415 0.617340 0.799092 1 22 1.000000
  22 23.270971 36.030941 1.314028 0.998675 -0.043635 -0.027289 0.629206 0.777057 1 22 1.000000
  22 23.194469 35.794281 1.597509 0.722079 -0.493422 0.484909 0.638372 0.786456 1 22 1.000000
v_hands
  19 23.716581 33.495895 3.401846 -0.913503 -0.232241 0.334031 0.812555 0.378386 1 19 1.000000
  19 23.535622 33.939445 2.827170 -0.882136 -0.285737 -0.374421 0.825104 0.349165 1 19 1.000000
  19 23.749302 33.364788 2.980986 -0.847115 -0.393320 -0.357346 0.832787 0.375919 1 19 1.000000
v_hands
  19 23.716581 33.495895 3.401846 -0.913503 -0.232241 0.334031 0.812555 0.378386 1 19 1.000000
  19 23.568108 34.063675 3.282176 -0.945238 -0.057589 0.321261 0.804288 0.353571 1 19 1.000000
  19 23.535622 33.939445 2.827170 -0.882136 -0.285737 -0.374421 0.825104 0.349165 1 19 1.000000
v_hands
  19 23.749302 33.364788 2.980986 -0.847115 -0.393320 -0.357346 0.832787 0.375919 1 19 1.000000
  19 23.897011 33.938831 2.576947 -0.261653 -0.356086 -0.897073 0.839822 0.348936 1 19 1.000000
  19 24.045897 33.342693 2.768073 -0.270940 -0.370363 -0.888495 0.844206 0.377282 1 19 1.000000
v_hands
  19 23.749302 33.364788 2.980986 -0.847115 -0.393320 -0.357346 0.832787 0.375919 1 19 1.000000
  19 23.535622 33.939445 2.827170 -0.882136 -0.285737 -0.374421 0.825104 0.349165 1 19 1.000000
  19 23.897011 33.938831 2.576947 -0.261653 -0.356086 -0.897073 0.839822 0.348936 1 19 1.000000
v_hands
  19 24.045897 33.342693 2.768073 -0.270940 -0.370363 -0.888495 0.617129 0.882058 1 19 1.000000
  19 24.329199 33.973476 2.580528 0.481449 -0.225008 -0.847100 0.637937 0.862872 1 19 1.000000
  19 24.438169 33.421341 2.774459 0.486371 -0.192510 -0.852281 0.632665 0.885681 1 19 1.000000
v_hands
  19 24.045897 33.342693 2.768073 -0.270940 -0.370363 -0.888495 0.617129 0.882058 1 19 1.000000
  19 23.897011 33.938831 2.576947 -0.261653 -0.356086 -0.897073 0.622625 0.857337 1 19 1.000000
  19 24.329199 33.973476 2.580528 0.481449 -0.225008 -0.847100 0.637937 0.862872 1 19 1.000000
v_hands
  19 24.704035 33.643677 3.155924 0.945284 0.057482 -0.321143 0.654681 0.889454 1 19 1.000000
  19 24.632629 34.303299 3.438719 0.886512 0.229527 0.401763 0.679637 0.871566 1 19 1.000000
  19 24.715620 33.678291 3.593631 0.886734 0.260514 0.381884 0.673255 0.897904 1 19 1.000000
v_hands
  19 24.704035 33.643677 3.155924 0.945284 0.057482 -0.321143 0.654681 0.889454 1 19 1.000000
  19 24.641077 34.242302 2.954965 0.950520 0.023249 -0.309793 0.660087 0.864664 1 19 1.000000
  19 24.632629 34.303299 3.438719 0.886512 0.229527 0.401763 0.679637 0.871566 1 19 1.000000
v_hands
  19 24.432955 33.757492 3.827654 0.299817 0.277398 0.912776 0.689134 0.898632 1 19 1.000000
  19 24.632629 34.303299 3.438719 0.886512 0.229527 0.401763 0.679637 0.871566 1 19 1.000000
  19 24.287834 34.380680 3.691253 0.288764 0.289950 0.912438 0.697044 0.871901 1 19 1.000000
v_hands
  19 24.432955 33.757492 3.827654 0.299817 0.277398 0.912776 0.689134 0.898632 1 19 1.000000
  19 24.715620 33.678291 3.593631 0.886734 0.260514 0.381884 0.673255 0.897904 1 19 1.000000
  19 24.632629 34.303299 3.438719 0.886512 0.229527 0.401763 0.679637 0.871566 1 19 1.000000
v_hands
  19 23.843699 34.220032 3.713747 -0.524492 0.160630 0.836126 0.783838 0.362487 1 19 1.000000
  19 24.432955 33.757492 3.827654 0.299817 0.277398 0.912776 0.778097 0.391744 1 19 1.000000
  19 24.287834 34.380680 3.691253 0.288764 0.289950 0.912438 0.771338 0.367072 1 19 1.000000
v_hands
  19 23.843699 34.220032 3.713747 -0.524492 0.160630 0.836126 0.783838 0.362487 1 19 1.000000
  19 23.995735 33.644089 3.817907 -0.491064 0.034605 0.870436 0.794628 0.386411 1 19 1.000000
  19 24.432955 33.757492 3.827654 0.299817 0.277398 0.912776 0.778097 0.391744 1 19 1.000000
v_hands
  22 23.015106 35.771076 0.678726 0.481895 -0.008543 -0.876187 0.600608 0.773483 1 22 1.000000
  22 23.228970 36.134220 0.747181 0.761463 -0.133423 -0.634329 0.611161 0.765611 1 22 1.000000
  22 23.242704 35.848530 0.811439 0.812583 0.000764 -0.582845 0.608859 0.776555 1 22 1.000000
v_hands
  22 23.015106 35.771076 0.678726 0.481895 -0.008543 -0.876187 0.600608 0.773483 1 22 1.000000
  22 22.902805 36.219604 0.618150 0.410782 -0.152827 -0.898834 0.604649 0.756437 1 22 1.000000
  22 23.228970 36.134220 0.747181 0.761463 -0.133423 -0.634329 0.611161 0.765611 1 22 1.000000
v_hands
  18 23.838411 36.699329 2.246360 0.951313 0.055733 -0.303146 0.678511 0.772767 1 18 1.000000
  18 23.973661 36.401169 2.622150 0.947265 0.260945 0.186003 0.688030 0.789657 1 18 1.000000
  18 23.981010 36.285965 2.393413 0.947582 0.111792 -0.299315 0.678345 0.791000 1 18 1.000000
v_hands
  18 23.838411 36.699329 2.246360 0.951313 0.055733 -0.303146 0.678511 0.772767 1 18 1.000000
  18 23.860470 36.865631 2.447620 0.969463 0.227495 0.091577 0.688395 0.769724 1 18 1.000000
  18 23.973661 36.401169 2.622150 0.947265 0.260945 0.186003 0.688030 0.789657 1 18 1.000000
v_hands
  18 23.783184 37.109978 2.093102 0.898022 0.298636 -0.323069 0.679346 0.755792 1 18 1.000000
  18 23.838619 36.979698 2.279254 0.976272 0.216527 -0.002878 0.684222 0.763387 1 18 1.000000
  18 23.835632 36.916862 2.165956 0.955620 0.048825 -0.290529 0.679261 0.764160 1 18 1.000000
v_hands
  18 23.783184 37.109978 2.093102 0.898022 0.298636 -0.323069 0.679346 0.755792 1 18 1.000000
  18 23.788246 37.122734 2.311920 0.915617 0.400471 0.035616 0.687148 0.758079 1 18 1.000000
  18 23.838619 36.979698 2.279254 0.976272 0.216527 -0.002878 0.684222 0.763387 1 18 1.000000
v_hands
  18 23.856239 36.232258 2.159771 0.714516 -0.072529 -0.695849 0.668094 0.787155 1 18 1.000000
  18 23.838411 36.699329 2.246360 0.951313 0.055733 -0.303146 0.678511 0.772767 1 18 1.000000
  18 23.981010 36.285965 2.393413 0.947582 0.111792 -0.299315 0.678345 0.791000 1 18 1.000000
v_hands
  18 23.856239 36.232258 2.159771 0.714516 -0.072529 -0.695849 0.668094 0.787155 1 18 1.000000
  18 23.729952 36.749107 2.016542 0.755648 -0.081462 -0.649892 0.670253 0.766697 1 18 1.000000
  18 23.838411 36.699329 2.246360 0.951313 0.055733 -0.303146 0.678511 0.772767 1 18 1.000000
v_hands
  18 22.777563 35.866077 2.255937 -0.652455 -0.749909 0.109265 0.800357 0.254767 2 18 0.751785 22 0.248215
  22 22.756563 35.803249 1.714342 -0.243860 -0.960443 0.134466 0.834468 0.242830 1 22 1.000000
  18 22.946125 35.801498 2.275186 -0.496378 -0.857484 -0.135385 0.801930 0.261767 2 18 0.918064 22 0.081937
v_hands
  18 22.777563 35.866077 2.255937 -0.652455 -0.749909 0.109265 0.800357 0.254767 2 18 0.751785 22 0.248215
  22 22.661629 35.848351 1.810774 -0.664292 -0.675759 0.319479 0.823521 0.242654 1 22 1.000000
  22 22.756563 35.803249 1.714342 -0.243860 -0.960443 0.134466 0.834468 0.242830 1 22 1.000000
v_hands
  18 22.794899 36.673134 3.307492 -0.865423 -0.305611 0.397046 0.745063 0.251130 1 18 1.000000
  18 22.825605 35.820663 2.837494 -0.670106 -0.711299 0.212159 0.779656 0.267350 1 18 1.000000
  18 23.141138 35.822521 3.386322 -0.657530 -0.632499 0.409390 0.758393 0.284630 1 18 1.000000
v_hands
  18 22.794899 36.673134 3.307492 -0.865423 -0.305611 0.397046 0.745063 0.251130 1 18 1.000000
  18 22.518248 36.429234 2.762994 -0.900801 -0.307929 0.306164 0.769134 0.242672 1 18 1.000000
  18 22.825605 35.820663 2.837494 -0.670106 -0.711299 0.212159 0.779656 0.267350 1 18 1.000000
v_hands
  18 22.518248 36.429234 2.762994 -0.900801 -0.307929 0.306164 0.769134 0.242672 1 18 1.000000
  18 22.777563 35.866077 2.255937 -0.652455 -0.749909 0.109265 0.800357 0.254767 2 18 0.751785 22 0.248215
  18 22.825605 35.820663 2.837494 -0.670106 -0.711299 0.212159 0.779656 0.267350 1 18 1.000000
v_hands
  18 22.518248 36.429234 2.762994 -0.900801 -0.307929 0.306164 0.769134 0.242672 1 18 1.000000
  18 22.379917 36.477932 2.048514 -0.911447 -0.348277 0.219016 0.798291 0.222837 2 18 0.845306 22 0.154694
  18 22.777563 35.866077 2.255937 -0.652455 -0.749909 0.109265 0.800357 0.254767 2 18 0.751785 22 0.248215
v_hands
  10 24.741417 36.689186 5.376335 0.741778 -0.066173 -0.667373 0.803848 0.825003 1 10 1.000000
  10 23.839121 36.949177 4.959485 0.047224 -0.421917 -0.905404 0.774572 0.817382 1 10 1.000000
  10 24.270634 37.511639 4.861569 0.921597 -0.082798 -0.379213 0.786478 0.782352 1 10 1.000000
v_hands
  10 24.741417 36.689186 5.376335 0.741778 -0.066173 -0.667373 0.803848 0.825003 1 10 1.000000
  10 24.186113 36.349060 5.214393 0.106735 -0.447404 -0.887940 0.784661 0.835211 1 10 1.000000
  10 23.839121 36.949177 4.959485 0.047224 -0.421917 -0.905404 0.774572 0.817382 1 10 1.000000
v_hands
  10 23.812775 36.691238 6.308589 -0.667654 0.045833 0.743059 0.603700 0.327338 1 10 1.000000
  10 23.792706 37.687302 5.953742 0.014345 0.402255 0.915415 0.603553 0.274648 1 10 1.000000
  10 23.427366 37.465080 5.887524 -0.515293 -0.068011 0.854311 0.619398 0.274098 1 10 1.000000
v_hands
  10 23.812775 36.691238 6.308589 -0.667654 0.045833 0.743059 0.603700 0.327338 1 10 1.000000
  10 24.213472 36.921894 6.356886 -0.024446 0.431411 0.901824 0.590522 0.317173 1 10 1.000000
  10 23.792706 37.687302 5.953742 0.014345 0.402255 0.915415 0.603553 0.274648 1 10 1.000000
v_hands
  10 24.629330 37.427322 5.559248 0.907953 0.411715 0.078173 0.814273 0.800502 1 10 1.000000
  10 24.741417 36.689186 5.376335 0.741778 -0.066173 -0.667373 0.803848 0.825003 1 10 1.000000
  10 24.270634 37.511639 4.861569 0.921597 -0.082798 -0.379213 0.786478 0.782352 1 10 1.000000
v_hands
  10 24.629330 37.427322 5.559248 0.907953 0.411715 0.078173 0.814273 0.800502 1 10 1.000000
  10 24.831160 36.995304 5.803943 0.926405 0.372806 0.052815 0.819634 0.817080 1 10 1.000000
  10 24.741417 36.689186 5.376335 0.741778 -0.066173 -0.667373 0.803848 0.825003 1 10 1.000000
v_hands
  10 24.629330 37.427322 5.559248 0.907953 0.411715 0.078173 0.814273 0.800502 1 10 1.000000
  10 24.414694 37.715065 5.221575 0.917690 0.066517 -0.391689 0.803732 0.781675 1 10 1.000000
  10 24.489832 37.821320 5.389504 0.933324 0.348684 0.085586 0.812434 0.782184 1 10 1.000000
v_hands
  10 24.629330 37.427322 5.559248 0.907953 0.411715 0.078173 0.814273 0.800502 1 10 1.000000
  10 24.270634 37.511639 4.861569 0.921597 -0.082798 -0.379213 0.786478 0.782352 1 10 1.000000
  10 24.414694 37.715065 5.221575 0.917690 0.066517 -0.391689 0.803732 0.781675 1 10 1.000000
photo_capture01
  50 5.500000 38.991543 9.481534 0.000000 0.000000 -1.000000 0.000000 0.999162 1 50 1.000000
  50 -5.500000 30.991543 9.481534 0.000000 0.000000 -1.000000 1.000000 -0.000062 1 50 1.000000
  50 -5.500000 38.991543 9.481534 0.000000 0.000000 -1.000000 1.000000 0.999162 1 50 1.000000
photo_capture01
  50 5.500000 38.991543 9.481534 0.000000 0.000000 -1.000000 0.000000 0.999162 1 50 1.000000
  50 5.500000 30.991543 9.481534 0.000000 0.000000 -1.000000 0.000000 -0.000062 1 50 1.000000
  50 -5.500000 30.991543 9.481534 0.000000 0.000000 -1.000000 1.000000 -0.000062 1 50 1.000000
photo_capture01
  50 -5.500000 38.991543 9.481534 0.000000 1.000000 0.000000 0.292536 0.920727 1 50 1.000000
  50 5.500000 38.991543 9.492250 0.000000 1.000000 0.000000 0.992688 0.921055 1 50 1.000000
  50 5.500000 38.991543 9.481534 0.000000 1.000000 0.000000 0.992688 0.920727 1 50 1.000000
photo_capture01
  50 -5.500000 38.991543 9.481534 0.000000 1.000000 0.000000 0.292536 0.920727 1 50 1.000000
  50 -5.500000 38.991543 9.492250 0.000000 1.000000 0.000000 0.292536 0.921055 1 50 1.000000
  50 5.500000 38.991543 9.492250 0.000000 1.000000 0.000000 0.992688 0.921055 1 50 1.000000
photo_capture01
  50 5.500000 38.991543 9.492250 1.000000 0.000000 0.000000 0.992688 0.921055 1 50 1.000000
  50 5.500000 30.991543 9.481534 1.000000 0.000000 0.000000 0.792536 0.999162 1 50 1.000000
  50 5.500000 38.991543 9.481534 1.000000 0.000000 0.000000 0.992688 0.920727 1 50 1.000000
photo_capture01
  50 5.500000 38.991543 9.492250 1.000000 0.000000 0.000000 0.992688 0.921055 1 50 1.000000
  50 5.500000 30.991543 9.492250 1.000000 0.000000 0.000000 0.792536 0.999638 1 50 1.000000
  50 5.500000 30.991543 9.481534 1.000000 0.000000 0.000000 0.792536 0.999162 1 50 1.000000
photo_capture01
  50 -5.500000 30.991543 9.481534 0.000000 -1.000000 0.000000 0.492688 0.999162 1 50 1.000000
  50 5.500000 30.991543 9.492250 0.000000 -1.000000 0.000000 0.792536 0.999638 1 50 1.000000
  50 -5.500000 30.991543 9.492250 0.000000 -1.000000 0.000000 0.492688 1.000000 1 50 1.000000
photo_capture01
  50 -5.500000 30.991543 9.481534 0.000000 -1.000000 0.000000 0.492688 0.999162 1 50 1.000000
  50 5.500000 30.991543 9.481534 0.000000 -1.000000 0.000000 0.792536 0.999162 1 50 1.000000
  50 5.500000 30.991543 9.492250 0.000000 -1.000000 0.000000 0.792536 0.999638 1 50 1.000000
photo_capture01
  50 -5.500000 38.991543 9.481534 -1.000000 0.000000 0.000000 0.292536 0.920727 1 50 1.000000
  50 -5.500000 30.991543 9.492250 -1.000000 0.000000 0.000000 0.492688 1.000000 1 50 1.000000
  50 -5.500000 38.991543 9.492250 -1.000000 0.000000 0.000000 0.292536 0.921055 1 50 1.000000
photo_capture01
  50 -5.500000 38.991543 9.481534 -1.000000 0.000000 0.000000 0.292536 0.920727 1 50 1.000000
  50 -5.500000 30.991543 9.481534 -1.000000 0.000000 0.000000 0.492688 0.999162 1 50 1.000000
  50 -5.500000 30.991543 9.492250 -1.000000 0.000000 0.000000 0.492688 1.000000 1 50 1.000000
photo_backside01
  50 5.500000 30.991543 9.492250 0.000000 0.000000 1.000000 1.000000 0.251939 1 50 1.000000
  50 -5.500000 38.991543 9.492250 0.000000 0.000000 1.000000 0.000000 0.941406 1 50 1.000000
  50 -5.500000 30.991543 9.492250 0.000000 0.000000 1.000000 0.000000 0.251939 1 50 1.000000
photo_backside01
  50 5.500000 30.991543 9.492250 0.000000 0.000000 1.000000 1.000000 0.251939 1 50 1.000000
  50 5.500000 38.991543 9.492250 0.000000 0.000000 1.000000 1.000000 0.941406 1 50 1.000000
  50 -5.500000 38.991543 9.492250 0.000000 0.000000 1.000000 0.000000 0.941406 1 50 1.000000
end
