// Created by Crowbar 0.74
version 1
nodes
  0 "ValveBiped.Bip01" -1
  1 "ValveBiped.Bip01_Spine" 0
  2 "ValveBiped.Bip01_Spine1" 1
  3 "ValveBiped.Bip01_Spine2" 2
  4 "ValveBiped.Bip01_Spine4" 3
  5 "ValveBiped.Bip01_L_Clavicle" 4
  6 "ValveBiped.Bip01_L_UpperArm" 5
  7 "ValveBiped.Bip01_L_Forearm" 6
  8 "ValveBiped.Bip01_L_Hand" 7
  9 "ValveBiped.Bip01_L_Finger4" 8
  10 "ValveBiped.Bip01_L_Finger41" 9
  11 "ValveBiped.Bip01_L_Finger42" 10
  12 "ValveBiped.Bip01_L_Finger3" 8
  13 "ValveBiped.Bip01_L_Finger31" 12
  14 "ValveBiped.Bip01_L_Finger32" 13
  15 "ValveBiped.Bip01_L_Finger2" 8
  16 "ValveBiped.Bip01_L_Finger21" 15
  17 "ValveBiped.Bip01_L_Finger22" 16
  18 "ValveBiped.Bip01_L_Finger1" 8
  19 "ValveBiped.Bip01_L_Finger11" 18
  20 "ValveBiped.Bip01_L_Finger12" 19
  21 "ValveBiped.Bip01_L_Finger0" 8
  22 "ValveBiped.Bip01_L_Finger01" 21
  23 "ValveBiped.Bip01_L_Finger02" 22
  24 "ValveBiped.Bip01_R_Clavicle" 4
  25 "ValveBiped.Bip01_R_UpperArm" 24
  26 "ValveBiped.Bip01_R_Forearm" 25
  27 "ValveBiped.Bip01_R_Hand" 26
  28 "ValveBiped.Bip01_R_Finger4" 27
  29 "ValveBiped.Bip01_R_Finger41" 28
  30 "ValveBiped.Bip01_R_Finger42" 29
  31 "ValveBiped.Bip01_R_Finger3" 27
  32 "ValveBiped.Bip01_R_Finger31" 31
  33 "ValveBiped.Bip01_R_Finger32" 32
  34 "ValveBiped.Bip01_R_Finger2" 27
  35 "ValveBiped.Bip01_R_Finger21" 34
  36 "ValveBiped.Bip01_R_Finger22" 35
  37 "ValveBiped.Bip01_R_Finger1" 27
  38 "ValveBiped.Bip01_R_Finger11" 37
  39 "ValveBiped.Bip01_R_Finger12" 38
  40 "ValveBiped.Bip01_R_Finger0" 27
  41 "ValveBiped.Bip01_R_Finger01" 40
  42 "ValveBiped.Bip01_R_Finger02" 41
  43 "ValveBiped.Camera" 27
end
skeleton
  time 0
    0 -0.000003 -13.531250 -29.421875 1.570788 0.000007 -0.000007
    1 0.000000 3.345131 -2.981898 1.570789 0.086301 1.570789
    2 4.015625 0.000003 0.000000 0.000000 0.000000 -0.029241
    3 3.520294 0.000005 -0.000006 0.000000 0.000000 0.100332
    4 8.929688 0.000001 0.000000 0.000000 0.000000 0.194095
    5 2.036086 0.993556 1.937663 1.596478 -1.284995 2.943128
    6 6.028159 -0.000069 0.000009 -1.515842 -0.850478 -0.883018
    7 12.188675 0.312555 -0.257809 -0.280969 0.544745 -0.926313
    8 11.481682 0.000088 -0.000031 1.230761 -0.562402 0.146359
    9 3.858219 -0.135628 -1.192206 -0.251095 0.104185 -0.118801
    10 1.312565 -0.000008 0.000000 -0.000002 0.054404 -0.409012
    11 0.729366 0.000002 -0.000002 -0.000001 0.040754 -0.240990
    12 3.938059 0.050853 -0.435186 -0.379709 -0.016674 -0.393832
    13 1.539091 0.000008 -0.000002 0.153283 0.085268 -0.278798
    14 1.196321 0.000000 -0.000002 0.180283 0.096652 -0.752365
    15 3.881376 -0.039219 0.427587 0.173074 -0.231516 -0.230351
    16 1.719578 0.000023 -0.000021 -0.117981 -0.078117 -0.544641
    17 1.209181 -0.000004 -0.000001 0.107095 -0.099106 -1.066298
    18 3.863479 -0.132591 1.332139 0.122645 -0.490081 0.180207
    19 1.719431 -0.000023 0.000019 -0.064560 -0.187926 -1.115688
    20 1.099676 0.000000 0.000006 -0.031264 0.008351 -0.587033
    21 0.807586 -0.343252 1.320583 -1.342788 -0.268033 -0.682746
    22 1.789787 0.000006 0.000006 0.075441 -0.418756 0.038984
    23 1.207012 0.000011 0.000000 0.091034 0.020172 0.085897
    24 2.035156 0.997070 -1.937500 -1.667267 1.282923 2.944210
    25 6.028144 -0.000011 0.000002 1.564100 0.793325 -0.843523
    26 11.161311 -0.253913 -0.257817 0.274131 -0.416397 -0.910847
    27 11.481657 0.000043 0.000019 -1.183866 0.520519 0.156054
    28 3.858240 -0.131699 1.199994 0.887977 0.041686 -0.500120
    29 1.312567 0.000000 0.000000 -0.076006 -0.203868 -0.258727
    30 0.729362 0.000004 0.000003 -0.250341 -0.135455 -0.179419
    31 3.941981 0.050872 0.435162 0.216346 -0.007336 -0.093776
    32 1.539089 0.000008 0.000003 -0.605562 0.126574 -1.244849
    33 1.196316 0.000004 0.000005 0.000000 -0.000162 -0.332870
    34 3.880859 -0.047028 -0.427490 0.051056 0.262892 -0.068599
    35 1.719567 0.000023 0.000016 -0.461231 0.032293 -1.105404
    36 1.209175 0.000008 0.000005 0.175617 0.055179 -0.367832
    37 3.863493 -0.148186 -1.324350 -0.134961 0.400676 -0.397685
    38 1.719419 -0.000008 -0.000008 -0.082106 -0.002364 -0.236718
    39 1.099667 -0.000004 -0.000001 -0.188224 0.009145 -1.119518
    40 0.807129 -0.358887 -1.316406 1.243203 0.551773 -0.740643
    41 1.789783 -0.000002 -0.000002 -0.000009 0.003711 0.228604
    42 1.207001 0.000009 0.000000 -0.023897 -0.040066 0.269693
    43 3.772941 -5.489335 -0.527645 4.034818 -0.133223 -1.641906
  time 1
    0 -0.000003 -13.531250 -29.421875 1.570788 0.000007 -0.000007
    1 0.000000 3.345131 -2.981898 1.570789 0.086301 1.570789
    2 4.015625 0.000003 0.000000 0.000000 0.000000 -0.029241
    3 3.520294 0.000005 -0.000006 0.000000 0.000000 0.100332
    4 8.929688 0.000001 0.000000 0.000000 0.000000 0.194095
    5 2.036086 0.993556 1.937663 1.596642 -1.284995 2.942975
    6 6.028159 -0.000069 0.000009 -1.515711 -0.849804 -0.883030
    7 12.188675 0.312555 -0.261715 -0.280405 0.542933 -0.929453
    8 11.481682 0.000088 -0.000031 1.230663 -0.562485 0.146622
    9 3.858219 -0.135628 -1.192206 -0.252222 0.104017 -0.120499
    10 1.312565 -0.000008 0.000000 -0.000002 0.054404 -0.409012
    11 0.729366 0.000002 -0.000002 -0.000001 0.040754 -0.240990
    12 3.941966 0.050853 -0.435186 -0.378739 -0.017106 -0.394946
    13 1.539091 0.000008 -0.000002 0.152744 0.084981 -0.278678
    14 1.196321 0.000000 -0.000002 0.179648 0.096340 -0.751226
    15 3.881376 -0.039219 0.427587 0.172439 -0.231516 -0.231564
    16 1.719578 0.000023 -0.000021 -0.117298 -0.077973 -0.544085
    17 1.209181 -0.000004 -0.000001 0.106160 -0.099022 -1.064300
    18 3.863479 -0.132591 1.332139 0.123388 -0.490187 0.178964
    19 1.719431 -0.000023 0.000019 -0.063997 -0.188190 -1.115064
    20 1.099676 0.000000 0.000006 -0.031132 0.008303 -0.585990
    21 0.807586 -0.343252 1.320583 -1.342464 -0.268848 -0.683607
    22 1.789787 0.000006 0.000006 0.075489 -0.419203 0.038492
    23 1.207012 0.000011 0.000000 0.090974 0.019956 0.086461
    24 2.035156 0.997070 -1.937500 -1.667267 1.282923 2.944210
    25 6.028144 -0.000011 0.000002 1.564112 0.793325 -0.843523
    26 11.161311 -0.253913 -0.253910 0.273172 -0.415164 -0.914062
    27 11.481657 0.000043 0.000019 -1.183866 0.520519 0.156054
    28 3.854334 -0.131699 1.199994 0.887977 0.041686 -0.500120
    29 1.312567 0.000000 0.000000 -0.076006 -0.203868 -0.258727
    30 0.729362 0.000004 0.000003 -0.250341 -0.135455 -0.179419
    31 3.941981 0.050872 0.435162 0.216346 -0.007336 -0.093776
    32 1.539089 0.000008 0.000003 -0.605562 0.126574 -1.244849
    33 1.196316 0.000004 0.000005 0.000000 -0.000162 -0.332870
    34 3.880859 -0.047028 -0.427490 0.051056 0.262892 -0.068599
    35 1.719567 0.000023 0.000016 -0.461231 0.032293 -1.105404
    36 1.209175 0.000008 0.000005 0.175617 0.055179 -0.367832
    37 3.867399 -0.148186 -1.324350 -0.134961 0.400676 -0.397685
    38 1.719419 -0.000008 -0.000008 -0.082106 -0.002364 -0.236718
    39 1.099667 -0.000004 -0.000001 -0.188224 0.009145 -1.119518
    40 0.807129 -0.358887 -1.316406 1.243203 0.551773 -0.740643
    41 1.789783 -0.000002 -0.000002 -0.000009 0.003711 0.228604
    42 1.207001 0.000009 0.000000 -0.023897 -0.040066 0.269693
    43 3.772941 -5.489335 -0.527645 4.034818 -0.133223 -1.641906
  time 2
    0 -0.000003 -13.531250 -29.421875 1.570788 0.000007 -0.000007
    1 0.000000 3.345131 -2.981898 1.570789 0.086301 1.570789
    2 4.015625 0.000003 0.000000 0.000000 0.000000 -0.029241
    3 3.520294 0.000005 -0.000006 0.000000 0.000000 0.100332
    4 8.929688 0.000001 0.000000 0.000000 0.000000 0.194095
    5 2.036086 0.993556 1.937663 1.597133 -1.284983 2.942516
    6 6.028159 -0.000069 0.000009 -1.515316 -0.847717 -0.883054
    7 12.184768 0.312555 -0.261715 -0.278428 0.537081 -0.939869
    8 11.481682 0.000088 -0.000031 1.230420 -0.562701 0.147377
    9 3.854313 -0.135628 -1.192206 -0.255649 0.103526 -0.125621
    10 1.312565 -0.000008 0.000000 -0.000002 0.054404 -0.409012
    11 0.729366 0.000002 -0.000002 -0.000001 0.040754 -0.240990
    12 3.938059 0.050853 -0.435186 -0.375790 -0.018424 -0.398286
    13 1.539091 0.000008 -0.000002 0.151114 0.084118 -0.278361
    14 1.196321 0.000000 -0.000002 0.177730 0.095381 -0.747810
    15 3.881376 -0.039219 0.427587 0.170522 -0.231504 -0.235259
    16 1.719578 0.000023 -0.000021 -0.115225 -0.077530 -0.542344
    17 1.209181 -0.000004 -0.000001 0.103368 -0.098783 -1.058229
    18 3.863479 -0.132591 1.332139 0.125641 -0.490506 0.175181
    19 1.719431 -0.000023 0.000019 -0.062295 -0.188969 -1.113251
    20 1.099676 0.000000 0.000006 -0.030748 0.008147 -0.582838
    21 0.807586 -0.343252 1.320583 -1.341506 -0.271305 -0.686227
    22 1.789787 0.000006 0.000006 0.075597 -0.420558 0.036994
    23 1.207012 0.000011 0.000000 0.090770 0.019285 0.088138
    24 2.035156 0.997070 -1.937500 -1.667267 1.282923 2.944210
    25 6.028144 -0.000011 0.000002 1.564112 0.793325 -0.843523
    26 11.169124 -0.250006 -0.253910 0.270248 -0.411441 -0.923651
    27 11.481657 0.000043 0.000019 -1.183866 0.520519 0.156054
    28 3.858240 -0.131699 1.199994 0.887977 0.041686 -0.500120
    29 1.312567 0.000000 0.000000 -0.076006 -0.203868 -0.258727
    30 0.729362 0.000004 0.000003 -0.250341 -0.135455 -0.179419
    31 3.941981 0.050872 0.435162 0.216346 -0.007336 -0.093776
    32 1.539089 0.000008 0.000003 -0.605562 0.126574 -1.244849
    33 1.196316 0.000004 0.000005 0.000000 -0.000162 -0.332870
    34 3.880859 -0.047028 -0.427490 0.051056 0.262892 -0.068599
    35 1.719567 0.000023 0.000016 -0.461231 0.032293 -1.105404
    36 1.209175 0.000008 0.000005 0.175617 0.055179 -0.367832
    37 3.867399 -0.148186 -1.324350 -0.134961 0.400676 -0.397685
    38 1.719419 -0.000008 -0.000008 -0.082106 -0.002364 -0.236718
    39 1.099667 -0.000004 -0.000001 -0.188224 0.009145 -1.119518
    40 0.807129 -0.358887 -1.316406 1.243203 0.551773 -0.740643
    41 1.789783 -0.000002 -0.000002 -0.000009 0.003711 0.228604
    42 1.207001 0.000009 0.000000 -0.023897 -0.040066 0.269693
    43 3.772941 -5.489335 -0.527645 4.034818 -0.133223 -1.641906
  time 3
    0 -0.000003 -13.531250 -29.421875 1.570788 0.000007 -0.000007
    1 0.000000 3.345131 -2.981898 1.570789 0.086301 1.570789
    2 4.015625 0.000003 0.000000 0.000000 0.000000 -0.029241
    3 3.520294 0.000005 -0.000006 0.000000 0.000000 0.100332
    4 8.929688 0.000001 0.000000 0.000000 0.000000 0.194095
    5 2.036086 0.993556 1.937663 1.597951 -1.284959 2.941752
    6 6.028159 -0.000069 0.000009 -1.514676 -0.844281 -0.883090
    7 12.176956 0.316461 -0.265622 -0.274629 0.526724 -0.958555
    8 11.481682 0.000088 -0.000031 1.230031 -0.563065 0.148641
    9 3.858219 -0.135628 -1.192206 -0.261366 0.102675 -0.134195
    10 1.312565 -0.000008 0.000000 -0.000002 0.054404 -0.409012
    11 0.729366 0.000002 -0.000002 -0.000001 0.040754 -0.240990
    12 3.941966 0.050853 -0.435186 -0.370865 -0.020641 -0.403912
    13 1.539091 0.000008 -0.000002 0.148381 0.082667 -0.277804
    14 1.196321 0.000000 -0.000002 0.174519 0.093775 -0.742082
    15 3.881376 -0.039219 0.427587 0.167322 -0.231468 -0.241435
    16 1.719578 0.000023 -0.000021 -0.111749 -0.076799 -0.539455
    17 1.209181 -0.000004 -0.000001 0.098670 -0.098375 -1.048084
    18 3.863479 -0.132591 1.332139 0.129392 -0.491038 0.168857
    19 1.719431 -0.000023 0.000019 -0.059455 -0.190275 -1.110219
    20 1.099676 0.000000 0.000006 -0.030101 0.007896 -0.577553
    21 0.807586 -0.343252 1.320583 -1.339852 -0.275415 -0.690618
    22 1.789787 0.000006 0.000006 0.075801 -0.422807 0.034490
    23 1.207012 0.000011 0.000000 0.090423 0.018182 0.090967
    24 2.035156 0.997070 -1.937500 -1.667267 1.282923 2.944210
    25 6.028144 -0.000011 0.000002 1.564136 0.793349 -0.843511
    26 11.176937 -0.246100 -0.250004 0.265358 -0.405202 -0.939670
    27 11.481657 0.000043 0.000019 -1.183866 0.520519 0.156054
    28 3.854334 -0.131699 1.199994 0.887977 0.041686 -0.500120
    29 1.312567 0.000000 0.000000 -0.076006 -0.203868 -0.258727
    30 0.729362 0.000004 0.000003 -0.250341 -0.135455 -0.179419
    31 3.941981 0.050872 0.435162 0.216346 -0.007336 -0.093776
    32 1.539089 0.000008 0.000003 -0.605562 0.126574 -1.244849
    33 1.196316 0.000004 0.000005 0.000000 -0.000162 -0.332870
    34 3.880859 -0.047028 -0.427490 0.051056 0.262892 -0.068599
    35 1.719567 0.000023 0.000016 -0.461231 0.032293 -1.105404
    36 1.209175 0.000008 0.000005 0.175617 0.055179 -0.367832
    37 3.867399 -0.148186 -1.324350 -0.134961 0.400676 -0.397685
    38 1.719419 -0.000008 -0.000008 -0.082106 -0.002364 -0.236718
    39 1.099667 -0.000004 -0.000001 -0.188224 0.009145 -1.119518
    40 0.807129 -0.358887 -1.316406 1.243203 0.551773 -0.740643
    41 1.789783 -0.000002 -0.000002 -0.000009 0.003711 0.228604
    42 1.207001 0.000009 0.000000 -0.023897 -0.040066 0.269693
    43 3.772941 -5.489335 -0.527645 4.034818 -0.133223 -1.641906
  time 4
    0 -0.000003 -13.531250 -29.421875 1.570788 0.000007 -0.000007
    1 0.000000 3.345131 -2.981898 1.570789 0.086301 1.570789
    2 4.015625 0.000003 0.000000 0.000000 0.000000 -0.029241
    3 3.520294 0.000005 -0.000006 0.000000 0.000000 0.100332
    4 8.929688 0.000001 0.000000 0.000000 0.000000 0.194095
    5 2.036086 0.993556 1.937663 1.599064 -1.284923 2.940652
    6 6.028159 -0.000069 0.000009 -1.513792 -0.839593 -0.883162
    7 12.169143 0.316461 -0.273434 -0.268697 0.511961 -0.985720
    8 11.481682 0.000088 -0.000031 1.229495 -0.563562 0.150415
    9 3.858219 -0.135628 -1.192206 -0.269324 0.101465 -0.146220
    10 1.312565 -0.000008 0.000000 -0.000002 0.054404 -0.409012
    11 0.729366 0.000002 -0.000002 -0.000001 0.040754 -0.240990
    12 3.938059 0.050853 -0.435186 -0.363950 -0.023733 -0.411765
    13 1.539091 0.000008 -0.000002 0.144558 0.080630 -0.277010
    14 1.196321 0.000000 -0.000002 0.170024 0.091522 -0.734052
    15 3.881376 -0.039219 0.427587 0.162815 -0.231432 -0.250065
    16 1.719578 0.000023 -0.000021 -0.106896 -0.075780 -0.535381
    17 1.209181 -0.000004 -0.000001 0.092091 -0.097788 -1.033865
    18 3.863479 -0.132591 1.332139 0.134629 -0.491782 0.159967
    19 1.719431 -0.000023 0.000019 -0.055476 -0.192097 -1.105969
    20 1.099676 0.000000 0.000006 -0.029202 0.007548 -0.570171
    21 0.807586 -0.343252 1.320583 -1.337479 -0.281180 -0.696780
    22 1.789787 0.000006 0.000006 0.076076 -0.425964 0.030978
    23 1.207012 0.000011 0.000000 0.089943 0.016624 0.094910
    24 2.035156 0.997070 -1.937500 -1.667267 1.282923 2.944210
    25 6.028144 -0.000011 0.000002 1.564160 0.793349 -0.843499
    26 11.192562 -0.238287 -0.242191 0.258503 -0.396472 -0.962170
    27 11.481657 0.000043 0.000019 -1.183866 0.520519 0.156054
    28 3.858240 -0.131699 1.199994 0.887977 0.041686 -0.500120
    29 1.312567 0.000000 0.000000 -0.076006 -0.203868 -0.258727
    30 0.729362 0.000004 0.000003 -0.250341 -0.135455 -0.179419
    31 3.941981 0.050872 0.435162 0.216346 -0.007336 -0.093776
    32 1.539089 0.000008 0.000003 -0.605562 0.126574 -1.244849
    33 1.196316 0.000004 0.000005 0.000000 -0.000162 -0.332870
    34 3.880859 -0.047028 -0.427490 0.051056 0.262892 -0.068599
    35 1.719567 0.000023 0.000016 -0.461231 0.032293 -1.105404
    36 1.209175 0.000008 0.000005 0.175617 0.055179 -0.367832
    37 3.867399 -0.148186 -1.324350 -0.134961 0.400676 -0.397685
    38 1.719419 -0.000008 -0.000008 -0.082106 -0.002364 -0.236718
    39 1.099667 -0.000004 -0.000001 -0.188224 0.009145 -1.119518
    40 0.807129 -0.358887 -1.316406 1.243203 0.551773 -0.740643
    41 1.789783 -0.000002 -0.000002 -0.000009 0.003711 0.228604
    42 1.207001 0.000009 0.000000 -0.023897 -0.040066 0.269693
    43 3.772941 -5.489335 -0.527645 4.034818 -0.133223 -1.641906
  time 5
    0 -0.000003 -13.531250 -29.421875 1.570788 0.000007 -0.000007
    1 0.000000 3.345131 -2.981898 1.570789 0.086301 1.570789
    2 4.015625 0.000003 0.000000 0.000000 0.000000 -0.029241
    3 3.520294 0.000005 -0.000006 0.000000 0.000000 0.100332
    4 8.929688 0.000001 0.000000 0.000000 0.000000 0.194095
    5 2.036086 0.993556 1.937663 1.600537 -1.284887 2.939276
    6 6.028159 -0.000069 0.000009 -1.512720 -0.833781 -0.883245
    7 12.157424 0.316461 -0.277341 -0.260607 0.493640 -1.020161
    8 11.481682 0.000088 -0.000031 1.228765 -0.564208 0.152681
    9 3.854313 -0.135628 -1.192206 -0.279451 0.099883 -0.161615
    10 1.312565 -0.000008 0.000000 -0.000002 0.054404 -0.409012
    11 0.729366 0.000002 -0.000002 -0.000001 0.040754 -0.240990
    12 3.941966 0.050853 -0.435186 -0.355081 -0.027700 -0.421815
    13 1.539091 0.000008 -0.000002 0.139656 0.078017 -0.276017
    14 1.196321 0.000000 -0.000002 0.164260 0.088634 -0.723769
    15 3.881376 -0.039219 0.427587 0.157051 -0.231384 -0.261149
    16 1.719578 0.000023 -0.000021 -0.100664 -0.074462 -0.530158
    17 1.209181 -0.000004 -0.000001 0.083665 -0.097045 -1.015651
    18 3.863479 -0.132591 1.332139 0.141305 -0.492708 0.148617
    19 1.719431 -0.000023 0.000019 -0.050370 -0.194434 -1.100501
    20 1.099676 0.000000 0.000006 -0.028052 0.007105 -0.560703
    21 0.807586 -0.343252 1.320583 -1.334351 -0.288526 -0.704727
    22 1.789787 0.000006 0.000006 0.076424 -0.430014 0.026484
    23 1.207012 0.000011 0.000000 0.089332 0.014623 0.099979
    24 2.035156 0.997070 -1.937500 -1.667267 1.282923 2.944210
    25 6.028144 -0.000011 0.000002 1.564183 0.793374 -0.843487
    26 11.208188 -0.230475 -0.234378 0.249730 -0.385289 -0.990939
    27 11.481657 0.000043 0.000019 -1.183866 0.520519 0.156054
    28 3.854334 -0.131699 1.199994 0.887993 0.041686 -0.500120
    29 1.312567 0.000000 0.000000 -0.076006 -0.203868 -0.258727
    30 0.729362 0.000004 0.000003 -0.250341 -0.135455 -0.179419
    31 3.941981 0.050872 0.435162 0.216346 -0.007336 -0.093776
    32 1.539089 0.000008 0.000003 -0.605562 0.126574 -1.244849
    33 1.196316 0.000004 0.000005 0.000000 -0.000162 -0.332870
    34 3.880859 -0.047028 -0.427490 0.051056 0.262892 -0.068599
    35 1.719567 0.000023 0.000016 -0.461231 0.032293 -1.105404
    36 1.209175 0.000008 0.000005 0.175617 0.055179 -0.367832
    37 3.867399 -0.148186 -1.324350 -0.134961 0.400676 -0.397685
    38 1.719419 -0.000008 -0.000008 -0.082106 -0.002364 -0.236718
    39 1.099667 -0.000004 -0.000001 -0.188224 0.009145 -1.119518
    40 0.807129 -0.358887 -1.316406 1.243203 0.551773 -0.740643
    41 1.789783 -0.000002 -0.000002 -0.000009 0.003711 0.228604
    42 1.207001 0.000009 0.000000 -0.023897 -0.040066 0.269693
    43 3.772941 -5.489335 -0.527645 4.034818 -0.133223 -1.641906
  time 6
    0 -0.000003 -13.531250 -29.421875 1.570788 0.000007 -0.000007
    1 0.000000 3.345131 -2.981898 1.570789 0.086301 1.570789
    2 4.015625 0.000003 0.000000 0.000000 0.000000 -0.029241
    3 3.520294 0.000005 -0.000006 0.000000 0.000000 0.100332
    4 8.929688 0.000001 0.000000 0.000000 0.000000 0.194095
    5 2.036086 0.993556 1.937663 1.602272 -1.284839 2.937595
    6 6.028159 -0.000069 0.000009 -1.511478 -0.827199 -0.883365
    7 12.145705 0.316461 -0.285154 -0.250660 0.473125 -1.059679
    8 11.481682 0.000088 -0.000031 1.227888 -0.564986 0.155440
    9 3.858219 -0.135628 -1.192206 -0.291615 0.097893 -0.180269
    10 1.312565 -0.000008 0.000000 -0.000002 0.054404 -0.409012
    11 0.729366 0.000002 -0.000002 -0.000001 0.040754 -0.240990
    12 3.941966 0.050853 -0.435186 -0.344331 -0.032506 -0.434004
    13 1.539091 0.000008 -0.000002 0.133724 0.074866 -0.274825
    14 1.196321 0.000000 -0.000002 0.157273 0.085146 -0.711317
    15 3.881376 -0.039219 0.427587 0.150040 -0.231324 -0.274546
    16 1.719578 0.000023 -0.000021 -0.093113 -0.072868 -0.523862
    17 1.209181 -0.000004 -0.000001 0.073455 -0.096146 -0.993571
    18 3.863479 -0.132591 1.332139 0.149358 -0.493802 0.134889
    19 1.719431 -0.000023 0.000019 -0.044198 -0.197262 -1.093903
    20 1.099676 0.000000 0.000006 -0.026650 0.006565 -0.549234
    21 0.807586 -0.343252 1.320583 -1.330396 -0.297407 -0.714382
    22 1.789787 0.000006 0.000006 0.076855 -0.434924 0.021031
    23 1.207012 0.000011 0.000000 0.088601 0.012202 0.106103
    24 2.035156 0.997070 -1.937500 -1.667267 1.282923 2.944210
    25 6.028144 -0.000011 0.000002 1.564219 0.793374 -0.843463
    26 11.227719 -0.222662 -0.222659 0.239100 -0.371743 -1.025815
    27 11.481657 0.000043 0.000019 -1.183866 0.520519 0.156054
    28 3.854334 -0.131699 1.199994 0.887977 0.041686 -0.500120
    29 1.312567 0.000000 0.000000 -0.076006 -0.203868 -0.258727
    30 0.729362 0.000004 0.000003 -0.250341 -0.135455 -0.179419
    31 3.941981 0.050872 0.435162 0.216346 -0.007336 -0.093776
    32 1.539089 0.000008 0.000003 -0.605562 0.126574 -1.244849
    33 1.196316 0.000004 0.000005 0.000000 -0.000162 -0.332870
    34 3.880859 -0.047028 -0.427490 0.051056 0.262892 -0.068599
    35 1.719567 0.000023 0.000016 -0.461231 0.032293 -1.105404
    36 1.209175 0.000008 0.000005 0.175617 0.055179 -0.367832
    37 3.867399 -0.148186 -1.324350 -0.134961 0.400676 -0.397685
    38 1.719419 -0.000008 -0.000008 -0.082106 -0.002364 -0.236718
    39 1.099667 -0.000004 -0.000001 -0.188224 0.009145 -1.119518
    40 0.807129 -0.358887 -1.316406 1.243203 0.551773 -0.740643
    41 1.789783 -0.000002 -0.000002 -0.000009 0.003711 0.228604
    42 1.207001 0.000009 0.000000 -0.023897 -0.040066 0.269693
    43 3.772941 -5.489335 -0.527645 4.034818 -0.133223 -1.641906
  time 7
    0 -0.000003 -13.531250 -29.421875 1.570788 0.000007 -0.000007
    1 0.000000 3.345131 -2.981898 1.570789 0.086301 1.570789
    2 4.015625 0.000003 0.000000 0.000000 0.000000 -0.029241
    3 3.520294 0.000005 -0.000006 0.000000 0.000000 0.100332
    4 8.929688 0.000001 0.000000 0.000000 0.000000 0.194095
    5 2.036086 0.993556 1.937663 1.604335 -1.284791 2.935639
    6 6.028159 -0.000069 0.000009 -1.510162 -0.820167 -0.883497
    7 12.130079 0.316461 -0.289060 -0.239346 0.451829 -1.101604
    8 11.481682 0.000088 -0.000031 1.226866 -0.565881 0.158658
    9 3.858219 -0.135628 -1.192206 -0.305625 0.095508 -0.201936
    10 1.312565 -0.000008 0.000000 -0.000002 0.054404 -0.409012
    11 0.729366 0.000002 -0.000002 -0.000001 0.040754 -0.240990
    12 3.941966 0.050853 -0.435186 -0.331807 -0.038115 -0.448157
    13 1.539091 0.000008 -0.000002 0.126821 0.071198 -0.273435
    14 1.196321 0.000000 -0.000002 0.149159 0.081072 -0.696828
    15 3.881376 -0.039219 0.427587 0.141866 -0.231252 -0.290142
    16 1.719578 0.000023 -0.000021 -0.084329 -0.071010 -0.516491
    17 1.209181 -0.000004 -0.000001 0.061578 -0.095091 -0.967884
    18 3.863479 -0.132591 1.332139 0.158670 -0.495062 0.118919
    19 1.719431 -0.000023 0.000019 -0.037031 -0.200546 -1.086206
    20 1.099676 0.000000 0.000006 -0.025032 0.005966 -0.535883
    21 0.807586 -0.343252 1.320583 -1.325590 -0.307690 -0.725697
    22 1.789787 0.000006 0.000006 0.077347 -0.440628 0.014691
    23 1.207012 0.000011 0.000000 0.087738 0.009398 0.113246
    24 2.035156 0.997070 -1.937500 -1.667267 1.282923 2.944210
    25 6.028144 -0.000011 0.000002 1.564255 0.793399 -0.843439
    26 11.251158 -0.210943 -0.210940 0.226743 -0.355986 -1.066423
    27 11.481657 0.000043 0.000019 -1.183866 0.520519 0.156054
    28 3.854334 -0.131699 1.199994 0.887977 0.041686 -0.500120
    29 1.312567 0.000000 0.000000 -0.076006 -0.203868 -0.258727
    30 0.729362 0.000004 0.000003 -0.250341 -0.135455 -0.179419
    31 3.938074 0.050872 0.435162 0.216346 -0.007336 -0.093776
    32 1.539089 0.000008 0.000003 -0.605562 0.126574 -1.244849
    33 1.196316 0.000004 0.000005 0.000000 -0.000162 -0.332870
    34 3.880859 -0.047028 -0.427490 0.051056 0.262892 -0.068599
    35 1.719567 0.000023 0.000016 -0.461231 0.032293 -1.105404
    36 1.209175 0.000008 0.000005 0.175617 0.055179 -0.367832
    37 3.867399 -0.148186 -1.324350 -0.134961 0.400676 -0.397685
    38 1.719419 -0.000008 -0.000008 -0.082106 -0.002364 -0.236718
    39 1.099667 -0.000004 -0.000001 -0.188224 0.009145 -1.119518
    40 0.807129 -0.358887 -1.316406 1.243203 0.551773 -0.740643
    41 1.789783 -0.000002 -0.000002 -0.000009 0.003711 0.228604
    42 1.207001 0.000009 0.000000 -0.023897 -0.040066 0.269693
    43 3.772941 -5.489335 -0.527645 4.034894 -0.133223 -1.641906
  time 8
    0 -0.000003 -13.531250 -29.421875 1.570788 0.000007 -0.000007
    1 0.000000 3.345131 -2.981898 1.570789 0.086301 1.570789
    2 4.015625 0.000003 0.000000 0.000000 0.000000 -0.029241
    3 3.520294 0.000005 -0.000006 0.000000 0.000000 0.100332
    4 8.929688 0.000001 0.000000 0.000000 0.000000 0.194095
    5 2.036086 0.993556 1.937663 1.606626 -1.284719 2.933438
    6 6.028159 -0.000069 0.000009 -1.508864 -0.813135 -0.883641
    7 12.114454 0.316461 -0.292966 -0.227146 0.430815 -1.144053
    8 11.481682 0.000088 -0.000031 1.225698 -0.566874 0.162287
    9 3.858219 -0.135628 -1.192206 -0.321241 0.092728 -0.226398
    10 1.312565 -0.000008 0.000000 -0.000002 0.054404 -0.409012
    11 0.729366 0.000002 -0.000002 -0.000001 0.040754 -0.240990
    12 3.938059 0.050853 -0.435186 -0.317653 -0.044431 -0.464155
    13 1.539091 0.000008 -0.000002 0.119031 0.067052 -0.271846
    14 1.196321 0.000000 -0.000002 0.139991 0.076482 -0.680481
    15 3.881376 -0.039219 0.427587 0.132614 -0.231180 -0.307713
    16 1.719578 0.000023 -0.000021 -0.074429 -0.068913 -0.508231
    17 1.209181 -0.000004 -0.000001 0.048155 -0.093893 -0.938928
    18 3.863479 -0.132591 1.332139 0.169097 -0.496444 0.100894
    19 1.719431 -0.000023 0.000019 -0.028930 -0.204249 -1.077498
    20 1.099676 0.000000 0.000006 -0.023210 0.005295 -0.520830
    21 0.807586 -0.343252 1.320583 -1.319886 -0.319219 -0.738558
    22 1.789787 0.000006 0.000006 0.077910 -0.447059 0.007536
    23 1.207012 0.000011 0.000000 0.086767 0.006222 0.121288
    24 2.035156 0.997070 -1.937500 -1.667267 1.282923 2.944210
    25 6.028144 -0.000011 0.000002 1.564291 0.793424 -0.843415
    26 11.278502 -0.195317 -0.199221 0.212781 -0.338196 -1.112175
    27 11.481657 0.000043 0.000019 -1.183866 0.520519 0.156054
    28 3.854334 -0.131699 1.199994 0.887977 0.041686 -0.500120
    29 1.312567 0.000000 0.000000 -0.076006 -0.203868 -0.258727
    30 0.729362 0.000004 0.000003 -0.250341 -0.135455 -0.179419
    31 3.941981 0.050872 0.435162 0.216346 -0.007336 -0.093776
    32 1.539089 0.000008 0.000003 -0.605562 0.126574 -1.244849
    33 1.196316 0.000004 0.000005 0.000000 -0.000162 -0.332870
    34 3.880859 -0.047028 -0.427490 0.051056 0.262892 -0.068599
    35 1.719567 0.000023 0.000016 -0.461231 0.032293 -1.105404
    36 1.209175 0.000008 0.000005 0.175617 0.055179 -0.367832
    37 3.863493 -0.148186 -1.324350 -0.134961 0.400676 -0.397685
    38 1.719419 -0.000008 -0.000008 -0.082106 -0.002364 -0.236718
    39 1.099667 -0.000004 -0.000001 -0.188224 0.009145 -1.119518
    40 0.807129 -0.358887 -1.316406 1.243203 0.551773 -0.740643
    41 1.789783 -0.000002 -0.000002 -0.000009 0.003711 0.228604
    42 1.207001 0.000009 0.000000 -0.023897 -0.040066 0.269693
    43 3.772941 -5.489335 -0.527645 4.034818 -0.133223 -1.641906
  time 9
    0 -0.000003 -13.531250 -29.421875 1.570788 0.000007 -0.000007
    1 0.000000 3.345131 -2.981898 1.570789 0.086301 1.570789
    2 4.015625 0.000003 0.000000 0.000000 0.000000 -0.029241
    3 3.520294 0.000005 -0.000006 0.000000 0.000000 0.100332
    4 8.929688 0.000001 0.000000 0.000000 0.000000 0.194095
    5 2.036086 0.993556 1.937663 1.609179 -1.284647 2.931023
    6 6.028159 -0.000069 0.000009 -1.507641 -0.806553 -0.883797
    7 12.098828 0.320368 -0.296873 -0.213100 0.407324 -1.192050
    8 11.481682 0.000088 -0.000031 1.224383 -0.567984 0.166277
    9 3.858219 -0.135628 -1.192206 -0.338163 0.089564 -0.253270
    10 1.312565 -0.000008 0.000000 -0.000002 0.054404 -0.409012
    11 0.729366 0.000002 -0.000002 -0.000001 0.040754 -0.240990
    12 3.938059 0.050853 -0.435186 -0.302061 -0.051382 -0.481706
    13 1.539091 0.000008 -0.000002 0.110462 0.062497 -0.270137
    14 1.196321 0.000000 -0.000002 0.129924 0.071436 -0.662516
    15 3.881376 -0.039219 0.427587 0.122415 -0.231097 -0.327032
    16 1.719578 0.000023 -0.000021 -0.063547 -0.066612 -0.499120
    17 1.209181 -0.000004 -0.000001 0.033414 -0.092563 -0.907092
    18 3.863479 -0.132591 1.332139 0.180470 -0.497902 0.081141
    19 1.719431 -0.000023 0.000019 -0.020049 -0.208312 -1.067957
    20 1.099676 0.000000 0.000006 -0.021209 0.004576 -0.504291
    21 0.807586 -0.343252 1.316677 -1.313294 -0.331815 -0.752804
    22 1.789787 0.000006 0.000006 0.078533 -0.454134 -0.000326
    23 1.207012 0.000011 0.000000 0.085701 0.002746 0.130144
    24 2.035156 0.997070 -1.937500 -1.667267 1.282923 2.944210
    25 6.028144 -0.000011 0.000002 1.564339 0.793449 -0.843379
    26 11.309753 -0.183598 -0.183596 0.197453 -0.318664 -1.162480
    27 11.481657 0.000043 0.000019 -1.183866 0.520519 0.156054
    28 3.854334 -0.131699 1.199994 0.887977 0.041686 -0.500120
    29 1.312567 0.000000 0.000000 -0.076006 -0.203868 -0.258727
    30 0.729362 0.000004 0.000003 -0.250341 -0.135455 -0.179419
    31 3.941981 0.050872 0.435162 0.216346 -0.007336 -0.093776
    32 1.539089 0.000008 0.000003 -0.605562 0.126574 -1.244879
    33 1.196316 0.000004 0.000005 0.000000 -0.000162 -0.332870
    34 3.880859 -0.047028 -0.427490 0.051056 0.262892 -0.068599
    35 1.719567 0.000023 0.000016 -0.461231 0.032293 -1.105404
    36 1.209175 0.000008 0.000005 0.175617 0.055179 -0.367832
    37 3.867399 -0.148186 -1.324350 -0.134961 0.400676 -0.397685
    38 1.719419 -0.000008 -0.000008 -0.082106 -0.002364 -0.236718
    39 1.099667 -0.000004 -0.000001 -0.188224 0.009145 -1.119518
    40 0.807129 -0.358887 -1.316406 1.243203 0.551773 -0.740643
    41 1.789783 -0.000002 -0.000002 -0.000009 0.003711 0.228604
    42 1.207001 0.000009 0.000000 -0.023897 -0.040066 0.269693
    43 3.772941 -5.489335 -0.527645 4.034818 -0.133223 -1.641906
  time 10
    0 -0.000003 -13.531250 -29.421875 1.570788 0.000007 -0.000007
    1 0.000000 3.345131 -2.981898 1.570789 0.086301 1.570789
    2 4.015625 0.000003 0.000000 0.000000 0.000000 -0.029241
    3 3.520294 0.000005 -0.000006 0.000000 0.000000 0.100332
    4 8.929688 0.000001 0.000000 0.000000 0.000000 0.194095
    5 2.036086 0.993556 1.937663 1.611896 -1.284563 2.928425
    6 6.028159 -0.000069 0.000009 -1.506550 -0.800773 -0.883929
    7 12.083203 0.320368 -0.300779 -0.195890 0.378580 -1.250882
    8 11.481682 0.000088 -0.000031 1.223020 -0.569143 0.170580
    9 3.858219 -0.135628 -1.192206 -0.356056 0.086052 -0.282086
    10 1.312565 -0.000008 0.000000 -0.000002 0.054404 -0.409012
    11 0.729366 0.000002 -0.000002 -0.000001 0.040754 -0.240990
    12 3.941966 0.050853 -0.435186 -0.285295 -0.058860 -0.500576
    13 1.539091 0.000008 -0.000002 0.101282 0.057608 -0.268270
    14 1.196321 0.000000 -0.000002 0.119114 0.066019 -0.643233
    15 3.881376 -0.039219 0.427587 0.111426 -0.231013 -0.347762
    16 1.719578 0.000023 -0.000021 -0.051850 -0.064143 -0.489341
    17 1.209181 -0.000004 -0.000001 0.017570 -0.091137 -0.872920
    18 3.863479 -0.132591 1.332139 0.192575 -0.499436 0.059928
    19 1.719431 -0.000023 0.000019 -0.010509 -0.212662 -1.057674
    20 1.099676 0.000000 0.000006 -0.019064 0.003821 -0.486518
    21 0.807586 -0.343252 1.320583 -1.305804 -0.345237 -0.768273
    22 1.789787 0.000006 0.000006 0.079192 -0.461739 -0.008763
    23 1.207012 0.000011 0.000000 0.084550 -0.001005 0.139636
    24 2.035156 0.997070 -1.937500 -1.667267 1.282923 2.944210
    25 6.028144 -0.000011 0.000002 1.564399 0.793473 -0.843355
    26 11.341004 -0.167973 -0.167970 0.180998 -0.297672 -1.216481
    27 11.481657 0.000043 0.000019 -1.183866 0.520519 0.156054
    28 3.854334 -0.131699 1.199994 0.887977 0.041686 -0.500120
    29 1.312567 0.000000 0.000000 -0.076006 -0.203868 -0.258727
    30 0.729362 0.000004 0.000003 -0.250341 -0.135455 -0.179419
    31 3.941981 0.050872 0.435162 0.216346 -0.007336 -0.093776
    32 1.539089 0.000008 0.000003 -0.605562 0.126574 -1.244849
    33 1.196316 0.000004 0.000005 0.000000 -0.000162 -0.332870
    34 3.880859 -0.047028 -0.427490 0.051056 0.262892 -0.068599
    35 1.719567 0.000023 0.000016 -0.461231 0.032293 -1.105404
    36 1.209175 0.000008 0.000005 0.175617 0.055179 -0.367832
    37 3.863493 -0.148186 -1.324350 -0.134961 0.400676 -0.397685
    38 1.719419 -0.000008 -0.000008 -0.082106 -0.002364 -0.236718
    39 1.099667 -0.000004 -0.000001 -0.188224 0.009145 -1.119518
    40 0.807129 -0.358887 -1.316406 1.243203 0.551773 -0.740643
    41 1.789783 -0.000002 -0.000002 -0.000009 0.003711 0.228604
    42 1.207001 0.000009 0.000000 -0.023897 -0.040066 0.269693
    43 3.772941 -5.489335 -0.527645 4.034894 -0.133223 -1.641906
  time 11
    0 -0.000003 -13.531250 -29.421875 1.570788 0.000007 -0.000007
    1 0.000000 3.345131 -2.981898 1.570789 0.086301 1.570789
    2 4.015625 0.000003 0.000000 0.000000 0.000000 -0.029241
    3 3.520294 0.000005 -0.000006 0.000000 0.000000 0.100332
    4 8.929688 0.000001 0.000000 0.000000 0.000000 0.194095
    5 2.036086 0.993556 1.937663 1.614744 -1.284479 2.925705
    6 6.028159 -0.000069 0.000009 -1.505685 -0.796053 -0.884048
    7 12.063671 0.320368 -0.308592 -0.176116 0.346677 -1.316885
    8 11.481682 0.000088 -0.000031 1.221511 -0.570369 0.175096
    9 3.858219 -0.135628 -1.192206 -0.374548 0.082229 -0.312382
    10 1.312565 -0.000008 0.000000 -0.000002 0.054404 -0.409012
    11 0.729366 0.000002 -0.000002 -0.000001 0.040754 -0.240990
    12 3.941966 0.050853 -0.435186 -0.267629 -0.066722 -0.520384
    13 1.539091 0.000008 -0.000002 0.091610 0.052466 -0.266324
    14 1.196321 0.000000 -0.000002 0.107752 0.060326 -0.622967
    15 3.881376 -0.039219 0.427587 0.099836 -0.230917 -0.369535
    16 1.719578 0.000023 -0.000021 -0.039566 -0.061530 -0.479081
    17 1.209181 -0.000004 -0.000001 0.000900 -0.089614 -0.836985
    18 3.867386 -0.132591 1.332139 0.205158 -0.501000 0.037688
    19 1.719431 -0.000023 0.000019 -0.000502 -0.217216 -1.046886
    20 1.099676 0.000000 0.000006 -0.016822 0.003054 -0.467846
    21 0.807586 -0.343252 1.320583 -1.297486 -0.359212 -0.784702
    22 1.789787 0.000006 0.000006 0.079887 -0.469724 -0.017631
    23 1.207012 0.000011 0.000000 0.083340 -0.004936 0.149619
    24 2.035156 0.997070 -1.937500 -1.667267 1.282923 2.944210
    25 6.028144 -0.000011 0.000002 1.564447 0.793498 -0.843319
    26 11.376161 -0.152347 -0.152345 0.163693 -0.275624 -1.273269
    27 11.481657 0.000043 0.000019 -1.183866 0.520519 0.156054
    28 3.854334 -0.131699 1.199994 0.887977 0.041686 -0.500120
    29 1.312567 0.000000 0.000000 -0.076006 -0.203868 -0.258727
    30 0.729362 0.000004 0.000003 -0.250341 -0.135455 -0.179419
    31 3.941981 0.050872 0.435162 0.216346 -0.007336 -0.093776
    32 1.539089 0.000008 0.000003 -0.605562 0.126574 -1.244849
    33 1.196316 0.000004 0.000005 0.000000 -0.000162 -0.332870
    34 3.880859 -0.047028 -0.427490 0.051056 0.262892 -0.068599
    35 1.719567 0.000023 0.000016 -0.461231 0.032293 -1.105404
    36 1.209175 0.000008 0.000005 0.175617 0.055179 -0.367832
    37 3.867399 -0.148186 -1.324350 -0.134961 0.400676 -0.397685
    38 1.719419 -0.000008 -0.000008 -0.082106 -0.002364 -0.236718
    39 1.099667 -0.000004 -0.000001 -0.188224 0.009145 -1.119518
    40 0.807129 -0.358887 -1.316406 1.243203 0.551773 -0.740643
    41 1.789783 -0.000002 -0.000002 -0.000009 0.003711 0.228604
    42 1.207001 0.000009 0.000000 -0.023897 -0.040066 0.269693
    43 3.772941 -5.489335 -0.527645 4.034894 -0.133223 -1.641906
  time 12
    0 -0.000003 -13.531250 -29.421875 1.570788 0.000007 -0.000007
    1 0.000000 3.345131 -2.981898 1.570789 0.086301 1.570789
    2 4.015625 0.000003 0.000000 0.000000 0.000000 -0.029241
    3 3.520294 0.000005 -0.000006 0.000000 0.000000 0.100332
    4 8.929688 0.000001 0.000000 0.000000 0.000000 0.194095
    5 2.036086 0.993556 1.937663 1.617690 -1.284395 2.922893
    6 6.028159 -0.000069 0.000009 -1.505045 -0.792649 -0.884144
    7 12.040233 0.320368 -0.312498 -0.155370 0.315539 -1.382573
    8 11.481682 0.000088 -0.000031 1.219953 -0.571611 0.179759
    9 3.858219 -0.135628 -1.192206 -0.393256 0.078178 -0.343582
    10 1.312565 -0.000008 0.000000 -0.000002 0.054404 -0.409012
    11 0.729366 0.000002 -0.000002 -0.000001 0.040754 -0.240990
    12 3.941966 0.050853 -0.435186 -0.249401 -0.074836 -0.540807
    13 1.539091 0.000008 -0.000002 0.081663 0.047169 -0.264298
    14 1.196321 0.000000 -0.000002 0.096044 0.054454 -0.602090
    15 3.881376 -0.039219 0.427587 0.087864 -0.230833 -0.391956
    16 1.719578 0.000023 -0.000021 -0.026910 -0.058846 -0.468488
    17 1.209181 -0.000004 -0.000001 -0.016262 -0.088045 -0.799959
    18 3.867386 -0.132591 1.332139 0.218006 -0.502564 0.014826
    19 1.719431 -0.000023 0.000019 0.009792 -0.221914 -1.035741
    20 1.099676 0.000000 0.000006 -0.014509 0.002275 -0.448611
    21 0.807586 -0.343252 1.320583 -1.288426 -0.373473 -0.801843
    22 1.789787 0.000006 0.000006 0.080606 -0.477940 -0.026776
    23 1.207012 0.000011 0.000000 0.082093 -0.008975 0.159914
    24 2.035156 0.997070 -1.937500 -1.667267 1.282923 2.944210
    25 6.028144 -0.000011 0.000002 1.564507 0.793548 -0.843283
    26 11.411319 -0.132815 -0.136719 0.145859 -0.252903 -1.331770
    27 11.481657 0.000043 0.000019 -1.183866 0.520519 0.156054
    28 3.858240 -0.131699 1.199994 0.887977 0.041686 -0.500120
    29 1.312567 0.000000 0.000000 -0.076006 -0.203868 -0.258727
    30 0.729362 0.000004 0.000003 -0.250341 -0.135455 -0.179419
    31 3.941981 0.050872 0.435162 0.216346 -0.007336 -0.093776
    32 1.539089 0.000008 0.000003 -0.605562 0.126574 -1.244849
    33 1.196316 0.000004 0.000005 0.000000 -0.000162 -0.332870
    34 3.880859 -0.047028 -0.427490 0.051056 0.262892 -0.068599
    35 1.719567 0.000023 0.000016 -0.461231 0.032293 -1.105404
    36 1.209175 0.000008 0.000005 0.175617 0.055179 -0.367832
    37 3.867399 -0.148186 -1.324350 -0.134961 0.400676 -0.397685
    38 1.719419 -0.000008 -0.000008 -0.082106 -0.002364 -0.236718
    39 1.099667 -0.000004 -0.000001 -0.188224 0.009145 -1.119518
    40 0.807129 -0.358887 -1.316406 1.243203 0.551773 -0.740643
    41 1.789783 -0.000002 -0.000002 -0.000009 0.003711 0.228604
    42 1.207001 0.000009 0.000000 -0.023897 -0.040066 0.269693
    43 3.772941 -5.489335 -0.527645 4.034818 -0.133223 -1.641906
  time 13
    0 -0.000003 -13.531250 -29.421875 1.570788 0.000007 -0.000007
    1 0.000000 3.345131 -2.981898 1.570789 0.086301 1.570789
    2 4.015625 0.000003 0.000000 0.000000 0.000000 -0.029241
    3 3.520294 0.000005 -0.000006 0.000000 0.000000 0.100332
    4 8.929688 0.000001 0.000000 0.000000 0.000000 0.194095
    5 2.036086 0.993556 1.937663 1.620669 -1.284300 2.920081
    6 6.028159 -0.000069 0.000009 -1.504669 -0.790562 -0.884204
    7 12.016795 0.324274 -0.312498 -0.135488 0.288873 -1.440724
    8 11.481682 0.000088 -0.000031 1.218395 -0.572853 0.184472
    9 3.854313 -0.135628 -1.192206 -0.411796 0.073960 -0.375029
    10 1.312565 -0.000008 0.000000 -0.000002 0.054404 -0.409012
    11 0.729366 0.000002 -0.000002 -0.000001 0.040754 -0.240990
    12 3.938059 0.050853 -0.435186 -0.230933 -0.083021 -0.561406
    13 1.539091 0.000008 -0.000002 0.071608 0.041824 -0.262272
    14 1.196321 0.000000 -0.000002 0.084215 0.048522 -0.580997
    15 3.881376 -0.039219 0.427587 0.075711 -0.230749 -0.414604
    16 1.719578 0.000023 -0.000021 -0.014135 -0.056137 -0.457821
    17 1.209181 -0.000004 -0.000001 -0.033604 -0.086439 -0.762597
    18 3.863479 -0.132591 1.332139 0.230829 -0.504083 -0.008251
    19 1.719431 -0.000023 0.000019 0.020195 -0.226636 -1.024477
    20 1.099676 0.000000 0.000006 -0.012184 0.001532 -0.429172
    21 0.807586 -0.343252 1.320583 -1.278778 -0.387723 -0.819357
    22 1.789787 0.000006 0.000006 0.081337 -0.486239 -0.036004
    23 1.207012 0.000011 0.000000 0.080847 -0.013061 0.170305
    24 2.035156 0.997070 -1.937500 -1.667267 1.282923 2.944210
    25 6.028144 -0.000011 0.000002 1.564555 0.793572 -0.843247
    26 11.446476 -0.117190 -0.117187 0.127859 -0.229954 -1.390862
    27 11.481657 0.000043 0.000019 -1.183866 0.520519 0.156054
    28 3.854334 -0.131699 1.199994 0.887977 0.041686 -0.500120
    29 1.312567 0.000000 0.000000 -0.076006 -0.203868 -0.258727
    30 0.729362 0.000004 0.000003 -0.250341 -0.135455 -0.179419
    31 3.941981 0.050872 0.435162 0.216346 -0.007336 -0.093776
    32 1.539089 0.000008 0.000003 -0.605562 0.126574 -1.244849
    33 1.196316 0.000004 0.000005 0.000000 -0.000162 -0.332870
    34 3.880859 -0.047028 -0.427490 0.051056 0.262892 -0.068599
    35 1.719567 0.000023 0.000016 -0.461231 0.032293 -1.105404
    36 1.209175 0.000008 0.000005 0.175617 0.055179 -0.367832
    37 3.863493 -0.148186 -1.324350 -0.134961 0.400676 -0.397685
    38 1.719419 -0.000008 -0.000008 -0.082106 -0.002364 -0.236718
    39 1.099667 -0.000004 -0.000001 -0.188224 0.009145 -1.119518
    40 0.807129 -0.358887 -1.316406 1.243203 0.551773 -0.740643
    41 1.789783 -0.000002 -0.000002 -0.000009 0.003711 0.228604
    42 1.207001 0.000009 0.000000 -0.023897 -0.040066 0.269693
    43 3.772941 -5.489335 -0.527645 4.034818 -0.133223 -1.641906
  time 14
    0 -0.000003 -13.531250 -29.421875 1.570788 0.000007 -0.000007
    1 0.000000 3.345131 -2.981898 1.570789 0.086301 1.570789
    2 4.015625 0.000003 0.000000 0.000000 0.000000 -0.029241
    3 3.520294 0.000005 -0.000006 0.000000 0.000000 0.100332
    4 8.929688 0.000001 0.000000 0.000000 0.000000 0.194095
    5 2.036086 0.993556 1.937663 1.623615 -1.284204 2.917269
    6 6.028159 -0.000069 0.000009 -1.504538 -0.789888 -0.884216
    7 11.993356 0.324274 -0.312498 -0.117595 0.268391 -1.487622
    8 11.481682 0.000088 -0.000031 1.216837 -0.574079 0.189152
    9 3.858219 -0.135628 -1.192206 -0.429809 0.069693 -0.406174
    10 1.312565 -0.000008 0.000000 -0.000002 0.054404 -0.409012
    11 0.729366 0.000002 -0.000002 -0.000001 0.040754 -0.240990
    12 3.938059 0.050853 -0.435186 -0.212620 -0.091147 -0.581829
    13 1.539091 0.000008 -0.000002 0.061661 0.036539 -0.260246
    14 1.196321 0.000000 -0.000002 0.072518 0.042637 -0.560132
    15 3.881376 -0.039219 0.427587 0.063631 -0.230677 -0.436997
    16 1.719578 0.000023 -0.000021 -0.001479 -0.053441 -0.447228
    17 1.209181 -0.000004 -0.000001 -0.050802 -0.084833 -0.725571
    18 3.863479 -0.132591 1.332139 0.243389 -0.505556 -0.031032
    19 1.719431 -0.000023 0.000019 0.030478 -0.231310 -1.013332
    20 1.099676 0.000000 0.000006 -0.009895 0.000813 -0.409925
    21 0.807586 -0.343252 1.320583 -1.268711 -0.401661 -0.836934
    22 1.789787 0.000006 0.000006 0.082056 -0.494471 -0.045148
    23 1.207012 0.000011 0.000000 0.079601 -0.017112 0.180587
    24 2.035156 0.997070 -1.937500 -1.667267 1.282923 2.944210
    25 6.028144 -0.000011 0.000002 1.564615 0.793597 -0.843211
    26 11.481633 -0.101564 -0.101562 0.110038 -0.207245 -1.449310
    27 11.481657 0.000043 0.000019 -1.183866 0.520519 0.156054
    28 3.854334 -0.131699 1.199994 0.887977 0.041686 -0.500120
    29 1.312567 0.000000 0.000000 -0.076006 -0.203868 -0.258727
    30 0.729362 0.000004 0.000003 -0.250341 -0.135455 -0.179419
    31 3.941981 0.050872 0.435162 0.216346 -0.007336 -0.093776
    32 1.539089 0.000008 0.000003 -0.605562 0.126574 -1.244849
    33 1.196316 0.000004 0.000005 0.000000 -0.000162 -0.332870
    34 3.880859 -0.047028 -0.427490 0.051056 0.262892 -0.068599
    35 1.719567 0.000023 0.000016 -0.461231 0.032293 -1.105404
    36 1.209175 0.000008 0.000005 0.175617 0.055179 -0.367832
    37 3.863493 -0.148186 -1.324350 -0.134961 0.400676 -0.397685
    38 1.719419 -0.000008 -0.000008 -0.082106 -0.002364 -0.236718
    39 1.099667 -0.000004 -0.000001 -0.188224 0.009145 -1.119518
    40 0.807129 -0.358887 -1.316406 1.243203 0.551773 -0.740643
    41 1.789783 -0.000002 -0.000002 -0.000009 0.003711 0.228604
    42 1.207001 0.000009 0.000000 -0.023897 -0.040066 0.269693
    43 3.772941 -5.489335 -0.527645 4.034818 -0.133223 -1.641906
  time 15
    0 -0.000003 -13.531250 -29.421875 1.570788 0.000007 -0.000007
    1 0.000000 3.345131 -2.981898 1.570789 0.086301 1.570789
    2 4.015625 0.000003 0.000000 0.000000 0.000000 -0.029241
    3 3.520294 0.000005 -0.000006 0.000000 0.000000 0.100332
    4 8.929688 0.000001 0.000000 0.000000 0.000000 0.194095
    5 2.036086 0.993556 1.937663 1.626463 -1.284108 2.914549
    6 6.028159 -0.000069 0.000009 -1.504744 -0.790787 -0.884168
    7 11.969918 0.316461 -0.308592 -0.099858 0.251700 -1.528396
    8 11.481682 0.000088 -0.000031 1.215279 -0.575238 0.193701
    9 3.858219 -0.135628 -1.192206 -0.446959 0.065451 -0.436415
    10 1.312565 -0.000008 0.000000 -0.000002 0.054404 -0.409012
    11 0.729366 0.000002 -0.000002 -0.000001 0.040754 -0.240990
    12 3.941966 0.050853 -0.435186 -0.194787 -0.099020 -0.601636
    13 1.539091 0.000008 -0.000002 0.052001 0.031397 -0.258299
    14 1.196321 0.000000 -0.000002 0.061156 0.036932 -0.539866
    15 3.881376 -0.039219 0.427587 0.051850 -0.230617 -0.458742
    16 1.719578 0.000023 -0.000021 0.010793 -0.050828 -0.436968
    17 1.209181 -0.000004 -0.000001 -0.067496 -0.083263 -0.689662
    18 3.863479 -0.132591 1.332139 0.255446 -0.506938 -0.053109
    19 1.719431 -0.000023 0.000019 0.040461 -0.235840 -1.002484
    20 1.099676 0.000000 0.000006 -0.007666 0.000130 -0.391253
    21 0.807586 -0.343252 1.320583 -1.258453 -0.415024 -0.854224
    22 1.789787 0.000006 0.000006 0.082752 -0.502456 -0.054029
    23 1.207012 0.000011 0.000000 0.078390 -0.021043 0.190571
    24 2.035156 0.997070 -1.937500 -1.667267 1.282923 2.944210
    25 6.028144 -0.000011 0.000002 1.564675 0.793622 -0.843187
    26 11.512884 -0.085939 -0.085936 0.092732 -0.185185 -1.506097
    27 11.481657 0.000043 0.000019 -1.183866 0.520519 0.156054
    28 3.858240 -0.131699 1.199994 0.887977 0.041686 -0.500120
    29 1.312567 0.000000 0.000000 -0.076006 -0.203868 -0.258727
    30 0.729362 0.000004 0.000003 -0.250341 -0.135455 -0.179419
    31 3.941981 0.050872 0.435162 0.216346 -0.007336 -0.093776
    32 1.539089 0.000008 0.000003 -0.605562 0.126574 -1.244849
    33 1.196316 0.000004 0.000005 0.000000 -0.000162 -0.332870
    34 3.880859 -0.047028 -0.427490 0.051056 0.262892 -0.068599
    35 1.719567 0.000023 0.000016 -0.461231 0.032293 -1.105404
    36 1.209175 0.000008 0.000005 0.175617 0.055179 -0.367832
    37 3.867399 -0.148186 -1.324350 -0.134961 0.400676 -0.397685
    38 1.719419 -0.000008 -0.000008 -0.082106 -0.002364 -0.236718
    39 1.099667 -0.000004 -0.000001 -0.188224 0.009145 -1.119518
    40 0.807129 -0.358887 -1.316406 1.243203 0.551773 -0.740643
    41 1.789783 -0.000002 -0.000002 -0.000009 0.003711 0.228604
    42 1.207001 0.000009 0.000000 -0.023897 -0.040066 0.269681
    43 3.772941 -5.489335 -0.527645 4.034818 -0.133223 -1.641906
  time 16
    0 -0.000003 -13.531250 -29.421875 1.570788 0.000007 -0.000007
    1 0.000000 3.345131 -2.981898 1.570789 0.086301 1.570789
    2 4.015625 0.000003 0.000000 0.000000 0.000000 -0.029241
    3 3.520294 0.000005 -0.000006 0.000000 0.000000 0.100332
    4 8.929688 0.000001 0.000000 0.000000 0.000000 0.194095
    5 2.036086 0.993556 1.937663 1.629148 -1.284024 2.911981
    6 6.028159 -0.000069 0.000009 -1.505422 -0.793420 -0.884000
    7 11.938667 0.300836 -0.289060 -0.080335 0.236488 -1.568176
    8 11.481682 0.000088 -0.000031 1.213819 -0.576348 0.198036
    9 3.858219 -0.135628 -1.192206 -0.462959 0.061364 -0.465150
    10 1.312565 -0.000008 0.000000 -0.000002 0.054404 -0.409012
    11 0.729366 0.000002 -0.000002 -0.000001 0.040754 -0.240990
    12 3.941966 0.050853 -0.435186 -0.177793 -0.106535 -0.620477
    13 1.539091 0.000008 -0.000002 0.042809 0.026508 -0.256432
    14 1.196321 0.000000 -0.000002 0.050346 0.031503 -0.520583
    15 3.881376 -0.039219 0.427587 0.040609 -0.230569 -0.479415
    16 1.719578 0.000023 -0.000021 0.022478 -0.048347 -0.427227
    17 1.209181 -0.000004 -0.000001 -0.083388 -0.081765 -0.655464
    18 3.863479 -0.132591 1.332139 0.266783 -0.508229 -0.074079
    19 1.719431 -0.000023 0.000019 0.049941 -0.240131 -0.992172
    20 1.099676 0.000000 0.000006 -0.005545 -0.000482 -0.373468
    21 0.807586 -0.343252 1.320583 -1.248242 -0.427572 -0.870890
    22 1.789787 0.000006 0.000006 0.083411 -0.510044 -0.062478
    23 1.207012 0.000011 0.000000 0.077252 -0.024770 0.200074
    24 2.035156 0.997070 -1.937500 -1.667267 1.282923 2.944210
    25 6.028144 -0.000011 0.000002 1.564723 0.793647 -0.843151
    26 11.544135 -0.070313 -0.070311 0.076265 -0.164205 -1.560152
    27 11.481657 0.000043 0.000019 -1.183866 0.520519 0.156054
    28 3.854334 -0.131699 1.199994 0.887977 0.041686 -0.500120
    29 1.312567 0.000000 0.000000 -0.076006 -0.203868 -0.258727
    30 0.729362 0.000004 0.000003 -0.250341 -0.135455 -0.179419
    31 3.941981 0.050872 0.435162 0.216346 -0.007336 -0.093776
    32 1.539089 0.000008 0.000003 -0.605562 0.126574 -1.244849
    33 1.196316 0.000004 0.000005 0.000000 -0.000162 -0.332870
    34 3.880859 -0.047028 -0.427490 0.051056 0.262892 -0.068599
    35 1.719567 0.000023 0.000016 -0.461231 0.032293 -1.105404
    36 1.209175 0.000008 0.000005 0.175617 0.055179 -0.367832
    37 3.867399 -0.148186 -1.324350 -0.134961 0.400676 -0.397685
    38 1.719419 -0.000008 -0.000008 -0.082106 -0.002364 -0.236718
    39 1.099667 -0.000004 -0.000001 -0.188224 0.009145 -1.119518
    40 0.807129 -0.358887 -1.316406 1.243203 0.551773 -0.740643
    41 1.789783 -0.000002 -0.000002 -0.000009 0.003711 0.228604
    42 1.207001 0.000009 0.000000 -0.023897 -0.040066 0.269693
    43 3.772941 -5.489335 -0.527645 4.034818 -0.133223 -1.641906
  time 17
    0 -0.000003 -13.531250 -29.421875 1.570788 0.000007 -0.000007
    1 0.000000 3.345131 -2.981898 1.570789 0.086301 1.570789
    2 4.015625 0.000003 0.000000 0.000000 0.000000 -0.029241
    3 3.520294 0.000005 -0.000006 0.000000 0.000000 0.100332
    4 8.929688 0.000001 0.000000 0.000000 0.000000 0.194095
    5 2.036086 0.993556 1.937663 1.631668 -1.283940 2.909566
    6 6.028159 -0.000069 0.000009 -1.506569 -0.797787 -0.883689
    7 11.903510 0.269585 -0.261715 -0.059446 0.223038 -1.606123
    8 11.481682 0.000088 -0.000031 1.212407 -0.577375 0.202092
    9 3.854313 -0.135628 -1.192206 -0.477580 0.057493 -0.491885
    10 1.312565 -0.000008 0.000000 -0.000002 0.054404 -0.409012
    11 0.729366 0.000002 -0.000002 -0.000001 0.040754 -0.240990
    12 3.938059 0.050853 -0.435186 -0.161937 -0.113522 -0.638058
    13 1.539091 0.000008 -0.000002 0.034252 0.021954 -0.254724
    14 1.196321 0.000000 -0.000002 0.040279 0.026434 -0.502630
    15 3.881376 -0.039219 0.427587 0.030110 -0.230533 -0.498650
    16 1.719578 0.000023 -0.000021 0.033360 -0.046022 -0.418115
    17 1.209181 -0.000004 -0.000001 -0.098189 -0.080350 -0.623628
    18 3.863479 -0.132591 1.332139 0.277246 -0.509414 -0.093563
    19 1.719431 -0.000023 0.000019 0.058761 -0.244134 -0.982542
    20 1.099676 0.000000 0.000006 -0.003579 -0.001045 -0.356917
    21 0.807586 -0.343252 1.316677 -1.238342 -0.439113 -0.886596
    22 1.789787 0.000006 0.000006 0.084034 -0.517120 -0.070340
    23 1.207012 0.000011 0.000000 0.076173 -0.028258 0.208931
    24 2.035156 0.997070 -1.937500 -1.667267 1.282923 2.944210
    25 6.028144 -0.000011 0.000002 1.564771 0.793672 -0.843127
    26 11.575386 -0.054688 -0.054685 0.060937 -0.144661 -1.610457
    27 11.481657 0.000043 0.000019 -1.183866 0.520519 0.156054
    28 3.854334 -0.131699 1.199994 0.887977 0.041686 -0.500120
    29 1.312567 0.000000 0.000000 -0.076006 -0.203868 -0.258727
    30 0.729362 0.000004 0.000003 -0.250341 -0.135455 -0.179419
    31 3.941981 0.050872 0.435162 0.216346 -0.007336 -0.093776
    32 1.539089 0.000008 0.000003 -0.605562 0.126574 -1.244849
    33 1.196316 0.000004 0.000005 0.000000 -0.000162 -0.332870
    34 3.880859 -0.047028 -0.427490 0.051056 0.262892 -0.068599
    35 1.719567 0.000023 0.000016 -0.461231 0.032293 -1.105404
    36 1.209175 0.000008 0.000005 0.175617 0.055179 -0.367832
    37 3.867399 -0.148186 -1.324350 -0.134961 0.400676 -0.397685
    38 1.719419 -0.000008 -0.000008 -0.082106 -0.002364 -0.236718
    39 1.099667 -0.000004 -0.000001 -0.188224 0.009145 -1.119518
    40 0.807129 -0.358887 -1.316406 1.243203 0.551773 -0.740643
    41 1.789783 -0.000002 -0.000002 -0.000009 0.003711 0.228604
    42 1.207001 0.000009 0.000000 -0.023897 -0.040066 0.269693
    43 3.772941 -5.489335 -0.527645 4.034818 -0.133223 -1.641906
  time 18
    0 -0.000003 -13.531250 -29.421875 1.570788 0.000007 -0.000007
    1 0.000000 3.345131 -2.981898 1.570789 0.086301 1.570789
    2 4.015625 0.000003 0.000000 0.000000 0.000000 -0.029241
    3 3.520294 0.000005 -0.000006 0.000000 0.000000 0.100332
    4 8.929688 0.000001 0.000000 0.000000 0.000000 0.194095
    5 2.036086 0.993556 1.937663 1.633992 -1.283856 2.907396
    6 6.028159 -0.000069 0.000009 -1.508243 -0.803599 -0.883198
    7 11.864446 0.230521 -0.222652 -0.037921 0.211650 -1.641401
    8 11.481682 0.000088 -0.000031 1.211141 -0.578302 0.205770
    9 3.858219 -0.135628 -1.192206 -0.490655 0.053946 -0.516236
    10 1.312565 -0.000008 0.000000 -0.000002 0.054404 -0.409012
    11 0.729366 0.000002 -0.000002 -0.000001 0.040754 -0.240990
    12 3.941966 0.050853 -0.435186 -0.147484 -0.119874 -0.654027
    13 1.539091 0.000008 -0.000002 0.026462 0.017807 -0.253135
    14 1.196321 0.000000 -0.000002 0.031111 0.021832 -0.486307
    15 3.881376 -0.039219 0.427587 0.020522 -0.230497 -0.516164
    16 1.719578 0.000023 -0.000021 0.043271 -0.043913 -0.409855
    17 1.209181 -0.000004 -0.000001 -0.111659 -0.079056 -0.594672
    18 3.867386 -0.132591 1.332139 0.286666 -0.510462 -0.111263
    19 1.719431 -0.000023 0.000019 0.066791 -0.247753 -0.973775
    20 1.099676 0.000000 0.000006 -0.001794 -0.001536 -0.341852
    21 0.807586 -0.343252 1.316677 -1.228982 -0.449479 -0.901067
    22 1.789787 0.000006 0.000006 0.084597 -0.523551 -0.077494
    23 1.207012 0.000011 0.000000 0.075202 -0.031422 0.216985
    24 2.035156 0.997070 -1.937500 -1.667267 1.282923 2.944210
    25 6.028144 -0.000011 0.000002 1.564807 0.793696 -0.843091
    26 11.602731 -0.042969 -0.042966 0.046987 -0.126884 -1.656209
    27 11.481657 0.000043 0.000019 -1.183866 0.520519 0.156054
    28 3.858240 -0.131699 1.199994 0.887977 0.041686 -0.500120
    29 1.312567 0.000000 0.000000 -0.076006 -0.203868 -0.258727
    30 0.729362 0.000004 0.000003 -0.250341 -0.135455 -0.179419
    31 3.941981 0.050872 0.435162 0.216346 -0.007336 -0.093776
    32 1.539089 0.000008 0.000003 -0.605562 0.126574 -1.244849
    33 1.196316 0.000004 0.000005 0.000000 -0.000162 -0.332870
    34 3.880859 -0.047028 -0.427490 0.051056 0.262892 -0.068599
    35 1.719567 0.000023 0.000016 -0.461231 0.032293 -1.105404
    36 1.209175 0.000008 0.000005 0.175617 0.055179 -0.367832
    37 3.867399 -0.148186 -1.324350 -0.134961 0.400676 -0.397685
    38 1.719419 -0.000008 -0.000008 -0.082106 -0.002364 -0.236718
    39 1.099667 -0.000004 -0.000001 -0.188224 0.009145 -1.119518
    40 0.807129 -0.358887 -1.316406 1.243203 0.551773 -0.740643
    41 1.789783 -0.000002 -0.000002 -0.000009 0.003711 0.228604
    42 1.207001 0.000009 0.000000 -0.023897 -0.040066 0.269693
    43 3.772941 -5.489335 -0.527645 4.034818 -0.133223 -1.641906
  time 19
    0 -0.000003 -13.531250 -29.421875 1.570788 0.000007 -0.000007
    1 0.000000 3.345131 -2.981898 1.570789 0.086301 1.570789
    2 4.015625 0.000003 0.000000 0.000000 0.000000 -0.029241
    3 3.520294 0.000005 -0.000006 0.000000 0.000000 0.100332
    4 8.929688 0.000001 0.000000 0.000000 0.000000 0.194095
    5 2.036086 0.993556 1.937663 1.636022 -1.283784 2.905440
    6 6.028159 -0.000069 0.000009 -1.510387 -0.810406 -0.882502
    7 11.825382 0.187551 -0.179682 -0.016768 0.202507 -1.672963
    8 11.481682 0.000088 -0.000031 1.210021 -0.579114 0.209038
    9 3.858219 -0.135628 -1.192206 -0.502052 0.050758 -0.537794
    10 1.312565 -0.000008 0.000000 -0.000002 0.054404 -0.409012
    11 0.729366 0.000002 -0.000002 -0.000001 0.040754 -0.240990
    12 3.941966 0.050853 -0.435186 -0.134636 -0.125518 -0.668209
    13 1.539091 0.000008 -0.000002 0.019559 0.014140 -0.251745
    14 1.196321 0.000000 -0.000002 0.022997 0.017745 -0.471817
    15 3.881376 -0.039219 0.427587 0.012001 -0.230485 -0.531676
    16 1.719578 0.000023 -0.000021 0.052044 -0.042043 -0.402522
    17 1.209181 -0.000004 -0.000001 -0.123608 -0.077906 -0.569011
    18 3.863479 -0.132591 1.332139 0.294947 -0.511373 -0.126909
    19 1.719431 -0.000023 0.000019 0.073898 -0.250965 -0.966018
    20 1.099676 0.000000 0.000006 -0.000212 -0.001956 -0.328501
    21 0.807586 -0.343252 1.320583 -1.220425 -0.458552 -0.914015
    22 1.789787 0.000006 0.000006 0.085101 -0.529254 -0.083846
    23 1.207012 0.000011 0.000000 0.074339 -0.034226 0.224116
    24 2.035156 0.997070 -1.937500 -1.667267 1.282923 2.944210
    25 6.028144 -0.000011 0.000002 1.564855 0.793721 -0.843067
    26 11.626169 -0.031250 -0.031247 0.034619 -0.111126 -1.696817
    27 11.481657 0.000043 0.000019 -1.183866 0.520519 0.156054
    28 3.854334 -0.131699 1.199994 0.887977 0.041686 -0.500120
    29 1.312567 0.000000 0.000000 -0.076006 -0.203868 -0.258727
    30 0.729362 0.000004 0.000003 -0.250341 -0.135455 -0.179419
    31 3.941981 0.050872 0.435162 0.216346 -0.007336 -0.093776
    32 1.539089 0.000008 0.000003 -0.605562 0.126574 -1.244849
    33 1.196316 0.000004 0.000005 0.000000 -0.000162 -0.332870
    34 3.880859 -0.047028 -0.427490 0.051056 0.262892 -0.068599
    35 1.719567 0.000023 0.000016 -0.461231 0.032293 -1.105404
    36 1.209175 0.000008 0.000005 0.175617 0.055179 -0.367832
    37 3.863493 -0.148186 -1.324350 -0.134961 0.400676 -0.397685
    38 1.719419 -0.000008 -0.000008 -0.082106 -0.002364 -0.236718
    39 1.099667 -0.000004 -0.000001 -0.188224 0.009145 -1.119518
    40 0.807129 -0.358887 -1.316406 1.243203 0.551773 -0.740643
    41 1.789783 -0.000002 -0.000002 -0.000009 0.003711 0.228604
    42 1.207001 0.000009 0.000000 -0.023897 -0.040066 0.269693
    43 3.772941 -5.489335 -0.527645 4.034818 -0.133223 -1.641906
  time 20
    0 -0.000003 -13.531250 -29.421875 1.570788 0.000007 -0.000007
    1 0.000000 3.345131 -2.981898 1.570789 0.086301 1.570789
    2 4.015625 0.000003 0.000000 0.000000 0.000000 -0.029241
    3 3.520294 0.000005 -0.000006 0.000000 0.000000 0.100332
    4 8.929688 0.000001 0.000000 0.000000 0.000000 0.194095
    5 2.036086 0.993556 1.937663 1.637757 -1.283724 2.903789
    6 6.028159 -0.000069 0.000009 -1.512946 -0.817630 -0.881616
    7 11.786319 0.136768 -0.132805 0.002826 0.195591 -1.699867
    8 11.481682 0.000088 -0.000031 1.208999 -0.579793 0.211846
    9 3.858219 -0.135628 -1.192206 -0.511712 0.048013 -0.556311
    10 1.312565 -0.000008 0.000000 -0.000002 0.054404 -0.409012
    11 0.729366 0.000002 -0.000002 -0.000001 0.040754 -0.240990
    12 3.941966 0.050853 -0.435186 -0.123587 -0.130360 -0.680369
    13 1.539091 0.000008 -0.000002 0.013614 0.010976 -0.250553
    14 1.196321 0.000000 -0.000002 0.016010 0.014234 -0.459377
    15 3.881376 -0.039219 0.427587 0.004667 -0.230473 -0.544988
    16 1.719578 0.000023 -0.000021 0.059594 -0.040437 -0.396188
    17 1.209181 -0.000004 -0.000001 -0.133867 -0.076899 -0.546931
    18 3.863479 -0.132591 1.332139 0.302006 -0.512147 -0.140339
    19 1.719431 -0.000023 0.000019 0.080010 -0.253721 -0.959331
    20 1.099676 0.000000 0.000006 0.001131 -0.002315 -0.317020
    21 0.807586 -0.343252 1.316677 -1.212863 -0.466258 -0.925267
    22 1.789787 0.000006 0.000006 0.085532 -0.534164 -0.089299
    23 1.207012 0.000011 0.000000 0.073596 -0.036647 0.230252
    24 2.035156 0.997070 -1.937500 -1.667267 1.282923 2.944210
    25 6.028144 -0.000011 0.000002 1.564879 0.793746 -0.843055
    26 11.645701 -0.019531 -0.019528 0.023988 -0.097580 -1.731693
    27 11.481657 0.000043 0.000019 -1.183866 0.520519 0.156054
    28 3.858240 -0.131699 1.199994 0.887977 0.041686 -0.500120
    29 1.312567 0.000000 0.000000 -0.076006 -0.203868 -0.258727
    30 0.729362 0.000004 0.000003 -0.250341 -0.135455 -0.179419
    31 3.941981 0.050872 0.435162 0.216346 -0.007336 -0.093776
    32 1.539089 0.000008 0.000003 -0.605562 0.126574 -1.244849
    33 1.196316 0.000004 0.000005 0.000000 -0.000162 -0.332870
    34 3.880859 -0.047028 -0.427490 0.051056 0.262892 -0.068599
    35 1.719567 0.000023 0.000016 -0.461231 0.032293 -1.105404
    36 1.209175 0.000008 0.000005 0.175617 0.055179 -0.367832
    37 3.867399 -0.148186 -1.324350 -0.134961 0.400676 -0.397685
    38 1.719419 -0.000008 -0.000008 -0.082106 -0.002364 -0.236718
    39 1.099667 -0.000004 -0.000001 -0.188224 0.009145 -1.119518
    40 0.807129 -0.358887 -1.316406 1.243203 0.551773 -0.740643
    41 1.789783 -0.000002 -0.000002 -0.000009 0.003711 0.228604
    42 1.207001 0.000009 0.000000 -0.023897 -0.040066 0.269681
    43 3.772941 -5.489335 -0.527645 4.034818 -0.133223 -1.641906
  time 21
    0 -0.000003 -13.531250 -29.421875 1.570788 0.000007 -0.000007
    1 0.000000 3.345131 -2.981898 1.570789 0.086301 1.570789
    2 4.015625 0.000003 0.000000 0.000000 0.000000 -0.029241
    3 3.520294 0.000005 -0.000006 0.000000 0.000000 0.100332
    4 8.929688 0.000001 0.000000 0.000000 0.000000 0.194095
    5 2.036086 0.993556 1.937663 1.639197 -1.283664 2.902414
    6 6.028159 -0.000069 0.000009 -1.515805 -0.824502 -0.880513
    7 11.755068 0.089892 -0.089835 0.019785 0.190770 -1.721693
    8 11.481682 0.000088 -0.000031 1.208220 -0.580372 0.214178
    9 3.854313 -0.135628 -1.192206 -0.519598 0.045748 -0.571596
    10 1.312565 -0.000008 0.000000 -0.000002 0.054404 -0.409012
    11 0.729366 0.000002 -0.000002 -0.000001 0.040754 -0.240990
    12 3.941966 0.050853 -0.435186 -0.114454 -0.134363 -0.690419
    13 1.539091 0.000008 -0.000002 0.008725 0.008375 -0.249560
    14 1.196321 0.000000 -0.000002 0.010258 0.011333 -0.449106
    15 3.881376 -0.039219 0.427587 -0.001409 -0.230461 -0.555987
    16 1.719578 0.000023 -0.000021 0.065826 -0.039107 -0.391002
    17 1.209181 -0.000004 -0.000001 -0.142352 -0.076072 -0.528717
    18 3.863479 -0.132591 1.332139 0.307795 -0.512785 -0.151419
    19 1.719431 -0.000023 0.000019 0.085044 -0.255986 -0.953803
    20 1.099676 0.000000 0.000006 0.002257 -0.002603 -0.307540
    21 0.807586 -0.343252 1.320583 -1.206475 -0.472562 -0.934624
    22 1.789787 0.000006 0.000006 0.085880 -0.538198 -0.093793
    23 1.207012 0.000011 0.000000 0.072985 -0.038637 0.235321
    24 2.035156 0.997070 -1.937500 -1.667267 1.282923 2.944210
    25 6.028144 -0.000011 0.000002 1.564915 0.793746 -0.843031
    26 11.665233 -0.011718 -0.011715 0.015215 -0.086398 -1.760462
    27 11.481657 0.000043 0.000019 -1.183866 0.520519 0.156054
    28 3.858240 -0.131699 1.199994 0.887977 0.041686 -0.500120
    29 1.312567 0.000000 0.000000 -0.076006 -0.203868 -0.258727
    30 0.729362 0.000004 0.000003 -0.250341 -0.135455 -0.179419
    31 3.941981 0.050872 0.435162 0.216346 -0.007336 -0.093776
    32 1.539089 0.000008 0.000003 -0.605562 0.126574 -1.244849
    33 1.196316 0.000004 0.000005 0.000000 -0.000162 -0.332870
    34 3.880859 -0.047028 -0.427490 0.051056 0.262892 -0.068599
    35 1.719567 0.000023 0.000016 -0.461231 0.032293 -1.105404
    36 1.209175 0.000008 0.000005 0.175617 0.055179 -0.367832
    37 3.867399 -0.148186 -1.324350 -0.134961 0.400676 -0.397685
    38 1.719419 -0.000008 -0.000008 -0.082106 -0.002364 -0.236718
    39 1.099667 -0.000004 -0.000001 -0.188224 0.009145 -1.119518
    40 0.807129 -0.358887 -1.316406 1.243203 0.551773 -0.740643
    41 1.789783 -0.000002 -0.000002 -0.000009 0.003711 0.228604
    42 1.207001 0.000009 0.000000 -0.023897 -0.040066 0.269693
    43 3.772941 -5.489335 -0.527645 4.034818 -0.133223 -1.641906
  time 22
    0 -0.000003 -13.531250 -29.421875 1.570788 0.000007 -0.000007
    1 0.000000 3.345131 -2.981898 1.570789 0.086301 1.570789
    2 4.015625 0.000003 0.000000 0.000000 0.000000 -0.029241
    3 3.520294 0.000005 -0.000006 0.000000 0.000000 0.100332
    4 8.929688 0.000001 0.000000 0.000000 0.000000 0.194095
    5 2.036086 0.993556 1.937663 1.640310 -1.283628 2.901344
    6 6.028159 -0.000069 0.000009 -1.518833 -0.830442 -0.879219
    7 11.727723 0.050828 -0.050771 0.033267 0.187711 -1.738285
    8 11.481682 0.000088 -0.000031 1.207587 -0.580803 0.216000
    9 3.858219 -0.135628 -1.192206 -0.525686 0.043962 -0.583539
    10 1.312565 -0.000008 0.000000 -0.000002 0.054404 -0.409012
    11 0.729366 0.000002 -0.000002 -0.000001 0.040754 -0.240990
    12 3.938059 0.050853 -0.435186 -0.107312 -0.137479 -0.698272
    13 1.539091 0.000008 -0.000002 0.004890 0.006338 -0.248765
    14 1.196321 0.000000 -0.000002 0.005752 0.009068 -0.441089
    15 3.881376 -0.039219 0.427587 -0.006155 -0.230461 -0.564589
    16 1.719578 0.000023 -0.000021 0.070680 -0.038064 -0.386928
    17 1.209181 -0.000004 -0.000001 -0.148967 -0.075425 -0.514498
    18 3.863479 -0.132591 1.332139 0.312289 -0.513286 -0.160066
    19 1.719431 -0.000023 0.000019 0.088975 -0.257760 -0.949494
    20 1.099676 0.000000 0.000006 0.003132 -0.002819 -0.300146
    21 0.807586 -0.343252 1.320583 -1.201394 -0.477451 -0.941971
    22 1.789787 0.000006 0.000006 0.086155 -0.541372 -0.097317
    23 1.207012 0.000011 0.000000 0.072506 -0.040195 0.239276
    24 2.035156 0.997070 -1.937500 -1.667267 1.282923 2.944210
    25 6.028144 -0.000011 0.000002 1.564939 0.793771 -0.843020
    26 11.676952 -0.007812 -0.007809 0.008360 -0.077655 -1.782962
    27 11.481657 0.000043 0.000019 -1.183866 0.520519 0.156054
    28 3.854334 -0.131699 1.199994 0.887977 0.041686 -0.500120
    29 1.312567 0.000000 0.000000 -0.076006 -0.203868 -0.258727
    30 0.729362 0.000004 0.000003 -0.250341 -0.135455 -0.179419
    31 3.941981 0.050872 0.435162 0.216346 -0.007336 -0.093776
    32 1.539089 0.000008 0.000003 -0.605562 0.126574 -1.244849
    33 1.196316 0.000004 0.000005 0.000000 -0.000162 -0.332870
    34 3.880859 -0.047028 -0.427490 0.051056 0.262892 -0.068599
    35 1.719567 0.000023 0.000016 -0.461231 0.032293 -1.105404
    36 1.209175 0.000008 0.000005 0.175617 0.055179 -0.367832
    37 3.867399 -0.148186 -1.324350 -0.134961 0.400676 -0.397685
    38 1.719419 -0.000008 -0.000008 -0.082106 -0.002364 -0.236718
    39 1.099667 -0.000004 -0.000001 -0.188224 0.009145 -1.119518
    40 0.807129 -0.358887 -1.316406 1.243203 0.551773 -0.740643
    41 1.789783 -0.000002 -0.000002 -0.000009 0.003711 0.228604
    42 1.207001 0.000009 0.000000 -0.023897 -0.040066 0.269693
    43 3.772941 -5.489335 -0.527645 4.034818 -0.133223 -1.641906
  time 23
    0 -0.000003 -13.531250 -29.421875 1.570788 0.000007 -0.000007
    1 0.000000 3.345131 -2.981898 1.570789 0.086301 1.570789
    2 4.015625 0.000003 0.000000 0.000000 0.000000 -0.029241
    3 3.520294 0.000005 -0.000006 0.000000 0.000000 0.100332
    4 8.929688 0.000001 0.000000 0.000000 0.000000 0.194095
    5 2.036086 0.993556 1.937663 1.641129 -1.283592 2.900580
    6 6.028159 -0.000069 0.000009 -1.521918 -0.835002 -0.877757
    7 11.704285 0.023484 -0.019520 0.042831 0.185965 -1.749958
    8 11.481682 0.000088 -0.000031 1.207100 -0.581118 0.217298
    9 3.858219 -0.135628 -1.192206 -0.530000 0.042692 -0.592058
    10 1.312565 -0.000008 0.000000 -0.000002 0.054404 -0.409012
    11 0.729366 0.000002 -0.000002 -0.000001 0.040754 -0.240990
    12 3.941966 0.050853 -0.435186 -0.102218 -0.139708 -0.703898
    13 1.539091 0.000008 -0.000002 0.002169 0.004887 -0.248249
    14 1.196321 0.000000 -0.000002 0.002540 0.007450 -0.435360
    15 3.881376 -0.039219 0.427587 -0.009547 -0.230461 -0.570709
    16 1.719578 0.000023 -0.000021 0.074156 -0.037321 -0.384039
    17 1.209181 -0.000004 -0.000001 -0.153701 -0.074957 -0.504353
    18 3.863479 -0.132591 1.332139 0.315477 -0.513636 -0.166227
    19 1.719431 -0.000023 0.000019 0.091791 -0.259019 -0.946433
    20 1.099676 0.000000 0.000006 0.003755 -0.002974 -0.294861
    21 0.807586 -0.343252 1.320583 -1.197727 -0.480903 -0.947248
    22 1.789787 0.000006 0.000006 0.086359 -0.543620 -0.099822
    23 1.207012 0.000011 0.000000 0.072170 -0.041297 0.242092
    24 2.035156 0.997070 -1.937500 -1.667267 1.282923 2.944210
    25 6.028144 -0.000011 0.000002 1.564950 0.793771 -0.843020
    26 11.688671 0.000001 0.000004 0.003471 -0.071428 -1.798981
    27 11.481657 0.000043 0.000019 -1.183866 0.520519 0.156054
    28 3.854334 -0.131699 1.199994 0.887977 0.041686 -0.500120
    29 1.312567 0.000000 0.000000 -0.076006 -0.203868 -0.258727
    30 0.729362 0.000004 0.000003 -0.250341 -0.135455 -0.179419
    31 3.941981 0.050872 0.435162 0.216346 -0.007336 -0.093776
    32 1.539089 0.000008 0.000003 -0.605562 0.126574 -1.244849
    33 1.196316 0.000004 0.000005 0.000000 -0.000162 -0.332870
    34 3.880859 -0.047028 -0.427490 0.051056 0.262892 -0.068599
    35 1.719567 0.000023 0.000016 -0.461231 0.032293 -1.105404
    36 1.209175 0.000008 0.000005 0.175617 0.055179 -0.367832
    37 3.867399 -0.148186 -1.324350 -0.134961 0.400676 -0.397685
    38 1.719419 -0.000008 -0.000008 -0.082106 -0.002364 -0.236718
    39 1.099667 -0.000004 -0.000001 -0.188224 0.009145 -1.119518
    40 0.807129 -0.358887 -1.316406 1.243203 0.551773 -0.740643
    41 1.789783 -0.000002 -0.000002 -0.000009 0.003711 0.228604
    42 1.207001 0.000009 0.000000 -0.023897 -0.040066 0.269693
    43 3.772941 -5.489335 -0.527645 4.034818 -0.133223 -1.641906
  time 24
    0 -0.000003 -13.531250 -29.421875 1.570788 0.000007 -0.000007
    1 0.000000 3.345131 -2.981898 1.570789 0.086301 1.570789
    2 4.015625 0.000003 0.000000 0.000000 0.000000 -0.029241
    3 3.520294 0.000005 -0.000006 0.000000 0.000000 0.100332
    4 8.929688 0.000001 0.000000 0.000000 0.000000 0.194095
    5 2.036086 0.993556 1.937663 1.641620 -1.283580 2.900121
    6 6.028159 -0.000069 0.000009 -1.524927 -0.837859 -0.876175
    7 11.692566 0.003952 -0.003895 0.048416 0.185167 -1.757390
    8 11.481682 0.000088 -0.000031 1.206857 -0.581316 0.218069
    9 3.858219 -0.135628 -1.192206 -0.532565 0.041925 -0.597153
    10 1.312565 -0.000008 0.000000 -0.000002 0.054404 -0.409012
    11 0.729366 0.000002 -0.000002 -0.000001 0.040754 -0.240990
    12 3.941966 0.050853 -0.435186 -0.099186 -0.141038 -0.707238
    13 1.539091 0.000008 -0.000002 0.000539 0.004013 -0.247891
    14 1.196321 0.000000 -0.000002 0.000622 0.006480 -0.431944
    15 3.881376 -0.039219 0.427587 -0.011584 -0.230461 -0.574376
    16 1.719578 0.000023 -0.000021 0.076229 -0.036878 -0.382298
    17 1.209181 -0.000004 -0.000001 -0.156518 -0.074682 -0.498282
    18 3.863479 -0.132591 1.332139 0.317382 -0.513833 -0.169902
    19 1.719431 -0.000023 0.000019 0.093469 -0.259774 -0.944590
    20 1.099676 0.000000 0.000006 0.004127 -0.003058 -0.291709
    21 0.807586 -0.343252 1.316677 -1.195509 -0.482964 -0.950404
    22 1.789787 0.000006 0.000006 0.086479 -0.544976 -0.101320
    23 1.207012 0.000011 0.000000 0.071966 -0.041956 0.243782
    24 2.035156 0.997070 -1.937500 -1.667267 1.282923 2.944210
    25 6.028144 -0.000011 0.000002 1.564962 0.793771 -0.843008
    26 11.692577 0.000001 0.000004 0.000546 -0.067705 -1.808570
    27 11.481657 0.000043 0.000019 -1.183866 0.520519 0.156054
    28 3.854334 -0.131699 1.199994 0.887977 0.041686 -0.500120
    29 1.312567 0.000000 0.000000 -0.076006 -0.203868 -0.258727
    30 0.729362 0.000004 0.000003 -0.250341 -0.135455 -0.179419
    31 3.941981 0.050872 0.435162 0.216346 -0.007336 -0.093776
    32 1.539089 0.000008 0.000003 -0.605562 0.126574 -1.244849
    33 1.196316 0.000004 0.000005 0.000000 -0.000162 -0.332870
    34 3.880859 -0.047028 -0.427490 0.051056 0.262892 -0.068599
    35 1.719567 0.000023 0.000016 -0.461231 0.032293 -1.105404
    36 1.209175 0.000008 0.000005 0.175617 0.055179 -0.367832
    37 3.867399 -0.148186 -1.324350 -0.134961 0.400676 -0.397685
    38 1.719419 -0.000008 -0.000008 -0.082106 -0.002364 -0.236718
    39 1.099667 -0.000004 -0.000001 -0.188224 0.009145 -1.119518
    40 0.807129 -0.358887 -1.316406 1.243203 0.551773 -0.740643
    41 1.789783 -0.000002 -0.000002 -0.000009 0.003711 0.228604
    42 1.207001 0.000009 0.000000 -0.023897 -0.040066 0.269693
    43 3.772941 -5.489335 -0.527645 4.034818 -0.133223 -1.641906
  time 25
    0 -0.000003 -13.531250 -29.421875 1.570788 0.000007 -0.000007
    1 0.000000 3.345131 -2.981898 1.570789 0.086301 1.570789
    2 4.015625 0.000003 0.000000 0.000000 0.000000 -0.029241
    3 3.520294 0.000005 -0.000006 0.000000 0.000000 0.100332
    4 8.929688 0.000001 0.000000 0.000000 0.000000 0.194095
    5 2.036086 0.993556 1.937663 1.641751 -1.283568 2.899969
    6 6.028159 -0.000069 0.000009 -1.527805 -0.838983 -0.874485
    7 11.692566 0.000046 0.000011 0.050213 0.184968 -1.761159
    8 11.481682 0.000088 -0.000031 1.206759 -0.581366 0.218316
    9 3.858219 -0.135628 -1.192206 -0.533416 0.041673 -0.598824
    10 1.312565 -0.000008 0.000000 -0.000002 0.054404 -0.409012
    11 0.729366 0.000002 -0.000002 -0.000001 0.040754 -0.240990
    12 3.941966 0.050853 -0.435186 -0.098167 -0.141482 -0.708351
    13 1.539091 0.000008 -0.000002 0.000000 0.003737 -0.247812
    14 1.196321 0.000000 -0.000002 -0.000001 0.006168 -0.430818
    15 3.881376 -0.039219 0.427587 -0.012255 -0.230461 -0.575588
    16 1.719578 0.000023 -0.000021 0.076912 -0.036734 -0.381743
    17 1.209181 -0.000004 -0.000001 -0.157453 -0.074598 -0.496284
    18 3.863479 -0.132591 1.332139 0.318005 -0.513909 -0.171118
    19 1.719431 -0.000023 0.000019 0.094020 -0.260025 -0.943966
    20 1.099676 0.000000 0.000006 0.004247 -0.003094 -0.290666
    21 0.807586 -0.343252 1.320583 -1.194778 -0.483648 -0.951452
    22 1.789787 0.000006 0.000006 0.086515 -0.545406 -0.101811
    23 1.207012 0.000011 0.000000 0.071895 -0.042184 0.244346
    24 2.035156 0.997070 -1.937500 -1.667267 1.282923 2.944210
    25 6.028144 -0.000011 0.000002 1.564962 0.793771 -0.843008
    26 11.692577 0.000001 0.000004 -0.000400 -0.066473 -1.811731
    27 11.481657 0.000043 0.000019 -1.183866 0.520519 0.156054
    28 3.854334 -0.131699 1.199994 0.887977 0.041686 -0.500120
    29 1.312567 0.000000 0.000000 -0.076006 -0.203868 -0.258727
    30 0.729362 0.000004 0.000003 -0.250341 -0.135455 -0.179419
    31 3.941981 0.050872 0.435162 0.216346 -0.007336 -0.093776
    32 1.539089 0.000008 0.000003 -0.605562 0.126574 -1.244849
    33 1.196316 0.000004 0.000005 0.000000 -0.000162 -0.332870
    34 3.880859 -0.047028 -0.427490 0.051056 0.262892 -0.068599
    35 1.719567 0.000023 0.000016 -0.461231 0.032293 -1.105404
    36 1.209175 0.000008 0.000005 0.175617 0.055179 -0.367832
    37 3.867399 -0.148186 -1.324350 -0.134961 0.400676 -0.397685
    38 1.719419 -0.000008 -0.000008 -0.082106 -0.002364 -0.236718
    39 1.099667 -0.000004 -0.000001 -0.188224 0.009145 -1.119518
    40 0.807129 -0.358887 -1.316406 1.243203 0.551773 -0.740643
    41 1.789783 -0.000002 -0.000002 -0.000009 0.003711 0.228604
    42 1.207001 0.000009 0.000000 -0.023897 -0.040066 0.269693
    43 3.772941 -5.489335 -0.527645 4.034818 -0.133223 -1.641906
  time 26
    0 -0.000003 -13.531250 -29.421875 1.570788 0.000007 -0.000007
    1 0.000000 3.345131 -2.981898 1.570789 0.086301 1.570789
    2 4.015625 0.000003 0.000000 0.000000 0.000000 -0.029241
    3 3.520294 0.000005 -0.000006 0.000000 0.000000 0.100332
    4 8.929688 0.000001 0.000000 0.000000 0.000000 0.194095
    5 2.036086 0.993556 1.937663 1.641423 -1.283580 2.900274
    6 6.028159 -0.000069 0.000009 -1.530364 -0.839208 -0.872903
    7 11.692566 0.000046 0.000011 0.050058 0.185101 -1.763252
    8 11.481682 0.000088 -0.000031 1.206857 -0.581383 0.218151
    9 3.858219 -0.135628 -1.192206 -0.531582 0.042225 -0.595181
    10 1.312565 -0.000008 0.000000 -0.000002 0.054404 -0.409012
    11 0.729366 0.000002 -0.000002 -0.000001 0.040754 -0.240990
    12 3.941966 0.050853 -0.435186 -0.100360 -0.140919 -0.705890
    13 1.539091 0.000008 -0.000002 0.001162 0.004348 -0.248011
    14 1.196321 0.000000 -0.000002 0.001365 0.006851 -0.433263
    15 3.881376 -0.039219 0.427587 -0.010793 -0.230677 -0.572965
    16 1.719578 0.000023 -0.000021 0.075426 -0.037046 -0.382965
    17 1.209181 -0.000004 -0.000001 -0.155835 -0.074790 -0.500617
    18 3.863479 -0.132591 1.332139 0.316699 -0.514015 -0.168605
    19 1.719431 -0.000023 0.000019 0.092822 -0.259738 -0.945303
    20 1.099676 0.000000 0.000006 0.003983 -0.003022 -0.292931
    21 0.807586 -0.343252 1.316677 -1.196372 -0.482173 -0.949182
    22 1.789787 0.000006 0.000006 0.086491 -0.545009 -0.101500
    23 1.207012 0.000011 0.000000 0.071942 -0.041705 0.243135
    24 2.035156 0.997070 -1.937500 -1.667267 1.282923 2.944210
    25 6.028144 -0.000011 0.000002 1.564915 0.793771 -0.843031
    26 11.692577 0.000001 0.000004 -0.000400 -0.066498 -1.811731
    27 11.481657 0.000043 0.000019 -1.183866 0.520519 0.156054
    28 3.854334 -0.131699 1.199994 0.887977 0.041686 -0.500120
    29 1.312567 0.000000 0.000000 -0.076006 -0.203868 -0.258727
    30 0.729362 0.000004 0.000003 -0.250341 -0.135455 -0.179419
    31 3.941981 0.050872 0.435162 0.216346 -0.007336 -0.093776
    32 1.539089 0.000008 0.000003 -0.605562 0.126574 -1.244849
    33 1.196316 0.000004 0.000005 0.000000 -0.000162 -0.332870
    34 3.880859 -0.047028 -0.427490 0.051056 0.262892 -0.068599
    35 1.719567 0.000023 0.000016 -0.461231 0.032293 -1.105404
    36 1.209175 0.000008 0.000005 0.175617 0.055179 -0.367832
    37 3.867399 -0.148186 -1.324350 -0.134961 0.400676 -0.397685
    38 1.719419 -0.000008 -0.000008 -0.082106 -0.002364 -0.236718
    39 1.099667 -0.000004 -0.000001 -0.188224 0.009145 -1.119518
    40 0.807129 -0.358887 -1.316406 1.243203 0.551773 -0.740643
    41 1.789783 -0.000002 -0.000002 -0.000009 0.003711 0.228604
    42 1.207001 0.000009 0.000000 -0.023897 -0.040066 0.269693
    43 3.772941 -5.489335 -0.527645 4.034818 -0.133223 -1.641906
  time 27
    0 -0.000003 -13.531250 -29.421875 1.570788 0.000007 -0.000007
    1 0.000000 3.345131 -2.981898 1.570789 0.086301 1.570789
    2 4.015625 0.000003 0.000000 0.000000 0.000000 -0.029241
    3 3.520294 0.000005 -0.000006 0.000000 0.000000 0.100332
    4 8.929688 0.000001 0.000000 0.000000 0.000000 0.194095
    5 2.036086 0.993556 1.937663 1.640376 -1.283628 2.901283
    6 6.028159 -0.000069 0.000009 -1.532508 -0.839401 -0.871572
    7 11.692566 0.007858 -0.011708 0.049578 0.185549 -1.765189
    8 11.481682 0.000088 -0.000031 1.207149 -0.581399 0.217593
    9 3.858219 -0.135628 -1.192206 -0.525986 0.043879 -0.584142
    10 1.312565 -0.000008 0.000000 -0.000002 0.054404 -0.409012
    11 0.729366 0.000002 -0.000002 -0.000001 0.040754 -0.240990
    12 3.941966 0.050853 -0.435186 -0.106988 -0.139169 -0.698506
    13 1.539091 0.000008 -0.000002 0.004710 0.006230 -0.248765
    14 1.196321 0.000000 -0.000002 0.005536 0.008948 -0.440681
    15 3.881376 -0.039219 0.427587 -0.006383 -0.231336 -0.565097
    16 1.719578 0.000023 -0.000021 0.070932 -0.038016 -0.386743
    17 1.209181 -0.000004 -0.000001 -0.150897 -0.075401 -0.513798
    18 3.863479 -0.132591 1.332139 0.312720 -0.514319 -0.160931
    19 1.719431 -0.000023 0.000019 0.089190 -0.258839 -0.949345
    20 1.099676 0.000000 0.000006 0.003168 -0.002831 -0.299774
    21 0.807586 -0.343252 1.316677 -1.201142 -0.477691 -0.942345
    22 1.789787 0.000006 0.000006 0.086395 -0.543752 -0.100481
    23 1.207012 0.000011 0.000000 0.072098 -0.040266 0.239468
    24 2.035156 0.997070 -1.937500 -1.667267 1.282923 2.944210
    25 6.028144 -0.000011 0.000002 1.564783 0.793721 -0.843115
    26 11.692577 0.000001 0.000004 -0.000400 -0.066574 -1.811731
    27 11.481657 0.000043 0.000019 -1.183866 0.520533 0.156054
    28 3.854334 -0.131699 1.199994 0.887977 0.041686 -0.500120
    29 1.312567 0.000000 0.000000 -0.076006 -0.203868 -0.258727
    30 0.729362 0.000004 0.000003 -0.250341 -0.135455 -0.179419
    31 3.941981 0.050872 0.435162 0.216346 -0.007336 -0.093776
    32 1.539089 0.000008 0.000003 -0.605562 0.126574 -1.244879
    33 1.196316 0.000004 0.000005 0.000000 -0.000162 -0.332870
    34 3.880859 -0.047028 -0.427490 0.051056 0.262892 -0.068599
    35 1.719567 0.000023 0.000016 -0.461231 0.032293 -1.105404
    36 1.209175 0.000008 0.000005 0.175617 0.055179 -0.367832
    37 3.867399 -0.148186 -1.324350 -0.134961 0.400676 -0.397685
    38 1.719419 -0.000008 -0.000008 -0.082106 -0.002364 -0.236718
    39 1.099667 -0.000004 -0.000001 -0.188224 0.009145 -1.119518
    40 0.807129 -0.358887 -1.316406 1.243203 0.551773 -0.740643
    41 1.789783 -0.000002 -0.000002 -0.000009 0.003711 0.228604
    42 1.207001 0.000009 0.000000 -0.023897 -0.040066 0.269693
    43 3.772941 -5.489335 -0.527645 4.034818 -0.133223 -1.641906
  time 28
    0 -0.000003 -13.531250 -29.421875 1.570788 0.000007 -0.000007
    1 0.000000 3.345131 -2.981898 1.570789 0.086301 1.570789
    2 4.015625 0.000003 0.000000 0.000000 0.000000 -0.029241
    3 3.520294 0.000005 -0.000006 0.000000 0.000000 0.100332
    4 8.929688 0.000001 0.000000 0.000000 0.000000 0.194095
    5 2.036086 0.993556 1.937663 1.638641 -1.283688 2.902934
    6 6.028159 -0.000069 0.000009 -1.534220 -0.839529 -0.870506
    7 11.692566 0.023484 -0.023427 0.048787 0.186281 -1.767021
    8 11.481682 0.000088 -0.000031 1.207636 -0.581416 0.216608
    9 3.858219 -0.135628 -1.192206 -0.516566 0.046623 -0.565707
    10 1.312565 -0.000008 0.000000 -0.000002 0.054404 -0.409012
    11 0.729366 0.000002 -0.000002 -0.000001 0.040754 -0.240990
    12 3.941966 0.050853 -0.435186 -0.118026 -0.136173 -0.686170
    13 1.539091 0.000008 -0.000002 0.010606 0.009382 -0.249957
    14 1.196321 0.000000 -0.000002 0.012475 0.012448 -0.453073
    15 3.881376 -0.039219 0.427587 0.000976 -0.232403 -0.551926
    16 1.719578 0.000023 -0.000021 0.063417 -0.039610 -0.393003
    17 1.209181 -0.000004 -0.000001 -0.142580 -0.076395 -0.535748
    18 3.863479 -0.132591 1.332139 0.306033 -0.514790 -0.148122
    19 1.719431 -0.000023 0.000019 0.083138 -0.257281 -0.956092
    20 1.099676 0.000000 0.000006 0.001826 -0.002483 -0.311196
    21 0.807586 -0.343252 1.320583 -1.208956 -0.470141 -0.931006
    22 1.789787 0.000006 0.000006 0.086227 -0.541570 -0.098659
    23 1.207012 0.000011 0.000000 0.072362 -0.037870 0.233368
    24 2.035156 0.997070 -1.937500 -1.667267 1.282923 2.944210
    25 6.028144 -0.000011 0.000002 1.564567 0.793647 -0.843259
    26 11.692577 0.000001 0.000004 -0.000400 -0.066701 -1.811731
    27 11.481657 0.000043 0.000019 -1.183866 0.520519 0.156054
    28 3.854334 -0.131699 1.199994 0.887977 0.041686 -0.500120
    29 1.312567 0.000000 0.000000 -0.076006 -0.203868 -0.258727
    30 0.729362 0.000004 0.000003 -0.250341 -0.135455 -0.179419
    31 3.941981 0.050872 0.435162 0.216346 -0.007336 -0.093776
    32 1.539089 0.000008 0.000003 -0.605562 0.126574 -1.244849
    33 1.196316 0.000004 0.000005 0.000000 -0.000162 -0.332870
    34 3.880859 -0.047028 -0.427490 0.051056 0.262892 -0.068599
    35 1.719567 0.000023 0.000016 -0.461231 0.032293 -1.105404
    36 1.209175 0.000008 0.000005 0.175617 0.055179 -0.367832
    37 3.867399 -0.148186 -1.324350 -0.134961 0.400676 -0.397685
    38 1.719419 -0.000008 -0.000008 -0.082106 -0.002364 -0.236718
    39 1.099667 -0.000004 -0.000001 -0.188224 0.009145 -1.119518
    40 0.807129 -0.358887 -1.316406 1.243203 0.551773 -0.740643
    41 1.789783 -0.000002 -0.000002 -0.000009 0.003711 0.228604
    42 1.207001 0.000009 0.000000 -0.023897 -0.040066 0.269693
    43 3.772941 -5.489335 -0.527645 4.034818 -0.133223 -1.641906
  time 29
    0 -0.000003 -13.531250 -29.421875 1.570788 0.000007 -0.000007
    1 0.000000 3.345131 -2.981898 1.570789 0.086301 1.570789
    2 4.015625 0.000003 0.000000 0.000000 0.000000 -0.029241
    3 3.520294 0.000005 -0.000006 0.000000 0.000000 0.100332
    4 8.929688 0.000001 0.000000 0.000000 0.000000 0.194095
    5 2.036086 0.993556 1.937663 1.636218 -1.283772 2.905226
    6 6.028159 -0.000069 0.000009 -1.535517 -0.839593 -0.869667
    7 11.692566 0.039109 -0.046865 0.047685 0.187295 -1.768644
    8 11.481682 0.000088 -0.000031 1.208366 -0.581366 0.215130
    9 3.858219 -0.135628 -1.192206 -0.503287 0.050422 -0.540123
    10 1.312565 -0.000008 0.000000 -0.000002 0.054404 -0.409012
    11 0.729366 0.000002 -0.000002 -0.000001 0.040754 -0.240990
    12 3.938059 0.050853 -0.435186 -0.133330 -0.131906 -0.669088
    13 1.539091 0.000008 -0.000002 0.018804 0.013732 -0.251586
    14 1.196321 0.000000 -0.000002 0.022111 0.017302 -0.470247
    15 3.881376 -0.039219 0.427587 0.011150 -0.233817 -0.533678
    16 1.719578 0.000023 -0.000021 0.053003 -0.041839 -0.401707
    17 1.209181 -0.000004 -0.000001 -0.130931 -0.077774 -0.566209
    18 3.863479 -0.132591 1.332139 0.296649 -0.515336 -0.130260
    19 1.719431 -0.000023 0.000019 0.074737 -0.255052 -0.965424
    20 1.099676 0.000000 0.000006 -0.000044 -0.002004 -0.327051
    21 0.807586 -0.343252 1.320583 -1.219479 -0.459523 -0.915437
    22 1.789787 0.000006 0.000006 0.085975 -0.538363 -0.095903
    23 1.207012 0.000011 0.000000 0.072757 -0.034538 0.224895
    24 2.035156 0.997070 -1.937500 -1.667267 1.282923 2.944210
    25 6.028144 -0.000011 0.000002 1.564255 0.793548 -0.843451
    26 11.692577 0.000001 0.000004 -0.000412 -0.066867 -1.811731
    27 11.481657 0.000043 0.000019 -1.183866 0.520519 0.156054
    28 3.858240 -0.131699 1.199994 0.887977 0.041686 -0.500120
    29 1.312567 0.000000 0.000000 -0.076006 -0.203868 -0.258727
    30 0.729362 0.000004 0.000003 -0.250341 -0.135455 -0.179419
    31 3.941981 0.050872 0.435162 0.216346 -0.007336 -0.093776
    32 1.539089 0.000008 0.000003 -0.605562 0.126574 -1.244849
    33 1.196316 0.000004 0.000005 0.000000 -0.000162 -0.332870
    34 3.880859 -0.047028 -0.427490 0.051056 0.262892 -0.068599
    35 1.719567 0.000023 0.000016 -0.461245 0.032293 -1.105404
    36 1.209175 0.000008 0.000005 0.175617 0.055179 -0.367832
    37 3.867399 -0.148186 -1.324350 -0.134961 0.400676 -0.397685
    38 1.719419 -0.000008 -0.000008 -0.082106 -0.002364 -0.236718
    39 1.099667 -0.000004 -0.000001 -0.188224 0.009145 -1.119518
    40 0.807129 -0.358887 -1.316406 1.243203 0.551773 -0.740643
    41 1.789783 -0.000002 -0.000002 -0.000009 0.003711 0.228604
    42 1.207001 0.000009 0.000000 -0.023897 -0.040066 0.269693
    43 3.772941 -5.489335 -0.527645 4.034818 -0.133223 -1.641906
  time 30
    0 -0.000003 -13.531250 -29.421875 1.570788 0.000007 -0.000007
    1 0.000000 3.345131 -2.981898 1.570789 0.086301 1.570789
    2 4.015625 0.000003 0.000000 0.000000 0.000000 -0.029241
    3 3.520294 0.000005 -0.000006 0.000000 0.000000 0.100332
    4 8.929688 0.000001 0.000000 0.000000 0.000000 0.194095
    5 2.036086 0.993556 1.937663 1.633207 -1.283880 2.908130
    6 6.028159 -0.000069 0.000009 -1.536496 -0.839625 -0.869020
    7 11.696472 0.062547 -0.074210 0.046306 0.188575 -1.770109
    8 11.481682 0.000088 -0.000031 1.209291 -0.581267 0.213094
    9 3.858219 -0.135628 -1.192206 -0.486221 0.055156 -0.507937
    10 1.312565 -0.000008 0.000000 -0.000002 0.054404 -0.409012
    11 0.729366 0.000002 -0.000002 -0.000001 0.040754 -0.240990
    12 3.938059 0.050853 -0.435186 -0.152529 -0.126381 -0.647610
    13 1.539091 0.000008 -0.000002 0.029111 0.019221 -0.253691
    14 1.196321 0.000000 -0.000002 0.034239 0.023402 -0.491867
    15 3.881376 -0.039219 0.427587 0.023902 -0.235519 -0.510664
    16 1.719578 0.000023 -0.000021 0.039892 -0.044632 -0.412670
    17 1.209181 -0.000004 -0.000001 -0.116106 -0.079499 -0.604532
    18 3.863479 -0.132591 1.332139 0.284676 -0.515898 -0.107723
    19 1.719431 -0.000023 0.000019 0.064155 -0.252115 -0.977133
    20 1.099676 0.000000 0.000006 -0.002405 -0.001369 -0.346982
    21 0.807586 -0.343252 1.320583 -1.232206 -0.445956 -0.896114
    22 1.789787 0.000006 0.000006 0.085652 -0.534081 -0.092104
    23 1.207012 0.000011 0.000000 0.073297 -0.030343 0.214240
    24 2.035156 0.997070 -1.937500 -1.667267 1.282923 2.944210
    25 6.028144 -0.000011 0.000002 1.563860 0.793424 -0.843691
    26 11.692577 0.000001 0.000004 -0.000412 -0.067095 -1.811731
    27 11.481657 0.000043 0.000019 -1.183866 0.520519 0.156054
    28 3.854334 -0.131699 1.199994 0.887977 0.041686 -0.500120
    29 1.312567 0.000000 0.000000 -0.076006 -0.203868 -0.258727
    30 0.729362 0.000004 0.000003 -0.250341 -0.135455 -0.179419
    31 3.941981 0.050872 0.435162 0.216346 -0.007336 -0.093776
    32 1.539089 0.000008 0.000003 -0.605562 0.126574 -1.244849
    33 1.196316 0.000004 0.000005 0.000000 -0.000162 -0.332870
    34 3.880859 -0.047028 -0.427490 0.051056 0.262892 -0.068599
    35 1.719567 0.000023 0.000016 -0.461231 0.032293 -1.105404
    36 1.209175 0.000008 0.000005 0.175617 0.055179 -0.367832
    37 3.867399 -0.148186 -1.324350 -0.134961 0.400676 -0.397685
    38 1.719419 -0.000008 -0.000008 -0.082106 -0.002364 -0.236718
    39 1.099667 -0.000004 -0.000001 -0.188224 0.009145 -1.119518
    40 0.807129 -0.358887 -1.316406 1.243203 0.551773 -0.740643
    41 1.789783 -0.000002 -0.000002 -0.000009 0.003711 0.228604
    42 1.207001 0.000009 0.000000 -0.023897 -0.040066 0.269693
    43 3.775391 -5.484375 -0.527832 -2.248284 -0.133216 -1.641882
  time 31
    0 -0.000003 -13.531250 -29.421875 1.570788 0.000007 -0.000007
    1 0.000000 3.345131 -2.981898 1.570789 0.086301 1.570789
    2 4.015625 0.000003 0.000000 0.000000 0.000000 -0.029241
    3 3.520294 0.000005 -0.000006 0.000000 0.000000 0.100332
    4 8.929688 0.000001 0.000000 0.000000 0.000000 0.194095
    5 2.036086 0.993556 1.937663 1.629606 -1.284000 2.911523
    6 6.028159 -0.000069 0.000009 -1.537191 -0.839561 -0.868516
    7 11.696472 0.089892 -0.105461 0.044677 0.190088 -1.771365
    8 11.481682 0.000088 -0.000031 1.210508 -0.581051 0.210466
    9 3.858219 -0.135628 -1.192206 -0.465643 0.060657 -0.470025
    10 1.312565 -0.000008 0.000000 -0.000002 0.054404 -0.409012
    11 0.729366 0.000002 -0.000002 -0.000001 0.040754 -0.240990
    12 3.941966 0.050853 -0.435186 -0.175060 -0.119634 -0.622382
    13 1.539091 0.000008 -0.000002 0.041251 0.025669 -0.256115
    14 1.196321 0.000000 -0.000002 0.048501 0.030581 -0.517311
    15 3.881376 -0.039219 0.427587 0.038847 -0.237388 -0.483561
    16 1.719578 0.000023 -0.000021 0.024468 -0.047928 -0.425560
    17 1.209181 -0.000004 -0.000001 -0.098416 -0.081501 -0.649678
    18 3.863479 -0.132591 1.332139 0.270343 -0.516369 -0.080970
    19 1.719431 -0.000023 0.000019 0.051679 -0.248496 -0.990923
    20 1.099676 0.000000 0.000006 -0.005197 -0.000590 -0.370460
    21 0.807586 -0.343252 1.320583 -1.246456 -0.429693 -0.873734
    22 1.789787 0.000006 0.000006 0.085220 -0.528709 -0.087166
    23 1.207012 0.000011 0.000000 0.074004 -0.025406 0.201692
    24 2.035156 0.997070 -1.937500 -1.667267 1.282923 2.944210
    25 6.028144 -0.000011 0.000002 1.563404 0.793300 -0.843966
    26 11.692577 0.000001 0.000004 -0.000412 -0.067349 -1.811731
    27 11.481657 0.000043 0.000019 -1.183866 0.520519 0.156054
    28 3.854334 -0.131699 1.199994 0.887977 0.041686 -0.500120
    29 1.312567 0.000000 0.000000 -0.076006 -0.203868 -0.258727
    30 0.729362 0.000004 0.000003 -0.250341 -0.135455 -0.179419
    31 3.941981 0.050872 0.435162 0.216346 -0.007336 -0.093776
    32 1.539089 0.000008 0.000003 -0.605562 0.126574 -1.244849
    33 1.196316 0.000004 0.000005 0.000000 -0.000162 -0.332870
    34 3.880859 -0.047028 -0.427490 0.051056 0.262892 -0.068599
    35 1.719567 0.000023 0.000016 -0.461231 0.032293 -1.105404
    36 1.209175 0.000008 0.000005 0.175617 0.055179 -0.367832
    37 3.867399 -0.148186 -1.324350 -0.134961 0.400676 -0.397685
    38 1.719419 -0.000008 -0.000008 -0.082106 -0.002364 -0.236718
    39 1.099667 -0.000004 -0.000001 -0.188224 0.009145 -1.119518
    40 0.807129 -0.358887 -1.316406 1.243203 0.551773 -0.740643
    41 1.789783 -0.000002 -0.000002 -0.000009 0.003711 0.228604
    42 1.207001 0.000009 0.000000 -0.023897 -0.040066 0.269693
    43 3.775391 -5.484375 -0.527832 -2.248284 -0.133216 -1.641882
  time 32
    0 -0.000003 -13.531250 -29.421875 1.570788 0.000007 -0.000007
    1 0.000000 3.345131 -2.981898 1.570789 0.086301 1.570789
    2 4.015625 0.000003 0.000000 0.000000 0.000000 -0.029241
    3 3.520294 0.000005 -0.000006 0.000000 0.000000 0.100332
    4 8.929688 0.000001 0.000000 0.000000 0.000000 0.194095
    5 2.036086 0.993556 1.937663 1.625612 -1.284144 2.915343
    6 6.028159 -0.000069 0.000009 -1.537699 -0.839433 -0.868085
    7 11.700379 0.121143 -0.140618 0.042867 0.191767 -1.772412
    8 11.481682 0.000088 -0.000031 1.211920 -0.580670 0.207199
    9 3.854313 -0.135628 -1.192206 -0.442022 0.066685 -0.427650
    10 1.312565 -0.000008 0.000000 -0.000002 0.054404 -0.409012
    11 0.729366 0.000002 -0.000002 -0.000001 0.040754 -0.240990
    12 3.938059 0.050853 -0.435186 -0.200132 -0.111772 -0.594223
    13 1.539091 0.000008 -0.000002 0.054794 0.032884 -0.258856
    14 1.196321 0.000000 -0.000002 0.064452 0.038586 -0.545738
    15 3.881376 -0.039219 0.427587 0.055458 -0.239306 -0.453270
    16 1.719578 0.000023 -0.000021 0.007234 -0.051595 -0.439968
    17 1.209181 -0.000004 -0.000001 -0.078318 -0.083718 -0.700066
    18 3.863479 -0.132591 1.332139 0.254020 -0.516627 -0.050920
    19 1.719431 -0.000023 0.000019 0.037716 -0.244230 -1.006289
    20 1.099676 0.000000 0.000006 -0.008313 0.000333 -0.396658
    21 0.807586 -0.343252 1.320583 -1.261473 -0.411177 -0.849197
    22 1.789787 0.000006 0.000006 0.084705 -0.522195 -0.081006
    23 1.207012 0.000011 0.000000 0.074867 -0.019905 0.187682
    24 2.035156 0.997070 -1.937500 -1.667267 1.282923 2.944210
    25 6.028144 -0.000011 0.000002 1.562901 0.793127 -0.844290
    26 11.692577 0.000001 0.000004 -0.000412 -0.067642 -1.811731
    27 11.481657 0.000043 0.000019 -1.183866 0.520519 0.156054
    28 3.854334 -0.131699 1.199994 0.887977 0.041686 -0.500120
    29 1.312567 0.000000 0.000000 -0.076006 -0.203868 -0.258727
    30 0.729362 0.000004 0.000003 -0.250341 -0.135455 -0.179419
    31 3.941981 0.050872 0.435162 0.216346 -0.007336 -0.093776
    32 1.539089 0.000008 0.000003 -0.605562 0.126574 -1.244849
    33 1.196316 0.000004 0.000005 0.000000 -0.000162 -0.332870
    34 3.880859 -0.047028 -0.427490 0.051056 0.262892 -0.068599
    35 1.719567 0.000023 0.000016 -0.461231 0.032293 -1.105404
    36 1.209175 0.000008 0.000005 0.175617 0.055179 -0.367832
    37 3.867399 -0.148186 -1.324350 -0.134961 0.400676 -0.397685
    38 1.719419 -0.000008 -0.000008 -0.082106 -0.002364 -0.236718
    39 1.099667 -0.000004 -0.000001 -0.188224 0.009145 -1.119518
    40 0.807129 -0.358887 -1.316406 1.243203 0.551773 -0.740643
    41 1.789783 -0.000002 -0.000002 -0.000009 0.003711 0.228604
    42 1.207001 0.000009 0.000000 -0.023897 -0.040066 0.269693
    43 3.775391 -5.484375 -0.527832 -2.248284 -0.133216 -1.641882
  time 33
    0 -0.000003 -13.531250 -29.421875 1.570788 0.000007 -0.000007
    1 0.000000 3.345131 -2.981898 1.570789 0.086301 1.570789
    2 4.015625 0.000003 0.000000 0.000000 0.000000 -0.029241
    3 3.520294 0.000005 -0.000006 0.000000 0.000000 0.100332
    4 8.929688 0.000001 0.000000 0.000000 0.000000 0.194095
    5 2.036086 0.993556 1.937663 1.621357 -1.284276 2.919408
    6 6.028159 -0.000069 0.000009 -1.538170 -0.839240 -0.867653
    7 11.700379 0.152394 -0.175775 0.040925 0.193563 -1.773302
    8 11.481682 0.000088 -0.000031 1.213526 -0.580091 0.203290
    9 3.858219 -0.135628 -1.192206 -0.416099 0.072953 -0.382397
    10 1.312565 -0.000008 0.000000 -0.000002 0.054404 -0.409012
    11 0.729366 0.000002 -0.000002 -0.000001 0.040754 -0.240990
    12 3.941966 0.050853 -0.435186 -0.226786 -0.102951 -0.564248
    13 1.539091 0.000008 -0.000002 0.069259 0.040578 -0.261795
    14 1.196321 0.000000 -0.000002 0.081446 0.047131 -0.576059
    15 3.881376 -0.039219 0.427587 0.073087 -0.241128 -0.420893
    16 1.719578 0.000023 -0.000021 -0.011139 -0.055502 -0.455302
    17 1.209181 -0.000004 -0.000001 -0.056446 -0.086055 -0.753827
    18 3.863479 -0.132591 1.332139 0.236235 -0.516536 -0.018601
    19 1.719431 -0.000023 0.000019 0.022820 -0.239376 -1.022635
    20 1.099676 0.000000 0.000006 -0.011645 0.001352 -0.424618
    21 0.807586 -0.343252 1.320583 -1.276441 -0.391043 -0.823499
    22 1.789787 0.000006 0.000006 0.084082 -0.514624 -0.073575
    23 1.207012 0.000011 0.000000 0.075897 -0.014020 0.172738
    24 2.035156 0.997070 -1.937500 -1.667267 1.282923 2.944210
    25 6.028144 -0.000011 0.000002 1.562362 0.792953 -0.844625
    26 11.692577 0.000001 0.000004 -0.000412 -0.067947 -1.811677
    27 11.481657 0.000043 0.000019 -1.183866 0.520519 0.156054
    28 3.854334 -0.131699 1.199994 0.887977 0.041686 -0.500120
    29 1.312567 0.000000 0.000000 -0.076006 -0.203868 -0.258727
    30 0.729362 0.000004 0.000003 -0.250341 -0.135455 -0.179419
    31 3.941981 0.050872 0.435162 0.216346 -0.007336 -0.093776
    32 1.539089 0.000008 0.000003 -0.605562 0.126574 -1.244849
    33 1.196316 0.000004 0.000005 0.000000 -0.000162 -0.332870
    34 3.880859 -0.047028 -0.427490 0.051056 0.262892 -0.068599
    35 1.719567 0.000023 0.000016 -0.461231 0.032293 -1.105404
    36 1.209175 0.000008 0.000005 0.175617 0.055179 -0.367832
    37 3.863493 -0.148186 -1.324350 -0.134961 0.400676 -0.397685
    38 1.719419 -0.000008 -0.000008 -0.082106 -0.002364 -0.236718
    39 1.099667 -0.000004 -0.000001 -0.188224 0.009145 -1.119518
    40 0.807129 -0.358887 -1.316406 1.243203 0.551773 -0.740643
    41 1.789783 -0.000002 -0.000002 -0.000009 0.003711 0.228604
    42 1.207001 0.000009 0.000000 -0.023897 -0.040066 0.269693
    43 3.775391 -5.484375 -0.527832 -2.248284 -0.133216 -1.641882
  time 34
    0 -0.000003 -13.531250 -29.421875 1.570788 0.000007 -0.000007
    1 0.000000 3.345131 -2.981898 1.570789 0.086301 1.570789
    2 4.015625 0.000003 0.000000 0.000000 0.000000 -0.029241
    3 3.520294 0.000005 -0.000006 0.000000 0.000000 0.100332
    4 8.929688 0.000001 0.000000 0.000000 0.000000 0.194095
    5 2.036086 0.993556 1.937663 1.617003 -1.284419 2.923565
    6 6.028159 -0.000069 0.000009 -1.538696 -0.838983 -0.867114
    7 11.704285 0.183645 -0.214839 0.038948 0.195391 -1.773982
    8 11.481682 0.000088 -0.000031 1.215328 -0.579279 0.198742
    9 3.858219 -0.135628 -1.192206 -0.388858 0.079149 -0.336186
    10 1.312565 -0.000008 0.000000 -0.000002 0.054404 -0.409012
    11 0.729366 0.000002 -0.000002 -0.000001 0.040754 -0.240990
    12 3.938059 0.050853 -0.435186 -0.253907 -0.093400 -0.533716
    13 1.539091 0.000008 -0.000002 0.084024 0.048428 -0.264775
    14 1.196321 0.000000 -0.000002 0.098812 0.055844 -0.607027
    15 3.881376 -0.039219 0.427587 0.090956 -0.242674 -0.387782
    16 1.719578 0.000023 -0.000021 -0.029919 -0.059481 -0.471007
    17 1.209181 -0.000004 -0.000001 -0.033544 -0.088416 -0.808729
    18 3.863479 -0.132591 1.332139 0.217682 -0.515989 0.014664
    19 1.719431 -0.000023 0.000019 0.007563 -0.234019 -1.039307
    20 1.099676 0.000000 0.000006 -0.015061 0.002455 -0.453165
    21 0.807586 -0.343252 1.320583 -1.290619 -0.370118 -0.797763
    22 1.789787 0.000006 0.000006 0.083363 -0.506060 -0.064875
    23 1.207012 0.000011 0.000000 0.077108 -0.008016 0.157469
    24 2.035156 0.997070 -1.937500 -1.667267 1.282923 2.944210
    25 6.028144 -0.000011 0.000002 1.561799 0.792780 -0.844973
    26 11.692577 0.000001 0.000004 -0.000412 -0.068264 -1.811677
    27 11.481657 0.000043 0.000019 -1.183866 0.520533 0.156054
    28 3.854334 -0.131699 1.199994 0.887977 0.041686 -0.500120
    29 1.312567 0.000000 0.000000 -0.076006 -0.203868 -0.258727
    30 0.729362 0.000004 0.000003 -0.250341 -0.135455 -0.179419
    31 3.941981 0.050872 0.435162 0.216346 -0.007336 -0.093776
    32 1.539089 0.000008 0.000003 -0.605562 0.126574 -1.244849
    33 1.196316 0.000004 0.000005 0.000000 -0.000162 -0.332870
    34 3.880859 -0.047028 -0.427490 0.051056 0.262892 -0.068599
    35 1.719567 0.000023 0.000016 -0.461231 0.032293 -1.105404
    36 1.209175 0.000008 0.000005 0.175617 0.055179 -0.367832
    37 3.863493 -0.148186 -1.324350 -0.134961 0.400676 -0.397685
    38 1.719419 -0.000008 -0.000008 -0.082106 -0.002364 -0.236718
    39 1.099667 -0.000004 -0.000001 -0.188224 0.009145 -1.119518
    40 0.807129 -0.358887 -1.316406 1.243203 0.551773 -0.740643
    41 1.789783 -0.000002 -0.000002 -0.000009 0.003711 0.228604
    42 1.207001 0.000009 0.000000 -0.023897 -0.040066 0.269693
    43 3.775391 -5.484375 -0.527832 -2.248284 -0.133216 -1.641882
  time 35
    0 -0.000003 -13.531250 -29.421875 1.570788 0.000007 -0.000007
    1 0.000000 3.345131 -2.981898 1.570789 0.086301 1.570789
    2 4.015625 0.000003 0.000000 0.000000 0.000000 -0.029241
    3 3.520294 0.000005 -0.000006 0.000000 0.000000 0.100332
    4 8.929688 0.000001 0.000000 0.000000 0.000000 0.194095
    5 2.036086 0.993556 1.937663 1.612715 -1.284539 2.927661
    6 6.028159 -0.000069 0.000009 -1.539411 -0.838630 -0.866419
    7 11.704285 0.214896 -0.249996 0.037018 0.197187 -1.774506
    8 11.481682 0.000088 -0.000031 1.217226 -0.578203 0.193602
    9 3.858219 -0.135628 -1.192206 -0.361449 0.084962 -0.290879
    10 1.312565 -0.000008 0.000000 -0.000002 0.054404 -0.409012
    11 0.729366 0.000002 -0.000002 -0.000001 0.040754 -0.240990
    12 3.941966 0.050853 -0.435186 -0.280357 -0.083333 -0.503888
    13 1.539091 0.000008 -0.000002 0.098477 0.056122 -0.267714
    14 1.196321 0.000000 -0.000002 0.115818 0.064377 -0.637360
    15 3.881376 -0.039219 0.427587 0.108358 -0.243788 -0.355320
    16 1.719578 0.000023 -0.000021 -0.048291 -0.063388 -0.486378
    17 1.209181 -0.000004 -0.000001 -0.010378 -0.090693 -0.862490
    18 3.863479 -0.132591 1.332139 0.199118 -0.514866 0.047551
    19 1.719431 -0.000023 0.000019 -0.007382 -0.228302 -1.055564
    20 1.099676 0.000000 0.000006 -0.018416 0.003593 -0.481113
    21 0.807586 -0.343252 1.320583 -1.303443 -0.349300 -0.773013
    22 1.789787 0.000006 0.000006 0.082572 -0.496621 -0.054951
    23 1.207012 0.000011 0.000000 0.078474 -0.002143 0.142536
    24 2.035156 0.997070 -1.937500 -1.667267 1.282923 2.944210
    25 6.028144 -0.000011 0.000002 1.561259 0.792606 -0.845309
    26 11.692577 0.000001 0.000004 -0.000412 -0.068569 -1.811677
    27 11.481657 0.000043 0.000019 -1.183866 0.520519 0.156054
    28 3.854334 -0.131699 1.199994 0.887977 0.041686 -0.500120
    29 1.312567 0.000000 0.000000 -0.076006 -0.203868 -0.258727
    30 0.729362 0.000004 0.000003 -0.250341 -0.135455 -0.179419
    31 3.941981 0.050872 0.435162 0.216346 -0.007336 -0.093776
    32 1.539089 0.000008 0.000003 -0.605562 0.126574 -1.244849
    33 1.196316 0.000004 0.000005 0.000000 -0.000162 -0.332870
    34 3.880859 -0.047028 -0.427490 0.051056 0.262892 -0.068599
    35 1.719567 0.000023 0.000016 -0.461231 0.032293 -1.105404
    36 1.209175 0.000008 0.000005 0.175617 0.055179 -0.367832
    37 3.867399 -0.148186 -1.324350 -0.134961 0.400676 -0.397685
    38 1.719419 -0.000008 -0.000008 -0.082106 -0.002364 -0.236718
    39 1.099667 -0.000004 -0.000001 -0.188224 0.009145 -1.119518
    40 0.807129 -0.358887 -1.316406 1.243203 0.551773 -0.740643
    41 1.789783 -0.000002 -0.000002 -0.000009 0.003711 0.228604
    42 1.207001 0.000009 0.000000 -0.023897 -0.040066 0.269693
    43 3.775391 -5.484375 -0.527832 -2.248284 -0.133216 -1.641882
  time 36
    0 -0.000003 -13.531250 -29.421875 1.570788 0.000007 -0.000007
    1 0.000000 3.345131 -2.981898 1.570789 0.086301 1.570789
    2 4.015625 0.000003 0.000000 0.000000 0.000000 -0.029241
    3 3.520294 0.000005 -0.000006 0.000000 0.000000 0.100332
    4 8.929688 0.000001 0.000000 0.000000 0.000000 0.194095
    5 2.036086 0.993556 1.937663 1.608721 -1.284659 2.931482
    6 6.028159 -0.000069 0.000009 -1.540464 -0.838245 -0.865460
    7 11.708191 0.246147 -0.285154 0.035197 0.198866 -1.774924
    8 11.481682 0.000088 -0.000031 1.219223 -0.576828 0.187904
    9 3.854313 -0.135628 -1.192206 -0.335095 0.090151 -0.248366
    10 1.312565 -0.000008 0.000000 -0.000002 0.054404 -0.409012
    11 0.729366 0.000002 -0.000002 -0.000001 0.040754 -0.240990
    12 3.938059 0.050853 -0.435186 -0.305057 -0.073014 -0.476022
    13 1.539091 0.000008 -0.000002 0.112032 0.063324 -0.270455
    14 1.196321 0.000000 -0.000002 0.131758 0.072359 -0.665800
    15 3.881376 -0.039219 0.427587 0.124585 -0.244316 -0.324776
    16 1.719578 0.000023 -0.000021 -0.065525 -0.067031 -0.500786
    17 1.209181 -0.000004 -0.000001 0.012237 -0.092814 -0.912904
    18 3.863479 -0.132591 1.332139 0.181321 -0.513104 0.078709
    19 1.719431 -0.000023 0.000019 -0.021439 -0.222334 -1.070751
    20 1.099676 0.000000 0.000006 -0.021568 0.004708 -0.507312
    21 0.807586 -0.343252 1.320583 -1.314516 -0.329526 -0.750197
    22 1.789787 0.000006 0.000006 0.081685 -0.486470 -0.043890
    23 1.207012 0.000011 0.000000 0.079984 0.003381 0.128526
    24 2.035156 0.997070 -1.937500 -1.667267 1.282923 2.944210
    25 6.028144 -0.000011 0.000002 1.560744 0.792458 -0.845620
    26 11.692577 0.000001 0.000004 -0.000412 -0.068849 -1.811624
    27 11.481657 0.000043 0.000019 -1.183866 0.520519 0.156054
    28 3.854334 -0.131699 1.199994 0.887977 0.041686 -0.500120
    29 1.312567 0.000000 0.000000 -0.076006 -0.203868 -0.258727
    30 0.729362 0.000004 0.000003 -0.250341 -0.135455 -0.179419
    31 3.941981 0.050872 0.435162 0.216346 -0.007336 -0.093776
    32 1.539089 0.000008 0.000003 -0.605562 0.126574 -1.244849
    33 1.196316 0.000004 0.000005 0.000000 -0.000162 -0.332870
    34 3.880859 -0.047028 -0.427490 0.051056 0.262892 -0.068599
    35 1.719567 0.000023 0.000016 -0.461231 0.032293 -1.105404
    36 1.209175 0.000008 0.000005 0.175617 0.055179 -0.367832
    37 3.867399 -0.148186 -1.324350 -0.134961 0.400676 -0.397685
    38 1.719419 -0.000008 -0.000008 -0.082106 -0.002364 -0.236718
    39 1.099667 -0.000004 -0.000001 -0.188224 0.009145 -1.119518
    40 0.807129 -0.358887 -1.316406 1.243203 0.551773 -0.740643
    41 1.789783 -0.000002 -0.000002 -0.000009 0.003711 0.228604
    42 1.207001 0.000009 0.000000 -0.023897 -0.040066 0.269693
    43 3.775391 -5.484375 -0.527832 -2.248284 -0.133216 -1.641882
  time 37
    0 -0.000003 -13.531250 -29.421875 1.570788 0.000007 -0.000007
    1 0.000000 3.345131 -2.981898 1.570789 0.086301 1.570789
    2 4.015625 0.000003 0.000000 0.000000 0.000000 -0.029241
    3 3.520294 0.000005 -0.000006 0.000000 0.000000 0.100332
    4 8.929688 0.000001 0.000000 0.000000 0.000000 0.194095
    5 2.036086 0.993556 1.937663 1.605120 -1.284767 2.934905
    6 6.028159 -0.000069 0.000009 -1.541913 -0.837795 -0.864190
    7 11.708191 0.273491 -0.316404 0.033579 0.200362 -1.775186
    8 11.481682 0.000088 -0.000031 1.221267 -0.575155 0.181713
    9 3.858219 -0.135628 -1.192206 -0.310970 0.094573 -0.210291
    10 1.312565 -0.000008 0.000000 -0.000002 0.054404 -0.409012
    11 0.729366 0.000002 -0.000002 -0.000001 0.040754 -0.240990
    12 3.938059 0.050853 -0.435186 -0.327109 -0.062683 -0.451175
    13 1.539091 0.000008 -0.000002 0.124160 0.069784 -0.272879
    14 1.196321 0.000000 -0.000002 0.146031 0.079514 -0.691255
    15 3.881376 -0.039219 0.427587 0.139014 -0.244160 -0.297362
    16 1.719578 0.000023 -0.000021 -0.080961 -0.070303 -0.513676
    17 1.209181 -0.000004 -0.000001 0.033630 -0.094684 -0.958024
    18 3.863479 -0.132591 1.332139 0.165034 -0.510704 0.106948
    19 1.719431 -0.000023 0.000019 -0.034047 -0.216269 -1.084303
    20 1.099676 0.000000 0.000006 -0.024409 0.005738 -0.530765
    21 0.807586 -0.343252 1.320583 -1.323685 -0.311621 -0.730063
    22 1.789787 0.000006 0.000006 0.080750 -0.475741 -0.031809
    23 1.207012 0.000011 0.000000 0.081614 0.008319 0.115991
    24 2.035156 0.997070 -1.937500 -1.667267 1.282923 2.944210
    25 6.028144 -0.000011 0.000002 1.560288 0.792309 -0.845908
    26 11.692577 0.000001 0.000004 -0.000412 -0.069116 -1.811570
    27 11.481657 0.000043 0.000019 -1.183866 0.520519 0.156054
    28 3.854334 -0.131699 1.199994 0.887977 0.041686 -0.500120
    29 1.312567 0.000000 0.000000 -0.076006 -0.203868 -0.258727
    30 0.729362 0.000004 0.000003 -0.250341 -0.135455 -0.179419
    31 3.941981 0.050872 0.435162 0.216346 -0.007336 -0.093776
    32 1.539089 0.000008 0.000003 -0.605562 0.126574 -1.244849
    33 1.196316 0.000004 0.000005 0.000000 -0.000162 -0.332870
    34 3.880859 -0.047028 -0.427490 0.051056 0.262892 -0.068599
    35 1.719567 0.000023 0.000016 -0.461231 0.032293 -1.105404
    36 1.209175 0.000008 0.000005 0.175617 0.055179 -0.367832
    37 3.863493 -0.148186 -1.324350 -0.134961 0.400676 -0.397685
    38 1.719419 -0.000008 -0.000008 -0.082106 -0.002364 -0.236718
    39 1.099667 -0.000004 -0.000001 -0.188224 0.009145 -1.119518
    40 0.807129 -0.358887 -1.316406 1.243203 0.551773 -0.740643
    41 1.789783 -0.000002 -0.000002 -0.000009 0.003711 0.228604
    42 1.207001 0.000009 0.000000 -0.023897 -0.040066 0.269693
    43 3.775391 -5.484375 -0.527832 -2.248284 -0.133216 -1.641882
  time 38
    0 -0.000003 -13.531250 -29.421875 1.570788 0.000007 -0.000007
    1 0.000000 3.345131 -2.981898 1.570789 0.086301 1.570789
    2 4.015625 0.000003 0.000000 0.000000 0.000000 -0.029241
    3 3.520294 0.000005 -0.000006 0.000000 0.000000 0.100332
    4 8.929688 0.000001 0.000000 0.000000 0.000000 0.194095
    5 2.036086 0.993556 1.937663 1.602076 -1.284851 2.937809
    6 6.028159 -0.000069 0.000009 -1.543850 -0.837314 -0.862560
    7 11.712098 0.296930 -0.343749 0.032189 0.201642 -1.775343
    8 11.481682 0.000088 -0.000031 1.223312 -0.573168 0.175145
    9 3.854313 -0.135628 -1.192206 -0.290081 0.098145 -0.177913
    10 1.312565 -0.000008 0.000000 -0.000002 0.054404 -0.409012
    11 0.729366 0.000002 -0.000002 -0.000001 0.040754 -0.240990
    12 3.941966 0.050853 -0.435186 -0.345781 -0.052556 -0.430224
    13 1.539091 0.000008 -0.000002 0.134467 0.075261 -0.274984
    14 1.196321 0.000000 -0.000002 0.158160 0.085578 -0.712887
    15 3.881376 -0.039219 0.427587 0.151202 -0.243237 -0.273982
    16 1.719578 0.000023 -0.000021 -0.094072 -0.073071 -0.524640
    17 1.209181 -0.000004 -0.000001 0.053225 -0.096266 -0.996373
    18 3.863479 -0.132591 1.332139 0.150880 -0.507652 0.131349
    19 1.719431 -0.000023 0.000019 -0.044785 -0.210217 -1.095716
    20 1.099676 0.000000 0.000006 -0.026830 0.006637 -0.550684
    21 0.807586 -0.343252 1.320583 -1.330899 -0.296280 -0.713160
    22 1.789787 0.000006 0.000006 0.079743 -0.464615 -0.018842
    23 1.207012 0.000011 0.000000 0.083364 0.012514 0.105336
    24 2.035156 0.997070 -1.937500 -1.667267 1.282923 2.944210
    25 6.028144 -0.000011 0.000002 1.559905 0.792185 -0.846147
    26 11.692577 0.000001 0.000004 -0.000412 -0.069332 -1.811517
    27 11.481657 0.000043 0.000019 -1.183866 0.520519 0.156054
    28 3.854334 -0.131699 1.199994 0.887977 0.041686 -0.500120
    29 1.312567 0.000000 0.000000 -0.076006 -0.203868 -0.258727
    30 0.729362 0.000004 0.000003 -0.250341 -0.135455 -0.179419
    31 3.941981 0.050872 0.435162 0.216346 -0.007336 -0.093776
    32 1.539089 0.000008 0.000003 -0.605562 0.126574 -1.244849
    33 1.196316 0.000004 0.000005 0.000000 -0.000162 -0.332870
    34 3.880859 -0.047028 -0.427490 0.051056 0.262892 -0.068599
    35 1.719567 0.000023 0.000016 -0.461231 0.032293 -1.105404
    36 1.209175 0.000008 0.000005 0.175617 0.055179 -0.367832
    37 3.863493 -0.148186 -1.324350 -0.134961 0.400676 -0.397685
    38 1.719419 -0.000008 -0.000008 -0.082106 -0.002364 -0.236718
    39 1.099667 -0.000004 -0.000001 -0.188224 0.009145 -1.119518
    40 0.807129 -0.358887 -1.316406 1.243203 0.551773 -0.740643
    41 1.789783 -0.000002 -0.000002 -0.000009 0.003711 0.228604
    42 1.207001 0.000009 0.000000 -0.023897 -0.040066 0.269693
    43 3.775391 -5.484375 -0.527832 -2.248284 -0.133216 -1.641882
  time 39
    0 -0.000003 -13.531250 -29.421875 1.570788 0.000007 -0.000007
    1 0.000000 3.345131 -2.981898 1.570789 0.086301 1.570789
    2 4.015625 0.000003 0.000000 0.000000 0.000000 -0.029241
    3 3.520294 0.000005 -0.000006 0.000000 0.000000 0.100332
    4 8.929688 0.000001 0.000000 0.000000 0.000000 0.194095
    5 2.036086 0.993556 1.937663 1.599621 -1.284911 2.940132
    6 6.028159 -0.000069 0.000009 -1.546314 -0.836800 -0.860559
    7 11.712098 0.312555 -0.363281 0.031098 0.202656 -1.775396
    8 11.481682 0.000088 -0.000031 1.225308 -0.570882 0.168248
    9 3.858219 -0.135628 -1.192206 -0.273243 0.100853 -0.152165
    10 1.312565 -0.000008 0.000000 -0.000002 0.054404 -0.409012
    11 0.729366 0.000002 -0.000002 -0.000001 0.040754 -0.240990
    12 3.941966 0.050853 -0.435186 -0.360594 -0.042777 -0.413757
    13 1.539091 0.000008 -0.000002 0.142665 0.079623 -0.276652
    14 1.196321 0.000000 -0.000002 0.167795 0.090408 -0.730085
    15 3.881376 -0.039219 0.427587 0.160826 -0.241511 -0.255311
    16 1.719578 0.000023 -0.000021 -0.104487 -0.075265 -0.533381
    17 1.209181 -0.000004 -0.000001 0.070590 -0.097500 -1.026834
    18 3.863479 -0.132591 1.332139 0.139315 -0.504007 0.151184
    19 1.719431 -0.000023 0.000019 -0.053342 -0.204297 -1.104691
    20 1.099676 0.000000 0.000006 -0.028759 0.007368 -0.566515
    21 0.807586 -0.343252 1.320583 -1.336292 -0.284008 -0.699837
    22 1.789787 0.000006 0.000006 0.078713 -0.453241 -0.005155
    23 1.207012 0.000011 0.000000 0.085197 0.015845 0.096863
    24 2.035156 0.997070 -1.937500 -1.667267 1.282923 2.944210
    25 6.028144 -0.000011 0.000002 1.559593 0.792086 -0.846339
    26 11.692577 0.000001 0.000004 -0.000412 -0.069510 -1.811463
    27 11.481657 0.000043 0.000019 -1.183866 0.520519 0.156054
    28 3.854334 -0.131699 1.199994 0.887977 0.041686 -0.500120
    29 1.312567 0.000000 0.000000 -0.076006 -0.203868 -0.258727
    30 0.729362 0.000004 0.000003 -0.250341 -0.135455 -0.179419
    31 3.941981 0.050872 0.435162 0.216346 -0.007336 -0.093776
    32 1.539089 0.000008 0.000003 -0.605562 0.126574 -1.244849
    33 1.196316 0.000004 0.000005 0.000000 -0.000162 -0.332870
    34 3.880859 -0.047028 -0.427490 0.051056 0.262892 -0.068599
    35 1.719567 0.000023 0.000016 -0.461231 0.032293 -1.105404
    36 1.209175 0.000008 0.000005 0.175617 0.055179 -0.367832
    37 3.867399 -0.148186 -1.324350 -0.134961 0.400676 -0.397685
    38 1.719419 -0.000008 -0.000008 -0.082106 -0.002364 -0.236718
    39 1.099667 -0.000004 -0.000001 -0.188224 0.009145 -1.119518
    40 0.807129 -0.358887 -1.316406 1.243203 0.551773 -0.740643
    41 1.789783 -0.000002 -0.000002 -0.000009 0.003711 0.228604
    42 1.207001 0.000009 0.000000 -0.023897 -0.040066 0.269693
    43 3.775391 -5.484375 -0.527832 -2.248284 -0.133216 -1.641882
  time 40
    0 -0.000003 -13.531250 -29.421875 1.570788 0.000007 -0.000007
    1 0.000000 3.345131 -2.981898 1.570789 0.086301 1.570789
    2 4.015625 0.000003 0.000000 0.000000 0.000000 -0.029241
    3 3.520294 0.000005 -0.000006 0.000000 0.000000 0.100332
    4 8.929688 0.000001 0.000000 0.000000 0.000000 0.194095
    5 2.036086 0.993556 1.937663 1.597886 -1.284959 2.941783
    6 6.028159 -0.000069 0.000009 -1.549343 -0.836222 -0.858162
    7 11.712098 0.328181 -0.378906 0.030307 0.203404 -1.775448
    8 11.481682 0.000088 -0.000031 1.227256 -0.568315 0.161105
    9 3.858219 -0.135628 -1.192206 -0.260958 0.102735 -0.133592
    10 1.312565 -0.000008 0.000000 -0.000002 0.054404 -0.409012
    11 0.729366 0.000002 -0.000002 -0.000001 0.040754 -0.240990
    12 3.938059 0.050853 -0.435186 -0.371236 -0.033489 -0.402124
    13 1.539091 0.000008 -0.000002 0.148573 0.082763 -0.277844
    14 1.196321 0.000000 -0.000002 0.174746 0.093883 -0.742477
    15 3.881376 -0.039219 0.427587 0.167717 -0.238970 -0.241717
    16 1.719578 0.000023 -0.000021 -0.112001 -0.076858 -0.539640
    17 1.209181 -0.000004 -0.000001 0.085451 -0.098399 -1.048784
    18 3.863479 -0.132591 1.332139 0.130674 -0.499831 0.166047
    19 1.719431 -0.000023 0.000019 -0.059538 -0.198568 -1.111051
    20 1.099676 0.000000 0.000006 -0.030149 0.007919 -0.577925
    21 0.807586 -0.343252 1.320583 -1.339972 -0.275128 -0.690306
    22 1.789787 0.000006 0.000006 0.077634 -0.441735 0.009130
    23 1.207012 0.000011 0.000000 0.087091 0.018254 0.090763
    24 2.035156 0.997070 -1.937500 -1.667267 1.282923 2.944210
    25 6.028144 -0.000011 0.000002 1.559378 0.792012 -0.846471
    26 11.692577 0.000001 0.000004 -0.000412 -0.069637 -1.811410
    27 11.481657 0.000043 0.000019 -1.183866 0.520519 0.156054
    28 3.854334 -0.131699 1.199994 0.887977 0.041686 -0.500120
    29 1.312567 0.000000 0.000000 -0.076006 -0.203868 -0.258727
    30 0.729362 0.000004 0.000003 -0.250341 -0.135455 -0.179419
    31 3.941981 0.050872 0.435162 0.216346 -0.007336 -0.093776
    32 1.539089 0.000008 0.000003 -0.605562 0.126574 -1.244879
    33 1.196316 0.000004 0.000005 0.000000 -0.000162 -0.332870
    34 3.880859 -0.047028 -0.427490 0.051056 0.262892 -0.068599
    35 1.719567 0.000023 0.000016 -0.461231 0.032293 -1.105404
    36 1.209175 0.000008 0.000005 0.175617 0.055179 -0.367832
    37 3.863493 -0.148186 -1.324350 -0.134961 0.400676 -0.397685
    38 1.719419 -0.000008 -0.000008 -0.082106 -0.002364 -0.236718
    39 1.099667 -0.000004 -0.000001 -0.188224 0.009145 -1.119518
    40 0.807129 -0.358887 -1.316406 1.243203 0.551773 -0.740643
    41 1.789783 -0.000002 -0.000002 -0.000009 0.003711 0.228604
    42 1.207001 0.000009 0.000000 -0.023897 -0.040066 0.269693
    43 3.775391 -5.484375 -0.527832 -2.248284 -0.133216 -1.641882
  time 41
    0 -0.000003 -13.531250 -29.421875 1.570788 0.000007 -0.000007
    1 0.000000 3.345131 -2.981898 1.570789 0.086301 1.570789
    2 4.015625 0.000003 0.000000 0.000000 0.000000 -0.029241
    3 3.520294 0.000005 -0.000006 0.000000 0.000000 0.100332
    4 8.929688 0.000001 0.000000 0.000000 0.000000 0.194095
    5 2.036086 0.993556 1.937663 1.596838 -1.284983 2.942791
    6 6.028159 -0.000069 0.000009 -1.552917 -0.835644 -0.855369
    7 11.712098 0.335993 -0.390625 0.029828 0.203837 -1.775448
    8 11.481682 0.000088 -0.000031 1.229057 -0.565483 0.153798
    9 3.858219 -0.135628 -1.192206 -0.253552 0.103826 -0.122471
    10 1.312565 -0.000008 0.000000 -0.000002 0.054404 -0.409012
    11 0.729366 0.000002 -0.000002 -0.000001 0.040754 -0.240990
    12 3.938059 0.050853 -0.435186 -0.377612 -0.024764 -0.395473
    13 1.539091 0.000008 -0.000002 0.152108 0.084645 -0.278559
    14 1.196321 0.000000 -0.000002 0.178917 0.095969 -0.749908
    15 3.881376 -0.039219 0.427587 0.171792 -0.235627 -0.233397
    16 1.719578 0.000023 -0.000021 -0.116495 -0.077805 -0.543418
    17 1.209181 -0.000004 -0.000001 0.097639 -0.098939 -1.061965
    18 3.863479 -0.132591 1.332139 0.125101 -0.495168 0.175721
    19 1.719431 -0.000023 0.000019 -0.063278 -0.193103 -1.114707
    20 1.099676 0.000000 0.000006 -0.030988 0.008243 -0.584768
    21 0.807586 -0.343252 1.320583 -1.342093 -0.269794 -0.684618
    22 1.789787 0.000006 0.000006 0.076544 -0.430213 0.023883
    23 1.207012 0.000011 0.000000 0.089044 0.019692 0.087108
    24 2.035156 0.997070 -1.937500 -1.667267 1.282923 2.944210
    25 6.028144 -0.000011 0.000002 1.559246 0.791987 -0.846555
    26 11.692577 0.000001 0.000004 -0.000412 -0.069713 -1.811356
    27 11.481657 0.000043 0.000019 -1.183866 0.520519 0.156054
    28 3.854334 -0.131699 1.199994 0.887977 0.041686 -0.500120
    29 1.312567 0.000000 0.000000 -0.076006 -0.203868 -0.258727
    30 0.729362 0.000004 0.000003 -0.250341 -0.135455 -0.179419
    31 3.941981 0.050872 0.435162 0.216346 -0.007336 -0.093776
    32 1.539089 0.000008 0.000003 -0.605562 0.126574 -1.244849
    33 1.196316 0.000004 0.000005 0.000000 -0.000162 -0.332870
    34 3.880859 -0.047028 -0.427490 0.051056 0.262892 -0.068599
    35 1.719567 0.000023 0.000016 -0.461231 0.032293 -1.105404
    36 1.209175 0.000008 0.000005 0.175617 0.055179 -0.367832
    37 3.867399 -0.148186 -1.324350 -0.134961 0.400676 -0.397685
    38 1.719419 -0.000008 -0.000008 -0.082106 -0.002364 -0.236718
    39 1.099667 -0.000004 -0.000001 -0.188224 0.009145 -1.119518
    40 0.807129 -0.358887 -1.316406 1.243203 0.551773 -0.740643
    41 1.789783 -0.000002 -0.000002 -0.000009 0.003711 0.228604
    42 1.207001 0.000009 0.000000 -0.023897 -0.040066 0.269693
    43 3.775391 -5.484375 -0.527832 -2.248284 -0.133216 -1.641882
  time 42
    0 -0.000003 -13.531250 -29.421875 1.570788 0.000007 -0.000007
    1 0.000000 3.345131 -2.981898 1.570789 0.086301 1.570789
    2 4.015625 0.000003 0.000000 0.000000 0.000000 -0.029241
    3 3.520294 0.000005 -0.000006 0.000000 0.000000 0.100332
    4 8.929688 0.000001 0.000000 0.000000 0.000000 0.194095
    5 2.036086 0.993556 1.937663 1.596478 -1.284995 2.943128
    6 6.028159 -0.000069 0.000009 -1.557036 -0.835034 -0.852217
    7 11.716004 0.335993 -0.390625 0.029672 0.203986 -1.775448
    8 11.481682 0.000088 -0.000031 1.230761 -0.562402 0.146359
    9 3.858219 -0.135628 -1.192206 -0.251095 0.104185 -0.118801
    10 1.312565 -0.000008 0.000000 -0.000002 0.054404 -0.409012
    11 0.729366 0.000002 -0.000002 -0.000001 0.040754 -0.240990
    12 3.938059 0.050853 -0.435186 -0.379709 -0.016674 -0.393832
    13 1.539091 0.000008 -0.000002 0.153283 0.085268 -0.278798
    14 1.196321 0.000000 -0.000002 0.180283 0.096652 -0.752365
    15 3.881376 -0.039219 0.427587 0.173074 -0.231516 -0.230351
    16 1.719578 0.000023 -0.000021 -0.117981 -0.078117 -0.544641
    17 1.209181 -0.000004 -0.000001 0.107095 -0.099106 -1.066298
    18 3.863479 -0.132591 1.332139 0.122645 -0.490081 0.180207
    19 1.719431 -0.000023 0.000019 -0.064560 -0.187926 -1.115688
    20 1.099676 0.000000 0.000006 -0.031264 0.008351 -0.587033
    21 0.807586 -0.343252 1.320583 -1.342788 -0.268033 -0.682746
    22 1.789787 0.000006 0.000006 0.075441 -0.418756 0.038984
    23 1.207012 0.000011 0.000000 0.091034 0.020172 0.085897
    24 2.035156 0.997070 -1.937500 -1.667267 1.282923 2.944210
    25 6.028144 -0.000011 0.000002 1.559198 0.791962 -0.846579
    26 11.692577 0.000001 0.000004 -0.000412 -0.069726 -1.811302
    27 11.481657 0.000043 0.000019 -1.183866 0.520519 0.156054
    28 3.854334 -0.131699 1.199994 0.887977 0.041686 -0.500120
    29 1.312567 0.000000 0.000000 -0.076006 -0.203868 -0.258727
    30 0.729362 0.000004 0.000003 -0.250341 -0.135455 -0.179419
    31 3.941981 0.050872 0.435162 0.216346 -0.007336 -0.093776
    32 1.539089 0.000008 0.000003 -0.605562 0.126574 -1.244879
    33 1.196316 0.000004 0.000005 0.000000 -0.000162 -0.332870
    34 3.880859 -0.047028 -0.427490 0.051056 0.262892 -0.068599
    35 1.719567 0.000023 0.000016 -0.461231 0.032293 -1.105404
    36 1.209175 0.000008 0.000005 0.175617 0.055179 -0.367832
    37 3.863493 -0.148186 -1.324350 -0.134961 0.400676 -0.397685
    38 1.719419 -0.000008 -0.000008 -0.082106 -0.002364 -0.236718
    39 1.099667 -0.000004 -0.000001 -0.188224 0.009145 -1.119518
    40 0.807129 -0.358887 -1.316406 1.243203 0.551773 -0.740643
    41 1.789783 -0.000002 -0.000002 -0.000009 0.003711 0.228604
    42 1.207001 0.000009 0.000000 -0.023897 -0.040066 0.269693
    43 3.775391 -5.484375 -0.527832 -2.248284 -0.133216 -1.641882
  time 43
    0 -0.000003 -13.531250 -29.421875 1.570788 0.000007 -0.000007
    1 0.000000 3.345131 -2.981898 1.570789 0.086301 1.570789
    2 4.015625 0.000003 0.000000 0.000000 0.000000 -0.029241
    3 3.520294 0.000005 -0.000006 0.000000 0.000000 0.100332
    4 8.929688 0.000001 0.000000 0.000000 0.000000 0.194095
    5 2.036086 0.993556 1.937663 1.603778 -1.284803 2.936159
    6 6.028159 -0.000069 0.000009 -1.563619 -0.833396 -0.847340
    7 11.712098 0.335993 -0.390625 0.030127 0.202606 -1.774820
    8 11.481682 0.000088 -0.000031 1.227694 -0.559090 0.138099
    9 3.854313 -0.135628 -1.192206 -0.253336 0.105527 -0.123430
    10 1.312565 -0.000008 0.000000 -0.000002 0.054404 -0.409012
    11 0.729366 0.000002 -0.000002 -0.000001 0.040754 -0.240990
    12 3.938059 0.050853 -0.435186 -0.378655 -0.008549 -0.398491
    13 1.539091 0.000008 -0.000002 0.151965 0.084561 -0.278519
    14 1.196321 0.000000 -0.000002 0.178737 0.095873 -0.749584
    15 3.881376 -0.039219 0.427587 0.168976 -0.224601 -0.234215
    16 1.719578 0.000023 -0.000021 -0.116975 -0.077781 -0.543307
    17 1.209181 -0.000004 -0.000001 0.114550 -0.098243 -1.062043
    18 3.863479 -0.132591 1.332139 0.124526 -0.483217 0.174829
    19 1.719431 -0.000023 0.000019 -0.064069 -0.182964 -1.109149
    20 1.099676 0.000000 0.000006 -0.030269 0.007404 -0.586026
    21 0.807586 -0.343252 1.320583 -1.336029 -0.280772 -0.687649
    22 1.789787 0.000006 0.000006 0.074338 -0.406887 0.056014
    23 1.207012 0.000011 0.000000 0.093263 0.019884 0.088258
    24 2.035156 0.997070 -1.937500 -1.667267 1.282923 2.944210
    25 6.028144 -0.000011 0.000002 1.559342 0.792036 -0.846495
    26 11.692577 0.000001 0.000004 -0.000412 -0.069649 -1.811195
    27 11.481657 0.000043 0.000019 -1.183866 0.520519 0.156054
    28 3.858240 -0.131699 1.199994 0.887977 0.041686 -0.500120
    29 1.312567 0.000000 0.000000 -0.076006 -0.203868 -0.258727
    30 0.729362 0.000004 0.000003 -0.250341 -0.135455 -0.179419
    31 3.941981 0.050872 0.435162 0.216346 -0.007336 -0.093776
    32 1.539089 0.000008 0.000003 -0.605562 0.126574 -1.244849
    33 1.196316 0.000004 0.000005 0.000000 -0.000162 -0.332870
    34 3.880859 -0.047028 -0.427490 0.051056 0.262892 -0.068599
    35 1.719567 0.000023 0.000016 -0.461231 0.032293 -1.105404
    36 1.209175 0.000008 0.000005 0.175617 0.055179 -0.367832
    37 3.863493 -0.148186 -1.324350 -0.134961 0.400676 -0.397685
    38 1.719419 -0.000008 -0.000008 -0.082106 -0.002364 -0.236718
    39 1.099667 -0.000004 -0.000001 -0.188224 0.009145 -1.119518
    40 0.807129 -0.358887 -1.316406 1.243203 0.551773 -0.740643
    41 1.789783 -0.000002 -0.000002 -0.000009 0.003711 0.228604
    42 1.207001 0.000009 0.000000 -0.023897 -0.040066 0.269693
    43 3.775391 -5.484375 -0.527832 -2.248284 -0.133216 -1.641882
  time 44
    0 -0.000003 -13.531250 -29.421875 1.570788 0.000007 -0.000007
    1 0.000000 3.345131 -2.981898 1.570789 0.086301 1.570789
    2 4.015625 0.000003 0.000000 0.000000 0.000000 -0.029241
    3 3.520294 0.000005 -0.000006 0.000000 0.000000 0.100332
    4 8.929688 0.000001 0.000000 0.000000 0.000000 0.194095
    5 2.036086 0.993556 1.937663 1.625809 -1.284132 2.915190
    6 6.028159 -0.000069 0.000009 -1.574529 -0.829607 -0.839406
    7 11.712098 0.324274 -0.378906 0.031529 0.198467 -1.772936
    8 11.481682 0.000088 -0.000031 1.215133 -0.555480 0.128230
    9 3.854313 -0.135628 -1.192206 -0.260083 0.109554 -0.137427
    10 1.312565 -0.000008 0.000000 -0.000002 0.054404 -0.409012
    11 0.729366 0.000002 -0.000002 -0.000001 0.040754 -0.240990
    12 3.941966 0.050853 -0.435186 -0.375467 0.000260 -0.410944
    13 1.539091 0.000008 -0.000002 0.147962 0.082440 -0.277725
    14 1.196321 0.000000 -0.000002 0.174027 0.093524 -0.741195
    15 3.881376 -0.039219 0.427587 0.156799 -0.212784 -0.246822
    16 1.719578 0.000023 -0.000021 -0.113919 -0.076787 -0.539159
    17 1.209181 -0.000004 -0.000001 0.120710 -0.095571 -1.049044
    18 3.863479 -0.132591 1.332139 0.131909 -0.473072 0.154697
    19 1.719431 -0.000023 0.000019 -0.062451 -0.178087 -1.090188
    20 1.099676 0.000000 0.000006 -0.027297 0.004516 -0.582946
    21 0.807586 -0.343252 1.320583 -1.315188 -0.318895 -0.703005
    22 1.789787 0.000006 0.000006 0.073236 -0.394075 0.076532
    23 1.207012 0.000011 0.000000 0.095924 0.018973 0.095389
    24 2.035156 0.997070 -1.937500 -1.667267 1.282923 2.944210
    25 6.028144 -0.000011 0.000002 1.559785 0.792235 -0.846219
    26 11.692577 0.000001 0.000004 -0.000412 -0.069395 -1.811088
    27 11.481657 0.000043 0.000019 -1.183866 0.520519 0.156054
    28 3.854334 -0.131699 1.199994 0.887977 0.041686 -0.500120
    29 1.312567 0.000000 0.000000 -0.076006 -0.203868 -0.258727
    30 0.729362 0.000004 0.000003 -0.250341 -0.135455 -0.179419
    31 3.941981 0.050872 0.435162 0.216346 -0.007336 -0.093776
    32 1.539089 0.000008 0.000003 -0.605562 0.126574 -1.244879
    33 1.196316 0.000004 0.000005 0.000000 -0.000162 -0.332870
    34 3.880859 -0.047028 -0.427490 0.051056 0.262892 -0.068599
    35 1.719567 0.000023 0.000016 -0.461231 0.032293 -1.105404
    36 1.209175 0.000008 0.000005 0.175617 0.055179 -0.367832
    37 3.867399 -0.148186 -1.324350 -0.134961 0.400676 -0.397685
    38 1.719419 -0.000008 -0.000008 -0.082106 -0.002364 -0.236718
    39 1.099667 -0.000004 -0.000001 -0.188224 0.009145 -1.119518
    40 0.807129 -0.358887 -1.316406 1.243203 0.551773 -0.740643
    41 1.789783 -0.000002 -0.000002 -0.000009 0.003711 0.228604
    42 1.207001 0.000009 0.000000 -0.023897 -0.040066 0.269693
    43 3.775391 -5.484375 -0.527832 -2.248284 -0.133216 -1.641882
  time 45
    0 -0.000003 -13.531250 -29.421875 1.570788 0.000007 -0.000007
    1 0.000000 3.345131 -2.981898 1.570789 0.086301 1.570789
    2 4.015625 0.000003 0.000000 0.000000 0.000000 -0.029241
    3 3.520294 0.000005 -0.000006 0.000000 0.000000 0.100332
    4 8.929688 0.000001 0.000000 0.000000 0.000000 0.194095
    5 2.036086 0.993556 1.937663 1.662243 -1.282754 2.880437
    6 6.028159 -0.000069 0.000009 -1.589652 -0.823539 -0.828524
    7 11.712098 0.312555 -0.363281 0.033843 0.191568 -1.769743
    8 11.481682 0.000088 -0.000031 1.192981 -0.551538 0.116867
    9 3.854313 -0.135628 -1.192206 -0.271253 0.116182 -0.160820
    10 1.312565 -0.000008 0.000000 -0.000002 0.054404 -0.409012
    11 0.729366 0.000002 -0.000002 -0.000001 0.040754 -0.240990
    12 3.938059 0.050853 -0.435186 -0.370050 0.009668 -0.431133
    13 1.539091 0.000008 -0.000002 0.141298 0.078892 -0.276374
    14 1.196321 0.000000 -0.000002 0.166189 0.089605 -0.727221
    15 3.881376 -0.039219 0.427587 0.136545 -0.196114 -0.268087
    16 1.719578 0.000023 -0.000021 -0.108825 -0.075133 -0.532196
    17 1.209181 -0.000004 -0.000001 0.125564 -0.091017 -1.027145
    18 3.863479 -0.132591 1.332139 0.144457 -0.459525 0.120081
    19 1.719431 -0.000023 0.000019 -0.059742 -0.173269 -1.058804
    20 1.099676 0.000000 0.000006 -0.022323 -0.000290 -0.577721
    21 0.807586 -0.343252 1.320583 -1.280288 -0.378998 -0.729240
    22 1.789787 0.000006 0.000006 0.072109 -0.380320 0.100429
    23 1.207012 0.000011 0.000000 0.099016 0.017451 0.107278
    24 2.035156 0.997070 -1.937500 -1.667267 1.282923 2.944210
    25 6.028144 -0.000011 0.000002 1.560516 0.792557 -0.845776
    26 11.692577 0.000001 0.000004 -0.000424 -0.068989 -1.810981
    27 11.481657 0.000043 0.000019 -1.183866 0.520533 0.156054
    28 3.854334 -0.131699 1.199994 0.887977 0.041686 -0.500120
    29 1.312567 0.000000 0.000000 -0.076006 -0.203868 -0.258727
    30 0.729362 0.000004 0.000003 -0.250341 -0.135455 -0.179419
    31 3.941981 0.050872 0.435162 0.216346 -0.007336 -0.093776
    32 1.539089 0.000008 0.000003 -0.605562 0.126574 -1.244849
    33 1.196316 0.000004 0.000005 0.000000 -0.000162 -0.332870
    34 3.880859 -0.047028 -0.427490 0.051056 0.262892 -0.068599
    35 1.719567 0.000023 0.000016 -0.461231 0.032293 -1.105404
    36 1.209175 0.000008 0.000005 0.175617 0.055179 -0.367832
    37 3.867399 -0.148186 -1.324350 -0.134961 0.400676 -0.397685
    38 1.719419 -0.000008 -0.000008 -0.082106 -0.002364 -0.236718
    39 1.099667 -0.000004 -0.000001 -0.188224 0.009145 -1.119518
    40 0.807129 -0.358887 -1.316406 1.243203 0.551773 -0.740643
    41 1.789783 -0.000002 -0.000002 -0.000009 0.003711 0.228604
    42 1.207001 0.000009 0.000000 -0.023897 -0.040066 0.269693
    43 3.775391 -5.484375 -0.527832 -2.248284 -0.133216 -1.641882
  time 46
    0 -0.000003 -13.531250 -29.421875 1.570788 0.000007 -0.000007
    1 0.000000 3.345131 -2.981898 1.570789 0.086301 1.570789
    2 4.015625 0.000003 0.000000 0.000000 0.000000 -0.029241
    3 3.520294 0.000005 -0.000006 0.000000 0.000000 0.100332
    4 8.929688 0.000001 0.000000 0.000000 0.000000 0.194095
    5 2.036086 0.993556 1.937663 1.712033 -1.280321 2.832999
    6 6.028159 -0.000069 0.000009 -1.608631 -0.815190 -0.814993
    7 11.712098 0.289117 -0.339843 0.037054 0.182025 -1.765398
    8 11.481682 0.000088 -0.000031 1.161677 -0.547232 0.104140
    9 3.854313 -0.135628 -1.192206 -0.286509 0.125206 -0.193253
    10 1.312565 -0.000008 0.000000 -0.000002 0.054404 -0.409012
    11 0.729366 0.000002 -0.000002 -0.000001 0.040754 -0.240990
    12 3.938059 0.050853 -0.435186 -0.362356 0.019567 -0.458705
    13 1.539091 0.000008 -0.000002 0.132082 0.073991 -0.274507
    14 1.196321 0.000000 -0.000002 0.155355 0.084176 -0.707878
    15 3.881376 -0.039219 0.427587 0.108525 -0.174841 -0.297673
    16 1.719578 0.000023 -0.000021 -0.101778 -0.072820 -0.522454
    17 1.209181 -0.000004 -0.000001 0.129135 -0.084557 -0.996554
    18 3.863479 -0.132591 1.332139 0.161439 -0.442531 0.071926
    19 1.719431 -0.000023 0.000019 -0.056051 -0.168475 -1.015472
    20 1.099676 0.000000 0.000006 -0.015468 -0.006929 -0.570339
    21 0.807586 -0.343252 1.320583 -1.233561 -0.452272 -0.765391
    22 1.789787 0.000006 0.000006 0.070971 -0.365624 0.127370
    23 1.207012 0.000011 0.000000 0.102479 0.015318 0.123721
    24 2.035156 0.997070 -1.937500 -1.667267 1.282923 2.944210
    25 6.028144 -0.000011 0.000002 1.561535 0.793027 -0.845153
    26 11.692577 0.000001 0.000004 -0.000436 -0.068417 -1.810874
    27 11.481657 0.000043 0.000019 -1.183866 0.520519 0.156054
    28 3.854334 -0.131699 1.199994 0.887977 0.041686 -0.500120
    29 1.312567 0.000000 0.000000 -0.076006 -0.203868 -0.258727
    30 0.729362 0.000004 0.000003 -0.250341 -0.135455 -0.179419
    31 3.941981 0.050872 0.435162 0.216346 -0.007336 -0.093776
    32 1.539089 0.000008 0.000003 -0.605562 0.126574 -1.244849
    33 1.196316 0.000004 0.000005 0.000000 -0.000162 -0.332870
    34 3.880859 -0.047028 -0.427490 0.051056 0.262892 -0.068599
    35 1.719567 0.000023 0.000016 -0.461231 0.032293 -1.105404
    36 1.209175 0.000008 0.000005 0.175617 0.055179 -0.367832
    37 3.863493 -0.148186 -1.324350 -0.134961 0.400676 -0.397685
    38 1.719419 -0.000008 -0.000008 -0.082106 -0.002364 -0.236718
    39 1.099667 -0.000004 -0.000001 -0.188224 0.009145 -1.119518
    40 0.807129 -0.358887 -1.316406 1.243203 0.551773 -0.740643
    41 1.789783 -0.000002 -0.000002 -0.000009 0.003711 0.228604
    42 1.207001 0.000009 0.000000 -0.023897 -0.040066 0.269693
    43 3.775391 -5.484375 -0.527832 -2.248284 -0.133216 -1.641882
  time 47
    0 -0.000003 -13.531250 -29.421875 1.570788 0.000007 -0.000007
    1 0.000000 3.345131 -2.981898 1.570789 0.086301 1.570789
    2 4.015625 0.000003 0.000000 0.000000 0.000000 -0.029241
    3 3.520294 0.000005 -0.000006 0.000000 0.000000 0.100332
    4 8.929688 0.000001 0.000000 0.000000 0.000000 0.194095
    5 2.036086 0.993556 1.937663 1.773084 -1.276426 2.774863
    6 6.028159 -0.000069 0.000009 -1.630789 -0.804530 -0.799245
    7 11.708191 0.265679 -0.308592 0.041057 0.170072 -1.759903
    8 11.481682 0.000088 -0.000031 1.121804 -0.542495 0.090314
    9 3.858219 -0.135628 -1.192206 -0.305289 0.136256 -0.234013
    10 1.312565 -0.000008 0.000000 -0.000002 0.054404 -0.409012
    11 0.729366 0.000002 -0.000002 -0.000001 0.040754 -0.240990
    12 3.938059 0.050853 -0.435186 -0.352408 0.029778 -0.493046
    13 1.539091 0.000008 -0.000002 0.120553 0.067855 -0.272163
    14 1.196321 0.000000 -0.000002 0.141789 0.077380 -0.683681
    15 3.881376 -0.039219 0.427587 0.073422 -0.149470 -0.334816
    16 1.719578 0.000023 -0.000021 -0.092969 -0.069943 -0.510157
    17 1.209181 -0.000004 -0.000001 0.131532 -0.076216 -0.957739
    18 3.863479 -0.132591 1.332139 0.181717 -0.422136 0.011827
    19 1.719431 -0.000023 0.000019 -0.051545 -0.163621 -0.961263
    20 1.099676 0.000000 0.000006 -0.006899 -0.015259 -0.560835
    21 0.807586 -0.343252 1.320583 -1.180385 -0.525618 -0.808342
    22 1.789787 0.000006 0.000006 0.069796 -0.350051 0.156864
    23 1.207012 0.000011 0.000000 0.106254 0.012598 0.144298
    24 2.035156 0.997070 -1.937500 -1.667267 1.282923 2.944210
    25 6.028144 -0.000011 0.000002 1.562793 0.793622 -0.844374
    26 11.692577 0.000001 0.000004 -0.000448 -0.067705 -1.810713
    27 11.481657 0.000043 0.000019 -1.183866 0.520519 0.156054
    28 3.854334 -0.131699 1.199994 0.887977 0.041686 -0.500120
    29 1.312567 0.000000 0.000000 -0.076006 -0.203868 -0.258727
    30 0.729362 0.000004 0.000003 -0.250341 -0.135455 -0.179419
    31 3.938074 0.050872 0.435162 0.216346 -0.007336 -0.093776
    32 1.539089 0.000008 0.000003 -0.605562 0.126574 -1.244849
    33 1.196316 0.000004 0.000005 0.000000 -0.000162 -0.332870
    34 3.880859 -0.047028 -0.427490 0.051056 0.262892 -0.068599
    35 1.719567 0.000023 0.000016 -0.461231 0.032293 -1.105404
    36 1.209175 0.000008 0.000005 0.175617 0.055179 -0.367832
    37 3.867399 -0.148186 -1.324350 -0.134961 0.400676 -0.397685
    38 1.719419 -0.000008 -0.000008 -0.082106 -0.002364 -0.236718
    39 1.099667 -0.000004 -0.000001 -0.188224 0.009145 -1.119518
    40 0.807129 -0.358887 -1.316406 1.243203 0.551773 -0.740643
    41 1.789783 -0.000002 -0.000002 -0.000009 0.003711 0.228604
    42 1.207001 0.000009 0.000000 -0.023897 -0.040066 0.269693
    43 3.775391 -5.484375 -0.527832 -2.248284 -0.133216 -1.641882
  time 48
    0 -0.000003 -13.531250 -29.421875 1.570788 0.000007 -0.000007
    1 0.000000 3.345131 -2.981898 1.570789 0.086301 1.570789
    2 4.015625 0.000003 0.000000 0.000000 0.000000 -0.029241
    3 3.520294 0.000005 -0.000006 0.000000 0.000000 0.100332
    4 8.929688 0.000001 0.000000 0.000000 0.000000 0.194095
    5 2.036086 0.993556 1.937663 1.842253 -1.270721 2.709085
    6 6.028159 -0.000069 0.000009 -1.655318 -0.791718 -0.781904
    7 11.708191 0.234428 -0.273434 0.045743 0.156124 -1.753465
    8 11.481682 0.000088 -0.000031 1.074726 -0.537328 0.075748
    9 3.854313 -0.135628 -1.192206 -0.326742 0.148828 -0.281785
    10 1.312565 -0.000008 0.000000 -0.000002 0.054404 -0.409012
    11 0.729366 0.000002 -0.000002 -0.000001 0.040754 -0.240990
    12 3.938059 0.050853 -0.435186 -0.340340 0.040097 -0.532925
    13 1.539091 0.000008 -0.000002 0.107082 0.060700 -0.269422
    14 1.196321 0.000000 -0.000002 0.125945 0.069447 -0.655421
    15 3.881376 -0.039219 0.427587 0.032339 -0.120778 -0.378278
    16 1.719578 0.000023 -0.000021 -0.082687 -0.066576 -0.495564
    17 1.209181 -0.000004 -0.000001 0.132886 -0.066113 -0.911710
    18 3.863479 -0.132591 1.332139 0.203900 -0.398703 -0.057838
    19 1.719431 -0.000023 0.000019 -0.046451 -0.158612 -0.897930
    20 1.099676 0.000000 0.000006 0.003060 -0.024966 -0.549389
    21 0.807586 -0.343252 1.320583 -1.128887 -0.586056 -0.852752
    22 1.789787 0.000006 0.000006 0.068550 -0.333734 0.188180
    23 1.207012 0.000011 0.000000 0.110257 0.009362 0.168327
    24 2.035156 0.997070 -1.937500 -1.667267 1.282923 2.944210
    25 6.028144 -0.000011 0.000002 1.564279 0.794291 -0.843475
    26 11.692577 0.000001 0.000004 -0.000448 -0.066867 -1.810552
    27 11.481657 0.000043 0.000019 -1.183866 0.520519 0.156054
    28 3.854334 -0.131699 1.199994 0.887977 0.041686 -0.500120
    29 1.312567 0.000000 0.000000 -0.076006 -0.203868 -0.258727
    30 0.729362 0.000004 0.000003 -0.250341 -0.135455 -0.179419
    31 3.941981 0.050872 0.435162 0.216346 -0.007336 -0.093776
    32 1.539089 0.000008 0.000003 -0.605562 0.126574 -1.244849
    33 1.196316 0.000004 0.000005 0.000000 -0.000162 -0.332870
    34 3.880859 -0.047028 -0.427490 0.051056 0.262892 -0.068599
    35 1.719567 0.000023 0.000016 -0.461231 0.032293 -1.105404
    36 1.209175 0.000008 0.000005 0.175617 0.055179 -0.367832
    37 3.867399 -0.148186 -1.324350 -0.134961 0.400676 -0.397685
    38 1.719419 -0.000008 -0.000008 -0.082106 -0.002364 -0.236718
    39 1.099667 -0.000004 -0.000001 -0.188224 0.009145 -1.119518
    40 0.807129 -0.358887 -1.316406 1.243203 0.551773 -0.740643
    41 1.789783 -0.000002 -0.000002 -0.000009 0.003711 0.228604
    42 1.207001 0.000009 0.000000 -0.023897 -0.040066 0.269693
    43 3.775391 -5.484375 -0.527832 -2.248284 -0.133216 -1.641882
  time 49
    0 -0.000003 -13.531250 -29.421875 1.570788 0.000007 -0.000007
    1 0.000000 3.345131 -2.981898 1.570789 0.086301 1.570789
    2 4.015625 0.000003 0.000000 0.000000 0.000000 -0.029241
    3 3.520294 0.000005 -0.000006 0.000000 0.000000 0.100332
    4 8.929688 0.000001 0.000000 0.000000 0.000000 0.194095
    5 2.036086 0.993556 1.937663 1.915481 -1.263063 2.639548
    6 6.028159 -0.000069 0.000009 -1.681125 -0.777012 -0.763711
    7 11.704285 0.203177 -0.234371 0.050921 0.140729 -1.746398
    8 11.481682 0.000088 -0.000031 1.022244 -0.531730 0.060871
    9 3.858219 -0.135628 -1.192206 -0.349824 0.162322 -0.334680
    10 1.312565 -0.000008 0.000000 -0.000002 0.054404 -0.409012
    11 0.729366 0.000002 -0.000002 -0.000001 0.040754 -0.240990
    12 3.941966 0.050853 -0.435186 -0.326414 0.050236 -0.576848
    13 1.539091 0.000008 -0.000002 0.092233 0.052790 -0.266443
    14 1.196321 0.000000 -0.000002 0.108472 0.060686 -0.624249
    15 3.881376 -0.039219 0.427587 -0.013118 -0.089822 -0.426336
    16 1.719578 0.000023 -0.000021 -0.071337 -0.062848 -0.479193
    17 1.209181 -0.000004 -0.000001 0.133449 -0.054464 -0.859869
    18 3.863479 -0.132591 1.332139 0.226431 -0.372855 -0.133908
    19 1.719431 -0.000023 0.000019 -0.040998 -0.153398 -0.827909
    20 1.099676 0.000000 0.000006 0.014038 -0.035680 -0.536266
    21 0.807586 -0.343252 1.320583 -1.087480 -0.625245 -0.892434
    22 1.789787 0.000006 0.000006 0.067244 -0.316805 0.220395
    23 1.207012 0.000011 0.000000 0.114368 0.005682 0.194849
    24 2.035156 0.997070 -1.937500 -1.667267 1.282923 2.944210
    25 6.028144 -0.000011 0.000002 1.565921 0.795034 -0.842468
    26 11.692577 0.000001 0.000004 -0.000472 -0.065952 -1.810392
    27 11.481657 0.000043 0.000019 -1.183866 0.520519 0.156054
    28 3.858240 -0.131699 1.199994 0.887977 0.041686 -0.500120
    29 1.312567 0.000000 0.000000 -0.076006 -0.203868 -0.258727
    30 0.729362 0.000004 0.000003 -0.250341 -0.135455 -0.179419
    31 3.941981 0.050872 0.435162 0.216346 -0.007336 -0.093776
    32 1.539089 0.000008 0.000003 -0.605562 0.126574 -1.244849
    33 1.196316 0.000004 0.000005 0.000000 -0.000162 -0.332870
    34 3.880859 -0.047028 -0.427490 0.051056 0.262892 -0.068599
    35 1.719567 0.000023 0.000016 -0.461231 0.032293 -1.105404
    36 1.209175 0.000008 0.000005 0.175617 0.055179 -0.367832
    37 3.867399 -0.148186 -1.324350 -0.134961 0.400676 -0.397685
    38 1.719419 -0.000008 -0.000008 -0.082106 -0.002364 -0.236718
    39 1.099667 -0.000004 -0.000001 -0.188224 0.009145 -1.119518
    40 0.807129 -0.358887 -1.316406 1.243203 0.551773 -0.740643
    41 1.789783 -0.000002 -0.000002 -0.000009 0.003711 0.228604
    42 1.207001 0.000009 0.000000 -0.023897 -0.040066 0.269693
    43 3.775391 -5.484375 -0.527832 -2.248284 -0.133216 -1.641882
  time 50
    0 -0.000003 -13.531250 -29.421875 1.570788 0.000007 -0.000007
    1 0.000000 3.345131 -2.981898 1.570789 0.086301 1.570789
    2 4.015625 0.000003 0.000000 0.000000 0.000000 -0.029241
    3 3.520294 0.000005 -0.000006 0.000000 0.000000 0.100332
    4 8.929688 0.000001 0.000000 0.000000 0.000000 0.194095
    5 2.036086 0.993556 1.937663 1.988480 -1.253619 2.570378
    6 6.028159 -0.000069 0.000009 -1.707082 -0.760829 -0.745495
    7 11.704285 0.168019 -0.195307 0.056338 0.124570 -1.738966
    8 11.481682 0.000088 -0.000031 0.966549 -0.525734 0.046191
    9 3.858219 -0.135628 -1.192206 -0.373350 0.176141 -0.390341
    10 1.312565 -0.000008 0.000000 -0.000002 0.054404 -0.409012
    11 0.729366 0.000002 -0.000002 -0.000001 0.040754 -0.240990
    12 3.938059 0.050853 -0.435186 -0.311014 0.059979 -0.622850
    13 1.539091 0.000008 -0.000002 0.076641 0.044497 -0.263305
    14 1.196321 0.000000 -0.000002 0.090135 0.051482 -0.591543
    15 3.881376 -0.039219 0.427587 -0.060973 -0.057907 -0.476848
    16 1.719578 0.000023 -0.000021 -0.059449 -0.058941 -0.461636
    17 1.209181 -0.000004 -0.000001 0.133509 -0.041556 -0.804111
    18 3.863479 -0.132591 1.332139 0.247872 -0.345504 -0.212896
    19 1.719431 -0.000023 0.000019 -0.035449 -0.147945 -0.754204
    20 1.099676 0.000000 0.000006 0.025507 -0.046922 -0.521825
    21 0.807586 -0.343252 1.320583 -1.062504 -0.640334 -0.922348
    22 1.789787 0.000006 0.000006 0.065841 -0.299513 0.252405
    23 1.207012 0.000011 0.000000 0.118443 0.001692 0.222677
    24 2.035156 0.997070 -1.937500 -1.667267 1.282923 2.944210
    25 6.028144 -0.000011 0.000002 1.567635 0.795802 -0.841414
    26 11.692577 0.000001 0.000004 -0.000484 -0.064986 -1.810231
    27 11.481657 0.000043 0.000019 -1.183866 0.520519 0.156054
    28 3.854334 -0.131699 1.199994 0.887977 0.041686 -0.500120
    29 1.312567 0.000000 0.000000 -0.076006 -0.203868 -0.258727
    30 0.729362 0.000004 0.000003 -0.250341 -0.135455 -0.179419
    31 3.941981 0.050872 0.435162 0.216346 -0.007336 -0.093776
    32 1.539089 0.000008 0.000003 -0.605562 0.126574 -1.244849
    33 1.196316 0.000004 0.000005 0.000000 -0.000162 -0.332870
    34 3.880859 -0.047028 -0.427490 0.051056 0.262892 -0.068599
    35 1.719567 0.000023 0.000016 -0.461231 0.032293 -1.105404
    36 1.209175 0.000008 0.000005 0.175617 0.055179 -0.367832
    37 3.863493 -0.148186 -1.324350 -0.134961 0.400676 -0.397685
    38 1.719419 -0.000008 -0.000008 -0.082106 -0.002364 -0.236718
    39 1.099667 -0.000004 -0.000001 -0.188224 0.009145 -1.119518
    40 0.807129 -0.358887 -1.316406 1.243203 0.551773 -0.740643
    41 1.789783 -0.000002 -0.000002 -0.000009 0.003711 0.228604
    42 1.207001 0.000009 0.000000 -0.023897 -0.040066 0.269693
    43 3.775391 -5.484375 -0.527832 -2.248284 -0.133216 -1.641882
  time 51
    0 -0.000003 -13.531250 -29.421875 1.570788 0.000007 -0.000007
    1 0.000000 3.345131 -2.981898 1.570789 0.086301 1.570789
    2 4.015625 0.000003 0.000000 0.000000 0.000000 -0.029241
    3 3.520294 0.000005 -0.000006 0.000000 0.000000 0.100332
    4 8.929688 0.000001 0.000000 0.000000 0.000000 0.194095
    5 2.036086 0.993556 1.937663 2.057322 -1.242845 2.505334
    6 6.028159 -0.000069 0.000009 -1.732024 -0.743714 -0.728021
    7 11.700379 0.132862 -0.156243 0.061767 0.108410 -1.731533
    8 11.481682 0.000088 -0.000031 0.910269 -0.519407 0.032233
    9 3.854313 -0.135628 -1.192206 -0.396144 0.189635 -0.446139
    10 1.312565 -0.000008 0.000000 -0.000002 0.054404 -0.409012
    11 0.729366 0.000002 -0.000002 -0.000001 0.040754 -0.240990
    12 3.938059 0.050853 -0.435186 -0.294667 0.069027 -0.668736
    13 1.539091 0.000008 -0.000002 0.061049 0.036203 -0.260127
    14 1.196321 0.000000 -0.000002 0.071799 0.042278 -0.558837
    15 3.881376 -0.039219 0.427587 -0.108983 -0.026424 -0.527473
    16 1.719578 0.000023 -0.000021 -0.047560 -0.055023 -0.443561
    17 1.209181 -0.000004 -0.000001 0.133413 -0.027774 -0.746614
    18 3.863479 -0.132591 1.332139 0.267083 -0.317727 -0.290965
    19 1.719431 -0.000023 0.000019 -0.030020 -0.142325 -0.680201
    20 1.099676 0.000000 0.000006 0.036928 -0.058176 -0.506545
    21 0.807586 -0.343252 1.320583 -1.051934 -0.641029 -0.950105
    22 1.789787 0.000006 0.000006 0.064331 -0.282072 0.283098
    23 1.207012 0.000011 0.000000 0.122350 -0.002455 0.250506
    24 2.035156 0.997070 -1.937500 -1.667267 1.282923 2.944210
    25 6.028144 -0.000011 0.000002 1.569361 0.796595 -0.840359
    26 11.692577 0.000001 0.000004 -0.000496 -0.064007 -1.810070
    27 11.481657 0.000043 0.000019 -1.183866 0.520519 0.156054
    28 3.854334 -0.131699 1.199994 0.887977 0.041686 -0.500120
    29 1.312567 0.000000 0.000000 -0.076006 -0.203868 -0.258727
    30 0.729362 0.000004 0.000003 -0.250341 -0.135455 -0.179419
    31 3.941981 0.050872 0.435162 0.216346 -0.007336 -0.093776
    32 1.539089 0.000008 0.000003 -0.605562 0.126574 -1.244849
    33 1.196316 0.000004 0.000005 0.000000 -0.000162 -0.332870
    34 3.880859 -0.047028 -0.427490 0.051056 0.262892 -0.068599
    35 1.719567 0.000023 0.000016 -0.461231 0.032293 -1.105404
    36 1.209175 0.000008 0.000005 0.175617 0.055179 -0.367832
    37 3.867399 -0.148186 -1.324350 -0.134961 0.400676 -0.397685
    38 1.719419 -0.000008 -0.000008 -0.082106 -0.002364 -0.236718
    39 1.099667 -0.000004 -0.000001 -0.188224 0.009145 -1.119518
    40 0.807129 -0.358887 -1.316406 1.243203 0.551773 -0.740643
    41 1.789783 -0.000002 -0.000002 -0.000009 0.003711 0.228604
    42 1.207001 0.000009 0.000000 -0.023897 -0.040066 0.269693
    43 3.775391 -5.484375 -0.527832 -2.248284 -0.133216 -1.641882
  time 52
    0 -0.000003 -13.531250 -29.421875 1.570788 0.000007 -0.000007
    1 0.000000 3.345131 -2.981898 1.570789 0.086301 1.570789
    2 4.015625 0.000003 0.000000 0.000000 0.000000 -0.029241
    3 3.520294 0.000005 -0.000006 0.000000 0.000000 0.100332
    4 8.929688 0.000001 0.000000 0.000000 0.000000 0.194095
    5 2.036086 0.993556 1.937663 2.118995 -1.231459 2.447259
    6 6.028159 -0.000069 0.000009 -1.754991 -0.726279 -0.711986
    7 11.696472 0.101611 -0.117180 0.066932 0.093016 -1.724467
    8 11.481682 0.000088 -0.000031 0.855888 -0.512832 0.019474
    9 3.858219 -0.135628 -1.192206 -0.417165 0.202267 -0.499363
    10 1.312565 -0.000008 0.000000 -0.000002 0.054404 -0.409012
    11 0.729366 0.000002 -0.000002 -0.000001 0.040754 -0.240990
    12 3.938059 0.050853 -0.435186 -0.277924 0.077153 -0.712424
    13 1.539091 0.000008 -0.000002 0.046189 0.028305 -0.257147
    14 1.196321 0.000000 -0.000002 0.054313 0.033505 -0.527677
    15 3.881376 -0.039219 0.427587 -0.154896 0.003226 -0.575786
    16 1.719578 0.000023 -0.000021 -0.036258 -0.051283 -0.425708
    17 1.209181 -0.000004 -0.000001 0.133497 -0.013548 -0.689558
    18 3.863479 -0.132591 1.332139 0.283334 -0.290664 -0.364549
    19 1.719431 -0.000023 0.000019 -0.024891 -0.136656 -0.609259
    20 1.099676 0.000000 0.000006 0.047739 -0.068890 -0.490893
    21 0.807586 -0.343252 1.320583 -1.051646 -0.636619 -0.984710
    22 1.789787 0.000006 0.000006 0.062701 -0.264747 0.311370
    23 1.207012 0.000011 0.000000 0.125945 -0.006626 0.277028
    24 2.035156 0.997070 -1.937500 -1.667267 1.282923 2.944210
    25 6.028144 -0.000011 0.000002 1.571003 0.797338 -0.839352
    26 11.692577 0.000001 0.000004 -0.000508 -0.063092 -1.809910
    27 11.481657 0.000043 0.000019 -1.183866 0.520519 0.156054
    28 3.854334 -0.131699 1.199994 0.887977 0.041686 -0.500120
    29 1.312567 0.000000 0.000000 -0.076006 -0.203868 -0.258727
    30 0.729362 0.000004 0.000003 -0.250341 -0.135455 -0.179419
    31 3.941981 0.050872 0.435162 0.216346 -0.007336 -0.093776
    32 1.539089 0.000008 0.000003 -0.605562 0.126574 -1.244849
    33 1.196316 0.000004 0.000005 0.000000 -0.000162 -0.332870
    34 3.880859 -0.047028 -0.427490 0.051056 0.262892 -0.068599
    35 1.719567 0.000023 0.000016 -0.461231 0.032293 -1.105404
    36 1.209175 0.000008 0.000005 0.175617 0.055179 -0.367832
    37 3.867399 -0.148186 -1.324350 -0.134961 0.400676 -0.397685
    38 1.719419 -0.000008 -0.000008 -0.082106 -0.002364 -0.236718
    39 1.099667 -0.000004 -0.000001 -0.188224 0.009145 -1.119518
    40 0.807129 -0.358887 -1.316406 1.243203 0.551773 -0.740643
    41 1.789783 -0.000002 -0.000002 -0.000009 0.003711 0.228604
    42 1.207001 0.000009 0.000000 -0.023897 -0.040066 0.269693
    43 3.775391 -5.484375 -0.527832 -2.248284 -0.133216 -1.641882
  time 53
    0 -0.000003 -13.531250 -29.421875 1.570788 0.000007 -0.000007
    1 0.000000 3.345131 -2.981898 1.570789 0.086301 1.570789
    2 4.015625 0.000003 0.000000 0.000000 0.000000 -0.029241
    3 3.520294 0.000005 -0.000006 0.000000 0.000000 0.100332
    4 8.929688 0.000001 0.000000 0.000000 0.000000 0.194095
    5 2.036086 0.993556 1.937663 2.171568 -1.220290 2.397865
    6 6.028159 -0.000069 0.000009 -1.775155 -0.709100 -0.697928
    7 11.696472 0.070360 -0.082022 0.071618 0.079068 -1.718029
    8 11.481682 0.000088 -0.000031 0.805889 -0.506091 0.008324
    9 3.854313 -0.135628 -1.192206 -0.435610 0.213556 -0.547628
    10 1.312565 -0.000008 0.000000 -0.000002 0.054404 -0.409012
    11 0.729366 0.000002 -0.000002 -0.000001 0.040754 -0.240990
    12 3.938059 0.050853 -0.435186 -0.261397 0.084176 -0.751922
    13 1.539091 0.000008 -0.000002 0.032718 0.021139 -0.254406
    14 1.196321 0.000000 -0.000002 0.038482 0.025535 -0.499442
    15 3.881376 -0.039219 0.427587 -0.196614 0.029832 -0.619642
    16 1.719578 0.000023 -0.000021 -0.026024 -0.047892 -0.408744
    17 1.209181 -0.000004 -0.000001 0.134085 0.000713 -0.635045
    18 3.863479 -0.132591 1.332139 0.296361 -0.265303 -0.430458
    19 1.719431 -0.000023 0.000019 -0.020205 -0.131167 -0.544440
    20 1.099676 0.000000 0.000006 0.057446 -0.078609 -0.475373
    21 0.807586 -0.343252 1.320583 -1.061462 -0.627343 -1.023593
    22 1.789787 0.000006 0.000006 0.060952 -0.247753 0.336286
    23 1.207012 0.000011 0.000000 0.129097 -0.010677 0.301057
    24 2.035156 0.997070 -1.937500 -1.667267 1.282923 2.944210
    25 6.028144 -0.000011 0.000002 1.572501 0.798007 -0.838441
    26 11.692577 0.000001 0.000004 -0.000520 -0.062254 -1.809749
    27 11.481657 0.000043 0.000019 -1.183866 0.520533 0.156054
    28 3.854334 -0.131699 1.199994 0.887977 0.041686 -0.500120
    29 1.312567 0.000000 0.000000 -0.076006 -0.203868 -0.258727
    30 0.729362 0.000004 0.000003 -0.250341 -0.135455 -0.179419
    31 3.938074 0.050872 0.435162 0.216346 -0.007336 -0.093776
    32 1.539089 0.000008 0.000003 -0.605562 0.126574 -1.244879
    33 1.196316 0.000004 0.000005 0.000000 -0.000162 -0.332870
    34 3.880859 -0.047028 -0.427490 0.051056 0.262892 -0.068599
    35 1.719567 0.000023 0.000016 -0.461245 0.032293 -1.105404
    36 1.209175 0.000008 0.000005 0.175617 0.055179 -0.367832
    37 3.863493 -0.148186 -1.324350 -0.134961 0.400676 -0.397685
    38 1.719419 -0.000008 -0.000008 -0.082106 -0.002364 -0.236718
    39 1.099667 -0.000004 -0.000001 -0.188224 0.009145 -1.119518
    40 0.807129 -0.358887 -1.316406 1.243203 0.551773 -0.740643
    41 1.789783 -0.000002 -0.000002 -0.000009 0.003711 0.228604
    42 1.207001 0.000009 0.000000 -0.023897 -0.040066 0.269681
    43 3.775391 -5.484375 -0.527832 -2.248284 -0.133216 -1.641882
  time 54
    0 -0.000003 -13.531250 -29.421875 1.570788 0.000007 -0.000007
    1 0.000000 3.345131 -2.981898 1.570789 0.086301 1.570789
    2 4.015625 0.000003 0.000000 0.000000 0.000000 -0.029241
    3 3.520294 0.000005 -0.000006 0.000000 0.000000 0.100332
    4 8.929688 0.000001 0.000000 0.000000 0.000000 0.194095
    5 2.036086 0.993556 1.937663 2.214189 -1.210139 2.357946
    6 6.028159 -0.000069 0.000009 -1.792046 -0.692692 -0.686195
    7 11.692566 0.046922 -0.050771 0.075633 0.067114 -1.712533
    8 11.481682 0.000088 -0.000031 0.762122 -0.499268 -0.000938
    9 3.854313 -0.135628 -1.192206 -0.450950 0.223132 -0.588963
    10 1.312565 -0.000008 0.000000 -0.000002 0.054404 -0.409012
    11 0.729366 0.000002 -0.000002 -0.000001 0.040754 -0.240990
    12 3.938059 0.050853 -0.435186 -0.245614 0.089965 -0.785736
    13 1.539091 0.000008 -0.000002 0.021189 0.015002 -0.252063
    14 1.196321 0.000000 -0.000002 0.024915 0.018716 -0.475257
    15 3.881376 -0.039219 0.427587 -0.232448 0.052447 -0.657293
    16 1.719578 0.000023 -0.000021 -0.017275 -0.044991 -0.393225
    17 1.209181 -0.000004 -0.000001 0.135451 0.014663 -0.584813
    18 3.863479 -0.132591 1.332139 0.306225 -0.242355 -0.486179
    19 1.719431 -0.000023 0.000019 -0.016070 -0.126073 -0.488240
    20 1.099676 0.000000 0.000006 0.065644 -0.086951 -0.460392
    21 0.807586 -0.343252 1.316677 -1.079187 -0.614603 -1.062577
    22 1.789787 0.000006 0.000006 0.059082 -0.231287 0.357151
    23 1.207012 0.000011 0.000000 0.131746 -0.014488 0.321646
    24 2.035156 0.997070 -1.937500 -1.667267 1.282923 2.944210
    25 6.028144 -0.000011 0.000002 1.573771 0.798601 -0.837650
    26 11.692577 0.000001 0.000004 -0.000532 -0.061542 -1.809642
    27 11.481657 0.000043 0.000019 -1.183866 0.520519 0.156054
    28 3.858240 -0.131699 1.199994 0.887977 0.041686 -0.500120
    29 1.312567 0.000000 0.000000 -0.076006 -0.203868 -0.258727
    30 0.729362 0.000004 0.000003 -0.250341 -0.135455 -0.179419
    31 3.941981 0.050872 0.435162 0.216346 -0.007336 -0.093776
    32 1.539089 0.000008 0.000003 -0.605562 0.126574 -1.244849
    33 1.196316 0.000004 0.000005 0.000000 -0.000162 -0.332870
    34 3.880859 -0.047028 -0.427490 0.051056 0.262892 -0.068599
    35 1.719567 0.000023 0.000016 -0.461231 0.032293 -1.105404
    36 1.209175 0.000008 0.000005 0.175617 0.055179 -0.367832
    37 3.867399 -0.148186 -1.324350 -0.134961 0.400676 -0.397685
    38 1.719419 -0.000008 -0.000008 -0.082106 -0.002364 -0.236718
    39 1.099667 -0.000004 -0.000001 -0.188224 0.009145 -1.119518
    40 0.807129 -0.358887 -1.316406 1.243203 0.551773 -0.740643
    41 1.789783 -0.000002 -0.000002 -0.000009 0.003711 0.228604
    42 1.207001 0.000009 0.000000 -0.023897 -0.040066 0.269693
    43 3.775391 -5.484375 -0.527832 -2.248284 -0.133216 -1.641882
  time 55
    0 -0.000003 -13.531250 -29.421875 1.570788 0.000007 -0.000007
    1 0.000000 3.345131 -2.981898 1.570789 0.086301 1.570789
    2 4.015625 0.000003 0.000000 0.000000 0.000000 -0.029241
    3 3.520294 0.000005 -0.000006 0.000000 0.000000 0.100332
    4 8.929688 0.000001 0.000000 0.000000 0.000000 0.194095
    5 2.036086 0.993556 1.937663 2.246695 -1.201666 2.327594
    6 6.028159 -0.000069 0.000009 -1.805326 -0.677505 -0.676979
    7 11.692566 0.023484 -0.027333 0.078845 0.057572 -1.708137
    8 11.481682 0.000088 -0.000031 0.726095 -0.492477 -0.008114
    9 3.854313 -0.135628 -1.192206 -0.462887 0.230754 -0.621971
    10 1.312565 -0.000008 0.000000 -0.000002 0.054404 -0.409012
    11 0.729366 0.000002 -0.000002 -0.000001 0.040754 -0.240990
    12 3.938059 0.050853 -0.435186 -0.231028 0.094435 -0.812752
    13 1.539091 0.000008 -0.000002 0.011973 0.010101 -0.250195
    14 1.196321 0.000000 -0.000002 0.014081 0.013263 -0.455938
    15 3.881376 -0.039219 0.427587 -0.261151 0.070376 -0.687415
    16 1.719578 0.000023 -0.000021 -0.010312 -0.042654 -0.379520
    17 1.209181 -0.000004 -0.000001 0.137788 0.027966 -0.540159
    18 3.863479 -0.132591 1.332139 0.313236 -0.222294 -0.529983
    19 1.719431 -0.000023 0.000019 -0.012583 -0.121615 -0.442352
    20 1.099676 0.000000 0.000006 0.072055 -0.093638 -0.446298
    21 0.807586 -0.343252 1.316677 -1.100376 -0.600965 -1.096770
    22 1.789787 0.000006 0.000006 0.057093 -0.215499 0.373510
    23 1.207012 0.000011 0.000000 0.133819 -0.017975 0.338089
    24 2.035156 0.997070 -1.937500 -1.667267 1.282923 2.944210
    25 6.028144 -0.000011 0.000002 1.574802 0.799047 -0.837027
    26 11.692577 0.000001 0.000004 -0.000532 -0.060970 -1.809588
    27 11.481657 0.000043 0.000019 -1.183866 0.520519 0.156054
    28 3.854334 -0.131699 1.199994 0.887977 0.041686 -0.500120
    29 1.312567 0.000000 0.000000 -0.076006 -0.203868 -0.258727
    30 0.729362 0.000004 0.000003 -0.250341 -0.135455 -0.179419
    31 3.941981 0.050872 0.435162 0.216346 -0.007336 -0.093776
    32 1.539089 0.000008 0.000003 -0.605562 0.126574 -1.244849
    33 1.196316 0.000004 0.000005 0.000000 -0.000162 -0.332870
    34 3.880859 -0.047028 -0.427490 0.051056 0.262892 -0.068599
    35 1.719567 0.000023 0.000016 -0.461231 0.032293 -1.105404
    36 1.209175 0.000008 0.000005 0.175617 0.055179 -0.367832
    37 3.863493 -0.148186 -1.324350 -0.134961 0.400676 -0.397685
    38 1.719419 -0.000008 -0.000008 -0.082106 -0.002364 -0.236718
    39 1.099667 -0.000004 -0.000001 -0.188224 0.009145 -1.119518
    40 0.807129 -0.358887 -1.316406 1.243203 0.551773 -0.740643
    41 1.789783 -0.000002 -0.000002 -0.000009 0.003711 0.228604
    42 1.207001 0.000009 0.000000 -0.023897 -0.040066 0.269693
    43 3.775391 -5.484375 -0.527832 -2.248284 -0.133216 -1.641882
  time 56
    0 -0.000003 -13.531250 -29.421875 1.570788 0.000007 -0.000007
    1 0.000000 3.345131 -2.981898 1.570789 0.086301 1.570789
    2 4.015625 0.000003 0.000000 0.000000 0.000000 -0.029241
    3 3.520294 0.000005 -0.000006 0.000000 0.000000 0.100332
    4 8.929688 0.000001 0.000000 0.000000 0.000000 0.194095
    5 2.036086 0.993556 1.937663 2.269380 -1.195362 2.306473
    6 6.028159 -0.000069 0.000009 -1.814976 -0.663858 -0.670327
    7 11.692566 0.011765 -0.011708 0.081158 0.050656 -1.704944
    8 11.481682 0.000088 -0.000031 0.698685 -0.485753 -0.013155
    9 3.854313 -0.135628 -1.192206 -0.471360 0.236243 -0.645802
    10 1.312565 -0.000008 0.000000 -0.000002 0.054404 -0.409012
    11 0.729366 0.000002 -0.000002 -0.000001 0.040754 -0.240990
    12 3.938059 0.050853 -0.435186 -0.217965 0.097587 -0.832237
    13 1.539091 0.000008 -0.000002 0.005309 0.006553 -0.248885
    14 1.196321 0.000000 -0.000002 0.006243 0.009320 -0.441964
    15 3.881376 -0.039219 0.427587 -0.281933 0.083271 -0.709244
    16 1.719578 0.000023 -0.000021 -0.005314 -0.040977 -0.367964
    17 1.209181 -0.000004 -0.000001 0.141227 0.040418 -0.502044
    18 3.863479 -0.132591 1.332139 0.317742 -0.205330 -0.560735
    19 1.719431 -0.000023 0.000019 -0.009766 -0.117984 -0.407966
    20 1.099676 0.000000 0.000006 0.076502 -0.098504 -0.433355
    21 0.807586 -0.343252 1.316677 -1.119635 -0.589304 -1.122356
    22 1.789787 0.000006 0.000006 0.054995 -0.200456 0.385147
    23 1.207012 0.000011 0.000000 0.135293 -0.021055 0.349990
    24 2.035156 0.997070 -1.937500 -1.667267 1.282923 2.944210
    25 6.028144 -0.000011 0.000002 1.575545 0.799394 -0.836572
    26 11.692577 0.000001 0.000004 -0.000544 -0.060551 -1.809535
    27 11.481657 0.000043 0.000019 -1.183866 0.520519 0.156054
    28 3.854334 -0.131699 1.199994 0.887977 0.041686 -0.500120
    29 1.312567 0.000000 0.000000 -0.076006 -0.203868 -0.258727
    30 0.729362 0.000004 0.000003 -0.250341 -0.135455 -0.179419
    31 3.941981 0.050872 0.435162 0.216346 -0.007336 -0.093776
    32 1.539089 0.000008 0.000003 -0.605562 0.126574 -1.244849
    33 1.196316 0.000004 0.000005 0.000000 -0.000162 -0.332870
    34 3.880859 -0.047028 -0.427490 0.051056 0.262892 -0.068599
    35 1.719567 0.000023 0.000016 -0.461231 0.032293 -1.105404
    36 1.209175 0.000008 0.000005 0.175617 0.055179 -0.367832
    37 3.867399 -0.148186 -1.324350 -0.134961 0.400676 -0.397685
    38 1.719419 -0.000008 -0.000008 -0.082106 -0.002364 -0.236718
    39 1.099667 -0.000004 -0.000001 -0.188224 0.009145 -1.119518
    40 0.807129 -0.358887 -1.316406 1.243203 0.551773 -0.740643
    41 1.789783 -0.000002 -0.000002 -0.000009 0.003711 0.228604
    42 1.207001 0.000009 0.000000 -0.023897 -0.040066 0.269693
    43 3.775391 -5.484375 -0.527832 -2.248284 -0.133216 -1.641882
  time 57
    0 -0.000003 -13.531250 -29.421875 1.570788 0.000007 -0.000007
    1 0.000000 3.345131 -2.981898 1.570789 0.086301 1.570789
    2 4.015625 0.000003 0.000000 0.000000 0.000000 -0.029241
    3 3.520294 0.000005 -0.000006 0.000000 0.000000 0.100332
    4 8.929688 0.000001 0.000000 0.000000 0.000000 0.194095
    5 2.036086 0.993556 1.937663 2.282638 -1.191515 2.294125
    6 6.028159 -0.000069 0.000009 -1.821014 -0.651913 -0.666216
    7 11.692566 0.000046 0.000011 0.082548 0.046516 -1.703060
    8 11.481682 0.000088 -0.000031 0.680429 -0.479162 -0.016045
    9 3.854313 -0.135628 -1.192206 -0.476357 0.239539 -0.660101
    10 1.312565 -0.000008 0.000000 -0.000002 0.054404 -0.409012
    11 0.729366 0.000002 -0.000002 -0.000001 0.040754 -0.240990
    12 3.938059 0.050853 -0.435186 -0.206628 0.099432 -0.843928
    13 1.539091 0.000008 -0.000002 0.001318 0.004432 -0.248050
    14 1.196321 0.000000 -0.000002 0.001545 0.006947 -0.433586
    15 3.881376 -0.039219 0.427587 -0.294421 0.090965 -0.722330
    16 1.719578 0.000023 -0.000021 -0.002366 -0.039958 -0.358741
    17 1.209181 -0.000004 -0.000001 0.145841 0.051828 -0.470908
    18 3.863479 -0.132591 1.332139 0.320067 -0.191526 -0.577976
    19 1.719431 -0.000023 0.000019 -0.007681 -0.115287 -0.385557
    20 1.099676 0.000000 0.000006 0.078911 -0.101464 -0.421706
    21 0.807586 -0.343252 1.320583 -1.132650 -0.581717 -1.137587
    22 1.789787 0.000006 0.000006 0.052802 -0.186238 0.392038
    23 1.207012 0.000011 0.000000 0.136168 -0.023716 0.357121
    24 2.035156 0.997070 -1.937500 -1.667267 1.282923 2.944210
    25 6.028144 -0.000011 0.000002 1.575988 0.799592 -0.836296
    26 11.692577 0.000001 0.000004 -0.000544 -0.060309 -1.809481
    27 11.481657 0.000043 0.000019 -1.183866 0.520519 0.156054
    28 3.858240 -0.131699 1.199994 0.887977 0.041686 -0.500120
    29 1.312567 0.000000 0.000000 -0.076006 -0.203868 -0.258727
    30 0.729362 0.000004 0.000003 -0.250341 -0.135455 -0.179419
    31 3.941981 0.050872 0.435162 0.216346 -0.007336 -0.093776
    32 1.539089 0.000008 0.000003 -0.605562 0.126574 -1.244849
    33 1.196316 0.000004 0.000005 0.000000 -0.000162 -0.332870
    34 3.880859 -0.047028 -0.427490 0.051056 0.262892 -0.068599
    35 1.719567 0.000023 0.000016 -0.461231 0.032293 -1.105404
    36 1.209175 0.000008 0.000005 0.175617 0.055179 -0.367832
    37 3.867399 -0.148186 -1.324350 -0.134961 0.400676 -0.397685
    38 1.719419 -0.000008 -0.000008 -0.082106 -0.002364 -0.236718
    39 1.099667 -0.000004 -0.000001 -0.188224 0.009145 -1.119518
    40 0.807129 -0.358887 -1.316406 1.243203 0.551773 -0.740643
    41 1.789783 -0.000002 -0.000002 -0.000009 0.003711 0.228604
    42 1.207001 0.000009 0.000000 -0.023897 -0.040066 0.269693
    43 3.775391 -5.484375 -0.527832 -2.248284 -0.133216 -1.641882
  time 58
    0 -0.000003 -13.531250 -29.421875 1.570788 0.000007 -0.000007
    1 0.000000 3.345131 -2.981898 1.570789 0.086301 1.570789
    2 4.015625 0.000003 0.000000 0.000000 0.000000 -0.029241
    3 3.520294 0.000005 -0.000006 0.000000 0.000000 0.100332
    4 8.929688 0.000001 0.000000 0.000000 0.000000 0.194095
    5 2.036086 0.993556 1.937663 2.286992 -1.190232 2.290090
    6 6.028159 -0.000069 0.000009 -1.823591 -0.641767 -0.664515
    7 11.692566 0.000046 0.000011 0.083015 0.045153 -1.702432
    8 11.481682 0.000088 -0.000031 0.671422 -0.472719 -0.016883
    9 3.854313 -0.135628 -1.192206 -0.478011 0.240630 -0.664840
    10 1.312565 -0.000008 0.000000 -0.000002 0.054404 -0.409012
    11 0.729366 0.000002 -0.000002 -0.000001 0.040754 -0.240990
    12 3.938059 0.050853 -0.435186 -0.197148 0.100032 -0.847796
    13 1.539091 0.000008 -0.000002 0.000000 0.003737 -0.247812
    14 1.196321 0.000000 -0.000002 -0.000001 0.006168 -0.430818
    15 3.881376 -0.039219 0.427587 -0.298555 0.093506 -0.726674
    16 1.719578 0.000023 -0.000021 -0.001467 -0.039622 -0.351852
    17 1.209181 -0.000004 -0.000001 0.151654 0.062122 -0.447012
    18 3.863479 -0.132591 1.332139 0.320450 -0.180864 -0.581651
    19 1.719431 -0.000023 0.000019 -0.006303 -0.113609 -0.375215
    20 1.099676 0.000000 0.000006 0.079270 -0.102519 -0.411447
    21 0.807586 -0.343252 1.320583 -1.137168 -0.579153 -1.142477
    22 1.789787 0.000006 0.000006 0.050513 -0.172848 0.394291
    23 1.207012 0.000011 0.000000 0.136456 -0.025909 0.359481
    24 2.035156 0.997070 -1.937500 -1.667267 1.282923 2.944210
    25 6.028144 -0.000011 0.000002 1.576132 0.799642 -0.836212
    26 11.692577 0.000001 0.000004 -0.000544 -0.060221 -1.809481
    27 11.481657 0.000043 0.000019 -1.183866 0.520519 0.156054
    28 3.854334 -0.131699 1.199994 0.887977 0.041686 -0.500120
    29 1.312567 0.000000 0.000000 -0.076006 -0.203868 -0.258727
    30 0.729362 0.000004 0.000003 -0.250341 -0.135455 -0.179419
    31 3.941981 0.050872 0.435162 0.216346 -0.007336 -0.093776
    32 1.539089 0.000008 0.000003 -0.605562 0.126574 -1.244849
    33 1.196316 0.000004 0.000005 0.000000 -0.000162 -0.332870
    34 3.880859 -0.047028 -0.427490 0.051056 0.262892 -0.068599
    35 1.719567 0.000023 0.000016 -0.461231 0.032293 -1.105404
    36 1.209175 0.000008 0.000005 0.175617 0.055179 -0.367832
    37 3.863493 -0.148186 -1.324350 -0.134961 0.400676 -0.397685
    38 1.719419 -0.000008 -0.000008 -0.082106 -0.002364 -0.236718
    39 1.099667 -0.000004 -0.000001 -0.188224 0.009145 -1.119518
    40 0.807129 -0.358887 -1.316406 1.243203 0.551773 -0.740643
    41 1.789783 -0.000002 -0.000002 -0.000009 0.003711 0.228604
    42 1.207001 0.000009 0.000000 -0.023897 -0.040066 0.269693
    43 3.775391 -5.484375 -0.527832 -2.248284 -0.133216 -1.641882
  time 59
    0 -0.000003 -13.531250 -29.421875 1.570788 0.000007 -0.000007
    1 0.000000 3.345131 -2.981898 1.570789 0.086301 1.570789
    2 4.015625 0.000003 0.000000 0.000000 0.000000 -0.029241
    3 3.520294 0.000005 -0.000006 0.000000 0.000000 0.100332
    4 8.929688 0.000001 0.000000 0.000000 0.000000 0.194095
    5 2.036086 0.993556 1.937663 2.282965 -1.191419 2.293819
    6 6.028159 -0.000069 0.000009 -1.823403 -0.632584 -0.664563
    7 11.692566 0.000046 0.000011 0.082668 0.045702 -1.702903
    8 11.481682 0.000088 -0.000031 0.665726 -0.466624 -0.013040
    9 3.858219 -0.135628 -1.192206 -0.477088 0.239539 -0.662156
    10 1.312565 -0.000008 0.000000 -0.000002 0.054404 -0.409012
    11 0.729366 0.000002 -0.000002 -0.000001 0.040754 -0.240990
    12 3.941966 0.050853 -0.435186 -0.188651 0.099528 -0.842815
    13 1.539091 0.000008 -0.000002 0.000000 0.003737 -0.247812
    14 1.196321 0.000000 -0.000002 -0.000001 0.006168 -0.430818
    15 3.881376 -0.039219 0.427587 -0.295068 0.092643 -0.721541
    16 1.719578 0.000023 -0.000021 -0.001899 -0.040725 -0.346296
    17 1.209181 -0.000004 -0.000001 0.158905 0.072297 -0.427319
    18 3.863479 -0.132591 1.332139 0.320151 -0.171282 -0.574976
    19 1.719431 -0.000023 0.000019 -0.005332 -0.112471 -0.370965
    20 1.099676 0.000000 0.000006 0.078000 -0.101716 -0.401607
    21 0.807586 -0.343252 1.316677 -1.137672 -0.579045 -1.140868
    22 1.789787 0.000006 0.000006 0.047936 -0.159523 0.392853
    23 1.207012 0.000011 0.000000 0.135868 -0.027862 0.358439
    24 2.035156 0.997070 -1.937500 -1.667267 1.282923 2.944210
    25 6.028144 -0.000011 0.000002 1.576036 0.799568 -0.836272
    26 11.692577 0.000001 0.000004 -0.000544 -0.060284 -1.809481
    27 11.481657 0.000043 0.000019 -1.183866 0.520519 0.156054
    28 3.854334 -0.131699 1.199994 0.887977 0.041686 -0.500120
    29 1.312567 0.000000 0.000000 -0.076006 -0.203868 -0.258727
    30 0.729362 0.000004 0.000003 -0.250341 -0.135455 -0.179419
    31 3.941981 0.050872 0.435162 0.216346 -0.007336 -0.093776
    32 1.539089 0.000008 0.000003 -0.605562 0.126574 -1.244849
    33 1.196316 0.000004 0.000005 0.000000 -0.000162 -0.332870
    34 3.880859 -0.047028 -0.427490 0.051056 0.262892 -0.068599
    35 1.719567 0.000023 0.000016 -0.461231 0.032293 -1.105404
    36 1.209175 0.000008 0.000005 0.175617 0.055179 -0.367832
    37 3.863493 -0.148186 -1.324350 -0.134961 0.400676 -0.397685
    38 1.719419 -0.000008 -0.000008 -0.082106 -0.002364 -0.236718
    39 1.099667 -0.000004 -0.000001 -0.188224 0.009145 -1.119518
    40 0.807129 -0.358887 -1.316406 1.243203 0.551773 -0.740643
    41 1.789783 -0.000002 -0.000002 -0.000009 0.003711 0.228604
    42 1.207001 0.000009 0.000000 -0.023897 -0.040066 0.269693
    43 3.775391 -5.484375 -0.527832 -2.248284 -0.133216 -1.641882
  time 60
    0 -0.000003 -13.531250 -29.421875 1.570788 0.000007 -0.000007
    1 0.000000 3.345131 -2.981898 1.570789 0.086301 1.570789
    2 4.015625 0.000003 0.000000 0.000000 0.000000 -0.029241
    3 3.520294 0.000005 -0.000006 0.000000 0.000000 0.100332
    4 8.929688 0.000001 0.000000 0.000000 0.000000 0.194095
    5 2.036086 0.993556 1.937663 2.270657 -1.194990 2.305281
    6 6.028159 -0.000069 0.000009 -1.820976 -0.623464 -0.665737
    7 11.692566 0.000046 0.000011 0.081637 0.047364 -1.704368
    8 11.481682 0.000088 -0.000031 0.657450 -0.460976 -0.001792
    9 3.854313 -0.135628 -1.192206 -0.474296 0.236243 -0.654047
    10 1.312565 -0.000008 0.000000 -0.000002 0.054404 -0.409012
    11 0.729366 0.000002 -0.000002 -0.000001 0.040754 -0.240990
    12 3.941966 0.050853 -0.435186 -0.180274 0.098030 -0.827754
    13 1.539091 0.000008 -0.000002 0.000000 0.003737 -0.247812
    14 1.196321 0.000000 -0.000002 -0.000001 0.006168 -0.430818
    15 3.881376 -0.039219 0.427587 -0.284545 0.090007 -0.706001
    16 1.719578 0.000023 -0.000021 -0.002977 -0.044069 -0.341111
    17 1.209181 -0.000004 -0.000001 0.167821 0.083323 -0.409027
    18 3.863479 -0.132591 1.332139 0.320354 -0.160788 -0.561006
    19 1.719431 -0.000023 0.000019 -0.004421 -0.111404 -0.367012
    20 1.099676 0.000000 0.000006 0.075459 -0.099055 -0.391217
    21 0.807586 -0.343252 1.320583 -1.139158 -0.578697 -1.135991
    22 1.789787 0.000006 0.000006 0.044904 -0.145554 0.388514
    23 1.207012 0.000011 0.000000 0.134083 -0.029768 0.355263
    24 2.035156 0.997070 -1.937500 -1.667267 1.282923 2.944210
    25 6.028144 -0.000011 0.000002 1.575737 0.799345 -0.836452
    26 11.692577 0.000001 0.000004 -0.000544 -0.060462 -1.809588
    27 11.481657 0.000043 0.000019 -1.183866 0.520519 0.156054
    28 3.854334 -0.131699 1.199994 0.887977 0.041686 -0.500120
    29 1.312567 0.000000 0.000000 -0.076006 -0.203868 -0.258727
    30 0.729362 0.000004 0.000003 -0.250341 -0.135455 -0.179419
    31 3.941981 0.050872 0.435162 0.216346 -0.007336 -0.093776
    32 1.539089 0.000008 0.000003 -0.605562 0.126574 -1.244849
    33 1.196316 0.000004 0.000005 0.000000 -0.000162 -0.332870
    34 3.880859 -0.047028 -0.427490 0.051056 0.262892 -0.068599
    35 1.719567 0.000023 0.000016 -0.461231 0.032293 -1.105404
    36 1.209175 0.000008 0.000005 0.175617 0.055179 -0.367832
    37 3.867399 -0.148186 -1.324350 -0.134961 0.400676 -0.397685
    38 1.719419 -0.000008 -0.000008 -0.082106 -0.002364 -0.236718
    39 1.099667 -0.000004 -0.000001 -0.188222 0.009149 -1.119494
    40 0.807129 -0.358887 -1.316406 1.243203 0.551773 -0.740643
    41 1.789783 -0.000002 -0.000002 -0.000009 0.003711 0.228604
    42 1.207001 0.000009 0.000000 -0.023897 -0.040066 0.269693
    43 3.775391 -5.484375 -0.527832 -2.248284 -0.133216 -1.641882
  time 61
    0 -0.000003 -13.531250 -29.421875 1.570788 0.000007 -0.000007
    1 0.000000 3.345131 -2.981898 1.570789 0.086301 1.570789
    2 4.015625 0.000003 0.000000 0.000000 0.000000 -0.029241
    3 3.520294 0.000005 -0.000006 0.000000 0.000000 0.100332
    4 8.929688 0.000001 0.000000 0.000000 0.000000 0.194095
    5 2.036086 0.993556 1.937663 2.249706 -1.200851 2.324782
    6 6.028159 -0.000069 0.000009 -1.816349 -0.614538 -0.668026
    7 11.692566 0.000046 0.000011 0.079899 0.050140 -1.706828
    8 11.481682 0.000088 -0.000031 0.646788 -0.455643 0.016797
    9 3.854313 -0.135628 -1.192206 -0.469622 0.230742 -0.640543
    10 1.312565 -0.000008 0.000000 -0.000002 0.054404 -0.409012
    11 0.729366 0.000002 -0.000002 -0.000001 0.040754 -0.240990
    12 3.938059 0.050853 -0.435186 -0.172064 0.095537 -0.802672
    13 1.539091 0.000008 -0.000002 0.000000 0.003737 -0.247812
    14 1.196321 0.000000 -0.000002 -0.000001 0.006168 -0.430818
    15 3.881376 -0.039219 0.427587 -0.267060 0.085596 -0.680110
    16 1.719578 0.000023 -0.000021 -0.004691 -0.049629 -0.336370
    17 1.209181 -0.000004 -0.000001 0.178332 0.095128 -0.392291
    18 3.863479 -0.132591 1.332139 0.320978 -0.149489 -0.539711
    19 1.719431 -0.000023 0.000019 -0.003582 -0.110434 -0.363386
    20 1.099676 0.000000 0.000006 0.071660 -0.094561 -0.380371
    21 0.807586 -0.343252 1.316677 -1.141615 -0.578074 -1.127870
    22 1.789787 0.000006 0.000006 0.041417 -0.131022 0.381312
    23 1.207012 0.000011 0.000000 0.131122 -0.031614 0.349978
    24 2.035156 0.997070 -1.937500 -1.667267 1.282923 2.944210
    25 6.028144 -0.000011 0.000002 1.575233 0.798948 -0.836764
    26 11.692577 0.000001 0.000004 -0.000532 -0.060767 -1.809695
    27 11.481657 0.000043 0.000019 -1.183866 0.520519 0.156054
    28 3.854334 -0.131699 1.199994 0.887977 0.041686 -0.500120
    29 1.312567 0.000000 0.000000 -0.076006 -0.203868 -0.258727
    30 0.729362 0.000004 0.000003 -0.250341 -0.135455 -0.179419
    31 3.941981 0.050872 0.435162 0.216346 -0.007336 -0.093776
    32 1.539089 0.000008 0.000003 -0.605562 0.126574 -1.244849
    33 1.196316 0.000004 0.000005 0.000000 -0.000162 -0.332870
    34 3.880859 -0.047028 -0.427490 0.051056 0.262892 -0.068599
    35 1.719567 0.000023 0.000016 -0.461231 0.032293 -1.105404
    36 1.209175 0.000008 0.000005 0.175617 0.055179 -0.367832
    37 3.863493 -0.148186 -1.324350 -0.134961 0.400676 -0.397685
    38 1.719419 -0.000008 -0.000008 -0.082106 -0.002364 -0.236718
    39 1.099667 -0.000004 -0.000001 -0.188222 0.009149 -1.119494
    40 0.807129 -0.358887 -1.316406 1.243203 0.551773 -0.740643
    41 1.789783 -0.000002 -0.000002 -0.000009 0.003711 0.228604
    42 1.207001 0.000009 0.000000 -0.023897 -0.040066 0.269693
    43 3.775391 -5.484375 -0.527832 -2.248284 -0.133216 -1.641882
  time 62
    0 -0.000003 -13.531250 -29.421875 1.570788 0.000007 -0.000007
    1 0.000000 3.345131 -2.981898 1.570789 0.086301 1.570789
    2 4.015625 0.000003 0.000000 0.000000 0.000000 -0.029241
    3 3.520294 0.000005 -0.000006 0.000000 0.000000 0.100332
    4 8.929688 0.000001 0.000000 0.000000 0.000000 0.194095
    5 2.036086 0.993556 1.937663 2.219721 -1.208737 2.352780
    6 6.028159 -0.000069 0.000009 -1.809653 -0.605836 -0.671358
    7 11.692566 0.000046 0.000011 0.077514 0.053981 -1.710178
    8 11.481682 0.000088 -0.000031 0.633886 -0.450393 0.042348
    9 3.854313 -0.135628 -1.192206 -0.463114 0.223132 -0.621834
    10 1.312565 -0.000008 0.000000 -0.000002 0.054404 -0.409012
    11 0.729366 0.000002 -0.000002 -0.000001 0.040754 -0.240990
    12 3.938059 0.050853 -0.435186 -0.164011 0.092098 -0.767979
    13 1.539091 0.000008 -0.000002 0.000000 0.003737 -0.247812
    14 1.196321 0.000000 -0.000002 -0.000001 0.006168 -0.430818
    15 3.881376 -0.039219 0.427587 -0.242971 0.079448 -0.644292
    16 1.719578 0.000023 -0.000021 -0.007016 -0.057324 -0.332110
    17 1.209181 -0.000004 -0.000001 0.190316 0.107556 -0.377242
    18 3.863479 -0.132591 1.332139 0.321924 -0.137582 -0.511391
    19 1.719431 -0.000023 0.000019 -0.002839 -0.109559 -0.360117
    20 1.099676 0.000000 0.000006 0.066662 -0.088293 -0.369177
    21 0.807586 -0.343252 1.316677 -1.144970 -0.577151 -1.116630
    22 1.789787 0.000006 0.000006 0.037522 -0.116111 0.371340
    23 1.207012 0.000011 0.000000 0.127024 -0.033363 0.342655
    24 2.035156 0.997070 -1.937500 -1.667267 1.282923 2.944210
    25 6.028144 -0.000011 0.000002 1.574538 0.798378 -0.837183
    26 11.692577 0.000001 0.000004 -0.000520 -0.061174 -1.809856
    27 11.481657 0.000043 0.000019 -1.183866 0.520533 0.156054
    28 3.854334 -0.131699 1.199994 0.887977 0.041686 -0.500120
    29 1.312567 0.000000 0.000000 -0.076006 -0.203868 -0.258727
    30 0.729362 0.000004 0.000003 -0.250341 -0.135455 -0.179419
    31 3.941981 0.050872 0.435162 0.216346 -0.007336 -0.093776
    32 1.539089 0.000008 0.000003 -0.605562 0.126574 -1.244849
    33 1.196316 0.000004 0.000005 0.000000 -0.000162 -0.332870
    34 3.880859 -0.047028 -0.427490 0.051056 0.262892 -0.068599
    35 1.719567 0.000023 0.000016 -0.461231 0.032293 -1.105404
    36 1.209175 0.000008 0.000005 0.175617 0.055179 -0.367832
    37 3.867399 -0.148186 -1.324350 -0.134961 0.400676 -0.397685
    38 1.719419 -0.000008 -0.000008 -0.082106 -0.002364 -0.236718
    39 1.099667 -0.000004 -0.000001 -0.188222 0.009149 -1.119521
    40 0.807129 -0.358887 -1.316406 1.243203 0.551773 -0.740643
    41 1.789783 -0.000002 -0.000002 -0.000009 0.003711 0.228604
    42 1.207001 0.000009 0.000000 -0.023897 -0.040066 0.269693
    43 3.775391 -5.484375 -0.527832 -2.248284 -0.133216 -1.641882
  time 63
    0 -0.000003 -13.531250 -29.421875 1.570788 0.000007 -0.000007
    1 0.000000 3.345131 -2.981898 1.570789 0.086301 1.570789
    2 4.015625 0.000003 0.000000 0.000000 0.000000 -0.029241
    3 3.520294 0.000005 -0.000006 0.000000 0.000000 0.100332
    4 8.929688 0.000001 0.000000 0.000000 0.000000 0.194095
    5 2.036086 0.993556 1.937663 2.180570 -1.218228 2.389429
    6 6.028159 -0.000069 0.000009 -1.801075 -0.597520 -0.675636
    7 11.692566 0.000046 0.000011 0.074530 0.058769 -1.714418
    8 11.481682 0.000088 -0.000031 0.619135 -0.444944 0.074172
    9 3.854313 -0.135628 -1.192206 -0.454893 0.213592 -0.598468
    10 1.312565 -0.000008 0.000000 -0.000002 0.054404 -0.409012
    11 0.729366 0.000002 -0.000002 -0.000001 0.040754 -0.240990
    12 3.938059 0.050853 -0.435186 -0.156125 0.087819 -0.724526
    13 1.539091 0.000008 -0.000002 0.000000 0.003737 -0.247812
    14 1.196321 0.000000 -0.000002 -0.000001 0.006168 -0.430818
    15 3.881376 -0.039219 0.427587 -0.212961 0.071706 -0.599505
    16 1.719578 0.000023 -0.000021 -0.009904 -0.066959 -0.328369
    17 1.209181 -0.000004 -0.000001 0.203535 0.120427 -0.364036
    18 3.863479 -0.132591 1.332139 0.323039 -0.125281 -0.476721
    19 1.719431 -0.000023 0.000019 -0.002180 -0.108780 -0.357264
    20 1.099676 0.000000 0.000006 0.060574 -0.080407 -0.357828
    21 0.807586 -0.343252 1.320583 -1.149093 -0.575869 -1.102583
    22 1.789787 0.000006 0.000006 0.033303 -0.101051 0.358877
    23 1.207012 0.000011 0.000000 0.121882 -0.035017 0.333499
    24 2.035156 0.997070 -1.937500 -1.667267 1.282923 2.944210
    25 6.028144 -0.000011 0.000002 1.573675 0.797710 -0.837710
    26 11.692577 0.000001 0.000004 -0.000508 -0.061682 -1.810070
    27 11.481657 0.000043 0.000019 -1.183866 0.520519 0.156054
    28 3.858240 -0.131699 1.199994 0.887977 0.041686 -0.500120
    29 1.312567 0.000000 0.000000 -0.076006 -0.203868 -0.258727
    30 0.729362 0.000004 0.000003 -0.250341 -0.135455 -0.179419
    31 3.941981 0.050872 0.435162 0.216346 -0.007336 -0.093776
    32 1.539089 0.000008 0.000003 -0.605562 0.126574 -1.244849
    33 1.196316 0.000004 0.000005 0.000000 -0.000162 -0.332870
    34 3.880859 -0.047028 -0.427490 0.051056 0.262892 -0.068599
    35 1.719567 0.000023 0.000016 -0.461231 0.032293 -1.105404
    36 1.209175 0.000008 0.000005 0.175617 0.055179 -0.367832
    37 3.867399 -0.148186 -1.324350 -0.134961 0.400676 -0.397685
    38 1.719419 -0.000008 -0.000008 -0.082106 -0.002364 -0.236718
    39 1.099667 -0.000004 -0.000001 -0.188222 0.009149 -1.119494
    40 0.807129 -0.358887 -1.316406 1.243203 0.551773 -0.740643
    41 1.789783 -0.000002 -0.000002 -0.000009 0.003711 0.228604
    42 1.207001 0.000009 0.000000 -0.023897 -0.040066 0.269681
    43 3.775391 -5.484375 -0.527832 -2.248284 -0.133216 -1.641882
  time 64
    0 -0.000003 -13.531250 -29.421875 1.570788 0.000007 -0.000007
    1 0.000000 3.345131 -2.981898 1.570789 0.086301 1.570789
    2 4.015625 0.000003 0.000000 0.000000 0.000000 -0.029241
    3 3.520294 0.000005 -0.000006 0.000000 0.000000 0.100332
    4 8.929688 0.000001 0.000000 0.000000 0.000000 0.194095
    5 2.036086 0.993556 1.937663 2.132417 -1.228739 2.434605
    6 6.028159 -0.000069 0.000009 -1.790974 -0.589685 -0.680694
    7 11.692566 0.000046 0.000011 0.071031 0.064388 -1.719338
    8 11.481682 0.000088 -0.000031 0.602971 -0.438965 0.111152
    9 3.854313 -0.139534 -1.192206 -0.445173 0.202435 -0.571185
    10 1.312565 -0.000008 0.000000 -0.000002 0.054404 -0.409012
    11 0.729366 0.000002 -0.000002 -0.000001 0.040754 -0.240990
    12 3.938059 0.050853 -0.435186 -0.148407 0.082846 -0.673747
    13 1.539091 0.000008 -0.000002 0.000000 0.003737 -0.247812
    14 1.196321 0.000000 -0.000002 -0.000001 0.006168 -0.430818
    15 3.881376 -0.039219 0.427587 -0.178158 0.062586 -0.547272
    16 1.719578 0.000023 -0.000021 -0.013236 -0.078213 -0.325184
    17 1.209181 -0.000004 -0.000001 0.217665 0.133479 -0.352749
    18 3.863479 -0.132591 1.332139 0.324106 -0.112874 -0.436781
    19 1.719431 -0.000023 0.000019 -0.001617 -0.108121 -0.354827
    20 1.099676 0.000000 0.000006 0.053611 -0.071179 -0.346526
    21 0.807586 -0.343252 1.320583 -1.153779 -0.574215 -1.086204
    22 1.789787 0.000006 0.000006 0.028845 -0.086106 0.344315
    23 1.207012 0.000011 0.000000 0.115890 -0.036539 0.322821
    24 2.035156 0.997070 -1.937500 -1.667267 1.282923 2.944210
    25 6.028144 -0.000011 0.000002 1.572669 0.796892 -0.838322
    26 11.692577 0.000001 0.000004 -0.000496 -0.062292 -1.810338
    27 11.481657 0.000043 0.000019 -1.183866 0.520519 0.156054
    28 3.854334 -0.131699 1.199994 0.887977 0.041686 -0.500120
    29 1.312567 0.000000 0.000000 -0.076006 -0.203868 -0.258727
    30 0.729362 0.000004 0.000003 -0.250341 -0.135455 -0.179419
    31 3.938074 0.050872 0.435162 0.216346 -0.007336 -0.093776
    32 1.539089 0.000008 0.000003 -0.605562 0.126574 -1.244849
    33 1.196316 0.000004 0.000005 0.000000 -0.000162 -0.332870
    34 3.880859 -0.047028 -0.427490 0.051056 0.262892 -0.068599
    35 1.719567 0.000023 0.000016 -0.461231 0.032293 -1.105404
    36 1.209175 0.000008 0.000005 0.175617 0.055179 -0.367832
    37 3.867399 -0.148186 -1.324350 -0.134961 0.400676 -0.397685
    38 1.719419 -0.000008 -0.000008 -0.082106 -0.002364 -0.236718
    39 1.099667 -0.000004 -0.000001 -0.188222 0.009149 -1.119494
    40 0.807129 -0.358887 -1.316406 1.243203 0.551773 -0.740643
    41 1.789783 -0.000002 -0.000002 -0.000009 0.003711 0.228604
    42 1.207001 0.000009 0.000000 -0.023897 -0.040066 0.269693
    43 3.775391 -5.484375 -0.527832 -2.248284 -0.133216 -1.641882
  time 65
    0 -0.000003 -13.531250 -29.421875 1.570788 0.000007 -0.000007
    1 0.000000 3.345131 -2.981898 1.570789 0.086301 1.570789
    2 4.015625 0.000003 0.000000 0.000000 0.000000 -0.029241
    3 3.520294 0.000005 -0.000006 0.000000 0.000000 0.100332
    4 8.929688 0.000001 0.000000 0.000000 0.000000 0.194095
    5 2.036086 0.993556 1.937663 2.076210 -1.239537 2.487545
    6 6.028159 -0.000069 0.000009 -1.779745 -0.582429 -0.686303
    7 11.692566 0.000046 0.000011 0.067184 0.070572 -1.724729
    8 11.481682 0.000088 -0.000031 0.586078 -0.432192 0.151745
    9 3.858219 -0.135628 -1.192206 -0.434327 0.190079 -0.541109
    10 1.312565 -0.000008 0.000000 -0.000002 0.054404 -0.409012
    11 0.729366 0.000002 -0.000002 -0.000001 0.040754 -0.240990
    12 3.941966 0.050853 -0.435186 -0.140892 0.077357 -0.617723
    13 1.539091 0.000008 -0.000002 0.000000 0.003737 -0.247812
    14 1.196321 0.000000 -0.000002 -0.000001 0.006168 -0.430818
    15 3.881376 -0.039219 0.427587 -0.140011 0.052447 -0.489681
    16 1.719578 0.000023 -0.000021 -0.016903 -0.090629 -0.322517
    17 1.209181 -0.000004 -0.000001 0.232274 0.146362 -0.343408
    18 3.863479 -0.132591 1.332139 0.324932 -0.100694 -0.393085
    19 1.719431 -0.000023 0.000019 -0.001150 -0.107581 -0.352806
    20 1.099676 0.000000 0.000006 0.046013 -0.060992 -0.335548
    21 0.807586 -0.343252 1.320583 -1.158813 -0.572190 -1.068165
    22 1.789787 0.000006 0.000006 0.024291 -0.071608 0.328256
    23 1.207012 0.000011 0.000000 0.109286 -0.037917 0.311028
    24 2.035156 0.997070 -1.937500 -1.667267 1.282923 2.944210
    25 6.028144 -0.000011 0.000002 1.571554 0.796000 -0.839005
    26 11.692577 0.000001 0.000004 -0.000472 -0.062953 -1.810606
    27 11.481657 0.000043 0.000019 -1.183866 0.520519 0.156054
    28 3.854334 -0.131699 1.199994 0.887977 0.041686 -0.500120
    29 1.312567 0.000000 0.000000 -0.076006 -0.203868 -0.258727
    30 0.729362 0.000004 0.000003 -0.250341 -0.135455 -0.179419
    31 3.941981 0.050872 0.435162 0.216346 -0.007336 -0.093776
    32 1.539089 0.000008 0.000003 -0.605562 0.126574 -1.244849
    33 1.196316 0.000004 0.000005 0.000000 -0.000162 -0.332870
    34 3.880859 -0.047028 -0.427490 0.051056 0.262892 -0.068599
    35 1.719567 0.000023 0.000016 -0.461231 0.032293 -1.105404
    36 1.209175 0.000008 0.000005 0.175617 0.055179 -0.367832
    37 3.863493 -0.148186 -1.324350 -0.134961 0.400676 -0.397685
    38 1.719419 -0.000008 -0.000008 -0.082106 -0.002364 -0.236718
    39 1.099667 -0.000004 -0.000001 -0.188222 0.009149 -1.119494
    40 0.807129 -0.358887 -1.316406 1.243203 0.551773 -0.740643
    41 1.789783 -0.000002 -0.000002 -0.000009 0.003711 0.228604
    42 1.207001 0.000009 0.000000 -0.023897 -0.040066 0.269693
    43 3.775391 -5.484375 -0.527832 -2.248284 -0.133216 -1.641882
  time 66
    0 -0.000003 -13.531250 -29.421875 1.570788 0.000007 -0.000007
    1 0.000000 3.345131 -2.981898 1.570789 0.086301 1.570789
    2 4.015625 0.000003 0.000000 0.000000 0.000000 -0.029241
    3 3.520294 0.000005 -0.000006 0.000000 0.000000 0.100332
    4 8.929688 0.000001 0.000000 0.000000 0.000000 0.194095
    5 2.036086 0.993556 1.937663 2.013621 -1.249904 2.546598
    6 6.028159 -0.000069 0.000009 -1.767932 -0.575910 -0.692223
    7 11.692566 0.000046 0.000011 0.063145 0.077056 -1.730434
    8 11.481682 0.000088 -0.000031 0.569184 -0.424424 0.194045
    9 3.858219 -0.135628 -1.192206 -0.422786 0.177075 -0.509580
    10 1.312565 -0.000008 0.000000 -0.000002 0.054404 -0.409012
    11 0.729366 0.000002 -0.000002 -0.000001 0.040754 -0.240990
    12 3.941966 0.050853 -0.435186 -0.133642 0.071568 -0.558886
    13 1.539091 0.000008 -0.000002 0.000000 0.003737 -0.247812
    14 1.196321 0.000000 -0.000002 -0.000001 0.006168 -0.430818
    15 3.881376 -0.039219 0.427587 -0.100306 0.041721 -0.429269
    16 1.719578 0.000023 -0.000021 -0.020726 -0.103656 -0.320406
    17 1.209181 -0.000004 -0.000001 0.246860 0.158766 -0.335988
    18 3.863479 -0.132591 1.332139 0.325376 -0.089061 -0.347470
    19 1.719431 -0.000023 0.000019 -0.000778 -0.107150 -0.351231
    20 1.099676 0.000000 0.000006 0.038127 -0.050266 -0.325146
    21 0.807586 -0.343252 1.316677 -1.163906 -0.569841 -1.049279
    22 1.789787 0.000006 0.000006 0.019785 -0.057903 0.311406
    23 1.207012 0.000011 0.000000 0.102347 -0.039140 0.298648
    24 2.035156 0.997070 -1.937500 -1.667267 1.282923 2.944210
    25 6.028144 -0.000011 0.000002 1.570380 0.795084 -0.839712
    26 11.692577 0.000001 0.000004 -0.000460 -0.063652 -1.810874
    27 11.481657 0.000043 0.000019 -1.183866 0.520519 0.156054
    28 3.854334 -0.131699 1.199994 0.887977 0.041686 -0.500120
    29 1.312567 0.000000 0.000000 -0.076006 -0.203868 -0.258727
    30 0.729362 0.000004 0.000003 -0.250341 -0.135455 -0.179419
    31 3.941981 0.050872 0.435162 0.216346 -0.007336 -0.093776
    32 1.539089 0.000008 0.000003 -0.605562 0.126574 -1.244849
    33 1.196316 0.000004 0.000005 0.000000 -0.000162 -0.332870
    34 3.880859 -0.047028 -0.427490 0.051056 0.262892 -0.068599
    35 1.719567 0.000023 0.000016 -0.461231 0.032293 -1.105404
    36 1.209175 0.000008 0.000005 0.175617 0.055179 -0.367832
    37 3.867399 -0.148186 -1.324350 -0.134961 0.400676 -0.397685
    38 1.719419 -0.000008 -0.000008 -0.082106 -0.002364 -0.236718
    39 1.099667 -0.000004 -0.000001 -0.188222 0.009149 -1.119494
    40 0.807129 -0.358887 -1.316406 1.243203 0.551773 -0.740643
    41 1.789783 -0.000002 -0.000002 -0.000009 0.003711 0.228604
    42 1.207001 0.000009 0.000000 -0.023897 -0.040066 0.269693
    43 3.775391 -5.484375 -0.527832 -2.248284 -0.133216 -1.641882
  time 67
    0 -0.000003 -13.531250 -29.421875 1.570788 0.000007 -0.000007
    1 0.000000 3.345131 -2.981898 1.570789 0.086301 1.570789
    2 4.015625 0.000003 0.000000 0.000000 0.000000 -0.029241
    3 3.520294 0.000005 -0.000006 0.000000 0.000000 0.100332
    4 8.929688 0.000001 0.000000 0.000000 0.000000 0.194095
    5 2.036086 0.993556 1.937663 1.947463 -1.259168 2.609227
    6 6.028159 -0.000069 0.000009 -1.756101 -0.570163 -0.698143
    7 11.692566 0.000046 0.000011 0.059094 0.083556 -1.736139
    8 11.481682 0.000088 -0.000031 0.552972 -0.415596 0.236018
    9 3.858219 -0.135628 -1.192206 -0.411089 0.164000 -0.478106
    10 1.312565 -0.000008 0.000000 -0.000002 0.054404 -0.409012
    11 0.729366 0.000002 -0.000002 -0.000001 0.040754 -0.240990
    12 3.938059 0.050853 -0.435186 -0.126775 0.065756 -0.500049
    13 1.539091 0.000008 -0.000002 0.000000 0.003737 -0.247812
    14 1.196321 0.000000 -0.000002 -0.000001 0.006168 -0.430818
    15 3.881376 -0.039219 0.427587 -0.060925 0.030947 -0.368886
    16 1.719578 0.000023 -0.000021 -0.024549 -0.116683 -0.318813
    17 1.209181 -0.000004 -0.000001 0.260882 0.170307 -0.330357
    18 3.863479 -0.132591 1.332139 0.325352 -0.078278 -0.302072
    19 1.719431 -0.000023 0.000019 -0.000502 -0.106814 -0.350012
    20 1.099676 0.000000 0.000006 0.030289 -0.039528 -0.315594
    21 0.807586 -0.343252 1.316677 -1.168808 -0.567264 -1.030429
    22 1.789787 0.000006 0.000006 0.015482 -0.045339 0.294555
    23 1.207012 0.000011 0.000000 0.095408 -0.040183 0.286268
    24 2.035156 0.997070 -1.937500 -1.667267 1.282923 2.944210
    25 6.028144 -0.000011 0.000002 1.569217 0.794142 -0.840419
    26 11.692577 0.000001 0.000004 -0.000436 -0.064350 -1.811195
    27 11.481657 0.000043 0.000019 -1.183866 0.520519 0.156054
    28 3.854334 -0.131699 1.199994 0.887977 0.041686 -0.500120
    29 1.312567 0.000000 0.000000 -0.076006 -0.203868 -0.258727
    30 0.729362 0.000004 0.000003 -0.250341 -0.135455 -0.179419
    31 3.941981 0.050872 0.435162 0.216346 -0.007336 -0.093776
    32 1.539089 0.000008 0.000003 -0.605562 0.126574 -1.244849
    33 1.196316 0.000004 0.000005 0.000000 -0.000162 -0.332870
    34 3.880859 -0.047028 -0.427490 0.051056 0.262892 -0.068599
    35 1.719567 0.000023 0.000016 -0.461231 0.032293 -1.105404
    36 1.209175 0.000008 0.000005 0.175617 0.055179 -0.367832
    37 3.863493 -0.148186 -1.324350 -0.134961 0.400676 -0.397685
    38 1.719419 -0.000008 -0.000008 -0.082106 -0.002364 -0.236718
    39 1.099667 -0.000004 -0.000001 -0.188222 0.009149 -1.119494
    40 0.807129 -0.358887 -1.316406 1.243203 0.551773 -0.740643
    41 1.789783 -0.000002 -0.000002 -0.000009 0.003711 0.228604
    42 1.207001 0.000009 0.000000 -0.023897 -0.040066 0.269693
    43 3.775391 -5.484375 -0.527832 -2.248284 -0.133216 -1.641882
  time 68
    0 -0.000003 -13.531250 -29.421875 1.570788 0.000007 -0.000007
    1 0.000000 3.345131 -2.981898 1.570789 0.086301 1.570789
    2 4.015625 0.000003 0.000000 0.000000 0.000000 -0.029241
    3 3.520294 0.000005 -0.000006 0.000000 0.000000 0.100332
    4 8.929688 0.000001 0.000000 0.000000 0.000000 0.194095
    5 2.036086 0.993556 1.937663 1.881142 -1.266874 2.672131
    6 6.028159 -0.000069 0.000009 -1.744815 -0.565250 -0.703788
    7 11.692566 0.000046 0.000011 0.055247 0.089741 -1.741583
    8 11.481682 0.000088 -0.000031 0.538269 -0.405825 0.275625
    9 3.858219 -0.135628 -1.192206 -0.399812 0.151476 -0.448166
    10 1.312565 -0.000008 0.000000 -0.000002 0.054404 -0.409012
    11 0.729366 0.000002 -0.000002 -0.000001 0.040754 -0.240990
    12 3.938059 0.050853 -0.435186 -0.120447 0.060159 -0.443967
    13 1.539091 0.000008 -0.000002 0.000000 0.003737 -0.247812
    14 1.196321 0.000000 -0.000002 -0.000001 0.006168 -0.430818
    15 3.881376 -0.039219 0.427587 -0.023713 0.020640 -0.311351
    16 1.719578 0.000023 -0.000021 -0.028193 -0.129099 -0.317628
    17 1.209181 -0.000004 -0.000001 0.273837 0.180686 -0.326258
    18 3.863479 -0.132591 1.332139 0.324885 -0.068620 -0.258943
    19 1.719431 -0.000023 0.000019 -0.000299 -0.106575 -0.349121
    20 1.099676 0.000000 0.000006 0.022859 -0.029293 -0.307109
    21 0.807586 -0.343252 1.320583 -1.173290 -0.564603 -1.012528
    22 1.789787 0.000006 0.000006 0.011527 -0.034180 0.278508
    23 1.207012 0.000011 0.000000 0.088793 -0.041045 0.274475
    24 2.035156 0.997070 -1.937500 -1.667267 1.282923 2.944210
    25 6.028144 -0.000011 0.000002 1.568114 0.793250 -0.841090
    26 11.692577 0.000001 0.000004 -0.000424 -0.065011 -1.811463
    27 11.481657 0.000043 0.000019 -1.183866 0.520519 0.156054
    28 3.854334 -0.131699 1.199994 0.887977 0.041686 -0.500120
    29 1.312567 0.000000 0.000000 -0.076006 -0.203868 -0.258727
    30 0.729362 0.000004 0.000003 -0.250341 -0.135455 -0.179419
    31 3.941981 0.050872 0.435162 0.216346 -0.007336 -0.093776
    32 1.539089 0.000008 0.000003 -0.605562 0.126574 -1.244849
    33 1.196316 0.000004 0.000005 0.000000 -0.000162 -0.332870
    34 3.880859 -0.047028 -0.427490 0.051056 0.262892 -0.068599
    35 1.719567 0.000023 0.000016 -0.461231 0.032293 -1.105404
    36 1.209175 0.000008 0.000005 0.175617 0.055179 -0.367832
    37 3.863493 -0.148186 -1.324350 -0.134961 0.400676 -0.397685
    38 1.719419 -0.000008 -0.000008 -0.082106 -0.002364 -0.236718
    39 1.099667 -0.000004 -0.000001 -0.188222 0.009149 -1.119494
    40 0.807129 -0.358887 -1.316406 1.243203 0.551773 -0.740643
    41 1.789783 -0.000002 -0.000002 -0.000009 0.003711 0.228604
    42 1.207001 0.000009 0.000000 -0.023897 -0.040066 0.269693
    43 3.775391 -5.484375 -0.527832 -2.248284 -0.133216 -1.641882
  time 69
    0 -0.000003 -13.531250 -29.421875 1.570788 0.000007 -0.000007
    1 0.000000 3.345131 -2.981898 1.570789 0.086301 1.570789
    2 4.015625 0.000003 0.000000 0.000000 0.000000 -0.029241
    3 3.520294 0.000005 -0.000006 0.000000 0.000000 0.100332
    4 8.929688 0.000001 0.000000 0.000000 0.000000 0.194095
    5 2.036086 0.993556 1.937663 1.818520 -1.272830 2.731643
    6 6.028159 -0.000069 0.000009 -1.734582 -0.561236 -0.708918
    7 11.692566 0.000046 0.000011 0.051747 0.095343 -1.746503
    8 11.481682 0.000088 -0.000031 0.525514 -0.395308 0.311078
    9 3.858219 -0.135628 -1.192206 -0.389469 0.140067 -0.421075
    10 1.312565 -0.000008 0.000000 -0.000002 0.054404 -0.409012
    11 0.729366 0.000002 -0.000002 -0.000001 0.040754 -0.240990
    12 3.938059 0.050853 -0.435186 -0.114826 0.055017 -0.393158
    13 1.539091 0.000008 -0.000002 0.000000 0.003737 -0.247812
    14 1.196321 0.000000 -0.000002 -0.000001 0.006168 -0.430818
    15 3.881376 -0.039219 0.427587 0.009760 0.011292 -0.259231
    16 1.719578 0.000023 -0.000021 -0.031477 -0.140341 -0.316850
    17 1.209181 -0.000004 -0.000001 0.285270 0.189650 -0.323482
    18 3.863479 -0.132591 1.332139 0.324094 -0.060267 -0.219976
    19 1.719431 -0.000023 0.000019 -0.000155 -0.106419 -0.348526
    20 1.099676 0.000000 0.000006 0.016171 -0.020005 -0.299858
    21 0.807586 -0.343252 1.316677 -1.177197 -0.562027 -0.996348
    22 1.789787 0.000006 0.000006 0.008052 -0.024674 0.263959
    23 1.207012 0.000011 0.000000 0.082801 -0.041741 0.263785
    24 2.035156 0.997070 -1.937500 -1.667267 1.282923 2.944210
    25 6.028144 -0.000011 0.000002 1.567108 0.792458 -0.841701
    26 11.692577 0.000001 0.000004 -0.000412 -0.065608 -1.811677
    27 11.481657 0.000043 0.000019 -1.183866 0.520519 0.156054
    28 3.854334 -0.131699 1.199994 0.887977 0.041686 -0.500120
    29 1.312567 0.000000 0.000000 -0.076006 -0.203868 -0.258727
    30 0.729362 0.000004 0.000003 -0.250341 -0.135455 -0.179419
    31 3.938074 0.050872 0.435162 0.216346 -0.007336 -0.093776
    32 1.539089 0.000008 0.000003 -0.605562 0.126574 -1.244879
    33 1.196316 0.000004 0.000005 0.000000 -0.000162 -0.332870
    34 3.880859 -0.047028 -0.427490 0.051056 0.262892 -0.068599
    35 1.719567 0.000023 0.000016 -0.461231 0.032293 -1.105426
    36 1.209175 0.000008 0.000005 0.175617 0.055179 -0.367832
    37 3.863493 -0.148186 -1.324350 -0.134961 0.400676 -0.397685
    38 1.719419 -0.000008 -0.000008 -0.082106 -0.002364 -0.236718
    39 1.099667 -0.000004 -0.000001 -0.188222 0.009149 -1.119494
    40 0.807129 -0.358887 -1.316406 1.243203 0.551773 -0.740643
    41 1.789783 -0.000002 -0.000002 -0.000009 0.003711 0.228604
    42 1.207001 0.000009 0.000000 -0.023897 -0.040066 0.269693
    43 3.775391 -5.484375 -0.527832 -2.248284 -0.133216 -1.641882
  time 70
    0 -0.000003 -13.531250 -29.421875 1.570788 0.000007 -0.000007
    1 0.000000 3.345131 -2.981898 1.570789 0.086301 1.570789
    2 4.015625 0.000003 0.000000 0.000000 0.000000 -0.029241
    3 3.520294 0.000005 -0.000006 0.000000 0.000000 0.100332
    4 8.929688 0.000001 0.000000 0.000000 0.000000 0.194095
    5 2.036086 0.993556 1.937663 1.763100 -1.277133 2.784369
    6 6.028159 -0.000069 0.000009 -1.725817 -0.558057 -0.713304
    7 11.692566 0.000046 0.000011 0.048763 0.100148 -1.750743
    8 11.481682 0.000088 -0.000031 0.515193 -0.384311 0.340997
    9 3.854313 -0.135628 -1.192206 -0.380529 0.130240 -0.397929
    10 1.312565 -0.000008 0.000000 -0.000002 0.054404 -0.409012
    11 0.729366 0.000002 -0.000002 -0.000001 0.040754 -0.240990
    12 3.941966 0.050853 -0.435186 -0.110068 0.050547 -0.349617
    13 1.539091 0.000008 -0.000002 0.000000 0.003737 -0.247812
    14 1.196321 0.000000 -0.000002 -0.000001 0.006168 -0.430818
    15 3.881376 -0.039219 0.427587 0.038236 0.003274 -0.214586
    16 1.719578 0.000023 -0.000021 -0.034293 -0.149988 -0.316332
    17 1.209181 -0.000004 -0.000001 0.294882 0.197021 -0.321743
    18 3.863479 -0.132591 1.332139 0.323123 -0.053403 -0.186711
    19 1.719431 -0.000023 0.000019 -0.000071 -0.106311 -0.348140
    20 1.099676 0.000000 0.000006 0.010455 -0.012047 -0.293950
    21 0.807586 -0.343252 1.320583 -1.180421 -0.559690 -0.982539
    22 1.789787 0.000006 0.000006 0.005151 -0.016921 0.251495
    23 1.207012 0.000011 0.000000 0.077671 -0.042280 0.254628
    24 2.035156 0.997070 -1.937500 -1.667267 1.282923 2.944210
    25 6.028144 -0.000011 0.000002 1.566257 0.791764 -0.842229
    26 11.692577 0.000001 0.000004 -0.000400 -0.066129 -1.811892
    27 11.481657 0.000043 0.000019 -1.183866 0.520519 0.156054
    28 3.858240 -0.131699 1.199994 0.887977 0.041686 -0.500120
    29 1.312567 0.000000 0.000000 -0.076006 -0.203868 -0.258727
    30 0.729362 0.000004 0.000003 -0.250341 -0.135455 -0.179419
    31 3.941981 0.050872 0.435162 0.216346 -0.007336 -0.093776
    32 1.539089 0.000008 0.000003 -0.605562 0.126574 -1.244849
    33 1.196316 0.000004 0.000005 0.000000 -0.000162 -0.332870
    34 3.880859 -0.047028 -0.427490 0.051056 0.262892 -0.068599
    35 1.719567 0.000023 0.000016 -0.461231 0.032293 -1.105404
    36 1.209175 0.000008 0.000005 0.175617 0.055179 -0.367832
    37 3.867399 -0.148186 -1.324350 -0.134961 0.400676 -0.397685
    38 1.719419 -0.000008 -0.000008 -0.082106 -0.002364 -0.236718
    39 1.099667 -0.000004 -0.000001 -0.188222 0.009149 -1.119494
    40 0.807129 -0.358887 -1.316406 1.243203 0.551773 -0.740643
    41 1.789783 -0.000002 -0.000002 -0.000009 0.003711 0.228604
    42 1.207001 0.000009 0.000000 -0.023897 -0.040066 0.269693
    43 3.775391 -5.484375 -0.527832 -2.248284 -0.133216 -1.641882
  time 71
    0 -0.000003 -13.531250 -29.421875 1.570788 0.000007 -0.000007
    1 0.000000 3.345131 -2.981898 1.570789 0.086301 1.570789
    2 4.015625 0.000003 0.000000 0.000000 0.000000 -0.029241
    3 3.520294 0.000005 -0.000006 0.000000 0.000000 0.100332
    4 8.929688 0.000001 0.000000 0.000000 0.000000 0.194095
    5 2.036086 0.993556 1.937663 1.717827 -1.279997 2.827467
    6 6.028159 -0.000069 0.000009 -1.718801 -0.555713 -0.716815
    7 11.692566 0.000046 0.000011 0.046378 0.103988 -1.754093
    8 11.481682 0.000088 -0.000031 0.507452 -0.373098 0.364430
    9 3.858219 -0.135628 -1.192206 -0.373314 0.122354 -0.379439
    10 1.312565 -0.000008 0.000000 -0.000002 0.054404 -0.409012
    11 0.729366 0.000002 -0.000002 -0.000001 0.040754 -0.240990
    12 3.938059 0.050853 -0.435186 -0.106305 0.046940 -0.314865
    13 1.539091 0.000008 -0.000002 0.000000 0.003737 -0.247812
    14 1.196321 0.000000 -0.000002 -0.000001 0.006168 -0.430818
    15 3.881376 -0.039219 0.427587 0.060863 -0.003126 -0.178908
    16 1.719578 0.000023 -0.000021 -0.036534 -0.157683 -0.316035
    17 1.209181 -0.000004 -0.000001 0.302420 0.202714 -0.320757
    18 3.863479 -0.132591 1.332139 0.322152 -0.048072 -0.160174
    19 1.719431 -0.000023 0.000019 -0.000023 -0.106251 -0.347932
    20 1.099676 0.000000 0.000006 0.005900 -0.005695 -0.289432
    21 0.807586 -0.343252 1.320583 -1.182914 -0.557736 -0.971524
    22 1.789787 0.000006 0.000006 0.002874 -0.011002 0.241535
    23 1.207012 0.000011 0.000000 0.073572 -0.042663 0.247318
    24 2.035156 0.997070 -1.937500 -1.667267 1.282923 2.944210
    25 6.028144 -0.000011 0.000002 1.565574 0.791219 -0.842648
    26 11.692577 0.000001 0.000004 -0.000388 -0.066536 -1.812106
    27 11.481657 0.000043 0.000019 -1.183866 0.520519 0.156054
    28 3.854334 -0.131699 1.199994 0.887977 0.041686 -0.500120
    29 1.312567 0.000000 0.000000 -0.076006 -0.203868 -0.258727
    30 0.729362 0.000004 0.000003 -0.250341 -0.135455 -0.179419
    31 3.941981 0.050872 0.435162 0.216346 -0.007336 -0.093776
    32 1.539089 0.000008 0.000003 -0.605562 0.126574 -1.244849
    33 1.196316 0.000004 0.000005 0.000000 -0.000162 -0.332870
    34 3.880859 -0.047028 -0.427490 0.051056 0.262892 -0.068599
    35 1.719567 0.000023 0.000016 -0.461231 0.032293 -1.105404
    36 1.209175 0.000008 0.000005 0.175617 0.055179 -0.367832
    37 3.863493 -0.148186 -1.324350 -0.134961 0.400676 -0.397685
    38 1.719419 -0.000008 -0.000008 -0.082106 -0.002364 -0.236718
    39 1.099667 -0.000004 -0.000001 -0.188222 0.009149 -1.119494
    40 0.807129 -0.358887 -1.316406 1.243203 0.551773 -0.740643
    41 1.789783 -0.000002 -0.000002 -0.000009 0.003711 0.228604
    42 1.207001 0.000009 0.000000 -0.023897 -0.040066 0.269693
    43 3.775391 -5.484375 -0.527832 -2.248284 -0.133216 -1.641882
  time 72
    0 -0.000003 -13.531250 -29.421875 1.570788 0.000007 -0.000007
    1 0.000000 3.345131 -2.981898 1.570789 0.086301 1.570789
    2 4.015625 0.000003 0.000000 0.000000 0.000000 -0.029241
    3 3.520294 0.000005 -0.000006 0.000000 0.000000 0.100332
    4 8.929688 0.000001 0.000000 0.000000 0.000000 0.194095
    5 2.036086 0.993556 1.937663 1.684601 -1.281747 2.859133
    6 6.028159 -0.000069 0.000009 -1.713722 -0.554108 -0.719368
    7 11.692566 0.000046 0.000011 0.044641 0.106748 -1.756500
    8 11.481682 0.000088 -0.000031 0.502194 -0.361902 0.380835
    9 3.858219 -0.135628 -1.192206 -0.368077 0.116625 -0.366126
    10 1.312565 -0.000008 0.000000 -0.000002 0.054404 -0.409012
    11 0.729366 0.000002 -0.000002 -0.000001 0.040754 -0.240990
    12 3.938059 0.050853 -0.435186 -0.103608 0.044303 -0.289725
    13 1.539091 0.000008 -0.000002 0.000000 0.003737 -0.247812
    14 1.196321 0.000000 -0.000002 -0.000001 0.006168 -0.430818
    15 3.881376 -0.039219 0.427587 0.077150 -0.007740 -0.153130
    16 1.719578 0.000023 -0.000021 -0.038164 -0.163255 -0.315924
    17 1.209181 -0.000004 -0.000001 0.307801 0.206717 -0.320290
    18 3.863479 -0.132591 1.332139 0.321337 -0.044321 -0.141042
    19 1.719431 -0.000023 0.000019 0.000001 -0.106227 -0.347843
    20 1.099676 0.000000 0.000006 0.002617 -0.001093 -0.286280
    21 0.807586 -0.343252 1.320583 -1.184663 -0.556286 -0.963577
    22 1.789787 0.000006 0.000006 0.001256 -0.006870 0.234345
    23 1.207012 0.000011 0.000000 0.070600 -0.042915 0.242032
    24 2.035156 0.997070 -1.937500 -1.667267 1.282923 2.944210
    25 6.028144 -0.000011 0.000002 1.565070 0.790823 -0.842948
    26 11.692577 0.000001 0.000004 -0.000376 -0.066828 -1.812213
    27 11.481657 0.000043 0.000019 -1.183866 0.520519 0.156054
    28 3.854334 -0.131699 1.199994 0.887977 0.041686 -0.500120
    29 1.312567 0.000000 0.000000 -0.076006 -0.203868 -0.258727
    30 0.729362 0.000004 0.000003 -0.250341 -0.135455 -0.179419
    31 3.941981 0.050872 0.435162 0.216346 -0.007336 -0.093776
    32 1.539089 0.000008 0.000003 -0.605562 0.126574 -1.244849
    33 1.196316 0.000004 0.000005 0.000000 -0.000162 -0.332870
    34 3.880859 -0.047028 -0.427490 0.051056 0.262892 -0.068599
    35 1.719567 0.000023 0.000016 -0.461231 0.032293 -1.105404
    36 1.209175 0.000008 0.000005 0.175617 0.055179 -0.367832
    37 3.867399 -0.148186 -1.324350 -0.134961 0.400676 -0.397685
    38 1.719419 -0.000008 -0.000008 -0.082106 -0.002364 -0.236718
    39 1.099667 -0.000004 -0.000001 -0.188222 0.009149 -1.119494
    40 0.807129 -0.358887 -1.316406 1.243203 0.551773 -0.740643
    41 1.789783 -0.000002 -0.000002 -0.000009 0.003711 0.228604
    42 1.207001 0.000009 0.000000 -0.023897 -0.040066 0.269693
    43 3.775391 -5.484375 -0.527832 -2.248284 -0.133216 -1.641882
  time 73
    0 -0.000003 -13.531250 -29.421875 1.570788 0.000007 -0.000007
    1 0.000000 3.345131 -2.981898 1.570789 0.086301 1.570789
    2 4.015625 0.000003 0.000000 0.000000 0.000000 -0.029241
    3 3.520294 0.000005 -0.000006 0.000000 0.000000 0.100332
    4 8.929688 0.000001 0.000000 0.000000 0.000000 0.194095
    5 2.036086 0.993556 1.937663 1.664502 -1.282658 2.878267
    6 6.028159 -0.000069 0.000009 -1.710675 -0.553209 -0.720890
    7 11.692566 0.000046 0.000011 0.043610 0.108427 -1.757966
    8 11.481682 0.000088 -0.000031 0.499322 -0.350822 0.390030
    9 3.854313 -0.135628 -1.192206 -0.364925 0.113185 -0.358128
    10 1.312565 -0.000008 0.000000 -0.000002 0.054404 -0.409012
    11 0.729366 0.000002 -0.000002 -0.000001 0.040754 -0.240990
    12 3.938059 0.050853 -0.435186 -0.102014 0.042709 -0.274664
    13 1.539091 0.000008 -0.000002 0.000000 0.003737 -0.247812
    14 1.196321 0.000000 -0.000002 -0.000001 0.006168 -0.430818
    15 3.881376 -0.039219 0.427587 0.086893 -0.010508 -0.137647
    16 1.719578 0.000023 -0.000021 -0.039135 -0.166587 -0.315850
    17 1.209181 -0.000004 -0.000001 0.310989 0.209054 -0.320135
    18 3.863479 -0.132591 1.332139 0.320810 -0.042119 -0.129584
    19 1.719431 -0.000023 0.000019 0.000001 -0.106227 -0.347813
    20 1.099676 0.000000 0.000006 0.000639 0.001664 -0.284446
    21 0.807586 -0.343252 1.320583 -1.185694 -0.555399 -0.958825
    22 1.789787 0.000006 0.000006 0.000310 -0.004472 0.230030
    23 1.207012 0.000011 0.000000 0.068826 -0.043059 0.238857
    24 2.035156 0.997070 -1.937500 -1.667267 1.282923 2.944210
    25 6.028144 -0.000011 0.000002 1.564783 0.790575 -0.843127
    26 11.692577 0.000001 0.000004 -0.000376 -0.067006 -1.812267
    27 11.481657 0.000043 0.000019 -1.183866 0.520533 0.156054
    28 3.854334 -0.131699 1.199994 0.887977 0.041686 -0.500120
    29 1.312567 0.000000 0.000000 -0.076006 -0.203868 -0.258727
    30 0.729362 0.000004 0.000003 -0.250341 -0.135455 -0.179419
    31 3.941981 0.050872 0.435162 0.216346 -0.007336 -0.093776
    32 1.539089 0.000008 0.000003 -0.605562 0.126574 -1.244879
    33 1.196316 0.000004 0.000005 0.000000 -0.000162 -0.332870
    34 3.880859 -0.047028 -0.427490 0.051056 0.262892 -0.068599
    35 1.719567 0.000023 0.000016 -0.461231 0.032293 -1.105404
    36 1.209175 0.000008 0.000005 0.175617 0.055179 -0.367832
    37 3.867399 -0.148186 -1.324350 -0.134961 0.400676 -0.397685
    38 1.719419 -0.000008 -0.000008 -0.082106 -0.002364 -0.236718
    39 1.099667 -0.000004 -0.000001 -0.188222 0.009149 -1.119494
    40 0.807129 -0.358887 -1.316406 1.243203 0.551773 -0.740643
    41 1.789783 -0.000002 -0.000002 -0.000009 0.003711 0.228604
    42 1.207001 0.000009 0.000000 -0.023897 -0.040066 0.269693
    43 3.775391 -5.484375 -0.527832 -2.248284 -0.133216 -1.641882
  time 74
    0 -0.000003 -13.531250 -29.421875 1.570788 0.000007 -0.000007
    1 0.000000 3.345131 -2.981898 1.570789 0.086301 1.570789
    2 4.015625 0.000003 0.000000 0.000000 0.000000 -0.029241
    3 3.520294 0.000005 -0.000006 0.000000 0.000000 0.100332
    4 8.929688 0.000001 0.000000 0.000000 0.000000 0.194095
    5 2.036086 0.993556 1.937663 1.657824 -1.282945 2.884655
    6 6.028159 -0.000069 0.000009 -1.709659 -0.552920 -0.721394
    7 11.692566 0.000046 0.000011 0.043262 0.108976 -1.758489
    8 11.481682 0.000088 -0.000031 0.498591 -0.339941 0.392083
    9 3.854313 -0.135628 -1.192206 -0.363882 0.112047 -0.355498
    10 1.312565 -0.000008 0.000000 -0.000002 0.054404 -0.409012
    11 0.729366 0.000002 -0.000002 -0.000001 0.040754 -0.240990
    12 3.938059 0.050853 -0.435186 -0.101499 0.042182 -0.269683
    13 1.539091 0.000008 -0.000002 0.000000 0.003737 -0.247812
    14 1.196321 0.000000 -0.000002 -0.000001 0.006168 -0.430818
    15 3.881376 -0.039219 0.427587 0.090105 -0.011419 -0.132542
    16 1.719578 0.000023 -0.000021 -0.039458 -0.167702 -0.315850
    17 1.209181 -0.000004 -0.000001 0.312032 0.209821 -0.320109
    18 3.863479 -0.132591 1.332139 0.320642 -0.041405 -0.125801
    19 1.719431 -0.000023 0.000019 0.000001 -0.106227 -0.347813
    20 1.099676 0.000000 0.000006 0.000004 0.002586 -0.283859
    21 0.807586 -0.343252 1.320583 -1.186042 -0.555100 -0.957240
    22 1.789787 0.000006 0.000006 -0.000002 -0.003712 0.228604
    23 1.207012 0.000011 0.000000 0.068239 -0.043107 0.237802
    24 2.035156 0.997070 -1.937500 -1.667267 1.282923 2.944210
    25 6.028144 -0.000011 0.000002 1.564687 0.790501 -0.843187
    26 11.692577 0.000001 0.000004 -0.000376 -0.067070 -1.812320
    27 11.481657 0.000043 0.000019 -1.183866 0.520519 0.156054
    28 3.854334 -0.131699 1.199994 0.887977 0.041686 -0.500120
    29 1.312567 0.000000 0.000000 -0.076006 -0.203868 -0.258727
    30 0.729362 0.000004 0.000003 -0.250341 -0.135455 -0.179419
    31 3.941981 0.050872 0.435162 0.216346 -0.007336 -0.093776
    32 1.539089 0.000008 0.000003 -0.605562 0.126574 -1.244849
    33 1.196316 0.000004 0.000005 0.000000 -0.000162 -0.332870
    34 3.880859 -0.047028 -0.427490 0.051056 0.262892 -0.068599
    35 1.719567 0.000023 0.000016 -0.461231 0.032293 -1.105404
    36 1.209175 0.000008 0.000005 0.175617 0.055179 -0.367832
    37 3.867399 -0.148186 -1.324350 -0.134961 0.400676 -0.397685
    38 1.719419 -0.000008 -0.000008 -0.082106 -0.002364 -0.236718
    39 1.099667 -0.000004 -0.000001 -0.188222 0.009149 -1.119494
    40 0.807129 -0.358887 -1.316406 1.243203 0.551773 -0.740643
    41 1.789783 -0.000002 -0.000002 -0.000009 0.003711 0.228604
    42 1.207001 0.000009 0.000000 -0.023897 -0.040066 0.269693
    43 3.775391 -5.484375 -0.527832 -2.248284 -0.133216 -1.641882
  time 75
    0 -0.000003 -13.531250 -29.421875 1.570788 0.000007 -0.000007
    1 0.000000 3.345131 -2.981898 1.570789 0.086301 1.570789
    2 4.015625 0.000003 0.000000 0.000000 0.000000 -0.029241
    3 3.520294 0.000005 -0.000006 0.000000 0.000000 0.100332
    4 8.929688 0.000001 0.000000 0.000000 0.000000 0.194095
    5 2.036086 0.993556 1.937663 1.660508 -1.282825 2.882088
    6 6.028159 -0.000069 0.000009 -1.710035 -0.553755 -0.720914
    7 11.692566 0.000046 0.000011 0.043430 0.108743 -1.756762
    8 11.481682 0.000088 -0.000031 0.498932 -0.328877 0.389275
    9 3.858219 -0.135628 -1.192206 -0.363882 0.112047 -0.355498
    10 1.312565 -0.000008 0.000000 -0.000002 0.054404 -0.409012
    11 0.729366 0.000002 -0.000002 -0.000001 0.040754 -0.240990
    12 3.941966 0.050853 -0.435186 -0.101499 0.042182 -0.269683
    13 1.539091 0.000008 -0.000002 0.000000 0.003737 -0.247812
    14 1.196321 0.000000 -0.000002 -0.000001 0.006168 -0.430818
    15 3.881376 -0.039219 0.427587 0.090105 -0.011419 -0.132542
    16 1.719578 0.000023 -0.000021 -0.039458 -0.167702 -0.315850
    17 1.209181 -0.000004 -0.000001 0.312032 0.209821 -0.320109
    18 3.867386 -0.132591 1.332139 0.320642 -0.041405 -0.125801
    19 1.719431 -0.000023 0.000019 0.000001 -0.106227 -0.347813
    20 1.099676 0.000000 0.000006 0.000004 0.002586 -0.283859
    21 0.807586 -0.343252 1.320583 -1.186042 -0.555100 -0.957240
    22 1.789787 0.000006 0.000006 -0.000002 -0.003712 0.228604
    23 1.207012 0.000011 0.000000 0.068239 -0.043107 0.237802
    24 2.035156 0.997070 -1.937500 -1.667267 1.282923 2.944210
    25 6.028144 -0.000011 0.000002 1.564687 0.790501 -0.843187
    26 11.692577 0.000001 0.000004 -0.000376 -0.067070 -1.812320
    27 11.481657 0.000043 0.000019 -1.183866 0.520519 0.156054
    28 3.854334 -0.131699 1.199994 0.887977 0.041686 -0.500120
    29 1.312567 0.000000 0.000000 -0.076006 -0.203868 -0.258727
    30 0.729362 0.000004 0.000003 -0.250341 -0.135455 -0.179419
    31 3.941981 0.050872 0.435162 0.216346 -0.007336 -0.093776
    32 1.539089 0.000008 0.000003 -0.605562 0.126574 -1.244849
    33 1.196316 0.000004 0.000005 0.000000 -0.000162 -0.332870
    34 3.880859 -0.047028 -0.427490 0.051056 0.262892 -0.068599
    35 1.719567 0.000023 0.000016 -0.461231 0.032293 -1.105404
    36 1.209175 0.000008 0.000005 0.175617 0.055179 -0.367832
    37 3.867399 -0.148186 -1.324350 -0.134961 0.400676 -0.397685
    38 1.719419 -0.000008 -0.000008 -0.082106 -0.002364 -0.236718
    39 1.099667 -0.000004 -0.000001 -0.188222 0.009149 -1.119494
    40 0.807129 -0.358887 -1.316406 1.243203 0.551773 -0.740643
    41 1.789783 -0.000002 -0.000002 -0.000009 0.003711 0.228604
    42 1.207001 0.000009 0.000000 -0.023897 -0.040066 0.269693
    43 3.775391 -5.484375 -0.527832 -2.248284 -0.133216 -1.641882
  time 76
    0 -0.000003 -13.531250 -29.421875 1.570788 0.000007 -0.000007
    1 0.000000 3.345131 -2.981898 1.570789 0.086301 1.570789
    2 4.015625 0.000003 0.000000 0.000000 0.000000 -0.029241
    3 3.520294 0.000005 -0.000006 0.000000 0.000000 0.100332
    4 8.929688 0.000001 0.000000 0.000000 0.000000 0.194095
    5 2.036086 0.993556 1.937663 1.668659 -1.282478 2.874324
    6 6.028159 -0.000069 0.000009 -1.711202 -0.556324 -0.719440
    7 11.692566 0.000046 0.000011 0.043910 0.108028 -1.751476
    8 11.481682 0.000088 -0.000031 0.499516 -0.317234 0.383741
    9 3.858219 -0.135628 -1.192206 -0.363882 0.112047 -0.355498
    10 1.312565 -0.000008 0.000000 -0.000002 0.054404 -0.409012
    11 0.729366 0.000002 -0.000002 -0.000001 0.040754 -0.240990
    12 3.938059 0.050853 -0.435186 -0.101499 0.042182 -0.269683
    13 1.539091 0.000008 -0.000002 0.000000 0.003737 -0.247812
    14 1.196321 0.000000 -0.000002 -0.000001 0.006168 -0.430818
    15 3.881376 -0.039219 0.427587 0.090105 -0.011419 -0.132542
    16 1.719578 0.000023 -0.000021 -0.039458 -0.167702 -0.315850
    17 1.209181 -0.000004 -0.000001 0.312032 0.209821 -0.320109
    18 3.863479 -0.132591 1.332139 0.320642 -0.041405 -0.125801
    19 1.719431 -0.000023 0.000019 0.000001 -0.106227 -0.347813
    20 1.099676 0.000000 0.000006 0.000004 0.002586 -0.283859
    21 0.807586 -0.343252 1.320583 -1.186042 -0.555100 -0.957240
    22 1.789787 0.000006 0.000006 -0.000002 -0.003712 0.228604
    23 1.207012 0.000011 0.000000 0.068239 -0.043107 0.237802
    24 2.035156 0.997070 -1.937500 -1.667267 1.282923 2.944210
    25 6.028144 -0.000011 0.000002 1.564687 0.790501 -0.843187
    26 11.692577 0.000001 0.000004 -0.000376 -0.067070 -1.812320
    27 11.481657 0.000043 0.000019 -1.183866 0.520519 0.156054
    28 3.854334 -0.131699 1.199994 0.887977 0.041686 -0.500120
    29 1.312567 0.000000 0.000000 -0.076006 -0.203868 -0.258727
    30 0.729362 0.000004 0.000003 -0.250341 -0.135455 -0.179419
    31 3.941981 0.050872 0.435162 0.216346 -0.007336 -0.093776
    32 1.539089 0.000008 0.000003 -0.605562 0.126574 -1.244849
    33 1.196316 0.000004 0.000005 0.000000 -0.000162 -0.332870
    34 3.880859 -0.047028 -0.427490 0.051056 0.262892 -0.068599
    35 1.719567 0.000023 0.000016 -0.461231 0.032293 -1.105404
    36 1.209175 0.000008 0.000005 0.175617 0.055179 -0.367832
    37 3.867399 -0.148186 -1.324350 -0.134961 0.400676 -0.397685
    38 1.719419 -0.000008 -0.000008 -0.082106 -0.002364 -0.236718
    39 1.099667 -0.000004 -0.000001 -0.188222 0.009149 -1.119494
    40 0.807129 -0.358887 -1.316406 1.243203 0.551773 -0.740643
    41 1.789783 -0.000002 -0.000002 -0.000009 0.003711 0.228604
    42 1.207001 0.000009 0.000000 -0.023897 -0.040066 0.269693
    43 3.775391 -5.484375 -0.527832 -2.248284 -0.133216 -1.641882
  time 77
    0 -0.000003 -13.531250 -29.421875 1.570788 0.000007 -0.000007
    1 0.000000 3.345131 -2.981898 1.570789 0.086301 1.570789
    2 4.015625 0.000003 0.000000 0.000000 0.000000 -0.029241
    3 3.520294 0.000005 -0.000006 0.000000 0.000000 0.100332
    4 8.929688 0.000001 0.000000 0.000000 0.000000 0.194095
    5 2.036086 0.993556 1.937663 1.682408 -1.281855 2.861242
    6 6.028159 -0.000069 0.000009 -1.713195 -0.560658 -0.716935
    7 11.692566 0.000046 0.000011 0.044713 0.106831 -1.742630
    8 11.481682 0.000088 -0.000031 0.500198 -0.304978 0.375416
    9 3.854313 -0.135628 -1.192206 -0.363882 0.112047 -0.355498
    10 1.312565 -0.000008 0.000000 -0.000002 0.054404 -0.409012
    11 0.729366 0.000002 -0.000002 -0.000001 0.040754 -0.240990
    12 3.938059 0.050853 -0.435186 -0.101499 0.042182 -0.269683
    13 1.539091 0.000008 -0.000002 0.000000 0.003737 -0.247812
    14 1.196321 0.000000 -0.000002 -0.000001 0.006168 -0.430818
    15 3.881376 -0.039219 0.427587 0.090105 -0.011419 -0.132542
    16 1.719578 0.000023 -0.000021 -0.039458 -0.167702 -0.315850
    17 1.209181 -0.000004 -0.000001 0.312032 0.209821 -0.320109
    18 3.863479 -0.132591 1.332139 0.320642 -0.041405 -0.125801
    19 1.719431 -0.000023 0.000019 0.000001 -0.106227 -0.347813
    20 1.099676 0.000000 0.000006 0.000004 0.002586 -0.283859
    21 0.807586 -0.343252 1.320583 -1.186042 -0.555100 -0.957240
    22 1.789787 0.000006 0.000006 -0.000002 -0.003712 0.228604
    23 1.207012 0.000011 0.000000 0.068239 -0.043107 0.237802
    24 2.035156 0.997070 -1.937500 -1.667267 1.282923 2.944210
    25 6.028144 -0.000011 0.000002 1.564687 0.790501 -0.843187
    26 11.692577 0.000001 0.000004 -0.000376 -0.067070 -1.812320
    27 11.481657 0.000043 0.000019 -1.183866 0.520519 0.156054
    28 3.854334 -0.131699 1.199994 0.887977 0.041686 -0.500120
    29 1.312567 0.000000 0.000000 -0.076006 -0.203868 -0.258727
    30 0.729362 0.000004 0.000003 -0.250341 -0.135455 -0.179419
    31 3.941981 0.050872 0.435162 0.216346 -0.007336 -0.093776
    32 1.539089 0.000008 0.000003 -0.605562 0.126574 -1.244849
    33 1.196316 0.000004 0.000005 0.000000 -0.000162 -0.332870
    34 3.880859 -0.047028 -0.427490 0.051056 0.262892 -0.068599
    35 1.719567 0.000023 0.000016 -0.461231 0.032293 -1.105404
    36 1.209175 0.000008 0.000005 0.175617 0.055179 -0.367832
    37 3.867399 -0.148186 -1.324350 -0.134961 0.400676 -0.397685
    38 1.719419 -0.000008 -0.000008 -0.082106 -0.002364 -0.236718
    39 1.099667 -0.000004 -0.000001 -0.188222 0.009149 -1.119494
    40 0.807129 -0.358887 -1.316406 1.243203 0.551773 -0.740643
    41 1.789783 -0.000002 -0.000002 -0.000009 0.003711 0.228604
    42 1.207001 0.000009 0.000000 -0.023897 -0.040066 0.269693
    43 3.775391 -5.484375 -0.527832 -2.248284 -0.133216 -1.641882
  time 78
    0 -0.000003 -13.531250 -29.421875 1.570788 0.000007 -0.000007
    1 0.000000 3.345131 -2.981898 1.570789 0.086301 1.570789
    2 4.015625 0.000003 0.000000 0.000000 0.000000 -0.029241
    3 3.520294 0.000005 -0.000006 0.000000 0.000000 0.100332
    4 8.929688 0.000001 0.000000 0.000000 0.000000 0.194095
    5 2.036086 0.993556 1.937663 1.701721 -1.280884 2.842841
    6 6.028159 -0.000069 0.000009 -1.716055 -0.566759 -0.713376
    7 11.692566 0.000046 0.000011 0.045863 0.105135 -1.730068
    8 11.481682 0.000088 -0.000031 0.500879 -0.292043 0.364315
    9 3.858219 -0.135628 -1.192206 -0.363882 0.112047 -0.355498
    10 1.312565 -0.000008 0.000000 -0.000002 0.054404 -0.409012
    11 0.729366 0.000002 -0.000002 -0.000001 0.040754 -0.240990
    12 3.941966 0.050853 -0.435186 -0.101499 0.042182 -0.269683
    13 1.539091 0.000008 -0.000002 0.000000 0.003737 -0.247812
    14 1.196321 0.000000 -0.000002 -0.000001 0.006168 -0.430818
    15 3.881376 -0.039219 0.427587 0.090105 -0.011419 -0.132542
    16 1.719578 0.000023 -0.000021 -0.039458 -0.167702 -0.315850
    17 1.209181 -0.000004 -0.000001 0.312032 0.209821 -0.320109
    18 3.867386 -0.132591 1.332139 0.320642 -0.041405 -0.125801
    19 1.719431 -0.000023 0.000019 0.000001 -0.106227 -0.347813
    20 1.099676 0.000000 0.000006 0.000004 0.002586 -0.283859
    21 0.807586 -0.343252 1.320583 -1.186042 -0.555100 -0.957240
    22 1.789787 0.000006 0.000006 -0.000002 -0.003712 0.228604
    23 1.207012 0.000011 0.000000 0.068239 -0.043107 0.237802
    24 2.035156 0.997070 -1.937500 -1.667267 1.282923 2.944210
    25 6.028144 -0.000011 0.000002 1.564687 0.790501 -0.843187
    26 11.692577 0.000001 0.000004 -0.000376 -0.067070 -1.812320
    27 11.481657 0.000043 0.000019 -1.183866 0.520519 0.156054
    28 3.854334 -0.131699 1.199994 0.887977 0.041686 -0.500120
    29 1.312567 0.000000 0.000000 -0.076006 -0.203868 -0.258727
    30 0.729362 0.000004 0.000003 -0.250341 -0.135455 -0.179419
    31 3.941981 0.050872 0.435162 0.216346 -0.007336 -0.093776
    32 1.539089 0.000008 0.000003 -0.605562 0.126574 -1.244849
    33 1.196316 0.000004 0.000005 0.000000 -0.000162 -0.332870
    34 3.880859 -0.047028 -0.427490 0.051056 0.262892 -0.068599
    35 1.719567 0.000023 0.000016 -0.461231 0.032293 -1.105404
    36 1.209175 0.000008 0.000005 0.175617 0.055179 -0.367832
    37 3.867399 -0.148186 -1.324350 -0.134961 0.400676 -0.397685
    38 1.719419 -0.000008 -0.000008 -0.082106 -0.002364 -0.236718
    39 1.099667 -0.000004 -0.000001 -0.188222 0.009149 -1.119494
    40 0.807129 -0.358887 -1.316406 1.243203 0.551773 -0.740643
    41 1.789783 -0.000002 -0.000002 -0.000009 0.003711 0.228604
    42 1.207001 0.000009 0.000000 -0.023897 -0.040066 0.269693
    43 3.775391 -5.484375 -0.527832 -2.248284 -0.133216 -1.641882
  time 79
    0 -0.000003 -13.531250 -29.421875 1.570788 0.000007 -0.000007
    1 0.000000 3.345131 -2.981898 1.570789 0.086301 1.570789
    2 4.015625 0.000003 0.000000 0.000000 0.000000 -0.029241
    3 3.520294 0.000005 -0.000006 0.000000 0.000000 0.100332
    4 8.929688 0.000001 0.000000 0.000000 0.000000 0.194095
    5 2.036086 0.993556 1.937663 1.726469 -1.279494 2.819244
    6 6.028159 -0.000069 0.000009 -1.719817 -0.574658 -0.708750
    7 11.692566 0.000046 0.000011 0.047349 0.102957 -1.713894
    8 11.481682 0.000088 -0.000031 0.501366 -0.278396 0.350521
    9 3.858219 -0.135628 -1.192206 -0.363882 0.112047 -0.355498
    10 1.312565 -0.000008 0.000000 -0.000002 0.054404 -0.409012
    11 0.729366 0.000002 -0.000002 -0.000001 0.040754 -0.240990
    12 3.938059 0.050853 -0.435186 -0.101499 0.042182 -0.269683
    13 1.539091 0.000008 -0.000002 0.000000 0.003737 -0.247812
    14 1.196321 0.000000 -0.000002 -0.000001 0.006168 -0.430818
    15 3.881376 -0.039219 0.427587 0.090105 -0.011419 -0.132542
    16 1.719578 0.000023 -0.000021 -0.039458 -0.167702 -0.315850
    17 1.209181 -0.000004 -0.000001 0.312032 0.209821 -0.320109
    18 3.863479 -0.132591 1.332139 0.320642 -0.041405 -0.125801
    19 1.719431 -0.000023 0.000019 0.000001 -0.106227 -0.347813
    20 1.099676 0.000000 0.000006 0.000004 0.002586 -0.283859
    21 0.807586 -0.343252 1.320583 -1.186042 -0.555100 -0.957240
    22 1.789787 0.000006 0.000006 -0.000002 -0.003712 0.228604
    23 1.207012 0.000011 0.000000 0.068239 -0.043107 0.237802
    24 2.035156 0.997070 -1.937500 -1.667267 1.282923 2.944210
    25 6.028144 -0.000011 0.000002 1.564687 0.790501 -0.843187
    26 11.692577 0.000001 0.000004 -0.000376 -0.067070 -1.812320
    27 11.481657 0.000043 0.000019 -1.183866 0.520519 0.156054
    28 3.854334 -0.131699 1.199994 0.887977 0.041686 -0.500120
    29 1.312567 0.000000 0.000000 -0.076006 -0.203868 -0.258727
    30 0.729362 0.000004 0.000003 -0.250341 -0.135455 -0.179419
    31 3.941981 0.050872 0.435162 0.216346 -0.007336 -0.093776
    32 1.539089 0.000008 0.000003 -0.605562 0.126574 -1.244849
    33 1.196316 0.000004 0.000005 0.000000 -0.000162 -0.332870
    34 3.880859 -0.047028 -0.427490 0.051056 0.262892 -0.068599
    35 1.719567 0.000023 0.000016 -0.461231 0.032293 -1.105404
    36 1.209175 0.000008 0.000005 0.175617 0.055179 -0.367832
    37 3.867399 -0.148186 -1.324350 -0.134961 0.400676 -0.397685
    38 1.719419 -0.000008 -0.000008 -0.082106 -0.002364 -0.236718
    39 1.099667 -0.000004 -0.000001 -0.188222 0.009149 -1.119494
    40 0.807129 -0.358887 -1.316406 1.243203 0.551773 -0.740643
    41 1.789783 -0.000002 -0.000002 -0.000009 0.003711 0.228604
    42 1.207001 0.000009 0.000000 -0.023897 -0.040066 0.269693
    43 3.775391 -5.484375 -0.527832 -2.248284 -0.133216 -1.641882
  time 80
    0 -0.000003 -13.531250 -29.421875 1.570788 0.000007 -0.000007
    1 0.000000 3.345131 -2.981898 1.570789 0.086301 1.570789
    2 4.015625 0.000003 0.000000 0.000000 0.000000 -0.029241
    3 3.520294 0.000005 -0.000006 0.000000 0.000000 0.100332
    4 8.929688 0.000001 0.000000 0.000000 0.000000 0.194095
    5 2.036086 0.993556 1.937663 1.756356 -1.277588 2.790788
    6 6.028159 -0.000069 0.000009 -1.724557 -0.584259 -0.703057
    7 11.692566 0.000046 0.000011 0.049159 0.100281 -1.694162
    8 11.481682 0.000088 -0.000031 0.501561 -0.264004 0.334100
    9 3.854313 -0.135628 -1.192206 -0.363882 0.112047 -0.355498
    10 1.312565 -0.000008 0.000000 -0.000002 0.054404 -0.409012
    11 0.729366 0.000002 -0.000002 -0.000001 0.040754 -0.240990
    12 3.938059 0.050853 -0.435186 -0.101499 0.042182 -0.269683
    13 1.539091 0.000008 -0.000002 0.000000 0.003737 -0.247812
    14 1.196321 0.000000 -0.000002 -0.000001 0.006168 -0.430818
    15 3.881376 -0.039219 0.427587 0.090105 -0.011419 -0.132542
    16 1.719578 0.000023 -0.000021 -0.039458 -0.167702 -0.315850
    17 1.209181 -0.000004 -0.000001 0.312032 0.209821 -0.320109
    18 3.863479 -0.132591 1.332139 0.320642 -0.041405 -0.125801
    19 1.719431 -0.000023 0.000019 0.000001 -0.106227 -0.347813
    20 1.099676 0.000000 0.000006 0.000004 0.002586 -0.283859
    21 0.807586 -0.343252 1.320583 -1.186042 -0.555100 -0.957240
    22 1.789787 0.000006 0.000006 -0.000002 -0.003712 0.228604
    23 1.207012 0.000011 0.000000 0.068239 -0.043107 0.237802
    24 2.035156 0.997070 -1.937500 -1.667267 1.282923 2.944210
    25 6.028144 -0.000011 0.000002 1.564687 0.790501 -0.843187
    26 11.692577 0.000001 0.000004 -0.000376 -0.067070 -1.812320
    27 11.481657 0.000043 0.000019 -1.183866 0.520519 0.156054
    28 3.854334 -0.131699 1.199994 0.887977 0.041686 -0.500120
    29 1.312567 0.000000 0.000000 -0.076006 -0.203868 -0.258727
    30 0.729362 0.000004 0.000003 -0.250341 -0.135455 -0.179419
    31 3.941981 0.050872 0.435162 0.216346 -0.007336 -0.093776
    32 1.539089 0.000008 0.000003 -0.605562 0.126574 -1.244849
    33 1.196316 0.000004 0.000005 0.000000 -0.000162 -0.332870
    34 3.880859 -0.047028 -0.427490 0.051056 0.262892 -0.068599
    35 1.719567 0.000023 0.000016 -0.461231 0.032293 -1.105404
    36 1.209175 0.000008 0.000005 0.175617 0.055179 -0.367832
    37 3.867399 -0.148186 -1.324350 -0.134961 0.400676 -0.397685
    38 1.719419 -0.000008 -0.000008 -0.082106 -0.002364 -0.236718
    39 1.099667 -0.000004 -0.000001 -0.188222 0.009149 -1.119494
    40 0.807129 -0.358887 -1.316406 1.243203 0.551773 -0.740643
    41 1.789783 -0.000002 -0.000002 -0.000009 0.003711 0.228604
    42 1.207001 0.000009 0.000000 -0.023897 -0.040066 0.269693
    43 3.775391 -5.484375 -0.527832 -2.248284 -0.133216 -1.641882
  time 81
    0 -0.000003 -13.531250 -29.421875 1.570788 0.000007 -0.000007
    1 0.000000 3.345131 -2.981898 1.570789 0.086301 1.570789
    2 4.015625 0.000003 0.000000 0.000000 0.000000 -0.029241
    3 3.520294 0.000005 -0.000006 0.000000 0.000000 0.100332
    4 8.929688 0.000001 0.000000 0.000000 0.000000 0.194095
    5 2.036086 0.993556 1.937663 1.790924 -1.275083 2.757899
    6 6.028159 -0.000069 0.000009 -1.730256 -0.595497 -0.696298
    7 11.692566 0.000046 0.000011 0.051280 0.097139 -1.671027
    8 11.481682 0.000088 -0.000031 0.501269 -0.248849 0.315265
    9 3.854313 -0.135628 -1.192206 -0.363882 0.112047 -0.355498
    10 1.312565 -0.000008 0.000000 -0.000002 0.054404 -0.409012
    11 0.729366 0.000002 -0.000002 -0.000001 0.040754 -0.240990
    12 3.941966 0.050853 -0.435186 -0.101499 0.042182 -0.269683
    13 1.539091 0.000008 -0.000002 0.000000 0.003737 -0.247812
    14 1.196321 0.000000 -0.000002 -0.000001 0.006168 -0.430818
    15 3.881376 -0.039219 0.427587 0.090105 -0.011419 -0.132542
    16 1.719578 0.000023 -0.000021 -0.039458 -0.167702 -0.315850
    17 1.209181 -0.000004 -0.000001 0.312032 0.209821 -0.320109
    18 3.863479 -0.132591 1.332139 0.320642 -0.041405 -0.125801
    19 1.719431 -0.000023 0.000019 0.000001 -0.106227 -0.347813
    20 1.099676 0.000000 0.000006 0.000004 0.002586 -0.283859
    21 0.807586 -0.343252 1.320583 -1.186042 -0.555100 -0.957240
    22 1.789787 0.000006 0.000006 -0.000002 -0.003712 0.228604
    23 1.207012 0.000011 0.000000 0.068239 -0.043107 0.237802
    24 2.035156 0.997070 -1.937500 -1.667267 1.282923 2.944210
    25 6.028144 -0.000011 0.000002 1.564687 0.790501 -0.843187
    26 11.692577 0.000001 0.000004 -0.000376 -0.067070 -1.812320
    27 11.481657 0.000043 0.000019 -1.183866 0.520519 0.156054
    28 3.854334 -0.131699 1.199994 0.887977 0.041686 -0.500120
    29 1.312567 0.000000 0.000000 -0.076006 -0.203868 -0.258727
    30 0.729362 0.000004 0.000003 -0.250341 -0.135455 -0.179419
    31 3.941981 0.050872 0.435162 0.216346 -0.007336 -0.093776
    32 1.539089 0.000008 0.000003 -0.605562 0.126574 -1.244849
    33 1.196316 0.000004 0.000005 0.000000 -0.000162 -0.332870
    34 3.880859 -0.047028 -0.427490 0.051056 0.262892 -0.068599
    35 1.719567 0.000023 0.000016 -0.461231 0.032293 -1.105404
    36 1.209175 0.000008 0.000005 0.175617 0.055179 -0.367832
    37 3.867399 -0.148186 -1.324350 -0.134961 0.400676 -0.397685
    38 1.719419 -0.000008 -0.000008 -0.082106 -0.002364 -0.236718
    39 1.099667 -0.000004 -0.000001 -0.188222 0.009149 -1.119494
    40 0.807129 -0.358887 -1.316406 1.243203 0.551773 -0.740643
    41 1.789783 -0.000002 -0.000002 -0.000009 0.003711 0.228604
    42 1.207001 0.000009 0.000000 -0.023897 -0.040066 0.269693
    43 3.775391 -5.484375 -0.527832 -2.248284 -0.133216 -1.641882
  time 82
    0 -0.000003 -13.531250 -29.421875 1.570788 0.000007 -0.000007
    1 0.000000 3.345131 -2.981898 1.570789 0.086301 1.570789
    2 4.015625 0.000003 0.000000 0.000000 0.000000 -0.029241
    3 3.520294 0.000005 -0.000006 0.000000 0.000000 0.100332
    4 8.929688 0.000001 0.000000 0.000000 0.000000 0.194095
    5 2.036086 0.993556 1.937663 1.829421 -1.271883 2.721281
    6 6.028159 -0.000069 0.000009 -1.736952 -0.608212 -0.688532
    7 11.692566 0.000046 0.000011 0.053689 0.093581 -1.644856
    8 11.481682 0.000088 -0.000031 0.500393 -0.232983 0.294246
    9 3.858219 -0.135628 -1.192206 -0.363882 0.112047 -0.355498
    10 1.312565 -0.000008 0.000000 -0.000002 0.054404 -0.409012
    11 0.729366 0.000002 -0.000002 -0.000001 0.040754 -0.240990
    12 3.941966 0.050853 -0.435186 -0.101499 0.042182 -0.269683
    13 1.539091 0.000008 -0.000002 0.000000 0.003737 -0.247812
    14 1.196321 0.000000 -0.000002 -0.000001 0.006168 -0.430818
    15 3.881376 -0.039219 0.427587 0.090105 -0.011419 -0.132542
    16 1.719578 0.000023 -0.000021 -0.039458 -0.167702 -0.315850
    17 1.209181 -0.000004 -0.000001 0.312032 0.209821 -0.320109
    18 3.863479 -0.132591 1.332139 0.320642 -0.041405 -0.125801
    19 1.719431 -0.000023 0.000019 0.000001 -0.106227 -0.347813
    20 1.099676 0.000000 0.000006 0.000004 0.002586 -0.283859
    21 0.807586 -0.343252 1.320583 -1.186042 -0.555100 -0.957240
    22 1.789787 0.000006 0.000006 -0.000002 -0.003712 0.228604
    23 1.207012 0.000011 0.000000 0.068239 -0.043107 0.237802
    24 2.035156 0.997070 -1.937500 -1.667267 1.282923 2.944210
    25 6.028144 -0.000011 0.000002 1.564687 0.790501 -0.843187
    26 11.692577 0.000001 0.000004 -0.000376 -0.067070 -1.812320
    27 11.481657 0.000043 0.000019 -1.183866 0.520519 0.156054
    28 3.854334 -0.131699 1.199994 0.887977 0.041686 -0.500120
    29 1.312567 0.000000 0.000000 -0.076006 -0.203868 -0.258727
    30 0.729362 0.000004 0.000003 -0.250341 -0.135455 -0.179419
    31 3.941981 0.050872 0.435162 0.216346 -0.007336 -0.093776
    32 1.539089 0.000008 0.000003 -0.605562 0.126574 -1.244849
    33 1.196316 0.000004 0.000005 0.000000 -0.000162 -0.332870
    34 3.880859 -0.047028 -0.427490 0.051056 0.262892 -0.068599
    35 1.719567 0.000023 0.000016 -0.461231 0.032293 -1.105404
    36 1.209175 0.000008 0.000005 0.175617 0.055179 -0.367832
    37 3.867399 -0.148186 -1.324350 -0.134961 0.400676 -0.397685
    38 1.719419 -0.000008 -0.000008 -0.082106 -0.002364 -0.236718
    39 1.099667 -0.000004 -0.000001 -0.188222 0.009149 -1.119494
    40 0.807129 -0.358887 -1.316406 1.243203 0.551773 -0.740643
    41 1.789783 -0.000002 -0.000002 -0.000009 0.003711 0.228604
    42 1.207001 0.000009 0.000000 -0.023897 -0.040066 0.269693
    43 3.775391 -5.484375 -0.527832 -2.248284 -0.133216 -1.641882
  time 83
    0 -0.000003 -13.531250 -29.421875 1.570788 0.000007 -0.000007
    1 0.000000 3.345131 -2.981898 1.570789 0.086301 1.570789
    2 4.015625 0.000003 0.000000 0.000000 0.000000 -0.029241
    3 3.520294 0.000005 -0.000006 0.000000 0.000000 0.100332
    4 8.929688 0.000001 0.000000 0.000000 0.000000 0.194095
    5 2.036086 0.993556 1.937663 1.871060 -1.267917 2.681729
    6 6.028159 -0.000069 0.000009 -1.744646 -0.622244 -0.679819
    7 11.692566 0.000046 0.000011 0.056362 0.089658 -1.615911
    8 11.481682 0.000088 -0.000031 0.498737 -0.216438 0.271356
    9 3.854313 -0.135628 -1.192206 -0.363882 0.112047 -0.355498
    10 1.312565 -0.000008 0.000000 -0.000002 0.054404 -0.409012
    11 0.729366 0.000002 -0.000002 -0.000001 0.040754 -0.240990
    12 3.938059 0.050853 -0.435186 -0.101499 0.042182 -0.269683
    13 1.539091 0.000008 -0.000002 0.000000 0.003737 -0.247812
    14 1.196321 0.000000 -0.000002 -0.000001 0.006168 -0.430818
    15 3.881376 -0.039219 0.427587 0.090105 -0.011419 -0.132542
    16 1.719578 0.000023 -0.000021 -0.039458 -0.167702 -0.315850
    17 1.209181 -0.000004 -0.000001 0.312032 0.209821 -0.320109
    18 3.863479 -0.132591 1.332139 0.320642 -0.041405 -0.125801
    19 1.719431 -0.000023 0.000019 0.000001 -0.106227 -0.347813
    20 1.099676 0.000000 0.000006 0.000004 0.002586 -0.283859
    21 0.807586 -0.343252 1.320583 -1.186042 -0.555100 -0.957240
    22 1.789787 0.000006 0.000006 -0.000002 -0.003712 0.228604
    23 1.207012 0.000011 0.000000 0.068239 -0.043107 0.237802
    24 2.035156 0.997070 -1.937500 -1.667267 1.282923 2.944210
    25 6.028144 -0.000011 0.000002 1.564687 0.790501 -0.843187
    26 11.692577 0.000001 0.000004 -0.000376 -0.067070 -1.812320
    27 11.481657 0.000043 0.000019 -1.183866 0.520519 0.156054
    28 3.854334 -0.131699 1.199994 0.887977 0.041686 -0.500120
    29 1.312567 0.000000 0.000000 -0.076006 -0.203868 -0.258727
    30 0.729362 0.000004 0.000003 -0.250341 -0.135455 -0.179419
    31 3.941981 0.050872 0.435162 0.216346 -0.007336 -0.093776
    32 1.539089 0.000008 0.000003 -0.605562 0.126574 -1.244849
    33 1.196316 0.000004 0.000005 0.000000 -0.000162 -0.332870
    34 3.880859 -0.047028 -0.427490 0.051056 0.262892 -0.068599
    35 1.719567 0.000023 0.000016 -0.461231 0.032293 -1.105404
    36 1.209175 0.000008 0.000005 0.175617 0.055179 -0.367832
    37 3.867399 -0.148186 -1.324350 -0.134961 0.400676 -0.397685
    38 1.719419 -0.000008 -0.000008 -0.082106 -0.002364 -0.236718
    39 1.099667 -0.000004 -0.000001 -0.188222 0.009149 -1.119494
    40 0.807129 -0.358887 -1.316406 1.243203 0.551773 -0.740643
    41 1.789783 -0.000002 -0.000002 -0.000009 0.003711 0.228604
    42 1.207001 0.000009 0.000000 -0.023897 -0.040066 0.269693
    43 3.775391 -5.484375 -0.527832 -2.248284 -0.133216 -1.641882
  time 84
    0 -0.000003 -13.531250 -29.421875 1.570788 0.000007 -0.000007
    1 0.000000 3.345131 -2.981898 1.570789 0.086301 1.570789
    2 4.015625 0.000003 0.000000 0.000000 0.000000 -0.029241
    3 3.520294 0.000005 -0.000006 0.000000 0.000000 0.100332
    4 8.929688 0.000001 0.000000 0.000000 0.000000 0.194095
    5 2.036086 0.993556 1.937663 1.914761 -1.263147 2.640251
    6 6.028159 -0.000069 0.000009 -1.753279 -0.637336 -0.670243
    7 11.692566 0.000046 0.000011 0.059238 0.085402 -1.584768
    8 11.481682 0.000088 -0.000031 0.496254 -0.199329 0.246987
    9 3.854313 -0.135628 -1.192206 -0.363882 0.112047 -0.355498
    10 1.312565 -0.000008 0.000000 -0.000002 0.054404 -0.409012
    11 0.729366 0.000002 -0.000002 -0.000001 0.040754 -0.240990
    12 3.938059 0.050853 -0.435186 -0.101499 0.042182 -0.269683
    13 1.539091 0.000008 -0.000002 0.000000 0.003737 -0.247812
    14 1.196321 0.000000 -0.000002 -0.000001 0.006168 -0.430818
    15 3.881376 -0.039219 0.427587 0.090105 -0.011419 -0.132542
    16 1.719578 0.000023 -0.000021 -0.039458 -0.167702 -0.315850
    17 1.209181 -0.000004 -0.000001 0.312032 0.209821 -0.320109
    18 3.863479 -0.132591 1.332139 0.320642 -0.041405 -0.125801
    19 1.719431 -0.000023 0.000019 0.000001 -0.106227 -0.347813
    20 1.099676 0.000000 0.000006 0.000004 0.002586 -0.283859
    21 0.807586 -0.343252 1.320583 -1.186042 -0.555100 -0.957240
    22 1.789787 0.000006 0.000006 -0.000002 -0.003712 0.228604
    23 1.207012 0.000011 0.000000 0.068239 -0.043107 0.237802
    24 2.035156 0.997070 -1.937500 -1.667267 1.282923 2.944210
    25 6.028144 -0.000011 0.000002 1.564687 0.790501 -0.843187
    26 11.692577 0.000001 0.000004 -0.000376 -0.067070 -1.812320
    27 11.481657 0.000043 0.000019 -1.183866 0.520519 0.156054
    28 3.854334 -0.131699 1.199994 0.887977 0.041686 -0.500120
    29 1.312567 0.000000 0.000000 -0.076006 -0.203868 -0.258727
    30 0.729362 0.000004 0.000003 -0.250341 -0.135455 -0.179419
    31 3.941981 0.050872 0.435162 0.216346 -0.007336 -0.093776
    32 1.539089 0.000008 0.000003 -0.605562 0.126574 -1.244849
    33 1.196316 0.000004 0.000005 0.000000 -0.000162 -0.332870
    34 3.880859 -0.047028 -0.427490 0.051056 0.262892 -0.068599
    35 1.719567 0.000023 0.000016 -0.461231 0.032293 -1.105404
    36 1.209175 0.000008 0.000005 0.175617 0.055179 -0.367832
    37 3.867399 -0.148186 -1.324350 -0.134961 0.400676 -0.397685
    38 1.719419 -0.000008 -0.000008 -0.082106 -0.002364 -0.236718
    39 1.099667 -0.000004 -0.000001 -0.188222 0.009149 -1.119494
    40 0.807129 -0.358887 -1.316406 1.243203 0.551773 -0.740643
    41 1.789783 -0.000002 -0.000002 -0.000009 0.003711 0.228604
    42 1.207001 0.000009 0.000000 -0.023897 -0.040066 0.269693
    43 3.775391 -5.484375 -0.527832 -2.248284 -0.133216 -1.641882
  time 85
    0 -0.000003 -13.531250 -29.421875 1.570788 0.000007 -0.000007
    1 0.000000 3.345131 -2.981898 1.570789 0.086301 1.570789
    2 4.015625 0.000003 0.000000 0.000000 0.000000 -0.029241
    3 3.520294 0.000005 -0.000006 0.000000 0.000000 0.100332
    4 8.929688 0.000001 0.000000 0.000000 0.000000 0.194095
    5 2.036086 0.993556 1.937663 1.959444 -1.257610 2.597857
    6 6.028159 -0.000069 0.000009 -1.762778 -0.653198 -0.659937
    7 11.692566 0.000046 0.000011 0.062282 0.080913 -1.551950
    8 11.481682 0.000088 -0.000031 0.492846 -0.181790 0.221534
    9 3.858219 -0.135628 -1.192206 -0.363882 0.112047 -0.355498
    10 1.312565 -0.000008 0.000000 -0.000002 0.054404 -0.409012
    11 0.729366 0.000002 -0.000002 -0.000001 0.040754 -0.240990
    12 3.941966 0.050853 -0.435186 -0.101499 0.042182 -0.269683
    13 1.539091 0.000008 -0.000002 0.000000 0.003737 -0.247812
    14 1.196321 0.000000 -0.000002 -0.000001 0.006168 -0.430818
    15 3.881376 -0.039219 0.427587 0.090105 -0.011419 -0.132542
    16 1.719578 0.000023 -0.000021 -0.039458 -0.167702 -0.315850
    17 1.209181 -0.000004 -0.000001 0.312032 0.209821 -0.320109
    18 3.863479 -0.132591 1.332139 0.320642 -0.041405 -0.125801
    19 1.719431 -0.000023 0.000019 0.000001 -0.106227 -0.347813
    20 1.099676 0.000000 0.000006 0.000004 0.002586 -0.283859
    21 0.807586 -0.343252 1.320583 -1.186042 -0.555100 -0.957240
    22 1.789787 0.000006 0.000006 -0.000002 -0.003712 0.228604
    23 1.207012 0.000011 0.000000 0.068239 -0.043107 0.237802
    24 2.035156 0.997070 -1.937500 -1.667267 1.282923 2.944210
    25 6.028144 -0.000011 0.000002 1.564687 0.790501 -0.843187
    26 11.692577 0.000001 0.000004 -0.000376 -0.067070 -1.812320
    27 11.481657 0.000043 0.000019 -1.183866 0.520519 0.156054
    28 3.854334 -0.131699 1.199994 0.887977 0.041686 -0.500120
    29 1.312567 0.000000 0.000000 -0.076006 -0.203868 -0.258727
    30 0.729362 0.000004 0.000003 -0.250341 -0.135455 -0.179419
    31 3.941981 0.050872 0.435162 0.216346 -0.007336 -0.093776
    32 1.539089 0.000008 0.000003 -0.605562 0.126574 -1.244849
    33 1.196316 0.000004 0.000005 0.000000 -0.000162 -0.332870
    34 3.880859 -0.047028 -0.427490 0.051056 0.262892 -0.068599
    35 1.719567 0.000023 0.000016 -0.461231 0.032293 -1.105404
    36 1.209175 0.000008 0.000005 0.175617 0.055179 -0.367832
    37 3.867399 -0.148186 -1.324350 -0.134961 0.400676 -0.397685
    38 1.719419 -0.000008 -0.000008 -0.082106 -0.002364 -0.236718
    39 1.099667 -0.000004 -0.000001 -0.188222 0.009149 -1.119494
    40 0.807129 -0.358887 -1.316406 1.243203 0.551773 -0.740643
    41 1.789783 -0.000002 -0.000002 -0.000009 0.003711 0.228604
    42 1.207001 0.000009 0.000000 -0.023897 -0.040066 0.269693
    43 3.775391 -5.484375 -0.527832 -2.248284 -0.133216 -1.641882
  time 86
    0 -0.000003 -13.531250 -29.421875 1.570788 0.000007 -0.000007
    1 0.000000 3.345131 -2.981898 1.570789 0.086301 1.570789
    2 4.015625 0.000003 0.000000 0.000000 0.000000 -0.029241
    3 3.520294 0.000005 -0.000006 0.000000 0.000000 0.100332
    4 8.929688 0.000001 0.000000 0.000000 0.000000 0.194095
    5 2.036086 0.993556 1.937663 2.004095 -1.251342 2.555615
    6 6.028159 -0.000069 0.000009 -1.773049 -0.669509 -0.649055
    7 11.692566 0.000046 0.000011 0.065434 0.076275 -1.518033
    8 11.481682 0.000088 -0.000031 0.488465 -0.163985 0.195507
    9 3.858219 -0.135628 -1.192206 -0.363882 0.112047 -0.355498
    10 1.312565 -0.000008 0.000000 -0.000002 0.054404 -0.409012
    11 0.729366 0.000002 -0.000002 -0.000001 0.040754 -0.240990
    12 3.941966 0.050853 -0.435186 -0.101499 0.042182 -0.269683
    13 1.539091 0.000008 -0.000002 0.000000 0.003737 -0.247812
    14 1.196321 0.000000 -0.000002 -0.000001 0.006168 -0.430818
    15 3.881376 -0.039219 0.427587 0.090105 -0.011419 -0.132542
    16 1.719578 0.000023 -0.000021 -0.039458 -0.167702 -0.315850
    17 1.209181 -0.000004 -0.000001 0.312032 0.209821 -0.320109
    18 3.863479 -0.132591 1.332139 0.320642 -0.041405 -0.125801
    19 1.719431 -0.000023 0.000019 0.000001 -0.106227 -0.347813
    20 1.099676 0.000000 0.000006 0.000004 0.002586 -0.283859
    21 0.807586 -0.343252 1.320583 -1.186042 -0.555100 -0.957240
    22 1.789787 0.000006 0.000006 -0.000002 -0.003712 0.228604
    23 1.207012 0.000011 0.000000 0.068239 -0.043107 0.237802
    24 2.035156 0.997070 -1.937500 -1.667267 1.282923 2.944210
    25 6.028144 -0.000011 0.000002 1.564687 0.790501 -0.843187
    26 11.692577 0.000001 0.000004 -0.000376 -0.067070 -1.812320
    27 11.481657 0.000043 0.000019 -1.183866 0.520519 0.156054
    28 3.854334 -0.131699 1.199994 0.887977 0.041686 -0.500120
    29 1.312567 0.000000 0.000000 -0.076006 -0.203868 -0.258727
    30 0.729362 0.000004 0.000003 -0.250341 -0.135455 -0.179419
    31 3.941981 0.050872 0.435162 0.216346 -0.007336 -0.093776
    32 1.539089 0.000008 0.000003 -0.605562 0.126574 -1.244849
    33 1.196316 0.000004 0.000005 0.000000 -0.000162 -0.332870
    34 3.880859 -0.047028 -0.427490 0.051056 0.262892 -0.068599
    35 1.719567 0.000023 0.000016 -0.461231 0.032293 -1.105404
    36 1.209175 0.000008 0.000005 0.175617 0.055179 -0.367832
    37 3.867399 -0.148186 -1.324350 -0.134961 0.400676 -0.397685
    38 1.719419 -0.000008 -0.000008 -0.082106 -0.002364 -0.236718
    39 1.099667 -0.000004 -0.000001 -0.188222 0.009149 -1.119494
    40 0.807129 -0.358887 -1.316406 1.243203 0.551773 -0.740643
    41 1.789783 -0.000002 -0.000002 -0.000009 0.003711 0.228604
    42 1.207001 0.000009 0.000000 -0.023897 -0.040066 0.269693
    43 3.775391 -5.484375 -0.527832 -2.248284 -0.133216 -1.641882
  time 87
    0 -0.000003 -13.531250 -29.421875 1.570788 0.000007 -0.000007
    1 0.000000 3.345131 -2.981898 1.570789 0.086301 1.570789
    2 4.015625 0.000003 0.000000 0.000000 0.000000 -0.029241
    3 3.520294 0.000005 -0.000006 0.000000 0.000000 0.100332
    4 8.929688 0.000001 0.000000 0.000000 0.000000 0.194095
    5 2.036086 0.993556 1.937663 2.047698 -1.244475 2.514443
    6 6.028159 -0.000069 0.000009 -1.783939 -0.685982 -0.637765
    7 11.692566 0.000046 0.000011 0.068634 0.071553 -1.483749
    8 11.481682 0.000088 -0.000031 0.483207 -0.146098 0.169315
    9 3.858219 -0.135628 -1.192206 -0.363882 0.112047 -0.355498
    10 1.312565 -0.000008 0.000000 -0.000002 0.054404 -0.409012
    11 0.729366 0.000002 -0.000002 -0.000001 0.040754 -0.240990
    12 3.938059 0.050853 -0.435186 -0.101499 0.042182 -0.269683
    13 1.539091 0.000008 -0.000002 0.000000 0.003737 -0.247812
    14 1.196321 0.000000 -0.000002 -0.000001 0.006168 -0.430818
    15 3.881376 -0.039219 0.427587 0.090105 -0.011419 -0.132542
    16 1.719578 0.000023 -0.000021 -0.039458 -0.167702 -0.315850
    17 1.209181 -0.000004 -0.000001 0.312032 0.209821 -0.320109
    18 3.863479 -0.132591 1.332139 0.320642 -0.041405 -0.125801
    19 1.719431 -0.000023 0.000019 0.000001 -0.106227 -0.347813
    20 1.099676 0.000000 0.000006 0.000004 0.002586 -0.283859
    21 0.807586 -0.343252 1.320583 -1.186042 -0.555100 -0.957240
    22 1.789787 0.000006 0.000006 -0.000002 -0.003712 0.228604
    23 1.207012 0.000011 0.000000 0.068239 -0.043107 0.237802
    24 2.035156 0.997070 -1.937500 -1.667267 1.282923 2.944210
    25 6.028144 -0.000011 0.000002 1.564687 0.790501 -0.843187
    26 11.692577 0.000001 0.000004 -0.000376 -0.067070 -1.812320
    27 11.481657 0.000043 0.000019 -1.183866 0.520519 0.156054
    28 3.854334 -0.131699 1.199994 0.887977 0.041686 -0.500120
    29 1.312567 0.000000 0.000000 -0.076006 -0.203868 -0.258727
    30 0.729362 0.000004 0.000003 -0.250341 -0.135455 -0.179419
    31 3.941981 0.050872 0.435162 0.216346 -0.007336 -0.093776
    32 1.539089 0.000008 0.000003 -0.605562 0.126574 -1.244849
    33 1.196316 0.000004 0.000005 0.000000 -0.000162 -0.332870
    34 3.880859 -0.047028 -0.427490 0.051056 0.262892 -0.068599
    35 1.719567 0.000023 0.000016 -0.461231 0.032293 -1.105404
    36 1.209175 0.000008 0.000005 0.175617 0.055179 -0.367832
    37 3.867399 -0.148186 -1.324350 -0.134961 0.400676 -0.397685
    38 1.719419 -0.000008 -0.000008 -0.082106 -0.002364 -0.236718
    39 1.099667 -0.000004 -0.000001 -0.188222 0.009149 -1.119494
    40 0.807129 -0.358887 -1.316406 1.243203 0.551773 -0.740643
    41 1.789783 -0.000002 -0.000002 -0.000009 0.003711 0.228604
    42 1.207001 0.000009 0.000000 -0.023897 -0.040066 0.269693
    43 3.775391 -5.484375 -0.527832 -2.248284 -0.133216 -1.641882
  time 88
    0 -0.000003 -13.531250 -29.421875 1.570788 0.000007 -0.000007
    1 0.000000 3.345131 -2.981898 1.570789 0.086301 1.570789
    2 4.015625 0.000003 0.000000 0.000000 0.000000 -0.029241
    3 3.520294 0.000005 -0.000006 0.000000 0.000000 0.100332
    4 8.929688 0.000001 0.000000 0.000000 0.000000 0.194095
    5 2.036086 0.993556 1.937663 2.089403 -1.237140 2.475105
    6 6.028159 -0.000069 0.000009 -1.795263 -0.702293 -0.626236
    7 11.692566 0.000046 0.000011 0.071834 0.066848 -1.449675
    8 11.481682 0.000088 -0.000031 0.477121 -0.128327 0.143419
    9 3.858219 -0.135628 -1.192206 -0.363882 0.112047 -0.355498
    10 1.312565 -0.000008 0.000000 -0.000002 0.054404 -0.409012
    11 0.729366 0.000002 -0.000002 -0.000001 0.040754 -0.240990
    12 3.941966 0.050853 -0.435186 -0.101499 0.042182 -0.269683
    13 1.539091 0.000008 -0.000002 0.000000 0.003737 -0.247812
    14 1.196321 0.000000 -0.000002 -0.000001 0.006168 -0.430818
    15 3.881376 -0.039219 0.427587 0.090105 -0.011419 -0.132542
    16 1.719578 0.000023 -0.000021 -0.039458 -0.167702 -0.315850
    17 1.209181 -0.000004 -0.000001 0.312032 0.209821 -0.320109
    18 3.863479 -0.132591 1.332139 0.320642 -0.041405 -0.125801
    19 1.719431 -0.000023 0.000019 0.000001 -0.106227 -0.347813
    20 1.099676 0.000000 0.000006 0.000004 0.002586 -0.283859
    21 0.807586 -0.343252 1.320583 -1.186042 -0.555100 -0.957240
    22 1.789787 0.000006 0.000006 -0.000002 -0.003712 0.228604
    23 1.207012 0.000011 0.000000 0.068239 -0.043107 0.237802
    24 2.035156 0.997070 -1.937500 -1.667267 1.282923 2.944210
    25 6.028144 -0.000011 0.000002 1.564687 0.790501 -0.843187
    26 11.692577 0.000001 0.000004 -0.000376 -0.067070 -1.812320
    27 11.481657 0.000043 0.000019 -1.183866 0.520519 0.156054
    28 3.854334 -0.131699 1.199994 0.887977 0.041686 -0.500120
    29 1.312567 0.000000 0.000000 -0.076006 -0.203868 -0.258727
    30 0.729362 0.000004 0.000003 -0.250341 -0.135455 -0.179419
    31 3.941981 0.050872 0.435162 0.216346 -0.007336 -0.093776
    32 1.539089 0.000008 0.000003 -0.605562 0.126574 -1.244849
    33 1.196316 0.000004 0.000005 0.000000 -0.000162 -0.332870
    34 3.880859 -0.047028 -0.427490 0.051056 0.262892 -0.068599
    35 1.719567 0.000023 0.000016 -0.461231 0.032293 -1.105404
    36 1.209175 0.000008 0.000005 0.175617 0.055179 -0.367832
    37 3.867399 -0.148186 -1.324350 -0.134961 0.400676 -0.397685
    38 1.719419 -0.000008 -0.000008 -0.082106 -0.002364 -0.236718
    39 1.099667 -0.000004 -0.000001 -0.188222 0.009149 -1.119494
    40 0.807129 -0.358887 -1.316406 1.243203 0.551773 -0.740643
    41 1.789783 -0.000002 -0.000002 -0.000009 0.003711 0.228604
    42 1.207001 0.000009 0.000000 -0.023897 -0.040066 0.269693
    43 3.775391 -5.484375 -0.527832 -2.248284 -0.133216 -1.641882
  time 89
    0 -0.000003 -13.531250 -29.421875 1.570788 0.000007 -0.000007
    1 0.000000 3.345131 -2.981898 1.570789 0.086301 1.570789
    2 4.015625 0.000003 0.000000 0.000000 0.000000 -0.029241
    3 3.520294 0.000005 -0.000006 0.000000 0.000000 0.100332
    4 8.929688 0.000001 0.000000 0.000000 0.000000 0.194095
    5 2.036086 0.993556 1.937663 2.128619 -1.229518 2.438212
    6 6.028159 -0.000069 0.000009 -1.806850 -0.718155 -0.614671
    7 11.692566 0.000046 0.000011 0.074962 0.062227 -1.416386
    8 11.481682 0.000088 -0.000031 0.470354 -0.110887 0.118230
    9 3.854313 -0.135628 -1.192206 -0.363882 0.112047 -0.355498
    10 1.312565 -0.000008 0.000000 -0.000002 0.054404 -0.409012
    11 0.729366 0.000002 -0.000002 -0.000001 0.040754 -0.240990
    12 3.938059 0.050853 -0.435186 -0.101499 0.042182 -0.269683
    13 1.539091 0.000008 -0.000002 0.000000 0.003737 -0.247812
    14 1.196321 0.000000 -0.000002 -0.000001 0.006168 -0.430818
    15 3.881376 -0.039219 0.427587 0.090105 -0.011419 -0.132542
    16 1.719578 0.000023 -0.000021 -0.039458 -0.167702 -0.315850
    17 1.209181 -0.000004 -0.000001 0.312032 0.209821 -0.320109
    18 3.863479 -0.132591 1.332139 0.320642 -0.041405 -0.125801
    19 1.719431 -0.000023 0.000019 0.000001 -0.106227 -0.347813
    20 1.099676 0.000000 0.000006 0.000004 0.002586 -0.283859
    21 0.807586 -0.343252 1.320583 -1.186042 -0.555100 -0.957240
    22 1.789787 0.000006 0.000006 -0.000002 -0.003712 0.228604
    23 1.207012 0.000011 0.000000 0.068239 -0.043107 0.237802
    24 2.035156 0.997070 -1.937500 -1.667267 1.282923 2.944210
    25 6.028144 -0.000011 0.000002 1.564687 0.790501 -0.843187
    26 11.692577 0.000001 0.000004 -0.000376 -0.067070 -1.812320
    27 11.481657 0.000043 0.000019 -1.183866 0.520519 0.156054
    28 3.854334 -0.131699 1.199994 0.887977 0.041686 -0.500120
    29 1.312567 0.000000 0.000000 -0.076006 -0.203868 -0.258727
    30 0.729362 0.000004 0.000003 -0.250341 -0.135455 -0.179419
    31 3.941981 0.050872 0.435162 0.216346 -0.007336 -0.093776
    32 1.539089 0.000008 0.000003 -0.605562 0.126574 -1.244849
    33 1.196316 0.000004 0.000005 0.000000 -0.000162 -0.332870
    34 3.880859 -0.047028 -0.427490 0.051056 0.262892 -0.068599
    35 1.719567 0.000023 0.000016 -0.461231 0.032293 -1.105404
    36 1.209175 0.000008 0.000005 0.175617 0.055179 -0.367832
    37 3.867399 -0.148186 -1.324350 -0.134961 0.400676 -0.397685
    38 1.719419 -0.000008 -0.000008 -0.082106 -0.002364 -0.236718
    39 1.099667 -0.000004 -0.000001 -0.188222 0.009149 -1.119494
    40 0.807129 -0.358887 -1.316406 1.243203 0.551773 -0.740643
    41 1.789783 -0.000002 -0.000002 -0.000009 0.003711 0.228604
    42 1.207001 0.000009 0.000000 -0.023897 -0.040066 0.269693
    43 3.775391 -5.484375 -0.527832 -2.248284 -0.133216 -1.641882
  time 90
    0 -0.000003 -13.531250 -29.421875 1.570788 0.000007 -0.000007
    1 0.000000 3.345131 -2.981898 1.570789 0.086301 1.570789
    2 4.015625 0.000003 0.000000 0.000000 0.000000 -0.029241
    3 3.520294 0.000005 -0.000006 0.000000 0.000000 0.100332
    4 8.929688 0.000001 0.000000 0.000000 0.000000 0.194095
    5 2.036086 0.993556 1.937663 2.164857 -1.221800 2.404161
    6 6.028159 -0.000069 0.000009 -1.818474 -0.733311 -0.603249
    7 11.692566 0.000046 0.000011 0.077994 0.057771 -1.384353
    8 11.481682 0.000088 -0.000031 0.463051 -0.093928 0.094074
    9 3.858219 -0.139534 -1.192206 -0.363882 0.112047 -0.355498
    10 1.312565 -0.000008 0.000000 -0.000002 0.054404 -0.409012
    11 0.729366 0.000002 -0.000002 -0.000001 0.040754 -0.240990
    12 3.941966 0.050853 -0.435186 -0.101499 0.042182 -0.269683
    13 1.539091 0.000008 -0.000002 0.000000 0.003737 -0.247812
    14 1.196321 0.000000 -0.000002 -0.000001 0.006168 -0.430818
    15 3.881376 -0.039219 0.427587 0.090105 -0.011419 -0.132542
    16 1.719578 0.000023 -0.000021 -0.039458 -0.167702 -0.315850
    17 1.209181 -0.000004 -0.000001 0.312038 0.209821 -0.320126
    18 3.867386 -0.132591 1.332139 0.320642 -0.041405 -0.125801
    19 1.719431 -0.000023 0.000019 0.000001 -0.106227 -0.347813
    20 1.099676 0.000000 0.000006 -0.000001 0.002585 -0.283860
    21 0.807586 -0.343252 1.316677 -1.186042 -0.555100 -0.957240
    22 1.789787 0.000006 0.000006 -0.000002 -0.003712 0.228604
    23 1.207012 0.000011 0.000000 0.068240 -0.043107 0.237799
    24 2.035156 0.997070 -1.937500 -1.667267 1.282923 2.944210
    25 6.028144 -0.000011 0.000002 1.564687 0.790501 -0.843187
    26 11.692577 0.000001 0.000004 -0.000376 -0.067070 -1.812320
    27 11.481657 0.000043 0.000019 -1.183853 0.520532 0.156063
    28 3.854334 -0.131699 1.199994 0.887977 0.041686 -0.500120
    29 1.312567 0.000000 0.000000 -0.076006 -0.203868 -0.258727
    30 0.729362 0.000004 0.000003 -0.250341 -0.135455 -0.179419
    31 3.941981 0.050872 0.435162 0.216346 -0.007336 -0.093776
    32 1.539089 0.000008 0.000003 -0.605562 0.126574 -1.244849
    33 1.196316 0.000004 0.000005 0.000000 -0.000162 -0.332870
    34 3.880859 -0.047028 -0.427490 0.051056 0.262892 -0.068599
    35 1.719567 0.000023 0.000016 -0.461231 0.032293 -1.105404
    36 1.209175 0.000008 0.000005 0.175617 0.055179 -0.367832
    37 3.867399 -0.148186 -1.324350 -0.134961 0.400676 -0.397685
    38 1.719419 -0.000008 -0.000008 -0.082106 -0.002364 -0.236718
    39 1.099667 -0.000004 -0.000001 -0.188224 0.009145 -1.119518
    40 0.807129 -0.358887 -1.316406 1.243203 0.551773 -0.740643
    41 1.789783 -0.000002 -0.000002 -0.000009 0.003711 0.228604
    42 1.207001 0.000009 0.000000 -0.023897 -0.040066 0.269693
    43 3.775391 -5.484375 -0.527832 -2.248284 -0.133216 -1.641882
  time 91
    0 -0.000003 -13.531250 -29.421875 1.570788 0.000007 -0.000007
    1 0.000000 3.345131 -2.981898 1.570789 0.086301 1.570789
    2 4.015625 0.000003 0.000000 0.000000 0.000000 -0.029241
    3 3.520294 0.000005 -0.000006 0.000000 0.000000 0.100332
    4 8.929688 0.000001 0.000000 0.000000 0.000000 0.194095
    5 2.036086 0.993556 1.937663 2.197887 -1.214142 2.373198
    6 6.028159 -0.000069 0.000009 -1.829948 -0.747600 -0.592164
    7 11.692566 0.000046 0.000011 0.080870 0.053548 -1.354152
    8 11.481682 0.000088 -0.000031 0.455359 -0.077614 0.071249
    9 3.858219 -0.135628 -1.192206 -0.363882 0.112047 -0.355498
    10 1.312565 -0.000008 0.000000 -0.000002 0.054404 -0.409012
    11 0.729366 0.000002 -0.000002 -0.000001 0.040754 -0.240990
    12 3.938059 0.050853 -0.435186 -0.101499 0.042182 -0.269683
    13 1.539091 0.000008 -0.000002 0.000000 0.003737 -0.247812
    14 1.196321 0.000000 -0.000002 -0.000001 0.006168 -0.430818
    15 3.881376 -0.039219 0.427587 0.090105 -0.011419 -0.132542
    16 1.719578 0.000023 -0.000021 -0.039458 -0.167702 -0.315850
    17 1.209181 -0.000004 -0.000001 0.312038 0.209821 -0.320126
    18 3.863479 -0.132591 1.332139 0.320642 -0.041405 -0.125801
    19 1.719431 -0.000023 0.000019 0.000001 -0.106227 -0.347813
    20 1.099676 0.000000 0.000006 -0.000001 0.002585 -0.283860
    21 0.807586 -0.343252 1.320583 -1.186042 -0.555100 -0.957240
    22 1.789787 0.000006 0.000006 -0.000002 -0.003712 0.228604
    23 1.207012 0.000011 0.000000 0.068240 -0.043107 0.237799
    24 2.035156 0.997070 -1.937500 -1.667267 1.282923 2.944210
    25 6.028144 -0.000011 0.000002 1.564687 0.790501 -0.843187
    26 11.692577 0.000001 0.000004 -0.000376 -0.067070 -1.812320
    27 11.481657 0.000043 0.000019 -1.183853 0.520532 0.156063
    28 3.854334 -0.131699 1.199994 0.887977 0.041686 -0.500120
    29 1.312567 0.000000 0.000000 -0.076006 -0.203868 -0.258727
    30 0.729362 0.000004 0.000003 -0.250341 -0.135455 -0.179419
    31 3.941981 0.050872 0.435162 0.216346 -0.007336 -0.093776
    32 1.539089 0.000008 0.000003 -0.605562 0.126574 -1.244849
    33 1.196316 0.000004 0.000005 0.000000 -0.000162 -0.332870
    34 3.880859 -0.047028 -0.427490 0.051056 0.262892 -0.068599
    35 1.719567 0.000023 0.000016 -0.461231 0.032293 -1.105404
    36 1.209175 0.000008 0.000005 0.175617 0.055179 -0.367832
    37 3.867399 -0.148186 -1.324350 -0.134961 0.400676 -0.397685
    38 1.719419 -0.000008 -0.000008 -0.082106 -0.002364 -0.236718
    39 1.099667 -0.000004 -0.000001 -0.188224 0.009145 -1.119518
    40 0.807129 -0.358887 -1.316406 1.243203 0.551773 -0.740643
    41 1.789783 -0.000002 -0.000002 -0.000009 0.003711 0.228604
    42 1.207001 0.000009 0.000000 -0.023897 -0.040066 0.269693
    43 3.775391 -5.484375 -0.527832 -2.248284 -0.133216 -1.641882
  time 92
    0 -0.000003 -13.531250 -29.421875 1.570788 0.000007 -0.000007
    1 0.000000 3.345131 -2.981898 1.570789 0.086301 1.570789
    2 4.015625 0.000003 0.000000 0.000000 0.000000 -0.029241
    3 3.520294 0.000005 -0.000006 0.000000 0.000000 0.100332
    4 8.929688 0.000001 0.000000 0.000000 0.000000 0.194095
    5 2.036086 0.993556 1.937663 2.227610 -1.206723 2.345414
    6 6.028159 -0.000069 0.000009 -1.841084 -0.760797 -0.581569
    7 11.692566 0.000046 0.000011 0.083567 0.049575 -1.325992
    8 11.481682 0.000088 -0.000031 0.447472 -0.062046 0.050000
    9 3.854313 -0.135628 -1.192206 -0.363882 0.112047 -0.355498
    10 1.312565 -0.000008 0.000000 -0.000002 0.054404 -0.409012
    11 0.729366 0.000002 -0.000002 -0.000001 0.040754 -0.240990
    12 3.938059 0.050853 -0.435186 -0.101499 0.042182 -0.269683
    13 1.539091 0.000008 -0.000002 0.000000 0.003737 -0.247812
    14 1.196321 0.000000 -0.000002 -0.000001 0.006168 -0.430818
    15 3.881376 -0.039219 0.427587 0.090105 -0.011419 -0.132542
    16 1.719578 0.000023 -0.000021 -0.039458 -0.167702 -0.315850
    17 1.209181 -0.000004 -0.000001 0.312038 0.209821 -0.320126
    18 3.863479 -0.132591 1.332139 0.320642 -0.041405 -0.125801
    19 1.719431 -0.000023 0.000019 0.000001 -0.106227 -0.347813
    20 1.099676 0.000000 0.000006 -0.000001 0.002585 -0.283860
    21 0.807586 -0.343252 1.320583 -1.186042 -0.555100 -0.957240
    22 1.789787 0.000006 0.000006 -0.000002 -0.003712 0.228604
    23 1.207012 0.000011 0.000000 0.068240 -0.043107 0.237799
    24 2.035156 0.997070 -1.937500 -1.667267 1.282923 2.944210
    25 6.028144 -0.000011 0.000002 1.564687 0.790501 -0.843187
    26 11.692577 0.000001 0.000004 -0.000376 -0.067070 -1.812320
    27 11.481657 0.000043 0.000019 -1.183853 0.520532 0.156063
    28 3.854334 -0.131699 1.199994 0.887977 0.041686 -0.500120
    29 1.312567 0.000000 0.000000 -0.076006 -0.203868 -0.258727
    30 0.729362 0.000004 0.000003 -0.250341 -0.135455 -0.179419
    31 3.941981 0.050872 0.435162 0.216346 -0.007336 -0.093776
    32 1.539089 0.000008 0.000003 -0.605562 0.126574 -1.244849
    33 1.196316 0.000004 0.000005 0.000000 -0.000162 -0.332870
    34 3.880859 -0.047028 -0.427490 0.051056 0.262892 -0.068599
    35 1.719567 0.000023 0.000016 -0.461231 0.032293 -1.105404
    36 1.209175 0.000008 0.000005 0.175617 0.055179 -0.367832
    37 3.867399 -0.148186 -1.324350 -0.134961 0.400676 -0.397685
    38 1.719419 -0.000008 -0.000008 -0.082106 -0.002364 -0.236718
    39 1.099667 -0.000004 -0.000001 -0.188224 0.009145 -1.119518
    40 0.807129 -0.358887 -1.316406 1.243203 0.551773 -0.740643
    41 1.789783 -0.000002 -0.000002 -0.000009 0.003711 0.228604
    42 1.207001 0.000009 0.000000 -0.023897 -0.040066 0.269693
    43 3.775391 -5.484375 -0.527832 -2.248284 -0.133216 -1.641882
  time 93
    0 -0.000003 -13.531250 -29.421875 1.570788 0.000007 -0.000007
    1 0.000000 3.345131 -2.981898 1.570789 0.086301 1.570789
    2 4.015625 0.000003 0.000000 0.000000 0.000000 -0.029241
    3 3.520294 0.000005 -0.000006 0.000000 0.000000 0.100332
    4 8.929688 0.000001 0.000000 0.000000 0.000000 0.194095
    5 2.036086 0.993556 1.937663 2.254027 -1.199664 2.320778
    6 6.028159 -0.000069 0.000009 -1.851674 -0.772838 -0.571610
    7 11.692566 0.000046 0.000011 0.086071 0.045901 -1.300188
    8 11.481682 0.000088 -0.000031 0.439585 -0.047322 0.030476
    9 3.858219 -0.135628 -1.192206 -0.363882 0.112047 -0.355498
    10 1.312565 -0.000008 0.000000 -0.000002 0.054404 -0.409012
    11 0.729366 0.000002 -0.000002 -0.000001 0.040754 -0.240990
    12 3.941966 0.050853 -0.435186 -0.101499 0.042182 -0.269683
    13 1.539091 0.000008 -0.000002 0.000000 0.003737 -0.247812
    14 1.196321 0.000000 -0.000002 -0.000001 0.006168 -0.430818
    15 3.881376 -0.039219 0.427587 0.090105 -0.011419 -0.132542
    16 1.719578 0.000023 -0.000021 -0.039458 -0.167702 -0.315850
    17 1.209181 -0.000004 -0.000001 0.312038 0.209821 -0.320126
    18 3.863479 -0.132591 1.332139 0.320642 -0.041405 -0.125801
    19 1.719431 -0.000023 0.000019 0.000001 -0.106227 -0.347813
    20 1.099676 0.000000 0.000006 -0.000001 0.002585 -0.283860
    21 0.807586 -0.343252 1.320583 -1.186042 -0.555100 -0.957240
    22 1.789787 0.000006 0.000006 -0.000002 -0.003712 0.228604
    23 1.207012 0.000011 0.000000 0.068240 -0.043107 0.237799
    24 2.035156 0.997070 -1.937500 -1.667267 1.282923 2.944210
    25 6.028144 -0.000011 0.000002 1.564687 0.790501 -0.843187
    26 11.692577 0.000001 0.000004 -0.000376 -0.067070 -1.812320
    27 11.481657 0.000043 0.000019 -1.183853 0.520532 0.156063
    28 3.854334 -0.131699 1.199994 0.887977 0.041686 -0.500120
    29 1.312567 0.000000 0.000000 -0.076006 -0.203868 -0.258727
    30 0.729362 0.000004 0.000003 -0.250341 -0.135455 -0.179419
    31 3.941981 0.050872 0.435162 0.216346 -0.007336 -0.093776
    32 1.539089 0.000008 0.000003 -0.605562 0.126574 -1.244849
    33 1.196316 0.000004 0.000005 0.000000 -0.000162 -0.332870
    34 3.880859 -0.047028 -0.427490 0.051056 0.262892 -0.068599
    35 1.719567 0.000023 0.000016 -0.461231 0.032293 -1.105404
    36 1.209175 0.000008 0.000005 0.175617 0.055179 -0.367832
    37 3.867399 -0.148186 -1.324350 -0.134961 0.400676 -0.397685
    38 1.719419 -0.000008 -0.000008 -0.082106 -0.002364 -0.236718
    39 1.099667 -0.000004 -0.000001 -0.188224 0.009145 -1.119518
    40 0.807129 -0.358887 -1.316406 1.243203 0.551773 -0.740643
    41 1.789783 -0.000002 -0.000002 -0.000009 0.003711 0.228604
    42 1.207001 0.000009 0.000000 -0.023897 -0.040066 0.269693
    43 3.775391 -5.484375 -0.527832 -2.248284 -0.133216 -1.641882
  time 94
    0 -0.000003 -13.531250 -29.421875 1.570788 0.000007 -0.000007
    1 0.000000 3.345131 -2.981898 1.570789 0.086301 1.570789
    2 4.015625 0.000003 0.000000 0.000000 0.000000 -0.029241
    3 3.520294 0.000005 -0.000006 0.000000 0.000000 0.100332
    4 8.929688 0.000001 0.000000 0.000000 0.000000 0.194095
    5 2.036086 0.993556 1.937663 2.277236 -1.193109 2.299168
    6 6.028159 -0.000069 0.000009 -1.861587 -0.783626 -0.562394
    7 11.692566 0.000046 0.000011 0.088348 0.042559 -1.276896
    8 11.481682 0.000088 -0.000031 0.431893 -0.033493 0.012790
    9 3.858219 -0.135628 -1.192206 -0.363882 0.112047 -0.355498
    10 1.312565 -0.000008 0.000000 -0.000002 0.054404 -0.409012
    11 0.729366 0.000002 -0.000002 -0.000001 0.040754 -0.240990
    12 3.941966 0.050853 -0.435186 -0.101499 0.042182 -0.269683
    13 1.539091 0.000008 -0.000002 0.000000 0.003737 -0.247812
    14 1.196321 0.000000 -0.000002 -0.000001 0.006168 -0.430818
    15 3.881376 -0.039219 0.427587 0.090105 -0.011419 -0.132542
    16 1.719578 0.000023 -0.000021 -0.039458 -0.167702 -0.315850
    17 1.209181 -0.000004 -0.000001 0.312038 0.209821 -0.320126
    18 3.867386 -0.132591 1.332139 0.320642 -0.041405 -0.125801
    19 1.719431 -0.000023 0.000019 0.000001 -0.106227 -0.347813
    20 1.099676 0.000000 0.000006 -0.000001 0.002585 -0.283860
    21 0.807586 -0.343252 1.320583 -1.186042 -0.555100 -0.957240
    22 1.789787 0.000006 0.000006 -0.000002 -0.003712 0.228604
    23 1.207012 0.000011 0.000000 0.068240 -0.043107 0.237799
    24 2.035156 0.997070 -1.937500 -1.667267 1.282923 2.944210
    25 6.028144 -0.000011 0.000002 1.564687 0.790501 -0.843187
    26 11.692577 0.000001 0.000004 -0.000376 -0.067070 -1.812320
    27 11.481657 0.000043 0.000019 -1.183853 0.520532 0.156063
    28 3.854334 -0.131699 1.199994 0.887977 0.041686 -0.500120
    29 1.312567 0.000000 0.000000 -0.076006 -0.203868 -0.258727
    30 0.729362 0.000004 0.000003 -0.250341 -0.135455 -0.179419
    31 3.941981 0.050872 0.435162 0.216346 -0.007336 -0.093776
    32 1.539089 0.000008 0.000003 -0.605562 0.126574 -1.244849
    33 1.196316 0.000004 0.000005 0.000000 -0.000162 -0.332870
    34 3.880859 -0.047028 -0.427490 0.051056 0.262892 -0.068599
    35 1.719567 0.000023 0.000016 -0.461231 0.032293 -1.105404
    36 1.209175 0.000008 0.000005 0.175617 0.055179 -0.367832
    37 3.867399 -0.148186 -1.324350 -0.134961 0.400676 -0.397685
    38 1.719419 -0.000008 -0.000008 -0.082106 -0.002364 -0.236718
    39 1.099667 -0.000004 -0.000001 -0.188224 0.009145 -1.119518
    40 0.807129 -0.358887 -1.316406 1.243203 0.551773 -0.740643
    41 1.789783 -0.000002 -0.000002 -0.000009 0.003711 0.228604
    42 1.207001 0.000009 0.000000 -0.023897 -0.040066 0.269693
    43 3.775391 -5.484375 -0.527832 -2.248284 -0.133216 -1.641882
  time 95
    0 -0.000003 -13.531250 -29.421875 1.570788 0.000007 -0.000007
    1 0.000000 3.345131 -2.981898 1.570789 0.086301 1.570789
    2 4.015625 0.000003 0.000000 0.000000 0.000000 -0.029241
    3 3.520294 0.000005 -0.000006 0.000000 0.000000 0.100332
    4 8.929688 0.000001 0.000000 0.000000 0.000000 0.194095
    5 2.036086 0.993556 1.937663 2.297336 -1.187104 2.280462
    6 6.028159 -0.000069 0.000009 -1.870691 -0.793131 -0.554041
    7 11.692566 0.000046 0.000011 0.090398 0.039567 -1.256273
    8 11.481682 0.000088 -0.000031 0.424444 -0.020541 -0.003007
    9 3.858219 -0.135628 -1.192206 -0.363882 0.112047 -0.355498
    10 1.312565 -0.000008 0.000000 -0.000002 0.054404 -0.409012
    11 0.729366 0.000002 -0.000002 -0.000001 0.040754 -0.240990
    12 3.938059 0.050853 -0.435186 -0.101499 0.042182 -0.269683
    13 1.539091 0.000008 -0.000002 0.000000 0.003737 -0.247812
    14 1.196321 0.000000 -0.000002 -0.000001 0.006168 -0.430818
    15 3.881376 -0.039219 0.427587 0.090105 -0.011419 -0.132542
    16 1.719578 0.000023 -0.000021 -0.039458 -0.167702 -0.315850
    17 1.209181 -0.000004 -0.000001 0.312038 0.209821 -0.320126
    18 3.863479 -0.132591 1.332139 0.320642 -0.041405 -0.125801
    19 1.719431 -0.000023 0.000019 0.000001 -0.106227 -0.347813
    20 1.099676 0.000000 0.000006 -0.000001 0.002585 -0.283860
    21 0.807586 -0.343252 1.320583 -1.186042 -0.555100 -0.957240
    22 1.789787 0.000006 0.000006 -0.000002 -0.003712 0.228604
    23 1.207012 0.000011 0.000000 0.068240 -0.043107 0.237799
    24 2.035156 0.997070 -1.937500 -1.667267 1.282923 2.944210
    25 6.028144 -0.000011 0.000002 1.564687 0.790501 -0.843187
    26 11.692577 0.000001 0.000004 -0.000376 -0.067070 -1.812320
    27 11.481657 0.000043 0.000019 -1.183853 0.520532 0.156063
    28 3.854334 -0.131699 1.199994 0.887977 0.041686 -0.500120
    29 1.312567 0.000000 0.000000 -0.076006 -0.203868 -0.258727
    30 0.729362 0.000004 0.000003 -0.250341 -0.135455 -0.179419
    31 3.941981 0.050872 0.435162 0.216346 -0.007336 -0.093776
    32 1.539089 0.000008 0.000003 -0.605562 0.126574 -1.244849
    33 1.196316 0.000004 0.000005 0.000000 -0.000162 -0.332870
    34 3.880859 -0.047028 -0.427490 0.051056 0.262892 -0.068599
    35 1.719567 0.000023 0.000016 -0.461231 0.032293 -1.105404
    36 1.209175 0.000008 0.000005 0.175617 0.055179 -0.367832
    37 3.867399 -0.148186 -1.324350 -0.134961 0.400676 -0.397685
    38 1.719419 -0.000008 -0.000008 -0.082106 -0.002364 -0.236718
    39 1.099667 -0.000004 -0.000001 -0.188224 0.009145 -1.119518
    40 0.807129 -0.358887 -1.316406 1.243203 0.551773 -0.740643
    41 1.789783 -0.000002 -0.000002 -0.000009 0.003711 0.228604
    42 1.207001 0.000009 0.000000 -0.023897 -0.040066 0.269693
    43 3.775391 -5.484375 -0.527832 -2.248284 -0.133216 -1.641882
  time 96
    0 -0.000003 -13.531250 -29.421875 1.570788 0.000007 -0.000007
    1 0.000000 3.345131 -2.981898 1.570789 0.086301 1.570789
    2 4.015625 0.000003 0.000000 0.000000 0.000000 -0.029241
    3 3.520294 0.000005 -0.000006 0.000000 0.000000 0.100332
    4 8.929688 0.000001 0.000000 0.000000 0.000000 0.194095
    5 2.036086 0.993556 1.937663 2.314554 -1.181747 2.264506
    6 6.028159 -0.000069 0.000009 -1.878873 -0.801383 -0.546610
    7 11.692566 0.000046 0.000011 0.092207 0.036907 -1.238268
    8 11.481682 0.000088 -0.000031 0.417385 -0.008517 -0.016866
    9 3.854313 -0.139534 -1.192206 -0.363882 0.112047 -0.355498
    10 1.312565 -0.000008 0.000000 -0.000002 0.054404 -0.409012
    11 0.729366 0.000002 -0.000002 -0.000001 0.040754 -0.240990
    12 3.938059 0.050853 -0.435186 -0.101499 0.042182 -0.269683
    13 1.539091 0.000008 -0.000002 0.000000 0.003737 -0.247812
    14 1.196321 0.000000 -0.000002 -0.000001 0.006168 -0.430818
    15 3.881376 -0.043125 0.427587 0.090105 -0.011419 -0.132542
    16 1.719578 0.000023 -0.000021 -0.039458 -0.167702 -0.315850
    17 1.209181 -0.000004 -0.000001 0.312038 0.209821 -0.320126
    18 3.863479 -0.132591 1.332139 0.320642 -0.041405 -0.125801
    19 1.719431 -0.000023 0.000019 0.000001 -0.106227 -0.347813
    20 1.099676 0.000000 0.000006 -0.000001 0.002585 -0.283860
    21 0.807586 -0.347158 1.316677 -1.186042 -0.555100 -0.957240
    22 1.789787 0.000006 0.000006 -0.000002 -0.003712 0.228604
    23 1.207012 0.000011 0.000000 0.068240 -0.043107 0.237799
    24 2.035156 0.997070 -1.937500 -1.667267 1.282923 2.944210
    25 6.028144 -0.000011 0.000002 1.564687 0.790501 -0.843187
    26 11.692577 0.000001 0.000004 -0.000376 -0.067070 -1.812320
    27 11.481657 0.000043 0.000019 -1.183853 0.520532 0.156063
    28 3.854334 -0.131699 1.199994 0.887977 0.041686 -0.500120
    29 1.312567 0.000000 0.000000 -0.076006 -0.203868 -0.258727
    30 0.729362 0.000004 0.000003 -0.250341 -0.135455 -0.179419
    31 3.941981 0.050872 0.435162 0.216346 -0.007336 -0.093776
    32 1.539089 0.000008 0.000003 -0.605562 0.126574 -1.244849
    33 1.196316 0.000004 0.000005 0.000000 -0.000162 -0.332870
    34 3.880859 -0.047028 -0.427490 0.051056 0.262892 -0.068599
    35 1.719567 0.000023 0.000016 -0.461231 0.032293 -1.105404
    36 1.209175 0.000008 0.000005 0.175617 0.055179 -0.367832
    37 3.867399 -0.148186 -1.324350 -0.134961 0.400676 -0.397685
    38 1.719419 -0.000008 -0.000008 -0.082106 -0.002364 -0.236718
    39 1.099667 -0.000004 -0.000001 -0.188224 0.009145 -1.119518
    40 0.807129 -0.358887 -1.316406 1.243203 0.551773 -0.740643
    41 1.789783 -0.000002 -0.000002 -0.000009 0.003711 0.228604
    42 1.207001 0.000009 0.000000 -0.023897 -0.040066 0.269693
    43 3.775391 -5.484375 -0.527832 -2.248284 -0.133216 -1.641882
  time 97
    0 -0.000003 -13.531250 -29.421875 1.570788 0.000007 -0.000007
    1 0.000000 3.345131 -2.981898 1.570789 0.086301 1.570789
    2 4.015625 0.000003 0.000000 0.000000 0.000000 -0.029241
    3 3.520294 0.000005 -0.000006 0.000000 0.000000 0.100332
    4 8.929688 0.000001 0.000000 0.000000 0.000000 0.194095
    5 2.036086 0.993556 1.937663 2.330202 -1.176678 2.250018
    6 6.028159 -0.000069 0.000009 -1.886641 -0.808865 -0.539635
    7 11.692566 0.000046 0.000011 0.093897 0.034430 -1.221675
    8 11.481682 0.000088 -0.000031 0.410472 0.002960 -0.029675
    9 3.858219 -0.139534 -1.192206 -0.363882 0.112047 -0.355498
    10 1.312565 -0.000008 0.000000 -0.000002 0.054404 -0.409012
    11 0.729366 0.000002 -0.000002 -0.000001 0.040754 -0.240990
    12 3.941966 0.046947 -0.435186 -0.101499 0.042182 -0.269683
    13 1.539091 0.000008 -0.000002 0.000000 0.003737 -0.247812
    14 1.196321 0.000000 -0.000002 -0.000001 0.006168 -0.430818
    15 3.881376 -0.039219 0.427587 0.090105 -0.011419 -0.132542
    16 1.719578 0.000023 -0.000021 -0.039458 -0.167702 -0.315850
    17 1.209181 -0.000004 -0.000001 0.312038 0.209821 -0.320126
    18 3.863479 -0.132591 1.332139 0.320642 -0.041405 -0.125801
    19 1.719431 -0.000023 0.000019 0.000001 -0.106227 -0.347813
    20 1.099676 0.000000 0.000006 -0.000001 0.002585 -0.283860
    21 0.807586 -0.343252 1.320583 -1.186042 -0.555100 -0.957240
    22 1.789787 0.000006 0.000006 -0.000002 -0.003712 0.228604
    23 1.207012 0.000011 0.000000 0.068240 -0.043107 0.237799
    24 2.035156 0.997070 -1.937500 -1.667267 1.282923 2.944210
    25 6.028144 -0.000011 0.000002 1.564687 0.790501 -0.843187
    26 11.692577 0.000001 0.000004 -0.000376 -0.067070 -1.812320
    27 11.481657 0.000043 0.000019 -1.183853 0.520532 0.156063
    28 3.854334 -0.131699 1.199994 0.887977 0.041686 -0.500120
    29 1.312567 0.000000 0.000000 -0.076006 -0.203868 -0.258727
    30 0.729362 0.000004 0.000003 -0.250341 -0.135455 -0.179419
    31 3.941981 0.050872 0.435162 0.216346 -0.007336 -0.093776
    32 1.539089 0.000008 0.000003 -0.605562 0.126574 -1.244849
    33 1.196316 0.000004 0.000005 0.000000 -0.000162 -0.332870
    34 3.880859 -0.047028 -0.427490 0.051056 0.262892 -0.068599
    35 1.719567 0.000023 0.000016 -0.461231 0.032293 -1.105404
    36 1.209175 0.000008 0.000005 0.175617 0.055179 -0.367832
    37 3.867399 -0.148186 -1.324350 -0.134961 0.400676 -0.397685
    38 1.719419 -0.000008 -0.000008 -0.082106 -0.002364 -0.236718
    39 1.099667 -0.000004 -0.000001 -0.188224 0.009145 -1.119518
    40 0.807129 -0.358887 -1.316406 1.243203 0.551773 -0.740643
    41 1.789783 -0.000002 -0.000002 -0.000009 0.003711 0.228604
    42 1.207001 0.000009 0.000000 -0.023897 -0.040066 0.269693
    43 3.775391 -5.484375 -0.527832 -2.248284 -0.133216 -1.641882
  time 98
    0 -0.000003 -13.531250 -29.421875 1.570788 0.000007 -0.000007
    1 0.000000 3.345131 -2.981898 1.570789 0.086301 1.570789
    2 4.015625 0.000003 0.000000 0.000000 0.000000 -0.029241
    3 3.520294 0.000005 -0.000006 0.000000 0.000000 0.100332
    4 8.929688 0.000001 0.000000 0.000000 0.000000 0.194095
    5 2.036086 0.993556 1.937663 2.345522 -1.171525 2.235836
    6 6.028159 -0.000069 0.000009 -1.894560 -0.816218 -0.532612
    7 11.692566 0.000046 0.000011 0.095599 0.031936 -1.205136
    8 11.481682 0.000088 -0.000031 0.403315 0.014239 -0.042352
    9 3.854313 -0.135628 -1.192206 -0.363882 0.112047 -0.355498
    10 1.312565 -0.000008 0.000000 -0.000002 0.054404 -0.409012
    11 0.729366 0.000002 -0.000002 -0.000001 0.040754 -0.240990
    12 3.938059 0.050853 -0.435186 -0.101499 0.042182 -0.269683
    13 1.539091 0.000008 -0.000002 0.000000 0.003737 -0.247812
    14 1.196321 0.000000 -0.000002 -0.000001 0.006168 -0.430818
    15 3.881376 -0.039219 0.427587 0.090105 -0.011419 -0.132542
    16 1.719578 0.000023 -0.000021 -0.039458 -0.167702 -0.315850
    17 1.209181 -0.000004 -0.000001 0.312038 0.209821 -0.320126
    18 3.867386 -0.132591 1.332139 0.320642 -0.041405 -0.125801
    19 1.719431 -0.000023 0.000019 0.000001 -0.106227 -0.347813
    20 1.099676 0.000000 0.000006 -0.000001 0.002585 -0.283860
    21 0.807586 -0.343252 1.320583 -1.186042 -0.555100 -0.957240
    22 1.789787 0.000006 0.000006 -0.000002 -0.003712 0.228604
    23 1.207012 0.000011 0.000000 0.068240 -0.043107 0.237799
    24 2.035156 0.997070 -1.937500 -1.667267 1.282923 2.944210
    25 6.028144 -0.000011 0.000002 1.564687 0.790501 -0.843187
    26 11.692577 0.000001 0.000004 -0.000376 -0.067070 -1.812320
    27 11.481657 0.000043 0.000019 -1.183853 0.520532 0.156063
    28 3.854334 -0.131699 1.199994 0.887977 0.041686 -0.500120
    29 1.312567 0.000000 0.000000 -0.076006 -0.203868 -0.258727
    30 0.729362 0.000004 0.000003 -0.250341 -0.135455 -0.179419
    31 3.941981 0.050872 0.435162 0.216346 -0.007336 -0.093776
    32 1.539089 0.000008 0.000003 -0.605580 0.126574 -1.244849
    33 1.196316 0.000004 0.000005 0.000000 -0.000162 -0.332870
    34 3.880859 -0.047028 -0.427490 0.051056 0.262892 -0.068599
    35 1.719567 0.000023 0.000016 -0.461231 0.032293 -1.105404
    36 1.209175 0.000008 0.000005 0.175617 0.055179 -0.367832
    37 3.867399 -0.148186 -1.324350 -0.134961 0.400676 -0.397685
    38 1.719419 -0.000008 -0.000008 -0.082106 -0.002364 -0.236718
    39 1.099667 -0.000004 -0.000001 -0.188224 0.009145 -1.119518
    40 0.807129 -0.358887 -1.316406 1.243203 0.551773 -0.740643
    41 1.789783 -0.000002 -0.000002 -0.000009 0.003711 0.228604
    42 1.207001 0.000009 0.000000 -0.023897 -0.040066 0.269693
    43 3.775391 -5.484375 -0.527832 -2.248284 -0.133216 -1.641882
  time 99
    0 -0.000003 -13.531250 -29.421875 1.570788 0.000007 -0.000007
    1 0.000000 3.345131 -2.981898 1.570789 0.086301 1.570789
    2 4.015625 0.000003 0.000000 0.000000 0.000000 -0.029241
    3 3.520294 0.000005 -0.000006 0.000000 0.000000 0.100332
    4 8.929688 0.000001 0.000000 0.000000 0.000000 0.194095
    5 2.036086 0.993556 1.937663 2.360515 -1.166299 2.221989
    6 6.028159 -0.000069 0.000009 -1.902573 -0.823378 -0.525541
    7 11.692566 0.000046 0.000011 0.097313 0.029426 -1.188700
    8 11.481682 0.000088 -0.000031 0.395964 0.025286 -0.054864
    9 3.858219 -0.135628 -1.192206 -0.363882 0.112047 -0.355498
    10 1.312565 -0.000008 0.000000 -0.000002 0.054404 -0.409012
    11 0.729366 0.000002 -0.000002 -0.000001 0.040754 -0.240990
    12 3.941966 0.050853 -0.435186 -0.101499 0.042182 -0.269683
    13 1.539091 0.000008 -0.000002 0.000000 0.003737 -0.247812
    14 1.196321 0.000000 -0.000002 -0.000001 0.006168 -0.430818
    15 3.881376 -0.039219 0.427587 0.090105 -0.011419 -0.132542
    16 1.719578 0.000023 -0.000021 -0.039458 -0.167702 -0.315850
    17 1.209181 -0.000004 -0.000001 0.312038 0.209821 -0.320126
    18 3.867386 -0.132591 1.332139 0.320642 -0.041405 -0.125801
    19 1.719431 -0.000023 0.000019 0.000001 -0.106227 -0.347813
    20 1.099676 0.000000 0.000006 -0.000001 0.002585 -0.283860
    21 0.807586 -0.343252 1.320583 -1.186042 -0.555100 -0.957240
    22 1.789787 0.000006 0.000006 -0.000002 -0.003712 0.228604
    23 1.207012 0.000011 0.000000 0.068240 -0.043107 0.237799
    24 2.035156 0.997070 -1.937500 -1.667267 1.282923 2.944210
    25 6.028144 -0.000011 0.000002 1.564699 0.790525 -0.843175
    26 11.692577 0.000001 0.000004 -0.000376 -0.067057 -1.812267
    27 11.481657 0.000043 0.000019 -1.183853 0.520532 0.156063
    28 3.854334 -0.131699 1.199994 0.887977 0.041686 -0.500120
    29 1.312567 0.000000 0.000000 -0.076006 -0.203868 -0.258727
    30 0.729362 0.000004 0.000003 -0.250341 -0.135455 -0.179419
    31 3.941981 0.050872 0.435162 0.216346 -0.007336 -0.093776
    32 1.539089 0.000008 0.000003 -0.605562 0.126574 -1.244879
    33 1.196316 0.000004 0.000005 0.000000 -0.000162 -0.332870
    34 3.880859 -0.047028 -0.427490 0.051056 0.262892 -0.068599
    35 1.719567 0.000023 0.000016 -0.461231 0.032293 -1.105404
    36 1.209175 0.000008 0.000005 0.175617 0.055179 -0.367832
    37 3.867399 -0.148186 -1.324350 -0.134961 0.400676 -0.397685
    38 1.719419 -0.000008 -0.000008 -0.082106 -0.002364 -0.236718
    39 1.099667 -0.000004 -0.000001 -0.188224 0.009145 -1.119518
    40 0.807129 -0.358887 -1.316406 1.243203 0.551773 -0.740643
    41 1.789783 -0.000002 -0.000002 -0.000009 0.003711 0.228604
    42 1.207001 0.000009 0.000000 -0.023897 -0.040066 0.269693
    43 3.775391 -5.484375 -0.527832 -2.248284 -0.133216 -1.641882
  time 100
    0 -0.000003 -13.531250 -29.421875 1.570788 0.000007 -0.000007
    1 0.000000 3.345131 -2.981898 1.570789 0.086301 1.570789
    2 4.015625 0.000003 0.000000 0.000000 0.000000 -0.029241
    3 3.520294 0.000005 -0.000006 0.000000 0.000000 0.100332
    4 8.929688 0.000001 0.000000 0.000000 0.000000 0.194095
    5 2.036086 0.993556 1.937663 2.375147 -1.161014 2.208449
    6 6.028159 -0.000069 0.000009 -1.910737 -0.830378 -0.518423
    7 11.692566 0.000046 0.000011 0.099027 0.026899 -1.172318
    8 11.481682 0.000088 -0.000031 0.388466 0.036117 -0.067229
    9 3.858219 -0.139534 -1.192206 -0.363882 0.112047 -0.355498
    10 1.312565 -0.000008 0.000000 -0.000002 0.054404 -0.409012
    11 0.729366 0.000002 -0.000002 -0.000001 0.040754 -0.240990
    12 3.941966 0.050853 -0.435186 -0.101499 0.042182 -0.269683
    13 1.539091 0.000008 -0.000002 0.000000 0.003737 -0.247812
    14 1.196321 0.000000 -0.000002 -0.000001 0.006168 -0.430818
    15 3.881376 -0.039219 0.427587 0.090105 -0.011419 -0.132542
    16 1.719578 0.000023 -0.000021 -0.039458 -0.167702 -0.315850
    17 1.209181 -0.000004 -0.000001 0.312038 0.209821 -0.320126
    18 3.867386 -0.132591 1.332139 0.320642 -0.041405 -0.125801
    19 1.719431 -0.000023 0.000019 0.000001 -0.106227 -0.347813
    20 1.099676 0.000000 0.000006 -0.000001 0.002585 -0.283860
    21 0.807586 -0.343252 1.320583 -1.186042 -0.555100 -0.957240
    22 1.789787 0.000006 0.000006 -0.000002 -0.003712 0.228604
    23 1.207012 0.000011 0.000000 0.068240 -0.043107 0.237799
    24 2.035156 0.997070 -1.937500 -1.667267 1.282923 2.944210
    25 6.028144 -0.000011 0.000002 1.564711 0.790575 -0.843175
    26 11.692577 0.000001 0.000004 -0.000376 -0.067057 -1.812267
    27 11.481657 0.000043 0.000019 -1.183853 0.520532 0.156063
    28 3.858240 -0.131699 1.199994 0.887977 0.041686 -0.500120
    29 1.312567 0.000000 0.000000 -0.076006 -0.203868 -0.258727
    30 0.729362 0.000004 0.000003 -0.250341 -0.135455 -0.179419
    31 3.941981 0.050872 0.435162 0.216346 -0.007336 -0.093776
    32 1.539089 0.000008 0.000003 -0.605562 0.126574 -1.244849
    33 1.196316 0.000004 0.000005 0.000000 -0.000162 -0.332870
    34 3.880859 -0.047028 -0.427490 0.051056 0.262892 -0.068599
    35 1.719567 0.000023 0.000016 -0.461231 0.032293 -1.105404
    36 1.209175 0.000008 0.000005 0.175617 0.055179 -0.367832
    37 3.867399 -0.148186 -1.324350 -0.134961 0.400676 -0.397685
    38 1.719419 -0.000008 -0.000008 -0.082106 -0.002364 -0.236718
    39 1.099667 -0.000004 -0.000001 -0.188224 0.009145 -1.119518
    40 0.807129 -0.358887 -1.316406 1.243203 0.551773 -0.740643
    41 1.789783 -0.000002 -0.000002 -0.000009 0.003711 0.228604
    42 1.207001 0.000009 0.000000 -0.023897 -0.040066 0.269693
    43 3.775391 -5.484375 -0.527832 -2.248284 -0.133216 -1.641882
  time 101
    0 -0.000003 -13.531250 -29.421875 1.570788 0.000007 -0.000007
    1 0.000000 3.345131 -2.981898 1.570789 0.086301 1.570789
    2 4.015625 0.000003 0.000000 0.000000 0.000000 -0.029241
    3 3.520294 0.000005 -0.000006 0.000000 0.000000 0.100332
    4 8.929688 0.000001 0.000000 0.000000 0.000000 0.194095
    5 2.036086 0.993556 1.937663 2.389485 -1.155657 2.195275
    6 6.028159 -0.000069 0.000009 -1.918976 -0.837185 -0.511280
    7 11.692566 0.000046 0.000011 0.100740 0.024372 -1.156039
    8 11.481682 0.000088 -0.000031 0.380774 0.046717 -0.079414
    9 3.854313 -0.135628 -1.192206 -0.363882 0.112047 -0.355498
    10 1.312565 -0.000008 0.000000 -0.000002 0.054404 -0.409012
    11 0.729366 0.000002 -0.000002 -0.000001 0.040754 -0.240990
    12 3.938059 0.050853 -0.435186 -0.101499 0.042182 -0.269683
    13 1.539091 0.000008 -0.000002 0.000000 0.003737 -0.247812
    14 1.196321 0.000000 -0.000002 -0.000001 0.006168 -0.430818
    15 3.881376 -0.039219 0.427587 0.090105 -0.011419 -0.132542
    16 1.719578 0.000023 -0.000021 -0.039458 -0.167702 -0.315850
    17 1.209181 -0.000004 -0.000001 0.312038 0.209821 -0.320126
    18 3.863479 -0.132591 1.332139 0.320642 -0.041405 -0.125801
    19 1.719431 -0.000023 0.000019 0.000001 -0.106227 -0.347813
    20 1.099676 0.000000 0.000006 -0.000001 0.002585 -0.283860
    21 0.807586 -0.343252 1.320583 -1.186042 -0.555100 -0.957240
    22 1.789787 0.000006 0.000006 -0.000002 -0.003712 0.228604
    23 1.207012 0.000011 0.000000 0.068240 -0.043107 0.237799
    24 2.035156 0.997070 -1.937500 -1.667267 1.282923 2.944210
    25 6.028144 -0.000011 0.000002 1.564735 0.790600 -0.843163
    26 11.692577 0.000001 0.000004 -0.000376 -0.067044 -1.812267
    27 11.481657 0.000043 0.000019 -1.183853 0.520532 0.156063
    28 3.854334 -0.131699 1.199994 0.887977 0.041686 -0.500120
    29 1.312567 0.000000 0.000000 -0.076006 -0.203868 -0.258727
    30 0.729362 0.000004 0.000003 -0.250341 -0.135455 -0.179419
    31 3.941981 0.050872 0.435162 0.216346 -0.007336 -0.093776
    32 1.539089 0.000008 0.000003 -0.605562 0.126574 -1.244879
    33 1.196316 0.000004 0.000005 0.000000 -0.000162 -0.332870
    34 3.880859 -0.047028 -0.427490 0.051056 0.262892 -0.068599
    35 1.719567 0.000023 0.000016 -0.461231 0.032293 -1.105404
    36 1.209175 0.000008 0.000005 0.175617 0.055179 -0.367832
    37 3.867399 -0.148186 -1.324350 -0.134961 0.400676 -0.397685
    38 1.719419 -0.000008 -0.000008 -0.082106 -0.002364 -0.236718
    39 1.099667 -0.000004 -0.000001 -0.188224 0.009145 -1.119518
    40 0.807129 -0.358887 -1.316406 1.243203 0.551773 -0.740643
    41 1.789783 -0.000002 -0.000002 -0.000009 0.003711 0.228604
    42 1.207001 0.000009 0.000000 -0.023897 -0.040066 0.269693
    43 3.775391 -5.484375 -0.527832 -2.248284 -0.133216 -1.641882
  time 102
    0 -0.000003 -13.531250 -29.421875 1.570788 0.000007 -0.000007
    1 0.000000 3.345131 -2.981898 1.570789 0.086301 1.570789
    2 4.015625 0.000003 0.000000 0.000000 0.000000 -0.029241
    3 3.520294 0.000005 -0.000006 0.000000 0.000000 0.100332
    4 8.929688 0.000001 0.000000 0.000000 0.000000 0.194095
    5 2.036086 0.993556 1.937663 2.403463 -1.150252 2.182407
    6 6.028159 -0.000069 0.000009 -1.927327 -0.843832 -0.504113
    7 11.692566 0.000046 0.000011 0.102466 0.021845 -1.139866
    8 11.481682 0.000088 -0.000031 0.372936 0.057068 -0.091450
    9 3.858219 -0.135628 -1.192206 -0.363882 0.112047 -0.355498
    10 1.312565 -0.000008 0.000000 -0.000002 0.054404 -0.409012
    11 0.729366 0.000002 -0.000002 -0.000001 0.040754 -0.240990
    12 3.941966 0.050853 -0.435186 -0.101499 0.042182 -0.269683
    13 1.539091 0.000008 -0.000002 0.000000 0.003737 -0.247812
    14 1.196321 0.000000 -0.000002 -0.000001 0.006168 -0.430818
    15 3.881376 -0.039219 0.427587 0.090105 -0.011419 -0.132542
    16 1.719578 0.000023 -0.000021 -0.039458 -0.167702 -0.315850
    17 1.209181 -0.000004 -0.000001 0.312038 0.209821 -0.320126
    18 3.867386 -0.132591 1.332139 0.320642 -0.041405 -0.125801
    19 1.719431 -0.000023 0.000019 0.000001 -0.106227 -0.347813
    20 1.099676 0.000000 0.000006 -0.000001 0.002585 -0.283860
    21 0.807586 -0.343252 1.320583 -1.186042 -0.555100 -0.957240
    22 1.789787 0.000006 0.000006 -0.000002 -0.003712 0.228604
    23 1.207012 0.000011 0.000000 0.068240 -0.043107 0.237799
    24 2.035156 0.997070 -1.937500 -1.667267 1.282923 2.944210
    25 6.028144 -0.000011 0.000002 1.564759 0.790649 -0.843151
    26 11.692577 0.000001 0.000004 -0.000376 -0.067032 -1.812267
    27 11.481657 0.000043 0.000019 -1.183853 0.520532 0.156063
    28 3.858240 -0.131699 1.199994 0.887977 0.041686 -0.500120
    29 1.312567 0.000000 0.000000 -0.076006 -0.203868 -0.258727
    30 0.729362 0.000004 0.000003 -0.250341 -0.135455 -0.179419
    31 3.941981 0.050872 0.435162 0.216346 -0.007336 -0.093776
    32 1.539089 0.000008 0.000003 -0.605562 0.126574 -1.244849
    33 1.196316 0.000004 0.000005 0.000000 -0.000162 -0.332870
    34 3.880859 -0.047028 -0.427490 0.051056 0.262892 -0.068599
    35 1.719567 0.000023 0.000016 -0.461231 0.032293 -1.105404
    36 1.209175 0.000008 0.000005 0.175617 0.055179 -0.367832
    37 3.867399 -0.148186 -1.324350 -0.134961 0.400676 -0.397685
    38 1.719419 -0.000008 -0.000008 -0.082106 -0.002364 -0.236718
    39 1.099667 -0.000004 -0.000001 -0.188224 0.009145 -1.119518
    40 0.807129 -0.358887 -1.316406 1.243203 0.551773 -0.740643
    41 1.789783 -0.000002 -0.000002 -0.000009 0.003711 0.228604
    42 1.207001 0.000009 0.000000 -0.023897 -0.040066 0.269693
    43 3.775391 -5.484375 -0.527832 -2.248284 -0.133216 -1.641882
  time 103
    0 -0.000003 -13.531250 -29.421875 1.570788 0.000007 -0.000007
    1 0.000000 3.345131 -2.981898 1.570789 0.086301 1.570789
    2 4.015625 0.000003 0.000000 0.000000 0.000000 -0.029241
    3 3.520294 0.000005 -0.000006 0.000000 0.000000 0.100332
    4 8.929688 0.000001 0.000000 0.000000 0.000000 0.194095
    5 2.036086 0.993556 1.937663 2.417081 -1.144799 2.169875
    6 6.028159 -0.000069 0.000009 -1.935754 -0.850254 -0.496922
    7 11.692566 0.000046 0.000011 0.104180 0.019301 -1.123849
    8 11.481682 0.000088 -0.000031 0.365000 0.067171 -0.103306
    9 3.858219 -0.135628 -1.192206 -0.363882 0.112047 -0.355498
    10 1.312565 -0.000008 0.000000 -0.000002 0.054404 -0.409012
    11 0.729366 0.000002 -0.000002 -0.000001 0.040754 -0.240990
    12 3.941966 0.050853 -0.435186 -0.101499 0.042182 -0.269683
    13 1.539091 0.000008 -0.000002 0.000000 0.003737 -0.247812
    14 1.196321 0.000000 -0.000002 -0.000001 0.006168 -0.430818
    15 3.881376 -0.039219 0.427587 0.090105 -0.011419 -0.132542
    16 1.719578 0.000023 -0.000021 -0.039458 -0.167702 -0.315850
    17 1.209181 -0.000004 -0.000001 0.312038 0.209821 -0.320126
    18 3.863479 -0.132591 1.332139 0.320642 -0.041405 -0.125801
    19 1.719431 -0.000023 0.000019 0.000001 -0.106227 -0.347813
    20 1.099676 0.000000 0.000006 -0.000001 0.002585 -0.283860
    21 0.807586 -0.343252 1.320583 -1.186042 -0.555100 -0.957240
    22 1.789787 0.000006 0.000006 -0.000002 -0.003712 0.228604
    23 1.207012 0.000011 0.000000 0.068240 -0.043107 0.237799
    24 2.035156 0.997070 -1.937500 -1.667267 1.282923 2.944210
    25 6.028144 -0.000011 0.000002 1.564783 0.790699 -0.843127
    26 11.692577 0.000001 0.000004 -0.000376 -0.067019 -1.812213
    27 11.481657 0.000043 0.000019 -1.183853 0.520532 0.156063
    28 3.858240 -0.131699 1.199994 0.887977 0.041686 -0.500120
    29 1.312567 0.000000 0.000000 -0.076006 -0.203868 -0.258727
    30 0.729362 0.000004 0.000003 -0.250341 -0.135455 -0.179419
    31 3.941981 0.050872 0.435162 0.216346 -0.007336 -0.093776
    32 1.539089 0.000008 0.000003 -0.605562 0.126574 -1.244849
    33 1.196316 0.000004 0.000005 0.000000 -0.000162 -0.332870
    34 3.880859 -0.047028 -0.427490 0.051056 0.262892 -0.068599
    35 1.719567 0.000023 0.000016 -0.461231 0.032293 -1.105404
    36 1.209175 0.000008 0.000005 0.175617 0.055179 -0.367832
    37 3.867399 -0.148186 -1.324350 -0.134961 0.400676 -0.397685
    38 1.719419 -0.000008 -0.000008 -0.082106 -0.002364 -0.236718
    39 1.099667 -0.000004 -0.000001 -0.188224 0.009145 -1.119518
    40 0.807129 -0.358887 -1.316406 1.243203 0.551773 -0.740643
    41 1.789783 -0.000002 -0.000002 -0.000009 0.003711 0.228604
    42 1.207001 0.000009 0.000000 -0.023897 -0.040066 0.269693
    43 3.775391 -5.484375 -0.527832 -2.248284 -0.133216 -1.641882
  time 104
    0 -0.000003 -13.531250 -29.421875 1.570788 0.000007 -0.000007
    1 0.000000 3.345131 -2.981898 1.570789 0.086301 1.570789
    2 4.015625 0.000003 0.000000 0.000000 0.000000 -0.029241
    3 3.520294 0.000005 -0.000006 0.000000 0.000000 0.100332
    4 8.929688 0.000001 0.000000 0.000000 0.000000 0.194095
    5 2.036086 0.993556 1.937663 2.430371 -1.139310 2.157710
    6 6.028159 -0.000069 0.000009 -1.944256 -0.856515 -0.489731
    7 11.692566 0.000046 0.000011 0.105906 0.016774 -1.107990
    8 11.481682 0.000088 -0.000031 0.356967 0.077026 -0.114998
    9 3.854313 -0.135628 -1.192206 -0.363882 0.112047 -0.355498
    10 1.312565 -0.000008 0.000000 -0.000002 0.054404 -0.409012
    11 0.729366 0.000002 -0.000002 -0.000001 0.040754 -0.240990
    12 3.938059 0.050853 -0.435186 -0.101499 0.042182 -0.269683
    13 1.539091 0.000008 -0.000002 0.000000 0.003737 -0.247812
    14 1.196321 0.000000 -0.000002 -0.000001 0.006168 -0.430818
    15 3.881376 -0.039219 0.427587 0.090105 -0.011419 -0.132542
    16 1.719578 0.000023 -0.000021 -0.039458 -0.167690 -0.315850
    17 1.209181 -0.000004 -0.000001 0.312038 0.209821 -0.320126
    18 3.863479 -0.132591 1.332139 0.320642 -0.041405 -0.125801
    19 1.719431 -0.000023 0.000019 0.000001 -0.106227 -0.347813
    20 1.099676 0.000000 0.000006 -0.000001 0.002585 -0.283860
    21 0.807586 -0.343252 1.320583 -1.186042 -0.555100 -0.957240
    22 1.789787 0.000006 0.000006 -0.000002 -0.003712 0.228604
    23 1.207012 0.000011 0.000000 0.068240 -0.043107 0.237799
    24 2.035156 0.997070 -1.937500 -1.667267 1.282923 2.944210
    25 6.028144 -0.000011 0.000002 1.564819 0.790773 -0.843115
    26 11.692577 0.000001 0.000004 -0.000376 -0.066994 -1.812213
    27 11.481657 0.000043 0.000019 -1.183853 0.520532 0.156063
    28 3.858240 -0.131699 1.199994 0.887977 0.041686 -0.500120
    29 1.312567 0.000000 0.000000 -0.076006 -0.203868 -0.258727
    30 0.729362 0.000004 0.000003 -0.250341 -0.135455 -0.179419
    31 3.938074 0.050872 0.435162 0.216346 -0.007336 -0.093776
    32 1.539089 0.000008 0.000003 -0.605562 0.126574 -1.244849
    33 1.196316 0.000004 0.000005 0.000000 -0.000162 -0.332870
    34 3.880859 -0.047028 -0.427490 0.051056 0.262892 -0.068599
    35 1.719567 0.000023 0.000016 -0.461231 0.032293 -1.105404
    36 1.209175 0.000008 0.000005 0.175617 0.055179 -0.367832
    37 3.867399 -0.148186 -1.324350 -0.134961 0.400676 -0.397685
    38 1.719419 -0.000008 -0.000008 -0.082106 -0.002364 -0.236718
    39 1.099667 -0.000004 -0.000001 -0.188224 0.009145 -1.119518
    40 0.807129 -0.358887 -1.316406 1.243203 0.551773 -0.740643
    41 1.789783 -0.000002 -0.000002 -0.000009 0.003711 0.228604
    42 1.207001 0.000009 0.000000 -0.023897 -0.040066 0.269693
    43 3.775391 -5.484375 -0.527832 -2.248284 -0.133216 -1.641882
  time 105
    0 -0.000003 -13.531250 -29.421875 1.570788 0.000007 -0.000007
    1 0.000000 3.345131 -2.981898 1.570789 0.086301 1.570789
    2 4.015625 0.000003 0.000000 0.000000 0.000000 -0.029241
    3 3.520294 0.000005 -0.000006 0.000000 0.000000 0.100332
    4 8.929688 0.000001 0.000000 0.000000 0.000000 0.194095
    5 2.036086 0.993556 1.937663 2.443301 -1.133809 2.145881
    6 6.028159 -0.000069 0.000009 -1.952796 -0.862584 -0.482541
    7 11.692566 0.000046 0.000011 0.107620 0.014231 -1.092287
    8 11.481682 0.000088 -0.000031 0.348837 0.086599 -0.126493
    9 3.858219 -0.135628 -1.192206 -0.363882 0.112047 -0.355498
    10 1.312565 -0.000008 0.000000 -0.000002 0.054404 -0.409012
    11 0.729366 0.000002 -0.000002 -0.000001 0.040754 -0.240990
    12 3.938059 0.050853 -0.435186 -0.101499 0.042182 -0.269683
    13 1.539091 0.000008 -0.000002 0.000000 0.003737 -0.247812
    14 1.196321 0.000000 -0.000002 -0.000001 0.006168 -0.430818
    15 3.881376 -0.039219 0.427587 0.090105 -0.011419 -0.132542
    16 1.719578 0.000023 -0.000021 -0.039458 -0.167702 -0.315850
    17 1.209181 -0.000004 -0.000001 0.312038 0.209821 -0.320126
    18 3.863479 -0.132591 1.332139 0.320642 -0.041405 -0.125801
    19 1.719431 -0.000023 0.000019 0.000001 -0.106227 -0.347813
    20 1.099676 0.000000 0.000006 -0.000001 0.002585 -0.283860
    21 0.807586 -0.343252 1.320583 -1.186042 -0.555100 -0.957240
    22 1.789787 0.000006 0.000006 -0.000002 -0.003712 0.228604
    23 1.207012 0.000011 0.000000 0.068240 -0.043107 0.237799
    24 2.035156 0.997070 -1.937500 -1.667267 1.282923 2.944210
    25 6.028144 -0.000011 0.000002 1.564855 0.790847 -0.843091
    26 11.692577 0.000001 0.000004 -0.000376 -0.066981 -1.812160
    27 11.481657 0.000043 0.000019 -1.183853 0.520532 0.156063
    28 3.854334 -0.131699 1.199994 0.887977 0.041686 -0.500120
    29 1.312567 0.000000 0.000000 -0.076006 -0.203868 -0.258727
    30 0.729362 0.000004 0.000003 -0.250341 -0.135455 -0.179419
    31 3.941981 0.050872 0.435162 0.216346 -0.007336 -0.093776
    32 1.539089 0.000008 0.000003 -0.605562 0.126574 -1.244849
    33 1.196316 0.000004 0.000005 0.000000 -0.000162 -0.332870
    34 3.880859 -0.047028 -0.427490 0.051056 0.262892 -0.068599
    35 1.719567 0.000023 0.000016 -0.461231 0.032293 -1.105404
    36 1.209175 0.000008 0.000005 0.175617 0.055179 -0.367832
    37 3.867399 -0.148186 -1.324350 -0.134961 0.400676 -0.397685
    38 1.719419 -0.000008 -0.000008 -0.082106 -0.002364 -0.236718
    39 1.099667 -0.000004 -0.000001 -0.188224 0.009145 -1.119518
    40 0.807129 -0.358887 -1.316406 1.243203 0.551773 -0.740643
    41 1.789783 -0.000002 -0.000002 -0.000009 0.003711 0.228604
    42 1.207001 0.000009 0.000000 -0.023897 -0.040066 0.269693
    43 3.775391 -5.484375 -0.527832 -2.248284 -0.133216 -1.641882
  time 106
    0 -0.000003 -13.531250 -29.421875 1.570788 0.000007 -0.000007
    1 0.000000 3.345131 -2.981898 1.570789 0.086301 1.570789
    2 4.015625 0.000003 0.000000 0.000000 0.000000 -0.029241
    3 3.520294 0.000005 -0.000006 0.000000 0.000000 0.100332
    4 8.929688 0.000001 0.000000 0.000000 0.000000 0.194095
    5 2.036086 0.993556 1.937663 2.455872 -1.128284 2.134388
    6 6.028159 -0.000069 0.000009 -1.961392 -0.868428 -0.475374
    7 11.692566 0.000046 0.000011 0.109321 0.011704 -1.076794
    8 11.481682 0.000088 -0.000031 0.340658 0.095906 -0.137807
    9 3.858219 -0.135628 -1.192206 -0.363882 0.112047 -0.355498
    10 1.312565 -0.000008 0.000000 -0.000002 0.054404 -0.409012
    11 0.729366 0.000002 -0.000002 -0.000001 0.040754 -0.240990
    12 3.941966 0.050853 -0.435186 -0.101499 0.042182 -0.269683
    13 1.539091 0.000008 -0.000002 0.000000 0.003737 -0.247812
    14 1.196321 0.000000 -0.000002 -0.000001 0.006168 -0.430818
    15 3.881376 -0.039219 0.427587 0.090105 -0.011419 -0.132542
    16 1.719578 0.000023 -0.000021 -0.039458 -0.167690 -0.315850
    17 1.209181 -0.000004 -0.000001 0.312038 0.209821 -0.320126
    18 3.863479 -0.132591 1.332139 0.320642 -0.041405 -0.125801
    19 1.719431 -0.000023 0.000019 0.000001 -0.106227 -0.347813
    20 1.099676 0.000000 0.000006 -0.000001 0.002585 -0.283860
    21 0.807586 -0.343252 1.320583 -1.186042 -0.555100 -0.957240
    22 1.789787 0.000006 0.000006 -0.000002 -0.003712 0.228604
    23 1.207012 0.000011 0.000000 0.068240 -0.043107 0.237799
    24 2.035156 0.997070 -1.937500 -1.667267 1.282923 2.944210
    25 6.028144 -0.000011 0.000002 1.564903 0.790922 -0.843067
    26 11.692577 0.000001 0.000004 -0.000376 -0.066955 -1.812160
    27 11.481657 0.000043 0.000019 -1.183853 0.520532 0.156063
    28 3.858240 -0.131699 1.199994 0.887977 0.041686 -0.500120
    29 1.312567 0.000000 0.000000 -0.076006 -0.203868 -0.258727
    30 0.729362 0.000004 0.000003 -0.250341 -0.135455 -0.179419
    31 3.941981 0.050872 0.435162 0.216346 -0.007336 -0.093776
    32 1.539089 0.000008 0.000003 -0.605562 0.126574 -1.244879
    33 1.196316 0.000004 0.000005 0.000000 -0.000162 -0.332870
    34 3.880859 -0.047028 -0.427490 0.051056 0.262892 -0.068599
    35 1.719567 0.000023 0.000016 -0.461231 0.032293 -1.105404
    36 1.209175 0.000008 0.000005 0.175617 0.055179 -0.367832
    37 3.867399 -0.148186 -1.324350 -0.134961 0.400676 -0.397685
    38 1.719419 -0.000008 -0.000008 -0.082106 -0.002364 -0.236718
    39 1.099667 -0.000004 -0.000001 -0.188224 0.009145 -1.119518
    40 0.807129 -0.358887 -1.316406 1.243203 0.551773 -0.740643
    41 1.789783 -0.000002 -0.000002 -0.000009 0.003711 0.228604
    42 1.207001 0.000009 0.000000 -0.023897 -0.040066 0.269693
    43 3.775391 -5.484375 -0.527832 -2.248284 -0.133216 -1.641882
  time 107
    0 -0.000003 -13.531250 -29.421875 1.570788 0.000007 -0.000007
    1 0.000000 3.345131 -2.981898 1.570789 0.086301 1.570789
    2 4.015625 0.000003 0.000000 0.000000 0.000000 -0.029241
    3 3.520294 0.000005 -0.000006 0.000000 0.000000 0.100332
    4 8.929688 0.000001 0.000000 0.000000 0.000000 0.194095
    5 2.036086 0.993556 1.937663 2.468082 -1.122747 2.123231
    6 6.028159 -0.000069 0.000009 -1.969988 -0.874079 -0.468243
    7 11.692566 0.000046 0.000011 0.111023 0.009193 -1.061511
    8 11.481682 0.000088 -0.000031 0.332430 0.104933 -0.148924
    9 3.858219 -0.135628 -1.192206 -0.363882 0.112047 -0.355498
    10 1.312565 -0.000008 0.000000 -0.000002 0.054404 -0.409012
    11 0.729366 0.000002 -0.000002 -0.000001 0.040754 -0.240990
    12 3.938059 0.050853 -0.435186 -0.101499 0.042182 -0.269683
    13 1.539091 0.000008 -0.000002 0.000000 0.003737 -0.247812
    14 1.196321 0.000000 -0.000002 -0.000001 0.006168 -0.430818
    15 3.881376 -0.039219 0.427587 0.090105 -0.011419 -0.132542
    16 1.719578 0.000023 -0.000021 -0.039458 -0.167702 -0.315850
    17 1.209181 -0.000004 -0.000001 0.312038 0.209821 -0.320126
    18 3.863479 -0.132591 1.332139 0.320642 -0.041405 -0.125801
    19 1.719431 -0.000023 0.000019 0.000001 -0.106227 -0.347813
    20 1.099676 0.000000 0.000006 -0.000001 0.002585 -0.283860
    21 0.807586 -0.343252 1.320583 -1.186042 -0.555100 -0.957240
    22 1.789787 0.000006 0.000006 -0.000002 -0.003712 0.228604
    23 1.207012 0.000011 0.000000 0.068240 -0.043107 0.237799
    24 2.035156 0.997070 -1.937500 -1.667267 1.282923 2.944210
    25 6.028144 -0.000011 0.000002 1.564950 0.790996 -0.843043
    26 11.692577 0.000001 0.000004 -0.000388 -0.066930 -1.812106
    27 11.481657 0.000043 0.000019 -1.183853 0.520532 0.156063
    28 3.854334 -0.131699 1.199994 0.887977 0.041686 -0.500120
    29 1.312567 0.000000 0.000000 -0.076006 -0.203868 -0.258727
    30 0.729362 0.000004 0.000003 -0.250341 -0.135455 -0.179419
    31 3.941981 0.050872 0.435162 0.216346 -0.007336 -0.093776
    32 1.539089 0.000008 0.000003 -0.605562 0.126574 -1.244849
    33 1.196316 0.000004 0.000005 0.000000 -0.000162 -0.332870
    34 3.880859 -0.047028 -0.427490 0.051056 0.262892 -0.068599
    35 1.719567 0.000023 0.000016 -0.461231 0.032293 -1.105404
    36 1.209175 0.000008 0.000005 0.175617 0.055179 -0.367832
    37 3.867399 -0.148186 -1.324350 -0.134961 0.400676 -0.397685
    38 1.719419 -0.000008 -0.000008 -0.082106 -0.002364 -0.236718
    39 1.099667 -0.000004 -0.000001 -0.188224 0.009145 -1.119518
    40 0.807129 -0.358887 -1.316406 1.243203 0.551773 -0.740643
    41 1.789783 -0.000002 -0.000002 -0.000009 0.003711 0.228604
    42 1.207001 0.000009 0.000000 -0.023897 -0.040066 0.269693
    43 3.775391 -5.484375 -0.527832 -2.248284 -0.133216 -1.641882
  time 108
    0 -0.000003 -13.531250 -29.421875 1.570788 0.000007 -0.000007
    1 0.000000 3.345131 -2.981898 1.570789 0.086301 1.570789
    2 4.015625 0.000003 0.000000 0.000000 0.000000 -0.029241
    3 3.520294 0.000005 -0.000006 0.000000 0.000000 0.100332
    4 8.929688 0.000001 0.000000 0.000000 0.000000 0.194095
    5 2.036086 0.993556 1.937663 2.479932 -1.117222 2.112442
    6 6.028159 -0.000069 0.000009 -1.978584 -0.879537 -0.461148
    7 11.692566 0.000046 0.000011 0.112713 0.006683 -1.046489
    8 11.481682 0.000088 -0.000031 0.324203 0.113694 -0.159844
    9 3.854313 -0.135628 -1.192206 -0.363882 0.112047 -0.355498
    10 1.312565 -0.000008 0.000000 -0.000002 0.054404 -0.409012
    11 0.729366 0.000002 -0.000002 -0.000001 0.040754 -0.240990
    12 3.938059 0.050853 -0.435186 -0.101499 0.042182 -0.269683
    13 1.539091 0.000008 -0.000002 0.000000 0.003737 -0.247812
    14 1.196321 0.000000 -0.000002 -0.000001 0.006168 -0.430818
    15 3.881376 -0.039219 0.427587 0.090105 -0.011419 -0.132542
    16 1.719578 0.000023 -0.000021 -0.039458 -0.167702 -0.315850
    17 1.209181 -0.000004 -0.000001 0.312038 0.209821 -0.320126
    18 3.863479 -0.132591 1.332139 0.320642 -0.041405 -0.125801
    19 1.719431 -0.000023 0.000019 0.000001 -0.106227 -0.347813
    20 1.099676 0.000000 0.000006 -0.000001 0.002585 -0.283860
    21 0.807586 -0.343252 1.320583 -1.186042 -0.555100 -0.957240
    22 1.789787 0.000006 0.000006 -0.000002 -0.003712 0.228604
    23 1.207012 0.000011 0.000000 0.068240 -0.043107 0.237799
    24 2.035156 0.997070 -1.937500 -1.667267 1.282923 2.944210
    25 6.028144 -0.000011 0.000002 1.565010 0.791095 -0.843008
    26 11.692577 0.000001 0.000004 -0.000388 -0.066892 -1.812052
    27 11.481657 0.000043 0.000019 -1.183853 0.520532 0.156063
    28 3.858240 -0.131699 1.199994 0.887977 0.041686 -0.500120
    29 1.312567 0.000000 0.000000 -0.076006 -0.203868 -0.258727
    30 0.729362 0.000004 0.000003 -0.250341 -0.135455 -0.179419
    31 3.941981 0.050872 0.435162 0.216346 -0.007336 -0.093776
    32 1.539089 0.000008 0.000003 -0.605562 0.126574 -1.244849
    33 1.196316 0.000004 0.000005 0.000000 -0.000162 -0.332870
    34 3.880859 -0.047028 -0.427490 0.051056 0.262892 -0.068599
    35 1.719567 0.000023 0.000016 -0.461245 0.032293 -1.105404
    36 1.209175 0.000008 0.000005 0.175617 0.055179 -0.367832
    37 3.867399 -0.148186 -1.324350 -0.134961 0.400676 -0.397685
    38 1.719419 -0.000008 -0.000008 -0.082106 -0.002364 -0.236718
    39 1.099667 -0.000004 -0.000001 -0.188224 0.009145 -1.119518
    40 0.807129 -0.358887 -1.316406 1.243203 0.551773 -0.740643
    41 1.789783 -0.000002 -0.000002 -0.000009 0.003711 0.228604
    42 1.207001 0.000009 0.000000 -0.023897 -0.040066 0.269693
    43 3.775391 -5.484375 -0.527832 -2.248284 -0.133216 -1.641882
  time 109
    0 -0.000003 -13.531250 -29.421875 1.570788 0.000007 -0.000007
    1 0.000000 3.345131 -2.981898 1.570789 0.086301 1.570789
    2 4.015625 0.000003 0.000000 0.000000 0.000000 -0.029241
    3 3.520294 0.000005 -0.000006 0.000000 0.000000 0.100332
    4 8.929688 0.000001 0.000000 0.000000 0.000000 0.194095
    5 2.036086 0.993556 1.937663 2.491389 -1.111721 2.102019
    6 6.028159 -0.000069 0.000009 -1.987180 -0.884803 -0.454101
    7 11.692566 0.000046 0.000011 0.114379 0.004206 -1.031728
    8 11.481682 0.000088 -0.000031 0.315975 0.122157 -0.170550
    9 3.854313 -0.135628 -1.192206 -0.363882 0.112047 -0.355498
    10 1.312565 -0.000008 0.000000 -0.000002 0.054404 -0.409012
    11 0.729366 0.000002 -0.000002 -0.000001 0.040754 -0.240990
    12 3.938059 0.050853 -0.435186 -0.101499 0.042182 -0.269683
    13 1.539091 0.000008 -0.000002 0.000000 0.003737 -0.247812
    14 1.196321 0.000000 -0.000002 -0.000001 0.006168 -0.430818
    15 3.881376 -0.039219 0.427587 0.090105 -0.011419 -0.132542
    16 1.719578 0.000023 -0.000021 -0.039458 -0.167702 -0.315850
    17 1.209181 -0.000004 -0.000001 0.312038 0.209821 -0.320126
    18 3.863479 -0.132591 1.332139 0.320642 -0.041405 -0.125801
    19 1.719431 -0.000023 0.000019 0.000001 -0.106227 -0.347813
    20 1.099676 0.000000 0.000006 -0.000001 0.002585 -0.283860
    21 0.807586 -0.343252 1.320583 -1.186042 -0.555100 -0.957240
    22 1.789787 0.000006 0.000006 -0.000002 -0.003712 0.228604
    23 1.207012 0.000011 0.000000 0.068240 -0.043107 0.237799
    24 2.035156 0.997070 -1.937500 -1.667267 1.282923 2.944210
    25 6.028144 -0.000011 0.000002 1.565070 0.791219 -0.842984
    26 11.692577 0.000001 0.000004 -0.000388 -0.066867 -1.811999
    27 11.481657 0.000043 0.000019 -1.183853 0.520532 0.156063
    28 3.854334 -0.131699 1.199994 0.887977 0.041686 -0.500120
    29 1.312567 0.000000 0.000000 -0.076006 -0.203868 -0.258727
    30 0.729362 0.000004 0.000003 -0.250341 -0.135455 -0.179419
    31 3.941981 0.050872 0.435162 0.216346 -0.007336 -0.093776
    32 1.539089 0.000008 0.000003 -0.605562 0.126574 -1.244849
    33 1.196316 0.000004 0.000005 0.000000 -0.000162 -0.332870
    34 3.880859 -0.047028 -0.427490 0.051056 0.262892 -0.068599
    35 1.719567 0.000023 0.000016 -0.461231 0.032293 -1.105404
    36 1.209175 0.000008 0.000005 0.175617 0.055179 -0.367832
    37 3.867399 -0.148186 -1.324350 -0.134961 0.400676 -0.397685
    38 1.719419 -0.000008 -0.000008 -0.082106 -0.002364 -0.236718
    39 1.099667 -0.000004 -0.000001 -0.188224 0.009145 -1.119518
    40 0.807129 -0.358887 -1.316406 1.243203 0.551773 -0.740643
    41 1.789783 -0.000002 -0.000002 -0.000009 0.003711 0.228604
    42 1.207001 0.000009 0.000000 -0.023897 -0.040066 0.269693
    43 3.775391 -5.484375 -0.527832 -2.248284 -0.133216 -1.641882
  time 110
    0 -0.000003 -13.531250 -29.421875 1.570788 0.000007 -0.000007
    1 0.000000 3.345131 -2.981898 1.570789 0.086301 1.570789
    2 4.015625 0.000003 0.000000 0.000000 0.000000 -0.029241
    3 3.520294 0.000005 -0.000006 0.000000 0.000000 0.100332
    4 8.929688 0.000001 0.000000 0.000000 0.000000 0.194095
    5 2.036086 0.993556 1.937663 2.502486 -1.106256 2.091963
    6 6.028159 -0.000069 0.000009 -1.995739 -0.889845 -0.447138
    7 11.692566 0.000046 0.000011 0.116045 0.001746 -1.017230
    8 11.481682 0.000088 -0.000031 0.307845 0.130356 -0.181043
    9 3.854313 -0.139534 -1.192206 -0.363882 0.112047 -0.355498
    10 1.312565 -0.000008 0.000000 -0.000002 0.054404 -0.409012
    11 0.729366 0.000002 -0.000002 -0.000001 0.040754 -0.240990
    12 3.941966 0.050853 -0.435186 -0.101499 0.042182 -0.269683
    13 1.539091 0.000008 -0.000002 0.000000 0.003737 -0.247812
    14 1.196321 0.000000 -0.000002 -0.000001 0.006168 -0.430818
    15 3.881376 -0.039219 0.427587 0.090105 -0.011419 -0.132542
    16 1.719578 0.000023 -0.000021 -0.039458 -0.167702 -0.315850
    17 1.209181 -0.000004 -0.000001 0.312038 0.209821 -0.320126
    18 3.863479 -0.132591 1.332139 0.320642 -0.041405 -0.125801
    19 1.719431 -0.000023 0.000019 0.000001 -0.106227 -0.347813
    20 1.099676 0.000000 0.000006 -0.000001 0.002585 -0.283860
    21 0.807586 -0.343252 1.320583 -1.186042 -0.555100 -0.957240
    22 1.789787 0.000006 0.000006 -0.000002 -0.003712 0.228604
    23 1.207012 0.000011 0.000000 0.068240 -0.043107 0.237799
    24 2.035156 0.997070 -1.937500 -1.667267 1.282923 2.944210
    25 6.028144 -0.000011 0.000002 1.565130 0.791318 -0.842948
    26 11.692577 0.000001 0.000004 -0.000388 -0.066828 -1.811999
    27 11.481657 0.000043 0.000019 -1.183853 0.520532 0.156063
    28 3.854334 -0.131699 1.199994 0.887977 0.041686 -0.500120
    29 1.312567 0.000000 0.000000 -0.076006 -0.203868 -0.258727
    30 0.729362 0.000004 0.000003 -0.250341 -0.135455 -0.179419
    31 3.941981 0.050872 0.435162 0.216346 -0.007336 -0.093776
    32 1.539089 0.000008 0.000003 -0.605562 0.126574 -1.244849
    33 1.196316 0.000004 0.000005 0.000000 -0.000162 -0.332870
    34 3.880859 -0.047028 -0.427490 0.051056 0.262892 -0.068599
    35 1.719567 0.000023 0.000016 -0.461231 0.032293 -1.105404
    36 1.209175 0.000008 0.000005 0.175617 0.055179 -0.367832
    37 3.867399 -0.148186 -1.324350 -0.134961 0.400676 -0.397685
    38 1.719419 -0.000008 -0.000008 -0.082106 -0.002364 -0.236718
    39 1.099667 -0.000004 -0.000001 -0.188224 0.009145 -1.119518
    40 0.807129 -0.358887 -1.316406 1.243203 0.551773 -0.740643
    41 1.789783 -0.000002 -0.000002 -0.000009 0.003711 0.228604
    42 1.207001 0.000009 0.000000 -0.023897 -0.040066 0.269693
    43 3.775391 -5.484375 -0.527832 -2.248284 -0.133216 -1.641882
  time 111
    0 -0.000003 -13.531250 -29.421875 1.570788 0.000007 -0.000007
    1 0.000000 3.345131 -2.981898 1.570789 0.086301 1.570789
    2 4.015625 0.000003 0.000000 0.000000 0.000000 -0.029241
    3 3.520294 0.000005 -0.000006 0.000000 0.000000 0.100332
    4 8.929688 0.000001 0.000000 0.000000 0.000000 0.194095
    5 2.036086 0.993556 1.937663 2.513191 -1.100827 2.082243
    6 6.028159 -0.000069 0.000009 -2.004241 -0.894693 -0.440247
    7 11.692566 0.000046 0.000011 0.117675 -0.000665 -1.003045
    8 11.481682 0.000088 -0.000031 0.299714 0.138256 -0.191323
    9 3.858219 -0.139534 -1.192206 -0.363882 0.112047 -0.355498
    10 1.312565 -0.000008 0.000000 -0.000002 0.054404 -0.409012
    11 0.729366 0.000002 -0.000002 -0.000001 0.040754 -0.240990
    12 3.938059 0.050853 -0.435186 -0.101499 0.042182 -0.269683
    13 1.539091 0.000008 -0.000002 0.000000 0.003737 -0.247812
    14 1.196321 0.000000 -0.000002 -0.000001 0.006168 -0.430818
    15 3.881376 -0.039219 0.427587 0.090105 -0.011419 -0.132542
    16 1.719578 0.000023 -0.000021 -0.039458 -0.167702 -0.315850
    17 1.209181 -0.000004 -0.000001 0.312038 0.209821 -0.320126
    18 3.863479 -0.132591 1.332139 0.320642 -0.041405 -0.125801
    19 1.719431 -0.000023 0.000019 0.000001 -0.106227 -0.347813
    20 1.099676 0.000000 0.000006 -0.000001 0.002585 -0.283860
    21 0.807586 -0.347158 1.320583 -1.186042 -0.555100 -0.957240
    22 1.789787 0.000006 0.000006 -0.000002 -0.003712 0.228604
    23 1.207012 0.000011 0.000000 0.068240 -0.043107 0.237799
    24 2.035156 0.997070 -1.937500 -1.667267 1.282923 2.944210
    25 6.028144 -0.000011 0.000002 1.565202 0.791442 -0.842912
    26 11.692577 0.000001 0.000004 -0.000388 -0.066790 -1.811945
    27 11.481657 0.000043 0.000019 -1.183853 0.520532 0.156063
    28 3.858240 -0.131699 1.199994 0.887977 0.041686 -0.500120
    29 1.312567 0.000000 0.000000 -0.076006 -0.203868 -0.258727
    30 0.729362 0.000004 0.000003 -0.250341 -0.135455 -0.179419
    31 3.941981 0.050872 0.435162 0.216346 -0.007336 -0.093776
    32 1.539089 0.000008 0.000003 -0.605562 0.126574 -1.244849
    33 1.196316 0.000004 0.000005 0.000000 -0.000162 -0.332870
    34 3.880859 -0.047028 -0.427490 0.051056 0.262892 -0.068599
    35 1.719567 0.000023 0.000016 -0.461231 0.032293 -1.105404
    36 1.209175 0.000008 0.000005 0.175617 0.055179 -0.367832
    37 3.867399 -0.148186 -1.324350 -0.134961 0.400676 -0.397685
    38 1.719419 -0.000008 -0.000008 -0.082106 -0.002364 -0.236718
    39 1.099667 -0.000004 -0.000001 -0.188224 0.009145 -1.119518
    40 0.807129 -0.358887 -1.316406 1.243203 0.551773 -0.740643
    41 1.789783 -0.000002 -0.000002 -0.000009 0.003711 0.228604
    42 1.207001 0.000009 0.000000 -0.023897 -0.040066 0.269693
    43 3.775391 -5.484375 -0.527832 -2.248284 -0.133216 -1.641882
  time 112
    0 -0.000003 -13.531250 -29.421875 1.570788 0.000007 -0.000007
    1 0.000000 3.345131 -2.981898 1.570789 0.086301 1.570789
    2 4.015625 0.000003 0.000000 0.000000 0.000000 -0.029241
    3 3.520294 0.000005 -0.000006 0.000000 0.000000 0.100332
    4 8.929688 0.000001 0.000000 0.000000 0.000000 0.194095
    5 2.036086 0.993556 1.937663 2.523502 -1.095458 2.072890
    6 6.028159 -0.000069 0.000009 -2.012649 -0.899349 -0.433452
    7 11.692566 0.000046 0.000011 0.119293 -0.003059 -0.989175
    8 11.481682 0.000088 -0.000031 0.291681 0.145891 -0.201373
    9 3.854313 -0.135628 -1.192206 -0.363882 0.112047 -0.355498
    10 1.312565 -0.000008 0.000000 -0.000002 0.054404 -0.409012
    11 0.729366 0.000002 -0.000002 -0.000001 0.040754 -0.240990
    12 3.941966 0.050853 -0.435186 -0.101499 0.042182 -0.269683
    13 1.539091 0.000008 -0.000002 0.000000 0.003737 -0.247812
    14 1.196321 0.000000 -0.000002 -0.000001 0.006168 -0.430818
    15 3.881376 -0.039219 0.427587 0.090105 -0.011419 -0.132542
    16 1.719578 0.000023 -0.000021 -0.039458 -0.167702 -0.315850
    17 1.209181 -0.000004 -0.000001 0.312038 0.209821 -0.320126
    18 3.863479 -0.132591 1.332139 0.320642 -0.041405 -0.125801
    19 1.719431 -0.000023 0.000019 0.000001 -0.106227 -0.347813
    20 1.099676 0.000000 0.000006 -0.000001 0.002585 -0.283860
    21 0.807586 -0.343252 1.320583 -1.186042 -0.555100 -0.957240
    22 1.789787 0.000006 0.000006 -0.000002 -0.003712 0.228604
    23 1.207012 0.000011 0.000000 0.068240 -0.043107 0.237799
    24 2.035156 0.997070 -1.937500 -1.667267 1.282923 2.944210
    25 6.028144 -0.000011 0.000002 1.565286 0.791566 -0.842864
    26 11.692577 0.000001 0.000004 -0.000400 -0.066739 -1.811892
    27 11.481657 0.000043 0.000019 -1.183853 0.520532 0.156063
    28 3.854334 -0.131699 1.199994 0.887977 0.041686 -0.500120
    29 1.312567 0.000000 0.000000 -0.076006 -0.203868 -0.258727
    30 0.729362 0.000004 0.000003 -0.250341 -0.135455 -0.179419
    31 3.941981 0.050872 0.435162 0.216346 -0.007336 -0.093776
    32 1.539089 0.000008 0.000003 -0.605562 0.126574 -1.244849
    33 1.196316 0.000004 0.000005 0.000000 -0.000162 -0.332870
    34 3.880859 -0.047028 -0.427490 0.051056 0.262892 -0.068599
    35 1.719567 0.000023 0.000016 -0.461231 0.032293 -1.105404
    36 1.209175 0.000008 0.000005 0.175617 0.055179 -0.367832
    37 3.863493 -0.148186 -1.324350 -0.134961 0.400676 -0.397685
    38 1.719419 -0.000008 -0.000008 -0.082106 -0.002364 -0.236718
    39 1.099667 -0.000004 -0.000001 -0.188224 0.009145 -1.119518
    40 0.807129 -0.358887 -1.316406 1.243203 0.551773 -0.740643
    41 1.789783 -0.000002 -0.000002 -0.000009 0.003711 0.228604
    42 1.207001 0.000009 0.000000 -0.023897 -0.040066 0.269693
    43 3.775391 -5.484375 -0.527832 -2.248284 -0.133216 -1.641882
  time 113
    0 -0.000003 -13.531250 -29.421875 1.570788 0.000007 -0.000007
    1 0.000000 3.345131 -2.981898 1.570789 0.086301 1.570789
    2 4.015625 0.000003 0.000000 0.000000 0.000000 -0.029241
    3 3.520294 0.000005 -0.000006 0.000000 0.000000 0.100332
    4 8.929688 0.000001 0.000000 0.000000 0.000000 0.194095
    5 2.036086 0.993556 1.937663 2.533421 -1.090173 2.063903
    6 6.028159 -0.000069 0.000009 -2.020981 -0.903780 -0.426764
    7 11.692566 0.000046 0.000011 0.120887 -0.005420 -0.975671
    8 11.481682 0.000088 -0.000031 0.283697 0.153228 -0.211192
    9 3.854313 -0.135628 -1.192206 -0.363882 0.112047 -0.355498
    10 1.312565 -0.000008 0.000000 -0.000002 0.054404 -0.409012
    11 0.729366 0.000002 -0.000002 -0.000001 0.040754 -0.240990
    12 3.941966 0.050853 -0.435186 -0.101499 0.042182 -0.269683
    13 1.539091 0.000008 -0.000002 0.000000 0.003737 -0.247812
    14 1.196321 0.000000 -0.000002 -0.000001 0.006168 -0.430818
    15 3.881376 -0.039219 0.427587 0.090105 -0.011419 -0.132542
    16 1.719578 0.000023 -0.000021 -0.039458 -0.167702 -0.315850
    17 1.209181 -0.000004 -0.000001 0.312038 0.209821 -0.320126
    18 3.863479 -0.132591 1.332139 0.320642 -0.041405 -0.125801
    19 1.719431 -0.000023 0.000019 0.000001 -0.106227 -0.347813
    20 1.099676 0.000000 0.000006 -0.000001 0.002585 -0.283860
    21 0.807586 -0.343252 1.320583 -1.186042 -0.555100 -0.957240
    22 1.789787 0.000006 0.000006 -0.000002 -0.003712 0.228604
    23 1.207012 0.000011 0.000000 0.068240 -0.043107 0.237799
    24 2.035156 0.997070 -1.937500 -1.667267 1.282923 2.944210
    25 6.028144 -0.000011 0.000002 1.565370 0.791690 -0.842816
    26 11.692577 0.000001 0.000004 -0.000400 -0.066701 -1.811838
    27 11.481657 0.000043 0.000019 -1.183853 0.520532 0.156063
    28 3.858240 -0.131699 1.199994 0.887977 0.041686 -0.500120
    29 1.312567 0.000000 0.000000 -0.076006 -0.203868 -0.258727
    30 0.729362 0.000004 0.000003 -0.250341 -0.135455 -0.179419
    31 3.941981 0.050872 0.435162 0.216346 -0.007336 -0.093776
    32 1.539089 0.000008 0.000003 -0.605562 0.126574 -1.244849
    33 1.196316 0.000004 0.000005 0.000000 -0.000162 -0.332870
    34 3.880859 -0.047028 -0.427490 0.051056 0.262892 -0.068599
    35 1.719567 0.000023 0.000016 -0.461231 0.032293 -1.105404
    36 1.209175 0.000008 0.000005 0.175617 0.055179 -0.367832
    37 3.867399 -0.148186 -1.324350 -0.134961 0.400676 -0.397685
    38 1.719419 -0.000008 -0.000008 -0.082106 -0.002364 -0.236718
    39 1.099667 -0.000004 -0.000001 -0.188224 0.009145 -1.119518
    40 0.807129 -0.358887 -1.316406 1.243203 0.551773 -0.740643
    41 1.789783 -0.000002 -0.000002 -0.000009 0.003711 0.228604
    42 1.207001 0.000009 0.000000 -0.023897 -0.040066 0.269693
    43 3.775391 -5.484375 -0.527832 -2.248284 -0.133216 -1.641882
  time 114
    0 -0.000003 -13.531250 -29.421875 1.570788 0.000007 -0.000007
    1 0.000000 3.345131 -2.981898 1.570789 0.086301 1.570789
    2 4.015625 0.000003 0.000000 0.000000 0.000000 -0.029241
    3 3.520294 0.000005 -0.000006 0.000000 0.000000 0.100332
    4 8.929688 0.000001 0.000000 0.000000 0.000000 0.194095
    5 2.036086 0.993556 1.937663 2.542980 -1.084960 2.055314
    6 6.028159 -0.000069 0.000009 -2.029201 -0.908051 -0.420209
    7 11.692566 0.000046 0.000011 0.122445 -0.007747 -0.962533
    8 11.481682 0.000088 -0.000031 0.275907 0.160316 -0.220766
    9 3.858219 -0.135628 -1.192206 -0.363882 0.112047 -0.355498
    10 1.312565 -0.000008 0.000000 -0.000002 0.054404 -0.409012
    11 0.729366 0.000002 -0.000002 -0.000001 0.040754 -0.240990
    12 3.941966 0.050853 -0.435186 -0.101499 0.042182 -0.269683
    13 1.539091 0.000008 -0.000002 0.000000 0.003737 -0.247812
    14 1.196321 0.000000 -0.000002 -0.000001 0.006168 -0.430818
    15 3.881376 -0.039219 0.427587 0.090105 -0.011419 -0.132542
    16 1.719578 0.000023 -0.000021 -0.039458 -0.167702 -0.315850
    17 1.209181 -0.000004 -0.000001 0.312038 0.209821 -0.320126
    18 3.863479 -0.132591 1.332139 0.320642 -0.041405 -0.125801
    19 1.719431 -0.000023 0.000019 0.000001 -0.106227 -0.347813
    20 1.099676 0.000000 0.000006 -0.000001 0.002585 -0.283860
    21 0.807586 -0.343252 1.320583 -1.186042 -0.555100 -0.957240
    22 1.789787 0.000006 0.000006 -0.000002 -0.003712 0.228604
    23 1.207012 0.000011 0.000000 0.068240 -0.043107 0.237799
    24 2.035156 0.997070 -1.937500 -1.667267 1.282923 2.944210
    25 6.028144 -0.000011 0.000002 1.565454 0.791814 -0.842768
    26 11.692577 0.000001 0.000004 -0.000400 -0.066650 -1.811785
    27 11.481657 0.000043 0.000019 -1.183853 0.520532 0.156063
    28 3.854334 -0.131699 1.199994 0.887977 0.041686 -0.500120
    29 1.312567 0.000000 0.000000 -0.076006 -0.203868 -0.258727
    30 0.729362 0.000004 0.000003 -0.250341 -0.135455 -0.179419
    31 3.941981 0.050872 0.435162 0.216346 -0.007336 -0.093776
    32 1.539089 0.000008 0.000003 -0.605562 0.126574 -1.244849
    33 1.196316 0.000004 0.000005 0.000000 -0.000162 -0.332870
    34 3.880859 -0.047028 -0.427490 0.051056 0.262892 -0.068599
    35 1.719567 0.000023 0.000016 -0.461231 0.032293 -1.105404
    36 1.209175 0.000008 0.000005 0.175617 0.055179 -0.367832
    37 3.867399 -0.148186 -1.324350 -0.134961 0.400676 -0.397685
    38 1.719419 -0.000008 -0.000008 -0.082106 -0.002364 -0.236718
    39 1.099667 -0.000004 -0.000001 -0.188224 0.009145 -1.119518
    40 0.807129 -0.358887 -1.316406 1.243203 0.551773 -0.740643
    41 1.789783 -0.000002 -0.000002 -0.000009 0.003711 0.228604
    42 1.207001 0.000009 0.000000 -0.023897 -0.040066 0.269693
    43 3.775391 -5.484375 -0.527832 -2.248284 -0.133216 -1.641882
  time 115
    0 -0.000003 -13.531250 -29.421875 1.570788 0.000007 -0.000007
    1 0.000000 3.345131 -2.981898 1.570789 0.086301 1.570789
    2 4.015625 0.000003 0.000000 0.000000 0.000000 -0.029241
    3 3.520294 0.000005 -0.000006 0.000000 0.000000 0.100332
    4 8.929688 0.000001 0.000000 0.000000 0.000000 0.194095
    5 2.036086 0.993556 1.937663 2.552113 -1.079842 2.047062
    6 6.028159 -0.000069 0.000009 -2.037271 -0.912096 -0.413785
    7 11.692566 0.000046 0.000011 0.123979 -0.010008 -0.949814
    8 11.481682 0.000088 -0.000031 0.268215 0.167123 -0.230126
    9 3.858219 -0.135628 -1.192206 -0.363882 0.112047 -0.355498
    10 1.312565 -0.000008 0.000000 -0.000002 0.054404 -0.409012
    11 0.729366 0.000002 -0.000002 -0.000001 0.040754 -0.240990
    12 3.938059 0.050853 -0.435186 -0.101499 0.042182 -0.269683
    13 1.539091 0.000008 -0.000002 0.000000 0.003737 -0.247812
    14 1.196321 0.000000 -0.000002 -0.000001 0.006168 -0.430818
    15 3.881376 -0.039219 0.427587 0.090105 -0.011419 -0.132542
    16 1.719578 0.000023 -0.000021 -0.039458 -0.167702 -0.315850
    17 1.209181 -0.000004 -0.000001 0.312038 0.209821 -0.320126
    18 3.863479 -0.132591 1.332139 0.320642 -0.041405 -0.125801
    19 1.719431 -0.000023 0.000019 0.000001 -0.106227 -0.347813
    20 1.099676 0.000000 0.000006 -0.000001 0.002585 -0.283860
    21 0.807586 -0.343252 1.320583 -1.186042 -0.555100 -0.957240
    22 1.789787 0.000006 0.000006 -0.000002 -0.003712 0.228604
    23 1.207012 0.000011 0.000000 0.068240 -0.043107 0.237799
    24 2.035156 0.997070 -1.937500 -1.667267 1.282923 2.944210
    25 6.028144 -0.000011 0.000002 1.565550 0.791962 -0.842720
    26 11.692577 0.000001 0.000004 -0.000412 -0.066600 -1.811731
    27 11.481657 0.000043 0.000019 -1.183853 0.520532 0.156063
    28 3.854334 -0.131699 1.199994 0.887977 0.041686 -0.500120
    29 1.312567 0.000000 0.000000 -0.076006 -0.203868 -0.258727
    30 0.729362 0.000004 0.000003 -0.250341 -0.135455 -0.179419
    31 3.941981 0.050872 0.435162 0.216346 -0.007336 -0.093776
    32 1.539089 0.000008 0.000003 -0.605562 0.126574 -1.244849
    33 1.196316 0.000004 0.000005 0.000000 -0.000162 -0.332870
    34 3.880859 -0.047028 -0.427490 0.051056 0.262892 -0.068599
    35 1.719567 0.000023 0.000016 -0.461231 0.032293 -1.105404
    36 1.209175 0.000008 0.000005 0.175617 0.055179 -0.367832
    37 3.867399 -0.148186 -1.324350 -0.134949 0.400676 -0.397685
    38 1.719419 -0.000008 -0.000008 -0.082106 -0.002364 -0.236718
    39 1.099667 -0.000004 -0.000001 -0.188224 0.009145 -1.119518
    40 0.807129 -0.358887 -1.316406 1.243203 0.551773 -0.740643
    41 1.789783 -0.000002 -0.000002 -0.000009 0.003711 0.228604
    42 1.207001 0.000009 0.000000 -0.023897 -0.040066 0.269693
    43 3.775391 -5.484375 -0.527832 -2.248284 -0.133216 -1.641882
  time 116
    0 -0.000003 -13.531250 -29.421875 1.570788 0.000007 -0.000007
    1 0.000000 3.345131 -2.981898 1.570789 0.086301 1.570789
    2 4.015625 0.000003 0.000000 0.000000 0.000000 -0.029241
    3 3.520294 0.000005 -0.000006 0.000000 0.000000 0.100332
    4 8.929688 0.000001 0.000000 0.000000 0.000000 0.194095
    5 2.036086 0.993556 1.937663 2.560853 -1.074845 2.039176
    6 6.028159 -0.000069 0.000009 -2.045209 -0.915982 -0.407493
    7 11.692566 0.000046 0.000011 0.125477 -0.012236 -0.937514
    8 11.481682 0.000088 -0.000031 0.260669 0.173682 -0.239240
    9 3.854313 -0.139534 -1.192206 -0.363882 0.112047 -0.355498
    10 1.312565 -0.000008 0.000000 -0.000002 0.054404 -0.409012
    11 0.729366 0.000002 -0.000002 -0.000001 0.040754 -0.240990
    12 3.938059 0.050853 -0.435186 -0.101499 0.042182 -0.269683
    13 1.539091 0.000008 -0.000002 0.000000 0.003737 -0.247812
    14 1.196321 0.000000 -0.000002 -0.000001 0.006168 -0.430818
    15 3.881376 -0.043125 0.427587 0.090105 -0.011419 -0.132542
    16 1.719578 0.000023 -0.000021 -0.039458 -0.167690 -0.315850
    17 1.209181 -0.000004 -0.000001 0.312038 0.209821 -0.320126
    18 3.863479 -0.132591 1.332139 0.320642 -0.041405 -0.125801
    19 1.719431 -0.000023 0.000019 0.000001 -0.106227 -0.347813
    20 1.099676 0.000000 0.000006 -0.000001 0.002585 -0.283860
    21 0.807586 -0.347158 1.320583 -1.186042 -0.555100 -0.957240
    22 1.789787 0.000006 0.000006 -0.000002 -0.003712 0.228604
    23 1.207012 0.000011 0.000000 0.068240 -0.043107 0.237799
    24 2.035156 0.997070 -1.937500 -1.667267 1.282923 2.944210
    25 6.028144 -0.000011 0.000002 1.565646 0.792111 -0.842660
    26 11.692577 0.000001 0.000004 -0.000412 -0.066536 -1.811677
    27 11.481657 0.000043 0.000019 -1.183853 0.520532 0.156063
    28 3.854334 -0.131699 1.199994 0.887977 0.041686 -0.500120
    29 1.312567 0.000000 0.000000 -0.076006 -0.203868 -0.258727
    30 0.729362 0.000004 0.000003 -0.250341 -0.135455 -0.179419
    31 3.941981 0.050872 0.435162 0.216346 -0.007336 -0.093776
    32 1.539089 0.000008 0.000003 -0.605562 0.126574 -1.244849
    33 1.196316 0.000004 0.000005 0.000000 -0.000162 -0.332870
    34 3.880859 -0.047028 -0.427490 0.051056 0.262892 -0.068599
    35 1.719567 0.000023 0.000016 -0.461231 0.032293 -1.105404
    36 1.209175 0.000008 0.000005 0.175617 0.055179 -0.367832
    37 3.863493 -0.148186 -1.324350 -0.134961 0.400676 -0.397685
    38 1.719419 -0.000008 -0.000008 -0.082106 -0.002364 -0.236718
    39 1.099667 -0.000004 -0.000001 -0.188224 0.009145 -1.119518
    40 0.807129 -0.358887 -1.316406 1.243203 0.551773 -0.740643
    41 1.789783 -0.000002 -0.000002 -0.000009 0.003711 0.228604
    42 1.207001 0.000009 0.000000 -0.023897 -0.040066 0.269693
    43 3.775391 -5.484375 -0.527832 -2.248284 -0.133216 -1.641882
  time 117
    0 -0.000003 -13.531250 -29.421875 1.570788 0.000007 -0.000007
    1 0.000000 3.345131 -2.981898 1.570789 0.086301 1.570789
    2 4.015625 0.000003 0.000000 0.000000 0.000000 -0.029241
    3 3.520294 0.000005 -0.000006 0.000000 0.000000 0.100332
    4 8.929688 0.000001 0.000000 0.000000 0.000000 0.194095
    5 2.036086 0.993556 1.937663 2.569201 -1.069979 2.031656
    6 6.028159 -0.000069 0.000009 -2.052977 -0.919706 -0.401369
    7 11.692566 0.000046 0.000011 0.126939 -0.014397 -0.925632
    8 11.481682 0.000088 -0.000031 0.253269 0.179975 -0.248123
    9 3.854313 -0.139534 -1.192206 -0.363882 0.112047 -0.355498
    10 1.312565 -0.000008 0.000000 -0.000002 0.054404 -0.409012
    11 0.729366 0.000002 -0.000002 -0.000001 0.040754 -0.240990
    12 3.938059 0.046947 -0.435186 -0.101499 0.042182 -0.269683
    13 1.539091 0.000008 -0.000002 0.000000 0.003737 -0.247812
    14 1.196321 0.000000 -0.000002 -0.000001 0.006168 -0.430818
    15 3.881376 -0.043125 0.427587 0.090105 -0.011419 -0.132542
    16 1.719578 0.000023 -0.000021 -0.039458 -0.167702 -0.315850
    17 1.209181 -0.000004 -0.000001 0.312038 0.209821 -0.320126
    18 3.863479 -0.132591 1.332139 0.320642 -0.041405 -0.125801
    19 1.719431 -0.000023 0.000019 0.000001 -0.106227 -0.347813
    20 1.099676 0.000000 0.000006 -0.000001 0.002585 -0.283860
    21 0.807586 -0.347158 1.320583 -1.186042 -0.555100 -0.957240
    22 1.789787 0.000006 0.000006 -0.000002 -0.003712 0.228604
    23 1.207012 0.000011 0.000000 0.068240 -0.043107 0.237799
    24 2.035156 0.997070 -1.937500 -1.667267 1.282923 2.944210
    25 6.028144 -0.000011 0.000002 1.565753 0.792259 -0.842600
    26 11.692577 0.000001 0.000004 -0.000412 -0.066485 -1.811624
    27 11.481657 0.000043 0.000019 -1.183853 0.520532 0.156063
    28 3.854334 -0.131699 1.199994 0.887977 0.041686 -0.500120
    29 1.312567 0.000000 0.000000 -0.076006 -0.203868 -0.258727
    30 0.729362 0.000004 0.000003 -0.250341 -0.135455 -0.179419
    31 3.941981 0.050872 0.435162 0.216346 -0.007336 -0.093776
    32 1.539089 0.000008 0.000003 -0.605562 0.126574 -1.244849
    33 1.196316 0.000004 0.000005 0.000000 -0.000162 -0.332870
    34 3.880859 -0.047028 -0.427490 0.051056 0.262892 -0.068599
    35 1.719567 0.000023 0.000016 -0.461231 0.032293 -1.105404
    36 1.209175 0.000008 0.000005 0.175617 0.055179 -0.367832
    37 3.867399 -0.148186 -1.324350 -0.134961 0.400676 -0.397685
    38 1.719419 -0.000008 -0.000008 -0.082106 -0.002364 -0.236718
    39 1.099667 -0.000004 -0.000001 -0.188224 0.009145 -1.119518
    40 0.807129 -0.358887 -1.316406 1.243203 0.551773 -0.740643
    41 1.789783 -0.000002 -0.000002 -0.000009 0.003711 0.228604
    42 1.207001 0.000009 0.000000 -0.023897 -0.040066 0.269681
    43 3.775391 -5.484375 -0.527832 -2.248284 -0.133216 -1.641882
  time 118
    0 -0.000003 -13.531250 -29.421875 1.570788 0.000007 -0.000007
    1 0.000000 3.345131 -2.981898 1.570789 0.086301 1.570789
    2 4.015625 0.000003 0.000000 0.000000 0.000000 -0.029241
    3 3.520294 0.000005 -0.000006 0.000000 0.000000 0.100332
    4 8.929688 0.000001 0.000000 0.000000 0.000000 0.194095
    5 2.036086 0.993556 1.937663 2.577155 -1.065233 2.024535
    6 6.028159 -0.000069 0.000009 -2.060557 -0.923238 -0.395413
    7 11.692566 0.000046 0.000011 0.128353 -0.016492 -0.914222
    8 11.481682 0.000088 -0.000031 0.246064 0.186037 -0.256761
    9 3.854313 -0.135628 -1.192206 -0.363882 0.112047 -0.355498
    10 1.312565 -0.000008 0.000000 -0.000002 0.054404 -0.409012
    11 0.729366 0.000002 -0.000002 -0.000001 0.040754 -0.240990
    12 3.938059 0.050853 -0.435186 -0.101499 0.042182 -0.269683
    13 1.539091 0.000008 -0.000002 0.000000 0.003737 -0.247812
    14 1.196321 0.000000 -0.000002 -0.000001 0.006168 -0.430818
    15 3.881376 -0.039219 0.427587 0.090105 -0.011419 -0.132542
    16 1.719578 0.000023 -0.000021 -0.039458 -0.167702 -0.315850
    17 1.209181 -0.000004 -0.000001 0.312038 0.209821 -0.320126
    18 3.863479 -0.132591 1.332139 0.320642 -0.041405 -0.125801
    19 1.719431 -0.000023 0.000019 0.000001 -0.106227 -0.347813
    20 1.099676 0.000000 0.000006 -0.000001 0.002585 -0.283860
    21 0.807586 -0.343252 1.320583 -1.186042 -0.555100 -0.957240
    22 1.789787 0.000006 0.000006 -0.000002 -0.003712 0.228604
    23 1.207012 0.000011 0.000000 0.068240 -0.043107 0.237799
    24 2.035156 0.997070 -1.937500 -1.667267 1.282923 2.944210
    25 6.028144 -0.000011 0.000002 1.565861 0.792383 -0.842540
    26 11.692577 0.000001 0.000004 -0.000412 -0.066422 -1.811570
    27 11.481657 0.000043 0.000019 -1.183853 0.520532 0.156063
    28 3.854334 -0.131699 1.199994 0.887977 0.041686 -0.500120
    29 1.312567 0.000000 0.000000 -0.076006 -0.203868 -0.258727
    30 0.729362 0.000004 0.000003 -0.250341 -0.135455 -0.179419
    31 3.941981 0.050872 0.435162 0.216346 -0.007336 -0.093776
    32 1.539089 0.000008 0.000003 -0.605562 0.126574 -1.244849
    33 1.196316 0.000004 0.000005 0.000000 -0.000162 -0.332870
    34 3.880859 -0.047028 -0.427490 0.051056 0.262892 -0.068599
    35 1.719567 0.000023 0.000016 -0.461231 0.032293 -1.105404
    36 1.209175 0.000008 0.000005 0.175617 0.055179 -0.367832
    37 3.863493 -0.148186 -1.324350 -0.134961 0.400676 -0.397685
    38 1.719419 -0.000008 -0.000008 -0.082106 -0.002364 -0.236718
    39 1.099667 -0.000004 -0.000001 -0.188224 0.009145 -1.119518
    40 0.807129 -0.358887 -1.316406 1.243203 0.551773 -0.740643
    41 1.789783 -0.000002 -0.000002 -0.000009 0.003711 0.228604
    42 1.207001 0.000009 0.000000 -0.023897 -0.040066 0.269693
    43 3.775391 -5.484375 -0.527832 -2.248284 -0.133216 -1.641882
  time 119
    0 -0.000003 -13.531250 -29.421875 1.570788 0.000007 -0.000007
    1 0.000000 3.345131 -2.981898 1.570789 0.086301 1.570789
    2 4.015625 0.000003 0.000000 0.000000 0.000000 -0.029241
    3 3.520294 0.000005 -0.000006 0.000000 0.000000 0.100332
    4 8.929688 0.000001 0.000000 0.000000 0.000000 0.194095
    5 2.036086 0.993556 1.937663 2.584717 -1.060655 2.017749
    6 6.028159 -0.000069 0.000009 -2.067931 -0.926610 -0.389612
    7 11.692566 0.000046 0.000011 0.129719 -0.018520 -0.903335
    8 11.481682 0.000088 -0.000031 0.239053 0.191884 -0.265185
    9 3.854313 -0.135628 -1.192206 -0.363882 0.112047 -0.355498
    10 1.312565 -0.000008 0.000000 -0.000002 0.054404 -0.409012
    11 0.729366 0.000002 -0.000002 -0.000001 0.040754 -0.240990
    12 3.938059 0.050853 -0.435186 -0.101499 0.042182 -0.269683
    13 1.539091 0.000008 -0.000002 0.000000 0.003737 -0.247812
    14 1.196321 0.000000 -0.000002 -0.000001 0.006168 -0.430818
    15 3.881376 -0.039219 0.427587 0.090105 -0.011419 -0.132542
    16 1.719578 0.000023 -0.000021 -0.039458 -0.167702 -0.315850
    17 1.209181 -0.000004 -0.000001 0.312038 0.209821 -0.320126
    18 3.863479 -0.132591 1.332139 0.320642 -0.041405 -0.125801
    19 1.719431 -0.000023 0.000019 0.000001 -0.106227 -0.347813
    20 1.099676 0.000000 0.000006 -0.000001 0.002585 -0.283860
    21 0.807586 -0.343252 1.320583 -1.186042 -0.555100 -0.957240
    22 1.789787 0.000006 0.000006 -0.000002 -0.003712 0.228604
    23 1.207012 0.000011 0.000000 0.068240 -0.043107 0.237799
    24 2.035156 0.997070 -1.937500 -1.667267 1.282923 2.944210
    25 6.028144 -0.000011 0.000002 1.565969 0.792532 -0.842480
    26 11.692577 0.000001 0.000004 -0.000424 -0.066358 -1.811517
    27 11.481657 0.000043 0.000019 -1.183853 0.520532 0.156063
    28 3.854334 -0.131699 1.199994 0.887977 0.041686 -0.500120
    29 1.312567 0.000000 0.000000 -0.076006 -0.203868 -0.258727
    30 0.729362 0.000004 0.000003 -0.250341 -0.135455 -0.179419
    31 3.941981 0.050872 0.435162 0.216346 -0.007336 -0.093776
    32 1.539089 0.000008 0.000003 -0.605562 0.126574 -1.244849
    33 1.196316 0.000004 0.000005 0.000000 -0.000162 -0.332870
    34 3.880859 -0.047028 -0.427490 0.051056 0.262892 -0.068599
    35 1.719567 0.000023 0.000016 -0.461231 0.032293 -1.105404
    36 1.209175 0.000008 0.000005 0.175617 0.055179 -0.367832
    37 3.867399 -0.148186 -1.324350 -0.134961 0.400676 -0.397685
    38 1.719419 -0.000008 -0.000008 -0.082106 -0.002364 -0.236718
    39 1.099667 -0.000004 -0.000001 -0.188224 0.009145 -1.119518
    40 0.807129 -0.358887 -1.316406 1.243203 0.551773 -0.740643
    41 1.789783 -0.000002 -0.000002 -0.000009 0.003711 0.228604
    42 1.207001 0.000009 0.000000 -0.023897 -0.040066 0.269681
    43 3.775391 -5.484375 -0.527832 -2.248284 -0.133216 -1.641882
  time 120
    0 -0.000003 -13.531250 -29.421875 1.570788 0.000007 -0.000007
    1 0.000000 3.345131 -2.981898 1.570789 0.086301 1.570789
    2 4.015625 0.000003 0.000000 0.000000 0.000000 -0.029241
    3 3.520294 0.000005 -0.000006 0.000000 0.000000 0.100332
    4 8.929688 0.000001 0.000000 0.000000 0.000000 0.194095
    5 2.036086 0.993556 1.937663 2.591853 -1.056221 2.011330
    6 6.028159 -0.000069 0.000009 -2.075097 -0.929821 -0.384003
    7 11.692566 0.000046 0.000011 0.131050 -0.020482 -0.892867
    8 11.481682 0.000088 -0.000031 0.232237 0.197498 -0.273379
    9 3.854313 -0.139534 -1.192206 -0.363882 0.112047 -0.355498
    10 1.312565 -0.000008 0.000000 -0.000002 0.054404 -0.409012
    11 0.729366 0.000002 -0.000002 -0.000001 0.040754 -0.240990
    12 3.938059 0.050853 -0.435186 -0.101499 0.042182 -0.269683
    13 1.539091 0.000008 -0.000002 0.000000 0.003737 -0.247812
    14 1.196321 0.000000 -0.000002 -0.000001 0.006168 -0.430818
    15 3.881376 -0.043125 0.427587 0.090105 -0.011419 -0.132542
    16 1.719578 0.000023 -0.000021 -0.039458 -0.167702 -0.315850
    17 1.209181 -0.000004 -0.000001 0.312038 0.209821 -0.320126
    18 3.863479 -0.132591 1.332139 0.320642 -0.041405 -0.125801
    19 1.719431 -0.000023 0.000019 0.000001 -0.106227 -0.347813
    20 1.099676 0.000000 0.000006 0.000004 0.002586 -0.283859
    21 0.807586 -0.347158 1.320583 -1.186042 -0.555100 -0.957240
    22 1.789787 0.000006 0.000006 -0.000002 -0.003712 0.228604
    23 1.207012 0.000011 0.000000 0.068239 -0.043107 0.237802
    24 2.035156 0.997070 -1.937500 -1.667267 1.282923 2.944210
    25 6.028144 -0.000011 0.000002 1.566089 0.792705 -0.842408
    26 11.692577 0.000001 0.000004 -0.000424 -0.066282 -1.811410
    27 11.481657 0.000043 0.000019 -1.183866 0.520519 0.156054
    28 3.854334 -0.131699 1.199994 0.887977 0.041686 -0.500120
    29 1.312567 0.000000 0.000000 -0.076006 -0.203868 -0.258727
    30 0.729362 0.000004 0.000003 -0.250341 -0.135455 -0.179419
    31 3.941981 0.050872 0.435162 0.216346 -0.007336 -0.093776
    32 1.539089 0.000008 0.000003 -0.605562 0.126574 -1.244849
    33 1.196316 0.000004 0.000005 0.000000 -0.000162 -0.332870
    34 3.880859 -0.047028 -0.427490 0.051056 0.262892 -0.068599
    35 1.719567 0.000023 0.000016 -0.461231 0.032293 -1.105404
    36 1.209175 0.000008 0.000005 0.175617 0.055179 -0.367832
    37 3.863493 -0.148186 -1.324350 -0.134961 0.400676 -0.397685
    38 1.719419 -0.000008 -0.000008 -0.082106 -0.002364 -0.236718
    39 1.099667 -0.000004 -0.000001 -0.188224 0.009145 -1.119518
    40 0.807129 -0.358887 -1.316406 1.243203 0.551773 -0.740643
    41 1.789783 -0.000002 -0.000002 -0.000009 0.003711 0.228604
    42 1.207001 0.000009 0.000000 -0.023897 -0.040066 0.269693
    43 3.772941 -5.489335 -0.527645 4.034818 -0.133223 -1.641906
  time 121
    0 -0.000003 -13.531250 -29.421875 1.570788 0.000007 -0.000007
    1 0.000000 3.345131 -2.981898 1.570789 0.086301 1.570789
    2 4.015625 0.000003 0.000000 0.000000 0.000000 -0.029241
    3 3.520294 0.000005 -0.000006 0.000000 0.000000 0.100332
    4 8.929688 0.000001 0.000000 0.000000 0.000000 0.194095
    5 2.036086 0.993556 1.937663 2.598629 -1.051966 2.005278
    6 6.028159 -0.000069 0.000009 -2.082057 -0.932903 -0.378574
    7 11.692566 0.000046 0.000011 0.132332 -0.022360 -0.882922
    8 11.481682 0.000088 -0.000031 0.225567 0.202914 -0.281343
    9 3.854313 -0.135628 -1.192206 -0.363882 0.112047 -0.355498
    10 1.312565 -0.000008 0.000000 -0.000002 0.054404 -0.409012
    11 0.729366 0.000002 -0.000002 -0.000001 0.040754 -0.240990
    12 3.938059 0.050853 -0.435186 -0.101499 0.042182 -0.269683
    13 1.539091 0.000008 -0.000002 0.000000 0.003737 -0.247812
    14 1.196321 0.000000 -0.000002 -0.000001 0.006168 -0.430818
    15 3.881376 -0.039219 0.427587 0.090105 -0.011419 -0.132542
    16 1.719578 0.000023 -0.000021 -0.039458 -0.167702 -0.315850
    17 1.209181 -0.000004 -0.000001 0.312038 0.209821 -0.320126
    18 3.863479 -0.132591 1.332139 0.320642 -0.041405 -0.125801
    19 1.719431 -0.000023 0.000019 0.000001 -0.106227 -0.347813
    20 1.099676 0.000000 0.000006 0.000004 0.002586 -0.283859
    21 0.807586 -0.343252 1.320583 -1.186042 -0.555100 -0.957240
    22 1.789787 0.000006 0.000006 -0.000002 -0.003712 0.228604
    23 1.207012 0.000011 0.000000 0.068239 -0.043107 0.237802
    24 2.035156 0.997070 -1.937500 -1.667267 1.282923 2.944210
    25 6.028144 -0.000011 0.000002 1.566209 0.792854 -0.842336
    26 11.692577 0.000001 0.000004 -0.000424 -0.066218 -1.811356
    27 11.481657 0.000043 0.000019 -1.183866 0.520519 0.156054
    28 3.858240 -0.131699 1.199994 0.887977 0.041686 -0.500120
    29 1.312567 0.000000 0.000000 -0.076006 -0.203868 -0.258727
    30 0.729362 0.000004 0.000003 -0.250341 -0.135455 -0.179419
    31 3.941981 0.050872 0.435162 0.216346 -0.007336 -0.093776
    32 1.539089 0.000008 0.000003 -0.605562 0.126574 -1.244849
    33 1.196316 0.000004 0.000005 0.000000 -0.000162 -0.332870
    34 3.880859 -0.047028 -0.427490 0.051056 0.262892 -0.068599
    35 1.719567 0.000023 0.000016 -0.461231 0.032293 -1.105404
    36 1.209175 0.000008 0.000005 0.175617 0.055179 -0.367832
    37 3.867399 -0.148186 -1.324350 -0.134961 0.400676 -0.397685
    38 1.719419 -0.000008 -0.000008 -0.082106 -0.002364 -0.236718
    39 1.099667 -0.000004 -0.000001 -0.188224 0.009145 -1.119518
    40 0.807129 -0.358887 -1.316406 1.243203 0.551773 -0.740643
    41 1.789783 -0.000002 -0.000002 -0.000009 0.003711 0.228604
    42 1.207001 0.000009 0.000000 -0.023897 -0.040066 0.269693
    43 3.772941 -5.489335 -0.527645 4.034818 -0.133223 -1.641906
  time 122
    0 -0.000003 -13.531250 -29.421875 1.570788 0.000007 -0.000007
    1 0.000000 3.345131 -2.981898 1.570789 0.086301 1.570789
    2 4.015625 0.000003 0.000000 0.000000 0.000000 -0.029241
    3 3.520294 0.000005 -0.000006 0.000000 0.000000 0.100332
    4 8.929688 0.000001 0.000000 0.000000 0.000000 0.194095
    5 2.036086 0.993556 1.937663 2.605013 -1.047891 1.999593
    6 6.028159 -0.000069 0.000009 -2.088772 -0.935857 -0.373337
    7 11.692566 0.000046 0.000011 0.133554 -0.024156 -0.873500
    8 11.481682 0.000088 -0.000031 0.219141 0.208131 -0.289094
    9 3.854313 -0.135628 -1.192206 -0.363882 0.112047 -0.355498
    10 1.312565 -0.000008 0.000000 -0.000002 0.054404 -0.409012
    11 0.729366 0.000002 -0.000002 -0.000001 0.040754 -0.240990
    12 3.938059 0.050853 -0.435186 -0.101499 0.042182 -0.269683
    13 1.539091 0.000008 -0.000002 0.000000 0.003737 -0.247812
    14 1.196321 0.000000 -0.000002 -0.000001 0.006168 -0.430818
    15 3.881376 -0.039219 0.427587 0.090105 -0.011419 -0.132542
    16 1.719578 0.000023 -0.000021 -0.039458 -0.167702 -0.315850
    17 1.209181 -0.000004 -0.000001 0.312038 0.209821 -0.320126
    18 3.863479 -0.132591 1.332139 0.320642 -0.041405 -0.125801
    19 1.719431 -0.000023 0.000019 0.000001 -0.106227 -0.347813
    20 1.099676 0.000000 0.000006 0.000004 0.002586 -0.283859
    21 0.807586 -0.343252 1.320583 -1.186042 -0.555100 -0.957240
    22 1.789787 0.000006 0.000006 -0.000002 -0.003712 0.228604
    23 1.207012 0.000011 0.000000 0.068239 -0.043107 0.237802
    24 2.035156 0.997070 -1.937500 -1.667267 1.282923 2.944210
    25 6.028144 -0.000011 0.000002 1.566341 0.793003 -0.842264
    26 11.692577 0.000001 0.000004 -0.000436 -0.066142 -1.811302
    27 11.481657 0.000043 0.000019 -1.183866 0.520519 0.156054
    28 3.854334 -0.131699 1.199994 0.887977 0.041686 -0.500120
    29 1.312567 0.000000 0.000000 -0.076006 -0.203868 -0.258727
    30 0.729362 0.000004 0.000003 -0.250341 -0.135455 -0.179419
    31 3.941981 0.050872 0.435162 0.216346 -0.007336 -0.093776
    32 1.539089 0.000008 0.000003 -0.605562 0.126574 -1.244849
    33 1.196316 0.000004 0.000005 0.000000 -0.000162 -0.332870
    34 3.880859 -0.047028 -0.427490 0.051056 0.262892 -0.068599
    35 1.719567 0.000023 0.000016 -0.461231 0.032293 -1.105404
    36 1.209175 0.000008 0.000005 0.175617 0.055179 -0.367832
    37 3.867399 -0.148186 -1.324350 -0.134961 0.400676 -0.397685
    38 1.719419 -0.000008 -0.000008 -0.082106 -0.002364 -0.236718
    39 1.099667 -0.000004 -0.000001 -0.188224 0.009145 -1.119518
    40 0.807129 -0.358887 -1.316406 1.243203 0.551773 -0.740643
    41 1.789783 -0.000002 -0.000002 -0.000009 0.003711 0.228604
    42 1.207001 0.000009 0.000000 -0.023897 -0.040066 0.269693
    43 3.772941 -5.489335 -0.527645 4.034818 -0.133223 -1.641906
  time 123
    0 -0.000003 -13.531250 -29.421875 1.570788 0.000007 -0.000007
    1 0.000000 3.345131 -2.981898 1.570789 0.086301 1.570789
    2 4.015625 0.000003 0.000000 0.000000 0.000000 -0.029241
    3 3.520294 0.000005 -0.000006 0.000000 0.000000 0.100332
    4 8.929688 0.000001 0.000000 0.000000 0.000000 0.194095
    5 2.036086 0.993556 1.937663 2.610970 -1.043996 1.994244
    6 6.028159 -0.000069 0.000009 -2.095262 -0.938683 -0.368280
    7 11.692566 0.000046 0.000011 0.134741 -0.025885 -0.864602
    8 11.481682 0.000088 -0.000031 0.212958 0.213182 -0.296647
    9 3.858219 -0.135628 -1.192206 -0.363882 0.112047 -0.355498
    10 1.312565 -0.000008 0.000000 -0.000002 0.054404 -0.409012
    11 0.729366 0.000002 -0.000002 -0.000001 0.040754 -0.240990
    12 3.941966 0.050853 -0.435186 -0.101499 0.042182 -0.269683
    13 1.539091 0.000008 -0.000002 0.000000 0.003737 -0.247812
    14 1.196321 0.000000 -0.000002 -0.000001 0.006168 -0.430818
    15 3.881376 -0.039219 0.427587 0.090105 -0.011419 -0.132542
    16 1.719578 0.000023 -0.000021 -0.039458 -0.167702 -0.315850
    17 1.209181 -0.000004 -0.000001 0.312038 0.209821 -0.320126
    18 3.863479 -0.132591 1.332139 0.320642 -0.041405 -0.125801
    19 1.719431 -0.000023 0.000019 0.000001 -0.106227 -0.347813
    20 1.099676 0.000000 0.000006 0.000004 0.002586 -0.283859
    21 0.807586 -0.343252 1.320583 -1.186042 -0.555100 -0.957240
    22 1.789787 0.000006 0.000006 -0.000002 -0.003712 0.228604
    23 1.207012 0.000011 0.000000 0.068239 -0.043107 0.237802
    24 2.035156 0.997070 -1.937500 -1.667267 1.282923 2.944210
    25 6.028144 -0.000011 0.000002 1.566473 0.793127 -0.842193
    26 11.692577 0.000001 0.000004 -0.000436 -0.066066 -1.811249
    27 11.481657 0.000043 0.000019 -1.183866 0.520519 0.156054
    28 3.858240 -0.131699 1.199994 0.887977 0.041686 -0.500120
    29 1.312567 0.000000 0.000000 -0.076006 -0.203868 -0.258727
    30 0.729362 0.000004 0.000003 -0.250341 -0.135455 -0.179419
    31 3.941981 0.050872 0.435162 0.216346 -0.007336 -0.093776
    32 1.539089 0.000008 0.000003 -0.605562 0.126574 -1.244849
    33 1.196316 0.000004 0.000005 0.000000 -0.000162 -0.332870
    34 3.880859 -0.047028 -0.427490 0.051056 0.262892 -0.068599
    35 1.719567 0.000023 0.000016 -0.461231 0.032293 -1.105404
    36 1.209175 0.000008 0.000005 0.175617 0.055179 -0.367832
    37 3.867399 -0.148186 -1.324350 -0.134961 0.400676 -0.397685
    38 1.719419 -0.000008 -0.000008 -0.082106 -0.002364 -0.236718
    39 1.099667 -0.000004 -0.000001 -0.188224 0.009145 -1.119518
    40 0.807129 -0.358887 -1.316406 1.243203 0.551773 -0.740643
    41 1.789783 -0.000002 -0.000002 -0.000009 0.003711 0.228604
    42 1.207001 0.000009 0.000000 -0.023897 -0.040066 0.269681
    43 3.772941 -5.489335 -0.527645 4.034818 -0.133223 -1.641906
  time 124
    0 -0.000003 -13.531250 -29.421875 1.570788 0.000007 -0.000007
    1 0.000000 3.345131 -2.981898 1.570789 0.086301 1.570789
    2 4.015625 0.000003 0.000000 0.000000 0.000000 -0.029241
    3 3.520294 0.000005 -0.000006 0.000000 0.000000 0.100332
    4 8.929688 0.000001 0.000000 0.000000 0.000000 0.194095
    5 2.036086 0.993556 1.937663 2.616568 -1.040305 1.989262
    6 6.028159 -0.000069 0.000009 -2.101488 -0.941412 -0.363414
    7 11.692566 0.000046 0.000011 0.135855 -0.027514 -0.856175
    8 11.481682 0.000088 -0.000031 0.206921 0.218068 -0.303988
    9 3.854313 -0.135628 -1.192206 -0.363882 0.112047 -0.355498
    10 1.312565 -0.000008 0.000000 -0.000002 0.054404 -0.409012
    11 0.729366 0.000002 -0.000002 -0.000001 0.040754 -0.240990
    12 3.938059 0.050853 -0.435186 -0.101499 0.042182 -0.269683
    13 1.539091 0.000008 -0.000002 0.000000 0.003737 -0.247812
    14 1.196321 0.000000 -0.000002 -0.000001 0.006168 -0.430818
    15 3.881376 -0.039219 0.427587 0.090105 -0.011419 -0.132542
    16 1.719578 0.000023 -0.000021 -0.039458 -0.167690 -0.315850
    17 1.209181 -0.000004 -0.000001 0.312038 0.209821 -0.320126
    18 3.863479 -0.132591 1.332139 0.320642 -0.041405 -0.125801
    19 1.719431 -0.000023 0.000019 0.000001 -0.106227 -0.347813
    20 1.099676 0.000000 0.000006 0.000004 0.002586 -0.283859
    21 0.807586 -0.343252 1.320583 -1.186042 -0.555100 -0.957240
    22 1.789787 0.000006 0.000006 -0.000002 -0.003712 0.228604
    23 1.207012 0.000011 0.000000 0.068239 -0.043107 0.237802
    24 2.035156 0.997070 -1.937500 -1.667267 1.282923 2.944210
    25 6.028144 -0.000011 0.000002 1.566604 0.793275 -0.842109
    26 11.692577 0.000001 0.000004 -0.000436 -0.065990 -1.811195
    27 11.481657 0.000043 0.000019 -1.183866 0.520519 0.156054
    28 3.858240 -0.131699 1.199994 0.887977 0.041686 -0.500120
    29 1.312567 0.000000 0.000000 -0.076006 -0.203868 -0.258727
    30 0.729362 0.000004 0.000003 -0.250341 -0.135455 -0.179419
    31 3.941981 0.050872 0.435162 0.216346 -0.007336 -0.093776
    32 1.539089 0.000008 0.000003 -0.605562 0.126574 -1.244849
    33 1.196316 0.000004 0.000005 0.000000 -0.000162 -0.332870
    34 3.880859 -0.047028 -0.427490 0.051056 0.262892 -0.068599
    35 1.719567 0.000023 0.000016 -0.461231 0.032293 -1.105404
    36 1.209175 0.000008 0.000005 0.175617 0.055179 -0.367832
    37 3.867399 -0.148186 -1.324350 -0.134961 0.400676 -0.397685
    38 1.719419 -0.000008 -0.000008 -0.082106 -0.002364 -0.236718
    39 1.099667 -0.000004 -0.000001 -0.188224 0.009145 -1.119518
    40 0.807129 -0.358887 -1.316406 1.243203 0.551773 -0.740643
    41 1.789783 -0.000002 -0.000002 -0.000009 0.003711 0.228604
    42 1.207001 0.000009 0.000000 -0.023897 -0.040066 0.269693
    43 3.772941 -5.489335 -0.527645 4.034818 -0.133223 -1.641906
  time 125
    0 -0.000003 -13.531250 -29.421875 1.570788 0.000007 -0.000007
    1 0.000000 3.345131 -2.981898 1.570789 0.086301 1.570789
    2 4.015625 0.000003 0.000000 0.000000 0.000000 -0.029241
    3 3.520294 0.000005 -0.000006 0.000000 0.000000 0.100332
    4 8.929688 0.000001 0.000000 0.000000 0.000000 0.194095
    5 2.036086 0.993556 1.937663 2.621806 -1.036806 1.984585
    6 6.028159 -0.000069 0.000009 -2.107488 -0.944045 -0.358740
    7 11.692566 0.000046 0.000011 0.136922 -0.029060 -0.848324
    8 11.481682 0.000088 -0.000031 0.201079 0.222805 -0.311164
    9 3.854313 -0.135628 -1.192206 -0.363882 0.112047 -0.355498
    10 1.312565 -0.000008 0.000000 -0.000002 0.054404 -0.409012
    11 0.729366 0.000002 -0.000002 -0.000001 0.040754 -0.240990
    12 3.938059 0.050853 -0.435186 -0.101499 0.042182 -0.269683
    13 1.539091 0.000008 -0.000002 0.000000 0.003737 -0.247812
    14 1.196321 0.000000 -0.000002 -0.000001 0.006168 -0.430818
    15 3.881376 -0.039219 0.427587 0.090105 -0.011419 -0.132542
    16 1.719578 0.000023 -0.000021 -0.039458 -0.167702 -0.315850
    17 1.209181 -0.000004 -0.000001 0.312038 0.209821 -0.320126
    18 3.863479 -0.132591 1.332139 0.320642 -0.041405 -0.125801
    19 1.719431 -0.000023 0.000019 0.000001 -0.106227 -0.347813
    20 1.099676 0.000000 0.000006 0.000004 0.002586 -0.283859
    21 0.807586 -0.343252 1.320583 -1.186042 -0.555100 -0.957240
    22 1.789787 0.000006 0.000006 -0.000002 -0.003712 0.228604
    23 1.207012 0.000011 0.000000 0.068239 -0.043107 0.237802
    24 2.035156 0.997070 -1.937500 -1.667267 1.282923 2.944210
    25 6.028144 -0.000011 0.000002 1.566736 0.793424 -0.842037
    26 11.692577 0.000001 0.000004 -0.000436 -0.065913 -1.811142
    27 11.481657 0.000043 0.000019 -1.183866 0.520519 0.156054
    28 3.854334 -0.131699 1.199994 0.887977 0.041686 -0.500120
    29 1.312567 0.000000 0.000000 -0.076006 -0.203868 -0.258727
    30 0.729362 0.000004 0.000003 -0.250341 -0.135455 -0.179419
    31 3.941981 0.050872 0.435162 0.216346 -0.007336 -0.093776
    32 1.539089 0.000008 0.000003 -0.605562 0.126574 -1.244849
    33 1.196316 0.000004 0.000005 0.000000 -0.000162 -0.332870
    34 3.880859 -0.047028 -0.427490 0.051056 0.262892 -0.068599
    35 1.719567 0.000023 0.000016 -0.461231 0.032293 -1.105404
    36 1.209175 0.000008 0.000005 0.175617 0.055179 -0.367832
    37 3.863493 -0.148186 -1.324350 -0.134961 0.400676 -0.397685
    38 1.719419 -0.000008 -0.000008 -0.082106 -0.002364 -0.236718
    39 1.099667 -0.000004 -0.000001 -0.188224 0.009145 -1.119518
    40 0.807129 -0.358887 -1.316406 1.243203 0.551773 -0.740643
    41 1.789783 -0.000002 -0.000002 -0.000009 0.003711 0.228604
    42 1.207001 0.000009 0.000000 -0.023897 -0.040066 0.269693
    43 3.772941 -5.489335 -0.527645 4.034818 -0.133223 -1.641886
  time 126
    0 -0.000003 -13.531250 -29.421875 1.570788 0.000007 -0.000007
    1 0.000000 3.345131 -2.981898 1.570789 0.086301 1.570789
    2 4.015625 0.000003 0.000000 0.000000 0.000000 -0.029241
    3 3.520294 0.000005 -0.000006 0.000000 0.000000 0.100332
    4 8.929688 0.000001 0.000000 0.000000 0.000000 0.194095
    5 2.036086 0.993556 1.937663 2.626683 -1.033522 1.980275
    6 6.028159 -0.000069 0.000009 -2.113225 -0.946582 -0.354246
    7 11.692566 0.000046 0.000011 0.137941 -0.030523 -0.840996
    8 11.481682 0.000088 -0.000031 0.195431 0.227393 -0.318159
    9 3.858219 -0.135628 -1.192206 -0.363882 0.112047 -0.355498
    10 1.312565 -0.000008 0.000000 -0.000002 0.054404 -0.409012
    11 0.729366 0.000002 -0.000002 -0.000001 0.040754 -0.240990
    12 3.938059 0.050853 -0.435186 -0.101499 0.042182 -0.269683
    13 1.539091 0.000008 -0.000002 0.000000 0.003737 -0.247812
    14 1.196321 0.000000 -0.000002 -0.000001 0.006168 -0.430818
    15 3.881376 -0.039219 0.427587 0.090105 -0.011419 -0.132542
    16 1.719578 0.000023 -0.000021 -0.039458 -0.167702 -0.315850
    17 1.209181 -0.000004 -0.000001 0.312038 0.209821 -0.320126
    18 3.863479 -0.132591 1.332139 0.320642 -0.041405 -0.125801
    19 1.719431 -0.000023 0.000019 0.000001 -0.106227 -0.347813
    20 1.099676 0.000000 0.000006 0.000004 0.002586 -0.283859
    21 0.807586 -0.343252 1.320583 -1.186042 -0.555100 -0.957240
    22 1.789787 0.000006 0.000006 -0.000002 -0.003712 0.228604
    23 1.207012 0.000011 0.000000 0.068239 -0.043107 0.237802
    24 2.035156 0.997070 -1.937500 -1.667267 1.282923 2.944210
    25 6.028144 -0.000011 0.000002 1.566880 0.793572 -0.841953
    26 11.692577 0.000001 0.000004 -0.000448 -0.065824 -1.811088
    27 11.481657 0.000043 0.000019 -1.183866 0.520519 0.156054
    28 3.854334 -0.131699 1.199994 0.887977 0.041686 -0.500120
    29 1.312567 0.000000 0.000000 -0.076006 -0.203868 -0.258727
    30 0.729362 0.000004 0.000003 -0.250341 -0.135455 -0.179419
    31 3.941981 0.050872 0.435162 0.216346 -0.007336 -0.093776
    32 1.539089 0.000008 0.000003 -0.605562 0.126574 -1.244849
    33 1.196316 0.000004 0.000005 0.000000 -0.000162 -0.332870
    34 3.880859 -0.047028 -0.427490 0.051056 0.262892 -0.068599
    35 1.719567 0.000023 0.000016 -0.461231 0.032293 -1.105404
    36 1.209175 0.000008 0.000005 0.175617 0.055179 -0.367832
    37 3.867399 -0.148186 -1.324350 -0.134961 0.400676 -0.397685
    38 1.719419 -0.000008 -0.000008 -0.082106 -0.002364 -0.236718
    39 1.099667 -0.000004 -0.000001 -0.188224 0.009145 -1.119518
    40 0.807129 -0.358887 -1.316406 1.243203 0.551773 -0.740643
    41 1.789783 -0.000002 -0.000002 -0.000009 0.003711 0.228604
    42 1.207001 0.000009 0.000000 -0.023897 -0.040066 0.269693
    43 3.772941 -5.489335 -0.527645 4.034818 -0.133223 -1.641906
  time 127
    0 -0.000003 -13.531250 -29.421875 1.570788 0.000007 -0.000007
    1 0.000000 3.345131 -2.981898 1.570789 0.086301 1.570789
    2 4.015625 0.000003 0.000000 0.000000 0.000000 -0.029241
    3 3.520294 0.000005 -0.000006 0.000000 0.000000 0.100332
    4 8.929688 0.000001 0.000000 0.000000 0.000000 0.194095
    5 2.036086 0.993556 1.937663 2.631168 -1.030430 1.976271
    6 6.028159 -0.000069 0.000009 -2.118736 -0.949054 -0.349931
    7 11.692566 0.000046 0.000011 0.138887 -0.031886 -0.834139
    8 11.481682 0.000088 -0.000031 0.189979 0.231881 -0.324974
    9 3.854313 -0.135628 -1.192206 -0.363882 0.112047 -0.355498
    10 1.312565 -0.000008 0.000000 -0.000002 0.054404 -0.409012
    11 0.729366 0.000002 -0.000002 -0.000001 0.040754 -0.240990
    12 3.938059 0.050853 -0.435186 -0.101499 0.042182 -0.269683
    13 1.539091 0.000008 -0.000002 0.000000 0.003737 -0.247812
    14 1.196321 0.000000 -0.000002 -0.000001 0.006168 -0.430818
    15 3.881376 -0.039219 0.427587 0.090105 -0.011419 -0.132542
    16 1.719578 0.000023 -0.000021 -0.039458 -0.167702 -0.315850
    17 1.209181 -0.000004 -0.000001 0.312038 0.209821 -0.320126
    18 3.863479 -0.132591 1.332139 0.320642 -0.041405 -0.125801
    19 1.719431 -0.000023 0.000019 0.000001 -0.106227 -0.347813
    20 1.099676 0.000000 0.000006 0.000004 0.002586 -0.283859
    21 0.807586 -0.343252 1.320583 -1.186042 -0.555100 -0.957240
    22 1.789787 0.000006 0.000006 -0.000002 -0.003712 0.228604
    23 1.207012 0.000011 0.000000 0.068239 -0.043107 0.237802
    24 2.035156 0.997070 -1.937500 -1.667267 1.282923 2.944210
    25 6.028144 -0.000011 0.000002 1.567024 0.793696 -0.841869
    26 11.692577 0.000001 0.000004 -0.000448 -0.065748 -1.811035
    27 11.481657 0.000043 0.000019 -1.183866 0.520519 0.156054
    28 3.854334 -0.131699 1.199994 0.887977 0.041686 -0.500120
    29 1.312567 0.000000 0.000000 -0.076006 -0.203868 -0.258727
    30 0.729362 0.000004 0.000003 -0.250341 -0.135455 -0.179419
    31 3.941981 0.050872 0.435162 0.216346 -0.007336 -0.093776
    32 1.539089 0.000008 0.000003 -0.605562 0.126574 -1.244849
    33 1.196316 0.000004 0.000005 0.000000 -0.000162 -0.332870
    34 3.880859 -0.047028 -0.427490 0.051056 0.262892 -0.068599
    35 1.719567 0.000023 0.000016 -0.461231 0.032293 -1.105404
    36 1.209175 0.000008 0.000005 0.175617 0.055179 -0.367832
    37 3.867399 -0.148186 -1.324350 -0.134961 0.400676 -0.397685
    38 1.719419 -0.000008 -0.000008 -0.082106 -0.002364 -0.236718
    39 1.099667 -0.000004 -0.000001 -0.188224 0.009145 -1.119518
    40 0.807129 -0.358887 -1.316406 1.243203 0.551773 -0.740643
    41 1.789783 -0.000002 -0.000002 -0.000009 0.003711 0.228604
    42 1.207001 0.000009 0.000000 -0.023897 -0.040066 0.269693
    43 3.772941 -5.489335 -0.527645 4.034818 -0.133223 -1.641906
  time 128
    0 -0.000003 -13.531250 -29.421875 1.570788 0.000007 -0.000007
    1 0.000000 3.345131 -2.981898 1.570789 0.086301 1.570789
    2 4.015625 0.000003 0.000000 0.000000 0.000000 -0.029241
    3 3.520294 0.000005 -0.000006 0.000000 0.000000 0.100332
    4 8.929688 0.000001 0.000000 0.000000 0.000000 0.194095
    5 2.036086 0.993556 1.937663 2.635325 -1.027554 1.972573
    6 6.028159 -0.000069 0.000009 -2.123984 -0.951431 -0.345796
    7 11.692566 0.000046 0.000011 0.139786 -0.033167 -0.827859
    8 11.481682 0.000088 -0.000031 0.184721 0.236253 -0.331657
    9 3.858219 -0.135628 -1.192206 -0.363882 0.112047 -0.355498
    10 1.312565 -0.000008 0.000000 -0.000002 0.054404 -0.409012
    11 0.729366 0.000002 -0.000002 -0.000001 0.040754 -0.240990
    12 3.938059 0.050853 -0.435186 -0.101499 0.042182 -0.269683
    13 1.539091 0.000008 -0.000002 0.000000 0.003737 -0.247812
    14 1.196321 0.000000 -0.000002 -0.000001 0.006168 -0.430818
    15 3.881376 -0.039219 0.427587 0.090105 -0.011419 -0.132542
    16 1.719578 0.000023 -0.000021 -0.039458 -0.167702 -0.315850
    17 1.209181 -0.000004 -0.000001 0.312038 0.209821 -0.320126
    18 3.863479 -0.132591 1.332139 0.320642 -0.041405 -0.125801
    19 1.719431 -0.000023 0.000019 0.000001 -0.106227 -0.347813
    20 1.099676 0.000000 0.000006 0.000004 0.002586 -0.283859
    21 0.807586 -0.343252 1.320583 -1.186042 -0.555100 -0.957240
    22 1.789787 0.000006 0.000006 -0.000002 -0.003712 0.228604
    23 1.207012 0.000011 0.000000 0.068239 -0.043107 0.237802
    24 2.035156 0.997070 -1.937500 -1.667267 1.282923 2.944210
    25 6.028144 -0.000011 0.000002 1.567168 0.793820 -0.841773
    26 11.692577 0.000001 0.000004 -0.000448 -0.065659 -1.810981
    27 11.481657 0.000043 0.000019 -1.183866 0.520519 0.156054
    28 3.854334 -0.131699 1.199994 0.887977 0.041686 -0.500120
    29 1.312567 0.000000 0.000000 -0.076006 -0.203868 -0.258727
    30 0.729362 0.000004 0.000003 -0.250341 -0.135455 -0.179419
    31 3.941981 0.050872 0.435162 0.216346 -0.007336 -0.093776
    32 1.539089 0.000008 0.000003 -0.605562 0.126574 -1.244849
    33 1.196316 0.000004 0.000005 0.000000 -0.000162 -0.332870
    34 3.880859 -0.047028 -0.427490 0.051056 0.262892 -0.068599
    35 1.719567 0.000023 0.000016 -0.461231 0.032293 -1.105404
    36 1.209175 0.000008 0.000005 0.175617 0.055179 -0.367832
    37 3.867399 -0.148186 -1.324350 -0.134961 0.400676 -0.397685
    38 1.719419 -0.000008 -0.000008 -0.082106 -0.002364 -0.236718
    39 1.099667 -0.000004 -0.000001 -0.188224 0.009145 -1.119518
    40 0.807129 -0.358887 -1.316406 1.243203 0.551773 -0.740643
    41 1.789783 -0.000002 -0.000002 -0.000009 0.003711 0.228604
    42 1.207001 0.000009 0.000000 -0.023897 -0.040066 0.269693
    43 3.772941 -5.489335 -0.527645 4.034818 -0.133223 -1.641906
  time 129
    0 -0.000003 -13.531250 -29.421875 1.570788 0.000007 -0.000007
    1 0.000000 3.345131 -2.981898 1.570789 0.086301 1.570789
    2 4.015625 0.000003 0.000000 0.000000 0.000000 -0.029241
    3 3.520294 0.000005 -0.000006 0.000000 0.000000 0.100332
    4 8.929688 0.000001 0.000000 0.000000 0.000000 0.194095
    5 2.036086 0.993556 1.937663 2.639123 -1.024893 1.969180
    6 6.028159 -0.000069 0.000009 -2.129007 -0.953775 -0.341830
    7 11.692566 0.000046 0.000011 0.140625 -0.034347 -0.822049
    8 11.481682 0.000088 -0.000031 0.179658 0.240526 -0.338193
    9 3.858219 -0.135628 -1.192206 -0.363882 0.112047 -0.355498
    10 1.312565 -0.000008 0.000000 -0.000002 0.054404 -0.409012
    11 0.729366 0.000002 -0.000002 -0.000001 0.040754 -0.240990
    12 3.938059 0.050853 -0.435186 -0.101499 0.042182 -0.269683
    13 1.539091 0.000008 -0.000002 0.000000 0.003737 -0.247812
    14 1.196321 0.000000 -0.000002 -0.000001 0.006168 -0.430818
    15 3.881376 -0.039219 0.427587 0.090105 -0.011419 -0.132542
    16 1.719578 0.000023 -0.000021 -0.039458 -0.167702 -0.315850
    17 1.209181 -0.000004 -0.000001 0.312038 0.209821 -0.320126
    18 3.863479 -0.132591 1.332139 0.320642 -0.041405 -0.125801
    19 1.719431 -0.000023 0.000019 0.000001 -0.106227 -0.347813
    20 1.099676 0.000000 0.000006 0.000004 0.002586 -0.283859
    21 0.807586 -0.343252 1.320583 -1.186042 -0.555100 -0.957240
    22 1.789787 0.000006 0.000006 -0.000002 -0.003712 0.228604
    23 1.207012 0.000011 0.000000 0.068239 -0.043107 0.237802
    24 2.035156 0.997070 -1.937500 -1.667267 1.282923 2.944210
    25 6.028144 -0.000011 0.000002 1.567311 0.793944 -0.841689
    26 11.692577 0.000001 0.000004 -0.000448 -0.065570 -1.810927
    27 11.481657 0.000043 0.000019 -1.183866 0.520519 0.156054
    28 3.854334 -0.131699 1.199994 0.887977 0.041686 -0.500120
    29 1.312567 0.000000 0.000000 -0.076006 -0.203868 -0.258727
    30 0.729362 0.000004 0.000003 -0.250341 -0.135455 -0.179419
    31 3.941981 0.050872 0.435162 0.216346 -0.007336 -0.093776
    32 1.539089 0.000008 0.000003 -0.605562 0.126574 -1.244849
    33 1.196316 0.000004 0.000005 0.000000 -0.000162 -0.332870
    34 3.880859 -0.047028 -0.427490 0.051056 0.262892 -0.068599
    35 1.719567 0.000023 0.000016 -0.461231 0.032293 -1.105404
    36 1.209175 0.000008 0.000005 0.175617 0.055179 -0.367832
    37 3.863493 -0.148186 -1.324350 -0.134961 0.400676 -0.397685
    38 1.719419 -0.000008 -0.000008 -0.082106 -0.002364 -0.236718
    39 1.099667 -0.000004 -0.000001 -0.188224 0.009145 -1.119518
    40 0.807129 -0.358887 -1.316406 1.243203 0.551773 -0.740643
    41 1.789783 -0.000002 -0.000002 -0.000009 0.003711 0.228604
    42 1.207001 0.000009 0.000000 -0.023897 -0.040066 0.269693
    43 3.772941 -5.489335 -0.527645 4.034818 -0.133223 -1.641906
  time 130
    0 -0.000003 -13.531250 -29.421875 1.570788 0.000007 -0.000007
    1 0.000000 3.345131 -2.981898 1.570789 0.086301 1.570789
    2 4.015625 0.000003 0.000000 0.000000 0.000000 -0.029241
    3 3.520294 0.000005 -0.000006 0.000000 0.000000 0.100332
    4 8.929688 0.000001 0.000000 0.000000 0.000000 0.194095
    5 2.036086 0.993556 1.937663 2.642625 -1.022436 1.966093
    6 6.028159 -0.000069 0.000009 -2.133784 -0.956086 -0.338018
    7 11.692566 0.000046 0.000011 0.141404 -0.035427 -0.816710
    8 11.481682 0.000088 -0.000031 0.174692 0.244717 -0.344613
    9 3.854313 -0.135628 -1.192206 -0.363882 0.112047 -0.355498
    10 1.312565 -0.000008 0.000000 -0.000002 0.054404 -0.409012
    11 0.729366 0.000002 -0.000002 -0.000001 0.040754 -0.240990
    12 3.938059 0.050853 -0.435186 -0.101499 0.042182 -0.269683
    13 1.539091 0.000008 -0.000002 0.000000 0.003737 -0.247812
    14 1.196321 0.000000 -0.000002 -0.000001 0.006168 -0.430818
    15 3.881376 -0.039219 0.427587 0.090105 -0.011419 -0.132542
    16 1.719578 0.000023 -0.000021 -0.039458 -0.167702 -0.315850
    17 1.209181 -0.000004 -0.000001 0.312038 0.209821 -0.320126
    18 3.863479 -0.132591 1.332139 0.320642 -0.041405 -0.125801
    19 1.719431 -0.000023 0.000019 0.000001 -0.106227 -0.347813
    20 1.099676 0.000000 0.000006 0.000004 0.002586 -0.283859
    21 0.807586 -0.343252 1.320583 -1.186042 -0.555100 -0.957240
    22 1.789787 0.000006 0.000006 -0.000002 -0.003712 0.228604
    23 1.207012 0.000011 0.000000 0.068239 -0.043107 0.237802
    24 2.035156 0.997070 -1.937500 -1.667267 1.282923 2.944210
    25 6.028144 -0.000011 0.000002 1.567467 0.794068 -0.841593
    26 11.692577 0.000001 0.000004 -0.000460 -0.065481 -1.810927
    27 11.481657 0.000043 0.000019 -1.183866 0.520519 0.156054
    28 3.854334 -0.131699 1.199994 0.887977 0.041686 -0.500120
    29 1.312567 0.000000 0.000000 -0.076006 -0.203868 -0.258727
    30 0.729362 0.000004 0.000003 -0.250341 -0.135455 -0.179419
    31 3.941981 0.050872 0.435162 0.216346 -0.007336 -0.093776
    32 1.539089 0.000008 0.000003 -0.605562 0.126574 -1.244849
    33 1.196316 0.000004 0.000005 0.000000 -0.000162 -0.332870
    34 3.880859 -0.047028 -0.427490 0.051056 0.262892 -0.068599
    35 1.719567 0.000023 0.000016 -0.461231 0.032293 -1.105404
    36 1.209175 0.000008 0.000005 0.175617 0.055179 -0.367832
    37 3.867399 -0.148186 -1.324350 -0.134961 0.400676 -0.397685
    38 1.719419 -0.000008 -0.000008 -0.082106 -0.002364 -0.236718
    39 1.099667 -0.000004 -0.000001 -0.188224 0.009145 -1.119518
    40 0.807129 -0.358887 -1.316406 1.243203 0.551773 -0.740643
    41 1.789783 -0.000002 -0.000002 -0.000009 0.003711 0.228604
    42 1.207001 0.000009 0.000000 -0.023897 -0.040066 0.269693
    43 3.772941 -5.489335 -0.527645 4.034818 -0.133223 -1.641906
  time 131
    0 -0.000003 -13.531250 -29.421875 1.570788 0.000007 -0.000007
    1 0.000000 3.345131 -2.981898 1.570789 0.086301 1.570789
    2 4.015625 0.000003 0.000000 0.000000 0.000000 -0.029241
    3 3.520294 0.000005 -0.000006 0.000000 0.000000 0.100332
    4 8.929688 0.000001 0.000000 0.000000 0.000000 0.194095
    5 2.036086 0.993556 1.937663 2.645768 -1.020183 1.963281
    6 6.028159 -0.000069 0.000009 -2.138336 -0.958334 -0.334375
    7 11.692566 0.000046 0.000011 0.142123 -0.036442 -0.811894
    8 11.481682 0.000088 -0.000031 0.169921 0.248857 -0.350919
    9 3.858219 -0.135628 -1.192206 -0.363882 0.112047 -0.355498
    10 1.312565 -0.000008 0.000000 -0.000002 0.054404 -0.409012
    11 0.729366 0.000002 -0.000002 -0.000001 0.040754 -0.240990
    12 3.941966 0.050853 -0.435186 -0.101499 0.042182 -0.269683
    13 1.539091 0.000008 -0.000002 0.000000 0.003737 -0.247812
    14 1.196321 0.000000 -0.000002 -0.000001 0.006168 -0.430818
    15 3.881376 -0.039219 0.427587 0.090105 -0.011419 -0.132542
    16 1.719578 0.000023 -0.000021 -0.039458 -0.167702 -0.315850
    17 1.209181 -0.000004 -0.000001 0.312038 0.209821 -0.320126
    18 3.863479 -0.132591 1.332139 0.320642 -0.041405 -0.125801
    19 1.719431 -0.000023 0.000019 0.000001 -0.106227 -0.347813
    20 1.099676 0.000000 0.000006 0.000004 0.002586 -0.283859
    21 0.807586 -0.343252 1.320583 -1.186042 -0.555100 -0.957240
    22 1.789787 0.000006 0.000006 -0.000002 -0.003712 0.228604
    23 1.207012 0.000011 0.000000 0.068239 -0.043107 0.237802
    24 2.035156 0.997070 -1.937500 -1.667267 1.282923 2.944210
    25 6.028144 -0.000011 0.000002 1.567611 0.794167 -0.841509
    26 11.692577 0.000001 0.000004 -0.000460 -0.065392 -1.810874
    27 11.481657 0.000043 0.000019 -1.183866 0.520519 0.156054
    28 3.854334 -0.131699 1.199994 0.887977 0.041686 -0.500120
    29 1.312567 0.000000 0.000000 -0.076006 -0.203868 -0.258727
    30 0.729362 0.000004 0.000003 -0.250341 -0.135455 -0.179419
    31 3.941981 0.050872 0.435162 0.216346 -0.007336 -0.093776
    32 1.539089 0.000008 0.000003 -0.605562 0.126574 -1.244849
    33 1.196316 0.000004 0.000005 0.000000 -0.000162 -0.332870
    34 3.880859 -0.047028 -0.427490 0.051056 0.262892 -0.068599
    35 1.719567 0.000023 0.000016 -0.461231 0.032293 -1.105404
    36 1.209175 0.000008 0.000005 0.175617 0.055179 -0.367832
    37 3.867399 -0.148186 -1.324350 -0.134961 0.400676 -0.397685
    38 1.719419 -0.000008 -0.000008 -0.082106 -0.002364 -0.236718
    39 1.099667 -0.000004 -0.000001 -0.188224 0.009145 -1.119518
    40 0.807129 -0.358887 -1.316406 1.243203 0.551773 -0.740643
    41 1.789783 -0.000002 -0.000002 -0.000009 0.003711 0.228604
    42 1.207001 0.000009 0.000000 -0.023897 -0.040066 0.269693
    43 3.772941 -5.489335 -0.527645 4.034818 -0.133223 -1.641906
  time 132
    0 -0.000003 -13.531250 -29.421875 1.570788 0.000007 -0.000007
    1 0.000000 3.345131 -2.981898 1.570789 0.086301 1.570789
    2 4.015625 0.000003 0.000000 0.000000 0.000000 -0.029241
    3 3.520294 0.000005 -0.000006 0.000000 0.000000 0.100332
    4 8.929688 0.000001 0.000000 0.000000 0.000000 0.194095
    5 2.036086 0.993556 1.937663 2.648616 -1.018146 1.960774
    6 6.028159 -0.000069 0.000009 -2.142663 -0.960582 -0.330876
    7 11.692566 0.000046 0.000011 0.142794 -0.037339 -0.807550
    8 11.481682 0.000088 -0.000031 0.165247 0.252915 -0.357126
    9 3.854313 -0.139534 -1.192206 -0.363882 0.112047 -0.355498
    10 1.312565 -0.000008 0.000000 -0.000002 0.054404 -0.409012
    11 0.729366 0.000002 -0.000002 -0.000001 0.040754 -0.240990
    12 3.938059 0.050853 -0.435186 -0.101499 0.042182 -0.269683
    13 1.539091 0.000008 -0.000002 0.000000 0.003737 -0.247812
    14 1.196321 0.000000 -0.000002 -0.000001 0.006168 -0.430818
    15 3.881376 -0.039219 0.427587 0.090105 -0.011419 -0.132542
    16 1.719578 0.000023 -0.000021 -0.039458 -0.167702 -0.315850
    17 1.209181 -0.000004 -0.000001 0.312038 0.209821 -0.320126
    18 3.863479 -0.132591 1.332139 0.320642 -0.041405 -0.125801
    19 1.719431 -0.000023 0.000019 0.000001 -0.106227 -0.347813
    20 1.099676 0.000000 0.000006 0.000004 0.002586 -0.283859
    21 0.807586 -0.343252 1.320583 -1.186042 -0.555100 -0.957240
    22 1.789787 0.000006 0.000006 -0.000002 -0.003712 0.228604
    23 1.207012 0.000011 0.000000 0.068239 -0.043107 0.237802
    24 2.035156 0.997070 -1.937500 -1.667267 1.282923 2.944210
    25 6.028144 -0.000011 0.000002 1.567767 0.794266 -0.841414
    26 11.692577 0.000001 0.000004 -0.000460 -0.065303 -1.810820
    27 11.481657 0.000043 0.000019 -1.183866 0.520533 0.156054
    28 3.854334 -0.131699 1.199994 0.887977 0.041686 -0.500120
    29 1.312567 0.000000 0.000000 -0.076006 -0.203868 -0.258727
    30 0.729362 0.000004 0.000003 -0.250341 -0.135455 -0.179419
    31 3.941981 0.050872 0.435162 0.216346 -0.007336 -0.093776
    32 1.539089 0.000008 0.000003 -0.605562 0.126574 -1.244849
    33 1.196316 0.000004 0.000005 0.000000 -0.000162 -0.332870
    34 3.880859 -0.047028 -0.427490 0.051056 0.262892 -0.068599
    35 1.719567 0.000023 0.000016 -0.461231 0.032293 -1.105404
    36 1.209175 0.000008 0.000005 0.175617 0.055179 -0.367832
    37 3.863493 -0.148186 -1.324350 -0.134961 0.400676 -0.397685
    38 1.719419 -0.000008 -0.000008 -0.082106 -0.002364 -0.236718
    39 1.099667 -0.000004 -0.000001 -0.188224 0.009145 -1.119518
    40 0.807129 -0.358887 -1.316406 1.243203 0.551773 -0.740643
    41 1.789783 -0.000002 -0.000002 -0.000009 0.003711 0.228604
    42 1.207001 0.000009 0.000000 -0.023897 -0.040066 0.269693
    43 3.772941 -5.489335 -0.527645 4.034818 -0.133223 -1.641906
  time 133
    0 -0.000003 -13.531250 -29.421875 1.570788 0.000007 -0.000007
    1 0.000000 3.345131 -2.981898 1.570789 0.086301 1.570789
    2 4.015625 0.000003 0.000000 0.000000 0.000000 -0.029241
    3 3.520294 0.000005 -0.000006 0.000000 0.000000 0.100332
    4 8.929688 0.000001 0.000000 0.000000 0.000000 0.194095
    5 2.036086 0.993556 1.937663 2.651169 -1.016300 1.958513
    6 6.028159 -0.000069 0.000009 -2.146763 -0.962797 -0.327520
    7 11.692566 0.000046 0.000011 0.143406 -0.038171 -0.803624
    8 11.481682 0.000088 -0.000031 0.160719 0.256939 -0.363235
    9 3.858219 -0.135628 -1.192206 -0.363882 0.112047 -0.355498
    10 1.312565 -0.000008 0.000000 -0.000002 0.054404 -0.409012
    11 0.729366 0.000002 -0.000002 -0.000001 0.040754 -0.240990
    12 3.938059 0.050853 -0.435186 -0.101499 0.042182 -0.269683
    13 1.539091 0.000008 -0.000002 0.000000 0.003737 -0.247812
    14 1.196321 0.000000 -0.000002 -0.000001 0.006168 -0.430818
    15 3.881376 -0.039219 0.427587 0.090105 -0.011419 -0.132542
    16 1.719578 0.000023 -0.000021 -0.039458 -0.167702 -0.315850
    17 1.209181 -0.000004 -0.000001 0.312038 0.209821 -0.320126
    18 3.863479 -0.132591 1.332139 0.320642 -0.041405 -0.125801
    19 1.719431 -0.000023 0.000019 0.000001 -0.106227 -0.347813
    20 1.099676 0.000000 0.000006 0.000004 0.002586 -0.283859
    21 0.807586 -0.343252 1.320583 -1.186042 -0.555100 -0.957240
    22 1.789787 0.000006 0.000006 -0.000002 -0.003712 0.228604
    23 1.207012 0.000011 0.000000 0.068239 -0.043107 0.237802
    24 2.035156 0.997070 -1.937500 -1.667267 1.282923 2.944210
    25 6.028144 -0.000011 0.000002 1.567911 0.794365 -0.841318
    26 11.692577 0.000001 0.000004 -0.000460 -0.065215 -1.810767
    27 11.481657 0.000043 0.000019 -1.183866 0.520519 0.156054
    28 3.854334 -0.131699 1.199994 0.887977 0.041686 -0.500120
    29 1.312567 0.000000 0.000000 -0.076006 -0.203868 -0.258727
    30 0.729362 0.000004 0.000003 -0.250341 -0.135455 -0.179419
    31 3.938074 0.050872 0.435162 0.216346 -0.007336 -0.093776
    32 1.539089 0.000008 0.000003 -0.605562 0.126574 -1.244849
    33 1.196316 0.000004 0.000005 0.000000 -0.000162 -0.332870
    34 3.880859 -0.047028 -0.427490 0.051056 0.262892 -0.068599
    35 1.719567 0.000023 0.000016 -0.461231 0.032293 -1.105404
    36 1.209175 0.000008 0.000005 0.175617 0.055179 -0.367832
    37 3.863493 -0.148186 -1.324350 -0.134961 0.400676 -0.397685
    38 1.719419 -0.000008 -0.000008 -0.082106 -0.002364 -0.236718
    39 1.099667 -0.000004 -0.000001 -0.188224 0.009145 -1.119518
    40 0.807129 -0.358887 -1.316406 1.243203 0.551773 -0.740643
    41 1.789783 -0.000002 -0.000002 -0.000009 0.003711 0.228604
    42 1.207001 0.000009 0.000000 -0.023897 -0.040066 0.269693
    43 3.772941 -5.489335 -0.527645 4.034818 -0.133223 -1.641906
  time 134
    0 -0.000003 -13.531250 -29.421875 1.570788 0.000007 -0.000007
    1 0.000000 3.345131 -2.981898 1.570789 0.086301 1.570789
    2 4.015625 0.000003 0.000000 0.000000 0.000000 -0.029241
    3 3.520294 0.000005 -0.000006 0.000000 0.000000 0.100332
    4 8.929688 0.000001 0.000000 0.000000 0.000000 0.194095
    5 2.036086 0.993556 1.937663 2.653395 -1.014670 1.956495
    6 6.028159 -0.000069 0.000009 -2.150676 -0.965013 -0.324296
    7 11.692566 0.000046 0.000011 0.143969 -0.038902 -0.800170
    8 11.481682 0.000088 -0.000031 0.156338 0.260914 -0.369278
    9 3.854313 -0.139534 -1.192206 -0.363882 0.112047 -0.355498
    10 1.312565 -0.000008 0.000000 -0.000002 0.054404 -0.409012
    11 0.729366 0.000002 -0.000002 -0.000001 0.040754 -0.240990
    12 3.938059 0.050853 -0.435186 -0.101499 0.042182 -0.269683
    13 1.539091 0.000008 -0.000002 0.000000 0.003737 -0.247812
    14 1.196321 0.000000 -0.000002 -0.000001 0.006168 -0.430818
    15 3.881376 -0.039219 0.427587 0.090105 -0.011419 -0.132542
    16 1.719578 0.000023 -0.000021 -0.039458 -0.167702 -0.315850
    17 1.209181 -0.000004 -0.000001 0.312038 0.209821 -0.320126
    18 3.863479 -0.132591 1.332139 0.320642 -0.041405 -0.125801
    19 1.719431 -0.000023 0.000019 0.000001 -0.106227 -0.347813
    20 1.099676 0.000000 0.000006 0.000004 0.002586 -0.283859
    21 0.807586 -0.343252 1.316677 -1.186042 -0.555100 -0.957240
    22 1.789787 0.000006 0.000006 -0.000002 -0.003712 0.228604
    23 1.207012 0.000011 0.000000 0.068239 -0.043107 0.237802
    24 2.035156 0.997070 -1.937500 -1.667267 1.282923 2.944210
    25 6.028144 -0.000011 0.000002 1.568066 0.794464 -0.841222
    26 11.692577 0.000001 0.000004 -0.000460 -0.065126 -1.810767
    27 11.481657 0.000043 0.000019 -1.183866 0.520519 0.156054
    28 3.854334 -0.131699 1.199994 0.887977 0.041686 -0.500120
    29 1.312567 0.000000 0.000000 -0.076006 -0.203868 -0.258727
    30 0.729362 0.000004 0.000003 -0.250341 -0.135455 -0.179419
    31 3.941981 0.050872 0.435162 0.216346 -0.007336 -0.093776
    32 1.539089 0.000008 0.000003 -0.605562 0.126574 -1.244879
    33 1.196316 0.000004 0.000005 0.000000 -0.000162 -0.332870
    34 3.880859 -0.047028 -0.427490 0.051056 0.262892 -0.068599
    35 1.719567 0.000023 0.000016 -0.461231 0.032293 -1.105404
    36 1.209175 0.000008 0.000005 0.175617 0.055179 -0.367832
    37 3.863493 -0.148186 -1.324350 -0.134961 0.400676 -0.397685
    38 1.719419 -0.000008 -0.000008 -0.082106 -0.002364 -0.236718
    39 1.099667 -0.000004 -0.000001 -0.188224 0.009145 -1.119518
    40 0.807129 -0.358887 -1.316406 1.243203 0.551773 -0.740643
    41 1.789783 -0.000002 -0.000002 -0.000009 0.003711 0.228604
    42 1.207001 0.000009 0.000000 -0.023897 -0.040066 0.269693
    43 3.772941 -5.489335 -0.527645 4.034818 -0.133223 -1.641906
  time 135
    0 -0.000003 -13.531250 -29.421875 1.570788 0.000007 -0.000007
    1 0.000000 3.345131 -2.981898 1.570789 0.086301 1.570789
    2 4.015625 0.000003 0.000000 0.000000 0.000000 -0.029241
    3 3.520294 0.000005 -0.000006 0.000000 0.000000 0.100332
    4 8.929688 0.000001 0.000000 0.000000 0.000000 0.194095
    5 2.036086 0.993556 1.937663 2.655392 -1.013220 1.954753
    6 6.028159 -0.000069 0.000009 -2.154381 -0.967228 -0.321192
    7 11.692566 0.000046 0.000011 0.144472 -0.039550 -0.797186
    8 11.481682 0.000088 -0.000031 0.152053 0.264856 -0.375238
    9 3.858219 -0.135628 -1.192206 -0.363882 0.112047 -0.355498
    10 1.312565 -0.000008 0.000000 -0.000002 0.054404 -0.409012
    11 0.729366 0.000002 -0.000002 -0.000001 0.040754 -0.240990
    12 3.938059 0.050853 -0.435186 -0.101499 0.042182 -0.269683
    13 1.539091 0.000008 -0.000002 0.000000 0.003737 -0.247812
    14 1.196321 0.000000 -0.000002 -0.000001 0.006168 -0.430818
    15 3.881376 -0.039219 0.427587 0.090105 -0.011419 -0.132542
    16 1.719578 0.000023 -0.000021 -0.039458 -0.167702 -0.315850
    17 1.209181 -0.000004 -0.000001 0.312038 0.209821 -0.320126
    18 3.863479 -0.132591 1.332139 0.320642 -0.041405 -0.125801
    19 1.719431 -0.000023 0.000019 0.000001 -0.106227 -0.347813
    20 1.099676 0.000000 0.000006 0.000004 0.002586 -0.283859
    21 0.807586 -0.343252 1.320583 -1.186042 -0.555100 -0.957240
    22 1.789787 0.000006 0.000006 -0.000002 -0.003712 0.228604
    23 1.207012 0.000011 0.000000 0.068239 -0.043107 0.237802
    24 2.035156 0.997070 -1.937500 -1.667267 1.282923 2.944210
    25 6.028144 -0.000011 0.000002 1.568222 0.794539 -0.841126
    26 11.692577 0.000001 0.000004 -0.000472 -0.065037 -1.810713
    27 11.481657 0.000043 0.000019 -1.183866 0.520519 0.156054
    28 3.854334 -0.131699 1.199994 0.887977 0.041686 -0.500120
    29 1.312567 0.000000 0.000000 -0.076006 -0.203868 -0.258727
    30 0.729362 0.000004 0.000003 -0.250341 -0.135455 -0.179419
    31 3.941981 0.050872 0.435162 0.216346 -0.007336 -0.093776
    32 1.539089 0.000008 0.000003 -0.605562 0.126574 -1.244849
    33 1.196316 0.000004 0.000005 0.000000 -0.000162 -0.332870
    34 3.880859 -0.047028 -0.427490 0.051056 0.262892 -0.068599
    35 1.719567 0.000023 0.000016 -0.461231 0.032293 -1.105404
    36 1.209175 0.000008 0.000005 0.175617 0.055179 -0.367832
    37 3.863493 -0.148186 -1.324350 -0.134961 0.400676 -0.397685
    38 1.719419 -0.000008 -0.000008 -0.082106 -0.002364 -0.236718
    39 1.099667 -0.000004 -0.000001 -0.188224 0.009145 -1.119518
    40 0.807129 -0.358887 -1.316406 1.243203 0.551773 -0.740643
    41 1.789783 -0.000002 -0.000002 -0.000009 0.003711 0.228604
    42 1.207001 0.000009 0.000000 -0.023897 -0.040066 0.269693
    43 3.772941 -5.489335 -0.527645 4.034818 -0.133223 -1.641906
  time 136
    0 -0.000003 -13.531250 -29.421875 1.570788 0.000007 -0.000007
    1 0.000000 3.345131 -2.981898 1.570789 0.086301 1.570789
    2 4.015625 0.000003 0.000000 0.000000 0.000000 -0.029241
    3 3.520294 0.000005 -0.000006 0.000000 0.000000 0.100332
    4 8.929688 0.000001 0.000000 0.000000 0.000000 0.194095
    5 2.036086 0.993556 1.937663 2.657094 -1.011962 1.953255
    6 6.028159 -0.000069 0.000009 -2.157880 -0.969444 -0.318208
    7 11.692566 0.000046 0.000011 0.144928 -0.040116 -0.794569
    8 11.481682 0.000088 -0.000031 0.147818 0.268781 -0.381166
    9 3.858219 -0.135628 -1.192206 -0.363882 0.112047 -0.355498
    10 1.312565 -0.000008 0.000000 -0.000002 0.054404 -0.409012
    11 0.729366 0.000002 -0.000002 -0.000001 0.040754 -0.240990
    12 3.938059 0.050853 -0.435186 -0.101499 0.042182 -0.269683
    13 1.539091 0.000008 -0.000002 0.000000 0.003737 -0.247812
    14 1.196321 0.000000 -0.000002 -0.000001 0.006168 -0.430818
    15 3.881376 -0.039219 0.427587 0.090105 -0.011419 -0.132542
    16 1.719578 0.000023 -0.000021 -0.039458 -0.167702 -0.315850
    17 1.209181 -0.000004 -0.000001 0.312038 0.209821 -0.320126
    18 3.863479 -0.132591 1.332139 0.320642 -0.041405 -0.125801
    19 1.719431 -0.000023 0.000019 0.000001 -0.106227 -0.347813
    20 1.099676 0.000000 0.000006 0.000004 0.002586 -0.283859
    21 0.807586 -0.343252 1.320583 -1.186042 -0.555100 -0.957240
    22 1.789787 0.000006 0.000006 -0.000002 -0.003712 0.228604
    23 1.207012 0.000011 0.000000 0.068239 -0.043107 0.237802
    24 2.035156 0.997070 -1.937500 -1.667267 1.282923 2.944210
    25 6.028144 -0.000011 0.000002 1.568378 0.794613 -0.841030
    26 11.692577 0.000001 0.000004 -0.000472 -0.064935 -1.810713
    27 11.481657 0.000043 0.000019 -1.183866 0.520519 0.156054
    28 3.854334 -0.131699 1.199994 0.887977 0.041686 -0.500120
    29 1.312567 0.000000 0.000000 -0.076006 -0.203868 -0.258727
    30 0.729362 0.000004 0.000003 -0.250341 -0.135455 -0.179419
    31 3.941981 0.050872 0.435162 0.216346 -0.007336 -0.093776
    32 1.539089 0.000008 0.000003 -0.605562 0.126574 -1.244849
    33 1.196316 0.000004 0.000005 0.000000 -0.000162 -0.332870
    34 3.880859 -0.047028 -0.427490 0.051056 0.262892 -0.068599
    35 1.719567 0.000023 0.000016 -0.461231 0.032293 -1.105404
    36 1.209175 0.000008 0.000005 0.175617 0.055179 -0.367832
    37 3.863493 -0.148186 -1.324350 -0.134961 0.400676 -0.397685
    38 1.719419 -0.000008 -0.000008 -0.082106 -0.002364 -0.236718
    39 1.099667 -0.000004 -0.000001 -0.188224 0.009145 -1.119518
    40 0.807129 -0.358887 -1.316406 1.243203 0.551773 -0.740643
    41 1.789783 -0.000002 -0.000002 -0.000009 0.003711 0.228604
    42 1.207001 0.000009 0.000000 -0.023897 -0.040066 0.269693
    43 3.772941 -5.489335 -0.527645 4.034818 -0.133223 -1.641906
  time 137
    0 -0.000003 -13.531250 -29.421875 1.570788 0.000007 -0.000007
    1 0.000000 3.345131 -2.981898 1.570789 0.086301 1.570789
    2 4.015625 0.000003 0.000000 0.000000 0.000000 -0.029241
    3 3.520294 0.000005 -0.000006 0.000000 0.000000 0.100332
    4 8.929688 0.000001 0.000000 0.000000 0.000000 0.194095
    5 2.036086 0.993556 1.937663 2.658535 -1.010895 1.951972
    6 6.028159 -0.000069 0.000009 -2.161228 -0.971692 -0.315332
    7 11.692566 0.000046 0.000011 0.145323 -0.040581 -0.792371
    8 11.481682 0.000088 -0.000031 0.143680 0.272690 -0.387045
    9 3.854313 -0.139534 -1.192206 -0.363882 0.112047 -0.355498
    10 1.312565 -0.000008 0.000000 -0.000002 0.054404 -0.409012
    11 0.729366 0.000002 -0.000002 -0.000001 0.040754 -0.240990
    12 3.938059 0.050853 -0.435186 -0.101499 0.042182 -0.269683
    13 1.539091 0.000008 -0.000002 0.000000 0.003737 -0.247812
    14 1.196321 0.000000 -0.000002 -0.000001 0.006168 -0.430818
    15 3.881376 -0.039219 0.427587 0.090105 -0.011419 -0.132542
    16 1.719578 0.000023 -0.000021 -0.039458 -0.167702 -0.315850
    17 1.209181 -0.000004 -0.000001 0.312038 0.209821 -0.320126
    18 3.863479 -0.132591 1.332139 0.320642 -0.041405 -0.125801
    19 1.719431 -0.000023 0.000019 0.000001 -0.106227 -0.347813
    20 1.099676 0.000000 0.000006 0.000004 0.002586 -0.283859
    21 0.807586 -0.343252 1.320583 -1.186042 -0.555100 -0.957240
    22 1.789787 0.000006 0.000006 -0.000002 -0.003712 0.228604
    23 1.207012 0.000011 0.000000 0.068239 -0.043107 0.237802
    24 2.035156 0.997070 -1.937500 -1.667267 1.282923 2.944210
    25 6.028144 -0.000011 0.000002 1.568534 0.794662 -0.840934
    26 11.692577 0.000001 0.000004 -0.000472 -0.064846 -1.810660
    27 11.481657 0.000043 0.000019 -1.183866 0.520519 0.156054
    28 3.854334 -0.131699 1.199994 0.887977 0.041686 -0.500120
    29 1.312567 0.000000 0.000000 -0.076006 -0.203868 -0.258727
    30 0.729362 0.000004 0.000003 -0.250341 -0.135455 -0.179419
    31 3.941981 0.050872 0.435162 0.216346 -0.007336 -0.093776
    32 1.539089 0.000008 0.000003 -0.605562 0.126574 -1.244849
    33 1.196316 0.000004 0.000005 0.000000 -0.000162 -0.332870
    34 3.880859 -0.047028 -0.427490 0.051056 0.262892 -0.068599
    35 1.719567 0.000023 0.000016 -0.461231 0.032293 -1.105404
    36 1.209175 0.000008 0.000005 0.175617 0.055179 -0.367832
    37 3.863493 -0.148186 -1.324350 -0.134961 0.400676 -0.397685
    38 1.719419 -0.000008 -0.000008 -0.082106 -0.002364 -0.236718
    39 1.099667 -0.000004 -0.000001 -0.188224 0.009145 -1.119518
    40 0.807129 -0.358887 -1.316406 1.243203 0.551773 -0.740643
    41 1.789783 -0.000002 -0.000002 -0.000009 0.003711 0.228604
    42 1.207001 0.000009 0.000000 -0.023897 -0.040066 0.269693
    43 3.772941 -5.489335 -0.527645 4.034818 -0.133223 -1.641906
  time 138
    0 -0.000003 -13.531250 -29.421875 1.570788 0.000007 -0.000007
    1 0.000000 3.345131 -2.981898 1.570789 0.086301 1.570789
    2 4.015625 0.000003 0.000000 0.000000 0.000000 -0.029241
    3 3.520294 0.000005 -0.000006 0.000000 0.000000 0.100332
    4 8.929688 0.000001 0.000000 0.000000 0.000000 0.194095
    5 2.036086 0.993556 1.937663 2.659746 -1.010008 1.950902
    6 6.028159 -0.000069 0.000009 -2.164388 -0.973907 -0.312551
    7 11.692566 0.000046 0.000011 0.145671 -0.040997 -0.790539
    8 11.481682 0.000088 -0.000031 0.139639 0.276599 -0.392891
    9 3.854313 -0.139534 -1.192206 -0.363882 0.112047 -0.355498
    10 1.312565 -0.000008 0.000000 -0.000002 0.054404 -0.409012
    11 0.729366 0.000002 -0.000002 -0.000001 0.040754 -0.240990
    12 3.938059 0.050853 -0.435186 -0.101499 0.042182 -0.269683
    13 1.539091 0.000008 -0.000002 0.000000 0.003737 -0.247812
    14 1.196321 0.000000 -0.000002 -0.000001 0.006168 -0.430818
    15 3.881376 -0.039219 0.427587 0.090105 -0.011419 -0.132542
    16 1.719578 0.000023 -0.000021 -0.039458 -0.167702 -0.315850
    17 1.209181 -0.000004 -0.000001 0.312038 0.209821 -0.320126
    18 3.863479 -0.132591 1.332139 0.320642 -0.041405 -0.125801
    19 1.719431 -0.000023 0.000019 0.000001 -0.106227 -0.347813
    20 1.099676 0.000000 0.000006 0.000004 0.002586 -0.283859
    21 0.807586 -0.343252 1.320583 -1.186042 -0.555100 -0.957240
    22 1.789787 0.000006 0.000006 -0.000002 -0.003712 0.228604
    23 1.207012 0.000011 0.000000 0.068239 -0.043107 0.237802
    24 2.035156 0.997070 -1.937500 -1.667267 1.282923 2.944210
    25 6.028144 -0.000011 0.000002 1.568678 0.794712 -0.840838
    26 11.692577 0.000001 0.000004 -0.000472 -0.064744 -1.810660
    27 11.481657 0.000043 0.000019 -1.183866 0.520533 0.156054
    28 3.854334 -0.131699 1.199994 0.887977 0.041686 -0.500120
    29 1.312567 0.000000 0.000000 -0.076006 -0.203868 -0.258727
    30 0.729362 0.000004 0.000003 -0.250341 -0.135455 -0.179419
    31 3.941981 0.050872 0.435162 0.216346 -0.007336 -0.093776
    32 1.539089 0.000008 0.000003 -0.605562 0.126574 -1.244849
    33 1.196316 0.000004 0.000005 0.000000 -0.000162 -0.332870
    34 3.880859 -0.047028 -0.427490 0.051056 0.262892 -0.068599
    35 1.719567 0.000023 0.000016 -0.461231 0.032293 -1.105426
    36 1.209175 0.000008 0.000005 0.175617 0.055179 -0.367832
    37 3.863493 -0.148186 -1.324350 -0.134961 0.400676 -0.397685
    38 1.719419 -0.000008 -0.000008 -0.082106 -0.002364 -0.236718
    39 1.099667 -0.000004 -0.000001 -0.188224 0.009145 -1.119518
    40 0.807129 -0.358887 -1.316406 1.243203 0.551773 -0.740643
    41 1.789783 -0.000002 -0.000002 -0.000009 0.003711 0.228604
    42 1.207001 0.000009 0.000000 -0.023897 -0.040066 0.269693
    43 3.772941 -5.489335 -0.527645 4.034818 -0.133223 -1.641906
  time 139
    0 -0.000003 -13.531250 -29.421875 1.570788 0.000007 -0.000007
    1 0.000000 3.345131 -2.981898 1.570789 0.086301 1.570789
    2 4.015625 0.000003 0.000000 0.000000 0.000000 -0.029241
    3 3.520294 0.000005 -0.000006 0.000000 0.000000 0.100332
    4 8.929688 0.000001 0.000000 0.000000 0.000000 0.194095
    5 2.036086 0.993556 1.937663 2.660695 -1.009301 1.950046
    6 6.028159 -0.000069 0.000009 -2.167398 -0.976187 -0.309855
    7 11.692566 0.000046 0.000011 0.145982 -0.041313 -0.789074
    8 11.481682 0.000088 -0.000031 0.135598 0.280491 -0.398720
    9 3.858219 -0.135628 -1.192206 -0.363882 0.112047 -0.355498
    10 1.312565 -0.000008 0.000000 -0.000002 0.054404 -0.409012
    11 0.729366 0.000002 -0.000002 -0.000001 0.040754 -0.240990
    12 3.941966 0.050853 -0.435186 -0.101499 0.042182 -0.269683
    13 1.539091 0.000008 -0.000002 0.000000 0.003737 -0.247812
    14 1.196321 0.000000 -0.000002 -0.000001 0.006168 -0.430818
    15 3.881376 -0.039219 0.427587 0.090105 -0.011419 -0.132542
    16 1.719578 0.000023 -0.000021 -0.039458 -0.167702 -0.315850
    17 1.209181 -0.000004 -0.000001 0.312038 0.209821 -0.320126
    18 3.863479 -0.132591 1.332139 0.320642 -0.041405 -0.125801
    19 1.719431 -0.000023 0.000019 0.000001 -0.106227 -0.347813
    20 1.099676 0.000000 0.000006 0.000004 0.002586 -0.283859
    21 0.807586 -0.343252 1.320583 -1.186042 -0.555100 -0.957240
    22 1.789787 0.000006 0.000006 -0.000002 -0.003712 0.228604
    23 1.207012 0.000011 0.000000 0.068239 -0.043107 0.237802
    24 2.035156 0.997070 -1.937500 -1.667267 1.282923 2.944210
    25 6.028144 -0.000011 0.000002 1.568833 0.794762 -0.840742
    26 11.692577 0.000001 0.000004 -0.000472 -0.064655 -1.810660
    27 11.481657 0.000043 0.000019 -1.183866 0.520519 0.156054
    28 3.854334 -0.131699 1.199994 0.887977 0.041686 -0.500120
    29 1.312567 0.000000 0.000000 -0.076006 -0.203868 -0.258727
    30 0.729362 0.000004 0.000003 -0.250341 -0.135455 -0.179419
    31 3.941981 0.050872 0.435162 0.216346 -0.007336 -0.093776
    32 1.539089 0.000008 0.000003 -0.605562 0.126574 -1.244849
    33 1.196316 0.000004 0.000005 0.000000 -0.000162 -0.332870
    34 3.880859 -0.047028 -0.427490 0.051056 0.262892 -0.068599
    35 1.719567 0.000023 0.000016 -0.461231 0.032293 -1.105404
    36 1.209175 0.000008 0.000005 0.175617 0.055179 -0.367832
    37 3.863493 -0.148186 -1.324350 -0.134961 0.400676 -0.397685
    38 1.719419 -0.000008 -0.000008 -0.082106 -0.002364 -0.236718
    39 1.099667 -0.000004 -0.000001 -0.188224 0.009145 -1.119518
    40 0.807129 -0.358887 -1.316406 1.243203 0.551773 -0.740643
    41 1.789783 -0.000002 -0.000002 -0.000009 0.003711 0.228604
    42 1.207001 0.000009 0.000000 -0.023897 -0.040066 0.269693
    43 3.772941 -5.489335 -0.527645 4.034818 -0.133223 -1.641906
  time 140
    0 -0.000003 -13.531250 -29.421875 1.570788 0.000007 -0.000007
    1 0.000000 3.345131 -2.981898 1.570789 0.086301 1.570789
    2 4.015625 0.000003 0.000000 0.000000 0.000000 -0.029241
    3 3.520294 0.000005 -0.000006 0.000000 0.000000 0.100332
    4 8.929688 0.000001 0.000000 0.000000 0.000000 0.194095
    5 2.036086 0.993556 1.937663 2.661448 -1.008750 1.949404
    6 6.028159 -0.000069 0.000009 -2.170257 -0.978467 -0.307242
    7 11.692566 0.000046 0.000011 0.146234 -0.041562 -0.787974
    8 11.481682 0.000088 -0.000031 0.131655 0.284383 -0.404534
    9 3.854313 -0.135628 -1.192206 -0.363882 0.112047 -0.355498
    10 1.312565 -0.000008 0.000000 -0.000002 0.054404 -0.409012
    11 0.729366 0.000002 -0.000002 -0.000001 0.040754 -0.240990
    12 3.938059 0.050853 -0.435186 -0.101499 0.042182 -0.269683
    13 1.539091 0.000008 -0.000002 0.000000 0.003737 -0.247812
    14 1.196321 0.000000 -0.000002 -0.000001 0.006168 -0.430818
    15 3.881376 -0.039219 0.427587 0.090105 -0.011419 -0.132542
    16 1.719578 0.000023 -0.000021 -0.039458 -0.167702 -0.315850
    17 1.209181 -0.000004 -0.000001 0.312038 0.209821 -0.320126
    18 3.863479 -0.132591 1.332139 0.320642 -0.041405 -0.125801
    19 1.719431 -0.000023 0.000019 0.000001 -0.106227 -0.347813
    20 1.099676 0.000000 0.000006 0.000004 0.002586 -0.283859
    21 0.807586 -0.343252 1.320583 -1.186042 -0.555100 -0.957240
    22 1.789787 0.000006 0.000006 -0.000002 -0.003712 0.228604
    23 1.207012 0.000011 0.000000 0.068239 -0.043107 0.237802
    24 2.035156 0.997070 -1.937500 -1.667267 1.282923 2.944210
    25 6.028144 -0.000011 0.000002 1.568989 0.794811 -0.840647
    26 11.692577 0.000001 0.000004 -0.000472 -0.064566 -1.810660
    27 11.481657 0.000043 0.000019 -1.183866 0.520519 0.156054
    28 3.858240 -0.131699 1.199994 0.887977 0.041686 -0.500120
    29 1.312567 0.000000 0.000000 -0.076006 -0.203868 -0.258727
    30 0.729362 0.000004 0.000003 -0.250341 -0.135455 -0.179419
    31 3.941981 0.050872 0.435162 0.216346 -0.007336 -0.093776
    32 1.539089 0.000008 0.000003 -0.605562 0.126574 -1.244849
    33 1.196316 0.000004 0.000005 0.000000 -0.000162 -0.332870
    34 3.880859 -0.047028 -0.427490 0.051056 0.262892 -0.068599
    35 1.719567 0.000023 0.000016 -0.461231 0.032293 -1.105404
    36 1.209175 0.000008 0.000005 0.175617 0.055179 -0.367832
    37 3.867399 -0.148186 -1.324350 -0.134961 0.400676 -0.397685
    38 1.719419 -0.000008 -0.000008 -0.082106 -0.002364 -0.236718
    39 1.099667 -0.000004 -0.000001 -0.188224 0.009145 -1.119518
    40 0.807129 -0.358887 -1.316406 1.243203 0.551773 -0.740643
    41 1.789783 -0.000002 -0.000002 -0.000009 0.003711 0.228604
    42 1.207001 0.000009 0.000000 -0.023897 -0.040066 0.269693
    43 3.772941 -5.489335 -0.527645 4.034818 -0.133223 -1.641906
  time 141
    0 -0.000003 -13.531250 -29.421875 1.570788 0.000007 -0.000007
    1 0.000000 3.345131 -2.981898 1.570789 0.086301 1.570789
    2 4.015625 0.000003 0.000000 0.000000 0.000000 -0.029241
    3 3.520294 0.000005 -0.000006 0.000000 0.000000 0.100332
    4 8.929688 0.000001 0.000000 0.000000 0.000000 0.194095
    5 2.036086 0.993556 1.937663 2.661939 -1.008366 1.948946
    6 6.028159 -0.000069 0.000009 -2.172965 -0.980811 -0.304713
    7 11.692566 0.000046 0.000011 0.146450 -0.041728 -0.787189
    8 11.481682 0.000088 -0.000031 0.127711 0.288275 -0.410330
    9 3.854313 -0.135628 -1.192206 -0.363882 0.112047 -0.355498
    10 1.312565 -0.000008 0.000000 -0.000002 0.054404 -0.409012
    11 0.729366 0.000002 -0.000002 -0.000001 0.040754 -0.240990
    12 3.938059 0.050853 -0.435186 -0.101499 0.042182 -0.269683
    13 1.539091 0.000008 -0.000002 0.000000 0.003737 -0.247812
    14 1.196321 0.000000 -0.000002 -0.000001 0.006168 -0.430818
    15 3.881376 -0.039219 0.427587 0.090105 -0.011419 -0.132542
    16 1.719578 0.000023 -0.000021 -0.039458 -0.167702 -0.315850
    17 1.209181 -0.000004 -0.000001 0.312038 0.209821 -0.320126
    18 3.863479 -0.132591 1.332139 0.320642 -0.041405 -0.125801
    19 1.719431 -0.000023 0.000019 0.000001 -0.106227 -0.347813
    20 1.099676 0.000000 0.000006 0.000004 0.002586 -0.283859
    21 0.807586 -0.343252 1.320583 -1.186042 -0.555100 -0.957240
    22 1.789787 0.000006 0.000006 -0.000002 -0.003712 0.228604
    23 1.207012 0.000011 0.000000 0.068239 -0.043107 0.237802
    24 2.035156 0.997070 -1.937500 -1.667267 1.282923 2.944210
    25 6.028144 -0.000011 0.000002 1.569145 0.794836 -0.840551
    26 11.692577 0.000001 0.000004 -0.000472 -0.064465 -1.810606
    27 11.481657 0.000043 0.000019 -1.183866 0.520519 0.156054
    28 3.858240 -0.131699 1.199994 0.887977 0.041686 -0.500120
    29 1.312567 0.000000 0.000000 -0.076006 -0.203868 -0.258727
    30 0.729362 0.000004 0.000003 -0.250341 -0.135455 -0.179419
    31 3.941981 0.050872 0.435162 0.216346 -0.007336 -0.093776
    32 1.539089 0.000008 0.000003 -0.605562 0.126574 -1.244849
    33 1.196316 0.000004 0.000005 0.000000 -0.000162 -0.332870
    34 3.880859 -0.047028 -0.427490 0.051056 0.262892 -0.068599
    35 1.719567 0.000023 0.000016 -0.461231 0.032293 -1.105404
    36 1.209175 0.000008 0.000005 0.175617 0.055179 -0.367832
    37 3.867399 -0.148186 -1.324350 -0.134961 0.400676 -0.397685
    38 1.719419 -0.000008 -0.000008 -0.082106 -0.002364 -0.236718
    39 1.099667 -0.000004 -0.000001 -0.188224 0.009145 -1.119518
    40 0.807129 -0.358887 -1.316406 1.243203 0.551773 -0.740643
    41 1.789783 -0.000002 -0.000002 -0.000009 0.003711 0.228604
    42 1.207001 0.000009 0.000000 -0.023897 -0.040066 0.269693
    43 3.772941 -5.489335 -0.527645 4.034818 -0.133223 -1.641906
  time 142
    0 -0.000003 -13.531250 -29.421875 1.570788 0.000007 -0.000007
    1 0.000000 3.345131 -2.981898 1.570789 0.086301 1.570789
    2 4.015625 0.000003 0.000000 0.000000 0.000000 -0.029241
    3 3.520294 0.000005 -0.000006 0.000000 0.000000 0.100332
    4 8.929688 0.000001 0.000000 0.000000 0.000000 0.194095
    5 2.036086 0.993556 1.937663 2.662234 -1.008151 1.948670
    6 6.028159 -0.000069 0.000009 -2.175542 -0.983155 -0.302244
    7 11.692566 0.000046 0.000011 0.146618 -0.041828 -0.786770
    8 11.481682 0.000088 -0.000031 0.123816 0.292183 -0.416143
    9 3.858219 -0.135628 -1.192206 -0.363882 0.112047 -0.355498
    10 1.312565 -0.000008 0.000000 -0.000002 0.054404 -0.409012
    11 0.729366 0.000002 -0.000002 -0.000001 0.040754 -0.240990
    12 3.938059 0.050853 -0.435186 -0.101499 0.042182 -0.269683
    13 1.539091 0.000008 -0.000002 0.000000 0.003737 -0.247812
    14 1.196321 0.000000 -0.000002 -0.000001 0.006168 -0.430818
    15 3.881376 -0.039219 0.427587 0.090105 -0.011419 -0.132542
    16 1.719578 0.000023 -0.000021 -0.039458 -0.167702 -0.315850
    17 1.209181 -0.000004 -0.000001 0.312038 0.209821 -0.320126
    18 3.863479 -0.132591 1.332139 0.320642 -0.041405 -0.125801
    19 1.719431 -0.000023 0.000019 0.000001 -0.106227 -0.347813
    20 1.099676 0.000000 0.000006 0.000004 0.002586 -0.283859
    21 0.807586 -0.343252 1.320583 -1.186042 -0.555100 -0.957240
    22 1.789787 0.000006 0.000006 -0.000002 -0.003712 0.228604
    23 1.207012 0.000011 0.000000 0.068239 -0.043107 0.237802
    24 2.035156 0.997070 -1.937500 -1.667267 1.282923 2.944210
    25 6.028144 -0.000011 0.000002 1.569289 0.794861 -0.840455
    26 11.692577 0.000001 0.000004 -0.000472 -0.064376 -1.810606
    27 11.481657 0.000043 0.000019 -1.183866 0.520519 0.156054
    28 3.858240 -0.131699 1.199994 0.887977 0.041686 -0.500120
    29 1.312567 0.000000 0.000000 -0.076006 -0.203868 -0.258727
    30 0.729362 0.000004 0.000003 -0.250341 -0.135455 -0.179419
    31 3.941981 0.050872 0.435162 0.216346 -0.007336 -0.093776
    32 1.539089 0.000008 0.000003 -0.605562 0.126574 -1.244849
    33 1.196316 0.000004 0.000005 0.000000 -0.000162 -0.332870
    34 3.880859 -0.047028 -0.427490 0.051056 0.262892 -0.068599
    35 1.719567 0.000023 0.000016 -0.461231 0.032293 -1.105404
    36 1.209175 0.000008 0.000005 0.175617 0.055179 -0.367832
    37 3.867399 -0.148186 -1.324350 -0.134961 0.400676 -0.397685
    38 1.719419 -0.000008 -0.000008 -0.082106 -0.002364 -0.236718
    39 1.099667 -0.000004 -0.000001 -0.188224 0.009145 -1.119518
    40 0.807129 -0.358887 -1.316406 1.243203 0.551773 -0.740643
    41 1.789783 -0.000002 -0.000002 -0.000009 0.003711 0.228604
    42 1.207001 0.000009 0.000000 -0.023897 -0.040066 0.269693
    43 3.772941 -5.489335 -0.527645 4.034818 -0.133223 -1.641906
  time 143
    0 -0.000003 -13.531250 -29.421875 1.570788 0.000007 -0.000007
    1 0.000000 3.345131 -2.981898 1.570789 0.086301 1.570789
    2 4.015625 0.000003 0.000000 0.000000 0.000000 -0.029241
    3 3.520294 0.000005 -0.000006 0.000000 0.000000 0.100332
    4 8.929688 0.000001 0.000000 0.000000 0.000000 0.194095
    5 2.036086 0.993556 1.937663 2.662332 -1.008067 1.948579
    6 6.028159 -0.000069 0.000009 -2.177988 -0.985531 -0.299836
    7 11.692566 0.000046 0.000011 0.146737 -0.041861 -0.786613
    8 11.481682 0.000088 -0.000031 0.119921 0.296092 -0.421973
    9 3.858219 -0.135628 -1.192206 -0.363882 0.112047 -0.355498
    10 1.312565 -0.000008 0.000000 -0.000002 0.054404 -0.409012
    11 0.729366 0.000002 -0.000002 -0.000001 0.040754 -0.240990
    12 3.938059 0.050853 -0.435186 -0.101499 0.042182 -0.269683
    13 1.539091 0.000008 -0.000002 0.000000 0.003737 -0.247812
    14 1.196321 0.000000 -0.000002 -0.000001 0.006168 -0.430818
    15 3.881376 -0.039219 0.427587 0.090105 -0.011419 -0.132542
    16 1.719578 0.000023 -0.000021 -0.039458 -0.167702 -0.315850
    17 1.209181 -0.000004 -0.000001 0.312038 0.209821 -0.320126
    18 3.863479 -0.132591 1.332139 0.320642 -0.041405 -0.125801
    19 1.719431 -0.000023 0.000019 0.000001 -0.106227 -0.347813
    20 1.099676 0.000000 0.000006 0.000004 0.002586 -0.283859
    21 0.807586 -0.343252 1.320583 -1.186042 -0.555100 -0.957240
    22 1.789787 0.000006 0.000006 -0.000002 -0.003712 0.228604
    23 1.207012 0.000011 0.000000 0.068239 -0.043107 0.237802
    24 2.035156 0.997070 -1.937500 -1.667267 1.282923 2.944210
    25 6.028144 -0.000011 0.000002 1.569445 0.794885 -0.840347
    26 11.692577 0.000001 0.000004 -0.000472 -0.064274 -1.810606
    27 11.481657 0.000043 0.000019 -1.183866 0.520519 0.156054
    28 3.858240 -0.131699 1.199994 0.887977 0.041686 -0.500120
    29 1.312567 0.000000 0.000000 -0.076006 -0.203868 -0.258727
    30 0.729362 0.000004 0.000003 -0.250341 -0.135455 -0.179419
    31 3.941981 0.050872 0.435162 0.216346 -0.007336 -0.093776
    32 1.539089 0.000008 0.000003 -0.605562 0.126574 -1.244879
    33 1.196316 0.000004 0.000005 0.000000 -0.000162 -0.332870
    34 3.880859 -0.047028 -0.427490 0.051056 0.262892 -0.068599
    35 1.719567 0.000023 0.000016 -0.461231 0.032293 -1.105404
    36 1.209175 0.000008 0.000005 0.175617 0.055179 -0.367832
    37 3.867399 -0.148186 -1.324350 -0.134961 0.400676 -0.397685
    38 1.719419 -0.000008 -0.000008 -0.082106 -0.002364 -0.236718
    39 1.099667 -0.000004 -0.000001 -0.188224 0.009145 -1.119518
    40 0.807129 -0.358887 -1.316406 1.243203 0.551773 -0.740643
    41 1.789783 -0.000002 -0.000002 -0.000009 0.003711 0.228604
    42 1.207001 0.000009 0.000000 -0.023897 -0.040066 0.269693
    43 3.772941 -5.489335 -0.527645 4.034818 -0.133223 -1.641906
  time 144
    0 -0.000003 -13.531250 -29.421875 1.570788 0.000007 -0.000007
    1 0.000000 3.345131 -2.981898 1.570789 0.086301 1.570789
    2 4.015625 0.000003 0.000000 0.000000 0.000000 -0.029241
    3 3.520294 0.000005 -0.000006 0.000000 0.000000 0.100332
    4 8.929688 0.000001 0.000000 0.000000 0.000000 0.194095
    5 2.036086 0.993556 1.937663 2.662332 -1.008067 1.948579
    6 6.028159 -0.000069 0.000009 -2.180301 -0.987875 -0.297523
    7 11.692566 0.000046 0.000011 0.146833 -0.041861 -0.786613
    8 11.481682 0.000088 -0.000031 0.117000 0.300034 -0.427507
    9 3.854313 -0.135628 -1.192206 -0.363882 0.112047 -0.355498
    10 1.312565 -0.000008 0.000000 -0.000002 0.054404 -0.409012
    11 0.729366 0.000002 -0.000002 -0.000001 0.040754 -0.240990
    12 3.938059 0.050853 -0.435186 -0.101499 0.042182 -0.269683
    13 1.539091 0.000008 -0.000002 0.000000 0.003737 -0.247812
    14 1.196321 0.000000 -0.000002 -0.000001 0.006168 -0.430818
    15 3.881376 -0.039219 0.427587 0.090105 -0.011419 -0.132542
    16 1.719578 0.000023 -0.000021 -0.039458 -0.167690 -0.315850
    17 1.209181 -0.000004 -0.000001 0.312038 0.209821 -0.320126
    18 3.863479 -0.132591 1.332139 0.320642 -0.041405 -0.125801
    19 1.719431 -0.000023 0.000019 0.000001 -0.106227 -0.347813
    20 1.099676 0.000000 0.000006 0.000004 0.002586 -0.283859
    21 0.807586 -0.343252 1.320583 -1.186042 -0.555100 -0.957240
    22 1.789787 0.000006 0.000006 -0.000002 -0.003712 0.228604
    23 1.207012 0.000011 0.000000 0.068239 -0.043107 0.237802
    24 2.035156 0.997070 -1.937500 -1.667267 1.282923 2.944210
    25 6.028144 -0.000011 0.000002 1.569612 0.794861 -0.840239
    26 11.692577 0.000001 0.000004 -0.000472 -0.064173 -1.810660
    27 11.481657 0.000043 0.000019 -1.183866 0.520519 0.156054
    28 3.854334 -0.131699 1.199994 0.887977 0.041686 -0.500120
    29 1.312567 0.000000 0.000000 -0.076006 -0.203868 -0.258727
    30 0.729362 0.000004 0.000003 -0.250341 -0.135455 -0.179419
    31 3.941981 0.050872 0.435162 0.216346 -0.007336 -0.093776
    32 1.539089 0.000008 0.000003 -0.605562 0.126574 -1.244849
    33 1.196316 0.000004 0.000005 0.000000 -0.000162 -0.332870
    34 3.880859 -0.047028 -0.427490 0.051056 0.262892 -0.068599
    35 1.719567 0.000023 0.000016 -0.461231 0.032293 -1.105404
    36 1.209175 0.000008 0.000005 0.175617 0.055179 -0.367832
    37 3.867399 -0.148186 -1.324350 -0.134961 0.400676 -0.397685
    38 1.719419 -0.000008 -0.000008 -0.082106 -0.002364 -0.236718
    39 1.099667 -0.000004 -0.000001 -0.188224 0.009145 -1.119518
    40 0.807129 -0.358887 -1.316406 1.243203 0.551773 -0.740643
    41 1.789783 -0.000002 -0.000002 -0.000009 0.003711 0.228604
    42 1.207001 0.000009 0.000000 -0.023897 -0.040066 0.269693
    43 3.772941 -5.489335 -0.527645 4.034818 -0.133223 -1.641906
  time 145
    0 -0.000003 -13.531250 -29.421875 1.570788 0.000007 -0.000007
    1 0.000000 3.345131 -2.981898 1.570789 0.086301 1.570789
    2 4.015625 0.000003 0.000000 0.000000 0.000000 -0.029241
    3 3.520294 0.000005 -0.000006 0.000000 0.000000 0.100332
    4 8.929688 0.000001 0.000000 0.000000 0.000000 0.194095
    5 2.036086 0.993556 1.937663 2.662332 -1.008067 1.948579
    6 6.028159 -0.000069 0.000009 -2.182408 -0.990026 -0.295353
    7 11.692566 0.000046 0.000011 0.146917 -0.041861 -0.786666
    8 11.481682 0.000088 -0.000031 0.115978 0.303992 -0.432433
    9 3.854313 -0.135628 -1.192206 -0.363882 0.112047 -0.355498
    10 1.312565 -0.000008 0.000000 -0.000002 0.054404 -0.409012
    11 0.729366 0.000002 -0.000002 -0.000001 0.040754 -0.240990
    12 3.938059 0.050853 -0.435186 -0.101499 0.042182 -0.269683
    13 1.539091 0.000008 -0.000002 0.000000 0.003737 -0.247812
    14 1.196321 0.000000 -0.000002 -0.000001 0.006168 -0.430818
    15 3.881376 -0.039219 0.427587 0.090105 -0.011419 -0.132542
    16 1.719578 0.000023 -0.000021 -0.039458 -0.167690 -0.315850
    17 1.209181 -0.000004 -0.000001 0.312038 0.209821 -0.320126
    18 3.863479 -0.132591 1.332139 0.320642 -0.041405 -0.125801
    19 1.719431 -0.000023 0.000019 0.000001 -0.106227 -0.347813
    20 1.099676 0.000000 0.000006 0.000004 0.002574 -0.283859
    21 0.807586 -0.343252 1.320583 -1.186042 -0.555100 -0.957240
    22 1.789787 0.000006 0.000006 -0.000002 -0.003712 0.228604
    23 1.207012 0.000011 0.000000 0.068239 -0.043107 0.237802
    24 2.035156 0.997070 -1.937500 -1.667267 1.282923 2.944210
    25 6.028144 -0.000011 0.000002 1.569816 0.794811 -0.840107
    26 11.692577 0.000001 0.000004 -0.000460 -0.064045 -1.810820
    27 11.481657 0.000043 0.000019 -1.183866 0.520519 0.156054
    28 3.854334 -0.131699 1.199994 0.887977 0.041686 -0.500120
    29 1.312567 0.000000 0.000000 -0.076006 -0.203868 -0.258727
    30 0.729362 0.000004 0.000003 -0.250341 -0.135455 -0.179419
    31 3.941981 0.050872 0.435162 0.216346 -0.007336 -0.093776
    32 1.539089 0.000008 0.000003 -0.605562 0.126574 -1.244849
    33 1.196316 0.000004 0.000005 0.000000 -0.000162 -0.332870
    34 3.880859 -0.047028 -0.427490 0.051056 0.262892 -0.068599
    35 1.719567 0.000023 0.000016 -0.461231 0.032293 -1.105404
    36 1.209175 0.000008 0.000005 0.175617 0.055179 -0.367832
    37 3.867399 -0.148186 -1.324350 -0.134961 0.400676 -0.397685
    38 1.719419 -0.000008 -0.000008 -0.082106 -0.002364 -0.236718
    39 1.099667 -0.000004 -0.000001 -0.188224 0.009145 -1.119518
    40 0.807129 -0.358887 -1.316406 1.243203 0.551773 -0.740643
    41 1.789783 -0.000002 -0.000002 -0.000009 0.003711 0.228604
    42 1.207001 0.000009 0.000000 -0.023897 -0.040066 0.269693
    43 3.772941 -5.489335 -0.527645 4.034818 -0.133223 -1.641906
  time 146
    0 -0.000003 -13.531250 -29.421875 1.570788 0.000007 -0.000007
    1 0.000000 3.345131 -2.981898 1.570789 0.086301 1.570789
    2 4.015625 0.000003 0.000000 0.000000 0.000000 -0.029241
    3 3.520294 0.000005 -0.000006 0.000000 0.000000 0.100332
    4 8.929688 0.000001 0.000000 0.000000 0.000000 0.194095
    5 2.036086 0.993556 1.937663 2.662332 -1.008067 1.948579
    6 6.028159 -0.000069 0.000009 -2.184270 -0.992017 -0.293352
    7 11.692566 0.000046 0.000011 0.146977 -0.041861 -0.786718
    8 11.481682 0.000088 -0.000031 0.116854 0.307967 -0.436752
    9 3.854313 -0.135628 -1.192206 -0.363906 0.112047 -0.355553
    10 1.312565 -0.000008 0.000000 -0.000014 0.054441 -0.409073
    11 0.729366 0.000002 -0.000002 -0.000001 0.040754 -0.240990
    12 3.938059 0.050853 -0.435186 -0.101499 0.042182 -0.269683
    13 1.539091 0.000008 -0.000002 0.000000 0.003737 -0.247812
    14 1.196321 0.000000 -0.000002 -0.000001 0.006168 -0.430818
    15 3.881376 -0.039219 0.427587 0.090105 -0.011419 -0.132542
    16 1.719578 0.000023 -0.000021 -0.039458 -0.167690 -0.315887
    17 1.209181 -0.000004 -0.000001 0.312038 0.209821 -0.320126
    18 3.863479 -0.132591 1.332139 0.320642 -0.041405 -0.125801
    19 1.719431 -0.000023 0.000019 0.000001 -0.106227 -0.347813
    20 1.099676 0.000000 0.000006 0.000004 0.002574 -0.283859
    21 0.807586 -0.343252 1.320583 -1.186042 -0.555100 -0.957240
    22 1.789787 0.000006 0.000006 -0.000002 -0.003712 0.228604
    23 1.207012 0.000011 0.000000 0.068239 -0.043107 0.237814
    24 2.035156 0.997070 -1.937500 -1.667267 1.282923 2.944210
    25 6.028144 -0.000011 0.000002 1.570056 0.794712 -0.839951
    26 11.692577 0.000001 0.000004 -0.000460 -0.063906 -1.811035
    27 11.481657 0.000043 0.000019 -1.183866 0.520519 0.156054
    28 3.854334 -0.131699 1.199994 0.887977 0.041686 -0.500120
    29 1.312567 0.000000 0.000000 -0.076006 -0.203868 -0.258727
    30 0.729362 0.000004 0.000003 -0.250341 -0.135455 -0.179419
    31 3.941981 0.050872 0.435162 0.216346 -0.007336 -0.093776
    32 1.539089 0.000008 0.000003 -0.605562 0.126574 -1.244849
    33 1.196316 0.000004 0.000005 0.000000 -0.000162 -0.332870
    34 3.880859 -0.047028 -0.427490 0.051056 0.262892 -0.068599
    35 1.719567 0.000023 0.000016 -0.461231 0.032293 -1.105404
    36 1.209175 0.000008 0.000005 0.175617 0.055179 -0.367832
    37 3.867399 -0.148186 -1.324350 -0.134961 0.400676 -0.397685
    38 1.719419 -0.000008 -0.000008 -0.082106 -0.002364 -0.236718
    39 1.099667 -0.000004 -0.000001 -0.188224 0.009145 -1.119518
    40 0.807129 -0.358887 -1.316406 1.243203 0.551773 -0.740643
    41 1.789783 -0.000002 -0.000002 -0.000009 0.003711 0.228604
    42 1.207001 0.000009 0.000000 -0.023897 -0.040066 0.269693
    43 3.772941 -5.489335 -0.527645 4.034818 -0.133223 -1.641906
  time 147
    0 -0.000003 -13.531250 -29.421875 1.570788 0.000007 -0.000007
    1 0.000000 3.345131 -2.981898 1.570789 0.086301 1.570789
    2 4.015625 0.000003 0.000000 0.000000 0.000000 -0.029241
    3 3.520294 0.000005 -0.000006 0.000000 0.000000 0.100332
    4 8.929688 0.000001 0.000000 0.000000 0.000000 0.194095
    5 2.036086 0.993556 1.937663 2.662332 -1.008067 1.948579
    6 6.028159 -0.000069 0.000009 -2.185906 -0.993783 -0.291542
    7 11.692566 0.000046 0.000011 0.147013 -0.041845 -0.786928
    8 11.481682 0.000088 -0.000031 0.119678 0.311909 -0.440413
    9 3.858219 -0.135628 -1.192206 -0.363966 0.112047 -0.355662
    10 1.312565 -0.000008 0.000000 -0.000050 0.054516 -0.409196
    11 0.729366 0.000002 -0.000002 -0.000001 0.040754 -0.240990
    12 3.938059 0.050853 -0.435186 -0.101523 0.042182 -0.269742
    13 1.539091 0.000008 -0.000002 0.000000 0.003749 -0.247891
    14 1.196321 0.000000 -0.000002 -0.000001 0.006168 -0.430818
    15 3.881376 -0.039219 0.427587 0.090105 -0.011419 -0.132542
    16 1.719578 0.000023 -0.000021 -0.039458 -0.167690 -0.315887
    17 1.209181 -0.000004 -0.000001 0.312038 0.209821 -0.320126
    18 3.863479 -0.132591 1.332139 0.320642 -0.041405 -0.125828
    19 1.719431 -0.000023 0.000019 0.000001 -0.106227 -0.347813
    20 1.099676 0.000000 0.000006 0.000004 0.002574 -0.283859
    21 0.807586 -0.343252 1.320583 -1.186042 -0.555100 -0.957240
    22 1.789787 0.000006 0.000006 -0.000002 -0.003712 0.228604
    23 1.207012 0.000011 0.000000 0.068239 -0.043107 0.237814
    24 2.035156 0.997070 -1.937500 -1.667267 1.282923 2.944210
    25 6.028144 -0.000011 0.000002 1.570332 0.794563 -0.839760
    26 11.692577 0.000001 0.000004 -0.000436 -0.063753 -1.811356
    27 11.481657 0.000043 0.000019 -1.183866 0.520519 0.156054
    28 3.858240 -0.131699 1.199994 0.887977 0.041686 -0.500120
    29 1.312567 0.000000 0.000000 -0.076006 -0.203868 -0.258727
    30 0.729362 0.000004 0.000003 -0.250341 -0.135455 -0.179419
    31 3.941981 0.050872 0.435162 0.216346 -0.007336 -0.093776
    32 1.539089 0.000008 0.000003 -0.605562 0.126574 -1.244849
    33 1.196316 0.000004 0.000005 0.000000 -0.000162 -0.332870
    34 3.880859 -0.047028 -0.427490 0.051056 0.262892 -0.068599
    35 1.719567 0.000023 0.000016 -0.461231 0.032293 -1.105404
    36 1.209175 0.000008 0.000005 0.175617 0.055179 -0.367832
    37 3.867399 -0.148186 -1.324350 -0.134961 0.400676 -0.397685
    38 1.719419 -0.000008 -0.000008 -0.082106 -0.002364 -0.236718
    39 1.099667 -0.000004 -0.000001 -0.188224 0.009145 -1.119518
    40 0.807129 -0.358887 -1.316406 1.243203 0.551773 -0.740643
    41 1.789783 -0.000002 -0.000002 -0.000009 0.003711 0.228604
    42 1.207001 0.000009 0.000000 -0.023897 -0.040066 0.269693
    43 3.772941 -5.489335 -0.527645 4.034818 -0.133223 -1.641906
  time 148
    0 -0.000003 -13.531250 -29.421875 1.570788 0.000007 -0.000007
    1 0.000000 3.345131 -2.981898 1.570789 0.086301 1.570789
    2 4.015625 0.000003 0.000000 0.000000 0.000000 -0.029241
    3 3.520294 0.000005 -0.000006 0.000000 0.000000 0.100332
    4 8.929688 0.000001 0.000000 0.000000 0.000000 0.194095
    5 2.036086 0.993556 1.937663 2.662332 -1.008067 1.948579
    6 6.028159 -0.000069 0.000009 -2.187280 -0.995356 -0.289936
    7 11.692566 0.000046 0.000011 0.147049 -0.041811 -0.787189
    8 11.481682 0.000088 -0.000031 0.124254 0.315751 -0.443451
    9 3.854313 -0.135628 -1.192206 -0.364050 0.112035 -0.355854
    10 1.312565 -0.000008 0.000000 -0.000110 0.054647 -0.409379
    11 0.729366 0.000002 -0.000002 -0.000001 0.040754 -0.240990
    12 3.941966 0.050853 -0.435186 -0.101547 0.042182 -0.269800
    13 1.539091 0.000008 -0.000002 -0.000012 0.003785 -0.247971
    14 1.196321 0.000000 -0.000002 -0.000001 0.006168 -0.430818
    15 3.881376 -0.039219 0.427587 0.090093 -0.011419 -0.132598
    16 1.719578 0.000023 -0.000021 -0.039470 -0.167678 -0.315961
    17 1.209181 -0.000004 -0.000001 0.312038 0.209821 -0.320126
    18 3.863479 -0.132591 1.332139 0.320642 -0.041405 -0.125828
    19 1.719431 -0.000023 0.000019 0.000001 -0.106227 -0.347843
    20 1.099676 0.000000 0.000006 0.000004 0.002574 -0.283871
    21 0.807586 -0.343252 1.320583 -1.186042 -0.555100 -0.957240
    22 1.789787 0.000006 0.000006 -0.000002 -0.003712 0.228616
    23 1.207012 0.000011 0.000000 0.068239 -0.043107 0.237814
    24 2.035156 0.997070 -1.937500 -1.667267 1.282923 2.944210
    25 6.028144 -0.000011 0.000002 1.570631 0.794365 -0.839568
    26 11.692577 0.000001 0.000004 -0.000424 -0.063575 -1.811731
    27 11.481657 0.000043 0.000019 -1.183866 0.520519 0.156054
    28 3.858240 -0.131699 1.199994 0.887977 0.041686 -0.500120
    29 1.312567 0.000000 0.000000 -0.076006 -0.203868 -0.258727
    30 0.729362 0.000004 0.000003 -0.250341 -0.135455 -0.179419
    31 3.941981 0.050872 0.435162 0.216346 -0.007336 -0.093776
    32 1.539089 0.000008 0.000003 -0.605562 0.126574 -1.244849
    33 1.196316 0.000004 0.000005 0.000000 -0.000162 -0.332870
    34 3.880859 -0.047028 -0.427490 0.051056 0.262892 -0.068599
    35 1.719567 0.000023 0.000016 -0.461231 0.032293 -1.105404
    36 1.209175 0.000008 0.000005 0.175617 0.055179 -0.367832
    37 3.867399 -0.148186 -1.324350 -0.134961 0.400676 -0.397685
    38 1.719419 -0.000008 -0.000008 -0.082106 -0.002364 -0.236718
    39 1.099667 -0.000004 -0.000001 -0.188224 0.009145 -1.119518
    40 0.807129 -0.358887 -1.316406 1.243203 0.551773 -0.740643
    41 1.789783 -0.000002 -0.000002 -0.000009 0.003711 0.228604
    42 1.207001 0.000009 0.000000 -0.023897 -0.040066 0.269693
    43 3.772941 -5.489335 -0.527645 4.034818 -0.133223 -1.641906
  time 149
    0 -0.000003 -13.531250 -29.421875 1.570788 0.000007 -0.000007
    1 0.000000 3.345131 -2.981898 1.570789 0.086301 1.570789
    2 4.015625 0.000003 0.000000 0.000000 0.000000 -0.029241
    3 3.520294 0.000005 -0.000006 0.000000 0.000000 0.100332
    4 8.929688 0.000001 0.000000 0.000000 0.000000 0.194095
    5 2.036086 0.993556 1.937663 2.662332 -1.008067 1.948579
    6 6.028159 -0.000069 0.000009 -2.188371 -0.996673 -0.288570
    7 11.692566 0.000046 0.000011 0.147061 -0.041778 -0.787608
    8 11.481682 0.000088 -0.000031 0.130389 0.319445 -0.445898
    9 3.858219 -0.139534 -1.192206 -0.364194 0.112035 -0.356155
    10 1.312565 -0.000008 0.000000 -0.000206 0.054871 -0.409716
    11 0.729366 0.000002 -0.000002 -0.000001 0.040754 -0.240990
    12 3.938059 0.050853 -0.435186 -0.101595 0.042182 -0.269917
    13 1.539091 0.000008 -0.000002 -0.000024 0.003821 -0.248130
    14 1.196321 0.000000 -0.000002 -0.000001 0.006168 -0.430818
    15 3.881376 -0.039219 0.427587 0.090081 -0.011419 -0.132655
    16 1.719578 0.000023 -0.000021 -0.039494 -0.167654 -0.315998
    17 1.209181 -0.000004 -0.000001 0.312038 0.209821 -0.320126
    18 3.863479 -0.132591 1.332139 0.320642 -0.041390 -0.125855
    19 1.719431 -0.000023 0.000019 0.000001 -0.106227 -0.347872
    20 1.099676 0.000000 0.000006 0.000004 0.002562 -0.283871
    21 0.807586 -0.347158 1.320583 -1.186042 -0.555100 -0.957240
    22 1.789787 0.000006 0.000006 -0.000002 -0.003729 0.228628
    23 1.207012 0.000011 0.000000 0.068251 -0.043095 0.237826
    24 2.035156 0.997070 -1.937500 -1.667267 1.282923 2.944210
    25 6.028144 -0.000011 0.000002 1.570955 0.794142 -0.839352
    26 11.692577 0.000001 0.000004 -0.000400 -0.063397 -1.812213
    27 11.481657 0.000043 0.000019 -1.183866 0.520519 0.156054
    28 3.858240 -0.131699 1.199994 0.887977 0.041686 -0.500120
    29 1.312567 0.000000 0.000000 -0.076006 -0.203868 -0.258727
    30 0.729362 0.000004 0.000003 -0.250341 -0.135455 -0.179419
    31 3.941981 0.050872 0.435162 0.216346 -0.007336 -0.093776
    32 1.539089 0.000008 0.000003 -0.605562 0.126574 -1.244849
    33 1.196316 0.000004 0.000005 0.000000 -0.000162 -0.332870
    34 3.880859 -0.047028 -0.427490 0.051056 0.262892 -0.068599
    35 1.719567 0.000023 0.000016 -0.461231 0.032293 -1.105404
    36 1.209175 0.000008 0.000005 0.175617 0.055179 -0.367832
    37 3.867399 -0.148186 -1.324350 -0.134961 0.400676 -0.397685
    38 1.719419 -0.000008 -0.000008 -0.082106 -0.002364 -0.236718
    39 1.099667 -0.000004 -0.000001 -0.188224 0.009145 -1.119518
    40 0.807129 -0.358887 -1.316406 1.243203 0.551773 -0.740643
    41 1.789783 -0.000002 -0.000002 -0.000009 0.003711 0.228604
    42 1.207001 0.000009 0.000000 -0.023897 -0.040066 0.269681
    43 3.772941 -5.489335 -0.527645 4.034818 -0.133223 -1.641906
  time 150
    0 -0.000003 -13.531250 -29.421875 1.570788 0.000007 -0.000007
    1 0.000000 3.345131 -2.981898 1.570789 0.086301 1.570789
    2 4.015625 0.000003 0.000000 0.000000 0.000000 -0.029241
    3 3.520294 0.000005 -0.000006 0.000000 0.000000 0.100332
    4 8.929688 0.000001 0.000000 0.000000 0.000000 0.194095
    5 2.036086 0.993556 1.937663 2.662332 -1.008067 1.948579
    6 6.028159 -0.000069 0.000009 -2.189179 -0.997797 -0.287432
    7 11.692566 0.000046 0.000011 0.147061 -0.041728 -0.788236
    8 11.481682 0.000088 -0.000031 0.137740 0.322890 -0.447836
    9 3.854313 -0.135628 -1.192206 -0.364409 0.112023 -0.356621
    10 1.312565 -0.000008 0.000000 -0.000350 0.055189 -0.410205
    11 0.729366 0.000002 -0.000002 -0.000001 0.040754 -0.240990
    12 3.938059 0.050853 -0.435186 -0.101655 0.042182 -0.270093
    13 1.539091 0.000008 -0.000002 -0.000036 0.003881 -0.248368
    14 1.196321 0.000000 -0.000002 -0.000001 0.006168 -0.430818
    15 3.881376 -0.039219 0.427587 0.090057 -0.011419 -0.132711
    16 1.719578 0.000023 -0.000021 -0.039518 -0.167630 -0.316109
    17 1.209181 -0.000004 -0.000001 0.312038 0.209821 -0.320126
    18 3.863479 -0.132591 1.332139 0.320642 -0.041390 -0.125909
    19 1.719431 -0.000023 0.000019 0.000013 -0.106239 -0.347902
    20 1.099676 0.000000 0.000006 0.000016 0.002550 -0.283883
    21 0.807129 -0.346924 1.320313 -1.186030 -0.555105 -0.957249
    22 1.789787 0.000006 0.000006 0.000010 -0.003745 0.228640
    23 1.207012 0.000011 0.000000 0.068251 -0.043095 0.237838
    24 2.035156 0.997070 -1.937500 -1.667267 1.282923 2.944210
    25 6.028144 -0.000011 0.000002 1.571290 0.793894 -0.839136
    26 11.692577 0.000001 0.000004 -0.000376 -0.063219 -1.812695
    27 11.481657 0.000043 0.000019 -1.183866 0.520519 0.156054
    28 3.854334 -0.131699 1.199994 0.887977 0.041686 -0.500120
    29 1.312567 0.000000 0.000000 -0.076006 -0.203868 -0.258727
    30 0.729362 0.000004 0.000003 -0.250341 -0.135455 -0.179419
    31 3.938074 0.050872 0.435162 0.216346 -0.007336 -0.093776
    32 1.539089 0.000008 0.000003 -0.605562 0.126574 -1.244849
    33 1.196316 0.000004 0.000005 0.000000 -0.000162 -0.332870
    34 3.880859 -0.047028 -0.427490 0.051056 0.262890 -0.068600
    35 1.719567 0.000023 0.000016 -0.461231 0.032293 -1.105404
    36 1.209175 0.000008 0.000005 0.175617 0.055179 -0.367832
    37 3.867399 -0.148186 -1.324350 -0.134961 0.400676 -0.397685
    38 1.719419 -0.000008 -0.000008 -0.082106 -0.002364 -0.236718
    39 1.099667 -0.000004 -0.000001 -0.188224 0.009145 -1.119518
    40 0.807129 -0.358887 -1.316406 1.243203 0.551773 -0.740643
    41 1.789783 -0.000002 -0.000002 -0.000009 0.003711 0.228604
    42 1.207001 0.000009 0.000000 -0.023897 -0.040066 0.269693
    43 3.775391 -5.484375 -0.527832 -2.248284 -0.133216 -1.641882
  time 151
    0 -0.000003 -13.531250 -29.421875 1.570788 0.000007 -0.000007
    1 0.000000 3.345131 -2.981898 1.570789 0.086301 1.570789
    2 4.015625 0.000003 0.000000 0.000000 0.000000 -0.029241
    3 3.520294 0.000005 -0.000006 0.000000 0.000000 0.100332
    4 8.929688 0.000001 0.000000 0.000000 0.000000 0.194095
    5 2.036086 0.993556 1.937663 2.662332 -1.008067 1.948579
    6 6.028159 -0.000069 0.000009 -2.189744 -0.998664 -0.286521
    7 11.692566 0.000046 0.000011 0.147061 -0.041645 -0.789074
    8 11.481682 0.000088 -0.000031 0.145870 0.326053 -0.449363
    9 3.858219 -0.135628 -1.192206 -0.364709 0.111999 -0.357224
    10 1.312565 -0.000008 0.000000 -0.000541 0.055619 -0.410848
    11 0.729366 0.000002 -0.000002 -0.000001 0.040754 -0.240990
    12 3.941966 0.050853 -0.435186 -0.101739 0.042182 -0.270328
    13 1.539091 0.000008 -0.000002 -0.000060 0.003965 -0.248686
    14 1.196321 0.000000 -0.000002 -0.000001 0.006168 -0.430818
    15 3.881376 -0.039219 0.427587 0.090021 -0.011407 -0.132824
    16 1.719578 0.000023 -0.000021 -0.039554 -0.167582 -0.316257
    17 1.209181 -0.000004 -0.000001 0.312038 0.209821 -0.320126
    18 3.863479 -0.132591 1.332139 0.320654 -0.041359 -0.125990
    19 1.719431 -0.000023 0.000019 0.000025 -0.106251 -0.347991
    20 1.099676 0.000000 0.000006 0.000028 0.002538 -0.283907
    21 0.807129 -0.346924 1.320313 -1.186030 -0.555105 -0.957249
    22 1.789787 0.000006 0.000006 0.000010 -0.003778 0.228664
    23 1.207012 0.000011 0.000000 0.068263 -0.043095 0.237862
    24 2.035156 0.997070 -1.937500 -1.667267 1.282923 2.944210
    25 6.028144 -0.000011 0.000002 1.571614 0.793647 -0.838909
    26 11.692577 0.000001 0.000004 -0.000353 -0.063029 -1.813231
    27 11.481657 0.000043 0.000019 -1.183866 0.520519 0.156054
    28 3.854334 -0.131699 1.199994 0.887977 0.041686 -0.500120
    29 1.312567 0.000000 0.000000 -0.076006 -0.203868 -0.258727
    30 0.729362 0.000004 0.000003 -0.250341 -0.135455 -0.179419
    31 3.941981 0.050872 0.435162 0.216346 -0.007336 -0.093776
    32 1.539089 0.000008 0.000003 -0.605562 0.126574 -1.244849
    33 1.196316 0.000004 0.000005 0.000000 -0.000162 -0.332870
    34 3.880859 -0.047028 -0.427490 0.051056 0.262890 -0.068600
    35 1.719567 0.000023 0.000016 -0.461231 0.032293 -1.105404
    36 1.209175 0.000008 0.000005 0.175617 0.055179 -0.367832
    37 3.867399 -0.148186 -1.324350 -0.134961 0.400676 -0.397685
    38 1.719419 -0.000008 -0.000008 -0.082106 -0.002364 -0.236718
    39 1.099667 -0.000004 -0.000001 -0.188224 0.009145 -1.119518
    40 0.807129 -0.358887 -1.316406 1.243203 0.551773 -0.740643
    41 1.789783 -0.000002 -0.000002 -0.000009 0.003711 0.228604
    42 1.207001 0.000009 0.000000 -0.023897 -0.040066 0.269693
    43 3.775391 -5.484375 -0.527832 -2.248284 -0.133216 -1.641882
  time 152
    0 -0.000003 -13.531250 -29.421875 1.570788 0.000007 -0.000007
    1 0.000000 3.345131 -2.981898 1.570789 0.086301 1.570789
    2 4.015625 0.000003 0.000000 0.000000 0.000000 -0.029241
    3 3.520294 0.000005 -0.000006 0.000000 0.000000 0.100332
    4 8.929688 0.000001 0.000000 0.000000 0.000000 0.194095
    5 2.036086 0.993556 1.937663 2.662332 -1.008067 1.948579
    6 6.028159 -0.000069 0.000009 -2.190063 -0.999338 -0.285826
    7 11.692566 0.000046 0.000011 0.147073 -0.041562 -0.790173
    8 11.481682 0.000088 -0.000031 0.154293 0.328852 -0.450611
    9 3.854313 -0.135628 -1.192206 -0.365092 0.111975 -0.358046
    10 1.312565 -0.000008 0.000000 -0.000805 0.056180 -0.411735
    11 0.729366 0.000002 -0.000002 -0.000001 0.040754 -0.240990
    12 3.938059 0.050853 -0.435186 -0.101859 0.042182 -0.270650
    13 1.539091 0.000008 -0.000002 -0.000084 0.004085 -0.249123
    14 1.196321 0.000000 -0.000002 -0.000001 0.006168 -0.430818
    15 3.881376 -0.039219 0.427587 0.089985 -0.011407 -0.132965
    16 1.719578 0.000023 -0.000021 -0.039602 -0.167534 -0.316480
    17 1.209181 -0.000004 -0.000001 0.312038 0.209821 -0.320126
    18 3.863479 -0.132591 1.332139 0.320666 -0.041329 -0.126071
    19 1.719431 -0.000023 0.000019 0.000037 -0.106275 -0.348051
    20 1.099676 0.000000 0.000006 0.000040 0.002514 -0.283931
    21 0.807129 -0.346924 1.320313 -1.186030 -0.555105 -0.957249
    22 1.789787 0.000006 0.000006 0.000022 -0.003811 0.228700
    23 1.207012 0.000011 0.000000 0.068275 -0.043095 0.237886
    24 2.035156 0.997070 -1.937500 -1.667267 1.282923 2.944210
    25 6.028144 -0.000011 0.000002 1.571938 0.793399 -0.838705
    26 11.692577 0.000001 0.000004 -0.000329 -0.062851 -1.813767
    27 11.481657 0.000043 0.000019 -1.183866 0.520519 0.156054
    28 3.854334 -0.131699 1.199994 0.887977 0.041686 -0.500120
    29 1.312567 0.000000 0.000000 -0.076006 -0.203868 -0.258727
    30 0.729362 0.000004 0.000003 -0.250341 -0.135455 -0.179419
    31 3.941981 0.050872 0.435162 0.216346 -0.007336 -0.093776
    32 1.539089 0.000008 0.000003 -0.605562 0.126574 -1.244849
    33 1.196316 0.000004 0.000005 0.000000 -0.000162 -0.332870
    34 3.880859 -0.047028 -0.427490 0.051056 0.262890 -0.068600
    35 1.719567 0.000023 0.000016 -0.461231 0.032293 -1.105404
    36 1.209175 0.000008 0.000005 0.175617 0.055179 -0.367832
    37 3.863493 -0.148186 -1.324350 -0.134961 0.400676 -0.397685
    38 1.719419 -0.000008 -0.000008 -0.082106 -0.002364 -0.236718
    39 1.099667 -0.000004 -0.000001 -0.188224 0.009145 -1.119518
    40 0.807129 -0.358887 -1.316406 1.243203 0.551773 -0.740643
    41 1.789783 -0.000002 -0.000002 -0.000009 0.003711 0.228604
    42 1.207001 0.000009 0.000000 -0.023897 -0.040066 0.269693
    43 3.775391 -5.484375 -0.527832 -2.248284 -0.133216 -1.641882
  time 153
    0 -0.000003 -13.531250 -29.421875 1.570788 0.000007 -0.000007
    1 0.000000 3.345131 -2.981898 1.570789 0.086301 1.570789
    2 4.015625 0.000003 0.000000 0.000000 0.000000 -0.029241
    3 3.520294 0.000005 -0.000006 0.000000 0.000000 0.100332
    4 8.929688 0.000001 0.000000 0.000000 0.000000 0.194095
    5 2.036086 0.993556 1.937663 2.662332 -1.008067 1.948579
    6 6.028159 -0.000069 0.000009 -2.190214 -0.999820 -0.285322
    7 11.692566 0.000046 0.000011 0.147073 -0.041429 -0.791481
    8 11.481682 0.000088 -0.000031 0.162472 0.331220 -0.451711
    9 3.858219 -0.135628 -1.192206 -0.365584 0.111939 -0.359086
    10 1.312565 -0.000008 0.000000 -0.001129 0.056909 -0.412837
    11 0.729366 0.000002 -0.000002 -0.000001 0.040754 -0.240990
    12 3.941966 0.050853 -0.435186 -0.102002 0.042170 -0.271031
    13 1.539091 0.000008 -0.000002 -0.000132 0.004216 -0.249639
    14 1.196321 0.000000 -0.000002 -0.000001 0.006168 -0.430818
    15 3.881376 -0.039219 0.427587 0.089937 -0.011395 -0.133134
    16 1.719578 0.000023 -0.000021 -0.039662 -0.167474 -0.316702
    17 1.209181 -0.000004 -0.000001 0.312038 0.209821 -0.320126
    18 3.863479 -0.132591 1.332139 0.320678 -0.041299 -0.126179
    19 1.719431 -0.000023 0.000019 0.000049 -0.106299 -0.348170
    20 1.099676 0.000000 0.000006 0.000064 0.002490 -0.283955
    21 0.807129 -0.346924 1.320313 -1.186030 -0.555105 -0.957249
    22 1.789787 0.000006 0.000006 0.000034 -0.003844 0.228736
    23 1.207012 0.000011 0.000000 0.068287 -0.043083 0.237910
    24 2.035156 0.997070 -1.937500 -1.667267 1.282923 2.944210
    25 6.028144 -0.000011 0.000002 1.572225 0.793151 -0.838501
    26 11.692577 0.000001 0.000004 -0.000305 -0.062698 -1.814249
    27 11.481657 0.000043 0.000019 -1.183866 0.520519 0.156054
    28 3.858240 -0.131699 1.199994 0.887977 0.041686 -0.500120
    29 1.312567 0.000000 0.000000 -0.076006 -0.203868 -0.258727
    30 0.729362 0.000004 0.000003 -0.250341 -0.135455 -0.179419
    31 3.941981 0.050872 0.435162 0.216346 -0.007336 -0.093776
    32 1.539089 0.000008 0.000003 -0.605562 0.126574 -1.244849
    33 1.196316 0.000004 0.000005 0.000000 -0.000162 -0.332870
    34 3.880859 -0.047028 -0.427490 0.051056 0.262890 -0.068600
    35 1.719567 0.000023 0.000016 -0.461231 0.032293 -1.105404
    36 1.209175 0.000008 0.000005 0.175617 0.055179 -0.367832
    37 3.867399 -0.148186 -1.324350 -0.134961 0.400676 -0.397685
    38 1.719419 -0.000008 -0.000008 -0.082106 -0.002364 -0.236718
    39 1.099667 -0.000004 -0.000001 -0.188224 0.009145 -1.119518
    40 0.807129 -0.358887 -1.316406 1.243203 0.551773 -0.740643
    41 1.789783 -0.000002 -0.000002 -0.000009 0.003711 0.228604
    42 1.207001 0.000009 0.000000 -0.023897 -0.040066 0.269693
    43 3.775391 -5.484375 -0.527832 -2.248284 -0.133216 -1.641882
  time 154
    0 -0.000003 -13.531250 -29.421875 1.570788 0.000007 -0.000007
    1 0.000000 3.345131 -2.981898 1.570789 0.086301 1.570789
    2 4.015625 0.000003 0.000000 0.000000 0.000000 -0.029241
    3 3.520294 0.000005 -0.000006 0.000000 0.000000 0.100332
    4 8.929688 0.000001 0.000000 0.000000 0.000000 0.194095
    5 2.036086 0.993556 1.937663 2.662332 -1.008067 1.948579
    6 6.028159 -0.000069 0.000009 -2.190195 -1.000141 -0.284975
    7 11.692566 0.000046 0.000011 0.147085 -0.041296 -0.793104
    8 11.481682 0.000088 -0.000031 0.169969 0.333141 -0.452811
    9 3.858219 -0.135628 -1.192206 -0.366171 0.111903 -0.360319
    10 1.312565 -0.000008 0.000000 -0.001524 0.057769 -0.414152
    11 0.729366 0.000002 -0.000002 -0.000001 0.040754 -0.240990
    12 3.938059 0.050853 -0.435186 -0.102182 0.042170 -0.271500
    13 1.539091 0.000008 -0.000002 -0.000168 0.004384 -0.250275
    14 1.196321 0.000000 -0.000002 -0.000001 0.006168 -0.430818
    15 3.881376 -0.039219 0.427587 0.089877 -0.011383 -0.133360
    16 1.719578 0.000023 -0.000021 -0.039734 -0.167390 -0.316998
    17 1.209181 -0.000004 -0.000001 0.312038 0.209821 -0.320126
    18 3.863479 -0.132591 1.332139 0.320690 -0.041268 -0.126287
    19 1.719431 -0.000023 0.000019 0.000073 -0.106335 -0.348318
    20 1.099676 0.000000 0.000006 0.000088 0.002467 -0.284003
    21 0.807129 -0.346924 1.320313 -1.186030 -0.555105 -0.957249
    22 1.789787 0.000006 0.000006 0.000046 -0.003894 0.228784
    23 1.207012 0.000011 0.000000 0.068311 -0.043083 0.237946
    24 2.035156 0.997070 -1.937500 -1.667267 1.282923 2.944210
    25 6.028144 -0.000011 0.000002 1.572489 0.792928 -0.838334
    26 11.692577 0.000001 0.000004 -0.000281 -0.062546 -1.814731
    27 11.481657 0.000043 0.000019 -1.183866 0.520519 0.156054
    28 3.854334 -0.131699 1.199994 0.887977 0.041686 -0.500120
    29 1.312567 0.000000 0.000000 -0.076006 -0.203868 -0.258727
    30 0.729362 0.000004 0.000003 -0.250341 -0.135455 -0.179419
    31 3.941981 0.050872 0.435162 0.216346 -0.007336 -0.093776
    32 1.539089 0.000008 0.000003 -0.605562 0.126574 -1.244849
    33 1.196316 0.000004 0.000005 0.000000 -0.000162 -0.332870
    34 3.880859 -0.047028 -0.427490 0.051056 0.262890 -0.068600
    35 1.719567 0.000023 0.000016 -0.461231 0.032293 -1.105404
    36 1.209175 0.000008 0.000005 0.175617 0.055179 -0.367832
    37 3.867399 -0.148186 -1.324350 -0.134961 0.400676 -0.397685
    38 1.719419 -0.000008 -0.000008 -0.082106 -0.002364 -0.236718
    39 1.099667 -0.000004 -0.000001 -0.188224 0.009145 -1.119518
    40 0.807129 -0.358887 -1.316406 1.243203 0.551773 -0.740643
    41 1.789783 -0.000002 -0.000002 -0.000009 0.003711 0.228604
    42 1.207001 0.000009 0.000000 -0.023897 -0.040066 0.269693
    43 3.775391 -5.484375 -0.527832 -2.248284 -0.133216 -1.641882
  time 155
    0 -0.000003 -13.531250 -29.421875 1.570788 0.000007 -0.000007
    1 0.000000 3.345131 -2.981898 1.570789 0.086301 1.570789
    2 4.015625 0.000003 0.000000 0.000000 0.000000 -0.029241
    3 3.520294 0.000005 -0.000006 0.000000 0.000000 0.100332
    4 8.929688 0.000001 0.000000 0.000000 0.000000 0.194095
    5 2.036086 0.993556 1.937663 2.662332 -1.008067 1.948579
    6 6.028159 -0.000069 0.000009 -2.190063 -1.000333 -0.284759
    7 11.692566 0.000046 0.000011 0.147121 -0.041113 -0.794936
    8 11.481682 0.000088 -0.000031 0.176347 0.334582 -0.454026
    9 3.854313 -0.135628 -1.192206 -0.366866 0.111855 -0.361798
    10 1.312565 -0.000008 0.000000 -0.001979 0.058797 -0.415713
    11 0.729366 0.000002 -0.000002 -0.000001 0.040754 -0.240990
    12 3.938059 0.050853 -0.435186 -0.102398 0.042170 -0.272056
    13 1.539091 0.000008 -0.000002 -0.000228 0.004588 -0.251030
    14 1.196321 0.000000 -0.000002 -0.000001 0.006168 -0.430818
    15 3.881376 -0.039219 0.427587 0.089805 -0.011371 -0.133614
    16 1.719578 0.000023 -0.000021 -0.039818 -0.167306 -0.317369
    17 1.209181 -0.000004 -0.000001 0.312038 0.209821 -0.320126
    18 3.863479 -0.132591 1.332139 0.320702 -0.041223 -0.126450
    19 1.719431 -0.000023 0.000019 0.000085 -0.106359 -0.348467
    20 1.099676 0.000000 0.000006 0.000112 0.002431 -0.284039
    21 0.807129 -0.346924 1.320313 -1.186030 -0.555105 -0.957249
    22 1.789787 0.000006 0.000006 0.000070 -0.003960 0.228844
    23 1.207012 0.000011 0.000000 0.068335 -0.043083 0.237982
    24 2.035156 0.997070 -1.937500 -1.667267 1.282923 2.944210
    25 6.028144 -0.000011 0.000002 1.572705 0.792730 -0.838190
    26 11.692577 0.000001 0.000004 -0.000257 -0.062432 -1.815106
    27 11.481657 0.000043 0.000019 -1.183866 0.520533 0.156054
    28 3.858240 -0.131699 1.199994 0.887977 0.041686 -0.500120
    29 1.312567 0.000000 0.000000 -0.076006 -0.203868 -0.258727
    30 0.729362 0.000004 0.000003 -0.250341 -0.135455 -0.179419
    31 3.941981 0.050872 0.435162 0.216346 -0.007336 -0.093776
    32 1.539089 0.000008 0.000003 -0.605562 0.126574 -1.244849
    33 1.196316 0.000004 0.000005 0.000000 -0.000162 -0.332870
    34 3.880859 -0.047028 -0.427490 0.051056 0.262890 -0.068600
    35 1.719567 0.000023 0.000016 -0.461231 0.032293 -1.105404
    36 1.209175 0.000008 0.000005 0.175617 0.055179 -0.367832
    37 3.867399 -0.148186 -1.324350 -0.134961 0.400676 -0.397685
    38 1.719419 -0.000008 -0.000008 -0.082106 -0.002364 -0.236718
    39 1.099667 -0.000004 -0.000001 -0.188224 0.009145 -1.119518
    40 0.807129 -0.358887 -1.316406 1.243203 0.551773 -0.740643
    41 1.789783 -0.000002 -0.000002 -0.000009 0.003711 0.228604
    42 1.207001 0.000009 0.000000 -0.023897 -0.040066 0.269693
    43 3.775391 -5.484375 -0.527832 -2.248284 -0.133216 -1.641882
  time 156
    0 -0.000003 -13.531250 -29.421875 1.570788 0.000007 -0.000007
    1 0.000000 3.345131 -2.981898 1.570789 0.086301 1.570789
    2 4.015625 0.000003 0.000000 0.000000 0.000000 -0.029241
    3 3.520294 0.000005 -0.000006 0.000000 0.000000 0.100332
    4 8.929688 0.000001 0.000000 0.000000 0.000000 0.194095
    5 2.036086 0.993556 1.937663 2.662332 -1.008067 1.948579
    6 6.028159 -0.000069 0.000009 -2.189875 -1.000462 -0.284639
    7 11.692566 0.000046 0.000011 0.147157 -0.040930 -0.797029
    8 11.481682 0.000088 -0.000031 0.181362 0.335560 -0.455471
    9 3.854313 -0.135628 -1.192206 -0.367657 0.111807 -0.363442
    10 1.312565 -0.000008 0.000000 -0.002507 0.059956 -0.417487
    11 0.729366 0.000002 -0.000002 -0.000001 0.040754 -0.240990
    12 3.941966 0.050853 -0.435186 -0.102638 0.042158 -0.272672
    13 1.539091 0.000008 -0.000002 -0.000288 0.004816 -0.251864
    14 1.196321 0.000000 -0.000002 -0.000001 0.006168 -0.430818
    15 3.881376 -0.039219 0.427587 0.089721 -0.011359 -0.133896
    16 1.719578 0.000023 -0.000021 -0.039914 -0.167198 -0.317739
    17 1.209181 -0.000004 -0.000001 0.312038 0.209821 -0.320126
    18 3.863479 -0.132591 1.332139 0.320714 -0.041162 -0.126612
    19 1.719431 -0.000023 0.000019 0.000109 -0.106407 -0.348645
    20 1.099676 0.000000 0.000006 0.000136 0.002383 -0.284087
    21 0.807129 -0.346924 1.320313 -1.186030 -0.555105 -0.957249
    22 1.789787 0.000006 0.000006 0.000082 -0.004010 0.228904
    23 1.207012 0.000011 0.000000 0.068359 -0.043071 0.238030
    24 2.035156 0.997070 -1.937500 -1.667267 1.282923 2.944210
    25 6.028144 -0.000011 0.000002 1.572872 0.792582 -0.838082
    26 11.692577 0.000001 0.000004 -0.000245 -0.062343 -1.815428
    27 11.481657 0.000043 0.000019 -1.183866 0.520519 0.156054
    28 3.858240 -0.131699 1.199994 0.887977 0.041686 -0.500120
    29 1.312567 0.000000 0.000000 -0.076006 -0.203868 -0.258727
    30 0.729362 0.000004 0.000003 -0.250341 -0.135455 -0.179419
    31 3.941981 0.050872 0.435162 0.216346 -0.007336 -0.093776
    32 1.539089 0.000008 0.000003 -0.605562 0.126574 -1.244849
    33 1.196316 0.000004 0.000005 0.000000 -0.000162 -0.332870
    34 3.880859 -0.047028 -0.427490 0.051056 0.262890 -0.068600
    35 1.719567 0.000023 0.000016 -0.461231 0.032293 -1.105404
    36 1.209175 0.000008 0.000005 0.175617 0.055179 -0.367832
    37 3.867399 -0.148186 -1.324350 -0.134961 0.400676 -0.397685
    38 1.719419 -0.000008 -0.000008 -0.082106 -0.002364 -0.236718
    39 1.099667 -0.000004 -0.000001 -0.188224 0.009145 -1.119518
    40 0.807129 -0.358887 -1.316406 1.243203 0.551773 -0.740643
    41 1.789783 -0.000002 -0.000002 -0.000009 0.003711 0.228604
    42 1.207001 0.000009 0.000000 -0.023897 -0.040066 0.269693
    43 3.775391 -5.484375 -0.527832 -2.248284 -0.133216 -1.641882
  time 157
    0 -0.000003 -13.531250 -29.421875 1.570788 0.000007 -0.000007
    1 0.000000 3.345131 -2.981898 1.570789 0.086301 1.570789
    2 4.015625 0.000003 0.000000 0.000000 0.000000 -0.029241
    3 3.520294 0.000005 -0.000006 0.000000 0.000000 0.100332
    4 8.929688 0.000001 0.000000 0.000000 0.000000 0.194095
    5 2.036086 0.993556 1.937663 2.662332 -1.008067 1.948579
    6 6.028159 -0.000069 0.000009 -2.189668 -1.000526 -0.284579
    7 11.692566 0.000046 0.000011 0.147217 -0.040714 -0.799385
    8 11.481682 0.000088 -0.000031 0.184770 0.336090 -0.457229
    9 3.858219 -0.135628 -1.192206 -0.368532 0.111747 -0.365304
    10 1.312565 -0.000008 0.000000 -0.003082 0.061246 -0.419446
    11 0.729366 0.000002 -0.000002 -0.000001 0.040754 -0.240990
    12 3.941966 0.050853 -0.435186 -0.102901 0.042158 -0.273375
    13 1.539091 0.000008 -0.000002 -0.000360 0.005067 -0.252817
    14 1.196321 0.000000 -0.000002 -0.000001 0.006168 -0.430818
    15 3.881376 -0.039219 0.427587 0.089638 -0.011335 -0.134206
    16 1.719578 0.000023 -0.000021 -0.040022 -0.167090 -0.318183
    17 1.209181 -0.000004 -0.000001 0.312038 0.209821 -0.320126
    18 3.867386 -0.132591 1.332139 0.320738 -0.041101 -0.126801
    19 1.719431 -0.000023 0.000019 0.000145 -0.106443 -0.348823
    20 1.099676 0.000000 0.000006 0.000172 0.002335 -0.284147
    21 0.807129 -0.346924 1.320313 -1.186030 -0.555105 -0.957249
    22 1.789787 0.000006 0.000006 0.000106 -0.004092 0.228976
    23 1.207012 0.000011 0.000000 0.068395 -0.043059 0.238090
    24 2.035156 0.997070 -1.937500 -1.667267 1.282923 2.944210
    25 6.028144 -0.000011 0.000002 1.572992 0.792458 -0.837998
    26 11.692577 0.000001 0.000004 -0.000233 -0.062279 -1.815642
    27 11.481657 0.000043 0.000019 -1.183866 0.520519 0.156054
    28 3.854334 -0.131699 1.199994 0.887977 0.041686 -0.500120
    29 1.312567 0.000000 0.000000 -0.076006 -0.203868 -0.258727
    30 0.729362 0.000004 0.000003 -0.250341 -0.135455 -0.179419
    31 3.941981 0.050872 0.435162 0.216346 -0.007336 -0.093776
    32 1.539089 0.000008 0.000003 -0.605562 0.126574 -1.244849
    33 1.196316 0.000004 0.000005 0.000000 -0.000162 -0.332870
    34 3.880859 -0.047028 -0.427490 0.051056 0.262890 -0.068600
    35 1.719567 0.000023 0.000016 -0.461231 0.032293 -1.105404
    36 1.209175 0.000008 0.000005 0.175617 0.055179 -0.367832
    37 3.867399 -0.148186 -1.324350 -0.134961 0.400676 -0.397685
    38 1.719419 -0.000008 -0.000008 -0.082106 -0.002364 -0.236718
    39 1.099667 -0.000004 -0.000001 -0.188224 0.009145 -1.119518
    40 0.807129 -0.358887 -1.316406 1.243203 0.551773 -0.740643
    41 1.789783 -0.000002 -0.000002 -0.000009 0.003711 0.228604
    42 1.207001 0.000009 0.000000 -0.023897 -0.040066 0.269681
    43 3.775391 -5.484375 -0.527832 -2.248284 -0.133216 -1.641882
  time 158
    0 -0.000003 -13.531250 -29.421875 1.570788 0.000007 -0.000007
    1 0.000000 3.345131 -2.981898 1.570789 0.086301 1.570789
    2 4.015625 0.000003 0.000000 0.000000 0.000000 -0.029241
    3 3.520294 0.000005 -0.000006 0.000000 0.000000 0.100332
    4 8.929688 0.000001 0.000000 0.000000 0.000000 0.194095
    5 2.036086 0.993556 1.937663 2.662332 -1.008067 1.948579
    6 6.028159 -0.000069 0.000009 -2.189443 -1.000526 -0.284567
    7 11.692566 0.000046 0.000011 0.147301 -0.040481 -0.801897
    8 11.481682 0.000088 -0.000031 0.186474 0.336205 -0.459314
    9 3.858219 -0.135628 -1.192206 -0.369479 0.111687 -0.367304
    10 1.312565 -0.000008 0.000000 -0.003717 0.062666 -0.421587
    11 0.729366 0.000002 -0.000002 -0.000001 0.040754 -0.240990
    12 3.941966 0.050853 -0.435186 -0.103189 0.042146 -0.274137
    13 1.539091 0.000008 -0.000002 -0.000431 0.005343 -0.253850
    14 1.196321 0.000000 -0.000002 -0.000001 0.006168 -0.430818
    15 3.881376 -0.039219 0.427587 0.089542 -0.011323 -0.134573
    16 1.719578 0.000023 -0.000021 -0.040141 -0.166959 -0.318665
    17 1.209181 -0.000004 -0.000001 0.312038 0.209821 -0.320126
    18 3.867386 -0.132591 1.332139 0.320762 -0.041041 -0.127017
    19 1.719431 -0.000023 0.000019 0.000169 -0.106491 -0.349031
    20 1.099676 0.000000 0.000006 0.000208 0.002287 -0.284206
    21 0.807129 -0.346924 1.320313 -1.186030 -0.555105 -0.957249
    22 1.789787 0.000006 0.000006 0.000130 -0.004175 0.229059
    23 1.207012 0.000011 0.000000 0.068419 -0.043059 0.238138
    24 2.035156 0.997070 -1.937500 -1.667267 1.282923 2.944210
    25 6.028144 -0.000011 0.000002 1.573064 0.792383 -0.837950
    26 11.692577 0.000001 0.000004 -0.000233 -0.062228 -1.815803
    27 11.481657 0.000043 0.000019 -1.183866 0.520519 0.156054
    28 3.858240 -0.131699 1.199994 0.887977 0.041686 -0.500120
    29 1.312567 0.000000 0.000000 -0.076006 -0.203868 -0.258727
    30 0.729362 0.000004 0.000003 -0.250341 -0.135455 -0.179419
    31 3.941981 0.050872 0.435162 0.216346 -0.007336 -0.093776
    32 1.539089 0.000008 0.000003 -0.605562 0.126574 -1.244849
    33 1.196316 0.000004 0.000005 0.000000 -0.000162 -0.332870
    34 3.880859 -0.047028 -0.427490 0.051056 0.262890 -0.068600
    35 1.719567 0.000023 0.000016 -0.461231 0.032293 -1.105404
    36 1.209175 0.000008 0.000005 0.175617 0.055179 -0.367832
    37 3.867399 -0.148186 -1.324350 -0.134961 0.400676 -0.397685
    38 1.719419 -0.000008 -0.000008 -0.082106 -0.002364 -0.236718
    39 1.099667 -0.000004 -0.000001 -0.188224 0.009145 -1.119518
    40 0.807129 -0.358887 -1.316406 1.243203 0.551773 -0.740643
    41 1.789783 -0.000002 -0.000002 -0.000009 0.003711 0.228604
    42 1.207001 0.000009 0.000000 -0.023897 -0.040066 0.269693
    43 3.775391 -5.484375 -0.527832 -2.248284 -0.133216 -1.641882
  time 159
    0 -0.000003 -13.531250 -29.421875 1.570788 0.000007 -0.000007
    1 0.000000 3.345131 -2.981898 1.570789 0.086301 1.570789
    2 4.015625 0.000003 0.000000 0.000000 0.000000 -0.029241
    3 3.520294 0.000005 -0.000006 0.000000 0.000000 0.100332
    4 8.929688 0.000001 0.000000 0.000000 0.000000 0.194095
    5 2.036086 0.993556 1.937663 2.662332 -1.008067 1.948579
    6 6.028159 -0.000069 0.000009 -2.189255 -1.000558 -0.284555
    7 11.692566 0.000046 0.000011 0.147396 -0.040232 -0.804619
    8 11.481682 0.000088 -0.000031 0.186425 0.335924 -0.461777
    9 3.854313 -0.135628 -1.192206 -0.370509 0.111616 -0.369496
    10 1.312565 -0.000008 0.000000 -0.004412 0.064180 -0.423913
    11 0.729366 0.000002 -0.000002 -0.000001 0.040754 -0.240990
    12 3.941966 0.050853 -0.435186 -0.103500 0.042146 -0.274957
    13 1.539091 0.000008 -0.000002 -0.000503 0.005643 -0.254962
    14 1.196321 0.000000 -0.000002 -0.000001 0.006168 -0.430818
    15 3.881376 -0.039219 0.427587 0.089434 -0.011299 -0.134939
    16 1.719578 0.000023 -0.000021 -0.040261 -0.166827 -0.319184
    17 1.209181 -0.000004 -0.000001 0.312038 0.209821 -0.320126
    18 3.863479 -0.132591 1.332139 0.320786 -0.040965 -0.127260
    19 1.719431 -0.000023 0.000019 0.000205 -0.106539 -0.349269
    20 1.099676 0.000000 0.000006 0.000256 0.002239 -0.284266
    21 0.807129 -0.346924 1.320313 -1.186030 -0.555105 -0.957249
    22 1.789787 0.000006 0.000006 0.000154 -0.004258 0.229143
    23 1.207012 0.000011 0.000000 0.068455 -0.043047 0.238209
    24 2.035156 0.997070 -1.937500 -1.667267 1.282923 2.944210
    25 6.028144 -0.000011 0.000002 1.573088 0.792383 -0.837938
    26 11.692577 0.000001 0.000004 -0.000221 -0.062216 -1.815856
    27 11.481657 0.000043 0.000019 -1.183866 0.520519 0.156054
    28 3.854334 -0.131699 1.199994 0.887977 0.041686 -0.500120
    29 1.312567 0.000000 0.000000 -0.076006 -0.203868 -0.258727
    30 0.729362 0.000004 0.000003 -0.250341 -0.135455 -0.179419
    31 3.938074 0.050872 0.435162 0.216346 -0.007336 -0.093776
    32 1.539089 0.000008 0.000003 -0.605562 0.126574 -1.244849
    33 1.196316 0.000004 0.000005 0.000000 -0.000162 -0.332870
    34 3.880859 -0.047028 -0.427490 0.051056 0.262890 -0.068600
    35 1.719567 0.000023 0.000016 -0.461231 0.032293 -1.105404
    36 1.209175 0.000008 0.000005 0.175617 0.055179 -0.367832
    37 3.863493 -0.148186 -1.324350 -0.134961 0.400676 -0.397685
    38 1.719419 -0.000008 -0.000008 -0.082106 -0.002364 -0.236718
    39 1.099667 -0.000004 -0.000001 -0.188224 0.009145 -1.119518
    40 0.807129 -0.358887 -1.316406 1.243203 0.551773 -0.740643
    41 1.789783 -0.000002 -0.000002 -0.000009 0.003711 0.228604
    42 1.207001 0.000009 0.000000 -0.023897 -0.040066 0.269693
    43 3.775391 -5.484375 -0.527832 -2.248284 -0.133216 -1.641882
  time 160
    0 -0.000003 -13.531250 -29.421875 1.570788 0.000007 -0.000007
    1 0.000000 3.345131 -2.981898 1.570789 0.086301 1.570789
    2 4.015625 0.000003 0.000000 0.000000 0.000000 -0.029241
    3 3.520294 0.000005 -0.000006 0.000000 0.000000 0.100332
    4 8.929688 0.000001 0.000000 0.000000 0.000000 0.194095
    5 2.036086 0.993556 1.937663 2.662332 -1.008067 1.948579
    6 6.028159 -0.000069 0.000009 -2.188709 -1.000430 -0.284999
    7 11.692566 0.000046 0.000011 0.147516 -0.039933 -0.807602
    8 11.481682 0.000088 -0.000031 0.184185 0.334715 -0.464503
    9 3.854313 -0.135628 -1.192206 -0.374057 0.111376 -0.377056
    10 1.312565 -0.000008 0.000000 -0.006785 0.069452 -0.431960
    11 0.729366 0.000002 -0.000002 -0.000001 0.040754 -0.240990
    12 3.938059 0.050853 -0.435186 -0.105993 0.042062 -0.281579
    13 1.539091 0.000008 -0.000002 -0.001151 0.008027 -0.263940
    14 1.196321 0.000000 -0.000002 -0.000001 0.006168 -0.430818
    15 3.881376 -0.039219 0.427587 0.087756 -0.011000 -0.140918
    16 1.719578 0.000023 -0.000021 -0.042275 -0.164658 -0.327406
    17 1.209181 -0.000004 -0.000001 0.312038 0.209821 -0.320126
    18 3.863479 -0.132591 1.332139 0.321325 -0.039324 -0.132800
    19 1.719431 -0.000023 0.000019 0.000984 -0.107773 -0.354886
    20 1.099676 0.000000 0.000006 0.001238 0.000920 -0.285836
    21 0.807129 -0.346924 1.320313 -1.186030 -0.555105 -0.957249
    22 1.789787 0.000006 0.000006 0.000789 -0.006357 0.231193
    23 1.207012 0.000011 0.000000 0.069306 -0.042831 0.239707
    24 2.035156 0.997070 -1.937500 -1.667267 1.282923 2.944210
    25 6.028144 -0.000011 0.000002 1.573064 0.792383 -0.837950
    26 11.692577 0.000001 0.000004 -0.000221 -0.062241 -1.815803
    27 11.481657 0.000043 0.000019 -1.183866 0.520519 0.156054
    28 3.854334 -0.131699 1.199994 0.887977 0.041686 -0.500120
    29 1.312567 0.000000 0.000000 -0.076006 -0.203868 -0.258727
    30 0.729362 0.000004 0.000003 -0.250341 -0.135455 -0.179419
    31 3.941981 0.050872 0.435162 0.216346 -0.007336 -0.093776
    32 1.539089 0.000008 0.000003 -0.605562 0.126574 -1.244849
    33 1.196316 0.000004 0.000005 0.000000 -0.000162 -0.332870
    34 3.880859 -0.047028 -0.427490 0.051056 0.262890 -0.068600
    35 1.719567 0.000023 0.000016 -0.461231 0.032293 -1.105404
    36 1.209175 0.000008 0.000005 0.175617 0.055179 -0.367832
    37 3.867399 -0.148186 -1.324350 -0.134961 0.400676 -0.397685
    38 1.719419 -0.000008 -0.000008 -0.082106 -0.002364 -0.236718
    39 1.099667 -0.000004 -0.000001 -0.188224 0.009145 -1.119518
    40 0.807129 -0.358887 -1.316406 1.243203 0.551773 -0.740643
    41 1.789783 -0.000002 -0.000002 -0.000009 0.003711 0.228604
    42 1.207001 0.000009 0.000000 -0.023897 -0.040066 0.269693
    43 3.775391 -5.484375 -0.527832 -2.248284 -0.133216 -1.641882
  time 161
    0 -0.000003 -13.531250 -29.421875 1.570788 0.000007 -0.000007
    1 0.000000 3.345131 -2.981898 1.570789 0.086301 1.570789
    2 4.015625 0.000003 0.000000 0.000000 0.000000 -0.029241
    3 3.520294 0.000005 -0.000006 0.000000 0.000000 0.100332
    4 8.929688 0.000001 0.000000 0.000000 0.000000 0.194095
    5 2.036086 0.993556 1.937663 2.662332 -1.008067 1.948579
    6 6.028159 -0.000069 0.000009 -2.187355 -1.000141 -0.286317
    7 11.692566 0.000046 0.000011 0.147660 -0.039584 -0.810900
    8 11.481682 0.000088 -0.000031 0.179219 0.331982 -0.467327
    9 3.858219 -0.135628 -1.192206 -0.382578 0.110753 -0.395354
    10 1.312565 -0.000008 0.000000 -0.012562 0.082219 -0.451511
    11 0.729366 0.000002 -0.000002 -0.000001 0.040754 -0.240990
    12 3.941966 0.050853 -0.435186 -0.112884 0.041834 -0.299893
    13 1.539091 0.000008 -0.000002 -0.002924 0.014631 -0.288689
    14 1.196321 0.000000 -0.000002 -0.000001 0.006168 -0.430818
    15 3.881376 -0.039219 0.427587 0.082902 -0.010113 -0.158235
    16 1.719578 0.000023 -0.000021 -0.048063 -0.158402 -0.351259
    17 1.209181 -0.000004 -0.000001 0.312038 0.209821 -0.320126
    18 3.867386 -0.132591 1.332139 0.322883 -0.034480 -0.149041
    19 1.719431 -0.000023 0.000019 0.003273 -0.111380 -0.371440
    20 1.099676 0.000000 0.000006 0.004127 -0.002927 -0.290462
    21 0.807129 -0.346924 1.320313 -1.186030 -0.555105 -0.957249
    22 1.789787 0.000006 0.000006 0.002623 -0.012523 0.237233
    23 1.207012 0.000011 0.000000 0.071787 -0.042208 0.244154
    24 2.035156 0.997070 -1.937500 -1.667267 1.282923 2.944210
    25 6.028144 -0.000011 0.000002 1.572968 0.792383 -0.838010
    26 11.692577 0.000001 0.000004 -0.000221 -0.062292 -1.815803
    27 11.481657 0.000043 0.000019 -1.183866 0.520533 0.156054
    28 3.854334 -0.131699 1.199994 0.887977 0.041686 -0.500120
    29 1.312567 0.000000 0.000000 -0.076006 -0.203868 -0.258727
    30 0.729362 0.000004 0.000003 -0.250341 -0.135455 -0.179419
    31 3.941981 0.050872 0.435162 0.216346 -0.007336 -0.093776
    32 1.539089 0.000008 0.000003 -0.605562 0.126574 -1.244849
    33 1.196316 0.000004 0.000005 0.000000 -0.000162 -0.332870
    34 3.880859 -0.047028 -0.427490 0.051056 0.262890 -0.068600
    35 1.719567 0.000023 0.000016 -0.461231 0.032293 -1.105404
    36 1.209175 0.000008 0.000005 0.175617 0.055179 -0.367832
    37 3.867399 -0.148186 -1.324350 -0.134961 0.400676 -0.397685
    38 1.719419 -0.000008 -0.000008 -0.082106 -0.002364 -0.236718
    39 1.099667 -0.000004 -0.000001 -0.188224 0.009145 -1.119518
    40 0.807129 -0.358887 -1.316406 1.243203 0.551773 -0.740643
    41 1.789783 -0.000002 -0.000002 -0.000009 0.003711 0.228604
    42 1.207001 0.000009 0.000000 -0.023897 -0.040066 0.269693
    43 3.775391 -5.484375 -0.527832 -2.248284 -0.133216 -1.641882
  time 162
    0 -0.000003 -13.531250 -29.421875 1.570788 0.000007 -0.000007
    1 0.000000 3.345131 -2.981898 1.570789 0.086301 1.570789
    2 4.015625 0.000003 0.000000 0.000000 0.000000 -0.029241
    3 3.520294 0.000005 -0.000006 0.000000 0.000000 0.100332
    4 8.929688 0.000001 0.000000 0.000000 0.000000 0.194095
    5 2.036086 0.993556 1.937663 2.662332 -1.008067 1.948579
    6 6.028159 -0.000069 0.000009 -2.185210 -0.999627 -0.288534
    7 11.692566 0.000046 0.000011 0.147840 -0.039185 -0.814616
    8 11.481682 0.000088 -0.000031 0.171527 0.327709 -0.470218
    9 3.858219 -0.135628 -1.192206 -0.395881 0.109710 -0.424445
    10 1.312565 -0.000008 0.000000 -0.021742 0.102464 -0.482567
    11 0.729366 0.000002 -0.000002 -0.000001 0.040754 -0.240990
    12 3.941966 0.050853 -0.435186 -0.124114 0.041427 -0.329926
    13 1.539091 0.000008 -0.000002 -0.005837 0.025453 -0.329328
    14 1.196321 0.000000 -0.000002 -0.000001 0.006168 -0.430818
    15 3.881376 -0.039219 0.427587 0.074801 -0.008639 -0.186946
    16 1.719578 0.000023 -0.000021 -0.057675 -0.148023 -0.390669
    17 1.209181 -0.000004 -0.000001 0.312038 0.209821 -0.320126
    18 3.863479 -0.132591 1.332139 0.325268 -0.026446 -0.176064
    19 1.719431 -0.000023 0.000019 0.007072 -0.117301 -0.398931
    20 1.099676 0.000000 0.000006 0.008921 -0.009314 -0.298145
    21 0.807129 -0.346924 1.320313 -1.186030 -0.555105 -0.957249
    22 1.789787 0.000006 0.000006 0.005679 -0.022773 0.247252
    23 1.207012 0.000011 0.000000 0.075921 -0.041165 0.251512
    24 2.035156 0.997070 -1.937500 -1.667267 1.282923 2.944210
    25 6.028144 -0.000011 0.000002 1.572812 0.792383 -0.838106
    26 11.692577 0.000001 0.000004 -0.000221 -0.062381 -1.815803
    27 11.481657 0.000043 0.000019 -1.183866 0.520519 0.156054
    28 3.858240 -0.131699 1.199994 0.887977 0.041686 -0.500120
    29 1.312567 0.000000 0.000000 -0.076006 -0.203868 -0.258727
    30 0.729362 0.000004 0.000003 -0.250341 -0.135455 -0.179419
    31 3.941981 0.050872 0.435162 0.216346 -0.007336 -0.093776
    32 1.539089 0.000008 0.000003 -0.605562 0.126574 -1.244849
    33 1.196316 0.000004 0.000005 0.000000 -0.000162 -0.332870
    34 3.880859 -0.047028 -0.427490 0.051056 0.262890 -0.068600
    35 1.719567 0.000023 0.000016 -0.461231 0.032293 -1.105404
    36 1.209175 0.000008 0.000005 0.175617 0.055179 -0.367832
    37 3.867399 -0.148186 -1.324350 -0.134961 0.400676 -0.397685
    38 1.719419 -0.000008 -0.000008 -0.082106 -0.002364 -0.236718
    39 1.099667 -0.000004 -0.000001 -0.188224 0.009145 -1.119518
    40 0.807129 -0.358887 -1.316406 1.243203 0.551773 -0.740643
    41 1.789783 -0.000002 -0.000002 -0.000009 0.003711 0.228604
    42 1.207001 0.000009 0.000000 -0.023897 -0.040066 0.269693
    43 3.775391 -5.484375 -0.527832 -2.248284 -0.133216 -1.641882
  time 163
    0 -0.000003 -13.531250 -29.421875 1.570788 0.000007 -0.000007
    1 0.000000 3.345131 -2.981898 1.570789 0.086301 1.570789
    2 4.015625 0.000003 0.000000 0.000000 0.000000 -0.029241
    3 3.520294 0.000005 -0.000006 0.000000 0.000000 0.100332
    4 8.929688 0.000001 0.000000 0.000000 0.000000 0.194095
    5 2.036086 0.993556 1.937663 2.662332 -1.008067 1.948579
    6 6.028159 -0.000069 0.000009 -2.182295 -0.998888 -0.291626
    7 11.692566 0.000046 0.000011 0.148044 -0.038719 -0.818699
    8 11.481682 0.000088 -0.000031 0.161255 0.321912 -0.473190
    9 3.854313 -0.135628 -1.192206 -0.413522 0.108164 -0.464027
    10 1.312565 -0.000008 0.000000 -0.034242 0.129942 -0.525036
    11 0.729366 0.000002 -0.000002 -0.000001 0.040754 -0.240990
    12 3.941966 0.050853 -0.435186 -0.139478 0.040816 -0.371417
    13 1.539091 0.000008 -0.000002 -0.009863 0.040410 -0.385499
    14 1.196321 0.000000 -0.000002 -0.000001 0.006168 -0.430818
    15 3.881376 -0.039219 0.427587 0.063439 -0.006589 -0.226741
    16 1.719578 0.000023 -0.000021 -0.071014 -0.133558 -0.445413
    17 1.209181 -0.000004 -0.000001 0.312038 0.209821 -0.320126
    18 3.863479 -0.132591 1.332139 0.328192 -0.015238 -0.213599
    19 1.719431 -0.000023 0.000019 0.012357 -0.125402 -0.437181
    20 1.099676 0.000000 0.000006 0.015596 -0.018195 -0.308823
    21 0.807129 -0.346924 1.320313 -1.186030 -0.555105 -0.957249
    22 1.789787 0.000006 0.000006 0.009933 -0.037007 0.261190
    23 1.207012 0.000011 0.000000 0.081662 -0.039727 0.261759
    24 2.035156 0.997070 -1.937500 -1.667267 1.282923 2.944210
    25 6.028144 -0.000011 0.000002 1.572609 0.792408 -0.838250
    26 11.692577 0.000001 0.000004 -0.000221 -0.062508 -1.815803
    27 11.481657 0.000043 0.000019 -1.183866 0.520519 0.156054
    28 3.858240 -0.131699 1.199994 0.887977 0.041686 -0.500120
    29 1.312567 0.000000 0.000000 -0.076006 -0.203868 -0.258727
    30 0.729362 0.000004 0.000003 -0.250341 -0.135455 -0.179419
    31 3.941981 0.050872 0.435162 0.216346 -0.007336 -0.093776
    32 1.539089 0.000008 0.000003 -0.605562 0.126574 -1.244879
    33 1.196316 0.000004 0.000005 0.000000 -0.000162 -0.332870
    34 3.880859 -0.047028 -0.427490 0.051056 0.262890 -0.068600
    35 1.719567 0.000023 0.000016 -0.461231 0.032293 -1.105404
    36 1.209175 0.000008 0.000005 0.175617 0.055179 -0.367832
    37 3.867399 -0.148186 -1.324350 -0.134961 0.400676 -0.397685
    38 1.719419 -0.000008 -0.000008 -0.082106 -0.002364 -0.236718
    39 1.099667 -0.000004 -0.000001 -0.188224 0.009145 -1.119518
    40 0.807129 -0.358887 -1.316406 1.243203 0.551773 -0.740643
    41 1.789783 -0.000002 -0.000002 -0.000009 0.003711 0.228604
    42 1.207001 0.000009 0.000000 -0.023897 -0.040066 0.269693
    43 3.775391 -5.484375 -0.527832 -2.248284 -0.133216 -1.641882
  time 164
    0 -0.000003 -13.531250 -29.421875 1.570788 0.000007 -0.000007
    1 0.000000 3.345131 -2.981898 1.570789 0.086301 1.570789
    2 4.015625 0.000003 0.000000 0.000000 0.000000 -0.029241
    3 3.520294 0.000005 -0.000006 0.000000 0.000000 0.100332
    4 8.929688 0.000001 0.000000 0.000000 0.000000 0.194095
    5 2.036086 0.993556 1.937663 2.662332 -1.008067 1.948579
    6 6.028159 -0.000069 0.000009 -2.178608 -0.997925 -0.295557
    7 11.692566 0.000046 0.000011 0.148259 -0.038220 -0.823148
    8 11.481682 0.000088 -0.000031 0.148499 0.314642 -0.476211
    9 3.858219 -0.135628 -1.192206 -0.434843 0.106091 -0.513525
    10 1.312565 -0.000008 0.000000 -0.049906 0.164188 -0.578336
    11 0.729366 0.000002 -0.000002 -0.000001 0.040754 -0.240990
    12 3.941966 0.050853 -0.435186 -0.158594 0.039977 -0.423778
    13 1.539091 0.000008 -0.000002 -0.014945 0.059250 -0.456369
    14 1.196321 0.000000 -0.000002 -0.000001 0.006168 -0.430818
    15 3.881376 -0.039219 0.427587 0.048842 -0.003989 -0.277084
    16 1.719578 0.000023 -0.000021 -0.087900 -0.115161 -0.514565
    17 1.209181 -0.000004 -0.000001 0.312038 0.209821 -0.320126
    18 3.863479 -0.132591 1.332139 0.331200 -0.001069 -0.261105
    19 1.719431 -0.000023 0.000019 0.019045 -0.135445 -0.485714
    20 1.099676 0.000000 0.000006 0.024033 -0.029413 -0.322365
    21 0.807129 -0.346924 1.320313 -1.186030 -0.555105 -0.957249
    22 1.789787 0.000006 0.000006 0.015314 -0.055026 0.278831
    23 1.207012 0.000011 0.000000 0.088925 -0.037894 0.274714
    24 2.035156 0.997070 -1.937500 -1.667267 1.282923 2.944210
    25 6.028144 -0.000011 0.000002 1.572333 0.792433 -0.838417
    26 11.692577 0.000001 0.000004 -0.000221 -0.062673 -1.815803
    27 11.481657 0.000043 0.000019 -1.183866 0.520519 0.156054
    28 3.854334 -0.131699 1.199994 0.887977 0.041686 -0.500120
    29 1.312567 0.000000 0.000000 -0.076006 -0.203868 -0.258727
    30 0.729362 0.000004 0.000003 -0.250341 -0.135455 -0.179419
    31 3.941981 0.050872 0.435162 0.216346 -0.007336 -0.093776
    32 1.539089 0.000008 0.000003 -0.605562 0.126574 -1.244849
    33 1.196316 0.000004 0.000005 0.000000 -0.000162 -0.332870
    34 3.880859 -0.047028 -0.427490 0.051056 0.262890 -0.068600
    35 1.719567 0.000023 0.000016 -0.461231 0.032293 -1.105404
    36 1.209175 0.000008 0.000005 0.175617 0.055179 -0.367832
    37 3.867399 -0.148186 -1.324350 -0.134961 0.400676 -0.397685
    38 1.719419 -0.000008 -0.000008 -0.082106 -0.002364 -0.236718
    39 1.099667 -0.000004 -0.000001 -0.188224 0.009145 -1.119518
    40 0.807129 -0.358887 -1.316406 1.243203 0.551773 -0.740643
    41 1.789783 -0.000002 -0.000002 -0.000009 0.003711 0.228604
    42 1.207001 0.000009 0.000000 -0.023897 -0.040066 0.269693
    43 3.775391 -5.484375 -0.527832 -2.248284 -0.133216 -1.641882
  time 165
    0 -0.000003 -13.531250 -29.421875 1.570788 0.000007 -0.000007
    1 0.000000 3.345131 -2.981898 1.570789 0.086301 1.570789
    2 4.015625 0.000003 0.000000 0.000000 0.000000 -0.029241
    3 3.520294 0.000005 -0.000006 0.000000 0.000000 0.100332
    4 8.929688 0.000001 0.000000 0.000000 0.000000 0.194095
    5 2.036086 0.993556 1.937663 2.662332 -1.008067 1.948579
    6 6.028159 -0.000069 0.000009 -2.174263 -0.996769 -0.300279
    7 11.692566 0.000046 0.000011 0.148511 -0.037672 -0.827911
    8 11.481682 0.000088 -0.000031 0.133553 0.306046 -0.479233
    9 3.858219 -0.135628 -1.192206 -0.458908 0.103478 -0.571952
    10 1.312565 -0.000008 0.000000 -0.068434 0.204471 -0.641549
    11 0.729366 0.000002 -0.000002 -0.000001 0.040754 -0.240990
    12 3.941966 0.050853 -0.435186 -0.180933 0.038898 -0.485955
    13 1.539091 0.000008 -0.000002 -0.020961 0.081601 -0.540546
    14 1.196321 0.000000 -0.000002 -0.000001 0.006168 -0.430818
    15 3.881376 -0.039219 0.427587 0.031177 -0.000909 -0.336960
    16 1.719578 0.000023 -0.000021 -0.108022 -0.093169 -0.596755
    17 1.209181 -0.000004 -0.000001 0.312038 0.209821 -0.320126
    18 3.863479 -0.132591 1.332139 0.333801 0.015773 -0.317637
    19 1.719431 -0.000023 0.000019 0.026966 -0.147070 -0.543578
    20 1.099676 0.000000 0.000006 0.034088 -0.042763 -0.338509
    21 0.807129 -0.346924 1.320313 -1.186030 -0.555105 -0.957249
    22 1.789787 0.000006 0.000006 0.021726 -0.076468 0.299828
    23 1.207012 0.000011 0.000000 0.097578 -0.035712 0.290139
    24 2.035156 0.997070 -1.937500 -1.667267 1.282923 2.944210
    25 6.028144 -0.000011 0.000002 1.572009 0.792458 -0.838633
    26 11.692577 0.000001 0.000004 -0.000221 -0.062851 -1.815803
    27 11.481657 0.000043 0.000019 -1.183866 0.520519 0.156054
    28 3.854334 -0.131699 1.199994 0.887977 0.041686 -0.500120
    29 1.312567 0.000000 0.000000 -0.076006 -0.203868 -0.258727
    30 0.729362 0.000004 0.000003 -0.250341 -0.135455 -0.179419
    31 3.941981 0.050872 0.435162 0.216346 -0.007336 -0.093776
    32 1.539089 0.000008 0.000003 -0.605562 0.126574 -1.244879
    33 1.196316 0.000004 0.000005 0.000000 -0.000162 -0.332870
    34 3.880859 -0.047028 -0.427490 0.051056 0.262890 -0.068600
    35 1.719567 0.000023 0.000016 -0.461231 0.032293 -1.105404
    36 1.209175 0.000008 0.000005 0.175617 0.055179 -0.367832
    37 3.863493 -0.148186 -1.324350 -0.134961 0.400676 -0.397685
    38 1.719419 -0.000008 -0.000008 -0.082106 -0.002364 -0.236718
    39 1.099667 -0.000004 -0.000001 -0.188224 0.009145 -1.119518
    40 0.807129 -0.358887 -1.316406 1.243203 0.551773 -0.740643
    41 1.789783 -0.000002 -0.000002 -0.000009 0.003711 0.228604
    42 1.207001 0.000009 0.000000 -0.023897 -0.040066 0.269693
    43 3.775391 -5.484375 -0.527832 -2.248284 -0.133216 -1.641882
  time 166
    0 -0.000003 -13.531250 -29.421875 1.570788 0.000007 -0.000007
    1 0.000000 3.345131 -2.981898 1.570789 0.086301 1.570789
    2 4.015625 0.000003 0.000000 0.000000 0.000000 -0.029241
    3 3.520294 0.000005 -0.000006 0.000000 0.000000 0.100332
    4 8.929688 0.000001 0.000000 0.000000 0.000000 0.194095
    5 2.036086 0.993556 1.937663 2.662332 -1.008067 1.948579
    6 6.028159 -0.000069 0.000009 -2.169316 -0.995356 -0.305660
    7 11.692566 0.000046 0.000011 0.148775 -0.037073 -0.832936
    8 11.481682 0.000088 -0.000031 0.116854 0.296258 -0.482238
    9 3.854313 -0.135628 -1.192206 -0.484651 0.100410 -0.637831
    10 1.312565 -0.000008 0.000000 -0.089407 0.249708 -0.713330
    11 0.729366 0.000002 -0.000002 -0.000001 0.040754 -0.240990
    12 3.941966 0.050853 -0.435186 -0.205741 0.037604 -0.556425
    13 1.539091 0.000008 -0.000002 -0.027792 0.106924 -0.636005
    14 1.196321 0.000000 -0.000002 -0.000001 0.006168 -0.430818
    15 3.881376 -0.039219 0.427587 0.010719 0.002555 -0.404930
    16 1.719578 0.000023 -0.000021 -0.130889 -0.068050 -0.689982
    17 1.209181 -0.000004 -0.000001 0.312038 0.209821 -0.320126
    18 3.863479 -0.132591 1.332139 0.335467 0.034771 -0.381897
    19 1.719431 -0.000023 0.000019 0.035919 -0.159846 -0.609468
    20 1.099676 0.000000 0.000006 0.045497 -0.057888 -0.356869
    21 0.807129 -0.346924 1.320313 -1.186030 -0.555105 -0.957249
    22 1.789787 0.000006 0.000006 0.028989 -0.100819 0.323678
    23 1.207012 0.000011 0.000000 0.107393 -0.033243 0.307648
    24 2.035156 0.997070 -1.937500 -1.667267 1.282923 2.944210
    25 6.028144 -0.000011 0.000002 1.571650 0.792482 -0.838873
    26 11.692577 0.000001 0.000004 -0.000221 -0.063067 -1.815803
    27 11.481657 0.000043 0.000019 -1.183866 0.520519 0.156054
    28 3.854334 -0.131699 1.199994 0.887977 0.041686 -0.500120
    29 1.312567 0.000000 0.000000 -0.076006 -0.203868 -0.258727
    30 0.729362 0.000004 0.000003 -0.250341 -0.135455 -0.179419
    31 3.941981 0.050872 0.435162 0.216346 -0.007336 -0.093776
    32 1.539089 0.000008 0.000003 -0.605562 0.126574 -1.244849
    33 1.196316 0.000004 0.000005 0.000000 -0.000162 -0.332870
    34 3.880859 -0.047028 -0.427490 0.051056 0.262890 -0.068600
    35 1.719567 0.000023 0.000016 -0.461231 0.032293 -1.105404
    36 1.209175 0.000008 0.000005 0.175617 0.055179 -0.367832
    37 3.867399 -0.148186 -1.324350 -0.134961 0.400676 -0.397685
    38 1.719419 -0.000008 -0.000008 -0.082106 -0.002364 -0.236718
    39 1.099667 -0.000004 -0.000001 -0.188224 0.009145 -1.119518
    40 0.807129 -0.358887 -1.316406 1.243203 0.551773 -0.740643
    41 1.789783 -0.000002 -0.000002 -0.000009 0.003711 0.228604
    42 1.207001 0.000009 0.000000 -0.023897 -0.040066 0.269693
    43 3.775391 -5.484375 -0.527832 -2.248284 -0.133216 -1.641882
  time 167
    0 -0.000003 -13.531250 -29.421875 1.570788 0.000007 -0.000007
    1 0.000000 3.345131 -2.981898 1.570789 0.086301 1.570789
    2 4.015625 0.000003 0.000000 0.000000 0.000000 -0.029241
    3 3.520294 0.000005 -0.000006 0.000000 0.000000 0.100332
    4 8.929688 0.000001 0.000000 0.000000 0.000000 0.194095
    5 2.036086 0.993556 1.937663 2.662332 -1.008067 1.948579
    6 6.028159 -0.000069 0.000009 -2.163918 -0.993783 -0.311568
    7 11.692566 0.000046 0.000011 0.149050 -0.036475 -0.838170
    8 11.481682 0.000088 -0.000031 0.098890 0.285526 -0.485194
    9 3.854313 -0.135628 -1.192206 -0.510873 0.097078 -0.709298
    10 1.312565 -0.000008 0.000000 -0.112250 0.298609 -0.791750
    11 0.729366 0.000002 -0.000002 -0.000001 0.040754 -0.240990
    12 3.941966 0.050853 -0.435186 -0.232179 0.036154 -0.633223
    13 1.539091 0.000008 -0.000002 -0.035211 0.134489 -0.740085
    14 1.196321 0.000000 -0.000002 -0.000001 0.006168 -0.430818
    15 3.881376 -0.039219 0.427587 -0.012088 0.006270 -0.479076
    16 1.719578 0.000023 -0.000021 -0.155901 -0.040449 -0.791581
    17 1.209181 -0.000004 -0.000001 0.312038 0.209821 -0.320126
    18 3.863479 -0.132591 1.332139 0.335719 0.055258 -0.452130
    19 1.719431 -0.000023 0.000019 0.045578 -0.173281 -0.681538
    20 1.099676 0.000000 0.000006 0.057949 -0.074355 -0.376955
    21 0.807129 -0.346924 1.320313 -1.186030 -0.555105 -0.957249
    22 1.789787 0.000006 0.000006 0.036922 -0.127369 0.349708
    23 1.207012 0.000011 0.000000 0.118107 -0.030547 0.326764
    24 2.035156 0.997070 -1.937500 -1.667267 1.282923 2.944210
    25 6.028144 -0.000011 0.000002 1.571254 0.792507 -0.839125
    26 11.692577 0.000001 0.000004 -0.000233 -0.063308 -1.815803
    27 11.481657 0.000043 0.000019 -1.183866 0.520519 0.156054
    28 3.858240 -0.131699 1.199994 0.887977 0.041686 -0.500120
    29 1.312567 0.000000 0.000000 -0.076006 -0.203868 -0.258727
    30 0.729362 0.000004 0.000003 -0.250341 -0.135455 -0.179419
    31 3.941981 0.050872 0.435162 0.216346 -0.007336 -0.093776
    32 1.539089 0.000008 0.000003 -0.605562 0.126574 -1.244879
    33 1.196316 0.000004 0.000005 0.000000 -0.000162 -0.332870
    34 3.880859 -0.047028 -0.427490 0.051056 0.262890 -0.068600
    35 1.719567 0.000023 0.000016 -0.461231 0.032293 -1.105404
    36 1.209175 0.000008 0.000005 0.175617 0.055179 -0.367832
    37 3.867399 -0.148186 -1.324350 -0.134961 0.400676 -0.397685
    38 1.719419 -0.000008 -0.000008 -0.082106 -0.002364 -0.236718
    39 1.099667 -0.000004 -0.000001 -0.188224 0.009145 -1.119518
    40 0.807129 -0.358887 -1.316406 1.243203 0.551773 -0.740643
    41 1.789783 -0.000002 -0.000002 -0.000009 0.003711 0.228604
    42 1.207001 0.000009 0.000000 -0.023897 -0.040066 0.269693
    43 3.775391 -5.484375 -0.527832 -2.248284 -0.133216 -1.641882
  time 168
    0 -0.000003 -13.531250 -29.421875 1.570788 0.000007 -0.000007
    1 0.000000 3.345131 -2.981898 1.570789 0.086301 1.570789
    2 4.015625 0.000003 0.000000 0.000000 0.000000 -0.029241
    3 3.520294 0.000005 -0.000006 0.000000 0.000000 0.100332
    4 8.929688 0.000001 0.000000 0.000000 0.000000 0.194095
    5 2.036086 0.993556 1.937663 2.662332 -1.008067 1.948579
    6 6.028159 -0.000069 0.000009 -2.158218 -0.992017 -0.317836
    7 11.692566 0.000046 0.000011 0.149326 -0.035860 -0.843561
    8 11.481682 0.000088 -0.000031 0.080243 0.274131 -0.488051
    9 3.854313 -0.135628 -1.192206 -0.536436 0.093711 -0.784106
    10 1.312565 -0.000008 0.000000 -0.136279 0.349584 -0.874484
    11 0.729366 0.000002 -0.000002 -0.000001 0.040754 -0.240990
    12 3.938059 0.050853 -0.435186 -0.259288 0.034632 -0.713977
    13 1.539091 0.000008 -0.000002 -0.043013 0.163432 -0.849528
    14 1.196321 0.000000 -0.000002 -0.000001 0.006168 -0.430818
    15 3.881376 -0.039219 0.427587 -0.036644 0.010057 -0.557115
    16 1.719578 0.000023 -0.000021 -0.182327 -0.011207 -0.898327
    17 1.209181 -0.000004 -0.000001 0.312038 0.209821 -0.320126
    18 3.863479 -0.132591 1.332139 0.334221 0.076413 -0.526254
    19 1.719431 -0.000023 0.000019 0.055609 -0.186871 -0.757592
    20 1.099676 0.000000 0.000006 0.071049 -0.091672 -0.398132
    21 0.807129 -0.346924 1.320313 -1.186030 -0.555105 -0.957249
    22 1.789787 0.000006 0.000006 0.045276 -0.155324 0.377105
    23 1.207012 0.000011 0.000000 0.129385 -0.027695 0.346874
    24 2.035156 0.997070 -1.937500 -1.667267 1.282923 2.944210
    25 6.028144 -0.000011 0.000002 1.570823 0.792557 -0.839400
    26 11.692577 0.000001 0.000004 -0.000233 -0.063550 -1.815749
    27 11.481657 0.000043 0.000019 -1.183866 0.520533 0.156054
    28 3.854334 -0.131699 1.199994 0.887977 0.041686 -0.500120
    29 1.312567 0.000000 0.000000 -0.076006 -0.203868 -0.258727
    30 0.729362 0.000004 0.000003 -0.250341 -0.135455 -0.179419
    31 3.941981 0.050872 0.435162 0.216346 -0.007336 -0.093776
    32 1.539089 0.000008 0.000003 -0.605562 0.126574 -1.244849
    33 1.196316 0.000004 0.000005 0.000000 -0.000162 -0.332870
    34 3.880859 -0.047028 -0.427490 0.051056 0.262890 -0.068600
    35 1.719567 0.000023 0.000016 -0.461231 0.032293 -1.105404
    36 1.209175 0.000008 0.000005 0.175617 0.055179 -0.367832
    37 3.867399 -0.148186 -1.324350 -0.134961 0.400676 -0.397685
    38 1.719419 -0.000008 -0.000008 -0.082106 -0.002364 -0.236718
    39 1.099667 -0.000004 -0.000001 -0.188224 0.009145 -1.119518
    40 0.807129 -0.358887 -1.316406 1.243203 0.551773 -0.740643
    41 1.789783 -0.000002 -0.000002 -0.000009 0.003711 0.228604
    42 1.207001 0.000009 0.000000 -0.023897 -0.040066 0.269693
    43 3.775391 -5.484375 -0.527832 -2.248284 -0.133216 -1.641882
  time 169
    0 -0.000003 -13.531250 -29.421875 1.570788 0.000007 -0.000007
    1 0.000000 3.345131 -2.981898 1.570789 0.086301 1.570789
    2 4.015625 0.000003 0.000000 0.000000 0.000000 -0.029241
    3 3.520294 0.000005 -0.000006 0.000000 0.000000 0.100332
    4 8.929688 0.000001 0.000000 0.000000 0.000000 0.194095
    5 2.036086 0.993556 1.937663 2.662332 -1.008067 1.948579
    6 6.028159 -0.000069 0.000009 -2.152368 -0.990155 -0.324284
    7 11.692566 0.000046 0.000011 0.149602 -0.035278 -0.849004
    8 11.481682 0.000088 -0.000031 0.061549 0.262372 -0.490760
    9 3.854313 -0.135628 -1.192206 -0.560345 0.090607 -0.859764
    10 1.312565 -0.000008 0.000000 -0.160739 0.400971 -0.958932
    11 0.729366 0.000002 -0.000002 -0.000001 0.040754 -0.240990
    12 3.941966 0.050853 -0.435186 -0.286110 0.033170 -0.796021
    13 1.539091 0.000008 -0.000002 -0.050911 0.192806 -0.960797
    14 1.196321 0.000000 -0.000002 -0.000001 0.006168 -0.430818
    15 3.881376 -0.039219 0.427587 -0.062171 0.013737 -0.636451
    16 1.719578 0.000023 -0.000021 -0.209292 0.018731 -1.006778
    17 1.209181 -0.000004 -0.000001 0.312038 0.209821 -0.320126
    18 3.863479 -0.132591 1.332139 0.330889 0.097356 -0.601891
    19 1.719431 -0.000023 0.000019 0.065605 -0.200114 -0.835131
    20 1.099676 0.000000 0.000006 0.084387 -0.109254 -0.419728
    21 0.807129 -0.346924 1.320313 -1.186030 -0.555105 -0.957249
    22 1.789787 0.000006 0.000006 0.053761 -0.183759 0.404969
    23 1.207012 0.000011 0.000000 0.140854 -0.024806 0.367307
    24 2.035156 0.997070 -1.937500 -1.667267 1.282923 2.944210
    25 6.028144 -0.000011 0.000002 1.570391 0.792606 -0.839688
    26 11.692577 0.000001 0.000004 -0.000233 -0.063804 -1.815749
    27 11.481657 0.000043 0.000019 -1.183866 0.520519 0.156054
    28 3.854334 -0.131699 1.199994 0.887977 0.041686 -0.500120
    29 1.312567 0.000000 0.000000 -0.076006 -0.203868 -0.258727
    30 0.729362 0.000004 0.000003 -0.250341 -0.135455 -0.179419
    31 3.938074 0.050872 0.435162 0.216346 -0.007336 -0.093776
    32 1.539089 0.000008 0.000003 -0.605562 0.126574 -1.244849
    33 1.196316 0.000004 0.000005 0.000000 -0.000162 -0.332870
    34 3.880859 -0.047028 -0.427490 0.051056 0.262890 -0.068600
    35 1.719567 0.000023 0.000016 -0.461231 0.032293 -1.105404
    36 1.209175 0.000008 0.000005 0.175617 0.055179 -0.367832
    37 3.863493 -0.148186 -1.324350 -0.134961 0.400676 -0.397685
    38 1.719419 -0.000008 -0.000008 -0.082106 -0.002364 -0.236718
    39 1.099667 -0.000004 -0.000001 -0.188224 0.009145 -1.119518
    40 0.807129 -0.358887 -1.316406 1.243203 0.551773 -0.740643
    41 1.789783 -0.000002 -0.000002 -0.000009 0.003711 0.228604
    42 1.207001 0.000009 0.000000 -0.023897 -0.040066 0.269693
    43 3.775391 -5.484375 -0.527832 -2.248284 -0.133216 -1.641882
  time 170
    0 -0.000003 -13.531250 -29.421875 1.570788 0.000007 -0.000007
    1 0.000000 3.345131 -2.981898 1.570789 0.086301 1.570789
    2 4.015625 0.000003 0.000000 0.000000 0.000000 -0.029241
    3 3.520294 0.000005 -0.000006 0.000000 0.000000 0.100332
    4 8.929688 0.000001 0.000000 0.000000 0.000000 0.194095
    5 2.036086 0.993556 1.937663 2.662332 -1.008067 1.948579
    6 6.028159 -0.000069 0.000009 -2.146575 -0.988164 -0.330696
    7 11.692566 0.000046 0.000011 0.149853 -0.034696 -0.854396
    8 11.481682 0.000088 -0.000031 0.043389 0.250596 -0.493273
    9 3.854313 -0.135628 -1.192206 -0.581846 0.088042 -0.933723
    10 1.312565 -0.000008 0.000000 -0.184816 0.451087 -1.042217
    11 0.729366 0.000002 -0.000002 -0.000001 0.040754 -0.240990
    12 3.941966 0.050853 -0.435186 -0.311745 0.031875 -0.876599
    13 1.539091 0.000008 -0.000002 -0.058641 0.221641 -1.070121
    14 1.196321 0.000000 -0.000002 -0.000001 0.006168 -0.430818
    15 3.881376 -0.039219 0.427587 -0.087818 0.017152 -0.714433
    16 1.719578 0.000023 -0.000021 -0.235934 0.048345 -1.113265
    17 1.209181 -0.000004 -0.000001 0.312038 0.209821 -0.320126
    18 3.863479 -0.132591 1.332139 0.325843 0.117235 -0.676583
    19 1.719431 -0.000023 0.000019 0.075192 -0.212602 -0.911482
    20 1.099676 0.000000 0.000006 0.097487 -0.126500 -0.441001
    21 0.807129 -0.346924 1.320313 -1.186030 -0.555105 -0.957249
    22 1.789787 0.000006 0.000006 0.062102 -0.211681 0.432366
    23 1.207012 0.000011 0.000000 0.152119 -0.021954 0.387406
    24 2.035156 0.997070 -1.937500 -1.667267 1.282923 2.944210
    25 6.028144 -0.000011 0.000002 1.569972 0.792656 -0.839963
    26 11.692577 0.000001 0.000004 -0.000233 -0.064045 -1.815695
    27 11.481657 0.000043 0.000019 -1.183866 0.520533 0.156054
    28 3.854334 -0.131699 1.199994 0.887977 0.041686 -0.500120
    29 1.312567 0.000000 0.000000 -0.076006 -0.203868 -0.258727
    30 0.729362 0.000004 0.000003 -0.250341 -0.135455 -0.179419
    31 3.941981 0.050872 0.435162 0.216346 -0.007336 -0.093776
    32 1.539089 0.000008 0.000003 -0.605562 0.126574 -1.244849
    33 1.196316 0.000004 0.000005 0.000000 -0.000162 -0.332870
    34 3.880859 -0.047028 -0.427490 0.051056 0.262890 -0.068600
    35 1.719567 0.000023 0.000016 -0.461231 0.032293 -1.105404
    36 1.209175 0.000008 0.000005 0.175617 0.055179 -0.367832
    37 3.867399 -0.148186 -1.324350 -0.134961 0.400676 -0.397685
    38 1.719419 -0.000008 -0.000008 -0.082106 -0.002364 -0.236718
    39 1.099667 -0.000004 -0.000001 -0.188224 0.009145 -1.119518
    40 0.807129 -0.358887 -1.316406 1.243203 0.551773 -0.740643
    41 1.789783 -0.000002 -0.000002 -0.000009 0.003711 0.228604
    42 1.207001 0.000009 0.000000 -0.023897 -0.040066 0.269693
    43 3.775391 -5.484375 -0.527832 -2.248284 -0.133216 -1.641882
  time 171
    0 -0.000003 -13.531250 -29.421875 1.570788 0.000007 -0.000007
    1 0.000000 3.345131 -2.981898 1.570789 0.086301 1.570789
    2 4.015625 0.000003 0.000000 0.000000 0.000000 -0.029241
    3 3.520294 0.000005 -0.000006 0.000000 0.000000 0.100332
    4 8.929688 0.000001 0.000000 0.000000 0.000000 0.194095
    5 2.036086 0.993556 1.937663 2.662332 -1.008067 1.948579
    6 6.028159 -0.000069 0.000009 -2.140970 -0.986141 -0.336904
    7 11.692566 0.000046 0.000011 0.150105 -0.034164 -0.859682
    8 11.481682 0.000088 -0.000031 0.026496 0.239119 -0.495522
    9 3.854313 -0.135628 -1.192206 -0.600494 0.086160 -1.003574
    10 1.312565 -0.000008 0.000000 -0.207743 0.498324 -1.121616
    11 0.729366 0.000002 -0.000002 -0.000001 0.040754 -0.240990
    12 3.941966 0.050853 -0.435186 -0.335438 0.030845 -0.953046
    13 1.539091 0.000008 -0.000002 -0.065963 0.248978 -1.173922
    14 1.196321 0.000000 -0.000002 -0.000001 0.006168 -0.430818
    15 3.881376 -0.039219 0.427587 -0.112674 0.020172 -0.788495
    16 1.719578 0.000023 -0.000021 -0.261353 0.076628 -1.214308
    17 1.209181 -0.000004 -0.000001 0.312038 0.209821 -0.320126
    18 3.863479 -0.132591 1.332139 0.319479 0.135307 -0.747896
    19 1.719431 -0.000023 0.000019 0.084049 -0.223976 -0.984147
    20 1.099676 0.000000 0.000006 0.109939 -0.142847 -0.461255
    21 0.807129 -0.346924 1.320313 -1.186030 -0.555105 -0.957249
    22 1.789787 0.000006 0.000006 0.070024 -0.238214 0.458385
    23 1.207012 0.000011 0.000000 0.162822 -0.019245 0.406497
    24 2.035156 0.997070 -1.937500 -1.667267 1.282923 2.944210
    25 6.028144 -0.000011 0.000002 1.569565 0.792705 -0.840227
    26 11.692577 0.000001 0.000004 -0.000233 -0.064287 -1.815695
    27 11.481657 0.000043 0.000019 -1.183866 0.520519 0.156054
    28 3.854334 -0.131699 1.199994 0.887977 0.041686 -0.500120
    29 1.312567 0.000000 0.000000 -0.076006 -0.203868 -0.258727
    30 0.729362 0.000004 0.000003 -0.250341 -0.135455 -0.179419
    31 3.941981 0.050872 0.435162 0.216346 -0.007336 -0.093776
    32 1.539089 0.000008 0.000003 -0.605562 0.126574 -1.244849
    33 1.196316 0.000004 0.000005 0.000000 -0.000162 -0.332870
    34 3.880859 -0.047028 -0.427490 0.051056 0.262890 -0.068600
    35 1.719567 0.000023 0.000016 -0.461231 0.032293 -1.105404
    36 1.209175 0.000008 0.000005 0.175617 0.055179 -0.367832
    37 3.863493 -0.148186 -1.324350 -0.134961 0.400676 -0.397685
    38 1.719419 -0.000008 -0.000008 -0.082106 -0.002364 -0.236718
    39 1.099667 -0.000004 -0.000001 -0.188224 0.009145 -1.119518
    40 0.807129 -0.358887 -1.316406 1.243203 0.551773 -0.740643
    41 1.789783 -0.000002 -0.000002 -0.000009 0.003711 0.228604
    42 1.207001 0.000009 0.000000 -0.023897 -0.040066 0.269693
    43 3.775391 -5.484375 -0.527832 -2.248284 -0.133216 -1.641882
  time 172
    0 -0.000003 -13.531250 -29.421875 1.570788 0.000007 -0.000007
    1 0.000000 3.345131 -2.981898 1.570789 0.086301 1.570789
    2 4.015625 0.000003 0.000000 0.000000 0.000000 -0.029241
    3 3.520294 0.000005 -0.000006 0.000000 0.000000 0.100332
    4 8.929688 0.000001 0.000000 0.000000 0.000000 0.194095
    5 2.036086 0.993556 1.937663 2.662332 -1.008067 1.948579
    6 6.028159 -0.000069 0.000009 -2.135722 -0.984118 -0.342740
    7 11.692566 0.000046 0.000011 0.150321 -0.033699 -0.864812
    8 11.481682 0.000088 -0.000031 0.011306 0.228221 -0.497493
    9 3.854313 -0.135628 -1.192206 -0.616098 0.085046 -1.067234
    10 1.312565 -0.000008 0.000000 -0.228800 0.541318 -1.194590
    11 0.729366 0.000002 -0.000002 -0.000001 0.040754 -0.240990
    12 3.941966 0.050853 -0.435186 -0.356591 0.030125 -1.023046
    13 1.539091 0.000008 -0.000002 -0.072639 0.273990 -1.268984
    14 1.196321 0.000000 -0.000002 -0.000001 0.006168 -0.430818
    15 3.881376 -0.039219 0.427587 -0.135864 0.022713 -0.856353
    16 1.719578 0.000023 -0.000021 -0.284771 0.102659 -1.306795
    17 1.209181 -0.000004 -0.000001 0.312038 0.209821 -0.320126
    18 3.863479 -0.132591 1.332139 0.312313 0.151056 -0.813562
    19 1.719431 -0.000023 0.000019 0.091911 -0.233995 -1.050779
    20 1.099676 0.000000 0.000006 0.121348 -0.157803 -0.479831
    21 0.807129 -0.346924 1.320313 -1.186030 -0.555105 -0.957249
    22 1.789787 0.000006 0.000006 0.077287 -0.262499 0.482222
    23 1.207012 0.000011 0.000000 0.172625 -0.016765 0.423983
    24 2.035156 0.997070 -1.937500 -1.667267 1.282923 2.944210
    25 6.028144 -0.000011 0.000002 1.569181 0.792755 -0.840467
    26 11.692577 0.000001 0.000004 -0.000233 -0.064503 -1.815642
    27 11.481657 0.000043 0.000019 -1.183866 0.520519 0.156054
    28 3.854334 -0.131699 1.199994 0.887977 0.041686 -0.500120
    29 1.312567 0.000000 0.000000 -0.076006 -0.203868 -0.258727
    30 0.729362 0.000004 0.000003 -0.250341 -0.135455 -0.179419
    31 3.941981 0.050872 0.435162 0.216346 -0.007336 -0.093776
    32 1.539089 0.000008 0.000003 -0.605562 0.126574 -1.244849
    33 1.196316 0.000004 0.000005 0.000000 -0.000162 -0.332870
    34 3.880859 -0.047028 -0.427490 0.051056 0.262890 -0.068600
    35 1.719567 0.000023 0.000016 -0.461231 0.032293 -1.105404
    36 1.209175 0.000008 0.000005 0.175617 0.055179 -0.367832
    37 3.867399 -0.148186 -1.324350 -0.134961 0.400676 -0.397685
    38 1.719419 -0.000008 -0.000008 -0.082106 -0.002364 -0.236718
    39 1.099667 -0.000004 -0.000001 -0.188224 0.009145 -1.119518
    40 0.807129 -0.358887 -1.316406 1.243203 0.551773 -0.740643
    41 1.789783 -0.000002 -0.000002 -0.000009 0.003711 0.228604
    42 1.207001 0.000009 0.000000 -0.023897 -0.040066 0.269693
    43 3.775391 -5.484375 -0.527832 -2.248284 -0.133216 -1.641882
  time 173
    0 -0.000003 -13.531250 -29.421875 1.570788 0.000007 -0.000007
    1 0.000000 3.345131 -2.981898 1.570789 0.086301 1.570789
    2 4.015625 0.000003 0.000000 0.000000 0.000000 -0.029241
    3 3.520294 0.000005 -0.000006 0.000000 0.000000 0.100332
    4 8.929688 0.000001 0.000000 0.000000 0.000000 0.194095
    5 2.036086 0.993556 1.937663 2.662332 -1.008067 1.948579
    6 6.028159 -0.000069 0.000009 -2.130925 -0.982127 -0.348050
    7 11.692566 0.000046 0.000011 0.150512 -0.033283 -0.869679
    8 11.481682 0.000088 -0.000031 -0.001644 0.218168 -0.499151
    9 3.854313 -0.135628 -1.192206 -0.628717 0.084602 -1.122977
    10 1.312565 -0.000008 0.000000 -0.247376 0.578966 -1.259057
    11 0.729366 0.000002 -0.000002 -0.000001 0.040754 -0.240990
    12 3.938059 0.050853 -0.435186 -0.374796 0.029742 -1.084637
    13 1.539091 0.000008 -0.000002 -0.078499 0.295993 -1.352606
    14 1.196321 0.000000 -0.000002 -0.000001 0.006168 -0.430818
    15 3.881376 -0.039219 0.427587 -0.156622 0.024750 -0.916059
    16 1.719578 0.000023 -0.000021 -0.305468 0.125645 -1.388133
    17 1.209181 -0.000004 -0.000001 0.312038 0.209821 -0.320126
    18 3.863479 -0.132591 1.332139 0.304978 0.164162 -0.871661
    19 1.719431 -0.000023 0.000019 0.098610 -0.242528 -1.109476
    20 1.099676 0.000000 0.000006 0.131391 -0.170951 -0.496226
    21 0.807129 -0.346924 1.320313 -1.186030 -0.555105 -0.957249
    22 1.789787 0.000006 0.000006 0.083662 -0.283891 0.503207
    23 1.207012 0.000011 0.000000 0.181254 -0.014572 0.439371
    24 2.035156 0.997070 -1.937500 -1.667267 1.282923 2.944210
    25 6.028144 -0.000011 0.000002 1.568845 0.792829 -0.840683
    26 11.692577 0.000001 0.000004 -0.000233 -0.064694 -1.815642
    27 11.481657 0.000043 0.000019 -1.183866 0.520519 0.156054
    28 3.854334 -0.131699 1.199994 0.887977 0.041686 -0.500120
    29 1.312567 0.000000 0.000000 -0.076006 -0.203868 -0.258727
    30 0.729362 0.000004 0.000003 -0.250341 -0.135455 -0.179419
    31 3.941981 0.050872 0.435162 0.216346 -0.007336 -0.093776
    32 1.539089 0.000008 0.000003 -0.605562 0.126574 -1.244849
    33 1.196316 0.000004 0.000005 0.000000 -0.000162 -0.332870
    34 3.880859 -0.047028 -0.427490 0.051056 0.262890 -0.068600
    35 1.719567 0.000023 0.000016 -0.461231 0.032293 -1.105404
    36 1.209175 0.000008 0.000005 0.175617 0.055179 -0.367832
    37 3.867399 -0.148186 -1.324350 -0.134961 0.400676 -0.397685
    38 1.719419 -0.000008 -0.000008 -0.082106 -0.002364 -0.236718
    39 1.099667 -0.000004 -0.000001 -0.188224 0.009145 -1.119518
    40 0.807129 -0.358887 -1.316406 1.243203 0.551773 -0.740643
    41 1.789783 -0.000002 -0.000002 -0.000009 0.003711 0.228604
    42 1.207001 0.000009 0.000000 -0.023897 -0.040066 0.269693
    43 3.775391 -5.484375 -0.527832 -2.248284 -0.133216 -1.641882
  time 174
    0 -0.000003 -13.531250 -29.421875 1.570788 0.000007 -0.000007
    1 0.000000 3.345131 -2.981898 1.570789 0.086301 1.570789
    2 4.015625 0.000003 0.000000 0.000000 0.000000 -0.029241
    3 3.520294 0.000005 -0.000006 0.000000 0.000000 0.100332
    4 8.929688 0.000001 0.000000 0.000000 0.000000 0.194095
    5 2.036086 0.993556 1.937663 2.662332 -1.008067 1.948579
    6 6.028159 -0.000069 0.000009 -2.126693 -0.980233 -0.352748
    7 11.692566 0.000046 0.000011 0.150668 -0.032950 -0.874285
    8 11.481682 0.000088 -0.000031 -0.012160 0.209108 -0.500432
    9 3.854313 -0.135628 -1.192206 -0.638521 0.084674 -1.169544
    10 1.312565 -0.000008 0.000000 -0.263016 0.610426 -1.313306
    11 0.729366 0.000002 -0.000002 -0.000001 0.040754 -0.240990
    12 3.941966 0.050853 -0.435186 -0.389776 0.029646 -1.136295
    13 1.539091 0.000008 -0.000002 -0.083401 0.314437 -1.422800
    14 1.196321 0.000000 -0.000002 -0.000001 0.006168 -0.430818
    15 3.881376 -0.039219 0.427587 -0.174323 0.026320 -0.966176
    16 1.719578 0.000023 -0.000021 -0.322930 0.144988 -1.456396
    17 1.209181 -0.000004 -0.000001 0.312038 0.209821 -0.320126
    18 3.863479 -0.132591 1.332139 0.298111 0.174520 -0.920681
    19 1.719431 -0.000023 0.000019 0.104063 -0.249491 -1.158782
    20 1.099676 0.000000 0.000006 0.139828 -0.181964 -0.510008
    21 0.807129 -0.346924 1.320313 -1.186030 -0.555105 -0.957249
    22 1.789787 0.000006 0.000006 0.089020 -0.301828 0.520824
    23 1.207012 0.000011 0.000000 0.188493 -0.012738 0.452278
    24 2.035156 0.997070 -1.937500 -1.667267 1.282923 2.944210
    25 6.028144 -0.000011 0.000002 1.568570 0.792879 -0.840862
    26 11.692577 0.000001 0.000004 -0.000233 -0.064846 -1.815588
    27 11.481657 0.000043 0.000019 -1.183866 0.520519 0.156054
    28 3.854334 -0.131699 1.199994 0.887977 0.041686 -0.500120
    29 1.312567 0.000000 0.000000 -0.076006 -0.203868 -0.258727
    30 0.729362 0.000004 0.000003 -0.250341 -0.135455 -0.179419
    31 3.941981 0.050872 0.435162 0.216346 -0.007336 -0.093776
    32 1.539089 0.000008 0.000003 -0.605562 0.126574 -1.244879
    33 1.196316 0.000004 0.000005 0.000000 -0.000162 -0.332870
    34 3.880859 -0.047028 -0.427490 0.051056 0.262890 -0.068600
    35 1.719567 0.000023 0.000016 -0.461231 0.032293 -1.105404
    36 1.209175 0.000008 0.000005 0.175617 0.055179 -0.367832
    37 3.863493 -0.148186 -1.324350 -0.134961 0.400676 -0.397685
    38 1.719419 -0.000008 -0.000008 -0.082106 -0.002364 -0.236718
    39 1.099667 -0.000004 -0.000001 -0.188224 0.009145 -1.119518
    40 0.807129 -0.358887 -1.316406 1.243203 0.551773 -0.740643
    41 1.789783 -0.000002 -0.000002 -0.000009 0.003711 0.228604
    42 1.207001 0.000009 0.000000 -0.023897 -0.040066 0.269693
    43 3.775391 -5.484375 -0.527832 -2.248284 -0.133216 -1.641882
  time 175
    0 -0.000003 -13.531250 -29.421875 1.570788 0.000007 -0.000007
    1 0.000000 3.345131 -2.981898 1.570789 0.086301 1.570789
    2 4.015625 0.000003 0.000000 0.000000 0.000000 -0.029241
    3 3.520294 0.000005 -0.000006 0.000000 0.000000 0.100332
    4 8.929688 0.000001 0.000000 0.000000 0.000000 0.194095
    5 2.036086 0.993556 1.937663 2.662332 -1.008067 1.948579
    6 6.028159 -0.000069 0.000009 -2.123081 -0.978435 -0.356750
    7 11.692566 0.000046 0.000011 0.150788 -0.032684 -0.878525
    8 11.481682 0.000088 -0.000031 -0.019950 0.201191 -0.501352
    9 3.858219 -0.135628 -1.192206 -0.645772 0.085034 -1.206113
    10 1.312565 -0.000008 0.000000 -0.275396 0.635138 -1.356172
    11 0.729366 0.000002 -0.000002 -0.000001 0.040754 -0.240990
    12 3.941966 0.050853 -0.435186 -0.401413 0.029802 -1.177053
    13 1.539091 0.000008 -0.000002 -0.087248 0.328987 -1.478137
    14 1.196321 0.000000 -0.000002 -0.000001 0.006168 -0.430818
    15 3.881376 -0.039219 0.427587 -0.188501 0.027447 -1.005717
    16 1.719578 0.000023 -0.000021 -0.336760 0.160293 -1.510251
    17 1.209181 -0.000004 -0.000001 0.312038 0.209821 -0.320126
    18 3.863479 -0.132591 1.332139 0.292227 0.182143 -0.959540
    19 1.719431 -0.000023 0.000019 0.108258 -0.254848 -1.197685
    20 1.099676 0.000000 0.000006 0.146480 -0.190653 -0.520890
    21 0.807129 -0.346924 1.320313 -1.186030 -0.555105 -0.957249
    22 1.789787 0.000006 0.000006 0.093250 -0.315995 0.534726
    23 1.207012 0.000011 0.000000 0.194209 -0.011288 0.462465
    24 2.035156 0.997070 -1.937500 -1.667267 1.282923 2.944210
    25 6.028144 -0.000011 0.000002 1.568330 0.792953 -0.841018
    26 11.692577 0.000001 0.000004 -0.000233 -0.064973 -1.815535
    27 11.481657 0.000043 0.000019 -1.183866 0.520519 0.156054
    28 3.854334 -0.131699 1.199994 0.887977 0.041686 -0.500120
    29 1.312567 0.000000 0.000000 -0.076006 -0.203868 -0.258727
    30 0.729362 0.000004 0.000003 -0.250341 -0.135455 -0.179419
    31 3.941981 0.050872 0.435162 0.216346 -0.007336 -0.093776
    32 1.539089 0.000008 0.000003 -0.605562 0.126574 -1.244849
    33 1.196316 0.000004 0.000005 0.000000 -0.000162 -0.332870
    34 3.880859 -0.047028 -0.427490 0.051056 0.262890 -0.068600
    35 1.719567 0.000023 0.000016 -0.461231 0.032293 -1.105404
    36 1.209175 0.000008 0.000005 0.175617 0.055179 -0.367832
    37 3.863493 -0.148186 -1.324350 -0.134961 0.400676 -0.397685
    38 1.719419 -0.000008 -0.000008 -0.082106 -0.002364 -0.236718
    39 1.099667 -0.000004 -0.000001 -0.188224 0.009145 -1.119518
    40 0.807129 -0.358887 -1.316406 1.243203 0.551773 -0.740643
    41 1.789783 -0.000002 -0.000002 -0.000009 0.003711 0.228604
    42 1.207001 0.000009 0.000000 -0.023897 -0.040066 0.269693
    43 3.775391 -5.484375 -0.527832 -2.248284 -0.133216 -1.641882
  time 176
    0 -0.000003 -13.531250 -29.421875 1.570788 0.000007 -0.000007
    1 0.000000 3.345131 -2.981898 1.570789 0.086301 1.570789
    2 4.015625 0.000003 0.000000 0.000000 0.000000 -0.029241
    3 3.520294 0.000005 -0.000006 0.000000 0.000000 0.100332
    4 8.929688 0.000001 0.000000 0.000000 0.000000 0.194095
    5 2.036086 0.993556 1.937663 2.662332 -1.008067 1.948579
    6 6.028159 -0.000069 0.000009 -2.120110 -0.976797 -0.360022
    7 11.692566 0.000046 0.000011 0.150884 -0.032502 -0.882451
    8 11.481682 0.000088 -0.000031 -0.024867 0.194517 -0.501894
    9 3.858219 -0.135628 -1.192206 -0.650709 0.085465 -1.232300
    10 1.312565 -0.000008 0.000000 -0.284300 0.652840 -1.387014
    11 0.729366 0.000002 -0.000002 -0.000001 0.040754 -0.240990
    12 3.941966 0.050853 -0.435186 -0.409659 0.030125 -1.206296
    13 1.539091 0.000008 -0.000002 -0.090004 0.339425 -1.517862
    14 1.196321 0.000000 -0.000002 -0.000001 0.006168 -0.430818
    15 3.881376 -0.039219 0.427587 -0.198867 0.028190 -1.034090
    16 1.719578 0.000023 -0.000021 -0.346707 0.171282 -1.548883
    17 1.209181 -0.000004 -0.000001 0.312038 0.209821 -0.320126
    18 3.867386 -0.132591 1.332139 0.287756 0.187170 -0.987563
    19 1.719431 -0.000023 0.000019 0.111206 -0.258635 -1.225622
    20 1.099676 0.000000 0.000006 0.151261 -0.196873 -0.528704
    21 0.807129 -0.346924 1.320313 -1.186030 -0.555105 -0.957249
    22 1.789787 0.000006 0.000006 0.096282 -0.326146 0.544710
    23 1.207012 0.000011 0.000000 0.198308 -0.010245 0.469776
    24 2.035156 0.997070 -1.937500 -1.667267 1.282923 2.944210
    25 6.028144 -0.000011 0.000002 1.568162 0.793027 -0.841126
    26 11.692577 0.000001 0.000004 -0.000233 -0.065062 -1.815481
    27 11.481657 0.000043 0.000019 -1.183866 0.520533 0.156054
    28 3.854334 -0.131699 1.199994 0.887977 0.041686 -0.500120
    29 1.312567 0.000000 0.000000 -0.076006 -0.203868 -0.258727
    30 0.729362 0.000004 0.000003 -0.250341 -0.135455 -0.179419
    31 3.941981 0.050872 0.435162 0.216346 -0.007336 -0.093776
    32 1.539089 0.000008 0.000003 -0.605562 0.126574 -1.244879
    33 1.196316 0.000004 0.000005 0.000000 -0.000162 -0.332870
    34 3.880859 -0.047028 -0.427490 0.051056 0.262890 -0.068600
    35 1.719567 0.000023 0.000016 -0.461231 0.032293 -1.105426
    36 1.209175 0.000008 0.000005 0.175617 0.055179 -0.367832
    37 3.863493 -0.148186 -1.324350 -0.134961 0.400676 -0.397685
    38 1.719419 -0.000008 -0.000008 -0.082106 -0.002364 -0.236718
    39 1.099667 -0.000004 -0.000001 -0.188224 0.009145 -1.119518
    40 0.807129 -0.358887 -1.316406 1.243203 0.551773 -0.740643
    41 1.789783 -0.000002 -0.000002 -0.000009 0.003711 0.228604
    42 1.207001 0.000009 0.000000 -0.023897 -0.040066 0.269693
    43 3.775391 -5.484375 -0.527832 -2.248284 -0.133216 -1.641882
  time 177
    0 -0.000003 -13.531250 -29.421875 1.570788 0.000007 -0.000007
    1 0.000000 3.345131 -2.981898 1.570789 0.086301 1.570789
    2 4.015625 0.000003 0.000000 0.000000 0.000000 -0.029241
    3 3.520294 0.000005 -0.000006 0.000000 0.000000 0.100332
    4 8.929688 0.000001 0.000000 0.000000 0.000000 0.194095
    5 2.036086 0.993556 1.937663 2.662332 -1.008067 1.948579
    6 6.028159 -0.000069 0.000009 -2.117815 -0.975288 -0.362539
    7 11.692566 0.000046 0.000011 0.150932 -0.032385 -0.885958
    8 11.481682 0.000088 -0.000031 -0.027009 0.189118 -0.502058
    9 3.858219 -0.135628 -1.192206 -0.653562 0.085789 -1.247914
    10 1.312565 -0.000008 0.000000 -0.289634 0.663420 -1.405495
    11 0.729366 0.000002 -0.000002 -0.000001 0.040754 -0.240990
    12 3.941966 0.050853 -0.435186 -0.414560 0.030581 -1.223789
    13 1.539091 0.000008 -0.000002 -0.091658 0.345669 -1.541657
    14 1.196321 0.000000 -0.000002 -0.000001 0.006168 -0.430818
    15 3.881376 -0.039219 0.427587 -0.205267 0.028622 -1.051068
    16 1.719578 0.000023 -0.000021 -0.352676 0.177862 -1.571995
    17 1.209181 -0.000004 -0.000001 0.312038 0.209821 -0.320126
    18 3.863479 -0.132591 1.332139 0.284976 0.189721 -1.004425
    19 1.719431 -0.000023 0.000019 0.112932 -0.260876 -1.242354
    20 1.099676 0.000000 0.000006 0.154126 -0.200600 -0.533390
    21 0.807129 -0.346924 1.320313 -1.186030 -0.555105 -0.957249
    22 1.789787 0.000006 0.000006 0.098092 -0.332230 0.550678
    23 1.207012 0.000011 0.000000 0.200765 -0.009634 0.474162
    24 2.035156 0.997070 -1.937500 -1.667267 1.282923 2.944210
    25 6.028144 -0.000011 0.000002 1.568043 0.793102 -0.841198
    26 11.692577 0.000001 0.000004 -0.000233 -0.065113 -1.815428
    27 11.481657 0.000043 0.000019 -1.183866 0.520533 0.156054
    28 3.854334 -0.131699 1.199994 0.887977 0.041686 -0.500120
    29 1.312567 0.000000 0.000000 -0.076006 -0.203868 -0.258727
    30 0.729362 0.000004 0.000003 -0.250341 -0.135455 -0.179419
    31 3.941981 0.050872 0.435162 0.216346 -0.007336 -0.093776
    32 1.539089 0.000008 0.000003 -0.605562 0.126574 -1.244849
    33 1.196316 0.000004 0.000005 0.000000 -0.000162 -0.332870
    34 3.880859 -0.047028 -0.427490 0.051056 0.262890 -0.068600
    35 1.719567 0.000023 0.000016 -0.461231 0.032293 -1.105404
    36 1.209175 0.000008 0.000005 0.175617 0.055179 -0.367832
    37 3.867399 -0.148186 -1.324350 -0.134961 0.400676 -0.397685
    38 1.719419 -0.000008 -0.000008 -0.082106 -0.002364 -0.236718
    39 1.099667 -0.000004 -0.000001 -0.188224 0.009145 -1.119518
    40 0.807129 -0.358887 -1.316406 1.243203 0.551773 -0.740643
    41 1.789783 -0.000002 -0.000002 -0.000009 0.003711 0.228604
    42 1.207001 0.000009 0.000000 -0.023897 -0.040066 0.269693
    43 3.775391 -5.484375 -0.527832 -2.248284 -0.133216 -1.641882
  time 178
    0 -0.000003 -13.531250 -29.421875 1.570788 0.000007 -0.000007
    1 0.000000 3.345131 -2.981898 1.570789 0.086301 1.570789
    2 4.015625 0.000003 0.000000 0.000000 0.000000 -0.029241
    3 3.520294 0.000005 -0.000006 0.000000 0.000000 0.100332
    4 8.929688 0.000001 0.000000 0.000000 0.000000 0.194095
    5 2.036086 0.993556 1.937663 2.662332 -1.008067 1.948579
    6 6.028159 -0.000069 0.000009 -2.116159 -0.973939 -0.364313
    7 11.692566 0.000046 0.000011 0.150944 -0.032352 -0.889150
    8 11.481682 0.000088 -0.000031 -0.026279 0.184994 -0.501828
    9 3.854313 -0.135628 -1.192206 -0.654496 0.085909 -1.253091
    10 1.312565 -0.000008 0.000000 -0.291395 0.666897 -1.411614
    11 0.729366 0.000002 -0.000002 -0.000001 0.040754 -0.240990
    12 3.941966 0.050853 -0.435186 -0.416178 0.031120 -1.229620
    13 1.539091 0.000008 -0.000002 -0.092197 0.347731 -1.549523
    14 1.196321 0.000000 -0.000002 -0.000001 0.006168 -0.430818
    15 3.881376 -0.039219 0.427587 -0.207664 0.028753 -1.056681
    16 1.719578 0.000023 -0.000021 -0.354641 0.180043 -1.579662
    17 1.209181 -0.000004 -0.000001 0.312038 0.209821 -0.320126
    18 3.863479 -0.132591 1.332139 0.284017 0.189964 -1.010154
    19 1.719431 -0.000023 0.000019 0.113507 -0.261607 -1.247882
    20 1.099676 0.000000 0.000006 0.155073 -0.201835 -0.534936
    21 0.807129 -0.346924 1.320313 -1.186030 -0.555105 -0.957249
    22 1.789787 0.000006 0.000006 0.098691 -0.334230 0.552655
    23 1.207012 0.000011 0.000000 0.201580 -0.009418 0.475600
    24 2.035156 0.997070 -1.937500 -1.667267 1.282923 2.944210
    25 6.028144 -0.000011 0.000002 1.567995 0.793151 -0.841222
    26 11.692577 0.000001 0.000004 -0.000233 -0.065138 -1.815428
    27 11.481657 0.000043 0.000019 -1.183866 0.520519 0.156054
    28 3.854334 -0.131699 1.199994 0.887977 0.041686 -0.500120
    29 1.312567 0.000000 0.000000 -0.076006 -0.203868 -0.258727
    30 0.729362 0.000004 0.000003 -0.250341 -0.135455 -0.179419
    31 3.941981 0.050872 0.435162 0.216346 -0.007336 -0.093776
    32 1.539089 0.000008 0.000003 -0.605562 0.126574 -1.244849
    33 1.196316 0.000004 0.000005 0.000000 -0.000162 -0.332870
    34 3.880859 -0.047028 -0.427490 0.051056 0.262890 -0.068600
    35 1.719567 0.000023 0.000016 -0.461231 0.032293 -1.105404
    36 1.209175 0.000008 0.000005 0.175617 0.055179 -0.367832
    37 3.867399 -0.148186 -1.324350 -0.134961 0.400676 -0.397685
    38 1.719419 -0.000008 -0.000008 -0.082106 -0.002364 -0.236718
    39 1.099667 -0.000004 -0.000001 -0.188224 0.009145 -1.119518
    40 0.807129 -0.358887 -1.316406 1.243203 0.551773 -0.740643
    41 1.789783 -0.000002 -0.000002 -0.000009 0.003711 0.228604
    42 1.207001 0.000009 0.000000 -0.023897 -0.040066 0.269693
    43 3.775391 -5.484375 -0.527832 -2.248284 -0.133216 -1.641882
  time 179
    0 -0.000003 -13.531250 -29.421875 1.570788 0.000007 -0.000007
    1 0.000000 3.345131 -2.981898 1.570789 0.086301 1.570789
    2 4.015625 0.000003 0.000000 0.000000 0.000000 -0.029241
    3 3.520294 0.000005 -0.000006 0.000000 0.000000 0.100332
    4 8.929688 0.000001 0.000000 0.000000 0.000000 0.194095
    5 2.036086 0.993556 1.937663 2.662299 -1.008115 1.948640
    6 6.028159 -0.000069 0.000009 -2.114899 -0.972719 -0.365643
    7 11.692566 0.000046 0.000011 0.150944 -0.032352 -0.892029
    8 11.481682 0.000088 -0.000031 -0.024234 0.181648 -0.501450
    9 3.854313 -0.135628 -1.192206 -0.654496 0.085909 -1.253091
    10 1.312565 -0.000008 0.000000 -0.291395 0.666897 -1.411583
    11 0.729366 0.000002 -0.000002 -0.000001 0.040754 -0.240990
    12 3.938059 0.050853 -0.435186 -0.416178 0.031671 -1.229678
    13 1.539091 0.000008 -0.000002 -0.092197 0.347731 -1.549483
    14 1.196321 0.000000 -0.000002 -0.000001 0.006168 -0.430818
    15 3.881376 -0.039219 0.427587 -0.208072 0.028753 -1.056709
    16 1.719578 0.000023 -0.000021 -0.354653 0.180043 -1.579625
    17 1.209181 -0.000004 -0.000001 0.312038 0.209821 -0.320126
    18 3.863479 -0.132591 1.332139 0.283969 0.189099 -1.010370
    19 1.719431 -0.000023 0.000019 0.113507 -0.261607 -1.247882
    20 1.099676 0.000000 0.000006 0.155073 -0.201835 -0.534936
    21 0.807129 -0.346924 1.320313 -1.186030 -0.555105 -0.957249
    22 1.789787 0.000006 0.000006 0.098691 -0.334230 0.552655
    23 1.207012 0.000011 0.000000 0.201580 -0.009418 0.475600
    24 2.035156 0.997070 -1.937500 -1.667267 1.282923 2.944210
    25 6.028144 -0.000011 0.000002 1.567971 0.793226 -0.841234
    26 11.692577 0.000001 0.000004 -0.000233 -0.065138 -1.815374
    27 11.481657 0.000043 0.000019 -1.183866 0.520519 0.156054
    28 3.854334 -0.131699 1.199994 0.887977 0.041686 -0.500120
    29 1.312567 0.000000 0.000000 -0.076006 -0.203868 -0.258727
    30 0.729362 0.000004 0.000003 -0.250341 -0.135455 -0.179419
    31 3.941981 0.050872 0.435162 0.216346 -0.007336 -0.093776
    32 1.539089 0.000008 0.000003 -0.605562 0.126574 -1.244849
    33 1.196316 0.000004 0.000005 0.000000 -0.000162 -0.332870
    34 3.880859 -0.047028 -0.427490 0.051056 0.262890 -0.068600
    35 1.719567 0.000023 0.000016 -0.461231 0.032293 -1.105404
    36 1.209175 0.000008 0.000005 0.175617 0.055179 -0.367832
    37 3.863493 -0.148186 -1.324350 -0.134961 0.400676 -0.397685
    38 1.719419 -0.000008 -0.000008 -0.082106 -0.002364 -0.236718
    39 1.099667 -0.000004 -0.000001 -0.188224 0.009145 -1.119518
    40 0.807129 -0.358887 -1.316406 1.243203 0.551773 -0.740643
    41 1.789783 -0.000002 -0.000002 -0.000009 0.003711 0.228604
    42 1.207001 0.000009 0.000000 -0.023897 -0.040066 0.269693
    43 3.775391 -5.484375 -0.527832 -2.248284 -0.133216 -1.641882
  time 180
    0 -0.000003 -13.531250 -29.421875 1.570788 0.000007 -0.000007
    1 0.000000 3.345131 -2.981898 1.570789 0.086301 1.570789
    2 4.015625 0.000003 0.000000 0.000000 0.000000 -0.029241
    3 3.520294 0.000005 -0.000006 0.000000 0.000000 0.100332
    4 8.929688 0.000001 0.000000 0.000000 0.000000 0.194095
    5 2.036086 0.993556 1.937663 2.662135 -1.008234 1.948793
    6 6.028159 -0.000069 0.000009 -2.113752 -0.971595 -0.366853
    7 11.692566 0.000046 0.000011 0.150944 -0.032352 -0.894646
    8 11.481682 0.000088 -0.000031 -0.022384 0.178617 -0.501122
    9 3.858219 -0.135628 -1.192206 -0.654496 0.085909 -1.253064
    10 1.312565 -0.000008 0.000000 -0.291395 0.666897 -1.411583
    11 0.729366 0.000002 -0.000002 -0.000001 0.040754 -0.240990
    12 3.941966 0.050853 -0.435186 -0.416178 0.032175 -1.229737
    13 1.539091 0.000008 -0.000002 -0.092197 0.347731 -1.549483
    14 1.196321 0.000000 -0.000002 -0.000001 0.006168 -0.430818
    15 3.881376 -0.039219 0.427587 -0.208443 0.028753 -1.056681
    16 1.719578 0.000023 -0.000021 -0.354641 0.180043 -1.579625
    17 1.209181 -0.000004 -0.000001 0.312036 0.209821 -0.320126
    18 3.863479 -0.132591 1.332139 0.283933 0.188324 -1.010559
    19 1.719431 -0.000023 0.000019 0.113507 -0.261607 -1.247882
    20 1.099676 0.000000 0.000006 0.155073 -0.201835 -0.534936
    21 0.807586 -0.343252 1.320583 -1.186042 -0.555100 -0.957240
    22 1.789787 0.000006 0.000006 0.098691 -0.334230 0.552655
    23 1.207012 0.000011 0.000000 0.201580 -0.009418 0.475600
    24 2.035156 0.997070 -1.937500 -1.667267 1.282923 2.944210
    25 6.028144 -0.000011 0.000002 1.567959 0.793300 -0.841246
    26 11.692577 0.000001 0.000004 -0.000245 -0.065126 -1.815320
    27 11.481657 0.000043 0.000019 -1.183866 0.520519 0.156054
    28 3.854334 -0.131699 1.199994 0.887977 0.041686 -0.500120
    29 1.312567 0.000000 0.000000 -0.076006 -0.203868 -0.258727
    30 0.729362 0.000004 0.000003 -0.250341 -0.135455 -0.179419
    31 3.941981 0.050872 0.435162 0.216346 -0.007336 -0.093776
    32 1.539089 0.000008 0.000003 -0.605562 0.126574 -1.244849
    33 1.196316 0.000004 0.000005 0.000000 -0.000162 -0.332870
    34 3.880859 -0.047028 -0.427490 0.051056 0.262892 -0.068599
    35 1.719567 0.000023 0.000016 -0.461231 0.032293 -1.105404
    36 1.209175 0.000008 0.000005 0.175617 0.055179 -0.367832
    37 3.867399 -0.148186 -1.324350 -0.134961 0.400676 -0.397685
    38 1.719419 -0.000008 -0.000008 -0.082106 -0.002364 -0.236718
    39 1.099667 -0.000004 -0.000001 -0.188224 0.009145 -1.119518
    40 0.811502 -0.358881 -1.312777 1.243203 0.551773 -0.740643
    41 1.789783 -0.000002 -0.000002 -0.000009 0.003711 0.228604
    42 1.207001 0.000009 0.000000 -0.023896 -0.040073 0.269680
    43 3.775391 -5.484375 -0.527832 -2.248284 -0.133216 -1.641882
  time 181
    0 -0.000003 -13.531250 -29.421875 1.570788 0.000007 -0.000007
    1 0.000000 3.345131 -2.981898 1.570789 0.086301 1.570789
    2 4.015625 0.000003 0.000000 0.000000 0.000000 -0.029241
    3 3.520294 0.000005 -0.000006 0.000000 0.000000 0.100332
    4 8.929688 0.000001 0.000000 0.000000 0.000000 0.194095
    5 2.036086 0.993556 1.937663 2.661874 -1.008414 1.949007
    6 6.028159 -0.000069 0.000009 -2.112717 -0.970600 -0.367932
    7 11.692566 0.000046 0.000011 0.150944 -0.032352 -0.897002
    8 11.481682 0.000088 -0.000031 -0.020729 0.175885 -0.500810
    9 3.854313 -0.135628 -1.192206 -0.654496 0.085921 -1.253064
    10 1.312565 -0.000008 0.000000 -0.291383 0.666897 -1.411583
    11 0.729366 0.000002 -0.000002 -0.000001 0.040754 -0.240990
    12 3.941966 0.050853 -0.435186 -0.416178 0.032630 -1.229766
    13 1.539091 0.000008 -0.000002 -0.092197 0.347719 -1.549483
    14 1.196321 0.000000 -0.000002 -0.000001 0.006168 -0.430818
    15 3.881376 -0.039219 0.427587 -0.208779 0.028753 -1.056681
    16 1.719578 0.000023 -0.000021 -0.354641 0.180043 -1.579625
    17 1.209181 -0.000004 -0.000001 0.312036 0.209821 -0.320126
    18 3.863479 -0.132591 1.332139 0.283909 0.187626 -1.010721
    19 1.719431 -0.000023 0.000019 0.113507 -0.261607 -1.247852
    20 1.099676 0.000000 0.000006 0.155073 -0.201835 -0.534936
    21 0.807586 -0.343252 1.320583 -1.186042 -0.555100 -0.957253
    22 1.789787 0.000006 0.000006 0.098691 -0.334230 0.552655
    23 1.207012 0.000011 0.000000 0.201580 -0.009418 0.475600
    24 2.035156 0.997070 -1.937500 -1.667267 1.282923 2.944210
    25 6.028144 -0.000011 0.000002 1.567959 0.793374 -0.841246
    26 11.692577 0.000001 0.000004 -0.000245 -0.065113 -1.815267
    27 11.481657 0.000043 0.000019 -1.183866 0.520519 0.156054
    28 3.858240 -0.131699 1.199994 0.887977 0.041686 -0.500120
    29 1.312567 0.000000 0.000000 -0.076006 -0.203868 -0.258727
    30 0.729362 0.000004 0.000003 -0.250341 -0.135455 -0.179419
    31 3.941981 0.050872 0.435162 0.216346 -0.007336 -0.093776
    32 1.539089 0.000008 0.000003 -0.605562 0.126574 -1.244849
    33 1.196316 0.000004 0.000005 0.000000 -0.000162 -0.332870
    34 3.880859 -0.047028 -0.427490 0.051056 0.262892 -0.068599
    35 1.719567 0.000023 0.000016 -0.461231 0.032293 -1.105404
    36 1.209175 0.000008 0.000005 0.175617 0.055179 -0.367832
    37 3.867399 -0.148186 -1.324350 -0.134961 0.400676 -0.397685
    38 1.719419 -0.000008 -0.000008 -0.082106 -0.002364 -0.236718
    39 1.099667 -0.000004 -0.000001 -0.188224 0.009145 -1.119518
    40 0.811502 -0.358881 -1.312777 1.243203 0.551773 -0.740643
    41 1.789783 -0.000002 -0.000002 -0.000009 0.003711 0.228604
    42 1.207001 0.000009 0.000000 -0.023896 -0.040073 0.269680
    43 3.775391 -5.484375 -0.527832 -2.248284 -0.133216 -1.641882
  time 182
    0 -0.000003 -13.531250 -29.421875 1.570788 0.000007 -0.000007
    1 0.000000 3.345131 -2.981898 1.570789 0.086301 1.570789
    2 4.015625 0.000003 0.000000 0.000000 0.000000 -0.029241
    3 3.520294 0.000005 -0.000006 0.000000 0.000000 0.100332
    4 8.929688 0.000001 0.000000 0.000000 0.000000 0.194095
    5 2.036086 0.993556 1.937663 2.661546 -1.008666 1.949312
    6 6.028159 -0.000069 0.000009 -2.111814 -0.969701 -0.368903
    7 11.692566 0.000046 0.000011 0.150944 -0.032352 -0.899095
    8 11.481682 0.000088 -0.000031 -0.019268 0.173467 -0.500547
    9 3.854313 -0.135628 -1.192206 -0.654496 0.085921 -1.253064
    10 1.312565 -0.000008 0.000000 -0.291383 0.666879 -1.411553
    11 0.729366 0.000002 -0.000002 -0.000001 0.040754 -0.240990
    12 3.941966 0.050853 -0.435186 -0.416178 0.033038 -1.229796
    13 1.539091 0.000008 -0.000002 -0.092197 0.347719 -1.549443
    14 1.196321 0.000000 -0.000002 -0.000001 0.006168 -0.430818
    15 3.881376 -0.039219 0.427587 -0.209078 0.028753 -1.056681
    16 1.719578 0.000023 -0.000021 -0.354629 0.180031 -1.579588
    17 1.209181 -0.000004 -0.000001 0.312036 0.209821 -0.320126
    18 3.863479 -0.132591 1.332139 0.283885 0.187003 -1.010856
    19 1.719431 -0.000023 0.000019 0.113495 -0.261607 -1.247852
    20 1.099676 0.000000 0.000006 0.155061 -0.201835 -0.534936
    21 0.807586 -0.343252 1.320583 -1.186030 -0.555100 -0.957253
    22 1.789787 0.000006 0.000006 0.098691 -0.334230 0.552655
    23 1.207012 0.000011 0.000000 0.201580 -0.009418 0.475600
    24 2.035156 0.997070 -1.937500 -1.667267 1.282923 2.944210
    25 6.028144 -0.000011 0.000002 1.567959 0.793449 -0.841234
    26 11.692577 0.000001 0.000004 -0.000245 -0.065100 -1.815213
    27 11.481657 0.000043 0.000019 -1.183866 0.520519 0.156054
    28 3.854334 -0.131699 1.199994 0.887977 0.041686 -0.500120
    29 1.312567 0.000000 0.000000 -0.076006 -0.203868 -0.258727
    30 0.729362 0.000004 0.000003 -0.250341 -0.135455 -0.179419
    31 3.938074 0.050872 0.435162 0.216346 -0.007336 -0.093776
    32 1.539089 0.000008 0.000003 -0.605562 0.126574 -1.244849
    33 1.196316 0.000004 0.000005 0.000000 -0.000162 -0.332870
    34 3.880859 -0.047028 -0.427490 0.051056 0.262892 -0.068599
    35 1.719567 0.000023 0.000016 -0.461231 0.032293 -1.105404
    36 1.209175 0.000008 0.000005 0.175617 0.055179 -0.367832
    37 3.863493 -0.148186 -1.324350 -0.134961 0.400676 -0.397685
    38 1.719419 -0.000008 -0.000008 -0.082106 -0.002364 -0.236718
    39 1.099667 -0.000004 -0.000001 -0.188224 0.009145 -1.119518
    40 0.811502 -0.358881 -1.312777 1.243203 0.551773 -0.740643
    41 1.789783 -0.000002 -0.000002 -0.000009 0.003711 0.228604
    42 1.207001 0.000009 0.000000 -0.023896 -0.040073 0.269680
    43 3.775391 -5.484375 -0.527832 -2.248284 -0.133216 -1.641882
  time 183
    0 -0.000003 -13.531250 -29.421875 1.570788 0.000007 -0.000007
    1 0.000000 3.345131 -2.981898 1.570789 0.086301 1.570789
    2 4.015625 0.000003 0.000000 0.000000 0.000000 -0.029241
    3 3.520294 0.000005 -0.000006 0.000000 0.000000 0.100332
    4 8.929688 0.000001 0.000000 0.000000 0.000000 0.194095
    5 2.036086 0.993556 1.937663 2.661121 -1.008978 1.949679
    6 6.028159 -0.000069 0.000009 -2.111024 -0.968898 -0.369742
    7 11.692566 0.000046 0.000011 0.150944 -0.032352 -0.900927
    8 11.481682 0.000088 -0.000031 -0.018002 0.171347 -0.500301
    9 3.858219 -0.135628 -1.192206 -0.654484 0.085933 -1.253036
    10 1.312565 -0.000008 0.000000 -0.291371 0.666860 -1.411522
    11 0.729366 0.000002 -0.000002 -0.000001 0.040754 -0.240990
    12 3.941966 0.050853 -0.435186 -0.416178 0.033397 -1.229796
    13 1.539091 0.000008 -0.000002 -0.092197 0.347695 -1.549404
    14 1.196321 0.000000 -0.000002 -0.000001 0.006168 -0.430818
    15 3.881376 -0.039219 0.427587 -0.209354 0.028765 -1.056681
    16 1.719578 0.000023 -0.000021 -0.354617 0.180031 -1.579551
    17 1.209181 -0.000004 -0.000001 0.312036 0.209821 -0.320126
    18 3.867386 -0.132591 1.332139 0.283861 0.186456 -1.010992
    19 1.719431 -0.000023 0.000019 0.113495 -0.261607 -1.247793
    20 1.099676 0.000000 0.000006 0.155061 -0.201835 -0.534936
    21 0.807586 -0.343252 1.320583 -1.186030 -0.555100 -0.957265
    22 1.789787 0.000006 0.000006 0.098691 -0.334230 0.552655
    23 1.207012 0.000011 0.000000 0.201580 -0.009418 0.475600
    24 2.035156 0.997070 -1.937500 -1.667267 1.282923 2.944210
    25 6.028144 -0.000011 0.000002 1.567971 0.793523 -0.841234
    26 11.692577 0.000001 0.000004 -0.000245 -0.065087 -1.815160
    27 11.481657 0.000043 0.000019 -1.183866 0.520519 0.156054
    28 3.854334 -0.131699 1.199994 0.887977 0.041686 -0.500120
    29 1.312567 0.000000 0.000000 -0.076006 -0.203868 -0.258727
    30 0.729362 0.000004 0.000003 -0.250341 -0.135455 -0.179419
    31 3.941981 0.050872 0.435162 0.216346 -0.007336 -0.093776
    32 1.539089 0.000008 0.000003 -0.605562 0.126574 -1.244849
    33 1.196316 0.000004 0.000005 0.000000 -0.000162 -0.332870
    34 3.880859 -0.047028 -0.427490 0.051056 0.262892 -0.068599
    35 1.719567 0.000023 0.000016 -0.461231 0.032293 -1.105404
    36 1.209175 0.000008 0.000005 0.175617 0.055179 -0.367832
    37 3.867399 -0.148186 -1.324350 -0.134961 0.400676 -0.397685
    38 1.719419 -0.000008 -0.000008 -0.082106 -0.002364 -0.236718
    39 1.099667 -0.000004 -0.000001 -0.188224 0.009145 -1.119518
    40 0.811502 -0.358881 -1.312777 1.243203 0.551773 -0.740643
    41 1.789783 -0.000002 -0.000002 -0.000009 0.003711 0.228604
    42 1.207001 0.000009 0.000000 -0.023896 -0.040073 0.269680
    43 3.775391 -5.484375 -0.527832 -2.248284 -0.133216 -1.641882
  time 184
    0 -0.000003 -13.531250 -29.421875 1.570788 0.000007 -0.000007
    1 0.000000 3.345131 -2.981898 1.570789 0.086301 1.570789
    2 4.015625 0.000003 0.000000 0.000000 0.000000 -0.029241
    3 3.520294 0.000005 -0.000006 0.000000 0.000000 0.100332
    4 8.929688 0.000001 0.000000 0.000000 0.000000 0.194095
    5 2.036086 0.993556 1.937663 2.660630 -1.009349 1.950107
    6 6.028159 -0.000069 0.000009 -2.110347 -0.968224 -0.370461
    7 11.692566 0.000046 0.000011 0.150944 -0.032352 -0.902550
    8 11.481682 0.000088 -0.000031 -0.016883 0.169541 -0.500104
    9 3.854313 -0.135628 -1.192206 -0.654484 0.085945 -1.252981
    10 1.312565 -0.000008 0.000000 -0.291347 0.666823 -1.411461
    11 0.729366 0.000002 -0.000002 -0.000001 0.040754 -0.240990
    12 3.941966 0.050853 -0.435186 -0.416166 0.033709 -1.229825
    13 1.539091 0.000008 -0.000002 -0.092185 0.347683 -1.549324
    14 1.196321 0.000000 -0.000002 -0.000001 0.006168 -0.430818
    15 3.881376 -0.039219 0.427587 -0.209582 0.028765 -1.056653
    16 1.719578 0.000023 -0.000021 -0.354593 0.180019 -1.579477
    17 1.209181 -0.000004 -0.000001 0.312036 0.209821 -0.320126
    18 3.863479 -0.132591 1.332139 0.283837 0.185985 -1.011100
    19 1.719431 -0.000023 0.000019 0.113495 -0.261595 -1.247734
    20 1.099676 0.000000 0.000006 0.155061 -0.201823 -0.534936
    21 0.807586 -0.343252 1.320583 -1.186030 -0.555112 -0.957278
    22 1.789787 0.000006 0.000006 0.098691 -0.334230 0.552643
    23 1.207012 0.000011 0.000000 0.201580 -0.009418 0.475600
    24 2.035156 0.997070 -1.937500 -1.667267 1.282923 2.944210
    25 6.028144 -0.000011 0.000002 1.567995 0.793597 -0.841222
    26 11.692577 0.000001 0.000004 -0.000245 -0.065062 -1.815106
    27 11.481657 0.000043 0.000019 -1.183866 0.520519 0.156054
    28 3.854334 -0.131699 1.199994 0.887977 0.041686 -0.500120
    29 1.312567 0.000000 0.000000 -0.076006 -0.203868 -0.258727
    30 0.729362 0.000004 0.000003 -0.250341 -0.135455 -0.179419
    31 3.941981 0.050872 0.435162 0.216346 -0.007336 -0.093776
    32 1.539089 0.000008 0.000003 -0.605562 0.126574 -1.244849
    33 1.196316 0.000004 0.000005 0.000000 -0.000162 -0.332870
    34 3.880859 -0.047028 -0.427490 0.051056 0.262892 -0.068599
    35 1.719567 0.000023 0.000016 -0.461231 0.032293 -1.105404
    36 1.209175 0.000008 0.000005 0.175617 0.055179 -0.367832
    37 3.867399 -0.148186 -1.324350 -0.134961 0.400676 -0.397685
    38 1.719419 -0.000008 -0.000008 -0.082106 -0.002364 -0.236718
    39 1.099667 -0.000004 -0.000001 -0.188224 0.009145 -1.119518
    40 0.811502 -0.358881 -1.312777 1.243203 0.551773 -0.740643
    41 1.789783 -0.000002 -0.000002 -0.000009 0.003711 0.228604
    42 1.207001 0.000009 0.000000 -0.023896 -0.040073 0.269680
    43 3.775391 -5.484375 -0.527832 -2.248284 -0.133216 -1.641882
  time 185
    0 -0.000003 -13.531250 -29.421875 1.570788 0.000007 -0.000007
    1 0.000000 3.345131 -2.981898 1.570789 0.086301 1.570789
    2 4.015625 0.000003 0.000000 0.000000 0.000000 -0.029241
    3 3.520294 0.000005 -0.000006 0.000000 0.000000 0.100332
    4 8.929688 0.000001 0.000000 0.000000 0.000000 0.194095
    5 2.036086 0.993556 1.937663 2.660073 -1.009780 1.950627
    6 6.028159 -0.000069 0.000009 -2.109764 -0.967614 -0.371072
    7 11.692566 0.000046 0.000011 0.150932 -0.032369 -0.903911
    8 11.481682 0.000088 -0.000031 -0.015958 0.168018 -0.499907
    9 3.854313 -0.135628 -1.192206 -0.654472 0.085956 -1.252927
    10 1.312565 -0.000008 0.000000 -0.291323 0.666766 -1.411339
    11 0.729366 0.000002 -0.000002 -0.000001 0.040754 -0.240990
    12 3.941966 0.050853 -0.435186 -0.416154 0.033985 -1.229796
    13 1.539091 0.000008 -0.000002 -0.092174 0.347647 -1.549205
    14 1.196321 0.000000 -0.000002 -0.000001 0.006168 -0.430818
    15 3.881376 -0.039219 0.427587 -0.209773 0.028777 -1.056624
    16 1.719578 0.000023 -0.000021 -0.354557 0.180007 -1.579366
    17 1.209181 -0.000004 -0.000001 0.312036 0.209821 -0.320126
    18 3.867386 -0.132591 1.332139 0.283825 0.185591 -1.011181
    19 1.719431 -0.000023 0.000019 0.113483 -0.261583 -1.247674
    20 1.099676 0.000000 0.000006 0.155061 -0.201823 -0.534924
    21 0.807586 -0.343252 1.320583 -1.186030 -0.555112 -0.957290
    22 1.789787 0.000006 0.000006 0.098691 -0.334230 0.552643
    23 1.207012 0.000011 0.000000 0.201568 -0.009418 0.475600
    24 2.035156 0.997070 -1.937500 -1.667267 1.282923 2.944210
    25 6.028144 -0.000011 0.000002 1.568019 0.793672 -0.841198
    26 11.692577 0.000001 0.000004 -0.000245 -0.065037 -1.815053
    27 11.481657 0.000043 0.000019 -1.183866 0.520519 0.156054
    28 3.858240 -0.131699 1.199994 0.887977 0.041686 -0.500120
    29 1.312567 0.000000 0.000000 -0.076006 -0.203868 -0.258727
    30 0.729362 0.000004 0.000003 -0.250341 -0.135455 -0.179419
    31 3.941981 0.050872 0.435162 0.216346 -0.007336 -0.093776
    32 1.539089 0.000008 0.000003 -0.605580 0.126574 -1.244849
    33 1.196316 0.000004 0.000005 0.000000 -0.000162 -0.332870
    34 3.880859 -0.047028 -0.427490 0.051056 0.262892 -0.068599
    35 1.719567 0.000023 0.000016 -0.461231 0.032293 -1.105404
    36 1.209175 0.000008 0.000005 0.175617 0.055179 -0.367832
    37 3.867399 -0.148186 -1.324350 -0.134961 0.400676 -0.397685
    38 1.719419 -0.000008 -0.000008 -0.082106 -0.002364 -0.236718
    39 1.099667 -0.000004 -0.000001 -0.188224 0.009145 -1.119518
    40 0.811502 -0.358881 -1.312777 1.243203 0.551773 -0.740643
    41 1.789783 -0.000002 -0.000002 -0.000009 0.003711 0.228604
    42 1.207001 0.000009 0.000000 -0.023896 -0.040073 0.269680
    43 3.775391 -5.484375 -0.527832 -2.248284 -0.133216 -1.641882
  time 186
    0 -0.000003 -13.531250 -29.421875 1.570788 0.000007 -0.000007
    1 0.000000 3.345131 -2.981898 1.570789 0.086301 1.570789
    2 4.015625 0.000003 0.000000 0.000000 0.000000 -0.029241
    3 3.520294 0.000005 -0.000006 0.000000 0.000000 0.100332
    4 8.929688 0.000001 0.000000 0.000000 0.000000 0.194095
    5 2.036086 0.993556 1.937663 2.659418 -1.010248 1.951177
    6 6.028159 -0.000069 0.000009 -2.109313 -0.967100 -0.371575
    7 11.692566 0.000046 0.000011 0.150932 -0.032385 -0.905010
    8 11.481682 0.000088 -0.000031 -0.015179 0.166776 -0.499743
    9 3.854313 -0.135628 -1.192206 -0.654448 0.085980 -1.252872
    10 1.312565 -0.000008 0.000000 -0.291287 0.666692 -1.411216
    11 0.729366 0.000002 -0.000002 -0.000001 0.040754 -0.240990
    12 3.941966 0.050853 -0.435186 -0.416142 0.034212 -1.229766
    13 1.539091 0.000008 -0.000002 -0.092174 0.347599 -1.549006
    14 1.196321 0.000000 -0.000002 -0.000001 0.006168 -0.430818
    15 3.881376 -0.039219 0.427587 -0.209929 0.028777 -1.056568
    16 1.719578 0.000023 -0.000021 -0.354509 0.179995 -1.579218
    17 1.209181 -0.000004 -0.000001 0.312036 0.209821 -0.320126
    18 3.863479 -0.132591 1.332139 0.283813 0.185272 -1.011235
    19 1.719431 -0.000023 0.000019 0.113483 -0.261571 -1.247555
    20 1.099676 0.000000 0.000006 0.155061 -0.201823 -0.534924
    21 0.807586 -0.343252 1.320583 -1.186018 -0.555112 -0.957315
    22 1.789787 0.000006 0.000006 0.098691 -0.334213 0.552643
    23 1.207012 0.000011 0.000000 0.201568 -0.009418 0.475588
    24 2.035156 0.997070 -1.937500 -1.667267 1.282923 2.944210
    25 6.028144 -0.000011 0.000002 1.568043 0.793746 -0.841186
    26 11.692577 0.000001 0.000004 -0.000257 -0.065011 -1.814999
    27 11.481657 0.000043 0.000019 -1.183866 0.520519 0.156054
    28 3.854334 -0.131699 1.199994 0.887977 0.041686 -0.500120
    29 1.312567 0.000000 0.000000 -0.076006 -0.203868 -0.258727
    30 0.729362 0.000004 0.000003 -0.250341 -0.135455 -0.179419
    31 3.941981 0.050872 0.435162 0.216346 -0.007336 -0.093776
    32 1.539089 0.000008 0.000003 -0.605562 0.126574 -1.244849
    33 1.196316 0.000004 0.000005 0.000000 -0.000162 -0.332870
    34 3.880859 -0.047028 -0.427490 0.051056 0.262892 -0.068599
    35 1.719567 0.000023 0.000016 -0.461231 0.032293 -1.105404
    36 1.209175 0.000008 0.000005 0.175617 0.055179 -0.367832
    37 3.867399 -0.148186 -1.324350 -0.134961 0.400676 -0.397685
    38 1.719419 -0.000008 -0.000008 -0.082106 -0.002364 -0.236718
    39 1.099667 -0.000004 -0.000001 -0.188224 0.009145 -1.119518
    40 0.811502 -0.358881 -1.312777 1.243203 0.551773 -0.740643
    41 1.789783 -0.000002 -0.000002 -0.000009 0.003711 0.228604
    42 1.207001 0.000009 0.000000 -0.023896 -0.040073 0.269680
    43 3.775391 -5.484375 -0.527832 -2.248284 -0.133216 -1.641882
  time 187
    0 -0.000003 -13.531250 -29.421875 1.570788 0.000007 -0.000007
    1 0.000000 3.345131 -2.981898 1.570789 0.086301 1.570789
    2 4.015625 0.000003 0.000000 0.000000 0.000000 -0.029241
    3 3.520294 0.000005 -0.000006 0.000000 0.000000 0.100332
    4 8.929688 0.000001 0.000000 0.000000 0.000000 0.194095
    5 2.036086 0.993556 1.937663 2.658698 -1.010775 1.951819
    6 6.028159 -0.000069 0.000009 -2.108936 -0.966683 -0.371983
    7 11.692566 0.000046 0.000011 0.150920 -0.032402 -0.905952
    8 11.481682 0.000088 -0.000031 -0.014546 0.165798 -0.499595
    9 3.854313 -0.135628 -1.192206 -0.654436 0.086016 -1.252762
    10 1.312565 -0.000008 0.000000 -0.291228 0.666580 -1.411033
    11 0.729366 0.000002 -0.000002 -0.000001 0.040754 -0.240990
    12 3.941966 0.050853 -0.435186 -0.416130 0.034404 -1.229708
    13 1.539091 0.000008 -0.000002 -0.092150 0.347539 -1.548808
    14 1.196321 0.000000 -0.000002 -0.000001 0.006168 -0.430818
    15 3.881376 -0.039219 0.427587 -0.210061 0.028801 -1.056512
    16 1.719578 0.000023 -0.000021 -0.354449 0.179971 -1.579032
    17 1.209181 -0.000004 -0.000001 0.312036 0.209821 -0.320126
    18 3.863479 -0.132591 1.332139 0.283801 0.185014 -1.011262
    19 1.719431 -0.000023 0.000019 0.113471 -0.261547 -1.247407
    20 1.099676 0.000000 0.000006 0.155061 -0.201811 -0.534924
    21 0.807586 -0.343252 1.320583 -1.186018 -0.555124 -0.957352
    22 1.789787 0.000006 0.000006 0.098691 -0.334213 0.552631
    23 1.207012 0.000011 0.000000 0.201568 -0.009430 0.475588
    24 2.035156 0.997070 -1.937500 -1.667267 1.282923 2.944210
    25 6.028144 -0.000011 0.000002 1.568078 0.793820 -0.841162
    26 11.692577 0.000001 0.000004 -0.000257 -0.064973 -1.814945
    27 11.481657 0.000043 0.000019 -1.183866 0.520519 0.156054
    28 3.854334 -0.131699 1.199994 0.887977 0.041686 -0.500120
    29 1.312567 0.000000 0.000000 -0.076006 -0.203868 -0.258727
    30 0.729362 0.000004 0.000003 -0.250341 -0.135455 -0.179419
    31 3.941981 0.050872 0.435162 0.216346 -0.007336 -0.093776
    32 1.539089 0.000008 0.000003 -0.605562 0.126574 -1.244849
    33 1.196316 0.000004 0.000005 0.000000 -0.000162 -0.332870
    34 3.880859 -0.047028 -0.427490 0.051056 0.262892 -0.068599
    35 1.719567 0.000023 0.000016 -0.461231 0.032293 -1.105404
    36 1.209175 0.000008 0.000005 0.175617 0.055179 -0.367832
    37 3.867399 -0.148186 -1.324350 -0.134961 0.400676 -0.397685
    38 1.719419 -0.000008 -0.000008 -0.082106 -0.002364 -0.236718
    39 1.099667 -0.000004 -0.000001 -0.188224 0.009145 -1.119518
    40 0.811502 -0.358881 -1.312777 1.243203 0.551773 -0.740643
    41 1.789783 -0.000002 -0.000002 -0.000009 0.003711 0.228604
    42 1.207001 0.000009 0.000000 -0.023896 -0.040073 0.269680
    43 3.775391 -5.484375 -0.527832 -2.248284 -0.133216 -1.641882
  time 188
    0 -0.000003 -13.531250 -29.421875 1.570788 0.000007 -0.000007
    1 0.000000 3.345131 -2.981898 1.570789 0.086301 1.570789
    2 4.015625 0.000003 0.000000 0.000000 0.000000 -0.029241
    3 3.520294 0.000005 -0.000006 0.000000 0.000000 0.100332
    4 8.929688 0.000001 0.000000 0.000000 0.000000 0.194095
    5 2.036086 0.993556 1.937663 2.657945 -1.011338 1.952491
    6 6.028159 -0.000069 0.000009 -2.108654 -0.966297 -0.372306
    7 11.692566 0.000046 0.000011 0.150920 -0.032418 -0.906685
    8 11.481682 0.000088 -0.000031 -0.014010 0.165070 -0.499447
    9 3.854313 -0.135628 -1.192206 -0.654412 0.086052 -1.252625
    10 1.312565 -0.000008 0.000000 -0.291168 0.666449 -1.410788
    11 0.729366 0.000002 -0.000002 -0.000001 0.040754 -0.240990
    12 3.941966 0.050853 -0.435186 -0.416107 0.034548 -1.229649
    13 1.539091 0.000008 -0.000002 -0.092126 0.347467 -1.548490
    14 1.196321 0.000000 -0.000002 -0.000001 0.006168 -0.430818
    15 3.881376 -0.039219 0.427587 -0.210157 0.028813 -1.056427
    16 1.719578 0.000023 -0.000021 -0.354365 0.179935 -1.578773
    17 1.209181 -0.000004 -0.000001 0.312036 0.209821 -0.320126
    18 3.863479 -0.132591 1.332139 0.283801 0.184816 -1.011289
    19 1.719431 -0.000023 0.000019 0.113447 -0.261523 -1.247199
    20 1.099676 0.000000 0.000006 0.155049 -0.201811 -0.534912
    21 0.807586 -0.343252 1.320583 -1.186006 -0.555136 -0.957390
    22 1.789787 0.000006 0.000006 0.098691 -0.334197 0.552619
    23 1.207012 0.000011 0.000000 0.201568 -0.009430 0.475576
    24 2.035156 0.997070 -1.937500 -1.667267 1.282923 2.944210
    25 6.028144 -0.000011 0.000002 1.568126 0.793894 -0.841126
    26 11.692577 0.000001 0.000004 -0.000257 -0.064948 -1.814838
    27 11.481657 0.000043 0.000019 -1.183866 0.520519 0.156054
    28 3.854334 -0.131699 1.199994 0.887977 0.041686 -0.500120
    29 1.312567 0.000000 0.000000 -0.076006 -0.203868 -0.258727
    30 0.729362 0.000004 0.000003 -0.250341 -0.135455 -0.179419
    31 3.941981 0.050872 0.435162 0.216346 -0.007336 -0.093776
    32 1.539089 0.000008 0.000003 -0.605562 0.126574 -1.244849
    33 1.196316 0.000004 0.000005 0.000000 -0.000162 -0.332870
    34 3.880859 -0.047028 -0.427490 0.051056 0.262892 -0.068599
    35 1.719567 0.000023 0.000016 -0.461231 0.032293 -1.105404
    36 1.209175 0.000008 0.000005 0.175617 0.055179 -0.367832
    37 3.867399 -0.148186 -1.324350 -0.134961 0.400676 -0.397685
    38 1.719419 -0.000008 -0.000008 -0.082106 -0.002364 -0.236718
    39 1.099667 -0.000004 -0.000001 -0.188224 0.009145 -1.119518
    40 0.811502 -0.358881 -1.312777 1.243203 0.551773 -0.740643
    41 1.789783 -0.000002 -0.000002 -0.000009 0.003711 0.228604
    42 1.207001 0.000009 0.000000 -0.023896 -0.040073 0.269680
    43 3.775391 -5.484375 -0.527832 -2.248284 -0.133216 -1.641882
  time 189
    0 -0.000003 -13.531250 -29.421875 1.570788 0.000007 -0.000007
    1 0.000000 3.345131 -2.981898 1.570789 0.086301 1.570789
    2 4.015625 0.000003 0.000000 0.000000 0.000000 -0.029241
    3 3.520294 0.000005 -0.000006 0.000000 0.000000 0.100332
    4 8.929688 0.000001 0.000000 0.000000 0.000000 0.194095
    5 2.036086 0.993556 1.937663 2.657127 -1.011950 1.953225
    6 6.028159 -0.000069 0.000009 -2.108429 -0.966008 -0.372546
    7 11.692566 0.000046 0.000011 0.150908 -0.032435 -0.907313
    8 11.481682 0.000088 -0.000031 -0.013669 0.164556 -0.499316
    9 3.854313 -0.135628 -1.192206 -0.654376 0.086112 -1.252461
    10 1.312565 -0.000008 0.000000 -0.291072 0.666280 -1.410512
    11 0.729366 0.000002 -0.000002 -0.000001 0.040754 -0.240990
    12 3.941966 0.050853 -0.435186 -0.416071 0.034668 -1.229532
    13 1.539091 0.000008 -0.000002 -0.092102 0.347359 -1.548132
    14 1.196321 0.000000 -0.000002 -0.000001 0.006168 -0.430818
    15 3.881376 -0.039219 0.427587 -0.210229 0.028837 -1.056342
    16 1.719578 0.000023 -0.000021 -0.354258 0.179899 -1.578440
    17 1.209181 -0.000004 -0.000001 0.312036 0.209821 -0.320126
    18 3.863479 -0.132591 1.332139 0.283801 0.184664 -1.011262
    19 1.719431 -0.000023 0.000019 0.113435 -0.261487 -1.246961
    20 1.099676 0.000000 0.000006 0.155049 -0.201799 -0.534900
    21 0.807586 -0.343252 1.320583 -1.185994 -0.555148 -0.957440
    22 1.789787 0.000006 0.000006 0.098679 -0.334197 0.552607
    23 1.207012 0.000011 0.000000 0.201556 -0.009430 0.475564
    24 2.035156 0.997070 -1.937500 -1.667267 1.282923 2.944210
    25 6.028144 -0.000011 0.000002 1.568174 0.793969 -0.841102
    26 11.692577 0.000001 0.000004 -0.000257 -0.064910 -1.814785
    27 11.481657 0.000043 0.000019 -1.183866 0.520519 0.156054
    28 3.858240 -0.131699 1.199994 0.887977 0.041686 -0.500120
    29 1.312567 0.000000 0.000000 -0.076006 -0.203868 -0.258727
    30 0.729362 0.000004 0.000003 -0.250341 -0.135455 -0.179419
    31 3.941981 0.050872 0.435162 0.216346 -0.007336 -0.093776
    32 1.539089 0.000008 0.000003 -0.605562 0.126574 -1.244849
    33 1.196316 0.000004 0.000005 0.000000 -0.000162 -0.332870
    34 3.880859 -0.047028 -0.427490 0.051056 0.262892 -0.068599
    35 1.719567 0.000023 0.000016 -0.461231 0.032293 -1.105404
    36 1.209175 0.000008 0.000005 0.175617 0.055179 -0.367832
    37 3.867399 -0.148186 -1.324350 -0.134961 0.400676 -0.397685
    38 1.719419 -0.000008 -0.000008 -0.082106 -0.002364 -0.236718
    39 1.099667 -0.000004 -0.000001 -0.188224 0.009145 -1.119518
    40 0.811502 -0.358881 -1.312777 1.243203 0.551773 -0.740643
    41 1.789783 -0.000002 -0.000002 -0.000009 0.003711 0.228604
    42 1.207001 0.000009 0.000000 -0.023896 -0.040073 0.269680
    43 3.775391 -5.484375 -0.527832 -2.248284 -0.133216 -1.641882
  time 190
    0 -0.000003 -13.531250 -29.421875 1.570788 0.000007 -0.000007
    1 0.000000 3.345131 -2.981898 1.570789 0.086301 1.570789
    2 4.015625 0.000003 0.000000 0.000000 0.000000 -0.029241
    3 3.520294 0.000005 -0.000006 0.000000 0.000000 0.100332
    4 8.929688 0.000001 0.000000 0.000000 0.000000 0.194095
    5 2.036086 0.993556 1.937663 2.656243 -1.012597 1.954019
    6 6.028159 -0.000069 0.000009 -2.108297 -0.965719 -0.372738
    7 11.692566 0.000046 0.000011 0.150896 -0.032468 -0.907732
    8 11.481682 0.000088 -0.000031 -0.013377 0.164208 -0.499168
    9 3.854313 -0.135628 -1.192206 -0.654341 0.086172 -1.252242
    10 1.312565 -0.000008 0.000000 -0.290976 0.666075 -1.410145
    11 0.729366 0.000002 -0.000002 -0.000001 0.040754 -0.240990
    12 3.938059 0.050853 -0.435186 -0.416035 0.034764 -1.229415
    13 1.539091 0.000008 -0.000002 -0.092078 0.347239 -1.547656
    14 1.196321 0.000000 -0.000002 -0.000001 0.006168 -0.430818
    15 3.881376 -0.039219 0.427587 -0.210277 0.028861 -1.056230
    16 1.719578 0.000023 -0.000021 -0.354126 0.179851 -1.578032
    17 1.209181 -0.000004 -0.000001 0.312036 0.209821 -0.320126
    18 3.863479 -0.132591 1.332139 0.283801 0.184573 -1.011235
    19 1.719431 -0.000023 0.000019 0.113411 -0.261451 -1.246664
    20 1.099676 0.000000 0.000006 0.155037 -0.201787 -0.534888
    21 0.807586 -0.343252 1.320583 -1.185982 -0.555160 -0.957515
    22 1.789787 0.000006 0.000006 0.098679 -0.334180 0.552595
    23 1.207012 0.000011 0.000000 0.201556 -0.009430 0.475552
    24 2.035156 0.997070 -1.937500 -1.667267 1.282923 2.944210
    25 6.028144 -0.000011 0.000002 1.568222 0.794043 -0.841066
    26 11.692577 0.000001 0.000004 -0.000269 -0.064871 -1.814731
    27 11.481657 0.000043 0.000019 -1.183866 0.520519 0.156054
    28 3.854334 -0.131699 1.199994 0.887977 0.041686 -0.500120
    29 1.312567 0.000000 0.000000 -0.076006 -0.203868 -0.258727
    30 0.729362 0.000004 0.000003 -0.250341 -0.135455 -0.179419
    31 3.941981 0.050872 0.435162 0.216346 -0.007336 -0.093776
    32 1.539089 0.000008 0.000003 -0.605562 0.126574 -1.244849
    33 1.196316 0.000004 0.000005 0.000000 -0.000162 -0.332870
    34 3.880859 -0.047028 -0.427490 0.051056 0.262892 -0.068599
    35 1.719567 0.000023 0.000016 -0.461231 0.032293 -1.105404
    36 1.209175 0.000008 0.000005 0.175617 0.055179 -0.367832
    37 3.863493 -0.148186 -1.324350 -0.134961 0.400676 -0.397685
    38 1.719419 -0.000008 -0.000008 -0.082106 -0.002364 -0.236718
    39 1.099667 -0.000004 -0.000001 -0.188224 0.009145 -1.119518
    40 0.811502 -0.358881 -1.312777 1.243203 0.551773 -0.740643
    41 1.789783 -0.000002 -0.000002 -0.000009 0.003711 0.228604
    42 1.207001 0.000009 0.000000 -0.023896 -0.040073 0.269680
    43 3.775391 -5.484375 -0.527832 -2.248284 -0.133216 -1.641882
  time 191
    0 -0.000003 -13.531250 -29.421875 1.570788 0.000007 -0.000007
    1 0.000000 3.345131 -2.981898 1.570789 0.086301 1.570789
    2 4.015625 0.000003 0.000000 0.000000 0.000000 -0.029241
    3 3.520294 0.000005 -0.000006 0.000000 0.000000 0.100332
    4 8.929688 0.000001 0.000000 0.000000 0.000000 0.194095
    5 2.036086 0.993556 1.937663 2.655294 -1.013280 1.954845
    6 6.028159 -0.000069 0.000009 -2.108184 -0.965462 -0.372870
    7 11.692566 0.000046 0.000011 0.150872 -0.032518 -0.908098
    8 11.481682 0.000088 -0.000031 -0.013134 0.164026 -0.499020
    9 3.858219 -0.135628 -1.192206 -0.654293 0.086256 -1.251995
    10 1.312565 -0.000008 0.000000 -0.290844 0.665813 -1.409686
    11 0.729366 0.000002 -0.000002 -0.000001 0.040754 -0.240990
    12 3.941966 0.050853 -0.435186 -0.415987 0.034823 -1.229239
    13 1.539091 0.000008 -0.000002 -0.092030 0.347096 -1.547100
    14 1.196321 0.000000 -0.000002 -0.000001 0.006168 -0.430818
    15 3.881376 -0.039219 0.427587 -0.210313 0.028897 -1.056089
    16 1.719578 0.000023 -0.000021 -0.353970 0.179792 -1.577551
    17 1.209181 -0.000004 -0.000001 0.312036 0.209821 -0.320126
    18 3.863479 -0.132591 1.332139 0.283801 0.184497 -1.011181
    19 1.719431 -0.000023 0.000019 0.113375 -0.261403 -1.246277
    20 1.099676 0.000000 0.000006 0.155025 -0.201775 -0.534876
    21 0.807586 -0.343252 1.320583 -1.185958 -0.555172 -0.957590
    22 1.789787 0.000006 0.000006 0.098667 -0.334147 0.552571
    23 1.207012 0.000011 0.000000 0.201544 -0.009430 0.475540
    24 2.035156 0.997070 -1.937500 -1.667267 1.282923 2.944210
    25 6.028144 -0.000011 0.000002 1.568282 0.794117 -0.841030
    26 11.692577 0.000001 0.000004 -0.000269 -0.064833 -1.814678
    27 11.481657 0.000043 0.000019 -1.183866 0.520519 0.156054
    28 3.854334 -0.131699 1.199994 0.887977 0.041686 -0.500120
    29 1.312567 0.000000 0.000000 -0.076006 -0.203868 -0.258727
    30 0.729362 0.000004 0.000003 -0.250341 -0.135455 -0.179419
    31 3.941981 0.050872 0.435162 0.216346 -0.007336 -0.093776
    32 1.539089 0.000008 0.000003 -0.605562 0.126574 -1.244849
    33 1.196316 0.000004 0.000005 0.000000 -0.000162 -0.332870
    34 3.880859 -0.047028 -0.427490 0.051056 0.262892 -0.068599
    35 1.719567 0.000023 0.000016 -0.461231 0.032293 -1.105404
    36 1.209175 0.000008 0.000005 0.175617 0.055179 -0.367832
    37 3.867399 -0.148186 -1.324350 -0.134961 0.400676 -0.397685
    38 1.719419 -0.000008 -0.000008 -0.082106 -0.002364 -0.236718
    39 1.099667 -0.000004 -0.000001 -0.188224 0.009145 -1.119518
    40 0.811502 -0.358881 -1.316683 1.243203 0.551773 -0.740643
    41 1.789783 -0.000002 -0.000002 -0.000009 0.003711 0.228604
    42 1.207001 0.000009 0.000000 -0.023896 -0.040073 0.269680
    43 3.775391 -5.484375 -0.527832 -2.248284 -0.133216 -1.641882
  time 192
    0 -0.000003 -13.531250 -29.421875 1.570788 0.000007 -0.000007
    1 0.000000 3.345131 -2.981898 1.570789 0.086301 1.570789
    2 4.015625 0.000003 0.000000 0.000000 0.000000 -0.029241
    3 3.520294 0.000005 -0.000006 0.000000 0.000000 0.100332
    4 8.929688 0.000001 0.000000 0.000000 0.000000 0.194095
    5 2.036086 0.993556 1.937663 2.654312 -1.014011 1.955701
    6 6.028159 -0.000069 0.000009 -2.108128 -0.965206 -0.372978
    7 11.692566 0.000046 0.000011 0.150848 -0.032551 -0.908412
    8 11.481682 0.000088 -0.000031 -0.012988 0.163960 -0.498872
    9 3.854313 -0.135628 -1.192206 -0.654233 0.086352 -1.251694
    10 1.312565 -0.000008 0.000000 -0.290688 0.665514 -1.409166
    11 0.729366 0.000002 -0.000002 -0.000001 0.040754 -0.240990
    12 3.941966 0.050853 -0.435186 -0.415927 0.034883 -1.229034
    13 1.539091 0.000008 -0.000002 -0.091994 0.346916 -1.546424
    14 1.196321 0.000000 -0.000002 -0.000001 0.006168 -0.430818
    15 3.881376 -0.039219 0.427587 -0.210325 0.028933 -1.055919
    16 1.719578 0.000023 -0.000021 -0.353778 0.179732 -1.576958
    17 1.209181 -0.000004 -0.000001 0.312036 0.209821 -0.320126
    18 3.863479 -0.132591 1.332139 0.283813 0.184467 -1.011100
    19 1.719431 -0.000023 0.000019 0.113351 -0.261344 -1.245831
    20 1.099676 0.000000 0.000006 0.155013 -0.201763 -0.534852
    21 0.807586 -0.343252 1.320583 -1.185946 -0.555196 -0.957689
    22 1.789787 0.000006 0.000006 0.098667 -0.334131 0.552547
    23 1.207012 0.000011 0.000000 0.201532 -0.009430 0.475528
    24 2.035156 0.997070 -1.937500 -1.667267 1.282923 2.944210
    25 6.028144 -0.000011 0.000002 1.568342 0.794217 -0.840994
    26 11.692577 0.000001 0.000004 -0.000269 -0.064795 -1.814624
    27 11.481657 0.000043 0.000019 -1.183866 0.520519 0.156054
    28 3.858240 -0.131699 1.199994 0.887977 0.041686 -0.500120
    29 1.312567 0.000000 0.000000 -0.076006 -0.203868 -0.258727
    30 0.729362 0.000004 0.000003 -0.250341 -0.135455 -0.179419
    31 3.941981 0.050872 0.435162 0.216346 -0.007336 -0.093776
    32 1.539089 0.000008 0.000003 -0.605562 0.126574 -1.244849
    33 1.196316 0.000004 0.000005 0.000000 -0.000162 -0.332870
    34 3.880859 -0.047028 -0.427490 0.051056 0.262892 -0.068599
    35 1.719567 0.000023 0.000016 -0.461231 0.032293 -1.105404
    36 1.209175 0.000008 0.000005 0.175617 0.055179 -0.367832
    37 3.867399 -0.148186 -1.324350 -0.134961 0.400676 -0.397685
    38 1.719419 -0.000008 -0.000008 -0.082106 -0.002364 -0.236718
    39 1.099667 -0.000004 -0.000001 -0.188224 0.009145 -1.119518
    40 0.811502 -0.358881 -1.312777 1.243203 0.551773 -0.740643
    41 1.789783 -0.000002 -0.000002 -0.000009 0.003711 0.228604
    42 1.207001 0.000009 0.000000 -0.023896 -0.040073 0.269680
    43 3.775391 -5.484375 -0.527832 -2.248284 -0.133216 -1.641882
  time 193
    0 -0.000003 -13.531250 -29.421875 1.570788 0.000007 -0.000007
    1 0.000000 3.345131 -2.981898 1.570789 0.086301 1.570789
    2 4.015625 0.000003 0.000000 0.000000 0.000000 -0.029241
    3 3.520294 0.000005 -0.000006 0.000000 0.000000 0.100332
    4 8.929688 0.000001 0.000000 0.000000 0.000000 0.194095
    5 2.036086 0.993556 1.937663 2.653264 -1.014766 1.956648
    6 6.028159 -0.000069 0.000009 -2.108090 -0.964949 -0.373061
    7 11.692566 0.000046 0.000011 0.150824 -0.032618 -0.908726
    8 11.481682 0.000088 -0.000031 -0.012793 0.163943 -0.498692
    9 3.854313 -0.135628 -1.192206 -0.654173 0.086460 -1.251338
    10 1.312565 -0.000008 0.000000 -0.290508 0.665159 -1.408524
    11 0.729366 0.000002 -0.000002 -0.000001 0.040754 -0.240990
    12 3.941966 0.050853 -0.435186 -0.415867 0.034931 -1.228799
    13 1.539091 0.000008 -0.000002 -0.091934 0.346712 -1.545630
    14 1.196321 0.000000 -0.000002 -0.000001 0.006168 -0.430818
    15 3.881376 -0.039219 0.427587 -0.210325 0.028969 -1.055722
    16 1.719578 0.000023 -0.000021 -0.353562 0.179648 -1.576255
    17 1.209181 -0.000004 -0.000001 0.312036 0.209821 -0.320126
    18 3.863479 -0.132591 1.332139 0.283825 0.184436 -1.011019
    19 1.719431 -0.000023 0.000019 0.113303 -0.261272 -1.245326
    20 1.099676 0.000000 0.000006 0.155001 -0.201751 -0.534840
    21 0.807586 -0.343252 1.320583 -1.185922 -0.555220 -0.957802
    22 1.789787 0.000006 0.000006 0.098655 -0.334098 0.552524
    23 1.207012 0.000011 0.000000 0.201520 -0.009430 0.475504
    24 2.035156 0.997070 -1.937500 -1.667267 1.282923 2.944210
    25 6.028144 -0.000011 0.000002 1.568402 0.794291 -0.840958
    26 11.692577 0.000001 0.000004 -0.000269 -0.064744 -1.814517
    27 11.481657 0.000043 0.000019 -1.183866 0.520519 0.156054
    28 3.854334 -0.131699 1.199994 0.887977 0.041686 -0.500120
    29 1.312567 0.000000 0.000000 -0.076006 -0.203868 -0.258727
    30 0.729362 0.000004 0.000003 -0.250341 -0.135455 -0.179419
    31 3.941981 0.050872 0.435162 0.216346 -0.007336 -0.093776
    32 1.539089 0.000008 0.000003 -0.605562 0.126574 -1.244849
    33 1.196316 0.000004 0.000005 0.000000 -0.000162 -0.332870
    34 3.880859 -0.047028 -0.427490 0.051056 0.262892 -0.068599
    35 1.719567 0.000023 0.000016 -0.461231 0.032293 -1.105404
    36 1.209175 0.000008 0.000005 0.175617 0.055179 -0.367832
    37 3.867399 -0.148186 -1.324350 -0.134961 0.400676 -0.397685
    38 1.719419 -0.000008 -0.000008 -0.082106 -0.002364 -0.236718
    39 1.099667 -0.000004 -0.000001 -0.188224 0.009145 -1.119518
    40 0.811502 -0.358881 -1.312777 1.243203 0.551773 -0.740643
    41 1.789783 -0.000002 -0.000002 -0.000009 0.003711 0.228604
    42 1.207001 0.000009 0.000000 -0.023896 -0.040073 0.269680
    43 3.775391 -5.484375 -0.527832 -2.248284 -0.133216 -1.641882
  time 194
    0 -0.000003 -13.531250 -29.421875 1.570788 0.000007 -0.000007
    1 0.000000 3.345131 -2.981898 1.570789 0.086301 1.570789
    2 4.015625 0.000003 0.000000 0.000000 0.000000 -0.029241
    3 3.520294 0.000005 -0.000006 0.000000 0.000000 0.100332
    4 8.929688 0.000001 0.000000 0.000000 0.000000 0.194095
    5 2.036086 0.993556 1.937663 2.652184 -1.015569 1.957596
    6 6.028159 -0.000069 0.000009 -2.108052 -0.964628 -0.373157
    7 11.692566 0.000046 0.000011 0.150800 -0.032668 -0.909040
    8 11.481682 0.000088 -0.000031 -0.012647 0.163960 -0.498478
    9 3.854313 -0.135628 -1.192206 -0.654089 0.086580 -1.250927
    10 1.312565 -0.000008 0.000000 -0.290305 0.664748 -1.407820
    11 0.729366 0.000002 -0.000002 -0.000001 0.040754 -0.240990
    12 3.938059 0.050853 -0.435186 -0.415795 0.034967 -1.228536
    13 1.539091 0.000008 -0.000002 -0.091874 0.346472 -1.544716
    14 1.196321 0.000000 -0.000002 -0.000001 0.006168 -0.430818
    15 3.881376 -0.039219 0.427587 -0.210325 0.029029 -1.055468
    16 1.719578 0.000023 -0.000021 -0.353311 0.179552 -1.575477
    17 1.209181 -0.000004 -0.000001 0.312036 0.209821 -0.320126
    18 3.863479 -0.132591 1.332139 0.283837 0.184406 -1.010911
    19 1.719431 -0.000023 0.000019 0.113255 -0.261188 -1.244702
    20 1.099676 0.000000 0.000006 0.154989 -0.201727 -0.534816
    21 0.807586 -0.343252 1.320583 -1.185886 -0.555243 -0.957939
    22 1.789787 0.000006 0.000006 0.098643 -0.334065 0.552488
    23 1.207012 0.000011 0.000000 0.201508 -0.009442 0.475480
    24 2.035156 0.997070 -1.937500 -1.667267 1.282923 2.944210
    25 6.028144 -0.000011 0.000002 1.568474 0.794365 -0.840910
    26 11.692577 0.000001 0.000004 -0.000281 -0.064706 -1.814463
    27 11.481657 0.000043 0.000019 -1.183866 0.520519 0.156054
    28 3.858240 -0.131699 1.199994 0.887977 0.041686 -0.500120
    29 1.312567 0.000000 0.000000 -0.076006 -0.203868 -0.258727
    30 0.729362 0.000004 0.000003 -0.250341 -0.135455 -0.179419
    31 3.941981 0.050872 0.435162 0.216346 -0.007336 -0.093776
    32 1.539089 0.000008 0.000003 -0.605562 0.126574 -1.244849
    33 1.196316 0.000004 0.000005 0.000000 -0.000162 -0.332870
    34 3.880859 -0.047028 -0.427490 0.051056 0.262892 -0.068599
    35 1.719567 0.000023 0.000016 -0.461231 0.032293 -1.105404
    36 1.209175 0.000008 0.000005 0.175617 0.055179 -0.367832
    37 3.867399 -0.148186 -1.324350 -0.134961 0.400676 -0.397685
    38 1.719419 -0.000008 -0.000008 -0.082106 -0.002364 -0.236718
    39 1.099667 -0.000004 -0.000001 -0.188224 0.009145 -1.119518
    40 0.811502 -0.358881 -1.312777 1.243203 0.551773 -0.740643
    41 1.789783 -0.000002 -0.000002 -0.000009 0.003711 0.228604
    42 1.207001 0.000009 0.000000 -0.023896 -0.040073 0.269680
    43 3.775391 -5.484375 -0.527832 -2.248284 -0.133216 -1.641882
  time 195
    0 -0.000003 -13.531250 -29.421875 1.570788 0.000007 -0.000007
    1 0.000000 3.345131 -2.981898 1.570789 0.086301 1.570789
    2 4.015625 0.000003 0.000000 0.000000 0.000000 -0.029241
    3 3.520294 0.000005 -0.000006 0.000000 0.000000 0.100332
    4 8.929688 0.000001 0.000000 0.000000 0.000000 0.194095
    5 2.036086 0.993556 1.937663 2.651038 -1.016396 1.958604
    6 6.028159 -0.000069 0.000009 -2.107996 -0.964306 -0.373277
    7 11.692566 0.000046 0.000011 0.150764 -0.032751 -0.909459
    8 11.481682 0.000088 -0.000031 -0.012452 0.163960 -0.498232
    9 3.854313 -0.135628 -1.192206 -0.654005 0.086735 -1.250461
    10 1.312565 -0.000008 0.000000 -0.290053 0.664262 -1.406963
    11 0.729366 0.000002 -0.000002 -0.000001 0.040754 -0.240990
    12 3.941966 0.050853 -0.435186 -0.415699 0.035015 -1.228213
    13 1.539091 0.000008 -0.000002 -0.091802 0.346197 -1.543683
    14 1.196321 0.000000 -0.000002 -0.000001 0.006168 -0.430818
    15 3.881376 -0.039219 0.427587 -0.210325 0.029089 -1.055214
    16 1.719578 0.000023 -0.000021 -0.353011 0.179444 -1.574551
    17 1.209181 -0.000004 -0.000001 0.312036 0.209821 -0.320126
    18 3.863479 -0.132591 1.332139 0.283849 0.184376 -1.010775
    19 1.719431 -0.000023 0.000019 0.113207 -0.261104 -1.244019
    20 1.099676 0.000000 0.000006 0.154977 -0.201703 -0.534780
    21 0.807586 -0.343252 1.320583 -1.185850 -0.555267 -0.958088
    22 1.789787 0.000006 0.000006 0.098631 -0.334032 0.552464
    23 1.207012 0.000011 0.000000 0.201496 -0.009442 0.475456
    24 2.035156 0.997070 -1.937500 -1.667267 1.282923 2.944210
    25 6.028144 -0.000011 0.000002 1.568546 0.794464 -0.840862
    26 11.692577 0.000001 0.000004 -0.000281 -0.064655 -1.814410
    27 11.481657 0.000043 0.000019 -1.183866 0.520519 0.156054
    28 3.854334 -0.131699 1.199994 0.887977 0.041686 -0.500120
    29 1.312567 0.000000 0.000000 -0.076006 -0.203868 -0.258727
    30 0.729362 0.000004 0.000003 -0.250341 -0.135455 -0.179419
    31 3.941981 0.050872 0.435162 0.216346 -0.007336 -0.093776
    32 1.539089 0.000008 0.000003 -0.605562 0.126574 -1.244849
    33 1.196316 0.000004 0.000005 0.000000 -0.000162 -0.332870
    34 3.880859 -0.047028 -0.427490 0.051056 0.262892 -0.068599
    35 1.719567 0.000023 0.000016 -0.461231 0.032293 -1.105404
    36 1.209175 0.000008 0.000005 0.175617 0.055179 -0.367832
    37 3.867399 -0.148186 -1.324350 -0.134961 0.400676 -0.397685
    38 1.719419 -0.000008 -0.000008 -0.082106 -0.002364 -0.236718
    39 1.099667 -0.000004 -0.000001 -0.188224 0.009145 -1.119518
    40 0.811502 -0.358881 -1.312777 1.243203 0.551773 -0.740643
    41 1.789783 -0.000002 -0.000002 -0.000009 0.003711 0.228604
    42 1.207001 0.000009 0.000000 -0.023896 -0.040073 0.269680
    43 3.775391 -5.484375 -0.527832 -2.248284 -0.133216 -1.641882
  time 196
    0 -0.000003 -13.531250 -29.421875 1.570788 0.000007 -0.000007
    1 0.000000 3.345131 -2.981898 1.570789 0.086301 1.570789
    2 4.015625 0.000003 0.000000 0.000000 0.000000 -0.029241
    3 3.520294 0.000005 -0.000006 0.000000 0.000000 0.100332
    4 8.929688 0.000001 0.000000 0.000000 0.000000 0.194095
    5 2.036086 0.993556 1.937663 2.649860 -1.017247 1.959674
    6 6.028159 -0.000069 0.000009 -2.107921 -0.963857 -0.373433
    7 11.692566 0.000046 0.000011 0.150728 -0.032834 -0.909930
    8 11.481682 0.000088 -0.000031 -0.012209 0.163894 -0.497969
    9 3.854313 -0.135628 -1.192206 -0.653909 0.086903 -1.249941
    10 1.312565 -0.000008 0.000000 -0.289789 0.663738 -1.406045
    11 0.729366 0.000002 -0.000002 -0.000001 0.040754 -0.240990
    12 3.941966 0.050853 -0.435186 -0.415603 0.035075 -1.227862
    13 1.539091 0.000008 -0.000002 -0.091718 0.345885 -1.542491
    14 1.196321 0.000000 -0.000002 -0.000001 0.006168 -0.430818
    15 3.881376 -0.039219 0.427587 -0.210325 0.029149 -1.054904
    16 1.719578 0.000023 -0.000021 -0.352688 0.179324 -1.573514
    17 1.209181 -0.000004 -0.000001 0.312036 0.209821 -0.320126
    18 3.863479 -0.132591 1.332139 0.283861 0.184315 -1.010640
    19 1.719431 -0.000023 0.000019 0.113148 -0.260996 -1.243246
    20 1.099676 0.000000 0.000006 0.154953 -0.201679 -0.534756
    21 0.807586 -0.343252 1.320583 -1.185814 -0.555303 -0.958263
    22 1.789787 0.000006 0.000006 0.098619 -0.333998 0.552416
    23 1.207012 0.000011 0.000000 0.201484 -0.009442 0.475432
    24 2.035156 0.997070 -1.937500 -1.667267 1.282923 2.944210
    25 6.028144 -0.000011 0.000002 1.568618 0.794539 -0.840814
    26 11.692577 0.000001 0.000004 -0.000281 -0.064605 -1.814356
    27 11.481657 0.000043 0.000019 -1.183866 0.520519 0.156054
    28 3.858240 -0.131699 1.199994 0.887977 0.041686 -0.500120
    29 1.312567 0.000000 0.000000 -0.076006 -0.203868 -0.258727
    30 0.729362 0.000004 0.000003 -0.250341 -0.135455 -0.179419
    31 3.941981 0.050872 0.435162 0.216346 -0.007336 -0.093776
    32 1.539089 0.000008 0.000003 -0.605562 0.126574 -1.244849
    33 1.196316 0.000004 0.000005 0.000000 -0.000162 -0.332870
    34 3.880859 -0.047028 -0.427490 0.051056 0.262892 -0.068599
    35 1.719567 0.000023 0.000016 -0.461231 0.032293 -1.105404
    36 1.209175 0.000008 0.000005 0.175617 0.055179 -0.367832
    37 3.867399 -0.148186 -1.324350 -0.134961 0.400676 -0.397685
    38 1.719419 -0.000008 -0.000008 -0.082106 -0.002364 -0.236718
    39 1.099667 -0.000004 -0.000001 -0.188224 0.009145 -1.119518
    40 0.811502 -0.358881 -1.312777 1.243203 0.551773 -0.740643
    41 1.789783 -0.000002 -0.000002 -0.000009 0.003711 0.228604
    42 1.207001 0.000009 0.000000 -0.023896 -0.040073 0.269680
    43 3.775391 -5.484375 -0.527832 -2.248284 -0.133216 -1.641882
  time 197
    0 -0.000003 -13.531250 -29.421875 1.570788 0.000007 -0.000007
    1 0.000000 3.345131 -2.981898 1.570789 0.086301 1.570789
    2 4.015625 0.000003 0.000000 0.000000 0.000000 -0.029241
    3 3.520294 0.000005 -0.000006 0.000000 0.000000 0.100332
    4 8.929688 0.000001 0.000000 0.000000 0.000000 0.194095
    5 2.036086 0.993556 1.937663 2.648616 -1.018134 1.960774
    6 6.028159 -0.000069 0.000009 -2.107789 -0.963375 -0.373637
    7 11.692566 0.000046 0.000011 0.150692 -0.032917 -0.910558
    8 11.481682 0.000088 -0.000031 -0.011819 0.163728 -0.497641
    9 3.858219 -0.135628 -1.192206 -0.653789 0.087083 -1.249338
    10 1.312565 -0.000008 0.000000 -0.289490 0.663121 -1.405005
    11 0.729366 0.000002 -0.000002 -0.000001 0.040754 -0.240990
    12 3.941966 0.050853 -0.435186 -0.415495 0.035147 -1.227481
    13 1.539091 0.000008 -0.000002 -0.091622 0.345549 -1.541181
    14 1.196321 0.000000 -0.000002 -0.000001 0.006168 -0.430818
    15 3.881376 -0.039219 0.427587 -0.210325 0.029233 -1.054566
    16 1.719578 0.000023 -0.000021 -0.352316 0.179192 -1.572365
    17 1.209181 -0.000004 -0.000001 0.312036 0.209821 -0.320126
    18 3.863479 -0.132591 1.332139 0.283873 0.184239 -1.010505
    19 1.719431 -0.000023 0.000019 0.113076 -0.260876 -1.242354
    20 1.099676 0.000000 0.000006 0.154929 -0.201655 -0.534720
    21 0.807586 -0.343252 1.320583 -1.185778 -0.555339 -0.958450
    22 1.789787 0.000006 0.000006 0.098607 -0.333949 0.552380
    23 1.207012 0.000011 0.000000 0.201460 -0.009454 0.475396
    24 2.035156 0.997070 -1.937500 -1.667267 1.282923 2.944210
    25 6.028144 -0.000011 0.000002 1.568702 0.794613 -0.840766
    26 11.692577 0.000001 0.000004 -0.000281 -0.064554 -1.814249
    27 11.481657 0.000043 0.000019 -1.183866 0.520519 0.156054
    28 3.854334 -0.131699 1.199994 0.887977 0.041686 -0.500120
    29 1.312567 0.000000 0.000000 -0.076006 -0.203868 -0.258727
    30 0.729362 0.000004 0.000003 -0.250341 -0.135455 -0.179419
    31 3.941981 0.050872 0.435162 0.216346 -0.007336 -0.093776
    32 1.539089 0.000008 0.000003 -0.605562 0.126574 -1.244849
    33 1.196316 0.000004 0.000005 0.000000 -0.000162 -0.332870
    34 3.880859 -0.047028 -0.427490 0.051056 0.262892 -0.068599
    35 1.719567 0.000023 0.000016 -0.461231 0.032293 -1.105404
    36 1.209175 0.000008 0.000005 0.175617 0.055179 -0.367832
    37 3.867399 -0.148186 -1.324350 -0.134961 0.400676 -0.397685
    38 1.719419 -0.000008 -0.000008 -0.082106 -0.002364 -0.236718
    39 1.099667 -0.000004 -0.000001 -0.188224 0.009145 -1.119518
    40 0.811502 -0.358881 -1.312777 1.243203 0.551773 -0.740643
    41 1.789783 -0.000002 -0.000002 -0.000009 0.003711 0.228604
    42 1.207001 0.000009 0.000000 -0.023896 -0.040073 0.269680
    43 3.775391 -5.484375 -0.527832 -2.248284 -0.133216 -1.641882
  time 198
    0 -0.000003 -13.531250 -29.421875 1.570788 0.000007 -0.000007
    1 0.000000 3.345131 -2.981898 1.570789 0.086301 1.570789
    2 4.015625 0.000003 0.000000 0.000000 0.000000 -0.029241
    3 3.520294 0.000005 -0.000006 0.000000 0.000000 0.100332
    4 8.929688 0.000001 0.000000 0.000000 0.000000 0.194095
    5 2.036086 0.993556 1.937663 2.647339 -1.019057 1.961905
    6 6.028159 -0.000069 0.000009 -2.107601 -0.962765 -0.373924
    7 11.692566 0.000046 0.000011 0.150644 -0.033017 -0.911395
    8 11.481682 0.000088 -0.000031 -0.011381 0.163413 -0.497279
    9 3.854313 -0.135628 -1.192206 -0.653669 0.087287 -1.248708
    10 1.312565 -0.000008 0.000000 -0.289154 0.662467 -1.403842
    11 0.729366 0.000002 -0.000002 -0.000001 0.040754 -0.240990
    12 3.938059 0.050853 -0.435186 -0.415375 0.035255 -1.227041
    13 1.539091 0.000008 -0.000002 -0.091526 0.345166 -1.539750
    14 1.196321 0.000000 -0.000002 -0.000001 0.006168 -0.430818
    15 3.881376 -0.039219 0.427587 -0.210349 0.029305 -1.054199
    16 1.719578 0.000023 -0.000021 -0.351909 0.179049 -1.571106
    17 1.209181 -0.000004 -0.000001 0.312036 0.209821 -0.320126
    18 3.863479 -0.132591 1.332139 0.283897 0.184102 -1.010343
    19 1.719431 -0.000023 0.000019 0.113004 -0.260744 -1.241403
    20 1.099676 0.000000 0.000006 0.154905 -0.201631 -0.534684
    21 0.807586 -0.343252 1.320583 -1.185730 -0.555387 -0.958662
    22 1.789787 0.000006 0.000006 0.098595 -0.333899 0.552320
    23 1.207012 0.000011 0.000000 0.201448 -0.009454 0.475360
    24 2.035156 0.997070 -1.937500 -1.667267 1.282923 2.944210
    25 6.028144 -0.000011 0.000002 1.568786 0.794712 -0.840718
    26 11.692577 0.000001 0.000004 -0.000293 -0.064503 -1.814195
    27 11.481657 0.000043 0.000019 -1.183866 0.520519 0.156054
    28 3.858240 -0.131699 1.199994 0.887977 0.041686 -0.500120
    29 1.312567 0.000000 0.000000 -0.076006 -0.203868 -0.258727
    30 0.729362 0.000004 0.000003 -0.250341 -0.135455 -0.179419
    31 3.941981 0.050872 0.435162 0.216346 -0.007336 -0.093776
    32 1.539089 0.000008 0.000003 -0.605562 0.126574 -1.244849
    33 1.196316 0.000004 0.000005 0.000000 -0.000162 -0.332870
    34 3.880859 -0.047028 -0.427490 0.051056 0.262892 -0.068599
    35 1.719567 0.000023 0.000016 -0.461231 0.032293 -1.105404
    36 1.209175 0.000008 0.000005 0.175617 0.055179 -0.367832
    37 3.867399 -0.148186 -1.324350 -0.134961 0.400676 -0.397685
    38 1.719419 -0.000008 -0.000008 -0.082106 -0.002364 -0.236718
    39 1.099667 -0.000004 -0.000001 -0.188224 0.009145 -1.119518
    40 0.811502 -0.358881 -1.312777 1.243203 0.551773 -0.740643
    41 1.789783 -0.000002 -0.000002 -0.000009 0.003711 0.228604
    42 1.207001 0.000009 0.000000 -0.023896 -0.040073 0.269680
    43 3.775391 -5.484375 -0.527832 -2.248284 -0.133216 -1.641882
  time 199
    0 -0.000003 -13.531250 -29.421875 1.570788 0.000007 -0.000007
    1 0.000000 3.345131 -2.981898 1.570789 0.086301 1.570789
    2 4.015625 0.000003 0.000000 0.000000 0.000000 -0.029241
    3 3.520294 0.000005 -0.000006 0.000000 0.000000 0.100332
    4 8.929688 0.000001 0.000000 0.000000 0.000000 0.194095
    5 2.036086 0.993556 1.937663 2.646030 -1.020003 1.963067
    6 6.028159 -0.000069 0.000009 -2.107338 -0.962059 -0.374284
    7 11.692566 0.000046 0.000011 0.150596 -0.033133 -0.912442
    8 11.481682 0.000088 -0.000031 -0.010797 0.162917 -0.496869
    9 3.854313 -0.135628 -1.192206 -0.653538 0.087514 -1.247969
    10 1.312565 -0.000008 0.000000 -0.288783 0.661738 -1.402557
    11 0.729366 0.000002 -0.000002 -0.000001 0.040754 -0.240990
    12 3.941966 0.050853 -0.435186 -0.415244 0.035387 -1.226572
    13 1.539091 0.000008 -0.000002 -0.091418 0.344747 -1.538122
    14 1.196321 0.000000 -0.000002 -0.000001 0.006168 -0.430818
    15 3.881376 -0.039219 0.427587 -0.210385 0.029401 -1.053804
    16 1.719578 0.000023 -0.000021 -0.351453 0.178881 -1.569699
    17 1.209181 -0.000004 -0.000001 0.312036 0.209821 -0.320126
    18 3.863479 -0.132591 1.332139 0.283909 0.183920 -1.010208
    19 1.719431 -0.000023 0.000019 0.112932 -0.260612 -1.240333
    20 1.099676 0.000000 0.000006 0.154881 -0.201595 -0.534636
    21 0.807586 -0.343252 1.320583 -1.185682 -0.555435 -0.958899
    22 1.789787 0.000006 0.000006 0.098583 -0.333850 0.552272
    23 1.207012 0.000011 0.000000 0.201424 -0.009466 0.475325
    24 2.035156 0.997070 -1.937500 -1.667267 1.282923 2.944210
    25 6.028144 -0.000011 0.000002 1.568869 0.794786 -0.840671
    26 11.692577 0.000001 0.000004 -0.000293 -0.064439 -1.814142
    27 11.481657 0.000043 0.000019 -1.183866 0.520519 0.156054
    28 3.854334 -0.131699 1.199994 0.887977 0.041686 -0.500120
    29 1.312567 0.000000 0.000000 -0.076006 -0.203868 -0.258727
    30 0.729362 0.000004 0.000003 -0.250341 -0.135455 -0.179419
    31 3.938074 0.050872 0.435162 0.216346 -0.007336 -0.093776
    32 1.539089 0.000008 0.000003 -0.605562 0.126574 -1.244849
    33 1.196316 0.000004 0.000005 0.000000 -0.000162 -0.332870
    34 3.880859 -0.047028 -0.427490 0.051056 0.262892 -0.068599
    35 1.719567 0.000023 0.000016 -0.461231 0.032293 -1.105404
    36 1.209175 0.000008 0.000005 0.175617 0.055179 -0.367832
    37 3.867399 -0.148186 -1.324350 -0.134961 0.400676 -0.397685
    38 1.719419 -0.000008 -0.000008 -0.082106 -0.002364 -0.236718
    39 1.099667 -0.000004 -0.000001 -0.188224 0.009145 -1.119518
    40 0.811502 -0.358881 -1.312777 1.243203 0.551773 -0.740643
    41 1.789783 -0.000002 -0.000002 -0.000009 0.003711 0.228604
    42 1.207001 0.000009 0.000000 -0.023896 -0.040073 0.269680
    43 3.775391 -5.484375 -0.527832 -2.248284 -0.133216 -1.641882
  time 200
    0 -0.000003 -13.531250 -29.421875 1.570788 0.000007 -0.000007
    1 0.000000 3.345131 -2.981898 1.570789 0.086301 1.570789
    2 4.015625 0.000003 0.000000 0.000000 0.000000 -0.029241
    3 3.520294 0.000005 -0.000006 0.000000 0.000000 0.100332
    4 8.929688 0.000001 0.000000 0.000000 0.000000 0.194095
    5 2.036086 0.993556 1.937663 2.644655 -1.020974 1.964290
    6 6.028159 -0.000069 0.000009 -2.106999 -0.961192 -0.374751
    7 11.692566 0.000046 0.000011 0.150536 -0.033250 -0.913698
    8 11.481682 0.000088 -0.000031 -0.010018 0.162221 -0.496393
    9 3.854313 -0.135628 -1.192206 -0.653382 0.087766 -1.247202
    10 1.312565 -0.000008 0.000000 -0.288387 0.660953 -1.401180
    11 0.729366 0.000002 -0.000002 -0.000001 0.040754 -0.240990
    12 3.941966 0.050853 -0.435186 -0.415100 0.035554 -1.226045
    13 1.539091 0.000008 -0.000002 -0.091287 0.344279 -1.536374
    14 1.196321 0.000000 -0.000002 -0.000001 0.006168 -0.430818
    15 3.881376 -0.039219 0.427587 -0.210445 0.029496 -1.053353
    16 1.719578 0.000023 -0.000021 -0.350974 0.178701 -1.568180
    17 1.209181 -0.000004 -0.000001 0.312036 0.209821 -0.320126
    18 3.863479 -0.132591 1.332139 0.283921 0.183692 -1.010046
    19 1.719431 -0.000023 0.000019 0.112836 -0.260457 -1.239174
    20 1.099676 0.000000 0.000006 0.154857 -0.201559 -0.534588
    21 0.807586 -0.343252 1.320583 -1.185622 -0.555483 -0.959149
    22 1.789787 0.000006 0.000006 0.098559 -0.333784 0.552212
    23 1.207012 0.000011 0.000000 0.201400 -0.009466 0.475277
    24 2.035156 0.997070 -1.937500 -1.667267 1.282923 2.944210
    25 6.028144 -0.000011 0.000002 1.568965 0.794861 -0.840611
    26 11.692577 0.000001 0.000004 -0.000293 -0.064389 -1.814035
    27 11.481657 0.000043 0.000019 -1.183866 0.520519 0.156054
    28 3.858240 -0.131699 1.199994 0.887977 0.041686 -0.500120
    29 1.312567 0.000000 0.000000 -0.076006 -0.203868 -0.258727
    30 0.729362 0.000004 0.000003 -0.250341 -0.135455 -0.179419
    31 3.941981 0.050872 0.435162 0.216346 -0.007336 -0.093776
    32 1.539089 0.000008 0.000003 -0.605562 0.126574 -1.244849
    33 1.196316 0.000004 0.000005 0.000000 -0.000162 -0.332870
    34 3.880859 -0.047028 -0.427490 0.051056 0.262892 -0.068599
    35 1.719567 0.000023 0.000016 -0.461231 0.032293 -1.105404
    36 1.209175 0.000008 0.000005 0.175617 0.055179 -0.367832
    37 3.867399 -0.148186 -1.324350 -0.134961 0.400676 -0.397685
    38 1.719419 -0.000008 -0.000008 -0.082106 -0.002364 -0.236718
    39 1.099667 -0.000004 -0.000001 -0.188224 0.009145 -1.119518
    40 0.811502 -0.358881 -1.312777 1.243203 0.551773 -0.740643
    41 1.789783 -0.000002 -0.000002 -0.000009 0.003711 0.228604
    42 1.207001 0.000009 0.000000 -0.023896 -0.040073 0.269680
    43 3.775391 -5.484375 -0.527832 -2.248284 -0.133216 -1.641882
  time 201
    0 -0.000003 -13.531250 -29.421875 1.570788 0.000007 -0.000007
    1 0.000000 3.345131 -2.981898 1.570789 0.086301 1.570789
    2 4.015625 0.000003 0.000000 0.000000 0.000000 -0.029241
    3 3.520294 0.000005 -0.000006 0.000000 0.000000 0.100332
    4 8.929688 0.000001 0.000000 0.000000 0.000000 0.194095
    5 2.036086 0.993556 1.937663 2.643247 -1.021981 1.965512
    6 6.028159 -0.000069 0.000009 -2.106566 -0.960229 -0.375326
    7 11.692566 0.000046 0.000011 0.150477 -0.033383 -0.915164
    8 11.481682 0.000088 -0.000031 -0.009093 0.161277 -0.495884
    9 3.858219 -0.135628 -1.192206 -0.653226 0.088030 -1.246352
    10 1.312565 -0.000008 0.000000 -0.287956 0.660093 -1.399681
    11 0.729366 0.000002 -0.000002 -0.000001 0.040754 -0.240990
    12 3.941966 0.050853 -0.435186 -0.414944 0.035758 -1.225488
    13 1.539091 0.000008 -0.000002 -0.091167 0.343788 -1.534507
    14 1.196321 0.000000 -0.000002 -0.000001 0.006168 -0.430818
    15 3.881376 -0.039219 0.427587 -0.210528 0.029604 -1.052873
    16 1.719578 0.000023 -0.000021 -0.350446 0.178521 -1.566513
    17 1.209181 -0.000004 -0.000001 0.312036 0.209821 -0.320126
    18 3.863479 -0.132591 1.332139 0.283945 0.183389 -1.009884
    19 1.719431 -0.000023 0.000019 0.112740 -0.260289 -1.237926
    20 1.099676 0.000000 0.000006 0.154821 -0.201511 -0.534541
    21 0.807586 -0.343252 1.320583 -1.185562 -0.555543 -0.959423
    22 1.789787 0.000006 0.000006 0.098547 -0.333717 0.552152
    23 1.207012 0.000011 0.000000 0.201364 -0.009478 0.475229
    24 2.035156 0.997070 -1.937500 -1.667267 1.282923 2.944210
    25 6.028144 -0.000011 0.000002 1.569049 0.794960 -0.840551
    26 11.692577 0.000001 0.000004 -0.000305 -0.064325 -1.813981
    27 11.481657 0.000043 0.000019 -1.183866 0.520519 0.156054
    28 3.854334 -0.131699 1.199994 0.887977 0.041686 -0.500120
    29 1.312567 0.000000 0.000000 -0.076006 -0.203868 -0.258727
    30 0.729362 0.000004 0.000003 -0.250341 -0.135455 -0.179419
    31 3.941981 0.050872 0.435162 0.216346 -0.007336 -0.093776
    32 1.539089 0.000008 0.000003 -0.605562 0.126574 -1.244879
    33 1.196316 0.000004 0.000005 0.000000 -0.000162 -0.332870
    34 3.880859 -0.047028 -0.427490 0.051056 0.262892 -0.068599
    35 1.719567 0.000023 0.000016 -0.461231 0.032293 -1.105404
    36 1.209175 0.000008 0.000005 0.175617 0.055179 -0.367832
    37 3.863493 -0.148186 -1.324350 -0.134961 0.400676 -0.397685
    38 1.719419 -0.000008 -0.000008 -0.082106 -0.002364 -0.236718
    39 1.099667 -0.000004 -0.000001 -0.188224 0.009145 -1.119518
    40 0.811502 -0.358881 -1.312777 1.243203 0.551773 -0.740643
    41 1.789783 -0.000002 -0.000002 -0.000009 0.003711 0.228604
    42 1.207001 0.000009 0.000000 -0.023896 -0.040073 0.269680
    43 3.775391 -5.484375 -0.527832 -2.248284 -0.133216 -1.641882
  time 202
    0 -0.000003 -13.531250 -29.421875 1.570788 0.000007 -0.000007
    1 0.000000 3.345131 -2.981898 1.570789 0.086301 1.570789
    2 4.015625 0.000003 0.000000 0.000000 0.000000 -0.029241
    3 3.520294 0.000005 -0.000006 0.000000 0.000000 0.100332
    4 8.929688 0.000001 0.000000 0.000000 0.000000 0.194095
    5 2.036086 0.993556 1.937663 2.641807 -1.023011 1.966796
    6 6.028159 -0.000069 0.000009 -2.106040 -0.959105 -0.375998
    7 11.692566 0.000046 0.000011 0.150417 -0.033516 -0.916996
    8 11.481682 0.000088 -0.000031 -0.008022 0.160068 -0.495292
    9 3.854313 -0.139534 -1.192206 -0.653058 0.088317 -1.245449
    10 1.312565 -0.000008 0.000000 -0.287488 0.659177 -1.398090
    11 0.729366 0.000002 -0.000002 -0.000001 0.040754 -0.240990
    12 3.941966 0.050853 -0.435186 -0.414776 0.035998 -1.224902
    13 1.539091 0.000008 -0.000002 -0.091023 0.343260 -1.532481
    14 1.196321 0.000000 -0.000002 -0.000001 0.006168 -0.430818
    15 3.881376 -0.039219 0.427587 -0.210636 0.029724 -1.052366
    16 1.719578 0.000023 -0.000021 -0.349871 0.178305 -1.564772
    17 1.209181 -0.000004 -0.000001 0.312036 0.209821 -0.320126
    18 3.863479 -0.132591 1.332139 0.283957 0.183009 -1.009722
    19 1.719431 -0.000023 0.000019 0.112632 -0.260109 -1.236589
    20 1.099676 0.000000 0.000006 0.154797 -0.201475 -0.534493
    21 0.807586 -0.343252 1.320583 -1.185502 -0.555591 -0.959710
    22 1.789787 0.000006 0.000006 0.098523 -0.333651 0.552080
    23 1.207012 0.000011 0.000000 0.201340 -0.009478 0.475181
    24 2.035156 0.997070 -1.937500 -1.667267 1.282923 2.944210
    25 6.028144 -0.000011 0.000002 1.569145 0.795034 -0.840491
    26 11.692577 0.000001 0.000004 -0.000305 -0.064274 -1.813928
    27 11.481657 0.000043 0.000019 -1.183866 0.520519 0.156054
    28 3.858240 -0.131699 1.199994 0.887977 0.041686 -0.500120
    29 1.312567 0.000000 0.000000 -0.076006 -0.203868 -0.258727
    30 0.729362 0.000004 0.000003 -0.250341 -0.135455 -0.179419
    31 3.941981 0.050872 0.435162 0.216346 -0.007336 -0.093776
    32 1.539089 0.000008 0.000003 -0.605562 0.126574 -1.244849
    33 1.196316 0.000004 0.000005 0.000000 -0.000162 -0.332870
    34 3.880859 -0.047028 -0.427490 0.051056 0.262892 -0.068599
    35 1.719567 0.000023 0.000016 -0.461231 0.032293 -1.105404
    36 1.209175 0.000008 0.000005 0.175617 0.055179 -0.367832
    37 3.867399 -0.148186 -1.324350 -0.134961 0.400676 -0.397685
    38 1.719419 -0.000008 -0.000008 -0.082106 -0.002364 -0.236718
    39 1.099667 -0.000004 -0.000001 -0.188224 0.009145 -1.119518
    40 0.811502 -0.358881 -1.312777 1.243203 0.551773 -0.740643
    41 1.789783 -0.000002 -0.000002 -0.000009 0.003711 0.228604
    42 1.207001 0.000009 0.000000 -0.023896 -0.040073 0.269680
    43 3.775391 -5.484375 -0.527832 -2.248284 -0.133216 -1.641882
  time 203
    0 -0.000003 -13.531250 -29.421875 1.570788 0.000007 -0.000007
    1 0.000000 3.345131 -2.981898 1.570789 0.086301 1.570789
    2 4.015625 0.000003 0.000000 0.000000 0.000000 -0.029241
    3 3.520294 0.000005 -0.000006 0.000000 0.000000 0.100332
    4 8.929688 0.000001 0.000000 0.000000 0.000000 0.194095
    5 2.036086 0.993556 1.937663 2.640301 -1.024066 1.968141
    6 6.028159 -0.000069 0.000009 -2.105400 -0.957852 -0.376801
    7 11.692566 0.000046 0.000011 0.150357 -0.033665 -0.919037
    8 11.481682 0.000088 -0.000031 -0.006707 0.158594 -0.494668
    9 3.854313 -0.135628 -1.192206 -0.652866 0.088617 -1.244490
    10 1.312565 -0.000008 0.000000 -0.286997 0.658205 -1.396377
    11 0.729366 0.000002 -0.000002 -0.000001 0.040754 -0.240990
    12 3.941966 0.050853 -0.435186 -0.414596 0.036286 -1.224287
    13 1.539091 0.000008 -0.000002 -0.090879 0.342697 -1.530336
    14 1.196321 0.000000 -0.000002 -0.000001 0.006168 -0.430818
    15 3.881376 -0.039219 0.427587 -0.210768 0.029844 -1.051802
    16 1.719578 0.000023 -0.000021 -0.349272 0.178090 -1.562883
    17 1.209181 -0.000004 -0.000001 0.312036 0.209821 -0.320126
    18 3.863479 -0.132591 1.332139 0.283969 0.182553 -1.009559
    19 1.719431 -0.000023 0.000019 0.112524 -0.259917 -1.235192
    20 1.099676 0.000000 0.000006 0.154761 -0.201427 -0.534433
    21 0.807586 -0.343252 1.320583 -1.185430 -0.555663 -0.960022
    22 1.789787 0.000006 0.000006 0.098499 -0.333585 0.552008
    23 1.207012 0.000011 0.000000 0.201316 -0.009490 0.475133
    24 2.035156 0.997070 -1.937500 -1.667267 1.282923 2.944210
    25 6.028144 -0.000011 0.000002 1.569253 0.795133 -0.840431
    26 11.692577 0.000001 0.000004 -0.000305 -0.064211 -1.813820
    27 11.481657 0.000043 0.000019 -1.183866 0.520519 0.156054
    28 3.854334 -0.131699 1.199994 0.887977 0.041686 -0.500120
    29 1.312567 0.000000 0.000000 -0.076006 -0.203868 -0.258727
    30 0.729362 0.000004 0.000003 -0.250341 -0.135455 -0.179419
    31 3.941981 0.050872 0.435162 0.216346 -0.007336 -0.093776
    32 1.539089 0.000008 0.000003 -0.605562 0.126574 -1.244849
    33 1.196316 0.000004 0.000005 0.000000 -0.000162 -0.332870
    34 3.880859 -0.047028 -0.427490 0.051056 0.262892 -0.068599
    35 1.719567 0.000023 0.000016 -0.461231 0.032293 -1.105404
    36 1.209175 0.000008 0.000005 0.175617 0.055179 -0.367832
    37 3.867399 -0.148186 -1.324350 -0.134961 0.400676 -0.397685
    38 1.719419 -0.000008 -0.000008 -0.082106 -0.002364 -0.236718
    39 1.099667 -0.000004 -0.000001 -0.188224 0.009145 -1.119518
    40 0.811502 -0.358881 -1.312777 1.243203 0.551773 -0.740643
    41 1.789783 -0.000002 -0.000002 -0.000009 0.003711 0.228604
    42 1.207001 0.000009 0.000000 -0.023896 -0.040073 0.269680
    43 3.775391 -5.484375 -0.527832 -2.248284 -0.133216 -1.641882
  time 204
    0 -0.000003 -13.531250 -29.421875 1.570788 0.000007 -0.000007
    1 0.000000 3.345131 -2.981898 1.570789 0.086301 1.570789
    2 4.015625 0.000003 0.000000 0.000000 0.000000 -0.029241
    3 3.520294 0.000005 -0.000006 0.000000 0.000000 0.100332
    4 8.929688 0.000001 0.000000 0.000000 0.000000 0.194095
    5 2.036086 0.993556 1.937663 2.638795 -1.025133 1.969486
    6 6.028159 -0.000069 0.000009 -2.104667 -0.956440 -0.377723
    7 11.692566 0.000046 0.000011 0.150285 -0.033832 -0.921393
    8 11.481682 0.000088 -0.000031 -0.005247 0.156822 -0.493979
    9 3.854313 -0.135628 -1.192206 -0.652675 0.088941 -1.243476
    10 1.312565 -0.000008 0.000000 -0.286482 0.657177 -1.394571
    11 0.729366 0.000002 -0.000002 -0.000001 0.040754 -0.240990
    12 3.938059 0.050853 -0.435186 -0.414417 0.036621 -1.223642
    13 1.539091 0.000008 -0.000002 -0.090711 0.342098 -1.528071
    14 1.196321 0.000000 -0.000002 -0.000001 0.006168 -0.430818
    15 3.881376 -0.039219 0.427587 -0.210936 0.029976 -1.051238
    16 1.719578 0.000023 -0.000021 -0.348637 0.177862 -1.560920
    17 1.209181 -0.000004 -0.000001 0.312036 0.209821 -0.320126
    18 3.863479 -0.132591 1.332139 0.283969 0.182037 -1.009397
    19 1.719431 -0.000023 0.000019 0.112416 -0.259714 -1.233676
    20 1.099676 0.000000 0.000006 0.154725 -0.201379 -0.534373
    21 0.807586 -0.343252 1.320583 -1.185358 -0.555723 -0.960359
    22 1.789787 0.000006 0.000006 0.098475 -0.333502 0.551936
    23 1.207012 0.000011 0.000000 0.201280 -0.009502 0.475073
    24 2.035156 0.997070 -1.937500 -1.667267 1.282923 2.944210
    25 6.028144 -0.000011 0.000002 1.569349 0.795207 -0.840371
    26 11.692577 0.000001 0.000004 -0.000305 -0.064147 -1.813767
    27 11.481657 0.000043 0.000019 -1.183866 0.520519 0.156054
    28 3.854334 -0.131699 1.199994 0.887977 0.041686 -0.500120
    29 1.312567 0.000000 0.000000 -0.076006 -0.203868 -0.258727
    30 0.729362 0.000004 0.000003 -0.250341 -0.135455 -0.179419
    31 3.941981 0.050872 0.435162 0.216346 -0.007336 -0.093776
    32 1.539089 0.000008 0.000003 -0.605562 0.126574 -1.244849
    33 1.196316 0.000004 0.000005 0.000000 -0.000162 -0.332870
    34 3.880859 -0.047028 -0.427490 0.051056 0.262892 -0.068599
    35 1.719567 0.000023 0.000016 -0.461231 0.032293 -1.105404
    36 1.209175 0.000008 0.000005 0.175617 0.055179 -0.367832
    37 3.867399 -0.148186 -1.324350 -0.134961 0.400676 -0.397685
    38 1.719419 -0.000008 -0.000008 -0.082106 -0.002364 -0.236718
    39 1.099667 -0.000004 -0.000001 -0.188224 0.009145 -1.119518
    40 0.811502 -0.358881 -1.312777 1.243203 0.551773 -0.740643
    41 1.789783 -0.000002 -0.000002 -0.000009 0.003711 0.228604
    42 1.207001 0.000009 0.000000 -0.023896 -0.040073 0.269680
    43 3.775391 -5.484375 -0.527832 -2.248284 -0.133216 -1.641882
  time 205
    0 -0.000003 -13.531250 -29.421875 1.570788 0.000007 -0.000007
    1 0.000000 3.345131 -2.981898 1.570789 0.086301 1.570789
    2 4.015625 0.000003 0.000000 0.000000 0.000000 -0.029241
    3 3.520294 0.000005 -0.000006 0.000000 0.000000 0.100332
    4 8.929688 0.000001 0.000000 0.000000 0.000000 0.194095
    5 2.036086 0.993556 1.937663 2.637191 -1.026235 1.970892
    6 6.028159 -0.000069 0.000009 -2.103820 -0.954866 -0.378754
    7 11.692566 0.000046 0.000011 0.150213 -0.033998 -0.924062
    8 11.481682 0.000088 -0.000031 -0.003592 0.154751 -0.493240
    9 3.854313 -0.135628 -1.192206 -0.652471 0.089276 -1.242408
    10 1.312565 -0.000008 0.000000 -0.285930 0.656093 -1.392674
    11 0.729366 0.000002 -0.000002 -0.000001 0.040754 -0.240990
    12 3.941966 0.050853 -0.435186 -0.414213 0.037005 -1.222939
    13 1.539091 0.000008 -0.000002 -0.090556 0.341475 -1.525688
    14 1.196321 0.000000 -0.000002 -0.000001 0.006168 -0.430818
    15 3.881376 -0.039219 0.427587 -0.211128 0.030108 -1.050617
    16 1.719578 0.000023 -0.000021 -0.347966 0.177622 -1.558809
    17 1.209181 -0.000004 -0.000001 0.312036 0.209821 -0.320126
    18 3.863479 -0.132591 1.332139 0.283981 0.181429 -1.009262
    19 1.719431 -0.000023 0.000019 0.112285 -0.259510 -1.232101
    20 1.099676 0.000000 0.000006 0.154677 -0.201331 -0.534313
    21 0.807586 -0.343252 1.320583 -1.185287 -0.555795 -0.960696
    22 1.789787 0.000006 0.000006 0.098451 -0.333420 0.551852
    23 1.207012 0.000011 0.000000 0.201244 -0.009502 0.475013
    24 2.035156 0.997070 -1.937500 -1.667267 1.282923 2.944210
    25 6.028144 -0.000011 0.000002 1.569457 0.795307 -0.840311
    26 11.692577 0.000001 0.000004 -0.000317 -0.064084 -1.813713
    27 11.481657 0.000043 0.000019 -1.183866 0.520519 0.156054
    28 3.854334 -0.131699 1.199994 0.887977 0.041686 -0.500120
    29 1.312567 0.000000 0.000000 -0.076006 -0.203868 -0.258727
    30 0.729362 0.000004 0.000003 -0.250341 -0.135455 -0.179419
    31 3.941981 0.050872 0.435162 0.216346 -0.007336 -0.093776
    32 1.539089 0.000008 0.000003 -0.605562 0.126574 -1.244849
    33 1.196316 0.000004 0.000005 0.000000 -0.000162 -0.332870
    34 3.880859 -0.047028 -0.427490 0.051056 0.262892 -0.068599
    35 1.719567 0.000023 0.000016 -0.461231 0.032293 -1.105404
    36 1.209175 0.000008 0.000005 0.175617 0.055179 -0.367832
    37 3.867399 -0.148186 -1.324350 -0.134961 0.400676 -0.397685
    38 1.719419 -0.000008 -0.000008 -0.082106 -0.002364 -0.236718
    39 1.099667 -0.000004 -0.000001 -0.188224 0.009145 -1.119518
    40 0.811502 -0.358881 -1.312777 1.243203 0.551773 -0.740643
    41 1.789783 -0.000002 -0.000002 -0.000009 0.003711 0.228604
    42 1.207001 0.000009 0.000000 -0.023896 -0.040073 0.269680
    43 3.775391 -5.484375 -0.527832 -2.248284 -0.133216 -1.641882
  time 206
    0 -0.000003 -13.531250 -29.421875 1.570788 0.000007 -0.000007
    1 0.000000 3.345131 -2.981898 1.570789 0.086301 1.570789
    2 4.015625 0.000003 0.000000 0.000000 0.000000 -0.029241
    3 3.520294 0.000005 -0.000006 0.000000 0.000000 0.100332
    4 8.929688 0.000001 0.000000 0.000000 0.000000 0.194095
    5 2.036086 0.993556 1.937663 2.635587 -1.027362 1.972328
    6 6.028159 -0.000069 0.000009 -2.102861 -0.953164 -0.379929
    7 11.692566 0.000046 0.000011 0.150129 -0.034164 -0.927046
    8 11.481682 0.000088 -0.000031 -0.001693 0.152367 -0.492452
    9 3.854313 -0.135628 -1.192206 -0.652255 0.089636 -1.241285
    10 1.312565 -0.000008 0.000000 -0.285355 0.654953 -1.390716
    11 0.729366 0.000002 -0.000002 -0.000001 0.040754 -0.240990
    12 3.941966 0.050853 -0.435186 -0.414009 0.037436 -1.222236
    13 1.539091 0.000008 -0.000002 -0.090376 0.340816 -1.523185
    14 1.196321 0.000000 -0.000002 -0.000001 0.006168 -0.430818
    15 3.881376 -0.039219 0.427587 -0.211355 0.030251 -1.049997
    16 1.719578 0.000023 -0.000021 -0.347271 0.177371 -1.556624
    17 1.209181 -0.000004 -0.000001 0.312036 0.209821 -0.320126
    18 3.863479 -0.132591 1.332139 0.283993 0.180731 -1.009100
    19 1.719431 -0.000023 0.000019 0.112165 -0.259282 -1.230437
    20 1.099676 0.000000 0.000006 0.154641 -0.201284 -0.534241
    21 0.807586 -0.343252 1.320583 -1.185215 -0.555867 -0.961057
    22 1.789787 0.000006 0.000006 0.098427 -0.333337 0.551768
    23 1.207012 0.000011 0.000000 0.201208 -0.009514 0.474953
    24 2.035156 0.997070 -1.937500 -1.667267 1.282923 2.944210
    25 6.028144 -0.000011 0.000002 1.569565 0.795381 -0.840239
    26 11.692577 0.000001 0.000004 -0.000317 -0.064020 -1.813606
    27 11.481657 0.000043 0.000019 -1.183866 0.520519 0.156054
    28 3.854334 -0.131699 1.199994 0.887977 0.041686 -0.500120
    29 1.312567 0.000000 0.000000 -0.076006 -0.203868 -0.258727
    30 0.729362 0.000004 0.000003 -0.250341 -0.135455 -0.179419
    31 3.938074 0.050872 0.435162 0.216346 -0.007336 -0.093776
    32 1.539089 0.000008 0.000003 -0.605562 0.126574 -1.244849
    33 1.196316 0.000004 0.000005 0.000000 -0.000162 -0.332870
    34 3.880859 -0.047028 -0.427490 0.051056 0.262892 -0.068599
    35 1.719567 0.000023 0.000016 -0.461245 0.032293 -1.105404
    36 1.209175 0.000008 0.000005 0.175617 0.055179 -0.367832
    37 3.863493 -0.148186 -1.324350 -0.134961 0.400676 -0.397685
    38 1.719419 -0.000008 -0.000008 -0.082106 -0.002364 -0.236718
    39 1.099667 -0.000004 -0.000001 -0.188224 0.009145 -1.119518
    40 0.811502 -0.358881 -1.312777 1.243203 0.551773 -0.740643
    41 1.789783 -0.000002 -0.000002 -0.000009 0.003711 0.228604
    42 1.207001 0.000009 0.000000 -0.023896 -0.040073 0.269680
    43 3.775391 -5.484375 -0.527832 -2.248284 -0.133216 -1.641882
  time 207
    0 -0.000003 -13.531250 -29.421875 1.570788 0.000007 -0.000007
    1 0.000000 3.345131 -2.981898 1.570789 0.086301 1.570789
    2 4.015625 0.000003 0.000000 0.000000 0.000000 -0.029241
    3 3.520294 0.000005 -0.000006 0.000000 0.000000 0.100332
    4 8.929688 0.000001 0.000000 0.000000 0.000000 0.194095
    5 2.036086 0.993556 1.937663 2.633950 -1.028512 1.973795
    6 6.028159 -0.000069 0.000009 -2.101808 -0.951302 -0.381199
    7 11.692566 0.000046 0.000011 0.150045 -0.034347 -0.930343
    8 11.481682 0.000088 -0.000031 0.000352 0.149683 -0.491598
    9 3.854313 -0.135628 -1.192206 -0.652027 0.090007 -1.240107
    10 1.312565 -0.000008 0.000000 -0.284768 0.653775 -1.388636
    11 0.729366 0.000002 -0.000002 -0.000001 0.040754 -0.240990
    12 3.941966 0.050853 -0.435186 -0.413793 0.037927 -1.221474
    13 1.539091 0.000008 -0.000002 -0.090196 0.340132 -1.520603
    14 1.196321 0.000000 -0.000002 -0.000001 0.006168 -0.430818
    15 3.881376 -0.039219 0.427587 -0.211619 0.030395 -1.049320
    16 1.719578 0.000023 -0.000021 -0.346539 0.177095 -1.554364
    17 1.209181 -0.000004 -0.000001 0.312036 0.209821 -0.320126
    18 3.863479 -0.132591 1.332139 0.283993 0.179972 -1.008965
    19 1.719431 -0.000023 0.000019 0.112033 -0.259054 -1.228713
    20 1.099676 0.000000 0.000006 0.154605 -0.201224 -0.534169
    21 0.807586 -0.343252 1.320583 -1.185131 -0.555939 -0.961444
    22 1.789787 0.000006 0.000006 0.098403 -0.333238 0.551685
    23 1.207012 0.000011 0.000000 0.201172 -0.009526 0.474893
    24 2.035156 0.997070 -1.937500 -1.667267 1.282923 2.944210
    25 6.028144 -0.000011 0.000002 1.569672 0.795480 -0.840167
    26 11.692577 0.000001 0.000004 -0.000317 -0.063956 -1.813553
    27 11.481657 0.000043 0.000019 -1.183866 0.520519 0.156054
    28 3.858240 -0.131699 1.199994 0.887977 0.041686 -0.500120
    29 1.312567 0.000000 0.000000 -0.076006 -0.203868 -0.258727
    30 0.729362 0.000004 0.000003 -0.250341 -0.135455 -0.179419
    31 3.941981 0.050872 0.435162 0.216346 -0.007336 -0.093776
    32 1.539089 0.000008 0.000003 -0.605562 0.126574 -1.244849
    33 1.196316 0.000004 0.000005 0.000000 -0.000162 -0.332870
    34 3.880859 -0.047028 -0.427490 0.051056 0.262892 -0.068599
    35 1.719567 0.000023 0.000016 -0.461231 0.032293 -1.105404
    36 1.209175 0.000008 0.000005 0.175617 0.055179 -0.367832
    37 3.867399 -0.148186 -1.324350 -0.134961 0.400676 -0.397685
    38 1.719419 -0.000008 -0.000008 -0.082106 -0.002364 -0.236718
    39 1.099667 -0.000004 -0.000001 -0.188224 0.009145 -1.119518
    40 0.811502 -0.358881 -1.312777 1.243203 0.551773 -0.740643
    41 1.789783 -0.000002 -0.000002 -0.000009 0.003711 0.228604
    42 1.207001 0.000009 0.000000 -0.023896 -0.040073 0.269680
    43 3.775391 -5.484375 -0.527832 -2.248284 -0.133216 -1.641882
  time 208
    0 -0.000003 -13.531250 -29.421875 1.570788 0.000007 -0.000007
    1 0.000000 3.345131 -2.981898 1.570789 0.086301 1.570789
    2 4.015625 0.000003 0.000000 0.000000 0.000000 -0.029241
    3 3.520294 0.000005 -0.000006 0.000000 0.000000 0.100332
    4 8.929688 0.000001 0.000000 0.000000 0.000000 0.194095
    5 2.036086 0.993556 1.937663 2.632248 -1.029687 1.975293
    6 6.028159 -0.000069 0.000009 -2.100641 -0.949311 -0.382601
    7 11.692566 0.000046 0.000011 0.149961 -0.034530 -0.933902
    8 11.481682 0.000088 -0.000031 0.002640 0.146686 -0.490727
    9 3.854313 -0.135628 -1.192206 -0.651800 0.090391 -1.238902
    10 1.312565 -0.000008 0.000000 -0.284145 0.652541 -1.386494
    11 0.729366 0.000002 -0.000002 -0.000001 0.040754 -0.240990
    12 3.941966 0.050853 -0.435186 -0.413566 0.038455 -1.220712
    13 1.539091 0.000008 -0.000002 -0.090004 0.339425 -1.517902
    14 1.196321 0.000000 -0.000002 -0.000001 0.006168 -0.430818
    15 3.881376 -0.039219 0.427587 -0.211919 0.030551 -1.048643
    16 1.719578 0.000023 -0.000021 -0.345784 0.176831 -1.551994
    17 1.209181 -0.000004 -0.000001 0.312036 0.209821 -0.320126
    18 3.863479 -0.132591 1.332139 0.283993 0.179106 -1.008830
    19 1.719431 -0.000023 0.000019 0.111889 -0.258815 -1.226930
    20 1.099676 0.000000 0.000006 0.154557 -0.201164 -0.534097
    21 0.807586 -0.343252 1.320583 -1.185035 -0.556022 -0.961831
    22 1.789787 0.000006 0.000006 0.098367 -0.333155 0.551589
    23 1.207012 0.000011 0.000000 0.201136 -0.009538 0.474821
    24 2.035156 0.997070 -1.937500 -1.667267 1.282923 2.944210
    25 6.028144 -0.000011 0.000002 1.569780 0.795579 -0.840107
    26 11.692577 0.000001 0.000004 -0.000329 -0.063893 -1.813445
    27 11.481657 0.000043 0.000019 -1.183866 0.520519 0.156054
    28 3.854334 -0.131699 1.199994 0.887977 0.041686 -0.500120
    29 1.312567 0.000000 0.000000 -0.076006 -0.203868 -0.258727
    30 0.729362 0.000004 0.000003 -0.250341 -0.135455 -0.179419
    31 3.941981 0.050872 0.435162 0.216346 -0.007336 -0.093776
    32 1.539089 0.000008 0.000003 -0.605562 0.126574 -1.244849
    33 1.196316 0.000004 0.000005 0.000000 -0.000162 -0.332870
    34 3.880859 -0.047028 -0.427490 0.051056 0.262892 -0.068599
    35 1.719567 0.000023 0.000016 -0.461231 0.032293 -1.105404
    36 1.209175 0.000008 0.000005 0.175617 0.055179 -0.367832
    37 3.863493 -0.148186 -1.324350 -0.134961 0.400676 -0.397685
    38 1.719419 -0.000008 -0.000008 -0.082106 -0.002364 -0.236718
    39 1.099667 -0.000004 -0.000001 -0.188224 0.009145 -1.119518
    40 0.811502 -0.358881 -1.312777 1.243203 0.551773 -0.740643
    41 1.789783 -0.000002 -0.000002 -0.000009 0.003711 0.228604
    42 1.207001 0.000009 0.000000 -0.023896 -0.040073 0.269680
    43 3.775391 -5.484375 -0.527832 -2.248284 -0.133216 -1.641882
  time 209
    0 -0.000003 -13.531250 -29.421875 1.570788 0.000007 -0.000007
    1 0.000000 3.345131 -2.981898 1.570789 0.086301 1.570789
    2 4.015625 0.000003 0.000000 0.000000 0.000000 -0.029241
    3 3.520294 0.000005 -0.000006 0.000000 0.000000 0.100332
    4 8.929688 0.000001 0.000000 0.000000 0.000000 0.194095
    5 2.036086 0.993556 1.937663 2.630513 -1.030885 1.976852
    6 6.028159 -0.000069 0.000009 -2.099381 -0.947160 -0.384123
    7 11.692566 0.000046 0.000011 0.149877 -0.034729 -0.937776
    8 11.481682 0.000088 -0.000031 0.005074 0.143373 -0.489791
    9 3.854313 -0.135628 -1.192206 -0.651560 0.090786 -1.237642
    10 1.312565 -0.000008 0.000000 -0.283497 0.651270 -1.384260
    11 0.729366 0.000002 -0.000002 -0.000001 0.040754 -0.240990
    12 3.938059 0.050853 -0.435186 -0.413338 0.039030 -1.219921
    13 1.539091 0.000008 -0.000002 -0.089813 0.338694 -1.515081
    14 1.196321 0.000000 -0.000002 -0.000001 0.006168 -0.430818
    15 3.881376 -0.039219 0.427587 -0.212242 0.030707 -1.047938
    16 1.719578 0.000023 -0.000021 -0.344993 0.176544 -1.549549
    17 1.209181 -0.000004 -0.000001 0.312036 0.209821 -0.320126
    18 3.863479 -0.132591 1.332139 0.283993 0.178180 -1.008722
    19 1.719431 -0.000023 0.000019 0.111745 -0.258563 -1.225057
    20 1.099676 0.000000 0.000006 0.154509 -0.201104 -0.534025
    21 0.807586 -0.343252 1.320583 -1.184951 -0.556106 -0.962243
    22 1.789787 0.000006 0.000006 0.098344 -0.333056 0.551493
    23 1.207012 0.000011 0.000000 0.201100 -0.009538 0.474749
    24 2.035156 0.997070 -1.937500 -1.667267 1.282923 2.944210
    25 6.028144 -0.000011 0.000002 1.569900 0.795653 -0.840035
    26 11.692577 0.000001 0.000004 -0.000329 -0.063817 -1.813392
    27 11.481657 0.000043 0.000019 -1.183866 0.520519 0.156054
    28 3.854334 -0.131699 1.199994 0.887977 0.041686 -0.500120
    29 1.312567 0.000000 0.000000 -0.076006 -0.203868 -0.258727
    30 0.729362 0.000004 0.000003 -0.250341 -0.135455 -0.179419
    31 3.941981 0.050872 0.435162 0.216346 -0.007336 -0.093776
    32 1.539089 0.000008 0.000003 -0.605562 0.126574 -1.244849
    33 1.196316 0.000004 0.000005 0.000000 -0.000162 -0.332870
    34 3.880859 -0.047028 -0.427490 0.051056 0.262892 -0.068599
    35 1.719567 0.000023 0.000016 -0.461231 0.032293 -1.105404
    36 1.209175 0.000008 0.000005 0.175617 0.055179 -0.367832
    37 3.867399 -0.148186 -1.324350 -0.134961 0.400676 -0.397685
    38 1.719419 -0.000008 -0.000008 -0.082106 -0.002364 -0.236718
    39 1.099667 -0.000004 -0.000001 -0.188224 0.009145 -1.119518
    40 0.811502 -0.358881 -1.312777 1.243203 0.551773 -0.740643
    41 1.789783 -0.000002 -0.000002 -0.000009 0.003711 0.228604
    42 1.207001 0.000009 0.000000 -0.023896 -0.040073 0.269680
    43 3.775391 -5.484375 -0.527832 -2.248284 -0.133216 -1.641882
  time 210
    0 -0.000003 -13.531250 -29.421875 1.570788 0.000007 -0.000007
    1 0.000000 3.345131 -2.981898 1.570789 0.086301 1.570789
    2 4.015625 0.000003 0.000000 0.000000 0.000000 -0.029241
    3 3.520294 0.000005 -0.000006 0.000000 0.000000 0.100332
    4 8.929688 0.000001 0.000000 0.000000 0.000000 0.194095
    5 2.036086 0.993556 1.937663 2.628713 -1.032108 1.978441
    6 6.028159 -0.000069 0.000009 -2.097519 -0.942825 -0.386580
    7 11.692566 0.000046 0.000011 0.149638 -0.035294 -0.944161
    8 11.481682 0.000088 -0.000031 0.009553 0.138256 -0.487558
    9 3.858219 -0.135628 -1.192206 -0.650865 0.091925 -1.234081
    10 1.312565 -0.000008 0.000000 -0.281676 0.647644 -1.377957
    11 0.729366 0.000002 -0.000002 -0.000001 0.040754 -0.240990
    12 3.941966 0.050853 -0.435186 -0.412679 0.039809 -1.217577
    13 1.539091 0.000008 -0.000002 -0.089261 0.336597 -1.507136
    14 1.196321 0.000000 -0.000002 -0.000001 0.006168 -0.430818
    15 3.881376 -0.039219 0.427587 -0.212530 0.031150 -1.045907
    16 1.719578 0.000023 -0.000021 -0.342776 0.175741 -1.542586
    17 1.209181 -0.000004 -0.000001 0.312032 0.209821 -0.320109
    18 3.867386 -0.132591 1.332139 0.284053 0.176630 -1.008100
    19 1.719431 -0.000023 0.000019 0.111338 -0.257856 -1.219797
    20 1.099676 0.000000 0.000006 0.154389 -0.200936 -0.533821
    21 0.807586 -0.343252 1.320583 -1.184699 -0.556334 -0.963390
    22 1.789787 0.000006 0.000006 0.098260 -0.332792 0.551229
    23 1.207012 0.000011 0.000000 0.200993 -0.009574 0.474558
    24 2.035156 0.997070 -1.937500 -1.667267 1.282923 2.944210
    25 6.028144 -0.000011 0.000002 1.570020 0.795752 -0.839963
    26 11.692577 0.000001 0.000004 -0.000329 -0.063753 -1.813285
    27 11.481657 0.000043 0.000019 -1.183866 0.520533 0.156054
    28 3.854334 -0.131699 1.199994 0.887977 0.041686 -0.500120
    29 1.312567 0.000000 0.000000 -0.076006 -0.203868 -0.258727
    30 0.729362 0.000004 0.000003 -0.250341 -0.135455 -0.179419
    31 3.941981 0.050872 0.435162 0.216346 -0.007336 -0.093776
    32 1.539089 0.000008 0.000003 -0.605562 0.126574 -1.244849
    33 1.196316 0.000004 0.000005 0.000000 -0.000162 -0.332870
    34 3.880859 -0.047028 -0.427490 0.051056 0.262892 -0.068599
    35 1.719567 0.000023 0.000016 -0.461231 0.032293 -1.105404
    36 1.209175 0.000008 0.000005 0.175617 0.055179 -0.367832
    37 3.867399 -0.148186 -1.324350 -0.134961 0.400676 -0.397685
    38 1.719419 -0.000008 -0.000008 -0.082106 -0.002364 -0.236718
    39 1.099667 -0.000004 -0.000001 -0.188224 0.009145 -1.119518
    40 0.807129 -0.358887 -1.316406 1.243203 0.551773 -0.740643
    41 1.789783 -0.000002 -0.000002 -0.000009 0.003711 0.228604
    42 1.207001 0.000009 0.000000 -0.023897 -0.040066 0.269693
    43 3.775391 -5.484375 -0.527832 -2.248284 -0.133216 -1.641882
  time 211
    0 -0.000003 -13.531250 -29.421875 1.570788 0.000007 -0.000007
    1 0.000000 3.345131 -2.981898 1.570789 0.086301 1.570789
    2 4.015625 0.000003 0.000000 0.000000 0.000000 -0.029241
    3 3.520294 0.000005 -0.000006 0.000000 0.000000 0.100332
    4 8.929688 0.000001 0.000000 0.000000 0.000000 0.194095
    5 2.036086 0.993556 1.937663 2.626912 -1.033354 1.980061
    6 6.028159 -0.000069 0.000009 -2.094773 -0.934766 -0.390583
    7 11.692566 0.000046 0.000011 0.149098 -0.036491 -0.954839
    8 11.481682 0.000088 -0.000031 0.017294 0.130173 -0.483042
    9 3.858219 -0.139534 -1.192206 -0.649379 0.094370 -1.226438
    10 1.312565 -0.000008 0.000000 -0.277781 0.639886 -1.364433
    11 0.729366 0.000002 -0.000002 -0.000001 0.040754 -0.240990
    12 3.941966 0.050853 -0.435186 -0.411265 0.040924 -1.212479
    13 1.539091 0.000008 -0.000002 -0.088075 0.332115 -1.490054
    14 1.196321 0.000000 -0.000002 -0.000001 0.006168 -0.430818
    15 3.881376 -0.039219 0.427587 -0.212698 0.032121 -1.041564
    16 1.719578 0.000023 -0.000021 -0.337994 0.174003 -1.527659
    17 1.209181 -0.000004 -0.000001 0.312032 0.209821 -0.320109
    18 3.863479 -0.132591 1.332139 0.284185 0.174034 -1.006614
    19 1.719431 -0.000023 0.000019 0.110439 -0.256322 -1.208473
    20 1.099676 0.000000 0.000006 0.154114 -0.200588 -0.533366
    21 0.807586 -0.343252 1.320583 -1.184148 -0.556825 -0.965873
    22 1.789787 0.000006 0.000006 0.098092 -0.332196 0.550654
    23 1.207012 0.000011 0.000000 0.200753 -0.009634 0.474138
    24 2.035156 0.997070 -1.937500 -1.667267 1.282923 2.944210
    25 6.028144 -0.000011 0.000002 1.570140 0.795827 -0.839892
    26 11.692577 0.000001 0.000004 -0.000341 -0.063677 -1.813231
    27 11.481657 0.000043 0.000019 -1.183866 0.520519 0.156054
    28 3.854334 -0.131699 1.199994 0.887993 0.041686 -0.500120
    29 1.312567 0.000000 0.000000 -0.076006 -0.203868 -0.258727
    30 0.729362 0.000004 0.000003 -0.250341 -0.135455 -0.179419
    31 3.941981 0.050872 0.435162 0.216346 -0.007336 -0.093776
    32 1.539089 0.000008 0.000003 -0.605562 0.126574 -1.244849
    33 1.196316 0.000004 0.000005 0.000000 -0.000162 -0.332870
    34 3.880859 -0.047028 -0.427490 0.051056 0.262892 -0.068599
    35 1.719567 0.000023 0.000016 -0.461231 0.032293 -1.105404
    36 1.209175 0.000008 0.000005 0.175617 0.055179 -0.367832
    37 3.867399 -0.148186 -1.324350 -0.134961 0.400676 -0.397685
    38 1.719419 -0.000008 -0.000008 -0.082106 -0.002364 -0.236718
    39 1.099667 -0.000004 -0.000001 -0.188224 0.009145 -1.119518
    40 0.807129 -0.358887 -1.316406 1.243203 0.551773 -0.740643
    41 1.789783 -0.000002 -0.000002 -0.000009 0.003711 0.228604
    42 1.207001 0.000009 0.000000 -0.023897 -0.040066 0.269693
    43 3.775391 -5.484375 -0.527832 -2.248284 -0.133216 -1.641882
  time 212
    0 -0.000003 -13.531250 -29.421875 1.570788 0.000007 -0.000007
    1 0.000000 3.345131 -2.981898 1.570789 0.086301 1.570789
    2 4.015625 0.000003 0.000000 0.000000 0.000000 -0.029241
    3 3.520294 0.000005 -0.000006 0.000000 0.000000 0.100332
    4 8.929688 0.000001 0.000000 0.000000 0.000000 0.194095
    5 2.036086 0.993556 1.937663 2.625047 -1.034625 1.981712
    6 6.028159 -0.000069 0.000009 -2.091387 -0.923560 -0.395760
    7 11.692566 0.000046 0.000011 0.148331 -0.038237 -0.969128
    8 11.481682 0.000088 -0.000031 0.027761 0.119524 -0.476622
    9 3.858219 -0.135628 -1.192206 -0.647162 0.097941 -1.215317
    10 1.312565 -0.000008 0.000000 -0.272100 0.628577 -1.344760
    11 0.729366 0.000002 -0.000002 -0.000001 0.040754 -0.240990
    12 3.941966 0.050853 -0.435186 -0.409191 0.042290 -1.205065
    13 1.539091 0.000008 -0.000002 -0.086349 0.325595 -1.465226
    14 1.196321 0.000000 -0.000002 -0.000001 0.006168 -0.430818
    15 3.881376 -0.039219 0.427587 -0.212782 0.033523 -1.035218
    16 1.719578 0.000023 -0.000021 -0.331055 0.171486 -1.505954
    17 1.209181 -0.000004 -0.000001 0.312032 0.209821 -0.320109
    18 3.863479 -0.132591 1.332139 0.284401 0.170556 -1.004371
    19 1.719431 -0.000023 0.000019 0.109133 -0.254081 -1.192038
    20 1.099676 0.000000 0.000006 0.153706 -0.200061 -0.532707
    21 0.807586 -0.343252 1.320583 -1.183345 -0.557521 -0.969478
    22 1.789787 0.000006 0.000006 0.097828 -0.331353 0.549815
    23 1.207012 0.000011 0.000000 0.200405 -0.009718 0.473527
    24 2.035156 0.997070 -1.937500 -1.667267 1.282923 2.944210
    25 6.028144 -0.000011 0.000002 1.570260 0.795926 -0.839808
    26 11.692577 0.000001 0.000004 -0.000341 -0.063601 -1.813178
    27 11.481657 0.000043 0.000019 -1.183866 0.520519 0.156054
    28 3.854334 -0.131699 1.199994 0.887977 0.041686 -0.500120
    29 1.312567 0.000000 0.000000 -0.076006 -0.203868 -0.258727
    30 0.729362 0.000004 0.000003 -0.250341 -0.135455 -0.179419
    31 3.938074 0.050872 0.435162 0.216346 -0.007336 -0.093776
    32 1.539089 0.000008 0.000003 -0.605562 0.126574 -1.244849
    33 1.196316 0.000004 0.000005 0.000000 -0.000162 -0.332870
    34 3.880859 -0.047028 -0.427490 0.051056 0.262892 -0.068599
    35 1.719567 0.000023 0.000016 -0.461231 0.032293 -1.105426
    36 1.209175 0.000008 0.000005 0.175617 0.055179 -0.367832
    37 3.863493 -0.148186 -1.324350 -0.134961 0.400676 -0.397685
    38 1.719419 -0.000008 -0.000008 -0.082106 -0.002364 -0.236718
    39 1.099667 -0.000004 -0.000001 -0.188224 0.009145 -1.119518
    40 0.807129 -0.358887 -1.316406 1.243203 0.551773 -0.740643
    41 1.789783 -0.000002 -0.000002 -0.000009 0.003711 0.228604
    42 1.207001 0.000009 0.000000 -0.023897 -0.040066 0.269693
    43 3.775391 -5.484375 -0.527832 -2.248284 -0.133216 -1.641882
  time 213
    0 -0.000003 -13.531250 -29.421875 1.570788 0.000007 -0.000007
    1 0.000000 3.345131 -2.981898 1.570789 0.086301 1.570789
    2 4.015625 0.000003 0.000000 0.000000 0.000000 -0.029241
    3 3.520294 0.000005 -0.000006 0.000000 0.000000 0.100332
    4 8.929688 0.000001 0.000000 0.000000 0.000000 0.194095
    5 2.036086 0.993556 1.937663 2.623115 -1.035919 1.983424
    6 6.028159 -0.000069 0.000009 -2.087606 -0.909592 -0.401812
    7 11.692566 0.000046 0.000011 0.147349 -0.040448 -0.986558
    8 11.481682 0.000088 -0.000031 0.040517 0.106572 -0.468625
    9 3.858219 -0.135628 -1.192206 -0.644297 0.102531 -1.201210
    10 1.312565 -0.000008 0.000000 -0.264909 0.614202 -1.319854
    11 0.729366 0.000002 -0.000002 -0.000001 0.040754 -0.240990
    12 3.938059 0.050853 -0.435186 -0.406543 0.043920 -1.195660
    13 1.539091 0.000008 -0.000002 -0.084156 0.317314 -1.433724
    14 1.196321 0.000000 -0.000002 -0.000001 0.006168 -0.430818
    15 3.881376 -0.039219 0.427587 -0.212782 0.035297 -1.027180
    16 1.719578 0.000023 -0.000021 -0.322259 0.168298 -1.478434
    17 1.209181 -0.000004 -0.000001 0.312032 0.209821 -0.320109
    18 3.863479 -0.132591 1.332139 0.284688 0.166319 -1.001453
    19 1.719431 -0.000023 0.000019 0.107443 -0.251205 -1.171145
    20 1.099676 0.000000 0.000006 0.153191 -0.199390 -0.531868
    21 0.807586 -0.343252 1.320583 -1.182326 -0.558407 -0.974069
    22 1.789787 0.000006 0.000006 0.097505 -0.330262 0.548748
    23 1.207012 0.000011 0.000000 0.199974 -0.009826 0.472736
    24 2.035156 0.997070 -1.937500 -1.667267 1.282923 2.944210
    25 6.028144 -0.000011 0.000002 1.570380 0.796025 -0.839736
    26 11.692577 0.000001 0.000004 -0.000353 -0.063537 -1.813070
    27 11.481657 0.000043 0.000019 -1.183866 0.520519 0.156054
    28 3.854334 -0.131699 1.199994 0.887977 0.041686 -0.500120
    29 1.312567 0.000000 0.000000 -0.076006 -0.203868 -0.258727
    30 0.729362 0.000004 0.000003 -0.250341 -0.135455 -0.179419
    31 3.941981 0.050872 0.435162 0.216346 -0.007336 -0.093776
    32 1.539089 0.000008 0.000003 -0.605562 0.126574 -1.244849
    33 1.196316 0.000004 0.000005 0.000000 -0.000162 -0.332870
    34 3.880859 -0.047028 -0.427490 0.051056 0.262892 -0.068599
    35 1.719567 0.000023 0.000016 -0.461231 0.032293 -1.105404
    36 1.209175 0.000008 0.000005 0.175617 0.055179 -0.367832
    37 3.867399 -0.148186 -1.324350 -0.134961 0.400676 -0.397685
    38 1.719419 -0.000008 -0.000008 -0.082106 -0.002364 -0.236718
    39 1.099667 -0.000004 -0.000001 -0.188224 0.009145 -1.119518
    40 0.807129 -0.358887 -1.316406 1.243203 0.551773 -0.740643
    41 1.789783 -0.000002 -0.000002 -0.000009 0.003711 0.228604
    42 1.207001 0.000009 0.000000 -0.023897 -0.040066 0.269693
    43 3.775391 -5.484375 -0.527832 -2.248284 -0.133216 -1.641882
  time 214
    0 -0.000003 -13.531250 -29.421875 1.570788 0.000007 -0.000007
    1 0.000000 3.345131 -2.981898 1.570789 0.086301 1.570789
    2 4.015625 0.000003 0.000000 0.000000 0.000000 -0.029241
    3 3.520294 0.000005 -0.000006 0.000000 0.000000 0.100332
    4 8.929688 0.000001 0.000000 0.000000 0.000000 0.194095
    5 2.036086 0.993556 1.937663 2.621184 -1.037237 1.985166
    6 6.028159 -0.000069 0.000009 -2.083618 -0.893248 -0.408488
    7 11.692566 0.000046 0.000011 0.146198 -0.043075 -1.006709
    8 11.481682 0.000088 -0.000031 0.055122 0.091567 -0.459314
    9 3.854313 -0.135628 -1.192206 -0.640822 0.108008 -1.184528
    10 1.312565 -0.000008 0.000000 -0.256412 0.597154 -1.290358
    11 0.729366 0.000002 -0.000002 -0.000001 0.040754 -0.240990
    12 3.941966 0.050853 -0.435186 -0.403403 0.045753 -1.184496
    13 1.539091 0.000008 -0.000002 -0.081555 0.307510 -1.396422
    14 1.196321 0.000000 -0.000002 -0.000001 0.006168 -0.430818
    15 3.881376 -0.039219 0.427587 -0.212734 0.037394 -1.017676
    16 1.719578 0.000023 -0.000021 -0.311856 0.164511 -1.445766
    17 1.209181 -0.000004 -0.000001 0.312032 0.209821 -0.320109
    18 3.863479 -0.132591 1.332139 0.285024 0.161383 -0.997967
    19 1.719431 -0.000023 0.000019 0.105393 -0.247765 -1.146418
    20 1.099676 0.000000 0.000006 0.152580 -0.198599 -0.530873
    21 0.807586 -0.343252 1.320583 -1.181080 -0.559438 -0.979508
    22 1.789787 0.000006 0.000006 0.097121 -0.328956 0.547466
    23 1.207012 0.000011 0.000000 0.199447 -0.009957 0.471801
    24 2.035156 0.997070 -1.937500 -1.667267 1.282923 2.944210
    25 6.028144 -0.000011 0.000002 1.570511 0.796099 -0.839652
    26 11.692577 0.000001 0.000004 -0.000353 -0.063461 -1.813017
    27 11.481657 0.000043 0.000019 -1.183866 0.520519 0.156054
    28 3.854334 -0.131699 1.199994 0.887977 0.041686 -0.500120
    29 1.312567 0.000000 0.000000 -0.076006 -0.203868 -0.258727
    30 0.729362 0.000004 0.000003 -0.250341 -0.135455 -0.179419
    31 3.941981 0.050872 0.435162 0.216346 -0.007336 -0.093776
    32 1.539089 0.000008 0.000003 -0.605562 0.126574 -1.244849
    33 1.196316 0.000004 0.000005 0.000000 -0.000162 -0.332870
    34 3.880859 -0.047028 -0.427490 0.051056 0.262892 -0.068599
    35 1.719567 0.000023 0.000016 -0.461231 0.032293 -1.105404
    36 1.209175 0.000008 0.000005 0.175617 0.055179 -0.367832
    37 3.867399 -0.148186 -1.324350 -0.134961 0.400676 -0.397685
    38 1.719419 -0.000008 -0.000008 -0.082106 -0.002364 -0.236718
    39 1.099667 -0.000004 -0.000001 -0.188224 0.009145 -1.119518
    40 0.807129 -0.358887 -1.316406 1.243203 0.551773 -0.740643
    41 1.789783 -0.000002 -0.000002 -0.000009 0.003711 0.228604
    42 1.207001 0.000009 0.000000 -0.023897 -0.040066 0.269693
    43 3.775391 -5.484375 -0.527832 -2.248284 -0.133216 -1.641882
  time 215
    0 -0.000003 -13.531250 -29.421875 1.570788 0.000007 -0.000007
    1 0.000000 3.345131 -2.981898 1.570789 0.086301 1.570789
    2 4.015625 0.000003 0.000000 0.000000 0.000000 -0.029241
    3 3.520294 0.000005 -0.000006 0.000000 0.000000 0.100332
    4 8.929688 0.000001 0.000000 0.000000 0.000000 0.194095
    5 2.036086 0.993556 1.937663 2.619154 -1.038579 1.986939
    6 6.028159 -0.000069 0.000009 -2.079593 -0.874817 -0.415571
    7 11.692566 0.000046 0.000011 0.144868 -0.046017 -1.029216
    8 11.481682 0.000088 -0.000031 0.071188 0.074690 -0.448903
    9 3.858219 -0.135628 -1.192206 -0.636747 0.114300 -1.165572
    10 1.312565 -0.000008 0.000000 -0.246777 0.577751 -1.256946
    11 0.729366 0.000002 -0.000002 -0.000001 0.040754 -0.240990
    12 3.941966 0.050853 -0.435186 -0.399795 0.047791 -1.171779
    13 1.539091 0.000008 -0.000002 -0.078595 0.296365 -1.353996
    14 1.196321 0.000000 -0.000002 -0.000001 0.006168 -0.430818
    15 3.881376 -0.039219 0.427587 -0.212626 0.039767 -1.006846
    16 1.719578 0.000023 -0.000021 -0.300063 0.160209 -1.408689
    17 1.209181 -0.000004 -0.000001 0.312032 0.209821 -0.320109
    18 3.863479 -0.132591 1.332139 0.285419 0.155855 -0.993967
    19 1.719431 -0.000023 0.000019 0.103009 -0.243786 -1.118303
    20 1.099676 0.000000 0.000006 0.151885 -0.197688 -0.529723
    21 0.807586 -0.343252 1.320583 -1.179654 -0.560589 -0.985683
    22 1.789787 0.000006 0.000006 0.096678 -0.327468 0.546004
    23 1.207012 0.000011 0.000000 0.198847 -0.010113 0.470734
    24 2.035156 0.997070 -1.937500 -1.667267 1.282923 2.944210
    25 6.028144 -0.000011 0.000002 1.570643 0.796198 -0.839580
    26 11.692577 0.000001 0.000004 -0.000353 -0.063385 -1.812910
    27 11.481657 0.000043 0.000019 -1.183866 0.520519 0.156054
    28 3.854334 -0.131699 1.199994 0.887977 0.041686 -0.500120
    29 1.312567 0.000000 0.000000 -0.076006 -0.203868 -0.258727
    30 0.729362 0.000004 0.000003 -0.250341 -0.135455 -0.179419
    31 3.941981 0.050872 0.435162 0.216346 -0.007336 -0.093776
    32 1.539089 0.000008 0.000003 -0.605562 0.126574 -1.244849
    33 1.196316 0.000004 0.000005 0.000000 -0.000162 -0.332870
    34 3.880859 -0.047028 -0.427490 0.051056 0.262892 -0.068599
    35 1.719567 0.000023 0.000016 -0.461231 0.032293 -1.105404
    36 1.209175 0.000008 0.000005 0.175617 0.055179 -0.367832
    37 3.867399 -0.148186 -1.324350 -0.134961 0.400676 -0.397685
    38 1.719419 -0.000008 -0.000008 -0.082106 -0.002364 -0.236718
    39 1.099667 -0.000004 -0.000001 -0.188224 0.009145 -1.119518
    40 0.807129 -0.358887 -1.316406 1.243203 0.551773 -0.740643
    41 1.789783 -0.000002 -0.000002 -0.000009 0.003711 0.228604
    42 1.207001 0.000009 0.000000 -0.023897 -0.040066 0.269693
    43 3.775391 -5.484375 -0.527832 -2.248284 -0.133216 -1.641882
  time 216
    0 -0.000003 -13.531250 -29.421875 1.570788 0.000007 -0.000007
    1 0.000000 3.345131 -2.981898 1.570789 0.086301 1.570789
    2 4.015625 0.000003 0.000000 0.000000 0.000000 -0.029241
    3 3.520294 0.000005 -0.000006 0.000000 0.000000 0.100332
    4 8.929688 0.000001 0.000000 0.000000 0.000000 0.194095
    5 2.036086 0.993556 1.937663 2.617125 -1.039958 1.988773
    6 6.028159 -0.000069 0.000009 -2.075681 -0.854588 -0.422881
    7 11.692566 0.000046 0.000011 0.143406 -0.049276 -1.053816
    8 11.481682 0.000088 -0.000031 0.088422 0.056124 -0.437589
    9 3.854313 -0.135628 -1.192206 -0.632109 0.121335 -1.144617
    10 1.312565 -0.000008 0.000000 -0.236146 0.556254 -1.220107
    11 0.729366 0.000002 -0.000002 -0.000001 0.040754 -0.240990
    12 3.938059 0.050853 -0.435186 -0.395769 0.049984 -1.157773
    13 1.539091 0.000008 -0.000002 -0.075323 0.284045 -1.307160
    14 1.196321 0.000000 -0.000002 -0.000001 0.006168 -0.430818
    15 3.881376 -0.039219 0.427587 -0.212482 0.042380 -0.994887
    16 1.719578 0.000023 -0.000021 -0.287060 0.155475 -1.367687
    17 1.209181 -0.000004 -0.000001 0.312032 0.209821 -0.320109
    18 3.863479 -0.132591 1.332139 0.285875 0.149796 -0.989481
    19 1.719431 -0.000023 0.000019 0.100324 -0.239328 -1.087246
    20 1.099676 0.000000 0.000006 0.151106 -0.196669 -0.528440
    21 0.807586 -0.343252 1.320583 -1.178048 -0.561835 -0.992531
    22 1.789787 0.000006 0.000006 0.096174 -0.325815 0.544374
    23 1.207012 0.000011 0.000000 0.198176 -0.010281 0.469536
    24 2.035156 0.997070 -1.937500 -1.667267 1.282923 2.944210
    25 6.028144 -0.000011 0.000002 1.570775 0.796298 -0.839496
    26 11.692577 0.000001 0.000004 -0.000365 -0.063308 -1.812802
    27 11.481657 0.000043 0.000019 -1.183866 0.520519 0.156054
    28 3.854334 -0.131699 1.199994 0.887977 0.041686 -0.500120
    29 1.312567 0.000000 0.000000 -0.076006 -0.203868 -0.258727
    30 0.729362 0.000004 0.000003 -0.250341 -0.135455 -0.179419
    31 3.941981 0.050872 0.435162 0.216346 -0.007336 -0.093776
    32 1.539089 0.000008 0.000003 -0.605562 0.126574 -1.244849
    33 1.196316 0.000004 0.000005 0.000000 -0.000162 -0.332870
    34 3.880859 -0.047028 -0.427490 0.051056 0.262892 -0.068599
    35 1.719567 0.000023 0.000016 -0.461231 0.032293 -1.105404
    36 1.209175 0.000008 0.000005 0.175617 0.055179 -0.367832
    37 3.867399 -0.148186 -1.324350 -0.134961 0.400676 -0.397685
    38 1.719419 -0.000008 -0.000008 -0.082106 -0.002364 -0.236718
    39 1.099667 -0.000004 -0.000001 -0.188224 0.009145 -1.119518
    40 0.807129 -0.358887 -1.316406 1.243203 0.551773 -0.740643
    41 1.789783 -0.000002 -0.000002 -0.000009 0.003711 0.228604
    42 1.207001 0.000009 0.000000 -0.023897 -0.040066 0.269681
    43 3.775391 -5.484375 -0.527832 -2.248284 -0.133216 -1.641882
  time 217
    0 -0.000003 -13.531250 -29.421875 1.570788 0.000007 -0.000007
    1 0.000000 3.345131 -2.981898 1.570789 0.086301 1.570789
    2 4.015625 0.000003 0.000000 0.000000 0.000000 -0.029241
    3 3.520294 0.000005 -0.000006 0.000000 0.000000 0.100332
    4 8.929688 0.000001 0.000000 0.000000 0.000000 0.194095
    5 2.036086 0.993556 1.937663 2.614997 -1.041360 1.990668
    6 6.028159 -0.000069 0.000009 -2.071975 -0.832786 -0.430288
    7 11.692566 0.000046 0.000011 0.141812 -0.052767 -1.080197
    8 11.481682 0.000088 -0.000031 0.106582 0.035985 -0.425552
    9 3.854313 -0.135628 -1.192206 -0.626908 0.129053 -1.121964
    10 1.312565 -0.000008 0.000000 -0.224677 0.532944 -1.180301
    11 0.729366 0.000002 -0.000002 -0.000001 0.040754 -0.240990
    12 3.941966 0.050853 -0.435186 -0.391382 0.052345 -1.142595
    13 1.539091 0.000008 -0.000002 -0.071764 0.270706 -1.256471
    14 1.196321 0.000000 -0.000002 -0.000001 0.006168 -0.430818
    15 3.881376 -0.039219 0.427587 -0.212326 0.045196 -0.981942
    16 1.719578 0.000023 -0.000021 -0.273014 0.150333 -1.323277
    17 1.209181 -0.000004 -0.000001 0.312032 0.209821 -0.320109
    18 3.863479 -0.132591 1.332139 0.286366 0.143250 -0.984563
    19 1.719431 -0.000023 0.000019 0.097352 -0.234414 -1.053632
    20 1.099676 0.000000 0.000006 0.150243 -0.195555 -0.527038
    21 0.807586 -0.343252 1.320583 -1.176274 -0.563141 -0.999954
    22 1.789787 0.000006 0.000006 0.095635 -0.323980 0.542588
    23 1.207012 0.000011 0.000000 0.197445 -0.010473 0.468230
    24 2.035156 0.997070 -1.937500 -1.667267 1.282923 2.944210
    25 6.028144 -0.000011 0.000002 1.570907 0.796397 -0.839412
    26 11.692577 0.000001 0.000004 -0.000365 -0.063219 -1.812749
    27 11.481657 0.000043 0.000019 -1.183866 0.520519 0.156054
    28 3.854334 -0.131699 1.199994 0.887977 0.041686 -0.500120
    29 1.312567 0.000000 0.000000 -0.076006 -0.203868 -0.258727
    30 0.729362 0.000004 0.000003 -0.250341 -0.135455 -0.179419
    31 3.941981 0.050872 0.435162 0.216346 -0.007336 -0.093776
    32 1.539089 0.000008 0.000003 -0.605562 0.126574 -1.244849
    33 1.196316 0.000004 0.000005 0.000000 -0.000162 -0.332870
    34 3.880859 -0.047028 -0.427490 0.051056 0.262892 -0.068599
    35 1.719567 0.000023 0.000016 -0.461231 0.032293 -1.105404
    36 1.209175 0.000008 0.000005 0.175617 0.055179 -0.367832
    37 3.867399 -0.148186 -1.324350 -0.134961 0.400676 -0.397685
    38 1.719419 -0.000008 -0.000008 -0.082106 -0.002364 -0.236718
    39 1.099667 -0.000004 -0.000001 -0.188224 0.009145 -1.119518
    40 0.807129 -0.358887 -1.316406 1.243203 0.551773 -0.740643
    41 1.789783 -0.000002 -0.000002 -0.000009 0.003711 0.228604
    42 1.207001 0.000009 0.000000 -0.023897 -0.040066 0.269693
    43 3.775391 -5.484375 -0.527832 -2.248284 -0.133216 -1.641882
  time 218
    0 -0.000003 -13.531250 -29.421875 1.570788 0.000007 -0.000007
    1 0.000000 3.345131 -2.981898 1.570789 0.086301 1.570789
    2 4.015625 0.000003 0.000000 0.000000 0.000000 -0.029241
    3 3.520294 0.000005 -0.000006 0.000000 0.000000 0.100332
    4 8.929688 0.000001 0.000000 0.000000 0.000000 0.194095
    5 2.036086 0.993556 1.937663 2.612836 -1.042786 1.992593
    6 6.028159 -0.000069 0.000009 -2.068552 -0.809699 -0.437658
    7 11.692566 0.000046 0.000011 0.140098 -0.056458 -1.108147
    8 11.481682 0.000088 -0.000031 0.125325 0.014454 -0.412908
    9 3.858219 -0.135628 -1.192206 -0.621167 0.137382 -1.097831
    10 1.312565 -0.000008 0.000000 -0.212477 0.508045 -1.138046
    11 0.729366 0.000002 -0.000002 -0.000001 0.040754 -0.240990
    12 3.938059 0.050853 -0.435186 -0.386648 0.054838 -1.126421
    13 1.539091 0.000008 -0.000002 -0.067965 0.256492 -1.202445
    14 1.196321 0.000000 -0.000002 -0.000001 0.006168 -0.430818
    15 3.881376 -0.039219 0.427587 -0.212146 0.048192 -0.968151
    16 1.719578 0.000023 -0.000021 -0.258093 0.144856 -1.275941
    17 1.209181 -0.000004 -0.000001 0.312032 0.209821 -0.320109
    18 3.863479 -0.132591 1.332139 0.286905 0.136264 -0.979240
    19 1.719431 -0.000023 0.000019 0.094092 -0.229081 -1.017820
    20 1.099676 0.000000 0.000006 0.149320 -0.194344 -0.525528
    21 0.807586 -0.343252 1.320583 -1.174345 -0.564508 -1.007863
    22 1.789787 0.000006 0.000006 0.095048 -0.322013 0.540647
    23 1.207012 0.000011 0.000000 0.196642 -0.010677 0.466803
    24 2.035156 0.997070 -1.937500 -1.667267 1.282923 2.944210
    25 6.028144 -0.000011 0.000002 1.571051 0.796471 -0.839328
    26 11.692577 0.000001 0.000004 -0.000365 -0.063143 -1.812642
    27 11.481657 0.000043 0.000019 -1.183866 0.520533 0.156054
    28 3.854334 -0.131699 1.199994 0.887977 0.041686 -0.500120
    29 1.312567 0.000000 0.000000 -0.076006 -0.203868 -0.258727
    30 0.729362 0.000004 0.000003 -0.250341 -0.135455 -0.179419
    31 3.941981 0.050872 0.435162 0.216346 -0.007336 -0.093776
    32 1.539089 0.000008 0.000003 -0.605562 0.126574 -1.244849
    33 1.196316 0.000004 0.000005 0.000000 -0.000162 -0.332870
    34 3.880859 -0.047028 -0.427490 0.051056 0.262892 -0.068599
    35 1.719567 0.000023 0.000016 -0.461231 0.032293 -1.105404
    36 1.209175 0.000008 0.000005 0.175617 0.055179 -0.367832
    37 3.867399 -0.148186 -1.324350 -0.134961 0.400676 -0.397685
    38 1.719419 -0.000008 -0.000008 -0.082106 -0.002364 -0.236718
    39 1.099667 -0.000004 -0.000001 -0.188224 0.009145 -1.119518
    40 0.807129 -0.358887 -1.316406 1.243203 0.551773 -0.740643
    41 1.789783 -0.000002 -0.000002 -0.000009 0.003711 0.228604
    42 1.207001 0.000009 0.000000 -0.023897 -0.040066 0.269693
    43 3.775391 -5.484375 -0.527832 -2.248284 -0.133216 -1.641882
  time 219
    0 -0.000003 -13.531250 -29.421875 1.570788 0.000007 -0.000007
    1 0.000000 3.345131 -2.981898 1.570789 0.086301 1.570789
    2 4.015625 0.000003 0.000000 0.000000 0.000000 -0.029241
    3 3.520294 0.000005 -0.000006 0.000000 0.000000 0.100332
    4 8.929688 0.000001 0.000000 0.000000 0.000000 0.194095
    5 2.036086 0.993556 1.937663 2.610578 -1.044260 1.994611
    6 6.028159 -0.000069 0.000009 -2.065486 -0.785617 -0.444909
    7 11.692566 0.000046 0.000011 0.138300 -0.060282 -1.137353
    8 11.481682 0.000088 -0.000031 0.144459 -0.008269 -0.399821
    9 3.854313 -0.139534 -1.192206 -0.614911 0.146227 -1.072521
    10 1.312565 -0.000008 0.000000 -0.199713 0.481818 -1.093772
    11 0.729366 0.000002 -0.000002 -0.000001 0.040754 -0.240990
    12 3.938059 0.050853 -0.435186 -0.381615 0.057450 -1.109426
    13 1.539091 0.000008 -0.000002 -0.063974 0.241559 -1.145757
    14 1.196321 0.000000 -0.000002 -0.000001 0.006168 -0.430818
    15 3.881376 -0.039219 0.427587 -0.211967 0.051320 -0.953682
    16 1.719578 0.000023 -0.000021 -0.242465 0.139116 -1.226235
    17 1.209181 -0.000004 -0.000001 0.312032 0.209821 -0.320109
    18 3.863479 -0.132591 1.332139 0.287481 0.128914 -0.973538
    19 1.719431 -0.000023 0.000019 0.090593 -0.223364 -0.980194
    20 1.099676 0.000000 0.000006 0.148325 -0.193050 -0.523898
    21 0.807586 -0.343252 1.320583 -1.172283 -0.565898 -1.016183
    22 1.789787 0.000006 0.000006 0.094413 -0.319897 0.538573
    23 1.207012 0.000011 0.000000 0.195791 -0.010892 0.465293
    24 2.035156 0.997070 -1.937500 -1.667267 1.282923 2.944210
    25 6.028144 -0.000011 0.000002 1.571194 0.796570 -0.839244
    26 11.692577 0.000001 0.000004 -0.000376 -0.063067 -1.812588
    27 11.481657 0.000043 0.000019 -1.183866 0.520519 0.156054
    28 3.854334 -0.131699 1.199994 0.887977 0.041686 -0.500120
    29 1.312567 0.000000 0.000000 -0.076006 -0.203868 -0.258727
    30 0.729362 0.000004 0.000003 -0.250341 -0.135455 -0.179419
    31 3.941981 0.050872 0.435162 0.216346 -0.007336 -0.093776
    32 1.539089 0.000008 0.000003 -0.605562 0.126574 -1.244849
    33 1.196316 0.000004 0.000005 0.000000 -0.000162 -0.332870
    34 3.880859 -0.047028 -0.427490 0.051056 0.262892 -0.068599
    35 1.719567 0.000023 0.000016 -0.461231 0.032293 -1.105404
    36 1.209175 0.000008 0.000005 0.175617 0.055179 -0.367832
    37 3.867399 -0.148186 -1.324350 -0.134961 0.400676 -0.397685
    38 1.719419 -0.000008 -0.000008 -0.082106 -0.002364 -0.236718
    39 1.099667 -0.000004 -0.000001 -0.188224 0.009145 -1.119518
    40 0.807129 -0.358887 -1.316406 1.243203 0.551773 -0.740643
    41 1.789783 -0.000002 -0.000002 -0.000009 0.003711 0.228604
    42 1.207001 0.000009 0.000000 -0.023897 -0.040066 0.269693
    43 3.775391 -5.484375 -0.527832 -2.248284 -0.133216 -1.641882
  time 220
    0 -0.000003 -13.531250 -29.421875 1.570788 0.000007 -0.000007
    1 0.000000 3.345131 -2.981898 1.570789 0.086301 1.570789
    2 4.015625 0.000003 0.000000 0.000000 0.000000 -0.029241
    3 3.520294 0.000005 -0.000006 0.000000 0.000000 0.100332
    4 8.929688 0.000001 0.000000 0.000000 0.000000 0.194095
    5 2.036086 0.993556 1.937663 2.608253 -1.045770 1.996689
    6 6.028159 -0.000069 0.000009 -2.062758 -0.760893 -0.451944
    7 11.692566 0.000046 0.000011 0.136431 -0.064172 -1.167502
    8 11.481682 0.000088 -0.000031 0.163689 -0.031953 -0.386421
    9 3.854313 -0.139534 -1.192206 -0.608188 0.155491 -1.046306
    10 1.312565 -0.000008 0.000000 -0.186530 0.454620 -1.048122
    11 0.729366 0.000002 -0.000002 -0.000001 0.040754 -0.240990
    12 3.938059 0.050853 -0.435186 -0.376318 0.060159 -1.091875
    13 1.539091 0.000008 -0.000002 -0.059839 0.226111 -1.087083
    14 1.196321 0.000000 -0.000002 -0.000001 0.006168 -0.430818
    15 3.881376 -0.043125 0.427587 -0.211799 0.054544 -0.938678
    16 1.719578 0.000023 -0.000021 -0.226346 0.133148 -1.174787
    17 1.209181 -0.000004 -0.000001 0.312032 0.209821 -0.320109
    18 3.863479 -0.136498 1.332139 0.288104 0.121245 -0.967485
    19 1.719431 -0.000023 0.000019 0.086889 -0.217312 -0.941261
    20 1.099676 0.000000 0.000006 0.147271 -0.191672 -0.522172
    21 0.807586 -0.343252 1.320583 -1.170102 -0.567288 -1.024803
    22 1.789787 0.000006 0.000006 0.093753 -0.317665 0.536368
    23 1.207012 0.000011 0.000000 0.194880 -0.011120 0.463676
    24 2.035156 0.997070 -1.937500 -1.667267 1.282923 2.944210
    25 6.028144 -0.000011 0.000002 1.571326 0.796669 -0.839160
    26 11.692577 0.000001 0.000004 -0.000376 -0.062978 -1.812481
    27 11.481657 0.000043 0.000019 -1.183866 0.520519 0.156054
    28 3.854334 -0.131699 1.199994 0.887977 0.041686 -0.500120
    29 1.312567 0.000000 0.000000 -0.076006 -0.203868 -0.258727
    30 0.729362 0.000004 0.000003 -0.250341 -0.135455 -0.179419
    31 3.941981 0.050872 0.435162 0.216346 -0.007336 -0.093776
    32 1.539089 0.000008 0.000003 -0.605562 0.126574 -1.244849
    33 1.196316 0.000004 0.000005 0.000000 -0.000162 -0.332870
    34 3.880859 -0.047028 -0.427490 0.051056 0.262892 -0.068599
    35 1.719567 0.000023 0.000016 -0.461231 0.032293 -1.105404
    36 1.209175 0.000008 0.000005 0.175617 0.055179 -0.367832
    37 3.863493 -0.148186 -1.324350 -0.134961 0.400676 -0.397685
    38 1.719419 -0.000008 -0.000008 -0.082106 -0.002364 -0.236718
    39 1.099667 -0.000004 -0.000001 -0.188224 0.009145 -1.119518
    40 0.807129 -0.358887 -1.316406 1.243203 0.551773 -0.740643
    41 1.789783 -0.000002 -0.000002 -0.000009 0.003711 0.228604
    42 1.207001 0.000009 0.000000 -0.023897 -0.040066 0.269693
    43 3.775391 -5.484375 -0.527832 -2.248284 -0.133216 -1.641882
  time 221
    0 -0.000003 -13.531250 -29.421875 1.570788 0.000007 -0.000007
    1 0.000000 3.345131 -2.981898 1.570789 0.086301 1.570789
    2 4.015625 0.000003 0.000000 0.000000 0.000000 -0.029241
    3 3.520294 0.000005 -0.000006 0.000000 0.000000 0.100332
    4 8.929688 0.000001 0.000000 0.000000 0.000000 0.194095
    5 2.036086 0.993556 1.937663 2.605831 -1.047352 1.998859
    6 6.028159 -0.000069 0.000009 -2.060369 -0.736072 -0.458667
    7 11.692566 0.000046 0.000011 0.134501 -0.068029 -1.198017
    8 11.481682 0.000088 -0.000031 0.182725 -0.056166 -0.372890
    9 3.854313 -0.135628 -1.192206 -0.601117 0.164995 -1.019735
    10 1.312565 -0.000008 0.000000 -0.173179 0.426936 -1.001951
    11 0.729366 0.000002 -0.000002 -0.000001 0.040754 -0.240990
    12 3.941966 0.050853 -0.435186 -0.370829 0.062927 -1.074060
    13 1.539091 0.000008 -0.000002 -0.055632 0.210435 -1.027615
    14 1.196321 0.000000 -0.000002 -0.000001 0.006168 -0.430818
    15 3.881376 -0.039219 0.427587 -0.211667 0.057804 -0.923477
    16 1.719578 0.000023 -0.000021 -0.210035 0.127047 -1.122488
    17 1.209181 -0.000004 -0.000001 0.312032 0.209821 -0.320109
    18 3.863479 -0.132591 1.332139 0.288775 0.113317 -0.961107
    19 1.719431 -0.000023 0.000019 0.083030 -0.211032 -0.901704
    20 1.099676 0.000000 0.000006 0.146156 -0.190222 -0.520351
    21 0.807586 -0.343252 1.320583 -1.167849 -0.568654 -1.033561
    22 1.789787 0.000006 0.000006 0.093034 -0.315285 0.534043
    23 1.207012 0.000011 0.000000 0.193922 -0.011360 0.461962
    24 2.035156 0.997070 -1.937500 -1.667267 1.282923 2.944210
    25 6.028144 -0.000011 0.000002 1.571482 0.796768 -0.839065
    26 11.692577 0.000001 0.000004 -0.000388 -0.062902 -1.812427
    27 11.481657 0.000043 0.000019 -1.183866 0.520519 0.156054
    28 3.854334 -0.131699 1.199994 0.887977 0.041686 -0.500120
    29 1.312567 0.000000 0.000000 -0.076006 -0.203868 -0.258727
    30 0.729362 0.000004 0.000003 -0.250341 -0.135455 -0.179419
    31 3.941981 0.050872 0.435162 0.216346 -0.007336 -0.093776
    32 1.539089 0.000008 0.000003 -0.605562 0.126574 -1.244849
    33 1.196316 0.000004 0.000005 0.000000 -0.000162 -0.332870
    34 3.880859 -0.047028 -0.427490 0.051056 0.262892 -0.068599
    35 1.719567 0.000023 0.000016 -0.461231 0.032293 -1.105404
    36 1.209175 0.000008 0.000005 0.175617 0.055179 -0.367832
    37 3.867399 -0.148186 -1.324350 -0.134961 0.400676 -0.397685
    38 1.719419 -0.000008 -0.000008 -0.082106 -0.002364 -0.236718
    39 1.099667 -0.000004 -0.000001 -0.188224 0.009145 -1.119518
    40 0.807129 -0.358887 -1.316406 1.243203 0.551773 -0.740643
    41 1.789783 -0.000002 -0.000002 -0.000009 0.003711 0.228604
    42 1.207001 0.000009 0.000000 -0.023897 -0.040066 0.269693
    43 3.775391 -5.484375 -0.527832 -2.248284 -0.133216 -1.641882
  time 222
    0 -0.000003 -13.531250 -29.421875 1.570788 0.000007 -0.000007
    1 0.000000 3.345131 -2.981898 1.570789 0.086301 1.570789
    2 4.015625 0.000003 0.000000 0.000000 0.000000 -0.029241
    3 3.520294 0.000005 -0.000006 0.000000 0.000000 0.100332
    4 8.929688 0.000001 0.000000 0.000000 0.000000 0.194095
    5 2.036086 0.993556 1.937663 2.603245 -1.049018 2.001182
    6 6.028159 -0.000069 0.000009 -2.058244 -0.712311 -0.464935
    7 11.692566 0.000046 0.000011 0.132560 -0.071586 -1.228009
    8 11.481682 0.000088 -0.000031 0.201079 -0.080132 -0.359556
    9 3.858219 -0.135628 -1.192206 -0.593926 0.174367 -0.993740
    10 1.312565 -0.000008 0.000000 -0.160152 0.399756 -0.956912
    11 0.729366 0.000002 -0.000002 -0.000001 0.040754 -0.240990
    12 3.938059 0.050853 -0.435186 -0.365244 0.065672 -1.056625
    13 1.539091 0.000008 -0.000002 -0.051522 0.195083 -0.969418
    14 1.196321 0.000000 -0.000002 -0.000001 0.006168 -0.430818
    15 3.881376 -0.039219 0.427587 -0.211631 0.060980 -0.908585
    16 1.719578 0.000023 -0.000021 -0.194107 0.120959 -1.071152
    17 1.209181 -0.000004 -0.000001 0.312032 0.209821 -0.320109
    18 3.863479 -0.132591 1.332139 0.289482 0.105314 -0.954352
    19 1.719431 -0.000023 0.000019 0.079159 -0.204716 -0.862890
    20 1.099676 0.000000 0.000006 0.144970 -0.188676 -0.518421
    21 0.807586 -0.343252 1.320583 -1.165596 -0.569937 -1.042143
    22 1.789787 0.000006 0.000006 0.092291 -0.312772 0.531574
    23 1.207012 0.000011 0.000000 0.192915 -0.011623 0.460164
    24 2.035156 0.997070 -1.937500 -1.667267 1.282923 2.944210
    25 6.028144 -0.000011 0.000002 1.571626 0.796867 -0.838969
    26 11.692577 0.000001 0.000004 -0.000388 -0.062813 -1.812320
    27 11.481657 0.000043 0.000019 -1.183866 0.520519 0.156054
    28 3.854334 -0.131699 1.199994 0.887977 0.041686 -0.500120
    29 1.312567 0.000000 0.000000 -0.076006 -0.203868 -0.258727
    30 0.729362 0.000004 0.000003 -0.250341 -0.135455 -0.179419
    31 3.941981 0.050872 0.435162 0.216346 -0.007336 -0.093776
    32 1.539089 0.000008 0.000003 -0.605562 0.126574 -1.244879
    33 1.196316 0.000004 0.000005 0.000000 -0.000162 -0.332870
    34 3.880859 -0.047028 -0.427490 0.051056 0.262892 -0.068599
    35 1.719567 0.000023 0.000016 -0.461231 0.032293 -1.105426
    36 1.209175 0.000008 0.000005 0.175617 0.055179 -0.367832
    37 3.867399 -0.148186 -1.324350 -0.134961 0.400676 -0.397685
    38 1.719419 -0.000008 -0.000008 -0.082106 -0.002364 -0.236718
    39 1.099667 -0.000004 -0.000001 -0.188224 0.009145 -1.119518
    40 0.807129 -0.358887 -1.316406 1.243203 0.551773 -0.740643
    41 1.789783 -0.000002 -0.000002 -0.000009 0.003711 0.228604
    42 1.207001 0.000009 0.000000 -0.023897 -0.040066 0.269693
    43 3.775391 -5.484375 -0.527832 -2.248284 -0.133216 -1.641882
  time 223
    0 -0.000003 -13.531250 -29.421875 1.570788 0.000007 -0.000007
    1 0.000000 3.345131 -2.981898 1.570789 0.086301 1.570789
    2 4.015625 0.000003 0.000000 0.000000 0.000000 -0.029241
    3 3.520294 0.000005 -0.000006 0.000000 0.000000 0.100332
    4 8.929688 0.000001 0.000000 0.000000 0.000000 0.194095
    5 2.036086 0.993556 1.937663 2.600201 -1.050972 2.003903
    6 6.028159 -0.000069 0.000009 -2.056137 -0.693206 -0.470244
    7 11.692566 0.000046 0.000011 0.130786 -0.074163 -1.254232
    8 11.481682 0.000088 -0.000031 0.217388 -0.101166 -0.347421
    9 3.854313 -0.135628 -1.192206 -0.587538 0.182468 -0.971333
    10 1.312565 -0.000008 0.000000 -0.148958 0.376297 -0.918238
    11 0.729366 0.000002 -0.000002 -0.000001 0.040754 -0.240990
    12 3.938059 0.050853 -0.435186 -0.359971 0.068165 -1.041653
    13 1.539091 0.000008 -0.000002 -0.047962 0.181876 -0.919364
    14 1.196321 0.000000 -0.000002 -0.000001 0.006168 -0.430818
    15 3.881376 -0.039219 0.427587 -0.211811 0.063700 -0.895781
    16 1.719578 0.000023 -0.000021 -0.180445 0.115326 -1.026594
    17 1.209181 -0.000004 -0.000001 0.312032 0.209821 -0.320109
    18 3.863479 -0.132591 1.332139 0.290261 0.097660 -0.947272
    19 1.719431 -0.000023 0.000019 0.075684 -0.199120 -0.829128
    20 1.099676 0.000000 0.000006 0.143735 -0.187058 -0.516384
    21 0.807586 -0.343252 1.320583 -1.163630 -0.571003 -1.049541
    22 1.789787 0.000006 0.000006 0.091500 -0.310143 0.528986
    23 1.207012 0.000011 0.000000 0.191848 -0.011887 0.458258
    24 2.035156 0.997070 -1.937500 -1.667267 1.282923 2.944210
    25 6.028144 -0.000011 0.000002 1.571782 0.796966 -0.838873
    26 11.692577 0.000001 0.000004 -0.000388 -0.062724 -1.812213
    27 11.481657 0.000043 0.000019 -1.183866 0.520519 0.156054
    28 3.854334 -0.131699 1.199994 0.887977 0.041686 -0.500120
    29 1.312567 0.000000 0.000000 -0.076006 -0.203868 -0.258727
    30 0.729362 0.000004 0.000003 -0.250341 -0.135455 -0.179419
    31 3.941981 0.050872 0.435162 0.216346 -0.007336 -0.093776
    32 1.539089 0.000008 0.000003 -0.605562 0.126574 -1.244849
    33 1.196316 0.000004 0.000005 0.000000 -0.000162 -0.332870
    34 3.880859 -0.047028 -0.427490 0.051056 0.262892 -0.068599
    35 1.719567 0.000023 0.000016 -0.461231 0.032293 -1.105404
    36 1.209175 0.000008 0.000005 0.175617 0.055179 -0.367832
    37 3.863493 -0.148186 -1.324350 -0.134961 0.400676 -0.397685
    38 1.719419 -0.000008 -0.000008 -0.082106 -0.002364 -0.236718
    39 1.099667 -0.000004 -0.000001 -0.188224 0.009145 -1.119518
    40 0.807129 -0.358887 -1.316406 1.243203 0.551773 -0.740643
    41 1.789783 -0.000002 -0.000002 -0.000009 0.003711 0.228604
    42 1.207001 0.000009 0.000000 -0.023897 -0.040066 0.269693
    43 3.775391 -5.484375 -0.527832 -2.248284 -0.133216 -1.641882
  time 224
    0 -0.000003 -13.531250 -29.421875 1.570788 0.000007 -0.000007
    1 0.000000 3.345131 -2.981898 1.570789 0.086301 1.570789
    2 4.015625 0.000003 0.000000 0.000000 0.000000 -0.029241
    3 3.520294 0.000005 -0.000006 0.000000 0.000000 0.100332
    4 8.929688 0.000001 0.000000 0.000000 0.000000 0.194095
    5 2.036086 0.993556 1.937663 2.593588 -1.055154 2.009802
    6 6.028159 -0.000069 0.000009 -2.053466 -0.685725 -0.474331
    7 11.692566 0.000046 0.000011 0.129060 -0.074662 -1.273389
    8 11.481682 0.000088 -0.000031 0.232188 -0.116005 -0.335762
    9 3.858219 -0.135628 -1.192206 -0.582996 0.187945 -0.955747
    10 1.312565 -0.000008 0.000000 -0.141228 0.360034 -0.891557
    11 0.729366 0.000002 -0.000002 -0.000001 0.040754 -0.240990
    12 3.941966 0.050853 -0.435186 -0.354494 0.070250 -1.031309
    13 1.539091 0.000008 -0.000002 -0.045506 0.172720 -0.884724
    14 1.196321 0.000000 -0.000002 -0.000001 0.006168 -0.430818
    15 3.881376 -0.039219 0.427587 -0.212698 0.065582 -0.886925
    16 1.719578 0.000023 -0.000021 -0.171037 0.109754 -0.994185
    17 1.209181 -0.000004 -0.000001 0.312032 0.209821 -0.320109
    18 3.863479 -0.132591 1.332139 0.291495 0.089520 -0.937003
    19 1.719431 -0.000023 0.000019 0.072915 -0.194889 -0.804104
    20 1.099676 0.000000 0.000006 0.141961 -0.184745 -0.513496
    21 0.807586 -0.343252 1.320583 -1.162252 -0.571722 -1.054655
    22 1.789787 0.000006 0.000006 0.090374 -0.306374 0.525283
    23 1.207012 0.000011 0.000000 0.190326 -0.012270 0.455550
    24 2.035156 0.997070 -1.937500 -1.667267 1.282923 2.944210
    25 6.028144 -0.000011 0.000002 1.572021 0.797140 -0.838729
    26 11.692577 0.000001 0.000004 -0.000400 -0.062584 -1.812052
    27 11.481657 0.000043 0.000019 -1.183866 0.520519 0.156054
    28 3.854334 -0.131699 1.199994 0.887977 0.041686 -0.500120
    29 1.312567 0.000000 0.000000 -0.076006 -0.203868 -0.258727
    30 0.729362 0.000004 0.000003 -0.250341 -0.135455 -0.179419
    31 3.938074 0.050872 0.435162 0.216346 -0.007336 -0.093776
    32 1.539089 0.000008 0.000003 -0.605562 0.126574 -1.244849
    33 1.196316 0.000004 0.000005 0.000000 -0.000162 -0.332870
    34 3.880859 -0.047028 -0.427490 0.051056 0.262892 -0.068599
    35 1.719567 0.000023 0.000016 -0.461231 0.032293 -1.105404
    36 1.209175 0.000008 0.000005 0.175617 0.055179 -0.367832
    37 3.863493 -0.148186 -1.324350 -0.134961 0.400676 -0.397685
    38 1.719419 -0.000008 -0.000008 -0.082106 -0.002364 -0.236718
    39 1.099667 -0.000004 -0.000001 -0.188224 0.009145 -1.119518
    40 0.807129 -0.358887 -1.316406 1.243203 0.551773 -0.740643
    41 1.789783 -0.000002 -0.000002 -0.000009 0.003711 0.228604
    42 1.207001 0.000009 0.000000 -0.023897 -0.040066 0.269693
    43 3.775391 -5.484375 -0.527832 -2.248284 -0.133216 -1.641882
  time 225
    0 -0.000003 -13.531250 -29.421875 1.570788 0.000007 -0.000007
    1 0.000000 3.345131 -2.981898 1.570789 0.086301 1.570789
    2 4.015625 0.000003 0.000000 0.000000 0.000000 -0.029241
    3 3.520294 0.000005 -0.000006 0.000000 0.000000 0.100332
    4 8.929688 0.000001 0.000000 0.000000 0.000000 0.194095
    5 2.036086 0.993556 1.937663 2.586648 -1.059469 2.016037
    6 6.028159 -0.000069 0.000009 -2.050588 -0.678821 -0.478526
    7 11.692566 0.000046 0.000011 0.127298 -0.074961 -1.293069
    8 11.481682 0.000088 -0.000031 0.247183 -0.131342 -0.323808
    9 3.854313 -0.135628 -1.192206 -0.578394 0.193362 -0.940298
    10 1.312565 -0.000008 0.000000 -0.133582 0.343883 -0.865182
    11 0.729366 0.000002 -0.000002 -0.000001 0.040754 -0.240990
    12 3.941966 0.050853 -0.435186 -0.348813 0.072323 -1.021083
    13 1.539091 0.000008 -0.000002 -0.043073 0.163659 -0.850401
    14 1.196321 0.000000 -0.000002 -0.000001 0.006168 -0.430818
    15 3.881376 -0.039219 0.427587 -0.213632 0.067428 -0.878126
    16 1.719578 0.000023 -0.000021 -0.161725 0.104025 -0.961812
    17 1.209181 -0.000004 -0.000001 0.312032 0.209821 -0.320109
    18 3.863479 -0.132591 1.332139 0.292742 0.080985 -0.926383
    19 1.719431 -0.000023 0.000019 0.070135 -0.190646 -0.779347
    20 1.099676 0.000000 0.000006 0.140128 -0.182348 -0.510487
    21 0.807586 -0.343252 1.320583 -1.160874 -0.572429 -1.059733
    22 1.789787 0.000006 0.000006 0.089211 -0.302456 0.521447
    23 1.207012 0.000011 0.000000 0.188744 -0.012678 0.452734
    24 2.035156 0.997070 -1.937500 -1.667267 1.282923 2.944210
    25 6.028144 -0.000011 0.000002 1.572261 0.797288 -0.838585
    26 11.692577 0.000001 0.000004 -0.000412 -0.062444 -1.811945
    27 11.481657 0.000043 0.000019 -1.183866 0.520519 0.156054
    28 3.854334 -0.131699 1.199994 0.887977 0.041686 -0.500120
    29 1.312567 0.000000 0.000000 -0.076006 -0.203868 -0.258727
    30 0.729362 0.000004 0.000003 -0.250341 -0.135455 -0.179419
    31 3.941981 0.050872 0.435162 0.216346 -0.007336 -0.093776
    32 1.539089 0.000008 0.000003 -0.605562 0.126574 -1.244849
    33 1.196316 0.000004 0.000005 0.000000 -0.000162 -0.332870
    34 3.880859 -0.047028 -0.427490 0.051056 0.262892 -0.068599
    35 1.719567 0.000023 0.000016 -0.461231 0.032293 -1.105404
    36 1.209175 0.000008 0.000005 0.175617 0.055179 -0.367832
    37 3.867399 -0.148186 -1.324350 -0.134961 0.400676 -0.397685
    38 1.719419 -0.000008 -0.000008 -0.082106 -0.002364 -0.236718
    39 1.099667 -0.000004 -0.000001 -0.188224 0.009145 -1.119518
    40 0.807129 -0.358887 -1.316406 1.243203 0.551773 -0.740643
    41 1.789783 -0.000002 -0.000002 -0.000009 0.003711 0.228604
    42 1.207001 0.000009 0.000000 -0.023897 -0.040066 0.269693
    43 3.775391 -5.484375 -0.527832 -2.248284 -0.133216 -1.641882
  time 226
    0 -0.000003 -13.531250 -29.421875 1.570788 0.000007 -0.000007
    1 0.000000 3.345131 -2.981898 1.570789 0.086301 1.570789
    2 4.015625 0.000003 0.000000 0.000000 0.000000 -0.029241
    3 3.520294 0.000005 -0.000006 0.000000 0.000000 0.100332
    4 8.929688 0.000001 0.000000 0.000000 0.000000 0.194095
    5 2.036086 0.993556 1.937663 2.579348 -1.063927 2.022578
    6 6.028159 -0.000069 0.000009 -2.047485 -0.672528 -0.482828
    7 11.692566 0.000046 0.000011 0.125489 -0.075061 -1.313221
    8 11.481682 0.000088 -0.000031 0.262276 -0.147158 -0.311623
    9 3.854313 -0.135628 -1.192206 -0.573756 0.198731 -0.924985
    10 1.312565 -0.000008 0.000000 -0.126020 0.327882 -0.839144
    11 0.729366 0.000002 -0.000002 -0.000001 0.040754 -0.240990
    12 3.938059 0.050853 -0.435186 -0.342941 0.074373 -1.010974
    13 1.539091 0.000008 -0.000002 -0.040664 0.154695 -0.816516
    14 1.196321 0.000000 -0.000002 -0.000001 0.006168 -0.430818
    15 3.881376 -0.039219 0.427587 -0.214639 0.069261 -0.869439
    16 1.719578 0.000023 -0.000021 -0.152545 0.098153 -0.929588
    17 1.209181 -0.000004 -0.000001 0.312032 0.209821 -0.320109
    18 3.863479 -0.132591 1.332139 0.294000 0.072055 -0.915466
    19 1.719431 -0.000023 0.000019 0.067342 -0.186404 -0.754887
    20 1.099676 0.000000 0.000006 0.138222 -0.179867 -0.507371
    21 0.807586 -0.343252 1.320583 -1.159496 -0.573101 -1.064747
    22 1.789787 0.000006 0.000006 0.088001 -0.298406 0.517469
    23 1.207012 0.000011 0.000000 0.187114 -0.013085 0.449809
    24 2.035156 0.997070 -1.937500 -1.667267 1.282923 2.944210
    25 6.028144 -0.000011 0.000002 1.572501 0.797437 -0.838441
    26 11.692577 0.000001 0.000004 -0.000424 -0.062305 -1.811785
    27 11.481657 0.000043 0.000019 -1.183866 0.520519 0.156054
    28 3.854334 -0.131699 1.199994 0.887977 0.041686 -0.500120
    29 1.312567 0.000000 0.000000 -0.076006 -0.203868 -0.258727
    30 0.729362 0.000004 0.000003 -0.250341 -0.135455 -0.179419
    31 3.941981 0.050872 0.435162 0.216346 -0.007336 -0.093776
    32 1.539089 0.000008 0.000003 -0.605562 0.126574 -1.244849
    33 1.196316 0.000004 0.000005 0.000000 -0.000162 -0.332870
    34 3.880859 -0.047028 -0.427490 0.051056 0.262892 -0.068599
    35 1.719567 0.000023 0.000016 -0.461231 0.032293 -1.105404
    36 1.209175 0.000008 0.000005 0.175617 0.055179 -0.367832
    37 3.867399 -0.148186 -1.324350 -0.134961 0.400676 -0.397685
    38 1.719419 -0.000008 -0.000008 -0.082106 -0.002364 -0.236718
    39 1.099667 -0.000004 -0.000001 -0.188224 0.009145 -1.119518
    40 0.807129 -0.358887 -1.316406 1.243203 0.551773 -0.740643
    41 1.789783 -0.000002 -0.000002 -0.000009 0.003711 0.228604
    42 1.207001 0.000009 0.000000 -0.023897 -0.040066 0.269693
    43 3.775391 -5.484375 -0.527832 -2.248284 -0.133216 -1.641882
  time 227
    0 -0.000003 -13.531250 -29.421875 1.570788 0.000007 -0.000007
    1 0.000000 3.345131 -2.981898 1.570789 0.086301 1.570789
    2 4.015625 0.000003 0.000000 0.000000 0.000000 -0.029241
    3 3.520294 0.000005 -0.000006 0.000000 0.000000 0.100332
    4 8.929688 0.000001 0.000000 0.000000 0.000000 0.194095
    5 2.036086 0.993556 1.937663 2.571263 -1.068757 2.029823
    6 6.028159 -0.000069 0.000009 -2.042989 -0.666716 -0.488101
    7 11.692566 0.000046 0.000011 0.123535 -0.074313 -1.335361
    8 11.481682 0.000088 -0.000031 0.278439 -0.164284 -0.298470
    9 3.858219 -0.135628 -1.192206 -0.568519 0.204808 -0.908057
    10 1.312565 -0.000008 0.000000 -0.117643 0.310105 -0.810322
    11 0.729366 0.000002 -0.000002 -0.000001 0.040754 -0.240990
    12 3.941966 0.050853 -0.435186 -0.336589 0.076650 -0.999781
    13 1.539091 0.000008 -0.000002 -0.037979 0.144760 -0.778896
    14 1.196321 0.000000 -0.000002 -0.000001 0.006168 -0.430818
    15 3.881376 -0.039219 0.427587 -0.215838 0.071287 -0.859822
    16 1.719578 0.000023 -0.000021 -0.142370 0.091825 -0.893994
    17 1.209181 -0.000004 -0.000001 0.312032 0.209821 -0.320109
    18 3.863479 -0.132591 1.332139 0.295355 0.062457 -0.903548
    19 1.719431 -0.000023 0.000019 0.064226 -0.181622 -0.727812
    20 1.099676 0.000000 0.000006 0.136149 -0.177147 -0.503980
    21 0.807586 -0.343252 1.320583 -1.157950 -0.573832 -1.070324
    22 1.789787 0.000006 0.000006 0.086683 -0.293992 0.513130
    23 1.207012 0.000011 0.000000 0.185329 -0.013541 0.446633
    24 2.035156 0.997070 -1.937500 -1.667267 1.282923 2.944210
    25 6.028144 -0.000011 0.000002 1.572752 0.797610 -0.838286
    26 11.692577 0.000001 0.000004 -0.000424 -0.062152 -1.811624
    27 11.481657 0.000043 0.000019 -1.183866 0.520519 0.156054
    28 3.858240 -0.131699 1.199994 0.887977 0.041686 -0.500120
    29 1.312567 0.000000 0.000000 -0.076006 -0.203868 -0.258727
    30 0.729362 0.000004 0.000003 -0.250341 -0.135455 -0.179419
    31 3.941981 0.050872 0.435162 0.216346 -0.007336 -0.093776
    32 1.539089 0.000008 0.000003 -0.605562 0.126574 -1.244879
    33 1.196316 0.000004 0.000005 0.000000 -0.000162 -0.332870
    34 3.880859 -0.047028 -0.427490 0.051056 0.262892 -0.068599
    35 1.719567 0.000023 0.000016 -0.461231 0.032293 -1.105426
    36 1.209175 0.000008 0.000005 0.175617 0.055179 -0.367832
    37 3.867399 -0.148186 -1.324350 -0.134961 0.400676 -0.397685
    38 1.719419 -0.000008 -0.000008 -0.082106 -0.002364 -0.236718
    39 1.099667 -0.000004 -0.000001 -0.188224 0.009145 -1.119518
    40 0.807129 -0.358887 -1.316406 1.243203 0.551773 -0.740643
    41 1.789783 -0.000002 -0.000002 -0.000009 0.003711 0.228604
    42 1.207001 0.000009 0.000000 -0.023897 -0.040066 0.269693
    43 3.775391 -5.484375 -0.527832 -2.248284 -0.133216 -1.641882
  time 228
    0 -0.000003 -13.531250 -29.421875 1.570788 0.000007 -0.000007
    1 0.000000 3.345131 -2.981898 1.570789 0.086301 1.570789
    2 4.015625 0.000003 0.000000 0.000000 0.000000 -0.029241
    3 3.520294 0.000005 -0.000006 0.000000 0.000000 0.100332
    4 8.929688 0.000001 0.000000 0.000000 0.000000 0.194095
    5 2.036086 0.993556 1.937663 2.561835 -1.074282 2.038289
    6 6.028159 -0.000069 0.000009 -2.035785 -0.661322 -0.495268
    7 11.692566 0.000046 0.000011 0.121330 -0.072002 -1.361218
    8 11.481682 0.000088 -0.000031 0.296696 -0.183612 -0.283543
    9 3.854313 -0.135628 -1.192206 -0.562071 0.212310 -0.887759
    10 1.312565 -0.000008 0.000000 -0.107588 0.288664 -0.775717
    11 0.729366 0.000002 -0.000002 -0.000001 0.040754 -0.240990
    12 3.938059 0.050853 -0.435186 -0.329446 0.079394 -0.986303
    13 1.539091 0.000008 -0.000002 -0.034755 0.132787 -0.733689
    14 1.196321 0.000000 -0.000002 -0.000001 0.006168 -0.430818
    15 3.881376 -0.039219 0.427587 -0.217444 0.073720 -0.848230
    16 1.719578 0.000023 -0.000021 -0.130134 0.084718 -0.851473
    17 1.209181 -0.000004 -0.000001 0.312032 0.209821 -0.320109
    18 3.863479 -0.132591 1.332139 0.296877 0.051796 -0.889875
    19 1.719431 -0.000023 0.000019 0.060415 -0.175774 -0.695239
    20 1.099676 0.000000 0.000006 0.133764 -0.174043 -0.500097
    21 0.807586 -0.343252 1.316677 -1.156068 -0.574670 -1.077035
    22 1.789787 0.000006 0.000006 0.085172 -0.288933 0.508169
    23 1.207012 0.000011 0.000000 0.183291 -0.014056 0.442990
    24 2.035156 0.997070 -1.937500 -1.667267 1.282923 2.944210
    25 6.028144 -0.000011 0.000002 1.573076 0.797809 -0.838082
    26 11.692577 0.000001 0.000004 -0.000436 -0.061974 -1.811410
    27 11.481657 0.000043 0.000019 -1.183866 0.520519 0.156054
    28 3.858240 -0.131699 1.199994 0.887977 0.041686 -0.500120
    29 1.312567 0.000000 0.000000 -0.076006 -0.203868 -0.258727
    30 0.729362 0.000004 0.000003 -0.250341 -0.135455 -0.179419
    31 3.941981 0.050872 0.435162 0.216346 -0.007336 -0.093776
    32 1.539089 0.000008 0.000003 -0.605562 0.126574 -1.244849
    33 1.196316 0.000004 0.000005 0.000000 -0.000162 -0.332870
    34 3.880859 -0.047028 -0.427490 0.051056 0.262892 -0.068599
    35 1.719567 0.000023 0.000016 -0.461231 0.032293 -1.105404
    36 1.209175 0.000008 0.000005 0.175617 0.055179 -0.367832
    37 3.867399 -0.148186 -1.324350 -0.134961 0.400676 -0.397685
    38 1.719419 -0.000008 -0.000008 -0.082106 -0.002364 -0.236718
    39 1.099667 -0.000004 -0.000001 -0.188224 0.009145 -1.119518
    40 0.807129 -0.358887 -1.316406 1.243203 0.551773 -0.740643
    41 1.789783 -0.000002 -0.000002 -0.000009 0.003711 0.228604
    42 1.207001 0.000009 0.000000 -0.023897 -0.040066 0.269693
    43 3.775391 -5.484375 -0.527832 -2.248284 -0.133216 -1.641882
  time 229
    0 -0.000003 -13.531250 -29.421875 1.570788 0.000007 -0.000007
    1 0.000000 3.345131 -2.981898 1.570789 0.086301 1.570789
    2 4.015625 0.000003 0.000000 0.000000 0.000000 -0.029241
    3 3.520294 0.000005 -0.000006 0.000000 0.000000 0.100332
    4 8.929688 0.000001 0.000000 0.000000 0.000000 0.194095
    5 2.036086 0.993556 1.937663 2.550902 -1.080526 2.048162
    6 6.028159 -0.000069 0.000009 -2.025816 -0.656409 -0.504365
    7 11.692566 0.000046 0.000011 0.118861 -0.068029 -1.390581
    8 11.481682 0.000088 -0.000031 0.317241 -0.205142 -0.266794
    9 3.854313 -0.135628 -1.192206 -0.554425 0.221059 -0.864256
    10 1.312565 -0.000008 0.000000 -0.095975 0.263821 -0.735880
    11 0.729366 0.000002 -0.000002 -0.000001 0.040754 -0.240990
    12 3.938059 0.050853 -0.435186 -0.321476 0.082570 -0.970714
    13 1.539091 0.000008 -0.000002 -0.031028 0.118957 -0.681451
    14 1.196321 0.000000 -0.000002 -0.000001 0.006168 -0.430818
    15 3.881376 -0.039219 0.427587 -0.219541 0.076512 -0.834833
    16 1.719578 0.000023 -0.000021 -0.116028 0.076820 -0.802507
    17 1.209181 -0.000004 -0.000001 0.247962 0.126072 -0.407677
    18 3.863479 -0.132591 1.332139 0.298566 0.039950 -0.874228
    19 1.719431 -0.000023 0.000019 0.055897 -0.168894 -0.657673
    20 1.099676 0.000000 0.000006 0.131055 -0.170495 -0.495663
    21 0.807586 -0.343252 1.320583 -1.153863 -0.575617 -1.084782
    22 1.789787 0.000006 0.000006 0.083447 -0.283164 0.502500
    23 1.207012 0.000011 0.000000 0.180966 -0.014655 0.438843
    24 2.035156 0.997070 -1.937500 -1.667267 1.282923 2.944210
    25 6.028144 -0.000011 0.000002 1.573436 0.798032 -0.837866
    26 11.692577 0.000001 0.000004 -0.000448 -0.061758 -1.811195
    27 11.481657 0.000043 0.000019 -1.183866 0.520519 0.156054
    28 3.854334 -0.131699 1.199994 0.887977 0.041686 -0.500120
    29 1.312567 0.000000 0.000000 -0.076006 -0.203868 -0.258727
    30 0.729362 0.000004 0.000003 -0.250341 -0.135455 -0.179419
    31 3.941981 0.050872 0.435162 0.216346 -0.007336 -0.093776
    32 1.539089 0.000008 0.000003 -0.605562 0.126574 -1.244849
    33 1.196316 0.000004 0.000005 0.000000 -0.000162 -0.332870
    34 3.880859 -0.047028 -0.427490 0.051056 0.262892 -0.068599
    35 1.719567 0.000023 0.000016 -0.461231 0.032293 -1.105404
    36 1.209175 0.000008 0.000005 0.175617 0.055179 -0.367832
    37 3.867399 -0.148186 -1.324350 -0.134961 0.400676 -0.397685
    38 1.719419 -0.000008 -0.000008 -0.082106 -0.002364 -0.236718
    39 1.099667 -0.000004 -0.000001 -0.188224 0.009145 -1.119518
    40 0.807129 -0.358887 -1.316406 1.243203 0.551773 -0.740643
    41 1.789783 -0.000002 -0.000002 -0.000009 0.003711 0.228604
    42 1.207001 0.000009 0.000000 -0.023897 -0.040066 0.269693
    43 3.775391 -5.484375 -0.527832 -2.248284 -0.133216 -1.641882
  time 230
    0 -0.000003 -13.531250 -29.421875 1.570788 0.000007 -0.000007
    1 0.000000 3.345131 -2.981898 1.570789 0.086301 1.570789
    2 4.015625 0.000003 0.000000 0.000000 0.000000 -0.029241
    3 3.520294 0.000005 -0.000006 0.000000 0.000000 0.100332
    4 8.929688 0.000001 0.000000 0.000000 0.000000 0.194095
    5 2.036086 0.993556 1.937663 2.538233 -1.087560 2.059563
    6 6.028159 -0.000069 0.000009 -2.013119 -0.652010 -0.515354
    7 11.692566 0.000046 0.000011 0.116153 -0.062376 -1.422928
    8 11.481682 0.000088 -0.000031 0.340025 -0.228693 -0.248288
    9 3.858219 -0.139534 -1.192206 -0.545676 0.230718 -0.838097
    10 1.312565 -0.000008 0.000000 -0.083103 0.236156 -0.691759
    11 0.729366 0.000002 -0.000002 -0.000001 0.040754 -0.240990
    12 3.941966 0.050853 -0.435186 -0.312644 0.086106 -0.953427
    13 1.539091 0.000008 -0.000002 -0.026893 0.103593 -0.623452
    14 1.196321 0.000000 -0.000002 -0.000001 0.006168 -0.430818
    15 3.881376 -0.039219 0.427587 -0.222261 0.079616 -0.819970
    16 1.719578 0.000023 -0.000021 -0.100388 0.068167 -0.748171
    17 1.209181 -0.000004 -0.000001 0.248477 0.148280 -0.415747
    18 3.863479 -0.136498 1.332139 0.300412 0.026814 -0.856528
    19 1.719431 -0.000023 0.000019 0.050720 -0.161092 -0.616006
    20 1.099676 0.000000 0.000006 0.127987 -0.166492 -0.490665
    21 0.807586 -0.343252 1.320583 -1.151382 -0.576624 -1.093402
    22 1.789787 0.000006 0.000006 0.081493 -0.276634 0.496088
    23 1.207012 0.000011 0.000000 0.178330 -0.015315 0.434145
    24 2.035156 0.997070 -1.937500 -1.667267 1.282923 2.944210
    25 6.028144 -0.000011 0.000002 1.573843 0.798279 -0.837614
    26 11.692577 0.000001 0.000004 -0.000460 -0.061529 -1.810981
    27 11.481657 0.000043 0.000019 -1.183866 0.520519 0.156054
    28 3.854334 -0.131699 1.199994 0.887977 0.041686 -0.500120
    29 1.312567 0.000000 0.000000 -0.076006 -0.203868 -0.258727
    30 0.729362 0.000004 0.000003 -0.250341 -0.135455 -0.179419
    31 3.941981 0.050872 0.435162 0.216346 -0.007336 -0.093776
    32 1.539089 0.000008 0.000003 -0.605562 0.126574 -1.244849
    33 1.196316 0.000004 0.000005 0.000000 -0.000162 -0.332870
    34 3.880859 -0.047028 -0.427490 0.051056 0.262892 -0.068599
    35 1.719567 0.000023 0.000016 -0.461231 0.032293 -1.105404
    36 1.209175 0.000008 0.000005 0.175617 0.055179 -0.367832
    37 3.867399 -0.148186 -1.324350 -0.134961 0.400676 -0.397685
    38 1.719419 -0.000008 -0.000008 -0.082106 -0.002364 -0.236718
    39 1.099667 -0.000004 -0.000001 -0.188224 0.009145 -1.119518
    40 0.807129 -0.358887 -1.316406 1.243203 0.551773 -0.740643
    41 1.789783 -0.000002 -0.000002 -0.000009 0.003711 0.228604
    42 1.207001 0.000009 0.000000 -0.023897 -0.040066 0.269693
    43 3.775391 -5.484375 -0.527832 -2.248284 -0.133216 -1.641882
  time 231
    0 -0.000003 -13.531250 -29.421875 1.570788 0.000007 -0.000007
    1 0.000000 3.345131 -2.981898 1.570789 0.086301 1.570789
    2 4.015625 0.000003 0.000000 0.000000 0.000000 -0.029241
    3 3.520294 0.000005 -0.000006 0.000000 0.000000 0.100332
    4 8.929688 0.000001 0.000000 0.000000 0.000000 0.194095
    5 2.036086 0.993556 1.937663 2.523732 -1.095338 2.072706
    6 6.028159 -0.000069 0.000009 -1.997921 -0.648221 -0.528046
    7 11.692566 0.000046 0.000011 0.113216 -0.055095 -1.457526
    8 11.481682 0.000088 -0.000031 0.364952 -0.253934 -0.228188
    9 3.858219 -0.135628 -1.192206 -0.536017 0.240809 -0.810102
    10 1.312565 -0.000008 0.000000 -0.069405 0.206583 -0.644884
    11 0.729366 0.000002 -0.000002 -0.000001 0.040754 -0.240990
    12 3.941966 0.050853 -0.435186 -0.303032 0.089893 -0.934996
    13 1.539091 0.000008 -0.000002 -0.022483 0.087222 -0.561680
    14 1.196321 0.000000 -0.000002 -0.000001 0.006168 -0.430818
    15 3.881376 -0.039219 0.427587 -0.225677 0.082900 -0.804148
    16 1.719578 0.000023 -0.000021 -0.083753 0.058831 -0.690093
    17 1.209181 -0.000004 -0.000001 0.241335 0.139171 -0.399997
    18 3.863479 -0.136498 1.332139 0.302401 0.012341 -0.836775
    19 1.719431 -0.000023 0.000019 0.044955 -0.152583 -0.571723
    20 1.099676 0.000000 0.000006 0.124560 -0.162010 -0.485068
    21 0.807586 -0.343252 1.320583 -1.148698 -0.577631 -1.102596
    22 1.789787 0.000006 0.000006 0.079324 -0.269343 0.488933
    23 1.207012 0.000011 0.000000 0.175381 -0.016058 0.428896
    24 2.035156 0.997070 -1.937500 -1.667267 1.282923 2.944210
    25 6.028144 -0.000011 0.000002 1.574286 0.798552 -0.837339
    26 11.692577 0.000001 0.000004 -0.000472 -0.061275 -1.810713
    27 11.481657 0.000043 0.000019 -1.183866 0.520519 0.156054
    28 3.858240 -0.131699 1.199994 0.887977 0.041686 -0.500120
    29 1.312567 0.000000 0.000000 -0.076006 -0.203868 -0.258727
    30 0.729362 0.000004 0.000003 -0.250341 -0.135455 -0.179419
    31 3.941981 0.050872 0.435162 0.216346 -0.007336 -0.093776
    32 1.539089 0.000008 0.000003 -0.605562 0.126574 -1.244849
    33 1.196316 0.000004 0.000005 0.000000 -0.000162 -0.332870
    34 3.880859 -0.047028 -0.427490 0.051056 0.262892 -0.068599
    35 1.719567 0.000023 0.000016 -0.461231 0.032293 -1.105404
    36 1.209175 0.000008 0.000005 0.175617 0.055179 -0.367832
    37 3.867399 -0.148186 -1.324350 -0.134961 0.400676 -0.397685
    38 1.719419 -0.000008 -0.000008 -0.082106 -0.002364 -0.236718
    39 1.099667 -0.000004 -0.000001 -0.188224 0.009145 -1.119518
    40 0.807129 -0.358887 -1.316406 1.243203 0.551773 -0.740643
    41 1.789783 -0.000002 -0.000002 -0.000009 0.003711 0.228604
    42 1.207001 0.000009 0.000000 -0.023897 -0.040066 0.269693
    43 3.775391 -5.484375 -0.527832 -2.248284 -0.133216 -1.641882
  time 232
    0 -0.000003 -13.531250 -29.421875 1.570788 0.000007 -0.000007
    1 0.000000 3.345131 -2.981898 1.570789 0.086301 1.570789
    2 4.015625 0.000003 0.000000 0.000000 0.000000 -0.029241
    3 3.520294 0.000005 -0.000006 0.000000 0.000000 0.100332
    4 8.929688 0.000001 0.000000 0.000000 0.000000 0.194095
    5 2.036086 0.993556 1.937663 2.507299 -1.103836 2.087592
    6 6.028159 -0.000069 0.000009 -1.980634 -0.644978 -0.542140
    7 11.692566 0.000046 0.000011 0.110100 -0.046383 -1.493328
    8 11.481682 0.000088 -0.000031 0.391728 -0.280334 -0.206775
    9 3.858219 -0.135628 -1.192206 -0.525818 0.250697 -0.781312
    10 1.312565 -0.000008 0.000000 -0.055491 0.176357 -0.597336
    11 0.729366 0.000002 -0.000002 -0.000001 0.040754 -0.240990
    12 3.941966 0.050853 -0.435186 -0.292725 0.093752 -0.916273
    13 1.539091 0.000008 -0.000002 -0.017977 0.070527 -0.498835
    14 1.196321 0.000000 -0.000002 -0.000001 0.006168 -0.430818
    15 3.881376 -0.039219 0.427587 -0.229872 0.086231 -0.788016
    16 1.719578 0.000023 -0.000021 -0.066855 0.048968 -0.630534
    17 1.209181 -0.000004 -0.000001 0.207742 0.108850 -0.408975
    18 3.863479 -0.132591 1.332139 0.304475 -0.003453 -0.815075
    19 1.719431 -0.000023 0.000019 0.038771 -0.143715 -0.526727
    20 1.099676 0.000000 0.000006 0.120797 -0.157072 -0.478920
    21 0.807586 -0.343252 1.320583 -1.145929 -0.578613 -1.111952
    22 1.789787 0.000006 0.000006 0.076927 -0.261309 0.481059
    23 1.207012 0.000011 0.000000 0.172146 -0.016885 0.423120
    24 2.035156 0.997070 -1.937500 -1.667267 1.282923 2.944210
    25 6.028144 -0.000011 0.000002 1.574730 0.798824 -0.837075
    26 11.692577 0.000001 0.000004 -0.000496 -0.061021 -1.810445
    27 11.481657 0.000043 0.000019 -1.183866 0.520519 0.156054
    28 3.858240 -0.131699 1.199994 0.887977 0.041686 -0.500120
    29 1.312567 0.000000 0.000000 -0.076006 -0.203868 -0.258727
    30 0.729362 0.000004 0.000003 -0.250341 -0.135455 -0.179419
    31 3.941981 0.050872 0.435162 0.216346 -0.007336 -0.093776
    32 1.539089 0.000008 0.000003 -0.605562 0.126574 -1.244849
    33 1.196316 0.000004 0.000005 0.000000 -0.000162 -0.332870
    34 3.880859 -0.047028 -0.427490 0.051056 0.262892 -0.068599
    35 1.719567 0.000023 0.000016 -0.461231 0.032293 -1.105404
    36 1.209175 0.000008 0.000005 0.175617 0.055179 -0.367832
    37 3.867399 -0.148186 -1.324350 -0.134961 0.400676 -0.397685
    38 1.719419 -0.000008 -0.000008 -0.082106 -0.002364 -0.236718
    39 1.099667 -0.000004 -0.000001 -0.188224 0.009145 -1.119518
    40 0.807129 -0.358887 -1.316406 1.243203 0.551773 -0.740643
    41 1.789783 -0.000002 -0.000002 -0.000009 0.003711 0.228604
    42 1.207001 0.000009 0.000000 -0.023897 -0.040066 0.269693
    43 3.775391 -5.484375 -0.527832 -2.248284 -0.133216 -1.641882
  time 233
    0 -0.000003 -13.531250 -29.421875 1.570788 0.000007 -0.000007
    1 0.000000 3.345131 -2.981898 1.570789 0.086301 1.570789
    2 4.015625 0.000003 0.000000 0.000000 0.000000 -0.029241
    3 3.520294 0.000005 -0.000006 0.000000 0.000000 0.100332
    4 8.929688 0.000001 0.000000 0.000000 0.000000 0.194095
    5 2.036086 0.993556 1.937663 2.488934 -1.112908 2.104250
    6 6.028159 -0.000069 0.000009 -1.961862 -0.642345 -0.557169
    7 11.692566 0.000046 0.000011 0.106865 -0.036558 -1.528972
    8 11.481682 0.000088 -0.000031 0.420111 -0.307164 -0.184459
    9 3.858219 -0.139534 -1.192206 -0.515535 0.259649 -0.753126
    10 1.312565 -0.000008 0.000000 -0.042020 0.146971 -0.551471
    11 0.729366 0.000002 -0.000002 -0.000001 0.040754 -0.240990
    12 3.938059 0.050853 -0.435186 -0.281915 0.097491 -0.898106
    13 1.539091 0.000008 -0.000002 -0.013626 0.054372 -0.438016
    14 1.196321 0.000000 -0.000002 -0.000001 0.006168 -0.430818
    15 3.881376 -0.039219 0.427587 -0.234869 0.089443 -0.772391
    16 1.719578 0.000023 -0.000021 -0.050520 0.038733 -0.572235
    17 1.209181 -0.000004 -0.000001 0.143564 0.064747 -0.462113
    18 3.863479 -0.132591 1.332139 0.306608 -0.020463 -0.791727
    19 1.719431 -0.000023 0.000019 0.032359 -0.134942 -0.483247
    20 1.099676 0.000000 0.000006 0.116722 -0.151727 -0.472281
    21 0.807586 -0.343252 1.320583 -1.143197 -0.579500 -1.121021
    22 1.789787 0.000006 0.000006 0.074338 -0.252646 0.472538
    23 1.207012 0.000011 0.000000 0.168646 -0.017771 0.416876
    24 2.035156 0.997070 -1.937500 -1.667267 1.282923 2.944210
    25 6.028144 -0.000011 0.000002 1.575161 0.799072 -0.836811
    26 11.692577 0.000001 0.000004 -0.000508 -0.060780 -1.810177
    27 11.481657 0.000043 0.000019 -1.183866 0.520519 0.156054
    28 3.854334 -0.131699 1.199994 0.887977 0.041686 -0.500120
    29 1.312567 0.000000 0.000000 -0.076006 -0.203868 -0.258727
    30 0.729362 0.000004 0.000003 -0.250341 -0.135455 -0.179419
    31 3.941981 0.050872 0.435162 0.216346 -0.007336 -0.093776
    32 1.539089 0.000008 0.000003 -0.605562 0.126574 -1.244879
    33 1.196316 0.000004 0.000005 0.000000 -0.000162 -0.332870
    34 3.880859 -0.047028 -0.427490 0.051056 0.262892 -0.068599
    35 1.719567 0.000023 0.000016 -0.461231 0.032293 -1.105404
    36 1.209175 0.000008 0.000005 0.175617 0.055179 -0.367832
    37 3.863493 -0.148186 -1.324350 -0.134961 0.400676 -0.397685
    38 1.719419 -0.000008 -0.000008 -0.082106 -0.002364 -0.236718
    39 1.099667 -0.000004 -0.000001 -0.188224 0.009145 -1.119518
    40 0.807129 -0.358887 -1.316406 1.243203 0.551773 -0.740643
    41 1.789783 -0.000002 -0.000002 -0.000009 0.003711 0.228604
    42 1.207001 0.000009 0.000000 -0.023897 -0.040066 0.269693
    43 3.775391 -5.484375 -0.527832 -2.248284 -0.133216 -1.641882
  time 234
    0 -0.000003 -13.531250 -29.421875 1.570788 0.000007 -0.000007
    1 0.000000 3.345131 -2.981898 1.570789 0.086301 1.570789
    2 4.015625 0.000003 0.000000 0.000000 0.000000 -0.029241
    3 3.520294 0.000005 -0.000006 0.000000 0.000000 0.100332
    4 8.929688 0.000001 0.000000 0.000000 0.000000 0.194095
    5 2.036086 0.993556 1.937663 2.468802 -1.122412 2.122590
    6 6.028159 -0.000069 0.000009 -1.942319 -0.640258 -0.572629
    7 11.692566 0.000046 0.000011 0.103581 -0.025985 -1.563046
    8 11.481682 0.000088 -0.000031 0.449566 -0.333647 -0.161699
    9 3.858219 -0.135628 -1.192206 -0.505744 0.266996 -0.726884
    10 1.312565 -0.000008 0.000000 -0.029712 0.119998 -0.509645
    11 0.729366 0.000002 -0.000002 -0.000001 0.040754 -0.240990
    12 3.941966 0.050853 -0.435186 -0.270805 0.100930 -0.881492
    13 1.539091 0.000008 -0.000002 -0.009636 0.039559 -0.382321
    14 1.196321 0.000000 -0.000002 -0.000001 0.006168 -0.430818
    15 3.881376 -0.039219 0.427587 -0.240670 0.092380 -0.758092
    16 1.719578 0.000023 -0.000021 -0.035599 0.028342 -0.517898
    17 1.209181 -0.000004 -0.000001 0.208221 0.116041 -0.416551
    18 3.863479 -0.132591 1.332139 0.308729 -0.038520 -0.767055
    19 1.719431 -0.000023 0.000019 0.025960 -0.126733 -0.443511
    20 1.099676 0.000000 0.000006 0.112395 -0.146071 -0.465246
    21 0.807586 -0.343252 1.320583 -1.140680 -0.580267 -1.129329
    22 1.789787 0.000006 0.000006 0.071594 -0.243438 0.463526
    23 1.207012 0.000011 0.000000 0.164931 -0.018706 0.410260
    24 2.035156 0.997070 -1.937500 -1.667267 1.282923 2.944210
    25 6.028144 -0.000011 0.000002 1.575557 0.799295 -0.836560
    26 11.692577 0.000001 0.000004 -0.000520 -0.060551 -1.809963
    27 11.481657 0.000043 0.000019 -1.183866 0.520519 0.156054
    28 3.854334 -0.131699 1.199994 0.887977 0.041686 -0.500120
    29 1.312567 0.000000 0.000000 -0.076006 -0.203868 -0.258727
    30 0.729362 0.000004 0.000003 -0.250341 -0.135455 -0.179419
    31 3.941981 0.050872 0.435162 0.216346 -0.007336 -0.093776
    32 1.539089 0.000008 0.000003 -0.605562 0.126574 -1.244849
    33 1.196316 0.000004 0.000005 0.000000 -0.000162 -0.332870
    34 3.880859 -0.047028 -0.427490 0.051056 0.262892 -0.068599
    35 1.719567 0.000023 0.000016 -0.461231 0.032293 -1.105404
    36 1.209175 0.000008 0.000005 0.175617 0.055179 -0.367832
    37 3.867399 -0.148186 -1.324350 -0.134961 0.400676 -0.397685
    38 1.719419 -0.000008 -0.000008 -0.082106 -0.002364 -0.236718
    39 1.099667 -0.000004 -0.000001 -0.188224 0.009145 -1.119518
    40 0.807129 -0.358887 -1.316406 1.243203 0.551773 -0.740643
    41 1.789783 -0.000002 -0.000002 -0.000009 0.003711 0.228604
    42 1.207001 0.000009 0.000000 -0.023897 -0.040066 0.269693
    43 3.775391 -5.484375 -0.527832 -2.248284 -0.133216 -1.641882
  time 235
    0 -0.000003 -13.531250 -29.421875 1.570788 0.000007 -0.000007
    1 0.000000 3.345131 -2.981898 1.570789 0.086301 1.570789
    2 4.015625 0.000003 0.000000 0.000000 0.000000 -0.029241
    3 3.520294 0.000005 -0.000006 0.000000 0.000000 0.100332
    4 8.929688 0.000001 0.000000 0.000000 0.000000 0.194095
    5 2.036086 0.993556 1.937663 2.447099 -1.132155 2.142396
    6 6.028159 -0.000069 0.000009 -1.922737 -0.638684 -0.587969
    7 11.692566 0.000046 0.000011 0.100333 -0.015079 -1.594399
    8 11.481682 0.000088 -0.000031 0.479750 -0.359070 -0.139022
    9 3.854313 -0.135628 -1.192206 -0.496971 0.272137 -0.703737
    10 1.312565 -0.000008 0.000000 -0.019141 0.096725 -0.473786
    11 0.729366 0.000002 -0.000002 -0.000001 0.040754 -0.240990
    12 3.938059 0.050853 -0.435186 -0.259660 0.103891 -0.867222
    13 1.539091 0.000008 -0.000002 -0.006208 0.026831 -0.334492
    14 1.196321 0.000000 -0.000002 -0.000001 0.006168 -0.430818
    15 3.881376 -0.039219 0.427587 -0.247177 0.094896 -0.745795
    16 1.719578 0.000023 -0.000021 -0.022812 0.017988 -0.469933
    17 1.209181 -0.000004 -0.000001 0.172124 0.088716 -0.422467
    18 3.863479 -0.132591 1.332139 0.310779 -0.057336 -0.741546
    19 1.719431 -0.000023 0.000019 0.019776 -0.119554 -0.409422
    20 1.099676 0.000000 0.000006 0.107913 -0.140186 -0.457947
    21 0.807586 -0.343252 1.320583 -1.138475 -0.580879 -1.136465
    22 1.789787 0.000006 0.000006 0.068730 -0.233883 0.454142
    23 1.207012 0.000011 0.000000 0.161084 -0.019689 0.403381
    24 2.035156 0.997070 -1.937500 -1.667267 1.282923 2.944210
    25 6.028144 -0.000011 0.000002 1.575892 0.799493 -0.836356
    26 11.692577 0.000001 0.000004 -0.000532 -0.060360 -1.809749
    27 11.481657 0.000043 0.000019 -1.183866 0.520519 0.156054
    28 3.854334 -0.131699 1.199994 0.887977 0.041686 -0.500120
    29 1.312567 0.000000 0.000000 -0.076006 -0.203868 -0.258727
    30 0.729362 0.000004 0.000003 -0.250341 -0.135455 -0.179419
    31 3.941981 0.050872 0.435162 0.216346 -0.007336 -0.093776
    32 1.539089 0.000008 0.000003 -0.605562 0.126574 -1.244849
    33 1.196316 0.000004 0.000005 0.000000 -0.000162 -0.332870
    34 3.880859 -0.047028 -0.427490 0.051056 0.262892 -0.068599
    35 1.719567 0.000023 0.000016 -0.461231 0.032293 -1.105404
    36 1.209175 0.000008 0.000005 0.175617 0.055179 -0.367832
    37 3.863493 -0.148186 -1.324350 -0.134961 0.400676 -0.397685
    38 1.719419 -0.000008 -0.000008 -0.082106 -0.002364 -0.236718
    39 1.099667 -0.000004 -0.000001 -0.188224 0.009145 -1.119518
    40 0.807129 -0.358887 -1.316406 1.243203 0.551773 -0.740643
    41 1.789783 -0.000002 -0.000002 -0.000009 0.003711 0.228604
    42 1.207001 0.000009 0.000000 -0.023897 -0.040066 0.269693
    43 3.775391 -5.484375 -0.527832 -2.248284 -0.133216 -1.641882
  time 236
    0 -0.000003 -13.531250 -29.421875 1.570788 0.000007 -0.000007
    1 0.000000 3.345131 -2.981898 1.570789 0.086301 1.570789
    2 4.015625 0.000003 0.000000 0.000000 0.000000 -0.029241
    3 3.520294 0.000005 -0.000006 0.000000 0.000000 0.100332
    4 8.929688 0.000001 0.000000 0.000000 0.000000 0.194095
    5 2.036086 0.993556 1.937663 2.424086 -1.141935 2.163487
    6 6.028159 -0.000069 0.000009 -1.903758 -0.637496 -0.602746
    7 11.692566 0.000046 0.000011 0.097169 -0.004239 -1.622087
    8 11.481682 0.000088 -0.000031 0.510227 -0.382837 -0.116854
    9 3.858219 -0.135628 -1.192206 -0.489660 0.274702 -0.684645
    10 1.312565 -0.000008 0.000000 -0.010728 0.078163 -0.445300
    11 0.729366 0.000002 -0.000002 -0.000001 0.040754 -0.240990
    12 3.941966 0.050853 -0.435186 -0.248658 0.106240 -0.855883
    13 1.539091 0.000008 -0.000002 -0.003476 0.016692 -0.296435
    14 1.196321 0.000000 -0.000002 -0.000001 0.006168 -0.430818
    15 3.881376 -0.039219 0.427587 -0.254308 0.096886 -0.736037
    16 1.719578 0.000023 -0.000021 -0.012673 0.007837 -0.430079
    17 1.209181 -0.000004 -0.000001 0.152061 0.057928 -0.441018
    18 3.863479 -0.132591 1.332139 0.312720 -0.076699 -0.715604
    19 1.719431 -0.000023 0.000019 0.013999 -0.113741 -0.382347
    20 1.099676 0.000000 0.000006 0.103323 -0.134170 -0.450493
    21 0.807586 -0.343252 1.320583 -1.136713 -0.581346 -1.142153
    22 1.789787 0.000006 0.000006 0.065817 -0.224129 0.444566
    23 1.207012 0.000011 0.000000 0.157141 -0.020684 0.396358
    24 2.035156 0.997070 -1.937500 -1.667267 1.282923 2.944210
    25 6.028144 -0.000011 0.000002 1.576168 0.799667 -0.836188
    26 11.692577 0.000001 0.000004 -0.000544 -0.060208 -1.809588
    27 11.481657 0.000043 0.000019 -1.183866 0.520519 0.156054
    28 3.858240 -0.131699 1.199994 0.887977 0.041686 -0.500120
    29 1.312567 0.000000 0.000000 -0.076006 -0.203868 -0.258727
    30 0.729362 0.000004 0.000003 -0.250341 -0.135455 -0.179419
    31 3.941981 0.050872 0.435162 0.216346 -0.007336 -0.093776
    32 1.539089 0.000008 0.000003 -0.605562 0.126574 -1.244849
    33 1.196316 0.000004 0.000005 0.000000 -0.000162 -0.332870
    34 3.880859 -0.047028 -0.427490 0.051056 0.262892 -0.068599
    35 1.719567 0.000023 0.000016 -0.461231 0.032293 -1.105404
    36 1.209175 0.000008 0.000005 0.175617 0.055179 -0.367832
    37 3.867399 -0.148186 -1.324350 -0.134961 0.400676 -0.397685
    38 1.719419 -0.000008 -0.000008 -0.082106 -0.002364 -0.236718
    39 1.099667 -0.000004 -0.000001 -0.188224 0.009145 -1.119518
    40 0.807129 -0.358887 -1.316406 1.243203 0.551773 -0.740643
    41 1.789783 -0.000002 -0.000002 -0.000009 0.003711 0.228604
    42 1.207001 0.000009 0.000000 -0.023897 -0.040066 0.269693
    43 3.775391 -5.484375 -0.527832 -2.248284 -0.133216 -1.641882
  time 237
    0 -0.000003 -13.531250 -29.421875 1.570788 0.000007 -0.000007
    1 0.000000 3.345131 -2.981898 1.570789 0.086301 1.570789
    2 4.015625 0.000003 0.000000 0.000000 0.000000 -0.029241
    3 3.520294 0.000005 -0.000006 0.000000 0.000000 0.100332
    4 8.929688 0.000001 0.000000 0.000000 0.000000 0.194095
    5 2.036086 0.993556 1.937663 2.399928 -1.151630 2.185647
    6 6.028159 -0.000069 0.000009 -1.885908 -0.636661 -0.616624
    7 11.692566 0.000046 0.000011 0.094137 0.006234 -1.645536
    8 11.481682 0.000088 -0.000031 0.540801 -0.404549 -0.095539
    9 3.858219 -0.135628 -1.192206 -0.484087 0.274534 -0.670072
    10 1.312565 -0.000008 0.000000 -0.004712 0.064853 -0.424953
    11 0.729366 0.000002 -0.000002 -0.000001 0.040754 -0.240990
    12 3.938059 0.050853 -0.435186 -0.237980 0.107929 -0.847737
    13 1.539091 0.000008 -0.000002 -0.001522 0.009430 -0.269184
    14 1.196321 0.000000 -0.000002 -0.000001 0.006168 -0.430818
    15 3.881376 -0.039219 0.427587 -0.261942 0.098312 -0.729014
    16 1.719578 0.000023 -0.000021 -0.005470 -0.002003 -0.399299
    17 1.209181 -0.000004 -0.000001 0.183905 0.131465 -0.515640
    18 3.863479 -0.132591 1.332139 0.314518 -0.096366 -0.689635
    19 1.719431 -0.000023 0.000019 0.008738 -0.109547 -0.362970
    20 1.099676 0.000000 0.000006 0.098709 -0.128106 -0.442978
    21 0.807586 -0.343252 1.320583 -1.135443 -0.581669 -1.146220
    22 1.789787 0.000006 0.000006 0.062881 -0.214276 0.434907
    23 1.207012 0.000011 0.000000 0.153174 -0.021690 0.389275
    24 2.035156 0.997070 -1.937500 -1.667267 1.282923 2.944210
    25 6.028144 -0.000011 0.000002 1.576360 0.799766 -0.836068
    26 11.692577 0.000001 0.000004 -0.000544 -0.060093 -1.809481
    27 11.481657 0.000043 0.000019 -1.183866 0.520519 0.156054
    28 3.854334 -0.131699 1.199994 0.887977 0.041686 -0.500120
    29 1.312567 0.000000 0.000000 -0.076006 -0.203868 -0.258727
    30 0.729362 0.000004 0.000003 -0.250341 -0.135455 -0.179419
    31 3.941981 0.050872 0.435162 0.216346 -0.007336 -0.093776
    32 1.539089 0.000008 0.000003 -0.605562 0.126574 -1.244849
    33 1.196316 0.000004 0.000005 0.000000 -0.000162 -0.332870
    34 3.880859 -0.047028 -0.427490 0.051056 0.262892 -0.068599
    35 1.719567 0.000023 0.000016 -0.461231 0.032293 -1.105404
    36 1.209175 0.000008 0.000005 0.175617 0.055179 -0.367832
    37 3.867399 -0.148186 -1.324350 -0.134961 0.400676 -0.397685
    38 1.719419 -0.000008 -0.000008 -0.082106 -0.002364 -0.236718
    39 1.099667 -0.000004 -0.000001 -0.188224 0.009145 -1.119518
    40 0.807129 -0.358887 -1.316406 1.243203 0.551773 -0.740643
    41 1.789783 -0.000002 -0.000002 -0.000009 0.003711 0.228604
    42 1.207001 0.000009 0.000000 -0.023897 -0.040066 0.269681
    43 3.775391 -5.484375 -0.527832 -2.248284 -0.133216 -1.641882
  time 238
    0 -0.000003 -13.531250 -29.421875 1.570788 0.000007 -0.000007
    1 0.000000 3.345131 -2.981898 1.570789 0.086301 1.570789
    2 4.015625 0.000003 0.000000 0.000000 0.000000 -0.029241
    3 3.520294 0.000005 -0.000006 0.000000 0.000000 0.100332
    4 8.929688 0.000001 0.000000 0.000000 0.000000 0.194095
    5 2.036086 0.993556 1.937663 2.374918 -1.161098 2.208663
    6 6.028159 -0.000069 0.000009 -1.869468 -0.636083 -0.629376
    7 11.692566 0.000046 0.000011 0.091273 0.016126 -1.664536
    8 11.481682 0.000088 -0.000031 0.571229 -0.424026 -0.075292
    9 3.858219 -0.135628 -1.192206 -0.480432 0.271610 -0.660211
    10 1.312565 -0.000008 0.000000 -0.001152 0.056965 -0.412928
    11 0.729366 0.000002 -0.000002 -0.000001 0.040754 -0.240990
    12 3.941966 0.050853 -0.435186 -0.227733 0.108924 -0.842932
    13 1.539091 0.000008 -0.000002 -0.000372 0.005127 -0.253056
    14 1.196321 0.000000 -0.000002 -0.000001 0.006168 -0.430818
    15 3.881376 -0.039219 0.427587 -0.269972 0.099151 -0.724869
    16 1.719578 0.000023 -0.000021 -0.001263 -0.011435 -0.377965
    17 1.209181 -0.000004 -0.000001 0.197435 0.093774 -0.416447
    18 3.863479 -0.132591 1.332139 0.316160 -0.116124 -0.663882
    19 1.719431 -0.000023 0.000019 0.004064 -0.107030 -0.351528
    20 1.099676 0.000000 0.000006 0.094107 -0.122053 -0.435512
    21 0.807586 -0.343252 1.320583 -1.134688 -0.581861 -1.148627
    22 1.789787 0.000006 0.000006 0.059957 -0.204489 0.425295
    23 1.207012 0.000011 0.000000 0.149219 -0.022685 0.382228
    24 2.035156 0.997070 -1.937500 -1.667267 1.282923 2.944210
    25 6.028144 -0.000011 0.000002 1.576480 0.799840 -0.835997
    26 11.692577 0.000001 0.000004 -0.000544 -0.060030 -1.809427
    27 11.481657 0.000043 0.000019 -1.183866 0.520519 0.156054
    28 3.854334 -0.131699 1.199994 0.887977 0.041686 -0.500120
    29 1.312567 0.000000 0.000000 -0.076006 -0.203868 -0.258727
    30 0.729362 0.000004 0.000003 -0.250341 -0.135455 -0.179419
    31 3.938074 0.050872 0.435162 0.216346 -0.007336 -0.093776
    32 1.539089 0.000008 0.000003 -0.605562 0.126574 -1.244849
    33 1.196316 0.000004 0.000005 0.000000 -0.000162 -0.332870
    34 3.880859 -0.047028 -0.427490 0.051056 0.262892 -0.068599
    35 1.719567 0.000023 0.000016 -0.461231 0.032293 -1.105404
    36 1.209175 0.000008 0.000005 0.175617 0.055179 -0.367832
    37 3.863493 -0.148186 -1.324350 -0.134961 0.400676 -0.397685
    38 1.719419 -0.000008 -0.000008 -0.082106 -0.002364 -0.236718
    39 1.099667 -0.000004 -0.000001 -0.188224 0.009145 -1.119518
    40 0.807129 -0.358887 -1.316406 1.243203 0.551773 -0.740643
    41 1.789783 -0.000002 -0.000002 -0.000009 0.003711 0.228604
    42 1.207001 0.000009 0.000000 -0.023897 -0.040066 0.269693
    43 3.775391 -5.484375 -0.527832 -2.248284 -0.133216 -1.641882
  time 239
    0 -0.000003 -13.531250 -29.421875 1.570788 0.000007 -0.000007
    1 0.000000 3.345131 -2.981898 1.570789 0.086301 1.570789
    2 4.015625 0.000003 0.000000 0.000000 0.000000 -0.029241
    3 3.520294 0.000005 -0.000006 0.000000 0.000000 0.100332
    4 8.929688 0.000001 0.000000 0.000000 0.000000 0.194095
    5 2.036086 0.993556 1.937663 2.349221 -1.170254 2.232412
    6 6.028159 -0.000069 0.000009 -1.854665 -0.635730 -0.640869
    7 11.692566 0.000046 0.000011 0.088588 0.025303 -1.679140
    8 11.481682 0.000088 -0.000031 0.601413 -0.441201 -0.056293
    9 3.858219 -0.135628 -1.192206 -0.478718 0.266061 -0.655034
    10 1.312565 -0.000008 0.000000 -0.000002 0.054404 -0.409012
    11 0.729366 0.000002 -0.000002 -0.000001 0.040754 -0.240990
    12 3.941966 0.050853 -0.435186 -0.217977 0.109260 -0.841349
    13 1.539091 0.000008 -0.000002 0.000000 0.003737 -0.247812
    14 1.196321 0.000000 -0.000002 -0.000001 0.006168 -0.430818
    15 3.881376 -0.039219 0.427587 -0.278289 0.099426 -0.723543
    16 1.719578 0.000023 -0.000021 -0.000005 -0.020423 -0.365964
    17 1.209181 -0.000004 -0.000001 0.197183 0.126072 -0.458506
    18 3.863479 -0.132591 1.332139 0.317634 -0.135836 -0.638588
    19 1.719431 -0.000023 0.000019 0.000001 -0.106227 -0.347813
    20 1.099676 0.000000 0.000006 0.089565 -0.116073 -0.428141
    21 0.807586 -0.343252 1.320583 -1.134436 -0.581921 -1.149426
    22 1.789787 0.000006 0.000006 0.057069 -0.194802 0.415803
    23 1.207012 0.000011 0.000000 0.145312 -0.023668 0.375265
    24 2.035156 0.997070 -1.937500 -1.667267 1.282923 2.944210
    25 6.028144 -0.000011 0.000002 1.576516 0.799865 -0.835973
    26 11.692577 0.000001 0.000004 -0.000544 -0.060017 -1.809374
    27 11.481657 0.000043 0.000019 -1.183866 0.520519 0.156054
    28 3.854334 -0.131699 1.199994 0.887977 0.041686 -0.500120
    29 1.312567 0.000000 0.000000 -0.076006 -0.203868 -0.258727
    30 0.729362 0.000004 0.000003 -0.250341 -0.135455 -0.179419
    31 3.941981 0.050872 0.435162 0.216346 -0.007336 -0.093776
    32 1.539089 0.000008 0.000003 -0.605562 0.126574 -1.244879
    33 1.196316 0.000004 0.000005 0.000000 -0.000162 -0.332870
    34 3.880859 -0.047028 -0.427490 0.051056 0.262892 -0.068599
    35 1.719567 0.000023 0.000016 -0.461231 0.032293 -1.105404
    36 1.209175 0.000008 0.000005 0.175617 0.055179 -0.367832
    37 3.867399 -0.148186 -1.324350 -0.134961 0.400676 -0.397685
    38 1.719419 -0.000008 -0.000008 -0.082106 -0.002364 -0.236718
    39 1.099667 -0.000004 -0.000001 -0.188224 0.009145 -1.119518
    40 0.807129 -0.358887 -1.316406 1.243203 0.551773 -0.740643
    41 1.789783 -0.000002 -0.000002 -0.000009 0.003711 0.228604
    42 1.207001 0.000009 0.000000 -0.023897 -0.040066 0.269693
    43 3.775391 -5.484375 -0.527832 -2.248284 -0.133216 -1.641882
  time 240
    0 -0.000003 -13.531250 -29.421875 1.570788 0.000007 -0.000007
    1 0.000000 3.345131 -2.981898 1.570789 0.086301 1.570789
    2 4.015625 0.000003 0.000000 0.000000 0.000000 -0.029241
    3 3.520294 0.000005 -0.000006 0.000000 0.000000 0.100332
    4 8.929688 0.000001 0.000000 0.000000 0.000000 0.194095
    5 2.036086 0.993556 1.937663 2.320709 -1.179770 2.258791
    6 6.028159 -0.000069 0.000009 -1.839936 -0.637079 -0.652207
    7 11.692566 0.000046 0.000011 0.085892 0.034663 -1.691178
    8 11.481682 0.000088 -0.000031 0.633983 -0.457134 -0.037261
    9 3.858219 -0.135628 -1.192206 -0.478155 0.256305 -0.655992
    10 1.312565 -0.000008 0.000000 -0.000002 0.054404 -0.409012
    11 0.729366 0.000002 -0.000002 -0.000001 0.040754 -0.240990
    12 3.941966 0.050853 -0.435186 -0.208018 0.106959 -0.842961
    13 1.539091 0.000008 -0.000002 0.000000 0.003737 -0.247812
    14 1.196321 0.000000 -0.000002 -0.000001 0.006168 -0.430818
    15 3.881376 -0.039219 0.427587 -0.287577 0.097952 -0.724305
    16 1.719578 0.000023 -0.000021 -0.000436 -0.029615 -0.358667
    17 1.209181 -0.000004 -0.000001 0.175324 0.066053 -0.398492
    18 3.863479 -0.132591 1.332139 0.319048 -0.156930 -0.611836
    19 1.719431 -0.000023 0.000019 -0.003463 -0.108061 -0.354589
    20 1.099676 0.000000 0.000006 0.084735 -0.109721 -0.420303
    21 0.807586 -0.343252 1.320583 -1.135119 -0.581238 -1.147692
    22 1.789787 0.000006 0.000006 0.053989 -0.184502 0.405712
    23 1.207012 0.000011 0.000000 0.141153 -0.024722 0.367859
    24 2.035156 0.997070 -1.937500 -1.667267 1.282923 2.944210
    25 6.028144 -0.000011 0.000002 1.576420 0.799815 -0.836032
    26 11.692577 0.000001 0.000004 -0.000544 -0.060068 -1.809427
    27 11.481657 0.000043 0.000019 -1.183866 0.520519 0.156054
    28 3.854334 -0.131699 1.199994 0.887977 0.041686 -0.500120
    29 1.312567 0.000000 0.000000 -0.076006 -0.203868 -0.258727
    30 0.729362 0.000004 0.000003 -0.250341 -0.135455 -0.179419
    31 3.941981 0.050872 0.435162 0.216346 -0.007336 -0.093776
    32 1.539089 0.000008 0.000003 -0.605562 0.126574 -1.244849
    33 1.196316 0.000004 0.000005 0.000000 -0.000162 -0.332870
    34 3.880859 -0.047028 -0.427490 0.051056 0.262892 -0.068599
    35 1.719567 0.000023 0.000016 -0.461243 0.032295 -1.105423
    36 1.209175 0.000008 0.000005 0.175617 0.055179 -0.367832
    37 3.863493 -0.148186 -1.324350 -0.134961 0.400676 -0.397685
    38 1.719419 -0.000008 -0.000008 -0.082106 -0.002364 -0.236718
    39 1.099667 -0.000004 -0.000001 -0.188224 0.009145 -1.119518
    40 0.807129 -0.358887 -1.316406 1.243203 0.551773 -0.740643
    41 1.789783 -0.000002 -0.000002 -0.000009 0.003711 0.228604
    42 1.207001 0.000009 0.000000 -0.023897 -0.040066 0.269693
    43 3.775391 -5.484375 -0.527832 -2.248284 -0.133216 -1.641882
  time 241
    0 -0.000003 -13.531250 -29.421875 1.570788 0.000007 -0.000007
    1 0.000000 3.345131 -2.981898 1.570789 0.086301 1.570789
    2 4.015625 0.000003 0.000000 0.000000 0.000000 -0.029241
    3 3.520294 0.000005 -0.000006 0.000000 0.000000 0.100332
    4 8.929688 0.000001 0.000000 0.000000 0.000000 0.194095
    5 2.036086 0.993556 1.937663 2.286992 -1.190232 2.290090
    6 6.028159 -0.000069 0.000009 -1.823591 -0.641767 -0.664515
    7 11.692566 0.000046 0.000011 0.083015 0.045153 -1.702432
    8 11.481682 0.000088 -0.000031 0.671422 -0.472719 -0.016883
    9 3.854313 -0.135628 -1.192206 -0.478011 0.240630 -0.664840
    10 1.312565 -0.000008 0.000000 -0.000002 0.054404 -0.409012
    11 0.729366 0.000002 -0.000002 -0.000001 0.040754 -0.240990
    12 3.938059 0.050853 -0.435186 -0.197148 0.100032 -0.847796
    13 1.539091 0.000008 -0.000002 0.000000 0.003737 -0.247812
    14 1.196321 0.000000 -0.000002 -0.000001 0.006168 -0.430818
    15 3.881376 -0.039219 0.427587 -0.298555 0.093506 -0.726674
    16 1.719578 0.000023 -0.000021 -0.001467 -0.039622 -0.351852
    17 1.209181 -0.000004 -0.000001 0.151654 0.062122 -0.447012
    18 3.863479 -0.132591 1.332139 0.320450 -0.180864 -0.581651
    19 1.719431 -0.000023 0.000019 -0.006303 -0.113609 -0.375215
    20 1.099676 0.000000 0.000006 0.079270 -0.102519 -0.411447
    21 0.807586 -0.343252 1.320583 -1.137168 -0.579153 -1.142477
    22 1.789787 0.000006 0.000006 0.050513 -0.172848 0.394291
    23 1.207012 0.000011 0.000000 0.136456 -0.025909 0.359481
    24 2.035156 0.997070 -1.937500 -1.667267 1.282923 2.944210
    25 6.028144 -0.000011 0.000002 1.576132 0.799642 -0.836212
    26 11.692577 0.000001 0.000004 -0.000544 -0.060221 -1.809481
    27 11.481657 0.000043 0.000019 -1.183866 0.520519 0.156054
    28 3.854334 -0.131699 1.199994 0.887977 0.041686 -0.500120
    29 1.312567 0.000000 0.000000 -0.076006 -0.203868 -0.258727
    30 0.729362 0.000004 0.000003 -0.250341 -0.135455 -0.179419
    31 3.941981 0.050872 0.435162 0.216346 -0.007336 -0.093776
    32 1.539089 0.000008 0.000003 -0.605562 0.126574 -1.244849
    33 1.196316 0.000004 0.000005 0.000000 -0.000162 -0.332870
    34 3.880859 -0.047028 -0.427490 0.051056 0.262892 -0.068599
    35 1.719567 0.000023 0.000016 -0.461243 0.032295 -1.105423
    36 1.209175 0.000008 0.000005 0.175617 0.055179 -0.367832
    37 3.863493 -0.148186 -1.324350 -0.134961 0.400676 -0.397685
    38 1.719419 -0.000008 -0.000008 -0.082106 -0.002364 -0.236718
    39 1.099667 -0.000004 -0.000001 -0.188224 0.009145 -1.119518
    40 0.807129 -0.358887 -1.316406 1.243203 0.551773 -0.740643
    41 1.789783 -0.000002 -0.000002 -0.000009 0.003711 0.228604
    42 1.207001 0.000009 0.000000 -0.023897 -0.040066 0.269693
    43 3.775391 -5.484375 -0.527832 -2.248284 -0.133216 -1.641882
  time 242
    0 -0.000003 -13.531250 -29.421875 1.570788 0.000007 -0.000007
    1 0.000000 3.345131 -2.981898 1.570789 0.086301 1.570789
    2 4.015625 0.000003 0.000000 0.000000 0.000000 -0.029241
    3 3.520294 0.000005 -0.000006 0.000000 0.000000 0.100332
    4 8.929688 0.000001 0.000000 0.000000 0.000000 0.194095
    5 2.036086 0.993556 1.937663 2.235925 -1.204554 2.337650
    6 6.028159 -0.000069 0.000009 -1.802091 -0.658207 -0.679891
    7 11.692566 0.000046 0.000011 0.079863 0.059400 -1.710335
    8 11.481682 0.000088 -0.000031 0.729649 -0.487426 0.008028
    9 3.854313 -0.135628 -1.192206 -0.481691 0.222018 -0.662676
    10 1.312565 -0.000008 0.000000 -0.000002 0.054404 -0.409012
    11 0.729366 0.000002 -0.000002 -0.000001 0.040754 -0.240990
    12 3.938059 0.050853 -0.435186 -0.185259 0.077213 -0.842375
    13 1.539091 0.000008 -0.000002 0.000000 0.003737 -0.247812
    14 1.196321 0.000000 -0.000002 -0.000001 0.006168 -0.430818
    15 3.881376 -0.039219 0.427587 -0.287086 0.068614 -0.722866
    16 1.719578 0.000023 -0.000021 0.002847 -0.039467 -0.352111
    17 1.209181 -0.000004 -0.000001 0.118529 0.050449 -0.462580
    18 3.863479 -0.132591 1.332139 0.322859 -0.213531 -0.544657
    19 1.719431 -0.000023 0.000019 0.001056 -0.128794 -0.422440
    20 1.099676 0.000000 0.000006 0.072379 -0.092284 -0.398587
    21 0.807586 -0.343252 1.316677 -1.140884 -0.573448 -1.128331
    22 1.789787 0.000006 0.000006 0.052562 -0.193578 0.349409
    23 1.207012 0.000011 0.000000 0.129600 -0.027635 0.349522
    24 2.035156 0.997070 -1.937500 -1.667267 1.282923 2.944210
    25 6.028144 -0.000011 0.000002 1.575137 0.799122 -0.836811
    26 11.692577 0.000001 0.000004 -0.000532 -0.060780 -1.809695
    27 11.481657 0.000043 0.000019 -1.183866 0.520519 0.156054
    28 3.854334 -0.131699 1.199994 0.887977 0.041686 -0.500120
    29 1.312567 0.000000 0.000000 -0.076006 -0.203868 -0.258727
    30 0.729362 0.000004 0.000003 -0.250341 -0.135455 -0.179419
    31 3.941981 0.050872 0.435162 0.216346 -0.007336 -0.093776
    32 1.539089 0.000008 0.000003 -0.605562 0.126574 -1.244849
    33 1.196316 0.000004 0.000005 0.000000 -0.000162 -0.332870
    34 3.880859 -0.047028 -0.427490 0.051056 0.262892 -0.068599
    35 1.719567 0.000023 0.000016 -0.461243 0.032295 -1.105423
    36 1.209175 0.000008 0.000005 0.175617 0.055179 -0.367832
    37 3.867399 -0.148186 -1.324350 -0.134961 0.400676 -0.397685
    38 1.719419 -0.000008 -0.000008 -0.082106 -0.002364 -0.236718
    39 1.099667 -0.000004 -0.000001 -0.188224 0.009145 -1.119518
    40 0.807129 -0.358887 -1.316406 1.243203 0.551773 -0.740643
    41 1.789783 -0.000002 -0.000002 -0.000009 0.003711 0.228604
    42 1.207001 0.000009 0.000000 -0.023897 -0.040066 0.269693
    43 3.775391 -5.484375 -0.527832 -2.248284 -0.133216 -1.641882
  time 243
    0 -0.000003 -13.531250 -29.421875 1.570788 0.000007 -0.000007
    1 0.000000 3.345131 -2.981898 1.570789 0.086301 1.570789
    2 4.015625 0.000003 0.000000 0.000000 0.000000 -0.029241
    3 3.520294 0.000005 -0.000006 0.000000 0.000000 0.100332
    4 8.929688 0.000001 0.000000 0.000000 0.000000 0.194095
    5 2.036086 0.993556 1.937663 2.171240 -1.220362 2.398171
    6 6.028159 -0.000069 0.000009 -1.776773 -0.679367 -0.697712
    7 11.692566 0.000046 0.000011 0.076532 0.075859 -1.717558
    8 11.481682 0.000088 -0.000031 0.798879 -0.502862 0.036863
    9 3.854313 -0.135628 -1.192206 -0.487755 0.201740 -0.657526
    10 1.312565 -0.000008 0.000000 -0.000002 0.054404 -0.409012
    11 0.729366 0.000002 -0.000002 -0.000001 0.040754 -0.240990
    12 3.938059 0.050853 -0.435186 -0.172112 0.047275 -0.832881
    13 1.539091 0.000008 -0.000002 0.000000 0.003737 -0.247812
    14 1.196321 0.000000 -0.000002 -0.000001 0.006168 -0.430818
    15 3.881376 -0.039219 0.427587 -0.263956 0.031678 -0.713926
    16 1.719578 0.000023 -0.000021 0.011272 -0.039155 -0.352852
    17 1.209181 -0.000004 -0.000001 0.079483 0.035601 -0.468677
    18 3.863479 -0.132591 1.332139 0.325879 -0.251103 -0.505041
    19 1.719431 -0.000023 0.000019 0.011806 -0.148137 -0.480334
    20 1.099676 0.000000 0.000006 0.064829 -0.080275 -0.383331
    21 0.807586 -0.343252 1.316677 -1.143928 -0.566605 -1.111815
    22 1.789787 0.000006 0.000006 0.056457 -0.233883 0.289761
    23 1.207012 0.000011 0.000000 0.121463 -0.029684 0.339060
    24 2.035156 0.997070 -1.937500 -1.667267 1.282923 2.944210
    25 6.028144 -0.000011 0.000002 1.573831 0.798453 -0.837602
    26 11.692577 0.000001 0.000004 -0.000520 -0.061504 -1.809910
    27 11.481657 0.000043 0.000019 -1.183866 0.520519 0.156054
    28 3.854334 -0.131699 1.199994 0.887977 0.041686 -0.500120
    29 1.312567 0.000000 0.000000 -0.076006 -0.203868 -0.258727
    30 0.729362 0.000004 0.000003 -0.250341 -0.135455 -0.179419
    31 3.941981 0.050872 0.435162 0.216346 -0.007336 -0.093776
    32 1.539089 0.000008 0.000003 -0.605562 0.126574 -1.244879
    33 1.196316 0.000004 0.000005 0.000000 -0.000162 -0.332870
    34 3.880859 -0.047028 -0.427490 0.051056 0.262892 -0.068599
    35 1.719567 0.000023 0.000016 -0.461243 0.032295 -1.105423
    36 1.209175 0.000008 0.000005 0.175617 0.055179 -0.367832
    37 3.863493 -0.148186 -1.324350 -0.134961 0.400676 -0.397685
    38 1.719419 -0.000008 -0.000008 -0.082106 -0.002364 -0.236718
    39 1.099667 -0.000004 -0.000001 -0.188224 0.009145 -1.119518
    40 0.807129 -0.358887 -1.316406 1.243203 0.551773 -0.740643
    41 1.789783 -0.000002 -0.000002 -0.000009 0.003711 0.228604
    42 1.207001 0.000009 0.000000 -0.023897 -0.040066 0.269693
    43 3.775391 -5.484375 -0.527832 -2.248284 -0.133216 -1.641882
  time 244
    0 -0.000003 -13.531250 -29.421875 1.570788 0.000007 -0.000007
    1 0.000000 3.345131 -2.981898 1.570789 0.086301 1.570789
    2 4.015625 0.000003 0.000000 0.000000 0.000000 -0.029241
    3 3.520294 0.000005 -0.000006 0.000000 0.000000 0.100332
    4 8.929688 0.000001 0.000000 0.000000 0.000000 0.194095
    5 2.036086 0.993556 1.937663 2.099551 -1.235235 2.465537
    6 6.028159 -0.000069 0.000009 -1.749912 -0.701651 -0.716528
    7 11.692566 0.000046 0.000011 0.073176 0.092667 -1.724363
    8 11.481682 0.000088 -0.000031 0.869228 -0.517685 0.066487
    9 3.858219 -0.135628 -1.192206 -0.494658 0.181078 -0.651171
    10 1.312565 -0.000008 0.000000 -0.000002 0.054404 -0.409012
    11 0.729366 0.000002 -0.000002 -0.000001 0.040754 -0.240990
    12 3.938059 0.050853 -0.435186 -0.159073 0.015684 -0.821454
    13 1.539091 0.000008 -0.000002 0.000000 0.003737 -0.247812
    14 1.196321 0.000000 -0.000002 -0.000001 0.006168 -0.430818
    15 3.881376 -0.039219 0.427587 -0.235912 -0.008878 -0.702362
    16 1.719578 0.000023 -0.000021 0.021088 -0.038783 -0.354037
    17 1.209181 -0.000004 -0.000001 0.039598 0.019853 -0.470960
    18 3.863479 -0.132591 1.332139 0.328744 -0.289647 -0.464858
    19 1.719431 -0.000023 0.000019 0.023635 -0.168139 -0.541647
    20 1.099676 0.000000 0.000006 0.057135 -0.067955 -0.367739
    21 0.807586 -0.343252 1.320583 -1.146972 -0.559043 -1.094313
    22 1.789787 0.000006 0.000006 0.060976 -0.280849 0.226351
    23 1.207012 0.000011 0.000000 0.113134 -0.031781 0.328381
    24 2.035156 0.997070 -1.937500 -1.667267 1.282923 2.944210
    25 6.028144 -0.000011 0.000002 1.572453 0.797734 -0.838441
    26 11.692577 0.000001 0.000004 -0.000496 -0.062279 -1.810231
    27 11.481657 0.000043 0.000019 -1.183866 0.520519 0.156054
    28 3.858240 -0.131699 1.199994 0.887977 0.041686 -0.500120
    29 1.312567 0.000000 0.000000 -0.076006 -0.203868 -0.258727
    30 0.729362 0.000004 0.000003 -0.250341 -0.135455 -0.179419
    31 3.941981 0.050872 0.435162 0.216346 -0.007336 -0.093776
    32 1.539089 0.000008 0.000003 -0.605562 0.126574 -1.244849
    33 1.196316 0.000004 0.000005 0.000000 -0.000162 -0.332870
    34 3.880859 -0.047028 -0.427490 0.051056 0.262892 -0.068599
    35 1.719567 0.000023 0.000016 -0.461243 0.032295 -1.105423
    36 1.209175 0.000008 0.000005 0.175617 0.055179 -0.367832
    37 3.867399 -0.148186 -1.324350 -0.134961 0.400676 -0.397685
    38 1.719419 -0.000008 -0.000008 -0.082106 -0.002364 -0.236718
    39 1.099667 -0.000004 -0.000001 -0.188224 0.009145 -1.119518
    40 0.807129 -0.358887 -1.316406 1.243203 0.551773 -0.740643
    41 1.789783 -0.000002 -0.000002 -0.000009 0.003711 0.228604
    42 1.207001 0.000009 0.000000 -0.023897 -0.040066 0.269693
    43 3.775391 -5.484375 -0.527832 -2.248284 -0.133216 -1.641882
  time 245
    0 -0.000003 -13.531250 -29.421875 1.570788 0.000007 -0.000007
    1 0.000000 3.345131 -2.981898 1.570789 0.086301 1.570789
    2 4.015625 0.000003 0.000000 0.000000 0.000000 -0.029241
    3 3.520294 0.000005 -0.000006 0.000000 0.000000 0.100332
    4 8.929688 0.000001 0.000000 0.000000 0.000000 0.194095
    5 2.036086 0.993556 1.937663 2.024162 -1.248274 2.536633
    6 6.028159 -0.000069 0.000009 -1.722469 -0.723710 -0.735715
    7 11.692566 0.000046 0.000011 0.069856 0.109092 -1.730696
    8 11.481682 0.000088 -0.000031 0.936900 -0.531398 0.095519
    9 3.858219 -0.135628 -1.192206 -0.501765 0.160585 -0.644241
    10 1.312565 -0.000008 0.000000 -0.000002 0.054404 -0.409012
    11 0.729366 0.000002 -0.000002 -0.000001 0.040754 -0.240990
    12 3.941966 0.050853 -0.435186 -0.146693 -0.015488 -0.808825
    13 1.539091 0.000008 -0.000002 0.000000 0.003737 -0.247812
    14 1.196321 0.000000 -0.000002 -0.000001 0.006168 -0.430818
    15 3.881376 -0.039219 0.427587 -0.205567 -0.049782 -0.689220
    16 1.719578 0.000023 -0.000021 0.031275 -0.038412 -0.355667
    17 1.209181 -0.000004 -0.000001 0.000876 0.004081 -0.471557
    18 3.863479 -0.132591 1.332139 0.331093 -0.327583 -0.424837
    19 1.719431 -0.000023 0.000019 0.035667 -0.187483 -0.603494
    20 1.099676 0.000000 0.000006 0.049464 -0.055934 -0.352602
    21 0.807586 -0.343252 1.316677 -1.150268 -0.550941 -1.076336
    22 1.789787 0.000006 0.000006 0.065662 -0.329452 0.163456
    23 1.207012 0.000011 0.000000 0.105020 -0.033831 0.317643
    24 2.035156 0.997070 -1.937500 -1.667267 1.282923 2.944210
    25 6.028144 -0.000011 0.000002 1.571087 0.797016 -0.839280
    26 11.692577 0.000001 0.000004 -0.000484 -0.063042 -1.810499
    27 11.481657 0.000043 0.000019 -1.183866 0.520533 0.156054
    28 3.854334 -0.131699 1.199994 0.887977 0.041686 -0.500120
    29 1.312567 0.000000 0.000000 -0.076006 -0.203868 -0.258727
    30 0.729362 0.000004 0.000003 -0.250341 -0.135455 -0.179419
    31 3.938074 0.050872 0.435162 0.216346 -0.007336 -0.093776
    32 1.539089 0.000008 0.000003 -0.605562 0.126574 -1.244849
    33 1.196316 0.000004 0.000005 0.000000 -0.000162 -0.332870
    34 3.880859 -0.047028 -0.427490 0.051056 0.262892 -0.068599
    35 1.719567 0.000023 0.000016 -0.461243 0.032295 -1.105423
    36 1.209175 0.000008 0.000005 0.175617 0.055179 -0.367832
    37 3.867399 -0.148186 -1.324350 -0.134961 0.400676 -0.397685
    38 1.719419 -0.000008 -0.000008 -0.082106 -0.002364 -0.236718
    39 1.099667 -0.000004 -0.000001 -0.188224 0.009145 -1.119518
    40 0.807129 -0.358887 -1.316406 1.243203 0.551773 -0.740643
    41 1.789783 -0.000002 -0.000002 -0.000009 0.003711 0.228604
    42 1.207001 0.000009 0.000000 -0.023897 -0.040066 0.269693
    43 3.775391 -5.484375 -0.527832 -2.248284 -0.133216 -1.641882
  time 246
    0 -0.000003 -13.531250 -29.421875 1.570788 0.000007 -0.000007
    1 0.000000 3.345131 -2.981898 1.570789 0.086301 1.570789
    2 4.015625 0.000003 0.000000 0.000000 0.000000 -0.029241
    3 3.520294 0.000005 -0.000006 0.000000 0.000000 0.100332
    4 8.929688 0.000001 0.000000 0.000000 0.000000 0.194095
    5 2.036086 0.993556 1.937663 1.947889 -1.259108 2.608799
    6 6.028159 -0.000069 0.000009 -1.695138 -0.744774 -0.754831
    7 11.692566 0.000046 0.000011 0.066620 0.124736 -1.736558
    8 11.481682 0.000088 -0.000031 0.999849 -0.543737 0.123107
    9 3.854313 -0.135628 -1.192206 -0.508728 0.140558 -0.637092
    10 1.312565 -0.000008 0.000000 -0.000002 0.054404 -0.409012
    11 0.729366 0.000002 -0.000002 -0.000001 0.040754 -0.240990
    12 3.941966 0.050853 -0.435186 -0.135248 -0.045006 -0.795405
    13 1.539091 0.000008 -0.000002 0.000000 0.003737 -0.247812
    14 1.196321 0.000000 -0.000002 -0.000001 0.006168 -0.430818
    15 3.881376 -0.039219 0.427587 -0.174335 -0.089247 -0.674920
    16 1.719578 0.000023 -0.000021 0.041234 -0.038040 -0.357741
    17 1.209181 -0.000004 -0.000001 -0.035497 -0.011187 -0.471635
    18 3.863479 -0.132591 1.332139 0.332746 -0.363986 -0.385383
    19 1.719431 -0.000023 0.000019 0.047376 -0.205435 -0.664212
    20 1.099676 0.000000 0.000006 0.041950 -0.044537 -0.338377
    21 0.807586 -0.343252 1.316677 -1.154007 -0.542360 -1.058148
    22 1.789787 0.000006 0.000006 0.070228 -0.376948 0.103557
    23 1.207012 0.000011 0.000000 0.097410 -0.035748 0.306881
    24 2.035156 0.997070 -1.937500 -1.667267 1.282923 2.944210
    25 6.028144 -0.000011 0.000002 1.569780 0.796322 -0.840071
    26 11.692577 0.000001 0.000004 -0.000460 -0.063779 -1.810767
    27 11.481657 0.000043 0.000019 -1.183866 0.520519 0.156054
    28 3.854334 -0.131699 1.199994 0.887977 0.041686 -0.500120
    29 1.312567 0.000000 0.000000 -0.076006 -0.203868 -0.258727
    30 0.729362 0.000004 0.000003 -0.250341 -0.135455 -0.179419
    31 3.941981 0.050872 0.435162 0.216346 -0.007336 -0.093776
    32 1.539089 0.000008 0.000003 -0.605562 0.126574 -1.244849
    33 1.196316 0.000004 0.000005 0.000000 -0.000162 -0.332870
    34 3.880859 -0.047028 -0.427490 0.051056 0.262892 -0.068599
    35 1.719567 0.000023 0.000016 -0.461243 0.032295 -1.105423
    36 1.209175 0.000008 0.000005 0.175617 0.055179 -0.367832
    37 3.867399 -0.148186 -1.324350 -0.134961 0.400676 -0.397685
    38 1.719419 -0.000008 -0.000008 -0.082106 -0.002364 -0.236718
    39 1.099667 -0.000004 -0.000001 -0.188224 0.009145 -1.119518
    40 0.807129 -0.358887 -1.316406 1.243203 0.551773 -0.740643
    41 1.789783 -0.000002 -0.000002 -0.000009 0.003711 0.228604
    42 1.207001 0.000009 0.000000 -0.023897 -0.040066 0.269693
    43 3.775391 -5.484375 -0.527832 -2.248284 -0.133216 -1.641882
  time 247
    0 -0.000003 -13.531250 -29.421875 1.570788 0.000007 -0.000007
    1 0.000000 3.345131 -2.981898 1.570789 0.086301 1.570789
    2 4.015625 0.000003 0.000000 0.000000 0.000000 -0.029241
    3 3.520294 0.000005 -0.000006 0.000000 0.000000 0.100332
    4 8.929688 0.000001 0.000000 0.000000 0.000000 0.194095
    5 2.036086 0.993556 1.937663 1.873679 -1.267641 2.679253
    6 6.028159 -0.000069 0.000009 -1.668541 -0.764297 -0.773467
    7 11.692566 0.000046 0.000011 0.063480 0.139266 -1.742002
    8 11.481682 0.000088 -0.000031 1.056713 -0.554535 0.148559
    9 3.854313 -0.135628 -1.192206 -0.515271 0.121203 -0.629915
    10 1.312565 -0.000008 0.000000 -0.000002 0.054404 -0.409012
    11 0.729366 0.000002 -0.000002 -0.000001 0.040754 -0.240990
    12 3.938059 0.050853 -0.435186 -0.124965 -0.071983 -0.781429
    13 1.539091 0.000008 -0.000002 0.000000 0.003737 -0.247812
    14 1.196321 0.000000 -0.000002 -0.000001 0.006168 -0.430818
    15 3.881376 -0.039219 0.427587 -0.143151 -0.125956 -0.659803
    16 1.719578 0.000023 -0.000021 0.050570 -0.037693 -0.360297
    17 1.209181 -0.000004 -0.000001 -0.068671 -0.025617 -0.471946
    18 3.863479 -0.132591 1.332139 0.333513 -0.398186 -0.346687
    19 1.719431 -0.000023 0.000019 0.058426 -0.221507 -0.722611
    20 1.099676 0.000000 0.000006 0.034675 -0.034015 -0.325421
    21 0.807586 -0.343252 1.320583 -1.158321 -0.533372 -1.039923
    22 1.789787 0.000006 0.000006 0.074518 -0.421435 0.048392
    23 1.207012 0.000011 0.000000 0.090459 -0.037498 0.296167
    24 2.035156 0.997070 -1.937500 -1.667267 1.282923 2.944210
    25 6.028144 -0.000011 0.000002 1.568558 0.795678 -0.840814
    26 11.692577 0.000001 0.000004 -0.000448 -0.064452 -1.811035
    27 11.481657 0.000043 0.000019 -1.183866 0.520519 0.156054
    28 3.858240 -0.131699 1.199994 0.887977 0.041686 -0.500120
    29 1.312567 0.000000 0.000000 -0.076006 -0.203868 -0.258727
    30 0.729362 0.000004 0.000003 -0.250341 -0.135455 -0.179419
    31 3.941981 0.050872 0.435162 0.216346 -0.007336 -0.093776
    32 1.539089 0.000008 0.000003 -0.605562 0.126574 -1.244879
    33 1.196316 0.000004 0.000005 0.000000 -0.000162 -0.332870
    34 3.880859 -0.047028 -0.427490 0.051056 0.262892 -0.068599
    35 1.719567 0.000023 0.000016 -0.461243 0.032295 -1.105423
    36 1.209175 0.000008 0.000005 0.175617 0.055179 -0.367832
    37 3.867399 -0.148186 -1.324350 -0.134961 0.400676 -0.397685
    38 1.719419 -0.000008 -0.000008 -0.082106 -0.002364 -0.236718
    39 1.099667 -0.000004 -0.000001 -0.188224 0.009145 -1.119518
    40 0.807129 -0.358887 -1.316406 1.243203 0.551773 -0.740643
    41 1.789783 -0.000002 -0.000002 -0.000009 0.003711 0.228604
    42 1.207001 0.000009 0.000000 -0.023897 -0.040066 0.269693
    43 3.775391 -5.484375 -0.527832 -2.248284 -0.133216 -1.641882
  time 248
    0 -0.000003 -13.531250 -29.421875 1.570788 0.000007 -0.000007
    1 0.000000 3.345131 -2.981898 1.570789 0.086301 1.570789
    2 4.015625 0.000003 0.000000 0.000000 0.000000 -0.029241
    3 3.520294 0.000005 -0.000006 0.000000 0.000000 0.100332
    4 8.929688 0.000001 0.000000 0.000000 0.000000 0.194095
    5 2.036086 0.993556 1.937663 1.804477 -1.274005 2.745000
    6 6.028159 -0.000069 0.000009 -1.643317 -0.781925 -0.791204
    7 11.692566 0.000046 0.000011 0.060472 0.152400 -1.746974
    8 11.481682 0.000088 -0.000031 1.106274 -0.563694 0.171204
    9 3.858219 -0.135628 -1.192206 -0.521180 0.102735 -0.622875
    10 1.312565 -0.000008 0.000000 -0.000002 0.054404 -0.409012
    11 0.729366 0.000002 -0.000002 -0.000001 0.040754 -0.240990
    12 3.941966 0.050853 -0.435186 -0.116024 -0.095665 -0.767100
    13 1.539091 0.000008 -0.000002 0.000000 0.003737 -0.247812
    14 1.196321 0.000000 -0.000002 -0.000001 0.006168 -0.430818
    15 3.881376 -0.039219 0.427587 -0.112746 -0.158841 -0.644010
    16 1.719578 0.000023 -0.000021 0.058971 -0.037393 -0.363334
    17 1.209181 -0.000004 -0.000001 -0.097841 -0.038920 -0.473114
    18 3.863479 -0.132591 1.332139 0.333226 -0.429562 -0.308936
    19 1.719431 -0.000023 0.000019 0.068529 -0.235313 -0.777712
    20 1.099676 0.000000 0.000006 0.027688 -0.024607 -0.314024
    21 0.807586 -0.343252 1.320583 -1.163367 -0.524024 -1.021772
    22 1.789787 0.000006 0.000006 0.078377 -0.461359 -0.000505
    23 1.207012 0.000011 0.000000 0.084347 -0.039032 0.285525
    24 2.035156 0.997070 -1.937500 -1.667267 1.282923 2.944210
    25 6.028144 -0.000011 0.000002 1.567467 0.795108 -0.841485
    26 11.692577 0.000001 0.000004 -0.000436 -0.065062 -1.811249
    27 11.481657 0.000043 0.000019 -1.183866 0.520519 0.156054
    28 3.858240 -0.131699 1.199994 0.887977 0.041686 -0.500120
    29 1.312567 0.000000 0.000000 -0.076006 -0.203868 -0.258727
    30 0.729362 0.000004 0.000003 -0.250341 -0.135455 -0.179419
    31 3.941981 0.050872 0.435162 0.216346 -0.007336 -0.093776
    32 1.539089 0.000008 0.000003 -0.605562 0.126574 -1.244849
    33 1.196316 0.000004 0.000005 0.000000 -0.000162 -0.332870
    34 3.880859 -0.047028 -0.427490 0.051056 0.262892 -0.068599
    35 1.719567 0.000023 0.000016 -0.461243 0.032295 -1.105423
    36 1.209175 0.000008 0.000005 0.175617 0.055179 -0.367832
    37 3.867399 -0.148186 -1.324350 -0.134961 0.400676 -0.397685
    38 1.719419 -0.000008 -0.000008 -0.082106 -0.002364 -0.236718
    39 1.099667 -0.000004 -0.000001 -0.188224 0.009145 -1.119518
    40 0.807129 -0.358887 -1.316406 1.243203 0.551773 -0.740643
    41 1.789783 -0.000002 -0.000002 -0.000009 0.003711 0.228604
    42 1.207001 0.000009 0.000000 -0.023897 -0.040066 0.269693
    43 3.775391 -5.484375 -0.527832 -2.248284 -0.133216 -1.641882
  time 249
    0 -0.000003 -13.531250 -29.421875 1.570788 0.000007 -0.000007
    1 0.000000 3.345131 -2.981898 1.570789 0.086301 1.570789
    2 4.015625 0.000003 0.000000 0.000000 0.000000 -0.029241
    3 3.520294 0.000005 -0.000006 0.000000 0.000000 0.100332
    4 8.929688 0.000001 0.000000 0.000000 0.000000 0.194095
    5 2.036086 0.993556 1.937663 1.743491 -1.278439 2.803014
    6 6.028159 -0.000069 0.000009 -1.620218 -0.797241 -0.807527
    7 11.692566 0.000046 0.000011 0.057608 0.163871 -1.751423
    8 11.481682 0.000088 -0.000031 1.147510 -0.571081 0.190318
    9 3.858219 -0.135628 -1.192206 -0.526201 0.085321 -0.616136
    10 1.312565 -0.000008 0.000000 -0.000002 0.054404 -0.409012
    11 0.729366 0.000002 -0.000002 -0.000001 0.040754 -0.240990
    12 3.941966 0.050853 -0.435186 -0.108642 -0.115308 -0.752508
    13 1.539091 0.000008 -0.000002 0.000000 0.003737 -0.247812
    14 1.196321 0.000000 -0.000002 -0.000001 0.006168 -0.430818
    15 3.881376 -0.039219 0.427587 -0.083791 -0.186885 -0.627623
    16 1.719578 0.000023 -0.000021 0.066138 -0.037130 -0.366890
    17 1.209181 -0.000004 -0.000001 -0.122242 -0.050796 -0.475579
    18 3.863479 -0.132591 1.332139 0.331728 -0.457521 -0.272292
    19 1.719431 -0.000023 0.000019 0.077421 -0.246495 -0.828474
    20 1.099676 0.000000 0.000006 0.021085 -0.016541 -0.304484
    21 0.807586 -0.343252 1.320583 -1.169299 -0.514340 -1.003771
    22 1.789787 0.000006 0.000006 0.081661 -0.495282 -0.041672
    23 1.207012 0.000011 0.000000 0.079229 -0.040326 0.274990
    24 2.035156 0.997070 -1.937500 -1.667267 1.282923 2.944210
    25 6.028144 -0.000011 0.000002 1.566532 0.794613 -0.842049
    26 11.692577 0.000001 0.000004 -0.000424 -0.065596 -1.811410
    27 11.481657 0.000043 0.000019 -1.183866 0.520519 0.156054
    28 3.854334 -0.131699 1.199994 0.887977 0.041686 -0.500120
    29 1.312567 0.000000 0.000000 -0.076006 -0.203868 -0.258727
    30 0.729362 0.000004 0.000003 -0.250341 -0.135455 -0.179419
    31 3.941981 0.050872 0.435162 0.216346 -0.007336 -0.093776
    32 1.539089 0.000008 0.000003 -0.605562 0.126574 -1.244849
    33 1.196316 0.000004 0.000005 0.000000 -0.000162 -0.332870
    34 3.880859 -0.047028 -0.427490 0.051056 0.262892 -0.068599
    35 1.719567 0.000023 0.000016 -0.461243 0.032295 -1.105423
    36 1.209175 0.000008 0.000005 0.175617 0.055179 -0.367832
    37 3.867399 -0.148186 -1.324350 -0.134961 0.400676 -0.397685
    38 1.719419 -0.000008 -0.000008 -0.082106 -0.002364 -0.236718
    39 1.099667 -0.000004 -0.000001 -0.188224 0.009145 -1.119518
    40 0.807129 -0.358887 -1.316406 1.243203 0.551773 -0.740643
    41 1.789783 -0.000002 -0.000002 -0.000009 0.003711 0.228604
    42 1.207001 0.000009 0.000000 -0.023897 -0.040066 0.269693
    43 3.775391 -5.484375 -0.527832 -2.248284 -0.133216 -1.641882
  time 250
    0 -0.000003 -13.531250 -29.421875 1.570788 0.000007 -0.000007
    1 0.000000 3.345131 -2.981898 1.570789 0.086301 1.570789
    2 4.015625 0.000003 0.000000 0.000000 0.000000 -0.029241
    3 3.520294 0.000005 -0.000006 0.000000 0.000000 0.100332
    4 8.929688 0.000001 0.000000 0.000000 0.000000 0.194095
    5 2.036086 0.993556 1.937663 1.693865 -1.281291 2.850299
    6 6.028159 -0.000069 0.000009 -1.600035 -0.809860 -0.821836
    7 11.692566 0.000046 0.000011 0.054923 0.173363 -1.755296
    8 11.481682 0.000088 -0.000031 1.179009 -0.576613 0.205146
    9 3.858219 -0.135628 -1.192206 -0.530108 0.069178 -0.609781
    10 1.312565 -0.000008 0.000000 -0.000002 0.054404 -0.409012
    11 0.729366 0.000002 -0.000002 -0.000001 0.040754 -0.240990
    12 3.941966 0.050853 -0.435186 -0.103009 -0.130144 -0.737799
    13 1.539091 0.000008 -0.000002 0.000000 0.003737 -0.247812
    14 1.196321 0.000000 -0.000002 -0.000001 0.006168 -0.430818
    15 3.881376 -0.039219 0.427587 -0.056922 -0.209009 -0.610758
    16 1.719578 0.000023 -0.000021 0.071759 -0.036914 -0.371112
    17 1.209181 -0.000004 -0.000001 -0.141022 -0.060935 -0.479912
    18 3.863479 -0.132591 1.332139 0.328815 -0.481425 -0.236946
    19 1.719431 -0.000023 0.000019 0.084828 -0.254656 -0.873916
    20 1.099676 0.000000 0.000006 0.014913 -0.010057 -0.297150
    21 0.807586 -0.343252 1.320583 -1.176346 -0.504357 -0.986019
    22 1.789787 0.000006 0.000006 0.084226 -0.521765 -0.073540
    23 1.207012 0.000011 0.000000 0.075310 -0.041309 0.264587
    24 2.035156 0.997070 -1.937500 -1.667267 1.282923 2.944210
    25 6.028144 -0.000011 0.000002 1.565777 0.794217 -0.842516
    26 11.692577 0.000001 0.000004 -0.000412 -0.066015 -1.811570
    27 11.481657 0.000043 0.000019 -1.183866 0.520519 0.156054
    28 3.854334 -0.131699 1.199994 0.887977 0.041686 -0.500120
    29 1.312567 0.000000 0.000000 -0.076006 -0.203868 -0.258727
    30 0.729362 0.000004 0.000003 -0.250341 -0.135455 -0.179419
    31 3.941981 0.050872 0.435162 0.216346 -0.007336 -0.093776
    32 1.539089 0.000008 0.000003 -0.605562 0.126574 -1.244849
    33 1.196316 0.000004 0.000005 0.000000 -0.000162 -0.332870
    34 3.880859 -0.047028 -0.427490 0.051056 0.262892 -0.068599
    35 1.719567 0.000023 0.000016 -0.461243 0.032295 -1.105423
    36 1.209175 0.000008 0.000005 0.175617 0.055179 -0.367832
    37 3.867399 -0.148186 -1.324350 -0.134961 0.400676 -0.397685
    38 1.719419 -0.000008 -0.000008 -0.082106 -0.002364 -0.236718
    39 1.099667 -0.000004 -0.000001 -0.188224 0.009145 -1.119518
    40 0.807129 -0.358887 -1.316406 1.243203 0.551773 -0.740643
    41 1.789783 -0.000002 -0.000002 -0.000009 0.003711 0.228604
    42 1.207001 0.000009 0.000000 -0.023897 -0.040066 0.269693
    43 3.775391 -5.484375 -0.527832 -2.248284 -0.133216 -1.641882
  time 251
    0 -0.000003 -13.531250 -29.421875 1.570788 0.000007 -0.000007
    1 0.000000 3.345131 -2.981898 1.570789 0.086301 1.570789
    2 4.015625 0.000003 0.000000 0.000000 0.000000 -0.029241
    3 3.520294 0.000005 -0.000006 0.000000 0.000000 0.100332
    4 8.929688 0.000001 0.000000 0.000000 0.000000 0.194095
    5 2.036086 0.993556 1.937663 1.658806 -1.282897 2.883708
    6 6.028159 -0.000069 0.000009 -1.583765 -0.819396 -0.833461
    7 11.692566 0.000046 0.000011 0.052443 0.180545 -1.758594
    8 11.481682 0.000088 -0.000031 1.199408 -0.580124 0.214834
    9 3.858219 -0.135628 -1.192206 -0.532625 0.054533 -0.603974
    10 1.312565 -0.000008 0.000000 -0.000002 0.054404 -0.409012
    11 0.729366 0.000002 -0.000002 -0.000001 0.040754 -0.240990
    12 3.938059 0.050853 -0.435186 -0.099414 -0.139229 -0.723031
    13 1.539091 0.000008 -0.000002 0.000000 0.003737 -0.247812
    14 1.196321 0.000000 -0.000002 -0.000001 0.006168 -0.430818
    15 3.881376 -0.039219 0.427587 -0.032821 -0.224026 -0.593413
    16 1.719578 0.000023 -0.000021 0.075486 -0.036782 -0.376039
    17 1.209181 -0.000004 -0.000001 -0.153162 -0.069013 -0.486606
    18 3.863479 -0.132591 1.332139 0.324309 -0.500514 -0.203114
    19 1.719431 -0.000023 0.000019 0.090473 -0.259354 -0.912879
    20 1.099676 0.000000 0.000006 0.009268 -0.005455 -0.292380
    21 0.807586 -0.343252 1.316677 -1.184735 -0.494122 -0.968555
    22 1.789787 0.000006 0.000006 0.085904 -0.539124 -0.094321
    23 1.207012 0.000011 0.000000 0.072769 -0.041956 0.254365
    24 2.035156 0.997070 -1.937500 -1.667267 1.282923 2.944210
    25 6.028144 -0.000011 0.000002 1.565238 0.793919 -0.842840
    26 11.692577 0.000001 0.000004 -0.000412 -0.066320 -1.811677
    27 11.481657 0.000043 0.000019 -1.183866 0.520519 0.156054
    28 3.854334 -0.131699 1.199994 0.887977 0.041686 -0.500120
    29 1.312567 0.000000 0.000000 -0.076006 -0.203868 -0.258727
    30 0.729362 0.000004 0.000003 -0.250341 -0.135455 -0.179419
    31 3.941981 0.050872 0.435162 0.216346 -0.007336 -0.093776
    32 1.539089 0.000008 0.000003 -0.605562 0.126574 -1.244879
    33 1.196316 0.000004 0.000005 0.000000 -0.000162 -0.332870
    34 3.880859 -0.047028 -0.427490 0.051056 0.262892 -0.068599
    35 1.719567 0.000023 0.000016 -0.461243 0.032295 -1.105423
    36 1.209175 0.000008 0.000005 0.175617 0.055179 -0.367832
    37 3.867399 -0.148186 -1.324350 -0.134961 0.400676 -0.397685
    38 1.719419 -0.000008 -0.000008 -0.082106 -0.002364 -0.236718
    39 1.099667 -0.000004 -0.000001 -0.188224 0.009145 -1.119518
    40 0.807129 -0.358887 -1.316406 1.243203 0.551773 -0.740643
    41 1.789783 -0.000002 -0.000002 -0.000009 0.003711 0.228604
    42 1.207001 0.000009 0.000000 -0.023897 -0.040066 0.269693
    43 3.775391 -5.484375 -0.527832 -2.248284 -0.133216 -1.641882
  time 252
    0 -0.000003 -13.531250 -29.421875 1.570788 0.000007 -0.000007
    1 0.000000 3.345131 -2.981898 1.570789 0.086301 1.570789
    2 4.015625 0.000003 0.000000 0.000000 0.000000 -0.029241
    3 3.520294 0.000005 -0.000006 0.000000 0.000000 0.100332
    4 8.929688 0.000001 0.000000 0.000000 0.000000 0.194095
    5 2.036086 0.993556 1.937663 1.641751 -1.283568 2.899969
    6 6.028159 -0.000069 0.000009 -1.572554 -0.825305 -0.841575
    7 11.692566 0.000046 0.000011 0.050213 0.184968 -1.761159
    8 11.481682 0.000088 -0.000031 1.206759 -0.581366 0.218316
    9 3.854313 -0.135628 -1.192206 -0.533416 0.041673 -0.598824
    10 1.312565 -0.000008 0.000000 -0.000002 0.054404 -0.409012
    11 0.729366 0.000002 -0.000002 -0.000001 0.040754 -0.240990
    12 3.938059 0.050853 -0.435186 -0.098167 -0.141482 -0.708351
    13 1.539091 0.000008 -0.000002 0.000000 0.003737 -0.247812
    14 1.196321 0.000000 -0.000002 -0.000001 0.006168 -0.430818
    15 3.881376 -0.039219 0.427587 -0.012255 -0.230461 -0.575588
    16 1.719578 0.000023 -0.000021 0.076912 -0.036734 -0.381743
    17 1.209181 -0.000004 -0.000001 -0.157453 -0.074598 -0.496284
    18 3.863479 -0.132591 1.332139 0.318005 -0.513909 -0.171118
    19 1.719431 -0.000023 0.000019 0.094020 -0.260025 -0.943966
    20 1.099676 0.000000 0.000006 0.004247 -0.003094 -0.290666
    21 0.807586 -0.343252 1.320583 -1.194778 -0.483648 -0.951452
    22 1.789787 0.000006 0.000006 0.086515 -0.545422 -0.101823
    23 1.207012 0.000011 0.000000 0.071895 -0.042184 0.244346
    24 2.035156 0.997070 -1.937500 -1.667267 1.282923 2.944210
    25 6.028144 -0.000011 0.000002 1.564962 0.793771 -0.843008
    26 11.692577 0.000001 0.000004 -0.000400 -0.066473 -1.811731
    27 11.481657 0.000043 0.000019 -1.183866 0.520519 0.156054
    28 3.854334 -0.131699 1.199994 0.887977 0.041686 -0.500120
    29 1.312567 0.000000 0.000000 -0.076006 -0.203868 -0.258727
    30 0.729362 0.000004 0.000003 -0.250341 -0.135455 -0.179419
    31 3.941981 0.050872 0.435162 0.216346 -0.007336 -0.093776
    32 1.539089 0.000008 0.000003 -0.605562 0.126574 -1.244849
    33 1.196316 0.000004 0.000005 0.000000 -0.000162 -0.332870
    34 3.880859 -0.047028 -0.427490 0.051056 0.262892 -0.068599
    35 1.719567 0.000023 0.000016 -0.461243 0.032295 -1.105423
    36 1.209175 0.000008 0.000005 0.175617 0.055179 -0.367832
    37 3.867399 -0.148186 -1.324350 -0.134961 0.400676 -0.397685
    38 1.719419 -0.000008 -0.000008 -0.082106 -0.002364 -0.236718
    39 1.099667 -0.000004 -0.000001 -0.188224 0.009145 -1.119518
    40 0.807129 -0.358887 -1.316406 1.243203 0.551773 -0.740643
    41 1.789783 -0.000002 -0.000002 -0.000009 0.003711 0.228604
    42 1.207001 0.000009 0.000000 -0.023897 -0.040066 0.269693
    43 3.775391 -5.484375 -0.527832 -2.248284 -0.133216 -1.641882
  time 253
    0 -0.000003 -13.531250 -29.421875 1.570788 0.000007 -0.000007
    1 0.000000 3.345131 -2.981898 1.570789 0.086301 1.570789
    2 4.015625 0.000003 0.000000 0.000000 0.000000 -0.029241
    3 3.520294 0.000005 -0.000006 0.000000 0.000000 0.100332
    4 8.929688 0.000001 0.000000 0.000000 0.000000 0.194095
    5 2.036086 0.993556 1.937663 1.635171 -1.283808 2.906235
    6 6.028159 -0.000069 0.000009 -1.564466 -0.829061 -0.847471
    7 11.692566 0.000046 0.000011 0.048128 0.187744 -1.763252
    8 11.481682 0.000088 -0.000031 1.206954 -0.581234 0.217757
    9 3.858219 -0.135628 -1.192206 -0.531415 0.031331 -0.590826
    10 1.312565 -0.000008 0.000000 -0.000002 0.054404 -0.409012
    11 0.729366 0.000002 -0.000002 -0.000001 0.040754 -0.240990
    12 3.941966 0.050853 -0.435186 -0.100408 -0.139049 -0.692499
    13 1.539091 0.000008 -0.000002 0.001162 0.004348 -0.248011
    14 1.196321 0.000000 -0.000002 0.001365 0.006851 -0.433263
    15 3.881376 -0.039219 0.427587 0.006213 -0.231912 -0.556325
    16 1.719578 0.000023 -0.000021 0.075546 -0.037046 -0.388632
    17 1.209181 -0.000004 -0.000001 -0.155319 -0.078637 -0.511125
    18 3.863479 -0.132591 1.332139 0.309760 -0.523112 -0.139934
    19 1.719431 -0.000023 0.000019 0.094979 -0.258024 -0.969763
    20 1.099676 0.000000 0.000006 -0.000296 -0.002004 -0.292919
    21 0.807586 -0.343252 1.316677 -1.206272 -0.472334 -0.933750
    22 1.789787 0.000006 0.000006 0.086431 -0.544447 -0.100745
    23 1.207012 0.000011 0.000000 0.072098 -0.041705 0.234027
    24 2.035156 0.997070 -1.937500 -1.667267 1.282923 2.944210
    25 6.028144 -0.000011 0.000002 1.564831 0.793721 -0.843079
    26 11.692577 0.000001 0.000004 -0.000400 -0.066549 -1.811785
    27 11.481657 0.000043 0.000019 -1.183866 0.520519 0.156054
    28 3.854334 -0.131699 1.199994 0.887977 0.041686 -0.500120
    29 1.312567 0.000000 0.000000 -0.076006 -0.203868 -0.258727
    30 0.729362 0.000004 0.000003 -0.250341 -0.135455 -0.179419
    31 3.941981 0.050872 0.435162 0.216346 -0.007336 -0.093776
    32 1.539089 0.000008 0.000003 -0.605562 0.126574 -1.244849
    33 1.196316 0.000004 0.000005 0.000000 -0.000162 -0.332870
    34 3.880859 -0.047028 -0.427490 0.051056 0.262892 -0.068599
    35 1.719567 0.000023 0.000016 -0.461243 0.032295 -1.105423
    36 1.209175 0.000008 0.000005 0.175617 0.055179 -0.367832
    37 3.867399 -0.148186 -1.324350 -0.134961 0.400676 -0.397685
    38 1.719419 -0.000008 -0.000008 -0.082106 -0.002364 -0.236718
    39 1.099667 -0.000004 -0.000001 -0.188224 0.009145 -1.119518
    40 0.807129 -0.358887 -1.316406 1.243203 0.551773 -0.740643
    41 1.789783 -0.000002 -0.000002 -0.000009 0.003711 0.228604
    42 1.207001 0.000009 0.000000 -0.023897 -0.040066 0.269693
    43 3.775391 -5.484375 -0.527832 -2.248284 -0.133216 -1.641882
  time 254
    0 -0.000003 -13.531250 -29.421875 1.570788 0.000007 -0.000007
    1 0.000000 3.345131 -2.981898 1.570789 0.086301 1.570789
    2 4.015625 0.000003 0.000000 0.000000 0.000000 -0.029241
    3 3.520294 0.000005 -0.000006 0.000000 0.000000 0.100332
    4 8.929688 0.000001 0.000000 0.000000 0.000000 0.194095
    5 2.036086 0.993556 1.937663 1.628984 -1.284024 2.912134
    6 6.028159 -0.000069 0.000009 -1.556829 -0.832529 -0.853044
    7 11.692566 0.000046 0.000011 0.046067 0.190337 -1.765189
    8 11.481682 0.000088 -0.000031 1.207538 -0.580836 0.216082
    9 3.858219 -0.135628 -1.192206 -0.525722 0.024044 -0.576226
    10 1.312565 -0.000008 0.000000 -0.000002 0.054404 -0.409012
    11 0.729366 0.000002 -0.000002 -0.000001 0.040754 -0.240990
    12 3.941966 0.050853 -0.435186 -0.107024 -0.134938 -0.674215
    13 1.539091 0.000008 -0.000002 0.004710 0.006230 -0.248765
    14 1.196321 0.000000 -0.000002 0.005536 0.008948 -0.440681
    15 3.881376 -0.039219 0.427587 0.024513 -0.233110 -0.534750
    16 1.719578 0.000023 -0.000021 0.071136 -0.038004 -0.397040
    17 1.209181 -0.000004 -0.000001 -0.149087 -0.082376 -0.532868
    18 3.863479 -0.132591 1.332139 0.299585 -0.530280 -0.108371
    19 1.719431 -0.000023 0.000019 0.093073 -0.255136 -0.993806
    20 1.099676 0.000000 0.000006 -0.004622 -0.000973 -0.299762
    21 0.807586 -0.343252 1.320583 -1.218628 -0.459559 -0.914527
    22 1.789787 0.000006 0.000006 0.086167 -0.541521 -0.097485
    23 1.207012 0.000011 0.000000 0.072578 -0.040254 0.222905
    24 2.035156 0.997070 -1.937500 -1.667267 1.282923 2.944210
    25 6.028144 -0.000011 0.000002 1.564723 0.793647 -0.843151
    26 11.692577 0.000001 0.000004 -0.000400 -0.066612 -1.811785
    27 11.481657 0.000043 0.000019 -1.183866 0.520519 0.156054
    28 3.854334 -0.131699 1.199994 0.887977 0.041686 -0.500120
    29 1.312567 0.000000 0.000000 -0.076006 -0.203868 -0.258727
    30 0.729362 0.000004 0.000003 -0.250341 -0.135455 -0.179419
    31 3.938074 0.050872 0.435162 0.216346 -0.007336 -0.093776
    32 1.539089 0.000008 0.000003 -0.605562 0.126574 -1.244849
    33 1.196316 0.000004 0.000005 0.000000 -0.000162 -0.332870
    34 3.880859 -0.047028 -0.427490 0.051056 0.262892 -0.068599
    35 1.719567 0.000023 0.000016 -0.461243 0.032295 -1.105423
    36 1.209175 0.000008 0.000005 0.175617 0.055179 -0.367832
    37 3.867399 -0.148186 -1.324350 -0.134961 0.400676 -0.397685
    38 1.719419 -0.000008 -0.000008 -0.082106 -0.002364 -0.236718
    39 1.099667 -0.000004 -0.000001 -0.188224 0.009145 -1.119518
    40 0.807129 -0.358887 -1.316406 1.243203 0.551773 -0.740643
    41 1.789783 -0.000002 -0.000002 -0.000009 0.003711 0.228604
    42 1.207001 0.000009 0.000000 -0.023897 -0.040066 0.269693
    43 3.775391 -5.484375 -0.527832 -2.248284 -0.133216 -1.641882
  time 255
    0 -0.000003 -13.531250 -29.421875 1.570788 0.000007 -0.000007
    1 0.000000 3.345131 -2.981898 1.570789 0.086301 1.570789
    2 4.015625 0.000003 0.000000 0.000000 0.000000 -0.029241
    3 3.520294 0.000005 -0.000006 0.000000 0.000000 0.100332
    4 8.929688 0.000001 0.000000 0.000000 0.000000 0.194095
    5 2.036086 0.993556 1.937663 1.623288 -1.284216 2.917575
    6 6.028159 -0.000069 0.000009 -1.549738 -0.835740 -0.858222
    7 11.692566 0.000046 0.000011 0.044065 0.192748 -1.767021
    8 11.481682 0.000088 -0.000031 1.208512 -0.580157 0.213274
    9 3.858219 -0.135628 -1.192206 -0.516218 0.019909 -0.555079
    10 1.312565 -0.000008 0.000000 -0.000002 0.054404 -0.409012
    11 0.729366 0.000002 -0.000002 -0.000001 0.040754 -0.240990
    12 3.938059 0.050853 -0.435186 -0.118002 -0.129186 -0.653587
    13 1.539091 0.000008 -0.000002 0.010606 0.009382 -0.249957
    14 1.196321 0.000000 -0.000002 0.012475 0.012448 -0.453073
    15 3.881376 -0.039219 0.427587 0.042502 -0.234057 -0.510974
    16 1.719578 0.000023 -0.000021 0.063705 -0.039610 -0.406855
    17 1.209181 -0.000004 -0.000001 -0.138805 -0.085791 -0.561461
    18 3.863479 -0.132591 1.332139 0.287553 -0.535337 -0.076646
    19 1.719431 -0.000023 0.000019 0.088291 -0.251384 -1.015888
    20 1.099676 0.000000 0.000006 -0.008685 0.000022 -0.311184
    21 0.807586 -0.343252 1.320583 -1.231631 -0.445333 -0.893993
    22 1.789787 0.000006 0.000006 0.085748 -0.536644 -0.092056
    23 1.207012 0.000011 0.000000 0.073345 -0.037846 0.211052
    24 2.035156 0.997070 -1.937500 -1.667267 1.282923 2.944210
    25 6.028144 -0.000011 0.000002 1.564615 0.793597 -0.843223
    26 11.692577 0.000001 0.000004 -0.000400 -0.066663 -1.811838
    27 11.481657 0.000043 0.000019 -1.183866 0.520533 0.156054
    28 3.854334 -0.131699 1.199994 0.887977 0.041686 -0.500120
    29 1.312567 0.000000 0.000000 -0.076006 -0.203868 -0.258727
    30 0.729362 0.000004 0.000003 -0.250341 -0.135455 -0.179419
    31 3.941981 0.050872 0.435162 0.216346 -0.007336 -0.093776
    32 1.539089 0.000008 0.000003 -0.605562 0.126574 -1.244849
    33 1.196316 0.000004 0.000005 0.000000 -0.000162 -0.332870
    34 3.880859 -0.047028 -0.427490 0.051056 0.262892 -0.068599
    35 1.719567 0.000023 0.000016 -0.461243 0.032295 -1.105423
    36 1.209175 0.000008 0.000005 0.175617 0.055179 -0.367832
    37 3.867399 -0.148186 -1.324350 -0.134961 0.400676 -0.397685
    38 1.719419 -0.000008 -0.000008 -0.082106 -0.002364 -0.236718
    39 1.099667 -0.000004 -0.000001 -0.188224 0.009145 -1.119518
    40 0.807129 -0.358887 -1.316406 1.243203 0.551773 -0.740643
    41 1.789783 -0.000002 -0.000002 -0.000009 0.003711 0.228604
    42 1.207001 0.000009 0.000000 -0.023897 -0.040066 0.269693
    43 3.775391 -5.484375 -0.527832 -2.248284 -0.133216 -1.641882
  time 256
    0 -0.000003 -13.531250 -29.421875 1.570788 0.000007 -0.000007
    1 0.000000 3.345131 -2.981898 1.570789 0.086301 1.570789
    2 4.015625 0.000003 0.000000 0.000000 0.000000 -0.029241
    3 3.520294 0.000005 -0.000006 0.000000 0.000000 0.100332
    4 8.929688 0.000001 0.000000 0.000000 0.000000 0.194095
    5 2.036086 0.993556 1.937663 1.618116 -1.284383 2.922496
    6 6.028159 -0.000069 0.000009 -1.543267 -0.838630 -0.862944
    7 11.692566 0.000046 0.000011 0.042124 0.194909 -1.768644
    8 11.481682 0.000088 -0.000031 1.209875 -0.579196 0.209399
    9 3.858219 -0.135628 -1.192206 -0.502855 0.018903 -0.527632
    10 1.312565 -0.000008 0.000000 -0.000002 0.054404 -0.409012
    11 0.729366 0.000002 -0.000002 -0.000001 0.040754 -0.240990
    12 3.941966 0.050853 -0.435186 -0.133186 -0.121839 -0.630879
    13 1.539091 0.000008 -0.000002 0.018804 0.013732 -0.251586
    14 1.196321 0.000000 -0.000002 0.022111 0.017302 -0.470247
    15 3.881376 -0.039219 0.427587 0.060000 -0.234740 -0.485253
    16 1.719578 0.000023 -0.000021 0.053338 -0.041827 -0.418041
    17 1.209181 -0.000004 -0.000001 -0.124579 -0.088847 -0.596540
    18 3.863479 -0.132591 1.332139 0.273830 -0.538238 -0.045056
    19 1.719431 -0.000023 0.000019 0.080717 -0.246830 -1.035830
    20 1.099676 0.000000 0.000006 -0.012448 0.000944 -0.327027
    21 0.807586 -0.343252 1.320583 -1.244994 -0.429765 -0.872412
    22 1.789787 0.000006 0.000006 0.085148 -0.529882 -0.084529
    23 1.207012 0.000011 0.000000 0.074399 -0.034514 0.198576
    24 2.035156 0.997070 -1.937500 -1.667267 1.282923 2.944210
    25 6.028144 -0.000011 0.000002 1.564507 0.793548 -0.843283
    26 11.692577 0.000001 0.000004 -0.000400 -0.066727 -1.811838
    27 11.481657 0.000043 0.000019 -1.183866 0.520519 0.156054
    28 3.854334 -0.131699 1.199994 0.887977 0.041686 -0.500120
    29 1.312567 0.000000 0.000000 -0.076006 -0.203868 -0.258727
    30 0.729362 0.000004 0.000003 -0.250341 -0.135455 -0.179419
    31 3.941981 0.050872 0.435162 0.216346 -0.007336 -0.093776
    32 1.539089 0.000008 0.000003 -0.605562 0.126574 -1.244849
    33 1.196316 0.000004 0.000005 0.000000 -0.000162 -0.332870
    34 3.880859 -0.047028 -0.427490 0.051056 0.262892 -0.068599
    35 1.719567 0.000023 0.000016 -0.461243 0.032295 -1.105423
    36 1.209175 0.000008 0.000005 0.175617 0.055179 -0.367832
    37 3.867399 -0.148186 -1.324350 -0.134961 0.400676 -0.397685
    38 1.719419 -0.000008 -0.000008 -0.082106 -0.002364 -0.236718
    39 1.099667 -0.000004 -0.000001 -0.188224 0.009145 -1.119518
    40 0.807129 -0.358887 -1.316406 1.243203 0.551773 -0.740643
    41 1.789783 -0.000002 -0.000002 -0.000009 0.003711 0.228604
    42 1.207001 0.000009 0.000000 -0.023897 -0.040066 0.269693
    43 3.775391 -5.484375 -0.527832 -2.248284 -0.133216 -1.641882
  time 257
    0 -0.000003 -13.531250 -29.421875 1.570788 0.000007 -0.000007
    1 0.000000 3.345131 -2.981898 1.570789 0.086301 1.570789
    2 4.015625 0.000003 0.000000 0.000000 0.000000 -0.029241
    3 3.520294 0.000005 -0.000006 0.000000 0.000000 0.100332
    4 8.929688 0.000001 0.000000 0.000000 0.000000 0.194095
    5 2.036086 0.993556 1.937663 1.613500 -1.284515 2.926897
    6 6.028159 -0.000069 0.000009 -1.537474 -0.841167 -0.867186
    7 11.692566 0.000046 0.000011 0.040254 0.196854 -1.770109
    8 11.481682 0.000088 -0.000031 1.211579 -0.577987 0.204522
    9 3.858219 -0.135628 -1.192206 -0.485705 0.020916 -0.494405
    10 1.312565 -0.000008 0.000000 -0.000002 0.054404 -0.409012
    11 0.729366 0.000002 -0.000002 -0.000001 0.040754 -0.240990
    12 3.938059 0.050853 -0.435186 -0.152242 -0.113054 -0.606412
    13 1.539091 0.000008 -0.000002 0.029111 0.019221 -0.253691
    14 1.196321 0.000000 -0.000002 0.034239 0.023402 -0.491867
    15 3.881376 -0.039219 0.427587 0.076814 -0.235171 -0.457952
    16 1.719578 0.000023 -0.000021 0.040251 -0.044620 -0.430412
    17 1.209181 -0.000004 -0.000001 -0.106710 -0.091508 -0.637484
    18 3.863479 -0.132591 1.332139 0.258646 -0.539043 -0.014007
    19 1.719431 -0.000023 0.000019 0.070542 -0.241569 -1.053454
    20 1.099676 0.000000 0.000006 -0.015876 0.001831 -0.346958
    21 0.807586 -0.343252 1.320583 -1.258429 -0.413046 -0.850120
    22 1.789787 0.000006 0.000006 0.084405 -0.521369 -0.075062
    23 1.207012 0.000011 0.000000 0.075694 -0.030319 0.185657
    24 2.035156 0.997070 -1.937500 -1.667267 1.282923 2.944210
    25 6.028144 -0.000011 0.000002 1.564423 0.793498 -0.843331
    26 11.692577 0.000001 0.000004 -0.000400 -0.066778 -1.811838
    27 11.481657 0.000043 0.000019 -1.183866 0.520519 0.156054
    28 3.858240 -0.131699 1.199994 0.887977 0.041686 -0.500120
    29 1.312567 0.000000 0.000000 -0.076006 -0.203868 -0.258727
    30 0.729362 0.000004 0.000003 -0.250341 -0.135455 -0.179419
    31 3.941981 0.050872 0.435162 0.216346 -0.007336 -0.093776
    32 1.539089 0.000008 0.000003 -0.605562 0.126574 -1.244849
    33 1.196316 0.000004 0.000005 0.000000 -0.000162 -0.332870
    34 3.880859 -0.047028 -0.427490 0.051056 0.262892 -0.068599
    35 1.719567 0.000023 0.000016 -0.461243 0.032295 -1.105423
    36 1.209175 0.000008 0.000005 0.175617 0.055179 -0.367832
    37 3.867399 -0.148186 -1.324350 -0.134961 0.400676 -0.397685
    38 1.719419 -0.000008 -0.000008 -0.082106 -0.002364 -0.236718
    39 1.099667 -0.000004 -0.000001 -0.188224 0.009145 -1.119518
    40 0.807129 -0.358887 -1.316406 1.243203 0.551773 -0.740643
    41 1.789783 -0.000002 -0.000002 -0.000009 0.003711 0.228604
    42 1.207001 0.000009 0.000000 -0.023897 -0.040066 0.269693
    43 3.775391 -5.484375 -0.527832 -2.248284 -0.133216 -1.641882
  time 258
    0 -0.000003 -13.531250 -29.421875 1.570788 0.000007 -0.000007
    1 0.000000 3.345131 -2.981898 1.570789 0.086301 1.570789
    2 4.015625 0.000003 0.000000 0.000000 0.000000 -0.029241
    3 3.520294 0.000005 -0.000006 0.000000 0.000000 0.100332
    4 8.929688 0.000001 0.000000 0.000000 0.000000 0.194095
    5 2.036086 0.993556 1.937663 1.609507 -1.284635 2.930718
    6 6.028159 -0.000069 0.000009 -1.532414 -0.843382 -0.870877
    7 11.692566 0.000046 0.000011 0.038505 0.198533 -1.771365
    8 11.481682 0.000088 -0.000031 1.213526 -0.576546 0.198775
    9 3.854313 -0.135628 -1.192206 -0.465044 0.025662 -0.456275
    10 1.312565 -0.000008 0.000000 -0.000002 0.054404 -0.409012
    11 0.729366 0.000002 -0.000002 -0.000001 0.040754 -0.240990
    12 3.938059 0.050853 -0.435186 -0.174617 -0.103059 -0.580627
    13 1.539091 0.000008 -0.000002 0.041251 0.025669 -0.256115
    14 1.196321 0.000000 -0.000002 0.048501 0.030581 -0.517311
    15 3.881376 -0.039219 0.427587 0.092694 -0.235351 -0.429523
    16 1.719578 0.000023 -0.000021 0.024839 -0.047904 -0.443672
    17 1.209181 -0.000004 -0.000001 -0.085725 -0.093761 -0.683305
    18 3.863479 -0.132591 1.332139 0.242383 -0.537813 0.015988
    19 1.719431 -0.000023 0.000019 0.058078 -0.235709 -1.068641
    20 1.099676 0.000000 0.000006 -0.018944 0.002682 -0.370424
    21 0.807586 -0.343252 1.320583 -1.271612 -0.395465 -0.827553
    22 1.789787 0.000006 0.000006 0.083531 -0.511334 -0.063904
    23 1.207012 0.000011 0.000000 0.077216 -0.025382 0.172510
    24 2.035156 0.997070 -1.937500 -1.667267 1.282923 2.944210
    25 6.028144 -0.000011 0.000002 1.564351 0.793449 -0.843379
    26 11.692577 0.000001 0.000004 -0.000400 -0.066816 -1.811892
    27 11.481657 0.000043 0.000019 -1.183866 0.520519 0.156054
    28 3.858240 -0.131699 1.199994 0.887977 0.041686 -0.500120
    29 1.312567 0.000000 0.000000 -0.076006 -0.203868 -0.258727
    30 0.729362 0.000004 0.000003 -0.250341 -0.135455 -0.179419
    31 3.941981 0.050872 0.435162 0.216346 -0.007336 -0.093776
    32 1.539089 0.000008 0.000003 -0.605562 0.126574 -1.244849
    33 1.196316 0.000004 0.000005 0.000000 -0.000162 -0.332870
    34 3.880859 -0.047028 -0.427490 0.051056 0.262892 -0.068599
    35 1.719567 0.000023 0.000016 -0.461243 0.032295 -1.105423
    36 1.209175 0.000008 0.000005 0.175617 0.055179 -0.367832
    37 3.867399 -0.148186 -1.324350 -0.134961 0.400676 -0.397685
    38 1.719419 -0.000008 -0.000008 -0.082106 -0.002364 -0.236718
    39 1.099667 -0.000004 -0.000001 -0.188224 0.009145 -1.119518
    40 0.807129 -0.358887 -1.316406 1.243203 0.551773 -0.740643
    41 1.789783 -0.000002 -0.000002 -0.000009 0.003711 0.228604
    42 1.207001 0.000009 0.000000 -0.023897 -0.040066 0.269681
    43 3.775391 -5.484375 -0.527832 -2.248284 -0.133216 -1.641882
  time 259
    0 -0.000003 -13.531250 -29.421875 1.570788 0.000007 -0.000007
    1 0.000000 3.345131 -2.981898 1.570789 0.086301 1.570789
    2 4.015625 0.000003 0.000000 0.000000 0.000000 -0.029241
    3 3.520294 0.000005 -0.000006 0.000000 0.000000 0.100332
    4 8.929688 0.000001 0.000000 0.000000 0.000000 0.194095
    5 2.036086 0.993556 1.937663 1.606102 -1.284731 2.933958
    6 6.028159 -0.000069 0.000009 -1.528125 -0.845245 -0.874029
    7 11.692566 0.000046 0.000011 0.036875 0.199947 -1.772412
    8 11.481682 0.000088 -0.000031 1.215717 -0.574907 0.192387
    9 3.858219 -0.135628 -1.192206 -0.441362 0.032733 -0.414419
    10 1.312565 -0.000008 0.000000 -0.000002 0.054404 -0.409012
    11 0.729366 0.000002 -0.000002 -0.000001 0.040754 -0.240990
    12 3.938059 0.050853 -0.435186 -0.199557 -0.092153 -0.554168
    13 1.539091 0.000008 -0.000002 0.054794 0.032884 -0.258856
    14 1.196321 0.000000 -0.000002 0.064440 0.038586 -0.545738
    15 3.881376 -0.039219 0.427587 0.107459 -0.235303 -0.400671
    16 1.719578 0.000023 -0.000021 0.007593 -0.051559 -0.457525
    17 1.209181 -0.000004 -0.000001 -0.062319 -0.095583 -0.732681
    18 3.863479 -0.132591 1.332139 0.225496 -0.534806 0.044498
    19 1.719431 -0.000023 0.000019 0.043817 -0.229453 -1.081391
    20 1.099676 0.000000 0.000006 -0.021640 0.003497 -0.396634
    21 0.807586 -0.343252 1.320583 -1.284171 -0.377416 -0.805198
    22 1.789787 0.000006 0.000006 0.082548 -0.500142 -0.051452
    23 1.207012 0.000011 0.000000 0.078906 -0.019869 0.159399
    24 2.035156 0.997070 -1.937500 -1.667267 1.282923 2.944210
    25 6.028144 -0.000011 0.000002 1.564291 0.793424 -0.843415
    26 11.692577 0.000001 0.000004 -0.000400 -0.066854 -1.811892
    27 11.481657 0.000043 0.000019 -1.183866 0.520519 0.156054
    28 3.858240 -0.131699 1.199994 0.887977 0.041686 -0.500120
    29 1.312567 0.000000 0.000000 -0.076006 -0.203868 -0.258727
    30 0.729362 0.000004 0.000003 -0.250341 -0.135455 -0.179419
    31 3.941981 0.050872 0.435162 0.216346 -0.007336 -0.093776
    32 1.539089 0.000008 0.000003 -0.605562 0.126574 -1.244849
    33 1.196316 0.000004 0.000005 0.000000 -0.000162 -0.332870
    34 3.880859 -0.047028 -0.427490 0.051056 0.262892 -0.068599
    35 1.719567 0.000023 0.000016 -0.461243 0.032295 -1.105423
    36 1.209175 0.000008 0.000005 0.175617 0.055179 -0.367832
    37 3.867399 -0.148186 -1.324350 -0.134961 0.400676 -0.397685
    38 1.719419 -0.000008 -0.000008 -0.082106 -0.002364 -0.236718
    39 1.099667 -0.000004 -0.000001 -0.188224 0.009145 -1.119518
    40 0.807129 -0.358887 -1.316406 1.243203 0.551773 -0.740643
    41 1.789783 -0.000002 -0.000002 -0.000009 0.003711 0.228604
    42 1.207001 0.000009 0.000000 -0.023897 -0.040066 0.269693
    43 3.775391 -5.484375 -0.527832 -2.248284 -0.133216 -1.641882
  time 260
    0 -0.000003 -13.531250 -29.421875 1.570788 0.000007 -0.000007
    1 0.000000 3.345131 -2.981898 1.570789 0.086301 1.570789
    2 4.015625 0.000003 0.000000 0.000000 0.000000 -0.029241
    3 3.520294 0.000005 -0.000006 0.000000 0.000000 0.100332
    4 8.929688 0.000001 0.000000 0.000000 0.000000 0.194095
    5 2.036086 0.993556 1.937663 1.603320 -1.284815 2.936586
    6 6.028159 -0.000069 0.000009 -1.524589 -0.846754 -0.876606
    7 11.692566 0.000046 0.000011 0.035400 0.201110 -1.773302
    8 11.481682 0.000088 -0.000031 1.218005 -0.573135 0.185589
    9 3.858219 -0.135628 -1.192206 -0.415404 0.041554 -0.370345
    10 1.312565 -0.000008 0.000000 -0.000002 0.054404 -0.409012
    11 0.729366 0.000002 -0.000002 -0.000001 0.040754 -0.240990
    12 3.941966 0.050853 -0.435186 -0.226115 -0.080720 -0.527739
    13 1.539091 0.000008 -0.000002 0.069259 0.040578 -0.261795
    14 1.196321 0.000000 -0.000002 0.081446 0.047131 -0.576059
    15 3.881376 -0.039219 0.427587 0.120881 -0.235063 -0.372073
    16 1.719578 0.000023 -0.000021 -0.010803 -0.055466 -0.471525
    17 1.209181 -0.000004 -0.000001 -0.037379 -0.096985 -0.783925
    18 3.863479 -0.132591 1.332139 0.208502 -0.530326 0.070953
    19 1.719431 -0.000023 0.000019 0.028321 -0.222981 -1.091733
    20 1.099676 0.000000 0.000006 -0.023941 0.004288 -0.424582
    21 0.807586 -0.343252 1.320583 -1.295832 -0.359367 -0.783580
    22 1.789787 0.000006 0.000006 0.081505 -0.488189 -0.038173
    23 1.207012 0.000011 0.000000 0.080691 -0.013984 0.146635
    24 2.035156 0.997070 -1.937500 -1.667267 1.282923 2.944210
    25 6.028144 -0.000011 0.000002 1.564231 0.793399 -0.843451
    26 11.692577 0.000001 0.000004 -0.000400 -0.066879 -1.811892
    27 11.481657 0.000043 0.000019 -1.183866 0.520519 0.156054
    28 3.858240 -0.131699 1.199994 0.887977 0.041686 -0.500120
    29 1.312567 0.000000 0.000000 -0.076006 -0.203868 -0.258727
    30 0.729362 0.000004 0.000003 -0.250341 -0.135455 -0.179419
    31 3.941981 0.050872 0.435162 0.216346 -0.007336 -0.093776
    32 1.539089 0.000008 0.000003 -0.605562 0.126574 -1.244849
    33 1.196316 0.000004 0.000005 0.000000 -0.000162 -0.332870
    34 3.880859 -0.047028 -0.427490 0.051056 0.262892 -0.068599
    35 1.719567 0.000023 0.000016 -0.461243 0.032295 -1.105423
    36 1.209175 0.000008 0.000005 0.175617 0.055179 -0.367832
    37 3.867399 -0.148186 -1.324350 -0.134961 0.400676 -0.397685
    38 1.719419 -0.000008 -0.000008 -0.082106 -0.002364 -0.236718
    39 1.099667 -0.000004 -0.000001 -0.188224 0.009145 -1.119518
    40 0.807129 -0.358887 -1.316406 1.243203 0.551773 -0.740643
    41 1.789783 -0.000002 -0.000002 -0.000009 0.003711 0.228604
    42 1.207001 0.000009 0.000000 -0.023897 -0.040066 0.269693
    43 3.775391 -5.484375 -0.527832 -2.248284 -0.133216 -1.641882
  time 261
    0 -0.000003 -13.531250 -29.421875 1.570788 0.000007 -0.000007
    1 0.000000 3.345131 -2.981898 1.570789 0.086301 1.570789
    2 4.015625 0.000003 0.000000 0.000000 0.000000 -0.029241
    3 3.520294 0.000005 -0.000006 0.000000 0.000000 0.100332
    4 8.929688 0.000001 0.000000 0.000000 0.000000 0.194095
    5 2.036086 0.993556 1.937663 1.601126 -1.284875 2.938695
    6 6.028159 -0.000069 0.000009 -1.521786 -0.847942 -0.878655
    7 11.692566 0.000046 0.000011 0.034094 0.202025 -1.773982
    8 11.481682 0.000088 -0.000031 1.220342 -0.571313 0.178659
    9 3.858219 -0.135628 -1.192206 -0.388175 0.051489 -0.325695
    10 1.312565 -0.000008 0.000000 -0.000002 0.054404 -0.409012
    11 0.729366 0.000002 -0.000002 -0.000001 0.040754 -0.240990
    12 3.941966 0.050853 -0.435186 -0.253188 -0.069215 -0.502100
    13 1.539091 0.000008 -0.000002 0.084024 0.048428 -0.264775
    14 1.196321 0.000000 -0.000002 0.098812 0.055844 -0.607027
    15 3.881376 -0.039219 0.427587 0.132818 -0.234668 -0.344575
    16 1.719578 0.000023 -0.000021 -0.029619 -0.059457 -0.485267
    17 1.209181 -0.000004 -0.000001 -0.011936 -0.098016 -0.835220
    18 3.863479 -0.132591 1.332139 0.191987 -0.524752 0.094949
    19 1.719431 -0.000023 0.000019 0.012297 -0.216557 -1.099788
    20 1.099676 0.000000 0.000006 -0.025871 0.005031 -0.453129
    21 0.807586 -0.343252 1.320583 -1.306319 -0.341858 -0.763233
    22 1.789787 0.000006 0.000006 0.080439 -0.475989 -0.024606
    23 1.207012 0.000011 0.000000 0.082525 -0.007980 0.134531
    24 2.035156 0.997070 -1.937500 -1.667267 1.282923 2.944210
    25 6.028144 -0.000011 0.000002 1.564195 0.793374 -0.843475
    26 11.692577 0.000001 0.000004 -0.000388 -0.066905 -1.811892
    27 11.481657 0.000043 0.000019 -1.183866 0.520533 0.156054
    28 3.854334 -0.131699 1.199994 0.887977 0.041686 -0.500120
    29 1.312567 0.000000 0.000000 -0.076006 -0.203868 -0.258727
    30 0.729362 0.000004 0.000003 -0.250341 -0.135455 -0.179419
    31 3.941981 0.050872 0.435162 0.216346 -0.007336 -0.093776
    32 1.539089 0.000008 0.000003 -0.605562 0.126574 -1.244849
    33 1.196316 0.000004 0.000005 0.000000 -0.000162 -0.332870
    34 3.880859 -0.047028 -0.427490 0.051056 0.262892 -0.068599
    35 1.719567 0.000023 0.000016 -0.461243 0.032295 -1.105423
    36 1.209175 0.000008 0.000005 0.175617 0.055179 -0.367832
    37 3.867399 -0.148186 -1.324350 -0.134961 0.400676 -0.397685
    38 1.719419 -0.000008 -0.000008 -0.082106 -0.002364 -0.236718
    39 1.099667 -0.000004 -0.000001 -0.188224 0.009145 -1.119518
    40 0.807129 -0.358887 -1.316406 1.243203 0.551773 -0.740643
    41 1.789783 -0.000002 -0.000002 -0.000009 0.003711 0.228604
    42 1.207001 0.000009 0.000000 -0.023897 -0.040066 0.269693
    43 3.775391 -5.484375 -0.527832 -2.248284 -0.133216 -1.641882
  time 262
    0 -0.000003 -13.531250 -29.421875 1.570788 0.000007 -0.000007
    1 0.000000 3.345131 -2.981898 1.570789 0.086301 1.570789
    2 4.015625 0.000003 0.000000 0.000000 0.000000 -0.029241
    3 3.520294 0.000005 -0.000006 0.000000 0.000000 0.100332
    4 8.929688 0.000001 0.000000 0.000000 0.000000 0.194095
    5 2.036086 0.993556 1.937663 1.599490 -1.284911 2.940285
    6 6.028159 -0.000069 0.000009 -1.519680 -0.848841 -0.880213
    7 11.692566 0.000046 0.000011 0.032956 0.202723 -1.774506
    8 11.481682 0.000088 -0.000031 1.222582 -0.569491 0.171877
    9 3.858219 -0.135628 -1.192206 -0.360826 0.061820 -0.282251
    10 1.312565 -0.000008 0.000000 -0.000002 0.054404 -0.409012
    11 0.729366 0.000002 -0.000002 -0.000001 0.040754 -0.240990
    12 3.941966 0.050853 -0.435186 -0.279650 -0.058069 -0.478044
    13 1.539091 0.000008 -0.000002 0.098477 0.056122 -0.267714
    14 1.196321 0.000000 -0.000002 0.115818 0.064377 -0.637360
    15 3.881376 -0.039219 0.427587 0.143137 -0.234177 -0.318938
    16 1.719578 0.000023 -0.000021 -0.048051 -0.063352 -0.498268
    17 1.209181 -0.000004 -0.000001 0.012944 -0.098699 -0.884596
    18 3.863479 -0.132591 1.332139 0.176479 -0.518556 0.116108
    19 1.719431 -0.000023 0.000019 -0.003522 -0.210397 -1.105761
    20 1.099676 0.000000 0.000006 -0.027441 0.005738 -0.481077
    21 0.807586 -0.343252 1.320583 -1.315487 -0.325427 -0.744621
    22 1.789787 0.000006 0.000006 0.079396 -0.464053 -0.011339
    23 1.207012 0.000011 0.000000 0.084299 -0.002120 0.123373
    24 2.035156 0.997070 -1.937500 -1.667267 1.282923 2.944210
    25 6.028144 -0.000011 0.000002 1.564160 0.793349 -0.843499
    26 11.692577 0.000001 0.000004 -0.000388 -0.066917 -1.811892
    27 11.481657 0.000043 0.000019 -1.183866 0.520533 0.156054
    28 3.854334 -0.131699 1.199994 0.887977 0.041686 -0.500120
    29 1.312567 0.000000 0.000000 -0.076006 -0.203868 -0.258727
    30 0.729362 0.000004 0.000003 -0.250341 -0.135455 -0.179419
    31 3.941981 0.050872 0.435162 0.216346 -0.007336 -0.093776
    32 1.539089 0.000008 0.000003 -0.605562 0.126574 -1.244849
    33 1.196316 0.000004 0.000005 0.000000 -0.000162 -0.332870
    34 3.880859 -0.047028 -0.427490 0.051056 0.262892 -0.068599
    35 1.719567 0.000023 0.000016 -0.461243 0.032295 -1.105423
    36 1.209175 0.000008 0.000005 0.175617 0.055179 -0.367832
    37 3.867399 -0.148186 -1.324350 -0.134961 0.400676 -0.397685
    38 1.719419 -0.000008 -0.000008 -0.082106 -0.002364 -0.236718
    39 1.099667 -0.000004 -0.000001 -0.188224 0.009145 -1.119518
    40 0.807129 -0.358887 -1.316406 1.243203 0.551773 -0.740643
    41 1.789783 -0.000002 -0.000002 -0.000009 0.003711 0.228604
    42 1.207001 0.000009 0.000000 -0.023897 -0.040066 0.269693
    43 3.775391 -5.484375 -0.527832 -2.248284 -0.133216 -1.641882
  time 263
    0 -0.000003 -13.531250 -29.421875 1.570788 0.000007 -0.000007
    1 0.000000 3.345131 -2.981898 1.570789 0.086301 1.570789
    2 4.015625 0.000003 0.000000 0.000000 0.000000 -0.029241
    3 3.520294 0.000005 -0.000006 0.000000 0.000000 0.100332
    4 8.929688 0.000001 0.000000 0.000000 0.000000 0.194095
    5 2.036086 0.993556 1.937663 1.598279 -1.284947 2.941416
    6 6.028159 -0.000069 0.000009 -1.518137 -0.849483 -0.881328
    7 11.692566 0.000046 0.000011 0.032009 0.203222 -1.774924
    8 11.481682 0.000088 -0.000031 1.224627 -0.567769 0.165555
    9 3.858219 -0.135628 -1.192206 -0.334556 0.071911 -0.241683
    10 1.312565 -0.000008 0.000000 -0.000002 0.054404 -0.409012
    11 0.729366 0.000002 -0.000002 -0.000001 0.040754 -0.240990
    12 3.941966 0.050853 -0.435186 -0.304434 -0.047702 -0.456273
    13 1.539091 0.000008 -0.000002 0.112032 0.063324 -0.270455
    14 1.196321 0.000000 -0.000002 0.131758 0.072359 -0.665800
    15 3.881376 -0.039219 0.427587 0.151814 -0.233625 -0.295839
    16 1.719578 0.000023 -0.000021 -0.065345 -0.067007 -0.510157
    17 1.209181 -0.000004 -0.000001 0.036254 -0.099094 -0.930288
    18 3.863479 -0.132591 1.332139 0.162457 -0.512208 0.134187
    19 1.719431 -0.000023 0.000019 -0.018491 -0.204716 -1.109982
    20 1.099676 0.000000 0.000006 -0.028675 0.006397 -0.507276
    21 0.807586 -0.343252 1.320583 -1.323253 -0.310542 -0.728142
    22 1.789787 0.000006 0.000006 0.078413 -0.452845 0.001113
    23 1.207012 0.000011 0.000000 0.085976 0.003393 0.113450
    24 2.035156 0.997070 -1.937500 -1.667267 1.282923 2.944210
    25 6.028144 -0.000011 0.000002 1.564136 0.793349 -0.843511
    26 11.692577 0.000001 0.000004 -0.000388 -0.066930 -1.811892
    27 11.481657 0.000043 0.000019 -1.183866 0.520519 0.156054
    28 3.854334 -0.131699 1.199994 0.887977 0.041686 -0.500120
    29 1.312567 0.000000 0.000000 -0.076006 -0.203868 -0.258727
    30 0.729362 0.000004 0.000003 -0.250341 -0.135455 -0.179419
    31 3.941981 0.050872 0.435162 0.216346 -0.007336 -0.093776
    32 1.539089 0.000008 0.000003 -0.605562 0.126574 -1.244849
    33 1.196316 0.000004 0.000005 0.000000 -0.000162 -0.332870
    34 3.880859 -0.047028 -0.427490 0.051056 0.262892 -0.068599
    35 1.719567 0.000023 0.000016 -0.461243 0.032295 -1.105423
    36 1.209175 0.000008 0.000005 0.175617 0.055179 -0.367832
    37 3.867399 -0.148186 -1.324350 -0.134961 0.400676 -0.397685
    38 1.719419 -0.000008 -0.000008 -0.082106 -0.002364 -0.236718
    39 1.099667 -0.000004 -0.000001 -0.188224 0.009145 -1.119518
    40 0.807129 -0.358887 -1.316406 1.243203 0.551773 -0.740643
    41 1.789783 -0.000002 -0.000002 -0.000009 0.003711 0.228604
    42 1.207001 0.000009 0.000000 -0.023897 -0.040066 0.269693
    43 3.775391 -5.484375 -0.527832 -2.248284 -0.133216 -1.641882
  time 264
    0 -0.000003 -13.531250 -29.421875 1.570788 0.000007 -0.000007
    1 0.000000 3.345131 -2.981898 1.570789 0.086301 1.570789
    2 4.015625 0.000003 0.000000 0.000000 0.000000 -0.029241
    3 3.520294 0.000005 -0.000006 0.000000 0.000000 0.100332
    4 8.929688 0.000001 0.000000 0.000000 0.000000 0.194095
    5 2.036086 0.993556 1.937663 1.597460 -1.284971 2.942180
    6 6.028159 -0.000069 0.000009 -1.517103 -0.849933 -0.882095
    7 11.692566 0.000046 0.000011 0.031230 0.203571 -1.775186
    8 11.481682 0.000088 -0.000031 1.226477 -0.566212 0.159890
    9 3.858219 -0.135628 -1.192206 -0.310551 0.081175 -0.205443
    10 1.312565 -0.000008 0.000000 -0.000002 0.054404 -0.409012
    11 0.729366 0.000002 -0.000002 -0.000001 0.040754 -0.240990
    12 3.941966 0.050853 -0.435186 -0.326594 -0.038498 -0.437315
    13 1.539091 0.000008 -0.000002 0.124160 0.069784 -0.272879
    14 1.196321 0.000000 -0.000002 0.146031 0.079514 -0.691255
    15 3.881376 -0.039219 0.427587 0.158849 -0.233074 -0.275815
    16 1.719578 0.000023 -0.000021 -0.080817 -0.070279 -0.520565
    17 1.209181 -0.000004 -0.000001 0.057120 -0.099286 -0.970790
    18 3.863479 -0.132591 1.332139 0.150293 -0.506118 0.149130
    19 1.719431 -0.000023 0.000019 -0.031962 -0.199695 -1.112745
    20 1.099676 0.000000 0.000006 -0.029622 0.006973 -0.530741
    21 0.807586 -0.343252 1.320583 -1.329593 -0.297599 -0.714070
    22 1.789787 0.000006 0.000006 0.077538 -0.442827 0.012258
    23 1.207012 0.000011 0.000000 0.087463 0.008331 0.104941
    24 2.035156 0.997070 -1.937500 -1.667267 1.282923 2.944210
    25 6.028144 -0.000011 0.000002 1.564124 0.793325 -0.843511
    26 11.692577 0.000001 0.000004 -0.000388 -0.066943 -1.811945
    27 11.481657 0.000043 0.000019 -1.183866 0.520519 0.156054
    28 3.854334 -0.131699 1.199994 0.887977 0.041686 -0.500120
    29 1.312567 0.000000 0.000000 -0.076006 -0.203868 -0.258727
    30 0.729362 0.000004 0.000003 -0.250341 -0.135455 -0.179419
    31 3.941981 0.050872 0.435162 0.216346 -0.007336 -0.093776
    32 1.539089 0.000008 0.000003 -0.605562 0.126574 -1.244879
    33 1.196316 0.000004 0.000005 0.000000 -0.000162 -0.332870
    34 3.880859 -0.047028 -0.427490 0.051056 0.262892 -0.068599
    35 1.719567 0.000023 0.000016 -0.461243 0.032295 -1.105423
    36 1.209175 0.000008 0.000005 0.175617 0.055179 -0.367832
    37 3.863493 -0.148186 -1.324350 -0.134961 0.400676 -0.397685
    38 1.719419 -0.000008 -0.000008 -0.082106 -0.002364 -0.236718
    39 1.099667 -0.000004 -0.000001 -0.188224 0.009145 -1.119518
    40 0.807129 -0.358887 -1.316406 1.243203 0.551773 -0.740643
    41 1.789783 -0.000002 -0.000002 -0.000009 0.003711 0.228604
    42 1.207001 0.000009 0.000000 -0.023897 -0.040066 0.269693
    43 3.775391 -5.484375 -0.527832 -2.248284 -0.133216 -1.641882
  time 265
    0 -0.000003 -13.531250 -29.421875 1.570788 0.000007 -0.000007
    1 0.000000 3.345131 -2.981898 1.570789 0.086301 1.570789
    2 4.015625 0.000003 0.000000 0.000000 0.000000 -0.029241
    3 3.520294 0.000005 -0.000006 0.000000 0.000000 0.100332
    4 8.929688 0.000001 0.000000 0.000000 0.000000 0.194095
    5 2.036086 0.993556 1.937663 1.596969 -1.284983 2.942669
    6 6.028159 -0.000069 0.000009 -1.516444 -0.850222 -0.882574
    7 11.692566 0.000046 0.000011 0.030631 0.203787 -1.775343
    8 11.481682 0.000088 -0.000031 1.227986 -0.564887 0.155095
    9 3.858219 -0.135628 -1.192206 -0.289793 0.089192 -0.174736
    10 1.312565 -0.000008 0.000000 -0.000002 0.054404 -0.409012
    11 0.729366 0.000002 -0.000002 -0.000001 0.040754 -0.240990
    12 3.941966 0.050853 -0.435186 -0.345409 -0.030732 -0.421580
    13 1.539091 0.000008 -0.000002 0.134467 0.075261 -0.274984
    14 1.196321 0.000000 -0.000002 0.158160 0.085578 -0.712887
    15 3.881376 -0.039219 0.427587 0.164326 -0.232571 -0.259316
    16 1.719578 0.000023 -0.000021 -0.093976 -0.073047 -0.529232
    17 1.209181 -0.000004 -0.000001 0.074821 -0.099334 -1.004857
    18 3.863479 -0.132591 1.332139 0.140250 -0.500681 0.160912
    19 1.719431 -0.000023 0.000019 -0.043455 -0.195488 -1.114410
    20 1.099676 0.000000 0.000006 -0.030305 0.007464 -0.550660
    21 0.807586 -0.343252 1.320583 -1.334591 -0.286873 -0.702581
    22 1.789787 0.000006 0.000006 0.076795 -0.434296 0.021726
    23 1.207012 0.000011 0.000000 0.088733 0.012526 0.097966
    24 2.035156 0.997070 -1.937500 -1.667267 1.282923 2.944210
    25 6.028144 -0.000011 0.000002 1.564112 0.793325 -0.843523
    26 11.692577 0.000001 0.000004 -0.000388 -0.066943 -1.811945
    27 11.481657 0.000043 0.000019 -1.183866 0.520519 0.156054
    28 3.854334 -0.131699 1.199994 0.887977 0.041686 -0.500120
    29 1.312567 0.000000 0.000000 -0.076006 -0.203868 -0.258727
    30 0.729362 0.000004 0.000003 -0.250341 -0.135455 -0.179419
    31 3.941981 0.050872 0.435162 0.216346 -0.007336 -0.093776
    32 1.539089 0.000008 0.000003 -0.605562 0.126574 -1.244849
    33 1.196316 0.000004 0.000005 0.000000 -0.000162 -0.332870
    34 3.880859 -0.047028 -0.427490 0.051056 0.262892 -0.068599
    35 1.719567 0.000023 0.000016 -0.461243 0.032295 -1.105423
    36 1.209175 0.000008 0.000005 0.175617 0.055179 -0.367832
    37 3.867399 -0.148186 -1.324350 -0.134961 0.400676 -0.397685
    38 1.719419 -0.000008 -0.000008 -0.082106 -0.002364 -0.236718
    39 1.099667 -0.000004 -0.000001 -0.188224 0.009145 -1.119518
    40 0.807129 -0.358887 -1.316406 1.243203 0.551773 -0.740643
    41 1.789783 -0.000002 -0.000002 -0.000009 0.003711 0.228604
    42 1.207001 0.000009 0.000000 -0.023897 -0.040066 0.269693
    43 3.775391 -5.484375 -0.527832 -2.248284 -0.133216 -1.641882
  time 266
    0 -0.000003 -13.531250 -29.421875 1.570788 0.000007 -0.000007
    1 0.000000 3.345131 -2.981898 1.570789 0.086301 1.570789
    2 4.015625 0.000003 0.000000 0.000000 0.000000 -0.029241
    3 3.520294 0.000005 -0.000006 0.000000 0.000000 0.100332
    4 8.929688 0.000001 0.000000 0.000000 0.000000 0.194095
    5 2.036086 0.993556 1.937663 1.596675 -1.284995 2.942944
    6 6.028159 -0.000069 0.000009 -1.516068 -0.850382 -0.882838
    7 11.692566 0.000046 0.000011 0.030187 0.203903 -1.775396
    8 11.481682 0.000088 -0.000031 1.229203 -0.563810 0.151285
    9 3.858219 -0.135628 -1.192206 -0.273063 0.095652 -0.150357
    10 1.312565 -0.000008 0.000000 -0.000002 0.054404 -0.409012
    11 0.729366 0.000002 -0.000002 -0.000001 0.040754 -0.240990
    12 3.941966 0.050853 -0.435186 -0.360354 -0.024584 -0.409333
    13 1.539091 0.000008 -0.000002 0.142665 0.079623 -0.276652
    14 1.196321 0.000000 -0.000002 0.167795 0.090408 -0.730085
    15 3.881376 -0.039219 0.427587 0.168352 -0.232127 -0.246484
    16 1.719578 0.000023 -0.000021 -0.104439 -0.075265 -0.536011
    17 1.209181 -0.000004 -0.000001 0.088879 -0.099286 -1.031764
    18 3.863479 -0.132591 1.332139 0.132448 -0.496186 0.169722
    19 1.719431 -0.000023 0.000019 -0.052623 -0.192168 -1.115272
    20 1.099676 0.000000 0.000006 -0.030772 0.007860 -0.566503
    21 0.807586 -0.343252 1.320583 -1.338306 -0.278531 -0.693749
    22 1.789787 0.000006 0.000006 0.076208 -0.427535 0.029240
    23 1.207012 0.000011 0.000000 0.089740 0.015857 0.092597
    24 2.035156 0.997070 -1.937500 -1.667267 1.282923 2.944210
    25 6.028144 -0.000011 0.000002 1.564112 0.793325 -0.843523
    26 11.692577 0.000001 0.000004 -0.000388 -0.066955 -1.811945
    27 11.481657 0.000043 0.000019 -1.183866 0.520519 0.156054
    28 3.854334 -0.131699 1.199994 0.887977 0.041686 -0.500120
    29 1.312567 0.000000 0.000000 -0.076006 -0.203868 -0.258727
    30 0.729362 0.000004 0.000003 -0.250341 -0.135455 -0.179419
    31 3.941981 0.050872 0.435162 0.216346 -0.007336 -0.093776
    32 1.539089 0.000008 0.000003 -0.605562 0.126574 -1.244849
    33 1.196316 0.000004 0.000005 0.000000 -0.000162 -0.332870
    34 3.880859 -0.047028 -0.427490 0.051056 0.262892 -0.068599
    35 1.719567 0.000023 0.000016 -0.461243 0.032295 -1.105423
    36 1.209175 0.000008 0.000005 0.175617 0.055179 -0.367832
    37 3.867399 -0.148186 -1.324350 -0.134961 0.400676 -0.397685
    38 1.719419 -0.000008 -0.000008 -0.082106 -0.002364 -0.236718
    39 1.099667 -0.000004 -0.000001 -0.188224 0.009145 -1.119518
    40 0.807129 -0.358887 -1.316406 1.243203 0.551773 -0.740643
    41 1.789783 -0.000002 -0.000002 -0.000009 0.003711 0.228604
    42 1.207001 0.000009 0.000000 -0.023897 -0.040066 0.269693
    43 3.775391 -5.484375 -0.527832 -2.248284 -0.133216 -1.641882
  time 267
    0 -0.000003 -13.531250 -29.421875 1.570788 0.000007 -0.000007
    1 0.000000 3.345131 -2.981898 1.570789 0.086301 1.570789
    2 4.015625 0.000003 0.000000 0.000000 0.000000 -0.029241
    3 3.520294 0.000005 -0.000006 0.000000 0.000000 0.100332
    4 8.929688 0.000001 0.000000 0.000000 0.000000 0.194095
    5 2.036086 0.993556 1.937663 1.596544 -1.284995 2.943066
    6 6.028159 -0.000069 0.000009 -1.515899 -0.850446 -0.882970
    7 11.692566 0.000046 0.000011 0.029888 0.203953 -1.775448
    8 11.481682 0.000088 -0.000031 1.230079 -0.563032 0.148543
    9 3.858219 -0.135628 -1.192206 -0.260874 0.100374 -0.132798
    10 1.312565 -0.000008 0.000000 -0.000002 0.054404 -0.409012
    11 0.729366 0.000002 -0.000002 -0.000001 0.040754 -0.240990
    12 3.941966 0.050853 -0.435186 -0.371116 -0.020174 -0.400630
    13 1.539091 0.000008 -0.000002 0.148573 0.082763 -0.277844
    14 1.196321 0.000000 -0.000002 0.174746 0.093883 -0.742477
    15 3.881376 -0.039219 0.427587 0.171073 -0.231804 -0.237430
    16 1.719578 0.000023 -0.000021 -0.111977 -0.076846 -0.540863
    17 1.209181 -0.000004 -0.000001 0.099018 -0.099202 -1.051042
    18 3.863479 -0.132591 1.332139 0.126947 -0.492830 0.175721
    19 1.719431 -0.000023 0.000019 -0.059251 -0.189808 -1.115599
    20 1.099676 0.000000 0.000006 -0.031060 0.008135 -0.577925
    21 0.807586 -0.343252 1.320583 -1.340847 -0.272635 -0.687549
    22 1.789787 0.000006 0.000006 0.075789 -0.422658 0.034669
    23 1.207012 0.000011 0.000000 0.090459 0.018254 0.088821
    24 2.035156 0.997070 -1.937500 -1.667267 1.282923 2.944210
    25 6.028144 -0.000011 0.000002 1.564112 0.793325 -0.843523
    26 11.692577 0.000001 0.000004 -0.000388 -0.066955 -1.811945
    27 11.481657 0.000043 0.000019 -1.183866 0.520519 0.156054
    28 3.858240 -0.131699 1.199994 0.887977 0.041686 -0.500120
    29 1.312567 0.000000 0.000000 -0.076006 -0.203868 -0.258727
    30 0.729362 0.000004 0.000003 -0.250341 -0.135455 -0.179419
    31 3.941981 0.050872 0.435162 0.216346 -0.007336 -0.093776
    32 1.539089 0.000008 0.000003 -0.605562 0.126574 -1.244849
    33 1.196316 0.000004 0.000005 0.000000 -0.000162 -0.332870
    34 3.880859 -0.047028 -0.427490 0.051056 0.262892 -0.068599
    35 1.719567 0.000023 0.000016 -0.461243 0.032295 -1.105423
    36 1.209175 0.000008 0.000005 0.175617 0.055179 -0.367832
    37 3.867399 -0.148186 -1.324350 -0.134961 0.400676 -0.397685
    38 1.719419 -0.000008 -0.000008 -0.082106 -0.002364 -0.236718
    39 1.099667 -0.000004 -0.000001 -0.188224 0.009145 -1.119518
    40 0.807129 -0.358887 -1.316406 1.243203 0.551773 -0.740643
    41 1.789783 -0.000002 -0.000002 -0.000009 0.003711 0.228604
    42 1.207001 0.000009 0.000000 -0.023897 -0.040066 0.269693
    43 3.775391 -5.484375 -0.527832 -2.248284 -0.133216 -1.641882
  time 268
    0 -0.000003 -13.531250 -29.421875 1.570788 0.000007 -0.000007
    1 0.000000 3.345131 -2.981898 1.570789 0.086301 1.570789
    2 4.015625 0.000003 0.000000 0.000000 0.000000 -0.029241
    3 3.520294 0.000005 -0.000006 0.000000 0.000000 0.100332
    4 8.929688 0.000001 0.000000 0.000000 0.000000 0.194095
    5 2.036086 0.993556 1.937663 1.596478 -1.284995 2.943128
    6 6.028159 -0.000069 0.000009 -1.515842 -0.850478 -0.883006
    7 11.692566 0.000046 0.000011 0.029720 0.203970 -1.775448
    8 11.481682 0.000088 -0.000031 1.230566 -0.562568 0.146901
    9 3.858219 -0.135628 -1.192206 -0.253528 0.103226 -0.122279
    10 1.312565 -0.000008 0.000000 -0.000002 0.054404 -0.409012
    11 0.729366 0.000002 -0.000002 -0.000001 0.040754 -0.240990
    12 3.938059 0.050853 -0.435186 -0.377576 -0.017537 -0.395502
    13 1.539091 0.000008 -0.000002 0.152108 0.084645 -0.278559
    14 1.196321 0.000000 -0.000002 0.178917 0.095969 -0.749908
    15 3.881376 -0.039219 0.427587 0.172595 -0.231588 -0.232100
    16 1.719578 0.000023 -0.000021 -0.116495 -0.077805 -0.543715
    17 1.209181 -0.000004 -0.000001 0.105082 -0.099142 -1.062536
    18 3.863479 -0.132591 1.332139 0.123699 -0.490780 0.179126
    19 1.719431 -0.000023 0.000019 -0.063242 -0.188393 -1.115688
    20 1.099676 0.000000 0.000006 -0.031216 0.008303 -0.584768
    21 0.807586 -0.343252 1.320583 -1.342309 -0.269159 -0.683919
    22 1.789787 0.000006 0.000006 0.075525 -0.419732 0.037917
    23 1.207012 0.000011 0.000000 0.090890 0.019692 0.086616
    24 2.035156 0.997070 -1.937500 -1.667267 1.282923 2.944210
    25 6.028144 -0.000011 0.000002 1.564100 0.793325 -0.843523
    26 11.692577 0.000001 0.000004 -0.000388 -0.066955 -1.811945
    27 11.481657 0.000043 0.000019 -1.183866 0.520519 0.156054
    28 3.854334 -0.131699 1.199994 0.887977 0.041686 -0.500120
    29 1.312567 0.000000 0.000000 -0.076006 -0.203868 -0.258727
    30 0.729362 0.000004 0.000003 -0.250341 -0.135455 -0.179419
    31 3.941981 0.050872 0.435162 0.216346 -0.007336 -0.093776
    32 1.539089 0.000008 0.000003 -0.605562 0.126574 -1.244849
    33 1.196316 0.000004 0.000005 0.000000 -0.000162 -0.332870
    34 3.880859 -0.047028 -0.427490 0.051056 0.262892 -0.068599
    35 1.719567 0.000023 0.000016 -0.461243 0.032295 -1.105423
    36 1.209175 0.000008 0.000005 0.175617 0.055179 -0.367832
    37 3.867399 -0.148186 -1.324350 -0.134961 0.400676 -0.397685
    38 1.719419 -0.000008 -0.000008 -0.082106 -0.002364 -0.236718
    39 1.099667 -0.000004 -0.000001 -0.188224 0.009145 -1.119518
    40 0.807129 -0.358887 -1.316406 1.243203 0.551773 -0.740643
    41 1.789783 -0.000002 -0.000002 -0.000009 0.003711 0.228604
    42 1.207001 0.000009 0.000000 -0.023897 -0.040066 0.269693
    43 3.775391 -5.484375 -0.527832 -2.248284 -0.133216 -1.641882
  time 269
    0 -0.000003 -13.531250 -29.421875 1.570788 0.000007 -0.000007
    1 0.000000 3.345131 -2.981898 1.570789 0.086301 1.570789
    2 4.015625 0.000003 0.000000 0.000000 0.000000 -0.029241
    3 3.520294 0.000005 -0.000006 0.000000 0.000000 0.100332
    4 8.929688 0.000001 0.000000 0.000000 0.000000 0.194095
    5 2.036086 0.993556 1.937663 1.596478 -1.284995 2.943128
    6 6.028159 -0.000069 0.000009 -1.515842 -0.850478 -0.883018
    7 11.692566 0.000046 0.000011 0.029672 0.203986 -1.775448
    8 11.481682 0.000088 -0.000031 1.230761 -0.562402 0.146359
    9 3.854313 -0.135628 -1.192206 -0.251095 0.104185 -0.118801
    10 1.312565 -0.000008 0.000000 -0.000002 0.054404 -0.409012
    11 0.729366 0.000002 -0.000002 -0.000001 0.040754 -0.240990
    12 3.938059 0.050853 -0.435186 -0.379709 -0.016674 -0.393832
    13 1.539091 0.000008 -0.000002 0.153283 0.085268 -0.278798
    14 1.196321 0.000000 -0.000002 0.180283 0.096652 -0.752365
    15 3.881376 -0.039219 0.427587 0.173074 -0.231516 -0.230351
    16 1.719578 0.000023 -0.000021 -0.117981 -0.078117 -0.544641
    17 1.209181 -0.000004 -0.000001 0.107095 -0.099106 -1.066298
    18 3.863479 -0.132591 1.332139 0.122645 -0.490081 0.180207
    19 1.719431 -0.000023 0.000019 -0.064560 -0.187926 -1.115688
    20 1.099676 0.000000 0.000006 -0.031264 0.008351 -0.587033
    21 0.807586 -0.343252 1.320583 -1.342788 -0.268033 -0.682746
    22 1.789787 0.000006 0.000006 0.075441 -0.418756 0.038984
    23 1.207012 0.000011 0.000000 0.091034 0.020172 0.085897
    24 2.035156 0.997070 -1.937500 -1.667267 1.282923 2.944210
    25 6.028144 -0.000011 0.000002 1.564100 0.793325 -0.843523
    26 11.692577 0.000001 0.000004 -0.000388 -0.066955 -1.811945
    27 11.481657 0.000043 0.000019 -1.183866 0.520519 0.156054
    28 3.854334 -0.131699 1.199994 0.887977 0.041686 -0.500120
    29 1.312567 0.000000 0.000000 -0.076006 -0.203868 -0.258727
    30 0.729362 0.000004 0.000003 -0.250341 -0.135455 -0.179419
    31 3.941981 0.050872 0.435162 0.216346 -0.007336 -0.093776
    32 1.539089 0.000008 0.000003 -0.605562 0.126574 -1.244849
    33 1.196316 0.000004 0.000005 0.000000 -0.000162 -0.332870
    34 3.880859 -0.047028 -0.427490 0.051056 0.262892 -0.068599
    35 1.719567 0.000023 0.000016 -0.461243 0.032295 -1.105423
    36 1.209175 0.000008 0.000005 0.175617 0.055179 -0.367832
    37 3.863493 -0.148186 -1.324350 -0.134961 0.400676 -0.397685
    38 1.719419 -0.000008 -0.000008 -0.082106 -0.002364 -0.236718
    39 1.099667 -0.000004 -0.000001 -0.188224 0.009145 -1.119518
    40 0.807129 -0.358887 -1.316406 1.243203 0.551773 -0.740643
    41 1.789783 -0.000002 -0.000002 -0.000009 0.003711 0.228604
    42 1.207001 0.000009 0.000000 -0.023897 -0.040066 0.269693
    43 3.775391 -5.484375 -0.527832 -2.248284 -0.133216 -1.641882
end
