// Created by Crowbar 0.74
version 1
nodes
  0 "ValveBiped.Bip01" -1
  1 "ValveBiped.Bip01_Spine" 0
  2 "ValveBiped.Bip01_Spine1" 1
  3 "ValveBiped.Bip01_Spine2" 2
  4 "ValveBiped.Bip01_Spine4" 3
  5 "ValveBiped.Bip01_L_Clavicle" 4
  6 "ValveBiped.Bip01_L_UpperArm" 5
  7 "ValveBiped.Bip01_L_Forearm" 6
  8 "ValveBiped.Bip01_L_Hand" 7
  9 "ValveBiped.Bip01_L_Finger4" 8
  10 "ValveBiped.Bip01_L_Finger41" 9
  11 "ValveBiped.Bip01_L_Finger42" 10
  12 "ValveBiped.Bip01_L_Finger3" 8
  13 "ValveBiped.Bip01_L_Finger31" 12
  14 "ValveBiped.Bip01_L_Finger32" 13
  15 "ValveBiped.Bip01_L_Finger2" 8
  16 "ValveBiped.Bip01_L_Finger21" 15
  17 "ValveBiped.Bip01_L_Finger22" 16
  18 "ValveBiped.Bip01_L_Finger1" 8
  19 "ValveBiped.Bip01_L_Finger11" 18
  20 "ValveBiped.Bip01_L_Finger12" 19
  21 "ValveBiped.Bip01_L_Finger0" 8
  22 "ValveBiped.Bip01_L_Finger01" 21
  23 "ValveBiped.Bip01_L_Finger02" 22
  24 "ValveBiped.Bip01_R_Clavicle" 4
  25 "ValveBiped.Bip01_R_UpperArm" 24
  26 "ValveBiped.Bip01_R_Forearm" 25
  27 "ValveBiped.Bip01_R_Hand" 26
  28 "ValveBiped.Bip01_R_Finger4" 27
  29 "ValveBiped.Bip01_R_Finger41" 28
  30 "ValveBiped.Bip01_R_Finger42" 29
  31 "ValveBiped.Bip01_R_Finger3" 27
  32 "ValveBiped.Bip01_R_Finger31" 31
  33 "ValveBiped.Bip01_R_Finger32" 32
  34 "ValveBiped.Bip01_R_Finger2" 27
  35 "ValveBiped.Bip01_R_Finger21" 34
  36 "ValveBiped.Bip01_R_Finger22" 35
  37 "ValveBiped.Bip01_R_Finger1" 27
  38 "ValveBiped.Bip01_R_Finger11" 37
  39 "ValveBiped.Bip01_R_Finger12" 38
  40 "ValveBiped.Bip01_R_Finger0" 27
  41 "ValveBiped.Bip01_R_Finger01" 40
  42 "ValveBiped.Bip01_R_Finger02" 41
  43 "ValveBiped.Camera" 27
end
skeleton
  time 0
    0 -0.000003 -13.531250 -29.421875 1.570788 0.000007 -0.000007
    1 0.000000 3.345131 -2.981898 1.570789 0.086301 1.570789
    2 4.015625 0.000003 0.000000 0.000000 0.000000 -0.029241
    3 3.520294 0.000005 -0.000006 0.000000 0.000000 0.100332
    4 8.929688 0.000001 0.000000 0.000000 0.000000 0.194095
    5 2.035156 0.997070 1.937500 1.596487 -1.284993 2.943127
    6 6.028159 -0.000069 0.000009 -1.515823 -0.850485 -0.883023
    7 11.692566 0.000046 0.000011 0.029672 0.203986 -1.775448
    8 11.481682 0.000088 -0.000031 1.230716 -0.562416 0.146375
    9 3.858219 -0.135628 -1.192206 -0.251095 0.104185 -0.118801
    10 1.312565 -0.000008 0.000000 -0.000002 0.054404 -0.409012
    11 0.729366 0.000002 -0.000002 -0.000001 0.040754 -0.240990
    12 3.941966 0.050853 -0.435186 -0.379709 -0.016674 -0.393832
    13 1.539091 0.000008 -0.000002 0.153287 0.085275 -0.278802
    14 1.196321 0.000000 -0.000002 0.180294 0.096657 -0.752368
    15 3.880859 -0.043091 0.427490 0.173079 -0.231527 -0.230358
    16 1.719578 0.000023 -0.000021 -0.117992 -0.078122 -0.544672
    17 1.209181 -0.000004 -0.000001 0.107099 -0.099114 -1.066322
    18 3.863281 -0.136475 1.332031 0.122642 -0.490092 0.180231
    19 1.719431 -0.000023 0.000019 -0.064560 -0.187926 -1.115688
    20 1.099676 0.000000 0.000006 -0.031266 0.008359 -0.587033
    21 0.807586 -0.343252 1.320583 -1.342788 -0.268033 -0.682746
    22 1.789787 0.000006 0.000006 0.075450 -0.418764 0.038983
    23 1.207012 0.000011 0.000000 0.091034 0.020172 0.085897
    24 2.035156 0.997070 -1.937500 -1.667267 1.282923 2.944210
    25 6.028144 -0.000011 0.000002 1.564095 0.793333 -0.843532
    26 11.692577 0.000001 0.000004 -0.000388 -0.066955 -1.811945
    27 11.481657 0.000043 0.000019 -1.183866 0.520519 0.156054
    28 3.854334 -0.131699 1.199994 0.887977 0.041686 -0.500120
    29 1.312567 0.000000 0.000000 -0.076006 -0.203868 -0.258727
    30 0.729362 0.000004 0.000003 -0.250341 -0.135455 -0.179419
    31 3.941981 0.050872 0.435162 0.216346 -0.007336 -0.093776
    32 1.539089 0.000008 0.000003 -0.605562 0.126574 -1.244849
    33 1.196316 0.000004 0.000005 0.000000 -0.000162 -0.332870
    34 3.880859 -0.047028 -0.427490 0.051056 0.262892 -0.068599
    35 1.719567 0.000023 0.000016 -0.461231 0.032293 -1.105404
    36 1.209175 0.000008 0.000005 0.175617 0.055179 -0.367832
    37 3.863493 -0.148186 -1.324350 -0.134961 0.400676 -0.397685
    38 1.719419 -0.000008 -0.000008 -0.082106 -0.002364 -0.236718
    39 1.099667 -0.000004 -0.000001 -0.188224 0.009145 -1.119518
    40 0.807129 -0.358887 -1.316406 1.243203 0.551773 -0.740643
    41 1.789783 -0.000002 -0.000002 -0.000009 0.003711 0.228604
    42 1.207001 0.000009 0.000000 -0.023897 -0.040066 0.269681
    43 3.775391 -5.484375 -0.527832 -2.248284 -0.133216 -1.641882
  time 1
    0 -0.000003 -13.531250 -29.421875 1.570788 0.000007 -0.000007
    1 0.000000 3.345131 -2.981898 1.570789 0.086301 1.570789
    2 4.015625 0.000003 0.000000 0.000000 0.000000 -0.029241
    3 3.520294 0.000005 -0.000006 0.000000 0.000000 0.100332
    4 8.929688 0.000001 0.000000 0.000000 0.000000 0.194095
    5 2.035156 0.997070 1.937500 1.596487 -1.284993 2.943127
    6 6.028159 -0.000069 0.000009 -1.515823 -0.850485 -0.883023
    7 11.692566 0.000046 0.000011 0.029660 0.203970 -1.775448
    8 11.481682 0.000088 -0.000031 1.230716 -0.562416 0.146375
    9 3.854313 -0.135628 -1.192206 -0.251095 0.104185 -0.118801
    10 1.312565 -0.000008 0.000000 -0.000002 0.054404 -0.409012
    11 0.729366 0.000002 -0.000002 -0.000001 0.040754 -0.240990
    12 3.938059 0.050853 -0.435186 -0.379709 -0.016674 -0.393832
    13 1.539091 0.000008 -0.000002 0.153287 0.085275 -0.278802
    14 1.196321 0.000000 -0.000002 0.180294 0.096657 -0.752368
    15 3.880859 -0.043091 0.427490 0.173079 -0.231527 -0.230358
    16 1.719578 0.000023 -0.000021 -0.117992 -0.078122 -0.544672
    17 1.209181 -0.000004 -0.000001 0.107099 -0.099114 -1.066322
    18 3.863281 -0.136475 1.332031 0.122642 -0.490092 0.180231
    19 1.719431 -0.000023 0.000019 -0.064548 -0.187926 -1.115717
    20 1.099676 0.000000 0.000006 -0.031266 0.008359 -0.587033
    21 0.807586 -0.343252 1.320583 -1.342788 -0.268033 -0.682746
    22 1.789787 0.000006 0.000006 0.075450 -0.418764 0.038983
    23 1.207012 0.000011 0.000000 0.090926 0.020196 0.085837
    24 2.035156 0.997070 -1.937500 -1.667267 1.282923 2.944210
    25 6.028144 -0.000011 0.000002 1.564095 0.793333 -0.843532
    26 11.692577 0.000001 0.000004 -0.000400 -0.066955 -1.811892
    27 11.481657 0.000043 0.000019 -1.183866 0.520533 0.156054
    28 3.858240 -0.131699 1.199994 0.887977 0.041686 -0.500120
    29 1.312567 0.000000 0.000000 -0.076006 -0.203868 -0.258727
    30 0.729362 0.000004 0.000003 -0.250341 -0.135455 -0.179419
    31 3.941981 0.050872 0.435162 0.216346 -0.007336 -0.093776
    32 1.539089 0.000008 0.000003 -0.605562 0.126574 -1.244879
    33 1.196316 0.000004 0.000005 0.000000 -0.000162 -0.332870
    34 3.880859 -0.047028 -0.427490 0.051056 0.262892 -0.068599
    35 1.719567 0.000023 0.000016 -0.461231 0.032293 -1.105404
    36 1.209175 0.000008 0.000005 0.175617 0.055179 -0.367832
    37 3.867399 -0.148186 -1.324350 -0.134961 0.400676 -0.397685
    38 1.719419 -0.000008 -0.000008 -0.082106 -0.002364 -0.236718
    39 1.099667 -0.000004 -0.000001 -0.188224 0.009145 -1.119518
    40 0.807129 -0.358887 -1.316406 1.243203 0.551773 -0.740643
    41 1.789783 -0.000002 -0.000002 -0.000009 0.003711 0.228604
    42 1.207001 0.000009 0.000000 -0.023909 -0.040054 0.269693
    43 3.775391 -5.484375 -0.527832 -2.248284 -0.133216 -1.641882
  time 2
    0 -0.000003 -13.531250 -29.421875 1.570788 0.000007 -0.000007
    1 0.000000 3.345131 -2.981898 1.570789 0.086301 1.570789
    2 4.015625 0.000003 0.000000 0.000000 0.000000 -0.029241
    3 3.520294 0.000005 -0.000006 0.000000 0.000000 0.100332
    4 8.929688 0.000001 0.000000 0.000000 0.000000 0.194095
    5 2.035156 0.997070 1.937500 1.596487 -1.284993 2.943127
    6 6.028159 -0.000069 0.000009 -1.515823 -0.850485 -0.883023
    7 11.692566 0.000046 0.000011 0.029612 0.203953 -1.775448
    8 11.481682 0.000088 -0.000031 1.230716 -0.562416 0.146375
    9 3.858219 -0.135628 -1.192206 -0.251095 0.104185 -0.118801
    10 1.312565 -0.000008 0.000000 -0.000002 0.054404 -0.409012
    11 0.729366 0.000002 -0.000002 -0.000001 0.040754 -0.240990
    12 3.941966 0.050853 -0.435186 -0.379709 -0.016674 -0.393832
    13 1.539091 0.000008 -0.000002 0.153287 0.085275 -0.278802
    14 1.196321 0.000000 -0.000002 0.180294 0.096657 -0.752368
    15 3.880859 -0.043091 0.427490 0.173079 -0.231527 -0.230358
    16 1.719578 0.000023 -0.000021 -0.117992 -0.078122 -0.544672
    17 1.209181 -0.000004 -0.000001 0.107099 -0.099114 -1.066322
    18 3.863281 -0.136475 1.332031 0.122642 -0.490092 0.180231
    19 1.719431 -0.000023 0.000019 -0.064524 -0.187926 -1.115836
    20 1.099676 0.000000 0.000006 -0.031266 0.008359 -0.587033
    21 0.807586 -0.343252 1.320583 -1.342788 -0.268033 -0.682746
    22 1.789787 0.000006 0.000006 0.075450 -0.418764 0.038983
    23 1.207012 0.000011 0.000000 0.090602 0.020232 0.085670
    24 2.035156 0.997070 -1.937500 -1.667267 1.282923 2.944210
    25 6.028144 -0.000011 0.000002 1.564095 0.793333 -0.843532
    26 11.692577 0.000001 0.000004 -0.000436 -0.066981 -1.811892
    27 11.481657 0.000043 0.000019 -1.183866 0.520519 0.156054
    28 3.854334 -0.131699 1.199994 0.887977 0.041686 -0.500120
    29 1.312567 0.000000 0.000000 -0.076006 -0.203868 -0.258727
    30 0.729362 0.000004 0.000003 -0.250341 -0.135455 -0.179419
    31 3.941981 0.050872 0.435162 0.216346 -0.007336 -0.093776
    32 1.539089 0.000008 0.000003 -0.605562 0.126574 -1.244849
    33 1.196316 0.000004 0.000005 0.000000 -0.000162 -0.332870
    34 3.880859 -0.047028 -0.427490 0.051056 0.262892 -0.068599
    35 1.719567 0.000023 0.000016 -0.461231 0.032293 -1.105404
    36 1.209175 0.000008 0.000005 0.175617 0.055179 -0.367832
    37 3.867399 -0.148186 -1.324350 -0.134961 0.400676 -0.397685
    38 1.719419 -0.000008 -0.000008 -0.082106 -0.002364 -0.236718
    39 1.099667 -0.000004 -0.000001 -0.188224 0.009145 -1.119518
    40 0.807129 -0.358887 -1.316406 1.243203 0.551773 -0.740643
    41 1.789783 -0.000002 -0.000002 -0.000009 0.003711 0.228604
    42 1.207001 0.000009 0.000000 -0.023957 -0.040018 0.269729
    43 3.775391 -5.484375 -0.527832 -2.248284 -0.133216 -1.641882
  time 3
    0 -0.000003 -13.531250 -29.421875 1.570788 0.000007 -0.000007
    1 0.000000 3.345131 -2.981898 1.570789 0.086301 1.570789
    2 4.015625 0.000003 0.000000 0.000000 0.000000 -0.029241
    3 3.520294 0.000005 -0.000006 0.000000 0.000000 0.100332
    4 8.929688 0.000001 0.000000 0.000000 0.000000 0.194095
    5 2.035156 0.997070 1.937500 1.596487 -1.284993 2.943127
    6 6.028159 -0.000069 0.000009 -1.515823 -0.850485 -0.883023
    7 11.692566 0.000046 0.000011 0.029540 0.203936 -1.775448
    8 11.481682 0.000088 -0.000031 1.230716 -0.562416 0.146375
    9 3.854313 -0.135628 -1.192206 -0.251095 0.104185 -0.118801
    10 1.312565 -0.000008 0.000000 -0.000002 0.054404 -0.409012
    11 0.729366 0.000002 -0.000002 -0.000001 0.040754 -0.240990
    12 3.938059 0.050853 -0.435186 -0.379709 -0.016674 -0.393832
    13 1.539091 0.000008 -0.000002 0.153287 0.085275 -0.278802
    14 1.196321 0.000000 -0.000002 0.180294 0.096657 -0.752368
    15 3.880859 -0.043091 0.427490 0.173079 -0.231527 -0.230358
    16 1.719578 0.000023 -0.000021 -0.117992 -0.078122 -0.544672
    17 1.209181 -0.000004 -0.000001 0.107099 -0.099114 -1.066322
    18 3.863281 -0.136475 1.332031 0.122642 -0.490092 0.180231
    19 1.719431 -0.000023 0.000019 -0.064488 -0.187914 -1.116044
    20 1.099676 0.000000 0.000006 -0.031266 0.008359 -0.587033
    21 0.807586 -0.343252 1.320583 -1.342788 -0.268033 -0.682746
    22 1.789787 0.000006 0.000006 0.075450 -0.418764 0.038983
    23 1.207012 0.000011 0.000000 0.090039 0.020316 0.085382
    24 2.035156 0.997070 -1.937500 -1.667267 1.282923 2.944210
    25 6.028144 -0.000011 0.000002 1.564095 0.793333 -0.843532
    26 11.692577 0.000001 0.000004 -0.000484 -0.067019 -1.811838
    27 11.481657 0.000043 0.000019 -1.183866 0.520519 0.156054
    28 3.858240 -0.131699 1.199994 0.887977 0.041686 -0.500120
    29 1.312567 0.000000 0.000000 -0.076006 -0.203868 -0.258727
    30 0.729362 0.000004 0.000003 -0.250341 -0.135455 -0.179419
    31 3.941981 0.050872 0.435162 0.216346 -0.007336 -0.093776
    32 1.539089 0.000008 0.000003 -0.605562 0.126574 -1.244849
    33 1.196316 0.000004 0.000005 0.000000 -0.000162 -0.332870
    34 3.880859 -0.047028 -0.427490 0.051056 0.262892 -0.068599
    35 1.719567 0.000023 0.000016 -0.461231 0.032293 -1.105426
    36 1.209175 0.000008 0.000005 0.175617 0.055179 -0.367832
    37 3.867399 -0.148186 -1.324350 -0.134961 0.400676 -0.397685
    38 1.719419 -0.000008 -0.000008 -0.082106 -0.002364 -0.236718
    39 1.099667 -0.000004 -0.000001 -0.188224 0.009145 -1.119518
    40 0.807129 -0.358887 -1.316406 1.243203 0.551773 -0.740643
    41 1.789783 -0.000002 -0.000002 -0.000009 0.003711 0.228604
    42 1.207001 0.000009 0.000000 -0.024041 -0.039958 0.269789
    43 3.775391 -5.484375 -0.527832 -2.248284 -0.133216 -1.641882
  time 4
    0 -0.000003 -13.531250 -29.421875 1.570788 0.000007 -0.000007
    1 0.000000 3.345131 -2.981898 1.570789 0.086301 1.570789
    2 4.015625 0.000003 0.000000 0.000000 0.000000 -0.029241
    3 3.520294 0.000005 -0.000006 0.000000 0.000000 0.100332
    4 8.929688 0.000001 0.000000 0.000000 0.000000 0.194095
    5 2.035156 0.997070 1.937500 1.596487 -1.284993 2.943127
    6 6.028159 -0.000069 0.000009 -1.515823 -0.850485 -0.883023
    7 11.692566 0.000046 0.000011 0.029420 0.203887 -1.775448
    8 11.481682 0.000088 -0.000031 1.230716 -0.562416 0.146375
    9 3.858219 -0.135628 -1.192206 -0.251095 0.104185 -0.118801
    10 1.312565 -0.000008 0.000000 -0.000002 0.054404 -0.409012
    11 0.729366 0.000002 -0.000002 -0.000001 0.040754 -0.240990
    12 3.941966 0.050853 -0.435186 -0.379709 -0.016674 -0.393832
    13 1.539091 0.000008 -0.000002 0.153287 0.085275 -0.278802
    14 1.196321 0.000000 -0.000002 0.180294 0.096657 -0.752368
    15 3.880859 -0.043091 0.427490 0.173079 -0.231527 -0.230358
    16 1.719578 0.000023 -0.000021 -0.117992 -0.078122 -0.544672
    17 1.209181 -0.000004 -0.000001 0.107099 -0.099114 -1.066322
    18 3.863281 -0.136475 1.332031 0.122642 -0.490092 0.180231
    19 1.719431 -0.000023 0.000019 -0.064428 -0.187890 -1.116312
    20 1.099676 0.000000 0.000006 -0.031266 0.008359 -0.587033
    21 0.807586 -0.343252 1.320583 -1.342788 -0.268033 -0.682746
    22 1.789787 0.000006 0.000006 0.075450 -0.418764 0.038983
    23 1.207012 0.000011 0.000000 0.089260 0.020435 0.084986
    24 2.035156 0.997070 -1.937500 -1.667267 1.282923 2.944210
    25 6.028144 -0.000011 0.000002 1.564095 0.793333 -0.843532
    26 11.692577 0.000001 0.000004 -0.000544 -0.067070 -1.811731
    27 11.481657 0.000043 0.000019 -1.183866 0.520519 0.156054
    28 3.854334 -0.131699 1.199994 0.887977 0.041686 -0.500120
    29 1.312567 0.000000 0.000000 -0.076006 -0.203868 -0.258727
    30 0.729362 0.000004 0.000003 -0.250341 -0.135455 -0.179419
    31 3.941981 0.050872 0.435162 0.216346 -0.007336 -0.093776
    32 1.539089 0.000008 0.000003 -0.605562 0.126574 -1.244849
    33 1.196316 0.000004 0.000005 0.000000 -0.000162 -0.332870
    34 3.880859 -0.047028 -0.427490 0.051056 0.262892 -0.068599
    35 1.719567 0.000023 0.000016 -0.461231 0.032293 -1.105404
    36 1.209175 0.000008 0.000005 0.175617 0.055179 -0.367832
    37 3.863493 -0.148186 -1.324350 -0.134961 0.400676 -0.397685
    38 1.719419 -0.000008 -0.000008 -0.082106 -0.002364 -0.236718
    39 1.099667 -0.000004 -0.000001 -0.188224 0.009145 -1.119518
    40 0.807129 -0.358887 -1.316406 1.243203 0.551773 -0.740643
    41 1.789783 -0.000002 -0.000002 -0.000009 0.003711 0.228604
    42 1.207001 0.000009 0.000000 -0.024149 -0.039875 0.269861
    43 3.775391 -5.484375 -0.527832 -2.248284 -0.133216 -1.641882
  time 5
    0 -0.000003 -13.531250 -29.421875 1.570788 0.000007 -0.000007
    1 0.000000 3.345131 -2.981898 1.570789 0.086301 1.570789
    2 4.015625 0.000003 0.000000 0.000000 0.000000 -0.029241
    3 3.520294 0.000005 -0.000006 0.000000 0.000000 0.100332
    4 8.929688 0.000001 0.000000 0.000000 0.000000 0.194095
    5 2.035156 0.997070 1.937500 1.596487 -1.284993 2.943127
    6 6.028159 -0.000069 0.000009 -1.515823 -0.850485 -0.883023
    7 11.692566 0.000046 0.000011 0.029288 0.203837 -1.775448
    8 11.481682 0.000088 -0.000031 1.230716 -0.562416 0.146375
    9 3.858219 -0.135628 -1.192206 -0.251095 0.104185 -0.118801
    10 1.312565 -0.000008 0.000000 -0.000002 0.054404 -0.409012
    11 0.729366 0.000002 -0.000002 -0.000001 0.040754 -0.240990
    12 3.941966 0.050853 -0.435186 -0.379709 -0.016674 -0.393832
    13 1.539091 0.000008 -0.000002 0.153287 0.085275 -0.278802
    14 1.196321 0.000000 -0.000002 0.180294 0.096657 -0.752368
    15 3.880859 -0.043091 0.427490 0.173079 -0.231527 -0.230358
    16 1.719578 0.000023 -0.000021 -0.117992 -0.078122 -0.544672
    17 1.209181 -0.000004 -0.000001 0.107099 -0.099114 -1.066322
    18 3.863281 -0.136475 1.332031 0.122642 -0.490092 0.180231
    19 1.719431 -0.000023 0.000019 -0.064356 -0.187866 -1.116669
    20 1.099676 0.000000 0.000006 -0.031266 0.008359 -0.587033
    21 0.807586 -0.343252 1.316677 -1.342788 -0.268021 -0.682746
    22 1.789787 0.000006 0.000006 0.075450 -0.418764 0.038983
    23 1.207012 0.000011 0.000000 0.088242 0.020591 0.084471
    24 2.035156 0.997070 -1.937500 -1.667267 1.282923 2.944210
    25 6.028144 -0.000011 0.000002 1.564095 0.793333 -0.843532
    26 11.692577 0.000001 0.000004 -0.000628 -0.067146 -1.811624
    27 11.481657 0.000043 0.000019 -1.183866 0.520519 0.156054
    28 3.858240 -0.131699 1.199994 0.887977 0.041686 -0.500120
    29 1.312567 0.000000 0.000000 -0.076006 -0.203868 -0.258727
    30 0.729362 0.000004 0.000003 -0.250341 -0.135455 -0.179419
    31 3.941981 0.050872 0.435162 0.216346 -0.007336 -0.093776
    32 1.539089 0.000008 0.000003 -0.605562 0.126574 -1.244879
    33 1.196316 0.000004 0.000005 0.000000 -0.000162 -0.332870
    34 3.880859 -0.047028 -0.427490 0.051056 0.262892 -0.068599
    35 1.719567 0.000023 0.000016 -0.461231 0.032293 -1.105404
    36 1.209175 0.000008 0.000005 0.175617 0.055179 -0.367832
    37 3.867399 -0.148186 -1.324350 -0.134961 0.400676 -0.397685
    38 1.719419 -0.000008 -0.000008 -0.082106 -0.002364 -0.236718
    39 1.099667 -0.000004 -0.000001 -0.188224 0.009145 -1.119518
    40 0.807129 -0.358887 -1.316406 1.243203 0.551773 -0.740643
    41 1.789783 -0.000002 -0.000002 -0.000009 0.003711 0.228604
    42 1.207001 0.000009 0.000000 -0.024293 -0.039767 0.269969
    43 3.775391 -5.484375 -0.527832 -2.248284 -0.133216 -1.641882
  time 6
    0 -0.000003 -13.531250 -29.421875 1.570788 0.000007 -0.000007
    1 0.000000 3.345131 -2.981898 1.570789 0.086301 1.570789
    2 4.015625 0.000003 0.000000 0.000000 0.000000 -0.029241
    3 3.520294 0.000005 -0.000006 0.000000 0.000000 0.100332
    4 8.929688 0.000001 0.000000 0.000000 0.000000 0.194095
    5 2.035156 0.997070 1.937500 1.596487 -1.284993 2.943127
    6 6.028159 -0.000069 0.000009 -1.515823 -0.850485 -0.883023
    7 11.696472 0.000046 0.000011 0.029109 0.203770 -1.775448
    8 11.481682 0.000088 -0.000031 1.230716 -0.562416 0.146375
    9 3.858219 -0.135628 -1.192206 -0.251095 0.104185 -0.118801
    10 1.312565 -0.000008 0.000000 -0.000002 0.054404 -0.409012
    11 0.729366 0.000002 -0.000002 -0.000001 0.040754 -0.240990
    12 3.938059 0.050853 -0.435186 -0.379709 -0.016674 -0.393832
    13 1.539091 0.000008 -0.000002 0.153287 0.085275 -0.278802
    14 1.196321 0.000000 -0.000002 0.180294 0.096657 -0.752368
    15 3.880859 -0.043091 0.427490 0.173079 -0.231527 -0.230358
    16 1.719578 0.000023 -0.000021 -0.117992 -0.078122 -0.544672
    17 1.209181 -0.000004 -0.000001 0.107099 -0.099114 -1.066322
    18 3.863281 -0.136475 1.332031 0.122642 -0.490092 0.180231
    19 1.719431 -0.000023 0.000019 -0.064272 -0.187842 -1.117114
    20 1.099676 0.000000 0.000006 -0.031266 0.008359 -0.587033
    21 0.807586 -0.343252 1.320583 -1.342788 -0.268021 -0.682746
    22 1.789787 0.000006 0.000006 0.075450 -0.418764 0.038983
    23 1.207012 0.000011 0.000000 0.086983 0.020783 0.083860
    24 2.035156 0.997070 -1.937500 -1.667267 1.282923 2.944210
    25 6.028144 -0.000011 0.000002 1.564095 0.793333 -0.843532
    26 11.688671 0.000001 0.000004 -0.000736 -0.067235 -1.811517
    27 11.481657 0.000043 0.000019 -1.183866 0.520519 0.156054
    28 3.854334 -0.131699 1.199994 0.887977 0.041686 -0.500120
    29 1.312567 0.000000 0.000000 -0.076006 -0.203868 -0.258727
    30 0.729362 0.000004 0.000003 -0.250341 -0.135455 -0.179419
    31 3.941981 0.050872 0.435162 0.216346 -0.007336 -0.093776
    32 1.539089 0.000008 0.000003 -0.605562 0.126574 -1.244849
    33 1.196316 0.000004 0.000005 0.000000 -0.000162 -0.332870
    34 3.880859 -0.047028 -0.427490 0.051056 0.262892 -0.068599
    35 1.719567 0.000023 0.000016 -0.461231 0.032293 -1.105404
    36 1.209175 0.000008 0.000005 0.175617 0.055179 -0.367832
    37 3.863493 -0.148186 -1.324350 -0.134961 0.400676 -0.397685
    38 1.719419 -0.000008 -0.000008 -0.082106 -0.002364 -0.236718
    39 1.099667 -0.000004 -0.000001 -0.188224 0.009145 -1.119518
    40 0.807129 -0.358887 -1.316406 1.243203 0.551773 -0.740643
    41 1.789783 -0.000002 -0.000002 -0.000009 0.003711 0.228604
    42 1.207001 0.000009 0.000000 -0.024473 -0.039635 0.270088
    43 3.775391 -5.484375 -0.527832 -2.248284 -0.133216 -1.641882
  time 7
    0 -0.000003 -13.531250 -29.421875 1.570788 0.000007 -0.000007
    1 0.000000 3.345131 -2.981898 1.570789 0.086301 1.570789
    2 4.015625 0.000003 0.000000 0.000000 0.000000 -0.029241
    3 3.520294 0.000005 -0.000006 0.000000 0.000000 0.100332
    4 8.929688 0.000001 0.000000 0.000000 0.000000 0.194095
    5 2.035156 0.997070 1.937500 1.596487 -1.284993 2.943127
    6 6.028159 -0.000069 0.000009 -1.515823 -0.850485 -0.883023
    7 11.696472 0.000046 0.000011 0.028917 0.203704 -1.775448
    8 11.481682 0.000088 -0.000031 1.230716 -0.562416 0.146375
    9 3.858219 -0.135628 -1.192206 -0.251095 0.104185 -0.118801
    10 1.312565 -0.000008 0.000000 -0.000002 0.054404 -0.409012
    11 0.729366 0.000002 -0.000002 -0.000001 0.040754 -0.240990
    12 3.938059 0.050853 -0.435186 -0.379709 -0.016674 -0.393832
    13 1.539091 0.000008 -0.000002 0.153287 0.085275 -0.278802
    14 1.196321 0.000000 -0.000002 0.180294 0.096657 -0.752368
    15 3.880859 -0.043091 0.427490 0.173079 -0.231527 -0.230358
    16 1.719578 0.000023 -0.000021 -0.117992 -0.078122 -0.544672
    17 1.209181 -0.000004 -0.000001 0.107099 -0.099114 -1.066322
    18 3.863281 -0.136475 1.332031 0.122642 -0.490092 0.180231
    19 1.719431 -0.000023 0.000019 -0.064165 -0.187806 -1.117649
    20 1.099676 0.000000 0.000006 -0.031266 0.008359 -0.587033
    21 0.807586 -0.343252 1.320583 -1.342788 -0.268033 -0.682746
    22 1.789787 0.000006 0.000006 0.075450 -0.418764 0.038983
    23 1.207012 0.000011 0.000000 0.085497 0.021011 0.083129
    24 2.035156 0.997070 -1.937500 -1.667267 1.282923 2.944210
    25 6.028144 -0.000011 0.000002 1.564095 0.793333 -0.843532
    26 11.688671 0.000001 0.000004 -0.000868 -0.067324 -1.811356
    27 11.481657 0.000043 0.000019 -1.183866 0.520519 0.156054
    28 3.854334 -0.131699 1.199994 0.887977 0.041686 -0.500120
    29 1.312567 0.000000 0.000000 -0.076006 -0.203868 -0.258727
    30 0.729362 0.000004 0.000003 -0.250341 -0.135455 -0.179419
    31 3.941981 0.050872 0.435162 0.216346 -0.007336 -0.093776
    32 1.539089 0.000008 0.000003 -0.605562 0.126574 -1.244849
    33 1.196316 0.000004 0.000005 0.000000 -0.000162 -0.332870
    34 3.880859 -0.047028 -0.427490 0.051056 0.262892 -0.068599
    35 1.719567 0.000023 0.000016 -0.461231 0.032293 -1.105404
    36 1.209175 0.000008 0.000005 0.175617 0.055179 -0.367832
    37 3.867399 -0.148186 -1.324350 -0.134961 0.400676 -0.397685
    38 1.719419 -0.000008 -0.000008 -0.082106 -0.002364 -0.236718
    39 1.099667 -0.000004 -0.000001 -0.188224 0.009145 -1.119518
    40 0.807129 -0.358887 -1.316406 1.243203 0.551773 -0.740643
    41 1.789783 -0.000002 -0.000002 -0.000009 0.003711 0.228604
    42 1.207001 0.000009 0.000000 -0.024688 -0.039467 0.270232
    43 3.775391 -5.484375 -0.527832 -2.248284 -0.133216 -1.641882
  time 8
    0 -0.000003 -13.531250 -29.421875 1.570788 0.000007 -0.000007
    1 0.000000 3.345131 -2.981898 1.570789 0.086301 1.570789
    2 4.015625 0.000003 0.000000 0.000000 0.000000 -0.029241
    3 3.520294 0.000005 -0.000006 0.000000 0.000000 0.100332
    4 8.929688 0.000001 0.000000 0.000000 0.000000 0.194095
    5 2.035156 0.997070 1.937500 1.596487 -1.284993 2.943127
    6 6.028159 -0.000069 0.000009 -1.515823 -0.850485 -0.883023
    7 11.700379 0.000046 0.000011 0.028677 0.203604 -1.775448
    8 11.481682 0.000088 -0.000031 1.230716 -0.562416 0.146375
    9 3.858219 -0.135628 -1.192206 -0.251095 0.104185 -0.118801
    10 1.312565 -0.000008 0.000000 -0.000002 0.054404 -0.409012
    11 0.729366 0.000002 -0.000002 -0.000001 0.040754 -0.240990
    12 3.938059 0.050853 -0.435186 -0.379709 -0.016674 -0.393832
    13 1.539091 0.000008 -0.000002 0.153287 0.085275 -0.278802
    14 1.196321 0.000000 -0.000002 0.180294 0.096657 -0.752368
    15 3.880859 -0.043091 0.427490 0.173079 -0.231527 -0.230358
    16 1.719578 0.000023 -0.000021 -0.117992 -0.078122 -0.544672
    17 1.209181 -0.000004 -0.000001 0.107099 -0.099114 -1.066322
    18 3.863281 -0.136475 1.332031 0.122642 -0.490092 0.180231
    19 1.719431 -0.000023 0.000019 -0.064033 -0.187770 -1.118273
    20 1.099676 0.000000 0.000006 -0.031266 0.008359 -0.587033
    21 0.807586 -0.343252 1.320583 -1.342788 -0.268033 -0.682746
    22 1.789787 0.000006 0.000006 0.075450 -0.418764 0.038983
    23 1.207012 0.000011 0.000000 0.083783 0.021286 0.082302
    24 2.035156 0.997070 -1.937500 -1.667267 1.282923 2.944210
    25 6.028144 -0.000011 0.000002 1.564095 0.793333 -0.843532
    26 11.684765 0.000001 0.000004 -0.001012 -0.067451 -1.811142
    27 11.481657 0.000043 0.000019 -1.183866 0.520519 0.156054
    28 3.854334 -0.131699 1.199994 0.887977 0.041686 -0.500120
    29 1.312567 0.000000 0.000000 -0.076006 -0.203868 -0.258727
    30 0.729362 0.000004 0.000003 -0.250341 -0.135455 -0.179419
    31 3.941981 0.050872 0.435162 0.216346 -0.007336 -0.093776
    32 1.539089 0.000008 0.000003 -0.605562 0.126574 -1.244849
    33 1.196316 0.000004 0.000005 0.000000 -0.000162 -0.332870
    34 3.880859 -0.047028 -0.427490 0.051056 0.262892 -0.068599
    35 1.719567 0.000023 0.000016 -0.461231 0.032293 -1.105404
    36 1.209175 0.000008 0.000005 0.175617 0.055179 -0.367832
    37 3.867399 -0.148186 -1.324350 -0.134961 0.400676 -0.397685
    38 1.719419 -0.000008 -0.000008 -0.082106 -0.002364 -0.236718
    39 1.099667 -0.000004 -0.000001 -0.188224 0.009145 -1.119518
    40 0.807129 -0.358887 -1.316406 1.243203 0.551773 -0.740643
    41 1.789783 -0.000002 -0.000002 -0.000009 0.003711 0.228604
    42 1.207001 0.000009 0.000000 -0.024940 -0.039287 0.270400
    43 3.775391 -5.484375 -0.527832 -2.248284 -0.133216 -1.641882
  time 9
    0 -0.000003 -13.531250 -29.421875 1.570788 0.000007 -0.000007
    1 0.000000 3.345131 -2.981898 1.570789 0.086301 1.570789
    2 4.015625 0.000003 0.000000 0.000000 0.000000 -0.029241
    3 3.520294 0.000005 -0.000006 0.000000 0.000000 0.100332
    4 8.929688 0.000001 0.000000 0.000000 0.000000 0.194095
    5 2.035156 0.997070 1.937500 1.596487 -1.284993 2.943127
    6 6.028159 -0.000069 0.000009 -1.515823 -0.850485 -0.883023
    7 11.704285 0.000046 -0.003895 0.028413 0.203504 -1.775448
    8 11.481682 0.000088 -0.000031 1.230716 -0.562416 0.146375
    9 3.858219 -0.135628 -1.192206 -0.251083 0.104185 -0.118801
    10 1.312565 -0.000008 0.000000 -0.000002 0.054404 -0.409012
    11 0.729366 0.000002 -0.000002 -0.000001 0.040754 -0.240990
    12 3.941966 0.050853 -0.435186 -0.379709 -0.016674 -0.393832
    13 1.539091 0.000008 -0.000002 0.153287 0.085275 -0.278802
    14 1.196321 0.000000 -0.000002 0.180294 0.096657 -0.752368
    15 3.880859 -0.043091 0.427490 0.173079 -0.231527 -0.230358
    16 1.719578 0.000023 -0.000021 -0.117992 -0.078122 -0.544672
    17 1.209181 -0.000004 -0.000001 0.107099 -0.099114 -1.066322
    18 3.863281 -0.136475 1.332031 0.122642 -0.490092 0.180231
    19 1.719431 -0.000023 0.000019 -0.063901 -0.187722 -1.118957
    20 1.099676 0.000000 0.000006 -0.031266 0.008359 -0.587033
    21 0.807586 -0.343252 1.316677 -1.342788 -0.268033 -0.682746
    22 1.789787 0.000006 0.000006 0.075450 -0.418764 0.038983
    23 1.207012 0.000011 0.000000 0.081854 0.021598 0.081379
    24 2.035156 0.997070 -1.937500 -1.667267 1.282923 2.944210
    25 6.028144 -0.000011 0.000002 1.564095 0.793333 -0.843532
    26 11.680858 0.000001 -0.003903 -0.001167 -0.067578 -1.810927
    27 11.481657 0.000043 0.000019 -1.183866 0.520519 0.156054
    28 3.854334 -0.131699 1.199994 0.887977 0.041686 -0.500120
    29 1.312567 0.000000 0.000000 -0.076006 -0.203868 -0.258727
    30 0.729362 0.000004 0.000003 -0.250341 -0.135455 -0.179419
    31 3.941981 0.050872 0.435162 0.216346 -0.007336 -0.093776
    32 1.539089 0.000008 0.000003 -0.605562 0.126574 -1.244849
    33 1.196316 0.000004 0.000005 0.000000 -0.000162 -0.332870
    34 3.880859 -0.047028 -0.427490 0.051056 0.262892 -0.068599
    35 1.719567 0.000023 0.000016 -0.461231 0.032293 -1.105404
    36 1.209175 0.000008 0.000005 0.175617 0.055179 -0.367832
    37 3.863493 -0.148186 -1.324350 -0.134961 0.400676 -0.397685
    38 1.719419 -0.000008 -0.000008 -0.082106 -0.002364 -0.236718
    39 1.099667 -0.000004 -0.000001 -0.188224 0.009145 -1.119518
    40 0.807129 -0.358887 -1.316406 1.243203 0.551773 -0.740643
    41 1.789783 -0.000002 -0.000002 -0.000009 0.003711 0.228604
    42 1.207001 0.000009 0.000000 -0.025228 -0.039072 0.270604
    43 3.775391 -5.484375 -0.527832 -2.248284 -0.133216 -1.641882
  time 10
    0 -0.000003 -13.531250 -29.421875 1.570788 0.000007 -0.000007
    1 0.000000 3.345131 -2.981898 1.570789 0.086301 1.570789
    2 4.015625 0.000003 0.000000 0.000000 0.000000 -0.029241
    3 3.520294 0.000005 -0.000006 0.000000 0.000000 0.100332
    4 8.929688 0.000001 0.000000 0.000000 0.000000 0.194095
    5 2.035156 0.997070 1.937500 1.596487 -1.284993 2.943127
    6 6.028159 -0.000069 0.000009 -1.515823 -0.850485 -0.883023
    7 11.704285 0.000046 -0.003895 0.028114 0.203404 -1.775448
    8 11.481682 0.000088 -0.000031 1.230716 -0.562416 0.146375
    9 3.858219 -0.135628 -1.192206 -0.251095 0.104185 -0.118801
    10 1.312565 -0.000008 0.000000 -0.000002 0.054404 -0.409012
    11 0.729366 0.000002 -0.000002 -0.000001 0.040754 -0.240990
    12 3.938059 0.050853 -0.435186 -0.379709 -0.016674 -0.393832
    13 1.539091 0.000008 -0.000002 0.153287 0.085275 -0.278802
    14 1.196321 0.000000 -0.000002 0.180294 0.096657 -0.752368
    15 3.880859 -0.043091 0.427490 0.173079 -0.231527 -0.230358
    16 1.719578 0.000023 -0.000021 -0.117992 -0.078122 -0.544672
    17 1.209181 -0.000004 -0.000001 0.107099 -0.099114 -1.066322
    18 3.863281 -0.136475 1.332031 0.122642 -0.490092 0.180231
    19 1.719431 -0.000023 0.000019 -0.063745 -0.187674 -1.119730
    20 1.099676 0.000000 0.000006 -0.031266 0.008359 -0.587033
    21 0.807586 -0.343252 1.320583 -1.342788 -0.268033 -0.682746
    22 1.789787 0.000006 0.000006 0.075450 -0.418764 0.038983
    23 1.207012 0.000011 0.000000 0.079720 0.021946 0.080384
    24 2.035156 0.997070 -1.937500 -1.667267 1.282923 2.944210
    25 6.028144 -0.000011 0.000002 1.564095 0.793333 -0.843532
    26 11.680858 0.000001 -0.003903 -0.001347 -0.067718 -1.810713
    27 11.481657 0.000043 0.000019 -1.183866 0.520519 0.156054
    28 3.854334 -0.131699 1.199994 0.887977 0.041686 -0.500120
    29 1.312567 0.000000 0.000000 -0.076006 -0.203868 -0.258727
    30 0.729362 0.000004 0.000003 -0.250341 -0.135455 -0.179419
    31 3.938074 0.050872 0.435162 0.216346 -0.007336 -0.093776
    32 1.539089 0.000008 0.000003 -0.605562 0.126574 -1.244879
    33 1.196316 0.000004 0.000005 0.000000 -0.000162 -0.332870
    34 3.880859 -0.047028 -0.427490 0.051056 0.262892 -0.068599
    35 1.719567 0.000023 0.000016 -0.461231 0.032293 -1.105426
    36 1.209175 0.000008 0.000005 0.175617 0.055179 -0.367832
    37 3.863493 -0.148186 -1.324350 -0.134961 0.400676 -0.397685
    38 1.719419 -0.000008 -0.000008 -0.082106 -0.002364 -0.236718
    39 1.099667 -0.000004 -0.000001 -0.188224 0.009145 -1.119518
    40 0.807129 -0.358887 -1.316406 1.243203 0.551773 -0.740643
    41 1.789783 -0.000002 -0.000002 -0.000009 0.003711 0.228604
    42 1.207001 0.000009 0.000000 -0.025539 -0.038832 0.270819
    43 3.775391 -5.484375 -0.527832 -2.248284 -0.133216 -1.641882
  time 11
    0 -0.000003 -13.531250 -29.421875 1.570788 0.000007 -0.000007
    1 0.000000 3.345131 -2.981898 1.570789 0.086301 1.570789
    2 4.015625 0.000003 0.000000 0.000000 0.000000 -0.029241
    3 3.520294 0.000005 -0.000006 0.000000 0.000000 0.100332
    4 8.929688 0.000001 0.000000 0.000000 0.000000 0.194095
    5 2.035156 0.997070 1.937500 1.596487 -1.284993 2.943127
    6 6.028159 -0.000069 0.000009 -1.515823 -0.850485 -0.883023
    7 11.708191 0.003952 -0.003895 0.027790 0.203271 -1.775448
    8 11.481682 0.000088 -0.000031 1.230716 -0.562416 0.146375
    9 3.854313 -0.135628 -1.192206 -0.251095 0.104185 -0.118801
    10 1.312565 -0.000008 0.000000 -0.000002 0.054404 -0.409012
    11 0.729366 0.000002 -0.000002 -0.000001 0.040754 -0.240990
    12 3.938059 0.050853 -0.435186 -0.379709 -0.016674 -0.393832
    13 1.539091 0.000008 -0.000002 0.153287 0.085275 -0.278802
    14 1.196321 0.000000 -0.000002 0.180294 0.096657 -0.752368
    15 3.880859 -0.043091 0.427490 0.173079 -0.231527 -0.230358
    16 1.719578 0.000023 -0.000021 -0.117992 -0.078122 -0.544672
    17 1.209181 -0.000004 -0.000001 0.107099 -0.099114 -1.066322
    18 3.863281 -0.136475 1.332031 0.122642 -0.490092 0.180231
    19 1.719431 -0.000023 0.000019 -0.063565 -0.187626 -1.120562
    20 1.099676 0.000000 0.000006 -0.031266 0.008359 -0.587033
    21 0.807586 -0.343252 1.320583 -1.342788 -0.268033 -0.682746
    22 1.789787 0.000006 0.000006 0.075450 -0.418764 0.038983
    23 1.207012 0.000011 0.000000 0.077407 0.022341 0.079318
    24 2.035156 0.997070 -1.937500 -1.667267 1.282923 2.944210
    25 6.028144 -0.000011 0.000002 1.564095 0.793333 -0.843532
    26 11.676952 0.000001 -0.003903 -0.001551 -0.067883 -1.810445
    27 11.481657 0.000043 0.000019 -1.183866 0.520519 0.156054
    28 3.854334 -0.131699 1.199994 0.887977 0.041686 -0.500120
    29 1.312567 0.000000 0.000000 -0.076006 -0.203868 -0.258727
    30 0.729362 0.000004 0.000003 -0.250341 -0.135455 -0.179419
    31 3.941981 0.050872 0.435162 0.216346 -0.007336 -0.093776
    32 1.539089 0.000008 0.000003 -0.605562 0.126574 -1.244849
    33 1.196316 0.000004 0.000005 0.000000 -0.000162 -0.332870
    34 3.880859 -0.047028 -0.427490 0.051056 0.262892 -0.068599
    35 1.719567 0.000023 0.000016 -0.461231 0.032293 -1.105404
    36 1.209175 0.000008 0.000005 0.175617 0.055179 -0.367832
    37 3.867399 -0.148186 -1.324350 -0.134961 0.400676 -0.397685
    38 1.719419 -0.000008 -0.000008 -0.082106 -0.002364 -0.236718
    39 1.099667 -0.000004 -0.000001 -0.188224 0.009145 -1.119518
    40 0.807129 -0.358887 -1.316406 1.243203 0.551773 -0.740643
    41 1.789783 -0.000002 -0.000002 -0.000009 0.003711 0.228604
    42 1.207001 0.000009 0.000000 -0.025899 -0.038568 0.271059
    43 3.775391 -5.484375 -0.527832 -2.248284 -0.133216 -1.641882
  time 12
    0 -0.000003 -13.531250 -29.421875 1.570788 0.000007 -0.000007
    1 0.000000 3.345131 -2.981898 1.570789 0.086301 1.570789
    2 4.015625 0.000003 0.000000 0.000000 0.000000 -0.029241
    3 3.520294 0.000005 -0.000006 0.000000 0.000000 0.100332
    4 8.929688 0.000001 0.000000 0.000000 0.000000 0.194095
    5 2.035156 0.997070 1.937500 1.596487 -1.284993 2.943127
    6 6.028159 -0.000069 0.000009 -1.515823 -0.850485 -0.883023
    7 11.712098 0.003952 -0.007801 0.027431 0.203138 -1.775448
    8 11.481682 0.000088 -0.000031 1.230716 -0.562416 0.146375
    9 3.854313 -0.135628 -1.192206 -0.251095 0.104185 -0.118801
    10 1.312565 -0.000008 0.000000 -0.000002 0.054404 -0.409012
    11 0.729366 0.000002 -0.000002 -0.000001 0.040754 -0.240990
    12 3.938059 0.050853 -0.435186 -0.379709 -0.016674 -0.393832
    13 1.539091 0.000008 -0.000002 0.153287 0.085275 -0.278802
    14 1.196321 0.000000 -0.000002 0.180294 0.096657 -0.752368
    15 3.880859 -0.043091 0.427490 0.173079 -0.231527 -0.230358
    16 1.719578 0.000023 -0.000021 -0.117992 -0.078122 -0.544672
    17 1.209181 -0.000004 -0.000001 0.107099 -0.099114 -1.066322
    18 3.863281 -0.136475 1.332031 0.122642 -0.490092 0.180231
    19 1.719431 -0.000023 0.000019 -0.063386 -0.187566 -1.121513
    20 1.099676 0.000000 0.000006 -0.031266 0.008359 -0.587033
    21 0.807586 -0.343252 1.320583 -1.342788 -0.268033 -0.682746
    22 1.789787 0.000006 0.000006 0.075450 -0.418764 0.038983
    23 1.207012 0.000011 0.000000 0.074915 0.022772 0.078203
    24 2.035156 0.997070 -1.937500 -1.667267 1.282923 2.944210
    25 6.028144 -0.000011 0.000002 1.564095 0.793333 -0.843532
    26 11.673046 0.000001 -0.003903 -0.001779 -0.068061 -1.810177
    27 11.481657 0.000043 0.000019 -1.183866 0.520519 0.156054
    28 3.858240 -0.131699 1.199994 0.887977 0.041686 -0.500120
    29 1.312567 0.000000 0.000000 -0.076006 -0.203868 -0.258727
    30 0.729362 0.000004 0.000003 -0.250341 -0.135455 -0.179419
    31 3.941981 0.050872 0.435162 0.216346 -0.007336 -0.093776
    32 1.539089 0.000008 0.000003 -0.605562 0.126574 -1.244849
    33 1.196316 0.000004 0.000005 0.000000 -0.000162 -0.332870
    34 3.880859 -0.047028 -0.427490 0.051056 0.262892 -0.068599
    35 1.719567 0.000023 0.000016 -0.461231 0.032293 -1.105404
    36 1.209175 0.000008 0.000005 0.175617 0.055179 -0.367832
    37 3.867399 -0.148186 -1.324350 -0.134961 0.400676 -0.397685
    38 1.719419 -0.000008 -0.000008 -0.082106 -0.002364 -0.236718
    39 1.099667 -0.000004 -0.000001 -0.188224 0.009145 -1.119518
    40 0.807129 -0.358887 -1.316406 1.243203 0.551773 -0.740643
    41 1.789783 -0.000002 -0.000002 -0.000009 0.003711 0.228604
    42 1.207001 0.000009 0.000000 -0.026282 -0.038281 0.271323
    43 3.775391 -5.484375 -0.527832 -2.248284 -0.133216 -1.641882
  time 13
    0 -0.000003 -13.531250 -29.421875 1.570788 0.000007 -0.000007
    1 0.000000 3.345131 -2.981898 1.570789 0.086301 1.570789
    2 4.015625 0.000003 0.000000 0.000000 0.000000 -0.029241
    3 3.520294 0.000005 -0.000006 0.000000 0.000000 0.100332
    4 8.929688 0.000001 0.000000 0.000000 0.000000 0.194095
    5 2.035156 0.997070 1.937500 1.596487 -1.284993 2.943127
    6 6.028159 -0.000069 0.000009 -1.515823 -0.850485 -0.883023
    7 11.716004 0.003952 -0.007801 0.027035 0.202989 -1.775396
    8 11.481682 0.000088 -0.000031 1.230716 -0.562416 0.146375
    9 3.858219 -0.135628 -1.192206 -0.251095 0.104185 -0.118801
    10 1.312565 -0.000008 0.000000 -0.000002 0.054404 -0.409012
    11 0.729366 0.000002 -0.000002 -0.000001 0.040754 -0.240990
    12 3.941966 0.050853 -0.435186 -0.379709 -0.016674 -0.393832
    13 1.539091 0.000008 -0.000002 0.153287 0.085275 -0.278802
    14 1.196321 0.000000 -0.000002 0.180294 0.096657 -0.752368
    15 3.880859 -0.043091 0.427490 0.173079 -0.231527 -0.230358
    16 1.719578 0.000023 -0.000021 -0.117992 -0.078122 -0.544672
    17 1.209181 -0.000004 -0.000001 0.107099 -0.099114 -1.066322
    18 3.863281 -0.136475 1.332031 0.122642 -0.490092 0.180231
    19 1.719431 -0.000023 0.000019 -0.063182 -0.187494 -1.122523
    20 1.099676 0.000000 0.000006 -0.031266 0.008359 -0.587033
    21 0.807586 -0.343252 1.320583 -1.342788 -0.268033 -0.682746
    22 1.789787 0.000006 0.000006 0.075450 -0.418764 0.038983
    23 1.207012 0.000011 0.000000 0.072290 0.023228 0.077053
    24 2.035156 0.997070 -1.937500 -1.667267 1.282923 2.944210
    25 6.028144 -0.000011 0.000002 1.564095 0.793333 -0.843532
    26 11.669139 0.000001 -0.007809 -0.002018 -0.068252 -1.809910
    27 11.481657 0.000043 0.000019 -1.183866 0.520519 0.156054
    28 3.854334 -0.131699 1.199994 0.887977 0.041686 -0.500120
    29 1.312567 0.000000 0.000000 -0.076006 -0.203868 -0.258727
    30 0.729362 0.000004 0.000003 -0.250341 -0.135455 -0.179419
    31 3.941981 0.050872 0.435162 0.216346 -0.007336 -0.093776
    32 1.539089 0.000008 0.000003 -0.605562 0.126574 -1.244849
    33 1.196316 0.000004 0.000005 0.000000 -0.000162 -0.332870
    34 3.880859 -0.047028 -0.427490 0.051056 0.262892 -0.068599
    35 1.719567 0.000023 0.000016 -0.461231 0.032293 -1.105404
    36 1.209175 0.000008 0.000005 0.175617 0.055179 -0.367832
    37 3.867399 -0.148186 -1.324350 -0.134961 0.400676 -0.397685
    38 1.719419 -0.000008 -0.000008 -0.082106 -0.002364 -0.236718
    39 1.099667 -0.000004 -0.000001 -0.188224 0.009145 -1.119518
    40 0.807129 -0.358887 -1.316406 1.243203 0.551773 -0.740643
    41 1.789783 -0.000002 -0.000002 -0.000009 0.003711 0.228604
    42 1.207001 0.000009 0.000000 -0.026702 -0.037957 0.271610
    43 3.775391 -5.484375 -0.527832 -2.248284 -0.133216 -1.641882
  time 14
    0 -0.000003 -13.531250 -29.421875 1.570788 0.000007 -0.000007
    1 0.000000 3.345131 -2.981898 1.570789 0.086301 1.570789
    2 4.015625 0.000003 0.000000 0.000000 0.000000 -0.029241
    3 3.520294 0.000005 -0.000006 0.000000 0.000000 0.100332
    4 8.929688 0.000001 0.000000 0.000000 0.000000 0.194095
    5 2.035156 0.997070 1.937500 1.596487 -1.284993 2.943127
    6 6.028159 -0.000069 0.000009 -1.515823 -0.850485 -0.883023
    7 11.719911 0.003952 -0.007801 0.026628 0.202839 -1.775396
    8 11.481682 0.000088 -0.000031 1.230716 -0.562416 0.146375
    9 3.858219 -0.139534 -1.192206 -0.251095 0.104185 -0.118801
    10 1.312565 -0.000008 0.000000 -0.000002 0.054404 -0.409012
    11 0.729366 0.000002 -0.000002 -0.000001 0.040754 -0.240990
    12 3.941966 0.050853 -0.435186 -0.379709 -0.016674 -0.393832
    13 1.539091 0.000008 -0.000002 0.153287 0.085275 -0.278802
    14 1.196321 0.000000 -0.000002 0.180294 0.096657 -0.752368
    15 3.880859 -0.043091 0.427490 0.173079 -0.231527 -0.230358
    16 1.719578 0.000023 -0.000021 -0.117992 -0.078122 -0.544672
    17 1.209181 -0.000004 -0.000001 0.107099 -0.099114 -1.066322
    18 3.863281 -0.136475 1.332031 0.122642 -0.490092 0.180231
    19 1.719431 -0.000023 0.000019 -0.062966 -0.187435 -1.123593
    20 1.099676 0.000000 0.000006 -0.031266 0.008359 -0.587033
    21 0.807586 -0.343252 1.320583 -1.342788 -0.268021 -0.682746
    22 1.789787 0.000006 0.000006 0.075450 -0.418764 0.038983
    23 1.207012 0.000011 0.000000 0.069558 0.023719 0.075878
    24 2.035156 0.997070 -1.937500 -1.667267 1.282923 2.944210
    25 6.028144 -0.000011 0.000002 1.564095 0.793333 -0.843532
    26 11.665233 0.000001 -0.007809 -0.002270 -0.068468 -1.809588
    27 11.481657 0.000043 0.000019 -1.183866 0.520519 0.156054
    28 3.858240 -0.131699 1.199994 0.887977 0.041686 -0.500120
    29 1.312567 0.000000 0.000000 -0.076006 -0.203868 -0.258727
    30 0.729362 0.000004 0.000003 -0.250341 -0.135455 -0.179419
    31 3.941981 0.050872 0.435162 0.216346 -0.007336 -0.093776
    32 1.539089 0.000008 0.000003 -0.605562 0.126574 -1.244849
    33 1.196316 0.000004 0.000005 0.000000 -0.000162 -0.332870
    34 3.880859 -0.047028 -0.427490 0.051056 0.262892 -0.068599
    35 1.719567 0.000023 0.000016 -0.461231 0.032293 -1.105404
    36 1.209175 0.000008 0.000005 0.175617 0.055179 -0.367832
    37 3.867399 -0.148186 -1.324350 -0.134961 0.400676 -0.397685
    38 1.719419 -0.000008 -0.000008 -0.082106 -0.002364 -0.236718
    39 1.099667 -0.000004 -0.000001 -0.188224 0.009145 -1.119518
    40 0.807129 -0.358887 -1.316406 1.243203 0.551773 -0.740643
    41 1.789783 -0.000002 -0.000002 -0.000009 0.003711 0.228604
    42 1.207001 0.000009 -0.003906 -0.027157 -0.037609 0.271922
    43 3.775391 -5.484375 -0.527832 -2.248284 -0.133216 -1.641882
  time 15
    0 -0.000003 -13.531250 -29.421875 1.570788 0.000007 -0.000007
    1 0.000000 3.345131 -2.981898 1.570789 0.086301 1.570789
    2 4.015625 0.000003 0.000000 0.000000 0.000000 -0.029241
    3 3.520294 0.000005 -0.000006 0.000000 0.000000 0.100332
    4 8.929688 0.000001 0.000000 0.000000 0.000000 0.194095
    5 2.035156 0.997070 1.937500 1.596487 -1.284993 2.943127
    6 6.028159 -0.000069 0.000009 -1.515823 -0.850485 -0.883023
    7 11.723817 0.007858 -0.011708 0.026172 0.202673 -1.775396
    8 11.481682 0.000088 -0.000031 1.230716 -0.562416 0.146375
    9 3.858219 -0.135628 -1.192206 -0.251095 0.104185 -0.118801
    10 1.312565 -0.000008 0.000000 -0.000002 0.054404 -0.409012
    11 0.729366 0.000002 -0.000002 -0.000001 0.040754 -0.240990
    12 3.938059 0.050853 -0.435186 -0.379709 -0.016674 -0.393832
    13 1.539091 0.000008 -0.000002 0.153287 0.085275 -0.278802
    14 1.196321 0.000000 -0.000002 0.180294 0.096657 -0.752368
    15 3.880859 -0.043091 0.427490 0.173079 -0.231527 -0.230358
    16 1.719578 0.000023 -0.000021 -0.117992 -0.078122 -0.544672
    17 1.209181 -0.000004 -0.000001 0.107099 -0.099114 -1.066322
    18 3.863281 -0.136475 1.332031 0.122642 -0.490092 0.180231
    19 1.719431 -0.000023 0.000019 -0.062726 -0.187351 -1.124752
    20 1.099676 0.000000 0.000006 -0.031266 0.008359 -0.587033
    21 0.807586 -0.343252 1.320583 -1.342788 -0.268033 -0.682746
    22 1.789787 0.000006 0.000006 0.075450 -0.418764 0.038983
    23 1.207012 0.000011 0.000000 0.066729 0.024247 0.074716
    24 2.035156 0.997070 -1.937500 -1.667267 1.282923 2.944210
    25 6.028144 -0.000011 0.000002 1.564095 0.793333 -0.843532
    26 11.661326 -0.003905 -0.011715 -0.002546 -0.068684 -1.809213
    27 11.481657 0.000043 0.000019 -1.183866 0.520519 0.156054
    28 3.858240 -0.131699 1.199994 0.887977 0.041686 -0.500120
    29 1.312567 0.000000 0.000000 -0.076006 -0.203868 -0.258727
    30 0.729362 0.000004 0.000003 -0.250341 -0.135455 -0.179419
    31 3.941981 0.050872 0.435162 0.216346 -0.007336 -0.093776
    32 1.539089 0.000008 0.000003 -0.605562 0.126574 -1.244849
    33 1.196316 0.000004 0.000005 0.000000 -0.000162 -0.332870
    34 3.880859 -0.047028 -0.427490 0.051056 0.262892 -0.068599
    35 1.719567 0.000023 0.000016 -0.461231 0.032293 -1.105404
    36 1.209175 0.000008 0.000005 0.175617 0.055179 -0.367832
    37 3.867399 -0.148186 -1.324350 -0.134961 0.400676 -0.397685
    38 1.719419 -0.000008 -0.000008 -0.082106 -0.002364 -0.236718
    39 1.099667 -0.000004 -0.000001 -0.188224 0.009145 -1.119518
    40 0.807129 -0.358887 -1.316406 1.243203 0.551773 -0.740643
    41 1.789783 -0.000002 -0.000002 -0.000009 0.003711 0.228604
    42 1.203094 0.000009 -0.003906 -0.027636 -0.037250 0.272258
    43 3.775391 -5.484375 -0.527832 -2.248284 -0.133216 -1.641882
  time 16
    0 -0.000003 -13.531250 -29.421875 1.570788 0.000007 -0.000007
    1 0.000000 3.345131 -2.981898 1.570789 0.086301 1.570789
    2 4.015625 0.000003 0.000000 0.000000 0.000000 -0.029241
    3 3.520294 0.000005 -0.000006 0.000000 0.000000 0.100332
    4 8.929688 0.000001 0.000000 0.000000 0.000000 0.194095
    5 2.035156 0.997070 1.937500 1.596487 -1.284993 2.943127
    6 6.028159 -0.000069 0.000009 -1.515823 -0.850485 -0.883023
    7 11.727723 0.007858 -0.011708 0.025705 0.202490 -1.775396
    8 11.481682 0.000088 -0.000031 1.230716 -0.562416 0.146375
    9 3.858219 -0.135628 -1.192206 -0.251095 0.104185 -0.118801
    10 1.312565 -0.000008 0.000000 -0.000002 0.054404 -0.409012
    11 0.729366 0.000002 -0.000002 -0.000001 0.040754 -0.240990
    12 3.941966 0.050853 -0.435186 -0.379709 -0.016674 -0.393832
    13 1.539091 0.000008 -0.000002 0.153287 0.085275 -0.278802
    14 1.196321 0.000000 -0.000002 0.180294 0.096657 -0.752368
    15 3.880859 -0.043091 0.427490 0.173079 -0.231527 -0.230358
    16 1.719578 0.000023 -0.000021 -0.117992 -0.078122 -0.544672
    17 1.209181 -0.000004 -0.000001 0.107099 -0.099114 -1.066322
    18 3.863281 -0.136475 1.332031 0.122642 -0.490092 0.180231
    19 1.719431 -0.000023 0.000019 -0.062475 -0.187279 -1.125971
    20 1.099676 0.000000 0.000006 -0.031266 0.008359 -0.587033
    21 0.807586 -0.343252 1.320583 -1.342788 -0.268021 -0.682746
    22 1.789787 0.000006 0.000006 0.075450 -0.418764 0.038983
    23 1.207012 0.000011 0.000000 0.063853 0.024798 0.073565
    24 2.035156 0.997070 -1.937500 -1.667267 1.282923 2.944210
    25 6.028144 -0.000011 0.000002 1.564095 0.793333 -0.843532
    26 11.657420 -0.003905 -0.011715 -0.002833 -0.068912 -1.808892
    27 11.481657 0.000043 0.000019 -1.183866 0.520519 0.156054
    28 3.854334 -0.131699 1.199994 0.887977 0.041686 -0.500120
    29 1.312567 0.000000 0.000000 -0.076006 -0.203868 -0.258727
    30 0.729362 0.000004 0.000003 -0.250341 -0.135455 -0.179419
    31 3.941981 0.050872 0.435162 0.216346 -0.007336 -0.093776
    32 1.539089 0.000008 0.000003 -0.605562 0.126574 -1.244849
    33 1.196316 0.000004 0.000005 0.000000 -0.000162 -0.332870
    34 3.880859 -0.047028 -0.427490 0.051056 0.262892 -0.068599
    35 1.719567 0.000023 0.000016 -0.461231 0.032293 -1.105404
    36 1.209175 0.000008 0.000005 0.175617 0.055179 -0.367832
    37 3.867399 -0.148186 -1.324350 -0.134961 0.400676 -0.397685
    38 1.719419 -0.000008 -0.000008 -0.082106 -0.002364 -0.236718
    39 1.099667 -0.000004 -0.000001 -0.188224 0.009145 -1.119518
    40 0.807129 -0.358887 -1.316406 1.243203 0.551773 -0.740643
    41 1.789783 -0.000002 -0.000002 -0.000009 0.003711 0.228604
    42 1.203094 0.000009 -0.003906 -0.028164 -0.036842 0.272617
    43 3.775391 -5.484375 -0.527832 -2.248284 -0.133216 -1.641882
  time 17
    0 -0.000003 -13.531250 -29.421875 1.570788 0.000007 -0.000007
    1 0.000000 3.345131 -2.981898 1.570789 0.086301 1.570789
    2 4.015625 0.000003 0.000000 0.000000 0.000000 -0.029241
    3 3.520294 0.000005 -0.000006 0.000000 0.000000 0.100332
    4 8.929688 0.000001 0.000000 0.000000 0.000000 0.194095
    5 2.035156 0.997070 1.937500 1.596487 -1.284993 2.943127
    6 6.028159 -0.000069 0.000009 -1.515823 -0.850485 -0.883023
    7 11.731630 0.007858 -0.015614 0.025202 0.202307 -1.775396
    8 11.481682 0.000088 -0.000031 1.230716 -0.562416 0.146375
    9 3.858219 -0.135628 -1.192206 -0.251095 0.104185 -0.118801
    10 1.312565 -0.000008 0.000000 -0.000002 0.054404 -0.409012
    11 0.729366 0.000002 -0.000002 -0.000001 0.040754 -0.240990
    12 3.938059 0.050853 -0.435186 -0.379709 -0.016674 -0.393832
    13 1.539091 0.000008 -0.000002 0.153287 0.085275 -0.278802
    14 1.196321 0.000000 -0.000002 0.180294 0.096657 -0.752368
    15 3.880859 -0.043091 0.427490 0.173079 -0.231527 -0.230358
    16 1.719578 0.000023 -0.000021 -0.117992 -0.078122 -0.544672
    17 1.209181 -0.000004 -0.000001 0.107099 -0.099114 -1.066322
    18 3.863281 -0.136475 1.332031 0.122642 -0.490092 0.180231
    19 1.719431 -0.000023 0.000019 -0.062223 -0.187195 -1.127279
    20 1.099676 0.000000 0.000006 -0.031266 0.008359 -0.587033
    21 0.807586 -0.343252 1.320583 -1.342788 -0.268021 -0.682746
    22 1.789787 0.000006 0.000006 0.075450 -0.418764 0.038983
    23 1.207012 0.000011 0.000000 0.060953 0.025373 0.072439
    24 2.035156 0.997070 -1.937500 -1.667267 1.282923 2.944210
    25 6.028144 -0.000011 0.000002 1.564095 0.793333 -0.843532
    26 11.649607 -0.003905 -0.011715 -0.003145 -0.069167 -1.808463
    27 11.481657 0.000043 0.000019 -1.183866 0.520519 0.156054
    28 3.854334 -0.131699 1.199994 0.887977 0.041686 -0.500120
    29 1.312567 0.000000 0.000000 -0.076006 -0.203868 -0.258727
    30 0.729362 0.000004 0.000003 -0.250341 -0.135455 -0.179419
    31 3.941981 0.050872 0.435162 0.216346 -0.007336 -0.093776
    32 1.539089 0.000008 0.000003 -0.605562 0.126574 -1.244849
    33 1.196316 0.000004 0.000005 0.000000 -0.000162 -0.332870
    34 3.880859 -0.047028 -0.427490 0.051056 0.262892 -0.068599
    35 1.719567 0.000023 0.000016 -0.461231 0.032293 -1.105404
    36 1.209175 0.000008 0.000005 0.175617 0.055179 -0.367832
    37 3.867399 -0.148186 -1.324350 -0.134961 0.400676 -0.397685
    38 1.719419 -0.000008 -0.000008 -0.082106 -0.002364 -0.236718
    39 1.099667 -0.000004 -0.000001 -0.188224 0.009145 -1.119518
    40 0.807129 -0.358887 -1.316406 1.243203 0.551773 -0.740643
    41 1.789783 -0.000002 -0.000002 -0.000009 0.003711 0.228604
    42 1.203094 0.000009 -0.003906 -0.028715 -0.036423 0.273001
    43 3.775391 -5.484375 -0.527832 -2.248284 -0.133216 -1.641882
  time 18
    0 -0.000003 -13.531250 -29.421875 1.570788 0.000007 -0.000007
    1 0.000000 3.345131 -2.981898 1.570789 0.086301 1.570789
    2 4.015625 0.000003 0.000000 0.000000 0.000000 -0.029241
    3 3.520294 0.000005 -0.000006 0.000000 0.000000 0.100332
    4 8.929688 0.000001 0.000000 0.000000 0.000000 0.194095
    5 2.035156 0.997070 1.937500 1.596487 -1.284993 2.943127
    6 6.028159 -0.000069 0.000009 -1.515823 -0.850485 -0.883023
    7 11.739442 0.007858 -0.015614 0.024674 0.202108 -1.775396
    8 11.481682 0.000088 -0.000031 1.230716 -0.562416 0.146375
    9 3.854313 -0.135628 -1.192206 -0.251095 0.104185 -0.118801
    10 1.312565 -0.000008 0.000000 -0.000002 0.054404 -0.409012
    11 0.729366 0.000002 -0.000002 -0.000001 0.040754 -0.240990
    12 3.941966 0.050853 -0.435186 -0.379709 -0.016674 -0.393832
    13 1.539091 0.000008 -0.000002 0.153287 0.085275 -0.278802
    14 1.196321 0.000000 -0.000002 0.180294 0.096657 -0.752368
    15 3.880859 -0.043091 0.427490 0.173079 -0.231527 -0.230358
    16 1.719578 0.000023 -0.000021 -0.117992 -0.078122 -0.544672
    17 1.209181 -0.000004 -0.000001 0.107099 -0.099114 -1.066322
    18 3.863281 -0.136475 1.332031 0.122642 -0.490092 0.180231
    19 1.719431 -0.000023 0.000019 -0.061947 -0.187099 -1.128646
    20 1.099676 0.000000 0.000006 -0.031266 0.008359 -0.587033
    21 0.807586 -0.343252 1.320583 -1.342788 -0.268033 -0.682746
    22 1.789787 0.000006 0.000006 0.075450 -0.418764 0.038983
    23 1.207012 0.000011 0.000000 0.058064 0.025960 0.071384
    24 2.035156 0.997070 -1.937500 -1.667267 1.282923 2.944210
    25 6.028144 -0.000011 0.000002 1.564095 0.793333 -0.843532
    26 11.645701 -0.003905 -0.015622 -0.003469 -0.069421 -1.808088
    27 11.481657 0.000043 0.000019 -1.183866 0.520519 0.156054
    28 3.858240 -0.131699 1.199994 0.887977 0.041686 -0.500120
    29 1.312567 0.000000 0.000000 -0.076006 -0.203868 -0.258727
    30 0.729362 0.000004 0.000003 -0.250341 -0.135455 -0.179419
    31 3.941981 0.050872 0.435162 0.216346 -0.007336 -0.093776
    32 1.539089 0.000008 0.000003 -0.605562 0.126574 -1.244849
    33 1.196316 0.000004 0.000005 0.000000 -0.000162 -0.332870
    34 3.880859 -0.047028 -0.427490 0.051056 0.262892 -0.068599
    35 1.719567 0.000023 0.000016 -0.461231 0.032293 -1.105404
    36 1.209175 0.000008 0.000005 0.175617 0.055179 -0.367832
    37 3.867399 -0.148186 -1.324350 -0.134961 0.400676 -0.397685
    38 1.719419 -0.000008 -0.000008 -0.082106 -0.002364 -0.236718
    39 1.099667 -0.000004 -0.000001 -0.188224 0.009145 -1.119518
    40 0.807129 -0.358887 -1.316406 1.243203 0.551773 -0.740643
    41 1.789783 -0.000002 -0.000002 -0.000009 0.003711 0.228604
    42 1.203094 0.000009 -0.003906 -0.029302 -0.035980 0.273408
    43 3.775391 -5.484375 -0.527832 -2.248284 -0.133216 -1.641882
  time 19
    0 -0.000003 -13.531250 -29.421875 1.570788 0.000007 -0.000007
    1 0.000000 3.345131 -2.981898 1.570789 0.086301 1.570789
    2 4.015625 0.000003 0.000000 0.000000 0.000000 -0.029241
    3 3.520294 0.000005 -0.000006 0.000000 0.000000 0.100332
    4 8.929688 0.000001 0.000000 0.000000 0.000000 0.194095
    5 2.035156 0.997070 1.937500 1.596487 -1.284993 2.943127
    6 6.028159 -0.000069 0.000009 -1.515823 -0.850485 -0.883023
    7 11.743349 0.011765 -0.019520 0.024123 0.201908 -1.775343
    8 11.481682 0.000088 -0.000031 1.230716 -0.562416 0.146375
    9 3.858219 -0.135628 -1.192206 -0.251095 0.104185 -0.118801
    10 1.312565 -0.000008 0.000000 -0.000002 0.054404 -0.409012
    11 0.729366 0.000002 -0.000002 -0.000001 0.040754 -0.240990
    12 3.941966 0.050853 -0.435186 -0.379709 -0.016674 -0.393832
    13 1.539091 0.000008 -0.000002 0.153287 0.085275 -0.278802
    14 1.196321 0.000000 -0.000002 0.180294 0.096657 -0.752368
    15 3.880859 -0.043091 0.427490 0.173079 -0.231527 -0.230358
    16 1.719578 0.000023 -0.000021 -0.117992 -0.078122 -0.544672
    17 1.209181 -0.000004 -0.000001 0.107099 -0.099114 -1.066322
    18 3.863281 -0.136475 1.332031 0.122642 -0.490092 0.180231
    19 1.719431 -0.000023 0.000019 -0.061660 -0.187015 -1.130072
    20 1.099676 0.000000 0.000006 -0.031266 0.008359 -0.587033
    21 0.807586 -0.343252 1.316677 -1.342788 -0.268033 -0.682746
    22 1.789787 0.000006 0.000006 0.075450 -0.418764 0.038983
    23 1.207012 0.000011 0.000000 0.055212 0.026560 0.070377
    24 2.035156 0.997070 -1.937500 -1.667267 1.282923 2.944210
    25 6.028144 -0.000011 0.000002 1.564095 0.793333 -0.843532
    26 11.641795 -0.003905 -0.015622 -0.003804 -0.069700 -1.807659
    27 11.481657 0.000043 0.000019 -1.183866 0.520519 0.156054
    28 3.854334 -0.131699 1.199994 0.887977 0.041686 -0.500120
    29 1.312567 0.000000 0.000000 -0.076006 -0.203868 -0.258727
    30 0.729362 0.000004 0.000003 -0.250341 -0.135455 -0.179419
    31 3.941981 0.050872 0.435162 0.216346 -0.007336 -0.093776
    32 1.539089 0.000008 0.000003 -0.605562 0.126574 -1.244849
    33 1.196316 0.000004 0.000005 0.000000 -0.000162 -0.332870
    34 3.880859 -0.047028 -0.427490 0.051056 0.262892 -0.068599
    35 1.719567 0.000023 0.000016 -0.461231 0.032293 -1.105404
    36 1.209175 0.000008 0.000005 0.175617 0.055179 -0.367832
    37 3.867399 -0.148186 -1.324350 -0.134961 0.400676 -0.397685
    38 1.719419 -0.000008 -0.000008 -0.082106 -0.002364 -0.236718
    39 1.099667 -0.000004 -0.000001 -0.188224 0.009145 -1.119518
    40 0.807129 -0.358887 -1.316406 1.243203 0.551773 -0.740643
    41 1.789783 -0.000002 -0.000002 -0.000009 0.003711 0.228604
    42 1.203094 0.000009 -0.007813 -0.029926 -0.035512 0.273828
    43 3.775391 -5.484375 -0.527832 -2.248284 -0.133216 -1.641882
  time 20
    0 -0.000003 -13.531250 -29.421875 1.570788 0.000007 -0.000007
    1 0.000000 3.345131 -2.981898 1.570789 0.086301 1.570789
    2 4.015625 0.000003 0.000000 0.000000 0.000000 -0.029241
    3 3.520294 0.000005 -0.000006 0.000000 0.000000 0.100332
    4 8.929688 0.000001 0.000000 0.000000 0.000000 0.194095
    5 2.035156 0.997070 1.937500 1.596487 -1.284993 2.943127
    6 6.028159 -0.000069 0.000009 -1.515823 -0.850485 -0.883023
    7 11.751161 0.011765 -0.019520 0.023548 0.201692 -1.775343
    8 11.481682 0.000088 -0.000031 1.230716 -0.562416 0.146375
    9 3.858219 -0.135628 -1.192206 -0.251095 0.104185 -0.118801
    10 1.312565 -0.000008 0.000000 -0.000002 0.054404 -0.409012
    11 0.729366 0.000002 -0.000002 -0.000001 0.040754 -0.240990
    12 3.941966 0.050853 -0.435186 -0.379709 -0.016674 -0.393832
    13 1.539091 0.000008 -0.000002 0.153287 0.085275 -0.278802
    14 1.196321 0.000000 -0.000002 0.180294 0.096657 -0.752368
    15 3.880859 -0.043091 0.427490 0.173079 -0.231527 -0.230358
    16 1.719578 0.000023 -0.000021 -0.117992 -0.078122 -0.544672
    17 1.209181 -0.000004 -0.000001 0.107099 -0.099114 -1.066322
    18 3.863281 -0.136475 1.332031 0.122642 -0.490092 0.180231
    19 1.719431 -0.000023 0.000019 -0.061348 -0.186919 -1.131588
    20 1.099676 0.000000 0.000006 -0.031266 0.008359 -0.587033
    21 0.807586 -0.343252 1.320583 -1.342788 -0.268021 -0.682746
    22 1.789787 0.000006 0.000006 0.075450 -0.418764 0.038983
    23 1.207012 0.000011 0.000000 0.052420 0.027183 0.069466
    24 2.035156 0.997070 -1.937500 -1.667267 1.282923 2.944210
    25 6.028144 -0.000011 0.000002 1.564095 0.793333 -0.843532
    26 11.633982 -0.003905 -0.019528 -0.004164 -0.069980 -1.807231
    27 11.481657 0.000043 0.000019 -1.183866 0.520519 0.156054
    28 3.854334 -0.131699 1.199994 0.887977 0.041686 -0.500120
    29 1.312567 0.000000 0.000000 -0.076006 -0.203868 -0.258727
    30 0.729362 0.000004 0.000003 -0.250341 -0.135455 -0.179419
    31 3.941981 0.050872 0.435162 0.216346 -0.007336 -0.093776
    32 1.539089 0.000008 0.000003 -0.605562 0.126574 -1.244849
    33 1.196316 0.000004 0.000005 0.000000 -0.000162 -0.332870
    34 3.880859 -0.047028 -0.427490 0.051056 0.262892 -0.068599
    35 1.719567 0.000023 0.000016 -0.461231 0.032293 -1.105404
    36 1.209175 0.000008 0.000005 0.175617 0.055179 -0.367832
    37 3.867399 -0.148186 -1.324350 -0.134961 0.400676 -0.397685
    38 1.719419 -0.000008 -0.000008 -0.082106 -0.002364 -0.236718
    39 1.099667 -0.000004 -0.000001 -0.188224 0.009145 -1.119518
    40 0.807129 -0.358887 -1.316406 1.243203 0.551773 -0.740643
    41 1.789783 -0.000002 -0.000002 -0.000009 0.003711 0.228604
    42 1.203094 0.000009 -0.007813 -0.030573 -0.035009 0.274283
    43 3.775391 -5.484375 -0.527832 -2.248284 -0.133216 -1.641882
  time 21
    0 -0.000003 -13.531250 -29.421875 1.570788 0.000007 -0.000007
    1 0.000000 3.345131 -2.981898 1.570789 0.086301 1.570789
    2 4.015625 0.000003 0.000000 0.000000 0.000000 -0.029241
    3 3.520294 0.000005 -0.000006 0.000000 0.000000 0.100332
    4 8.929688 0.000001 0.000000 0.000000 0.000000 0.194095
    5 2.035156 0.997070 1.937500 1.596487 -1.284993 2.943127
    6 6.028159 -0.000069 0.000009 -1.515823 -0.850485 -0.883023
    7 11.755068 0.011765 -0.023427 0.022949 0.201476 -1.775343
    8 11.481682 0.000088 -0.000031 1.230716 -0.562416 0.146375
    9 3.858219 -0.135628 -1.192206 -0.251095 0.104185 -0.118801
    10 1.312565 -0.000008 0.000000 -0.000002 0.054404 -0.409012
    11 0.729366 0.000002 -0.000002 -0.000001 0.040754 -0.240990
    12 3.941966 0.050853 -0.435186 -0.379709 -0.016674 -0.393832
    13 1.539091 0.000008 -0.000002 0.153287 0.085275 -0.278802
    14 1.196321 0.000000 -0.000002 0.180294 0.096657 -0.752368
    15 3.880859 -0.043091 0.427490 0.173079 -0.231527 -0.230358
    16 1.719578 0.000023 -0.000021 -0.117992 -0.078122 -0.544672
    17 1.209181 -0.000004 -0.000001 0.107099 -0.099114 -1.066322
    18 3.863281 -0.136475 1.332031 0.122642 -0.490092 0.180231
    19 1.719431 -0.000023 0.000019 -0.061037 -0.186811 -1.133133
    20 1.099676 0.000000 0.000006 -0.031266 0.008359 -0.587033
    21 0.807586 -0.343252 1.320583 -1.342788 -0.268033 -0.682746
    22 1.789787 0.000006 0.000006 0.075450 -0.418764 0.038983
    23 1.207012 0.000011 0.000000 0.049711 0.027806 0.068639
    24 2.035156 0.997070 -1.937500 -1.667267 1.282923 2.944210
    25 6.028144 -0.000011 0.000002 1.564095 0.793333 -0.843532
    26 11.630075 -0.007812 -0.019528 -0.004535 -0.070285 -1.806749
    27 11.481657 0.000043 0.000019 -1.183866 0.520519 0.156054
    28 3.858240 -0.131699 1.199994 0.887977 0.041686 -0.500120
    29 1.312567 0.000000 0.000000 -0.076006 -0.203868 -0.258727
    30 0.729362 0.000004 0.000003 -0.250341 -0.135455 -0.179419
    31 3.941981 0.050872 0.435162 0.216346 -0.007336 -0.093776
    32 1.539089 0.000008 0.000003 -0.605562 0.126574 -1.244849
    33 1.196316 0.000004 0.000005 0.000000 -0.000162 -0.332870
    34 3.880859 -0.047028 -0.427490 0.051056 0.262892 -0.068599
    35 1.719567 0.000023 0.000016 -0.461231 0.032293 -1.105404
    36 1.209175 0.000008 0.000005 0.175617 0.055179 -0.367832
    37 3.867399 -0.148186 -1.324350 -0.134961 0.400676 -0.397685
    38 1.719419 -0.000008 -0.000008 -0.082106 -0.002364 -0.236718
    39 1.099667 -0.000004 -0.000001 -0.188224 0.009145 -1.119518
    40 0.807129 -0.358887 -1.316406 1.243203 0.551773 -0.740643
    41 1.789783 -0.000002 -0.000002 -0.000009 0.003711 0.228604
    42 1.199188 0.000009 -0.007813 -0.031244 -0.034493 0.274750
    43 3.775391 -5.484375 -0.527832 -2.248284 -0.133216 -1.641882
  time 22
    0 -0.000003 -13.531250 -29.421875 1.570788 0.000007 -0.000007
    1 0.000000 3.345131 -2.981898 1.570789 0.086301 1.570789
    2 4.015625 0.000003 0.000000 0.000000 0.000000 -0.029241
    3 3.520294 0.000005 -0.000006 0.000000 0.000000 0.100332
    4 8.929688 0.000001 0.000000 0.000000 0.000000 0.194095
    5 2.035156 0.997070 1.937500 1.596487 -1.284993 2.943127
    6 6.028159 -0.000069 0.000009 -1.515823 -0.850485 -0.883023
    7 11.762881 0.015671 -0.023427 0.022337 0.201243 -1.775343
    8 11.481682 0.000088 -0.000031 1.230716 -0.562416 0.146375
    9 3.854313 -0.135628 -1.192206 -0.251095 0.104185 -0.118801
    10 1.312565 -0.000008 0.000000 -0.000002 0.054404 -0.409012
    11 0.729366 0.000002 -0.000002 -0.000001 0.040754 -0.240990
    12 3.938059 0.050853 -0.435186 -0.379709 -0.016674 -0.393832
    13 1.539091 0.000008 -0.000002 0.153287 0.085275 -0.278802
    14 1.196321 0.000000 -0.000002 0.180294 0.096657 -0.752368
    15 3.880859 -0.043091 0.427490 0.173079 -0.231527 -0.230358
    16 1.719578 0.000023 -0.000021 -0.117992 -0.078122 -0.544672
    17 1.209181 -0.000004 -0.000001 0.107099 -0.099114 -1.066322
    18 3.863281 -0.136475 1.332031 0.122642 -0.490092 0.180231
    19 1.719431 -0.000023 0.000019 -0.060713 -0.186715 -1.134738
    20 1.099676 0.000000 0.000006 -0.031266 0.008359 -0.587033
    21 0.807586 -0.343252 1.320583 -1.342788 -0.268033 -0.682746
    22 1.789787 0.000006 0.000006 0.075450 -0.418764 0.038983
    23 1.207012 0.000011 0.000000 0.047110 0.028429 0.067908
    24 2.035156 0.997070 -1.937500 -1.667267 1.282923 2.944210
    25 6.028144 -0.000011 0.000002 1.564095 0.793333 -0.843532
    26 11.622263 -0.007812 -0.023434 -0.004907 -0.070590 -1.806267
    27 11.481657 0.000043 0.000019 -1.183866 0.520519 0.156054
    28 3.854334 -0.131699 1.199994 0.887977 0.041686 -0.500120
    29 1.312567 0.000000 0.000000 -0.076006 -0.203868 -0.258727
    30 0.729362 0.000004 0.000003 -0.250341 -0.135455 -0.179419
    31 3.941981 0.050872 0.435162 0.216346 -0.007336 -0.093776
    32 1.539089 0.000008 0.000003 -0.605562 0.126574 -1.244849
    33 1.196316 0.000004 0.000005 0.000000 -0.000162 -0.332870
    34 3.880859 -0.047028 -0.427490 0.051056 0.262892 -0.068599
    35 1.719567 0.000023 0.000016 -0.461231 0.032293 -1.105404
    36 1.209175 0.000008 0.000005 0.175617 0.055179 -0.367832
    37 3.867399 -0.148186 -1.324350 -0.134961 0.400676 -0.397685
    38 1.719419 -0.000008 -0.000008 -0.082106 -0.002364 -0.236718
    39 1.099667 -0.000004 -0.000001 -0.188224 0.009145 -1.119518
    40 0.807129 -0.358887 -1.316406 1.243203 0.551773 -0.740643
    41 1.789783 -0.000002 -0.000002 -0.000009 0.003711 0.228604
    42 1.199188 0.000009 -0.007813 -0.031951 -0.033954 0.275230
    43 3.775391 -5.484375 -0.527832 -2.248284 -0.133216 -1.641882
  time 23
    0 -0.000003 -13.531250 -29.421875 1.570788 0.000007 -0.000007
    1 0.000000 3.345131 -2.981898 1.570789 0.086301 1.570789
    2 4.015625 0.000003 0.000000 0.000000 0.000000 -0.029241
    3 3.520294 0.000005 -0.000006 0.000000 0.000000 0.100332
    4 8.929688 0.000001 0.000000 0.000000 0.000000 0.194095
    5 2.035156 0.997070 1.937500 1.596487 -1.284993 2.943127
    6 6.028159 -0.000069 0.000009 -1.515823 -0.850485 -0.883023
    7 11.766787 0.015671 -0.027333 0.021690 0.200994 -1.775291
    8 11.481682 0.000088 -0.000031 1.230716 -0.562416 0.146375
    9 3.858219 -0.135628 -1.192206 -0.251095 0.104185 -0.118801
    10 1.312565 -0.000008 0.000000 -0.000002 0.054404 -0.409012
    11 0.729366 0.000002 -0.000002 -0.000001 0.040754 -0.240990
    12 3.941966 0.050853 -0.435186 -0.379709 -0.016674 -0.393832
    13 1.539091 0.000008 -0.000002 0.153287 0.085275 -0.278802
    14 1.196321 0.000000 -0.000002 0.180294 0.096657 -0.752368
    15 3.880859 -0.043091 0.427490 0.173079 -0.231527 -0.230358
    16 1.719578 0.000023 -0.000021 -0.117992 -0.078122 -0.544672
    17 1.209181 -0.000004 -0.000001 0.107099 -0.099114 -1.066322
    18 3.863281 -0.136475 1.332031 0.122642 -0.490092 0.180231
    19 1.719431 -0.000023 0.000019 -0.060389 -0.186608 -1.136373
    20 1.099676 0.000000 0.000006 -0.031266 0.008359 -0.587033
    21 0.807586 -0.343252 1.320583 -1.342788 -0.268033 -0.682746
    22 1.789787 0.000006 0.000006 0.075450 -0.418764 0.038983
    23 1.207012 0.000011 0.000000 0.044618 0.029052 0.067285
    24 2.035156 0.997070 -1.937500 -1.667267 1.282923 2.944210
    25 6.028144 -0.000011 0.000002 1.564095 0.793333 -0.843532
    26 11.614450 -0.007812 -0.027341 -0.005302 -0.070895 -1.805784
    27 11.481657 0.000043 0.000019 -1.183866 0.520519 0.156054
    28 3.858240 -0.131699 1.199994 0.887977 0.041686 -0.500120
    29 1.312567 0.000000 0.000000 -0.076006 -0.203868 -0.258727
    30 0.729362 0.000004 0.000003 -0.250341 -0.135455 -0.179419
    31 3.941981 0.050872 0.435162 0.216346 -0.007336 -0.093776
    32 1.539089 0.000008 0.000003 -0.605562 0.126574 -1.244849
    33 1.196316 0.000004 0.000005 0.000000 -0.000162 -0.332870
    34 3.880859 -0.047028 -0.427490 0.051056 0.262892 -0.068599
    35 1.719567 0.000023 0.000016 -0.461231 0.032293 -1.105404
    36 1.209175 0.000008 0.000005 0.175617 0.055179 -0.367832
    37 3.867399 -0.148186 -1.324350 -0.134961 0.400676 -0.397685
    38 1.719419 -0.000008 -0.000008 -0.082106 -0.002364 -0.236718
    39 1.099667 -0.000004 -0.000001 -0.188224 0.009145 -1.119518
    40 0.807129 -0.358887 -1.316406 1.243203 0.551773 -0.740643
    41 1.789783 -0.000002 -0.000002 -0.000009 0.003711 0.228604
    42 1.199188 0.000009 -0.011719 -0.032694 -0.033391 0.275745
    43 3.775391 -5.484375 -0.527832 -2.248284 -0.133216 -1.641882
  time 24
    0 -0.000003 -13.531250 -29.421875 1.570788 0.000007 -0.000007
    1 0.000000 3.345131 -2.981898 1.570789 0.086301 1.570789
    2 4.015625 0.000003 0.000000 0.000000 0.000000 -0.029241
    3 3.520294 0.000005 -0.000006 0.000000 0.000000 0.100332
    4 8.929688 0.000001 0.000000 0.000000 0.000000 0.194095
    5 2.035156 0.997070 1.937500 1.596487 -1.284993 2.943127
    6 6.028159 -0.000069 0.000009 -1.515823 -0.850485 -0.883023
    7 11.774600 0.019577 -0.027333 0.021043 0.200761 -1.775291
    8 11.481682 0.000088 -0.000031 1.230716 -0.562416 0.146375
    9 3.854313 -0.135628 -1.192206 -0.251095 0.104185 -0.118801
    10 1.312565 -0.000008 0.000000 -0.000002 0.054404 -0.409012
    11 0.729366 0.000002 -0.000002 -0.000001 0.040754 -0.240990
    12 3.941966 0.050853 -0.435186 -0.379709 -0.016674 -0.393832
    13 1.539091 0.000008 -0.000002 0.153287 0.085275 -0.278802
    14 1.196321 0.000000 -0.000002 0.180294 0.096657 -0.752368
    15 3.880859 -0.043091 0.427490 0.173079 -0.231527 -0.230358
    16 1.719578 0.000023 -0.000021 -0.117992 -0.078122 -0.544672
    17 1.209181 -0.000004 -0.000001 0.107099 -0.099114 -1.066322
    18 3.863281 -0.136475 1.332031 0.122642 -0.490092 0.180231
    19 1.719431 -0.000023 0.000019 -0.060042 -0.186500 -1.138097
    20 1.099676 0.000000 0.000006 -0.031266 0.008359 -0.587033
    21 0.807586 -0.343252 1.320583 -1.342788 -0.268033 -0.682746
    22 1.789787 0.000006 0.000006 0.075450 -0.418764 0.038983
    23 1.207012 0.000011 0.000000 0.042269 0.029676 0.066782
    24 2.035156 0.997070 -1.937500 -1.667267 1.282923 2.944210
    25 6.028144 -0.000011 0.000002 1.564095 0.793333 -0.843532
    26 11.610544 -0.007812 -0.027341 -0.005710 -0.071225 -1.805249
    27 11.481657 0.000043 0.000019 -1.183866 0.520519 0.156054
    28 3.854334 -0.131699 1.199994 0.887977 0.041686 -0.500120
    29 1.312567 0.000000 0.000000 -0.076006 -0.203868 -0.258727
    30 0.729362 0.000004 0.000003 -0.250341 -0.135455 -0.179419
    31 3.941981 0.050872 0.435162 0.216346 -0.007336 -0.093776
    32 1.539089 0.000008 0.000003 -0.605562 0.126574 -1.244849
    33 1.196316 0.000004 0.000005 0.000000 -0.000162 -0.332870
    34 3.880859 -0.047028 -0.427490 0.051056 0.262892 -0.068599
    35 1.719567 0.000023 0.000016 -0.461231 0.032293 -1.105404
    36 1.209175 0.000008 0.000005 0.175617 0.055179 -0.367832
    37 3.867399 -0.148186 -1.324350 -0.134961 0.400676 -0.397685
    38 1.719419 -0.000008 -0.000008 -0.082106 -0.002364 -0.236718
    39 1.099667 -0.000004 -0.000001 -0.188224 0.009145 -1.119518
    40 0.807129 -0.358887 -1.316406 1.243203 0.551773 -0.740643
    41 1.789783 -0.000002 -0.000002 -0.000009 0.003711 0.228604
    42 1.199188 0.000009 -0.011719 -0.033449 -0.032804 0.276272
    43 3.775391 -5.484375 -0.527832 -2.248284 -0.133216 -1.641882
  time 25
    0 -0.000003 -13.531250 -29.421875 1.570788 0.000007 -0.000007
    1 0.000000 3.345131 -2.981898 1.570789 0.086301 1.570789
    2 4.015625 0.000003 0.000000 0.000000 0.000000 -0.029241
    3 3.520294 0.000005 -0.000006 0.000000 0.000000 0.100332
    4 8.929688 0.000001 0.000000 0.000000 0.000000 0.194095
    5 2.035156 0.997070 1.937500 1.596487 -1.284993 2.943127
    6 6.028159 -0.000069 0.000009 -1.515823 -0.850485 -0.883023
    7 11.778506 0.019577 -0.031240 0.020372 0.200495 -1.775291
    8 11.481682 0.000088 -0.000031 1.230716 -0.562416 0.146375
    9 3.858219 -0.135628 -1.192206 -0.251095 0.104185 -0.118801
    10 1.312565 -0.000008 0.000000 -0.000002 0.054404 -0.409012
    11 0.729366 0.000002 -0.000002 -0.000001 0.040754 -0.240990
    12 3.941966 0.050853 -0.435186 -0.379709 -0.016674 -0.393832
    13 1.539091 0.000008 -0.000002 0.153287 0.085275 -0.278802
    14 1.196321 0.000000 -0.000002 0.180294 0.096657 -0.752368
    15 3.880859 -0.043091 0.427490 0.173079 -0.231527 -0.230358
    16 1.719578 0.000023 -0.000021 -0.117992 -0.078122 -0.544672
    17 1.209181 -0.000004 -0.000001 0.107099 -0.099114 -1.066322
    18 3.863281 -0.136475 1.332031 0.122642 -0.490092 0.180231
    19 1.719431 -0.000023 0.000019 -0.059694 -0.186380 -1.139820
    20 1.099676 0.000000 0.000006 -0.031266 0.008359 -0.587033
    21 0.807586 -0.343252 1.320583 -1.342788 -0.268033 -0.682746
    22 1.789787 0.000006 0.000006 0.075450 -0.418764 0.038983
    23 1.207012 0.000011 0.000000 0.040051 0.030287 0.066386
    24 2.035156 0.997070 -1.937500 -1.667267 1.282923 2.944210
    25 6.028144 -0.000011 0.000002 1.564095 0.793333 -0.843532
    26 11.602731 -0.007812 -0.031247 -0.006117 -0.071556 -1.804767
    27 11.481657 0.000043 0.000019 -1.183866 0.520519 0.156054
    28 3.854334 -0.131699 1.199994 0.887977 0.041686 -0.500120
    29 1.312567 0.000000 0.000000 -0.076006 -0.203868 -0.258727
    30 0.729362 0.000004 0.000003 -0.250341 -0.135455 -0.179419
    31 3.938074 0.050872 0.435162 0.216346 -0.007336 -0.093776
    32 1.539089 0.000008 0.000003 -0.605562 0.126574 -1.244879
    33 1.196316 0.000004 0.000005 0.000000 -0.000162 -0.332870
    34 3.880859 -0.047028 -0.427490 0.051056 0.262892 -0.068599
    35 1.719567 0.000023 0.000016 -0.461231 0.032293 -1.105404
    36 1.209175 0.000008 0.000005 0.175617 0.055179 -0.367832
    37 3.867399 -0.148186 -1.324350 -0.134961 0.400676 -0.397685
    38 1.719419 -0.000008 -0.000008 -0.082106 -0.002364 -0.236718
    39 1.099667 -0.000004 -0.000001 -0.188224 0.009145 -1.119518
    40 0.807129 -0.358887 -1.316406 1.243203 0.551773 -0.740643
    41 1.789783 -0.000002 -0.000002 -0.000009 0.003711 0.228604
    42 1.199188 0.003915 -0.011719 -0.034240 -0.032192 0.276812
    43 3.775391 -5.484375 -0.527832 -2.248284 -0.133216 -1.641882
  time 26
    0 -0.000003 -13.531250 -29.421875 1.570788 0.000007 -0.000007
    1 0.000000 3.345131 -2.981898 1.570789 0.086301 1.570789
    2 4.015625 0.000003 0.000000 0.000000 0.000000 -0.029241
    3 3.520294 0.000005 -0.000006 0.000000 0.000000 0.100332
    4 8.929688 0.000001 0.000000 0.000000 0.000000 0.194095
    5 2.035156 0.997070 1.937500 1.596487 -1.284993 2.943127
    6 6.028159 -0.000069 0.000009 -1.515823 -0.850485 -0.883023
    7 11.786319 0.019577 -0.035146 0.019689 0.200246 -1.775291
    8 11.481682 0.000088 -0.000031 1.230716 -0.562416 0.146375
    9 3.858219 -0.135628 -1.192206 -0.251095 0.104185 -0.118801
    10 1.312565 -0.000008 0.000000 -0.000002 0.054404 -0.409012
    11 0.729366 0.000002 -0.000002 -0.000001 0.040754 -0.240990
    12 3.941966 0.050853 -0.435186 -0.379709 -0.016674 -0.393832
    13 1.539091 0.000008 -0.000002 0.153287 0.085275 -0.278802
    14 1.196321 0.000000 -0.000002 0.180294 0.096657 -0.752368
    15 3.880859 -0.043091 0.427490 0.173079 -0.231527 -0.230358
    16 1.719578 0.000023 -0.000021 -0.117992 -0.078122 -0.544672
    17 1.209181 -0.000004 -0.000001 0.107099 -0.099114 -1.066322
    18 3.863281 -0.136475 1.332031 0.122642 -0.490092 0.180231
    19 1.719431 -0.000023 0.000019 -0.059335 -0.186272 -1.141604
    20 1.099676 0.000000 0.000006 -0.031266 0.008359 -0.587033
    21 0.807586 -0.343252 1.320583 -1.342788 -0.268033 -0.682746
    22 1.789787 0.000006 0.000006 0.075450 -0.418764 0.038983
    23 1.207012 0.000011 0.000000 0.037990 0.030898 0.066099
    24 2.035156 0.997070 -1.937500 -1.667267 1.282923 2.944210
    25 6.028144 -0.000011 0.000002 1.564095 0.793333 -0.843532
    26 11.594918 -0.011718 -0.031247 -0.006549 -0.071899 -1.804231
    27 11.481657 0.000043 0.000019 -1.183866 0.520519 0.156054
    28 3.858240 -0.131699 1.199994 0.887977 0.041686 -0.500120
    29 1.312567 0.000000 0.000000 -0.076006 -0.203868 -0.258727
    30 0.729362 0.000004 0.000003 -0.250341 -0.135455 -0.179419
    31 3.941981 0.050872 0.435162 0.216346 -0.007336 -0.093776
    32 1.539089 0.000008 0.000003 -0.605562 0.126574 -1.244849
    33 1.196316 0.000004 0.000005 0.000000 -0.000162 -0.332870
    34 3.880859 -0.047028 -0.427490 0.051056 0.262892 -0.068599
    35 1.719567 0.000023 0.000016 -0.461231 0.032293 -1.105404
    36 1.209175 0.000008 0.000005 0.175617 0.055179 -0.367832
    37 3.867399 -0.148186 -1.324350 -0.134961 0.400676 -0.397685
    38 1.719419 -0.000008 -0.000008 -0.082106 -0.002364 -0.236718
    39 1.099667 -0.000004 -0.000001 -0.188224 0.009145 -1.119518
    40 0.807129 -0.358887 -1.316406 1.243203 0.551773 -0.740643
    41 1.789783 -0.000002 -0.000002 -0.000009 0.003711 0.228604
    42 1.195282 0.003915 -0.011719 -0.035043 -0.031569 0.277375
    43 3.775391 -5.484375 -0.527832 -2.248284 -0.133216 -1.641882
  time 27
    0 -0.000003 -13.531250 -29.421875 1.570788 0.000007 -0.000007
    1 0.000000 3.345131 -2.981898 1.570789 0.086301 1.570789
    2 4.015625 0.000003 0.000000 0.000000 0.000000 -0.029241
    3 3.520294 0.000005 -0.000006 0.000000 0.000000 0.100332
    4 8.929688 0.000001 0.000000 0.000000 0.000000 0.194095
    5 2.035156 0.997070 1.937500 1.596487 -1.284993 2.943127
    6 6.028159 -0.000069 0.000009 -1.515823 -0.850485 -0.883023
    7 11.794132 0.023484 -0.035146 0.018994 0.199980 -1.775239
    8 11.481682 0.000088 -0.000031 1.230716 -0.562416 0.146375
    9 3.854313 -0.135628 -1.192206 -0.251095 0.104185 -0.118801
    10 1.312565 -0.000008 0.000000 -0.000002 0.054404 -0.409012
    11 0.729366 0.000002 -0.000002 -0.000001 0.040754 -0.240990
    12 3.938059 0.050853 -0.435186 -0.379709 -0.016674 -0.393832
    13 1.539091 0.000008 -0.000002 0.153287 0.085275 -0.278802
    14 1.196321 0.000000 -0.000002 0.180294 0.096657 -0.752368
    15 3.880859 -0.043091 0.427490 0.173079 -0.231527 -0.230358
    16 1.719578 0.000023 -0.000021 -0.117992 -0.078122 -0.544672
    17 1.209181 -0.000004 -0.000001 0.107099 -0.099114 -1.066322
    18 3.863281 -0.136475 1.332031 0.122642 -0.490092 0.180231
    19 1.719431 -0.000023 0.000019 -0.058975 -0.186152 -1.143416
    20 1.099676 0.000000 0.000006 -0.031266 0.008359 -0.587033
    21 0.807586 -0.343252 1.320583 -1.342788 -0.268033 -0.682746
    22 1.789787 0.000006 0.000006 0.075450 -0.418764 0.038983
    23 1.207012 0.000011 0.000000 0.036073 0.031497 0.065931
    24 2.035156 0.997070 -1.937500 -1.667267 1.282923 2.944210
    25 6.028144 -0.000011 0.000002 1.564095 0.793333 -0.843532
    26 11.591012 -0.011718 -0.035154 -0.006968 -0.072242 -1.803695
    27 11.481657 0.000043 0.000019 -1.183866 0.520519 0.156054
    28 3.858240 -0.131699 1.199994 0.887977 0.041686 -0.500120
    29 1.312567 0.000000 0.000000 -0.076006 -0.203868 -0.258727
    30 0.729362 0.000004 0.000003 -0.250341 -0.135455 -0.179419
    31 3.941981 0.050872 0.435162 0.216346 -0.007336 -0.093776
    32 1.539089 0.000008 0.000003 -0.605562 0.126574 -1.244849
    33 1.196316 0.000004 0.000005 0.000000 -0.000162 -0.332870
    34 3.880859 -0.047028 -0.427490 0.051056 0.262892 -0.068599
    35 1.719567 0.000023 0.000016 -0.461231 0.032293 -1.105404
    36 1.209175 0.000008 0.000005 0.175617 0.055179 -0.367832
    37 3.867399 -0.148186 -1.324350 -0.134961 0.400676 -0.397685
    38 1.719419 -0.000008 -0.000008 -0.082106 -0.002364 -0.236718
    39 1.099667 -0.000004 -0.000001 -0.188224 0.009145 -1.119518
    40 0.807129 -0.358887 -1.316406 1.243203 0.551773 -0.740643
    41 1.789783 -0.000002 -0.000002 -0.000009 0.003711 0.228604
    42 1.195282 0.003915 -0.015625 -0.035870 -0.030934 0.277950
    43 3.775391 -5.484375 -0.527832 -2.248284 -0.133216 -1.641882
  time 28
    0 -0.000003 -13.531250 -29.421875 1.570788 0.000007 -0.000007
    1 0.000000 3.345131 -2.981898 1.570789 0.086301 1.570789
    2 4.015625 0.000003 0.000000 0.000000 0.000000 -0.029241
    3 3.520294 0.000005 -0.000006 0.000000 0.000000 0.100332
    4 8.929688 0.000001 0.000000 0.000000 0.000000 0.194095
    5 2.035156 0.997070 1.937500 1.596487 -1.284993 2.943127
    6 6.028159 -0.000069 0.000009 -1.515823 -0.850485 -0.883023
    7 11.798038 0.023484 -0.039052 0.018287 0.199730 -1.775239
    8 11.481682 0.000088 -0.000031 1.230716 -0.562416 0.146375
    9 3.858219 -0.135628 -1.192206 -0.251095 0.104185 -0.118801
    10 1.312565 -0.000008 0.000000 -0.000002 0.054404 -0.409012
    11 0.729366 0.000002 -0.000002 -0.000001 0.040754 -0.240990
    12 3.938059 0.050853 -0.435186 -0.379709 -0.016674 -0.393832
    13 1.539091 0.000008 -0.000002 0.153287 0.085275 -0.278802
    14 1.196321 0.000000 -0.000002 0.180294 0.096657 -0.752368
    15 3.880859 -0.043091 0.427490 0.173079 -0.231527 -0.230358
    16 1.719578 0.000023 -0.000021 -0.117992 -0.078122 -0.544672
    17 1.209181 -0.000004 -0.000001 0.107099 -0.099114 -1.066322
    18 3.863281 -0.136475 1.332031 0.122642 -0.490092 0.180231
    19 1.719431 -0.000023 0.000019 -0.058604 -0.186032 -1.145259
    20 1.099676 0.000000 0.000006 -0.031266 0.008359 -0.587033
    21 0.807586 -0.343252 1.320583 -1.342788 -0.268033 -0.682746
    22 1.789787 0.000006 0.000006 0.075450 -0.418764 0.038983
    23 1.207012 0.000011 0.000000 0.034323 0.032096 0.065871
    24 2.035156 0.997070 -1.937500 -1.667267 1.282923 2.944210
    25 6.028144 -0.000011 0.000002 1.564095 0.793333 -0.843532
    26 11.583199 -0.011718 -0.039060 -0.007411 -0.072585 -1.803159
    27 11.481657 0.000043 0.000019 -1.183866 0.520519 0.156054
    28 3.854334 -0.131699 1.199994 0.887977 0.041686 -0.500120
    29 1.312567 0.000000 0.000000 -0.076006 -0.203868 -0.258727
    30 0.729362 0.000004 0.000003 -0.250341 -0.135455 -0.179419
    31 3.938074 0.050872 0.435162 0.216346 -0.007336 -0.093776
    32 1.539089 0.000008 0.000003 -0.605562 0.126574 -1.244849
    33 1.196316 0.000004 0.000005 0.000000 -0.000162 -0.332870
    34 3.880859 -0.047028 -0.427490 0.051056 0.262892 -0.068599
    35 1.719567 0.000023 0.000016 -0.461231 0.032293 -1.105404
    36 1.209175 0.000008 0.000005 0.175617 0.055179 -0.367832
    37 3.863493 -0.148186 -1.324350 -0.134961 0.400676 -0.397685
    38 1.719419 -0.000008 -0.000008 -0.082106 -0.002364 -0.236718
    39 1.099667 -0.000004 -0.000001 -0.188224 0.009145 -1.119518
    40 0.807129 -0.358887 -1.316406 1.243203 0.551773 -0.740643
    41 1.789783 -0.000002 -0.000002 -0.000009 0.003711 0.228604
    42 1.195282 0.003915 -0.015625 -0.036721 -0.030263 0.278538
    43 3.775391 -5.484375 -0.527832 -2.248284 -0.133216 -1.641882
  time 29
    0 -0.000003 -13.531250 -29.421875 1.570788 0.000007 -0.000007
    1 0.000000 3.345131 -2.981898 1.570789 0.086301 1.570789
    2 4.015625 0.000003 0.000000 0.000000 0.000000 -0.029241
    3 3.520294 0.000005 -0.000006 0.000000 0.000000 0.100332
    4 8.929688 0.000001 0.000000 0.000000 0.000000 0.194095
    5 2.035156 0.997070 1.937500 1.596487 -1.284993 2.943127
    6 6.028159 -0.000069 0.000009 -1.515823 -0.850485 -0.883023
    7 11.805851 0.027390 -0.042959 0.017567 0.199448 -1.775239
    8 11.481682 0.000088 -0.000031 1.230716 -0.562416 0.146375
    9 3.858219 -0.135628 -1.192206 -0.251095 0.104185 -0.118801
    10 1.312565 -0.000008 0.000000 -0.000002 0.054404 -0.409012
    11 0.729366 0.000002 -0.000002 -0.000001 0.040754 -0.240990
    12 3.941966 0.050853 -0.435186 -0.379709 -0.016674 -0.393832
    13 1.539091 0.000008 -0.000002 0.153287 0.085275 -0.278802
    14 1.196321 0.000000 -0.000002 0.180294 0.096657 -0.752368
    15 3.880859 -0.043091 0.427490 0.173079 -0.231527 -0.230358
    16 1.719578 0.000023 -0.000021 -0.117992 -0.078122 -0.544672
    17 1.209181 -0.000004 -0.000001 0.107099 -0.099114 -1.066322
    18 3.863281 -0.136475 1.332031 0.122642 -0.490092 0.180231
    19 1.719431 -0.000023 0.000019 -0.058232 -0.185913 -1.147102
    20 1.099676 0.000000 0.000006 -0.031266 0.008359 -0.587033
    21 0.807586 -0.343252 1.320583 -1.342788 -0.268033 -0.682746
    22 1.789787 0.000006 0.000006 0.075450 -0.418764 0.038983
    23 1.207012 0.000011 0.000000 0.032597 0.032732 0.067249
    24 2.035156 0.997070 -1.937500 -1.667267 1.282923 2.944210
    25 6.028144 -0.000011 0.000002 1.564095 0.793333 -0.843532
    26 11.575386 -0.011718 -0.039060 -0.007843 -0.072941 -1.802570
    27 11.481657 0.000043 0.000019 -1.183866 0.520519 0.156054
    28 3.854334 -0.131699 1.199994 0.887977 0.041686 -0.500120
    29 1.312567 0.000000 0.000000 -0.076006 -0.203868 -0.258727
    30 0.729362 0.000004 0.000003 -0.250341 -0.135455 -0.179419
    31 3.941981 0.050872 0.435162 0.216346 -0.007336 -0.093776
    32 1.539089 0.000008 0.000003 -0.605562 0.126574 -1.244849
    33 1.196316 0.000004 0.000005 0.000000 -0.000162 -0.332870
    34 3.880859 -0.047028 -0.427490 0.051056 0.262892 -0.068599
    35 1.719567 0.000023 0.000016 -0.461231 0.032293 -1.105404
    36 1.209175 0.000008 0.000005 0.175617 0.055179 -0.367832
    37 3.867399 -0.148186 -1.324350 -0.134961 0.400676 -0.397685
    38 1.719419 -0.000008 -0.000008 -0.082106 -0.002364 -0.236718
    39 1.099667 -0.000004 -0.000001 -0.188224 0.009145 -1.119518
    40 0.807129 -0.358887 -1.316406 1.243203 0.551773 -0.740643
    41 1.789783 -0.000002 -0.000002 -0.000009 0.003711 0.228604
    42 1.195282 0.003915 -0.015625 -0.037596 -0.029592 0.279137
    43 3.775391 -5.484375 -0.527832 -2.248284 -0.133216 -1.641882
  time 30
    0 -0.000003 -13.531250 -29.421875 1.570788 0.000007 -0.000007
    1 0.000000 3.345131 -2.981898 1.570789 0.086301 1.570789
    2 4.015625 0.000003 0.000000 0.000000 0.000000 -0.029241
    3 3.520294 0.000005 -0.000006 0.000000 0.000000 0.100332
    4 8.929688 0.000001 0.000000 0.000000 0.000000 0.194095
    5 2.035156 0.997070 1.937500 1.596487 -1.284993 2.943127
    6 6.028159 -0.000069 0.000009 -1.515823 -0.850485 -0.883023
    7 11.813663 0.027390 -0.042959 0.016848 0.199182 -1.775239
    8 11.481682 0.000088 -0.000031 1.230716 -0.562416 0.146375
    9 3.858219 -0.135628 -1.192206 -0.251095 0.104185 -0.118801
    10 1.312565 -0.000008 0.000000 -0.000002 0.054404 -0.409012
    11 0.729366 0.000002 -0.000002 -0.000001 0.040754 -0.240990
    12 3.941966 0.050853 -0.435186 -0.379709 -0.016674 -0.393832
    13 1.539091 0.000008 -0.000002 0.153287 0.085275 -0.278802
    14 1.196321 0.000000 -0.000002 0.180294 0.096657 -0.752368
    15 3.880859 -0.043121 0.427490 0.173079 -0.231527 -0.230358
    16 1.719578 0.000023 -0.000021 -0.117992 -0.078122 -0.544672
    17 1.209181 -0.000004 -0.000001 0.107099 -0.099114 -1.066322
    18 3.863281 -0.136475 1.332031 0.122642 -0.490092 0.180231
    19 1.719431 -0.000023 0.000019 -0.057861 -0.185781 -1.148974
    20 1.099676 0.000000 0.000006 -0.031266 0.008359 -0.587033
    21 0.807586 -0.343252 1.320583 -1.342788 -0.268033 -0.682746
    22 1.789787 0.000006 0.000006 0.075450 -0.418764 0.038983
    23 1.207012 0.000011 0.000000 0.030799 0.033463 0.071396
    24 2.035156 0.997070 -1.937500 -1.667267 1.282923 2.944210
    25 6.028144 -0.000011 0.000002 1.564095 0.793333 -0.843532
    26 11.567574 -0.011718 -0.042966 -0.008286 -0.073296 -1.802034
    27 11.481657 0.000043 0.000019 -1.183866 0.520519 0.156054
    28 3.854334 -0.131699 1.199994 0.887977 0.041686 -0.500120
    29 1.312567 0.000000 0.000000 -0.076006 -0.203868 -0.258727
    30 0.729362 0.000004 0.000003 -0.250341 -0.135455 -0.179419
    31 3.941406 0.050842 0.431152 0.216355 -0.007330 -0.093769
    32 1.539089 0.000008 0.000003 -0.605562 0.126574 -1.244849
    33 1.196316 0.000004 0.000005 0.000000 -0.000162 -0.332870
    34 3.880859 -0.047028 -0.427490 0.051056 0.262892 -0.068599
    35 1.719567 0.000023 0.000016 -0.461231 0.032293 -1.105404
    36 1.209175 0.000008 0.000005 0.175617 0.055179 -0.367832
    37 3.867399 -0.148186 -1.324350 -0.134961 0.400676 -0.397685
    38 1.719419 -0.000008 -0.000008 -0.082106 -0.002364 -0.236718
    39 1.099667 -0.000004 -0.000001 -0.188224 0.009145 -1.119518
    40 0.807129 -0.358887 -1.316406 1.243203 0.551773 -0.740643
    41 1.789783 -0.000002 -0.000002 -0.000009 0.003711 0.228604
    42 1.191375 0.003915 -0.015625 -0.038471 -0.028897 0.279748
    43 3.772941 -5.489335 -0.527645 4.034818 -0.133223 -1.641906
  time 31
    0 -0.000003 -13.531250 -29.421875 1.570788 0.000007 -0.000007
    1 0.000000 3.345131 -2.981898 1.570789 0.086301 1.570789
    2 4.015625 0.000003 0.000000 0.000000 0.000000 -0.029241
    3 3.520294 0.000005 -0.000006 0.000000 0.000000 0.100332
    4 8.929688 0.000001 0.000000 0.000000 0.000000 0.194095
    5 2.035156 0.997070 1.937500 1.596487 -1.284993 2.943127
    6 6.028159 -0.000069 0.000009 -1.515823 -0.850485 -0.883023
    7 11.821476 0.027390 -0.046865 0.016129 0.198916 -1.775186
    8 11.481682 0.000088 -0.000031 1.230716 -0.562416 0.146375
    9 3.858219 -0.135628 -1.192206 -0.251095 0.104185 -0.118801
    10 1.312565 -0.000008 0.000000 -0.000002 0.054404 -0.409012
    11 0.729366 0.000002 -0.000002 -0.000001 0.040754 -0.240990
    12 3.941966 0.050853 -0.435186 -0.379709 -0.016674 -0.393832
    13 1.539091 0.000008 -0.000002 0.153287 0.085275 -0.278802
    14 1.196321 0.000000 -0.000002 0.180294 0.096657 -0.752368
    15 3.880859 -0.043121 0.427490 0.173079 -0.231527 -0.230358
    16 1.719578 0.000023 -0.000021 -0.117992 -0.078122 -0.544672
    17 1.209181 -0.000004 -0.000001 0.107099 -0.099114 -1.066322
    18 3.863281 -0.136475 1.332031 0.122642 -0.490092 0.180231
    19 1.719431 -0.000023 0.000019 -0.057489 -0.185661 -1.150846
    20 1.099676 0.000000 0.000006 -0.031266 0.008359 -0.587033
    21 0.807586 -0.343252 1.320583 -1.342788 -0.268033 -0.682746
    22 1.789787 0.000006 0.000006 0.075450 -0.418764 0.038983
    23 1.207012 0.000011 0.000000 0.028918 0.034278 0.078311
    24 2.035156 0.997070 -1.937500 -1.667267 1.282923 2.944210
    25 6.028144 -0.000011 0.000002 1.564095 0.793333 -0.843532
    26 11.559761 -0.015624 -0.046873 -0.008742 -0.073652 -1.801499
    27 11.481657 0.000043 0.000019 -1.183866 0.520519 0.156054
    28 3.858240 -0.131699 1.199994 0.887977 0.041686 -0.500120
    29 1.312567 0.000000 0.000000 -0.076006 -0.203868 -0.258727
    30 0.729362 0.000004 0.000003 -0.250341 -0.135455 -0.179419
    31 3.941406 0.050842 0.431152 0.216355 -0.007330 -0.093769
    32 1.539089 0.000008 0.000003 -0.605562 0.126574 -1.244849
    33 1.196316 0.000004 0.000005 0.000000 -0.000162 -0.332870
    34 3.880859 -0.047028 -0.427490 0.051056 0.262892 -0.068599
    35 1.719567 0.000023 0.000016 -0.461231 0.032293 -1.105404
    36 1.209175 0.000008 0.000005 0.175617 0.055179 -0.367832
    37 3.867399 -0.148186 -1.324350 -0.134961 0.400676 -0.397685
    38 1.719419 -0.000008 -0.000008 -0.082106 -0.002364 -0.236718
    39 1.099667 -0.000004 -0.000001 -0.188224 0.009145 -1.119518
    40 0.807129 -0.358887 -1.316406 1.243203 0.551773 -0.740643
    41 1.789783 -0.000002 -0.000002 -0.000009 0.003711 0.228604
    42 1.191375 0.003915 -0.019532 -0.039369 -0.028202 0.280383
    43 3.772941 -5.489335 -0.527645 4.034894 -0.133223 -1.641906
  time 32
    0 -0.000003 -13.531250 -29.421875 1.570788 0.000007 -0.000007
    1 0.000000 3.345131 -2.981898 1.570789 0.086301 1.570789
    2 4.015625 0.000003 0.000000 0.000000 0.000000 -0.029241
    3 3.520294 0.000005 -0.000006 0.000000 0.000000 0.100332
    4 8.929688 0.000001 0.000000 0.000000 0.000000 0.194095
    5 2.035156 0.997070 1.937500 1.596487 -1.284993 2.943127
    6 6.028159 -0.000069 0.000009 -1.515823 -0.850485 -0.883023
    7 11.829289 0.031296 -0.050771 0.015398 0.198650 -1.775186
    8 11.481682 0.000088 -0.000031 1.230716 -0.562416 0.146375
    9 3.858219 -0.135628 -1.192206 -0.251095 0.104185 -0.118801
    10 1.312565 -0.000008 0.000000 -0.000002 0.054404 -0.409012
    11 0.729366 0.000002 -0.000002 -0.000001 0.040754 -0.240990
    12 3.941966 0.050853 -0.435186 -0.379709 -0.016674 -0.393832
    13 1.539091 0.000008 -0.000002 0.153287 0.085275 -0.278802
    14 1.196321 0.000000 -0.000002 0.180294 0.096657 -0.752368
    15 3.880859 -0.043121 0.427490 0.173079 -0.231527 -0.230358
    16 1.719578 0.000023 -0.000021 -0.117992 -0.078122 -0.544672
    17 1.209181 -0.000004 -0.000001 0.107099 -0.099114 -1.066322
    18 3.863281 -0.136475 1.332031 0.122642 -0.490092 0.180231
    19 1.719431 -0.000023 0.000019 -0.057118 -0.185541 -1.152719
    20 1.099676 0.000000 0.000006 -0.031266 0.008359 -0.587033
    21 0.807586 -0.343252 1.320583 -1.342788 -0.268033 -0.682746
    22 1.789787 0.000006 0.000006 0.075450 -0.418764 0.038983
    23 1.207012 0.000011 0.000000 0.026988 0.035189 0.087899
    24 2.035156 0.997070 -1.937500 -1.667267 1.282923 2.944210
    25 6.028144 -0.000011 0.000002 1.564095 0.793333 -0.843532
    26 11.555854 -0.015624 -0.046873 -0.009185 -0.074021 -1.800909
    27 11.481657 0.000043 0.000019 -1.183866 0.520533 0.156054
    28 3.858240 -0.131699 1.199994 0.887977 0.041686 -0.500120
    29 1.312567 0.000000 0.000000 -0.076006 -0.203868 -0.258727
    30 0.729362 0.000004 0.000003 -0.250341 -0.135455 -0.179419
    31 3.941406 0.050842 0.431152 0.216355 -0.007330 -0.093769
    32 1.539089 0.000008 0.000003 -0.605562 0.126574 -1.244849
    33 1.196316 0.000004 0.000005 0.000000 -0.000162 -0.332870
    34 3.880859 -0.047028 -0.427490 0.051056 0.262892 -0.068599
    35 1.719567 0.000023 0.000016 -0.461231 0.032293 -1.105404
    36 1.209175 0.000008 0.000005 0.175617 0.055179 -0.367832
    37 3.867399 -0.148186 -1.324350 -0.134961 0.400676 -0.397685
    38 1.719419 -0.000008 -0.000008 -0.082106 -0.002364 -0.236718
    39 1.099667 -0.000004 -0.000001 -0.188224 0.009145 -1.119518
    40 0.807129 -0.358887 -1.316406 1.243203 0.551773 -0.740643
    41 1.789783 -0.000002 -0.000002 -0.000009 0.003711 0.228604
    42 1.191375 0.003915 -0.019532 -0.040280 -0.027482 0.281018
    43 3.772941 -5.489335 -0.527645 4.034818 -0.133223 -1.641906
  time 33
    0 -0.000003 -13.531250 -29.421875 1.570788 0.000007 -0.000007
    1 0.000000 3.345131 -2.981898 1.570789 0.086301 1.570789
    2 4.015625 0.000003 0.000000 0.000000 0.000000 -0.029241
    3 3.520294 0.000005 -0.000006 0.000000 0.000000 0.100332
    4 8.929688 0.000001 0.000000 0.000000 0.000000 0.194095
    5 2.035156 0.997070 1.937500 1.596487 -1.284993 2.943127
    6 6.028159 -0.000069 0.000009 -1.515823 -0.850485 -0.883023
    7 11.833195 0.031296 -0.050771 0.014679 0.198367 -1.775186
    8 11.481682 0.000088 -0.000031 1.230716 -0.562416 0.146375
    9 3.858219 -0.135628 -1.192206 -0.251095 0.104185 -0.118801
    10 1.312565 -0.000008 0.000000 -0.000002 0.054404 -0.409012
    11 0.729366 0.000002 -0.000002 -0.000001 0.040754 -0.240990
    12 3.941966 0.050853 -0.435186 -0.379709 -0.016674 -0.393832
    13 1.539091 0.000008 -0.000002 0.153287 0.085275 -0.278802
    14 1.196321 0.000000 -0.000002 0.180294 0.096657 -0.752368
    15 3.880859 -0.043121 0.427490 0.173079 -0.231527 -0.230358
    16 1.719578 0.000023 -0.000021 -0.117992 -0.078122 -0.544672
    17 1.209181 -0.000004 -0.000001 0.107099 -0.099114 -1.066322
    18 3.863281 -0.136475 1.332031 0.122642 -0.490092 0.180231
    19 1.719431 -0.000023 0.000019 -0.056734 -0.185409 -1.154591
    20 1.099676 0.000000 0.000006 -0.031266 0.008359 -0.587033
    21 0.807586 -0.343252 1.316677 -1.342788 -0.268033 -0.682746
    22 1.789787 0.000006 0.000006 0.075450 -0.418764 0.038983
    23 1.207012 0.000011 0.000000 0.025023 0.036159 0.099967
    24 2.035156 0.997070 -1.937500 -1.667267 1.282923 2.944210
    25 6.028144 -0.000011 0.000002 1.564095 0.793333 -0.843532
    26 11.548042 -0.015624 -0.050779 -0.009629 -0.074377 -1.800374
    27 11.481657 0.000043 0.000019 -1.183866 0.520519 0.156054
    28 3.854334 -0.131699 1.199994 0.887977 0.041686 -0.500120
    29 1.312567 0.000000 0.000000 -0.076006 -0.203868 -0.258727
    30 0.729362 0.000004 0.000003 -0.250341 -0.135455 -0.179419
    31 3.941406 0.050842 0.431152 0.216355 -0.007330 -0.093769
    32 1.539089 0.000008 0.000003 -0.605562 0.126574 -1.244849
    33 1.196316 0.000004 0.000005 0.000000 -0.000162 -0.332870
    34 3.880859 -0.047028 -0.427490 0.051056 0.262892 -0.068599
    35 1.719567 0.000023 0.000016 -0.461231 0.032293 -1.105404
    36 1.209175 0.000008 0.000005 0.175617 0.055179 -0.367832
    37 3.867399 -0.148186 -1.324350 -0.134961 0.400676 -0.397685
    38 1.719419 -0.000008 -0.000008 -0.082106 -0.002364 -0.236718
    39 1.099667 -0.000004 -0.000001 -0.188224 0.009145 -1.119518
    40 0.807129 -0.358887 -1.316406 1.243203 0.551773 -0.740643
    41 1.789783 -0.000002 -0.000002 -0.000009 0.003711 0.228604
    42 1.191375 0.003915 -0.019532 -0.041203 -0.026751 0.281654
    43 3.772941 -5.489335 -0.527645 4.034818 -0.133223 -1.641906
  time 34
    0 -0.000003 -13.531250 -29.421875 1.570788 0.000007 -0.000007
    1 0.000000 3.345131 -2.981898 1.570789 0.086301 1.570789
    2 4.015625 0.000003 0.000000 0.000000 0.000000 -0.029241
    3 3.520294 0.000005 -0.000006 0.000000 0.000000 0.100332
    4 8.929688 0.000001 0.000000 0.000000 0.000000 0.194095
    5 2.035156 0.997070 1.937500 1.596487 -1.284993 2.943127
    6 6.028159 -0.000069 0.000009 -1.515823 -0.850485 -0.883023
    7 11.841008 0.035203 -0.054678 0.013960 0.198101 -1.775134
    8 11.481682 0.000088 -0.000031 1.230716 -0.562416 0.146375
    9 3.858219 -0.135628 -1.192206 -0.251095 0.104185 -0.118801
    10 1.312565 -0.000008 0.000000 -0.000002 0.054404 -0.409012
    11 0.729366 0.000002 -0.000002 -0.000001 0.040754 -0.240990
    12 3.941966 0.050853 -0.435186 -0.379709 -0.016674 -0.393832
    13 1.539091 0.000008 -0.000002 0.153287 0.085275 -0.278802
    14 1.196321 0.000000 -0.000002 0.180294 0.096657 -0.752368
    15 3.880859 -0.043121 0.427490 0.173079 -0.231527 -0.230358
    16 1.719578 0.000023 -0.000021 -0.117992 -0.078122 -0.544672
    17 1.209181 -0.000004 -0.000001 0.107099 -0.099114 -1.066322
    18 3.863281 -0.136475 1.332031 0.122642 -0.490092 0.180231
    19 1.719431 -0.000023 0.000019 -0.056363 -0.185289 -1.156464
    20 1.099676 0.000000 0.000006 -0.031266 0.008359 -0.587033
    21 0.807586 -0.343252 1.320583 -1.342788 -0.268021 -0.682746
    22 1.789787 0.000006 0.000006 0.075450 -0.418764 0.038983
    23 1.207012 0.000011 0.000000 0.023057 0.037190 0.114181
    24 2.035156 0.997070 -1.937500 -1.667267 1.282923 2.944210
    25 6.028144 -0.000011 0.000002 1.564095 0.793333 -0.843532
    26 11.540229 -0.015624 -0.050779 -0.010072 -0.074732 -1.799838
    27 11.481657 0.000043 0.000019 -1.183866 0.520519 0.156054
    28 3.858240 -0.131699 1.199994 0.887977 0.041686 -0.500120
    29 1.312567 0.000000 0.000000 -0.076006 -0.203868 -0.258727
    30 0.729362 0.000004 0.000003 -0.250341 -0.135455 -0.179419
    31 3.941406 0.050842 0.431152 0.216355 -0.007330 -0.093769
    32 1.539089 0.000008 0.000003 -0.605562 0.126574 -1.244879
    33 1.196316 0.000004 0.000005 0.000000 -0.000162 -0.332870
    34 3.880859 -0.047028 -0.427490 0.051056 0.262892 -0.068599
    35 1.719567 0.000023 0.000016 -0.461231 0.032293 -1.105404
    36 1.209175 0.000008 0.000005 0.175617 0.055179 -0.367832
    37 3.867399 -0.148186 -1.324350 -0.134961 0.400676 -0.397685
    38 1.719419 -0.000008 -0.000008 -0.082106 -0.002364 -0.236718
    39 1.099667 -0.000004 -0.000001 -0.188224 0.009145 -1.119518
    40 0.807129 -0.358887 -1.316406 1.243203 0.551773 -0.740643
    41 1.789783 -0.000002 -0.000002 -0.000009 0.003711 0.228604
    42 1.187469 0.003915 -0.019532 -0.042126 -0.026020 0.282301
    43 3.772941 -5.489335 -0.527645 4.034818 -0.133223 -1.641906
  time 35
    0 -0.000003 -13.531250 -29.421875 1.570788 0.000007 -0.000007
    1 0.000000 3.345131 -2.981898 1.570789 0.086301 1.570789
    2 4.015625 0.000003 0.000000 0.000000 0.000000 -0.029241
    3 3.520294 0.000005 -0.000006 0.000000 0.000000 0.100332
    4 8.929688 0.000001 0.000000 0.000000 0.000000 0.194095
    5 2.035156 0.997070 1.937500 1.596487 -1.284993 2.943127
    6 6.028159 -0.000069 0.000009 -1.515823 -0.850485 -0.883023
    7 11.848821 0.035203 -0.058584 0.013241 0.197835 -1.775134
    8 11.481682 0.000088 -0.000031 1.230716 -0.562416 0.146375
    9 3.858219 -0.135628 -1.192206 -0.251095 0.104185 -0.118801
    10 1.312565 -0.000008 0.000000 -0.000002 0.054404 -0.409012
    11 0.729366 0.000002 -0.000002 -0.000001 0.040754 -0.240990
    12 3.941966 0.050853 -0.435186 -0.379709 -0.016674 -0.393832
    13 1.539091 0.000008 -0.000002 0.153287 0.085275 -0.278802
    14 1.196321 0.000000 -0.000002 0.180294 0.096657 -0.752368
    15 3.880859 -0.043121 0.427490 0.173079 -0.231527 -0.230358
    16 1.719578 0.000023 -0.000021 -0.117992 -0.078122 -0.544672
    17 1.209181 -0.000004 -0.000001 0.107099 -0.099114 -1.066322
    18 3.863281 -0.136475 1.332031 0.122642 -0.490092 0.180231
    19 1.719431 -0.000023 0.000019 -0.056003 -0.185169 -1.158336
    20 1.099676 0.000000 0.000006 -0.031266 0.008359 -0.587033
    21 0.807586 -0.343252 1.320583 -1.342788 -0.268033 -0.682746
    22 1.789787 0.000006 0.000006 0.075450 -0.418764 0.038983
    23 1.207012 0.000011 0.000000 0.021140 0.038245 0.130048
    24 2.035156 0.997070 -1.937500 -1.667267 1.282923 2.944210
    25 6.028144 -0.000011 0.000002 1.564095 0.793333 -0.843532
    26 11.532416 -0.015624 -0.054685 -0.010515 -0.075088 -1.799249
    27 11.481657 0.000043 0.000019 -1.183866 0.520519 0.156054
    28 3.854334 -0.131699 1.199994 0.887977 0.041686 -0.500120
    29 1.312567 0.000000 0.000000 -0.076006 -0.203868 -0.258727
    30 0.729362 0.000004 0.000003 -0.250341 -0.135455 -0.179419
    31 3.941406 0.050842 0.431152 0.216355 -0.007330 -0.093769
    32 1.539089 0.000008 0.000003 -0.605562 0.126574 -1.244879
    33 1.196316 0.000004 0.000005 0.000000 -0.000162 -0.332870
    34 3.880859 -0.047028 -0.427490 0.051056 0.262892 -0.068599
    35 1.719567 0.000023 0.000016 -0.461231 0.032293 -1.105404
    36 1.209175 0.000008 0.000005 0.175617 0.055179 -0.367832
    37 3.867399 -0.148186 -1.324350 -0.134961 0.400676 -0.397685
    38 1.719419 -0.000008 -0.000008 -0.082106 -0.002364 -0.236718
    39 1.099667 -0.000004 -0.000001 -0.188224 0.009145 -1.119518
    40 0.807129 -0.358887 -1.316406 1.243203 0.551773 -0.740643
    41 1.789783 -0.000002 -0.000002 -0.000009 0.003711 0.228604
    42 1.187469 0.003915 -0.023438 -0.043061 -0.025277 0.282960
    43 3.772941 -5.489335 -0.527645 4.034818 -0.133223 -1.641906
  time 36
    0 -0.000003 -13.531250 -29.421875 1.570788 0.000007 -0.000007
    1 0.000000 3.345131 -2.981898 1.570789 0.086301 1.570789
    2 4.015625 0.000003 0.000000 0.000000 0.000000 -0.029241
    3 3.520294 0.000005 -0.000006 0.000000 0.000000 0.100332
    4 8.929688 0.000001 0.000000 0.000000 0.000000 0.194095
    5 2.035156 0.997070 1.937500 1.596487 -1.284993 2.943127
    6 6.028159 -0.000069 0.000009 -1.515823 -0.850485 -0.883023
    7 11.856633 0.039109 -0.058584 0.012534 0.197569 -1.775134
    8 11.481682 0.000088 -0.000031 1.230716 -0.562416 0.146375
    9 3.854313 -0.135628 -1.192206 -0.251095 0.104185 -0.118801
    10 1.312565 -0.000008 0.000000 -0.000002 0.054404 -0.409012
    11 0.729366 0.000002 -0.000002 -0.000001 0.040754 -0.240990
    12 3.938059 0.050853 -0.435186 -0.379709 -0.016674 -0.393832
    13 1.539091 0.000008 -0.000002 0.153287 0.085275 -0.278802
    14 1.196321 0.000000 -0.000002 0.180294 0.096657 -0.752368
    15 3.880859 -0.043121 0.427490 0.173079 -0.231527 -0.230358
    16 1.719578 0.000023 -0.000021 -0.117992 -0.078122 -0.544672
    17 1.209181 -0.000004 -0.000001 0.107099 -0.099114 -1.066322
    18 3.863281 -0.136475 1.332031 0.122642 -0.490092 0.180231
    19 1.719431 -0.000023 0.000019 -0.055631 -0.185050 -1.160149
    20 1.099676 0.000000 0.000006 -0.031266 0.008359 -0.587033
    21 0.807586 -0.343252 1.316677 -1.342788 -0.268033 -0.682746
    22 1.789787 0.000006 0.000006 0.075450 -0.418764 0.038983
    23 1.207012 0.000011 0.000000 0.019282 0.039299 0.146971
    24 2.035156 0.997070 -1.937500 -1.667267 1.282923 2.944210
    25 6.028144 -0.000011 0.000002 1.564095 0.793333 -0.843532
    26 11.524603 -0.019531 -0.058592 -0.010947 -0.075431 -1.798713
    27 11.481657 0.000043 0.000019 -1.183866 0.520519 0.156054
    28 3.854334 -0.131699 1.199994 0.887977 0.041686 -0.500120
    29 1.312567 0.000000 0.000000 -0.076006 -0.203868 -0.258727
    30 0.729362 0.000004 0.000003 -0.250341 -0.135455 -0.179419
    31 3.941406 0.050842 0.431152 0.216355 -0.007330 -0.093769
    32 1.539089 0.000008 0.000003 -0.605562 0.126574 -1.244849
    33 1.196316 0.000004 0.000005 0.000000 -0.000162 -0.332870
    34 3.880859 -0.047028 -0.427490 0.051056 0.262892 -0.068599
    35 1.719567 0.000023 0.000016 -0.461231 0.032293 -1.105404
    36 1.209175 0.000008 0.000005 0.175617 0.055179 -0.367832
    37 3.867399 -0.148186 -1.324350 -0.134961 0.400676 -0.397685
    38 1.719419 -0.000008 -0.000008 -0.082106 -0.002364 -0.236718
    39 1.099667 -0.000004 -0.000001 -0.188224 0.009145 -1.119518
    40 0.807129 -0.358887 -1.316406 1.243203 0.551773 -0.740643
    41 1.789783 -0.000002 -0.000002 -0.000009 0.003711 0.228604
    42 1.187469 0.003915 -0.023438 -0.044007 -0.024534 0.283607
    43 3.772941 -5.489335 -0.527645 4.034818 -0.133223 -1.641906
  time 37
    0 -0.000003 -13.531250 -29.421875 1.570788 0.000007 -0.000007
    1 0.000000 3.345131 -2.981898 1.570789 0.086301 1.570789
    2 4.015625 0.000003 0.000000 0.000000 0.000000 -0.029241
    3 3.520294 0.000005 -0.000006 0.000000 0.000000 0.100332
    4 8.929688 0.000001 0.000000 0.000000 0.000000 0.194095
    5 2.035156 0.997070 1.937500 1.596487 -1.284993 2.943127
    6 6.028159 -0.000069 0.000009 -1.515823 -0.850485 -0.883023
    7 11.860540 0.039109 -0.062490 0.011839 0.197320 -1.775134
    8 11.481682 0.000088 -0.000031 1.230716 -0.562416 0.146375
    9 3.858219 -0.135628 -1.192206 -0.251095 0.104185 -0.118801
    10 1.312565 -0.000008 0.000000 -0.000002 0.054404 -0.409012
    11 0.729366 0.000002 -0.000002 -0.000001 0.040754 -0.240990
    12 3.941966 0.050853 -0.435186 -0.379709 -0.016674 -0.393832
    13 1.539091 0.000008 -0.000002 0.153287 0.085275 -0.278802
    14 1.196321 0.000000 -0.000002 0.180294 0.096657 -0.752368
    15 3.880859 -0.043121 0.427490 0.173079 -0.231527 -0.230358
    16 1.719578 0.000023 -0.000021 -0.117992 -0.078122 -0.544672
    17 1.209181 -0.000004 -0.000001 0.107099 -0.099114 -1.066322
    18 3.863281 -0.136475 1.332031 0.122642 -0.490092 0.180231
    19 1.719431 -0.000023 0.000019 -0.055272 -0.184930 -1.161962
    20 1.099676 0.000000 0.000006 -0.031266 0.008359 -0.587033
    21 0.807586 -0.343252 1.320583 -1.342788 -0.268021 -0.682746
    22 1.789787 0.000006 0.000006 0.075450 -0.418764 0.038983
    23 1.207012 0.000011 0.000000 0.017556 0.040318 0.164253
    24 2.035156 0.997070 -1.937500 -1.667267 1.282923 2.944210
    25 6.028144 -0.000011 0.000002 1.564095 0.793333 -0.843532
    26 11.520697 -0.019531 -0.058592 -0.011378 -0.075774 -1.798177
    27 11.481657 0.000043 0.000019 -1.183866 0.520519 0.156054
    28 3.854334 -0.131699 1.199994 0.887977 0.041686 -0.500120
    29 1.312567 0.000000 0.000000 -0.076006 -0.203868 -0.258727
    30 0.729362 0.000004 0.000003 -0.250341 -0.135455 -0.179419
    31 3.941406 0.050842 0.431152 0.216355 -0.007330 -0.093769
    32 1.539089 0.000008 0.000003 -0.605562 0.126574 -1.244849
    33 1.196316 0.000004 0.000005 0.000000 -0.000162 -0.332870
    34 3.880859 -0.047028 -0.427490 0.051056 0.262892 -0.068599
    35 1.719567 0.000023 0.000016 -0.461231 0.032293 -1.105404
    36 1.209175 0.000008 0.000005 0.175617 0.055179 -0.367832
    37 3.867399 -0.148186 -1.324350 -0.134961 0.400676 -0.397685
    38 1.719419 -0.000008 -0.000008 -0.082106 -0.002364 -0.236718
    39 1.099667 -0.000004 -0.000001 -0.188224 0.009145 -1.119518
    40 0.807129 -0.358887 -1.316406 1.243203 0.551773 -0.740643
    41 1.789783 -0.000002 -0.000002 -0.000009 0.003711 0.228604
    42 1.187469 0.007822 -0.023438 -0.044942 -0.023779 0.284266
    43 3.772941 -5.489335 -0.527645 4.034818 -0.133223 -1.641906
  time 38
    0 -0.000003 -13.531250 -29.421875 1.570788 0.000007 -0.000007
    1 0.000000 3.345131 -2.981898 1.570789 0.086301 1.570789
    2 4.015625 0.000003 0.000000 0.000000 0.000000 -0.029241
    3 3.520294 0.000005 -0.000006 0.000000 0.000000 0.100332
    4 8.929688 0.000001 0.000000 0.000000 0.000000 0.194095
    5 2.035156 0.997070 1.937500 1.596487 -1.284993 2.943127
    6 6.028159 -0.000069 0.000009 -1.515823 -0.850485 -0.883023
    7 11.868353 0.039109 -0.066397 0.011156 0.197054 -1.775082
    8 11.481682 0.000088 -0.000031 1.230716 -0.562416 0.146375
    9 3.854313 -0.135628 -1.192206 -0.251095 0.104185 -0.118801
    10 1.312565 -0.000008 0.000000 -0.000002 0.054404 -0.409012
    11 0.729366 0.000002 -0.000002 -0.000001 0.040754 -0.240990
    12 3.941966 0.050853 -0.435186 -0.379709 -0.016674 -0.393832
    13 1.539091 0.000008 -0.000002 0.153287 0.085275 -0.278802
    14 1.196321 0.000000 -0.000002 0.180294 0.096657 -0.752368
    15 3.880859 -0.043121 0.427490 0.173079 -0.231527 -0.230358
    16 1.719578 0.000023 -0.000021 -0.117992 -0.078122 -0.544672
    17 1.209181 -0.000004 -0.000001 0.107099 -0.099114 -1.066322
    18 3.863281 -0.136475 1.332031 0.122642 -0.490092 0.180231
    19 1.719431 -0.000023 0.000019 -0.054912 -0.184810 -1.163745
    20 1.099676 0.000000 0.000006 -0.031266 0.008359 -0.587033
    21 0.807586 -0.343252 1.320583 -1.342788 -0.268033 -0.682746
    22 1.789787 0.000006 0.000006 0.075450 -0.418764 0.038983
    23 1.207012 0.000011 0.000000 0.015986 0.041277 0.181187
    24 2.035156 0.997070 -1.937500 -1.667267 1.282923 2.944210
    25 6.028144 -0.000011 0.000002 1.564095 0.793333 -0.843532
    26 11.512884 -0.019531 -0.062498 -0.011798 -0.076118 -1.797641
    27 11.481657 0.000043 0.000019 -1.183866 0.520519 0.156054
    28 3.854334 -0.131699 1.199994 0.887977 0.041686 -0.500120
    29 1.312567 0.000000 0.000000 -0.076006 -0.203868 -0.258727
    30 0.729362 0.000004 0.000003 -0.250341 -0.135455 -0.179419
    31 3.941406 0.050842 0.431152 0.216355 -0.007330 -0.093769
    32 1.539089 0.000008 0.000003 -0.605562 0.126574 -1.244849
    33 1.196316 0.000004 0.000005 0.000000 -0.000162 -0.332870
    34 3.880859 -0.047028 -0.427490 0.051056 0.262892 -0.068599
    35 1.719567 0.000023 0.000016 -0.461231 0.032293 -1.105404
    36 1.209175 0.000008 0.000005 0.175617 0.055179 -0.367832
    37 3.867399 -0.148186 -1.324350 -0.134961 0.400676 -0.397685
    38 1.719419 -0.000008 -0.000008 -0.082106 -0.002364 -0.236718
    39 1.099667 -0.000004 -0.000001 -0.188224 0.009145 -1.119518
    40 0.807129 -0.358887 -1.316406 1.243203 0.551773 -0.740643
    41 1.789783 -0.000002 -0.000002 -0.000009 0.003711 0.228604
    42 1.187469 0.007822 -0.023438 -0.045889 -0.023024 0.284937
    43 3.772941 -5.489335 -0.527645 4.034818 -0.133223 -1.641906
  time 39
    0 -0.000003 -13.531250 -29.421875 1.570788 0.000007 -0.000007
    1 0.000000 3.345131 -2.981898 1.570789 0.086301 1.570789
    2 4.015625 0.000003 0.000000 0.000000 0.000000 -0.029241
    3 3.520294 0.000005 -0.000006 0.000000 0.000000 0.100332
    4 8.929688 0.000001 0.000000 0.000000 0.000000 0.194095
    5 2.035156 0.997070 1.937500 1.596487 -1.284993 2.943127
    6 6.028159 -0.000069 0.000009 -1.515823 -0.850485 -0.883023
    7 11.876165 0.043016 -0.066397 0.010485 0.196804 -1.775082
    8 11.481682 0.000088 -0.000031 1.230716 -0.562416 0.146375
    9 3.854313 -0.135628 -1.192206 -0.251095 0.104185 -0.118801
    10 1.312565 -0.000008 0.000000 -0.000002 0.054404 -0.409012
    11 0.729366 0.000002 -0.000002 -0.000001 0.040754 -0.240990
    12 3.938059 0.050853 -0.435186 -0.379709 -0.016674 -0.393832
    13 1.539091 0.000008 -0.000002 0.153287 0.085275 -0.278802
    14 1.196321 0.000000 -0.000002 0.180294 0.096657 -0.752368
    15 3.880859 -0.043121 0.427490 0.173079 -0.231527 -0.230358
    16 1.719578 0.000023 -0.000021 -0.117992 -0.078122 -0.544672
    17 1.209181 -0.000004 -0.000001 0.107099 -0.099114 -1.066322
    18 3.863281 -0.136475 1.332031 0.122642 -0.490092 0.180231
    19 1.719431 -0.000023 0.000019 -0.054577 -0.184690 -1.165498
    20 1.099676 0.000000 0.000006 -0.031266 0.008359 -0.587033
    21 0.807586 -0.343252 1.320583 -1.342788 -0.268033 -0.682746
    22 1.789787 0.000006 0.000006 0.075450 -0.418764 0.038983
    23 1.207012 0.000011 0.000000 0.014596 0.042152 0.197054
    24 2.035156 0.997070 -1.937500 -1.667267 1.282923 2.944210
    25 6.028144 -0.000011 0.000002 1.564095 0.793333 -0.843532
    26 11.505072 -0.019531 -0.066404 -0.012205 -0.076448 -1.797159
    27 11.481657 0.000043 0.000019 -1.183866 0.520519 0.156054
    28 3.854334 -0.131699 1.199994 0.887977 0.041686 -0.500120
    29 1.312567 0.000000 0.000000 -0.076006 -0.203868 -0.258727
    30 0.729362 0.000004 0.000003 -0.250341 -0.135455 -0.179419
    31 3.941406 0.050842 0.431152 0.216355 -0.007330 -0.093769
    32 1.539089 0.000008 0.000003 -0.605562 0.126574 -1.244879
    33 1.196316 0.000004 0.000005 0.000000 -0.000162 -0.332870
    34 3.880859 -0.047028 -0.427490 0.051056 0.262892 -0.068599
    35 1.719567 0.000023 0.000016 -0.461231 0.032293 -1.105404
    36 1.209175 0.000008 0.000005 0.175617 0.055179 -0.367832
    37 3.867399 -0.148186 -1.324350 -0.134961 0.400676 -0.397685
    38 1.719419 -0.000008 -0.000008 -0.082106 -0.002364 -0.236718
    39 1.099667 -0.000004 -0.000001 -0.188224 0.009145 -1.119518
    40 0.807129 -0.358887 -1.316406 1.243203 0.551773 -0.740643
    41 1.789783 -0.000002 -0.000002 -0.000009 0.003711 0.228604
    42 1.183563 0.007822 -0.027345 -0.046824 -0.022269 0.285596
    43 3.772941 -5.489335 -0.527645 4.034818 -0.133223 -1.641906
  time 40
    0 -0.000003 -13.531250 -29.421875 1.570788 0.000007 -0.000007
    1 0.000000 3.345131 -2.981898 1.570789 0.086301 1.570789
    2 4.015625 0.000003 0.000000 0.000000 0.000000 -0.029241
    3 3.520294 0.000005 -0.000006 0.000000 0.000000 0.100332
    4 8.929688 0.000001 0.000000 0.000000 0.000000 0.194095
    5 2.035156 0.997070 1.937500 1.596487 -1.284993 2.943127
    6 6.028159 -0.000069 0.000009 -1.515823 -0.850485 -0.883023
    7 11.880072 0.043016 -0.070303 0.009825 0.196555 -1.775082
    8 11.481682 0.000088 -0.000031 1.230716 -0.562416 0.146375
    9 3.854313 -0.135628 -1.192206 -0.251095 0.104185 -0.118801
    10 1.312565 -0.000008 0.000000 -0.000002 0.054404 -0.409012
    11 0.729366 0.000002 -0.000002 -0.000001 0.040754 -0.240990
    12 3.938059 0.050853 -0.435186 -0.379709 -0.016674 -0.393832
    13 1.539091 0.000008 -0.000002 0.153287 0.085275 -0.278802
    14 1.196321 0.000000 -0.000002 0.180294 0.096657 -0.752368
    15 3.880859 -0.043121 0.427490 0.173079 -0.231527 -0.230358
    16 1.719578 0.000023 -0.000021 -0.117992 -0.078122 -0.544672
    17 1.209181 -0.000004 -0.000001 0.107099 -0.099114 -1.066322
    18 3.863281 -0.136475 1.332031 0.122642 -0.490092 0.180231
    19 1.719431 -0.000023 0.000019 -0.054229 -0.184570 -1.167192
    20 1.099676 0.000000 0.000006 -0.031266 0.008359 -0.587033
    21 0.807586 -0.343252 1.320583 -1.342788 -0.268033 -0.682746
    22 1.789787 0.000006 0.000006 0.075450 -0.418764 0.038983
    23 1.207012 0.000011 0.000000 0.013422 0.042907 0.211256
    24 2.035156 0.997070 -1.937500 -1.667267 1.282923 2.944210
    25 6.028144 -0.000011 0.000002 1.564095 0.793333 -0.843532
    26 11.501165 -0.023437 -0.066404 -0.012613 -0.076778 -1.796623
    27 11.481657 0.000043 0.000019 -1.183866 0.520519 0.156054
    28 3.854334 -0.131699 1.199994 0.887977 0.041686 -0.500120
    29 1.312567 0.000000 0.000000 -0.076006 -0.203868 -0.258727
    30 0.729362 0.000004 0.000003 -0.250341 -0.135455 -0.179419
    31 3.941406 0.050842 0.431152 0.216355 -0.007330 -0.093769
    32 1.539089 0.000008 0.000003 -0.605562 0.126574 -1.244849
    33 1.196316 0.000004 0.000005 0.000000 -0.000162 -0.332870
    34 3.880859 -0.047028 -0.427490 0.051056 0.262892 -0.068599
    35 1.719567 0.000023 0.000016 -0.461231 0.032293 -1.105404
    36 1.209175 0.000008 0.000005 0.175617 0.055179 -0.367832
    37 3.867399 -0.148186 -1.324350 -0.134961 0.400676 -0.397685
    38 1.719419 -0.000008 -0.000008 -0.082106 -0.002364 -0.236718
    39 1.099667 -0.000004 -0.000001 -0.188224 0.009145 -1.119518
    40 0.807129 -0.358887 -1.316406 1.243203 0.551773 -0.740643
    41 1.789783 -0.000002 -0.000002 -0.000009 0.003711 0.228604
    42 1.183563 0.007822 -0.027345 -0.047759 -0.021514 0.286244
    43 3.772941 -5.489335 -0.527645 4.034818 -0.133223 -1.641906
  time 41
    0 -0.000003 -13.531250 -29.421875 1.570788 0.000007 -0.000007
    1 0.000000 3.345131 -2.981898 1.570789 0.086301 1.570789
    2 4.015625 0.000003 0.000000 0.000000 0.000000 -0.029241
    3 3.520294 0.000005 -0.000006 0.000000 0.000000 0.100332
    4 8.929688 0.000001 0.000000 0.000000 0.000000 0.194095
    5 2.035156 0.997070 1.937500 1.596487 -1.284993 2.943127
    6 6.028159 -0.000069 0.000009 -1.515823 -0.850485 -0.883023
    7 11.887884 0.046922 -0.070303 0.009190 0.196322 -1.775082
    8 11.481682 0.000088 -0.000031 1.230716 -0.562416 0.146375
    9 3.854313 -0.135628 -1.192206 -0.251095 0.104185 -0.118801
    10 1.312565 -0.000008 0.000000 -0.000002 0.054404 -0.409012
    11 0.729366 0.000002 -0.000002 -0.000001 0.040754 -0.240990
    12 3.938059 0.050853 -0.435186 -0.379709 -0.016674 -0.393832
    13 1.539091 0.000008 -0.000002 0.153287 0.085275 -0.278802
    14 1.196321 0.000000 -0.000002 0.180294 0.096657 -0.752368
    15 3.880859 -0.043121 0.427490 0.173079 -0.231527 -0.230358
    16 1.719578 0.000023 -0.000021 -0.117992 -0.078122 -0.544672
    17 1.209181 -0.000004 -0.000001 0.107099 -0.099114 -1.066322
    18 3.863281 -0.136475 1.332031 0.122642 -0.490092 0.180231
    19 1.719431 -0.000023 0.000019 -0.053906 -0.184462 -1.168827
    20 1.099676 0.000000 0.000006 -0.031266 0.008359 -0.587033
    21 0.807586 -0.343252 1.320583 -1.342788 -0.268033 -0.682746
    22 1.789787 0.000006 0.000006 0.075450 -0.418764 0.038983
    23 1.207012 0.000011 0.000000 0.012463 0.043542 0.223325
    24 2.035156 0.997070 -1.937500 -1.667267 1.282923 2.944210
    25 6.028144 -0.000011 0.000002 1.564095 0.793333 -0.843532
    26 11.493353 -0.023437 -0.070311 -0.013008 -0.077096 -1.796141
    27 11.481657 0.000043 0.000019 -1.183866 0.520519 0.156054
    28 3.854334 -0.131699 1.199994 0.887977 0.041686 -0.500120
    29 1.312567 0.000000 0.000000 -0.076006 -0.203868 -0.258727
    30 0.729362 0.000004 0.000003 -0.250341 -0.135455 -0.179419
    31 3.941406 0.050842 0.431152 0.216355 -0.007330 -0.093769
    32 1.539089 0.000008 0.000003 -0.605562 0.126574 -1.244849
    33 1.196316 0.000004 0.000005 0.000000 -0.000162 -0.332870
    34 3.880859 -0.047028 -0.427490 0.051056 0.262892 -0.068599
    35 1.719567 0.000023 0.000016 -0.461231 0.032293 -1.105404
    36 1.209175 0.000008 0.000005 0.175617 0.055179 -0.367832
    37 3.863493 -0.148186 -1.324350 -0.134961 0.400676 -0.397685
    38 1.719419 -0.000008 -0.000008 -0.082106 -0.002364 -0.236718
    39 1.099667 -0.000004 -0.000001 -0.188224 0.009145 -1.119518
    40 0.807129 -0.358887 -1.316406 1.243203 0.551773 -0.740643
    41 1.789783 -0.000002 -0.000002 -0.000009 0.003711 0.228604
    42 1.183563 0.007822 -0.027345 -0.048681 -0.020759 0.286903
    43 3.772941 -5.489335 -0.527645 4.034818 -0.133223 -1.641906
  time 42
    0 -0.000003 -13.531250 -29.421875 1.570788 0.000007 -0.000007
    1 0.000000 3.345131 -2.981898 1.570789 0.086301 1.570789
    2 4.015625 0.000003 0.000000 0.000000 0.000000 -0.029241
    3 3.520294 0.000005 -0.000006 0.000000 0.000000 0.100332
    4 8.929688 0.000001 0.000000 0.000000 0.000000 0.194095
    5 2.035156 0.997070 1.937500 1.596487 -1.284993 2.943127
    6 6.028159 -0.000069 0.000009 -1.515823 -0.850485 -0.883023
    7 11.891791 0.046922 -0.074210 0.008567 0.196090 -1.775029
    8 11.481682 0.000088 -0.000031 1.230716 -0.562416 0.146375
    9 3.858219 -0.135628 -1.192206 -0.251095 0.104185 -0.118801
    10 1.312565 -0.000008 0.000000 -0.000002 0.054404 -0.409012
    11 0.729366 0.000002 -0.000002 -0.000001 0.040754 -0.240990
    12 3.938059 0.050853 -0.435186 -0.379709 -0.016674 -0.393832
    13 1.539091 0.000008 -0.000002 0.153287 0.085275 -0.278802
    14 1.196321 0.000000 -0.000002 0.180294 0.096657 -0.752368
    15 3.880859 -0.043121 0.427490 0.173079 -0.231527 -0.230358
    16 1.719578 0.000023 -0.000021 -0.117992 -0.078122 -0.544672
    17 1.209181 -0.000004 -0.000001 0.107099 -0.099114 -1.066322
    18 3.863281 -0.136475 1.332031 0.122642 -0.490092 0.180231
    19 1.719431 -0.000023 0.000019 -0.053582 -0.184355 -1.170432
    20 1.099676 0.000000 0.000006 -0.031266 0.008359 -0.587033
    21 0.807586 -0.343252 1.320583 -1.342788 -0.268033 -0.682746
    22 1.789787 0.000006 0.000006 0.075450 -0.418764 0.038983
    23 1.207012 0.000011 0.000000 0.011732 0.044033 0.232912
    24 2.035156 0.997070 -1.937500 -1.667267 1.282923 2.944210
    25 6.028144 -0.000011 0.000002 1.564095 0.793333 -0.843532
    26 11.485540 -0.023437 -0.070311 -0.013392 -0.077401 -1.795659
    27 11.481657 0.000043 0.000019 -1.183866 0.520519 0.156054
    28 3.854334 -0.131699 1.199994 0.887977 0.041686 -0.500120
    29 1.312567 0.000000 0.000000 -0.076006 -0.203868 -0.258727
    30 0.729362 0.000004 0.000003 -0.250341 -0.135455 -0.179419
    31 3.941406 0.050842 0.431152 0.216355 -0.007330 -0.093769
    32 1.539089 0.000008 0.000003 -0.605562 0.126574 -1.244849
    33 1.196316 0.000004 0.000005 0.000000 -0.000162 -0.332870
    34 3.880859 -0.047028 -0.427490 0.051056 0.262892 -0.068599
    35 1.719567 0.000023 0.000016 -0.461231 0.032293 -1.105404
    36 1.209175 0.000008 0.000005 0.175617 0.055179 -0.367832
    37 3.867399 -0.148186 -1.324350 -0.134961 0.400676 -0.397685
    38 1.719419 -0.000008 -0.000008 -0.082106 -0.002364 -0.236718
    39 1.099667 -0.000004 -0.000001 -0.188224 0.009145 -1.119518
    40 0.807129 -0.358887 -1.316406 1.243203 0.551773 -0.740643
    41 1.789783 -0.000002 -0.000002 -0.000009 0.003711 0.228604
    42 1.183563 0.007822 -0.027345 -0.049604 -0.020016 0.287550
    43 3.772941 -5.489335 -0.527645 4.034818 -0.133223 -1.641906
  time 43
    0 -0.000003 -13.531250 -29.421875 1.570788 0.000007 -0.000007
    1 0.000000 3.345131 -2.981898 1.570789 0.086301 1.570789
    2 4.015625 0.000003 0.000000 0.000000 0.000000 -0.029241
    3 3.520294 0.000005 -0.000006 0.000000 0.000000 0.100332
    4 8.929688 0.000001 0.000000 0.000000 0.000000 0.194095
    5 2.035156 0.997070 1.937500 1.596487 -1.284993 2.943127
    6 6.028159 -0.000069 0.000009 -1.515823 -0.850485 -0.883023
    7 11.899603 0.046922 -0.074210 0.007980 0.195873 -1.775029
    8 11.481682 0.000088 -0.000031 1.230716 -0.562416 0.146375
    9 3.858219 -0.135628 -1.192206 -0.251095 0.104185 -0.118801
    10 1.312565 -0.000008 0.000000 -0.000002 0.054404 -0.409012
    11 0.729366 0.000002 -0.000002 -0.000001 0.040754 -0.240990
    12 3.938059 0.050853 -0.435186 -0.379709 -0.016674 -0.393832
    13 1.539091 0.000008 -0.000002 0.153287 0.085275 -0.278802
    14 1.196321 0.000000 -0.000002 0.180294 0.096657 -0.752368
    15 3.880859 -0.043121 0.427490 0.173079 -0.231527 -0.230358
    16 1.719578 0.000023 -0.000021 -0.117992 -0.078122 -0.544672
    17 1.209181 -0.000004 -0.000001 0.107099 -0.099114 -1.066322
    18 3.863281 -0.136475 1.332031 0.122642 -0.490092 0.180231
    19 1.719431 -0.000023 0.000019 -0.053283 -0.184259 -1.172007
    20 1.099676 0.000000 0.000006 -0.031266 0.008359 -0.587033
    21 0.807586 -0.343252 1.320583 -1.342788 -0.268033 -0.682746
    22 1.789787 0.000006 0.000006 0.075450 -0.418764 0.038983
    23 1.207012 0.000011 0.000000 0.011217 0.044381 0.239827
    24 2.035156 0.997070 -1.937500 -1.667267 1.282923 2.944210
    25 6.028144 -0.000011 0.000002 1.564095 0.793333 -0.843532
    26 11.481633 -0.023437 -0.074217 -0.013751 -0.077693 -1.795177
    27 11.481657 0.000043 0.000019 -1.183866 0.520533 0.156054
    28 3.858240 -0.131699 1.199994 0.887977 0.041686 -0.500120
    29 1.312567 0.000000 0.000000 -0.076006 -0.203868 -0.258727
    30 0.729362 0.000004 0.000003 -0.250341 -0.135455 -0.179419
    31 3.941406 0.050842 0.431152 0.216355 -0.007330 -0.093769
    32 1.539089 0.000008 0.000003 -0.605562 0.126574 -1.244849
    33 1.196316 0.000004 0.000005 0.000000 -0.000162 -0.332870
    34 3.880859 -0.047028 -0.427490 0.051056 0.262892 -0.068599
    35 1.719567 0.000023 0.000016 -0.461231 0.032293 -1.105404
    36 1.209175 0.000008 0.000005 0.175617 0.055179 -0.367832
    37 3.867399 -0.148186 -1.324350 -0.134961 0.400676 -0.397685
    38 1.719419 -0.000008 -0.000008 -0.082106 -0.002364 -0.236718
    39 1.099667 -0.000004 -0.000001 -0.188224 0.009145 -1.119518
    40 0.807129 -0.358887 -1.316406 1.243203 0.551773 -0.740643
    41 1.789783 -0.000002 -0.000002 -0.000009 0.003711 0.228604
    42 1.183563 0.007822 -0.031251 -0.050515 -0.019261 0.288197
    43 3.772941 -5.489335 -0.527645 4.034818 -0.133223 -1.641906
  time 44
    0 -0.000003 -13.531250 -29.421875 1.570788 0.000007 -0.000007
    1 0.000000 3.345131 -2.981898 1.570789 0.086301 1.570789
    2 4.015625 0.000003 0.000000 0.000000 0.000000 -0.029241
    3 3.520294 0.000005 -0.000006 0.000000 0.000000 0.100332
    4 8.929688 0.000001 0.000000 0.000000 0.000000 0.194095
    5 2.035156 0.997070 1.937500 1.596487 -1.284993 2.943127
    6 6.028159 -0.000069 0.000009 -1.515823 -0.850485 -0.883023
    7 11.903510 0.050828 -0.078116 0.007404 0.195657 -1.775029
    8 11.481682 0.000088 -0.000031 1.230716 -0.562416 0.146375
    9 3.858219 -0.135628 -1.192206 -0.251095 0.104185 -0.118801
    10 1.312565 -0.000008 0.000000 -0.000002 0.054404 -0.409012
    11 0.729366 0.000002 -0.000002 -0.000001 0.040754 -0.240990
    12 3.941966 0.050853 -0.435186 -0.379709 -0.016674 -0.393832
    13 1.539091 0.000008 -0.000002 0.153287 0.085275 -0.278802
    14 1.196321 0.000000 -0.000002 0.180294 0.096657 -0.752368
    15 3.880859 -0.043121 0.427490 0.173079 -0.231527 -0.230358
    16 1.719578 0.000023 -0.000021 -0.117992 -0.078122 -0.544672
    17 1.209181 -0.000004 -0.000001 0.107099 -0.099114 -1.066322
    18 3.863281 -0.136475 1.332031 0.122642 -0.490092 0.180231
    19 1.719431 -0.000023 0.000019 -0.052983 -0.184151 -1.173493
    20 1.099676 0.000000 0.000006 -0.031266 0.008359 -0.587033
    21 0.807586 -0.343252 1.320583 -1.342788 -0.268033 -0.682746
    22 1.789787 0.000006 0.000006 0.075450 -0.418764 0.038983
    23 1.207012 0.000011 0.000000 0.010917 0.044584 0.243974
    24 2.035156 0.997070 -1.937500 -1.667267 1.282923 2.944210
    25 6.028144 -0.000011 0.000002 1.564095 0.793333 -0.843532
    26 11.473821 -0.023437 -0.074217 -0.014111 -0.077973 -1.794748
    27 11.481657 0.000043 0.000019 -1.183866 0.520519 0.156054
    28 3.854334 -0.131699 1.199994 0.887977 0.041686 -0.500120
    29 1.312567 0.000000 0.000000 -0.076006 -0.203868 -0.258727
    30 0.729362 0.000004 0.000003 -0.250341 -0.135455 -0.179419
    31 3.941406 0.050842 0.431152 0.216355 -0.007330 -0.093769
    32 1.539089 0.000008 0.000003 -0.605562 0.126574 -1.244879
    33 1.196316 0.000004 0.000005 0.000000 -0.000162 -0.332870
    34 3.880859 -0.047028 -0.427490 0.051056 0.262892 -0.068599
    35 1.719567 0.000023 0.000016 -0.461231 0.032293 -1.105426
    36 1.209175 0.000008 0.000005 0.175617 0.055179 -0.367832
    37 3.863493 -0.148186 -1.324350 -0.134961 0.400676 -0.397685
    38 1.719419 -0.000008 -0.000008 -0.082106 -0.002364 -0.236718
    39 1.099667 -0.000004 -0.000001 -0.188224 0.009145 -1.119518
    40 0.807129 -0.358887 -1.316406 1.243203 0.551773 -0.740643
    41 1.789783 -0.000002 -0.000002 -0.000009 0.003711 0.228604
    42 1.179656 0.007822 -0.031251 -0.051414 -0.018518 0.288832
    43 3.772941 -5.489335 -0.527645 4.034894 -0.133223 -1.641906
  time 45
    0 -0.000003 -13.531250 -29.421875 1.570788 0.000007 -0.000007
    1 0.000000 3.345131 -2.981898 1.570789 0.086301 1.570789
    2 4.015625 0.000003 0.000000 0.000000 0.000000 -0.029241
    3 3.520294 0.000005 -0.000006 0.000000 0.000000 0.100332
    4 8.929688 0.000001 0.000000 0.000000 0.000000 0.194095
    5 2.035156 0.997070 1.937500 1.596487 -1.284993 2.943127
    6 6.028159 -0.000069 0.000009 -1.515823 -0.850485 -0.883023
    7 11.911323 0.050828 -0.078116 0.006841 0.195441 -1.775029
    8 11.481682 0.000088 -0.000031 1.230716 -0.562416 0.146375
    9 3.854313 -0.139534 -1.192206 -0.251095 0.104185 -0.118801
    10 1.312565 -0.000008 0.000000 -0.000002 0.054404 -0.409012
    11 0.729366 0.000002 -0.000002 -0.000001 0.040754 -0.240990
    12 3.938059 0.050853 -0.435186 -0.379709 -0.016674 -0.393832
    13 1.539091 0.000008 -0.000002 0.153287 0.085275 -0.278802
    14 1.196321 0.000000 -0.000002 0.180294 0.096657 -0.752368
    15 3.880859 -0.043121 0.427490 0.173079 -0.231527 -0.230358
    16 1.719578 0.000023 -0.000021 -0.117992 -0.078122 -0.544672
    17 1.209181 -0.000004 -0.000001 0.107099 -0.099114 -1.066322
    18 3.863281 -0.136475 1.332031 0.122642 -0.490092 0.180231
    19 1.719431 -0.000023 0.000019 -0.052707 -0.184055 -1.174920
    20 1.099676 0.000000 0.000006 -0.031266 0.008359 -0.587033
    21 0.807586 -0.343252 1.320583 -1.342788 -0.268033 -0.682746
    22 1.789787 0.000006 0.000006 0.075450 -0.418764 0.038983
    23 1.207012 0.000011 0.000000 0.010821 0.044644 0.245340
    24 2.035156 0.997070 -1.937500 -1.667267 1.282923 2.944210
    25 6.028144 -0.000011 0.000002 1.564095 0.793333 -0.843532
    26 11.469914 -0.023437 -0.078124 -0.014446 -0.078252 -1.794320
    27 11.481657 0.000043 0.000019 -1.183866 0.520519 0.156054
    28 3.858240 -0.131699 1.199994 0.887977 0.041686 -0.500120
    29 1.312567 0.000000 0.000000 -0.076006 -0.203868 -0.258727
    30 0.729362 0.000004 0.000003 -0.250341 -0.135455 -0.179419
    31 3.941406 0.050842 0.431152 0.216355 -0.007330 -0.093769
    32 1.539089 0.000008 0.000003 -0.605562 0.126574 -1.244849
    33 1.196316 0.000004 0.000005 0.000000 -0.000162 -0.332870
    34 3.880859 -0.047028 -0.427490 0.051056 0.262892 -0.068599
    35 1.719567 0.000023 0.000016 -0.461231 0.032293 -1.105404
    36 1.209175 0.000008 0.000005 0.175617 0.055179 -0.367832
    37 3.867399 -0.148186 -1.324350 -0.134961 0.400676 -0.397685
    38 1.719419 -0.000008 -0.000008 -0.082106 -0.002364 -0.236718
    39 1.099667 -0.000004 -0.000001 -0.188224 0.009145 -1.119518
    40 0.807129 -0.358887 -1.316406 1.243203 0.551773 -0.740643
    41 1.789783 -0.000002 -0.000002 -0.000009 0.003711 0.228604
    42 1.179656 0.007822 -0.031251 -0.052301 -0.017787 0.289468
    43 3.772941 -5.489335 -0.527645 4.034818 -0.133223 -1.641906
  time 46
    0 -0.000003 -13.531250 -29.421875 1.570788 0.000007 -0.000007
    1 0.000000 3.345131 -2.981898 1.570789 0.086301 1.570789
    2 4.015625 0.000003 0.000000 0.000000 0.000000 -0.029241
    3 3.520294 0.000005 -0.000006 0.000000 0.000000 0.100332
    4 8.929688 0.000001 0.000000 0.000000 0.000000 0.194095
    5 2.035156 0.997070 1.937500 1.596487 -1.284993 2.943127
    6 6.028159 -0.000069 0.000009 -1.515823 -0.850485 -0.883023
    7 11.915229 0.050828 -0.082022 0.006326 0.195258 -1.774977
    8 11.481682 0.000088 -0.000031 1.230716 -0.562416 0.146375
    9 3.858219 -0.135628 -1.192206 -0.251095 0.104185 -0.118801
    10 1.312565 -0.000008 0.000000 -0.000002 0.054404 -0.409012
    11 0.729366 0.000002 -0.000002 -0.000001 0.040754 -0.240990
    12 3.941966 0.050853 -0.435186 -0.379709 -0.016674 -0.393832
    13 1.539091 0.000008 -0.000002 0.153287 0.085275 -0.278802
    14 1.196321 0.000000 -0.000002 0.180294 0.096657 -0.752368
    15 3.880859 -0.043121 0.427490 0.173079 -0.231527 -0.230358
    16 1.719578 0.000023 -0.000021 -0.117992 -0.078122 -0.544672
    17 1.209181 -0.000004 -0.000001 0.107099 -0.099114 -1.066322
    18 3.863281 -0.136475 1.332031 0.122642 -0.490092 0.180231
    19 1.719431 -0.000023 0.000019 -0.052432 -0.183959 -1.176287
    20 1.099676 0.000000 0.000006 -0.031266 0.008359 -0.587033
    21 0.807586 -0.343252 1.320583 -1.342788 -0.268021 -0.682746
    22 1.789787 0.000006 0.000006 0.075450 -0.418764 0.038983
    23 1.207012 0.000011 0.000000 0.010857 0.044644 0.245280
    24 2.035156 0.997070 -1.937500 -1.667267 1.282923 2.944210
    25 6.028144 -0.000011 0.000002 1.564095 0.793333 -0.843532
    26 11.466008 -0.027343 -0.078124 -0.014770 -0.078507 -1.793945
    27 11.481657 0.000043 0.000019 -1.183866 0.520519 0.156054
    28 3.854334 -0.131699 1.199994 0.887977 0.041686 -0.500120
    29 1.312567 0.000000 0.000000 -0.076006 -0.203868 -0.258727
    30 0.729362 0.000004 0.000003 -0.250341 -0.135455 -0.179419
    31 3.941406 0.050842 0.431152 0.216355 -0.007330 -0.093769
    32 1.539089 0.000008 0.000003 -0.605562 0.126574 -1.244849
    33 1.196316 0.000004 0.000005 0.000000 -0.000162 -0.332870
    34 3.880859 -0.047028 -0.427490 0.051056 0.262892 -0.068599
    35 1.719567 0.000023 0.000016 -0.461231 0.032293 -1.105404
    36 1.209175 0.000008 0.000005 0.175617 0.055179 -0.367832
    37 3.863493 -0.148186 -1.324350 -0.134961 0.400676 -0.397685
    38 1.719419 -0.000008 -0.000008 -0.082106 -0.002364 -0.236718
    39 1.099667 -0.000004 -0.000001 -0.188224 0.009145 -1.119518
    40 0.807129 -0.358887 -1.316406 1.243203 0.551773 -0.740643
    41 1.789783 -0.000002 -0.000002 -0.000009 0.003711 0.228604
    42 1.179656 0.007822 -0.031251 -0.053176 -0.017056 0.290091
    43 3.772941 -5.489335 -0.527645 4.034818 -0.133223 -1.641906
  time 47
    0 -0.000003 -13.531250 -29.421875 1.570788 0.000007 -0.000007
    1 0.000000 3.345131 -2.981898 1.570789 0.086301 1.570789
    2 4.015625 0.000003 0.000000 0.000000 0.000000 -0.029241
    3 3.520294 0.000005 -0.000006 0.000000 0.000000 0.100332
    4 8.929688 0.000001 0.000000 0.000000 0.000000 0.194095
    5 2.035156 0.997070 1.937500 1.596487 -1.284993 2.943127
    6 6.028159 -0.000069 0.000009 -1.515823 -0.850485 -0.883023
    7 11.919135 0.054735 -0.082022 0.005823 0.195059 -1.774977
    8 11.481682 0.000088 -0.000031 1.230716 -0.562416 0.146375
    9 3.858219 -0.139534 -1.192206 -0.251095 0.104185 -0.118801
    10 1.312565 -0.000008 0.000000 -0.000002 0.054404 -0.409012
    11 0.729366 0.000002 -0.000002 -0.000001 0.040754 -0.240990
    12 3.941966 0.050853 -0.435186 -0.379709 -0.016674 -0.393832
    13 1.539091 0.000008 -0.000002 0.153287 0.085275 -0.278802
    14 1.196321 0.000000 -0.000002 0.180294 0.096657 -0.752368
    15 3.880859 -0.043121 0.427490 0.173079 -0.231527 -0.230358
    16 1.719578 0.000023 -0.000021 -0.117992 -0.078122 -0.544672
    17 1.209181 -0.000004 -0.000001 0.107099 -0.099114 -1.066322
    18 3.863281 -0.136475 1.332031 0.122642 -0.490092 0.180231
    19 1.719431 -0.000023 0.000019 -0.052180 -0.183875 -1.177594
    20 1.099676 0.000000 0.000006 -0.031266 0.008359 -0.587033
    21 0.807586 -0.343252 1.320583 -1.342788 -0.268033 -0.682746
    22 1.789787 0.000006 0.000006 0.075450 -0.418764 0.038983
    23 1.207012 0.000011 0.000000 0.010953 0.044608 0.245101
    24 2.035156 0.997070 -1.937500 -1.667267 1.282923 2.944210
    25 6.028144 -0.000011 0.000002 1.564095 0.793333 -0.843532
    26 11.458195 -0.027343 -0.082030 -0.015082 -0.078761 -1.793516
    27 11.481657 0.000043 0.000019 -1.183866 0.520519 0.156054
    28 3.854334 -0.131699 1.199994 0.887977 0.041686 -0.500120
    29 1.312567 0.000000 0.000000 -0.076006 -0.203868 -0.258727
    30 0.729362 0.000004 0.000003 -0.250341 -0.135455 -0.179419
    31 3.941406 0.050842 0.431152 0.216355 -0.007330 -0.093769
    32 1.539089 0.000008 0.000003 -0.605562 0.126574 -1.244849
    33 1.196316 0.000004 0.000005 0.000000 -0.000162 -0.332870
    34 3.880859 -0.047028 -0.427490 0.051056 0.262892 -0.068599
    35 1.719567 0.000023 0.000016 -0.461231 0.032293 -1.105404
    36 1.209175 0.000008 0.000005 0.175617 0.055179 -0.367832
    37 3.867399 -0.148186 -1.324350 -0.134961 0.400676 -0.397685
    38 1.719419 -0.000008 -0.000008 -0.082106 -0.002364 -0.236718
    39 1.099667 -0.000004 -0.000001 -0.188224 0.009145 -1.119518
    40 0.807129 -0.358887 -1.316406 1.243203 0.551773 -0.740643
    41 1.789783 -0.000002 -0.000002 -0.000009 0.003711 0.228604
    42 1.179656 0.007822 -0.031251 -0.054039 -0.016337 0.290702
    43 3.772941 -5.489335 -0.527645 4.034818 -0.133223 -1.641906
  time 48
    0 -0.000003 -13.531250 -29.421875 1.570788 0.000007 -0.000007
    1 0.000000 3.345131 -2.981898 1.570789 0.086301 1.570789
    2 4.015625 0.000003 0.000000 0.000000 0.000000 -0.029241
    3 3.520294 0.000005 -0.000006 0.000000 0.000000 0.100332
    4 8.929688 0.000001 0.000000 0.000000 0.000000 0.194095
    5 2.035156 0.997070 1.937500 1.596487 -1.284993 2.943127
    6 6.028159 -0.000069 0.000009 -1.515823 -0.850485 -0.883023
    7 11.923042 0.054735 -0.085929 0.005343 0.194893 -1.774977
    8 11.481682 0.000088 -0.000031 1.230716 -0.562416 0.146375
    9 3.858219 -0.135628 -1.192206 -0.251095 0.104185 -0.118801
    10 1.312565 -0.000008 0.000000 -0.000002 0.054404 -0.409012
    11 0.729366 0.000002 -0.000002 -0.000001 0.040754 -0.240990
    12 3.941966 0.050853 -0.435186 -0.379709 -0.016674 -0.393832
    13 1.539091 0.000008 -0.000002 0.153287 0.085275 -0.278802
    14 1.196321 0.000000 -0.000002 0.180294 0.096657 -0.752368
    15 3.880859 -0.043121 0.427490 0.173079 -0.231527 -0.230358
    16 1.719578 0.000023 -0.000021 -0.117992 -0.078122 -0.544672
    17 1.209181 -0.000004 -0.000001 0.107099 -0.099114 -1.066322
    18 3.863281 -0.136475 1.332031 0.122642 -0.490092 0.180231
    19 1.719431 -0.000023 0.000019 -0.051928 -0.183791 -1.178813
    20 1.099676 0.000000 0.000006 -0.031266 0.008359 -0.587033
    21 0.807586 -0.343252 1.320583 -1.342788 -0.268033 -0.682746
    22 1.789787 0.000006 0.000006 0.075450 -0.418764 0.038983
    23 1.207012 0.000011 0.000000 0.011109 0.044560 0.244777
    24 2.035156 0.997070 -1.937500 -1.667267 1.282923 2.944210
    25 6.028144 -0.000011 0.000002 1.564095 0.793333 -0.843532
    26 11.454289 -0.027343 -0.082030 -0.015369 -0.078989 -1.793195
    27 11.481657 0.000043 0.000019 -1.183866 0.520519 0.156054
    28 3.854334 -0.131699 1.199994 0.887977 0.041686 -0.500120
    29 1.312567 0.000000 0.000000 -0.076006 -0.203868 -0.258727
    30 0.729362 0.000004 0.000003 -0.250341 -0.135455 -0.179419
    31 3.941406 0.050842 0.431152 0.216355 -0.007330 -0.093769
    32 1.539089 0.000008 0.000003 -0.605562 0.126574 -1.244849
    33 1.196316 0.000004 0.000005 0.000000 -0.000162 -0.332870
    34 3.880859 -0.047028 -0.427490 0.051056 0.262892 -0.068599
    35 1.719567 0.000023 0.000016 -0.461231 0.032293 -1.105404
    36 1.209175 0.000008 0.000005 0.175617 0.055179 -0.367832
    37 3.867399 -0.148186 -1.324350 -0.134961 0.400676 -0.397685
    38 1.719419 -0.000008 -0.000008 -0.082106 -0.002364 -0.236718
    39 1.099667 -0.000004 -0.000001 -0.188224 0.009145 -1.119518
    40 0.807129 -0.358887 -1.316406 1.243203 0.551773 -0.740643
    41 1.789783 -0.000002 -0.000002 -0.000009 0.003711 0.228604
    42 1.179656 0.007822 -0.035157 -0.054877 -0.015630 0.291301
    43 3.772941 -5.489335 -0.527645 4.034818 -0.133223 -1.641906
  time 49
    0 -0.000003 -13.531250 -29.421875 1.570788 0.000007 -0.000007
    1 0.000000 3.345131 -2.981898 1.570789 0.086301 1.570789
    2 4.015625 0.000003 0.000000 0.000000 0.000000 -0.029241
    3 3.520294 0.000005 -0.000006 0.000000 0.000000 0.100332
    4 8.929688 0.000001 0.000000 0.000000 0.000000 0.194095
    5 2.035156 0.997070 1.937500 1.596487 -1.284993 2.943127
    6 6.028159 -0.000069 0.000009 -1.515823 -0.850485 -0.883023
    7 11.926948 0.054735 -0.085929 0.004900 0.194726 -1.774977
    8 11.481682 0.000088 -0.000031 1.230716 -0.562416 0.146375
    9 3.854313 -0.135628 -1.192206 -0.251095 0.104185 -0.118801
    10 1.312565 -0.000008 0.000000 -0.000002 0.054404 -0.409012
    11 0.729366 0.000002 -0.000002 -0.000001 0.040754 -0.240990
    12 3.938059 0.050853 -0.435186 -0.379709 -0.016674 -0.393832
    13 1.539091 0.000008 -0.000002 0.153287 0.085275 -0.278802
    14 1.196321 0.000000 -0.000002 0.180294 0.096657 -0.752368
    15 3.880859 -0.043121 0.427490 0.173079 -0.231527 -0.230358
    16 1.719578 0.000023 -0.000021 -0.117992 -0.078122 -0.544672
    17 1.209181 -0.000004 -0.000001 0.107099 -0.099114 -1.066322
    18 3.863281 -0.136475 1.332031 0.122642 -0.490092 0.180231
    19 1.719431 -0.000023 0.000019 -0.051701 -0.183707 -1.179972
    20 1.099676 0.000000 0.000006 -0.031266 0.008359 -0.587033
    21 0.807586 -0.343252 1.320583 -1.342788 -0.268033 -0.682746
    22 1.789787 0.000006 0.000006 0.075450 -0.418764 0.038983
    23 1.207012 0.000011 0.000000 0.011324 0.044489 0.244346
    24 2.035156 0.997070 -1.937500 -1.667267 1.282923 2.944210
    25 6.028144 -0.000011 0.000002 1.564095 0.793333 -0.843532
    26 11.450382 -0.027343 -0.085936 -0.015645 -0.079218 -1.792820
    27 11.481657 0.000043 0.000019 -1.183866 0.520519 0.156054
    28 3.854334 -0.131699 1.199994 0.887977 0.041686 -0.500120
    29 1.312567 0.000000 0.000000 -0.076006 -0.203868 -0.258727
    30 0.729362 0.000004 0.000003 -0.250341 -0.135455 -0.179419
    31 3.941406 0.050842 0.431152 0.216355 -0.007330 -0.093769
    32 1.539089 0.000008 0.000003 -0.605562 0.126574 -1.244849
    33 1.196316 0.000004 0.000005 0.000000 -0.000162 -0.332870
    34 3.880859 -0.047028 -0.427490 0.051056 0.262892 -0.068599
    35 1.719567 0.000023 0.000016 -0.461231 0.032293 -1.105404
    36 1.209175 0.000008 0.000005 0.175617 0.055179 -0.367832
    37 3.867399 -0.148186 -1.324350 -0.134961 0.400676 -0.397685
    38 1.719419 -0.000008 -0.000008 -0.082106 -0.002364 -0.236718
    39 1.099667 -0.000004 -0.000001 -0.188224 0.009145 -1.119518
    40 0.807129 -0.358887 -1.316406 1.243203 0.551773 -0.740643
    41 1.789783 -0.000002 -0.000002 -0.000009 0.003711 0.228604
    42 1.179656 0.007822 -0.035157 -0.055704 -0.014935 0.291888
    43 3.772941 -5.489335 -0.527645 4.034818 -0.133223 -1.641906
  time 50
    0 -0.000003 -13.531250 -29.421875 1.570788 0.000007 -0.000007
    1 0.000000 3.345131 -2.981898 1.570789 0.086301 1.570789
    2 4.015625 0.000003 0.000000 0.000000 0.000000 -0.029241
    3 3.520294 0.000005 -0.000006 0.000000 0.000000 0.100332
    4 8.929688 0.000001 0.000000 0.000000 0.000000 0.194095
    5 2.035156 0.997070 1.937500 1.596487 -1.284993 2.943127
    6 6.028159 -0.000069 0.000009 -1.515823 -0.850485 -0.883023
    7 11.930854 0.054735 -0.089835 0.004480 0.194560 -1.774977
    8 11.481682 0.000088 -0.000031 1.230716 -0.562416 0.146375
    9 3.858219 -0.135628 -1.192206 -0.251095 0.104185 -0.118801
    10 1.312565 -0.000008 0.000000 -0.000002 0.054404 -0.409012
    11 0.729366 0.000002 -0.000002 -0.000001 0.040754 -0.240990
    12 3.941966 0.050853 -0.435186 -0.379709 -0.016674 -0.393832
    13 1.539091 0.000008 -0.000002 0.153287 0.085275 -0.278802
    14 1.196321 0.000000 -0.000002 0.180294 0.096657 -0.752368
    15 3.880859 -0.043121 0.427490 0.173079 -0.231527 -0.230358
    16 1.719578 0.000023 -0.000021 -0.117992 -0.078122 -0.544672
    17 1.209181 -0.000004 -0.000001 0.107099 -0.099114 -1.066322
    18 3.863281 -0.136475 1.332031 0.122642 -0.490092 0.180231
    19 1.719431 -0.000023 0.000019 -0.051485 -0.183635 -1.181042
    20 1.099676 0.000000 0.000006 -0.031266 0.008359 -0.587033
    21 0.807586 -0.343252 1.320583 -1.342788 -0.268033 -0.682746
    22 1.789787 0.000006 0.000006 0.075450 -0.418764 0.038983
    23 1.207012 0.000011 0.000000 0.011612 0.044405 0.243782
    24 2.035156 0.997070 -1.937500 -1.667267 1.282923 2.944210
    25 6.028144 -0.000011 0.000002 1.564095 0.793333 -0.843532
    26 11.446476 -0.027343 -0.085936 -0.015909 -0.079421 -1.792498
    27 11.481657 0.000043 0.000019 -1.183866 0.520519 0.156054
    28 3.854334 -0.131699 1.199994 0.887977 0.041686 -0.500120
    29 1.312567 0.000000 0.000000 -0.076006 -0.203868 -0.258727
    30 0.729362 0.000004 0.000003 -0.250341 -0.135455 -0.179419
    31 3.941406 0.050842 0.431152 0.216355 -0.007330 -0.093769
    32 1.539089 0.000008 0.000003 -0.605562 0.126574 -1.244849
    33 1.196316 0.000004 0.000005 0.000000 -0.000162 -0.332870
    34 3.880859 -0.047028 -0.427490 0.051056 0.262892 -0.068599
    35 1.719567 0.000023 0.000016 -0.461231 0.032293 -1.105404
    36 1.209175 0.000008 0.000005 0.175617 0.055179 -0.367832
    37 3.867399 -0.148186 -1.324350 -0.134961 0.400676 -0.397685
    38 1.719419 -0.000008 -0.000008 -0.082106 -0.002364 -0.236718
    39 1.099667 -0.000004 -0.000001 -0.188224 0.009145 -1.119518
    40 0.807129 -0.358887 -1.316406 1.243203 0.551773 -0.740643
    41 1.789783 -0.000002 -0.000002 -0.000009 0.003711 0.228604
    42 1.175750 0.007822 -0.035157 -0.056507 -0.014239 0.292476
    43 3.772941 -5.489335 -0.527645 4.034818 -0.133223 -1.641906
  time 51
    0 -0.000003 -13.531250 -29.421875 1.570788 0.000007 -0.000007
    1 0.000000 3.345131 -2.981898 1.570789 0.086301 1.570789
    2 4.015625 0.000003 0.000000 0.000000 0.000000 -0.029241
    3 3.520294 0.000005 -0.000006 0.000000 0.000000 0.100332
    4 8.929688 0.000001 0.000000 0.000000 0.000000 0.194095
    5 2.035156 0.997070 1.937500 1.596487 -1.284993 2.943127
    6 6.028159 -0.000069 0.000009 -1.515823 -0.850485 -0.883023
    7 11.934761 0.058641 -0.089835 0.004097 0.194410 -1.774977
    8 11.481682 0.000088 -0.000031 1.230716 -0.562416 0.146375
    9 3.858219 -0.135628 -1.192206 -0.251095 0.104185 -0.118801
    10 1.312565 -0.000008 0.000000 -0.000002 0.054404 -0.409012
    11 0.729366 0.000002 -0.000002 -0.000001 0.040754 -0.240990
    12 3.941966 0.050853 -0.435186 -0.379709 -0.016674 -0.393832
    13 1.539091 0.000008 -0.000002 0.153287 0.085275 -0.278802
    14 1.196321 0.000000 -0.000002 0.180294 0.096657 -0.752368
    15 3.880859 -0.043121 0.427490 0.173079 -0.231527 -0.230358
    16 1.719578 0.000023 -0.000021 -0.117992 -0.078122 -0.544672
    17 1.209181 -0.000004 -0.000001 0.107099 -0.099114 -1.066322
    18 3.863281 -0.136475 1.332031 0.122642 -0.490092 0.180231
    19 1.719431 -0.000023 0.000019 -0.051293 -0.183576 -1.182052
    20 1.099676 0.000000 0.000006 -0.031266 0.008359 -0.587033
    21 0.807586 -0.343252 1.320583 -1.342788 -0.268021 -0.682746
    22 1.789787 0.000006 0.000006 0.075450 -0.418764 0.038983
    23 1.207012 0.000011 0.000000 0.011960 0.044297 0.243087
    24 2.035156 0.997070 -1.937500 -1.667267 1.282923 2.944210
    25 6.028144 -0.000011 0.000002 1.564095 0.793333 -0.843532
    26 11.442570 -0.027343 -0.085936 -0.016148 -0.079612 -1.792230
    27 11.481657 0.000043 0.000019 -1.183866 0.520519 0.156054
    28 3.858240 -0.131699 1.199994 0.887977 0.041686 -0.500120
    29 1.312567 0.000000 0.000000 -0.076006 -0.203868 -0.258727
    30 0.729362 0.000004 0.000003 -0.250341 -0.135455 -0.179419
    31 3.941406 0.050842 0.431152 0.216355 -0.007330 -0.093769
    32 1.539089 0.000008 0.000003 -0.605562 0.126574 -1.244849
    33 1.196316 0.000004 0.000005 0.000000 -0.000162 -0.332870
    34 3.880859 -0.047028 -0.427490 0.051056 0.262892 -0.068599
    35 1.719567 0.000023 0.000016 -0.461231 0.032293 -1.105404
    36 1.209175 0.000008 0.000005 0.175617 0.055179 -0.367832
    37 3.867399 -0.148186 -1.324350 -0.134961 0.400676 -0.397685
    38 1.719419 -0.000008 -0.000008 -0.082106 -0.002364 -0.236718
    39 1.099667 -0.000004 -0.000001 -0.188224 0.009145 -1.119518
    40 0.807129 -0.358887 -1.316406 1.243203 0.551773 -0.740643
    41 1.789783 -0.000002 -0.000002 -0.000009 0.003711 0.228604
    42 1.175750 0.007822 -0.035157 -0.057298 -0.013568 0.293039
    43 3.772941 -5.489335 -0.527645 4.034818 -0.133223 -1.641906
  time 52
    0 -0.000003 -13.531250 -29.421875 1.570788 0.000007 -0.000007
    1 0.000000 3.345131 -2.981898 1.570789 0.086301 1.570789
    2 4.015625 0.000003 0.000000 0.000000 0.000000 -0.029241
    3 3.520294 0.000005 -0.000006 0.000000 0.000000 0.100332
    4 8.929688 0.000001 0.000000 0.000000 0.000000 0.194095
    5 2.035156 0.997070 1.937500 1.596487 -1.284993 2.943127
    6 6.028159 -0.000069 0.000009 -1.515823 -0.850485 -0.883023
    7 11.938667 0.058641 -0.089835 0.003737 0.194277 -1.774924
    8 11.481682 0.000088 -0.000031 1.230716 -0.562416 0.146375
    9 3.858219 -0.135628 -1.192206 -0.251095 0.104185 -0.118801
    10 1.312565 -0.000008 0.000000 -0.000002 0.054404 -0.409012
    11 0.729366 0.000002 -0.000002 -0.000001 0.040754 -0.240990
    12 3.941966 0.050853 -0.435186 -0.379709 -0.016674 -0.393832
    13 1.539091 0.000008 -0.000002 0.153287 0.085275 -0.278802
    14 1.196321 0.000000 -0.000002 0.180294 0.096657 -0.752368
    15 3.880859 -0.043121 0.427490 0.173079 -0.231527 -0.230358
    16 1.719578 0.000023 -0.000021 -0.117992 -0.078122 -0.544672
    17 1.209181 -0.000004 -0.000001 0.107099 -0.099114 -1.066322
    18 3.863281 -0.136475 1.332031 0.122642 -0.490092 0.180231
    19 1.719431 -0.000023 0.000019 -0.051101 -0.183504 -1.182974
    20 1.099676 0.000000 0.000006 -0.031266 0.008359 -0.587033
    21 0.807586 -0.343252 1.320583 -1.342788 -0.268033 -0.682746
    22 1.789787 0.000006 0.000006 0.075450 -0.418764 0.038983
    23 1.207012 0.000011 0.000000 0.012367 0.044177 0.242272
    24 2.035156 0.997070 -1.937500 -1.667267 1.282923 2.944210
    25 6.028144 -0.000011 0.000002 1.564095 0.793333 -0.843532
    26 11.438663 -0.027343 -0.089843 -0.016364 -0.079790 -1.791909
    27 11.481657 0.000043 0.000019 -1.183866 0.520519 0.156054
    28 3.854334 -0.131699 1.199994 0.887977 0.041686 -0.500120
    29 1.312567 0.000000 0.000000 -0.076006 -0.203868 -0.258727
    30 0.729362 0.000004 0.000003 -0.250341 -0.135455 -0.179419
    31 3.941406 0.050842 0.431152 0.216355 -0.007330 -0.093769
    32 1.539089 0.000008 0.000003 -0.605562 0.126574 -1.244849
    33 1.196316 0.000004 0.000005 0.000000 -0.000162 -0.332870
    34 3.880859 -0.047028 -0.427490 0.051056 0.262892 -0.068599
    35 1.719567 0.000023 0.000016 -0.461231 0.032293 -1.105404
    36 1.209175 0.000008 0.000005 0.175617 0.055179 -0.367832
    37 3.863493 -0.148186 -1.324350 -0.134961 0.400676 -0.397685
    38 1.719419 -0.000008 -0.000008 -0.082106 -0.002364 -0.236718
    39 1.099667 -0.000004 -0.000001 -0.188224 0.009145 -1.119518
    40 0.807129 -0.358887 -1.316406 1.243203 0.551773 -0.740643
    41 1.789783 -0.000002 -0.000002 -0.000009 0.003711 0.228604
    42 1.175750 0.007822 -0.035157 -0.058053 -0.012897 0.293590
    43 3.772941 -5.489335 -0.527645 4.034818 -0.133223 -1.641906
  time 53
    0 -0.000003 -13.531250 -29.421875 1.570788 0.000007 -0.000007
    1 0.000000 3.345131 -2.981898 1.570789 0.086301 1.570789
    2 4.015625 0.000003 0.000000 0.000000 0.000000 -0.029241
    3 3.520294 0.000005 -0.000006 0.000000 0.000000 0.100332
    4 8.929688 0.000001 0.000000 0.000000 0.000000 0.194095
    5 2.035156 0.997070 1.937500 1.596487 -1.284993 2.943127
    6 6.028159 -0.000069 0.000009 -1.515823 -0.850485 -0.883023
    7 11.942574 0.058641 -0.093741 0.003414 0.194161 -1.774924
    8 11.481682 0.000088 -0.000031 1.230716 -0.562416 0.146375
    9 3.858219 -0.135628 -1.192206 -0.251095 0.104185 -0.118801
    10 1.312565 -0.000008 0.000000 -0.000002 0.054404 -0.409012
    11 0.729366 0.000002 -0.000002 -0.000001 0.040754 -0.240990
    12 3.941966 0.050853 -0.435186 -0.379709 -0.016674 -0.393832
    13 1.539091 0.000008 -0.000002 0.153287 0.085275 -0.278802
    14 1.196321 0.000000 -0.000002 0.180294 0.096657 -0.752368
    15 3.880859 -0.043121 0.427490 0.173079 -0.231527 -0.230358
    16 1.719578 0.000023 -0.000021 -0.117992 -0.078122 -0.544672
    17 1.209181 -0.000004 -0.000001 0.107099 -0.099114 -1.066322
    18 3.863281 -0.136475 1.332031 0.122642 -0.490092 0.180231
    19 1.719431 -0.000023 0.000019 -0.050946 -0.183456 -1.183836
    20 1.099676 0.000000 0.000006 -0.031266 0.008359 -0.587033
    21 0.807586 -0.343252 1.320583 -1.342788 -0.268033 -0.682746
    22 1.789787 0.000006 0.000006 0.075450 -0.418764 0.038983
    23 1.207012 0.000011 0.000000 0.012846 0.044033 0.241325
    24 2.035156 0.997070 -1.937500 -1.667267 1.282923 2.944210
    25 6.028144 -0.000011 0.000002 1.564095 0.793333 -0.843532
    26 11.434757 -0.027343 -0.089843 -0.016568 -0.079955 -1.791695
    27 11.481657 0.000043 0.000019 -1.183866 0.520519 0.156054
    28 3.854334 -0.131699 1.199994 0.887977 0.041686 -0.500120
    29 1.312567 0.000000 0.000000 -0.076006 -0.203868 -0.258727
    30 0.729362 0.000004 0.000003 -0.250341 -0.135455 -0.179419
    31 3.941406 0.050842 0.431152 0.216355 -0.007330 -0.093769
    32 1.539089 0.000008 0.000003 -0.605562 0.126574 -1.244879
    33 1.196316 0.000004 0.000005 0.000000 -0.000162 -0.332870
    34 3.880859 -0.047028 -0.427490 0.051056 0.262892 -0.068599
    35 1.719567 0.000023 0.000016 -0.461231 0.032293 -1.105404
    36 1.209175 0.000008 0.000005 0.175617 0.055179 -0.367832
    37 3.863493 -0.148186 -1.324350 -0.134961 0.400676 -0.397685
    38 1.719419 -0.000008 -0.000008 -0.082106 -0.002364 -0.236718
    39 1.099667 -0.000004 -0.000001 -0.188224 0.009145 -1.119518
    40 0.807129 -0.358887 -1.316406 1.243203 0.551773 -0.740643
    41 1.789783 -0.000002 -0.000002 -0.000009 0.003711 0.228604
    42 1.175750 0.011728 -0.035157 -0.058808 -0.012250 0.294130
    43 3.772941 -5.489335 -0.527645 4.034818 -0.133223 -1.641906
  time 54
    0 -0.000003 -13.531250 -29.421875 1.570788 0.000007 -0.000007
    1 0.000000 3.345131 -2.981898 1.570789 0.086301 1.570789
    2 4.015625 0.000003 0.000000 0.000000 0.000000 -0.029241
    3 3.520294 0.000005 -0.000006 0.000000 0.000000 0.100332
    4 8.929688 0.000001 0.000000 0.000000 0.000000 0.194095
    5 2.035156 0.997070 1.937500 1.596487 -1.284993 2.943127
    6 6.028159 -0.000069 0.000009 -1.515823 -0.850485 -0.883023
    7 11.946480 0.058641 -0.093741 0.003114 0.194045 -1.774924
    8 11.481682 0.000088 -0.000031 1.230716 -0.562416 0.146375
    9 3.858219 -0.135628 -1.192206 -0.251095 0.104185 -0.118801
    10 1.312565 -0.000008 0.000000 -0.000002 0.054404 -0.409012
    11 0.729366 0.000002 -0.000002 -0.000001 0.040754 -0.240990
    12 3.941966 0.050853 -0.435186 -0.379709 -0.016674 -0.393832
    13 1.539091 0.000008 -0.000002 0.153287 0.085275 -0.278802
    14 1.196321 0.000000 -0.000002 0.180294 0.096657 -0.752368
    15 3.880859 -0.043121 0.427490 0.173079 -0.231527 -0.230358
    16 1.719578 0.000023 -0.000021 -0.117992 -0.078122 -0.544672
    17 1.209181 -0.000004 -0.000001 0.107099 -0.099114 -1.066322
    18 3.863281 -0.136475 1.332031 0.122642 -0.490092 0.180231
    19 1.719431 -0.000023 0.000019 -0.050790 -0.183396 -1.184608
    20 1.099676 0.000000 0.000006 -0.031266 0.008359 -0.587033
    21 0.807586 -0.343252 1.320583 -1.342788 -0.268033 -0.682746
    22 1.789787 0.000006 0.000006 0.075450 -0.418764 0.038983
    23 1.207012 0.000011 0.000000 0.013386 0.043865 0.240247
    24 2.035156 0.997070 -1.937500 -1.667267 1.282923 2.944210
    25 6.028144 -0.000011 0.000002 1.564095 0.793333 -0.843532
    26 11.434757 -0.031250 -0.089843 -0.016747 -0.080095 -1.791427
    27 11.481657 0.000043 0.000019 -1.183866 0.520519 0.156054
    28 3.854334 -0.131699 1.199994 0.887977 0.041686 -0.500120
    29 1.312567 0.000000 0.000000 -0.076006 -0.203868 -0.258727
    30 0.729362 0.000004 0.000003 -0.250341 -0.135455 -0.179419
    31 3.941406 0.050842 0.431152 0.216355 -0.007330 -0.093769
    32 1.539089 0.000008 0.000003 -0.605562 0.126574 -1.244879
    33 1.196316 0.000004 0.000005 0.000000 -0.000162 -0.332870
    34 3.880859 -0.047028 -0.427490 0.051056 0.262892 -0.068599
    35 1.719567 0.000023 0.000016 -0.461231 0.032293 -1.105404
    36 1.209175 0.000008 0.000005 0.175617 0.055179 -0.367832
    37 3.867399 -0.148186 -1.324350 -0.134961 0.400676 -0.397685
    38 1.719419 -0.000008 -0.000008 -0.082106 -0.002364 -0.236718
    39 1.099667 -0.000004 -0.000001 -0.188224 0.009145 -1.119518
    40 0.807129 -0.358887 -1.316406 1.243203 0.551773 -0.740643
    41 1.789783 -0.000002 -0.000002 -0.000009 0.003711 0.228604
    42 1.175750 0.011728 -0.039064 -0.059527 -0.011615 0.294657
    43 3.772941 -5.489335 -0.527645 4.034818 -0.133223 -1.641906
  time 55
    0 -0.000003 -13.531250 -29.421875 1.570788 0.000007 -0.000007
    1 0.000000 3.345131 -2.981898 1.570789 0.086301 1.570789
    2 4.015625 0.000003 0.000000 0.000000 0.000000 -0.029241
    3 3.520294 0.000005 -0.000006 0.000000 0.000000 0.100332
    4 8.929688 0.000001 0.000000 0.000000 0.000000 0.194095
    5 2.035156 0.997070 1.937500 1.596487 -1.284993 2.943127
    6 6.028159 -0.000069 0.000009 -1.515823 -0.850485 -0.883023
    7 11.946480 0.058641 -0.093741 0.002850 0.193945 -1.774924
    8 11.481682 0.000088 -0.000031 1.230716 -0.562416 0.146375
    9 3.854313 -0.135628 -1.192206 -0.251095 0.104185 -0.118801
    10 1.312565 -0.000008 0.000000 -0.000002 0.054404 -0.409012
    11 0.729366 0.000002 -0.000002 -0.000001 0.040754 -0.240990
    12 3.938059 0.050853 -0.435186 -0.379709 -0.016674 -0.393832
    13 1.539091 0.000008 -0.000002 0.153287 0.085275 -0.278802
    14 1.196321 0.000000 -0.000002 0.180294 0.096657 -0.752368
    15 3.880859 -0.043121 0.427490 0.173079 -0.231527 -0.230358
    16 1.719578 0.000023 -0.000021 -0.117992 -0.078122 -0.544672
    17 1.209181 -0.000004 -0.000001 0.107099 -0.099114 -1.066322
    18 3.863281 -0.136475 1.332031 0.122642 -0.490092 0.180231
    19 1.719431 -0.000023 0.000019 -0.050658 -0.183348 -1.185292
    20 1.099676 0.000000 0.000006 -0.031266 0.008359 -0.587033
    21 0.807586 -0.343252 1.320583 -1.342788 -0.268033 -0.682746
    22 1.789787 0.000006 0.000006 0.075450 -0.418764 0.038983
    23 1.207012 0.000011 0.000000 0.013997 0.043674 0.239048
    24 2.035156 0.997070 -1.937500 -1.667267 1.282923 2.944210
    25 6.028144 -0.000011 0.000002 1.564095 0.793333 -0.843532
    26 11.430851 -0.031250 -0.089843 -0.016915 -0.080222 -1.791266
    27 11.481657 0.000043 0.000019 -1.183866 0.520519 0.156054
    28 3.854334 -0.131699 1.199994 0.887977 0.041686 -0.500120
    29 1.312567 0.000000 0.000000 -0.076006 -0.203868 -0.258727
    30 0.729362 0.000004 0.000003 -0.250341 -0.135455 -0.179419
    31 3.941406 0.050842 0.431152 0.216355 -0.007330 -0.093769
    32 1.539089 0.000008 0.000003 -0.605562 0.126574 -1.244849
    33 1.196316 0.000004 0.000005 0.000000 -0.000162 -0.332870
    34 3.880859 -0.047028 -0.427490 0.051056 0.262892 -0.068599
    35 1.719567 0.000023 0.000016 -0.461231 0.032293 -1.105404
    36 1.209175 0.000008 0.000005 0.175617 0.055179 -0.367832
    37 3.863493 -0.148186 -1.324350 -0.134961 0.400676 -0.397685
    38 1.719419 -0.000008 -0.000008 -0.082106 -0.002364 -0.236718
    39 1.099667 -0.000004 -0.000001 -0.188224 0.009145 -1.119518
    40 0.807129 -0.358887 -1.316406 1.243203 0.551773 -0.740643
    41 1.789783 -0.000002 -0.000002 -0.000009 0.003711 0.228604
    42 1.175750 0.011728 -0.039064 -0.060235 -0.010992 0.295172
    43 3.772941 -5.489335 -0.527645 4.034818 -0.133223 -1.641906
  time 56
    0 -0.000003 -13.531250 -29.421875 1.570788 0.000007 -0.000007
    1 0.000000 3.345131 -2.981898 1.570789 0.086301 1.570789
    2 4.015625 0.000003 0.000000 0.000000 0.000000 -0.029241
    3 3.520294 0.000005 -0.000006 0.000000 0.000000 0.100332
    4 8.929688 0.000001 0.000000 0.000000 0.000000 0.194095
    5 2.035156 0.997070 1.937500 1.596487 -1.284993 2.943127
    6 6.028159 -0.000069 0.000009 -1.515823 -0.850485 -0.883023
    7 11.950386 0.058641 -0.093741 0.002611 0.193862 -1.774924
    8 11.481682 0.000088 -0.000031 1.230716 -0.562416 0.146375
    9 3.858219 -0.139534 -1.192206 -0.251095 0.104185 -0.118801
    10 1.312565 -0.000008 0.000000 -0.000002 0.054404 -0.409012
    11 0.729366 0.000002 -0.000002 -0.000001 0.040754 -0.240990
    12 3.941966 0.050853 -0.435186 -0.379709 -0.016674 -0.393832
    13 1.539091 0.000008 -0.000002 0.153287 0.085275 -0.278802
    14 1.196321 0.000000 -0.000002 0.180294 0.096657 -0.752368
    15 3.880859 -0.043121 0.427490 0.173079 -0.231527 -0.230358
    16 1.719578 0.000023 -0.000021 -0.117992 -0.078122 -0.544672
    17 1.209181 -0.000004 -0.000001 0.107099 -0.099114 -1.066322
    18 3.863281 -0.136475 1.332031 0.122642 -0.490092 0.180231
    19 1.719431 -0.000023 0.000019 -0.050538 -0.183312 -1.185886
    20 1.099676 0.000000 0.000006 -0.031266 0.008359 -0.587033
    21 0.807586 -0.343252 1.320583 -1.342788 -0.268021 -0.682746
    22 1.789787 0.000006 0.000006 0.075450 -0.418764 0.038983
    23 1.207012 0.000011 0.000000 0.014656 0.043470 0.237718
    24 2.035156 0.997070 -1.937500 -1.667267 1.282923 2.944210
    25 6.028144 -0.000011 0.000002 1.564095 0.793333 -0.843532
    26 11.426944 -0.031250 -0.093749 -0.017059 -0.080349 -1.791052
    27 11.481657 0.000043 0.000019 -1.183866 0.520519 0.156054
    28 3.854334 -0.131699 1.199994 0.887977 0.041686 -0.500120
    29 1.312567 0.000000 0.000000 -0.076006 -0.203868 -0.258727
    30 0.729362 0.000004 0.000003 -0.250341 -0.135455 -0.179419
    31 3.941406 0.050842 0.431152 0.216355 -0.007330 -0.093769
    32 1.539089 0.000008 0.000003 -0.605562 0.126574 -1.244849
    33 1.196316 0.000004 0.000005 0.000000 -0.000162 -0.332870
    34 3.880859 -0.047028 -0.427490 0.051056 0.262892 -0.068599
    35 1.719567 0.000023 0.000016 -0.461231 0.032293 -1.105404
    36 1.209175 0.000008 0.000005 0.175617 0.055179 -0.367832
    37 3.867399 -0.148186 -1.324350 -0.134961 0.400676 -0.397685
    38 1.719419 -0.000008 -0.000008 -0.082106 -0.002364 -0.236718
    39 1.099667 -0.000004 -0.000001 -0.188224 0.009145 -1.119518
    40 0.807129 -0.358887 -1.316406 1.243203 0.551773 -0.740643
    41 1.789783 -0.000002 -0.000002 -0.000009 0.003711 0.228604
    42 1.175750 0.011728 -0.039064 -0.060906 -0.010380 0.295664
    43 3.772941 -5.489335 -0.527645 4.034818 -0.133223 -1.641906
  time 57
    0 -0.000003 -13.531250 -29.421875 1.570788 0.000007 -0.000007
    1 0.000000 3.345131 -2.981898 1.570789 0.086301 1.570789
    2 4.015625 0.000003 0.000000 0.000000 0.000000 -0.029241
    3 3.520294 0.000005 -0.000006 0.000000 0.000000 0.100332
    4 8.929688 0.000001 0.000000 0.000000 0.000000 0.194095
    5 2.035156 0.997070 1.937500 1.596487 -1.284993 2.943127
    6 6.028159 -0.000069 0.000009 -1.515823 -0.850485 -0.883023
    7 11.950386 0.062547 -0.097648 0.002407 0.193795 -1.774924
    8 11.481682 0.000088 -0.000031 1.230716 -0.562416 0.146375
    9 3.858219 -0.135628 -1.192206 -0.251095 0.104185 -0.118801
    10 1.312565 -0.000008 0.000000 -0.000002 0.054404 -0.409012
    11 0.729366 0.000002 -0.000002 -0.000001 0.040754 -0.240990
    12 3.938059 0.050853 -0.435186 -0.379709 -0.016674 -0.393832
    13 1.539091 0.000008 -0.000002 0.153287 0.085275 -0.278802
    14 1.196321 0.000000 -0.000002 0.180294 0.096657 -0.752368
    15 3.880859 -0.043121 0.427490 0.173079 -0.231527 -0.230358
    16 1.719578 0.000023 -0.000021 -0.117992 -0.078122 -0.544672
    17 1.209181 -0.000004 -0.000001 0.107099 -0.099114 -1.066322
    18 3.863281 -0.136475 1.332031 0.122642 -0.490092 0.180231
    19 1.719431 -0.000023 0.000019 -0.050430 -0.183276 -1.186421
    20 1.099676 0.000000 0.000006 -0.031266 0.008359 -0.587033
    21 0.807586 -0.343252 1.320583 -1.342788 -0.268033 -0.682746
    22 1.789787 0.000006 0.000006 0.075450 -0.418764 0.038983
    23 1.207012 0.000011 0.000000 0.015387 0.043254 0.236268
    24 2.035156 0.997070 -1.937500 -1.667267 1.282923 2.944210
    25 6.028144 -0.000011 0.000002 1.564095 0.793333 -0.843532
    26 11.426944 -0.031250 -0.093749 -0.017179 -0.080451 -1.790891
    27 11.481657 0.000043 0.000019 -1.183866 0.520519 0.156054
    28 3.858240 -0.131699 1.199994 0.887977 0.041686 -0.500120
    29 1.312567 0.000000 0.000000 -0.076006 -0.203868 -0.258727
    30 0.729362 0.000004 0.000003 -0.250341 -0.135455 -0.179419
    31 3.941406 0.050842 0.431152 0.216355 -0.007330 -0.093769
    32 1.539089 0.000008 0.000003 -0.605562 0.126574 -1.244849
    33 1.196316 0.000004 0.000005 0.000000 -0.000162 -0.332870
    34 3.880859 -0.047028 -0.427490 0.051056 0.262892 -0.068599
    35 1.719567 0.000023 0.000016 -0.461231 0.032293 -1.105404
    36 1.209175 0.000008 0.000005 0.175617 0.055179 -0.367832
    37 3.867399 -0.148186 -1.324350 -0.134961 0.400676 -0.397685
    38 1.719419 -0.000008 -0.000008 -0.082106 -0.002364 -0.236718
    39 1.099667 -0.000004 -0.000001 -0.188224 0.009145 -1.119518
    40 0.807129 -0.358887 -1.316406 1.243203 0.551773 -0.740643
    41 1.789783 -0.000002 -0.000002 -0.000009 0.003711 0.228604
    42 1.175750 0.011728 -0.039064 -0.061565 -0.009781 0.296155
    43 3.772941 -5.489335 -0.527645 4.034818 -0.133223 -1.641906
  time 58
    0 -0.000003 -13.531250 -29.421875 1.570788 0.000007 -0.000007
    1 0.000000 3.345131 -2.981898 1.570789 0.086301 1.570789
    2 4.015625 0.000003 0.000000 0.000000 0.000000 -0.029241
    3 3.520294 0.000005 -0.000006 0.000000 0.000000 0.100332
    4 8.929688 0.000001 0.000000 0.000000 0.000000 0.194095
    5 2.035156 0.997070 1.937500 1.596487 -1.284993 2.943127
    6 6.028159 -0.000069 0.000009 -1.515823 -0.850485 -0.883023
    7 11.954293 0.062547 -0.097648 0.002239 0.193729 -1.774924
    8 11.481682 0.000088 -0.000031 1.230716 -0.562416 0.146375
    9 3.858219 -0.135628 -1.192206 -0.251095 0.104185 -0.118801
    10 1.312565 -0.000008 0.000000 -0.000002 0.054404 -0.409012
    11 0.729366 0.000002 -0.000002 -0.000001 0.040754 -0.240990
    12 3.941966 0.050853 -0.435186 -0.379709 -0.016674 -0.393832
    13 1.539091 0.000008 -0.000002 0.153287 0.085275 -0.278802
    14 1.196321 0.000000 -0.000002 0.180294 0.096657 -0.752368
    15 3.880859 -0.043121 0.427490 0.173079 -0.231527 -0.230358
    16 1.719578 0.000023 -0.000021 -0.117992 -0.078122 -0.544672
    17 1.209181 -0.000004 -0.000001 0.107099 -0.099114 -1.066322
    18 3.863281 -0.136475 1.332031 0.122642 -0.490092 0.180231
    19 1.719431 -0.000023 0.000019 -0.050346 -0.183240 -1.186867
    20 1.099676 0.000000 0.000006 -0.031266 0.008359 -0.587033
    21 0.807586 -0.343252 1.320583 -1.342788 -0.268033 -0.682746
    22 1.789787 0.000006 0.000006 0.075450 -0.418764 0.038983
    23 1.207012 0.000011 0.000000 0.016190 0.043014 0.234698
    24 2.035156 0.997070 -1.937500 -1.667267 1.282923 2.944210
    25 6.028144 -0.000011 0.000002 1.564095 0.793333 -0.843532
    26 11.423038 -0.031250 -0.093749 -0.017287 -0.080527 -1.790784
    27 11.481657 0.000043 0.000019 -1.183866 0.520519 0.156054
    28 3.858240 -0.131699 1.199994 0.887977 0.041686 -0.500120
    29 1.312567 0.000000 0.000000 -0.076006 -0.203868 -0.258727
    30 0.729362 0.000004 0.000003 -0.250341 -0.135455 -0.179419
    31 3.941406 0.050842 0.431152 0.216355 -0.007330 -0.093769
    32 1.539089 0.000008 0.000003 -0.605562 0.126574 -1.244849
    33 1.196316 0.000004 0.000005 0.000000 -0.000162 -0.332870
    34 3.880859 -0.047028 -0.427490 0.051056 0.262892 -0.068599
    35 1.719567 0.000023 0.000016 -0.461231 0.032293 -1.105404
    36 1.209175 0.000008 0.000005 0.175617 0.055179 -0.367832
    37 3.867399 -0.148186 -1.324350 -0.134961 0.400676 -0.397685
    38 1.719419 -0.000008 -0.000008 -0.082106 -0.002364 -0.236718
    39 1.099667 -0.000004 -0.000001 -0.188224 0.009145 -1.119518
    40 0.807129 -0.358887 -1.316406 1.243203 0.551773 -0.740643
    41 1.789783 -0.000002 -0.000002 -0.000009 0.003711 0.228604
    42 1.175750 0.011728 -0.039064 -0.062200 -0.009206 0.296610
    43 3.772941 -5.489335 -0.527645 4.034818 -0.133223 -1.641906
  time 59
    0 -0.000003 -13.531250 -29.421875 1.570788 0.000007 -0.000007
    1 0.000000 3.345131 -2.981898 1.570789 0.086301 1.570789
    2 4.015625 0.000003 0.000000 0.000000 0.000000 -0.029241
    3 3.520294 0.000005 -0.000006 0.000000 0.000000 0.100332
    4 8.929688 0.000001 0.000000 0.000000 0.000000 0.194095
    5 2.035156 0.997070 1.937500 1.596487 -1.284993 2.943127
    6 6.028159 -0.000069 0.000009 -1.515823 -0.850485 -0.883023
    7 11.954293 0.062547 -0.097648 0.002095 0.193679 -1.774924
    8 11.481682 0.000088 -0.000031 1.230716 -0.562416 0.146375
    9 3.858219 -0.135628 -1.192206 -0.251095 0.104185 -0.118801
    10 1.312565 -0.000008 0.000000 -0.000002 0.054404 -0.409012
    11 0.729366 0.000002 -0.000002 -0.000001 0.040754 -0.240990
    12 3.938059 0.050853 -0.435186 -0.379709 -0.016674 -0.393832
    13 1.539091 0.000008 -0.000002 0.153287 0.085275 -0.278802
    14 1.196321 0.000000 -0.000002 0.180294 0.096657 -0.752368
    15 3.880859 -0.043121 0.427490 0.173079 -0.231527 -0.230358
    16 1.719578 0.000023 -0.000021 -0.117992 -0.078122 -0.544672
    17 1.209181 -0.000004 -0.000001 0.107099 -0.099114 -1.066322
    18 3.863281 -0.136475 1.332031 0.122642 -0.490092 0.180231
    19 1.719431 -0.000023 0.000019 -0.050274 -0.183216 -1.187224
    20 1.099676 0.000000 0.000006 -0.031266 0.008359 -0.587033
    21 0.807586 -0.343252 1.320583 -1.342788 -0.268033 -0.682746
    22 1.789787 0.000006 0.000006 0.075450 -0.418764 0.038983
    23 1.207012 0.000011 0.000000 0.017041 0.042751 0.232996
    24 2.035156 0.997070 -1.937500 -1.667267 1.282923 2.944210
    25 6.028144 -0.000011 0.000002 1.564095 0.793333 -0.843532
    26 11.423038 -0.031250 -0.093749 -0.017371 -0.080603 -1.790677
    27 11.481657 0.000043 0.000019 -1.183866 0.520519 0.156054
    28 3.858240 -0.131699 1.199994 0.887977 0.041686 -0.500120
    29 1.312567 0.000000 0.000000 -0.076006 -0.203868 -0.258727
    30 0.729362 0.000004 0.000003 -0.250341 -0.135455 -0.179419
    31 3.941406 0.050842 0.431152 0.216355 -0.007330 -0.093769
    32 1.539089 0.000008 0.000003 -0.605562 0.126574 -1.244849
    33 1.196316 0.000004 0.000005 0.000000 -0.000162 -0.332870
    34 3.880859 -0.047028 -0.427490 0.051056 0.262892 -0.068599
    35 1.719567 0.000023 0.000016 -0.461231 0.032293 -1.105404
    36 1.209175 0.000008 0.000005 0.175617 0.055179 -0.367832
    37 3.867399 -0.148186 -1.324350 -0.134961 0.400676 -0.397685
    38 1.719419 -0.000008 -0.000008 -0.082106 -0.002364 -0.236718
    39 1.099667 -0.000004 -0.000001 -0.188224 0.009145 -1.119518
    40 0.807129 -0.358887 -1.316406 1.243203 0.551773 -0.740643
    41 1.789783 -0.000002 -0.000002 -0.000009 0.003711 0.228604
    42 1.175750 0.011728 -0.039064 -0.062811 -0.008643 0.297066
    43 3.772941 -5.489335 -0.527645 4.034818 -0.133223 -1.641906
  time 60
    0 -0.000003 -13.531250 -29.421875 1.570788 0.000007 -0.000007
    1 0.000000 3.345131 -2.981898 1.570789 0.086301 1.570789
    2 4.015625 0.000003 0.000000 0.000000 0.000000 -0.029241
    3 3.520294 0.000005 -0.000006 0.000000 0.000000 0.100332
    4 8.929688 0.000001 0.000000 0.000000 0.000000 0.194095
    5 2.035156 0.997070 1.937500 1.596487 -1.284993 2.943127
    6 6.028159 -0.000069 0.000009 -1.515823 -0.850485 -0.883023
    7 11.954293 0.062547 -0.097648 0.001987 0.193629 -1.774924
    8 11.481682 0.000088 -0.000031 1.230761 -0.562402 0.146359
    9 3.858219 -0.135628 -1.192206 -0.251095 0.104185 -0.118801
    10 1.312565 -0.000008 0.000000 -0.000002 0.054404 -0.409012
    11 0.729366 0.000002 -0.000002 -0.000001 0.040754 -0.240990
    12 3.938059 0.050853 -0.435186 -0.379709 -0.016674 -0.393832
    13 1.539091 0.000008 -0.000002 0.153287 0.085275 -0.278802
    14 1.196321 0.000000 -0.000002 0.180294 0.096657 -0.752368
    15 3.880859 -0.043091 0.427490 0.173079 -0.231527 -0.230358
    16 1.719578 0.000023 -0.000021 -0.117992 -0.078122 -0.544672
    17 1.209181 -0.000004 -0.000001 0.107099 -0.099114 -1.066322
    18 3.863281 -0.136475 1.332031 0.122642 -0.490092 0.180231
    19 1.719431 -0.000023 0.000019 -0.050214 -0.183192 -1.187521
    20 1.099676 0.000000 0.000006 -0.031266 0.008359 -0.587033
    21 0.807586 -0.343252 1.320583 -1.342788 -0.268033 -0.682746
    22 1.789787 0.000006 0.000006 0.075450 -0.418764 0.038983
    23 1.207012 0.000011 0.000000 0.017952 0.042463 0.231174
    24 2.035156 0.997070 -1.937500 -1.667267 1.282923 2.944210
    25 6.028144 -0.000011 0.000002 1.564095 0.793333 -0.843532
    26 11.423038 -0.031250 -0.093749 -0.017443 -0.080654 -1.790570
    27 11.481657 0.000043 0.000019 -1.183866 0.520519 0.156054
    28 3.854334 -0.131699 1.199994 0.887977 0.041686 -0.500120
    29 1.312567 0.000000 0.000000 -0.076006 -0.203868 -0.258727
    30 0.729362 0.000004 0.000003 -0.250341 -0.135455 -0.179419
    31 3.941981 0.050872 0.435162 0.216346 -0.007336 -0.093776
    32 1.539089 0.000008 0.000003 -0.605562 0.126574 -1.244849
    33 1.196316 0.000004 0.000005 0.000000 -0.000162 -0.332870
    34 3.880859 -0.047028 -0.427490 0.051056 0.262892 -0.068599
    35 1.719567 0.000023 0.000016 -0.461231 0.032293 -1.105404
    36 1.209175 0.000008 0.000005 0.175617 0.055179 -0.367832
    37 3.867399 -0.148186 -1.324350 -0.134961 0.400676 -0.397685
    38 1.719419 -0.000008 -0.000008 -0.082106 -0.002364 -0.236718
    39 1.099667 -0.000004 -0.000001 -0.188224 0.009145 -1.119518
    40 0.811502 -0.358881 -1.312777 1.243203 0.551773 -0.740643
    41 1.789783 -0.000002 -0.000002 -0.000009 0.003711 0.228604
    42 1.175750 0.011728 -0.039064 -0.063399 -0.008103 0.297497
    43 3.775391 -5.484375 -0.527832 -2.248284 -0.133216 -1.641882
  time 61
    0 -0.000003 -13.531250 -29.421875 1.570788 0.000007 -0.000007
    1 0.000000 3.345131 -2.981898 1.570789 0.086301 1.570789
    2 4.015625 0.000003 0.000000 0.000000 0.000000 -0.029241
    3 3.520294 0.000005 -0.000006 0.000000 0.000000 0.100332
    4 8.929688 0.000001 0.000000 0.000000 0.000000 0.194095
    5 2.035156 0.997070 1.937500 1.596487 -1.284993 2.943127
    6 6.028159 -0.000069 0.000009 -1.515823 -0.850485 -0.883023
    7 11.958199 0.062547 -0.097648 0.001916 0.193596 -1.774924
    8 11.481682 0.000088 -0.000031 1.230761 -0.562402 0.146359
    9 3.858219 -0.135628 -1.192206 -0.251095 0.104185 -0.118801
    10 1.312565 -0.000008 0.000000 -0.000002 0.054404 -0.409012
    11 0.729366 0.000002 -0.000002 -0.000001 0.040754 -0.240990
    12 3.941966 0.050853 -0.435186 -0.379709 -0.016674 -0.393832
    13 1.539091 0.000008 -0.000002 0.153287 0.085275 -0.278802
    14 1.196321 0.000000 -0.000002 0.180294 0.096657 -0.752368
    15 3.880859 -0.043091 0.427490 0.173079 -0.231527 -0.230358
    16 1.719578 0.000023 -0.000021 -0.117992 -0.078122 -0.544672
    17 1.209181 -0.000004 -0.000001 0.107099 -0.099114 -1.066322
    18 3.863281 -0.136475 1.332031 0.122642 -0.490092 0.180231
    19 1.719431 -0.000023 0.000019 -0.050178 -0.183180 -1.187729
    20 1.099676 0.000000 0.000006 -0.031266 0.008359 -0.587033
    21 0.807586 -0.343252 1.320583 -1.342788 -0.268033 -0.682746
    22 1.789787 0.000006 0.000006 0.075450 -0.418764 0.038983
    23 1.207012 0.000011 0.000000 0.018935 0.042164 0.229233
    24 2.035156 0.997070 -1.937500 -1.667267 1.282923 2.944210
    25 6.028144 -0.000011 0.000002 1.564095 0.793333 -0.843532
    26 11.423038 -0.031250 -0.093749 -0.017490 -0.080692 -1.790516
    27 11.481657 0.000043 0.000019 -1.183866 0.520519 0.156054
    28 3.854334 -0.131699 1.199994 0.887977 0.041686 -0.500120
    29 1.312567 0.000000 0.000000 -0.076006 -0.203868 -0.258727
    30 0.729362 0.000004 0.000003 -0.250341 -0.135455 -0.179419
    31 3.941981 0.050872 0.435162 0.216346 -0.007336 -0.093776
    32 1.539089 0.000008 0.000003 -0.605562 0.126574 -1.244849
    33 1.196316 0.000004 0.000005 0.000000 -0.000162 -0.332870
    34 3.880859 -0.047028 -0.427490 0.051056 0.262892 -0.068599
    35 1.719567 0.000023 0.000016 -0.461231 0.032293 -1.105404
    36 1.209175 0.000008 0.000005 0.175617 0.055179 -0.367832
    37 3.867399 -0.148186 -1.324350 -0.134961 0.400676 -0.397685
    38 1.719419 -0.000008 -0.000008 -0.082106 -0.002364 -0.236718
    39 1.099667 -0.000004 -0.000001 -0.188224 0.009145 -1.119518
    40 0.811502 -0.358881 -1.312777 1.243203 0.551773 -0.740643
    41 1.789783 -0.000002 -0.000002 -0.000009 0.003711 0.228604
    42 1.175750 0.011728 -0.039064 -0.063950 -0.007564 0.297929
    43 3.775391 -5.484375 -0.527832 -2.248284 -0.133216 -1.641882
  time 62
    0 -0.000003 -13.531250 -29.421875 1.570788 0.000007 -0.000007
    1 0.000000 3.345131 -2.981898 1.570789 0.086301 1.570789
    2 4.015625 0.000003 0.000000 0.000000 0.000000 -0.029241
    3 3.520294 0.000005 -0.000006 0.000000 0.000000 0.100332
    4 8.929688 0.000001 0.000000 0.000000 0.000000 0.194095
    5 2.035156 0.997070 1.937500 1.596487 -1.284993 2.943127
    6 6.028159 -0.000069 0.000009 -1.515823 -0.850485 -0.883023
    7 11.958199 0.062547 -0.097648 0.001868 0.193579 -1.774924
    8 11.481682 0.000088 -0.000031 1.230761 -0.562402 0.146359
    9 3.858219 -0.139534 -1.192206 -0.251095 0.104185 -0.118801
    10 1.312565 -0.000008 0.000000 -0.000002 0.054404 -0.409012
    11 0.729366 0.000002 -0.000002 -0.000001 0.040754 -0.240990
    12 3.941966 0.050853 -0.435186 -0.379709 -0.016674 -0.393832
    13 1.539091 0.000008 -0.000002 0.153287 0.085275 -0.278802
    14 1.196321 0.000000 -0.000002 0.180294 0.096657 -0.752368
    15 3.880859 -0.043091 0.427490 0.173079 -0.231527 -0.230358
    16 1.719578 0.000023 -0.000021 -0.117992 -0.078122 -0.544672
    17 1.209181 -0.000004 -0.000001 0.107099 -0.099114 -1.066322
    18 3.863281 -0.136475 1.332031 0.122642 -0.490092 0.180231
    19 1.719431 -0.000023 0.000019 -0.050155 -0.183180 -1.187848
    20 1.099676 0.000000 0.000006 -0.031266 0.008359 -0.587033
    21 0.807586 -0.343252 1.320583 -1.342788 -0.268033 -0.682746
    22 1.789787 0.000006 0.000006 0.075450 -0.418764 0.038983
    23 1.207012 0.000011 0.000000 0.019965 0.041852 0.227172
    24 2.035156 0.997070 -1.937500 -1.667267 1.282923 2.944210
    25 6.028144 -0.000011 0.000002 1.564095 0.793333 -0.843532
    26 11.419132 -0.031250 -0.093749 -0.017514 -0.080718 -1.790516
    27 11.481657 0.000043 0.000019 -1.183866 0.520519 0.156054
    28 3.854334 -0.131699 1.199994 0.887977 0.041686 -0.500120
    29 1.312567 0.000000 0.000000 -0.076006 -0.203868 -0.258727
    30 0.729362 0.000004 0.000003 -0.250341 -0.135455 -0.179419
    31 3.941981 0.050872 0.435162 0.216346 -0.007336 -0.093776
    32 1.539089 0.000008 0.000003 -0.605562 0.126574 -1.244849
    33 1.196316 0.000004 0.000005 0.000000 -0.000162 -0.332870
    34 3.880859 -0.047028 -0.427490 0.051056 0.262892 -0.068599
    35 1.719567 0.000023 0.000016 -0.461231 0.032293 -1.105404
    36 1.209175 0.000008 0.000005 0.175617 0.055179 -0.367832
    37 3.867399 -0.148186 -1.324350 -0.134961 0.400676 -0.397685
    38 1.719419 -0.000008 -0.000008 -0.082106 -0.002364 -0.236718
    39 1.099667 -0.000004 -0.000001 -0.188224 0.009145 -1.119518
    40 0.811502 -0.358881 -1.312777 1.243203 0.551773 -0.740643
    41 1.789783 -0.000002 -0.000002 -0.000009 0.003711 0.228604
    42 1.175750 0.011728 -0.039064 -0.064489 -0.007049 0.298324
    43 3.775391 -5.484375 -0.527832 -2.248284 -0.133216 -1.641882
  time 63
    0 -0.000003 -13.531250 -29.421875 1.570788 0.000007 -0.000007
    1 0.000000 3.345131 -2.981898 1.570789 0.086301 1.570789
    2 4.015625 0.000003 0.000000 0.000000 0.000000 -0.029241
    3 3.520294 0.000005 -0.000006 0.000000 0.000000 0.100332
    4 8.929688 0.000001 0.000000 0.000000 0.000000 0.194095
    5 2.035156 0.997070 1.937500 1.596487 -1.284993 2.943127
    6 6.028159 -0.000069 0.000009 -1.515823 -0.850485 -0.883023
    7 11.958199 0.062547 -0.097648 0.001856 0.193579 -1.774924
    8 11.481682 0.000088 -0.000031 1.230761 -0.562402 0.146359
    9 3.858219 -0.135628 -1.192206 -0.251095 0.104185 -0.118801
    10 1.312565 -0.000008 0.000000 -0.000002 0.054404 -0.409012
    11 0.729366 0.000002 -0.000002 -0.000001 0.040754 -0.240990
    12 3.941966 0.050853 -0.435186 -0.379709 -0.016674 -0.393832
    13 1.539091 0.000008 -0.000002 0.153287 0.085275 -0.278802
    14 1.196321 0.000000 -0.000002 0.180294 0.096657 -0.752368
    15 3.880859 -0.043091 0.427490 0.173079 -0.231527 -0.230358
    16 1.719578 0.000023 -0.000021 -0.117992 -0.078122 -0.544672
    17 1.209181 -0.000004 -0.000001 0.107099 -0.099114 -1.066322
    18 3.863281 -0.136475 1.332031 0.122642 -0.490092 0.180231
    19 1.719431 -0.000023 0.000019 -0.050143 -0.183168 -1.187878
    20 1.099676 0.000000 0.000006 -0.031266 0.008359 -0.587033
    21 0.807586 -0.343252 1.320583 -1.342788 -0.268021 -0.682746
    22 1.789787 0.000006 0.000006 0.075450 -0.418764 0.038983
    23 1.207012 0.000011 0.000000 0.021056 0.041516 0.225002
    24 2.035156 0.997070 -1.937500 -1.667267 1.282923 2.944210
    25 6.028144 -0.000011 0.000002 1.564095 0.793333 -0.843532
    26 11.419132 -0.031250 -0.093749 -0.017526 -0.080718 -1.790463
    27 11.481657 0.000043 0.000019 -1.183866 0.520519 0.156054
    28 3.854334 -0.131699 1.199994 0.887977 0.041686 -0.500120
    29 1.312567 0.000000 0.000000 -0.076006 -0.203868 -0.258727
    30 0.729362 0.000004 0.000003 -0.250341 -0.135455 -0.179419
    31 3.938074 0.050872 0.435162 0.216346 -0.007336 -0.093776
    32 1.539089 0.000008 0.000003 -0.605562 0.126574 -1.244849
    33 1.196316 0.000004 0.000005 0.000000 -0.000162 -0.332870
    34 3.880859 -0.047028 -0.427490 0.051056 0.262892 -0.068599
    35 1.719567 0.000023 0.000016 -0.461231 0.032293 -1.105404
    36 1.209175 0.000008 0.000005 0.175617 0.055179 -0.367832
    37 3.863493 -0.148186 -1.324350 -0.134961 0.400676 -0.397685
    38 1.719419 -0.000008 -0.000008 -0.082106 -0.002364 -0.236718
    39 1.099667 -0.000004 -0.000001 -0.188224 0.009145 -1.119518
    40 0.811502 -0.358881 -1.312777 1.243203 0.551773 -0.740643
    41 1.789783 -0.000002 -0.000002 -0.000009 0.003711 0.228604
    42 1.175750 0.011728 -0.039064 -0.065004 -0.006557 0.298720
    43 3.775391 -5.484375 -0.527832 -2.248284 -0.133216 -1.641882
  time 64
    0 -0.000003 -13.531250 -29.421875 1.570788 0.000007 -0.000007
    1 0.000000 3.345131 -2.981898 1.570789 0.086301 1.570789
    2 4.015625 0.000003 0.000000 0.000000 0.000000 -0.029241
    3 3.520294 0.000005 -0.000006 0.000000 0.000000 0.100332
    4 8.929688 0.000001 0.000000 0.000000 0.000000 0.194095
    5 2.035156 0.997070 1.937500 1.596487 -1.284993 2.943127
    6 6.028159 -0.000069 0.000009 -1.515823 -0.850485 -0.883023
    7 11.958199 0.062547 -0.097648 0.001868 0.193579 -1.774924
    8 11.481682 0.000088 -0.000031 1.230761 -0.562402 0.146359
    9 3.854313 -0.135628 -1.192206 -0.251095 0.104185 -0.118801
    10 1.312565 -0.000008 0.000000 -0.000002 0.054404 -0.409012
    11 0.729366 0.000002 -0.000002 -0.000001 0.040754 -0.240990
    12 3.938059 0.050853 -0.435186 -0.379709 -0.016674 -0.393832
    13 1.539091 0.000008 -0.000002 0.153287 0.085275 -0.278802
    14 1.196321 0.000000 -0.000002 0.180294 0.096657 -0.752368
    15 3.880859 -0.043091 0.427490 0.173079 -0.231527 -0.230358
    16 1.719578 0.000023 -0.000021 -0.117992 -0.078122 -0.544672
    17 1.209181 -0.000004 -0.000001 0.107099 -0.099114 -1.066322
    18 3.863281 -0.136475 1.332031 0.122642 -0.490092 0.180231
    19 1.719431 -0.000023 0.000019 -0.050155 -0.183180 -1.187818
    20 1.099676 0.000000 0.000006 -0.031266 0.008359 -0.587033
    21 0.807586 -0.343252 1.320583 -1.342788 -0.268033 -0.682746
    22 1.789787 0.000006 0.000006 0.075450 -0.418764 0.038983
    23 1.207012 0.000011 0.000000 0.022206 0.041169 0.222713
    24 2.035156 0.997070 -1.937500 -1.667267 1.282923 2.944210
    25 6.028144 -0.000011 0.000002 1.564095 0.793333 -0.843532
    26 11.419132 -0.031250 -0.093749 -0.017514 -0.080718 -1.790516
    27 11.481657 0.000043 0.000019 -1.183866 0.520519 0.156054
    28 3.858240 -0.131699 1.199994 0.887977 0.041686 -0.500120
    29 1.312567 0.000000 0.000000 -0.076006 -0.203868 -0.258727
    30 0.729362 0.000004 0.000003 -0.250341 -0.135455 -0.179419
    31 3.941981 0.050872 0.435162 0.216346 -0.007336 -0.093776
    32 1.539089 0.000008 0.000003 -0.605562 0.126574 -1.244849
    33 1.196316 0.000004 0.000005 0.000000 -0.000162 -0.332870
    34 3.880859 -0.047028 -0.427490 0.051056 0.262892 -0.068599
    35 1.719567 0.000023 0.000016 -0.461231 0.032293 -1.105404
    36 1.209175 0.000008 0.000005 0.175617 0.055179 -0.367832
    37 3.867399 -0.148186 -1.324350 -0.134961 0.400676 -0.397685
    38 1.719419 -0.000008 -0.000008 -0.082106 -0.002364 -0.236718
    39 1.099667 -0.000004 -0.000001 -0.188224 0.009145 -1.119518
    40 0.811502 -0.358881 -1.316683 1.243203 0.551773 -0.740643
    41 1.789783 -0.000002 -0.000002 -0.000009 0.003711 0.228604
    42 1.175750 0.011728 -0.039064 -0.065508 -0.006054 0.299103
    43 3.775391 -5.484375 -0.527832 -2.248284 -0.133216 -1.641882
  time 65
    0 -0.000003 -13.531250 -29.421875 1.570788 0.000007 -0.000007
    1 0.000000 3.345131 -2.981898 1.570789 0.086301 1.570789
    2 4.015625 0.000003 0.000000 0.000000 0.000000 -0.029241
    3 3.520294 0.000005 -0.000006 0.000000 0.000000 0.100332
    4 8.929688 0.000001 0.000000 0.000000 0.000000 0.194095
    5 2.035156 0.997070 1.937500 1.596487 -1.284993 2.943127
    6 6.028159 -0.000069 0.000009 -1.515823 -0.850485 -0.883023
    7 11.958199 0.062547 -0.097648 0.001928 0.193612 -1.774924
    8 11.481682 0.000088 -0.000031 1.230761 -0.562402 0.146359
    9 3.858219 -0.135628 -1.192206 -0.251095 0.104185 -0.118801
    10 1.312565 -0.000008 0.000000 -0.000002 0.054404 -0.409012
    11 0.729366 0.000002 -0.000002 -0.000001 0.040754 -0.240990
    12 3.941966 0.050853 -0.435186 -0.379709 -0.016674 -0.393832
    13 1.539091 0.000008 -0.000002 0.153287 0.085275 -0.278802
    14 1.196321 0.000000 -0.000002 0.180294 0.096657 -0.752368
    15 3.880859 -0.043091 0.427490 0.173079 -0.231527 -0.230358
    16 1.719578 0.000023 -0.000021 -0.117992 -0.078122 -0.544672
    17 1.209181 -0.000004 -0.000001 0.107099 -0.099114 -1.066322
    18 3.863281 -0.136475 1.332031 0.122642 -0.490092 0.180231
    19 1.719431 -0.000023 0.000019 -0.050178 -0.183180 -1.187670
    20 1.099676 0.000000 0.000006 -0.031266 0.008359 -0.587033
    21 0.807586 -0.343252 1.320583 -1.342788 -0.268033 -0.682746
    22 1.789787 0.000006 0.000006 0.075450 -0.418764 0.038983
    23 1.207012 0.000011 0.000000 0.023417 0.040797 0.220316
    24 2.035156 0.997070 -1.937500 -1.667267 1.282923 2.944210
    25 6.028144 -0.000011 0.000002 1.564095 0.793333 -0.843532
    26 11.423038 -0.031250 -0.093749 -0.017479 -0.080679 -1.790516
    27 11.481657 0.000043 0.000019 -1.183866 0.520519 0.156054
    28 3.854334 -0.131699 1.199994 0.887977 0.041686 -0.500120
    29 1.312567 0.000000 0.000000 -0.076006 -0.203868 -0.258727
    30 0.729362 0.000004 0.000003 -0.250341 -0.135455 -0.179419
    31 3.941981 0.050872 0.435162 0.216346 -0.007336 -0.093776
    32 1.539089 0.000008 0.000003 -0.605562 0.126574 -1.244849
    33 1.196316 0.000004 0.000005 0.000000 -0.000162 -0.332870
    34 3.880859 -0.047028 -0.427490 0.051056 0.262892 -0.068599
    35 1.719567 0.000023 0.000016 -0.461231 0.032293 -1.105404
    36 1.209175 0.000008 0.000005 0.175617 0.055179 -0.367832
    37 3.867399 -0.148186 -1.324350 -0.134961 0.400676 -0.397685
    38 1.719419 -0.000008 -0.000008 -0.082106 -0.002364 -0.236718
    39 1.099667 -0.000004 -0.000001 -0.188224 0.009145 -1.119518
    40 0.811502 -0.358881 -1.312777 1.243203 0.551773 -0.740643
    41 1.789783 -0.000002 -0.000002 -0.000009 0.003711 0.228604
    42 1.175750 0.011728 -0.039064 -0.066023 -0.005515 0.299499
    43 3.775391 -5.484375 -0.527832 -2.248284 -0.133216 -1.641882
  time 66
    0 -0.000003 -13.531250 -29.421875 1.570788 0.000007 -0.000007
    1 0.000000 3.345131 -2.981898 1.570789 0.086301 1.570789
    2 4.015625 0.000003 0.000000 0.000000 0.000000 -0.029241
    3 3.520294 0.000005 -0.000006 0.000000 0.000000 0.100332
    4 8.929688 0.000001 0.000000 0.000000 0.000000 0.194095
    5 2.035156 0.997070 1.937500 1.596487 -1.284993 2.943127
    6 6.028159 -0.000069 0.000009 -1.515823 -0.850485 -0.883023
    7 11.954293 0.062547 -0.097648 0.002023 0.193646 -1.774924
    8 11.481682 0.000088 -0.000031 1.230761 -0.562402 0.146359
    9 3.858219 -0.135628 -1.192206 -0.251095 0.104185 -0.118801
    10 1.312565 -0.000008 0.000000 -0.000002 0.054404 -0.409012
    11 0.729366 0.000002 -0.000002 -0.000001 0.040754 -0.240990
    12 3.938059 0.050853 -0.435186 -0.379709 -0.016674 -0.393832
    13 1.539091 0.000008 -0.000002 0.153287 0.085275 -0.278802
    14 1.196321 0.000000 -0.000002 0.180294 0.096657 -0.752368
    15 3.880859 -0.043091 0.427490 0.173079 -0.231527 -0.230358
    16 1.719578 0.000023 -0.000021 -0.117992 -0.078122 -0.544672
    17 1.209181 -0.000004 -0.000001 0.107099 -0.099114 -1.066322
    18 3.863281 -0.136475 1.332031 0.122642 -0.490092 0.180231
    19 1.719431 -0.000023 0.000019 -0.050226 -0.183204 -1.187432
    20 1.099676 0.000000 0.000006 -0.031266 0.008359 -0.587033
    21 0.807586 -0.343252 1.320583 -1.342788 -0.268033 -0.682746
    22 1.789787 0.000006 0.000006 0.075450 -0.418764 0.038983
    23 1.207012 0.000011 0.000000 0.024675 0.040414 0.217824
    24 2.035156 0.997070 -1.937500 -1.667267 1.282923 2.944210
    25 6.028144 -0.000011 0.000002 1.564095 0.793333 -0.843532
    26 11.423038 -0.031250 -0.093749 -0.017419 -0.080641 -1.790623
    27 11.481657 0.000043 0.000019 -1.183866 0.520519 0.156054
    28 3.854334 -0.131699 1.199994 0.887977 0.041686 -0.500120
    29 1.312567 0.000000 0.000000 -0.076006 -0.203868 -0.258727
    30 0.729362 0.000004 0.000003 -0.250341 -0.135455 -0.179419
    31 3.941981 0.050872 0.435162 0.216346 -0.007336 -0.093776
    32 1.539089 0.000008 0.000003 -0.605562 0.126574 -1.244849
    33 1.196316 0.000004 0.000005 0.000000 -0.000162 -0.332870
    34 3.880859 -0.047028 -0.427490 0.051056 0.262892 -0.068599
    35 1.719567 0.000023 0.000016 -0.461231 0.032293 -1.105404
    36 1.209175 0.000008 0.000005 0.175617 0.055179 -0.367832
    37 3.867399 -0.148186 -1.324350 -0.134961 0.400676 -0.397685
    38 1.719419 -0.000008 -0.000008 -0.082106 -0.002364 -0.236718
    39 1.099667 -0.000004 -0.000001 -0.188224 0.009145 -1.119518
    40 0.811502 -0.358881 -1.312777 1.243203 0.551773 -0.740643
    41 1.789783 -0.000002 -0.000002 -0.000009 0.003711 0.228604
    42 1.175750 0.011728 -0.039064 -0.066538 -0.004963 0.299906
    43 3.775391 -5.484375 -0.527832 -2.248284 -0.133216 -1.641882
  time 67
    0 -0.000003 -13.531250 -29.421875 1.570788 0.000007 -0.000007
    1 0.000000 3.345131 -2.981898 1.570789 0.086301 1.570789
    2 4.015625 0.000003 0.000000 0.000000 0.000000 -0.029241
    3 3.520294 0.000005 -0.000006 0.000000 0.000000 0.100332
    4 8.929688 0.000001 0.000000 0.000000 0.000000 0.194095
    5 2.035156 0.997070 1.937500 1.596487 -1.284993 2.943127
    6 6.028159 -0.000069 0.000009 -1.515823 -0.850485 -0.883023
    7 11.954293 0.062547 -0.097648 0.002155 0.193696 -1.774924
    8 11.481682 0.000088 -0.000031 1.230761 -0.562402 0.146359
    9 3.858219 -0.135628 -1.192206 -0.251095 0.104185 -0.118801
    10 1.312565 -0.000008 0.000000 -0.000002 0.054404 -0.409012
    11 0.729366 0.000002 -0.000002 -0.000001 0.040754 -0.240990
    12 3.941966 0.050853 -0.435186 -0.379709 -0.016674 -0.393832
    13 1.539091 0.000008 -0.000002 0.153287 0.085275 -0.278802
    14 1.196321 0.000000 -0.000002 0.180294 0.096657 -0.752368
    15 3.880859 -0.043091 0.427490 0.173079 -0.231527 -0.230358
    16 1.719578 0.000023 -0.000021 -0.117992 -0.078122 -0.544672
    17 1.209181 -0.000004 -0.000001 0.107099 -0.099114 -1.066322
    18 3.863281 -0.136475 1.332031 0.122642 -0.490092 0.180231
    19 1.719431 -0.000023 0.000019 -0.050298 -0.183228 -1.187075
    20 1.099676 0.000000 0.000006 -0.031266 0.008359 -0.587033
    21 0.807586 -0.343252 1.320583 -1.342788 -0.268033 -0.682746
    22 1.789787 0.000006 0.000006 0.075450 -0.418764 0.038983
    23 1.207012 0.000011 0.000000 0.025982 0.040018 0.215211
    24 2.035156 0.997070 -1.937500 -1.667267 1.282923 2.944210
    25 6.028144 -0.000011 0.000002 1.564095 0.793333 -0.843532
    26 11.423038 -0.031250 -0.093749 -0.017335 -0.080578 -1.790730
    27 11.481657 0.000043 0.000019 -1.183866 0.520533 0.156054
    28 3.854334 -0.131699 1.199994 0.887977 0.041686 -0.500120
    29 1.312567 0.000000 0.000000 -0.076006 -0.203868 -0.258727
    30 0.729362 0.000004 0.000003 -0.250341 -0.135455 -0.179419
    31 3.938074 0.050872 0.435162 0.216346 -0.007336 -0.093776
    32 1.539089 0.000008 0.000003 -0.605562 0.126574 -1.244849
    33 1.196316 0.000004 0.000005 0.000000 -0.000162 -0.332870
    34 3.880859 -0.047028 -0.427490 0.051056 0.262892 -0.068599
    35 1.719567 0.000023 0.000016 -0.461231 0.032293 -1.105426
    36 1.209175 0.000008 0.000005 0.175617 0.055179 -0.367832
    37 3.863493 -0.148186 -1.324350 -0.134961 0.400676 -0.397685
    38 1.719419 -0.000008 -0.000008 -0.082106 -0.002364 -0.236718
    39 1.099667 -0.000004 -0.000001 -0.188224 0.009145 -1.119518
    40 0.811502 -0.358881 -1.312777 1.243203 0.551773 -0.740643
    41 1.789783 -0.000002 -0.000002 -0.000009 0.003711 0.228604
    42 1.175750 0.011728 -0.039064 -0.067054 -0.004388 0.300326
    43 3.775391 -5.484375 -0.527832 -2.248284 -0.133216 -1.641882
  time 68
    0 -0.000003 -13.531250 -29.421875 1.570788 0.000007 -0.000007
    1 0.000000 3.345131 -2.981898 1.570789 0.086301 1.570789
    2 4.015625 0.000003 0.000000 0.000000 0.000000 -0.029241
    3 3.520294 0.000005 -0.000006 0.000000 0.000000 0.100332
    4 8.929688 0.000001 0.000000 0.000000 0.000000 0.194095
    5 2.035156 0.997070 1.937500 1.596487 -1.284993 2.943127
    6 6.028159 -0.000069 0.000009 -1.515823 -0.850485 -0.883023
    7 11.954293 0.062547 -0.097648 0.002323 0.193762 -1.774924
    8 11.481682 0.000088 -0.000031 1.230761 -0.562402 0.146359
    9 3.858219 -0.135628 -1.192206 -0.251095 0.104185 -0.118801
    10 1.312565 -0.000008 0.000000 -0.000002 0.054404 -0.409012
    11 0.729366 0.000002 -0.000002 -0.000001 0.040754 -0.240990
    12 3.938059 0.050853 -0.435186 -0.379709 -0.016674 -0.393832
    13 1.539091 0.000008 -0.000002 0.153287 0.085275 -0.278802
    14 1.196321 0.000000 -0.000002 0.180294 0.096657 -0.752368
    15 3.880859 -0.043091 0.427490 0.173079 -0.231527 -0.230358
    16 1.719578 0.000023 -0.000021 -0.117992 -0.078122 -0.544672
    17 1.209181 -0.000004 -0.000001 0.107099 -0.099114 -1.066322
    18 3.863281 -0.136475 1.332031 0.122642 -0.490092 0.180231
    19 1.719431 -0.000023 0.000019 -0.050382 -0.183252 -1.186659
    20 1.099676 0.000000 0.000006 -0.031266 0.008359 -0.587033
    21 0.807586 -0.343252 1.320583 -1.342788 -0.268021 -0.682746
    22 1.789787 0.000006 0.000006 0.075450 -0.418764 0.038983
    23 1.207012 0.000011 0.000000 0.027348 0.039599 0.212514
    24 2.035156 0.997070 -1.937500 -1.667267 1.282923 2.944210
    25 6.028144 -0.000011 0.000002 1.564095 0.793333 -0.843532
    26 11.426944 -0.031250 -0.093749 -0.017239 -0.080489 -1.790838
    27 11.481657 0.000043 0.000019 -1.183866 0.520519 0.156054
    28 3.854334 -0.131699 1.199994 0.887977 0.041686 -0.500120
    29 1.312567 0.000000 0.000000 -0.076006 -0.203868 -0.258727
    30 0.729362 0.000004 0.000003 -0.250341 -0.135455 -0.179419
    31 3.941981 0.050872 0.435162 0.216346 -0.007336 -0.093776
    32 1.539089 0.000008 0.000003 -0.605562 0.126574 -1.244849
    33 1.196316 0.000004 0.000005 0.000000 -0.000162 -0.332870
    34 3.880859 -0.047028 -0.427490 0.051056 0.262892 -0.068599
    35 1.719567 0.000023 0.000016 -0.461231 0.032293 -1.105404
    36 1.209175 0.000008 0.000005 0.175617 0.055179 -0.367832
    37 3.867399 -0.148186 -1.324350 -0.134961 0.400676 -0.397685
    38 1.719419 -0.000008 -0.000008 -0.082106 -0.002364 -0.236718
    39 1.099667 -0.000004 -0.000001 -0.188224 0.009145 -1.119518
    40 0.811502 -0.358881 -1.312777 1.243203 0.551773 -0.740643
    41 1.789783 -0.000002 -0.000002 -0.000009 0.003711 0.228604
    42 1.175750 0.011728 -0.039064 -0.067581 -0.003789 0.300745
    43 3.775391 -5.484375 -0.527832 -2.248284 -0.133216 -1.641882
  time 69
    0 -0.000003 -13.531250 -29.421875 1.570788 0.000007 -0.000007
    1 0.000000 3.345131 -2.981898 1.570789 0.086301 1.570789
    2 4.015625 0.000003 0.000000 0.000000 0.000000 -0.029241
    3 3.520294 0.000005 -0.000006 0.000000 0.000000 0.100332
    4 8.929688 0.000001 0.000000 0.000000 0.000000 0.194095
    5 2.035156 0.997070 1.937500 1.596487 -1.284993 2.943127
    6 6.028159 -0.000069 0.000009 -1.515823 -0.850485 -0.883023
    7 11.950386 0.058641 -0.093741 0.002539 0.193829 -1.774924
    8 11.481682 0.000088 -0.000031 1.230761 -0.562402 0.146359
    9 3.858219 -0.135628 -1.192206 -0.251095 0.104185 -0.118801
    10 1.312565 -0.000008 0.000000 -0.000002 0.054404 -0.409012
    11 0.729366 0.000002 -0.000002 -0.000001 0.040754 -0.240990
    12 3.941966 0.050853 -0.435186 -0.379709 -0.016674 -0.393832
    13 1.539091 0.000008 -0.000002 0.153287 0.085275 -0.278802
    14 1.196321 0.000000 -0.000002 0.180294 0.096657 -0.752368
    15 3.880859 -0.043091 0.427490 0.173079 -0.231527 -0.230358
    16 1.719578 0.000023 -0.000021 -0.117992 -0.078122 -0.544672
    17 1.209181 -0.000004 -0.000001 0.107099 -0.099114 -1.066322
    18 3.863281 -0.136475 1.332031 0.122642 -0.490092 0.180231
    19 1.719431 -0.000023 0.000019 -0.050490 -0.183300 -1.186094
    20 1.099676 0.000000 0.000006 -0.031266 0.008359 -0.587033
    21 0.807586 -0.343252 1.320583 -1.342788 -0.268021 -0.682746
    22 1.789787 0.000006 0.000006 0.075450 -0.418764 0.038983
    23 1.207012 0.000011 0.000000 0.028750 0.039167 0.209722
    24 2.035156 0.997070 -1.937500 -1.667267 1.282923 2.944210
    25 6.028144 -0.000011 0.000002 1.564095 0.793333 -0.843532
    26 11.426944 -0.031250 -0.093749 -0.017107 -0.080387 -1.790998
    27 11.481657 0.000043 0.000019 -1.183866 0.520519 0.156054
    28 3.858240 -0.131699 1.199994 0.887977 0.041686 -0.500120
    29 1.312567 0.000000 0.000000 -0.076006 -0.203868 -0.258727
    30 0.729362 0.000004 0.000003 -0.250341 -0.135455 -0.179419
    31 3.941981 0.050872 0.435162 0.216346 -0.007336 -0.093776
    32 1.539089 0.000008 0.000003 -0.605562 0.126574 -1.244849
    33 1.196316 0.000004 0.000005 0.000000 -0.000162 -0.332870
    34 3.880859 -0.047028 -0.427490 0.051056 0.262892 -0.068599
    35 1.719567 0.000023 0.000016 -0.461231 0.032293 -1.105404
    36 1.209175 0.000008 0.000005 0.175617 0.055179 -0.367832
    37 3.867399 -0.148186 -1.324350 -0.134961 0.400676 -0.397685
    38 1.719419 -0.000008 -0.000008 -0.082106 -0.002364 -0.236718
    39 1.099667 -0.000004 -0.000001 -0.188224 0.009145 -1.119518
    40 0.811502 -0.358881 -1.312777 1.243203 0.551773 -0.740643
    41 1.789783 -0.000002 -0.000002 -0.000009 0.003711 0.228604
    42 1.175750 0.011728 -0.039064 -0.068096 -0.003178 0.301164
    43 3.775391 -5.484375 -0.527832 -2.248284 -0.133216 -1.641882
  time 70
    0 -0.000003 -13.531250 -29.421875 1.570788 0.000007 -0.000007
    1 0.000000 3.345131 -2.981898 1.570789 0.086301 1.570789
    2 4.015625 0.000003 0.000000 0.000000 0.000000 -0.029241
    3 3.520294 0.000005 -0.000006 0.000000 0.000000 0.100332
    4 8.929688 0.000001 0.000000 0.000000 0.000000 0.194095
    5 2.035156 0.997070 1.937500 1.596487 -1.284993 2.943127
    6 6.028159 -0.000069 0.000009 -1.515823 -0.850485 -0.883023
    7 11.950386 0.058641 -0.093741 0.002778 0.193928 -1.774924
    8 11.481682 0.000088 -0.000031 1.230761 -0.562402 0.146359
    9 3.858219 -0.135628 -1.192206 -0.251095 0.104185 -0.118801
    10 1.312565 -0.000008 0.000000 -0.000002 0.054404 -0.409012
    11 0.729366 0.000002 -0.000002 -0.000001 0.040754 -0.240990
    12 3.941966 0.050853 -0.435186 -0.379709 -0.016674 -0.393832
    13 1.539091 0.000008 -0.000002 0.153287 0.085275 -0.278802
    14 1.196321 0.000000 -0.000002 0.180294 0.096657 -0.752368
    15 3.880859 -0.043091 0.427490 0.173079 -0.231527 -0.230358
    16 1.719578 0.000023 -0.000021 -0.117992 -0.078122 -0.544672
    17 1.209181 -0.000004 -0.000001 0.107099 -0.099114 -1.066322
    18 3.863281 -0.136475 1.332031 0.122642 -0.490092 0.180231
    19 1.719431 -0.000023 0.000019 -0.050622 -0.183336 -1.185470
    20 1.099676 0.000000 0.000006 -0.031266 0.008359 -0.587033
    21 0.807586 -0.343252 1.320583 -1.342788 -0.268033 -0.682746
    22 1.789787 0.000006 0.000006 0.075450 -0.418764 0.038983
    23 1.207012 0.000011 0.000000 0.030200 0.038724 0.206834
    24 2.035156 0.997070 -1.937500 -1.667267 1.282923 2.944210
    25 6.028144 -0.000011 0.000002 1.564095 0.793333 -0.843532
    26 11.430851 -0.031250 -0.089843 -0.016951 -0.080260 -1.791213
    27 11.481657 0.000043 0.000019 -1.183866 0.520519 0.156054
    28 3.858240 -0.131699 1.199994 0.887977 0.041686 -0.500120
    29 1.312567 0.000000 0.000000 -0.076006 -0.203868 -0.258727
    30 0.729362 0.000004 0.000003 -0.250341 -0.135455 -0.179419
    31 3.941981 0.050872 0.435162 0.216346 -0.007336 -0.093776
    32 1.539089 0.000008 0.000003 -0.605562 0.126574 -1.244849
    33 1.196316 0.000004 0.000005 0.000000 -0.000162 -0.332870
    34 3.880859 -0.047028 -0.427490 0.051056 0.262892 -0.068599
    35 1.719567 0.000023 0.000016 -0.461231 0.032293 -1.105404
    36 1.209175 0.000008 0.000005 0.175617 0.055179 -0.367832
    37 3.867399 -0.148186 -1.324350 -0.134961 0.400676 -0.397685
    38 1.719419 -0.000008 -0.000008 -0.082106 -0.002364 -0.236718
    39 1.099667 -0.000004 -0.000001 -0.188224 0.009145 -1.119518
    40 0.811502 -0.358881 -1.312777 1.243203 0.551773 -0.740643
    41 1.789783 -0.000002 -0.000002 -0.000009 0.003711 0.228604
    42 1.175750 0.011728 -0.039064 -0.068612 -0.002554 0.301596
    43 3.775391 -5.484375 -0.527832 -2.248284 -0.133216 -1.641882
  time 71
    0 -0.000003 -13.531250 -29.421875 1.570788 0.000007 -0.000007
    1 0.000000 3.345131 -2.981898 1.570789 0.086301 1.570789
    2 4.015625 0.000003 0.000000 0.000000 0.000000 -0.029241
    3 3.520294 0.000005 -0.000006 0.000000 0.000000 0.100332
    4 8.929688 0.000001 0.000000 0.000000 0.000000 0.194095
    5 2.035156 0.997070 1.937500 1.596487 -1.284993 2.943127
    6 6.028159 -0.000069 0.000009 -1.515823 -0.850485 -0.883023
    7 11.946480 0.058641 -0.093741 0.003066 0.194028 -1.774924
    8 11.481682 0.000088 -0.000031 1.230761 -0.562402 0.146359
    9 3.854313 -0.139534 -1.192206 -0.251095 0.104185 -0.118801
    10 1.312565 -0.000008 0.000000 -0.000002 0.054404 -0.409012
    11 0.729366 0.000002 -0.000002 -0.000001 0.040754 -0.240990
    12 3.938059 0.050853 -0.435186 -0.379709 -0.016674 -0.393832
    13 1.539091 0.000008 -0.000002 0.153287 0.085275 -0.278802
    14 1.196321 0.000000 -0.000002 0.180294 0.096657 -0.752368
    15 3.880859 -0.043091 0.427490 0.173079 -0.231527 -0.230358
    16 1.719578 0.000023 -0.000021 -0.117992 -0.078122 -0.544672
    17 1.209181 -0.000004 -0.000001 0.107099 -0.099114 -1.066322
    18 3.863281 -0.136475 1.332031 0.122642 -0.490092 0.180231
    19 1.719431 -0.000023 0.000019 -0.050766 -0.183384 -1.184727
    20 1.099676 0.000000 0.000006 -0.031266 0.008359 -0.587033
    21 0.807586 -0.343252 1.320583 -1.342788 -0.268033 -0.682746
    22 1.789787 0.000006 0.000006 0.075450 -0.418764 0.038983
    23 1.207012 0.000011 0.000000 0.031698 0.038269 0.203862
    24 2.035156 0.997070 -1.937500 -1.667267 1.282923 2.944210
    25 6.028144 -0.000011 0.000002 1.564095 0.793333 -0.843532
    26 11.434757 -0.031250 -0.089843 -0.016771 -0.080120 -1.791427
    27 11.481657 0.000043 0.000019 -1.183866 0.520519 0.156054
    28 3.858240 -0.131699 1.199994 0.887977 0.041686 -0.500120
    29 1.312567 0.000000 0.000000 -0.076006 -0.203868 -0.258727
    30 0.729362 0.000004 0.000003 -0.250341 -0.135455 -0.179419
    31 3.941981 0.050872 0.435162 0.216346 -0.007336 -0.093776
    32 1.539089 0.000008 0.000003 -0.605562 0.126574 -1.244879
    33 1.196316 0.000004 0.000005 0.000000 -0.000162 -0.332870
    34 3.880859 -0.047028 -0.427490 0.051056 0.262892 -0.068599
    35 1.719567 0.000023 0.000016 -0.461231 0.032293 -1.105404
    36 1.209175 0.000008 0.000005 0.175617 0.055179 -0.367832
    37 3.867399 -0.148186 -1.324350 -0.134961 0.400676 -0.397685
    38 1.719419 -0.000008 -0.000008 -0.082106 -0.002364 -0.236718
    39 1.099667 -0.000004 -0.000001 -0.188224 0.009145 -1.119518
    40 0.811502 -0.358881 -1.312777 1.243203 0.551773 -0.740643
    41 1.789783 -0.000002 -0.000002 -0.000009 0.003711 0.228604
    42 1.175750 0.011728 -0.035157 -0.069115 -0.001919 0.302027
    43 3.775391 -5.484375 -0.527832 -2.248284 -0.133216 -1.641882
  time 72
    0 -0.000003 -13.531250 -29.421875 1.570788 0.000007 -0.000007
    1 0.000000 3.345131 -2.981898 1.570789 0.086301 1.570789
    2 4.015625 0.000003 0.000000 0.000000 0.000000 -0.029241
    3 3.520294 0.000005 -0.000006 0.000000 0.000000 0.100332
    4 8.929688 0.000001 0.000000 0.000000 0.000000 0.194095
    5 2.035156 0.997070 1.937500 1.596487 -1.284993 2.943127
    6 6.028159 -0.000069 0.000009 -1.515823 -0.850485 -0.883023
    7 11.942574 0.058641 -0.093741 0.003390 0.194161 -1.774924
    8 11.481682 0.000088 -0.000031 1.230761 -0.562402 0.146359
    9 3.858219 -0.135628 -1.192206 -0.251095 0.104185 -0.118801
    10 1.312565 -0.000008 0.000000 -0.000002 0.054404 -0.409012
    11 0.729366 0.000002 -0.000002 -0.000001 0.040754 -0.240990
    12 3.941966 0.050853 -0.435186 -0.379709 -0.016674 -0.393832
    13 1.539091 0.000008 -0.000002 0.153287 0.085275 -0.278802
    14 1.196321 0.000000 -0.000002 0.180294 0.096657 -0.752368
    15 3.880859 -0.043091 0.427490 0.173079 -0.231527 -0.230358
    16 1.719578 0.000023 -0.000021 -0.117992 -0.078122 -0.544672
    17 1.209181 -0.000004 -0.000001 0.107099 -0.099114 -1.066322
    18 3.863281 -0.136475 1.332031 0.122642 -0.490092 0.180231
    19 1.719431 -0.000023 0.000019 -0.050934 -0.183444 -1.183865
    20 1.099676 0.000000 0.000006 -0.031266 0.008359 -0.587033
    21 0.807586 -0.343252 1.320583 -1.342788 -0.268033 -0.682746
    22 1.789787 0.000006 0.000006 0.075450 -0.418764 0.038983
    23 1.207012 0.000011 0.000000 0.033232 0.037801 0.200817
    24 2.035156 0.997070 -1.937500 -1.667267 1.282923 2.944210
    25 6.028144 -0.000011 0.000002 1.564095 0.793333 -0.843532
    26 11.434757 -0.027343 -0.089843 -0.016580 -0.079955 -1.791695
    27 11.481657 0.000043 0.000019 -1.183866 0.520519 0.156054
    28 3.854334 -0.131699 1.199994 0.887977 0.041686 -0.500120
    29 1.312567 0.000000 0.000000 -0.076006 -0.203868 -0.258727
    30 0.729362 0.000004 0.000003 -0.250341 -0.135455 -0.179419
    31 3.941981 0.050872 0.435162 0.216346 -0.007336 -0.093776
    32 1.539089 0.000008 0.000003 -0.605562 0.126574 -1.244849
    33 1.196316 0.000004 0.000005 0.000000 -0.000162 -0.332870
    34 3.880859 -0.047028 -0.427490 0.051056 0.262892 -0.068599
    35 1.719567 0.000023 0.000016 -0.461231 0.032293 -1.105404
    36 1.209175 0.000008 0.000005 0.175617 0.055179 -0.367832
    37 3.863493 -0.148186 -1.324350 -0.134961 0.400676 -0.397685
    38 1.719419 -0.000008 -0.000008 -0.082106 -0.002364 -0.236718
    39 1.099667 -0.000004 -0.000001 -0.188224 0.009145 -1.119518
    40 0.811502 -0.358881 -1.312777 1.243203 0.551773 -0.740643
    41 1.789783 -0.000002 -0.000002 -0.000009 0.003711 0.228604
    42 1.175750 0.007822 -0.035157 -0.069619 -0.001284 0.302447
    43 3.775391 -5.484375 -0.527832 -2.248284 -0.133216 -1.641882
  time 73
    0 -0.000003 -13.531250 -29.421875 1.570788 0.000007 -0.000007
    1 0.000000 3.345131 -2.981898 1.570789 0.086301 1.570789
    2 4.015625 0.000003 0.000000 0.000000 0.000000 -0.029241
    3 3.520294 0.000005 -0.000006 0.000000 0.000000 0.100332
    4 8.929688 0.000001 0.000000 0.000000 0.000000 0.194095
    5 2.035156 0.997070 1.937500 1.596487 -1.284993 2.943127
    6 6.028159 -0.000069 0.000009 -1.515823 -0.850485 -0.883023
    7 11.938667 0.058641 -0.089835 0.003749 0.194294 -1.774924
    8 11.481682 0.000088 -0.000031 1.230761 -0.562402 0.146359
    9 3.858219 -0.135628 -1.192206 -0.251095 0.104185 -0.118801
    10 1.312565 -0.000008 0.000000 -0.000002 0.054404 -0.409012
    11 0.729366 0.000002 -0.000002 -0.000001 0.040754 -0.240990
    12 3.941966 0.050853 -0.435186 -0.379709 -0.016674 -0.393832
    13 1.539091 0.000008 -0.000002 0.153287 0.085275 -0.278802
    14 1.196321 0.000000 -0.000002 0.180294 0.096657 -0.752368
    15 3.880859 -0.043091 0.427490 0.173079 -0.231527 -0.230358
    16 1.719578 0.000023 -0.000021 -0.117992 -0.078122 -0.544672
    17 1.209181 -0.000004 -0.000001 0.107099 -0.099114 -1.066322
    18 3.863281 -0.136475 1.332031 0.122642 -0.490092 0.180231
    19 1.719431 -0.000023 0.000019 -0.051113 -0.183516 -1.182944
    20 1.099676 0.000000 0.000006 -0.031266 0.008359 -0.587033
    21 0.807586 -0.343252 1.320583 -1.342788 -0.268021 -0.682746
    22 1.789787 0.000006 0.000006 0.075450 -0.418764 0.038983
    23 1.207012 0.000011 0.000000 0.034802 0.037322 0.197690
    24 2.035156 0.997070 -1.937500 -1.667267 1.282923 2.944210
    25 6.028144 -0.000011 0.000002 1.564095 0.793333 -0.843532
    26 11.438663 -0.027343 -0.089843 -0.016352 -0.079777 -1.791963
    27 11.481657 0.000043 0.000019 -1.183866 0.520519 0.156054
    28 3.854334 -0.131699 1.199994 0.887977 0.041686 -0.500120
    29 1.312567 0.000000 0.000000 -0.076006 -0.203868 -0.258727
    30 0.729362 0.000004 0.000003 -0.250341 -0.135455 -0.179419
    31 3.938074 0.050872 0.435162 0.216346 -0.007336 -0.093776
    32 1.539089 0.000008 0.000003 -0.605562 0.126574 -1.244849
    33 1.196316 0.000004 0.000005 0.000000 -0.000162 -0.332870
    34 3.880859 -0.047028 -0.427490 0.051056 0.262892 -0.068599
    35 1.719567 0.000023 0.000016 -0.461231 0.032293 -1.105404
    36 1.209175 0.000008 0.000005 0.175617 0.055179 -0.367832
    37 3.863493 -0.148186 -1.324350 -0.134961 0.400676 -0.397685
    38 1.719419 -0.000008 -0.000008 -0.082106 -0.002364 -0.236718
    39 1.099667 -0.000004 -0.000001 -0.188224 0.009145 -1.119518
    40 0.811502 -0.358881 -1.312777 1.243203 0.551773 -0.740643
    41 1.789783 -0.000002 -0.000002 -0.000009 0.003711 0.228604
    42 1.175750 0.007822 -0.035157 -0.070098 -0.000649 0.302866
    43 3.775391 -5.484375 -0.527832 -2.248284 -0.133216 -1.641882
  time 74
    0 -0.000003 -13.531250 -29.421875 1.570788 0.000007 -0.000007
    1 0.000000 3.345131 -2.981898 1.570789 0.086301 1.570789
    2 4.015625 0.000003 0.000000 0.000000 0.000000 -0.029241
    3 3.520294 0.000005 -0.000006 0.000000 0.000000 0.100332
    4 8.929688 0.000001 0.000000 0.000000 0.000000 0.194095
    5 2.035156 0.997070 1.937500 1.596487 -1.284993 2.943127
    6 6.028159 -0.000069 0.000009 -1.515823 -0.850485 -0.883023
    7 11.934761 0.058641 -0.089835 0.004157 0.194444 -1.774977
    8 11.481682 0.000088 -0.000031 1.230761 -0.562419 0.146359
    9 3.858219 -0.135628 -1.192206 -0.251095 0.104185 -0.118801
    10 1.312565 -0.000008 0.000000 -0.000002 0.054404 -0.409012
    11 0.729366 0.000002 -0.000002 -0.000001 0.040754 -0.240990
    12 3.941966 0.050853 -0.435186 -0.379709 -0.016674 -0.393832
    13 1.539091 0.000008 -0.000002 0.153287 0.085275 -0.278802
    14 1.196321 0.000000 -0.000002 0.180294 0.096657 -0.752368
    15 3.880859 -0.043091 0.427490 0.173079 -0.231527 -0.230358
    16 1.719578 0.000023 -0.000021 -0.117992 -0.078122 -0.544672
    17 1.209181 -0.000004 -0.000001 0.107099 -0.099114 -1.066322
    18 3.863281 -0.136475 1.332031 0.122642 -0.490092 0.180231
    19 1.719431 -0.000023 0.000019 -0.051317 -0.183576 -1.181904
    20 1.099676 0.000000 0.000006 -0.031266 0.008359 -0.587033
    21 0.807586 -0.343252 1.320583 -1.342788 -0.268033 -0.682746
    22 1.789787 0.000006 0.000006 0.075450 -0.418764 0.038983
    23 1.207012 0.000011 0.000000 0.036408 0.036830 0.194502
    24 2.035156 0.997070 -1.937500 -1.667267 1.282923 2.944210
    25 6.028144 -0.000011 0.000002 1.564095 0.793333 -0.843532
    26 11.442570 -0.027343 -0.085936 -0.016100 -0.079587 -1.792230
    27 11.481657 0.000043 0.000019 -1.183866 0.520519 0.156054
    28 3.854334 -0.131699 1.199994 0.887977 0.041686 -0.500120
    29 1.312567 0.000000 0.000000 -0.076006 -0.203868 -0.258727
    30 0.729362 0.000004 0.000003 -0.250341 -0.135455 -0.179419
    31 3.941981 0.050872 0.435162 0.216346 -0.007336 -0.093776
    32 1.539089 0.000008 0.000003 -0.605562 0.126574 -1.244849
    33 1.196316 0.000004 0.000005 0.000000 -0.000162 -0.332870
    34 3.880859 -0.047028 -0.427490 0.051056 0.262892 -0.068599
    35 1.719567 0.000023 0.000016 -0.461231 0.032293 -1.105404
    36 1.209175 0.000008 0.000005 0.175617 0.055179 -0.367832
    37 3.867399 -0.148186 -1.324350 -0.134961 0.400676 -0.397685
    38 1.719419 -0.000008 -0.000008 -0.082106 -0.002364 -0.236718
    39 1.099667 -0.000004 -0.000001 -0.188224 0.009145 -1.119518
    40 0.811502 -0.358881 -1.312777 1.243203 0.551773 -0.740643
    41 1.789783 -0.000002 -0.000002 -0.000009 0.003711 0.228604
    42 1.179656 0.007822 -0.035157 -0.070553 -0.000026 0.303274
    43 3.775391 -5.484375 -0.527832 -2.248284 -0.133216 -1.641882
  time 75
    0 -0.000003 -13.531250 -29.421875 1.570788 0.000007 -0.000007
    1 0.000000 3.345131 -2.981898 1.570789 0.086301 1.570789
    2 4.015625 0.000003 0.000000 0.000000 0.000000 -0.029241
    3 3.520294 0.000005 -0.000006 0.000000 0.000000 0.100332
    4 8.929688 0.000001 0.000000 0.000000 0.000000 0.194095
    5 2.035156 0.997070 1.937500 1.596487 -1.284993 2.943127
    6 6.028159 -0.000069 0.000009 -1.515823 -0.850485 -0.883023
    7 11.930854 0.054735 -0.089835 0.004588 0.194610 -1.774977
    8 11.481682 0.000088 -0.000031 1.230761 -0.562402 0.146359
    9 3.858219 -0.135628 -1.192206 -0.251095 0.104185 -0.118801
    10 1.312565 -0.000008 0.000000 -0.000002 0.054404 -0.409012
    11 0.729366 0.000002 -0.000002 -0.000001 0.040754 -0.240990
    12 3.941966 0.050853 -0.435186 -0.379709 -0.016674 -0.393832
    13 1.539091 0.000008 -0.000002 0.153287 0.085275 -0.278802
    14 1.196321 0.000000 -0.000002 0.180294 0.096657 -0.752368
    15 3.880859 -0.043091 0.427490 0.173079 -0.231527 -0.230358
    16 1.719578 0.000023 -0.000021 -0.117992 -0.078122 -0.544672
    17 1.209181 -0.000004 -0.000001 0.107099 -0.099114 -1.066322
    18 3.863281 -0.136475 1.332031 0.122642 -0.490092 0.180231
    19 1.719431 -0.000023 0.000019 -0.051545 -0.183659 -1.180774
    20 1.099676 0.000000 0.000006 -0.031266 0.008359 -0.587033
    21 0.807586 -0.343252 1.320583 -1.342788 -0.268033 -0.682746
    22 1.789787 0.000006 0.000006 0.075450 -0.418764 0.038983
    23 1.207012 0.000011 0.000000 0.038038 0.036327 0.191254
    24 2.035156 0.997070 -1.937500 -1.667267 1.282923 2.944210
    25 6.028144 -0.000011 0.000002 1.564095 0.793333 -0.843532
    26 11.446476 -0.027343 -0.085936 -0.015837 -0.079371 -1.792605
    27 11.481657 0.000043 0.000019 -1.183866 0.520519 0.156054
    28 3.854334 -0.131699 1.199994 0.887977 0.041686 -0.500120
    29 1.312567 0.000000 0.000000 -0.076006 -0.203868 -0.258727
    30 0.729362 0.000004 0.000003 -0.250341 -0.135455 -0.179419
    31 3.941981 0.050872 0.435162 0.216346 -0.007336 -0.093776
    32 1.539089 0.000008 0.000003 -0.605562 0.126574 -1.244849
    33 1.196316 0.000004 0.000005 0.000000 -0.000162 -0.332870
    34 3.880859 -0.047028 -0.427490 0.051056 0.262892 -0.068599
    35 1.719567 0.000023 0.000016 -0.461231 0.032293 -1.105404
    36 1.209175 0.000008 0.000005 0.175617 0.055179 -0.367832
    37 3.867399 -0.148186 -1.324350 -0.134961 0.400676 -0.397685
    38 1.719419 -0.000008 -0.000008 -0.082106 -0.002364 -0.236718
    39 1.099667 -0.000004 -0.000001 -0.188224 0.009145 -1.119518
    40 0.811502 -0.358881 -1.312777 1.243203 0.551773 -0.740643
    41 1.789783 -0.000002 -0.000002 -0.000009 0.003711 0.228604
    42 1.179656 0.007822 -0.035157 -0.070997 0.000585 0.303657
    43 3.775391 -5.484375 -0.527832 -2.248284 -0.133216 -1.641882
  time 76
    0 -0.000003 -13.531250 -29.421875 1.570788 0.000007 -0.000007
    1 0.000000 3.345131 -2.981898 1.570789 0.086301 1.570789
    2 4.015625 0.000003 0.000000 0.000000 0.000000 -0.029241
    3 3.520294 0.000005 -0.000006 0.000000 0.000000 0.100332
    4 8.929688 0.000001 0.000000 0.000000 0.000000 0.194095
    5 2.035156 0.997070 1.937500 1.596487 -1.284993 2.943127
    6 6.028159 -0.000069 0.000009 -1.515823 -0.850485 -0.883023
    7 11.926948 0.054735 -0.085929 0.005056 0.194776 -1.774977
    8 11.481682 0.000088 -0.000031 1.230761 -0.562402 0.146359
    9 3.858219 -0.135628 -1.192206 -0.251095 0.104185 -0.118801
    10 1.312565 -0.000008 0.000000 -0.000002 0.054404 -0.409012
    11 0.729366 0.000002 -0.000002 -0.000001 0.040754 -0.240990
    12 3.941966 0.050853 -0.435186 -0.379709 -0.016674 -0.393832
    13 1.539091 0.000008 -0.000002 0.153287 0.085275 -0.278802
    14 1.196321 0.000000 -0.000002 0.180294 0.096657 -0.752368
    15 3.880859 -0.043091 0.427490 0.173079 -0.231527 -0.230358
    16 1.719578 0.000023 -0.000021 -0.117992 -0.078122 -0.544672
    17 1.209181 -0.000004 -0.000001 0.107099 -0.099114 -1.066322
    18 3.863281 -0.136475 1.332031 0.122642 -0.490092 0.180231
    19 1.719431 -0.000023 0.000019 -0.051784 -0.183743 -1.179556
    20 1.099676 0.000000 0.000006 -0.031266 0.008359 -0.587033
    21 0.807586 -0.343252 1.320583 -1.342788 -0.268033 -0.682746
    22 1.789787 0.000006 0.000006 0.075450 -0.418764 0.038983
    23 1.207012 0.000011 0.000000 0.039704 0.035824 0.187946
    24 2.035156 0.997070 -1.937500 -1.667267 1.282923 2.944210
    25 6.028144 -0.000011 0.000002 1.564095 0.793333 -0.843532
    26 11.454289 -0.027343 -0.082030 -0.015549 -0.079129 -1.792980
    27 11.481657 0.000043 0.000019 -1.183866 0.520519 0.156054
    28 3.854334 -0.131699 1.199994 0.887977 0.041686 -0.500120
    29 1.312567 0.000000 0.000000 -0.076006 -0.203868 -0.258727
    30 0.729362 0.000004 0.000003 -0.250341 -0.135455 -0.179419
    31 3.941981 0.050872 0.435162 0.216346 -0.007336 -0.093776
    32 1.539089 0.000008 0.000003 -0.605562 0.126574 -1.244879
    33 1.196316 0.000004 0.000005 0.000000 -0.000162 -0.332870
    34 3.880859 -0.047028 -0.427490 0.051056 0.262892 -0.068599
    35 1.719567 0.000023 0.000016 -0.461231 0.032293 -1.105404
    36 1.209175 0.000008 0.000005 0.175617 0.055179 -0.367832
    37 3.867399 -0.148186 -1.324350 -0.134961 0.400676 -0.397685
    38 1.719419 -0.000008 -0.000008 -0.082106 -0.002364 -0.236718
    39 1.099667 -0.000004 -0.000001 -0.188224 0.009145 -1.119518
    40 0.811502 -0.358881 -1.312777 1.243203 0.551773 -0.740643
    41 1.789783 -0.000002 -0.000002 -0.000009 0.003711 0.228604
    42 1.179656 0.007822 -0.031251 -0.071404 0.001161 0.304029
    43 3.775391 -5.484375 -0.527832 -2.248284 -0.133216 -1.641882
  time 77
    0 -0.000003 -13.531250 -29.421875 1.570788 0.000007 -0.000007
    1 0.000000 3.345131 -2.981898 1.570789 0.086301 1.570789
    2 4.015625 0.000003 0.000000 0.000000 0.000000 -0.029241
    3 3.520294 0.000005 -0.000006 0.000000 0.000000 0.100332
    4 8.929688 0.000001 0.000000 0.000000 0.000000 0.194095
    5 2.035156 0.997070 1.937500 1.596487 -1.284993 2.943127
    6 6.028159 -0.000069 0.000009 -1.515823 -0.850485 -0.883023
    7 11.923042 0.054735 -0.085929 0.005571 0.194976 -1.774977
    8 11.481682 0.000088 -0.000031 1.230761 -0.562402 0.146359
    9 3.858219 -0.135628 -1.192206 -0.251095 0.104185 -0.118801
    10 1.312565 -0.000008 0.000000 -0.000002 0.054404 -0.409012
    11 0.729366 0.000002 -0.000002 -0.000001 0.040754 -0.240990
    12 3.941966 0.050853 -0.435186 -0.379709 -0.016674 -0.393832
    13 1.539091 0.000008 -0.000002 0.153287 0.085275 -0.278802
    14 1.196321 0.000000 -0.000002 0.180294 0.096657 -0.752368
    15 3.880859 -0.043091 0.427490 0.173079 -0.231527 -0.230358
    16 1.719578 0.000023 -0.000021 -0.117992 -0.078122 -0.544672
    17 1.209181 -0.000004 -0.000001 0.107099 -0.099114 -1.066322
    18 3.863281 -0.136475 1.332031 0.122642 -0.490092 0.180231
    19 1.719431 -0.000023 0.000019 -0.052048 -0.183827 -1.178248
    20 1.099676 0.000000 0.000006 -0.031266 0.008359 -0.587033
    21 0.807586 -0.343252 1.320583 -1.342788 -0.268021 -0.682746
    22 1.789787 0.000006 0.000006 0.075450 -0.418764 0.038983
    23 1.207012 0.000011 0.000000 0.041394 0.035308 0.184602
    24 2.035156 0.997070 -1.937500 -1.667267 1.282923 2.944210
    25 6.028144 -0.000011 0.000002 1.564095 0.793333 -0.843532
    26 11.458195 -0.027343 -0.082030 -0.015237 -0.078888 -1.793355
    27 11.481657 0.000043 0.000019 -1.183866 0.520519 0.156054
    28 3.854334 -0.131699 1.199994 0.887977 0.041686 -0.500120
    29 1.312567 0.000000 0.000000 -0.076006 -0.203868 -0.258727
    30 0.729362 0.000004 0.000003 -0.250341 -0.135455 -0.179419
    31 3.938074 0.050872 0.435162 0.216346 -0.007336 -0.093776
    32 1.539089 0.000008 0.000003 -0.605562 0.126574 -1.244849
    33 1.196316 0.000004 0.000005 0.000000 -0.000162 -0.332870
    34 3.880859 -0.047028 -0.427490 0.051056 0.262892 -0.068599
    35 1.719567 0.000023 0.000016 -0.461231 0.032293 -1.105404
    36 1.209175 0.000008 0.000005 0.175617 0.055179 -0.367832
    37 3.867399 -0.148186 -1.324350 -0.134961 0.400676 -0.397685
    38 1.719419 -0.000008 -0.000008 -0.082106 -0.002364 -0.236718
    39 1.099667 -0.000004 -0.000001 -0.188224 0.009145 -1.119518
    40 0.811502 -0.358881 -1.312777 1.243203 0.551773 -0.740643
    41 1.789783 -0.000002 -0.000002 -0.000009 0.003711 0.228604
    42 1.179656 0.007822 -0.031251 -0.071788 0.001712 0.304376
    43 3.775391 -5.484375 -0.527832 -2.248284 -0.133216 -1.641882
  time 78
    0 -0.000003 -13.531250 -29.421875 1.570788 0.000007 -0.000007
    1 0.000000 3.345131 -2.981898 1.570789 0.086301 1.570789
    2 4.015625 0.000003 0.000000 0.000000 0.000000 -0.029241
    3 3.520294 0.000005 -0.000006 0.000000 0.000000 0.100332
    4 8.929688 0.000001 0.000000 0.000000 0.000000 0.194095
    5 2.035156 0.997070 1.937500 1.596487 -1.284993 2.943127
    6 6.028159 -0.000069 0.000009 -1.515823 -0.850485 -0.883023
    7 11.915229 0.050828 -0.082022 0.006110 0.195175 -1.774977
    8 11.481682 0.000088 -0.000031 1.230761 -0.562419 0.146359
    9 3.854313 -0.135628 -1.192206 -0.251095 0.104185 -0.118801
    10 1.312565 -0.000008 0.000000 -0.000002 0.054404 -0.409012
    11 0.729366 0.000002 -0.000002 -0.000001 0.040754 -0.240990
    12 3.938059 0.050853 -0.435186 -0.379709 -0.016674 -0.393832
    13 1.539091 0.000008 -0.000002 0.153287 0.085275 -0.278802
    14 1.196321 0.000000 -0.000002 0.180294 0.096657 -0.752368
    15 3.880859 -0.043091 0.427490 0.173079 -0.231527 -0.230358
    16 1.719578 0.000023 -0.000021 -0.117992 -0.078122 -0.544672
    17 1.209181 -0.000004 -0.000001 0.107099 -0.099114 -1.066322
    18 3.863281 -0.136475 1.332031 0.122642 -0.490092 0.180231
    19 1.719431 -0.000023 0.000019 -0.052324 -0.183923 -1.176851
    20 1.099676 0.000000 0.000006 -0.031266 0.008359 -0.587033
    21 0.807586 -0.343252 1.320583 -1.342788 -0.268033 -0.682746
    22 1.789787 0.000006 0.000006 0.075450 -0.418764 0.038983
    23 1.207012 0.000011 0.000000 0.043096 0.034781 0.181211
    24 2.035156 0.997070 -1.937500 -1.667267 1.282923 2.944210
    25 6.028144 -0.000011 0.000002 1.564095 0.793333 -0.843532
    26 11.462102 -0.027343 -0.078124 -0.014902 -0.078621 -1.793784
    27 11.481657 0.000043 0.000019 -1.183866 0.520519 0.156054
    28 3.854334 -0.131699 1.199994 0.887977 0.041686 -0.500120
    29 1.312567 0.000000 0.000000 -0.076006 -0.203868 -0.258727
    30 0.729362 0.000004 0.000003 -0.250341 -0.135455 -0.179419
    31 3.941981 0.050872 0.435162 0.216346 -0.007336 -0.093776
    32 1.539089 0.000008 0.000003 -0.605562 0.126574 -1.244849
    33 1.196316 0.000004 0.000005 0.000000 -0.000162 -0.332870
    34 3.880859 -0.047028 -0.427490 0.051056 0.262892 -0.068599
    35 1.719567 0.000023 0.000016 -0.461231 0.032293 -1.105404
    36 1.209175 0.000008 0.000005 0.175617 0.055179 -0.367832
    37 3.867399 -0.148186 -1.324350 -0.134961 0.400676 -0.397685
    38 1.719419 -0.000008 -0.000008 -0.082106 -0.002364 -0.236718
    39 1.099667 -0.000004 -0.000001 -0.188224 0.009145 -1.119518
    40 0.811502 -0.358881 -1.312777 1.243203 0.551773 -0.740643
    41 1.789783 -0.000002 -0.000002 -0.000009 0.003711 0.228604
    42 1.179656 0.007822 -0.031251 -0.072147 0.002227 0.304700
    43 3.775391 -5.484375 -0.527832 -2.248284 -0.133216 -1.641882
  time 79
    0 -0.000003 -13.531250 -29.421875 1.570788 0.000007 -0.000007
    1 0.000000 3.345131 -2.981898 1.570789 0.086301 1.570789
    2 4.015625 0.000003 0.000000 0.000000 0.000000 -0.029241
    3 3.520294 0.000005 -0.000006 0.000000 0.000000 0.100332
    4 8.929688 0.000001 0.000000 0.000000 0.000000 0.194095
    5 2.035156 0.997070 1.937500 1.596487 -1.284993 2.943127
    6 6.028159 -0.000069 0.000009 -1.515823 -0.850485 -0.883023
    7 11.911323 0.050828 -0.082022 0.006673 0.195391 -1.775029
    8 11.481682 0.000088 -0.000031 1.230761 -0.562402 0.146359
    9 3.858219 -0.135628 -1.192206 -0.251095 0.104185 -0.118801
    10 1.312565 -0.000008 0.000000 -0.000002 0.054404 -0.409012
    11 0.729366 0.000002 -0.000002 -0.000001 0.040754 -0.240990
    12 3.941966 0.050853 -0.435186 -0.379709 -0.016674 -0.393832
    13 1.539091 0.000008 -0.000002 0.153287 0.085275 -0.278802
    14 1.196321 0.000000 -0.000002 0.180294 0.096657 -0.752368
    15 3.880859 -0.043091 0.427490 0.173079 -0.231527 -0.230358
    16 1.719578 0.000023 -0.000021 -0.117992 -0.078122 -0.544672
    17 1.209181 -0.000004 -0.000001 0.107099 -0.099114 -1.066322
    18 3.863281 -0.136475 1.332031 0.122642 -0.490092 0.180231
    19 1.719431 -0.000023 0.000019 -0.052611 -0.184031 -1.175365
    20 1.099676 0.000000 0.000006 -0.031266 0.008359 -0.587033
    21 0.807586 -0.343252 1.320583 -1.342788 -0.268021 -0.682746
    22 1.789787 0.000006 0.000006 0.075450 -0.418764 0.038983
    23 1.207012 0.000011 0.000000 0.044821 0.034254 0.177783
    24 2.035156 0.997070 -1.937500 -1.667267 1.282923 2.944210
    25 6.028144 -0.000011 0.000002 1.564095 0.793333 -0.843532
    26 11.469914 -0.023437 -0.078124 -0.014554 -0.078329 -1.794213
    27 11.481657 0.000043 0.000019 -1.183866 0.520519 0.156054
    28 3.854334 -0.131699 1.199994 0.887977 0.041686 -0.500120
    29 1.312567 0.000000 0.000000 -0.076006 -0.203868 -0.258727
    30 0.729362 0.000004 0.000003 -0.250341 -0.135455 -0.179419
    31 3.941981 0.050872 0.435162 0.216346 -0.007336 -0.093776
    32 1.539089 0.000008 0.000003 -0.605562 0.126574 -1.244849
    33 1.196316 0.000004 0.000005 0.000000 -0.000162 -0.332870
    34 3.880859 -0.047028 -0.427490 0.051056 0.262892 -0.068599
    35 1.719567 0.000023 0.000016 -0.461231 0.032293 -1.105404
    36 1.209175 0.000008 0.000005 0.175617 0.055179 -0.367832
    37 3.867399 -0.148186 -1.324350 -0.134961 0.400676 -0.397685
    38 1.719419 -0.000008 -0.000008 -0.082106 -0.002364 -0.236718
    39 1.099667 -0.000004 -0.000001 -0.188224 0.009145 -1.119518
    40 0.811502 -0.358881 -1.312777 1.243203 0.551773 -0.740643
    41 1.789783 -0.000002 -0.000002 -0.000009 0.003711 0.228604
    42 1.183563 0.007822 -0.031251 -0.072459 0.002695 0.304988
    43 3.775391 -5.484375 -0.527832 -2.248284 -0.133216 -1.641882
  time 80
    0 -0.000003 -13.531250 -29.421875 1.570788 0.000007 -0.000007
    1 0.000000 3.345131 -2.981898 1.570789 0.086301 1.570789
    2 4.015625 0.000003 0.000000 0.000000 0.000000 -0.029241
    3 3.520294 0.000005 -0.000006 0.000000 0.000000 0.100332
    4 8.929688 0.000001 0.000000 0.000000 0.000000 0.194095
    5 2.035156 0.997070 1.937500 1.596487 -1.284993 2.943127
    6 6.028159 -0.000069 0.000009 -1.515823 -0.850485 -0.883023
    7 11.903510 0.050828 -0.078116 0.007285 0.195607 -1.775029
    8 11.481682 0.000088 -0.000031 1.230761 -0.562402 0.146359
    9 3.854313 -0.135628 -1.192206 -0.251095 0.104185 -0.118801
    10 1.312565 -0.000008 0.000000 -0.000002 0.054404 -0.409012
    11 0.729366 0.000002 -0.000002 -0.000001 0.040754 -0.240990
    12 3.938059 0.050853 -0.435186 -0.379709 -0.016674 -0.393832
    13 1.539091 0.000008 -0.000002 0.153287 0.085275 -0.278802
    14 1.196321 0.000000 -0.000002 0.180294 0.096657 -0.752368
    15 3.880859 -0.043091 0.427490 0.173079 -0.231527 -0.230358
    16 1.719578 0.000023 -0.000021 -0.117992 -0.078122 -0.544672
    17 1.209181 -0.000004 -0.000001 0.107099 -0.099114 -1.066322
    18 3.863281 -0.136475 1.332031 0.122642 -0.490092 0.180231
    19 1.719431 -0.000023 0.000019 -0.052923 -0.184127 -1.173790
    20 1.099676 0.000000 0.000006 -0.031266 0.008359 -0.587033
    21 0.807586 -0.343252 1.320583 -1.342788 -0.268033 -0.682746
    22 1.789787 0.000006 0.000006 0.075450 -0.418764 0.038983
    23 1.207012 0.000011 0.000000 0.046559 0.033726 0.174320
    24 2.035156 0.997070 -1.937500 -1.667267 1.282923 2.944210
    25 6.028144 -0.000011 0.000002 1.564095 0.793333 -0.843532
    26 11.473821 -0.023437 -0.074217 -0.014183 -0.078036 -1.794641
    27 11.481657 0.000043 0.000019 -1.183866 0.520519 0.156054
    28 3.858240 -0.131699 1.199994 0.887977 0.041686 -0.500120
    29 1.312567 0.000000 0.000000 -0.076006 -0.203868 -0.258727
    30 0.729362 0.000004 0.000003 -0.250341 -0.135455 -0.179419
    31 3.941981 0.050872 0.435162 0.216346 -0.007336 -0.093776
    32 1.539089 0.000008 0.000003 -0.605562 0.126574 -1.244849
    33 1.196316 0.000004 0.000005 0.000000 -0.000162 -0.332870
    34 3.880859 -0.047028 -0.427490 0.051056 0.262892 -0.068599
    35 1.719567 0.000023 0.000016 -0.461231 0.032293 -1.105404
    36 1.209175 0.000008 0.000005 0.175617 0.055179 -0.367832
    37 3.867399 -0.148186 -1.324350 -0.134961 0.400676 -0.397685
    38 1.719419 -0.000008 -0.000008 -0.082106 -0.002364 -0.236718
    39 1.099667 -0.000004 -0.000001 -0.188224 0.009145 -1.119518
    40 0.811502 -0.358881 -1.312777 1.243203 0.551773 -0.740643
    41 1.789783 -0.000002 -0.000002 -0.000009 0.003711 0.228604
    42 1.183563 0.007822 -0.031251 -0.072746 0.003126 0.305251
    43 3.775391 -5.484375 -0.527832 -2.248284 -0.133216 -1.641882
  time 81
    0 -0.000003 -13.531250 -29.421875 1.570788 0.000007 -0.000007
    1 0.000000 3.345131 -2.981898 1.570789 0.086301 1.570789
    2 4.015625 0.000003 0.000000 0.000000 0.000000 -0.029241
    3 3.520294 0.000005 -0.000006 0.000000 0.000000 0.100332
    4 8.929688 0.000001 0.000000 0.000000 0.000000 0.194095
    5 2.035156 0.997070 1.937500 1.596487 -1.284993 2.943127
    6 6.028159 -0.000069 0.000009 -1.515823 -0.850485 -0.883023
    7 11.899603 0.046922 -0.074210 0.007908 0.195840 -1.775029
    8 11.481682 0.000088 -0.000031 1.230761 -0.562402 0.146359
    9 3.858219 -0.135628 -1.192206 -0.251095 0.104185 -0.118801
    10 1.312565 -0.000008 0.000000 -0.000002 0.054404 -0.409012
    11 0.729366 0.000002 -0.000002 -0.000001 0.040754 -0.240990
    12 3.938059 0.050853 -0.435186 -0.379709 -0.016674 -0.393832
    13 1.539091 0.000008 -0.000002 0.153287 0.085275 -0.278802
    14 1.196321 0.000000 -0.000002 0.180294 0.096657 -0.752368
    15 3.880859 -0.043091 0.427490 0.173079 -0.231527 -0.230358
    16 1.719578 0.000023 -0.000021 -0.117992 -0.078122 -0.544672
    17 1.209181 -0.000004 -0.000001 0.107099 -0.099114 -1.066322
    18 3.863281 -0.136475 1.332031 0.122642 -0.490092 0.180231
    19 1.719431 -0.000023 0.000019 -0.053247 -0.184247 -1.172156
    20 1.099676 0.000000 0.000006 -0.031266 0.008359 -0.587033
    21 0.807586 -0.343252 1.320583 -1.342788 -0.268033 -0.682746
    22 1.789787 0.000006 0.000006 0.075450 -0.418764 0.038983
    23 1.207012 0.000011 0.000000 0.048309 0.033199 0.170856
    24 2.035156 0.997070 -1.937500 -1.667267 1.282923 2.944210
    25 6.028144 -0.000011 0.000002 1.564095 0.793333 -0.843532
    26 11.481633 -0.023437 -0.074217 -0.013787 -0.077719 -1.795177
    27 11.481657 0.000043 0.000019 -1.183866 0.520519 0.156054
    28 3.854334 -0.131699 1.199994 0.887977 0.041686 -0.500120
    29 1.312567 0.000000 0.000000 -0.076006 -0.203868 -0.258727
    30 0.729362 0.000004 0.000003 -0.250341 -0.135455 -0.179419
    31 3.941981 0.050872 0.435162 0.216346 -0.007336 -0.093776
    32 1.539089 0.000008 0.000003 -0.605562 0.126574 -1.244879
    33 1.196316 0.000004 0.000005 0.000000 -0.000162 -0.332870
    34 3.880859 -0.047028 -0.427490 0.051056 0.262892 -0.068599
    35 1.719567 0.000023 0.000016 -0.461231 0.032293 -1.105404
    36 1.209175 0.000008 0.000005 0.175617 0.055179 -0.367832
    37 3.867399 -0.148186 -1.324350 -0.134961 0.400676 -0.397685
    38 1.719419 -0.000008 -0.000008 -0.082106 -0.002364 -0.236718
    39 1.099667 -0.000004 -0.000001 -0.188224 0.009145 -1.119518
    40 0.811502 -0.358881 -1.312777 1.243203 0.551773 -0.740643
    41 1.789783 -0.000002 -0.000002 -0.000009 0.003711 0.228604
    42 1.183563 0.007822 -0.027345 -0.072986 0.003498 0.305479
    43 3.775391 -5.484375 -0.527832 -2.248284 -0.133216 -1.641882
  time 82
    0 -0.000003 -13.531250 -29.421875 1.570788 0.000007 -0.000007
    1 0.000000 3.345131 -2.981898 1.570789 0.086301 1.570789
    2 4.015625 0.000003 0.000000 0.000000 0.000000 -0.029241
    3 3.520294 0.000005 -0.000006 0.000000 0.000000 0.100332
    4 8.929688 0.000001 0.000000 0.000000 0.000000 0.194095
    5 2.035156 0.997070 1.937500 1.596487 -1.284993 2.943127
    6 6.028159 -0.000069 0.000009 -1.515823 -0.850485 -0.883023
    7 11.891791 0.046922 -0.074210 0.008567 0.196090 -1.775029
    8 11.481682 0.000088 -0.000031 1.230761 -0.562402 0.146359
    9 3.854313 -0.135628 -1.192206 -0.251095 0.104185 -0.118801
    10 1.312565 -0.000008 0.000000 -0.000002 0.054404 -0.409012
    11 0.729366 0.000002 -0.000002 -0.000001 0.040754 -0.240990
    12 3.941966 0.050853 -0.435186 -0.379709 -0.016674 -0.393832
    13 1.539091 0.000008 -0.000002 0.153287 0.085275 -0.278802
    14 1.196321 0.000000 -0.000002 0.180294 0.096657 -0.752368
    15 3.880859 -0.043091 0.427490 0.173079 -0.231527 -0.230358
    16 1.719578 0.000023 -0.000021 -0.117992 -0.078122 -0.544672
    17 1.209181 -0.000004 -0.000001 0.107099 -0.099114 -1.066322
    18 3.863281 -0.136475 1.332031 0.122642 -0.490092 0.180231
    19 1.719431 -0.000023 0.000019 -0.053582 -0.184355 -1.170432
    20 1.099676 0.000000 0.000006 -0.031266 0.008359 -0.587033
    21 0.807586 -0.343252 1.320583 -1.342788 -0.268033 -0.682746
    22 1.789787 0.000006 0.000006 0.075450 -0.418764 0.038983
    23 1.207012 0.000011 0.000000 0.050059 0.032660 0.167368
    24 2.035156 0.997070 -1.937500 -1.667267 1.282923 2.944210
    25 6.028144 -0.000011 0.000002 1.564095 0.793333 -0.843532
    26 11.485540 -0.023437 -0.070311 -0.013392 -0.077401 -1.795659
    27 11.481657 0.000043 0.000019 -1.183866 0.520519 0.156054
    28 3.854334 -0.131699 1.199994 0.887977 0.041686 -0.500120
    29 1.312567 0.000000 0.000000 -0.076006 -0.203868 -0.258727
    30 0.729362 0.000004 0.000003 -0.250341 -0.135455 -0.179419
    31 3.941981 0.050872 0.435162 0.216346 -0.007336 -0.093776
    32 1.539089 0.000008 0.000003 -0.605562 0.126574 -1.244849
    33 1.196316 0.000004 0.000005 0.000000 -0.000162 -0.332870
    34 3.880859 -0.047028 -0.427490 0.051056 0.262892 -0.068599
    35 1.719567 0.000023 0.000016 -0.461231 0.032293 -1.105404
    36 1.209175 0.000008 0.000005 0.175617 0.055179 -0.367832
    37 3.867399 -0.148186 -1.324350 -0.134961 0.400676 -0.397685
    38 1.719419 -0.000008 -0.000008 -0.082106 -0.002364 -0.236718
    39 1.099667 -0.000004 -0.000001 -0.188224 0.009145 -1.119518
    40 0.811502 -0.358881 -1.312777 1.243203 0.551773 -0.740643
    41 1.789783 -0.000002 -0.000002 -0.000009 0.003711 0.228604
    42 1.183563 0.007822 -0.027345 -0.073202 0.003833 0.305671
    43 3.775391 -5.484375 -0.527832 -2.248284 -0.133216 -1.641882
  time 83
    0 -0.000003 -13.531250 -29.421875 1.570788 0.000007 -0.000007
    1 0.000000 3.345131 -2.981898 1.570789 0.086301 1.570789
    2 4.015625 0.000003 0.000000 0.000000 0.000000 -0.029241
    3 3.520294 0.000005 -0.000006 0.000000 0.000000 0.100332
    4 8.929688 0.000001 0.000000 0.000000 0.000000 0.194095
    5 2.035156 0.997070 1.937500 1.596487 -1.284993 2.943127
    6 6.028159 -0.000069 0.000009 -1.515823 -0.850485 -0.883023
    7 11.887884 0.046922 -0.070303 0.009250 0.196356 -1.775082
    8 11.481682 0.000088 -0.000031 1.230761 -0.562402 0.146359
    9 3.858219 -0.135628 -1.192206 -0.251095 0.104185 -0.118801
    10 1.312565 -0.000008 0.000000 -0.000002 0.054404 -0.409012
    11 0.729366 0.000002 -0.000002 -0.000001 0.040754 -0.240990
    12 3.941966 0.050853 -0.435186 -0.379709 -0.016674 -0.393832
    13 1.539091 0.000008 -0.000002 0.153287 0.085275 -0.278802
    14 1.196321 0.000000 -0.000002 0.180294 0.096657 -0.752368
    15 3.880859 -0.043091 0.427490 0.173079 -0.231527 -0.230358
    16 1.719578 0.000023 -0.000021 -0.117992 -0.078122 -0.544672
    17 1.209181 -0.000004 -0.000001 0.107099 -0.099114 -1.066322
    18 3.863281 -0.136475 1.332031 0.122642 -0.490092 0.180231
    19 1.719431 -0.000023 0.000019 -0.053942 -0.184474 -1.168678
    20 1.099676 0.000000 0.000006 -0.031266 0.008359 -0.587033
    21 0.807586 -0.343252 1.320583 -1.342788 -0.268033 -0.682746
    22 1.789787 0.000006 0.000006 0.075450 -0.418764 0.038983
    23 1.207012 0.000011 0.000000 0.051808 0.032120 0.163881
    24 2.035156 0.997070 -1.937500 -1.667267 1.282923 2.944210
    25 6.028144 -0.000011 0.000002 1.564095 0.793333 -0.843532
    26 11.493353 -0.023437 -0.070311 -0.012960 -0.077058 -1.796195
    27 11.481657 0.000043 0.000019 -1.183866 0.520519 0.156054
    28 3.854334 -0.131699 1.199994 0.887977 0.041686 -0.500120
    29 1.312567 0.000000 0.000000 -0.076006 -0.203868 -0.258727
    30 0.729362 0.000004 0.000003 -0.250341 -0.135455 -0.179419
    31 3.941981 0.050872 0.435162 0.216346 -0.007336 -0.093776
    32 1.539089 0.000008 0.000003 -0.605562 0.126574 -1.244849
    33 1.196316 0.000004 0.000005 0.000000 -0.000162 -0.332870
    34 3.880859 -0.047028 -0.427490 0.051056 0.262892 -0.068599
    35 1.719567 0.000023 0.000016 -0.461231 0.032293 -1.105404
    36 1.209175 0.000008 0.000005 0.175617 0.055179 -0.367832
    37 3.867399 -0.148186 -1.324350 -0.134961 0.400676 -0.397685
    38 1.719419 -0.000008 -0.000008 -0.082106 -0.002364 -0.236718
    39 1.099667 -0.000004 -0.000001 -0.188224 0.009145 -1.119518
    40 0.811502 -0.358881 -1.312777 1.243203 0.551773 -0.740643
    41 1.789783 -0.000002 -0.000002 -0.000009 0.003711 0.228604
    42 1.183563 0.007822 -0.027345 -0.073370 0.004097 0.305838
    43 3.775391 -5.484375 -0.527832 -2.248284 -0.133216 -1.641882
  time 84
    0 -0.000003 -13.531250 -29.421875 1.570788 0.000007 -0.000007
    1 0.000000 3.345131 -2.981898 1.570789 0.086301 1.570789
    2 4.015625 0.000003 0.000000 0.000000 0.000000 -0.029241
    3 3.520294 0.000005 -0.000006 0.000000 0.000000 0.100332
    4 8.929688 0.000001 0.000000 0.000000 0.000000 0.194095
    5 2.035156 0.997070 1.937500 1.596487 -1.284993 2.943127
    6 6.028159 -0.000069 0.000009 -1.515823 -0.850485 -0.883023
    7 11.880072 0.043016 -0.070303 0.009969 0.196605 -1.775082
    8 11.481682 0.000088 -0.000031 1.230761 -0.562402 0.146359
    9 3.858219 -0.135628 -1.192206 -0.251095 0.104185 -0.118801
    10 1.312565 -0.000008 0.000000 -0.000002 0.054404 -0.409012
    11 0.729366 0.000002 -0.000002 -0.000001 0.040754 -0.240990
    12 3.938059 0.050853 -0.435186 -0.379709 -0.016674 -0.393832
    13 1.539091 0.000008 -0.000002 0.153287 0.085275 -0.278802
    14 1.196321 0.000000 -0.000002 0.180294 0.096657 -0.752368
    15 3.880859 -0.043091 0.427490 0.173079 -0.231527 -0.230358
    16 1.719578 0.000023 -0.000021 -0.117992 -0.078122 -0.544672
    17 1.209181 -0.000004 -0.000001 0.107099 -0.099114 -1.066322
    18 3.863281 -0.136475 1.332031 0.122642 -0.490092 0.180231
    19 1.719431 -0.000023 0.000019 -0.054301 -0.184594 -1.166836
    20 1.099676 0.000000 0.000006 -0.031266 0.008359 -0.587033
    21 0.807586 -0.343252 1.320583 -1.342788 -0.268033 -0.682746
    22 1.789787 0.000006 0.000006 0.075450 -0.418764 0.038983
    23 1.207012 0.000011 0.000000 0.053558 0.031593 0.160393
    24 2.035156 0.997070 -1.937500 -1.667267 1.282923 2.944210
    25 6.028144 -0.000011 0.000002 1.564095 0.793333 -0.843532
    26 11.501165 -0.019531 -0.066404 -0.012529 -0.076702 -1.796731
    27 11.481657 0.000043 0.000019 -1.183866 0.520519 0.156054
    28 3.854334 -0.131699 1.199994 0.887977 0.041686 -0.500120
    29 1.312567 0.000000 0.000000 -0.076006 -0.203868 -0.258727
    30 0.729362 0.000004 0.000003 -0.250341 -0.135455 -0.179419
    31 3.941981 0.050872 0.435162 0.216346 -0.007336 -0.093776
    32 1.539089 0.000008 0.000003 -0.605562 0.126574 -1.244849
    33 1.196316 0.000004 0.000005 0.000000 -0.000162 -0.332870
    34 3.880859 -0.047028 -0.427490 0.051056 0.262892 -0.068599
    35 1.719567 0.000023 0.000016 -0.461231 0.032293 -1.105404
    36 1.209175 0.000008 0.000005 0.175617 0.055179 -0.367832
    37 3.867399 -0.148186 -1.324350 -0.134961 0.400676 -0.397685
    38 1.719419 -0.000008 -0.000008 -0.082106 -0.002364 -0.236718
    39 1.099667 -0.000004 -0.000001 -0.188224 0.009145 -1.119518
    40 0.811502 -0.358881 -1.312777 1.243203 0.551773 -0.740643
    41 1.789783 -0.000002 -0.000002 -0.000009 0.003711 0.228604
    42 1.183563 0.007822 -0.027345 -0.073514 0.004325 0.305970
    43 3.775391 -5.484375 -0.527832 -2.248284 -0.133216 -1.641882
  time 85
    0 -0.000003 -13.531250 -29.421875 1.570788 0.000007 -0.000007
    1 0.000000 3.345131 -2.981898 1.570789 0.086301 1.570789
    2 4.015625 0.000003 0.000000 0.000000 0.000000 -0.029241
    3 3.520294 0.000005 -0.000006 0.000000 0.000000 0.100332
    4 8.929688 0.000001 0.000000 0.000000 0.000000 0.194095
    5 2.035156 0.997070 1.937500 1.596487 -1.284993 2.943127
    6 6.028159 -0.000069 0.000009 -1.515823 -0.850485 -0.883023
    7 11.872259 0.043016 -0.066397 0.010688 0.196888 -1.775082
    8 11.481682 0.000088 -0.000031 1.230761 -0.562402 0.146359
    9 3.858219 -0.135628 -1.192206 -0.251095 0.104185 -0.118801
    10 1.312565 -0.000008 0.000000 -0.000002 0.054404 -0.409012
    11 0.729366 0.000002 -0.000002 -0.000001 0.040754 -0.240990
    12 3.941966 0.050853 -0.435186 -0.379709 -0.016674 -0.393832
    13 1.539091 0.000008 -0.000002 0.153287 0.085275 -0.278802
    14 1.196321 0.000000 -0.000002 0.180294 0.096657 -0.752368
    15 3.880859 -0.043091 0.427490 0.173079 -0.231527 -0.230358
    16 1.719578 0.000023 -0.000021 -0.117992 -0.078122 -0.544672
    17 1.209181 -0.000004 -0.000001 0.107099 -0.099114 -1.066322
    18 3.863281 -0.136475 1.332031 0.122642 -0.490092 0.180231
    19 1.719431 -0.000023 0.000019 -0.054685 -0.184726 -1.164934
    20 1.099676 0.000000 0.000006 -0.031266 0.008359 -0.587033
    21 0.807586 -0.343252 1.320583 -1.342788 -0.268033 -0.682746
    22 1.789787 0.000006 0.000006 0.075450 -0.418764 0.038983
    23 1.207012 0.000011 0.000000 0.055308 0.031054 0.156930
    24 2.035156 0.997070 -1.937500 -1.667267 1.282923 2.944210
    25 6.028144 -0.000011 0.000002 1.564095 0.793333 -0.843532
    26 11.508978 -0.019531 -0.062498 -0.012085 -0.076346 -1.797320
    27 11.481657 0.000043 0.000019 -1.183866 0.520519 0.156054
    28 3.854334 -0.131699 1.199994 0.887977 0.041686 -0.500120
    29 1.312567 0.000000 0.000000 -0.076006 -0.203868 -0.258727
    30 0.729362 0.000004 0.000003 -0.250341 -0.135455 -0.179419
    31 3.941981 0.050872 0.435162 0.216346 -0.007336 -0.093776
    32 1.539089 0.000008 0.000003 -0.605562 0.126574 -1.244849
    33 1.196316 0.000004 0.000005 0.000000 -0.000162 -0.332870
    34 3.880859 -0.047028 -0.427490 0.051056 0.262892 -0.068599
    35 1.719567 0.000023 0.000016 -0.461231 0.032293 -1.105404
    36 1.209175 0.000008 0.000005 0.175617 0.055179 -0.367832
    37 3.867399 -0.148186 -1.324350 -0.134961 0.400676 -0.397685
    38 1.719419 -0.000008 -0.000008 -0.082106 -0.002364 -0.236718
    39 1.099667 -0.000004 -0.000001 -0.188224 0.009145 -1.119518
    40 0.811502 -0.358881 -1.312777 1.243203 0.551773 -0.740643
    41 1.789783 -0.000002 -0.000002 -0.000009 0.003711 0.228604
    42 1.187469 0.007822 -0.023438 -0.073609 0.004492 0.306078
    43 3.775391 -5.484375 -0.527832 -2.248284 -0.133216 -1.641882
  time 86
    0 -0.000003 -13.531250 -29.421875 1.570788 0.000007 -0.000007
    1 0.000000 3.345131 -2.981898 1.570789 0.086301 1.570789
    2 4.015625 0.000003 0.000000 0.000000 0.000000 -0.029241
    3 3.520294 0.000005 -0.000006 0.000000 0.000000 0.100332
    4 8.929688 0.000001 0.000000 0.000000 0.000000 0.194095
    5 2.035156 0.997070 1.937500 1.596487 -1.284993 2.943127
    6 6.028159 -0.000069 0.000009 -1.515823 -0.850485 -0.883023
    7 11.864446 0.039109 -0.062490 0.011443 0.197170 -1.775082
    8 11.481682 0.000088 -0.000031 1.230761 -0.562402 0.146359
    9 3.858219 -0.135628 -1.192206 -0.251095 0.104185 -0.118801
    10 1.312565 -0.000008 0.000000 -0.000002 0.054404 -0.409012
    11 0.729366 0.000002 -0.000002 -0.000001 0.040754 -0.240990
    12 3.938059 0.050853 -0.435186 -0.379709 -0.016674 -0.393832
    13 1.539091 0.000008 -0.000002 0.153287 0.085275 -0.278802
    14 1.196321 0.000000 -0.000002 0.180294 0.096657 -0.752368
    15 3.880859 -0.043091 0.427490 0.173079 -0.231527 -0.230358
    16 1.719578 0.000023 -0.000021 -0.117992 -0.078122 -0.544672
    17 1.209181 -0.000004 -0.000001 0.107099 -0.099114 -1.066322
    18 3.863281 -0.136475 1.332031 0.122642 -0.490092 0.180231
    19 1.719431 -0.000023 0.000019 -0.055068 -0.184858 -1.163002
    20 1.099676 0.000000 0.000006 -0.031266 0.008359 -0.587033
    21 0.807586 -0.343252 1.320583 -1.342788 -0.268033 -0.682746
    22 1.789787 0.000006 0.000006 0.075450 -0.418764 0.038983
    23 1.207012 0.000011 0.000000 0.057046 0.030527 0.153478
    24 2.035156 0.997070 -1.937500 -1.667267 1.282923 2.944210
    25 6.028144 -0.000011 0.000002 1.564095 0.793333 -0.843532
    26 11.516791 -0.019531 -0.062498 -0.011618 -0.075978 -1.797856
    27 11.481657 0.000043 0.000019 -1.183866 0.520519 0.156054
    28 3.854334 -0.131699 1.199994 0.887977 0.041686 -0.500120
    29 1.312567 0.000000 0.000000 -0.076006 -0.203868 -0.258727
    30 0.729362 0.000004 0.000003 -0.250341 -0.135455 -0.179419
    31 3.941981 0.050872 0.435162 0.216346 -0.007336 -0.093776
    32 1.539089 0.000008 0.000003 -0.605562 0.126574 -1.244849
    33 1.196316 0.000004 0.000005 0.000000 -0.000162 -0.332870
    34 3.880859 -0.047028 -0.427490 0.051056 0.262892 -0.068599
    35 1.719567 0.000023 0.000016 -0.461231 0.032293 -1.105404
    36 1.209175 0.000008 0.000005 0.175617 0.055179 -0.367832
    37 3.867399 -0.148186 -1.324350 -0.134961 0.400676 -0.397685
    38 1.719419 -0.000008 -0.000008 -0.082106 -0.002364 -0.236718
    39 1.099667 -0.000004 -0.000001 -0.188224 0.009145 -1.119518
    40 0.811502 -0.358881 -1.312777 1.243203 0.551773 -0.740643
    41 1.789783 -0.000002 -0.000002 -0.000009 0.003711 0.228604
    42 1.187469 0.007822 -0.023438 -0.073681 0.004612 0.306138
    43 3.775391 -5.484375 -0.527832 -2.248284 -0.133216 -1.641882
  time 87
    0 -0.000003 -13.531250 -29.421875 1.570788 0.000007 -0.000007
    1 0.000000 3.345131 -2.981898 1.570789 0.086301 1.570789
    2 4.015625 0.000003 0.000000 0.000000 0.000000 -0.029241
    3 3.520294 0.000005 -0.000006 0.000000 0.000000 0.100332
    4 8.929688 0.000001 0.000000 0.000000 0.000000 0.194095
    5 2.035156 0.997070 1.937500 1.596487 -1.284993 2.943127
    6 6.028159 -0.000069 0.000009 -1.515823 -0.850485 -0.883023
    7 11.856633 0.039109 -0.062490 0.012198 0.197453 -1.775134
    8 11.481682 0.000088 -0.000031 1.230761 -0.562402 0.146359
    9 3.858219 -0.139534 -1.192206 -0.251095 0.104185 -0.118801
    10 1.312565 -0.000008 0.000000 -0.000002 0.054404 -0.409012
    11 0.729366 0.000002 -0.000002 -0.000001 0.040754 -0.240990
    12 3.941966 0.050853 -0.435186 -0.379709 -0.016674 -0.393832
    13 1.539091 0.000008 -0.000002 0.153287 0.085275 -0.278802
    14 1.196321 0.000000 -0.000002 0.180294 0.096657 -0.752368
    15 3.880859 -0.043091 0.427490 0.173079 -0.231527 -0.230358
    16 1.719578 0.000023 -0.000021 -0.117992 -0.078122 -0.544672
    17 1.209181 -0.000004 -0.000001 0.107099 -0.099114 -1.066322
    18 3.863281 -0.136475 1.332031 0.122642 -0.490092 0.180231
    19 1.719431 -0.000023 0.000019 -0.055464 -0.184990 -1.161011
    20 1.099676 0.000000 0.000006 -0.031266 0.008359 -0.587033
    21 0.807586 -0.343252 1.320583 -1.342788 -0.268033 -0.682746
    22 1.789787 0.000006 0.000006 0.075450 -0.418764 0.038983
    23 1.207012 0.000011 0.000000 0.058771 0.029999 0.150051
    24 2.035156 0.997070 -1.937500 -1.667267 1.282923 2.944210
    25 6.028144 -0.000011 0.000002 1.564095 0.793333 -0.843532
    26 11.524603 -0.019531 -0.058592 -0.011151 -0.075597 -1.798445
    27 11.481657 0.000043 0.000019 -1.183866 0.520519 0.156054
    28 3.854334 -0.131699 1.199994 0.887977 0.041686 -0.500120
    29 1.312567 0.000000 0.000000 -0.076006 -0.203868 -0.258727
    30 0.729362 0.000004 0.000003 -0.250341 -0.135455 -0.179419
    31 3.941981 0.050872 0.435162 0.216346 -0.007336 -0.093776
    32 1.539089 0.000008 0.000003 -0.605562 0.126574 -1.244849
    33 1.196316 0.000004 0.000005 0.000000 -0.000162 -0.332870
    34 3.880859 -0.047028 -0.427490 0.051056 0.262892 -0.068599
    35 1.719567 0.000023 0.000016 -0.461231 0.032293 -1.105404
    36 1.209175 0.000008 0.000005 0.175617 0.055179 -0.367832
    37 3.867399 -0.148186 -1.324350 -0.134961 0.400676 -0.397685
    38 1.719419 -0.000008 -0.000008 -0.082106 -0.002364 -0.236718
    39 1.099667 -0.000004 -0.000001 -0.188224 0.009145 -1.119518
    40 0.811502 -0.358881 -1.312777 1.243203 0.551773 -0.740643
    41 1.789783 -0.000002 -0.000002 -0.000009 0.003711 0.228604
    42 1.187469 0.003915 -0.023438 -0.073729 0.004684 0.306186
    43 3.775391 -5.484375 -0.527832 -2.248284 -0.133216 -1.641882
  time 88
    0 -0.000003 -13.531250 -29.421875 1.570788 0.000007 -0.000007
    1 0.000000 3.345131 -2.981898 1.570789 0.086301 1.570789
    2 4.015625 0.000003 0.000000 0.000000 0.000000 -0.029241
    3 3.520294 0.000005 -0.000006 0.000000 0.000000 0.100332
    4 8.929688 0.000001 0.000000 0.000000 0.000000 0.194095
    5 2.035156 0.997070 1.937500 1.596487 -1.284993 2.943127
    6 6.028159 -0.000069 0.000009 -1.515823 -0.850485 -0.883023
    7 11.848821 0.035203 -0.058584 0.012977 0.197735 -1.775134
    8 11.481682 0.000088 -0.000031 1.230761 -0.562402 0.146359
    9 3.858219 -0.135628 -1.192206 -0.251095 0.104185 -0.118801
    10 1.312565 -0.000008 0.000000 -0.000002 0.054404 -0.409012
    11 0.729366 0.000002 -0.000002 -0.000001 0.040754 -0.240990
    12 3.941966 0.050853 -0.435186 -0.379709 -0.016674 -0.393832
    13 1.539091 0.000008 -0.000002 0.153287 0.085275 -0.278802
    14 1.196321 0.000000 -0.000002 0.180294 0.096657 -0.752368
    15 3.880859 -0.043091 0.427490 0.173079 -0.231527 -0.230358
    16 1.719578 0.000023 -0.000021 -0.117992 -0.078122 -0.544672
    17 1.209181 -0.000004 -0.000001 0.107099 -0.099114 -1.066322
    18 3.863281 -0.136475 1.332031 0.122642 -0.490092 0.180231
    19 1.719431 -0.000023 0.000019 -0.055859 -0.185122 -1.158990
    20 1.099676 0.000000 0.000006 -0.031266 0.008359 -0.587033
    21 0.807586 -0.343252 1.320583 -1.342788 -0.268033 -0.682746
    22 1.789787 0.000006 0.000006 0.075450 -0.418764 0.038983
    23 1.207012 0.000011 0.000000 0.060473 0.029484 0.146647
    24 2.035156 0.997070 -1.937500 -1.667267 1.282923 2.944210
    25 6.028144 -0.000011 0.000002 1.564095 0.793333 -0.843532
    26 11.528510 -0.019531 -0.054685 -0.010671 -0.075215 -1.799034
    27 11.481657 0.000043 0.000019 -1.183866 0.520519 0.156054
    28 3.854334 -0.131699 1.199994 0.887977 0.041686 -0.500120
    29 1.312567 0.000000 0.000000 -0.076006 -0.203868 -0.258727
    30 0.729362 0.000004 0.000003 -0.250341 -0.135455 -0.179419
    31 3.941981 0.050872 0.435162 0.216346 -0.007336 -0.093776
    32 1.539089 0.000008 0.000003 -0.605562 0.126574 -1.244849
    33 1.196316 0.000004 0.000005 0.000000 -0.000162 -0.332870
    34 3.880859 -0.047028 -0.427490 0.051056 0.262892 -0.068599
    35 1.719567 0.000023 0.000016 -0.461231 0.032293 -1.105404
    36 1.209175 0.000008 0.000005 0.175617 0.055179 -0.367832
    37 3.863493 -0.148186 -1.324350 -0.134961 0.400676 -0.397685
    38 1.719419 -0.000008 -0.000008 -0.082106 -0.002364 -0.236718
    39 1.099667 -0.000004 -0.000001 -0.188224 0.009145 -1.119518
    40 0.811502 -0.358881 -1.312777 1.243203 0.551773 -0.740643
    41 1.789783 -0.000002 -0.000002 -0.000009 0.003711 0.228604
    42 1.187469 0.003915 -0.023438 -0.073741 0.004708 0.306198
    43 3.775391 -5.484375 -0.527832 -2.248284 -0.133216 -1.641882
  time 89
    0 -0.000003 -13.531250 -29.421875 1.570788 0.000007 -0.000007
    1 0.000000 3.345131 -2.981898 1.570789 0.086301 1.570789
    2 4.015625 0.000003 0.000000 0.000000 0.000000 -0.029241
    3 3.520294 0.000005 -0.000006 0.000000 0.000000 0.100332
    4 8.929688 0.000001 0.000000 0.000000 0.000000 0.194095
    5 2.035156 0.997070 1.937500 1.596487 -1.284993 2.943127
    6 6.028159 -0.000069 0.000009 -1.515823 -0.850485 -0.883023
    7 11.844914 0.035203 -0.054678 0.013768 0.198035 -1.775134
    8 11.481682 0.000088 -0.000031 1.230761 -0.562402 0.146359
    9 3.854313 -0.135628 -1.192206 -0.251095 0.104185 -0.118801
    10 1.312565 -0.000008 0.000000 -0.000002 0.054404 -0.409012
    11 0.729366 0.000002 -0.000002 -0.000001 0.040754 -0.240990
    12 3.938059 0.050853 -0.435186 -0.379709 -0.016674 -0.393832
    13 1.539091 0.000008 -0.000002 0.153287 0.085275 -0.278802
    14 1.196321 0.000000 -0.000002 0.180294 0.096657 -0.752368
    15 3.880859 -0.043091 0.427490 0.173079 -0.231527 -0.230358
    16 1.719578 0.000023 -0.000021 -0.117992 -0.078122 -0.544672
    17 1.209181 -0.000004 -0.000001 0.107099 -0.099114 -1.066322
    18 3.863281 -0.136475 1.332031 0.122642 -0.490092 0.180231
    19 1.719431 -0.000023 0.000019 -0.056267 -0.185253 -1.156969
    20 1.099676 0.000000 0.000006 -0.031266 0.008359 -0.587033
    21 0.807586 -0.343252 1.320583 -1.342788 -0.268033 -0.682746
    22 1.789787 0.000006 0.000006 0.075450 -0.418764 0.038983
    23 1.207012 0.000011 0.000000 0.062163 0.028969 0.143303
    24 2.035156 0.997070 -1.937500 -1.667267 1.282923 2.944210
    25 6.028144 -0.000011 0.000002 1.564095 0.793333 -0.843532
    26 11.536323 -0.015624 -0.054685 -0.010192 -0.074821 -1.799677
    27 11.481657 0.000043 0.000019 -1.183866 0.520519 0.156054
    28 3.854334 -0.131699 1.199994 0.887977 0.041686 -0.500120
    29 1.312567 0.000000 0.000000 -0.076006 -0.203868 -0.258727
    30 0.729362 0.000004 0.000003 -0.250341 -0.135455 -0.179419
    31 3.941981 0.050872 0.435162 0.216346 -0.007336 -0.093776
    32 1.539089 0.000008 0.000003 -0.605562 0.126574 -1.244849
    33 1.196316 0.000004 0.000005 0.000000 -0.000162 -0.332870
    34 3.880859 -0.047028 -0.427490 0.051056 0.262892 -0.068599
    35 1.719567 0.000023 0.000016 -0.461231 0.032293 -1.105404
    36 1.209175 0.000008 0.000005 0.175617 0.055179 -0.367832
    37 3.867399 -0.148186 -1.324350 -0.134961 0.400676 -0.397685
    38 1.719419 -0.000008 -0.000008 -0.082106 -0.002364 -0.236718
    39 1.099667 -0.000004 -0.000001 -0.188224 0.009145 -1.119518
    40 0.811502 -0.358881 -1.312777 1.243203 0.551773 -0.740643
    41 1.789783 -0.000002 -0.000002 -0.000009 0.003711 0.228604
    42 1.187469 0.003915 -0.023438 -0.073633 0.004612 0.306114
    43 3.775391 -5.484375 -0.527832 -2.248284 -0.133216 -1.641882
  time 90
    0 -0.000003 -13.531250 -29.421875 1.570788 0.000007 -0.000007
    1 0.000000 3.345131 -2.981898 1.570789 0.086301 1.570789
    2 4.015625 0.000003 0.000000 0.000000 0.000000 -0.029241
    3 3.520294 0.000005 -0.000006 0.000000 0.000000 0.100332
    4 8.929688 0.000001 0.000000 0.000000 0.000000 0.194095
    5 2.035156 0.997070 1.937500 1.596487 -1.284993 2.943127
    6 6.028159 -0.000069 0.000009 -1.515823 -0.850485 -0.883023
    7 11.837102 0.031296 -0.050771 0.014559 0.198334 -1.775186
    8 11.481682 0.000088 -0.000031 1.230716 -0.562416 0.146375
    9 3.858219 -0.135628 -1.192206 -0.251095 0.104185 -0.118801
    10 1.312565 -0.000008 0.000000 -0.000002 0.054404 -0.409012
    11 0.729366 0.000002 -0.000002 -0.000001 0.040754 -0.240990
    12 3.941966 0.050853 -0.435186 -0.379709 -0.016674 -0.393832
    13 1.539091 0.000008 -0.000002 0.153287 0.085275 -0.278802
    14 1.196321 0.000000 -0.000002 0.180294 0.096657 -0.752368
    15 3.880859 -0.043091 0.427490 0.173079 -0.231527 -0.230358
    16 1.719578 0.000023 -0.000021 -0.117992 -0.078122 -0.544672
    17 1.209181 -0.000004 -0.000001 0.107099 -0.099114 -1.066322
    18 3.863281 -0.136475 1.332031 0.122642 -0.490092 0.180231
    19 1.719431 -0.000023 0.000019 -0.056674 -0.185397 -1.154888
    20 1.099676 0.000000 0.000006 -0.031266 0.008359 -0.587033
    21 0.807586 -0.343252 1.320583 -1.342788 -0.268033 -0.682746
    22 1.789787 0.000006 0.000006 0.075450 -0.418764 0.038983
    23 1.207012 0.000011 0.000000 0.063829 0.028465 0.139996
    24 2.035156 0.997070 -1.937500 -1.667267 1.282923 2.944210
    25 6.028144 -0.000011 0.000002 1.564095 0.793333 -0.843532
    26 11.544135 -0.015624 -0.050779 -0.009701 -0.074427 -1.800266
    27 11.481657 0.000043 0.000019 -1.183866 0.520519 0.156054
    28 3.854334 -0.131699 1.199994 0.887977 0.041686 -0.500120
    29 1.312567 0.000000 0.000000 -0.076006 -0.203868 -0.258727
    30 0.729362 0.000004 0.000003 -0.250341 -0.135455 -0.179419
    31 3.938074 0.050872 0.435162 0.216346 -0.007336 -0.093776
    32 1.539089 0.000008 0.000003 -0.605562 0.126574 -1.244849
    33 1.196316 0.000004 0.000005 0.000000 -0.000162 -0.332870
    34 3.880859 -0.047028 -0.427490 0.051056 0.262892 -0.068599
    35 1.719567 0.000023 0.000016 -0.461231 0.032293 -1.105404
    36 1.209175 0.000008 0.000005 0.175617 0.055179 -0.367832
    37 3.863493 -0.148186 -1.324350 -0.134961 0.400676 -0.397685
    38 1.719419 -0.000008 -0.000008 -0.082106 -0.002364 -0.236718
    39 1.099667 -0.000004 -0.000001 -0.188224 0.009145 -1.119518
    40 0.807129 -0.358887 -1.316406 1.243203 0.551773 -0.740643
    41 1.789783 -0.000002 -0.000002 -0.000009 0.003711 0.228604
    42 1.191375 0.003915 -0.019532 -0.073310 0.004325 0.305886
    43 3.775391 -5.484375 -0.527832 -2.248284 -0.133216 -1.641882
  time 91
    0 -0.000003 -13.531250 -29.421875 1.570788 0.000007 -0.000007
    1 0.000000 3.345131 -2.981898 1.570789 0.086301 1.570789
    2 4.015625 0.000003 0.000000 0.000000 0.000000 -0.029241
    3 3.520294 0.000005 -0.000006 0.000000 0.000000 0.100332
    4 8.929688 0.000001 0.000000 0.000000 0.000000 0.194095
    5 2.035156 0.997070 1.937500 1.596487 -1.284993 2.943127
    6 6.028159 -0.000069 0.000009 -1.515823 -0.850485 -0.883023
    7 11.829289 0.031296 -0.050771 0.015362 0.198633 -1.775186
    8 11.481682 0.000088 -0.000031 1.230716 -0.562416 0.146375
    9 3.858219 -0.135628 -1.192206 -0.251095 0.104185 -0.118801
    10 1.312565 -0.000008 0.000000 -0.000002 0.054404 -0.409012
    11 0.729366 0.000002 -0.000002 -0.000001 0.040754 -0.240990
    12 3.941966 0.050853 -0.435186 -0.379709 -0.016674 -0.393832
    13 1.539091 0.000008 -0.000002 0.153287 0.085275 -0.278802
    14 1.196321 0.000000 -0.000002 0.180294 0.096657 -0.752368
    15 3.880859 -0.043091 0.427490 0.173079 -0.231527 -0.230358
    16 1.719578 0.000023 -0.000021 -0.117992 -0.078122 -0.544672
    17 1.209181 -0.000004 -0.000001 0.107099 -0.099114 -1.066322
    18 3.863281 -0.136475 1.332031 0.122642 -0.490092 0.180231
    19 1.719431 -0.000023 0.000019 -0.057094 -0.185529 -1.152838
    20 1.099676 0.000000 0.000006 -0.031266 0.008359 -0.587033
    21 0.807586 -0.343252 1.320583 -1.342788 -0.268021 -0.682746
    22 1.789787 0.000006 0.000006 0.075450 -0.418764 0.038983
    23 1.207012 0.000011 0.000000 0.065459 0.027962 0.136748
    24 2.035156 0.997070 -1.937500 -1.667267 1.282923 2.944210
    25 6.028144 -0.000011 0.000002 1.564095 0.793333 -0.843532
    26 11.551948 -0.015624 -0.046873 -0.009209 -0.074033 -1.800909
    27 11.481657 0.000043 0.000019 -1.183866 0.520519 0.156054
    28 3.858240 -0.131699 1.199994 0.887977 0.041686 -0.500120
    29 1.312567 0.000000 0.000000 -0.076006 -0.203868 -0.258727
    30 0.729362 0.000004 0.000003 -0.250341 -0.135455 -0.179419
    31 3.941981 0.050872 0.435162 0.216346 -0.007336 -0.093776
    32 1.539089 0.000008 0.000003 -0.605562 0.126574 -1.244849
    33 1.196316 0.000004 0.000005 0.000000 -0.000162 -0.332870
    34 3.880859 -0.047028 -0.427490 0.051056 0.262892 -0.068599
    35 1.719567 0.000023 0.000016 -0.461231 0.032293 -1.105404
    36 1.209175 0.000008 0.000005 0.175617 0.055179 -0.367832
    37 3.867399 -0.148186 -1.324350 -0.134961 0.400676 -0.397685
    38 1.719419 -0.000008 -0.000008 -0.082106 -0.002364 -0.236718
    39 1.099667 -0.000004 -0.000001 -0.188224 0.009145 -1.119518
    40 0.807129 -0.358887 -1.316406 1.243203 0.551773 -0.740643
    41 1.789783 -0.000002 -0.000002 -0.000009 0.003711 0.228604
    42 1.191375 0.003915 -0.019532 -0.072770 0.003833 0.305491
    43 3.775391 -5.484375 -0.527832 -2.248284 -0.133216 -1.641882
  time 92
    0 -0.000003 -13.531250 -29.421875 1.570788 0.000007 -0.000007
    1 0.000000 3.345131 -2.981898 1.570789 0.086301 1.570789
    2 4.015625 0.000003 0.000000 0.000000 0.000000 -0.029241
    3 3.520294 0.000005 -0.000006 0.000000 0.000000 0.100332
    4 8.929688 0.000001 0.000000 0.000000 0.000000 0.194095
    5 2.035156 0.997070 1.937500 1.596487 -1.284993 2.943127
    6 6.028159 -0.000069 0.000009 -1.515823 -0.850485 -0.883023
    7 11.821476 0.027390 -0.046865 0.016165 0.198932 -1.775186
    8 11.481682 0.000088 -0.000031 1.230716 -0.562416 0.146375
    9 3.858219 -0.135628 -1.192206 -0.251095 0.104185 -0.118801
    10 1.312565 -0.000008 0.000000 -0.000002 0.054404 -0.409012
    11 0.729366 0.000002 -0.000002 -0.000001 0.040754 -0.240990
    12 3.941966 0.050853 -0.435186 -0.379709 -0.016674 -0.393832
    13 1.539091 0.000008 -0.000002 0.153287 0.085275 -0.278802
    14 1.196321 0.000000 -0.000002 0.180294 0.096657 -0.752368
    15 3.880859 -0.043091 0.427490 0.173079 -0.231527 -0.230358
    16 1.719578 0.000023 -0.000021 -0.117992 -0.078122 -0.544672
    17 1.209181 -0.000004 -0.000001 0.107099 -0.099114 -1.066322
    18 3.863281 -0.136475 1.332031 0.122642 -0.490092 0.180231
    19 1.719431 -0.000023 0.000019 -0.057513 -0.185673 -1.150757
    20 1.099676 0.000000 0.000006 -0.031266 0.008359 -0.587033
    21 0.807586 -0.343252 1.320583 -1.342788 -0.268033 -0.682746
    22 1.789787 0.000006 0.000006 0.075450 -0.418764 0.038983
    23 1.207012 0.000011 0.000000 0.067065 0.027470 0.133560
    24 2.035156 0.997070 -1.937500 -1.667267 1.282923 2.944210
    25 6.028144 -0.000011 0.000002 1.564095 0.793333 -0.843532
    26 11.559761 -0.015624 -0.046873 -0.008718 -0.073640 -1.801499
    27 11.481657 0.000043 0.000019 -1.183866 0.520533 0.156054
    28 3.858240 -0.131699 1.199994 0.887977 0.041686 -0.500120
    29 1.312567 0.000000 0.000000 -0.076006 -0.203868 -0.258727
    30 0.729362 0.000004 0.000003 -0.250341 -0.135455 -0.179419
    31 3.941981 0.050872 0.435162 0.216346 -0.007336 -0.093776
    32 1.539089 0.000008 0.000003 -0.605562 0.126574 -1.244849
    33 1.196316 0.000004 0.000005 0.000000 -0.000162 -0.332870
    34 3.880859 -0.047028 -0.427490 0.051056 0.262892 -0.068599
    35 1.719567 0.000023 0.000016 -0.461231 0.032293 -1.105404
    36 1.209175 0.000008 0.000005 0.175617 0.055179 -0.367832
    37 3.867399 -0.148186 -1.324350 -0.134961 0.400676 -0.397685
    38 1.719419 -0.000008 -0.000008 -0.082106 -0.002364 -0.236718
    39 1.099667 -0.000004 -0.000001 -0.188224 0.009145 -1.119518
    40 0.807129 -0.358887 -1.316406 1.243203 0.551773 -0.740643
    41 1.789783 -0.000002 -0.000002 -0.000009 0.003711 0.228604
    42 1.191375 0.003915 -0.019532 -0.072015 0.003150 0.304928
    43 3.775391 -5.484375 -0.527832 -2.248284 -0.133216 -1.641882
  time 93
    0 -0.000003 -13.531250 -29.421875 1.570788 0.000007 -0.000007
    1 0.000000 3.345131 -2.981898 1.570789 0.086301 1.570789
    2 4.015625 0.000003 0.000000 0.000000 0.000000 -0.029241
    3 3.520294 0.000005 -0.000006 0.000000 0.000000 0.100332
    4 8.929688 0.000001 0.000000 0.000000 0.000000 0.194095
    5 2.035156 0.997070 1.937500 1.596487 -1.284993 2.943127
    6 6.028159 -0.000069 0.000009 -1.515823 -0.850485 -0.883023
    7 11.813663 0.027390 -0.042959 0.016956 0.199232 -1.775239
    8 11.481682 0.000088 -0.000031 1.230716 -0.562416 0.146375
    9 3.854313 -0.135628 -1.192206 -0.251095 0.104185 -0.118801
    10 1.312565 -0.000008 0.000000 -0.000002 0.054404 -0.409012
    11 0.729366 0.000002 -0.000002 -0.000001 0.040754 -0.240990
    12 3.941966 0.050853 -0.435186 -0.379709 -0.016674 -0.393832
    13 1.539091 0.000008 -0.000002 0.153287 0.085275 -0.278802
    14 1.196321 0.000000 -0.000002 0.180294 0.096657 -0.752368
    15 3.880859 -0.043091 0.427490 0.173079 -0.231527 -0.230358
    16 1.719578 0.000023 -0.000021 -0.117992 -0.078122 -0.544672
    17 1.209181 -0.000004 -0.000001 0.107099 -0.099114 -1.066322
    18 3.863281 -0.136475 1.332031 0.122642 -0.490092 0.180231
    19 1.719431 -0.000023 0.000019 -0.057921 -0.185805 -1.148677
    20 1.099676 0.000000 0.000006 -0.031266 0.008359 -0.587033
    21 0.807586 -0.343252 1.320583 -1.342788 -0.268021 -0.682746
    22 1.789787 0.000006 0.000006 0.075450 -0.418764 0.038983
    23 1.207012 0.000011 0.000000 0.068635 0.026991 0.130432
    24 2.035156 0.997070 -1.937500 -1.667267 1.282923 2.944210
    25 6.028144 -0.000011 0.000002 1.564095 0.793333 -0.843532
    26 11.567574 -0.011718 -0.042966 -0.008214 -0.073246 -1.802141
    27 11.481657 0.000043 0.000019 -1.183866 0.520519 0.156054
    28 3.854334 -0.131699 1.199994 0.887977 0.041686 -0.500120
    29 1.312567 0.000000 0.000000 -0.076006 -0.203868 -0.258727
    30 0.729362 0.000004 0.000003 -0.250341 -0.135455 -0.179419
    31 3.941981 0.050872 0.435162 0.216346 -0.007336 -0.093776
    32 1.539089 0.000008 0.000003 -0.605562 0.126574 -1.244849
    33 1.196316 0.000004 0.000005 0.000000 -0.000162 -0.332870
    34 3.880859 -0.047028 -0.427490 0.051056 0.262892 -0.068599
    35 1.719567 0.000023 0.000016 -0.461231 0.032293 -1.105404
    36 1.209175 0.000008 0.000005 0.175617 0.055179 -0.367832
    37 3.867399 -0.148186 -1.324350 -0.134961 0.400676 -0.397685
    38 1.719419 -0.000008 -0.000008 -0.082106 -0.002364 -0.236718
    39 1.099667 -0.000004 -0.000001 -0.188224 0.009145 -1.119518
    40 0.807129 -0.358887 -1.316406 1.243203 0.551773 -0.740643
    41 1.789783 -0.000002 -0.000002 -0.000009 0.003711 0.228604
    42 1.191375 0.003915 -0.019532 -0.071033 0.002275 0.304221
    43 3.775391 -5.484375 -0.527832 -2.248284 -0.133216 -1.641882
  time 94
    0 -0.000003 -13.531250 -29.421875 1.570788 0.000007 -0.000007
    1 0.000000 3.345131 -2.981898 1.570789 0.086301 1.570789
    2 4.015625 0.000003 0.000000 0.000000 0.000000 -0.029241
    3 3.520294 0.000005 -0.000006 0.000000 0.000000 0.100332
    4 8.929688 0.000001 0.000000 0.000000 0.000000 0.194095
    5 2.035156 0.997070 1.937500 1.596487 -1.284993 2.943127
    6 6.028159 -0.000069 0.000009 -1.515823 -0.850485 -0.883023
    7 11.805851 0.027390 -0.039052 0.017759 0.199531 -1.775239
    8 11.481682 0.000088 -0.000031 1.230716 -0.562416 0.146375
    9 3.854313 -0.135628 -1.192206 -0.251095 0.104185 -0.118801
    10 1.312565 -0.000008 0.000000 -0.000002 0.054404 -0.409012
    11 0.729366 0.000002 -0.000002 -0.000001 0.040754 -0.240990
    12 3.938059 0.050853 -0.435186 -0.379709 -0.016674 -0.393832
    13 1.539091 0.000008 -0.000002 0.153287 0.085275 -0.278802
    14 1.196321 0.000000 -0.000002 0.180294 0.096657 -0.752368
    15 3.880859 -0.043091 0.427490 0.173079 -0.231527 -0.230358
    16 1.719578 0.000023 -0.000021 -0.117992 -0.078122 -0.544672
    17 1.209181 -0.000004 -0.000001 0.107099 -0.099114 -1.066322
    18 3.863281 -0.136475 1.332031 0.122642 -0.490092 0.180231
    19 1.719431 -0.000023 0.000019 -0.058340 -0.185936 -1.146626
    20 1.099676 0.000000 0.000006 -0.031266 0.008359 -0.587033
    21 0.807586 -0.343252 1.320583 -1.342788 -0.268021 -0.682746
    22 1.789787 0.000006 0.000006 0.075450 -0.418764 0.038983
    23 1.207012 0.000011 0.000000 0.070169 0.026524 0.127388
    24 2.035156 0.997070 -1.937500 -1.667267 1.282923 2.944210
    25 6.028144 -0.000011 0.000002 1.564095 0.793333 -0.843532
    26 11.575386 -0.011718 -0.039060 -0.007735 -0.072852 -1.802731
    27 11.481657 0.000043 0.000019 -1.183866 0.520519 0.156054
    28 3.854334 -0.131699 1.199994 0.887977 0.041686 -0.500120
    29 1.312567 0.000000 0.000000 -0.076006 -0.203868 -0.258727
    30 0.729362 0.000004 0.000003 -0.250341 -0.135455 -0.179419
    31 3.941981 0.050872 0.435162 0.216346 -0.007336 -0.093776
    32 1.539089 0.000008 0.000003 -0.605562 0.126574 -1.244849
    33 1.196316 0.000004 0.000005 0.000000 -0.000162 -0.332870
    34 3.880859 -0.047028 -0.427490 0.051056 0.262892 -0.068599
    35 1.719567 0.000023 0.000016 -0.461231 0.032293 -1.105404
    36 1.209175 0.000008 0.000005 0.175617 0.055179 -0.367832
    37 3.867399 -0.148186 -1.324350 -0.134961 0.400676 -0.397685
    38 1.719419 -0.000008 -0.000008 -0.082106 -0.002364 -0.236718
    39 1.099667 -0.000004 -0.000001 -0.188224 0.009145 -1.119518
    40 0.807129 -0.358887 -1.316406 1.243203 0.551773 -0.740643
    41 1.789783 -0.000002 -0.000002 -0.000009 0.003711 0.228604
    42 1.191375 0.003915 -0.015625 -0.069846 0.001209 0.303346
    43 3.775391 -5.484375 -0.527832 -2.248284 -0.133216 -1.641882
  time 95
    0 -0.000003 -13.531250 -29.421875 1.570788 0.000007 -0.000007
    1 0.000000 3.345131 -2.981898 1.570789 0.086301 1.570789
    2 4.015625 0.000003 0.000000 0.000000 0.000000 -0.029241
    3 3.520294 0.000005 -0.000006 0.000000 0.000000 0.100332
    4 8.929688 0.000001 0.000000 0.000000 0.000000 0.194095
    5 2.035156 0.997070 1.937500 1.596487 -1.284993 2.943127
    6 6.028159 -0.000069 0.000009 -1.515823 -0.850485 -0.883023
    7 11.798038 0.023484 -0.039052 0.018538 0.199814 -1.775239
    8 11.481682 0.000088 -0.000031 1.230716 -0.562416 0.146375
    9 3.858219 -0.135628 -1.192206 -0.251095 0.104185 -0.118801
    10 1.312565 -0.000008 0.000000 -0.000002 0.054404 -0.409012
    11 0.729366 0.000002 -0.000002 -0.000001 0.040754 -0.240990
    12 3.938059 0.050853 -0.435186 -0.379709 -0.016674 -0.393832
    13 1.539091 0.000008 -0.000002 0.153287 0.085275 -0.278802
    14 1.196321 0.000000 -0.000002 0.180294 0.096657 -0.752368
    15 3.880859 -0.043091 0.427490 0.173079 -0.231527 -0.230358
    16 1.719578 0.000023 -0.000021 -0.117992 -0.078122 -0.544672
    17 1.209181 -0.000004 -0.000001 0.107099 -0.099114 -1.066322
    18 3.863281 -0.136475 1.332031 0.122642 -0.490092 0.180231
    19 1.719431 -0.000023 0.000019 -0.058747 -0.186068 -1.144576
    20 1.099676 0.000000 0.000006 -0.031266 0.008359 -0.587033
    21 0.807586 -0.343252 1.320583 -1.342788 -0.268033 -0.682746
    22 1.789787 0.000006 0.000006 0.075450 -0.418764 0.038983
    23 1.207012 0.000011 0.000000 0.071667 0.026068 0.124416
    24 2.035156 0.997070 -1.937500 -1.667267 1.282923 2.944210
    25 6.028144 -0.000011 0.000002 1.564095 0.793333 -0.843532
    26 11.583199 -0.011718 -0.035154 -0.007244 -0.072458 -1.803320
    27 11.481657 0.000043 0.000019 -1.183866 0.520519 0.156054
    28 3.858240 -0.131699 1.199994 0.887977 0.041686 -0.500120
    29 1.312567 0.000000 0.000000 -0.076006 -0.203868 -0.258727
    30 0.729362 0.000004 0.000003 -0.250341 -0.135455 -0.179419
    31 3.941981 0.050872 0.435162 0.216346 -0.007336 -0.093776
    32 1.539089 0.000008 0.000003 -0.605562 0.126574 -1.244879
    33 1.196316 0.000004 0.000005 0.000000 -0.000162 -0.332870
    34 3.880859 -0.047028 -0.427490 0.051056 0.262892 -0.068599
    35 1.719567 0.000023 0.000016 -0.461231 0.032293 -1.105404
    36 1.209175 0.000008 0.000005 0.175617 0.055179 -0.367832
    37 3.867399 -0.148186 -1.324350 -0.134961 0.400676 -0.397685
    38 1.719419 -0.000008 -0.000008 -0.082106 -0.002364 -0.236718
    39 1.099667 -0.000004 -0.000001 -0.188224 0.009145 -1.119518
    40 0.807129 -0.358887 -1.316406 1.243203 0.551773 -0.740643
    41 1.789783 -0.000002 -0.000002 -0.000009 0.003711 0.228604
    42 1.191375 0.003915 -0.015625 -0.068444 -0.000050 0.302315
    43 3.775391 -5.484375 -0.527832 -2.248284 -0.133216 -1.641882
  time 96
    0 -0.000003 -13.531250 -29.421875 1.570788 0.000007 -0.000007
    1 0.000000 3.345131 -2.981898 1.570789 0.086301 1.570789
    2 4.015625 0.000003 0.000000 0.000000 0.000000 -0.029241
    3 3.520294 0.000005 -0.000006 0.000000 0.000000 0.100332
    4 8.929688 0.000001 0.000000 0.000000 0.000000 0.194095
    5 2.035156 0.997070 1.937500 1.596487 -1.284993 2.943127
    6 6.028159 -0.000069 0.000009 -1.515823 -0.850485 -0.883023
    7 11.790225 0.023484 -0.035146 0.019317 0.200113 -1.775291
    8 11.481682 0.000088 -0.000031 1.230716 -0.562416 0.146375
    9 3.854313 -0.135628 -1.192206 -0.251095 0.104185 -0.118801
    10 1.312565 -0.000008 0.000000 -0.000002 0.054404 -0.409012
    11 0.729366 0.000002 -0.000002 -0.000001 0.040754 -0.240990
    12 3.941966 0.050853 -0.435186 -0.379709 -0.016674 -0.393832
    13 1.539091 0.000008 -0.000002 0.153287 0.085275 -0.278802
    14 1.196321 0.000000 -0.000002 0.180294 0.096657 -0.752368
    15 3.880859 -0.043091 0.427490 0.173079 -0.231527 -0.230358
    16 1.719578 0.000023 -0.000021 -0.117992 -0.078122 -0.544672
    17 1.209181 -0.000004 -0.000001 0.107099 -0.099114 -1.066322
    18 3.863281 -0.136475 1.332031 0.122642 -0.490092 0.180231
    19 1.719431 -0.000023 0.000019 -0.059143 -0.186200 -1.142555
    20 1.099676 0.000000 0.000006 -0.031266 0.008359 -0.587033
    21 0.807586 -0.343252 1.320583 -1.342788 -0.268021 -0.682746
    22 1.789787 0.000006 0.000006 0.075450 -0.418764 0.038983
    23 1.207012 0.000011 0.000000 0.073117 0.025637 0.121527
    24 2.035156 0.997070 -1.937500 -1.667267 1.282923 2.944210
    25 6.028144 -0.000011 0.000002 1.564095 0.793333 -0.843532
    26 11.591012 -0.011718 -0.035154 -0.006764 -0.072077 -1.803963
    27 11.481657 0.000043 0.000019 -1.183866 0.520519 0.156054
    28 3.854334 -0.131699 1.199994 0.887977 0.041686 -0.500120
    29 1.312567 0.000000 0.000000 -0.076006 -0.203868 -0.258727
    30 0.729362 0.000004 0.000003 -0.250341 -0.135455 -0.179419
    31 3.938074 0.050872 0.435162 0.216346 -0.007336 -0.093776
    32 1.539089 0.000008 0.000003 -0.605562 0.126574 -1.244849
    33 1.196316 0.000004 0.000005 0.000000 -0.000162 -0.332870
    34 3.880859 -0.047028 -0.427490 0.051056 0.262892 -0.068599
    35 1.719567 0.000023 0.000016 -0.461231 0.032293 -1.105404
    36 1.209175 0.000008 0.000005 0.175617 0.055179 -0.367832
    37 3.863493 -0.148186 -1.324350 -0.134949 0.400676 -0.397685
    38 1.719419 -0.000008 -0.000008 -0.082106 -0.002364 -0.236718
    39 1.099667 -0.000004 -0.000001 -0.188224 0.009145 -1.119518
    40 0.807129 -0.358887 -1.316406 1.243203 0.551773 -0.740643
    41 1.789783 -0.000002 -0.000002 -0.000009 0.003711 0.228604
    42 1.195282 0.003915 -0.015625 -0.066850 -0.001488 0.301152
    43 3.775391 -5.484375 -0.527832 -2.248284 -0.133216 -1.641882
  time 97
    0 -0.000003 -13.531250 -29.421875 1.570788 0.000007 -0.000007
    1 0.000000 3.345131 -2.981898 1.570789 0.086301 1.570789
    2 4.015625 0.000003 0.000000 0.000000 0.000000 -0.029241
    3 3.520294 0.000005 -0.000006 0.000000 0.000000 0.100332
    4 8.929688 0.000001 0.000000 0.000000 0.000000 0.194095
    5 2.035156 0.997070 1.937500 1.596487 -1.284993 2.943127
    6 6.028159 -0.000069 0.000009 -1.515823 -0.850485 -0.883023
    7 11.782412 0.019577 -0.031240 0.020084 0.200395 -1.775291
    8 11.481682 0.000088 -0.000031 1.230716 -0.562416 0.146375
    9 3.858219 -0.135628 -1.192206 -0.251095 0.104185 -0.118801
    10 1.312565 -0.000008 0.000000 -0.000002 0.054404 -0.409012
    11 0.729366 0.000002 -0.000002 -0.000001 0.040754 -0.240990
    12 3.941966 0.050853 -0.435186 -0.379709 -0.016674 -0.393832
    13 1.539091 0.000008 -0.000002 0.153287 0.085275 -0.278802
    14 1.196321 0.000000 -0.000002 0.180294 0.096657 -0.752368
    15 3.880859 -0.043091 0.427490 0.173079 -0.231527 -0.230358
    16 1.719578 0.000023 -0.000021 -0.117992 -0.078122 -0.544672
    17 1.209181 -0.000004 -0.000001 0.107099 -0.099114 -1.066322
    18 3.863281 -0.136475 1.332031 0.122642 -0.490092 0.180231
    19 1.719431 -0.000023 0.000019 -0.059550 -0.186332 -1.140563
    20 1.099676 0.000000 0.000006 -0.031266 0.008359 -0.587033
    21 0.807586 -0.343252 1.320583 -1.342788 -0.268033 -0.682746
    22 1.789787 0.000006 0.000006 0.075450 -0.418764 0.038983
    23 1.207012 0.000011 0.000000 0.074519 0.025205 0.118735
    24 2.035156 0.997070 -1.937500 -1.667267 1.282923 2.944210
    25 6.028144 -0.000011 0.000002 1.564095 0.793333 -0.843532
    26 11.598825 -0.007812 -0.031247 -0.006297 -0.071695 -1.804552
    27 11.481657 0.000043 0.000019 -1.183866 0.520519 0.156054
    28 3.858240 -0.131699 1.199994 0.887977 0.041686 -0.500120
    29 1.312567 0.000000 0.000000 -0.076006 -0.203868 -0.258727
    30 0.729362 0.000004 0.000003 -0.250341 -0.135455 -0.179419
    31 3.941981 0.050872 0.435162 0.216346 -0.007336 -0.093776
    32 1.539089 0.000008 0.000003 -0.605562 0.126574 -1.244849
    33 1.196316 0.000004 0.000005 0.000000 -0.000162 -0.332870
    34 3.880859 -0.047028 -0.427490 0.051056 0.262892 -0.068599
    35 1.719567 0.000023 0.000016 -0.461231 0.032293 -1.105404
    36 1.209175 0.000008 0.000005 0.175617 0.055179 -0.367832
    37 3.867399 -0.148186 -1.324350 -0.134961 0.400676 -0.397685
    38 1.719419 -0.000008 -0.000008 -0.082106 -0.002364 -0.236718
    39 1.099667 -0.000004 -0.000001 -0.188224 0.009145 -1.119518
    40 0.807129 -0.358887 -1.316406 1.243203 0.551773 -0.740643
    41 1.789783 -0.000002 -0.000002 -0.000009 0.003711 0.228604
    42 1.195282 0.003915 -0.015625 -0.065064 -0.003094 0.299834
    43 3.775391 -5.484375 -0.527832 -2.248284 -0.133216 -1.641882
  time 98
    0 -0.000003 -13.531250 -29.421875 1.570788 0.000007 -0.000007
    1 0.000000 3.345131 -2.981898 1.570789 0.086301 1.570789
    2 4.015625 0.000003 0.000000 0.000000 0.000000 -0.029241
    3 3.520294 0.000005 -0.000006 0.000000 0.000000 0.100332
    4 8.929688 0.000001 0.000000 0.000000 0.000000 0.194095
    5 2.035156 0.997070 1.937500 1.596487 -1.284993 2.943127
    6 6.028159 -0.000069 0.000009 -1.515823 -0.850485 -0.883023
    7 11.774600 0.019577 -0.031240 0.020827 0.200678 -1.775291
    8 11.481682 0.000088 -0.000031 1.230716 -0.562416 0.146375
    9 3.858219 -0.139534 -1.192206 -0.251095 0.104185 -0.118801
    10 1.312565 -0.000008 0.000000 -0.000002 0.054404 -0.409012
    11 0.729366 0.000002 -0.000002 -0.000001 0.040754 -0.240990
    12 3.941966 0.050853 -0.435186 -0.379709 -0.016674 -0.393832
    13 1.539091 0.000008 -0.000002 0.153287 0.085275 -0.278802
    14 1.196321 0.000000 -0.000002 0.180294 0.096657 -0.752368
    15 3.880859 -0.043091 0.427490 0.173079 -0.231527 -0.230358
    16 1.719578 0.000023 -0.000021 -0.117992 -0.078122 -0.544672
    17 1.209181 -0.000004 -0.000001 0.107099 -0.099114 -1.066322
    18 3.863281 -0.136475 1.332031 0.122642 -0.490092 0.180231
    19 1.719431 -0.000023 0.000019 -0.059934 -0.186464 -1.138632
    20 1.099676 0.000000 0.000006 -0.031266 0.008359 -0.587033
    21 0.807586 -0.343252 1.320583 -1.342788 -0.268033 -0.682746
    22 1.789787 0.000006 0.000006 0.075450 -0.418764 0.038983
    23 1.207012 0.000011 0.000000 0.075885 0.024786 0.116027
    24 2.035156 0.997070 -1.937500 -1.667267 1.282923 2.944210
    25 6.028144 -0.000011 0.000002 1.564095 0.793333 -0.843532
    26 11.606637 -0.007812 -0.027341 -0.005841 -0.071327 -1.805088
    27 11.481657 0.000043 0.000019 -1.183866 0.520519 0.156054
    28 3.854334 -0.131699 1.199994 0.887977 0.041686 -0.500120
    29 1.312567 0.000000 0.000000 -0.076006 -0.203868 -0.258727
    30 0.729362 0.000004 0.000003 -0.250341 -0.135455 -0.179419
    31 3.941981 0.050872 0.435162 0.216346 -0.007336 -0.093776
    32 1.539089 0.000008 0.000003 -0.605562 0.126574 -1.244849
    33 1.196316 0.000004 0.000005 0.000000 -0.000162 -0.332870
    34 3.880859 -0.047028 -0.427490 0.051056 0.262892 -0.068599
    35 1.719567 0.000023 0.000016 -0.461231 0.032293 -1.105426
    36 1.209175 0.000008 0.000005 0.175617 0.055179 -0.367832
    37 3.867399 -0.148186 -1.324350 -0.134961 0.400676 -0.397685
    38 1.719419 -0.000008 -0.000008 -0.082106 -0.002364 -0.236718
    39 1.099667 -0.000004 -0.000001 -0.188224 0.009145 -1.119518
    40 0.807129 -0.358887 -1.316406 1.243203 0.551773 -0.740643
    41 1.789783 -0.000002 -0.000002 -0.000009 0.003711 0.228604
    42 1.195282 0.003915 -0.011719 -0.063099 -0.004856 0.298396
    43 3.775391 -5.484375 -0.527832 -2.248284 -0.133216 -1.641882
  time 99
    0 -0.000003 -13.531250 -29.421875 1.570788 0.000007 -0.000007
    1 0.000000 3.345131 -2.981898 1.570789 0.086301 1.570789
    2 4.015625 0.000003 0.000000 0.000000 0.000000 -0.029241
    3 3.520294 0.000005 -0.000006 0.000000 0.000000 0.100332
    4 8.929688 0.000001 0.000000 0.000000 0.000000 0.194095
    5 2.035156 0.997070 1.937500 1.596487 -1.284993 2.943127
    6 6.028159 -0.000069 0.000009 -1.515823 -0.850485 -0.883023
    7 11.766787 0.015671 -0.027333 0.021558 0.200944 -1.775291
    8 11.481682 0.000088 -0.000031 1.230716 -0.562416 0.146375
    9 3.858219 -0.135628 -1.192206 -0.251095 0.104185 -0.118801
    10 1.312565 -0.000008 0.000000 -0.000002 0.054404 -0.409012
    11 0.729366 0.000002 -0.000002 -0.000001 0.040754 -0.240990
    12 3.941966 0.050853 -0.435186 -0.379709 -0.016674 -0.393832
    13 1.539091 0.000008 -0.000002 0.153287 0.085275 -0.278802
    14 1.196321 0.000000 -0.000002 0.180294 0.096657 -0.752368
    15 3.880859 -0.043091 0.427490 0.173079 -0.231527 -0.230358
    16 1.719578 0.000023 -0.000021 -0.117992 -0.078122 -0.544672
    17 1.209181 -0.000004 -0.000001 0.107099 -0.099114 -1.066322
    18 3.863281 -0.136475 1.332031 0.122642 -0.490092 0.180231
    19 1.719431 -0.000023 0.000019 -0.060317 -0.186584 -1.136729
    20 1.099676 0.000000 0.000006 -0.031266 0.008359 -0.587033
    21 0.807586 -0.343252 1.320583 -1.342788 -0.268033 -0.682746
    22 1.789787 0.000006 0.000006 0.075450 -0.418764 0.038983
    23 1.207012 0.000011 0.000000 0.077192 0.024390 0.113426
    24 2.035156 0.997070 -1.937500 -1.667267 1.282923 2.944210
    25 6.028144 -0.000011 0.000002 1.564095 0.793333 -0.843532
    26 11.614450 -0.007812 -0.027341 -0.005386 -0.070971 -1.805677
    27 11.481657 0.000043 0.000019 -1.183866 0.520519 0.156054
    28 3.854334 -0.131699 1.199994 0.887977 0.041686 -0.500120
    29 1.312567 0.000000 0.000000 -0.076006 -0.203868 -0.258727
    30 0.729362 0.000004 0.000003 -0.250341 -0.135455 -0.179419
    31 3.941981 0.050872 0.435162 0.216346 -0.007336 -0.093776
    32 1.539089 0.000008 0.000003 -0.605562 0.126574 -1.244849
    33 1.196316 0.000004 0.000005 0.000000 -0.000162 -0.332870
    34 3.880859 -0.047028 -0.427490 0.051056 0.262892 -0.068599
    35 1.719567 0.000023 0.000016 -0.461231 0.032293 -1.105404
    36 1.209175 0.000008 0.000005 0.175617 0.055179 -0.367832
    37 3.867399 -0.148186 -1.324350 -0.134961 0.400676 -0.397685
    38 1.719419 -0.000008 -0.000008 -0.082106 -0.002364 -0.236718
    39 1.099667 -0.000004 -0.000001 -0.188224 0.009145 -1.119518
    40 0.807129 -0.358887 -1.316406 1.243203 0.551773 -0.740643
    41 1.789783 -0.000002 -0.000002 -0.000009 0.003711 0.228604
    42 1.195282 0.003915 -0.011719 -0.060978 -0.006761 0.296850
    43 3.775391 -5.484375 -0.527832 -2.248284 -0.133216 -1.641882
  time 100
    0 -0.000003 -13.531250 -29.421875 1.570788 0.000007 -0.000007
    1 0.000000 3.345131 -2.981898 1.570789 0.086301 1.570789
    2 4.015625 0.000003 0.000000 0.000000 0.000000 -0.029241
    3 3.520294 0.000005 -0.000006 0.000000 0.000000 0.100332
    4 8.929688 0.000001 0.000000 0.000000 0.000000 0.194095
    5 2.035156 0.997070 1.937500 1.596487 -1.284993 2.943127
    6 6.028159 -0.000069 0.000009 -1.515823 -0.850485 -0.883023
    7 11.762881 0.015671 -0.023427 0.022265 0.201210 -1.775343
    8 11.481682 0.000088 -0.000031 1.230716 -0.562416 0.146375
    9 3.854313 -0.135628 -1.192206 -0.251095 0.104185 -0.118801
    10 1.312565 -0.000008 0.000000 -0.000002 0.054404 -0.409012
    11 0.729366 0.000002 -0.000002 -0.000001 0.040754 -0.240990
    12 3.941966 0.050853 -0.435186 -0.379709 -0.016674 -0.393832
    13 1.539091 0.000008 -0.000002 0.153287 0.085275 -0.278802
    14 1.196321 0.000000 -0.000002 0.180294 0.096657 -0.752368
    15 3.880859 -0.043091 0.427490 0.173079 -0.231527 -0.230358
    16 1.719578 0.000023 -0.000021 -0.117992 -0.078122 -0.544672
    17 1.209181 -0.000004 -0.000001 0.107099 -0.099114 -1.066322
    18 3.863281 -0.136475 1.332031 0.122642 -0.490092 0.180231
    19 1.719431 -0.000023 0.000019 -0.060689 -0.186704 -1.134917
    20 1.099676 0.000000 0.000006 -0.031266 0.008359 -0.587033
    21 0.807586 -0.343252 1.320583 -1.342788 -0.268021 -0.682746
    22 1.789787 0.000006 0.000006 0.075450 -0.418764 0.038983
    23 1.207012 0.000011 0.000000 0.078450 0.024007 0.110921
    24 2.035156 0.997070 -1.937500 -1.667267 1.282923 2.944210
    25 6.028144 -0.000011 0.000002 1.564095 0.793333 -0.843532
    26 11.622263 -0.007812 -0.023434 -0.004955 -0.070615 -1.806213
    27 11.481657 0.000043 0.000019 -1.183866 0.520519 0.156054
    28 3.858240 -0.131699 1.199994 0.887977 0.041686 -0.500120
    29 1.312567 0.000000 0.000000 -0.076006 -0.203868 -0.258727
    30 0.729362 0.000004 0.000003 -0.250341 -0.135455 -0.179419
    31 3.941981 0.050872 0.435162 0.216346 -0.007336 -0.093776
    32 1.539089 0.000008 0.000003 -0.605562 0.126574 -1.244849
    33 1.196316 0.000004 0.000005 0.000000 -0.000162 -0.332870
    34 3.880859 -0.047028 -0.427490 0.051056 0.262892 -0.068599
    35 1.719567 0.000023 0.000016 -0.461231 0.032293 -1.105404
    36 1.209175 0.000008 0.000005 0.175617 0.055179 -0.367832
    37 3.867399 -0.148186 -1.324350 -0.134961 0.400676 -0.397685
    38 1.719419 -0.000008 -0.000008 -0.082106 -0.002364 -0.236718
    39 1.099667 -0.000004 -0.000001 -0.188224 0.009145 -1.119518
    40 0.807129 -0.358887 -1.316406 1.243203 0.551773 -0.740643
    41 1.789783 -0.000002 -0.000002 -0.000009 0.003711 0.228604
    42 1.199188 0.003915 -0.011719 -0.058725 -0.008786 0.295196
    43 3.775391 -5.484375 -0.527832 -2.248284 -0.133216 -1.641882
  time 101
    0 -0.000003 -13.531250 -29.421875 1.570788 0.000007 -0.000007
    1 0.000000 3.345131 -2.981898 1.570789 0.086301 1.570789
    2 4.015625 0.000003 0.000000 0.000000 0.000000 -0.029241
    3 3.520294 0.000005 -0.000006 0.000000 0.000000 0.100332
    4 8.929688 0.000001 0.000000 0.000000 0.000000 0.194095
    5 2.035156 0.997070 1.937500 1.596487 -1.284993 2.943127
    6 6.028159 -0.000069 0.000009 -1.515823 -0.850485 -0.883023
    7 11.755068 0.011765 -0.023427 0.022949 0.201476 -1.775343
    8 11.481682 0.000088 -0.000031 1.230716 -0.562416 0.146375
    9 3.858219 -0.135628 -1.192206 -0.251095 0.104185 -0.118801
    10 1.312565 -0.000008 0.000000 -0.000002 0.054404 -0.409012
    11 0.729366 0.000002 -0.000002 -0.000001 0.040754 -0.240990
    12 3.941966 0.050853 -0.435186 -0.379709 -0.016674 -0.393832
    13 1.539091 0.000008 -0.000002 0.153287 0.085275 -0.278802
    14 1.196321 0.000000 -0.000002 0.180294 0.096657 -0.752368
    15 3.880859 -0.043091 0.427490 0.173079 -0.231527 -0.230358
    16 1.719578 0.000023 -0.000021 -0.117992 -0.078122 -0.544672
    17 1.209181 -0.000004 -0.000001 0.107099 -0.099114 -1.066322
    18 3.863281 -0.136475 1.332031 0.122642 -0.490092 0.180231
    19 1.719431 -0.000023 0.000019 -0.061037 -0.186811 -1.133133
    20 1.099676 0.000000 0.000006 -0.031266 0.008359 -0.587033
    21 0.807586 -0.343252 1.316677 -1.342788 -0.268033 -0.682746
    22 1.789787 0.000006 0.000006 0.075450 -0.418764 0.038983
    23 1.207012 0.000011 0.000000 0.079661 0.023635 0.108524
    24 2.035156 0.997070 -1.937500 -1.667267 1.282923 2.944210
    25 6.028144 -0.000011 0.000002 1.564095 0.793333 -0.843532
    26 11.630075 -0.007812 -0.019528 -0.004535 -0.070285 -1.806749
    27 11.481657 0.000043 0.000019 -1.183866 0.520519 0.156054
    28 3.858240 -0.131699 1.199994 0.887977 0.041686 -0.500120
    29 1.312567 0.000000 0.000000 -0.076006 -0.203868 -0.258727
    30 0.729362 0.000004 0.000003 -0.250341 -0.135455 -0.179419
    31 3.941981 0.050872 0.435162 0.216346 -0.007336 -0.093776
    32 1.539089 0.000008 0.000003 -0.605562 0.126574 -1.244849
    33 1.196316 0.000004 0.000005 0.000000 -0.000162 -0.332870
    34 3.880859 -0.047028 -0.427490 0.051056 0.262892 -0.068599
    35 1.719567 0.000023 0.000016 -0.461231 0.032293 -1.105404
    36 1.209175 0.000008 0.000005 0.175617 0.055179 -0.367832
    37 3.867399 -0.148186 -1.324350 -0.134961 0.400676 -0.397685
    38 1.719419 -0.000008 -0.000008 -0.082106 -0.002364 -0.236718
    39 1.099667 -0.000004 -0.000001 -0.188224 0.009145 -1.119518
    40 0.807129 -0.358887 -1.316406 1.243203 0.551773 -0.740643
    41 1.789783 -0.000002 -0.000002 -0.000009 0.003711 0.228604
    42 1.199188 0.000009 -0.011719 -0.056352 -0.010920 0.293458
    43 3.775391 -5.484375 -0.527832 -2.248284 -0.133216 -1.641882
  time 102
    0 -0.000003 -13.531250 -29.421875 1.570788 0.000007 -0.000007
    1 0.000000 3.345131 -2.981898 1.570789 0.086301 1.570789
    2 4.015625 0.000003 0.000000 0.000000 0.000000 -0.029241
    3 3.520294 0.000005 -0.000006 0.000000 0.000000 0.100332
    4 8.929688 0.000001 0.000000 0.000000 0.000000 0.194095
    5 2.035156 0.997070 1.937500 1.596487 -1.284993 2.943127
    6 6.028159 -0.000069 0.000009 -1.515823 -0.850485 -0.883023
    7 11.747255 0.011765 -0.019520 0.023608 0.201709 -1.775343
    8 11.481682 0.000088 -0.000031 1.230716 -0.562416 0.146375
    9 3.854313 -0.135628 -1.192206 -0.251095 0.104185 -0.118801
    10 1.312565 -0.000008 0.000000 -0.000002 0.054404 -0.409012
    11 0.729366 0.000002 -0.000002 -0.000001 0.040754 -0.240990
    12 3.941966 0.050853 -0.435186 -0.379709 -0.016674 -0.393832
    13 1.539091 0.000008 -0.000002 0.153287 0.085275 -0.278802
    14 1.196321 0.000000 -0.000002 0.180294 0.096657 -0.752368
    15 3.880859 -0.043091 0.427490 0.173079 -0.231527 -0.230358
    16 1.719578 0.000023 -0.000021 -0.117992 -0.078122 -0.544672
    17 1.209181 -0.000004 -0.000001 0.107099 -0.099114 -1.066322
    18 3.863281 -0.136475 1.332031 0.122642 -0.490092 0.180231
    19 1.719431 -0.000023 0.000019 -0.061384 -0.186931 -1.131410
    20 1.099676 0.000000 0.000006 -0.031266 0.008359 -0.587033
    21 0.807586 -0.343252 1.320583 -1.342788 -0.268033 -0.682746
    22 1.789787 0.000006 0.000006 0.075450 -0.418764 0.038983
    23 1.207012 0.000011 0.000000 0.080799 0.023288 0.106247
    24 2.035156 0.997070 -1.937500 -1.667267 1.282923 2.944210
    25 6.028144 -0.000011 0.000002 1.564095 0.793333 -0.843532
    26 11.633982 -0.003905 -0.019528 -0.004128 -0.069954 -1.807231
    27 11.481657 0.000043 0.000019 -1.183866 0.520519 0.156054
    28 3.854334 -0.131699 1.199994 0.887977 0.041686 -0.500120
    29 1.312567 0.000000 0.000000 -0.076006 -0.203868 -0.258727
    30 0.729362 0.000004 0.000003 -0.250341 -0.135455 -0.179419
    31 3.941981 0.050872 0.435162 0.216346 -0.007336 -0.093776
    32 1.539089 0.000008 0.000003 -0.605562 0.126574 -1.244849
    33 1.196316 0.000004 0.000005 0.000000 -0.000162 -0.332870
    34 3.880859 -0.047028 -0.427490 0.051056 0.262892 -0.068599
    35 1.719567 0.000023 0.000016 -0.461231 0.032293 -1.105404
    36 1.209175 0.000008 0.000005 0.175617 0.055179 -0.367832
    37 3.867399 -0.148186 -1.324350 -0.134961 0.400676 -0.397685
    38 1.719419 -0.000008 -0.000008 -0.082106 -0.002364 -0.236718
    39 1.099667 -0.000004 -0.000001 -0.188224 0.009145 -1.119518
    40 0.807129 -0.358887 -1.316406 1.243203 0.551773 -0.740643
    41 1.789783 -0.000002 -0.000002 -0.000009 0.003711 0.228604
    42 1.199188 0.000009 -0.007813 -0.053883 -0.013125 0.291649
    43 3.775391 -5.484375 -0.527832 -2.248284 -0.133216 -1.641882
  time 103
    0 -0.000003 -13.531250 -29.421875 1.570788 0.000007 -0.000007
    1 0.000000 3.345131 -2.981898 1.570789 0.086301 1.570789
    2 4.015625 0.000003 0.000000 0.000000 0.000000 -0.029241
    3 3.520294 0.000005 -0.000006 0.000000 0.000000 0.100332
    4 8.929688 0.000001 0.000000 0.000000 0.000000 0.194095
    5 2.035156 0.997070 1.937500 1.596487 -1.284993 2.943127
    6 6.028159 -0.000069 0.000009 -1.515823 -0.850485 -0.883023
    7 11.743349 0.011765 -0.015614 0.024243 0.201958 -1.775343
    8 11.481682 0.000088 -0.000031 1.230716 -0.562416 0.146375
    9 3.858219 -0.139534 -1.192206 -0.251095 0.104185 -0.118801
    10 1.312565 -0.000008 0.000000 -0.000002 0.054404 -0.409012
    11 0.729366 0.000002 -0.000002 -0.000001 0.040754 -0.240990
    12 3.941966 0.050853 -0.435186 -0.379709 -0.016674 -0.393832
    13 1.539091 0.000008 -0.000002 0.153287 0.085275 -0.278802
    14 1.196321 0.000000 -0.000002 0.180294 0.096657 -0.752368
    15 3.880859 -0.043091 0.427490 0.173079 -0.231527 -0.230358
    16 1.719578 0.000023 -0.000021 -0.117992 -0.078122 -0.544672
    17 1.209181 -0.000004 -0.000001 0.107099 -0.099114 -1.066322
    18 3.863281 -0.136475 1.332031 0.122642 -0.490092 0.180231
    19 1.719431 -0.000023 0.000019 -0.061720 -0.187027 -1.129775
    20 1.099676 0.000000 0.000006 -0.031266 0.008359 -0.587033
    21 0.807586 -0.343252 1.320583 -1.342788 -0.268033 -0.682746
    22 1.789787 0.000006 0.000006 0.075450 -0.418764 0.038983
    23 1.207012 0.000011 0.000000 0.081902 0.022952 0.104066
    24 2.035156 0.997070 -1.937500 -1.667267 1.282923 2.944210
    25 6.028144 -0.000011 0.000002 1.564095 0.793333 -0.843532
    26 11.641795 -0.003905 -0.015622 -0.003732 -0.069637 -1.807767
    27 11.481657 0.000043 0.000019 -1.183866 0.520519 0.156054
    28 3.858240 -0.131699 1.199994 0.887977 0.041686 -0.500120
    29 1.312567 0.000000 0.000000 -0.076006 -0.203868 -0.258727
    30 0.729362 0.000004 0.000003 -0.250341 -0.135455 -0.179419
    31 3.941981 0.050872 0.435162 0.216346 -0.007336 -0.093776
    32 1.539089 0.000008 0.000003 -0.605562 0.126574 -1.244849
    33 1.196316 0.000004 0.000005 0.000000 -0.000162 -0.332870
    34 3.880859 -0.047028 -0.427490 0.051056 0.262892 -0.068599
    35 1.719567 0.000023 0.000016 -0.461231 0.032293 -1.105404
    36 1.209175 0.000008 0.000005 0.175617 0.055179 -0.367832
    37 3.867399 -0.148186 -1.324350 -0.134961 0.400676 -0.397685
    38 1.719419 -0.000008 -0.000008 -0.082106 -0.002364 -0.236718
    39 1.099667 -0.000004 -0.000001 -0.188224 0.009145 -1.119518
    40 0.807129 -0.358887 -1.316406 1.243203 0.551773 -0.740643
    41 1.789783 -0.000002 -0.000002 -0.000009 0.003711 0.228604
    42 1.199188 0.000009 -0.007813 -0.051366 -0.015390 0.289803
    43 3.775391 -5.484375 -0.527832 -2.248284 -0.133216 -1.641882
  time 104
    0 -0.000003 -13.531250 -29.421875 1.570788 0.000007 -0.000007
    1 0.000000 3.345131 -2.981898 1.570789 0.086301 1.570789
    2 4.015625 0.000003 0.000000 0.000000 0.000000 -0.029241
    3 3.520294 0.000005 -0.000006 0.000000 0.000000 0.100332
    4 8.929688 0.000001 0.000000 0.000000 0.000000 0.194095
    5 2.035156 0.997070 1.937500 1.596487 -1.284993 2.943127
    6 6.028159 -0.000069 0.000009 -1.515823 -0.850485 -0.883023
    7 11.735536 0.007858 -0.015614 0.024842 0.202174 -1.775396
    8 11.481682 0.000088 -0.000031 1.230716 -0.562416 0.146375
    9 3.858219 -0.135628 -1.192206 -0.251095 0.104185 -0.118801
    10 1.312565 -0.000008 0.000000 -0.000002 0.054404 -0.409012
    11 0.729366 0.000002 -0.000002 -0.000001 0.040754 -0.240990
    12 3.941966 0.050853 -0.435186 -0.379709 -0.016674 -0.393832
    13 1.539091 0.000008 -0.000002 0.153287 0.085275 -0.278802
    14 1.196321 0.000000 -0.000002 0.180294 0.096657 -0.752368
    15 3.880859 -0.043091 0.427490 0.173079 -0.231527 -0.230358
    16 1.719578 0.000023 -0.000021 -0.117992 -0.078122 -0.544672
    17 1.209181 -0.000004 -0.000001 0.107099 -0.099114 -1.066322
    18 3.863281 -0.136475 1.332031 0.122642 -0.490092 0.180231
    19 1.719431 -0.000023 0.000019 -0.062031 -0.187135 -1.128200
    20 1.099676 0.000000 0.000006 -0.031266 0.008359 -0.587033
    21 0.807586 -0.343252 1.320583 -1.342788 -0.268033 -0.682746
    22 1.789787 0.000006 0.000006 0.075450 -0.418764 0.038983
    23 1.207012 0.000011 0.000000 0.082932 0.022641 0.102017
    24 2.035156 0.997070 -1.937500 -1.667267 1.282923 2.944210
    25 6.028144 -0.000011 0.000002 1.564095 0.793333 -0.843532
    26 11.645701 -0.003905 -0.015622 -0.003361 -0.069344 -1.808195
    27 11.481657 0.000043 0.000019 -1.183866 0.520519 0.156054
    28 3.858240 -0.131699 1.199994 0.887977 0.041686 -0.500120
    29 1.312567 0.000000 0.000000 -0.076006 -0.203868 -0.258727
    30 0.729362 0.000004 0.000003 -0.250341 -0.135455 -0.179419
    31 3.941981 0.050872 0.435162 0.216346 -0.007336 -0.093776
    32 1.539089 0.000008 0.000003 -0.605562 0.126574 -1.244849
    33 1.196316 0.000004 0.000005 0.000000 -0.000162 -0.332870
    34 3.880859 -0.047028 -0.427490 0.051056 0.262892 -0.068599
    35 1.719567 0.000023 0.000016 -0.461231 0.032293 -1.105404
    36 1.209175 0.000008 0.000005 0.175617 0.055179 -0.367832
    37 3.867399 -0.148186 -1.324350 -0.134961 0.400676 -0.397685
    38 1.719419 -0.000008 -0.000008 -0.082106 -0.002364 -0.236718
    39 1.099667 -0.000004 -0.000001 -0.188224 0.009145 -1.119518
    40 0.807129 -0.358887 -1.316406 1.243203 0.551773 -0.740643
    41 1.789783 -0.000002 -0.000002 -0.000009 0.003711 0.228604
    42 1.203094 0.000009 -0.007813 -0.048813 -0.017679 0.287945
    43 3.775391 -5.484375 -0.527832 -2.248284 -0.133216 -1.641882
  time 105
    0 -0.000003 -13.531250 -29.421875 1.570788 0.000007 -0.000007
    1 0.000000 3.345131 -2.981898 1.570789 0.086301 1.570789
    2 4.015625 0.000003 0.000000 0.000000 0.000000 -0.029241
    3 3.520294 0.000005 -0.000006 0.000000 0.000000 0.100332
    4 8.929688 0.000001 0.000000 0.000000 0.000000 0.194095
    5 2.035156 0.997070 1.937500 1.596487 -1.284993 2.943127
    6 6.028159 -0.000069 0.000009 -1.515823 -0.850485 -0.883023
    7 11.731630 0.007858 -0.011708 0.025417 0.202390 -1.775396
    8 11.481682 0.000088 -0.000031 1.230716 -0.562416 0.146375
    9 3.858219 -0.135628 -1.192206 -0.251095 0.104185 -0.118801
    10 1.312565 -0.000008 0.000000 -0.000002 0.054404 -0.409012
    11 0.729366 0.000002 -0.000002 -0.000001 0.040754 -0.240990
    12 3.941966 0.050853 -0.435186 -0.379709 -0.016674 -0.393832
    13 1.539091 0.000008 -0.000002 0.153287 0.085275 -0.278802
    14 1.196321 0.000000 -0.000002 0.180294 0.096657 -0.752368
    15 3.880859 -0.043091 0.427490 0.173079 -0.231527 -0.230358
    16 1.719578 0.000023 -0.000021 -0.117992 -0.078122 -0.544672
    17 1.209181 -0.000004 -0.000001 0.107099 -0.099114 -1.066322
    18 3.863281 -0.136475 1.332031 0.122642 -0.490092 0.180231
    19 1.719431 -0.000023 0.000019 -0.062331 -0.187231 -1.126714
    20 1.099676 0.000000 0.000006 -0.031266 0.008359 -0.587033
    21 0.807586 -0.343252 1.320583 -1.342788 -0.268033 -0.682746
    22 1.789787 0.000006 0.000006 0.075450 -0.418764 0.038983
    23 1.207012 0.000011 0.000000 0.083903 0.022341 0.100075
    24 2.035156 0.997070 -1.937500 -1.667267 1.282923 2.944210
    25 6.028144 -0.000011 0.000002 1.564095 0.793333 -0.843532
    26 11.653514 -0.003905 -0.011715 -0.003013 -0.069065 -1.808624
    27 11.481657 0.000043 0.000019 -1.183866 0.520519 0.156054
    28 3.854334 -0.131699 1.199994 0.887977 0.041686 -0.500120
    29 1.312567 0.000000 0.000000 -0.076006 -0.203868 -0.258727
    30 0.729362 0.000004 0.000003 -0.250341 -0.135455 -0.179419
    31 3.941981 0.050872 0.435162 0.216346 -0.007336 -0.093776
    32 1.539089 0.000008 0.000003 -0.605562 0.126574 -1.244879
    33 1.196316 0.000004 0.000005 0.000000 -0.000162 -0.332870
    34 3.880859 -0.047028 -0.427490 0.051056 0.262892 -0.068599
    35 1.719567 0.000023 0.000016 -0.461231 0.032293 -1.105404
    36 1.209175 0.000008 0.000005 0.175617 0.055179 -0.367832
    37 3.863493 -0.148186 -1.324350 -0.134961 0.400676 -0.397685
    38 1.719419 -0.000008 -0.000008 -0.082106 -0.002364 -0.236718
    39 1.099667 -0.000004 -0.000001 -0.188224 0.009145 -1.119518
    40 0.807129 -0.358887 -1.316406 1.243203 0.551773 -0.740643
    41 1.789783 -0.000002 -0.000002 -0.000009 0.003711 0.228604
    42 1.203094 0.000009 -0.007813 -0.046273 -0.019968 0.286076
    43 3.775391 -5.484375 -0.527832 -2.248284 -0.133216 -1.641882
  time 106
    0 -0.000003 -13.531250 -29.421875 1.570788 0.000007 -0.000007
    1 0.000000 3.345131 -2.981898 1.570789 0.086301 1.570789
    2 4.015625 0.000003 0.000000 0.000000 0.000000 -0.029241
    3 3.520294 0.000005 -0.000006 0.000000 0.000000 0.100332
    4 8.929688 0.000001 0.000000 0.000000 0.000000 0.194095
    5 2.035156 0.997070 1.937500 1.596487 -1.284993 2.943127
    6 6.028159 -0.000069 0.000009 -1.515823 -0.850485 -0.883023
    7 11.727723 0.007858 -0.011708 0.025957 0.202590 -1.775396
    8 11.481682 0.000088 -0.000031 1.230716 -0.562416 0.146375
    9 3.858219 -0.135628 -1.192206 -0.251095 0.104185 -0.118801
    10 1.312565 -0.000008 0.000000 -0.000002 0.054404 -0.409012
    11 0.729366 0.000002 -0.000002 -0.000001 0.040754 -0.240990
    12 3.941966 0.050853 -0.435186 -0.379709 -0.016674 -0.393832
    13 1.539091 0.000008 -0.000002 0.153287 0.085275 -0.278802
    14 1.196321 0.000000 -0.000002 0.180294 0.096657 -0.752368
    15 3.880859 -0.043091 0.427490 0.173079 -0.231527 -0.230358
    16 1.719578 0.000023 -0.000021 -0.117992 -0.078122 -0.544672
    17 1.209181 -0.000004 -0.000001 0.107099 -0.099114 -1.066322
    18 3.863281 -0.136475 1.332031 0.122642 -0.490092 0.180231
    19 1.719431 -0.000023 0.000019 -0.062607 -0.187315 -1.125317
    20 1.099676 0.000000 0.000006 -0.031266 0.008359 -0.587033
    21 0.807586 -0.343252 1.320583 -1.342788 -0.268033 -0.682746
    22 1.789787 0.000006 0.000006 0.075450 -0.418764 0.038983
    23 1.207012 0.000011 0.000000 0.084826 0.022065 0.098253
    24 2.035156 0.997070 -1.937500 -1.667267 1.282923 2.944210
    25 6.028144 -0.000011 0.000002 1.564095 0.793333 -0.843532
    26 11.657420 -0.003905 -0.011715 -0.002678 -0.068785 -1.809052
    27 11.481657 0.000043 0.000019 -1.183866 0.520519 0.156054
    28 3.854334 -0.131699 1.199994 0.887977 0.041686 -0.500120
    29 1.312567 0.000000 0.000000 -0.076006 -0.203868 -0.258727
    30 0.729362 0.000004 0.000003 -0.250341 -0.135455 -0.179419
    31 3.941981 0.050872 0.435162 0.216346 -0.007336 -0.093776
    32 1.539089 0.000008 0.000003 -0.605562 0.126574 -1.244849
    33 1.196316 0.000004 0.000005 0.000000 -0.000162 -0.332870
    34 3.880859 -0.047028 -0.427490 0.051056 0.262892 -0.068599
    35 1.719567 0.000023 0.000016 -0.461231 0.032293 -1.105404
    36 1.209175 0.000008 0.000005 0.175617 0.055179 -0.367832
    37 3.867399 -0.148186 -1.324350 -0.134961 0.400676 -0.397685
    38 1.719419 -0.000008 -0.000008 -0.082106 -0.002364 -0.236718
    39 1.099667 -0.000004 -0.000001 -0.188224 0.009145 -1.119518
    40 0.807129 -0.358887 -1.316406 1.243203 0.551773 -0.740643
    41 1.789783 -0.000002 -0.000002 -0.000009 0.003711 0.228604
    42 1.203094 0.000009 -0.003906 -0.043744 -0.022233 0.284230
    43 3.775391 -5.484375 -0.527832 -2.248284 -0.133216 -1.641882
  time 107
    0 -0.000003 -13.531250 -29.421875 1.570788 0.000007 -0.000007
    1 0.000000 3.345131 -2.981898 1.570789 0.086301 1.570789
    2 4.015625 0.000003 0.000000 0.000000 0.000000 -0.029241
    3 3.520294 0.000005 -0.000006 0.000000 0.000000 0.100332
    4 8.929688 0.000001 0.000000 0.000000 0.000000 0.194095
    5 2.035156 0.997070 1.937500 1.596487 -1.284993 2.943127
    6 6.028159 -0.000069 0.000009 -1.515823 -0.850485 -0.883023
    7 11.719911 0.003952 -0.007801 0.026460 0.202773 -1.775396
    8 11.481682 0.000088 -0.000031 1.230716 -0.562416 0.146375
    9 3.858219 -0.135628 -1.192206 -0.251095 0.104185 -0.118801
    10 1.312565 -0.000008 0.000000 -0.000002 0.054404 -0.409012
    11 0.729366 0.000002 -0.000002 -0.000001 0.040754 -0.240990
    12 3.938059 0.050853 -0.435186 -0.379709 -0.016674 -0.393832
    13 1.539091 0.000008 -0.000002 0.153287 0.085275 -0.278802
    14 1.196321 0.000000 -0.000002 0.180294 0.096657 -0.752368
    15 3.880859 -0.043091 0.427490 0.173079 -0.231527 -0.230358
    16 1.719578 0.000023 -0.000021 -0.117992 -0.078122 -0.544672
    17 1.209181 -0.000004 -0.000001 0.107099 -0.099114 -1.066322
    18 3.863281 -0.136475 1.332031 0.122642 -0.490092 0.180231
    19 1.719431 -0.000023 0.000019 -0.062882 -0.187399 -1.124009
    20 1.099676 0.000000 0.000006 -0.031266 0.008359 -0.587033
    21 0.807586 -0.343252 1.316677 -1.342788 -0.268021 -0.682746
    22 1.789787 0.000006 0.000006 0.075450 -0.418764 0.038983
    23 1.207012 0.000011 0.000000 0.085677 0.021802 0.096552
    24 2.035156 0.997070 -1.937500 -1.667267 1.282923 2.944210
    25 6.028144 -0.000011 0.000002 1.564095 0.793333 -0.843532
    26 11.661326 0.000001 -0.007809 -0.002366 -0.068544 -1.809427
    27 11.481657 0.000043 0.000019 -1.183866 0.520519 0.156054
    28 3.858240 -0.131699 1.199994 0.887977 0.041686 -0.500120
    29 1.312567 0.000000 0.000000 -0.076006 -0.203868 -0.258727
    30 0.729362 0.000004 0.000003 -0.250341 -0.135455 -0.179419
    31 3.941981 0.050872 0.435162 0.216346 -0.007336 -0.093776
    32 1.539089 0.000008 0.000003 -0.605562 0.126574 -1.244849
    33 1.196316 0.000004 0.000005 0.000000 -0.000162 -0.332870
    34 3.880859 -0.047028 -0.427490 0.051056 0.262892 -0.068599
    35 1.719567 0.000023 0.000016 -0.461231 0.032293 -1.105404
    36 1.209175 0.000008 0.000005 0.175617 0.055179 -0.367832
    37 3.867399 -0.148186 -1.324350 -0.134961 0.400676 -0.397685
    38 1.719419 -0.000008 -0.000008 -0.082106 -0.002364 -0.236718
    39 1.099667 -0.000004 -0.000001 -0.188224 0.009145 -1.119518
    40 0.807129 -0.358887 -1.316406 1.243203 0.551773 -0.740643
    41 1.789783 -0.000002 -0.000002 -0.000009 0.003711 0.228604
    42 1.203094 0.000009 -0.003906 -0.041287 -0.024438 0.282421
    43 3.775391 -5.484375 -0.527832 -2.248284 -0.133216 -1.641882
  time 108
    0 -0.000003 -13.531250 -29.421875 1.570788 0.000007 -0.000007
    1 0.000000 3.345131 -2.981898 1.570789 0.086301 1.570789
    2 4.015625 0.000003 0.000000 0.000000 0.000000 -0.029241
    3 3.520294 0.000005 -0.000006 0.000000 0.000000 0.100332
    4 8.929688 0.000001 0.000000 0.000000 0.000000 0.194095
    5 2.035156 0.997070 1.937500 1.596487 -1.284993 2.943127
    6 6.028159 -0.000069 0.000009 -1.515823 -0.850485 -0.883023
    7 11.716004 0.003952 -0.007801 0.026939 0.202956 -1.775396
    8 11.481682 0.000088 -0.000031 1.230716 -0.562416 0.146375
    9 3.858219 -0.135628 -1.192206 -0.251095 0.104185 -0.118801
    10 1.312565 -0.000008 0.000000 -0.000002 0.054404 -0.409012
    11 0.729366 0.000002 -0.000002 -0.000001 0.040754 -0.240990
    12 3.941966 0.050853 -0.435186 -0.379709 -0.016674 -0.393832
    13 1.539091 0.000008 -0.000002 0.153287 0.085275 -0.278802
    14 1.196321 0.000000 -0.000002 0.180294 0.096657 -0.752368
    15 3.880859 -0.043091 0.427490 0.173079 -0.231527 -0.230358
    16 1.719578 0.000023 -0.000021 -0.117992 -0.078122 -0.544672
    17 1.209181 -0.000004 -0.000001 0.107099 -0.099114 -1.066322
    18 3.863281 -0.136475 1.332031 0.122642 -0.490092 0.180231
    19 1.719431 -0.000023 0.000019 -0.063122 -0.187483 -1.122791
    20 1.099676 0.000000 0.000006 -0.031266 0.008359 -0.587033
    21 0.807586 -0.343252 1.320583 -1.342788 -0.268033 -0.682746
    22 1.789787 0.000006 0.000006 0.075450 -0.418764 0.038983
    23 1.207012 0.000011 0.000000 0.086468 0.021562 0.094970
    24 2.035156 0.997070 -1.937500 -1.667267 1.282923 2.944210
    25 6.028144 -0.000011 0.000002 1.564095 0.793333 -0.843532
    26 11.669139 0.000001 -0.007809 -0.002078 -0.068302 -1.809802
    27 11.481657 0.000043 0.000019 -1.183866 0.520519 0.156054
    28 3.854334 -0.131699 1.199994 0.887977 0.041686 -0.500120
    29 1.312567 0.000000 0.000000 -0.076006 -0.203868 -0.258727
    30 0.729362 0.000004 0.000003 -0.250341 -0.135455 -0.179419
    31 3.941981 0.050872 0.435162 0.216346 -0.007336 -0.093776
    32 1.539089 0.000008 0.000003 -0.605562 0.126574 -1.244879
    33 1.196316 0.000004 0.000005 0.000000 -0.000162 -0.332870
    34 3.880859 -0.047028 -0.427490 0.051056 0.262892 -0.068599
    35 1.719567 0.000023 0.000016 -0.461231 0.032293 -1.105404
    36 1.209175 0.000008 0.000005 0.175617 0.055179 -0.367832
    37 3.867399 -0.148186 -1.324350 -0.134961 0.400676 -0.397685
    38 1.719419 -0.000008 -0.000008 -0.082106 -0.002364 -0.236718
    39 1.099667 -0.000004 -0.000001 -0.188224 0.009145 -1.119518
    40 0.807129 -0.358887 -1.316406 1.243203 0.551773 -0.740643
    41 1.789783 -0.000002 -0.000002 -0.000009 0.003711 0.228604
    42 1.203094 0.000009 -0.003906 -0.038914 -0.026572 0.280683
    43 3.775391 -5.484375 -0.527832 -2.248284 -0.133216 -1.641882
  time 109
    0 -0.000003 -13.531250 -29.421875 1.570788 0.000007 -0.000007
    1 0.000000 3.345131 -2.981898 1.570789 0.086301 1.570789
    2 4.015625 0.000003 0.000000 0.000000 0.000000 -0.029241
    3 3.520294 0.000005 -0.000006 0.000000 0.000000 0.100332
    4 8.929688 0.000001 0.000000 0.000000 0.000000 0.194095
    5 2.035156 0.997070 1.937500 1.596487 -1.284993 2.943127
    6 6.028159 -0.000069 0.000009 -1.515823 -0.850485 -0.883023
    7 11.712098 0.003952 -0.007801 0.027371 0.203122 -1.775448
    8 11.481682 0.000088 -0.000031 1.230716 -0.562416 0.146375
    9 3.854313 -0.135628 -1.192206 -0.251095 0.104185 -0.118801
    10 1.312565 -0.000008 0.000000 -0.000002 0.054404 -0.409012
    11 0.729366 0.000002 -0.000002 -0.000001 0.040754 -0.240990
    12 3.938059 0.050853 -0.435186 -0.379709 -0.016674 -0.393832
    13 1.539091 0.000008 -0.000002 0.153287 0.085275 -0.278802
    14 1.196321 0.000000 -0.000002 0.180294 0.096657 -0.752368
    15 3.880859 -0.043091 0.427490 0.173079 -0.231527 -0.230358
    16 1.719578 0.000023 -0.000021 -0.117992 -0.078122 -0.544672
    17 1.209181 -0.000004 -0.000001 0.107099 -0.099114 -1.066322
    18 3.863281 -0.136475 1.332031 0.122642 -0.490092 0.180231
    19 1.719431 -0.000023 0.000019 -0.063350 -0.187554 -1.121661
    20 1.099676 0.000000 0.000006 -0.031266 0.008359 -0.587033
    21 0.807586 -0.343252 1.320583 -1.342788 -0.268033 -0.682746
    22 1.789787 0.000006 0.000006 0.075450 -0.418764 0.038983
    23 1.207012 0.000011 0.000000 0.087199 0.021346 0.093519
    24 2.035156 0.997070 -1.937500 -1.667267 1.282923 2.944210
    25 6.028144 -0.000011 0.000002 1.564095 0.793333 -0.843532
    26 11.673046 0.000001 -0.007809 -0.001815 -0.068086 -1.810124
    27 11.481657 0.000043 0.000019 -1.183866 0.520519 0.156054
    28 3.854334 -0.131699 1.199994 0.887977 0.041686 -0.500120
    29 1.312567 0.000000 0.000000 -0.076006 -0.203868 -0.258727
    30 0.729362 0.000004 0.000003 -0.250341 -0.135455 -0.179419
    31 3.938074 0.050872 0.435162 0.216346 -0.007336 -0.093776
    32 1.539089 0.000008 0.000003 -0.605562 0.126574 -1.244849
    33 1.196316 0.000004 0.000005 0.000000 -0.000162 -0.332870
    34 3.880859 -0.047028 -0.427490 0.051056 0.262892 -0.068599
    35 1.719567 0.000023 0.000016 -0.461231 0.032293 -1.105404
    36 1.209175 0.000008 0.000005 0.175617 0.055179 -0.367832
    37 3.867399 -0.148186 -1.324350 -0.134961 0.400676 -0.397685
    38 1.719419 -0.000008 -0.000008 -0.082106 -0.002364 -0.236718
    39 1.099667 -0.000004 -0.000001 -0.188224 0.009145 -1.119518
    40 0.807129 -0.358887 -1.316406 1.243203 0.551773 -0.740643
    41 1.789783 -0.000002 -0.000002 -0.000009 0.003711 0.228604
    42 1.207001 0.000009 -0.003906 -0.036661 -0.028597 0.279029
    43 3.775391 -5.484375 -0.527832 -2.248284 -0.133216 -1.641882
  time 110
    0 -0.000003 -13.531250 -29.421875 1.570788 0.000007 -0.000007
    1 0.000000 3.345131 -2.981898 1.570789 0.086301 1.570789
    2 4.015625 0.000003 0.000000 0.000000 0.000000 -0.029241
    3 3.520294 0.000005 -0.000006 0.000000 0.000000 0.100332
    4 8.929688 0.000001 0.000000 0.000000 0.000000 0.194095
    5 2.035156 0.997070 1.937500 1.596487 -1.284993 2.943127
    6 6.028159 -0.000069 0.000009 -1.515823 -0.850485 -0.883023
    7 11.708191 0.003952 -0.003895 0.027766 0.203271 -1.775448
    8 11.481682 0.000088 -0.000031 1.230716 -0.562416 0.146375
    9 3.858219 -0.135628 -1.192206 -0.251095 0.104185 -0.118801
    10 1.312565 -0.000008 0.000000 -0.000002 0.054404 -0.409012
    11 0.729366 0.000002 -0.000002 -0.000001 0.040754 -0.240990
    12 3.941966 0.050853 -0.435186 -0.379709 -0.016674 -0.393832
    13 1.539091 0.000008 -0.000002 0.153287 0.085275 -0.278802
    14 1.196321 0.000000 -0.000002 0.180294 0.096657 -0.752368
    15 3.880859 -0.043091 0.427490 0.173079 -0.231527 -0.230358
    16 1.719578 0.000023 -0.000021 -0.117992 -0.078122 -0.544672
    17 1.209181 -0.000004 -0.000001 0.107099 -0.099114 -1.066322
    18 3.863281 -0.136475 1.332031 0.122642 -0.490092 0.180231
    19 1.719431 -0.000023 0.000019 -0.063565 -0.187614 -1.120621
    20 1.099676 0.000000 0.000006 -0.031266 0.008359 -0.587033
    21 0.807586 -0.343252 1.320583 -1.342788 -0.268021 -0.682746
    22 1.789787 0.000006 0.000006 0.075450 -0.418764 0.038983
    23 1.207012 0.000011 0.000000 0.087870 0.021143 0.092201
    24 2.035156 0.997070 -1.937500 -1.667267 1.282923 2.944210
    25 6.028144 -0.000011 0.000002 1.564095 0.793333 -0.843532
    26 11.676952 0.000001 -0.003903 -0.001563 -0.067896 -1.810445
    27 11.481657 0.000043 0.000019 -1.183866 0.520519 0.156054
    28 3.854334 -0.131699 1.199994 0.887977 0.041686 -0.500120
    29 1.312567 0.000000 0.000000 -0.076006 -0.203868 -0.258727
    30 0.729362 0.000004 0.000003 -0.250341 -0.135455 -0.179419
    31 3.941981 0.050872 0.435162 0.216346 -0.007336 -0.093776
    32 1.539089 0.000008 0.000003 -0.605562 0.126574 -1.244849
    33 1.196316 0.000004 0.000005 0.000000 -0.000162 -0.332870
    34 3.880859 -0.047028 -0.427490 0.051056 0.262892 -0.068599
    35 1.719567 0.000023 0.000016 -0.461231 0.032293 -1.105404
    36 1.209175 0.000008 0.000005 0.175617 0.055179 -0.367832
    37 3.867399 -0.148186 -1.324350 -0.134961 0.400676 -0.397685
    38 1.719419 -0.000008 -0.000008 -0.082106 -0.002364 -0.236718
    39 1.099667 -0.000004 -0.000001 -0.188224 0.009145 -1.119518
    40 0.807129 -0.358887 -1.316406 1.243203 0.551773 -0.740643
    41 1.789783 -0.000002 -0.000002 -0.000009 0.003711 0.228604
    42 1.207001 0.000009 0.000000 -0.034540 -0.030503 0.277483
    43 3.775391 -5.484375 -0.527832 -2.248284 -0.133216 -1.641882
  time 111
    0 -0.000003 -13.531250 -29.421875 1.570788 0.000007 -0.000007
    1 0.000000 3.345131 -2.981898 1.570789 0.086301 1.570789
    2 4.015625 0.000003 0.000000 0.000000 0.000000 -0.029241
    3 3.520294 0.000005 -0.000006 0.000000 0.000000 0.100332
    4 8.929688 0.000001 0.000000 0.000000 0.000000 0.194095
    5 2.035156 0.997070 1.937500 1.596487 -1.284993 2.943127
    6 6.028159 -0.000069 0.000009 -1.515823 -0.850485 -0.883023
    7 11.704285 0.000046 -0.003895 0.028126 0.203404 -1.775448
    8 11.481682 0.000088 -0.000031 1.230716 -0.562416 0.146375
    9 3.858219 -0.135628 -1.192206 -0.251095 0.104185 -0.118801
    10 1.312565 -0.000008 0.000000 -0.000002 0.054404 -0.409012
    11 0.729366 0.000002 -0.000002 -0.000001 0.040754 -0.240990
    12 3.941966 0.050853 -0.435186 -0.379709 -0.016674 -0.393832
    13 1.539091 0.000008 -0.000002 0.153287 0.085275 -0.278802
    14 1.196321 0.000000 -0.000002 0.180294 0.096657 -0.752368
    15 3.880859 -0.043091 0.427490 0.173079 -0.231527 -0.230358
    16 1.719578 0.000023 -0.000021 -0.117992 -0.078122 -0.544672
    17 1.209181 -0.000004 -0.000001 0.107099 -0.099114 -1.066322
    18 3.863281 -0.136475 1.332031 0.122642 -0.490092 0.180231
    19 1.719431 -0.000023 0.000019 -0.063757 -0.187674 -1.119670
    20 1.099676 0.000000 0.000006 -0.031266 0.008359 -0.587033
    21 0.807586 -0.343252 1.320583 -1.342788 -0.268033 -0.682746
    22 1.789787 0.000006 0.000006 0.075450 -0.418764 0.038983
    23 1.207012 0.000011 0.000000 0.088469 0.020951 0.090991
    24 2.035156 0.997070 -1.937500 -1.667267 1.282923 2.944210
    25 6.028144 -0.000011 0.000002 1.564095 0.793333 -0.843532
    26 11.680858 0.000001 -0.003903 -0.001347 -0.067718 -1.810713
    27 11.481657 0.000043 0.000019 -1.183866 0.520519 0.156054
    28 3.854334 -0.131699 1.199994 0.887977 0.041686 -0.500120
    29 1.312567 0.000000 0.000000 -0.076006 -0.203868 -0.258727
    30 0.729362 0.000004 0.000003 -0.250341 -0.135455 -0.179419
    31 3.941981 0.050872 0.435162 0.216346 -0.007336 -0.093776
    32 1.539089 0.000008 0.000003 -0.605562 0.126574 -1.244849
    33 1.196316 0.000004 0.000005 0.000000 -0.000162 -0.332870
    34 3.880859 -0.047028 -0.427490 0.051056 0.262892 -0.068599
    35 1.719567 0.000023 0.000016 -0.461231 0.032293 -1.105404
    36 1.209175 0.000008 0.000005 0.175617 0.055179 -0.367832
    37 3.867399 -0.148186 -1.324350 -0.134961 0.400676 -0.397685
    38 1.719419 -0.000008 -0.000008 -0.082106 -0.002364 -0.236718
    39 1.099667 -0.000004 -0.000001 -0.188224 0.009145 -1.119518
    40 0.807129 -0.358887 -1.316406 1.243203 0.551773 -0.740643
    41 1.789783 -0.000002 -0.000002 -0.000009 0.003711 0.228604
    42 1.207001 0.000009 0.000000 -0.032574 -0.032264 0.276045
    43 3.775391 -5.484375 -0.527832 -2.248284 -0.133216 -1.641882
  time 112
    0 -0.000003 -13.531250 -29.421875 1.570788 0.000007 -0.000007
    1 0.000000 3.345131 -2.981898 1.570789 0.086301 1.570789
    2 4.015625 0.000003 0.000000 0.000000 0.000000 -0.029241
    3 3.520294 0.000005 -0.000006 0.000000 0.000000 0.100332
    4 8.929688 0.000001 0.000000 0.000000 0.000000 0.194095
    5 2.035156 0.997070 1.937500 1.596487 -1.284993 2.943127
    6 6.028159 -0.000069 0.000009 -1.515823 -0.850485 -0.883023
    7 11.700379 0.000046 -0.003895 0.028449 0.203521 -1.775448
    8 11.481682 0.000088 -0.000031 1.230716 -0.562416 0.146375
    9 3.858219 -0.135628 -1.192206 -0.251095 0.104185 -0.118801
    10 1.312565 -0.000008 0.000000 -0.000002 0.054404 -0.409012
    11 0.729366 0.000002 -0.000002 -0.000001 0.040754 -0.240990
    12 3.941966 0.050853 -0.435186 -0.379709 -0.016674 -0.393832
    13 1.539091 0.000008 -0.000002 0.153287 0.085275 -0.278802
    14 1.196321 0.000000 -0.000002 0.180294 0.096657 -0.752368
    15 3.880859 -0.043091 0.427490 0.173079 -0.231527 -0.230358
    16 1.719578 0.000023 -0.000021 -0.117992 -0.078122 -0.544672
    17 1.209181 -0.000004 -0.000001 0.107099 -0.099114 -1.066322
    18 3.863281 -0.136475 1.332031 0.122642 -0.490092 0.180231
    19 1.719431 -0.000023 0.000019 -0.063925 -0.187734 -1.118838
    20 1.099676 0.000000 0.000006 -0.031266 0.008359 -0.587033
    21 0.807586 -0.343252 1.320583 -1.342788 -0.268033 -0.682746
    22 1.789787 0.000006 0.000006 0.075450 -0.418764 0.038983
    23 1.207012 0.000011 0.000000 0.089009 0.020795 0.089924
    24 2.035156 0.997070 -1.937500 -1.667267 1.282923 2.944210
    25 6.028144 -0.000011 0.000002 1.564095 0.793333 -0.843532
    26 11.680858 0.000001 -0.003903 -0.001144 -0.067553 -1.810981
    27 11.481657 0.000043 0.000019 -1.183866 0.520519 0.156054
    28 3.858240 -0.131699 1.199994 0.887977 0.041686 -0.500120
    29 1.312567 0.000000 0.000000 -0.076006 -0.203868 -0.258727
    30 0.729362 0.000004 0.000003 -0.250341 -0.135455 -0.179419
    31 3.941981 0.050872 0.435162 0.216346 -0.007336 -0.093776
    32 1.539089 0.000008 0.000003 -0.605562 0.126574 -1.244849
    33 1.196316 0.000004 0.000005 0.000000 -0.000162 -0.332870
    34 3.880859 -0.047028 -0.427490 0.051056 0.262892 -0.068599
    35 1.719567 0.000023 0.000016 -0.461231 0.032293 -1.105404
    36 1.209175 0.000008 0.000005 0.175617 0.055179 -0.367832
    37 3.867399 -0.148186 -1.324350 -0.134961 0.400676 -0.397685
    38 1.719419 -0.000008 -0.000008 -0.082106 -0.002364 -0.236718
    39 1.099667 -0.000004 -0.000001 -0.188224 0.009145 -1.119518
    40 0.807129 -0.358887 -1.316406 1.243203 0.551773 -0.740643
    41 1.789783 -0.000002 -0.000002 -0.000009 0.003711 0.228604
    42 1.207001 0.000009 0.000000 -0.030788 -0.033870 0.274738
    43 3.775391 -5.484375 -0.527832 -2.248284 -0.133216 -1.641882
  time 113
    0 -0.000003 -13.531250 -29.421875 1.570788 0.000007 -0.000007
    1 0.000000 3.345131 -2.981898 1.570789 0.086301 1.570789
    2 4.015625 0.000003 0.000000 0.000000 0.000000 -0.029241
    3 3.520294 0.000005 -0.000006 0.000000 0.000000 0.100332
    4 8.929688 0.000001 0.000000 0.000000 0.000000 0.194095
    5 2.035156 0.997070 1.937500 1.596487 -1.284993 2.943127
    6 6.028159 -0.000069 0.000009 -1.515823 -0.850485 -0.883023
    7 11.700379 0.000046 0.000011 0.028737 0.203637 -1.775448
    8 11.481682 0.000088 -0.000031 1.230716 -0.562416 0.146375
    9 3.858219 -0.135628 -1.192206 -0.251095 0.104185 -0.118801
    10 1.312565 -0.000008 0.000000 -0.000002 0.054404 -0.409012
    11 0.729366 0.000002 -0.000002 -0.000001 0.040754 -0.240990
    12 3.938059 0.050853 -0.435186 -0.379709 -0.016674 -0.393832
    13 1.539091 0.000008 -0.000002 0.153287 0.085275 -0.278802
    14 1.196321 0.000000 -0.000002 0.180294 0.096657 -0.752368
    15 3.880859 -0.043091 0.427490 0.173079 -0.231527 -0.230358
    16 1.719578 0.000023 -0.000021 -0.117992 -0.078122 -0.544672
    17 1.209181 -0.000004 -0.000001 0.107099 -0.099114 -1.066322
    18 3.863281 -0.136475 1.332031 0.122642 -0.490092 0.180231
    19 1.719431 -0.000023 0.000019 -0.064069 -0.187782 -1.118095
    20 1.099676 0.000000 0.000006 -0.031266 0.008359 -0.587033
    21 0.807586 -0.343252 1.320583 -1.342788 -0.268033 -0.682746
    22 1.789787 0.000006 0.000006 0.075450 -0.418764 0.038983
    23 1.207012 0.000011 0.000000 0.089488 0.020639 0.088977
    24 2.035156 0.997070 -1.937500 -1.667267 1.282923 2.944210
    25 6.028144 -0.000011 0.000002 1.564095 0.793333 -0.843532
    26 11.684765 0.000001 0.000004 -0.000964 -0.067413 -1.811195
    27 11.481657 0.000043 0.000019 -1.183866 0.520519 0.156054
    28 3.858240 -0.131699 1.199994 0.887977 0.041686 -0.500120
    29 1.312567 0.000000 0.000000 -0.076006 -0.203868 -0.258727
    30 0.729362 0.000004 0.000003 -0.250341 -0.135455 -0.179419
    31 3.941981 0.050872 0.435162 0.216346 -0.007336 -0.093776
    32 1.539089 0.000008 0.000003 -0.605562 0.126574 -1.244849
    33 1.196316 0.000004 0.000005 0.000000 -0.000162 -0.332870
    34 3.880859 -0.047028 -0.427490 0.051056 0.262892 -0.068599
    35 1.719567 0.000023 0.000016 -0.461231 0.032293 -1.105404
    36 1.209175 0.000008 0.000005 0.175617 0.055179 -0.367832
    37 3.867399 -0.148186 -1.324350 -0.134961 0.400676 -0.397685
    38 1.719419 -0.000008 -0.000008 -0.082106 -0.002364 -0.236718
    39 1.099667 -0.000004 -0.000001 -0.188224 0.009145 -1.119518
    40 0.807129 -0.358887 -1.316406 1.243203 0.551773 -0.740643
    41 1.789783 -0.000002 -0.000002 -0.000009 0.003711 0.228604
    42 1.207001 0.000009 0.000000 -0.029183 -0.035308 0.273564
    43 3.775391 -5.484375 -0.527832 -2.248284 -0.133216 -1.641882
  time 114
    0 -0.000003 -13.531250 -29.421875 1.570788 0.000007 -0.000007
    1 0.000000 3.345131 -2.981898 1.570789 0.086301 1.570789
    2 4.015625 0.000003 0.000000 0.000000 0.000000 -0.029241
    3 3.520294 0.000005 -0.000006 0.000000 0.000000 0.100332
    4 8.929688 0.000001 0.000000 0.000000 0.000000 0.194095
    5 2.035156 0.997070 1.937500 1.596487 -1.284993 2.943127
    6 6.028159 -0.000069 0.000009 -1.515823 -0.850485 -0.883023
    7 11.696472 0.000046 0.000011 0.028989 0.203720 -1.775448
    8 11.481682 0.000088 -0.000031 1.230716 -0.562416 0.146375
    9 3.854313 -0.135628 -1.192206 -0.251095 0.104185 -0.118801
    10 1.312565 -0.000008 0.000000 -0.000002 0.054404 -0.409012
    11 0.729366 0.000002 -0.000002 -0.000001 0.040754 -0.240990
    12 3.938059 0.050853 -0.435186 -0.379709 -0.016674 -0.393832
    13 1.539091 0.000008 -0.000002 0.153287 0.085275 -0.278802
    14 1.196321 0.000000 -0.000002 0.180294 0.096657 -0.752368
    15 3.880859 -0.043091 0.427490 0.173079 -0.231527 -0.230358
    16 1.719578 0.000023 -0.000021 -0.117992 -0.078122 -0.544672
    17 1.209181 -0.000004 -0.000001 0.107099 -0.099114 -1.066322
    18 3.863281 -0.136475 1.332031 0.122642 -0.490092 0.180231
    19 1.719431 -0.000023 0.000019 -0.064200 -0.187818 -1.117441
    20 1.099676 0.000000 0.000006 -0.031266 0.008359 -0.587033
    21 0.807586 -0.343252 1.320583 -1.342788 -0.268033 -0.682746
    22 1.789787 0.000006 0.000006 0.075450 -0.418764 0.038983
    23 1.207012 0.000011 0.000000 0.089907 0.020519 0.088150
    24 2.035156 0.997070 -1.937500 -1.667267 1.282923 2.944210
    25 6.028144 -0.000011 0.000002 1.564095 0.793333 -0.843532
    26 11.688671 0.000001 0.000004 -0.000820 -0.067286 -1.811410
    27 11.481657 0.000043 0.000019 -1.183866 0.520519 0.156054
    28 3.854334 -0.131699 1.199994 0.887977 0.041686 -0.500120
    29 1.312567 0.000000 0.000000 -0.076006 -0.203868 -0.258727
    30 0.729362 0.000004 0.000003 -0.250341 -0.135455 -0.179419
    31 3.941981 0.050872 0.435162 0.216346 -0.007336 -0.093776
    32 1.539089 0.000008 0.000003 -0.605562 0.126574 -1.244849
    33 1.196316 0.000004 0.000005 0.000000 -0.000162 -0.332870
    34 3.880859 -0.047028 -0.427490 0.051056 0.262892 -0.068599
    35 1.719567 0.000023 0.000016 -0.461231 0.032293 -1.105404
    36 1.209175 0.000008 0.000005 0.175617 0.055179 -0.367832
    37 3.863493 -0.148186 -1.324350 -0.134961 0.400676 -0.397685
    38 1.719419 -0.000008 -0.000008 -0.082106 -0.002364 -0.236718
    39 1.099667 -0.000004 -0.000001 -0.188224 0.009145 -1.119518
    40 0.807129 -0.358887 -1.316406 1.243203 0.551773 -0.740643
    41 1.789783 -0.000002 -0.000002 -0.000009 0.003711 0.228604
    42 1.207001 0.000009 0.000000 -0.027792 -0.036567 0.272545
    43 3.775391 -5.484375 -0.527832 -2.248284 -0.133216 -1.641882
  time 115
    0 -0.000003 -13.531250 -29.421875 1.570788 0.000007 -0.000007
    1 0.000000 3.345131 -2.981898 1.570789 0.086301 1.570789
    2 4.015625 0.000003 0.000000 0.000000 0.000000 -0.029241
    3 3.520294 0.000005 -0.000006 0.000000 0.000000 0.100332
    4 8.929688 0.000001 0.000000 0.000000 0.000000 0.194095
    5 2.035156 0.997070 1.937500 1.596487 -1.284993 2.943127
    6 6.028159 -0.000069 0.000009 -1.515823 -0.850485 -0.883023
    7 11.696472 0.000046 0.000011 0.029204 0.203803 -1.775448
    8 11.481682 0.000088 -0.000031 1.230716 -0.562416 0.146375
    9 3.858219 -0.139534 -1.192206 -0.251095 0.104185 -0.118801
    10 1.312565 -0.000008 0.000000 -0.000002 0.054404 -0.409012
    11 0.729366 0.000002 -0.000002 -0.000001 0.040754 -0.240990
    12 3.941966 0.050853 -0.435186 -0.379709 -0.016674 -0.393832
    13 1.539091 0.000008 -0.000002 0.153287 0.085275 -0.278802
    14 1.196321 0.000000 -0.000002 0.180294 0.096657 -0.752368
    15 3.880859 -0.043091 0.427490 0.173079 -0.231527 -0.230358
    16 1.719578 0.000023 -0.000021 -0.117992 -0.078122 -0.544672
    17 1.209181 -0.000004 -0.000001 0.107099 -0.099114 -1.066322
    18 3.863281 -0.136475 1.332031 0.122642 -0.490092 0.180231
    19 1.719431 -0.000023 0.000019 -0.064308 -0.187854 -1.116906
    20 1.099676 0.000000 0.000006 -0.031266 0.008359 -0.587033
    21 0.807586 -0.343252 1.320583 -1.342788 -0.268021 -0.682746
    22 1.789787 0.000006 0.000006 0.075450 -0.418764 0.038983
    23 1.207012 0.000011 0.000000 0.090255 0.020412 0.087467
    24 2.035156 0.997070 -1.937500 -1.667267 1.282923 2.944210
    25 6.028144 -0.000011 0.000002 1.564095 0.793333 -0.843532
    26 11.688671 0.000001 0.000004 -0.000688 -0.067184 -1.811570
    27 11.481657 0.000043 0.000019 -1.183866 0.520519 0.156054
    28 3.854334 -0.131699 1.199994 0.887977 0.041686 -0.500120
    29 1.312567 0.000000 0.000000 -0.076006 -0.203868 -0.258727
    30 0.729362 0.000004 0.000003 -0.250341 -0.135455 -0.179419
    31 3.941981 0.050872 0.435162 0.216346 -0.007336 -0.093776
    32 1.539089 0.000008 0.000003 -0.605562 0.126574 -1.244879
    33 1.196316 0.000004 0.000005 0.000000 -0.000162 -0.332870
    34 3.880859 -0.047028 -0.427490 0.051056 0.262892 -0.068599
    35 1.719567 0.000023 0.000016 -0.461231 0.032293 -1.105426
    36 1.209175 0.000008 0.000005 0.175617 0.055179 -0.367832
    37 3.867399 -0.148186 -1.324350 -0.134961 0.400676 -0.397685
    38 1.719419 -0.000008 -0.000008 -0.082106 -0.002364 -0.236718
    39 1.099667 -0.000004 -0.000001 -0.188224 0.009145 -1.119518
    40 0.807129 -0.358887 -1.316406 1.243203 0.551773 -0.740643
    41 1.789783 -0.000002 -0.000002 -0.000009 0.003711 0.228604
    42 1.207001 0.000009 0.000000 -0.026594 -0.037633 0.271670
    43 3.775391 -5.484375 -0.527832 -2.248284 -0.133216 -1.641882
  time 116
    0 -0.000003 -13.531250 -29.421875 1.570788 0.000007 -0.000007
    1 0.000000 3.345131 -2.981898 1.570789 0.086301 1.570789
    2 4.015625 0.000003 0.000000 0.000000 0.000000 -0.029241
    3 3.520294 0.000005 -0.000006 0.000000 0.000000 0.100332
    4 8.929688 0.000001 0.000000 0.000000 0.000000 0.194095
    5 2.035156 0.997070 1.937500 1.596487 -1.284993 2.943127
    6 6.028159 -0.000069 0.000009 -1.515823 -0.850485 -0.883023
    7 11.692566 0.000046 0.000011 0.029372 0.203870 -1.775448
    8 11.481682 0.000088 -0.000031 1.230716 -0.562416 0.146375
    9 3.858219 -0.135628 -1.192206 -0.251095 0.104185 -0.118801
    10 1.312565 -0.000008 0.000000 -0.000002 0.054404 -0.409012
    11 0.729366 0.000002 -0.000002 -0.000001 0.040754 -0.240990
    12 3.941966 0.050853 -0.435186 -0.379709 -0.016674 -0.393832
    13 1.539091 0.000008 -0.000002 0.153287 0.085275 -0.278802
    14 1.196321 0.000000 -0.000002 0.180294 0.096657 -0.752368
    15 3.880859 -0.043091 0.427490 0.173079 -0.231527 -0.230358
    16 1.719578 0.000023 -0.000021 -0.117992 -0.078122 -0.544672
    17 1.209181 -0.000004 -0.000001 0.107099 -0.099114 -1.066322
    18 3.863281 -0.136475 1.332031 0.122642 -0.490092 0.180231
    19 1.719431 -0.000023 0.000019 -0.064404 -0.187878 -1.116460
    20 1.099676 0.000000 0.000006 -0.031266 0.008359 -0.587033
    21 0.807586 -0.343252 1.320583 -1.342788 -0.268033 -0.682746
    22 1.789787 0.000006 0.000006 0.075450 -0.418764 0.038983
    23 1.207012 0.000011 0.000000 0.090531 0.020328 0.086892
    24 2.035156 0.997070 -1.937500 -1.667267 1.282923 2.944210
    25 6.028144 -0.000011 0.000002 1.564095 0.793333 -0.843532
    26 11.692577 0.000001 0.000004 -0.000580 -0.067108 -1.811677
    27 11.481657 0.000043 0.000019 -1.183866 0.520519 0.156054
    28 3.854334 -0.131699 1.199994 0.887977 0.041686 -0.500120
    29 1.312567 0.000000 0.000000 -0.076006 -0.203868 -0.258727
    30 0.729362 0.000004 0.000003 -0.250341 -0.135455 -0.179419
    31 3.941981 0.050872 0.435162 0.216346 -0.007336 -0.093776
    32 1.539089 0.000008 0.000003 -0.605562 0.126574 -1.244849
    33 1.196316 0.000004 0.000005 0.000000 -0.000162 -0.332870
    34 3.880859 -0.047028 -0.427490 0.051056 0.262892 -0.068599
    35 1.719567 0.000023 0.000016 -0.461231 0.032293 -1.105404
    36 1.209175 0.000008 0.000005 0.175617 0.055179 -0.367832
    37 3.867399 -0.148186 -1.324350 -0.134961 0.400676 -0.397685
    38 1.719419 -0.000008 -0.000008 -0.082106 -0.002364 -0.236718
    39 1.099667 -0.000004 -0.000001 -0.188224 0.009145 -1.119518
    40 0.807129 -0.358887 -1.316406 1.243203 0.551773 -0.740643
    41 1.789783 -0.000002 -0.000002 -0.000009 0.003711 0.228604
    42 1.207001 0.000009 0.000000 -0.025623 -0.038508 0.270951
    43 3.775391 -5.484375 -0.527832 -2.248284 -0.133216 -1.641882
  time 117
    0 -0.000003 -13.531250 -29.421875 1.570788 0.000007 -0.000007
    1 0.000000 3.345131 -2.981898 1.570789 0.086301 1.570789
    2 4.015625 0.000003 0.000000 0.000000 0.000000 -0.029241
    3 3.520294 0.000005 -0.000006 0.000000 0.000000 0.100332
    4 8.929688 0.000001 0.000000 0.000000 0.000000 0.194095
    5 2.035156 0.997070 1.937500 1.596487 -1.284993 2.943127
    6 6.028159 -0.000069 0.000009 -1.515823 -0.850485 -0.883023
    7 11.692566 0.000046 0.000011 0.029504 0.203920 -1.775448
    8 11.481682 0.000088 -0.000031 1.230716 -0.562416 0.146375
    9 3.858219 -0.135628 -1.192206 -0.251095 0.104185 -0.118801
    10 1.312565 -0.000008 0.000000 -0.000002 0.054404 -0.409012
    11 0.729366 0.000002 -0.000002 -0.000001 0.040754 -0.240990
    12 3.938059 0.050853 -0.435186 -0.379709 -0.016674 -0.393832
    13 1.539091 0.000008 -0.000002 0.153287 0.085275 -0.278802
    14 1.196321 0.000000 -0.000002 0.180294 0.096657 -0.752368
    15 3.880859 -0.043091 0.427490 0.173079 -0.231527 -0.230358
    16 1.719578 0.000023 -0.000021 -0.117992 -0.078122 -0.544672
    17 1.209181 -0.000004 -0.000001 0.107099 -0.099114 -1.066322
    18 3.863281 -0.136475 1.332031 0.122642 -0.490092 0.180231
    19 1.719431 -0.000023 0.000019 -0.064476 -0.187902 -1.116104
    20 1.099676 0.000000 0.000006 -0.031266 0.008359 -0.587033
    21 0.807586 -0.343252 1.320583 -1.342788 -0.268033 -0.682746
    22 1.789787 0.000006 0.000006 0.075450 -0.418764 0.038983
    23 1.207012 0.000011 0.000000 0.090758 0.020256 0.086461
    24 2.035156 0.997070 -1.937500 -1.667267 1.282923 2.944210
    25 6.028144 -0.000011 0.000002 1.564095 0.793333 -0.843532
    26 11.692577 0.000001 0.000004 -0.000496 -0.067032 -1.811785
    27 11.481657 0.000043 0.000019 -1.183866 0.520519 0.156054
    28 3.854334 -0.131699 1.199994 0.887977 0.041686 -0.500120
    29 1.312567 0.000000 0.000000 -0.076006 -0.203868 -0.258727
    30 0.729362 0.000004 0.000003 -0.250341 -0.135455 -0.179419
    31 3.938074 0.050872 0.435162 0.216346 -0.007336 -0.093776
    32 1.539089 0.000008 0.000003 -0.605562 0.126574 -1.244849
    33 1.196316 0.000004 0.000005 0.000000 -0.000162 -0.332870
    34 3.880859 -0.047028 -0.427490 0.051056 0.262892 -0.068599
    35 1.719567 0.000023 0.000016 -0.461231 0.032293 -1.105404
    36 1.209175 0.000008 0.000005 0.175617 0.055179 -0.367832
    37 3.863493 -0.148186 -1.324350 -0.134961 0.400676 -0.397685
    38 1.719419 -0.000008 -0.000008 -0.082106 -0.002364 -0.236718
    39 1.099667 -0.000004 -0.000001 -0.188224 0.009145 -1.119518
    40 0.807129 -0.358887 -1.316406 1.243203 0.551773 -0.740643
    41 1.789783 -0.000002 -0.000002 -0.000009 0.003711 0.228604
    42 1.207001 0.000009 0.000000 -0.024868 -0.039191 0.270400
    43 3.775391 -5.484375 -0.527832 -2.248284 -0.133216 -1.641882
  time 118
    0 -0.000003 -13.531250 -29.421875 1.570788 0.000007 -0.000007
    1 0.000000 3.345131 -2.981898 1.570789 0.086301 1.570789
    2 4.015625 0.000003 0.000000 0.000000 0.000000 -0.029241
    3 3.520294 0.000005 -0.000006 0.000000 0.000000 0.100332
    4 8.929688 0.000001 0.000000 0.000000 0.000000 0.194095
    5 2.035156 0.997070 1.937500 1.596487 -1.284993 2.943127
    6 6.028159 -0.000069 0.000009 -1.515823 -0.850485 -0.883023
    7 11.692566 0.000046 0.000011 0.029600 0.203953 -1.775448
    8 11.481682 0.000088 -0.000031 1.230716 -0.562416 0.146375
    9 3.858219 -0.135628 -1.192206 -0.251095 0.104185 -0.118801
    10 1.312565 -0.000008 0.000000 -0.000002 0.054404 -0.409012
    11 0.729366 0.000002 -0.000002 -0.000001 0.040754 -0.240990
    12 3.941966 0.050853 -0.435186 -0.379709 -0.016674 -0.393832
    13 1.539091 0.000008 -0.000002 0.153287 0.085275 -0.278802
    14 1.196321 0.000000 -0.000002 0.180294 0.096657 -0.752368
    15 3.880859 -0.043091 0.427490 0.173079 -0.231527 -0.230358
    16 1.719578 0.000023 -0.000021 -0.117992 -0.078122 -0.544672
    17 1.209181 -0.000004 -0.000001 0.107099 -0.099114 -1.066322
    18 3.863281 -0.136475 1.332031 0.122642 -0.490092 0.180231
    19 1.719431 -0.000023 0.000019 -0.064524 -0.187914 -1.115866
    20 1.099676 0.000000 0.000006 -0.031266 0.008359 -0.587033
    21 0.807586 -0.343252 1.320583 -1.342788 -0.268021 -0.682746
    22 1.789787 0.000006 0.000006 0.075450 -0.418764 0.038983
    23 1.207012 0.000011 0.000000 0.090914 0.020208 0.086149
    24 2.035156 0.997070 -1.937500 -1.667267 1.282923 2.944210
    25 6.028144 -0.000011 0.000002 1.564095 0.793333 -0.843532
    26 11.692577 0.000001 0.000004 -0.000436 -0.066994 -1.811892
    27 11.481657 0.000043 0.000019 -1.183866 0.520519 0.156054
    28 3.854334 -0.131699 1.199994 0.887977 0.041686 -0.500120
    29 1.312567 0.000000 0.000000 -0.076006 -0.203868 -0.258727
    30 0.729362 0.000004 0.000003 -0.250341 -0.135455 -0.179419
    31 3.941981 0.050872 0.435162 0.216346 -0.007336 -0.093776
    32 1.539089 0.000008 0.000003 -0.605562 0.126574 -1.244849
    33 1.196316 0.000004 0.000005 0.000000 -0.000162 -0.332870
    34 3.880859 -0.047028 -0.427490 0.051056 0.262892 -0.068599
    35 1.719567 0.000023 0.000016 -0.461231 0.032293 -1.105404
    36 1.209175 0.000008 0.000005 0.175617 0.055179 -0.367832
    37 3.863493 -0.148186 -1.324350 -0.134961 0.400676 -0.397685
    38 1.719419 -0.000008 -0.000008 -0.082106 -0.002364 -0.236718
    39 1.099667 -0.000004 -0.000001 -0.188224 0.009145 -1.119518
    40 0.807129 -0.358887 -1.316406 1.243203 0.551773 -0.740643
    41 1.789783 -0.000002 -0.000002 -0.000009 0.003711 0.228604
    42 1.207001 0.000009 0.000000 -0.024317 -0.039683 0.270005
    43 3.775391 -5.484375 -0.527832 -2.248284 -0.133216 -1.641882
  time 119
    0 -0.000003 -13.531250 -29.421875 1.570788 0.000007 -0.000007
    1 0.000000 3.345131 -2.981898 1.570789 0.086301 1.570789
    2 4.015625 0.000003 0.000000 0.000000 0.000000 -0.029241
    3 3.520294 0.000005 -0.000006 0.000000 0.000000 0.100332
    4 8.929688 0.000001 0.000000 0.000000 0.000000 0.194095
    5 2.035156 0.997070 1.937500 1.596487 -1.284993 2.943127
    6 6.028159 -0.000069 0.000009 -1.515823 -0.850485 -0.883023
    7 11.692566 0.000046 0.000011 0.029660 0.203970 -1.775448
    8 11.481682 0.000088 -0.000031 1.230716 -0.562416 0.146375
    9 3.854313 -0.135628 -1.192206 -0.251095 0.104185 -0.118801
    10 1.312565 -0.000008 0.000000 -0.000002 0.054404 -0.409012
    11 0.729366 0.000002 -0.000002 -0.000001 0.040754 -0.240990
    12 3.941966 0.050853 -0.435186 -0.379709 -0.016674 -0.393832
    13 1.539091 0.000008 -0.000002 0.153287 0.085275 -0.278802
    14 1.196321 0.000000 -0.000002 0.180294 0.096657 -0.752368
    15 3.880859 -0.043091 0.427490 0.173079 -0.231527 -0.230358
    16 1.719578 0.000023 -0.000021 -0.117992 -0.078122 -0.544672
    17 1.209181 -0.000004 -0.000001 0.107099 -0.099114 -1.066322
    18 3.863281 -0.136475 1.332031 0.122642 -0.490092 0.180231
    19 1.719431 -0.000023 0.000019 -0.064548 -0.187926 -1.115717
    20 1.099676 0.000000 0.000006 -0.031266 0.008359 -0.587033
    21 0.807586 -0.343252 1.320583 -1.342788 -0.268021 -0.682746
    22 1.789787 0.000006 0.000006 0.075450 -0.418764 0.038983
    23 1.207012 0.000011 0.000000 0.091010 0.020184 0.085957
    24 2.035156 0.997070 -1.937500 -1.667267 1.282923 2.944210
    25 6.028144 -0.000011 0.000002 1.564095 0.793333 -0.843532
    26 11.692577 0.000001 0.000004 -0.000400 -0.066955 -1.811892
    27 11.481657 0.000043 0.000019 -1.183866 0.520519 0.156054
    28 3.858240 -0.131699 1.199994 0.887977 0.041686 -0.500120
    29 1.312567 0.000000 0.000000 -0.076006 -0.203868 -0.258727
    30 0.729362 0.000004 0.000003 -0.250341 -0.135455 -0.179419
    31 3.941981 0.050872 0.435162 0.216346 -0.007336 -0.093776
    32 1.539089 0.000008 0.000003 -0.605562 0.126574 -1.244849
    33 1.196316 0.000004 0.000005 0.000000 -0.000162 -0.332870
    34 3.880859 -0.047028 -0.427490 0.051056 0.262892 -0.068599
    35 1.719567 0.000023 0.000016 -0.461231 0.032293 -1.105426
    36 1.209175 0.000008 0.000005 0.175617 0.055179 -0.367832
    37 3.867399 -0.148186 -1.324350 -0.134961 0.400676 -0.397685
    38 1.719419 -0.000008 -0.000008 -0.082106 -0.002364 -0.236718
    39 1.099667 -0.000004 -0.000001 -0.188224 0.009145 -1.119518
    40 0.807129 -0.358887 -1.316406 1.243203 0.551773 -0.740643
    41 1.789783 -0.000002 -0.000002 -0.000009 0.003711 0.228604
    42 1.207001 0.000009 0.000000 -0.023993 -0.039970 0.269765
    43 3.775391 -5.484375 -0.527832 -2.248284 -0.133216 -1.641882
  time 120
    0 -0.000003 -13.531250 -29.421875 1.570788 0.000007 -0.000007
    1 0.000000 3.345131 -2.981898 1.570789 0.086301 1.570789
    2 4.015625 0.000003 0.000000 0.000000 0.000000 -0.029241
    3 3.520294 0.000005 -0.000006 0.000000 0.000000 0.100332
    4 8.929688 0.000001 0.000000 0.000000 0.000000 0.194095
    5 2.035156 0.997070 1.937500 1.596487 -1.284993 2.943127
    6 6.028159 -0.000069 0.000009 -1.515823 -0.850485 -0.883023
    7 11.692566 0.000046 0.000011 0.029679 0.203988 -1.775496
    8 11.481682 0.000088 -0.000031 1.230716 -0.562416 0.146375
    9 3.857422 -0.139526 -1.191406 -0.251083 0.104179 -0.118786
    10 1.312565 -0.000008 0.000000 -0.000002 0.054404 -0.409012
    11 0.729366 0.000002 -0.000002 -0.000001 0.040754 -0.240990
    12 3.941406 0.046936 -0.435059 -0.379713 -0.016679 -0.393846
    13 1.539091 0.000008 -0.000002 0.153287 0.085275 -0.278802
    14 1.196321 0.000000 -0.000002 0.180294 0.096657 -0.752368
    15 3.880859 -0.043091 0.427490 0.173079 -0.231527 -0.230358
    16 1.719578 0.000023 -0.000021 -0.117992 -0.078122 -0.544672
    17 1.209181 -0.000004 -0.000001 0.107099 -0.099114 -1.066322
    18 3.863281 -0.136475 1.332031 0.122642 -0.490092 0.180231
    19 1.719431 -0.000023 0.000019 -0.064567 -0.187936 -1.115688
    20 1.099676 0.000000 0.000006 -0.031266 0.008359 -0.587033
    21 0.807129 -0.346924 1.320313 -1.342791 -0.268020 -0.682733
    22 1.789787 0.000006 0.000006 0.075450 -0.418764 0.038983
    23 1.207012 0.000011 0.000000 0.091043 0.020179 0.085889
    24 2.035156 0.997070 -1.937500 -1.667267 1.282923 2.944210
    25 6.028144 -0.000011 0.000002 1.564095 0.793333 -0.843532
    26 11.692577 0.000001 0.000004 -0.000400 -0.066958 -1.811950
    27 11.481657 0.000043 0.000019 -1.183853 0.520532 0.156063
    28 3.857422 -0.131714 1.195313 0.887991 0.041687 -0.500123
    29 1.312567 0.000000 0.000000 -0.076006 -0.203868 -0.258727
    30 0.729362 0.000004 0.000003 -0.250341 -0.135455 -0.179419
    31 3.941406 0.050842 0.431152 0.216355 -0.007330 -0.093769
    32 1.539089 0.000008 0.000003 -0.605579 0.126584 -1.244876
    33 1.196316 0.000004 0.000005 0.000000 -0.000162 -0.332870
    34 3.880859 -0.047028 -0.427490 0.051056 0.262892 -0.068599
    35 1.719567 0.000023 0.000016 -0.461243 0.032295 -1.105425
    36 1.209175 0.000008 0.000005 0.175617 0.055179 -0.367832
    37 3.863281 -0.148193 -1.328125 -0.134948 0.400680 -0.397685
    38 1.719419 -0.000008 -0.000008 -0.082106 -0.002364 -0.236718
    39 1.099667 -0.000004 -0.000001 -0.188224 0.009145 -1.119518
    40 0.807129 -0.358887 -1.316406 1.243203 0.551773 -0.740643
    41 1.789783 -0.000002 -0.000002 -0.000009 0.003711 0.228604
    42 1.207001 0.000009 0.000000 -0.023896 -0.040073 0.269680
    43 3.775391 -5.484375 -0.527832 -2.248284 -0.133216 -1.641882
end
