


materialPath: D:\Projects\aperture-camera\game\valve\materials
Loading d:\projects\aperture-camera\content\mapsrc\my_name_is_soli.vmf
Could not locate GameData file portalretract_part2.fgd
fixing up env_cubemap materials on brush sides...
0...1...2...3...4...5...6...7...8...9...10**** leaked ****
Entity info_player_start (0.00 0.00 16.00) leaked!
Processing areas...done (0)
Building Faces...done (0)
FixTjuncs...
PruneNodes...
WriteBSP...
done (0)
Finding displacement neighbors...
Finding lightmap sample positions...
Displacement Alpha : 0...1...2...3...4...5...6...7...8...9...10
Building Physics collision data...
done (0) (578 bytes)
Placing detail props : 0...1...2...3...4...5...6...7...8...9...10
Compacting texture/material tables...
Reduced 3 texinfos to 3
Reduced 1 texdatas to 1 (26 bytes to 26)
Writing d:\projects\aperture-camera\content\mapsrc\my_name_is_soli.bsp
0 seconds elapsed



12 threads
reading d:\projects\aperture-camera\content\mapsrc\my_name_is_soli.bsp
reading d:\projects\aperture-camera\content\mapsrc\my_name_is_soli.prt
LoadPortals: couldn't read d:\projects\aperture-camera\content\mapsrc\my_name_is_soli.prt



materialPath: D:\Projects\aperture-camera\game\valve\materials
Loading d:\projects\aperture-camera\content\mapsrc\my_name_is_soli.vmf
Could not locate GameData file portalretract_part2.fgd
fixing up env_cubemap materials on brush sides...
0...1...2...3...4...5...6...7...8...9...10**** leaked ****
Entity info_player_start (0.00 0.00 16.00) leaked!
Processing areas...done (0)
Building Faces...done (0)
FixTjuncs...
PruneNodes...
WriteBSP...
done (0)
Finding displacement neighbors...
Finding lightmap sample positions...
Displacement Alpha : 0...1...2...3...4...5...6...7...8...9...10
Building Physics collision data...
done (0) (578 bytes)
Placing detail props : 0...1...2...3...4...5...6...7...8...9...10
Compacting texture/material tables...
Reduced 3 texinfos to 3
Reduced 1 texdatas to 1 (26 bytes to 26)
Writing d:\projects\aperture-camera\content\mapsrc\my_name_is_soli.bsp
0 seconds elapsed



12 threads
reading d:\projects\aperture-camera\content\mapsrc\my_name_is_soli.bsp
reading d:\projects\aperture-camera\content\mapsrc\my_name_is_soli.prt
LoadPortals: couldn't read d:\projects\aperture-camera\content\mapsrc\my_name_is_soli.prt



materialPath: D:\Projects\aperture-camera\game\valve\materials
Loading d:\projects\aperture-camera\content\mapsrc\my_name_is_soli.vmf
Could not locate GameData file portalretract_part2.fgd
fixing up env_cubemap materials on brush sides...
0...1...2...3...4...5...6...7...8...9...10**** leaked ****
Entity info_player_start (0.00 0.00 16.00) leaked!
Processing areas...done (0)
Building Faces...done (0)
FixTjuncs...
PruneNodes...
WriteBSP...
done (0)
Finding displacement neighbors...
Finding lightmap sample positions...
Displacement Alpha : 0...1...2...3...4...5...6...7...8...9...10
Building Physics collision data...
done (0) (578 bytes)
Placing detail props : 0...1...2...3...4...5...6...7...8...9...10
Compacting texture/material tables...
Reduced 3 texinfos to 3
Reduced 1 texdatas to 1 (26 bytes to 26)
Writing d:\projects\aperture-camera\content\mapsrc\my_name_is_soli.bsp
0 seconds elapsed



12 threads
reading d:\projects\aperture-camera\content\mapsrc\my_name_is_soli.bsp
reading d:\projects\aperture-camera\content\mapsrc\my_name_is_soli.prt
LoadPortals: couldn't read d:\projects\aperture-camera\content\mapsrc\my_name_is_soli.prt



materialPath: D:\Projects\aperture-camera\game\valve\materials
Loading d:\projects\aperture-camera\content\mapsrc\my_name_is_soli.vmf
Could not locate GameData file portalretract_part2.fgd
fixing up env_cubemap materials on brush sides...
0...1...2...3...4...5...6...7...8...9...10**** leaked ****
Entity info_player_start (0.00 0.00 16.00) leaked!
Processing areas...done (0)
Building Faces...done (0)
FixTjuncs...
PruneNodes...
WriteBSP...
done (0)
Finding displacement neighbors...
Finding lightmap sample positions...
Displacement Alpha : 0...1...2...3...4...5...6...7...8...9...10
Building Physics collision data...
done (0) (578 bytes)
Placing detail props : 0...1...2...3...4...5...6...7...8...9...10
Compacting texture/material tables...
Reduced 3 texinfos to 3
Reduced 1 texdatas to 1 (26 bytes to 26)
Writing d:\projects\aperture-camera\content\mapsrc\my_name_is_soli.bsp
0 seconds elapsed



12 threads
reading d:\projects\aperture-camera\content\mapsrc\my_name_is_soli.bsp
reading d:\projects\aperture-camera\content\mapsrc\my_name_is_soli.prt
LoadPortals: couldn't read d:\projects\aperture-camera\content\mapsrc\my_name_is_soli.prt



materialPath: D:\Projects\aperture-camera\game\valve\materials
Loading d:\projects\aperture-camera\content\mapsrc\my_name_is_soli.vmf
Could not locate GameData file portalretract_part2.fgd
fixing up env_cubemap materials on brush sides...
0...1...2...3...4...5...6...7...8...9...10**** leaked ****
Entity info_player_start (0.00 0.00 16.00) leaked!
Processing areas...done (0)
Building Faces...done (0)
FixTjuncs...
PruneNodes...
WriteBSP...
done (0)
Finding displacement neighbors...
Finding lightmap sample positions...
Displacement Alpha : 0...1...2...3...4...5...6...7...8...9...10
Building Physics collision data...
done (0) (578 bytes)
Placing detail props : 0...1...2...3...4...5...6...7...8...9...10
Compacting texture/material tables...
Reduced 3 texinfos to 3
Reduced 1 texdatas to 1 (26 bytes to 26)
Writing d:\projects\aperture-camera\content\mapsrc\my_name_is_soli.bsp
0 seconds elapsed



12 threads
reading d:\projects\aperture-camera\content\mapsrc\my_name_is_soli.bsp
reading d:\projects\aperture-camera\content\mapsrc\my_name_is_soli.prt
LoadPortals: couldn't read d:\projects\aperture-camera\content\mapsrc\my_name_is_soli.prt



materialPath: D:\Projects\aperture-camera\game\valve\materials
Loading d:\projects\aperture-camera\content\mapsrc\my_name_is_soli.vmf
Could not locate GameData file portalretract_part2.fgd
fixing up env_cubemap materials on brush sides...
0...1...2...3...4...5...6...7...8...9...10**** leaked ****
Entity info_player_start (0.00 0.00 16.00) leaked!
Processing areas...done (0)
Building Faces...done (0)
FixTjuncs...
PruneNodes...
WriteBSP...
done (0)
Finding displacement neighbors...
Finding lightmap sample positions...
Displacement Alpha : 0...1...2...3...4...5...6...7...8...9...10
Building Physics collision data...
done (0) (578 bytes)
Placing detail props : 0...1...2...3...4...5...6...7...8...9...10
Compacting texture/material tables...
Reduced 3 texinfos to 3
Reduced 1 texdatas to 1 (26 bytes to 26)
Writing d:\projects\aperture-camera\content\mapsrc\my_name_is_soli.bsp
0 seconds elapsed



12 threads
reading d:\projects\aperture-camera\content\mapsrc\my_name_is_soli.bsp
reading d:\projects\aperture-camera\content\mapsrc\my_name_is_soli.prt
LoadPortals: couldn't read d:\projects\aperture-camera\content\mapsrc\my_name_is_soli.prt



materialPath: D:\Projects\aperture-camera\game\valve\materials
Loading d:\projects\aperture-camera\content\mapsrc\my_name_is_soli.vmf
Could not locate GameData file portalretract_part2.fgd
fixing up env_cubemap materials on brush sides...
0...1...2...3...4...5...6...7...8...9...100...1...2...3...4...5...6...7...8...9...10Processing areas...done (0)
Building Faces...done (0)
FixTjuncs...
PruneNodes...
WriteBSP...
done (0)
writing d:\projects\aperture-camera\content\mapsrc\my_name_is_soli.prt...Building visibility clusters...
done (0)
Finding displacement neighbors...
Finding lightmap sample positions...
Displacement Alpha : 0...1...2...3...4...5...6...7...8...9...10
Building Physics collision data...
done (0) (2695 bytes)
Placing detail props : 0...1...2...3...4...5...6...7...8...9...10
Compacting texture/material tables...
Reduced 6 texinfos to 4
Reduced 2 texdatas to 2 (44 bytes to 44)
Writing d:\projects\aperture-camera\content\mapsrc\my_name_is_soli.bsp
0 seconds elapsed



12 threads
reading d:\projects\aperture-camera\content\mapsrc\my_name_is_soli.bsp
reading d:\projects\aperture-camera\content\mapsrc\my_name_is_soli.prt
  16 portalclusters
  32 numportals
0...1...2...3...4...5...6...7...8...9...100...1...2...3...4...5...6...7...8...9...10Optimized: 0 visible clusters (0.00%)
Total clusters visible: 224
Average clusters visible: 14
Building PAS...
Average clusters audible: 16
visdatasize:196  compressed from 256
writing d:\projects\aperture-camera\content\mapsrc\my_name_is_soli.bsp
0 seconds elapsed



[Reading texlights from 'lights.rad']
[53 texlights parsed from 'lights.rad']

Loading d:\projects\aperture-camera\content\mapsrc\my_name_is_soli.bsp
32 faces
61262 square feet [8821760.00 square inches]
0 Displacements
0 Square Feet [0.00 Square Inches]
32 patches before subdivision
1152 patches after subdivision
2 direct lights
0...1...2...3...4...5...6...7...8...9...100...1...2...3...4...5...6...7...8...9...10transfers 869, max 88
transfer lists:   0.0 megs
0...1...2...3...4...5...6...7...8...9...10	Bounce #1 added RGB(0, 0, 0)
Build Patch/Sample Hash Table(s).....Done<0.0004 sec>
0...1...2...3...4...5...6...7...8...9...10FinalLightFace Done
0 of 0 (0% of) surface lights went in leaf ambient cubes.
0...1...2...3...4...5...6...7...8...9...10Writing leaf ambient...done
Ready to Finish

Object names       Objects/Maxobjs  Memory / Maxmem  Fullness 
------------       ---------------  ---------------  -------- 
models                   1/1024           48/49152    ( 0.1%) 
brushes                  7/8192           84/98304    ( 0.1%) 
brushsides              42/65536         336/524288   ( 0.1%) 
planes                  52/65536        1040/1310720  ( 0.1%) 
vertexes                53/65536         636/786432   ( 0.1%) 
nodes                   43/65536        1376/2097152  ( 0.1%) 
texinfos                 4/12288         288/884736   ( 0.0%) 
texdata                  2/2048           64/65536    ( 0.1%) 
dispinfos                0/0               0/0        ( 0.0%) 
disp_verts               0/0               0/0        ( 0.0%) 
disp_tris                0/0               0/0        ( 0.0%) 
disp_multiblend          0/0               0/0        ( 0.0%) 
disp_lmsamples           0/0               0/0        ( 0.0%) 
faces                   32/65536        1792/3670016  ( 0.0%) 
hdr faces               32/65536        1792/3670016  ( 0.0%) 
origfaces               12/65536         672/3670016  ( 0.0%) 
leaves                  45/65536        1440/2097152  ( 0.1%) 
leaffaces               52/65536         104/131072   ( 0.1%) 
leafbrushes             20/65536          40/131072   ( 0.0%) 
areas                    2/256            16/2048     ( 0.8%) 
surfedges              176/512000        704/2048000  ( 0.0%) 
edges                  101/256000        404/1024000  ( 0.0%) 
LDR worldlights          0/8192            0/819200   ( 0.0%) 
HDR worldlights          2/8192          200/819200   ( 0.0%) 
leafwaterdata            0/32768           0/393216   ( 0.0%) 
waterstrips              0/32768           0/327680   ( 0.0%) 
waterverts               0/65536           0/786432   ( 0.0%) 
waterindices             0/65536           0/131072   ( 0.0%) 
cubemapsamples           0/1024            0/16384    ( 0.0%) 
overlays                 0/512             0/180224   ( 0.0%) 
LDR lightdata         [variable]           0/0        ( 0.0%) 
HDR lightdata         [variable]       28832/0        ( 0.0%) 
visdata               [variable]         196/16777216 ( 0.0%) 
entdata               [variable]         763/393216   ( 0.2%) 
LDR ambient table       45/65536         180/262144   ( 0.1%) 
HDR ambient table       45/65536         180/262144   ( 0.1%) 
LDR leaf ambient        45/65536        1260/1835008  ( 0.1%) 
HDR leaf ambient       245/65536        6860/1835008  ( 0.4%) 
occluders                0/0               0/0        ( 0.0%) 
occluder polygons        0/0               0/0        ( 0.0%) 
occluder vert ind        0/0               0/0        ( 0.0%) 
Prop Hull Verts          0/0               0/0        ( 0.0%) 
Prop Hull Blob           0/0               0/0        ( 0.0%) 
Prop Hull Lists          0/0               0/0        ( 0.0%) 
Prop Hulls               0/0               0/0        ( 0.0%) 
Prop Hull trilist        0/0               0/0        ( 0.0%) 
detail props          [variable]           1/12       ( 8.3%) 
static props          [variable]           1/12       ( 8.3%) 
pakfile               [variable]       74458/0        ( 0.0%) 
physics               [variable]        2695/4194304  ( 0.1%) 
physics terrain       [variable]           2/1048576  ( 0.0%) 

Level flags = 2

Total triangle count: 64
Writing d:\projects\aperture-camera\content\mapsrc\my_name_is_soli.bsp
1 second elapsed



materialPath: D:\Projects\aperture-camera\game\valve\materials
Loading d:\projects\aperture-camera\content\mapsrc\my_name_is_soli.vmf
Could not locate GameData file portalretract_part2.fgd
fixing up env_cubemap materials on brush sides...
0...1...2...3...4...5...6...7...8...9...100...1...2...3...4...5...6...7...8...9...10Processing areas...done (0)
Building Faces...done (0)
FixTjuncs...
PruneNodes...
WriteBSP...
done (0)
writing d:\projects\aperture-camera\content\mapsrc\my_name_is_soli.prt...Building visibility clusters...
done (0)
Finding displacement neighbors...
Finding lightmap sample positions...
Displacement Alpha : 0...1...2...3...4...5...6...7...8...9...10
Building Physics collision data...
done (0) (2695 bytes)
Placing detail props : 0...1...2...3...4...5...6...7...8...9...10
Compacting texture/material tables...
Reduced 6 texinfos to 4
Reduced 2 texdatas to 2 (44 bytes to 44)
Writing d:\projects\aperture-camera\content\mapsrc\my_name_is_soli.bsp
0 seconds elapsed



12 threads
reading d:\projects\aperture-camera\content\mapsrc\my_name_is_soli.bsp
reading d:\projects\aperture-camera\content\mapsrc\my_name_is_soli.prt
  16 portalclusters
  32 numportals
0...1...2...3...4...5...6...7...8...9...100...1...2...3...4...5...6...7...8...9...10Optimized: 0 visible clusters (0.00%)
Total clusters visible: 224
Average clusters visible: 14
Building PAS...
Average clusters audible: 16
visdatasize:196  compressed from 256
writing d:\projects\aperture-camera\content\mapsrc\my_name_is_soli.bsp
0 seconds elapsed



[Reading texlights from 'lights.rad']
[53 texlights parsed from 'lights.rad']

Loading d:\projects\aperture-camera\content\mapsrc\my_name_is_soli.bsp
32 faces
61262 square feet [8821760.00 square inches]
0 Displacements
0 Square Feet [0.00 Square Inches]
32 patches before subdivision
1152 patches after subdivision
2 direct lights
0...1...2...3...4...5...6...7...8...9...100...1...2...3...4...5...6...7...8...9...10transfers 869, max 88
transfer lists:   0.0 megs
0...1...2...3...4...5...6...7...8...9...10	Bounce #1 added RGB(0, 0, 0)
Build Patch/Sample Hash Table(s).....Done<0.0003 sec>
0...1...2...3...4...5...6...7...8...9...10FinalLightFace Done
0 of 0 (0% of) surface lights went in leaf ambient cubes.
0...1...2...3...4...5...6...7...8...9...10Writing leaf ambient...done
Ready to Finish

Object names       Objects/Maxobjs  Memory / Maxmem  Fullness 
------------       ---------------  ---------------  -------- 
models                   1/1024           48/49152    ( 0.1%) 
brushes                  7/8192           84/98304    ( 0.1%) 
brushsides              42/65536         336/524288   ( 0.1%) 
planes                  52/65536        1040/1310720  ( 0.1%) 
vertexes                53/65536         636/786432   ( 0.1%) 
nodes                   43/65536        1376/2097152  ( 0.1%) 
texinfos                 4/12288         288/884736   ( 0.0%) 
texdata                  2/2048           64/65536    ( 0.1%) 
dispinfos                0/0               0/0        ( 0.0%) 
disp_verts               0/0               0/0        ( 0.0%) 
disp_tris                0/0               0/0        ( 0.0%) 
disp_multiblend          0/0               0/0        ( 0.0%) 
disp_lmsamples           0/0               0/0        ( 0.0%) 
faces                   32/65536        1792/3670016  ( 0.0%) 
hdr faces               32/65536        1792/3670016  ( 0.0%) 
origfaces               12/65536         672/3670016  ( 0.0%) 
leaves                  45/65536        1440/2097152  ( 0.1%) 
leaffaces               52/65536         104/131072   ( 0.1%) 
leafbrushes             20/65536          40/131072   ( 0.0%) 
areas                    2/256            16/2048     ( 0.8%) 
surfedges              176/512000        704/2048000  ( 0.0%) 
edges                  101/256000        404/1024000  ( 0.0%) 
LDR worldlights          0/8192            0/819200   ( 0.0%) 
HDR worldlights          2/8192          200/819200   ( 0.0%) 
leafwaterdata            0/32768           0/393216   ( 0.0%) 
waterstrips              0/32768           0/327680   ( 0.0%) 
waterverts               0/65536           0/786432   ( 0.0%) 
waterindices             0/65536           0/131072   ( 0.0%) 
cubemapsamples           0/1024            0/16384    ( 0.0%) 
overlays                 0/512             0/180224   ( 0.0%) 
LDR lightdata         [variable]           0/0        ( 0.0%) 
HDR lightdata         [variable]       28832/0        ( 0.0%) 
visdata               [variable]         196/16777216 ( 0.0%) 
entdata               [variable]         990/393216   ( 0.3%) 
LDR ambient table       45/65536         180/262144   ( 0.1%) 
HDR ambient table       45/65536         180/262144   ( 0.1%) 
LDR leaf ambient        45/65536        1260/1835008  ( 0.1%) 
HDR leaf ambient       245/65536        6860/1835008  ( 0.4%) 
occluders                0/0               0/0        ( 0.0%) 
occluder polygons        0/0               0/0        ( 0.0%) 
occluder vert ind        0/0               0/0        ( 0.0%) 
Prop Hull Verts          0/0               0/0        ( 0.0%) 
Prop Hull Blob           0/0               0/0        ( 0.0%) 
Prop Hull Lists          0/0               0/0        ( 0.0%) 
Prop Hulls               0/0               0/0        ( 0.0%) 
Prop Hull trilist        0/0               0/0        ( 0.0%) 
detail props          [variable]           1/12       ( 8.3%) 
static props          [variable]           1/12       ( 8.3%) 
pakfile               [variable]       74458/0        ( 0.0%) 
physics               [variable]        2695/4194304  ( 0.1%) 
physics terrain       [variable]           2/1048576  ( 0.0%) 

Level flags = 2

Total triangle count: 64
Writing d:\projects\aperture-camera\content\mapsrc\my_name_is_soli.bsp
1 second elapsed



materialPath: D:\Projects\aperture-camera\game\valve\materials
Loading d:\projects\aperture-camera\content\mapsrc\my_name_is_soli.vmf
Could not locate GameData file portalretract_part2.fgd
fixing up env_cubemap materials on brush sides...
0...1...2...3...4...5...6...7...8...9...100...1...2...3...4...5...6...7...8...9...10Processing areas...done (0)
Building Faces...done (0)
FixTjuncs...
PruneNodes...
WriteBSP...
done (0)
writing d:\projects\aperture-camera\content\mapsrc\my_name_is_soli.prt...Building visibility clusters...
done (0)
Finding displacement neighbors...
Finding lightmap sample positions...
Displacement Alpha : 0...1...2...3...4...5...6...7...8...9...10
Building Physics collision data...
done (0) (2695 bytes)
Placing detail props : 0...1...2...3...4...5...6...7...8...9...10
Compacting texture/material tables...
Reduced 6 texinfos to 4
Reduced 2 texdatas to 2 (44 bytes to 44)
Writing d:\projects\aperture-camera\content\mapsrc\my_name_is_soli.bsp
0 seconds elapsed



12 threads
reading d:\projects\aperture-camera\content\mapsrc\my_name_is_soli.bsp
reading d:\projects\aperture-camera\content\mapsrc\my_name_is_soli.prt
  16 portalclusters
  32 numportals
0...1...2...3...4...5...6...7...8...9...100...1...2...3...4...5...6...7...8...9...10Optimized: 0 visible clusters (0.00%)
Total clusters visible: 224
Average clusters visible: 14
Building PAS...
Average clusters audible: 16
visdatasize:196  compressed from 256
writing d:\projects\aperture-camera\content\mapsrc\my_name_is_soli.bsp
0 seconds elapsed



[Reading texlights from 'lights.rad']
[53 texlights parsed from 'lights.rad']

Loading d:\projects\aperture-camera\content\mapsrc\my_name_is_soli.bsp
32 faces
61262 square feet [8821760.00 square inches]
0 Displacements
0 Square Feet [0.00 Square Inches]
32 patches before subdivision
1152 patches after subdivision
2 direct lights
0...1...2...3...4...5...6...7...8...9...100...1...2...3...4...5...6...7...8...9...10transfers 869, max 88
transfer lists:   0.0 megs
0...1...2...3...4...5...6...7...8...9...10	Bounce #1 added RGB(0, 0, 0)
Build Patch/Sample Hash Table(s).....Done<0.0004 sec>
0...1...2...3...4...5...6...7...8...9...10FinalLightFace Done
0 of 0 (0% of) surface lights went in leaf ambient cubes.
0...1...2...3...4...5...6...7...8...9...10Writing leaf ambient...done
Ready to Finish

Object names       Objects/Maxobjs  Memory / Maxmem  Fullness 
------------       ---------------  ---------------  -------- 
models                   1/1024           48/49152    ( 0.1%) 
brushes                  7/8192           84/98304    ( 0.1%) 
brushsides              42/65536         336/524288   ( 0.1%) 
planes                  52/65536        1040/1310720  ( 0.1%) 
vertexes                53/65536         636/786432   ( 0.1%) 
nodes                   43/65536        1376/2097152  ( 0.1%) 
texinfos                 4/12288         288/884736   ( 0.0%) 
texdata                  2/2048           64/65536    ( 0.1%) 
dispinfos                0/0               0/0        ( 0.0%) 
disp_verts               0/0               0/0        ( 0.0%) 
disp_tris                0/0               0/0        ( 0.0%) 
disp_multiblend          0/0               0/0        ( 0.0%) 
disp_lmsamples           0/0               0/0        ( 0.0%) 
faces                   32/65536        1792/3670016  ( 0.0%) 
hdr faces               32/65536        1792/3670016  ( 0.0%) 
origfaces               12/65536         672/3670016  ( 0.0%) 
leaves                  45/65536        1440/2097152  ( 0.1%) 
leaffaces               52/65536         104/131072   ( 0.1%) 
leafbrushes             20/65536          40/131072   ( 0.0%) 
areas                    2/256            16/2048     ( 0.8%) 
surfedges              176/512000        704/2048000  ( 0.0%) 
edges                  101/256000        404/1024000  ( 0.0%) 
LDR worldlights          0/8192            0/819200   ( 0.0%) 
HDR worldlights          2/8192          200/819200   ( 0.0%) 
leafwaterdata            0/32768           0/393216   ( 0.0%) 
waterstrips              0/32768           0/327680   ( 0.0%) 
waterverts               0/65536           0/786432   ( 0.0%) 
waterindices             0/65536           0/131072   ( 0.0%) 
cubemapsamples           0/1024            0/16384    ( 0.0%) 
overlays                 0/512             0/180224   ( 0.0%) 
LDR lightdata         [variable]           0/0        ( 0.0%) 
HDR lightdata         [variable]       28832/0        ( 0.0%) 
visdata               [variable]         196/16777216 ( 0.0%) 
entdata               [variable]        1318/393216   ( 0.3%) 
LDR ambient table       45/65536         180/262144   ( 0.1%) 
HDR ambient table       45/65536         180/262144   ( 0.1%) 
LDR leaf ambient        45/65536        1260/1835008  ( 0.1%) 
HDR leaf ambient       245/65536        6860/1835008  ( 0.4%) 
occluders                0/0               0/0        ( 0.0%) 
occluder polygons        0/0               0/0        ( 0.0%) 
occluder vert ind        0/0               0/0        ( 0.0%) 
Prop Hull Verts          0/0               0/0        ( 0.0%) 
Prop Hull Blob           0/0               0/0        ( 0.0%) 
Prop Hull Lists          0/0               0/0        ( 0.0%) 
Prop Hulls               0/0               0/0        ( 0.0%) 
Prop Hull trilist        0/0               0/0        ( 0.0%) 
detail props          [variable]           1/12       ( 8.3%) 
static props          [variable]           1/12       ( 8.3%) 
pakfile               [variable]       74458/0        ( 0.0%) 
physics               [variable]        2695/4194304  ( 0.1%) 
physics terrain       [variable]           2/1048576  ( 0.0%) 

Level flags = 2

Total triangle count: 64
Writing d:\projects\aperture-camera\content\mapsrc\my_name_is_soli.bsp
1 second elapsed



materialPath: D:\Projects\aperture-camera\game\valve\materials
Loading d:\projects\aperture-camera\content\mapsrc\my_name_is_soli.vmf
Could not locate GameData file portalretract_part2.fgd
fixing up env_cubemap materials on brush sides...
0...1...2...3...4...5...6...7...8...9...100...1...2...3...4...5...6...7...8...9...10Processing areas...done (0)
Building Faces...done (0)
FixTjuncs...
PruneNodes...
WriteBSP...
done (0)
writing d:\projects\aperture-camera\content\mapsrc\my_name_is_soli.prt...Building visibility clusters...
done (0)
Finding displacement neighbors...
Finding lightmap sample positions...
Displacement Alpha : 0...1...2...3...4...5...6...7...8...9...10
Building Physics collision data...
done (0) (2695 bytes)
Placing detail props : 0...1...2...3...4...5...6...7...8...9...10
Compacting texture/material tables...
Reduced 6 texinfos to 4
Reduced 2 texdatas to 2 (44 bytes to 44)
Writing d:\projects\aperture-camera\content\mapsrc\my_name_is_soli.bsp
0 seconds elapsed



12 threads
reading d:\projects\aperture-camera\content\mapsrc\my_name_is_soli.bsp
reading d:\projects\aperture-camera\content\mapsrc\my_name_is_soli.prt
  16 portalclusters
  32 numportals
0...1...2...3...4...5...6...7...8...9...100...1...2...3...4...5...6...7...8...9...10Optimized: 0 visible clusters (0.00%)
Total clusters visible: 224
Average clusters visible: 14
Building PAS...
Average clusters audible: 16
visdatasize:196  compressed from 256
writing d:\projects\aperture-camera\content\mapsrc\my_name_is_soli.bsp
0 seconds elapsed



[Reading texlights from 'lights.rad']
[53 texlights parsed from 'lights.rad']

Loading d:\projects\aperture-camera\content\mapsrc\my_name_is_soli.bsp
32 faces
61262 square feet [8821760.00 square inches]
0 Displacements
0 Square Feet [0.00 Square Inches]
32 patches before subdivision
1152 patches after subdivision
2 direct lights
0...1...2...3...4...5...6...7...8...9...100...1...2...3...4...5...6...7...8...9...10transfers 869, max 88
transfer lists:   0.0 megs
0...1...2...3...4...5...6...7...8...9...10	Bounce #1 added RGB(0, 0, 0)
Build Patch/Sample Hash Table(s).....Done<0.0004 sec>
0...1...2...3...4...5...6...7...8...9...10FinalLightFace Done
0 of 0 (0% of) surface lights went in leaf ambient cubes.
0...1...2...3...4...5...6...7...8...9...10Writing leaf ambient...done
Ready to Finish

Object names       Objects/Maxobjs  Memory / Maxmem  Fullness 
------------       ---------------  ---------------  -------- 
models                   1/1024           48/49152    ( 0.1%) 
brushes                  7/8192           84/98304    ( 0.1%) 
brushsides              42/65536         336/524288   ( 0.1%) 
planes                  52/65536        1040/1310720  ( 0.1%) 
vertexes                53/65536         636/786432   ( 0.1%) 
nodes                   43/65536        1376/2097152  ( 0.1%) 
texinfos                 4/12288         288/884736   ( 0.0%) 
texdata                  2/2048           64/65536    ( 0.1%) 
dispinfos                0/0               0/0        ( 0.0%) 
disp_verts               0/0               0/0        ( 0.0%) 
disp_tris                0/0               0/0        ( 0.0%) 
disp_multiblend          0/0               0/0        ( 0.0%) 
disp_lmsamples           0/0               0/0        ( 0.0%) 
faces                   32/65536        1792/3670016  ( 0.0%) 
hdr faces               32/65536        1792/3670016  ( 0.0%) 
origfaces               12/65536         672/3670016  ( 0.0%) 
leaves                  45/65536        1440/2097152  ( 0.1%) 
leaffaces               52/65536         104/131072   ( 0.1%) 
leafbrushes             20/65536          40/131072   ( 0.0%) 
areas                    2/256            16/2048     ( 0.8%) 
surfedges              176/512000        704/2048000  ( 0.0%) 
edges                  101/256000        404/1024000  ( 0.0%) 
LDR worldlights          0/8192            0/819200   ( 0.0%) 
HDR worldlights          2/8192          200/819200   ( 0.0%) 
leafwaterdata            0/32768           0/393216   ( 0.0%) 
waterstrips              0/32768           0/327680   ( 0.0%) 
waterverts               0/65536           0/786432   ( 0.0%) 
waterindices             0/65536           0/131072   ( 0.0%) 
cubemapsamples           0/1024            0/16384    ( 0.0%) 
overlays                 0/512             0/180224   ( 0.0%) 
LDR lightdata         [variable]           0/0        ( 0.0%) 
HDR lightdata         [variable]       28832/0        ( 0.0%) 
visdata               [variable]         196/16777216 ( 0.0%) 
entdata               [variable]        1437/393216   ( 0.4%) 
LDR ambient table       45/65536         180/262144   ( 0.1%) 
HDR ambient table       45/65536         180/262144   ( 0.1%) 
LDR leaf ambient        45/65536        1260/1835008  ( 0.1%) 
HDR leaf ambient       245/65536        6860/1835008  ( 0.4%) 
occluders                0/0               0/0        ( 0.0%) 
occluder polygons        0/0               0/0        ( 0.0%) 
occluder vert ind        0/0               0/0        ( 0.0%) 
Prop Hull Verts          0/0               0/0        ( 0.0%) 
Prop Hull Blob           0/0               0/0        ( 0.0%) 
Prop Hull Lists          0/0               0/0        ( 0.0%) 
Prop Hulls               0/0               0/0        ( 0.0%) 
Prop Hull trilist        0/0               0/0        ( 0.0%) 
detail props          [variable]           1/12       ( 8.3%) 
static props          [variable]           1/12       ( 8.3%) 
pakfile               [variable]       74458/0        ( 0.0%) 
physics               [variable]        2695/4194304  ( 0.1%) 
physics terrain       [variable]           2/1048576  ( 0.0%) 

Level flags = 2

Total triangle count: 64
Writing d:\projects\aperture-camera\content\mapsrc\my_name_is_soli.bsp
1 second elapsed



materialPath: D:\Projects\aperture-camera\game\valve\materials
Loading d:\projects\aperture-camera\content\mapsrc\my_name_is_soli.vmf
Could not locate GameData file portalretract_part2.fgd
fixing up env_cubemap materials on brush sides...
0...1...2...3...4...5...6...7...8...9...100...1...2...3...4...5...6...7...8...9...10Processing areas...done (0)
Building Faces...done (0)
FixTjuncs...
PruneNodes...
WriteBSP...
done (0)
writing d:\projects\aperture-camera\content\mapsrc\my_name_is_soli.prt...Building visibility clusters...
done (0)
Finding displacement neighbors...
Finding lightmap sample positions...
Displacement Alpha : 0...1...2...3...4...5...6...7...8...9...10
Building Physics collision data...
done (0) (2695 bytes)
Placing detail props : 0...1...2...3...4...5...6...7...8...9...10
Compacting texture/material tables...
Reduced 6 texinfos to 4
Reduced 2 texdatas to 2 (44 bytes to 44)
Writing d:\projects\aperture-camera\content\mapsrc\my_name_is_soli.bsp
0 seconds elapsed



12 threads
reading d:\projects\aperture-camera\content\mapsrc\my_name_is_soli.bsp
reading d:\projects\aperture-camera\content\mapsrc\my_name_is_soli.prt
  16 portalclusters
  32 numportals
0...1...2...3...4...5...6...7...8...9...100...1...2...3...4...5...6...7...8...9...10Optimized: 0 visible clusters (0.00%)
Total clusters visible: 224
Average clusters visible: 14
Building PAS...
Average clusters audible: 16
visdatasize:196  compressed from 256
writing d:\projects\aperture-camera\content\mapsrc\my_name_is_soli.bsp
0 seconds elapsed



[Reading texlights from 'lights.rad']
[53 texlights parsed from 'lights.rad']

Loading d:\projects\aperture-camera\content\mapsrc\my_name_is_soli.bsp
32 faces
61262 square feet [8821760.00 square inches]
0 Displacements
0 Square Feet [0.00 Square Inches]
32 patches before subdivision
1152 patches after subdivision
2 direct lights
0...1...2...3...4...5...6...7...8...9...100...1...2...3...4...5...6...7...8...9...10transfers 869, max 88
transfer lists:   0.0 megs
0...1...2...3...4...5...6...7...8...9...10	Bounce #1 added RGB(0, 0, 0)
Build Patch/Sample Hash Table(s).....Done<0.0004 sec>
0...1...2...3...4...5...6...7...8...9...10FinalLightFace Done
0 of 0 (0% of) surface lights went in leaf ambient cubes.
0...1...2...3...4...5...6...7...8...9...10Writing leaf ambient...done
Ready to Finish

Object names       Objects/Maxobjs  Memory / Maxmem  Fullness 
------------       ---------------  ---------------  -------- 
models                   1/1024           48/49152    ( 0.1%) 
brushes                  7/8192           84/98304    ( 0.1%) 
brushsides              42/65536         336/524288   ( 0.1%) 
planes                  52/65536        1040/1310720  ( 0.1%) 
vertexes                53/65536         636/786432   ( 0.1%) 
nodes                   43/65536        1376/2097152  ( 0.1%) 
texinfos                 4/12288         288/884736   ( 0.0%) 
texdata                  2/2048           64/65536    ( 0.1%) 
dispinfos                0/0               0/0        ( 0.0%) 
disp_verts               0/0               0/0        ( 0.0%) 
disp_tris                0/0               0/0        ( 0.0%) 
disp_multiblend          0/0               0/0        ( 0.0%) 
disp_lmsamples           0/0               0/0        ( 0.0%) 
faces                   32/65536        1792/3670016  ( 0.0%) 
hdr faces               32/65536        1792/3670016  ( 0.0%) 
origfaces               12/65536         672/3670016  ( 0.0%) 
leaves                  45/65536        1440/2097152  ( 0.1%) 
leaffaces               52/65536         104/131072   ( 0.1%) 
leafbrushes             20/65536          40/131072   ( 0.0%) 
areas                    2/256            16/2048     ( 0.8%) 
surfedges              176/512000        704/2048000  ( 0.0%) 
edges                  101/256000        404/1024000  ( 0.0%) 
LDR worldlights          0/8192            0/819200   ( 0.0%) 
HDR worldlights          2/8192          200/819200   ( 0.0%) 
leafwaterdata            0/32768           0/393216   ( 0.0%) 
waterstrips              0/32768           0/327680   ( 0.0%) 
waterverts               0/65536           0/786432   ( 0.0%) 
waterindices             0/65536           0/131072   ( 0.0%) 
cubemapsamples           0/1024            0/16384    ( 0.0%) 
overlays                 0/512             0/180224   ( 0.0%) 
LDR lightdata         [variable]           0/0        ( 0.0%) 
HDR lightdata         [variable]       28832/0        ( 0.0%) 
visdata               [variable]         196/16777216 ( 0.0%) 
entdata               [variable]        1437/393216   ( 0.4%) 
LDR ambient table       45/65536         180/262144   ( 0.1%) 
HDR ambient table       45/65536         180/262144   ( 0.1%) 
LDR leaf ambient        45/65536        1260/1835008  ( 0.1%) 
HDR leaf ambient       245/65536        6860/1835008  ( 0.4%) 
occluders                0/0               0/0        ( 0.0%) 
occluder polygons        0/0               0/0        ( 0.0%) 
occluder vert ind        0/0               0/0        ( 0.0%) 
Prop Hull Verts          0/0               0/0        ( 0.0%) 
Prop Hull Blob           0/0               0/0        ( 0.0%) 
Prop Hull Lists          0/0               0/0        ( 0.0%) 
Prop Hulls               0/0               0/0        ( 0.0%) 
Prop Hull trilist        0/0               0/0        ( 0.0%) 
detail props          [variable]           1/12       ( 8.3%) 
static props          [variable]           1/12       ( 8.3%) 
pakfile               [variable]       74458/0        ( 0.0%) 
physics               [variable]        2695/4194304  ( 0.1%) 
physics terrain       [variable]           2/1048576  ( 0.0%) 

Level flags = 2

Total triangle count: 64
Writing d:\projects\aperture-camera\content\mapsrc\my_name_is_soli.bsp
1 second elapsed



materialPath: D:\Projects\aperture-camera\game\valve\materials
Loading d:\projects\aperture-camera\content\mapsrc\my_name_is_soli.vmf
Could not locate GameData file portalretract_part2.fgd
fixing up env_cubemap materials on brush sides...
0...1...2...3...4...5...6...7...8...9...100...1...2...3...4...5...6...7...8...9...10Processing areas...done (0)
Building Faces...done (0)
FixTjuncs...
PruneNodes...
WriteBSP...
done (0)
writing d:\projects\aperture-camera\content\mapsrc\my_name_is_soli.prt...Building visibility clusters...
done (0)
Finding displacement neighbors...
Finding lightmap sample positions...
Displacement Alpha : 0...1...2...3...4...5...6...7...8...9...10
Building Physics collision data...
done (0) (2695 bytes)
Placing detail props : 0...1...2...3...4...5...6...7...8...9...10
Compacting texture/material tables...
Reduced 6 texinfos to 4
Reduced 2 texdatas to 2 (44 bytes to 44)
Writing d:\projects\aperture-camera\content\mapsrc\my_name_is_soli.bsp
0 seconds elapsed



12 threads
reading d:\projects\aperture-camera\content\mapsrc\my_name_is_soli.bsp
reading d:\projects\aperture-camera\content\mapsrc\my_name_is_soli.prt
  16 portalclusters
  32 numportals
0...1...2...3...4...5...6...7...8...9...100...1...2...3...4...5...6...7...8...9...10Optimized: 0 visible clusters (0.00%)
Total clusters visible: 224
Average clusters visible: 14
Building PAS...
Average clusters audible: 16
visdatasize:196  compressed from 256
writing d:\projects\aperture-camera\content\mapsrc\my_name_is_soli.bsp
0 seconds elapsed



[Reading texlights from 'lights.rad']
[53 texlights parsed from 'lights.rad']

Loading d:\projects\aperture-camera\content\mapsrc\my_name_is_soli.bsp
32 faces
61262 square feet [8821760.00 square inches]
0 Displacements
0 Square Feet [0.00 Square Inches]
32 patches before subdivision
1152 patches after subdivision
2 direct lights
0...1...2...3...4...5...6...7...8...9...100...1...2...3...4...5...6...7...8...9...10transfers 869, max 88
transfer lists:   0.0 megs
0...1...2...3...4...5...6...7...8...9...10	Bounce #1 added RGB(0, 0, 0)
Build Patch/Sample Hash Table(s).....Done<0.0003 sec>
0...1...2...3...4...5...6...7...8...9...10FinalLightFace Done
0 of 0 (0% of) surface lights went in leaf ambient cubes.
0...1...2...3...4...5...6...7...8...9...10Writing leaf ambient...done
Ready to Finish

Object names       Objects/Maxobjs  Memory / Maxmem  Fullness 
------------       ---------------  ---------------  -------- 
models                   1/1024           48/49152    ( 0.1%) 
brushes                  7/8192           84/98304    ( 0.1%) 
brushsides              42/65536         336/524288   ( 0.1%) 
planes                  52/65536        1040/1310720  ( 0.1%) 
vertexes                53/65536         636/786432   ( 0.1%) 
nodes                   43/65536        1376/2097152  ( 0.1%) 
texinfos                 4/12288         288/884736   ( 0.0%) 
texdata                  2/2048           64/65536    ( 0.1%) 
dispinfos                0/0               0/0        ( 0.0%) 
disp_verts               0/0               0/0        ( 0.0%) 
disp_tris                0/0               0/0        ( 0.0%) 
disp_multiblend          0/0               0/0        ( 0.0%) 
disp_lmsamples           0/0               0/0        ( 0.0%) 
faces                   32/65536        1792/3670016  ( 0.0%) 
hdr faces               32/65536        1792/3670016  ( 0.0%) 
origfaces               12/65536         672/3670016  ( 0.0%) 
leaves                  45/65536        1440/2097152  ( 0.1%) 
leaffaces               52/65536         104/131072   ( 0.1%) 
leafbrushes             20/65536          40/131072   ( 0.0%) 
areas                    2/256            16/2048     ( 0.8%) 
surfedges              176/512000        704/2048000  ( 0.0%) 
edges                  101/256000        404/1024000  ( 0.0%) 
LDR worldlights          0/8192            0/819200   ( 0.0%) 
HDR worldlights          2/8192          200/819200   ( 0.0%) 
leafwaterdata            0/32768           0/393216   ( 0.0%) 
waterstrips              0/32768           0/327680   ( 0.0%) 
waterverts               0/65536           0/786432   ( 0.0%) 
waterindices             0/65536           0/131072   ( 0.0%) 
cubemapsamples           0/1024            0/16384    ( 0.0%) 
overlays                 0/512             0/180224   ( 0.0%) 
LDR lightdata         [variable]           0/0        ( 0.0%) 
HDR lightdata         [variable]       28832/0        ( 0.0%) 
visdata               [variable]         196/16777216 ( 0.0%) 
entdata               [variable]        1897/393216   ( 0.5%) 
LDR ambient table       45/65536         180/262144   ( 0.1%) 
HDR ambient table       45/65536         180/262144   ( 0.1%) 
LDR leaf ambient        45/65536        1260/1835008  ( 0.1%) 
HDR leaf ambient       245/65536        6860/1835008  ( 0.4%) 
occluders                0/0               0/0        ( 0.0%) 
occluder polygons        0/0               0/0        ( 0.0%) 
occluder vert ind        0/0               0/0        ( 0.0%) 
Prop Hull Verts          0/0               0/0        ( 0.0%) 
Prop Hull Blob           0/0               0/0        ( 0.0%) 
Prop Hull Lists          0/0               0/0        ( 0.0%) 
Prop Hulls               0/0               0/0        ( 0.0%) 
Prop Hull trilist        0/0               0/0        ( 0.0%) 
detail props          [variable]           1/12       ( 8.3%) 
static props          [variable]           1/12       ( 8.3%) 
pakfile               [variable]       74458/0        ( 0.0%) 
physics               [variable]        2695/4194304  ( 0.1%) 
physics terrain       [variable]           2/1048576  ( 0.0%) 

Level flags = 2

Total triangle count: 64
Writing d:\projects\aperture-camera\content\mapsrc\my_name_is_soli.bsp
1 second elapsed



materialPath: D:\Projects\aperture-camera\game\valve\materials
Loading d:\projects\aperture-camera\content\mapsrc\my_name_is_soli.vmf
Could not locate GameData file portalretract_part2.fgd
fixing up env_cubemap materials on brush sides...
0...1...2...3...4...5...6...7...8...9...100...1...2...3...4...5...6...7...8...9...10Processing areas...done (0)
Building Faces...done (0)
FixTjuncs...
PruneNodes...
WriteBSP...
done (0)
writing d:\projects\aperture-camera\content\mapsrc\my_name_is_soli.prt...Building visibility clusters...
done (0)
Finding displacement neighbors...
Finding lightmap sample positions...
Displacement Alpha : 0...1...2...3...4...5...6...7...8...9...10
Building Physics collision data...
done (0) (2695 bytes)
Placing detail props : 0...1...2...3...4...5...6...7...8...9...10
Compacting texture/material tables...
Reduced 6 texinfos to 4
Reduced 2 texdatas to 2 (44 bytes to 44)
Writing d:\projects\aperture-camera\content\mapsrc\my_name_is_soli.bsp
0 seconds elapsed



12 threads
reading d:\projects\aperture-camera\content\mapsrc\my_name_is_soli.bsp
reading d:\projects\aperture-camera\content\mapsrc\my_name_is_soli.prt
  16 portalclusters
  32 numportals
0...1...2...3...4...5...6...7...8...9...100...1...2...3...4...5...6...7...8...9...10Optimized: 0 visible clusters (0.00%)
Total clusters visible: 224
Average clusters visible: 14
Building PAS...
Average clusters audible: 16
visdatasize:196  compressed from 256
writing d:\projects\aperture-camera\content\mapsrc\my_name_is_soli.bsp
0 seconds elapsed



[Reading texlights from 'lights.rad']
[53 texlights parsed from 'lights.rad']

Loading d:\projects\aperture-camera\content\mapsrc\my_name_is_soli.bsp
32 faces
61262 square feet [8821760.00 square inches]
0 Displacements
0 Square Feet [0.00 Square Inches]
32 patches before subdivision
1152 patches after subdivision
2 direct lights
0...1...2...3...4...5...6...7...8...9...100...1...2...3...4...5...6...7...8...9...10transfers 869, max 88
transfer lists:   0.0 megs
0...1...2...3...4...5...6...7...8...9...10	Bounce #1 added RGB(0, 0, 0)
Build Patch/Sample Hash Table(s).....Done<0.0004 sec>
0...1...2...3...4...5...6...7...8...9...10FinalLightFace Done
0 of 0 (0% of) surface lights went in leaf ambient cubes.
0...1...2...3...4...5...6...7...8...9...10Writing leaf ambient...done
Ready to Finish

Object names       Objects/Maxobjs  Memory / Maxmem  Fullness 
------------       ---------------  ---------------  -------- 
models                   1/1024           48/49152    ( 0.1%) 
brushes                  7/8192           84/98304    ( 0.1%) 
brushsides              42/65536         336/524288   ( 0.1%) 
planes                  52/65536        1040/1310720  ( 0.1%) 
vertexes                53/65536         636/786432   ( 0.1%) 
nodes                   43/65536        1376/2097152  ( 0.1%) 
texinfos                 4/12288         288/884736   ( 0.0%) 
texdata                  2/2048           64/65536    ( 0.1%) 
dispinfos                0/0               0/0        ( 0.0%) 
disp_verts               0/0               0/0        ( 0.0%) 
disp_tris                0/0               0/0        ( 0.0%) 
disp_multiblend          0/0               0/0        ( 0.0%) 
disp_lmsamples           0/0               0/0        ( 0.0%) 
faces                   32/65536        1792/3670016  ( 0.0%) 
hdr faces               32/65536        1792/3670016  ( 0.0%) 
origfaces               12/65536         672/3670016  ( 0.0%) 
leaves                  45/65536        1440/2097152  ( 0.1%) 
leaffaces               52/65536         104/131072   ( 0.1%) 
leafbrushes             20/65536          40/131072   ( 0.0%) 
areas                    2/256            16/2048     ( 0.8%) 
surfedges              176/512000        704/2048000  ( 0.0%) 
edges                  101/256000        404/1024000  ( 0.0%) 
LDR worldlights          0/8192            0/819200   ( 0.0%) 
HDR worldlights          2/8192          200/819200   ( 0.0%) 
leafwaterdata            0/32768           0/393216   ( 0.0%) 
waterstrips              0/32768           0/327680   ( 0.0%) 
waterverts               0/65536           0/786432   ( 0.0%) 
waterindices             0/65536           0/131072   ( 0.0%) 
cubemapsamples           0/1024            0/16384    ( 0.0%) 
overlays                 0/512             0/180224   ( 0.0%) 
LDR lightdata         [variable]           0/0        ( 0.0%) 
HDR lightdata         [variable]       28832/0        ( 0.0%) 
visdata               [variable]         196/16777216 ( 0.0%) 
entdata               [variable]        1897/393216   ( 0.5%) 
LDR ambient table       45/65536         180/262144   ( 0.1%) 
HDR ambient table       45/65536         180/262144   ( 0.1%) 
LDR leaf ambient        45/65536        1260/1835008  ( 0.1%) 
HDR leaf ambient       245/65536        6860/1835008  ( 0.4%) 
occluders                0/0               0/0        ( 0.0%) 
occluder polygons        0/0               0/0        ( 0.0%) 
occluder vert ind        0/0               0/0        ( 0.0%) 
Prop Hull Verts          0/0               0/0        ( 0.0%) 
Prop Hull Blob           0/0               0/0        ( 0.0%) 
Prop Hull Lists          0/0               0/0        ( 0.0%) 
Prop Hulls               0/0               0/0        ( 0.0%) 
Prop Hull trilist        0/0               0/0        ( 0.0%) 
detail props          [variable]           1/12       ( 8.3%) 
static props          [variable]           1/12       ( 8.3%) 
pakfile               [variable]       74458/0        ( 0.0%) 
physics               [variable]        2695/4194304  ( 0.1%) 
physics terrain       [variable]           2/1048576  ( 0.0%) 

Level flags = 2

Total triangle count: 64
Writing d:\projects\aperture-camera\content\mapsrc\my_name_is_soli.bsp
1 second elapsed



materialPath: D:\Projects\aperture-camera\game\valve\materials
Loading d:\projects\aperture-camera\content\mapsrc\my_name_is_soli.vmf
Could not locate GameData file portalretract_part2.fgd
fixing up env_cubemap materials on brush sides...
0...1...2...3...4...5...6...7...8...9...100...1...2...3...4...5...6...7...8...9...10Processing areas...done (0)
Building Faces...done (0)
FixTjuncs...
PruneNodes...
WriteBSP...
done (0)
writing d:\projects\aperture-camera\content\mapsrc\my_name_is_soli.prt...Building visibility clusters...
done (0)
Finding displacement neighbors...
Finding lightmap sample positions...
Displacement Alpha : 0...1...2...3...4...5...6...7...8...9...10
Building Physics collision data...
done (0) (2695 bytes)
Placing detail props : 0...1...2...3...4...5...6...7...8...9...10
Compacting texture/material tables...
Reduced 6 texinfos to 4
Reduced 2 texdatas to 2 (44 bytes to 44)
Writing d:\projects\aperture-camera\content\mapsrc\my_name_is_soli.bsp
0 seconds elapsed



12 threads
reading d:\projects\aperture-camera\content\mapsrc\my_name_is_soli.bsp
reading d:\projects\aperture-camera\content\mapsrc\my_name_is_soli.prt
  16 portalclusters
  32 numportals
0...1...2...3...4...5...6...7...8...9...100...1...2...3...4...5...6...7...8...9...10Optimized: 0 visible clusters (0.00%)
Total clusters visible: 224
Average clusters visible: 14
Building PAS...
Average clusters audible: 16
visdatasize:196  compressed from 256
writing d:\projects\aperture-camera\content\mapsrc\my_name_is_soli.bsp
0 seconds elapsed



[Reading texlights from 'lights.rad']
[53 texlights parsed from 'lights.rad']

Loading d:\projects\aperture-camera\content\mapsrc\my_name_is_soli.bsp
32 faces
61262 square feet [8821760.00 square inches]
0 Displacements
0 Square Feet [0.00 Square Inches]
32 patches before subdivision
1152 patches after subdivision
2 direct lights
0...1...2...3...4...5...6...7...8...9...100...1...2...3...4...5...6...7...8...9...10transfers 869, max 88
transfer lists:   0.0 megs
0...1...2...3...4...5...6...7...8...9...10	Bounce #1 added RGB(0, 0, 0)
Build Patch/Sample Hash Table(s).....Done<0.0004 sec>
0...1...2...3...4...5...6...7...8...9...10FinalLightFace Done
0 of 0 (0% of) surface lights went in leaf ambient cubes.
0...1...2...3...4...5...6...7...8...9...10Writing leaf ambient...done
Ready to Finish

Object names       Objects/Maxobjs  Memory / Maxmem  Fullness 
------------       ---------------  ---------------  -------- 
models                   1/1024           48/49152    ( 0.1%) 
brushes                  7/8192           84/98304    ( 0.1%) 
brushsides              42/65536         336/524288   ( 0.1%) 
planes                  52/65536        1040/1310720  ( 0.1%) 
vertexes                53/65536         636/786432   ( 0.1%) 
nodes                   43/65536        1376/2097152  ( 0.1%) 
texinfos                 4/12288         288/884736   ( 0.0%) 
texdata                  2/2048           64/65536    ( 0.1%) 
dispinfos                0/0               0/0        ( 0.0%) 
disp_verts               0/0               0/0        ( 0.0%) 
disp_tris                0/0               0/0        ( 0.0%) 
disp_multiblend          0/0               0/0        ( 0.0%) 
disp_lmsamples           0/0               0/0        ( 0.0%) 
faces                   32/65536        1792/3670016  ( 0.0%) 
hdr faces               32/65536        1792/3670016  ( 0.0%) 
origfaces               12/65536         672/3670016  ( 0.0%) 
leaves                  45/65536        1440/2097152  ( 0.1%) 
leaffaces               52/65536         104/131072   ( 0.1%) 
leafbrushes             20/65536          40/131072   ( 0.0%) 
areas                    2/256            16/2048     ( 0.8%) 
surfedges              176/512000        704/2048000  ( 0.0%) 
edges                  101/256000        404/1024000  ( 0.0%) 
LDR worldlights          0/8192            0/819200   ( 0.0%) 
HDR worldlights          2/8192          200/819200   ( 0.0%) 
leafwaterdata            0/32768           0/393216   ( 0.0%) 
waterstrips              0/32768           0/327680   ( 0.0%) 
waterverts               0/65536           0/786432   ( 0.0%) 
waterindices             0/65536           0/131072   ( 0.0%) 
cubemapsamples           0/1024            0/16384    ( 0.0%) 
overlays                 0/512             0/180224   ( 0.0%) 
LDR lightdata         [variable]           0/0        ( 0.0%) 
HDR lightdata         [variable]       28832/0        ( 0.0%) 
visdata               [variable]         196/16777216 ( 0.0%) 
entdata               [variable]        1897/393216   ( 0.5%) 
LDR ambient table       45/65536         180/262144   ( 0.1%) 
HDR ambient table       45/65536         180/262144   ( 0.1%) 
LDR leaf ambient        45/65536        1260/1835008  ( 0.1%) 
HDR leaf ambient       245/65536        6860/1835008  ( 0.4%) 
occluders                0/0               0/0        ( 0.0%) 
occluder polygons        0/0               0/0        ( 0.0%) 
occluder vert ind        0/0               0/0        ( 0.0%) 
Prop Hull Verts          0/0               0/0        ( 0.0%) 
Prop Hull Blob           0/0               0/0        ( 0.0%) 
Prop Hull Lists          0/0               0/0        ( 0.0%) 
Prop Hulls               0/0               0/0        ( 0.0%) 
Prop Hull trilist        0/0               0/0        ( 0.0%) 
detail props          [variable]           1/12       ( 8.3%) 
static props          [variable]           1/12       ( 8.3%) 
pakfile               [variable]       74458/0        ( 0.0%) 
physics               [variable]        2695/4194304  ( 0.1%) 
physics terrain       [variable]           2/1048576  ( 0.0%) 

Level flags = 2

Total triangle count: 64
Writing d:\projects\aperture-camera\content\mapsrc\my_name_is_soli.bsp
1 second elapsed



materialPath: D:\Projects\aperture-camera\game\valve\materials
Loading d:\projects\aperture-camera\content\mapsrc\my_name_is_soli.vmf
Could not locate GameData file portalretract_part2.fgd
fixing up env_cubemap materials on brush sides...
0...1...2...3...4...5...6...7...8...9...100...1...2...3...4...5...6...7...8...9...10Processing areas...done (0)
Building Faces...done (0)
FixTjuncs...
PruneNodes...
WriteBSP...
done (0)
writing d:\projects\aperture-camera\content\mapsrc\my_name_is_soli.prt...Building visibility clusters...
done (0)
Finding displacement neighbors...
Finding lightmap sample positions...
Displacement Alpha : 0...1...2...3...4...5...6...7...8...9...10
Building Physics collision data...
done (0) (2695 bytes)
Placing detail props : 0...1...2...3...4...5...6...7...8...9...10
Compacting texture/material tables...
Reduced 6 texinfos to 4
Reduced 2 texdatas to 2 (44 bytes to 44)
Writing d:\projects\aperture-camera\content\mapsrc\my_name_is_soli.bsp
0 seconds elapsed



12 threads
reading d:\projects\aperture-camera\content\mapsrc\my_name_is_soli.bsp
reading d:\projects\aperture-camera\content\mapsrc\my_name_is_soli.prt
  16 portalclusters
  32 numportals
0...1...2...3...4...5...6...7...8...9...100...1...2...3...4...5...6...7...8...9...10Optimized: 0 visible clusters (0.00%)
Total clusters visible: 224
Average clusters visible: 14
Building PAS...
Average clusters audible: 16
visdatasize:196  compressed from 256
writing d:\projects\aperture-camera\content\mapsrc\my_name_is_soli.bsp
0 seconds elapsed



[Reading texlights from 'lights.rad']
[53 texlights parsed from 'lights.rad']

Loading d:\projects\aperture-camera\content\mapsrc\my_name_is_soli.bsp
32 faces
61262 square feet [8821760.00 square inches]
0 Displacements
0 Square Feet [0.00 Square Inches]
32 patches before subdivision
1152 patches after subdivision
2 direct lights
0...1...2...3...4...5...6...7...8...9...100...1...2...3...4...5...6...7...8...9...10transfers 869, max 88
transfer lists:   0.0 megs
0...1...2...3...4...5...6...7...8...9...10	Bounce #1 added RGB(0, 0, 0)
Build Patch/Sample Hash Table(s).....Done<0.0003 sec>
0...1...2...3...4...5...6...7...8...9...10FinalLightFace Done
0 of 0 (0% of) surface lights went in leaf ambient cubes.
0...1...2...3...4...5...6...7...8...9...10Writing leaf ambient...done
Ready to Finish

Object names       Objects/Maxobjs  Memory / Maxmem  Fullness 
------------       ---------------  ---------------  -------- 
models                   1/1024           48/49152    ( 0.1%) 
brushes                  7/8192           84/98304    ( 0.1%) 
brushsides              42/65536         336/524288   ( 0.1%) 
planes                  52/65536        1040/1310720  ( 0.1%) 
vertexes                53/65536         636/786432   ( 0.1%) 
nodes                   43/65536        1376/2097152  ( 0.1%) 
texinfos                 4/12288         288/884736   ( 0.0%) 
texdata                  2/2048           64/65536    ( 0.1%) 
dispinfos                0/0               0/0        ( 0.0%) 
disp_verts               0/0               0/0        ( 0.0%) 
disp_tris                0/0               0/0        ( 0.0%) 
disp_multiblend          0/0               0/0        ( 0.0%) 
disp_lmsamples           0/0               0/0        ( 0.0%) 
faces                   32/65536        1792/3670016  ( 0.0%) 
hdr faces               32/65536        1792/3670016  ( 0.0%) 
origfaces               12/65536         672/3670016  ( 0.0%) 
leaves                  45/65536        1440/2097152  ( 0.1%) 
leaffaces               52/65536         104/131072   ( 0.1%) 
leafbrushes             20/65536          40/131072   ( 0.0%) 
areas                    2/256            16/2048     ( 0.8%) 
surfedges              176/512000        704/2048000  ( 0.0%) 
edges                  101/256000        404/1024000  ( 0.0%) 
LDR worldlights          0/8192            0/819200   ( 0.0%) 
HDR worldlights          2/8192          200/819200   ( 0.0%) 
leafwaterdata            0/32768           0/393216   ( 0.0%) 
waterstrips              0/32768           0/327680   ( 0.0%) 
waterverts               0/65536           0/786432   ( 0.0%) 
waterindices             0/65536           0/131072   ( 0.0%) 
cubemapsamples           0/1024            0/16384    ( 0.0%) 
overlays                 0/512             0/180224   ( 0.0%) 
LDR lightdata         [variable]           0/0        ( 0.0%) 
HDR lightdata         [variable]       28832/0        ( 0.0%) 
visdata               [variable]         196/16777216 ( 0.0%) 
entdata               [variable]        1897/393216   ( 0.5%) 
LDR ambient table       45/65536         180/262144   ( 0.1%) 
HDR ambient table       45/65536         180/262144   ( 0.1%) 
LDR leaf ambient        45/65536        1260/1835008  ( 0.1%) 
HDR leaf ambient       245/65536        6860/1835008  ( 0.4%) 
occluders                0/0               0/0        ( 0.0%) 
occluder polygons        0/0               0/0        ( 0.0%) 
occluder vert ind        0/0               0/0        ( 0.0%) 
Prop Hull Verts          0/0               0/0        ( 0.0%) 
Prop Hull Blob           0/0               0/0        ( 0.0%) 
Prop Hull Lists          0/0               0/0        ( 0.0%) 
Prop Hulls               0/0               0/0        ( 0.0%) 
Prop Hull trilist        0/0               0/0        ( 0.0%) 
detail props          [variable]           1/12       ( 8.3%) 
static props          [variable]           1/12       ( 8.3%) 
pakfile               [variable]       74458/0        ( 0.0%) 
physics               [variable]        2695/4194304  ( 0.1%) 
physics terrain       [variable]           2/1048576  ( 0.0%) 

Level flags = 2

Total triangle count: 64
Writing d:\projects\aperture-camera\content\mapsrc\my_name_is_soli.bsp
1 second elapsed



materialPath: D:\Projects\aperture-camera\game\valve\materials
Loading d:\projects\aperture-camera\content\mapsrc\my_name_is_soli.vmf
Could not locate GameData file portalretract_part2.fgd
fixing up env_cubemap materials on brush sides...
0...1...2...3...4...5...6...7...8...9...100...1...2...3...4...5...6...7...8...9...10Processing areas...done (0)
Building Faces...done (0)
FixTjuncs...
PruneNodes...
WriteBSP...
done (0)
writing d:\projects\aperture-camera\content\mapsrc\my_name_is_soli.prt...Building visibility clusters...
done (0)
Finding displacement neighbors...
Finding lightmap sample positions...
Displacement Alpha : 0...1...2...3...4...5...6...7...8...9...10
Building Physics collision data...
done (0) (2695 bytes)
Placing detail props : 0...1...2...3...4...5...6...7...8...9...10
Compacting texture/material tables...
Reduced 6 texinfos to 4
Reduced 2 texdatas to 2 (44 bytes to 44)
Writing d:\projects\aperture-camera\content\mapsrc\my_name_is_soli.bsp
0 seconds elapsed



12 threads
reading d:\projects\aperture-camera\content\mapsrc\my_name_is_soli.bsp
reading d:\projects\aperture-camera\content\mapsrc\my_name_is_soli.prt
  16 portalclusters
  32 numportals
0...1...2...3...4...5...6...7...8...9...100...1...2...3...4...5...6...7...8...9...10Optimized: 0 visible clusters (0.00%)
Total clusters visible: 224
Average clusters visible: 14
Building PAS...
Average clusters audible: 16
visdatasize:196  compressed from 256
writing d:\projects\aperture-camera\content\mapsrc\my_name_is_soli.bsp
0 seconds elapsed



[Reading texlights from 'lights.rad']
[53 texlights parsed from 'lights.rad']

Loading d:\projects\aperture-camera\content\mapsrc\my_name_is_soli.bsp
32 faces
61262 square feet [8821760.00 square inches]
0 Displacements
0 Square Feet [0.00 Square Inches]
32 patches before subdivision
1152 patches after subdivision
2 direct lights
0...1...2...3...4...5...6...7...8...9...100...1...2...3...4...5...6...7...8...9...10transfers 869, max 88
transfer lists:   0.0 megs
0...1...2...3...4...5...6...7...8...9...10	Bounce #1 added RGB(0, 0, 0)
Build Patch/Sample Hash Table(s).....Done<0.0003 sec>
0...1...2...3...4...5...6...7...8...9...10FinalLightFace Done
0 of 0 (0% of) surface lights went in leaf ambient cubes.
0...1...2...3...4...5...6...7...8...9...10Writing leaf ambient...done
Ready to Finish

Object names       Objects/Maxobjs  Memory / Maxmem  Fullness 
------------       ---------------  ---------------  -------- 
models                   1/1024           48/49152    ( 0.1%) 
brushes                  7/8192           84/98304    ( 0.1%) 
brushsides              42/65536         336/524288   ( 0.1%) 
planes                  52/65536        1040/1310720  ( 0.1%) 
vertexes                53/65536         636/786432   ( 0.1%) 
nodes                   43/65536        1376/2097152  ( 0.1%) 
texinfos                 4/12288         288/884736   ( 0.0%) 
texdata                  2/2048           64/65536    ( 0.1%) 
dispinfos                0/0               0/0        ( 0.0%) 
disp_verts               0/0               0/0        ( 0.0%) 
disp_tris                0/0               0/0        ( 0.0%) 
disp_multiblend          0/0               0/0        ( 0.0%) 
disp_lmsamples           0/0               0/0        ( 0.0%) 
faces                   32/65536        1792/3670016  ( 0.0%) 
hdr faces               32/65536        1792/3670016  ( 0.0%) 
origfaces               12/65536         672/3670016  ( 0.0%) 
leaves                  45/65536        1440/2097152  ( 0.1%) 
leaffaces               52/65536         104/131072   ( 0.1%) 
leafbrushes             20/65536          40/131072   ( 0.0%) 
areas                    2/256            16/2048     ( 0.8%) 
surfedges              176/512000        704/2048000  ( 0.0%) 
edges                  101/256000        404/1024000  ( 0.0%) 
LDR worldlights          0/8192            0/819200   ( 0.0%) 
HDR worldlights          2/8192          200/819200   ( 0.0%) 
leafwaterdata            0/32768           0/393216   ( 0.0%) 
waterstrips              0/32768           0/327680   ( 0.0%) 
waterverts               0/65536           0/786432   ( 0.0%) 
waterindices             0/65536           0/131072   ( 0.0%) 
cubemapsamples           0/1024            0/16384    ( 0.0%) 
overlays                 0/512             0/180224   ( 0.0%) 
LDR lightdata         [variable]           0/0        ( 0.0%) 
HDR lightdata         [variable]       28832/0        ( 0.0%) 
visdata               [variable]         196/16777216 ( 0.0%) 
entdata               [variable]        1645/393216   ( 0.4%) 
LDR ambient table       45/65536         180/262144   ( 0.1%) 
HDR ambient table       45/65536         180/262144   ( 0.1%) 
LDR leaf ambient        45/65536        1260/1835008  ( 0.1%) 
HDR leaf ambient       245/65536        6860/1835008  ( 0.4%) 
occluders                0/0               0/0        ( 0.0%) 
occluder polygons        0/0               0/0        ( 0.0%) 
occluder vert ind        0/0               0/0        ( 0.0%) 
Prop Hull Verts          0/0               0/0        ( 0.0%) 
Prop Hull Blob           0/0               0/0        ( 0.0%) 
Prop Hull Lists          0/0               0/0        ( 0.0%) 
Prop Hulls               0/0               0/0        ( 0.0%) 
Prop Hull trilist        0/0               0/0        ( 0.0%) 
detail props          [variable]           1/12       ( 8.3%) 
static props          [variable]           1/12       ( 8.3%) 
pakfile               [variable]       74458/0        ( 0.0%) 
physics               [variable]        2695/4194304  ( 0.1%) 
physics terrain       [variable]           2/1048576  ( 0.0%) 

Level flags = 2

Total triangle count: 64
Writing d:\projects\aperture-camera\content\mapsrc\my_name_is_soli.bsp
1 second elapsed



materialPath: D:\Projects\aperture-camera\game\valve\materials
Loading d:\projects\aperture-camera\content\mapsrc\my_name_is_soli.vmf
Could not locate GameData file portalretract_part2.fgd
fixing up env_cubemap materials on brush sides...
0...1...2...3...4...5...6...7...8...9...100...1...2...3...4...5...6...7...8...9...10Processing areas...done (0)
Building Faces...done (0)
FixTjuncs...
PruneNodes...
WriteBSP...
done (0)
writing d:\projects\aperture-camera\content\mapsrc\my_name_is_soli.prt...Building visibility clusters...
done (0)
Finding displacement neighbors...
Finding lightmap sample positions...
Displacement Alpha : 0...1...2...3...4...5...6...7...8...9...10
Building Physics collision data...
done (0) (2695 bytes)
Placing detail props : 0...1...2...3...4...5...6...7...8...9...10
Compacting texture/material tables...
Reduced 6 texinfos to 4
Reduced 2 texdatas to 2 (44 bytes to 44)
Writing d:\projects\aperture-camera\content\mapsrc\my_name_is_soli.bsp
0 seconds elapsed



12 threads
reading d:\projects\aperture-camera\content\mapsrc\my_name_is_soli.bsp
reading d:\projects\aperture-camera\content\mapsrc\my_name_is_soli.prt
  16 portalclusters
  32 numportals
0...1...2...3...4...5...6...7...8...9...100...1...2...3...4...5...6...7...8...9...10Optimized: 0 visible clusters (0.00%)
Total clusters visible: 224
Average clusters visible: 14
Building PAS...
Average clusters audible: 16
visdatasize:196  compressed from 256
writing d:\projects\aperture-camera\content\mapsrc\my_name_is_soli.bsp
0 seconds elapsed



[Reading texlights from 'lights.rad']
[53 texlights parsed from 'lights.rad']

Loading d:\projects\aperture-camera\content\mapsrc\my_name_is_soli.bsp
32 faces
61262 square feet [8821760.00 square inches]
0 Displacements
0 Square Feet [0.00 Square Inches]
32 patches before subdivision
1152 patches after subdivision
2 direct lights
0...1...2...3...4...5...6...7...8...9...100...1...2...3...4...5...6...7...8...9...10transfers 869, max 88
transfer lists:   0.0 megs
0...1...2...3...4...5...6...7...8...9...10	Bounce #1 added RGB(0, 0, 0)
Build Patch/Sample Hash Table(s).....Done<0.0004 sec>
0...1...2...3...4...5...6...7...8...9...10FinalLightFace Done
0 of 0 (0% of) surface lights went in leaf ambient cubes.
0...1...2...3...4...5...6...7...8...9...10Writing leaf ambient...done
Ready to Finish

Object names       Objects/Maxobjs  Memory / Maxmem  Fullness 
------------       ---------------  ---------------  -------- 
models                   1/1024           48/49152    ( 0.1%) 
brushes                  7/8192           84/98304    ( 0.1%) 
brushsides              42/65536         336/524288   ( 0.1%) 
planes                  52/65536        1040/1310720  ( 0.1%) 
vertexes                53/65536         636/786432   ( 0.1%) 
nodes                   43/65536        1376/2097152  ( 0.1%) 
texinfos                 4/12288         288/884736   ( 0.0%) 
texdata                  2/2048           64/65536    ( 0.1%) 
dispinfos                0/0               0/0        ( 0.0%) 
disp_verts               0/0               0/0        ( 0.0%) 
disp_tris                0/0               0/0        ( 0.0%) 
disp_multiblend          0/0               0/0        ( 0.0%) 
disp_lmsamples           0/0               0/0        ( 0.0%) 
faces                   32/65536        1792/3670016  ( 0.0%) 
hdr faces               32/65536        1792/3670016  ( 0.0%) 
origfaces               12/65536         672/3670016  ( 0.0%) 
leaves                  45/65536        1440/2097152  ( 0.1%) 
leaffaces               52/65536         104/131072   ( 0.1%) 
leafbrushes             20/65536          40/131072   ( 0.0%) 
areas                    2/256            16/2048     ( 0.8%) 
surfedges              176/512000        704/2048000  ( 0.0%) 
edges                  101/256000        404/1024000  ( 0.0%) 
LDR worldlights          0/8192            0/819200   ( 0.0%) 
HDR worldlights          2/8192          200/819200   ( 0.0%) 
leafwaterdata            0/32768           0/393216   ( 0.0%) 
waterstrips              0/32768           0/327680   ( 0.0%) 
waterverts               0/65536           0/786432   ( 0.0%) 
waterindices             0/65536           0/131072   ( 0.0%) 
cubemapsamples           0/1024            0/16384    ( 0.0%) 
overlays                 0/512             0/180224   ( 0.0%) 
LDR lightdata         [variable]           0/0        ( 0.0%) 
HDR lightdata         [variable]       28832/0        ( 0.0%) 
visdata               [variable]         196/16777216 ( 0.0%) 
entdata               [variable]        2805/393216   ( 0.7%) 
LDR ambient table       45/65536         180/262144   ( 0.1%) 
HDR ambient table       45/65536         180/262144   ( 0.1%) 
LDR leaf ambient        45/65536        1260/1835008  ( 0.1%) 
HDR leaf ambient       245/65536        6860/1835008  ( 0.4%) 
occluders                0/0               0/0        ( 0.0%) 
occluder polygons        0/0               0/0        ( 0.0%) 
occluder vert ind        0/0               0/0        ( 0.0%) 
Prop Hull Verts          0/0               0/0        ( 0.0%) 
Prop Hull Blob           0/0               0/0        ( 0.0%) 
Prop Hull Lists          0/0               0/0        ( 0.0%) 
Prop Hulls               0/0               0/0        ( 0.0%) 
Prop Hull trilist        0/0               0/0        ( 0.0%) 
detail props          [variable]           1/12       ( 8.3%) 
static props          [variable]           1/12       ( 8.3%) 
pakfile               [variable]       74458/0        ( 0.0%) 
physics               [variable]        2695/4194304  ( 0.1%) 
physics terrain       [variable]           2/1048576  ( 0.0%) 

Level flags = 2

Total triangle count: 64
Writing d:\projects\aperture-camera\content\mapsrc\my_name_is_soli.bsp
1 second elapsed



materialPath: D:\Projects\aperture-camera\game\valve\materials
Loading d:\projects\aperture-camera\content\mapsrc\my_name_is_soli.vmf
Could not locate GameData file portalretract_part2.fgd
fixing up env_cubemap materials on brush sides...
0...1...2...3...4...5...6...7...8...9...100...1...2...3...4...5...6...7...8...9...10Processing areas...done (0)
Building Faces...done (0)
FixTjuncs...
PruneNodes...
WriteBSP...
done (0)
writing d:\projects\aperture-camera\content\mapsrc\my_name_is_soli.prt...Building visibility clusters...
done (0)
Finding displacement neighbors...
Finding lightmap sample positions...
Displacement Alpha : 0...1...2...3...4...5...6...7...8...9...10
Building Physics collision data...
done (0) (2695 bytes)
Placing detail props : 0...1...2...3...4...5...6...7...8...9...10
Compacting texture/material tables...
Reduced 6 texinfos to 4
Reduced 2 texdatas to 2 (44 bytes to 44)
Writing d:\projects\aperture-camera\content\mapsrc\my_name_is_soli.bsp
0 seconds elapsed



12 threads
reading d:\projects\aperture-camera\content\mapsrc\my_name_is_soli.bsp
reading d:\projects\aperture-camera\content\mapsrc\my_name_is_soli.prt
  16 portalclusters
  32 numportals
0...1...2...3...4...5...6...7...8...9...100...1...2...3...4...5...6...7...8...9...10Optimized: 0 visible clusters (0.00%)
Total clusters visible: 224
Average clusters visible: 14
Building PAS...
Average clusters audible: 16
visdatasize:196  compressed from 256
writing d:\projects\aperture-camera\content\mapsrc\my_name_is_soli.bsp
0 seconds elapsed



[Reading texlights from 'lights.rad']
[53 texlights parsed from 'lights.rad']

Loading d:\projects\aperture-camera\content\mapsrc\my_name_is_soli.bsp
32 faces
61262 square feet [8821760.00 square inches]
0 Displacements
0 Square Feet [0.00 Square Inches]
32 patches before subdivision
1152 patches after subdivision
2 direct lights
0...1...2...3...4...5...6...7...8...9...100...1...2...3...4...5...6...7...8...9...10transfers 869, max 88
transfer lists:   0.0 megs
0...1...2...3...4...5...6...7...8...9...10	Bounce #1 added RGB(0, 0, 0)
Build Patch/Sample Hash Table(s).....Done<0.0003 sec>
0...1...2...3...4...5...6...7...8...9...10FinalLightFace Done
0 of 0 (0% of) surface lights went in leaf ambient cubes.
0...1...2...3...4...5...6...7...8...9...10Writing leaf ambient...done
Ready to Finish

Object names       Objects/Maxobjs  Memory / Maxmem  Fullness 
------------       ---------------  ---------------  -------- 
models                   1/1024           48/49152    ( 0.1%) 
brushes                  7/8192           84/98304    ( 0.1%) 
brushsides              42/65536         336/524288   ( 0.1%) 
planes                  52/65536        1040/1310720  ( 0.1%) 
vertexes                53/65536         636/786432   ( 0.1%) 
nodes                   43/65536        1376/2097152  ( 0.1%) 
texinfos                 4/12288         288/884736   ( 0.0%) 
texdata                  2/2048           64/65536    ( 0.1%) 
dispinfos                0/0               0/0        ( 0.0%) 
disp_verts               0/0               0/0        ( 0.0%) 
disp_tris                0/0               0/0        ( 0.0%) 
disp_multiblend          0/0               0/0        ( 0.0%) 
disp_lmsamples           0/0               0/0        ( 0.0%) 
faces                   32/65536        1792/3670016  ( 0.0%) 
hdr faces               32/65536        1792/3670016  ( 0.0%) 
origfaces               12/65536         672/3670016  ( 0.0%) 
leaves                  45/65536        1440/2097152  ( 0.1%) 
leaffaces               52/65536         104/131072   ( 0.1%) 
leafbrushes             20/65536          40/131072   ( 0.0%) 
areas                    2/256            16/2048     ( 0.8%) 
surfedges              176/512000        704/2048000  ( 0.0%) 
edges                  101/256000        404/1024000  ( 0.0%) 
LDR worldlights          0/8192            0/819200   ( 0.0%) 
HDR worldlights          2/8192          200/819200   ( 0.0%) 
leafwaterdata            0/32768           0/393216   ( 0.0%) 
waterstrips              0/32768           0/327680   ( 0.0%) 
waterverts               0/65536           0/786432   ( 0.0%) 
waterindices             0/65536           0/131072   ( 0.0%) 
cubemapsamples           0/1024            0/16384    ( 0.0%) 
overlays                 0/512             0/180224   ( 0.0%) 
LDR lightdata         [variable]           0/0        ( 0.0%) 
HDR lightdata         [variable]       28832/0        ( 0.0%) 
visdata               [variable]         196/16777216 ( 0.0%) 
entdata               [variable]        3055/393216   ( 0.8%) 
LDR ambient table       45/65536         180/262144   ( 0.1%) 
HDR ambient table       45/65536         180/262144   ( 0.1%) 
LDR leaf ambient        45/65536        1260/1835008  ( 0.1%) 
HDR leaf ambient       245/65536        6860/1835008  ( 0.4%) 
occluders                0/0               0/0        ( 0.0%) 
occluder polygons        0/0               0/0        ( 0.0%) 
occluder vert ind        0/0               0/0        ( 0.0%) 
Prop Hull Verts          0/0               0/0        ( 0.0%) 
Prop Hull Blob           0/0               0/0        ( 0.0%) 
Prop Hull Lists          0/0               0/0        ( 0.0%) 
Prop Hulls               0/0               0/0        ( 0.0%) 
Prop Hull trilist        0/0               0/0        ( 0.0%) 
detail props          [variable]           1/12       ( 8.3%) 
static props          [variable]           1/12       ( 8.3%) 
pakfile               [variable]       74458/0        ( 0.0%) 
physics               [variable]        2695/4194304  ( 0.1%) 
physics terrain       [variable]           2/1048576  ( 0.0%) 

Level flags = 2

Total triangle count: 64
Writing d:\projects\aperture-camera\content\mapsrc\my_name_is_soli.bsp
1 second elapsed



materialPath: D:\Projects\aperture-camera\game\valve\materials
Loading d:\projects\aperture-camera\content\mapsrc\my_name_is_soli.vmf
Could not locate GameData file portalretract_part2.fgd
fixing up env_cubemap materials on brush sides...
0...1...2...3...4...5...6...7...8...9...100...1...2...3...4...5...6...7...8...9...10Processing areas...done (0)
Building Faces...done (0)
FixTjuncs...
PruneNodes...
WriteBSP...
done (0)
writing d:\projects\aperture-camera\content\mapsrc\my_name_is_soli.prt...Building visibility clusters...
done (0)
Finding displacement neighbors...
Finding lightmap sample positions...
Displacement Alpha : 0...1...2...3...4...5...6...7...8...9...10
Building Physics collision data...
done (0) (2695 bytes)
Placing detail props : 0...1...2...3...4...5...6...7...8...9...10
Compacting texture/material tables...
Reduced 6 texinfos to 4
Reduced 2 texdatas to 2 (44 bytes to 44)
Writing d:\projects\aperture-camera\content\mapsrc\my_name_is_soli.bsp
0 seconds elapsed



12 threads
reading d:\projects\aperture-camera\content\mapsrc\my_name_is_soli.bsp
reading d:\projects\aperture-camera\content\mapsrc\my_name_is_soli.prt
  16 portalclusters
  32 numportals
0...1...2...3...4...5...6...7...8...9...100...1...2...3...4...5...6...7...8...9...10Optimized: 0 visible clusters (0.00%)
Total clusters visible: 224
Average clusters visible: 14
Building PAS...
Average clusters audible: 16
visdatasize:196  compressed from 256
writing d:\projects\aperture-camera\content\mapsrc\my_name_is_soli.bsp
0 seconds elapsed



[Reading texlights from 'lights.rad']
[53 texlights parsed from 'lights.rad']

Loading d:\projects\aperture-camera\content\mapsrc\my_name_is_soli.bsp
32 faces
61262 square feet [8821760.00 square inches]
0 Displacements
0 Square Feet [0.00 Square Inches]
32 patches before subdivision
1152 patches after subdivision
2 direct lights
0...1...2...3...4...5...6...7...8...9...100...1...2...3...4...5...6...7...8...9...10transfers 869, max 88
transfer lists:   0.0 megs
0...1...2...3...4...5...6...7...8...9...10	Bounce #1 added RGB(0, 0, 0)
Build Patch/Sample Hash Table(s).....Done<0.0003 sec>
0...1...2...3...4...5...6...7...8...9...10FinalLightFace Done
0 of 0 (0% of) surface lights went in leaf ambient cubes.
0...1...2...3...4...5...6...7...8...9...10Writing leaf ambient...done
Ready to Finish

Object names       Objects/Maxobjs  Memory / Maxmem  Fullness 
------------       ---------------  ---------------  -------- 
models                   1/1024           48/49152    ( 0.1%) 
brushes                  7/8192           84/98304    ( 0.1%) 
brushsides              42/65536         336/524288   ( 0.1%) 
planes                  52/65536        1040/1310720  ( 0.1%) 
vertexes                53/65536         636/786432   ( 0.1%) 
nodes                   43/65536        1376/2097152  ( 0.1%) 
texinfos                 4/12288         288/884736   ( 0.0%) 
texdata                  2/2048           64/65536    ( 0.1%) 
dispinfos                0/0               0/0        ( 0.0%) 
disp_verts               0/0               0/0        ( 0.0%) 
disp_tris                0/0               0/0        ( 0.0%) 
disp_multiblend          0/0               0/0        ( 0.0%) 
disp_lmsamples           0/0               0/0        ( 0.0%) 
faces                   32/65536        1792/3670016  ( 0.0%) 
hdr faces               32/65536        1792/3670016  ( 0.0%) 
origfaces               12/65536         672/3670016  ( 0.0%) 
leaves                  45/65536        1440/2097152  ( 0.1%) 
leaffaces               52/65536         104/131072   ( 0.1%) 
leafbrushes             20/65536          40/131072   ( 0.0%) 
areas                    2/256            16/2048     ( 0.8%) 
surfedges              176/512000        704/2048000  ( 0.0%) 
edges                  101/256000        404/1024000  ( 0.0%) 
LDR worldlights          0/8192            0/819200   ( 0.0%) 
HDR worldlights          2/8192          200/819200   ( 0.0%) 
leafwaterdata            0/32768           0/393216   ( 0.0%) 
waterstrips              0/32768           0/327680   ( 0.0%) 
waterverts               0/65536           0/786432   ( 0.0%) 
waterindices             0/65536           0/131072   ( 0.0%) 
cubemapsamples           0/1024            0/16384    ( 0.0%) 
overlays                 0/512             0/180224   ( 0.0%) 
LDR lightdata         [variable]           0/0        ( 0.0%) 
HDR lightdata         [variable]       28832/0        ( 0.0%) 
visdata               [variable]         196/16777216 ( 0.0%) 
entdata               [variable]        3160/393216   ( 0.8%) 
LDR ambient table       45/65536         180/262144   ( 0.1%) 
HDR ambient table       45/65536         180/262144   ( 0.1%) 
LDR leaf ambient        45/65536        1260/1835008  ( 0.1%) 
HDR leaf ambient       245/65536        6860/1835008  ( 0.4%) 
occluders                0/0               0/0        ( 0.0%) 
occluder polygons        0/0               0/0        ( 0.0%) 
occluder vert ind        0/0               0/0        ( 0.0%) 
Prop Hull Verts          0/0               0/0        ( 0.0%) 
Prop Hull Blob           0/0               0/0        ( 0.0%) 
Prop Hull Lists          0/0               0/0        ( 0.0%) 
Prop Hulls               0/0               0/0        ( 0.0%) 
Prop Hull trilist        0/0               0/0        ( 0.0%) 
detail props          [variable]           1/12       ( 8.3%) 
static props          [variable]           1/12       ( 8.3%) 
pakfile               [variable]       74458/0        ( 0.0%) 
physics               [variable]        2695/4194304  ( 0.1%) 
physics terrain       [variable]           2/1048576  ( 0.0%) 

Level flags = 2

Total triangle count: 64
Writing d:\projects\aperture-camera\content\mapsrc\my_name_is_soli.bsp
1 second elapsed



materialPath: D:\Projects\aperture-camera\game\valve\materials
Loading d:\projects\aperture-camera\content\mapsrc\my_name_is_soli.vmf
Could not locate GameData file portalretract_part2.fgd
fixing up env_cubemap materials on brush sides...
0...1...2...3...4...5...6...7...8...9...10**** leaked ****
Entity prop_android_dispenser (-1132.00 327.15 32.00) leaked!
Processing areas...done (0)
Building Faces...done (0)
FixTjuncs...
PruneNodes...
WriteBSP...
done (0)
Finding displacement neighbors...
Finding lightmap sample positions...
Displacement Alpha : 0...1...2...3...4...5...6...7...8...9...10
Building Physics collision data...
done (0) (2695 bytes)
Placing detail props : 0...1...2...3...4...5...6...7...8...9...10
Compacting texture/material tables...
Reduced 6 texinfos to 4
Reduced 2 texdatas to 2 (44 bytes to 44)
Writing d:\projects\aperture-camera\content\mapsrc\my_name_is_soli.bsp
0 seconds elapsed



12 threads
reading d:\projects\aperture-camera\content\mapsrc\my_name_is_soli.bsp
reading d:\projects\aperture-camera\content\mapsrc\my_name_is_soli.prt
LoadPortals: couldn't read d:\projects\aperture-camera\content\mapsrc\my_name_is_soli.prt



materialPath: D:\Projects\aperture-camera\game\valve\materials
Loading d:\projects\aperture-camera\content\mapsrc\my_name_is_soli.vmf
Could not locate GameData file portalretract_part2.fgd
fixing up env_cubemap materials on brush sides...
0...1...2...3...4...5...6...7...8...9...10**** leaked ****
Entity prop_android_dispenser (-1132.00 327.15 32.00) leaked!
Processing areas...done (0)
Building Faces...done (0)
FixTjuncs...
PruneNodes...
WriteBSP...
done (0)
Finding displacement neighbors...
Finding lightmap sample positions...
Displacement Alpha : 0...1...2...3...4...5...6...7...8...9...10
Building Physics collision data...
done (0) (2695 bytes)
Placing detail props : 0...1...2...3...4...5...6...7...8...9...10
Compacting texture/material tables...
Reduced 6 texinfos to 4
Reduced 2 texdatas to 2 (44 bytes to 44)
Writing d:\projects\aperture-camera\content\mapsrc\my_name_is_soli.bsp
0 seconds elapsed



12 threads
reading d:\projects\aperture-camera\content\mapsrc\my_name_is_soli.bsp
reading d:\projects\aperture-camera\content\mapsrc\my_name_is_soli.prt
LoadPortals: couldn't read d:\projects\aperture-camera\content\mapsrc\my_name_is_soli.prt



materialPath: D:\Projects\aperture-camera\game\valve\materials
Loading d:\projects\aperture-camera\content\mapsrc\my_name_is_soli.vmf
Could not locate GameData file portalretract_part2.fgd
fixing up env_cubemap materials on brush sides...
0...1...2...3...4...5...6...7...8...9...10**** leaked ****
Entity prop_android_dispenser (-1132.00 327.15 32.00) leaked!
Processing areas...done (0)
Building Faces...done (0)
FixTjuncs...
PruneNodes...
WriteBSP...
done (0)
Finding displacement neighbors...
Finding lightmap sample positions...
Displacement Alpha : 0...1...2...3...4...5...6...7...8...9...10
Building Physics collision data...
done (0) (2695 bytes)
Placing detail props : 0...1...2...3...4...5...6...7...8...9...10
Compacting texture/material tables...
Reduced 6 texinfos to 4
Reduced 2 texdatas to 2 (44 bytes to 44)
Writing d:\projects\aperture-camera\content\mapsrc\my_name_is_soli.bsp
0 seconds elapsed



12 threads
reading d:\projects\aperture-camera\content\mapsrc\my_name_is_soli.bsp
reading d:\projects\aperture-camera\content\mapsrc\my_name_is_soli.prt
LoadPortals: couldn't read d:\projects\aperture-camera\content\mapsrc\my_name_is_soli.prt



materialPath: D:\Projects\aperture-camera\game\valve\materials
Loading d:\projects\aperture-camera\content\mapsrc\my_name_is_soli.vmf
Could not locate GameData file portalretract_part2.fgd
fixing up env_cubemap materials on brush sides...
0...1...2...3...4...5...6...7...8...9...10**** leaked ****
Entity prop_android_dispenser (-1132.00 327.15 32.00) leaked!
Processing areas...done (0)
Building Faces...done (0)
FixTjuncs...
PruneNodes...
WriteBSP...
done (0)
Finding displacement neighbors...
Finding lightmap sample positions...
Displacement Alpha : 0...1...2...3...4...5...6...7...8...9...10
Building Physics collision data...
done (0) (2695 bytes)
Placing detail props : 0...1...2...3...4...5...6...7...8...9...10
Compacting texture/material tables...
Reduced 6 texinfos to 4
Reduced 2 texdatas to 2 (44 bytes to 44)
Writing d:\projects\aperture-camera\content\mapsrc\my_name_is_soli.bsp
0 seconds elapsed



12 threads
reading d:\projects\aperture-camera\content\mapsrc\my_name_is_soli.bsp
reading d:\projects\aperture-camera\content\mapsrc\my_name_is_soli.prt
LoadPortals: couldn't read d:\projects\aperture-camera\content\mapsrc\my_name_is_soli.prt



materialPath: D:\Projects\aperture-camera\game\valve\materials
Loading d:\projects\aperture-camera\content\mapsrc\my_name_is_soli.vmf
Could not locate GameData file portalretract_part2.fgd
fixing up env_cubemap materials on brush sides...
0...1...2...3...4...5...6...7...8...9...10**** leaked ****
Entity prop_android_dispenser (-1132.00 327.15 32.00) leaked!
Processing areas...done (0)
Building Faces...done (0)
FixTjuncs...
PruneNodes...
WriteBSP...
done (0)
Finding displacement neighbors...
Finding lightmap sample positions...
Displacement Alpha : 0...1...2...3...4...5...6...7...8...9...10
Building Physics collision data...
done (0) (2695 bytes)
Placing detail props : 0...1...2...3...4...5...6...7...8...9...10
Compacting texture/material tables...
Reduced 6 texinfos to 4
Reduced 2 texdatas to 2 (44 bytes to 44)
Writing d:\projects\aperture-camera\content\mapsrc\my_name_is_soli.bsp
0 seconds elapsed



12 threads
reading d:\projects\aperture-camera\content\mapsrc\my_name_is_soli.bsp
reading d:\projects\aperture-camera\content\mapsrc\my_name_is_soli.prt
LoadPortals: couldn't read d:\projects\aperture-camera\content\mapsrc\my_name_is_soli.prt



materialPath: D:\Projects\aperture-camera\game\valve\materials
Loading d:\projects\aperture-camera\content\mapsrc\my_name_is_soli.vmf
Could not locate GameData file portalretract_part2.fgd
fixing up env_cubemap materials on brush sides...
0...1...2...3...4...5...6...7...8...9...10**** leaked ****
Entity prop_android_dispenser (-1132.00 327.15 32.00) leaked!
Processing areas...done (0)
Building Faces...done (0)
FixTjuncs...
PruneNodes...
WriteBSP...
done (0)
Finding displacement neighbors...
Finding lightmap sample positions...
Displacement Alpha : 0...1...2...3...4...5...6...7...8...9...10
Building Physics collision data...
done (0) (2695 bytes)
Placing detail props : 0...1...2...3...4...5...6...7...8...9...10
Compacting texture/material tables...
Reduced 6 texinfos to 4
Reduced 2 texdatas to 2 (44 bytes to 44)
Writing d:\projects\aperture-camera\content\mapsrc\my_name_is_soli.bsp
0 seconds elapsed



12 threads
reading d:\projects\aperture-camera\content\mapsrc\my_name_is_soli.bsp
reading d:\projects\aperture-camera\content\mapsrc\my_name_is_soli.prt
LoadPortals: couldn't read d:\projects\aperture-camera\content\mapsrc\my_name_is_soli.prt



materialPath: D:\Projects\aperture-camera\game\valve\materials
Loading d:\projects\aperture-camera\content\mapsrc\my_name_is_soli.vmf
Could not locate GameData file portalretract_part2.fgd
fixing up env_cubemap materials on brush sides...
0...1...2...3...4...5...6...7...8...9...10**** leaked ****
Entity prop_android_dispenser (-1132.00 327.15 32.00) leaked!
Processing areas...done (0)
Building Faces...done (0)
FixTjuncs...
PruneNodes...
WriteBSP...
done (0)
Finding displacement neighbors...
Finding lightmap sample positions...
Displacement Alpha : 0...1...2...3...4...5...6...7...8...9...10
Building Physics collision data...
done (0) (2695 bytes)
Placing detail props : 0...1...2...3...4...5...6...7...8...9...10
Compacting texture/material tables...
Reduced 6 texinfos to 4
Reduced 2 texdatas to 2 (44 bytes to 44)
Writing d:\projects\aperture-camera\content\mapsrc\my_name_is_soli.bsp
0 seconds elapsed



12 threads
reading d:\projects\aperture-camera\content\mapsrc\my_name_is_soli.bsp
reading d:\projects\aperture-camera\content\mapsrc\my_name_is_soli.prt
LoadPortals: couldn't read d:\projects\aperture-camera\content\mapsrc\my_name_is_soli.prt



materialPath: D:\Projects\aperture-camera\game\valve\materials
Loading d:\projects\aperture-camera\content\mapsrc\my_name_is_soli.vmf
Could not locate GameData file portalretract_part2.fgd
fixing up env_cubemap materials on brush sides...
0...1...2...3...4...5...6...7...8...9...10**** leaked ****
Entity prop_android_dispenser (-1132.00 327.15 32.00) leaked!
Processing areas...done (0)
Building Faces...done (0)
FixTjuncs...
PruneNodes...
WriteBSP...
done (0)
Finding displacement neighbors...
Finding lightmap sample positions...
Displacement Alpha : 0...1...2...3...4...5...6...7...8...9...10
Building Physics collision data...
done (0) (2695 bytes)
Placing detail props : 0...1...2...3...4...5...6...7...8...9...10
Compacting texture/material tables...
Reduced 6 texinfos to 4
Reduced 2 texdatas to 2 (44 bytes to 44)
Writing d:\projects\aperture-camera\content\mapsrc\my_name_is_soli.bsp
0 seconds elapsed



12 threads
reading d:\projects\aperture-camera\content\mapsrc\my_name_is_soli.bsp
reading d:\projects\aperture-camera\content\mapsrc\my_name_is_soli.prt
LoadPortals: couldn't read d:\projects\aperture-camera\content\mapsrc\my_name_is_soli.prt



materialPath: D:\Projects\aperture-camera\game\valve\materials
Loading d:\projects\aperture-camera\content\mapsrc\my_name_is_soli.vmf
Could not locate GameData file portalretract_part2.fgd
fixing up env_cubemap materials on brush sides...
0...1...2...3...4...5...6...7...8...9...10**** leaked ****
Entity prop_android_dispenser (-1132.00 327.15 32.00) leaked!
Processing areas...done (0)
Building Faces...done (0)
FixTjuncs...
PruneNodes...
WriteBSP...
done (0)
Finding displacement neighbors...
Finding lightmap sample positions...
Displacement Alpha : 0...1...2...3...4...5...6...7...8...9...10
Building Physics collision data...
done (0) (2695 bytes)
Placing detail props : 0...1...2...3...4...5...6...7...8...9...10
Compacting texture/material tables...
Reduced 6 texinfos to 4
Reduced 2 texdatas to 2 (44 bytes to 44)
Writing d:\projects\aperture-camera\content\mapsrc\my_name_is_soli.bsp
0 seconds elapsed



12 threads
reading d:\projects\aperture-camera\content\mapsrc\my_name_is_soli.bsp
reading d:\projects\aperture-camera\content\mapsrc\my_name_is_soli.prt
LoadPortals: couldn't read d:\projects\aperture-camera\content\mapsrc\my_name_is_soli.prt



materialPath: D:\Projects\aperture-camera\game\valve\materials
Loading d:\projects\aperture-camera\content\mapsrc\my_name_is_soli.vmf
Could not locate GameData file portalretract_part2.fgd
fixing up env_cubemap materials on brush sides...
0...1...2...3...4...5...6...7...8...9...10**** leaked ****
Entity prop_android_dispenser (-1132.00 327.15 32.00) leaked!
Processing areas...done (0)
Building Faces...done (0)
FixTjuncs...
PruneNodes...
WriteBSP...
done (0)
Finding displacement neighbors...
Finding lightmap sample positions...
Displacement Alpha : 0...1...2...3...4...5...6...7...8...9...10
Building Physics collision data...
done (0) (2695 bytes)
Placing detail props : 0...1...2...3...4...5...6...7...8...9...10
Compacting texture/material tables...
Reduced 6 texinfos to 4
Reduced 2 texdatas to 2 (44 bytes to 44)
Writing d:\projects\aperture-camera\content\mapsrc\my_name_is_soli.bsp
0 seconds elapsed



12 threads
reading d:\projects\aperture-camera\content\mapsrc\my_name_is_soli.bsp
reading d:\projects\aperture-camera\content\mapsrc\my_name_is_soli.prt
LoadPortals: couldn't read d:\projects\aperture-camera\content\mapsrc\my_name_is_soli.prt



materialPath: D:\Projects\aperture-camera\game\valve\materials
Loading d:\projects\aperture-camera\content\mapsrc\my_name_is_soli.vmf
Could not locate GameData file portalretract_part2.fgd
fixing up env_cubemap materials on brush sides...
0...1...2...3...4...5...6...7...8...9...10**** leaked ****
Entity prop_android_dispenser (-1132.00 327.15 32.00) leaked!
Processing areas...done (0)
Building Faces...done (0)
FixTjuncs...
PruneNodes...
WriteBSP...
done (0)
Finding displacement neighbors...
Finding lightmap sample positions...
Displacement Alpha : 0...1...2...3...4...5...6...7...8...9...10
Building Physics collision data...
done (0) (2695 bytes)
Placing detail props : 0...1...2...3...4...5...6...7...8...9...10
Compacting texture/material tables...
Reduced 6 texinfos to 4
Reduced 2 texdatas to 2 (44 bytes to 44)
Writing d:\projects\aperture-camera\content\mapsrc\my_name_is_soli.bsp
0 seconds elapsed



12 threads
reading d:\projects\aperture-camera\content\mapsrc\my_name_is_soli.bsp
reading d:\projects\aperture-camera\content\mapsrc\my_name_is_soli.prt
LoadPortals: couldn't read d:\projects\aperture-camera\content\mapsrc\my_name_is_soli.prt



materialPath: D:\Projects\aperture-camera\game\valve\materials
Loading d:\projects\aperture-camera\content\mapsrc\my_name_is_soli.vmf
Could not locate GameData file portalretract_part2.fgd
fixing up env_cubemap materials on brush sides...
0...1...2...3...4...5...6...7...8...9...10**** leaked ****
Entity prop_android_dispenser (-1132.00 327.15 32.00) leaked!
Processing areas...done (0)
Building Faces...done (0)
FixTjuncs...
PruneNodes...
WriteBSP...
done (0)
Finding displacement neighbors...
Finding lightmap sample positions...
Displacement Alpha : 0...1...2...3...4...5...6...7...8...9...10
Building Physics collision data...
done (0) (2695 bytes)
Placing detail props : 0...1...2...3...4...5...6...7...8...9...10
Compacting texture/material tables...
Reduced 6 texinfos to 4
Reduced 2 texdatas to 2 (44 bytes to 44)
Writing d:\projects\aperture-camera\content\mapsrc\my_name_is_soli.bsp
0 seconds elapsed



12 threads
reading d:\projects\aperture-camera\content\mapsrc\my_name_is_soli.bsp
reading d:\projects\aperture-camera\content\mapsrc\my_name_is_soli.prt
LoadPortals: couldn't read d:\projects\aperture-camera\content\mapsrc\my_name_is_soli.prt



materialPath: D:\Projects\aperture-camera\game\valve\materials
Loading d:\projects\aperture-camera\content\mapsrc\my_name_is_soli.vmf
Could not locate GameData file portalretract_part2.fgd
fixing up env_cubemap materials on brush sides...
0...1...2...3...4...5...6...7...8...9...10**** leaked ****
Entity prop_android_dispenser (-1132.00 327.15 32.00) leaked!
Processing areas...done (0)
Building Faces...done (0)
FixTjuncs...
PruneNodes...
WriteBSP...
done (0)
Finding displacement neighbors...
Finding lightmap sample positions...
Displacement Alpha : 0...1...2...3...4...5...6...7...8...9...10
Building Physics collision data...
done (0) (2695 bytes)
Placing detail props : 0...1...2...3...4...5...6...7...8...9...10
Compacting texture/material tables...
Reduced 6 texinfos to 4
Reduced 2 texdatas to 2 (44 bytes to 44)
Writing d:\projects\aperture-camera\content\mapsrc\my_name_is_soli.bsp
0 seconds elapsed



12 threads
reading d:\projects\aperture-camera\content\mapsrc\my_name_is_soli.bsp
reading d:\projects\aperture-camera\content\mapsrc\my_name_is_soli.prt
LoadPortals: couldn't read d:\projects\aperture-camera\content\mapsrc\my_name_is_soli.prt



materialPath: D:\Projects\aperture-camera\game\valve\materials
Loading d:\projects\aperture-camera\content\mapsrc\my_name_is_soli.vmf
Could not locate GameData file portalretract_part2.fgd
fixing up env_cubemap materials on brush sides...
0...1...2...3...4...5...6...7...8...9...10**** leaked ****
Entity prop_android_dispenser (-1132.00 327.15 32.00) leaked!
Processing areas...done (0)
Building Faces...done (0)
FixTjuncs...
PruneNodes...
WriteBSP...
done (0)
Finding displacement neighbors...
Finding lightmap sample positions...
Displacement Alpha : 0...1...2...3...4...5...6...7...8...9...10
Building Physics collision data...
done (0) (2695 bytes)
Placing detail props : 0...1...2...3...4...5...6...7...8...9...10
Compacting texture/material tables...
Reduced 6 texinfos to 4
Reduced 2 texdatas to 2 (44 bytes to 44)
Writing d:\projects\aperture-camera\content\mapsrc\my_name_is_soli.bsp
0 seconds elapsed



12 threads
reading d:\projects\aperture-camera\content\mapsrc\my_name_is_soli.bsp
reading d:\projects\aperture-camera\content\mapsrc\my_name_is_soli.prt
LoadPortals: couldn't read d:\projects\aperture-camera\content\mapsrc\my_name_is_soli.prt



materialPath: D:\Projects\aperture-camera\game\valve\materials
Loading d:\projects\aperture-camera\content\mapsrc\my_name_is_soli.vmf
Could not locate GameData file portalretract_part2.fgd
fixing up env_cubemap materials on brush sides...
0...1...2...3...4...5...6...7...8...9...10**** leaked ****
Entity prop_android_dispenser (-1132.00 327.15 32.00) leaked!
Processing areas...done (0)
Building Faces...done (0)
FixTjuncs...
PruneNodes...
WriteBSP...
done (0)
Finding displacement neighbors...
Finding lightmap sample positions...
Displacement Alpha : 0...1...2...3...4...5...6...7...8...9...10
Building Physics collision data...
done (0) (2695 bytes)
Placing detail props : 0...1...2...3...4...5...6...7...8...9...10
Compacting texture/material tables...
Reduced 6 texinfos to 4
Reduced 2 texdatas to 2 (44 bytes to 44)
Writing d:\projects\aperture-camera\content\mapsrc\my_name_is_soli.bsp
0 seconds elapsed



12 threads
reading d:\projects\aperture-camera\content\mapsrc\my_name_is_soli.bsp
reading d:\projects\aperture-camera\content\mapsrc\my_name_is_soli.prt
LoadPortals: couldn't read d:\projects\aperture-camera\content\mapsrc\my_name_is_soli.prt



materialPath: D:\Projects\aperture-camera\game\valve\materials
Loading d:\projects\aperture-camera\content\mapsrc\my_name_is_soli.vmf
Could not locate GameData file portalretract_part2.fgd
fixing up env_cubemap materials on brush sides...
0...1...2...3...4...5...6...7...8...9...100...1...2...3...4...5...6...7...8...9...10Processing areas...done (0)
Building Faces...done (0)
FixTjuncs...
PruneNodes...
WriteBSP...
done (0)
writing d:\projects\aperture-camera\content\mapsrc\my_name_is_soli.prt...Building visibility clusters...
done (0)
Finding displacement neighbors...
Finding lightmap sample positions...
Displacement Alpha : 0...1...2...3...4...5...6...7...8...9...10
Building Physics collision data...
done (0) (2695 bytes)
Placing detail props : 0...1...2...3...4...5...6...7...8...9...10
Compacting texture/material tables...
Reduced 6 texinfos to 4
Reduced 2 texdatas to 2 (44 bytes to 44)
Writing d:\projects\aperture-camera\content\mapsrc\my_name_is_soli.bsp
0 seconds elapsed



12 threads
reading d:\projects\aperture-camera\content\mapsrc\my_name_is_soli.bsp
reading d:\projects\aperture-camera\content\mapsrc\my_name_is_soli.prt
  16 portalclusters
  32 numportals
0...1...2...3...4...5...6...7...8...9...100...1...2...3...4...5...6...7...8...9...10Optimized: 0 visible clusters (0.00%)
Total clusters visible: 224
Average clusters visible: 14
Building PAS...
Average clusters audible: 16
visdatasize:196  compressed from 256
writing d:\projects\aperture-camera\content\mapsrc\my_name_is_soli.bsp
0 seconds elapsed



[Reading texlights from 'lights.rad']
[53 texlights parsed from 'lights.rad']

Loading d:\projects\aperture-camera\content\mapsrc\my_name_is_soli.bsp
32 faces
61262 square feet [8821760.00 square inches]
0 Displacements
0 Square Feet [0.00 Square Inches]
32 patches before subdivision
1152 patches after subdivision
2 direct lights
0...1...2...3...4...5...6...7...8...9...100...1...2...3...4...5...6...7...8...9...10transfers 869, max 88
transfer lists:   0.0 megs
0...1...2...3...4...5...6...7...8...9...10	Bounce #1 added RGB(0, 0, 0)
Build Patch/Sample Hash Table(s).....Done<0.0003 sec>
0...1...2...3...4...5...6...7...8...9...10FinalLightFace Done
0 of 0 (0% of) surface lights went in leaf ambient cubes.
0...1...2...3...4...5...6...7...8...9...10Writing leaf ambient...done
Ready to Finish

Object names       Objects/Maxobjs  Memory / Maxmem  Fullness 
------------       ---------------  ---------------  -------- 
models                   1/1024           48/49152    ( 0.1%) 
brushes                  7/8192           84/98304    ( 0.1%) 
brushsides              42/65536         336/524288   ( 0.1%) 
planes                  52/65536        1040/1310720  ( 0.1%) 
vertexes                53/65536         636/786432   ( 0.1%) 
nodes                   43/65536        1376/2097152  ( 0.1%) 
texinfos                 4/12288         288/884736   ( 0.0%) 
texdata                  2/2048           64/65536    ( 0.1%) 
dispinfos                0/0               0/0        ( 0.0%) 
disp_verts               0/0               0/0        ( 0.0%) 
disp_tris                0/0               0/0        ( 0.0%) 
disp_multiblend          0/0               0/0        ( 0.0%) 
disp_lmsamples           0/0               0/0        ( 0.0%) 
faces                   32/65536        1792/3670016  ( 0.0%) 
hdr faces               32/65536        1792/3670016  ( 0.0%) 
origfaces               12/65536         672/3670016  ( 0.0%) 
leaves                  45/65536        1440/2097152  ( 0.1%) 
leaffaces               52/65536         104/131072   ( 0.1%) 
leafbrushes             20/65536          40/131072   ( 0.0%) 
areas                    2/256            16/2048     ( 0.8%) 
surfedges              176/512000        704/2048000  ( 0.0%) 
edges                  101/256000        404/1024000  ( 0.0%) 
LDR worldlights          0/8192            0/819200   ( 0.0%) 
HDR worldlights          2/8192          200/819200   ( 0.0%) 
leafwaterdata            0/32768           0/393216   ( 0.0%) 
waterstrips              0/32768           0/327680   ( 0.0%) 
waterverts               0/65536           0/786432   ( 0.0%) 
waterindices             0/65536           0/131072   ( 0.0%) 
cubemapsamples           0/1024            0/16384    ( 0.0%) 
overlays                 0/512             0/180224   ( 0.0%) 
LDR lightdata         [variable]           0/0        ( 0.0%) 
HDR lightdata         [variable]       28832/0        ( 0.0%) 
visdata               [variable]         196/16777216 ( 0.0%) 
entdata               [variable]        4267/393216   ( 1.1%) 
LDR ambient table       45/65536         180/262144   ( 0.1%) 
HDR ambient table       45/65536         180/262144   ( 0.1%) 
LDR leaf ambient        45/65536        1260/1835008  ( 0.1%) 
HDR leaf ambient       245/65536        6860/1835008  ( 0.4%) 
occluders                0/0               0/0        ( 0.0%) 
occluder polygons        0/0               0/0        ( 0.0%) 
occluder vert ind        0/0               0/0        ( 0.0%) 
Prop Hull Verts          0/0               0/0        ( 0.0%) 
Prop Hull Blob           0/0               0/0        ( 0.0%) 
Prop Hull Lists          0/0               0/0        ( 0.0%) 
Prop Hulls               0/0               0/0        ( 0.0%) 
Prop Hull trilist        0/0               0/0        ( 0.0%) 
detail props          [variable]           1/12       ( 8.3%) 
static props          [variable]           1/12       ( 8.3%) 
pakfile               [variable]       74458/0        ( 0.0%) 
physics               [variable]        2695/4194304  ( 0.1%) 
physics terrain       [variable]           2/1048576  ( 0.0%) 

Level flags = 2

Total triangle count: 64
Writing d:\projects\aperture-camera\content\mapsrc\my_name_is_soli.bsp
1 second elapsed



materialPath: D:\Projects\aperture-camera\game\valve\materials
Loading d:\projects\aperture-camera\content\mapsrc\my_name_is_soli.vmf
Could not locate GameData file portalretract_part2.fgd
fixing up env_cubemap materials on brush sides...
0...1...2...3...4...5...6...7...8...9...100...1...2...3...4...5...6...7...8...9...10Processing areas...done (0)
Building Faces...done (0)
FixTjuncs...
PruneNodes...
WriteBSP...
done (0)
writing d:\projects\aperture-camera\content\mapsrc\my_name_is_soli.prt...Building visibility clusters...
done (0)
Finding displacement neighbors...
Finding lightmap sample positions...
Displacement Alpha : 0...1...2...3...4...5...6...7...8...9...10
Building Physics collision data...
done (0) (2695 bytes)
Placing detail props : 0...1...2...3...4...5...6...7...8...9...10
Compacting texture/material tables...
Reduced 6 texinfos to 4
Reduced 2 texdatas to 2 (44 bytes to 44)
Writing d:\projects\aperture-camera\content\mapsrc\my_name_is_soli.bsp
0 seconds elapsed



12 threads
reading d:\projects\aperture-camera\content\mapsrc\my_name_is_soli.bsp
reading d:\projects\aperture-camera\content\mapsrc\my_name_is_soli.prt
  16 portalclusters
  32 numportals
0...1...2...3...4...5...6...7...8...9...100...1...2...3...4...5...6...7...8...9...10Optimized: 0 visible clusters (0.00%)
Total clusters visible: 224
Average clusters visible: 14
Building PAS...
Average clusters audible: 16
visdatasize:196  compressed from 256
writing d:\projects\aperture-camera\content\mapsrc\my_name_is_soli.bsp
0 seconds elapsed



[Reading texlights from 'lights.rad']
[53 texlights parsed from 'lights.rad']

Loading d:\projects\aperture-camera\content\mapsrc\my_name_is_soli.bsp
32 faces
61262 square feet [8821760.00 square inches]
0 Displacements
0 Square Feet [0.00 Square Inches]
32 patches before subdivision
1152 patches after subdivision
2 direct lights
0...1...2...3...4...5...6...7...8...9...100...1...2...3...4...5...6...7...8...9...10transfers 869, max 88
transfer lists:   0.0 megs
0...1...2...3...4...5...6...7...8...9...10	Bounce #1 added RGB(0, 0, 0)
Build Patch/Sample Hash Table(s).....Done<0.0003 sec>
0...1...2...3...4...5...6...7...8...9...10FinalLightFace Done
0 of 0 (0% of) surface lights went in leaf ambient cubes.
0...1...2...3...4...5...6...7...8...9...10Writing leaf ambient...done
Ready to Finish

Object names       Objects/Maxobjs  Memory / Maxmem  Fullness 
------------       ---------------  ---------------  -------- 
models                   1/1024           48/49152    ( 0.1%) 
brushes                  7/8192           84/98304    ( 0.1%) 
brushsides              42/65536         336/524288   ( 0.1%) 
planes                  52/65536        1040/1310720  ( 0.1%) 
vertexes                53/65536         636/786432   ( 0.1%) 
nodes                   43/65536        1376/2097152  ( 0.1%) 
texinfos                 4/12288         288/884736   ( 0.0%) 
texdata                  2/2048           64/65536    ( 0.1%) 
dispinfos                0/0               0/0        ( 0.0%) 
disp_verts               0/0               0/0        ( 0.0%) 
disp_tris                0/0               0/0        ( 0.0%) 
disp_multiblend          0/0               0/0        ( 0.0%) 
disp_lmsamples           0/0               0/0        ( 0.0%) 
faces                   32/65536        1792/3670016  ( 0.0%) 
hdr faces               32/65536        1792/3670016  ( 0.0%) 
origfaces               12/65536         672/3670016  ( 0.0%) 
leaves                  45/65536        1440/2097152  ( 0.1%) 
leaffaces               52/65536         104/131072   ( 0.1%) 
leafbrushes             20/65536          40/131072   ( 0.0%) 
areas                    2/256            16/2048     ( 0.8%) 
surfedges              176/512000        704/2048000  ( 0.0%) 
edges                  101/256000        404/1024000  ( 0.0%) 
LDR worldlights          0/8192            0/819200   ( 0.0%) 
HDR worldlights          2/8192          200/819200   ( 0.0%) 
leafwaterdata            0/32768           0/393216   ( 0.0%) 
waterstrips              0/32768           0/327680   ( 0.0%) 
waterverts               0/65536           0/786432   ( 0.0%) 
waterindices             0/65536           0/131072   ( 0.0%) 
cubemapsamples           0/1024            0/16384    ( 0.0%) 
overlays                 0/512             0/180224   ( 0.0%) 
LDR lightdata         [variable]           0/0        ( 0.0%) 
HDR lightdata         [variable]       28832/0        ( 0.0%) 
visdata               [variable]         196/16777216 ( 0.0%) 
entdata               [variable]        6646/393216   ( 1.7%) 
LDR ambient table       45/65536         180/262144   ( 0.1%) 
HDR ambient table       45/65536         180/262144   ( 0.1%) 
LDR leaf ambient        45/65536        1260/1835008  ( 0.1%) 
HDR leaf ambient       245/65536        6860/1835008  ( 0.4%) 
occluders                0/0               0/0        ( 0.0%) 
occluder polygons        0/0               0/0        ( 0.0%) 
occluder vert ind        0/0               0/0        ( 0.0%) 
Prop Hull Verts          0/0               0/0        ( 0.0%) 
Prop Hull Blob           0/0               0/0        ( 0.0%) 
Prop Hull Lists          0/0               0/0        ( 0.0%) 
Prop Hulls               0/0               0/0        ( 0.0%) 
Prop Hull trilist        0/0               0/0        ( 0.0%) 
detail props          [variable]           1/12       ( 8.3%) 
static props          [variable]           1/12       ( 8.3%) 
pakfile               [variable]       74458/0        ( 0.0%) 
physics               [variable]        2695/4194304  ( 0.1%) 
physics terrain       [variable]           2/1048576  ( 0.0%) 

Level flags = 2

Total triangle count: 64
Writing d:\projects\aperture-camera\content\mapsrc\my_name_is_soli.bsp
1 second elapsed



materialPath: D:\Projects\aperture-camera\game\valve\materials
Loading d:\projects\aperture-camera\content\mapsrc\my_name_is_soli.vmf
Could not locate GameData file portalretract_part2.fgd
fixing up env_cubemap materials on brush sides...
0...1...2...3...4...5...6...7...8...9...100...1...2...3...4...5...6...7...8...9...10Processing areas...done (0)
Building Faces...done (0)
FixTjuncs...
PruneNodes...
WriteBSP...
done (0)
writing d:\projects\aperture-camera\content\mapsrc\my_name_is_soli.prt...Building visibility clusters...
done (0)
Finding displacement neighbors...
Finding lightmap sample positions...
Displacement Alpha : 0...1...2...3...4...5...6...7...8...9...10
Building Physics collision data...
done (0) (2695 bytes)
Placing detail props : 0...1...2...3...4...5...6...7...8...9...10
Compacting texture/material tables...
Reduced 6 texinfos to 4
Reduced 2 texdatas to 2 (44 bytes to 44)
Writing d:\projects\aperture-camera\content\mapsrc\my_name_is_soli.bsp
0 seconds elapsed



12 threads
reading d:\projects\aperture-camera\content\mapsrc\my_name_is_soli.bsp
reading d:\projects\aperture-camera\content\mapsrc\my_name_is_soli.prt
  16 portalclusters
  32 numportals
0...1...2...3...4...5...6...7...8...9...100...1...2...3...4...5...6...7...8...9...10Optimized: 0 visible clusters (0.00%)
Total clusters visible: 224
Average clusters visible: 14
Building PAS...
Average clusters audible: 16
visdatasize:196  compressed from 256
writing d:\projects\aperture-camera\content\mapsrc\my_name_is_soli.bsp
0 seconds elapsed



[Reading texlights from 'lights.rad']
[53 texlights parsed from 'lights.rad']

Loading d:\projects\aperture-camera\content\mapsrc\my_name_is_soli.bsp
32 faces
61262 square feet [8821760.00 square inches]
0 Displacements
0 Square Feet [0.00 Square Inches]
32 patches before subdivision
1152 patches after subdivision
2 direct lights
0...1...2...3...4...5...6...7...8...9...100...1...2...3...4...5...6...7...8...9...10transfers 869, max 88
transfer lists:   0.0 megs
0...1...2...3...4...5...6...7...8...9...10	Bounce #1 added RGB(0, 0, 0)
Build Patch/Sample Hash Table(s).....Done<0.0004 sec>
0...1...2...3...4...5...6...7...8...9...10FinalLightFace Done
0 of 0 (0% of) surface lights went in leaf ambient cubes.
0...1...2...3...4...5...6...7...8...9...10Writing leaf ambient...done
Ready to Finish

Object names       Objects/Maxobjs  Memory / Maxmem  Fullness 
------------       ---------------  ---------------  -------- 
models                   1/1024           48/49152    ( 0.1%) 
brushes                  7/8192           84/98304    ( 0.1%) 
brushsides              42/65536         336/524288   ( 0.1%) 
planes                  52/65536        1040/1310720  ( 0.1%) 
vertexes                53/65536         636/786432   ( 0.1%) 
nodes                   43/65536        1376/2097152  ( 0.1%) 
texinfos                 4/12288         288/884736   ( 0.0%) 
texdata                  2/2048           64/65536    ( 0.1%) 
dispinfos                0/0               0/0        ( 0.0%) 
disp_verts               0/0               0/0        ( 0.0%) 
disp_tris                0/0               0/0        ( 0.0%) 
disp_multiblend          0/0               0/0        ( 0.0%) 
disp_lmsamples           0/0               0/0        ( 0.0%) 
faces                   32/65536        1792/3670016  ( 0.0%) 
hdr faces               32/65536        1792/3670016  ( 0.0%) 
origfaces               12/65536         672/3670016  ( 0.0%) 
leaves                  45/65536        1440/2097152  ( 0.1%) 
leaffaces               52/65536         104/131072   ( 0.1%) 
leafbrushes             20/65536          40/131072   ( 0.0%) 
areas                    2/256            16/2048     ( 0.8%) 
surfedges              176/512000        704/2048000  ( 0.0%) 
edges                  101/256000        404/1024000  ( 0.0%) 
LDR worldlights          0/8192            0/819200   ( 0.0%) 
HDR worldlights          2/8192          200/819200   ( 0.0%) 
leafwaterdata            0/32768           0/393216   ( 0.0%) 
waterstrips              0/32768           0/327680   ( 0.0%) 
waterverts               0/65536           0/786432   ( 0.0%) 
waterindices             0/65536           0/131072   ( 0.0%) 
cubemapsamples           0/1024            0/16384    ( 0.0%) 
overlays                 0/512             0/180224   ( 0.0%) 
LDR lightdata         [variable]           0/0        ( 0.0%) 
HDR lightdata         [variable]       28832/0        ( 0.0%) 
visdata               [variable]         196/16777216 ( 0.0%) 
entdata               [variable]        3247/393216   ( 0.8%) 
LDR ambient table       45/65536         180/262144   ( 0.1%) 
HDR ambient table       45/65536         180/262144   ( 0.1%) 
LDR leaf ambient        45/65536        1260/1835008  ( 0.1%) 
HDR leaf ambient       245/65536        6860/1835008  ( 0.4%) 
occluders                0/0               0/0        ( 0.0%) 
occluder polygons        0/0               0/0        ( 0.0%) 
occluder vert ind        0/0               0/0        ( 0.0%) 
Prop Hull Verts          0/0               0/0        ( 0.0%) 
Prop Hull Blob           0/0               0/0        ( 0.0%) 
Prop Hull Lists          0/0               0/0        ( 0.0%) 
Prop Hulls               0/0               0/0        ( 0.0%) 
Prop Hull trilist        0/0               0/0        ( 0.0%) 
detail props          [variable]           1/12       ( 8.3%) 
static props          [variable]           1/12       ( 8.3%) 
pakfile               [variable]       74458/0        ( 0.0%) 
physics               [variable]        2695/4194304  ( 0.1%) 
physics terrain       [variable]           2/1048576  ( 0.0%) 

Level flags = 2

Total triangle count: 64
Writing d:\projects\aperture-camera\content\mapsrc\my_name_is_soli.bsp
1 second elapsed



materialPath: D:\Projects\aperture-camera\game\valve\materials
Loading d:\projects\aperture-camera\content\mapsrc\my_name_is_soli.vmf
Could not locate GameData file portalretract_part2.fgd
fixing up env_cubemap materials on brush sides...
0...1...2...3...4...5...6...7...8...9...100...1...2...3...4...5...6...7...8...9...10Processing areas...done (0)
Building Faces...done (0)
FixTjuncs...
PruneNodes...
WriteBSP...
done (0)
writing d:\projects\aperture-camera\content\mapsrc\my_name_is_soli.prt...Building visibility clusters...
done (0)
Finding displacement neighbors...
Finding lightmap sample positions...
Displacement Alpha : 0...1...2...3...4...5...6...7...8...9...10
Building Physics collision data...
done (0) (2695 bytes)
Placing detail props : 0...1...2...3...4...5...6...7...8...9...10
Compacting texture/material tables...
Reduced 6 texinfos to 4
Reduced 2 texdatas to 2 (44 bytes to 44)
Writing d:\projects\aperture-camera\content\mapsrc\my_name_is_soli.bsp
0 seconds elapsed



12 threads
reading d:\projects\aperture-camera\content\mapsrc\my_name_is_soli.bsp
reading d:\projects\aperture-camera\content\mapsrc\my_name_is_soli.prt
  16 portalclusters
  32 numportals
0...1...2...3...4...5...6...7...8...9...100...1...2...3...4...5...6...7...8...9...10Optimized: 0 visible clusters (0.00%)
Total clusters visible: 224
Average clusters visible: 14
Building PAS...
Average clusters audible: 16
visdatasize:196  compressed from 256
writing d:\projects\aperture-camera\content\mapsrc\my_name_is_soli.bsp
0 seconds elapsed



[Reading texlights from 'lights.rad']
[53 texlights parsed from 'lights.rad']

Loading d:\projects\aperture-camera\content\mapsrc\my_name_is_soli.bsp
32 faces
61262 square feet [8821760.00 square inches]
0 Displacements
0 Square Feet [0.00 Square Inches]
32 patches before subdivision
1152 patches after subdivision
2 direct lights
0...1...2...3...4...5...6...7...8...9...100...1...2...3...4...5...6...7...8...9...10transfers 869, max 88
transfer lists:   0.0 megs
0...1...2...3...4...5...6...7...8...9...10	Bounce #1 added RGB(0, 0, 0)
Build Patch/Sample Hash Table(s).....Done<0.0004 sec>
0...1...2...3...4...5...6...7...8...9...10FinalLightFace Done
0 of 0 (0% of) surface lights went in leaf ambient cubes.
0...1...2...3...4...5...6...7...8...9...10Writing leaf ambient...done
Ready to Finish

Object names       Objects/Maxobjs  Memory / Maxmem  Fullness 
------------       ---------------  ---------------  -------- 
models                   1/1024           48/49152    ( 0.1%) 
brushes                  7/8192           84/98304    ( 0.1%) 
brushsides              42/65536         336/524288   ( 0.1%) 
planes                  52/65536        1040/1310720  ( 0.1%) 
vertexes                53/65536         636/786432   ( 0.1%) 
nodes                   43/65536        1376/2097152  ( 0.1%) 
texinfos                 4/12288         288/884736   ( 0.0%) 
texdata                  2/2048           64/65536    ( 0.1%) 
dispinfos                0/0               0/0        ( 0.0%) 
disp_verts               0/0               0/0        ( 0.0%) 
disp_tris                0/0               0/0        ( 0.0%) 
disp_multiblend          0/0               0/0        ( 0.0%) 
disp_lmsamples           0/0               0/0        ( 0.0%) 
faces                   32/65536        1792/3670016  ( 0.0%) 
hdr faces               32/65536        1792/3670016  ( 0.0%) 
origfaces               12/65536         672/3670016  ( 0.0%) 
leaves                  45/65536        1440/2097152  ( 0.1%) 
leaffaces               52/65536         104/131072   ( 0.1%) 
leafbrushes             20/65536          40/131072   ( 0.0%) 
areas                    2/256            16/2048     ( 0.8%) 
surfedges              176/512000        704/2048000  ( 0.0%) 
edges                  101/256000        404/1024000  ( 0.0%) 
LDR worldlights          0/8192            0/819200   ( 0.0%) 
HDR worldlights          2/8192          200/819200   ( 0.0%) 
leafwaterdata            0/32768           0/393216   ( 0.0%) 
waterstrips              0/32768           0/327680   ( 0.0%) 
waterverts               0/65536           0/786432   ( 0.0%) 
waterindices             0/65536           0/131072   ( 0.0%) 
cubemapsamples           0/1024            0/16384    ( 0.0%) 
overlays                 0/512             0/180224   ( 0.0%) 
LDR lightdata         [variable]           0/0        ( 0.0%) 
HDR lightdata         [variable]       28832/0        ( 0.0%) 
visdata               [variable]         196/16777216 ( 0.0%) 
entdata               [variable]        3247/393216   ( 0.8%) 
LDR ambient table       45/65536         180/262144   ( 0.1%) 
HDR ambient table       45/65536         180/262144   ( 0.1%) 
LDR leaf ambient        45/65536        1260/1835008  ( 0.1%) 
HDR leaf ambient       245/65536        6860/1835008  ( 0.4%) 
occluders                0/0               0/0        ( 0.0%) 
occluder polygons        0/0               0/0        ( 0.0%) 
occluder vert ind        0/0               0/0        ( 0.0%) 
Prop Hull Verts          0/0               0/0        ( 0.0%) 
Prop Hull Blob           0/0               0/0        ( 0.0%) 
Prop Hull Lists          0/0               0/0        ( 0.0%) 
Prop Hulls               0/0               0/0        ( 0.0%) 
Prop Hull trilist        0/0               0/0        ( 0.0%) 
detail props          [variable]           1/12       ( 8.3%) 
static props          [variable]           1/12       ( 8.3%) 
pakfile               [variable]       74458/0        ( 0.0%) 
physics               [variable]        2695/4194304  ( 0.1%) 
physics terrain       [variable]           2/1048576  ( 0.0%) 

Level flags = 2

Total triangle count: 64
Writing d:\projects\aperture-camera\content\mapsrc\my_name_is_soli.bsp
1 second elapsed



materialPath: C:\SourceCode\aperture-camera\game\valve\materials
Loading c:\sourcecode\aperture-camera\content\mapsrc\my_name_is_soli.vmf
Could not locate GameData file portalretract_part2.fgd
fixing up env_cubemap materials on brush sides...
0...1...2...3...4...5...6...7...8...9...100...1...2...3...4...5...6...7...8...9...10Processing areas...done (0)
Building Faces...done (0)
FixTjuncs...
PruneNodes...
WriteBSP...
done (0)
writing c:\sourcecode\aperture-camera\content\mapsrc\my_name_is_soli.prt...Building visibility clusters...
done (0)
Finding displacement neighbors...
Finding lightmap sample positions...
Displacement Alpha : 0...1...2...3...4...5...6...7...8...9...10
Building Physics collision data...
done (0) (3087 bytes)
Placing detail props : 0...1...2...3...4...5...6...7...8...9...10
Compacting texture/material tables...
Reduced 9 texinfos to 7
Reduced 3 texdatas to 3 (79 bytes to 79)
Writing c:\sourcecode\aperture-camera\content\mapsrc\my_name_is_soli.bsp
0 seconds elapsed



8 threads
reading c:\sourcecode\aperture-camera\content\mapsrc\my_name_is_soli.bsp
reading c:\sourcecode\aperture-camera\content\mapsrc\my_name_is_soli.prt
  24 portalclusters
  57 numportals
0...1...2...3...4...5...6...7...8...9...100...1...2...3...4...5...6...7...8...9...10Optimized: 0 visible clusters (0.00%)
Total clusters visible: 504
Average clusters visible: 21
Building PAS...
Average clusters audible: 24
visdatasize:340  compressed from 384
writing c:\sourcecode\aperture-camera\content\mapsrc\my_name_is_soli.bsp
0 seconds elapsed



[Reading texlights from 'lights.rad']
[53 texlights parsed from 'lights.rad']

Loading c:\sourcecode\aperture-camera\content\mapsrc\my_name_is_soli.bsp
42 faces
61754 square feet [8892672.00 square inches]
0 Displacements
0 Square Feet [0.00 Square Inches]
42 patches before subdivision
1210 patches after subdivision
2 direct lights
0...1...2...3...4...5...6...7...8...9...100...1...2...3...4...5...6...7...8...9...10transfers 4601, max 130
transfer lists:   0.0 megs
0...1...2...3...4...5...6...7...8...9...10	Bounce #1 added RGB(363, 280, 328)
0...1...2...3...4...5...6...7...8...9...10	Bounce #2 added RGB(23, 18, 21)
0...1...2...3...4...5...6...7...8...9...10	Bounce #3 added RGB(1, 1, 1)
0...1...2...3...4...5...6...7...8...9...10	Bounce #4 added RGB(0, 0, 0)
Build Patch/Sample Hash Table(s).....Done<0.0003 sec>
0...1...2...3...4...5...6...7...8...9...10FinalLightFace Done
0 of 0 (0% of) surface lights went in leaf ambient cubes.
0...1...2...3...4...5...6...7...8...9...10Writing leaf ambient...done
Ready to Finish

Object names       Objects/Maxobjs  Memory / Maxmem  Fullness 
------------       ---------------  ---------------  -------- 
models                   1/1024           48/49152    ( 0.1%) 
brushes                  8/8192           96/98304    ( 0.1%) 
brushsides              48/65536         384/524288   ( 0.1%) 
planes                  64/65536        1280/1310720  ( 0.1%) 
vertexes                65/65536         780/786432   ( 0.1%) 
nodes                   53/65536        1696/2097152  ( 0.1%) 
texinfos                 7/12288         504/884736   ( 0.1%) 
texdata                  3/2048           96/65536    ( 0.1%) 
dispinfos                0/0               0/0        ( 0.0%) 
disp_verts               0/0               0/0        ( 0.0%) 
disp_tris                0/0               0/0        ( 0.0%) 
disp_multiblend          0/0               0/0        ( 0.0%) 
disp_lmsamples           0/0               0/0        ( 0.0%) 
faces                   42/65536        2352/3670016  ( 0.1%) 
hdr faces               42/65536        2352/3670016  ( 0.1%) 
origfaces               18/65536        1008/3670016  ( 0.0%) 
leaves                  55/65536        1760/2097152  ( 0.1%) 
leaffaces               76/65536         152/131072   ( 0.1%) 
leafbrushes             22/65536          44/131072   ( 0.0%) 
areas                    2/256            16/2048     ( 0.8%) 
surfedges              240/512000        960/2048000  ( 0.0%) 
edges                  133/256000        532/1024000  ( 0.1%) 
LDR worldlights          0/8192            0/819200   ( 0.0%) 
HDR worldlights          2/8192          200/819200   ( 0.0%) 
leafwaterdata            0/32768           0/393216   ( 0.0%) 
waterstrips              0/32768           0/327680   ( 0.0%) 
waterverts               0/65536           0/786432   ( 0.0%) 
waterindices             0/65536           0/131072   ( 0.0%) 
cubemapsamples           0/1024            0/16384    ( 0.0%) 
overlays                 0/512             0/180224   ( 0.0%) 
LDR lightdata         [variable]           0/0        ( 0.0%) 
HDR lightdata         [variable]       35464/0        ( 0.0%) 
visdata               [variable]         340/16777216 ( 0.0%) 
entdata               [variable]        3933/393216   ( 1.0%) 
LDR ambient table       55/65536         220/262144   ( 0.1%) 
HDR ambient table       55/65536         220/262144   ( 0.1%) 
LDR leaf ambient        55/65536        1540/1835008  ( 0.1%) 
HDR leaf ambient       301/65536        8428/1835008  ( 0.5%) 
occluders                0/0               0/0        ( 0.0%) 
occluder polygons        0/0               0/0        ( 0.0%) 
occluder vert ind        0/0               0/0        ( 0.0%) 
Prop Hull Verts          0/0               0/0        ( 0.0%) 
Prop Hull Blob           0/0               0/0        ( 0.0%) 
Prop Hull Lists          0/0               0/0        ( 0.0%) 
Prop Hulls               0/0               0/0        ( 0.0%) 
Prop Hull trilist        0/0               0/0        ( 0.0%) 
detail props          [variable]           1/12       ( 8.3%) 
static props          [variable]           1/12       ( 8.3%) 
pakfile               [variable]       74458/0        ( 0.0%) 
physics               [variable]        3087/4194304  ( 0.1%) 
physics terrain       [variable]           2/1048576  ( 0.0%) 

Level flags = 0

Total triangle count: 84
Writing c:\sourcecode\aperture-camera\content\mapsrc\my_name_is_soli.bsp
0 seconds elapsed



materialPath: C:\SourceCode\aperture-camera\game\valve\materials
Loading c:\sourcecode\aperture-camera\content\mapsrc\my_name_is_soli.vmf
Could not locate GameData file portalretract_part2.fgd
fixing up env_cubemap materials on brush sides...
0...1...2...3...4...5...6...7...8...9...100...1...2...3...4...5...6...7...8...9...10Processing areas...done (0)
Building Faces...done (0)
FixTjuncs...
PruneNodes...
WriteBSP...
done (0)
writing c:\sourcecode\aperture-camera\content\mapsrc\my_name_is_soli.prt...Building visibility clusters...
done (0)
Finding displacement neighbors...
Finding lightmap sample positions...
Displacement Alpha : 0...1...2...3...4...5...6...7...8...9...10
Building Physics collision data...
done (0) (3087 bytes)
Placing detail props : 0...1...2...3...4...5...6...7...8...9...10
Compacting texture/material tables...
Reduced 9 texinfos to 7
Reduced 3 texdatas to 3 (79 bytes to 79)
Writing c:\sourcecode\aperture-camera\content\mapsrc\my_name_is_soli.bsp
0 seconds elapsed



8 threads
reading c:\sourcecode\aperture-camera\content\mapsrc\my_name_is_soli.bsp
reading c:\sourcecode\aperture-camera\content\mapsrc\my_name_is_soli.prt
  24 portalclusters
  57 numportals
0...1...2...3...4...5...6...7...8...9...100...1...2...3...4...5...6...7...8...9...10Optimized: 0 visible clusters (0.00%)
Total clusters visible: 504
Average clusters visible: 21
Building PAS...
Average clusters audible: 24
visdatasize:340  compressed from 384
writing c:\sourcecode\aperture-camera\content\mapsrc\my_name_is_soli.bsp
0 seconds elapsed



[Reading texlights from 'lights.rad']
[53 texlights parsed from 'lights.rad']

Loading c:\sourcecode\aperture-camera\content\mapsrc\my_name_is_soli.bsp
42 faces
61754 square feet [8892672.00 square inches]
0 Displacements
0 Square Feet [0.00 Square Inches]
42 patches before subdivision
1210 patches after subdivision
2 direct lights
0...1...2...3...4...5...6...7...8...9...100...1...2...3...4...5...6...7...8...9...10transfers 4601, max 130
transfer lists:   0.0 megs
0...1...2...3...4...5...6...7...8...9...10	Bounce #1 added RGB(363, 280, 328)
0...1...2...3...4...5...6...7...8...9...10	Bounce #2 added RGB(23, 18, 21)
0...1...2...3...4...5...6...7...8...9...10	Bounce #3 added RGB(1, 1, 1)
0...1...2...3...4...5...6...7...8...9...10	Bounce #4 added RGB(0, 0, 0)
Build Patch/Sample Hash Table(s).....Done<0.0003 sec>
0...1...2...3...4...5...6...7...8...9...10FinalLightFace Done
0 of 0 (0% of) surface lights went in leaf ambient cubes.
0...1...2...3...4...5...6...7...8...9...10Writing leaf ambient...done
Ready to Finish

Object names       Objects/Maxobjs  Memory / Maxmem  Fullness 
------------       ---------------  ---------------  -------- 
models                   1/1024           48/49152    ( 0.1%) 
brushes                  8/8192           96/98304    ( 0.1%) 
brushsides              48/65536         384/524288   ( 0.1%) 
planes                  64/65536        1280/1310720  ( 0.1%) 
vertexes                65/65536         780/786432   ( 0.1%) 
nodes                   53/65536        1696/2097152  ( 0.1%) 
texinfos                 7/12288         504/884736   ( 0.1%) 
texdata                  3/2048           96/65536    ( 0.1%) 
dispinfos                0/0               0/0        ( 0.0%) 
disp_verts               0/0               0/0        ( 0.0%) 
disp_tris                0/0               0/0        ( 0.0%) 
disp_multiblend          0/0               0/0        ( 0.0%) 
disp_lmsamples           0/0               0/0        ( 0.0%) 
faces                   42/65536        2352/3670016  ( 0.1%) 
hdr faces               42/65536        2352/3670016  ( 0.1%) 
origfaces               18/65536        1008/3670016  ( 0.0%) 
leaves                  55/65536        1760/2097152  ( 0.1%) 
leaffaces               76/65536         152/131072   ( 0.1%) 
leafbrushes             22/65536          44/131072   ( 0.0%) 
areas                    2/256            16/2048     ( 0.8%) 
surfedges              240/512000        960/2048000  ( 0.0%) 
edges                  133/256000        532/1024000  ( 0.1%) 
LDR worldlights          0/8192            0/819200   ( 0.0%) 
HDR worldlights          2/8192          200/819200   ( 0.0%) 
leafwaterdata            0/32768           0/393216   ( 0.0%) 
waterstrips              0/32768           0/327680   ( 0.0%) 
waterverts               0/65536           0/786432   ( 0.0%) 
waterindices             0/65536           0/131072   ( 0.0%) 
cubemapsamples           0/1024            0/16384    ( 0.0%) 
overlays                 0/512             0/180224   ( 0.0%) 
LDR lightdata         [variable]           0/0        ( 0.0%) 
HDR lightdata         [variable]       35464/0        ( 0.0%) 
visdata               [variable]         340/16777216 ( 0.0%) 
entdata               [variable]        4067/393216   ( 1.0%) 
LDR ambient table       55/65536         220/262144   ( 0.1%) 
HDR ambient table       55/65536         220/262144   ( 0.1%) 
LDR leaf ambient        55/65536        1540/1835008  ( 0.1%) 
HDR leaf ambient       301/65536        8428/1835008  ( 0.5%) 
occluders                0/0               0/0        ( 0.0%) 
occluder polygons        0/0               0/0        ( 0.0%) 
occluder vert ind        0/0               0/0        ( 0.0%) 
Prop Hull Verts          0/0               0/0        ( 0.0%) 
Prop Hull Blob           0/0               0/0        ( 0.0%) 
Prop Hull Lists          0/0               0/0        ( 0.0%) 
Prop Hulls               0/0               0/0        ( 0.0%) 
Prop Hull trilist        0/0               0/0        ( 0.0%) 
detail props          [variable]           1/12       ( 8.3%) 
static props          [variable]           1/12       ( 8.3%) 
pakfile               [variable]       74458/0        ( 0.0%) 
physics               [variable]        3087/4194304  ( 0.1%) 
physics terrain       [variable]           2/1048576  ( 0.0%) 

Level flags = 0

Total triangle count: 84
Writing c:\sourcecode\aperture-camera\content\mapsrc\my_name_is_soli.bsp
0 seconds elapsed
